record timestamp,client timestamp,button,state,x,y
0.074,0.074,NoButton,Move,732,714
0.086,0.086,NoButton,Move,733,713
0.101,0.101,NoButton,Move,739,707
0.118,0.118,NoButton,Move,761,686
0.136,0.136,NoButton,Move,787,660
0.153,0.153,NoButton,Move,817,631
0.17,0.17,NoButton,Move,853,594
0.186,0.186,NoButton,Move,883,564
0.204,0.204,NoButton,Move,909,533
0.22,0.22,NoButton,Move,928,505
0.237,0.237,NoButton,Move,948,471
0.253,0.253,NoButton,Move,959,449
0.27,0.27,NoButton,Move,965,436
0.287,0.287,NoButton,Move,967,429
0.304,0.304,NoButton,Move,967,426
0.321,0.321,NoButton,Move,965,425
0.337,0.337,NoButton,Move,963,425
0.355,0.355,NoButton,Move,960,424
0.371,0.371,NoButton,Move,957,425
0.388,0.388,NoButton,Move,950,428
0.404,0.404,NoButton,Move,940,434
0.421,0.421,NoButton,Move,918,445
0.437,0.437,NoButton,Move,880,460
0.455,0.455,NoButton,Move,835,476
0.471,0.471,NoButton,Move,792,489
0.488,0.488,NoButton,Move,757,497
0.505,0.505,NoButton,Move,741,499
0.521,0.521,NoButton,Move,735,499
0.538,0.538,NoButton,Move,735,499
0.555,0.555,NoButton,Move,735,498
0.572,0.572,NoButton,Move,742,489
0.588,0.588,NoButton,Move,753,478
0.605,0.605,NoButton,Move,765,467
0.623,0.623,NoButton,Move,776,456
0.639,0.639,NoButton,Move,790,444
0.656,0.656,NoButton,Move,806,431
0.673,0.673,NoButton,Move,828,412
0.689,0.689,NoButton,Move,846,397
0.706,0.706,NoButton,Move,865,384
0.722,0.722,NoButton,Move,882,373
0.739,0.739,NoButton,Move,899,365
0.756,0.756,NoButton,Move,915,360
0.773,0.773,NoButton,Move,922,358
0.789,0.789,NoButton,Move,924,357
0.902,0.902,NoButton,Move,925,357
0.906,0.906,NoButton,Move,925,357
0.924,0.924,NoButton,Move,926,356
0.939,0.939,NoButton,Move,926,356
0.97,0.97,NoButton,Move,926,356
1.01,1.01,NoButton,Move,927,356
1.014,1.014,NoButton,Move,927,356
1.024,1.024,NoButton,Move,928,355
1.04,1.04,NoButton,Move,931,355
1.057,1.057,NoButton,Move,935,354
1.073,1.073,NoButton,Move,942,352
1.09,1.09,NoButton,Move,954,349
1.107,1.107,NoButton,Move,965,346
1.124,1.124,NoButton,Move,975,343
1.14,1.14,NoButton,Move,984,340
1.157,1.157,NoButton,Move,988,338
1.174,1.174,NoButton,Move,989,337
1.278,1.278,NoButton,Move,989,337
1.31,1.31,NoButton,Move,989,337
1.338,1.338,NoButton,Move,988,337
1.342,1.342,NoButton,Move,988,337
1.357,1.357,NoButton,Move,987,337
1.374,1.374,NoButton,Move,985,337
1.391,1.391,NoButton,Move,981,337
1.407,1.407,NoButton,Move,978,337
1.424,1.424,NoButton,Move,975,337
1.448,1.448,NoButton,Move,975,337
1.509,1.509,Left,Pressed,975,337
1.596,1.596,NoButton,Drag,975,337
1.6,1.6,NoButton,Drag,975,337
1.604,1.604,NoButton,Drag,975,336
1.608,1.608,NoButton,Drag,974,336
1.612,1.612,Left,Released,974,336
1.613,1.613,NoButton,Move,974,336
1.732,1.732,NoButton,Move,974,336
1.74,1.74,NoButton,Move,974,336
1.748,1.748,NoButton,Move,974,336
1.76,1.76,NoButton,Move,973,336
1.777,1.777,NoButton,Move,972,337
1.793,1.793,NoButton,Move,971,339
1.811,1.811,NoButton,Move,968,341
1.827,1.827,NoButton,Move,964,343
1.844,1.844,NoButton,Move,957,347
1.86,1.86,NoButton,Move,947,351
1.877,1.877,NoButton,Move,934,354
1.893,1.893,NoButton,Move,916,357
1.911,1.911,NoButton,Move,894,357
1.927,1.927,NoButton,Move,863,357
1.948,1.948,NoButton,Move,791,350
1.965,1.965,NoButton,Move,737,337
1.981,1.981,NoButton,Move,685,320
1.998,1.998,NoButton,Move,618,293
2.014,2.014,NoButton,Move,571,272
2.031,2.031,NoButton,Move,534,252
2.049,2.049,NoButton,Move,509,234
2.065,2.065,NoButton,Move,495,221
2.082,2.082,NoButton,Move,486,209
2.098,2.098,NoButton,Move,482,202
2.115,2.115,NoButton,Move,479,196
2.133,2.133,NoButton,Move,477,193
2.15,2.15,NoButton,Move,473,191
2.166,2.166,NoButton,Move,465,186
2.182,2.182,NoButton,Move,457,182
2.199,2.199,NoButton,Move,448,179
2.218,2.218,NoButton,Move,436,176
2.234,2.234,NoButton,Move,428,174
2.251,2.251,NoButton,Move,419,173
2.268,2.268,NoButton,Move,409,173
2.284,2.284,NoButton,Move,401,173
2.302,2.302,NoButton,Move,396,172
2.318,2.318,NoButton,Move,395,172
2.335,2.335,NoButton,Move,393,171
2.351,2.351,NoButton,Move,391,170
2.368,2.368,NoButton,Move,387,168
2.385,2.385,NoButton,Move,381,163
2.402,2.402,NoButton,Move,370,156
2.418,2.418,NoButton,Move,361,149
2.435,2.435,NoButton,Move,351,140
2.453,2.453,NoButton,Move,340,131
2.47,2.47,NoButton,Move,328,121
2.487,2.487,NoButton,Move,322,114
2.503,2.503,NoButton,Move,320,110
2.52,2.52,NoButton,Move,318,106
2.537,2.537,NoButton,Move,316,104
2.553,2.553,NoButton,Move,316,101
2.57,2.57,NoButton,Move,315,100
2.587,2.587,NoButton,Move,315,99
2.604,2.604,NoButton,Move,315,98
2.621,2.621,NoButton,Move,315,97
2.638,2.638,NoButton,Move,315,97
2.654,2.654,NoButton,Move,315,96
2.797,2.797,Left,Pressed,315,96
2.9,2.9,Left,Released,315,96
2.96,2.96,NoButton,Move,315,96
2.964,2.964,NoButton,Move,314,96
2.972,2.972,NoButton,Move,314,96
2.988,2.988,NoButton,Move,312,96
3.005,3.005,NoButton,Move,309,97
3.022,3.022,NoButton,Move,306,98
3.039,3.039,NoButton,Move,305,98
3.056,3.056,NoButton,Move,305,98
3.073,3.073,NoButton,Move,305,98
3.089,3.089,NoButton,Move,305,98
3.106,3.106,NoButton,Move,304,99
3.122,3.122,NoButton,Move,304,99
3.14,3.14,NoButton,Move,304,99
3.156,3.156,NoButton,Move,304,99
3.173,3.173,NoButton,Move,303,99
3.226,3.226,NoButton,Move,303,99
3.371,3.371,Left,Pressed,303,99
3.402,3.402,NoButton,Drag,303,98
3.479,3.479,Left,Released,303,98
3.582,3.582,NoButton,Move,303,98
3.586,3.586,NoButton,Move,303,99
3.59,3.59,NoButton,Move,304,99
3.608,3.608,NoButton,Move,304,100
3.624,3.624,NoButton,Move,305,104
3.641,3.641,NoButton,Move,307,108
3.658,3.658,NoButton,Move,312,117
3.674,3.674,NoButton,Move,320,124
3.691,3.691,NoButton,Move,331,134
3.707,3.707,NoButton,Move,347,148
3.724,3.724,NoButton,Move,372,169
3.74,3.74,NoButton,Move,403,191
3.757,3.757,NoButton,Move,450,219
3.775,3.775,NoButton,Move,511,248
3.791,3.791,NoButton,Move,581,276
3.808,3.808,NoButton,Move,669,302
3.824,3.824,NoButton,Move,738,318
3.842,3.842,NoButton,Move,805,329
3.858,3.858,NoButton,Move,861,337
3.875,3.875,NoButton,Move,901,342
3.892,3.892,NoButton,Move,934,346
3.908,3.908,NoButton,Move,950,346
3.925,3.925,NoButton,Move,960,346
3.942,3.942,NoButton,Move,966,346
3.959,3.959,NoButton,Move,969,346
3.977,3.977,NoButton,Move,974,344
3.993,3.993,NoButton,Move,978,343
4.009,4.009,NoButton,Move,982,341
4.026,4.026,NoButton,Move,985,340
4.043,4.043,NoButton,Move,987,338
4.06,4.06,NoButton,Move,988,337
4.077,4.077,NoButton,Move,989,335
4.093,4.093,NoButton,Move,992,332
4.11,4.11,NoButton,Move,996,328
4.127,4.127,NoButton,Move,999,323
4.143,4.143,NoButton,Move,1003,317
4.16,4.16,NoButton,Move,1005,309
4.177,4.177,NoButton,Move,1005,305
4.19,4.19,NoButton,Move,1005,303
4.208,4.208,NoButton,Move,1003,301
4.224,4.224,NoButton,Move,1000,299
4.241,4.241,NoButton,Move,997,297
4.258,4.258,NoButton,Move,993,296
4.274,4.274,NoButton,Move,990,295
4.292,4.292,NoButton,Move,987,295
4.308,4.308,NoButton,Move,983,295
4.325,4.325,NoButton,Move,981,295
4.342,4.342,NoButton,Move,978,295
4.359,4.359,NoButton,Move,978,295
4.376,4.376,NoButton,Move,978,295
4.455,4.455,Left,Pressed,978,295
4.558,4.558,NoButton,Drag,978,295
4.586,4.586,Left,Released,978,295
4.606,4.606,NoButton,Move,977,295
4.614,4.614,NoButton,Move,977,295
4.623,4.623,NoButton,Move,977,295
4.64,4.64,NoButton,Move,975,295
4.656,4.656,NoButton,Move,971,296
4.672,4.672,NoButton,Move,969,296
4.689,4.689,NoButton,Move,965,297
4.706,4.706,NoButton,Move,963,297
4.723,4.723,NoButton,Move,962,297
4.74,4.74,NoButton,Move,961,297
4.756,4.756,NoButton,Move,960,296
4.773,4.773,NoButton,Move,959,295
4.79,4.79,NoButton,Move,958,295
4.836,4.836,Left,Pressed,958,295
4.964,4.964,Left,Released,958,295
5.04,5.04,NoButton,Move,958,295
5.044,5.044,NoButton,Move,958,295
5.052,5.052,NoButton,Move,957,296
5.069,5.069,NoButton,Move,952,300
5.086,5.086,NoButton,Move,946,305
5.103,5.103,NoButton,Move,939,312
5.119,5.119,NoButton,Move,929,322
5.137,5.137,NoButton,Move,915,336
5.153,5.153,NoButton,Move,902,350
5.17,5.17,NoButton,Move,888,365
5.187,5.187,NoButton,Move,871,382
5.202,5.202,NoButton,Move,849,403
5.219,5.219,NoButton,Move,826,422
5.235,5.235,NoButton,Move,793,442
5.252,5.252,NoButton,Move,743,463
5.268,5.268,NoButton,Move,696,479
5.286,5.286,NoButton,Move,651,494
5.302,5.302,NoButton,Move,604,509
5.319,5.319,NoButton,Move,560,523
5.335,5.335,NoButton,Move,523,534
5.352,5.352,NoButton,Move,488,544
5.369,5.369,NoButton,Move,466,550
5.386,5.386,NoButton,Move,454,553
5.403,5.403,NoButton,Move,453,553
5.454,5.454,NoButton,Move,452,553
5.458,5.458,NoButton,Move,452,553
5.47,5.47,NoButton,Move,452,552
5.486,5.486,NoButton,Move,450,551
5.503,5.503,NoButton,Move,448,549
5.52,5.52,NoButton,Move,445,546
5.537,5.537,NoButton,Move,442,546
5.553,5.553,NoButton,Move,441,545
5.57,5.57,NoButton,Move,440,544
5.63,5.63,NoButton,Move,440,544
5.65,5.65,NoButton,Move,439,545
5.654,5.654,NoButton,Move,439,545
5.671,5.671,NoButton,Move,439,546
5.687,5.687,Left,Pressed,439,546
5.688,5.688,NoButton,Drag,438,547
5.689,5.689,NoButton,Drag,438,547
5.834,5.834,Left,Released,438,547
5.956,5.956,NoButton,Move,438,547
5.96,5.96,NoButton,Move,438,548
5.97,5.97,NoButton,Move,439,548
5.987,5.987,NoButton,Move,440,550
6.004,6.004,NoButton,Move,441,554
6.021,6.021,NoButton,Move,443,561
6.038,6.038,NoButton,Move,447,570
6.054,6.054,NoButton,Move,458,583
6.071,6.071,NoButton,Move,474,596
6.088,6.088,NoButton,Move,507,607
6.105,6.105,NoButton,Move,556,614
6.121,6.121,NoButton,Move,645,617
6.139,6.139,NoButton,Move,785,617
6.155,6.155,NoButton,Move,937,615
6.172,6.172,NoButton,Move,1091,611
6.188,6.188,NoButton,Move,1264,601
6.205,6.205,NoButton,Move,1358,587
6.222,6.222,NoButton,Move,1430,572
6.239,6.239,NoButton,Move,1439,559
6.255,6.255,NoButton,Move,1439,551
6.272,6.272,NoButton,Move,1439,546
6.289,6.289,NoButton,Move,1439,544
6.306,6.306,NoButton,Move,1439,542
6.322,6.322,NoButton,Move,1439,540
6.339,6.339,NoButton,Move,1439,536
6.356,6.356,NoButton,Move,1439,531
6.372,6.372,NoButton,Move,1439,526
6.389,6.389,NoButton,Move,1439,520
6.405,6.405,NoButton,Move,1439,513
6.423,6.423,NoButton,Move,1439,505
6.439,6.439,NoButton,Move,1438,497
6.458,6.458,NoButton,Move,1435,486
6.474,6.474,NoButton,Move,1431,478
6.491,6.491,NoButton,Move,1427,473
6.507,6.507,NoButton,Move,1426,471
6.525,6.525,NoButton,Move,1425,470
6.541,6.541,NoButton,Move,1425,470
6.558,6.558,NoButton,Move,1425,469
6.574,6.574,NoButton,Move,1423,468
6.591,6.591,NoButton,Move,1421,468
6.608,6.608,NoButton,Move,1419,468
6.625,6.625,NoButton,Move,1416,467
6.641,6.641,NoButton,Move,1409,467
6.658,6.658,NoButton,Move,1397,467
6.674,6.674,NoButton,Move,1388,467
6.692,6.692,NoButton,Move,1379,466
6.708,6.708,NoButton,Move,1372,465
6.725,6.725,NoButton,Move,1367,463
6.742,6.742,NoButton,Move,1363,461
6.758,6.758,NoButton,Move,1359,458
6.775,6.775,NoButton,Move,1355,455
6.792,6.792,NoButton,Move,1350,451
6.809,6.809,NoButton,Move,1342,445
6.825,6.825,NoButton,Move,1333,439
6.842,6.842,NoButton,Move,1322,431
6.858,6.858,NoButton,Move,1315,426
6.875,6.875,NoButton,Move,1311,423
6.892,6.892,NoButton,Move,1309,420
6.909,6.909,NoButton,Move,1307,419
6.925,6.925,NoButton,Move,1305,418
6.942,6.942,NoButton,Move,1299,418
6.958,6.958,NoButton,Move,1295,418
6.976,6.976,NoButton,Move,1292,418
6.992,6.992,NoButton,Move,1292,418
7.081,7.081,Left,Pressed,1292,418
7.092,7.092,NoButton,Drag,1291,418
7.104,7.104,NoButton,Drag,1291,418
7.108,7.108,NoButton,Drag,1291,418
7.112,7.112,NoButton,Drag,1290,418
7.116,7.116,NoButton,Drag,1290,418
7.12,7.12,NoButton,Drag,1289,418
7.124,7.124,NoButton,Drag,1287,418
7.128,7.128,NoButton,Drag,1286,418
7.132,7.132,NoButton,Drag,1285,417
7.136,7.136,NoButton,Drag,1285,417
7.14,7.14,NoButton,Drag,1284,417
7.143,7.143,NoButton,Drag,1283,416
7.148,7.148,NoButton,Drag,1283,416
7.152,7.152,NoButton,Drag,1282,415
7.156,7.156,NoButton,Drag,1280,414
7.16,7.16,NoButton,Drag,1279,413
7.163,7.163,NoButton,Drag,1277,412
7.168,7.168,NoButton,Drag,1276,411
7.172,7.172,Left,Released,1276,411
7.173,7.173,NoButton,Move,1274,410
7.176,7.176,NoButton,Move,1272,408
7.192,7.192,NoButton,Move,1265,403
7.209,7.209,NoButton,Move,1259,398
7.225,7.225,NoButton,Move,1255,395
7.242,7.242,NoButton,Move,1253,393
7.259,7.259,NoButton,Move,1252,392
7.276,7.276,NoButton,Move,1251,392
7.321,7.321,Left,Pressed,1251,392
7.436,7.436,Left,Released,1251,392
7.472,7.472,NoButton,Move,1251,392
7.48,7.48,NoButton,Move,1251,392
7.484,7.484,NoButton,Move,1251,392
7.492,7.492,NoButton,Move,1250,392
7.509,7.509,NoButton,Move,1249,393
7.526,7.526,NoButton,Move,1246,397
7.543,7.543,NoButton,Move,1241,405
7.56,7.56,NoButton,Move,1231,419
7.576,7.576,NoButton,Move,1221,435
7.593,7.593,NoButton,Move,1207,454
7.61,7.61,NoButton,Move,1191,476
7.626,7.626,NoButton,Move,1173,498
7.644,7.644,NoButton,Move,1152,525
7.66,7.66,NoButton,Move,1130,551
7.677,7.677,NoButton,Move,1105,578
7.696,7.696,NoButton,Move,1070,613
7.712,7.712,NoButton,Move,1041,639
7.729,7.729,NoButton,Move,1009,664
7.746,7.746,NoButton,Move,969,694
7.762,7.762,NoButton,Move,925,720
7.78,7.78,NoButton,Move,877,747
7.797,7.797,NoButton,Move,831,771
7.813,7.813,NoButton,Move,790,792
7.829,7.829,NoButton,Move,755,809
7.846,7.846,NoButton,Move,723,826
7.863,7.863,NoButton,Move,703,837
7.881,7.881,NoButton,Move,687,844
7.897,7.897,NoButton,Move,678,849
7.913,7.913,NoButton,Move,675,851
7.938,7.938,NoButton,Move,674,851
7.949,7.949,NoButton,Move,673,851
7.965,7.965,NoButton,Move,671,850
7.982,7.982,NoButton,Move,665,847
7.999,7.999,NoButton,Move,661,845
8.016,8.016,NoButton,Move,658,843
8.032,8.032,NoButton,Move,655,842
8.049,8.049,NoButton,Move,654,842
8.066,8.066,NoButton,Move,653,842
8.083,8.083,NoButton,Move,652,842
8.099,8.099,NoButton,Move,651,842
8.116,8.116,NoButton,Move,649,843
8.133,8.133,NoButton,Move,647,843
8.15,8.15,NoButton,Move,646,843
8.166,8.166,NoButton,Move,645,843
8.183,8.183,NoButton,Move,644,844
8.201,8.201,NoButton,Move,643,845
8.217,8.217,NoButton,Move,643,845
8.234,8.234,NoButton,Move,648,843
8.25,8.25,NoButton,Move,657,842
8.267,8.267,NoButton,Move,672,841
8.284,8.284,NoButton,Move,699,845
8.301,8.301,NoButton,Move,727,853
8.317,8.317,NoButton,Move,758,866
8.334,8.334,NoButton,Move,785,882
8.352,8.352,NoButton,Move,812,899
8.368,8.368,NoButton,Move,841,899
8.384,8.384,NoButton,Move,858,899
8.401,8.401,NoButton,Move,871,899
8.418,8.418,NoButton,Move,879,899
8.434,8.434,NoButton,Move,886,899
8.451,8.451,NoButton,Move,894,899
8.468,8.468,NoButton,Move,904,899
8.484,8.484,NoButton,Move,905,899
8.501,8.501,NoButton,Move,899,899
8.519,8.519,NoButton,Move,886,899
8.534,8.534,NoButton,Move,870,899
8.551,8.551,NoButton,Move,856,899
8.568,8.568,NoButton,Move,838,899
8.585,8.585,NoButton,Move,823,899
8.602,8.602,NoButton,Move,808,899
8.619,8.619,NoButton,Move,795,899
8.636,8.636,NoButton,Move,780,892
8.652,8.652,NoButton,Move,769,882
8.669,8.669,NoButton,Move,756,867
8.686,8.686,NoButton,Move,744,850
8.702,8.702,NoButton,Move,733,831
8.719,8.719,NoButton,Move,726,809
8.735,8.735,NoButton,Move,719,785
8.752,8.752,NoButton,Move,711,758
8.769,8.769,NoButton,Move,707,742
8.786,8.786,NoButton,Move,702,728
8.802,8.802,NoButton,Move,697,718
8.819,8.819,NoButton,Move,694,712
8.836,8.836,NoButton,Move,693,711
8.853,8.853,NoButton,Move,693,711
8.869,8.869,NoButton,Move,693,711
8.886,8.886,NoButton,Move,693,710
8.903,8.903,NoButton,Move,692,710
8.92,8.92,NoButton,Move,692,710
8.937,8.937,NoButton,Move,692,711
8.953,8.953,NoButton,Move,691,713
8.969,8.969,NoButton,Move,690,715
8.986,8.986,NoButton,Move,686,722
9.003,9.003,NoButton,Move,681,729
9.02,9.02,NoButton,Move,675,738
9.036,9.036,NoButton,Move,664,749
9.053,9.053,NoButton,Move,649,763
9.07,9.07,NoButton,Move,627,780
9.087,9.087,NoButton,Move,603,799
9.103,9.103,NoButton,Move,578,819
9.121,9.121,NoButton,Move,549,845
9.137,9.137,NoButton,Move,519,873
9.154,9.154,NoButton,Move,484,899
9.17,9.17,NoButton,Move,443,899
9.187,9.187,NoButton,Move,403,899
9.203,9.203,NoButton,Move,363,899
9.219,9.219,NoButton,Move,331,899
9.237,9.237,NoButton,Move,304,899
9.253,9.253,NoButton,Move,286,899
9.27,9.27,NoButton,Move,275,899
9.286,9.286,NoButton,Move,273,899
9.303,9.303,NoButton,Move,274,899
9.32,9.32,NoButton,Move,275,899
9.336,9.336,NoButton,Move,276,899
9.354,9.354,NoButton,Move,277,899
9.37,9.37,NoButton,Move,279,899
9.387,9.387,NoButton,Move,282,899
9.404,9.404,NoButton,Move,285,899
9.42,9.42,NoButton,Move,289,896
9.437,9.437,NoButton,Move,295,892
9.454,9.454,NoButton,Move,302,886
9.47,9.47,NoButton,Move,309,880
9.487,9.487,NoButton,Move,315,874
9.504,9.504,NoButton,Move,322,866
9.52,9.52,NoButton,Move,327,861
9.538,9.538,NoButton,Move,332,856
9.554,9.554,NoButton,Move,337,851
9.571,9.571,NoButton,Move,341,848
9.588,9.588,NoButton,Move,346,844
9.604,9.604,NoButton,Move,350,841
9.62,9.62,NoButton,Move,356,839
9.637,9.637,NoButton,Move,363,837
9.655,9.655,NoButton,Move,370,836
9.671,9.671,NoButton,Move,375,836
9.688,9.688,NoButton,Move,382,836
9.704,9.704,NoButton,Move,387,838
9.721,9.721,NoButton,Move,395,843
9.738,9.738,NoButton,Move,406,848
9.754,9.754,NoButton,Move,418,852
9.771,9.771,NoButton,Move,431,855
9.787,9.787,NoButton,Move,445,859
9.804,9.804,NoButton,Move,460,863
9.821,9.821,NoButton,Move,468,865
9.838,9.838,NoButton,Move,472,866
9.86,9.86,NoButton,Move,472,866
9.871,9.871,NoButton,Move,473,866
9.888,9.888,NoButton,Move,473,868
9.904,9.904,NoButton,Move,473,869
9.922,9.922,NoButton,Move,474,870
9.938,9.938,NoButton,Move,475,870
9.954,9.954,NoButton,Move,476,870
9.971,9.971,NoButton,Move,478,870
9.988,9.988,NoButton,Move,479,869
10.004,10.004,NoButton,Move,483,866
10.021,10.021,NoButton,Move,488,862
10.038,10.038,NoButton,Move,495,857
10.054,10.054,NoButton,Move,502,852
10.071,10.071,NoButton,Move,509,848
10.087,10.087,NoButton,Move,515,845
10.105,10.105,NoButton,Move,519,843
10.122,10.122,NoButton,Move,520,843
10.282,10.282,NoButton,Move,520,843
10.295,10.295,Left,Pressed,520,843
10.295,10.295,NoButton,Drag,521,843
10.31,10.31,NoButton,Drag,521,843
10.414,10.414,Left,Released,521,843
10.458,10.458,NoButton,Move,521,843
10.47,10.47,NoButton,Move,521,842
10.474,10.474,NoButton,Move,521,842
10.487,10.487,NoButton,Move,522,841
10.504,10.504,NoButton,Move,523,838
10.521,10.521,NoButton,Move,527,833
10.538,10.538,NoButton,Move,536,821
10.555,10.555,NoButton,Move,550,808
10.571,10.571,NoButton,Move,566,793
10.588,10.588,NoButton,Move,585,774
10.605,10.605,NoButton,Move,602,759
10.622,10.622,NoButton,Move,617,744
10.639,10.639,NoButton,Move,634,726
10.655,10.655,NoButton,Move,654,707
10.672,10.672,NoButton,Move,687,682
10.688,10.688,NoButton,Move,712,667
10.706,10.706,NoButton,Move,735,658
10.722,10.722,NoButton,Move,752,654
10.739,10.739,NoButton,Move,763,655
10.756,10.756,NoButton,Move,771,660
10.772,10.772,NoButton,Move,775,670
10.79,10.79,NoButton,Move,777,683
10.806,10.806,NoButton,Move,777,702
10.823,10.823,NoButton,Move,777,720
10.839,10.839,NoButton,Move,777,736
10.856,10.856,NoButton,Move,778,754
10.873,10.873,NoButton,Move,781,766
10.89,10.89,NoButton,Move,783,777
10.906,10.906,NoButton,Move,784,786
10.923,10.923,NoButton,Move,782,794
10.94,10.94,NoButton,Move,776,802
10.957,10.957,NoButton,Move,771,810
10.974,10.974,NoButton,Move,766,816
10.992,10.992,NoButton,Move,758,825
11.008,11.008,NoButton,Move,752,831
11.025,11.025,NoButton,Move,747,835
11.042,11.042,NoButton,Move,744,837
11.059,11.059,NoButton,Move,741,838
11.075,11.075,NoButton,Move,740,837
11.092,11.092,NoButton,Move,740,836
11.108,11.108,NoButton,Move,739,835
11.126,11.126,NoButton,Move,739,834
11.142,11.142,NoButton,Move,739,833
11.154,11.154,NoButton,Move,739,833
11.159,11.159,Left,Pressed,739,833
11.17,11.17,NoButton,Drag,739,833
11.218,11.218,NoButton,Drag,739,833
11.222,11.222,NoButton,Drag,739,832
11.226,11.226,NoButton,Drag,739,832
11.23,11.23,NoButton,Drag,739,832
11.234,11.234,NoButton,Drag,739,832
11.238,11.238,NoButton,Drag,739,831
11.242,11.242,NoButton,Drag,739,831
11.246,11.246,NoButton,Drag,739,831
11.25,11.25,NoButton,Drag,739,831
11.254,11.254,NoButton,Drag,739,830
11.258,11.258,NoButton,Drag,739,830
11.262,11.262,NoButton,Drag,739,830
11.266,11.266,NoButton,Drag,739,829
11.27,11.27,Left,Released,739,829
11.271,11.271,NoButton,Move,739,829
11.277,11.277,NoButton,Move,739,829
11.293,11.293,NoButton,Move,740,827
11.309,11.309,NoButton,Move,742,825
11.325,11.325,NoButton,Move,744,822
11.342,11.342,NoButton,Move,747,817
11.36,11.36,NoButton,Move,749,814
11.375,11.375,NoButton,Move,753,810
11.392,11.392,NoButton,Move,758,806
11.409,11.409,NoButton,Move,765,800
11.426,11.426,NoButton,Move,776,791
11.443,11.443,NoButton,Move,785,785
11.459,11.459,NoButton,Move,793,778
11.475,11.475,NoButton,Move,800,769
11.492,11.492,NoButton,Move,808,759
11.509,11.509,NoButton,Move,817,746
11.525,11.525,NoButton,Move,829,729
11.542,11.542,NoButton,Move,847,704
11.56,11.56,NoButton,Move,866,681
11.577,11.577,NoButton,Move,885,655
11.593,11.593,NoButton,Move,905,626
11.609,11.609,NoButton,Move,925,595
11.626,11.626,NoButton,Move,950,550
11.643,11.643,NoButton,Move,968,513
11.659,11.659,NoButton,Move,984,477
11.676,11.676,NoButton,Move,996,441
11.693,11.693,NoButton,Move,1006,402
11.71,11.71,NoButton,Move,1013,375
11.727,11.727,NoButton,Move,1018,350
11.743,11.743,NoButton,Move,1020,327
11.76,11.76,NoButton,Move,1023,304
11.777,11.777,NoButton,Move,1026,289
11.793,11.793,NoButton,Move,1029,274
11.811,11.811,NoButton,Move,1033,260
11.827,11.827,NoButton,Move,1036,247
11.843,11.843,NoButton,Move,1038,234
11.86,11.86,NoButton,Move,1042,218
11.877,11.877,NoButton,Move,1045,206
11.895,11.895,NoButton,Move,1049,193
11.91,11.91,NoButton,Move,1053,181
11.927,11.927,NoButton,Move,1057,169
11.944,11.944,NoButton,Move,1062,155
11.961,11.961,NoButton,Move,1067,145
11.978,11.978,NoButton,Move,1070,136
11.994,11.994,NoButton,Move,1074,128
12.011,12.011,NoButton,Move,1077,121
12.028,12.028,NoButton,Move,1080,114
12.044,12.044,NoButton,Move,1082,110
12.062,12.062,NoButton,Move,1083,109
12.168,12.168,NoButton,Move,1083,109
12.176,12.176,NoButton,Move,1083,109
12.18,12.18,NoButton,Move,1083,108
12.194,12.194,NoButton,Move,1082,107
12.211,12.211,NoButton,Move,1081,106
12.228,12.228,NoButton,Move,1078,104
12.245,12.245,NoButton,Move,1078,104
12.255,12.255,Left,Pressed,1078,104
12.383,12.383,Left,Released,1078,104
12.41,12.41,NoButton,Move,1078,104
12.418,12.418,NoButton,Move,1077,104
12.428,12.428,NoButton,Move,1077,104
12.445,12.445,NoButton,Move,1075,106
12.458,12.458,NoButton,Move,1073,109
12.475,12.475,NoButton,Move,1069,113
12.492,12.492,NoButton,Move,1062,120
12.509,12.509,NoButton,Move,1053,129
12.526,12.526,NoButton,Move,1041,140
12.543,12.543,NoButton,Move,1024,156
12.559,12.559,NoButton,Move,1010,170
12.576,12.576,NoButton,Move,999,182
12.593,12.593,NoButton,Move,990,192
12.609,12.609,NoButton,Move,983,203
12.626,12.626,NoButton,Move,975,216
12.642,12.642,NoButton,Move,971,228
12.66,12.66,NoButton,Move,969,240
12.677,12.677,NoButton,Move,969,255
12.693,12.693,NoButton,Move,970,273
12.71,12.71,NoButton,Move,977,302
12.726,12.726,NoButton,Move,983,326
12.743,12.743,NoButton,Move,990,351
12.759,12.759,NoButton,Move,996,375
12.776,12.776,NoButton,Move,1001,400
12.793,12.793,NoButton,Move,1005,425
12.81,12.81,NoButton,Move,1005,458
12.826,12.826,NoButton,Move,1005,484
12.843,12.843,NoButton,Move,1005,510
12.861,12.861,NoButton,Move,1005,541
12.878,12.878,NoButton,Move,1007,562
12.894,12.894,NoButton,Move,1009,580
12.911,12.911,NoButton,Move,1012,598
12.927,12.927,NoButton,Move,1014,612
12.944,12.944,NoButton,Move,1015,627
12.96,12.96,NoButton,Move,1016,638
12.977,12.977,NoButton,Move,1016,648
12.995,12.995,NoButton,Move,1017,658
13.011,13.011,NoButton,Move,1019,666
13.027,13.027,NoButton,Move,1021,674
13.044,13.044,NoButton,Move,1024,683
13.061,13.061,NoButton,Move,1028,689
13.077,13.077,NoButton,Move,1032,695
13.094,13.094,NoButton,Move,1037,701
13.112,13.112,NoButton,Move,1044,708
13.128,13.128,NoButton,Move,1051,712
13.144,13.144,NoButton,Move,1055,715
13.162,13.162,NoButton,Move,1059,717
13.178,13.178,NoButton,Move,1060,718
13.194,13.194,NoButton,Move,1062,719
13.211,13.211,NoButton,Move,1063,720
13.228,13.228,NoButton,Move,1064,720
13.244,13.244,NoButton,Move,1065,720
13.353,13.353,Left,Pressed,1065,720
13.43,13.43,NoButton,Drag,1065,720
13.45,13.45,Left,Released,1065,720
13.498,13.498,NoButton,Move,1065,720
13.514,13.514,NoButton,Move,1065,720
13.522,13.522,NoButton,Move,1065,720
13.527,13.527,NoButton,Move,1065,720
13.544,13.544,NoButton,Move,1065,718
13.561,13.561,NoButton,Move,1065,718
13.577,13.577,NoButton,Move,1064,717
13.594,13.594,NoButton,Move,1064,715
13.611,13.611,NoButton,Move,1064,714
13.628,13.628,NoButton,Move,1065,712
13.644,13.644,NoButton,Move,1065,711
13.661,13.661,NoButton,Move,1065,709
13.678,13.678,NoButton,Move,1065,708
13.694,13.694,NoButton,Move,1064,706
13.706,13.706,NoButton,Move,1063,705
13.723,13.723,NoButton,Move,1061,704
13.74,13.74,NoButton,Move,1053,700
13.756,13.756,NoButton,Move,1034,694
13.773,13.773,NoButton,Move,1000,689
13.79,13.79,NoButton,Move,933,682
13.807,13.807,NoButton,Move,860,680
13.823,13.823,NoButton,Move,772,678
13.84,13.84,NoButton,Move,681,678
13.857,13.857,NoButton,Move,596,678
13.873,13.873,NoButton,Move,520,678
13.89,13.89,NoButton,Move,436,679
13.907,13.907,NoButton,Move,386,683
13.924,13.924,NoButton,Move,351,686
13.941,13.941,NoButton,Move,323,689
13.954,13.954,NoButton,Move,301,690
13.971,13.971,NoButton,Move,285,690
13.988,13.988,NoButton,Move,272,689
14.005,14.005,NoButton,Move,268,688
14.022,14.022,NoButton,Move,267,687
14.039,14.039,NoButton,Move,266,686
14.055,14.055,NoButton,Move,265,684
14.072,14.072,NoButton,Move,263,681
14.089,14.089,NoButton,Move,261,678
14.106,14.106,NoButton,Move,256,672
14.122,14.122,NoButton,Move,251,663
14.139,14.139,NoButton,Move,246,656
14.156,14.156,NoButton,Move,243,646
14.172,14.172,NoButton,Move,241,639
14.19,14.19,NoButton,Move,240,631
14.206,14.206,NoButton,Move,240,624
14.221,14.221,NoButton,Move,240,616
14.237,14.237,NoButton,Move,241,610
14.254,14.254,NoButton,Move,242,603
14.271,14.271,NoButton,Move,244,597
14.288,14.288,NoButton,Move,245,591
14.304,14.304,NoButton,Move,246,587
14.321,14.321,NoButton,Move,246,584
14.339,14.339,NoButton,Move,246,582
14.354,14.354,NoButton,Move,246,580
14.371,14.371,NoButton,Move,247,577
14.388,14.388,NoButton,Move,247,573
14.405,14.405,NoButton,Move,248,571
14.422,14.422,NoButton,Move,248,569
14.439,14.439,NoButton,Move,248,567
14.455,14.455,NoButton,Move,248,567
14.476,14.476,Left,Pressed,248,567
14.484,14.484,NoButton,Drag,248,567
14.594,14.594,Left,Released,248,567
14.722,14.722,NoButton,Move,248,567
14.726,14.726,NoButton,Move,248,567
14.736,14.736,NoButton,Move,247,567
14.753,14.753,NoButton,Move,246,570
14.769,14.769,NoButton,Move,246,573
14.786,14.786,NoButton,Move,246,579
14.802,14.802,NoButton,Move,249,586
14.82,14.82,NoButton,Move,257,593
14.837,14.837,NoButton,Move,271,598
14.853,14.853,NoButton,Move,294,602
14.87,14.87,NoButton,Move,346,600
14.887,14.887,NoButton,Move,398,590
14.903,14.903,NoButton,Move,457,573
14.92,14.92,NoButton,Move,517,552
14.936,14.936,NoButton,Move,586,524
14.954,14.954,NoButton,Move,655,493
14.97,14.97,NoButton,Move,723,458
14.988,14.988,NoButton,Move,754,437
15.005,15.005,NoButton,Move,777,420
15.021,15.021,NoButton,Move,793,406
15.037,15.037,NoButton,Move,806,394
15.054,15.054,NoButton,Move,818,382
15.071,15.071,NoButton,Move,823,376
15.088,15.088,NoButton,Move,827,370
15.105,15.105,NoButton,Move,830,366
15.121,15.121,NoButton,Move,832,363
15.138,15.138,NoButton,Move,833,361
15.154,15.154,NoButton,Move,833,361
15.171,15.171,NoButton,Move,833,360
15.188,15.188,NoButton,Move,833,358
15.205,15.205,NoButton,Move,834,355
15.223,15.223,NoButton,Move,835,351
15.239,15.239,NoButton,Move,839,346
15.256,15.256,NoButton,Move,846,337
15.273,15.273,NoButton,Move,854,325
15.29,15.29,NoButton,Move,866,312
15.306,15.306,NoButton,Move,879,298
15.323,15.323,NoButton,Move,895,282
15.34,15.34,NoButton,Move,913,264
15.356,15.356,NoButton,Move,928,249
15.373,15.373,NoButton,Move,940,237
15.39,15.39,NoButton,Move,950,227
15.407,15.407,NoButton,Move,959,218
15.423,15.423,NoButton,Move,966,210
15.441,15.441,NoButton,Move,974,201
15.457,15.457,NoButton,Move,978,195
15.474,15.474,NoButton,Move,983,189
15.491,15.491,NoButton,Move,987,184
15.507,15.507,NoButton,Move,990,178
15.524,15.524,NoButton,Move,993,173
15.541,15.541,NoButton,Move,995,169
15.558,15.558,NoButton,Move,998,165
15.574,15.574,NoButton,Move,1000,161
15.592,15.592,NoButton,Move,1003,157
15.608,15.608,NoButton,Move,1005,153
15.625,15.625,NoButton,Move,1007,149
15.642,15.642,NoButton,Move,1009,146
15.658,15.658,NoButton,Move,1010,143
15.675,15.675,NoButton,Move,1012,140
15.691,15.691,NoButton,Move,1014,136
15.709,15.709,NoButton,Move,1017,131
15.724,15.724,NoButton,Move,1020,127
15.742,15.742,NoButton,Move,1023,123
15.758,15.758,NoButton,Move,1024,121
15.775,15.775,NoButton,Move,1025,121
15.81,15.81,NoButton,Move,1025,120
15.818,15.818,NoButton,Move,1025,120
15.858,15.858,Left,Pressed,1025,120
15.878,15.878,NoButton,Drag,1025,120
15.889,15.889,NoButton,Drag,1025,120
15.897,15.897,NoButton,Drag,1026,120
15.909,15.909,NoButton,Drag,1026,121
15.913,15.913,NoButton,Drag,1026,121
15.921,15.921,NoButton,Drag,1026,121
15.954,15.954,NoButton,Drag,1026,121
15.966,15.966,NoButton,Drag,1026,121
15.969,15.969,NoButton,Drag,1026,121
15.973,15.973,NoButton,Drag,1026,122
15.981,15.981,NoButton,Drag,1026,122
15.985,15.985,NoButton,Drag,1026,122
15.989,15.989,NoButton,Drag,1026,122
15.994,15.994,Left,Released,1026,122
15.995,15.995,NoButton,Move,1026,123
16.008,16.008,NoButton,Move,1027,124
16.025,16.025,NoButton,Move,1027,126
16.042,16.042,NoButton,Move,1028,129
16.058,16.058,NoButton,Move,1028,131
16.075,16.075,NoButton,Move,1030,133
16.092,16.092,NoButton,Move,1032,136
16.109,16.109,NoButton,Move,1033,138
16.126,16.126,NoButton,Move,1034,139
16.142,16.142,NoButton,Move,1035,140
16.159,16.159,NoButton,Move,1035,140
16.166,16.166,NoButton,Move,1035,140
16.176,16.176,Left,Pressed,1035,140
16.264,16.264,Left,Released,1035,140
16.32,16.32,NoButton,Move,1035,141
16.328,16.328,NoButton,Move,1035,141
16.338,16.338,NoButton,Move,1035,141
16.354,16.354,NoButton,Move,1033,142
16.371,16.371,NoButton,Move,1029,144
16.388,16.388,NoButton,Move,1022,148
16.404,16.404,NoButton,Move,1011,153
16.421,16.421,NoButton,Move,996,158
16.438,16.438,NoButton,Move,977,164
16.455,16.455,NoButton,Move,959,169
16.469,16.469,NoButton,Move,942,175
16.486,16.486,NoButton,Move,924,183
16.502,16.502,NoButton,Move,905,193
16.519,16.519,NoButton,Move,887,203
16.536,16.536,NoButton,Move,866,218
16.552,16.552,NoButton,Move,851,229
16.569,16.569,NoButton,Move,835,241
16.586,16.586,NoButton,Move,822,250
16.603,16.603,NoButton,Move,812,256
16.619,16.619,NoButton,Move,806,260
16.636,16.636,NoButton,Move,802,264
16.653,16.653,NoButton,Move,801,267
16.67,16.67,NoButton,Move,800,268
16.687,16.687,NoButton,Move,798,271
16.703,16.703,NoButton,Move,795,276
16.719,16.719,NoButton,Move,792,281
16.737,16.737,NoButton,Move,786,290
16.753,16.753,NoButton,Move,777,299
16.77,16.77,NoButton,Move,766,309
16.787,16.787,NoButton,Move,754,318
16.803,16.803,NoButton,Move,744,324
16.82,16.82,NoButton,Move,736,330
16.837,16.837,NoButton,Move,731,334
16.853,16.853,NoButton,Move,728,337
16.87,16.87,NoButton,Move,727,340
16.887,16.887,NoButton,Move,726,342
16.903,16.903,NoButton,Move,726,344
16.918,16.918,NoButton,Move,725,345
16.92,16.92,Left,Pressed,725,345
16.92,16.92,NoButton,Drag,725,345
16.921,16.921,NoButton,Drag,725,346
16.925,16.925,NoButton,Drag,725,346
16.929,16.929,NoButton,Drag,725,346
16.933,16.933,NoButton,Drag,725,346
16.941,16.941,NoButton,Drag,725,346
16.945,16.945,NoButton,Drag,725,347
16.954,16.954,NoButton,Drag,725,347
16.958,16.958,NoButton,Drag,725,348
16.961,16.961,NoButton,Drag,725,348
16.965,16.965,NoButton,Drag,725,348
16.969,16.969,NoButton,Drag,725,348
16.973,16.973,NoButton,Drag,725,349
16.977,16.977,NoButton,Drag,725,349
16.981,16.981,NoButton,Drag,725,349
16.986,16.986,NoButton,Drag,725,349
17.074,17.074,NoButton,Drag,724,349
17.094,17.094,NoButton,Drag,724,349
17.102,17.102,Left,Released,724,349
17.122,17.122,NoButton,Move,724,349
17.17,17.17,NoButton,Move,724,349
17.174,17.174,NoButton,Move,724,349
17.187,17.187,NoButton,Move,723,351
17.204,17.204,NoButton,Move,722,353
17.22,17.22,NoButton,Move,722,357
17.237,17.237,NoButton,Move,722,361
17.25,17.25,NoButton,Move,722,364
17.254,17.254,Left,Pressed,722,364
17.254,17.254,NoButton,Drag,722,365
17.257,17.257,NoButton,Drag,722,365
17.261,17.261,NoButton,Drag,722,366
17.265,17.265,NoButton,Drag,722,366
17.269,17.269,NoButton,Drag,722,366
17.314,17.314,NoButton,Drag,722,367
17.334,17.334,NoButton,Drag,722,367
17.342,17.342,NoButton,Drag,722,366
17.35,17.35,Left,Released,722,366
17.354,17.354,NoButton,Move,721,366
17.37,17.37,NoButton,Move,721,366
17.386,17.386,NoButton,Move,721,365
17.403,17.403,NoButton,Move,721,365
17.42,17.42,NoButton,Move,721,365
17.437,17.437,NoButton,Move,720,365
17.453,17.453,NoButton,Move,720,365
17.489,17.489,NoButton,Move,720,365
17.492,17.492,NoButton,Move,720,366
17.506,17.506,NoButton,Move,720,366
17.523,17.523,NoButton,Move,720,366
17.539,17.539,NoButton,Move,720,367
17.556,17.556,NoButton,Move,720,367
17.573,17.573,NoButton,Move,719,369
17.59,17.59,NoButton,Move,718,372
17.607,17.607,NoButton,Move,717,376
17.623,17.623,NoButton,Move,711,385
17.64,17.64,NoButton,Move,699,399
17.657,17.657,NoButton,Move,677,419
17.673,17.673,NoButton,Move,657,436
17.69,17.69,NoButton,Move,631,455
17.707,17.707,NoButton,Move,604,475
17.721,17.721,NoButton,Move,576,497
17.738,17.738,NoButton,Move,549,521
17.755,17.755,NoButton,Move,525,545
17.771,17.771,NoButton,Move,508,562
17.788,17.788,NoButton,Move,489,582
17.804,17.804,NoButton,Move,475,597
17.822,17.822,NoButton,Move,461,612
17.839,17.839,NoButton,Move,450,624
17.855,17.855,NoButton,Move,440,635
17.872,17.872,NoButton,Move,428,647
17.888,17.888,NoButton,Move,417,657
17.906,17.906,NoButton,Move,408,666
17.922,17.922,NoButton,Move,403,673
17.939,17.939,NoButton,Move,399,680
17.955,17.955,NoButton,Move,396,687
17.971,17.971,NoButton,Move,393,694
17.988,17.988,NoButton,Move,390,705
18.005,18.005,NoButton,Move,385,715
18.022,18.022,NoButton,Move,376,728
18.039,18.039,NoButton,Move,369,740
18.056,18.056,NoButton,Move,363,751
18.072,18.072,NoButton,Move,358,761
18.088,18.088,NoButton,Move,352,772
18.105,18.105,NoButton,Move,346,782
18.122,18.122,NoButton,Move,340,793
18.138,18.138,NoButton,Move,336,800
18.156,18.156,NoButton,Move,334,806
18.173,18.173,NoButton,Move,333,810
18.189,18.189,NoButton,Move,332,814
18.205,18.205,NoButton,Move,332,817
18.219,18.219,NoButton,Move,333,820
18.222,18.222,Left,Pressed,333,820
18.222,18.222,NoButton,Drag,334,822
18.225,18.225,NoButton,Drag,334,822
18.229,18.229,NoButton,Drag,335,823
18.233,18.233,NoButton,Drag,335,825
18.237,18.237,NoButton,Drag,336,826
18.242,18.242,NoButton,Drag,337,827
18.245,18.245,NoButton,Drag,337,828
18.25,18.25,NoButton,Drag,338,829
18.254,18.254,NoButton,Drag,338,831
18.257,18.257,NoButton,Drag,338,832
18.262,18.262,NoButton,Drag,339,833
18.265,18.265,NoButton,Drag,339,834
18.27,18.27,NoButton,Drag,339,835
18.274,18.274,NoButton,Drag,339,835
18.328,18.328,NoButton,Drag,339,835
18.338,18.338,Left,Released,339,835
18.342,18.342,NoButton,Move,339,835
18.346,18.346,NoButton,Move,339,835
18.354,18.354,NoButton,Move,339,835
18.371,18.371,NoButton,Move,339,833
18.387,18.387,NoButton,Move,339,832
18.404,18.404,NoButton,Move,341,830
18.421,18.421,NoButton,Move,341,829
18.438,18.438,NoButton,Move,342,828
18.475,18.475,Left,Pressed,342,828
18.516,18.516,NoButton,Drag,342,828
18.522,18.522,NoButton,Drag,342,828
18.526,18.526,NoButton,Drag,343,828
18.53,18.53,NoButton,Drag,343,827
18.534,18.534,NoButton,Drag,343,827
18.538,18.538,NoButton,Drag,344,826
18.542,18.542,NoButton,Drag,345,826
18.546,18.546,NoButton,Drag,346,825
18.55,18.55,NoButton,Drag,347,825
18.554,18.554,NoButton,Drag,348,824
18.558,18.558,NoButton,Drag,349,823
18.562,18.562,NoButton,Drag,350,822
18.566,18.566,NoButton,Drag,351,821
18.57,18.57,NoButton,Drag,352,820
18.574,18.574,NoButton,Drag,354,819
18.578,18.578,Left,Released,354,819
18.579,18.579,NoButton,Move,355,819
18.588,18.588,NoButton,Move,358,816
18.605,18.605,NoButton,Move,361,814
18.622,18.622,NoButton,Move,363,812
18.638,18.638,NoButton,Move,365,810
18.655,18.655,NoButton,Move,367,809
18.671,18.671,NoButton,Move,368,809
18.824,18.824,NoButton,Move,368,809
18.841,18.841,Left,Pressed,368,809
18.841,18.841,NoButton,Drag,368,809
18.944,18.944,Left,Released,368,809
18.984,18.984,NoButton,Move,368,808
18.988,18.988,NoButton,Move,368,808
18.996,18.996,NoButton,Move,368,808
19.003,19.003,NoButton,Move,369,808
19.02,19.02,NoButton,Move,369,806
19.037,19.037,NoButton,Move,370,804
19.053,19.053,NoButton,Move,372,803
19.07,19.07,NoButton,Move,375,801
19.086,19.086,NoButton,Move,379,796
19.103,19.103,NoButton,Move,385,792
19.12,19.12,NoButton,Move,394,786
19.136,19.136,NoButton,Move,403,778
19.153,19.153,NoButton,Move,414,768
19.17,19.17,NoButton,Move,432,754
19.187,19.187,NoButton,Move,447,739
19.204,19.204,NoButton,Move,466,722
19.221,19.221,NoButton,Move,490,703
19.238,19.238,NoButton,Move,521,680
19.254,19.254,NoButton,Move,542,665
19.271,19.271,NoButton,Move,558,653
19.288,19.288,NoButton,Move,569,645
19.304,19.304,NoButton,Move,575,640
19.321,19.321,NoButton,Move,581,635
19.338,19.338,NoButton,Move,585,629
19.354,19.354,NoButton,Move,588,625
19.372,19.372,NoButton,Move,590,622
19.388,19.388,NoButton,Move,592,619
19.404,19.404,NoButton,Move,593,616
19.422,19.422,NoButton,Move,596,611
19.438,19.438,NoButton,Move,598,606
19.454,19.454,NoButton,Move,601,601
19.473,19.473,NoButton,Move,604,597
19.489,19.489,NoButton,Move,607,591
19.507,19.507,NoButton,Move,612,583
19.523,19.523,NoButton,Move,618,574
19.54,19.54,NoButton,Move,625,564
19.556,19.556,NoButton,Move,632,555
19.573,19.573,NoButton,Move,640,546
19.59,19.59,NoButton,Move,648,537
19.606,19.606,NoButton,Move,653,531
19.624,19.624,NoButton,Move,657,526
19.64,19.64,NoButton,Move,659,523
19.657,19.657,NoButton,Move,660,522
19.673,19.673,NoButton,Move,660,521
19.691,19.691,NoButton,Move,661,519
19.706,19.706,NoButton,Move,662,518
19.724,19.724,NoButton,Move,663,516
19.74,19.74,NoButton,Move,664,513
19.757,19.757,NoButton,Move,665,512
19.788,19.788,NoButton,Move,666,512
19.84,19.84,NoButton,Move,666,512
19.852,19.852,NoButton,Move,666,512
19.86,19.86,NoButton,Move,666,511
19.874,19.874,NoButton,Move,667,510
19.891,19.891,NoButton,Move,668,509
19.907,19.907,NoButton,Move,669,507
19.924,19.924,NoButton,Move,669,507
19.941,19.941,NoButton,Move,669,506
19.988,19.988,Left,Pressed,669,506
20.028,20.028,NoButton,Drag,669,506
20.088,20.088,NoButton,Drag,669,506
20.092,20.092,Left,Released,669,506
20.213,20.213,Left,Pressed,669,506
20.286,20.286,Left,Released,669,506
20.35,20.35,NoButton,Move,669,506
20.354,20.354,NoButton,Move,669,505
20.359,20.359,NoButton,Move,669,505
20.375,20.375,NoButton,Move,670,503
20.392,20.392,NoButton,Move,670,500
20.409,20.409,NoButton,Move,671,494
20.426,20.426,NoButton,Move,673,485
20.442,20.442,NoButton,Move,678,469
20.459,20.459,NoButton,Move,684,453
20.476,20.476,NoButton,Move,691,436
20.492,20.492,NoButton,Move,698,420
20.509,20.509,NoButton,Move,703,404
20.526,20.526,NoButton,Move,709,384
20.543,20.543,NoButton,Move,713,370
20.559,20.559,NoButton,Move,716,358
20.577,20.577,NoButton,Move,718,349
20.593,20.593,NoButton,Move,718,340
20.61,20.61,NoButton,Move,717,332
20.626,20.626,NoButton,Move,716,328
20.644,20.644,NoButton,Move,716,325
20.661,20.661,NoButton,Move,715,323
20.676,20.676,NoButton,Move,714,321
20.694,20.694,NoButton,Move,714,319
20.711,20.711,NoButton,Move,713,318
20.73,20.73,NoButton,Move,712,317
20.745,20.745,NoButton,Move,711,315
20.762,20.762,NoButton,Move,710,314
20.778,20.778,NoButton,Move,710,313
20.796,20.796,NoButton,Move,709,312
20.812,20.812,NoButton,Move,709,312
20.834,20.834,Left,Pressed,709,312
20.916,20.916,NoButton,Drag,709,312
20.92,20.92,NoButton,Drag,709,312
20.924,20.924,NoButton,Drag,709,312
20.928,20.928,NoButton,Drag,709,311
20.956,20.956,Left,Released,709,311
21.2,21.2,NoButton,Move,709,311
21.204,21.204,NoButton,Move,709,311
21.208,21.208,NoButton,Move,709,311
21.222,21.222,NoButton,Move,709,309
21.239,21.239,NoButton,Move,712,305
21.256,21.256,NoButton,Move,719,296
21.273,21.273,NoButton,Move,726,287
21.29,21.29,NoButton,Move,735,276
21.306,21.306,NoButton,Move,745,264
21.323,21.323,NoButton,Move,754,252
21.34,21.34,NoButton,Move,764,238
21.356,21.356,NoButton,Move,772,226
21.374,21.374,NoButton,Move,779,215
21.39,21.39,NoButton,Move,786,205
21.407,21.407,NoButton,Move,792,195
21.424,21.424,NoButton,Move,799,185
21.44,21.44,NoButton,Move,808,172
21.456,21.456,NoButton,Move,817,162
21.473,21.473,NoButton,Move,825,152
21.49,21.49,NoButton,Move,834,142
21.507,21.507,NoButton,Move,840,135
21.524,21.524,NoButton,Move,846,129
21.54,21.54,NoButton,Move,850,123
21.557,21.557,NoButton,Move,855,119
21.574,21.574,NoButton,Move,858,115
21.59,21.59,NoButton,Move,861,112
21.607,21.607,NoButton,Move,862,112
21.65,21.65,NoButton,Move,862,112
21.658,21.658,NoButton,Move,863,112
21.674,21.674,NoButton,Move,863,112
21.679,21.679,Left,Pressed,863,112
21.679,21.679,NoButton,Drag,864,112
21.686,21.686,NoButton,Drag,864,112
21.69,21.69,NoButton,Drag,864,112
21.698,21.698,NoButton,Drag,865,113
21.714,21.714,NoButton,Drag,865,113
21.718,21.718,NoButton,Drag,865,113
21.762,21.762,NoButton,Drag,865,113
21.77,21.77,NoButton,Drag,866,113
21.774,21.774,Left,Released,866,113
21.775,21.775,NoButton,Move,866,113
21.79,21.79,NoButton,Move,867,111
21.807,21.807,NoButton,Move,867,110
21.834,21.834,NoButton,Move,867,110
21.93,21.93,NoButton,Move,868,110
21.938,21.938,NoButton,Move,868,110
21.946,21.946,NoButton,Move,868,110
21.958,21.958,NoButton,Move,869,110
21.974,21.974,NoButton,Move,871,112
21.99,21.99,NoButton,Move,872,113
21.998,21.998,NoButton,Move,873,113
22.007,22.007,Left,Pressed,873,113
22.007,22.007,NoButton,Drag,873,114
22.009,22.009,NoButton,Drag,874,114
22.072,22.072,Left,Released,874,114
22.174,22.174,NoButton,Move,874,114
22.256,22.256,NoButton,Move,874,114
22.264,22.264,NoButton,Move,874,114
22.271,22.271,NoButton,Move,874,115
22.288,22.288,NoButton,Move,875,116
22.305,22.305,NoButton,Move,875,119
22.321,22.321,NoButton,Move,875,123
22.338,22.338,NoButton,Move,873,130
22.355,22.355,NoButton,Move,868,139
22.371,22.371,NoButton,Move,856,152
22.389,22.389,NoButton,Move,829,173
22.405,22.405,NoButton,Move,793,193
22.422,22.422,NoButton,Move,739,217
22.439,22.439,NoButton,Move,671,245
22.455,22.455,NoButton,Move,597,269
22.472,22.472,NoButton,Move,511,293
22.489,22.489,NoButton,Move,454,309
22.506,22.506,NoButton,Move,403,320
22.522,22.522,NoButton,Move,362,327
22.538,22.538,NoButton,Move,325,329
22.555,22.555,NoButton,Move,293,329
22.572,22.572,NoButton,Move,265,329
22.588,22.588,NoButton,Move,249,329
22.606,22.606,NoButton,Move,240,328
22.622,22.622,NoButton,Move,237,326
22.639,22.639,NoButton,Move,237,326
22.656,22.656,NoButton,Move,236,325
22.673,22.673,NoButton,Move,236,324
22.69,22.69,NoButton,Move,236,323
22.706,22.706,NoButton,Move,236,320
22.723,22.723,NoButton,Move,237,317
22.741,22.741,NoButton,Move,238,313
22.756,22.756,NoButton,Move,238,310
22.774,22.774,NoButton,Move,238,307
22.79,22.79,NoButton,Move,237,304
22.808,22.808,NoButton,Move,237,302
22.824,22.824,NoButton,Move,235,300
22.84,22.84,NoButton,Move,233,298
22.857,22.857,NoButton,Move,231,297
22.874,22.874,NoButton,Move,226,295
22.89,22.89,NoButton,Move,219,294
22.908,22.908,NoButton,Move,211,292
22.924,22.924,NoButton,Move,203,290
22.942,22.942,NoButton,Move,196,289
22.957,22.957,NoButton,Move,195,288
22.974,22.974,NoButton,Move,195,288
22.994,22.994,Left,Pressed,195,288
23.074,23.074,NoButton,Drag,195,288
23.077,23.077,NoButton,Drag,194,288
23.094,23.094,NoButton,Drag,194,288
23.114,23.114,Left,Released,194,288
23.13,23.13,NoButton,Move,194,287
23.142,23.142,NoButton,Move,194,287
23.159,23.159,NoButton,Move,194,287
23.176,23.176,NoButton,Move,193,286
23.192,23.192,NoButton,Move,193,286
23.209,23.209,NoButton,Move,192,286
23.225,23.225,NoButton,Move,190,286
23.242,23.242,NoButton,Move,188,286
23.259,23.259,NoButton,Move,185,287
23.275,23.275,NoButton,Move,184,287
23.293,23.293,NoButton,Move,183,287
23.309,23.309,Left,Pressed,183,287
23.42,23.42,NoButton,Drag,183,287
23.425,23.425,Left,Released,183,287
23.426,23.426,NoButton,Move,183,287
23.442,23.442,NoButton,Move,183,287
23.46,23.46,NoButton,Move,182,287
23.476,23.476,NoButton,Move,182,287
23.495,23.495,NoButton,Move,181,287
23.548,23.548,NoButton,Move,181,287
23.552,23.552,NoButton,Move,181,287
23.562,23.562,NoButton,Move,181,288
23.579,23.579,NoButton,Move,181,289
23.595,23.595,NoButton,Move,181,292
23.612,23.612,NoButton,Move,180,296
23.629,23.629,NoButton,Move,179,301
23.646,23.646,NoButton,Move,177,307
23.662,23.662,NoButton,Move,175,315
23.679,23.679,NoButton,Move,174,325
23.696,23.696,NoButton,Move,178,344
23.712,23.712,NoButton,Move,191,362
23.727,23.727,NoButton,Move,208,376
23.743,23.743,NoButton,Move,243,392
23.76,23.76,NoButton,Move,293,404
23.777,23.777,NoButton,Move,330,406
23.794,23.794,NoButton,Move,370,406
23.81,23.81,NoButton,Move,397,400
23.828,23.828,NoButton,Move,419,392
23.844,23.844,NoButton,Move,437,382
23.861,23.861,NoButton,Move,451,372
23.878,23.878,NoButton,Move,465,360
23.894,23.894,NoButton,Move,475,349
23.911,23.911,NoButton,Move,483,339
23.928,23.928,NoButton,Move,493,329
23.944,23.944,NoButton,Move,505,318
23.961,23.961,NoButton,Move,520,307
23.977,23.977,NoButton,Move,539,298
23.993,23.993,NoButton,Move,558,290
24.01,24.01,NoButton,Move,580,282
24.027,24.027,NoButton,Move,596,277
24.043,24.043,NoButton,Move,608,274
24.061,24.061,NoButton,Move,616,271
24.077,24.077,NoButton,Move,622,269
24.094,24.094,NoButton,Move,628,267
24.111,24.111,NoButton,Move,631,267
24.127,24.127,NoButton,Move,632,267
24.158,24.158,NoButton,Move,632,267
24.162,24.162,NoButton,Move,632,267
24.178,24.178,NoButton,Move,634,267
24.194,24.194,NoButton,Move,636,267
24.212,24.212,NoButton,Move,640,267
24.224,24.224,NoButton,Move,645,266
24.241,24.241,NoButton,Move,653,265
24.257,24.257,NoButton,Move,663,262
24.274,24.274,NoButton,Move,677,258
24.291,24.291,NoButton,Move,685,254
24.308,24.308,NoButton,Move,689,252
24.325,24.325,NoButton,Move,691,250
24.341,24.341,NoButton,Move,692,249
24.359,24.359,NoButton,Move,693,247
24.374,24.374,NoButton,Move,693,246
24.392,24.392,NoButton,Move,694,245
24.408,24.408,NoButton,Move,694,244
24.448,24.448,NoButton,Move,694,244
24.459,24.459,NoButton,Move,694,244
24.473,24.473,NoButton,Move,694,243
24.49,24.49,NoButton,Move,695,243
24.521,24.521,Left,Pressed,695,243
24.592,24.592,NoButton,Drag,695,243
24.6,24.6,NoButton,Drag,695,243
24.604,24.604,NoButton,Drag,695,242
24.608,24.608,NoButton,Drag,695,242
24.612,24.612,NoButton,Drag,695,241
24.616,24.616,Left,Released,695,241
24.617,24.617,NoButton,Move,695,241
24.623,24.623,NoButton,Move,695,241
24.639,24.639,NoButton,Move,696,240
24.684,24.684,NoButton,Move,696,240
24.688,24.688,NoButton,Move,696,240
24.692,24.692,NoButton,Move,696,240
24.706,24.706,NoButton,Move,696,239
24.757,24.757,Left,Pressed,696,239
24.784,24.784,NoButton,Drag,696,239
24.858,24.858,Left,Released,696,239
24.918,24.918,NoButton,Move,696,239
24.922,24.922,NoButton,Move,696,239
24.926,24.926,NoButton,Move,697,239
24.943,24.943,NoButton,Move,701,242
24.96,24.96,NoButton,Move,711,248
24.977,24.977,NoButton,Move,731,257
24.993,24.993,NoButton,Move,755,265
25.01,25.01,NoButton,Move,789,277
25.027,25.027,NoButton,Move,822,288
25.044,25.044,NoButton,Move,859,300
25.06,25.06,NoButton,Move,898,312
25.077,25.077,NoButton,Move,935,324
25.094,25.094,NoButton,Move,985,341
25.111,25.111,NoButton,Move,1018,351
25.128,25.128,NoButton,Move,1045,358
25.144,25.144,NoButton,Move,1071,365
25.161,25.161,NoButton,Move,1088,370
25.177,25.177,NoButton,Move,1099,373
25.195,25.195,NoButton,Move,1103,374
25.298,25.298,NoButton,Move,1103,374
25.398,25.398,NoButton,Move,1103,374
25.402,25.402,NoButton,Move,1103,374
25.414,25.414,NoButton,Move,1102,375
25.431,25.431,NoButton,Move,1100,375
25.448,25.448,NoButton,Move,1098,375
25.464,25.464,NoButton,Move,1097,375
25.486,25.486,NoButton,Move,1094,376
25.503,25.503,NoButton,Move,1091,377
25.519,25.519,NoButton,Move,1090,378
25.536,25.536,NoButton,Move,1089,380
25.541,25.541,Left,Pressed,1089,380
25.541,25.541,NoButton,Drag,1089,380
25.544,25.544,NoButton,Drag,1089,380
25.548,25.548,NoButton,Drag,1089,380
25.556,25.556,NoButton,Drag,1089,381
25.56,25.56,NoButton,Drag,1089,381
25.584,25.584,NoButton,Drag,1089,381
25.676,25.676,Left,Released,1089,381
25.772,25.772,Left,Pressed,1089,381
25.864,25.864,Left,Released,1089,381
25.936,25.936,NoButton,Move,1089,381
25.94,25.94,NoButton,Move,1089,381
25.957,25.957,NoButton,Move,1092,380
25.972,25.972,NoButton,Move,1102,377
25.988,25.988,NoButton,Move,1121,370
26.005,26.005,NoButton,Move,1146,362
26.022,26.022,NoButton,Move,1172,349
26.039,26.039,NoButton,Move,1197,337
26.055,26.055,NoButton,Move,1221,327
26.072,26.072,NoButton,Move,1241,318
26.089,26.089,NoButton,Move,1254,311
26.106,26.106,NoButton,Move,1268,307
26.122,26.122,NoButton,Move,1277,304
26.139,26.139,NoButton,Move,1283,303
26.156,26.156,NoButton,Move,1290,301
26.173,26.173,NoButton,Move,1298,301
26.189,26.189,NoButton,Move,1307,301
26.206,26.206,NoButton,Move,1320,303
26.223,26.223,NoButton,Move,1333,306
26.24,26.24,NoButton,Move,1343,307
26.256,26.256,NoButton,Move,1349,308
26.273,26.273,NoButton,Move,1352,308
26.29,26.29,NoButton,Move,1355,308
26.306,26.306,NoButton,Move,1356,309
26.323,26.323,NoButton,Move,1357,309
26.341,26.341,NoButton,Move,1358,309
26.357,26.357,NoButton,Move,1360,310
26.373,26.373,NoButton,Move,1365,311
26.39,26.39,NoButton,Move,1370,312
26.407,26.407,NoButton,Move,1373,312
26.423,26.423,NoButton,Move,1376,311
26.441,26.441,NoButton,Move,1378,311
26.457,26.457,NoButton,Move,1380,310
26.474,26.474,NoButton,Move,1382,309
26.492,26.492,NoButton,Move,1383,308
26.508,26.508,NoButton,Move,1385,307
26.525,26.525,NoButton,Move,1389,306
26.542,26.542,NoButton,Move,1394,305
26.558,26.558,NoButton,Move,1398,305
26.575,26.575,NoButton,Move,1400,305
26.583,26.583,Left,Pressed,1400,305
26.583,26.583,NoButton,Drag,1400,305
26.668,26.668,Left,Released,1400,305
26.832,26.832,NoButton,Move,1400,305
26.836,26.836,NoButton,Move,1400,305
26.842,26.842,NoButton,Move,1400,305
26.859,26.859,NoButton,Move,1398,305
26.876,26.876,NoButton,Move,1392,305
26.892,26.892,NoButton,Move,1378,308
26.909,26.909,NoButton,Move,1350,314
26.926,26.926,NoButton,Move,1298,327
26.943,26.943,NoButton,Move,1218,349
26.96,26.96,NoButton,Move,1060,395
26.976,26.976,NoButton,Move,904,444
26.992,26.992,NoButton,Move,744,496
27.009,27.009,NoButton,Move,602,543
27.026,27.026,NoButton,Move,480,590
27.043,27.043,NoButton,Move,386,632
27.06,27.06,NoButton,Move,292,673
27.076,27.076,NoButton,Move,243,691
27.094,27.094,NoButton,Move,217,699
27.11,27.11,NoButton,Move,200,705
27.126,27.126,NoButton,Move,189,708
27.143,27.143,NoButton,Move,178,711
27.16,27.16,NoButton,Move,164,713
27.177,27.177,NoButton,Move,149,713
27.193,27.193,NoButton,Move,134,713
27.21,27.21,NoButton,Move,123,712
27.227,27.227,NoButton,Move,121,711
27.244,27.244,NoButton,Move,121,710
27.26,27.26,NoButton,Move,121,708
27.277,27.277,NoButton,Move,123,701
27.294,27.294,NoButton,Move,135,688
27.311,27.311,NoButton,Move,150,675
27.327,27.327,NoButton,Move,167,660
27.345,27.345,NoButton,Move,182,645
27.362,27.362,NoButton,Move,199,628
27.378,27.378,NoButton,Move,209,615
27.395,27.395,NoButton,Move,215,605
27.412,27.412,NoButton,Move,217,596
27.428,27.428,NoButton,Move,218,588
27.445,27.445,NoButton,Move,218,580
27.461,27.461,NoButton,Move,217,574
27.475,27.475,NoButton,Move,217,568
27.492,27.492,NoButton,Move,217,563
27.508,27.508,NoButton,Move,218,559
27.525,27.525,NoButton,Move,220,555
27.542,27.542,NoButton,Move,221,552
27.558,27.558,NoButton,Move,222,550
27.575,27.575,NoButton,Move,222,547
27.592,27.592,NoButton,Move,222,543
27.609,27.609,NoButton,Move,223,540
27.625,27.625,NoButton,Move,223,537
27.643,27.643,NoButton,Move,226,532
27.658,27.658,NoButton,Move,230,527
27.675,27.675,NoButton,Move,234,522
27.693,27.693,NoButton,Move,239,516
27.709,27.709,NoButton,Move,244,511
27.723,27.723,NoButton,Move,251,505
27.74,27.74,NoButton,Move,257,500
27.757,27.757,NoButton,Move,262,496
27.774,27.774,NoButton,Move,265,494
27.791,27.791,NoButton,Move,265,494
27.812,27.812,NoButton,Move,266,494
27.836,27.836,Left,Pressed,266,494
27.936,27.936,Left,Released,266,494
28.064,28.064,NoButton,Move,265,494
28.068,28.068,NoButton,Move,265,494
28.074,28.074,NoButton,Move,265,494
28.09,28.09,NoButton,Move,263,494
28.107,28.107,NoButton,Move,259,496
28.123,28.123,NoButton,Move,253,498
28.14,28.14,NoButton,Move,244,500
28.157,28.157,NoButton,Move,242,500
28.18,28.18,NoButton,Move,242,501
28.19,28.19,NoButton,Move,243,501
28.207,28.207,NoButton,Move,249,499
28.224,28.224,NoButton,Move,273,494
28.239,28.239,NoButton,Move,301,487
28.256,28.256,NoButton,Move,375,474
28.272,28.272,NoButton,Move,451,464
28.289,28.289,NoButton,Move,536,455
28.306,28.306,NoButton,Move,620,450
28.323,28.323,NoButton,Move,703,446
28.339,28.339,NoButton,Move,780,445
28.356,28.356,NoButton,Move,853,445
28.373,28.373,NoButton,Move,891,448
28.389,28.389,NoButton,Move,913,453
28.406,28.406,NoButton,Move,934,459
28.423,28.423,NoButton,Move,950,465
28.44,28.44,NoButton,Move,966,473
28.456,28.456,NoButton,Move,981,481
28.473,28.473,NoButton,Move,995,488
28.49,28.49,NoButton,Move,1010,496
28.507,28.507,NoButton,Move,1022,502
28.524,28.524,NoButton,Move,1036,509
28.541,28.541,NoButton,Move,1048,516
28.557,28.557,NoButton,Move,1059,523
28.574,28.574,NoButton,Move,1071,529
28.591,28.591,NoButton,Move,1080,532
28.608,28.608,NoButton,Move,1089,534
28.624,28.624,NoButton,Move,1099,535
28.641,28.641,NoButton,Move,1109,534
28.657,28.657,NoButton,Move,1121,531
28.674,28.674,NoButton,Move,1138,527
28.692,28.692,NoButton,Move,1149,523
28.708,28.708,NoButton,Move,1159,518
28.725,28.725,NoButton,Move,1166,515
28.739,28.739,NoButton,Move,1170,512
28.756,28.756,NoButton,Move,1174,510
28.773,28.773,NoButton,Move,1174,510
28.789,28.789,NoButton,Move,1175,509
28.807,28.807,NoButton,Move,1176,509
28.824,28.824,NoButton,Move,1176,509
28.84,28.84,NoButton,Move,1177,508
28.857,28.857,NoButton,Move,1179,508
28.873,28.873,NoButton,Move,1182,507
28.89,28.89,NoButton,Move,1186,506
28.906,28.906,NoButton,Move,1189,505
28.923,28.923,NoButton,Move,1193,504
28.941,28.941,NoButton,Move,1197,503
28.957,28.957,NoButton,Move,1201,501
28.974,28.974,NoButton,Move,1203,499
28.989,28.989,NoButton,Move,1205,498
29.006,29.006,NoButton,Move,1207,497
29.023,29.023,NoButton,Move,1208,495
29.039,29.039,NoButton,Move,1210,494
29.056,29.056,NoButton,Move,1211,492
29.072,29.072,NoButton,Move,1211,492
29.112,29.112,NoButton,Move,1211,492
29.12,29.12,NoButton,Move,1211,492
29.128,29.128,NoButton,Move,1212,492
29.139,29.139,NoButton,Move,1212,492
29.141,29.141,Left,Pressed,1212,492
29.196,29.196,Left,Released,1212,492
29.26,29.26,NoButton,Move,1212,492
29.264,29.264,NoButton,Move,1211,492
29.272,29.272,NoButton,Move,1211,492
29.289,29.289,NoButton,Move,1209,493
29.306,29.306,NoButton,Move,1205,494
29.323,29.323,NoButton,Move,1198,497
29.339,29.339,NoButton,Move,1188,500
29.356,29.356,NoButton,Move,1172,505
29.372,29.372,NoButton,Move,1158,509
29.39,29.39,NoButton,Move,1145,512
29.406,29.406,NoButton,Move,1130,513
29.423,29.423,NoButton,Move,1111,513
29.439,29.439,NoButton,Move,1097,515
29.457,29.457,NoButton,Move,1089,517
29.473,29.473,NoButton,Move,1087,518
29.488,29.488,NoButton,Move,1086,522
29.505,29.505,NoButton,Move,1086,529
29.522,29.522,NoButton,Move,1090,546
29.539,29.539,NoButton,Move,1100,566
29.556,29.556,NoButton,Move,1115,589
29.573,29.573,NoButton,Move,1129,615
29.589,29.589,NoButton,Move,1143,640
29.606,29.606,NoButton,Move,1154,671
29.622,29.622,NoButton,Move,1158,692
29.64,29.64,NoButton,Move,1157,710
29.657,29.657,NoButton,Move,1152,728
29.673,29.673,NoButton,Move,1147,743
29.689,29.689,NoButton,Move,1141,756
29.706,29.706,NoButton,Move,1134,768
29.723,29.723,NoButton,Move,1129,777
29.74,29.74,NoButton,Move,1125,782
29.756,29.756,NoButton,Move,1121,787
29.773,29.773,NoButton,Move,1115,790
29.79,29.79,NoButton,Move,1106,793
29.806,29.806,NoButton,Move,1101,795
29.823,29.823,NoButton,Move,1098,796
29.841,29.841,NoButton,Move,1098,796
29.874,29.874,NoButton,Move,1097,796
29.878,29.878,NoButton,Move,1097,796
29.89,29.89,NoButton,Move,1097,795
29.907,29.907,NoButton,Move,1096,794
29.924,29.924,NoButton,Move,1095,794
29.941,29.941,NoButton,Move,1095,793
29.957,29.957,NoButton,Move,1093,792
29.974,29.974,NoButton,Move,1086,792
29.99,29.99,NoButton,Move,1079,794
30.007,30.007,NoButton,Move,1072,797
30.024,30.024,NoButton,Move,1068,800
30.04,30.04,NoButton,Move,1064,804
30.057,30.057,NoButton,Move,1061,806
30.074,30.074,NoButton,Move,1057,809
30.091,30.091,NoButton,Move,1054,811
30.107,30.107,NoButton,Move,1050,812
30.124,30.124,NoButton,Move,1046,814
30.141,30.141,NoButton,Move,1046,814
30.196,30.196,NoButton,Move,1045,814
30.205,30.205,Left,Pressed,1045,814
30.224,30.224,NoButton,Drag,1045,813
30.231,30.231,NoButton,Drag,1045,813
30.236,30.236,NoButton,Drag,1045,813
30.239,30.239,NoButton,Drag,1045,813
30.243,30.243,NoButton,Drag,1045,812
30.247,30.247,NoButton,Drag,1045,812
30.251,30.251,NoButton,Drag,1045,812
30.255,30.255,NoButton,Drag,1045,811
30.259,30.259,NoButton,Drag,1045,810
30.263,30.263,NoButton,Drag,1045,810
30.267,30.267,NoButton,Drag,1045,809
30.271,30.271,NoButton,Drag,1045,808
30.275,30.275,NoButton,Drag,1045,808
30.279,30.279,NoButton,Drag,1045,807
30.283,30.283,NoButton,Drag,1044,807
30.287,30.287,NoButton,Drag,1044,806
30.291,30.291,NoButton,Drag,1044,805
30.296,30.296,NoButton,Drag,1044,804
30.3,30.3,Left,Released,1044,804
30.3,30.3,NoButton,Move,1044,803
30.307,30.307,NoButton,Move,1044,803
30.324,30.324,NoButton,Move,1043,800
30.34,30.34,NoButton,Move,1043,798
30.358,30.358,NoButton,Move,1042,795
30.374,30.374,NoButton,Move,1041,794
30.391,30.391,NoButton,Move,1041,792
30.408,30.408,NoButton,Move,1040,791
30.424,30.424,NoButton,Move,1040,790
30.442,30.442,NoButton,Move,1039,789
30.458,30.458,NoButton,Move,1038,788
30.475,30.475,NoButton,Move,1036,785
30.492,30.492,NoButton,Move,1033,781
30.508,30.508,NoButton,Move,1030,778
30.525,30.525,NoButton,Move,1027,773
30.542,30.542,NoButton,Move,1027,769
30.558,30.558,NoButton,Move,1026,767
30.575,30.575,NoButton,Move,1026,766
30.608,30.608,NoButton,Move,1026,766
30.612,30.612,NoButton,Move,1027,766
30.617,30.617,Left,Pressed,1027,766
30.617,30.617,NoButton,Drag,1027,767
30.62,30.62,NoButton,Drag,1028,767
30.623,30.623,NoButton,Drag,1029,768
30.628,30.628,NoButton,Drag,1030,769
30.631,30.631,NoButton,Drag,1032,770
30.635,30.635,NoButton,Drag,1033,771
30.64,30.64,NoButton,Drag,1034,772
30.644,30.644,NoButton,Drag,1036,773
30.648,30.648,NoButton,Drag,1037,774
30.652,30.652,NoButton,Drag,1039,775
30.656,30.656,NoButton,Drag,1039,776
30.657,30.657,NoButton,Drag,1041,777
30.661,30.661,NoButton,Drag,1042,778
30.665,30.665,NoButton,Drag,1043,778
30.669,30.669,NoButton,Drag,1043,779
30.673,30.673,NoButton,Drag,1044,780
30.677,30.677,NoButton,Drag,1045,780
30.682,30.682,NoButton,Drag,1046,781
30.686,30.686,NoButton,Drag,1047,781
30.689,30.689,NoButton,Drag,1047,782
30.693,30.693,NoButton,Drag,1048,782
30.702,30.702,NoButton,Drag,1049,782
30.754,30.754,Left,Released,1049,782
30.89,30.89,Left,Pressed,1049,782
30.938,30.938,NoButton,Drag,1048,782
30.946,30.946,NoButton,Drag,1048,782
30.954,30.954,Left,Released,1048,782
30.955,30.955,NoButton,Move,1047,782
30.97,30.97,NoButton,Move,1047,780
30.987,30.987,NoButton,Move,1046,779
31.004,31.004,NoButton,Move,1044,778
31.02,31.02,NoButton,Move,1043,777
31.037,31.037,NoButton,Move,1041,776
31.053,31.053,NoButton,Move,1038,774
31.07,31.07,NoButton,Move,1030,771
31.087,31.087,NoButton,Move,1020,769
31.103,31.103,NoButton,Move,1005,766
31.12,31.12,NoButton,Move,982,764
31.137,31.137,NoButton,Move,950,763
31.154,31.154,NoButton,Move,906,761
31.17,31.17,NoButton,Move,870,758
31.186,31.186,NoButton,Move,833,751
31.203,31.203,NoButton,Move,807,744
31.22,31.22,NoButton,Move,797,739
31.24,31.24,NoButton,Move,797,735
31.257,31.257,NoButton,Move,801,731
31.273,31.273,NoButton,Move,814,724
31.29,31.29,NoButton,Move,850,717
31.306,31.306,NoButton,Move,912,713
31.323,31.323,NoButton,Move,989,713
31.34,31.34,NoButton,Move,1093,712
31.357,31.357,NoButton,Move,1179,712
31.374,31.374,NoButton,Move,1255,714
31.39,31.39,NoButton,Move,1315,717
31.407,31.407,NoButton,Move,1363,724
31.424,31.424,NoButton,Move,1405,733
31.44,31.44,NoButton,Move,1426,740
31.457,31.457,NoButton,Move,1439,748
31.475,31.475,NoButton,Move,1439,755
31.492,31.492,NoButton,Move,1439,762
31.509,31.509,NoButton,Move,1439,766
31.526,31.526,NoButton,Move,1439,770
31.542,31.542,NoButton,Move,1439,775
31.559,31.559,NoButton,Move,1439,778
31.576,31.576,NoButton,Move,1439,782
31.593,31.593,NoButton,Move,1438,785
31.609,31.609,NoButton,Move,1437,788
31.626,31.626,NoButton,Move,1435,790
31.643,31.643,NoButton,Move,1431,792
31.659,31.659,NoButton,Move,1422,794
31.676,31.676,NoButton,Move,1405,797
31.693,31.693,NoButton,Move,1395,800
31.709,31.709,NoButton,Move,1387,802
31.727,31.727,NoButton,Move,1382,803
31.743,31.743,NoButton,Move,1379,804
31.76,31.76,NoButton,Move,1376,806
31.777,31.777,NoButton,Move,1375,806
31.794,31.794,NoButton,Move,1374,807
31.811,31.811,NoButton,Move,1374,808
31.827,31.827,NoButton,Move,1374,808
31.834,31.834,Left,Pressed,1374,808
31.914,31.914,Left,Released,1374,808
31.915,31.915,NoButton,Move,1374,808
31.927,31.927,NoButton,Move,1374,807
31.944,31.944,NoButton,Move,1374,807
31.96,31.96,NoButton,Move,1374,806
31.977,31.977,NoButton,Move,1374,805
32.002,32.002,NoButton,Move,1374,805
32.034,32.034,NoButton,Move,1374,805
32.046,32.046,NoButton,Move,1375,805
32.07,32.07,NoButton,Move,1375,805
32.078,32.078,Left,Pressed,1375,805
32.126,32.126,Left,Released,1375,805
32.166,32.166,NoButton,Move,1374,805
32.17,32.17,NoButton,Move,1374,805
32.174,32.174,NoButton,Move,1373,805
32.189,32.189,NoButton,Move,1367,805
32.206,32.206,NoButton,Move,1346,803
32.223,32.223,NoButton,Move,1314,798
32.239,32.239,NoButton,Move,1262,791
32.257,32.257,NoButton,Move,1192,781
32.273,32.273,NoButton,Move,1103,764
32.29,32.29,NoButton,Move,950,738
32.307,32.307,NoButton,Move,812,712
32.324,32.324,NoButton,Move,679,680
32.34,32.34,NoButton,Move,562,649
32.357,32.357,NoButton,Move,467,619
32.374,32.374,NoButton,Move,367,583
32.39,32.39,NoButton,Move,307,560
32.407,32.407,NoButton,Move,267,544
32.424,32.424,NoButton,Move,240,529
32.44,32.44,NoButton,Move,229,521
32.457,32.457,NoButton,Move,225,517
32.474,32.474,NoButton,Move,225,515
32.489,32.489,NoButton,Move,224,512
32.506,32.506,NoButton,Move,224,509
32.522,32.522,NoButton,Move,224,504
32.538,32.538,NoButton,Move,223,499
32.555,32.555,NoButton,Move,222,492
32.572,32.572,NoButton,Move,220,482
32.588,32.588,NoButton,Move,219,473
32.605,32.605,NoButton,Move,219,466
32.622,32.622,NoButton,Move,223,460
32.639,32.639,NoButton,Move,232,454
32.655,32.655,NoButton,Move,246,449
32.672,32.672,NoButton,Move,273,443
32.689,32.689,NoButton,Move,298,442
32.707,32.707,NoButton,Move,320,441
32.722,32.722,NoButton,Move,337,440
32.738,32.738,NoButton,Move,348,439
32.756,32.756,NoButton,Move,352,438
32.788,32.788,NoButton,Move,352,438
32.796,32.796,NoButton,Move,352,438
32.805,32.805,NoButton,Move,351,438
32.823,32.823,NoButton,Move,349,437
32.839,32.839,NoButton,Move,348,437
32.856,32.856,NoButton,Move,346,436
32.872,32.872,NoButton,Move,345,435
32.889,32.889,NoButton,Move,345,434
32.906,32.906,NoButton,Move,345,433
32.924,32.924,NoButton,Move,345,433
32.94,32.94,NoButton,Move,345,433
32.958,32.958,Left,Pressed,345,433
33.066,33.066,NoButton,Drag,345,432
33.07,33.07,Left,Released,345,432
33.122,33.122,NoButton,Move,345,432
33.134,33.134,NoButton,Move,345,432
33.15,33.15,NoButton,Move,345,432
33.218,33.218,NoButton,Move,345,432
33.222,33.222,NoButton,Move,345,432
33.239,33.239,NoButton,Move,344,436
33.256,33.256,NoButton,Move,342,441
33.272,33.272,NoButton,Move,339,446
33.289,33.289,NoButton,Move,335,451
33.306,33.306,NoButton,Move,331,457
33.322,33.322,NoButton,Move,330,463
33.339,33.339,NoButton,Move,328,470
33.356,33.356,NoButton,Move,326,480
33.373,33.373,NoButton,Move,325,493
33.389,33.389,NoButton,Move,325,510
33.406,33.406,NoButton,Move,328,535
33.423,33.423,NoButton,Move,333,553
33.44,33.44,NoButton,Move,338,569
33.457,33.457,NoButton,Move,341,580
33.473,33.473,NoButton,Move,343,588
33.489,33.489,NoButton,Move,343,592
33.506,33.506,NoButton,Move,343,595
33.522,33.522,NoButton,Move,342,596
33.539,33.539,NoButton,Move,341,596
33.596,33.596,Left,Pressed,341,596
33.708,33.708,NoButton,Drag,341,596
33.724,33.724,NoButton,Drag,341,596
33.736,33.736,Left,Released,341,596
33.744,33.744,NoButton,Move,341,595
33.752,33.752,NoButton,Move,341,595
33.764,33.764,NoButton,Move,341,595
33.774,33.774,NoButton,Move,341,595
33.791,33.791,NoButton,Move,341,594
33.808,33.808,NoButton,Move,342,594
33.824,33.824,NoButton,Move,347,596
33.842,33.842,NoButton,Move,355,601
33.858,33.858,NoButton,Move,363,607
33.875,33.875,NoButton,Move,369,613
33.892,33.892,NoButton,Move,376,623
33.908,33.908,NoButton,Move,380,630
33.925,33.925,NoButton,Move,384,636
33.942,33.942,NoButton,Move,386,640
33.945,33.945,Left,Pressed,386,640
33.945,33.945,NoButton,Drag,386,640
33.948,33.948,NoButton,Drag,387,641
33.951,33.951,NoButton,Drag,387,642
33.955,33.955,NoButton,Drag,387,642
33.96,33.96,NoButton,Drag,388,643
33.963,33.963,NoButton,Drag,388,643
33.967,33.967,NoButton,Drag,388,644
33.971,33.971,NoButton,Drag,388,644
33.975,33.975,NoButton,Drag,388,644
33.98,33.98,NoButton,Drag,388,644
34.008,34.008,NoButton,Drag,389,645
34.104,34.104,NoButton,Drag,389,644
34.112,34.112,NoButton,Drag,389,644
34.118,34.118,NoButton,Drag,389,644
34.122,34.122,NoButton,Drag,389,644
34.13,34.13,Left,Released,389,644
34.131,34.131,NoButton,Move,388,643
34.154,34.154,NoButton,Move,388,643
34.162,34.162,NoButton,Move,388,643
34.177,34.177,NoButton,Move,388,643
34.194,34.194,NoButton,Move,388,642
34.21,34.21,NoButton,Move,388,640
34.227,34.227,NoButton,Move,387,640
34.243,34.243,NoButton,Move,387,639
34.261,34.261,NoButton,Move,387,638
34.277,34.277,NoButton,Move,387,637
34.293,34.293,NoButton,Move,387,636
34.31,34.31,NoButton,Move,387,635
34.328,34.328,NoButton,Move,386,635
34.344,34.344,NoButton,Move,384,633
34.361,34.361,NoButton,Move,381,632
34.377,34.377,NoButton,Move,381,631
34.394,34.394,NoButton,Move,381,627
34.411,34.411,NoButton,Move,385,621
34.427,34.427,NoButton,Move,395,610
34.444,34.444,NoButton,Move,410,595
34.461,34.461,NoButton,Move,428,574
34.478,34.478,NoButton,Move,451,542
34.493,34.493,NoButton,Move,465,521
34.51,34.51,NoButton,Move,489,481
34.527,34.527,NoButton,Move,509,449
34.544,34.544,NoButton,Move,533,416
34.56,34.56,NoButton,Move,560,382
34.577,34.577,NoButton,Move,588,351
34.594,34.594,NoButton,Move,622,314
34.61,34.61,NoButton,Move,651,283
34.628,34.628,NoButton,Move,680,254
34.644,34.644,NoButton,Move,708,225
34.661,34.661,NoButton,Move,735,201
34.677,34.677,NoButton,Move,757,183
34.694,34.694,NoButton,Move,775,167
34.711,34.711,NoButton,Move,785,157
34.727,34.727,NoButton,Move,793,150
34.743,34.743,NoButton,Move,799,145
34.761,34.761,NoButton,Move,803,142
34.777,34.777,NoButton,Move,804,142
34.828,34.828,NoButton,Move,804,142
34.832,34.832,NoButton,Move,804,142
34.844,34.844,NoButton,Move,806,142
34.861,34.861,NoButton,Move,813,142
34.878,34.878,NoButton,Move,824,142
34.895,34.895,NoButton,Move,836,141
34.911,34.911,NoButton,Move,849,137
34.927,34.927,NoButton,Move,862,132
34.944,34.944,NoButton,Move,878,124
34.962,34.962,NoButton,Move,891,117
34.978,34.978,NoButton,Move,904,109
34.993,34.993,NoButton,Move,913,104
35.01,35.01,NoButton,Move,917,101
35.027,35.027,NoButton,Move,917,100
35.081,35.081,Left,Pressed,917,100
35.184,35.184,Left,Released,917,100
35.208,35.208,NoButton,Move,917,100
35.216,35.216,NoButton,Move,917,100
35.227,35.227,NoButton,Move,916,101
35.243,35.243,NoButton,Move,913,102
35.261,35.261,NoButton,Move,908,106
35.277,35.277,NoButton,Move,903,108
35.294,35.294,NoButton,Move,897,112
35.311,35.311,NoButton,Move,893,116
35.327,35.327,NoButton,Move,890,119
35.344,35.344,NoButton,Move,888,121
35.361,35.361,NoButton,Move,887,123
35.377,35.377,NoButton,Move,886,125
35.387,35.387,NoButton,Move,886,125
35.394,35.394,Left,Pressed,886,125
35.395,35.395,NoButton,Drag,886,126
35.398,35.398,NoButton,Drag,886,126
35.402,35.402,NoButton,Drag,886,126
35.518,35.518,Left,Released,886,126
35.558,35.558,NoButton,Move,886,126
35.562,35.562,NoButton,Move,886,126
35.566,35.566,NoButton,Move,886,126
35.581,35.581,NoButton,Move,885,127
35.597,35.597,NoButton,Move,882,129
35.614,35.614,NoButton,Move,877,135
35.631,35.631,NoButton,Move,872,142
35.647,35.647,NoButton,Move,865,153
35.664,35.664,NoButton,Move,856,166
35.681,35.681,NoButton,Move,848,181
35.697,35.697,NoButton,Move,842,198
35.714,35.714,NoButton,Move,837,219
35.732,35.732,NoButton,Move,835,236
35.747,35.747,NoButton,Move,834,255
35.765,35.765,NoButton,Move,830,275
35.781,35.781,NoButton,Move,823,299
35.8,35.8,NoButton,Move,808,331
35.816,35.816,NoButton,Move,790,356
35.833,35.833,NoButton,Move,765,384
35.85,35.85,NoButton,Move,729,421
35.866,35.866,NoButton,Move,699,450
35.883,35.883,NoButton,Move,671,477
35.9,35.9,NoButton,Move,647,504
35.917,35.917,NoButton,Move,634,525
35.934,35.934,NoButton,Move,625,552
35.951,35.951,NoButton,Move,616,586
35.967,35.967,NoButton,Move,609,622
35.984,35.984,NoButton,Move,600,669
36,36,NoButton,Move,591,703
36.017,36.017,NoButton,Move,582,731
36.034,36.034,NoButton,Move,574,753
36.051,36.051,NoButton,Move,565,771
36.067,36.067,NoButton,Move,556,783
36.084,36.084,NoButton,Move,547,792
36.101,36.101,NoButton,Move,543,797
36.118,36.118,NoButton,Move,539,799
36.135,36.135,NoButton,Move,535,801
36.151,36.151,NoButton,Move,528,802
36.168,36.168,NoButton,Move,515,802
36.184,36.184,NoButton,Move,502,802
36.201,36.201,NoButton,Move,486,802
36.218,36.218,NoButton,Move,467,805
36.235,36.235,NoButton,Move,447,809
36.252,36.252,NoButton,Move,427,814
36.268,36.268,NoButton,Move,415,816
36.285,36.285,NoButton,Move,405,816
36.301,36.301,NoButton,Move,399,816
36.318,36.318,NoButton,Move,394,816
36.335,36.335,NoButton,Move,393,815
36.352,36.352,NoButton,Move,391,814
36.368,36.368,NoButton,Move,389,813
36.386,36.386,NoButton,Move,389,812
36.402,36.402,NoButton,Move,388,810
36.419,36.419,NoButton,Move,387,809
36.436,36.436,NoButton,Move,387,806
36.453,36.453,NoButton,Move,386,802
36.469,36.469,NoButton,Move,384,795
36.485,36.485,NoButton,Move,382,786
36.502,36.502,NoButton,Move,376,776
36.519,36.519,NoButton,Move,372,769
36.536,36.536,NoButton,Move,370,765
36.553,36.553,NoButton,Move,368,764
36.569,36.569,NoButton,Move,367,764
36.586,36.586,NoButton,Move,364,764
36.602,36.602,NoButton,Move,360,764
36.62,36.62,NoButton,Move,353,765
36.636,36.636,NoButton,Move,346,766
36.653,36.653,NoButton,Move,337,768
36.67,36.67,NoButton,Move,327,768
36.687,36.687,NoButton,Move,323,769
36.703,36.703,NoButton,Move,322,769
36.738,36.738,NoButton,Move,322,769
36.746,36.746,Left,Pressed,322,769
36.858,36.858,NoButton,Drag,322,769
36.891,36.891,Left,Released,322,769
36.891,36.891,NoButton,Move,322,769
36.902,36.902,NoButton,Move,322,768
36.92,36.92,NoButton,Move,322,768
36.936,36.936,NoButton,Move,322,767
36.953,36.953,NoButton,Move,323,766
36.969,36.969,NoButton,Move,324,765
36.986,36.986,NoButton,Move,328,765
37.002,37.002,NoButton,Move,332,765
37.019,37.019,NoButton,Move,336,765
37.035,37.035,NoButton,Move,340,765
37.053,37.053,NoButton,Move,340,765
37.06,37.06,Left,Pressed,340,765
37.097,37.097,NoButton,Drag,341,765
37.144,37.144,NoButton,Drag,341,765
37.148,37.148,NoButton,Drag,341,765
37.152,37.152,NoButton,Drag,341,765
37.156,37.156,NoButton,Drag,342,764
37.16,37.16,NoButton,Drag,342,764
37.164,37.164,Left,Released,342,764
37.165,37.165,NoButton,Move,344,764
37.168,37.168,NoButton,Move,345,764
37.183,37.183,NoButton,Move,351,762
37.199,37.199,NoButton,Move,365,758
37.216,37.216,NoButton,Move,395,751
37.233,37.233,NoButton,Move,435,742
37.249,37.249,NoButton,Move,489,732
37.267,37.267,NoButton,Move,557,727
37.283,37.283,NoButton,Move,639,722
37.3,37.3,NoButton,Move,767,720
37.316,37.316,NoButton,Move,884,718
37.334,37.334,NoButton,Move,988,717
37.35,37.35,NoButton,Move,1067,716
37.367,37.367,NoButton,Move,1134,716
37.383,37.383,NoButton,Move,1188,719
37.4,37.4,NoButton,Move,1236,727
37.417,37.417,NoButton,Move,1262,734
37.434,37.434,NoButton,Move,1282,740
37.451,37.451,NoButton,Move,1298,744
37.467,37.467,NoButton,Move,1314,748
37.484,37.484,NoButton,Move,1327,751
37.498,37.498,NoButton,Move,1332,751
37.515,37.515,NoButton,Move,1335,751
37.532,37.532,NoButton,Move,1335,751
37.549,37.549,NoButton,Move,1333,750
37.566,37.566,NoButton,Move,1326,746
37.583,37.583,NoButton,Move,1315,743
37.599,37.599,NoButton,Move,1303,739
37.615,37.615,NoButton,Move,1294,737
37.633,37.633,NoButton,Move,1286,734
37.649,37.649,NoButton,Move,1279,731
37.666,37.666,NoButton,Move,1270,725
37.683,37.683,NoButton,Move,1263,720
37.699,37.699,NoButton,Move,1260,718
37.716,37.716,NoButton,Move,1259,716
37.733,37.733,NoButton,Move,1258,714
37.751,37.751,NoButton,Move,1258,711
37.768,37.768,NoButton,Move,1258,709
37.785,37.785,NoButton,Move,1257,706
37.801,37.801,NoButton,Move,1257,703
37.818,37.818,NoButton,Move,1257,700
37.835,37.835,NoButton,Move,1256,698
37.852,37.852,NoButton,Move,1256,697
37.882,37.882,Left,Pressed,1256,697
38.006,38.006,Left,Released,1256,697
38.034,38.034,NoButton,Move,1256,697
38.038,38.038,NoButton,Move,1255,697
38.042,38.042,NoButton,Move,1255,697
38.053,38.053,NoButton,Move,1254,696
38.069,38.069,NoButton,Move,1253,695
38.086,38.086,NoButton,Move,1250,693
38.102,38.102,NoButton,Move,1248,692
38.12,38.12,NoButton,Move,1246,691
38.137,38.137,NoButton,Move,1244,690
38.153,38.153,NoButton,Move,1242,689
38.17,38.17,NoButton,Move,1239,688
38.186,38.186,NoButton,Move,1233,688
38.203,38.203,NoButton,Move,1222,689
38.22,38.22,NoButton,Move,1197,694
38.237,38.237,NoButton,Move,1168,700
38.254,38.254,NoButton,Move,1122,706
38.27,38.27,NoButton,Move,1061,710
38.288,38.288,NoButton,Move,969,712
38.304,38.304,NoButton,Move,895,712
38.321,38.321,NoButton,Move,829,710
38.338,38.338,NoButton,Move,778,705
38.354,38.354,NoButton,Move,741,698
38.371,38.371,NoButton,Move,719,692
38.388,38.388,NoButton,Move,705,684
38.405,38.405,NoButton,Move,699,678
38.421,38.421,NoButton,Move,694,671
38.438,38.438,NoButton,Move,690,663
38.455,38.455,NoButton,Move,685,652
38.471,38.471,NoButton,Move,678,639
38.489,38.489,NoButton,Move,664,616
38.506,38.506,NoButton,Move,649,595
38.522,38.522,NoButton,Move,631,571
38.538,38.538,NoButton,Move,614,546
38.556,38.556,NoButton,Move,598,519
38.572,38.572,NoButton,Move,590,500
38.588,38.588,NoButton,Move,587,483
38.606,38.606,NoButton,Move,586,470
38.623,38.623,NoButton,Move,588,459
38.639,38.639,NoButton,Move,590,451
38.656,38.656,NoButton,Move,593,444
38.672,38.672,NoButton,Move,595,441
38.689,38.689,NoButton,Move,597,439
38.706,38.706,NoButton,Move,598,438
38.722,38.722,NoButton,Move,602,437
38.74,38.74,NoButton,Move,607,437
38.757,38.757,NoButton,Move,614,437
38.773,38.773,NoButton,Move,624,437
38.79,38.79,NoButton,Move,639,437
38.806,38.806,NoButton,Move,654,437
38.824,38.824,NoButton,Move,670,437
38.84,38.84,NoButton,Move,684,435
38.857,38.857,NoButton,Move,696,433
38.873,38.873,NoButton,Move,703,432
38.89,38.89,NoButton,Move,708,431
38.907,38.907,NoButton,Move,710,431
38.966,38.966,NoButton,Move,710,431
38.986,38.986,NoButton,Move,711,431
38.998,38.998,NoButton,Move,711,431
39.014,39.014,NoButton,Move,711,431
39.018,39.018,Left,Pressed,711,431
39.046,39.046,NoButton,Drag,711,431
39.098,39.098,NoButton,Drag,711,431
39.102,39.102,NoButton,Drag,711,431
39.11,39.11,NoButton,Drag,711,430
39.113,39.113,NoButton,Drag,710,430
39.117,39.117,NoButton,Drag,710,430
39.121,39.121,NoButton,Drag,709,430
39.125,39.125,NoButton,Drag,709,430
39.13,39.13,Left,Released,709,430
39.131,39.131,NoButton,Move,708,430
39.141,39.141,NoButton,Move,708,430
39.157,39.157,NoButton,Move,704,431
39.174,39.174,NoButton,Move,697,434
39.191,39.191,NoButton,Move,691,437
39.208,39.208,NoButton,Move,684,443
39.224,39.224,NoButton,Move,679,450
39.242,39.242,NoButton,Move,673,458
39.258,39.258,NoButton,Move,672,463
39.274,39.274,NoButton,Move,671,468
39.286,39.286,NoButton,Move,671,469
39.291,39.291,Left,Pressed,671,469
39.292,39.292,NoButton,Drag,671,470
39.293,39.293,NoButton,Drag,671,470
39.368,39.368,NoButton,Drag,671,470
39.372,39.372,NoButton,Drag,671,469
39.376,39.376,NoButton,Drag,671,469
39.38,39.38,NoButton,Drag,671,469
39.384,39.384,NoButton,Drag,671,469
39.388,39.388,NoButton,Drag,670,468
39.392,39.392,NoButton,Drag,670,468
39.396,39.396,NoButton,Drag,670,468
39.4,39.4,NoButton,Drag,670,467
39.403,39.403,NoButton,Drag,670,467
39.407,39.407,NoButton,Drag,669,467
39.412,39.412,Left,Released,669,467
39.413,39.413,NoButton,Move,669,466
39.423,39.423,NoButton,Move,669,466
39.439,39.439,NoButton,Move,668,465
39.456,39.456,NoButton,Move,668,465
39.473,39.473,NoButton,Move,668,464
39.49,39.49,NoButton,Move,668,464
39.716,39.716,NoButton,Move,668,464
39.724,39.724,NoButton,Move,669,464
39.74,39.74,NoButton,Move,670,465
39.757,39.757,NoButton,Move,671,466
39.774,39.774,NoButton,Move,672,467
39.791,39.791,NoButton,Move,674,467
39.808,39.808,NoButton,Move,675,467
39.824,39.824,NoButton,Move,676,467
39.841,39.841,NoButton,Move,677,467
39.858,39.858,NoButton,Move,678,466
39.874,39.874,NoButton,Move,679,465
39.892,39.892,NoButton,Move,681,464
39.908,39.908,NoButton,Move,682,463
39.925,39.925,NoButton,Move,685,463
39.942,39.942,NoButton,Move,687,462
39.959,39.959,NoButton,Move,688,462
39.99,39.99,NoButton,Move,688,462
39.994,39.994,Left,Pressed,688,462
40.074,40.074,Left,Released,688,462
40.226,40.226,NoButton,Move,688,462
40.23,40.23,NoButton,Move,687,462
40.238,40.238,NoButton,Move,687,462
40.256,40.256,NoButton,Move,685,462
40.273,40.273,NoButton,Move,683,464
40.288,40.288,NoButton,Move,681,467
40.305,40.305,NoButton,Move,681,470
40.322,40.322,NoButton,Move,683,474
40.339,40.339,NoButton,Move,688,478
40.356,40.356,NoButton,Move,695,480
40.373,40.373,NoButton,Move,704,481
40.389,40.389,NoButton,Move,716,481
40.406,40.406,NoButton,Move,738,478
40.422,40.422,NoButton,Move,754,473
40.44,40.44,NoButton,Move,773,468
40.456,40.456,NoButton,Move,795,462
40.473,40.473,NoButton,Move,809,458
40.49,40.49,NoButton,Move,820,455
40.506,40.506,NoButton,Move,830,453
40.523,40.523,NoButton,Move,839,451
40.54,40.54,NoButton,Move,846,451
40.557,40.557,NoButton,Move,851,451
40.574,40.574,NoButton,Move,854,451
40.591,40.591,NoButton,Move,856,452
40.607,40.607,NoButton,Move,859,455
40.623,40.623,NoButton,Move,861,457
40.64,40.64,NoButton,Move,863,458
40.657,40.657,NoButton,Move,863,459
40.674,40.674,NoButton,Move,863,459
40.69,40.69,NoButton,Move,863,459
40.793,40.793,Left,Pressed,863,459
40.8,40.8,NoButton,Drag,863,460
40.94,40.94,Left,Released,863,460
40.972,40.972,NoButton,Move,863,460
40.98,40.98,NoButton,Move,863,460
40.993,40.993,NoButton,Move,864,459
41.01,41.01,NoButton,Move,864,459
41.026,41.026,NoButton,Move,866,459
41.044,41.044,NoButton,Move,868,458
41.061,41.061,NoButton,Move,870,458
41.077,41.077,NoButton,Move,873,458
41.093,41.093,NoButton,Move,876,458
41.11,41.11,NoButton,Move,880,458
41.128,41.128,NoButton,Move,883,458
41.144,41.144,NoButton,Move,884,458
41.16,41.16,NoButton,Move,884,458
41.371,41.371,Left,Pressed,884,458
41.502,41.502,NoButton,Drag,884,458
41.506,41.506,Left,Released,884,458
41.507,41.507,NoButton,Move,883,458
41.512,41.512,NoButton,Move,883,457
41.53,41.53,NoButton,Move,882,457
41.545,41.545,NoButton,Move,879,456
41.562,41.562,NoButton,Move,870,454
41.579,41.579,NoButton,Move,859,452
41.596,41.596,NoButton,Move,848,452
41.612,41.612,NoButton,Move,837,452
41.629,41.629,NoButton,Move,830,453
41.646,41.646,NoButton,Move,826,453
41.663,41.663,NoButton,Move,824,454
41.679,41.679,NoButton,Move,822,455
41.696,41.696,NoButton,Move,820,456
41.714,41.714,NoButton,Move,819,457
41.776,41.776,NoButton,Move,819,457
41.78,41.78,NoButton,Move,819,457
41.784,41.784,NoButton,Move,819,457
41.797,41.797,NoButton,Move,822,453
41.814,41.814,NoButton,Move,830,445
41.832,41.832,NoButton,Move,843,432
41.848,41.848,NoButton,Move,858,415
41.864,41.864,NoButton,Move,876,393
41.881,41.881,NoButton,Move,888,373
41.898,41.898,NoButton,Move,894,353
41.915,41.915,NoButton,Move,899,335
41.931,41.931,NoButton,Move,900,318
41.948,41.948,NoButton,Move,898,300
41.965,41.965,NoButton,Move,895,286
41.982,41.982,NoButton,Move,891,273
41.999,41.999,NoButton,Move,887,261
42.015,42.015,NoButton,Move,883,249
42.032,42.032,NoButton,Move,876,233
42.049,42.049,NoButton,Move,870,223
42.065,42.065,NoButton,Move,864,212
42.083,42.083,NoButton,Move,858,203
42.099,42.099,NoButton,Move,853,193
42.116,42.116,NoButton,Move,846,181
42.132,42.132,NoButton,Move,842,173
42.15,42.15,NoButton,Move,840,166
42.166,42.166,NoButton,Move,839,160
42.182,42.182,NoButton,Move,838,151
42.2,42.2,NoButton,Move,839,145
42.217,42.217,NoButton,Move,841,139
42.233,42.233,NoButton,Move,842,135
42.249,42.249,NoButton,Move,844,131
42.266,42.266,NoButton,Move,847,127
42.283,42.283,NoButton,Move,850,125
42.299,42.299,NoButton,Move,853,123
42.316,42.316,NoButton,Move,856,121
42.333,42.333,NoButton,Move,859,120
42.35,42.35,NoButton,Move,866,118
42.366,42.366,NoButton,Move,872,116
42.384,42.384,NoButton,Move,878,115
42.4,42.4,NoButton,Move,886,113
42.416,42.416,NoButton,Move,895,111
42.433,42.433,NoButton,Move,904,109
42.45,42.45,NoButton,Move,912,107
42.467,42.467,NoButton,Move,918,106
42.483,42.483,NoButton,Move,923,105
42.501,42.501,NoButton,Move,926,104
42.526,42.526,NoButton,Move,926,104
42.534,42.534,NoButton,Move,926,104
42.551,42.551,NoButton,Move,927,105
42.568,42.568,NoButton,Move,927,105
42.586,42.586,Left,Pressed,927,105
42.587,42.587,NoButton,Drag,928,105
42.658,42.658,Left,Released,928,105
42.686,42.686,NoButton,Move,928,106
42.698,42.698,NoButton,Move,927,106
42.702,42.702,NoButton,Move,927,106
42.717,42.717,NoButton,Move,926,106
42.734,42.734,NoButton,Move,923,108
42.75,42.75,NoButton,Move,920,110
42.767,42.767,NoButton,Move,916,113
42.784,42.784,NoButton,Move,913,116
42.801,42.801,NoButton,Move,911,119
42.817,42.817,NoButton,Move,910,122
42.834,42.834,NoButton,Move,908,126
42.851,42.851,NoButton,Move,906,131
42.868,42.868,NoButton,Move,902,137
42.884,42.884,NoButton,Move,894,151
42.901,42.901,NoButton,Move,885,168
42.918,42.918,NoButton,Move,870,189
42.935,42.935,NoButton,Move,850,216
42.951,42.951,NoButton,Move,831,243
42.968,42.968,NoButton,Move,810,281
42.984,42.984,NoButton,Move,799,309
43.002,43.002,NoButton,Move,792,335
43.018,43.018,NoButton,Move,787,359
43.035,43.035,NoButton,Move,781,384
43.052,43.052,NoButton,Move,774,416
43.069,43.069,NoButton,Move,767,440
43.085,43.085,NoButton,Move,760,467
43.102,43.102,NoButton,Move,748,494
43.119,43.119,NoButton,Move,735,521
43.136,43.136,NoButton,Move,724,549
43.153,43.153,NoButton,Move,718,566
43.169,43.169,NoButton,Move,715,579
43.186,43.186,NoButton,Move,712,589
43.203,43.203,NoButton,Move,711,596
43.22,43.22,NoButton,Move,709,600
43.236,43.236,NoButton,Move,707,602
43.253,43.253,NoButton,Move,704,605
43.27,43.27,NoButton,Move,700,606
43.287,43.287,NoButton,Move,695,608
43.303,43.303,NoButton,Move,687,610
43.32,43.32,NoButton,Move,676,612
43.337,43.337,NoButton,Move,670,614
43.353,43.353,NoButton,Move,667,614
43.37,43.37,NoButton,Move,667,614
43.387,43.387,NoButton,Move,666,614
43.403,43.403,NoButton,Move,666,613
43.42,43.42,NoButton,Move,665,612
43.437,43.437,NoButton,Move,665,609
43.453,43.453,NoButton,Move,664,603
43.47,43.47,NoButton,Move,664,595
43.487,43.487,NoButton,Move,665,589
43.503,43.503,NoButton,Move,666,583
43.52,43.52,NoButton,Move,668,578
43.537,43.537,NoButton,Move,668,576
43.566,43.566,Left,Pressed,668,576
43.706,43.706,Left,Released,668,576
43.71,43.71,NoButton,Move,668,576
43.874,43.874,NoButton,Move,668,576
43.878,43.878,NoButton,Move,668,576
43.886,43.886,NoButton,Move,667,576
43.903,43.903,NoButton,Move,664,577
43.92,43.92,NoButton,Move,654,580
43.937,43.937,NoButton,Move,639,584
43.953,43.953,NoButton,Move,620,590
43.97,43.97,NoButton,Move,596,598
43.987,43.987,NoButton,Move,563,608
44,44,NoButton,Move,519,623
44.018,44.018,NoButton,Move,466,640
44.034,44.034,NoButton,Move,413,660
44.051,44.051,NoButton,Move,368,676
44.068,44.068,NoButton,Move,331,692
44.084,44.084,NoButton,Move,316,701
44.101,44.101,NoButton,Move,308,708
44.118,44.118,NoButton,Move,307,711
44.132,44.132,NoButton,Move,306,711
44.135,44.135,Left,Pressed,306,711
44.135,44.135,NoButton,Drag,306,712
44.14,44.14,NoButton,Drag,306,712
44.152,44.152,NoButton,Drag,307,712
44.156,44.156,NoButton,Drag,307,712
44.16,44.16,NoButton,Drag,307,712
44.164,44.164,NoButton,Drag,307,712
44.168,44.168,NoButton,Drag,308,712
44.171,44.171,NoButton,Drag,308,712
44.175,44.175,NoButton,Drag,308,711
44.179,44.179,NoButton,Drag,309,711
44.183,44.183,NoButton,Drag,309,710
44.187,44.187,NoButton,Drag,310,710
44.191,44.191,NoButton,Drag,311,709
44.196,44.196,NoButton,Drag,312,709
44.2,44.2,NoButton,Drag,313,708
44.203,44.203,NoButton,Drag,313,708
44.207,44.207,NoButton,Drag,315,707
44.212,44.212,NoButton,Drag,316,706
44.216,44.216,Left,Released,316,706
44.217,44.217,NoButton,Move,318,706
44.234,44.234,NoButton,Move,326,703
44.25,44.25,NoButton,Move,338,701
44.267,44.267,NoButton,Move,351,698
44.283,44.283,NoButton,Move,364,696
44.3,44.3,NoButton,Move,379,693
44.318,44.318,NoButton,Move,388,691
44.334,44.334,NoButton,Move,395,689
44.351,44.351,NoButton,Move,399,689
44.367,44.367,NoButton,Move,400,688
44.384,44.384,NoButton,Move,400,688
44.408,44.408,NoButton,Move,401,688
44.417,44.417,NoButton,Move,401,688
44.434,44.434,NoButton,Move,402,688
44.451,44.451,NoButton,Move,405,689
44.468,44.468,NoButton,Move,410,690
44.485,44.485,NoButton,Move,415,690
44.498,44.498,NoButton,Move,420,690
44.516,44.516,NoButton,Move,424,691
44.533,44.533,NoButton,Move,424,691
44.55,44.55,NoButton,Move,425,691
44.565,44.565,NoButton,Move,425,692
44.578,44.578,NoButton,Move,425,692
44.582,44.582,Left,Pressed,425,692
44.583,44.583,NoButton,Drag,426,692
44.59,44.59,NoButton,Drag,426,692
44.678,44.678,Left,Released,426,692
44.734,44.734,NoButton,Move,426,692
44.738,44.738,NoButton,Move,425,692
44.747,44.747,NoButton,Move,425,691
44.764,44.764,NoButton,Move,424,690
44.781,44.781,NoButton,Move,423,690
44.797,44.797,NoButton,Move,421,689
44.814,44.814,NoButton,Move,420,689
44.858,44.858,NoButton,Move,420,689
44.874,44.874,NoButton,Move,420,689
44.89,44.89,NoButton,Move,420,689
44.902,44.902,NoButton,Move,420,690
44.914,44.914,NoButton,Move,421,691
44.931,44.931,NoButton,Move,425,693
44.948,44.948,NoButton,Move,437,699
44.965,44.965,NoButton,Move,463,706
44.981,44.981,NoButton,Move,503,716
44.998,44.998,NoButton,Move,558,723
45.015,45.015,NoButton,Move,600,724
45.033,45.033,NoButton,Move,637,723
45.049,45.049,NoButton,Move,675,718
45.065,45.065,NoButton,Move,724,707
45.083,45.083,NoButton,Move,758,698
45.099,45.099,NoButton,Move,787,690
45.116,45.116,NoButton,Move,818,681
45.132,45.132,NoButton,Move,844,674
45.15,45.15,NoButton,Move,870,667
45.166,45.166,NoButton,Move,897,661
45.183,45.183,NoButton,Move,922,657
45.199,45.199,NoButton,Move,940,655
45.216,45.216,NoButton,Move,949,655
45.233,45.233,NoButton,Move,950,655
45.26,45.26,NoButton,Move,950,655
45.266,45.266,NoButton,Move,950,655
45.283,45.283,NoButton,Move,949,656
45.3,45.3,NoButton,Move,946,657
45.316,45.316,NoButton,Move,940,658
45.334,45.334,NoButton,Move,935,659
45.35,45.35,NoButton,Move,932,659
45.424,45.424,NoButton,Move,932,659
45.428,45.428,NoButton,Move,933,659
45.434,45.434,NoButton,Move,933,659
45.451,45.451,NoButton,Move,936,658
45.467,45.467,NoButton,Move,941,657
45.484,45.484,NoButton,Move,951,655
45.5,45.5,NoButton,Move,960,652
45.516,45.516,NoButton,Move,967,650
45.532,45.532,NoButton,Move,976,648
45.548,45.548,NoButton,Move,983,646
45.565,45.565,NoButton,Move,989,645
45.582,45.582,NoButton,Move,994,643
45.599,45.599,NoButton,Move,997,642
45.615,45.615,NoButton,Move,998,642
45.632,45.632,NoButton,Move,998,642
45.649,45.649,NoButton,Move,999,642
45.665,45.665,NoButton,Move,1000,642
45.681,45.681,NoButton,Move,1002,642
45.698,45.698,NoButton,Move,1002,642
45.714,45.714,NoButton,Move,1003,642
45.802,45.802,NoButton,Move,1003,642
45.81,45.81,Left,Pressed,1003,642
45.822,45.822,NoButton,Drag,1003,642
45.918,45.918,Left,Released,1003,642
45.954,45.954,NoButton,Move,1003,641
45.97,45.97,NoButton,Move,1003,641
45.982,45.982,NoButton,Move,1002,641
45.997,45.997,NoButton,Move,1000,641
46.014,46.014,NoButton,Move,996,640
46.032,46.032,NoButton,Move,991,639
46.048,46.048,NoButton,Move,986,639
46.065,46.065,NoButton,Move,982,640
46.081,46.081,NoButton,Move,980,641
46.098,46.098,NoButton,Move,979,643
46.115,46.115,NoButton,Move,979,644
46.131,46.131,NoButton,Move,979,645
46.149,46.149,NoButton,Move,978,646
46.165,46.165,NoButton,Move,977,647
46.181,46.181,NoButton,Move,977,647
46.198,46.198,NoButton,Move,974,647
46.215,46.215,NoButton,Move,969,644
46.232,46.232,NoButton,Move,955,635
46.248,46.248,NoButton,Move,939,626
46.266,46.266,NoButton,Move,924,614
46.283,46.283,NoButton,Move,914,603
46.299,46.299,NoButton,Move,906,592
46.316,46.316,NoButton,Move,898,575
46.333,46.333,NoButton,Move,892,561
46.35,46.35,NoButton,Move,887,543
46.366,46.366,NoButton,Move,881,526
46.383,46.383,NoButton,Move,873,509
46.4,46.4,NoButton,Move,864,487
46.416,46.416,NoButton,Move,855,468
46.433,46.433,NoButton,Move,846,450
46.45,46.45,NoButton,Move,837,430
46.467,46.467,NoButton,Move,827,411
46.483,46.483,NoButton,Move,817,392
46.5,46.5,NoButton,Move,803,366
46.517,46.517,NoButton,Move,793,347
46.535,46.535,NoButton,Move,784,329
46.551,46.551,NoButton,Move,777,312
46.568,46.568,NoButton,Move,772,293
46.584,46.584,NoButton,Move,769,280
46.601,46.601,NoButton,Move,768,269
46.618,46.618,NoButton,Move,768,259
46.635,46.635,NoButton,Move,768,250
46.652,46.652,NoButton,Move,769,243
46.668,46.668,NoButton,Move,771,238
46.685,46.685,NoButton,Move,773,236
46.702,46.702,NoButton,Move,775,234
46.719,46.719,NoButton,Move,779,233
46.735,46.735,NoButton,Move,783,232
46.752,46.752,NoButton,Move,789,232
46.768,46.768,NoButton,Move,795,233
46.785,46.785,NoButton,Move,804,235
46.801,46.801,NoButton,Move,813,237
46.819,46.819,NoButton,Move,827,240
46.835,46.835,NoButton,Move,840,242
46.851,46.851,NoButton,Move,853,243
46.868,46.868,NoButton,Move,861,244
46.885,46.885,NoButton,Move,864,244
46.954,46.954,NoButton,Move,865,244
46.962,46.962,NoButton,Move,865,244
46.97,46.97,Left,Pressed,865,244
46.982,46.982,NoButton,Drag,865,244
46.985,46.985,NoButton,Drag,865,244
46.998,46.998,NoButton,Drag,866,244
47.005,47.005,NoButton,Drag,866,243
47.009,47.009,NoButton,Drag,866,243
47.03,47.03,NoButton,Drag,866,243
47.05,47.05,Left,Released,866,243
47.098,47.098,NoButton,Move,866,243
47.106,47.106,NoButton,Move,865,243
47.11,47.11,NoButton,Move,865,243
47.119,47.119,NoButton,Move,865,243
47.134,47.134,NoButton,Move,864,243
47.152,47.152,NoButton,Move,862,244
47.168,47.168,NoButton,Move,860,245
47.185,47.185,NoButton,Move,856,246
47.202,47.202,NoButton,Move,851,247
47.218,47.218,NoButton,Move,847,250
47.235,47.235,NoButton,Move,843,252
47.251,47.251,NoButton,Move,839,256
47.271,47.271,NoButton,Move,832,260
47.288,47.288,NoButton,Move,825,266
47.305,47.305,NoButton,Move,815,274
47.323,47.323,NoButton,Move,800,289
47.339,47.339,NoButton,Move,783,305
47.356,47.356,NoButton,Move,757,329
47.372,47.372,NoButton,Move,712,367
47.389,47.389,NoButton,Move,653,403
47.406,47.406,NoButton,Move,577,445
47.422,47.422,NoButton,Move,495,488
47.44,47.44,NoButton,Move,391,541
47.456,47.456,NoButton,Move,304,582
47.472,47.472,NoButton,Move,223,621
47.49,47.49,NoButton,Move,142,658
47.506,47.506,NoButton,Move,75,686
47.524,47.524,NoButton,Move,24,705
47.541,47.541,NoButton,Move,6,715
47.558,47.558,NoButton,Move,0,719
47.574,47.574,NoButton,Move,0,719
47.592,47.592,NoButton,Move,0,720
47.608,47.608,NoButton,Move,0,720
47.624,47.624,NoButton,Move,1,720
47.642,47.642,NoButton,Move,5,720
47.658,47.658,NoButton,Move,13,718
47.675,47.675,NoButton,Move,24,715
47.692,47.692,NoButton,Move,43,711
47.708,47.708,NoButton,Move,60,707
47.725,47.725,NoButton,Move,79,702
47.742,47.742,NoButton,Move,97,697
47.76,47.76,NoButton,Move,121,689
47.776,47.776,NoButton,Move,139,682
47.794,47.794,NoButton,Move,156,676
47.81,47.81,NoButton,Move,170,670
47.826,47.826,NoButton,Move,180,664
47.843,47.843,NoButton,Move,187,659
47.86,47.86,NoButton,Move,191,656
47.877,47.877,NoButton,Move,193,654
47.893,47.893,NoButton,Move,194,652
47.911,47.911,NoButton,Move,195,651
47.927,47.927,NoButton,Move,196,649
47.943,47.943,NoButton,Move,197,647
47.96,47.96,NoButton,Move,199,645
47.977,47.977,NoButton,Move,201,642
47.994,47.994,NoButton,Move,204,638
48.01,48.01,NoButton,Move,206,635
48.027,48.027,NoButton,Move,208,631
48.044,48.044,NoButton,Move,212,627
48.06,48.06,NoButton,Move,217,622
48.077,48.077,NoButton,Move,223,616
48.094,48.094,NoButton,Move,232,609
48.11,48.11,NoButton,Move,239,604
48.128,48.128,NoButton,Move,244,600
48.144,48.144,NoButton,Move,247,598
48.161,48.161,NoButton,Move,249,597
48.178,48.178,NoButton,Move,249,597
48.218,48.218,NoButton,Move,249,597
48.226,48.226,NoButton,Move,249,597
48.229,48.229,NoButton,Move,250,597
48.244,48.244,NoButton,Move,250,598
48.262,48.262,NoButton,Move,252,601
48.266,48.266,Left,Pressed,252,601
48.267,48.267,NoButton,Drag,253,601
48.27,48.27,NoButton,Drag,253,602
48.273,48.273,NoButton,Drag,253,602
48.277,48.277,NoButton,Drag,253,603
48.286,48.286,NoButton,Drag,254,603
48.289,48.289,NoButton,Drag,254,603
48.298,48.298,NoButton,Drag,254,603
48.378,48.378,Left,Released,254,603
48.494,48.494,NoButton,Move,254,604
48.502,48.502,NoButton,Move,254,604
48.51,48.51,NoButton,Move,254,604
48.525,48.525,NoButton,Move,254,605
48.543,48.543,NoButton,Move,254,607
48.559,48.559,NoButton,Move,254,608
48.576,48.576,NoButton,Move,253,610
48.593,48.593,NoButton,Move,253,612
48.609,48.609,NoButton,Move,253,614
48.626,48.626,NoButton,Move,255,617
48.643,48.643,NoButton,Move,259,621
48.659,48.659,NoButton,Move,266,627
48.676,48.676,NoButton,Move,278,635
48.693,48.693,NoButton,Move,289,643
48.71,48.71,NoButton,Move,302,652
48.726,48.726,NoButton,Move,313,660
48.743,48.743,NoButton,Move,325,670
48.759,48.759,NoButton,Move,334,677
48.776,48.776,NoButton,Move,346,685
48.793,48.793,NoButton,Move,354,690
48.81,48.81,NoButton,Move,362,694
48.826,48.826,NoButton,Move,371,697
48.843,48.843,NoButton,Move,381,700
48.86,48.86,NoButton,Move,394,703
48.876,48.876,NoButton,Move,405,706
48.893,48.893,NoButton,Move,417,709
48.91,48.91,NoButton,Move,430,712
48.926,48.926,NoButton,Move,443,715
48.943,48.943,NoButton,Move,455,718
48.96,48.96,NoButton,Move,469,720
48.977,48.977,NoButton,Move,480,721
48.994,48.994,NoButton,Move,493,722
49.011,49.011,NoButton,Move,506,723
49.028,49.028,NoButton,Move,518,723
49.045,49.045,NoButton,Move,522,723
49.061,49.061,NoButton,Move,523,723
49.19,49.19,Left,Pressed,523,723
49.262,49.262,NoButton,Drag,523,723
49.271,49.271,Left,Released,523,723
49.271,49.271,NoButton,Move,523,723
49.278,49.278,NoButton,Move,522,723
49.295,49.295,NoButton,Move,520,722
49.312,49.312,NoButton,Move,516,722
49.329,49.329,NoButton,Move,510,722
49.345,49.345,NoButton,Move,504,724
49.362,49.362,NoButton,Move,496,725
49.378,49.378,NoButton,Move,491,726
49.396,49.396,NoButton,Move,488,726
49.412,49.412,NoButton,Move,487,726
49.475,49.475,Left,Pressed,487,726
49.566,49.566,Left,Released,487,726
49.582,49.582,NoButton,Move,487,726
49.594,49.594,NoButton,Move,486,726
49.598,49.598,NoButton,Move,486,726
49.613,49.613,NoButton,Move,486,726
49.63,49.63,NoButton,Move,485,725
49.646,49.646,NoButton,Move,484,724
49.663,49.663,NoButton,Move,484,723
49.681,49.681,NoButton,Move,483,722
49.698,49.698,NoButton,Move,483,722
49.713,49.713,NoButton,Move,483,721
49.731,49.731,NoButton,Move,482,720
49.747,49.747,NoButton,Move,482,719
49.763,49.763,NoButton,Move,480,717
49.782,49.782,NoButton,Move,480,715
49.799,49.799,NoButton,Move,479,710
49.815,49.815,NoButton,Move,480,702
49.832,49.832,NoButton,Move,490,688
49.848,49.848,NoButton,Move,502,673
49.865,49.865,NoButton,Move,523,652
49.882,49.882,NoButton,Move,549,626
49.899,49.899,NoButton,Move,581,596
49.915,49.915,NoButton,Move,613,567
49.932,49.932,NoButton,Move,651,530
49.949,49.949,NoButton,Move,679,502
49.966,49.966,NoButton,Move,704,477
49.983,49.983,NoButton,Move,724,455
49.999,49.999,NoButton,Move,738,439
50.019,50.019,NoButton,Move,751,422
50.034,50.034,NoButton,Move,760,413
50.052,50.052,NoButton,Move,773,401
50.068,50.068,NoButton,Move,781,395
50.085,50.085,NoButton,Move,790,389
50.102,50.102,NoButton,Move,797,385
50.118,50.118,NoButton,Move,802,383
50.135,50.135,NoButton,Move,806,381
50.152,50.152,NoButton,Move,808,380
50.168,50.168,NoButton,Move,809,379
50.185,50.185,NoButton,Move,811,378
50.203,50.203,NoButton,Move,813,377
50.219,50.219,NoButton,Move,815,376
50.236,50.236,NoButton,Move,818,374
50.252,50.252,NoButton,Move,821,372
50.27,50.27,NoButton,Move,827,369
50.286,50.286,NoButton,Move,831,368
50.303,50.303,NoButton,Move,837,366
50.32,50.32,NoButton,Move,843,364
50.337,50.337,NoButton,Move,849,362
50.353,50.353,NoButton,Move,854,361
50.37,50.37,NoButton,Move,859,359
50.387,50.387,NoButton,Move,862,358
50.403,50.403,NoButton,Move,862,358
50.42,50.42,NoButton,Move,863,358
50.437,50.437,NoButton,Move,864,358
50.454,50.454,NoButton,Move,865,359
50.466,50.466,NoButton,Move,865,360
50.47,50.47,Left,Pressed,865,360
50.471,50.471,NoButton,Drag,865,360
50.473,50.473,NoButton,Drag,866,360
50.481,50.481,NoButton,Drag,866,360
50.49,50.49,NoButton,Drag,866,360
50.534,50.534,Left,Released,866,360
50.666,50.666,NoButton,Move,866,360
50.674,50.674,NoButton,Move,867,360
50.689,50.689,NoButton,Move,867,361
50.705,50.705,NoButton,Move,868,361
50.722,50.722,NoButton,Move,868,362
50.739,50.739,NoButton,Move,868,362
50.743,50.743,Left,Pressed,868,362
50.743,50.743,NoButton,Drag,868,362
50.746,50.746,NoButton,Drag,869,362
50.75,50.75,NoButton,Drag,869,362
50.754,50.754,NoButton,Drag,869,362
50.758,50.758,NoButton,Drag,869,362
50.762,50.762,NoButton,Drag,870,362
50.766,50.766,NoButton,Drag,870,362
50.77,50.77,NoButton,Drag,870,362
50.774,50.774,NoButton,Drag,870,362
50.777,50.777,NoButton,Drag,871,362
50.782,50.782,Left,Released,871,362
50.783,50.783,NoButton,Move,871,363
50.788,50.788,NoButton,Move,871,363
50.804,50.804,NoButton,Move,874,363
50.821,50.821,NoButton,Move,875,364
50.838,50.838,NoButton,Move,877,364
50.855,50.855,NoButton,Move,879,364
50.871,50.871,NoButton,Move,880,365
50.888,50.888,NoButton,Move,882,365
50.906,50.906,NoButton,Move,882,365
50.922,50.922,NoButton,Move,882,365
51.168,51.168,NoButton,Move,883,365
51.18,51.18,NoButton,Move,883,365
51.189,51.189,NoButton,Move,883,366
51.206,51.206,NoButton,Move,884,367
51.212,51.212,Left,Pressed,884,367
51.213,51.213,NoButton,Drag,884,367
51.224,51.224,NoButton,Drag,885,367
51.308,51.308,Left,Released,885,367
51.372,51.372,NoButton,Move,884,367
51.376,51.376,NoButton,Move,884,367
51.391,51.391,NoButton,Move,883,367
51.407,51.407,NoButton,Move,879,368
51.424,51.424,NoButton,Move,876,369
51.44,51.44,NoButton,Move,871,372
51.457,51.457,NoButton,Move,864,376
51.474,51.474,NoButton,Move,850,383
51.491,51.491,NoButton,Move,836,390
51.508,51.508,NoButton,Move,824,397
51.524,51.524,NoButton,Move,815,402
51.54,51.54,NoButton,Move,809,407
51.557,51.557,NoButton,Move,805,410
51.575,51.575,NoButton,Move,800,416
51.59,51.59,NoButton,Move,797,421
51.607,51.607,NoButton,Move,792,429
51.625,51.625,NoButton,Move,786,439
51.641,51.641,NoButton,Move,778,451
51.658,51.658,NoButton,Move,764,472
51.674,51.674,NoButton,Move,747,492
51.692,51.692,NoButton,Move,727,514
51.708,51.708,NoButton,Move,708,537
51.726,51.726,NoButton,Move,684,565
51.742,51.742,NoButton,Move,669,586
51.76,51.76,NoButton,Move,654,606
51.775,51.775,NoButton,Move,641,624
51.793,51.793,NoButton,Move,629,642
51.809,51.809,NoButton,Move,618,659
51.826,51.826,NoButton,Move,606,679
51.843,51.843,NoButton,Move,599,692
51.859,51.859,NoButton,Move,591,705
51.877,51.877,NoButton,Move,584,714
51.893,51.893,NoButton,Move,581,720
51.91,51.91,NoButton,Move,579,724
51.926,51.926,NoButton,Move,579,724
51.976,51.976,NoButton,Move,579,724
51.993,51.993,NoButton,Move,579,722
52.011,52.011,NoButton,Move,579,721
52.028,52.028,NoButton,Move,579,721
52.045,52.045,NoButton,Move,579,720
52.062,52.062,NoButton,Move,579,719
52.078,52.078,NoButton,Move,578,719
52.094,52.094,NoButton,Move,578,717
52.112,52.112,NoButton,Move,578,715
52.128,52.128,NoButton,Move,577,712
52.145,52.145,NoButton,Move,576,710
52.162,52.162,NoButton,Move,575,707
52.178,52.178,NoButton,Move,572,705
52.195,52.195,NoButton,Move,571,704
52.212,52.212,NoButton,Move,570,703
52.245,52.245,Left,Pressed,570,703
52.372,52.372,Left,Released,570,703
52.4,52.4,NoButton,Move,570,703
52.404,52.404,NoButton,Move,570,703
52.414,52.414,NoButton,Move,569,703
52.431,52.431,NoButton,Move,566,703
52.448,52.448,NoButton,Move,560,703
52.465,52.465,NoButton,Move,555,705
52.481,52.481,NoButton,Move,550,707
52.498,52.498,NoButton,Move,545,710
52.514,52.514,NoButton,Move,540,714
52.533,52.533,NoButton,Move,536,718
52.549,52.549,NoButton,Move,535,720
52.566,52.566,NoButton,Move,533,722
52.582,52.582,NoButton,Move,531,723
52.599,52.599,NoButton,Move,530,723
52.616,52.616,NoButton,Move,530,723
52.633,52.633,NoButton,Move,529,722
52.65,52.65,NoButton,Move,526,720
52.666,52.666,NoButton,Move,522,716
52.683,52.683,NoButton,Move,513,708
52.701,52.701,NoButton,Move,503,696
52.717,52.717,NoButton,Move,490,681
52.734,52.734,NoButton,Move,477,663
52.75,52.75,NoButton,Move,462,640
52.769,52.769,NoButton,Move,443,609
52.785,52.785,NoButton,Move,426,580
52.802,52.802,NoButton,Move,402,537
52.819,52.819,NoButton,Move,379,503
52.836,52.836,NoButton,Move,354,471
52.852,52.852,NoButton,Move,327,438
52.869,52.869,NoButton,Move,299,407
52.887,52.887,NoButton,Move,266,371
52.902,52.902,NoButton,Move,240,344
52.92,52.92,NoButton,Move,219,321
52.937,52.937,NoButton,Move,203,303
52.953,52.953,NoButton,Move,191,288
52.97,52.97,NoButton,Move,183,275
52.986,52.986,NoButton,Move,181,266
53.003,53.003,NoButton,Move,180,258
53.021,53.021,NoButton,Move,180,252
53.037,53.037,NoButton,Move,180,245
53.055,53.055,NoButton,Move,183,237
53.071,53.071,NoButton,Move,185,230
53.088,53.088,NoButton,Move,187,222
53.105,53.105,NoButton,Move,190,213
53.121,53.121,NoButton,Move,192,205
53.138,53.138,NoButton,Move,195,192
53.155,53.155,NoButton,Move,198,180
53.171,53.171,NoButton,Move,201,170
53.188,53.188,NoButton,Move,204,157
53.205,53.205,NoButton,Move,207,146
53.222,53.222,NoButton,Move,210,138
53.238,53.238,NoButton,Move,213,130
53.255,53.255,NoButton,Move,217,123
53.271,53.271,NoButton,Move,218,116
53.288,53.288,NoButton,Move,220,110
53.305,53.305,NoButton,Move,222,105
53.321,53.321,NoButton,Move,223,102
53.339,53.339,NoButton,Move,223,99
53.356,53.356,NoButton,Move,224,98
53.373,53.373,NoButton,Move,224,97
53.389,53.389,NoButton,Move,224,97
53.413,53.413,Left,Pressed,224,97
53.496,53.496,NoButton,Drag,224,97
53.544,53.544,Left,Released,224,97
53.616,53.616,NoButton,Move,225,97
53.632,53.632,NoButton,Move,225,97
53.636,53.636,NoButton,Move,225,98
53.64,53.64,NoButton,Move,225,98
53.655,53.655,NoButton,Move,225,101
53.672,53.672,NoButton,Move,225,106
53.688,53.688,NoButton,Move,226,112
53.705,53.705,NoButton,Move,228,120
53.722,53.722,NoButton,Move,230,131
53.738,53.738,NoButton,Move,231,141
53.756,53.756,NoButton,Move,234,153
53.772,53.772,NoButton,Move,237,167
53.789,53.789,NoButton,Move,244,185
53.806,53.806,NoButton,Move,260,210
53.822,53.822,NoButton,Move,283,235
53.839,53.839,NoButton,Move,311,264
53.856,53.856,NoButton,Move,341,293
53.874,53.874,NoButton,Move,378,330
53.887,53.887,NoButton,Move,393,347
53.889,53.889,Left,Pressed,393,347
53.89,53.89,NoButton,Drag,409,364
53.894,53.894,NoButton,Drag,418,372
53.897,53.897,NoButton,Drag,426,382
53.901,53.901,NoButton,Drag,434,391
53.906,53.906,NoButton,Drag,442,399
53.91,53.91,NoButton,Drag,450,410
53.913,53.913,NoButton,Drag,458,420
53.918,53.918,NoButton,Drag,466,430
53.922,53.922,NoButton,Drag,474,441
53.926,53.926,NoButton,Drag,483,451
53.93,53.93,NoButton,Drag,490,462
53.934,53.934,NoButton,Drag,498,474
53.938,53.938,NoButton,Drag,506,486
53.942,53.942,NoButton,Drag,512,497
53.946,53.946,NoButton,Drag,520,510
53.95,53.95,NoButton,Drag,526,521
53.954,53.954,NoButton,Drag,533,533
53.957,53.957,NoButton,Drag,539,546
53.962,53.962,NoButton,Drag,546,558
53.966,53.966,NoButton,Drag,551,569
53.97,53.97,NoButton,Drag,556,582
53.974,53.974,NoButton,Drag,561,594
53.978,53.978,NoButton,Drag,566,605
53.982,53.982,NoButton,Drag,570,615
53.986,53.986,NoButton,Drag,574,624
53.99,53.99,NoButton,Drag,579,633
53.994,53.994,NoButton,Drag,582,641
53.998,53.998,NoButton,Drag,586,649
54.001,54.001,NoButton,Drag,589,656
54.006,54.006,NoButton,Drag,593,663
54.009,54.009,NoButton,Drag,596,670
54.014,54.014,NoButton,Drag,600,676
54.017,54.017,NoButton,Drag,602,682
54.021,54.021,NoButton,Drag,605,688
54.025,54.025,NoButton,Drag,609,693
54.029,54.029,NoButton,Drag,611,697
54.033,54.033,NoButton,Drag,614,701
54.037,54.037,NoButton,Drag,616,705
54.042,54.042,Left,Released,616,705
54.043,54.043,NoButton,Move,618,709
54.058,54.058,NoButton,Move,626,722
54.075,54.075,NoButton,Move,633,731
54.092,54.092,NoButton,Move,638,738
54.108,54.108,NoButton,Move,642,744
54.125,54.125,NoButton,Move,646,747
54.142,54.142,NoButton,Move,648,749
54.159,54.159,NoButton,Move,648,750
54.202,54.202,NoButton,Move,648,750
54.206,54.206,NoButton,Move,649,750
54.21,54.21,NoButton,Move,649,750
54.226,54.226,NoButton,Move,649,750
54.242,54.242,NoButton,Move,650,750
54.26,54.26,NoButton,Move,650,750
54.277,54.277,NoButton,Move,651,749
54.294,54.294,NoButton,Move,651,748
54.311,54.311,NoButton,Move,652,746
54.327,54.327,NoButton,Move,652,741
54.343,54.343,NoButton,Move,650,734
54.36,54.36,NoButton,Move,647,721
54.377,54.377,NoButton,Move,645,712
54.393,54.393,NoButton,Move,643,702
54.411,54.411,NoButton,Move,641,691
54.427,54.427,NoButton,Move,639,682
54.444,54.444,NoButton,Move,637,672
54.461,54.461,NoButton,Move,636,665
54.479,54.479,NoButton,Move,634,660
54.495,54.495,NoButton,Move,633,657
54.511,54.511,NoButton,Move,633,655
54.527,54.527,NoButton,Move,633,654
54.545,54.545,NoButton,Move,632,653
54.613,54.613,Left,Pressed,632,653
54.721,54.721,Left,Released,632,653
54.816,54.816,NoButton,Move,632,653
54.824,54.824,NoButton,Move,632,653
54.832,54.832,NoButton,Move,632,653
54.846,54.846,NoButton,Move,632,652
54.863,54.863,NoButton,Move,632,651
54.879,54.879,NoButton,Move,632,651
54.897,54.897,NoButton,Move,632,651
54.913,54.913,NoButton,Move,632,650
54.995,54.995,NoButton,Move,633,650
54.998,54.998,NoButton,Move,633,650
55.012,55.012,NoButton,Move,635,651
55.029,55.029,NoButton,Move,644,653
55.046,55.046,NoButton,Move,668,654
55.063,55.063,NoButton,Move,699,652
55.08,55.08,NoButton,Move,740,645
55.096,55.096,NoButton,Move,783,634
55.113,55.113,NoButton,Move,828,620
55.13,55.13,NoButton,Move,885,602
55.146,55.146,NoButton,Move,924,588
55.164,55.164,NoButton,Move,953,575
55.18,55.18,NoButton,Move,977,565
55.197,55.197,NoButton,Move,998,555
55.214,55.214,NoButton,Move,1021,543
55.23,55.23,NoButton,Move,1037,536
55.247,55.247,NoButton,Move,1051,530
55.264,55.264,NoButton,Move,1061,526
55.281,55.281,NoButton,Move,1067,524
55.298,55.298,NoButton,Move,1070,523
55.478,55.478,NoButton,Move,1070,523
55.48,55.48,NoButton,Move,1071,523
55.484,55.484,NoButton,Move,1071,523
55.499,55.499,NoButton,Move,1072,523
55.516,55.516,NoButton,Move,1076,522
55.533,55.533,NoButton,Move,1083,522
55.55,55.55,NoButton,Move,1092,521
55.567,55.567,NoButton,Move,1098,519
55.583,55.583,NoButton,Move,1102,518
55.601,55.601,NoButton,Move,1103,518
55.728,55.728,NoButton,Move,1103,518
55.744,55.744,Left,Pressed,1103,518
55.828,55.828,Left,Released,1103,518
55.86,55.86,NoButton,Move,1103,518
55.864,55.864,NoButton,Move,1103,518
55.868,55.868,NoButton,Move,1102,518
55.884,55.884,NoButton,Move,1100,518
55.902,55.902,NoButton,Move,1098,518
55.918,55.918,NoButton,Move,1097,518
55.935,55.935,NoButton,Move,1096,519
55.951,55.951,NoButton,Move,1093,519
55.968,55.968,NoButton,Move,1088,521
55.984,55.984,NoButton,Move,1083,522
56.001,56.001,NoButton,Move,1077,526
56.017,56.017,NoButton,Move,1070,530
56.034,56.034,NoButton,Move,1057,542
56.052,56.052,NoButton,Move,1044,554
56.067,56.067,NoButton,Move,1027,570
56.084,56.084,NoButton,Move,1004,590
56.101,56.101,NoButton,Move,977,611
56.118,56.118,NoButton,Move,930,634
56.135,56.135,NoButton,Move,884,652
56.151,56.151,NoButton,Move,837,666
56.168,56.168,NoButton,Move,794,674
56.185,56.185,NoButton,Move,760,678
56.202,56.202,NoButton,Move,730,678
56.218,56.218,NoButton,Move,719,675
56.235,56.235,NoButton,Move,717,673
56.252,56.252,NoButton,Move,716,671
56.269,56.269,NoButton,Move,716,669
56.286,56.286,NoButton,Move,716,663
56.303,56.303,NoButton,Move,716,658
56.32,56.32,NoButton,Move,716,653
56.337,56.337,NoButton,Move,716,647
56.353,56.353,NoButton,Move,716,641
56.37,56.37,NoButton,Move,716,632
56.386,56.386,NoButton,Move,717,626
56.403,56.403,NoButton,Move,719,619
56.42,56.42,NoButton,Move,722,612
56.437,56.437,NoButton,Move,725,605
56.454,56.454,NoButton,Move,730,597
56.47,56.47,NoButton,Move,734,591
56.487,56.487,NoButton,Move,738,586
56.504,56.504,NoButton,Move,740,582
56.521,56.521,NoButton,Move,742,579
56.538,56.538,NoButton,Move,744,575
56.554,56.554,NoButton,Move,745,572
56.571,56.571,NoButton,Move,747,570
56.588,56.588,NoButton,Move,749,567
56.604,56.604,NoButton,Move,750,565
56.621,56.621,NoButton,Move,751,563
56.638,56.638,NoButton,Move,752,561
56.654,56.654,NoButton,Move,753,557
56.672,56.672,NoButton,Move,755,552
56.689,56.689,NoButton,Move,756,548
56.706,56.706,NoButton,Move,757,543
56.722,56.722,NoButton,Move,759,538
56.739,56.739,NoButton,Move,760,533
56.755,56.755,NoButton,Move,761,528
56.771,56.771,NoButton,Move,762,524
56.788,56.788,NoButton,Move,764,519
56.805,56.805,NoButton,Move,764,515
56.822,56.822,NoButton,Move,765,514
56.852,56.852,NoButton,Move,765,513
56.856,56.856,Left,Pressed,765,513
56.965,56.965,Left,Released,765,513
57.004,57.004,NoButton,Move,764,514
57.008,57.008,NoButton,Move,764,514
57.022,57.022,NoButton,Move,762,515
57.039,57.039,NoButton,Move,758,518
57.055,57.055,NoButton,Move,755,521
57.072,57.072,NoButton,Move,748,525
57.088,57.088,NoButton,Move,743,530
57.106,57.106,NoButton,Move,735,535
57.122,57.122,NoButton,Move,727,541
57.139,57.139,NoButton,Move,720,545
57.156,57.156,NoButton,Move,713,550
57.172,57.172,NoButton,Move,711,551
57.238,57.238,NoButton,Move,711,551
57.242,57.242,NoButton,Move,712,551
57.255,57.255,NoButton,Move,715,549
57.272,57.272,NoButton,Move,727,544
57.289,57.289,NoButton,Move,751,537
57.305,57.305,NoButton,Move,789,525
57.322,57.322,NoButton,Move,848,506
57.339,57.339,NoButton,Move,898,490
57.355,57.355,NoButton,Move,947,473
57.373,57.373,NoButton,Move,993,458
57.389,57.389,NoButton,Move,1031,446
57.406,57.406,NoButton,Move,1064,438
57.422,57.422,NoButton,Move,1083,434
57.44,57.44,NoButton,Move,1096,434
57.456,57.456,NoButton,Move,1106,435
57.473,57.473,NoButton,Move,1114,437
57.489,57.489,NoButton,Move,1120,441
57.507,57.507,NoButton,Move,1131,447
57.523,57.523,NoButton,Move,1139,452
57.541,57.541,NoButton,Move,1145,456
57.557,57.557,NoButton,Move,1149,459
57.573,57.573,NoButton,Move,1153,462
57.59,57.59,NoButton,Move,1159,466
57.607,57.607,NoButton,Move,1162,468
57.624,57.624,NoButton,Move,1164,469
57.641,57.641,NoButton,Move,1165,470
57.657,57.657,NoButton,Move,1166,470
57.674,57.674,NoButton,Move,1168,470
57.691,57.691,NoButton,Move,1170,470
57.708,57.708,NoButton,Move,1174,469
57.724,57.724,NoButton,Move,1179,466
57.742,57.742,NoButton,Move,1185,462
57.758,57.758,NoButton,Move,1191,459
57.776,57.776,NoButton,Move,1197,455
57.792,57.792,NoButton,Move,1201,453
57.809,57.809,NoButton,Move,1202,452
57.826,57.826,NoButton,Move,1202,451
57.904,57.904,NoButton,Move,1203,451
57.916,57.916,NoButton,Move,1203,451
57.926,57.926,NoButton,Move,1203,451
57.932,57.932,Left,Pressed,1203,451
57.956,57.956,NoButton,Drag,1203,451
57.964,57.964,NoButton,Drag,1204,451
58.004,58.004,Left,Released,1204,451
58.012,58.012,NoButton,Move,1203,451
58.026,58.026,NoButton,Move,1202,451
58.042,58.042,NoButton,Move,1199,451
58.059,58.059,NoButton,Move,1193,452
58.076,58.076,NoButton,Move,1178,456
58.092,58.092,NoButton,Move,1159,462
58.11,58.11,NoButton,Move,1135,468
58.127,58.127,NoButton,Move,1111,475
58.143,58.143,NoButton,Move,1089,482
58.16,58.16,NoButton,Move,1065,491
58.176,58.176,NoButton,Move,1052,497
58.194,58.194,NoButton,Move,1039,503
58.21,58.21,NoButton,Move,1025,507
58.227,58.227,NoButton,Move,1009,512
58.243,58.243,NoButton,Move,988,519
58.26,58.26,NoButton,Move,955,527
58.277,58.277,NoButton,Move,917,534
58.294,58.294,NoButton,Move,865,542
58.31,58.31,NoButton,Move,817,546
58.327,58.327,NoButton,Move,769,547
58.344,58.344,NoButton,Move,724,546
58.361,58.361,NoButton,Move,679,538
58.377,58.377,NoButton,Move,644,528
58.394,58.394,NoButton,Move,607,513
58.412,58.412,NoButton,Move,581,499
58.428,58.428,NoButton,Move,557,483
58.445,58.445,NoButton,Move,540,470
58.461,58.461,NoButton,Move,524,456
58.478,58.478,NoButton,Move,509,442
58.495,58.495,NoButton,Move,499,431
58.511,58.511,NoButton,Move,492,422
58.528,58.528,NoButton,Move,487,414
58.545,58.545,NoButton,Move,482,407
58.562,58.562,NoButton,Move,479,403
58.578,58.578,NoButton,Move,478,400
58.595,58.595,NoButton,Move,478,398
58.612,58.612,NoButton,Move,478,395
58.628,58.628,NoButton,Move,478,392
58.646,58.646,NoButton,Move,477,387
58.662,58.662,NoButton,Move,477,385
58.679,58.679,NoButton,Move,476,381
58.696,58.696,NoButton,Move,475,375
58.713,58.713,NoButton,Move,473,369
58.73,58.73,NoButton,Move,470,359
58.746,58.746,NoButton,Move,468,350
58.763,58.763,NoButton,Move,466,342
58.779,58.779,NoButton,Move,463,334
58.796,58.796,NoButton,Move,461,326
58.812,58.812,NoButton,Move,458,319
58.829,58.829,NoButton,Move,456,313
58.846,58.846,NoButton,Move,454,309
58.862,58.862,NoButton,Move,454,308
58.896,58.896,Left,Pressed,454,308
59.028,59.028,Left,Released,454,308
59.052,59.052,NoButton,Move,454,308
59.06,59.06,NoButton,Move,454,308
59.064,59.064,NoButton,Move,454,309
59.079,59.079,NoButton,Move,454,309
59.096,59.096,NoButton,Move,456,312
59.113,59.113,NoButton,Move,457,314
59.13,59.13,NoButton,Move,459,316
59.147,59.147,NoButton,Move,460,319
59.163,59.163,NoButton,Move,463,322
59.18,59.18,NoButton,Move,465,326
59.197,59.197,NoButton,Move,466,328
59.214,59.214,NoButton,Move,468,329
59.231,59.231,NoButton,Move,469,330
59.247,59.247,NoButton,Move,469,331
59.264,59.264,NoButton,Move,470,331
59.308,59.308,NoButton,Move,470,331
59.312,59.312,Left,Pressed,470,331
59.414,59.414,Left,Released,470,331
59.494,59.494,NoButton,Move,470,332
59.502,59.502,NoButton,Move,470,332
59.514,59.514,NoButton,Move,470,333
59.53,59.53,NoButton,Move,469,337
59.548,59.548,NoButton,Move,467,343
59.565,59.565,NoButton,Move,465,351
59.581,59.581,NoButton,Move,462,362
59.598,59.598,NoButton,Move,454,378
59.614,59.614,NoButton,Move,445,391
59.632,59.632,NoButton,Move,438,404
59.648,59.648,NoButton,Move,431,416
59.665,59.665,NoButton,Move,427,425
59.681,59.681,NoButton,Move,425,433
59.698,59.698,NoButton,Move,425,442
59.715,59.715,NoButton,Move,429,448
59.731,59.731,NoButton,Move,436,453
59.748,59.748,NoButton,Move,444,458
59.765,59.765,NoButton,Move,454,463
59.784,59.784,NoButton,Move,471,469
59.799,59.799,NoButton,Move,488,473
59.817,59.817,NoButton,Move,502,477
59.833,59.833,NoButton,Move,513,480
59.85,59.85,NoButton,Move,523,482
59.867,59.867,NoButton,Move,528,484
59.883,59.883,NoButton,Move,533,485
59.9,59.9,NoButton,Move,537,486
59.918,59.918,NoButton,Move,541,489
59.934,59.934,NoButton,Move,544,490
59.951,59.951,NoButton,Move,549,493
59.968,59.968,NoButton,Move,553,496
59.985,59.985,NoButton,Move,557,498
60.001,60.001,NoButton,Move,560,500
60.017,60.017,NoButton,Move,563,501
60.035,60.035,NoButton,Move,565,503
60.052,60.052,NoButton,Move,570,505
60.069,60.069,NoButton,Move,575,506
60.085,60.085,NoButton,Move,579,507
60.103,60.103,NoButton,Move,585,509
60.119,60.119,NoButton,Move,591,510
60.136,60.136,NoButton,Move,599,513
60.153,60.153,NoButton,Move,605,514
60.169,60.169,NoButton,Move,612,516
60.186,60.186,NoButton,Move,621,519
60.203,60.203,NoButton,Move,629,521
60.219,60.219,NoButton,Move,636,523
60.237,60.237,NoButton,Move,642,524
60.253,60.253,NoButton,Move,644,524
60.373,60.373,Left,Pressed,644,524
60.476,60.476,Left,Released,644,524
60.548,60.548,NoButton,Move,644,524
60.603,60.603,NoButton,Move,644,524
60.61,60.61,NoButton,Move,644,525
60.621,60.621,NoButton,Move,644,525
60.638,60.638,NoButton,Move,644,527
60.654,60.654,NoButton,Move,643,529
60.671,60.671,NoButton,Move,643,531
60.687,60.687,NoButton,Move,643,533
60.703,60.703,NoButton,Move,644,534
60.72,60.72,NoButton,Move,644,534
60.746,60.746,NoButton,Move,644,534
60.753,60.753,NoButton,Move,644,534
60.77,60.77,NoButton,Move,645,530
60.787,60.787,NoButton,Move,647,523
60.803,60.803,NoButton,Move,649,514
60.821,60.821,NoButton,Move,653,501
60.837,60.837,NoButton,Move,657,485
60.854,60.854,NoButton,Move,663,461
60.871,60.871,NoButton,Move,670,439
60.888,60.888,NoButton,Move,677,415
60.904,60.904,NoButton,Move,684,390
60.921,60.921,NoButton,Move,693,363
60.938,60.938,NoButton,Move,707,327
60.954,60.954,NoButton,Move,721,300
60.972,60.972,NoButton,Move,737,274
60.989,60.989,NoButton,Move,754,253
61.006,61.006,NoButton,Move,769,237
61.021,61.021,NoButton,Move,780,226
61.038,61.038,NoButton,Move,786,220
61.056,61.056,NoButton,Move,787,219
61.106,61.106,NoButton,Move,787,219
61.196,61.196,NoButton,Move,787,219
61.202,61.202,Left,Pressed,787,219
61.292,61.292,Left,Released,787,219
61.332,61.332,NoButton,Move,787,219
61.336,61.336,NoButton,Move,787,220
61.343,61.343,NoButton,Move,787,220
61.359,61.359,NoButton,Move,785,223
61.376,61.376,NoButton,Move,783,227
61.392,61.392,NoButton,Move,779,233
61.409,61.409,NoButton,Move,773,238
61.426,61.426,NoButton,Move,769,245
61.443,61.443,NoButton,Move,764,251
61.46,61.46,NoButton,Move,759,258
61.476,61.476,NoButton,Move,757,262
61.493,61.493,NoButton,Move,754,266
61.51,61.51,NoButton,Move,751,272
61.527,61.527,NoButton,Move,746,278
61.544,61.544,NoButton,Move,735,287
61.561,61.561,NoButton,Move,723,295
61.578,61.578,NoButton,Move,706,302
61.594,61.594,NoButton,Move,686,306
61.611,61.611,NoButton,Move,661,307
61.628,61.628,NoButton,Move,627,305
61.645,61.645,NoButton,Move,599,299
61.662,61.662,NoButton,Move,574,293
61.678,61.678,NoButton,Move,554,287
61.695,61.695,NoButton,Move,539,281
61.711,61.711,NoButton,Move,525,275
61.728,61.728,NoButton,Move,518,272
61.746,61.746,NoButton,Move,516,271
61.846,61.846,NoButton,Move,516,271
61.85,61.85,NoButton,Move,516,271
61.863,61.863,NoButton,Move,516,270
61.879,61.879,NoButton,Move,515,269
61.897,61.897,NoButton,Move,515,267
61.913,61.913,NoButton,Move,514,266
61.93,61.93,NoButton,Move,513,262
61.947,61.947,NoButton,Move,511,259
61.964,61.964,NoButton,Move,509,254
61.981,61.981,NoButton,Move,506,248
61.997,61.997,NoButton,Move,503,242
62.014,62.014,NoButton,Move,501,239
62.03,62.03,NoButton,Move,500,237
62.048,62.048,NoButton,Move,499,236
62.078,62.078,Left,Pressed,499,236
62.098,62.098,NoButton,Drag,499,236
62.198,62.198,Left,Released,499,236
62.246,62.246,NoButton,Move,499,236
62.25,62.25,NoButton,Move,499,236
62.264,62.264,NoButton,Move,498,237
62.283,62.283,NoButton,Move,497,240
62.3,62.3,NoButton,Move,497,243
62.316,62.316,NoButton,Move,495,247
62.334,62.334,NoButton,Move,495,251
62.35,62.35,NoButton,Move,495,256
62.366,62.366,NoButton,Move,495,261
62.383,62.383,NoButton,Move,493,268
62.4,62.4,NoButton,Move,492,278
62.418,62.418,NoButton,Move,491,286
62.433,62.433,NoButton,Move,490,296
62.451,62.451,NoButton,Move,489,306
62.467,62.467,NoButton,Move,486,320
62.484,62.484,NoButton,Move,479,341
62.501,62.501,NoButton,Move,471,363
62.517,62.517,NoButton,Move,460,390
62.535,62.535,NoButton,Move,441,430
62.552,62.552,NoButton,Move,425,469
62.569,62.569,NoButton,Move,409,510
62.586,62.586,NoButton,Move,397,551
62.602,62.602,NoButton,Move,386,590
62.62,62.62,NoButton,Move,378,634
62.637,62.637,NoButton,Move,374,664
62.653,62.653,NoButton,Move,369,689
62.67,62.67,NoButton,Move,367,712
62.687,62.687,NoButton,Move,367,731
62.703,62.703,NoButton,Move,370,746
62.721,62.721,NoButton,Move,379,760
62.737,62.737,NoButton,Move,387,769
62.754,62.754,NoButton,Move,394,776
62.771,62.771,NoButton,Move,401,781
62.788,62.788,NoButton,Move,409,787
62.805,62.805,NoButton,Move,416,793
62.821,62.821,NoButton,Move,424,798
62.838,62.838,NoButton,Move,434,805
62.855,62.855,NoButton,Move,444,812
62.872,62.872,NoButton,Move,458,820
62.888,62.888,NoButton,Move,467,825
62.905,62.905,NoButton,Move,472,829
62.922,62.922,NoButton,Move,475,830
62.939,62.939,NoButton,Move,476,831
62.955,62.955,NoButton,Move,476,832
62.973,62.973,NoButton,Move,478,834
62.989,62.989,NoButton,Move,481,837
63.006,63.006,NoButton,Move,485,841
63.022,63.022,NoButton,Move,489,843
63.039,63.039,NoButton,Move,492,845
63.055,63.055,NoButton,Move,494,846
63.118,63.118,NoButton,Move,494,846
63.126,63.126,NoButton,Move,494,846
63.139,63.139,NoButton,Move,493,844
63.156,63.156,NoButton,Move,492,842
63.173,63.173,NoButton,Move,489,837
63.19,63.19,NoButton,Move,488,834
63.206,63.206,NoButton,Move,487,832
63.224,63.224,NoButton,Move,487,830
63.24,63.24,NoButton,Move,486,829
63.257,63.257,NoButton,Move,485,828
63.273,63.273,NoButton,Move,485,827
63.29,63.29,NoButton,Move,485,827
63.306,63.306,NoButton,Move,484,826
63.323,63.323,NoButton,Move,482,825
63.34,63.34,NoButton,Move,481,825
63.357,63.357,NoButton,Move,479,823
63.373,63.373,NoButton,Move,477,822
63.39,63.39,NoButton,Move,474,820
63.406,63.406,NoButton,Move,473,820
63.424,63.424,NoButton,Move,472,819
63.44,63.44,NoButton,Move,471,818
63.457,63.457,NoButton,Move,470,818
63.474,63.474,NoButton,Move,469,817
63.524,63.524,Left,Pressed,469,817
63.624,63.624,NoButton,Drag,468,816
63.628,63.628,NoButton,Drag,468,816
63.64,63.64,NoButton,Drag,468,816
63.644,63.644,Left,Released,468,816
63.676,63.676,NoButton,Move,468,816
63.688,63.688,NoButton,Move,468,815
63.691,63.691,NoButton,Move,468,815
63.707,63.707,NoButton,Move,467,815
63.724,63.724,NoButton,Move,467,814
63.741,63.741,NoButton,Move,467,813
63.757,63.757,NoButton,Move,467,810
63.774,63.774,NoButton,Move,467,805
63.791,63.791,NoButton,Move,467,797
63.808,63.808,NoButton,Move,464,782
63.824,63.824,NoButton,Move,461,766
63.842,63.842,NoButton,Move,458,748
63.858,63.858,NoButton,Move,454,727
63.875,63.875,NoButton,Move,449,704
63.892,63.892,NoButton,Move,441,674
63.908,63.908,NoButton,Move,435,649
63.925,63.925,NoButton,Move,431,623
63.942,63.942,NoButton,Move,428,597
63.959,63.959,NoButton,Move,426,572
63.976,63.976,NoButton,Move,426,539
63.992,63.992,NoButton,Move,428,513
64.009,64.009,NoButton,Move,433,485
64.026,64.026,NoButton,Move,440,457
64.042,64.042,NoButton,Move,452,429
64.059,64.059,NoButton,Move,471,393
64.075,64.075,NoButton,Move,487,366
64.093,64.093,NoButton,Move,505,338
64.109,64.109,NoButton,Move,523,311
64.126,64.126,NoButton,Move,544,277
64.143,64.143,NoButton,Move,559,253
64.16,64.16,NoButton,Move,573,233
64.177,64.177,NoButton,Move,586,216
64.193,64.193,NoButton,Move,598,200
64.21,64.21,NoButton,Move,609,185
64.227,64.227,NoButton,Move,616,177
64.243,64.243,NoButton,Move,620,171
64.261,64.261,NoButton,Move,622,168
64.277,64.277,NoButton,Move,622,168
64.474,64.474,NoButton,Move,622,168
64.494,64.494,NoButton,Move,623,168
64.511,64.511,Left,Pressed,623,168
64.511,64.511,NoButton,Drag,623,168
64.514,64.514,NoButton,Drag,623,168
64.522,64.522,NoButton,Drag,623,168
64.538,64.538,NoButton,Drag,623,168
64.628,64.628,Left,Released,623,168
64.656,64.656,NoButton,Move,623,168
64.676,64.676,NoButton,Move,623,169
64.696,64.696,NoButton,Move,623,169
64.7,64.7,NoButton,Move,623,169
64.713,64.713,NoButton,Move,623,170
64.731,64.731,NoButton,Move,621,170
64.747,64.747,NoButton,Move,620,171
64.763,64.763,NoButton,Move,618,173
64.78,64.78,NoButton,Move,614,175
64.799,64.799,NoButton,Move,611,177
64.816,64.816,NoButton,Move,606,178
64.833,64.833,NoButton,Move,603,178
64.85,64.85,NoButton,Move,598,178
64.866,64.866,NoButton,Move,594,178
64.883,64.883,NoButton,Move,589,178
64.9,64.9,NoButton,Move,582,178
64.916,64.916,NoButton,Move,575,177
64.934,64.934,NoButton,Move,567,176
64.951,64.951,NoButton,Move,557,176
64.967,64.967,NoButton,Move,546,176
64.984,64.984,NoButton,Move,533,176
65,65,NoButton,Move,514,176
65.017,65.017,NoButton,Move,496,176
65.035,65.035,NoButton,Move,478,176
65.052,65.052,NoButton,Move,464,176
65.068,65.068,NoButton,Move,450,175
65.085,65.085,NoButton,Move,440,174
65.102,65.102,NoButton,Move,431,172
65.119,65.119,NoButton,Move,419,169
65.135,65.135,NoButton,Move,404,163
65.152,65.152,NoButton,Move,384,153
65.169,65.169,NoButton,Move,370,145
65.185,65.185,NoButton,Move,358,138
65.202,65.202,NoButton,Move,349,133
65.219,65.219,NoButton,Move,340,127
65.236,65.236,NoButton,Move,332,123
65.253,65.253,NoButton,Move,327,121
65.269,65.269,NoButton,Move,325,120
65.287,65.287,NoButton,Move,324,119
65.303,65.303,NoButton,Move,324,119
65.346,65.346,NoButton,Move,324,119
65.53,65.53,NoButton,Move,324,120
65.534,65.534,NoButton,Move,324,120
65.538,65.538,NoButton,Move,324,120
65.554,65.554,NoButton,Move,325,120
65.571,65.571,NoButton,Move,326,121
65.587,65.587,NoButton,Move,327,122
65.604,65.604,NoButton,Move,329,123
65.621,65.621,NoButton,Move,331,124
65.638,65.638,NoButton,Move,333,124
65.654,65.654,NoButton,Move,334,124
65.672,65.672,NoButton,Move,334,124
65.734,65.734,NoButton,Move,334,124
65.742,65.742,NoButton,Move,335,124
65.754,65.754,NoButton,Move,335,124
65.772,65.772,NoButton,Move,336,124
65.787,65.787,NoButton,Move,339,126
65.804,65.804,NoButton,Move,343,130
65.82,65.82,NoButton,Move,349,133
65.837,65.837,NoButton,Move,356,138
65.855,65.855,NoButton,Move,363,143
65.871,65.871,NoButton,Move,369,147
65.888,65.888,NoButton,Move,375,150
65.904,65.904,NoButton,Move,378,152
65.921,65.921,NoButton,Move,380,154
65.938,65.938,NoButton,Move,380,155
66.044,66.044,NoButton,Move,381,155
66.241,66.241,Left,Pressed,381,155
66.268,66.268,NoButton,Drag,381,155
66.276,66.276,NoButton,Drag,381,155
66.28,66.28,NoButton,Drag,381,155
66.308,66.308,NoButton,Drag,381,155
66.312,66.312,NoButton,Drag,381,156
66.316,66.316,NoButton,Drag,382,156
66.32,66.32,NoButton,Drag,382,156
66.324,66.324,NoButton,Drag,382,157
66.328,66.328,NoButton,Drag,383,158
66.331,66.331,NoButton,Drag,384,159
66.335,66.335,NoButton,Drag,386,161
66.339,66.339,NoButton,Drag,388,163
66.344,66.344,NoButton,Drag,391,165
66.347,66.347,NoButton,Drag,395,168
66.351,66.351,NoButton,Drag,398,171
66.356,66.356,NoButton,Drag,403,176
66.359,66.359,NoButton,Drag,409,180
66.362,66.362,NoButton,Drag,416,185
66.365,66.365,NoButton,Drag,423,190
66.369,66.369,NoButton,Drag,431,195
66.373,66.373,NoButton,Drag,441,201
66.377,66.377,NoButton,Drag,451,208
66.381,66.381,NoButton,Drag,461,214
66.385,66.385,NoButton,Drag,474,222
66.389,66.389,NoButton,Drag,488,231
66.394,66.394,NoButton,Drag,503,239
66.397,66.397,NoButton,Drag,519,248
66.401,66.401,NoButton,Drag,537,258
66.405,66.405,NoButton,Drag,554,267
66.409,66.409,NoButton,Drag,574,277
66.413,66.413,NoButton,Drag,594,288
66.417,66.417,NoButton,Drag,615,299
66.421,66.421,NoButton,Drag,635,310
66.426,66.426,NoButton,Drag,655,320
66.429,66.429,NoButton,Drag,676,331
66.433,66.433,NoButton,Drag,696,342
66.438,66.438,NoButton,Drag,717,353
66.442,66.442,NoButton,Drag,739,366
66.446,66.446,NoButton,Drag,760,379
66.449,66.449,NoButton,Drag,781,393
66.454,66.454,NoButton,Drag,804,407
66.458,66.458,NoButton,Drag,825,421
66.461,66.461,NoButton,Drag,846,434
66.465,66.465,NoButton,Drag,869,449
66.469,66.469,NoButton,Drag,890,462
66.473,66.473,NoButton,Drag,911,478
66.477,66.477,NoButton,Drag,933,496
66.481,66.481,NoButton,Drag,956,513
66.485,66.485,NoButton,Drag,977,528
66.489,66.489,NoButton,Drag,999,545
66.493,66.493,NoButton,Drag,1022,561
66.497,66.497,NoButton,Drag,1044,578
66.501,66.501,NoButton,Drag,1065,594
66.505,66.505,NoButton,Drag,1087,611
66.509,66.509,NoButton,Drag,1107,627
66.513,66.513,NoButton,Drag,1127,643
66.517,66.517,NoButton,Drag,1149,658
66.521,66.521,NoButton,Drag,1167,671
66.526,66.526,NoButton,Drag,1185,685
66.529,66.529,NoButton,Drag,1204,698
66.533,66.533,NoButton,Drag,1219,709
66.537,66.537,NoButton,Drag,1235,720
66.542,66.542,NoButton,Drag,1251,731
66.546,66.546,NoButton,Drag,1266,742
66.549,66.549,NoButton,Drag,1280,752
66.553,66.553,NoButton,Drag,1294,761
66.557,66.557,NoButton,Drag,1309,771
66.561,66.561,NoButton,Drag,1323,780
66.565,66.565,NoButton,Drag,1336,788
66.569,66.569,NoButton,Drag,1349,796
66.573,66.573,NoButton,Drag,1361,802
66.578,66.578,NoButton,Drag,1372,808
66.581,66.581,NoButton,Drag,1382,814
66.585,66.585,NoButton,Drag,1391,818
66.589,66.589,NoButton,Drag,1399,822
66.593,66.593,NoButton,Drag,1407,826
66.597,66.597,NoButton,Drag,1413,829
66.601,66.601,NoButton,Drag,1419,832
66.605,66.605,NoButton,Drag,1425,835
66.609,66.609,NoButton,Drag,1430,837
66.613,66.613,NoButton,Drag,1434,839
66.617,66.617,NoButton,Drag,1438,841
66.621,66.621,NoButton,Drag,1439,842
66.625,66.625,NoButton,Drag,1439,843
66.629,66.629,NoButton,Drag,1439,844
66.633,66.633,NoButton,Drag,1439,845
66.637,66.637,NoButton,Drag,1439,846
66.642,66.642,NoButton,Drag,1439,846
66.645,66.645,NoButton,Drag,1439,847
66.649,66.649,NoButton,Drag,1439,848
66.653,66.653,NoButton,Drag,1439,848
66.657,66.657,NoButton,Drag,1439,849
66.661,66.661,NoButton,Drag,1439,850
66.665,66.665,NoButton,Drag,1439,850
66.669,66.669,NoButton,Drag,1439,851
66.673,66.673,NoButton,Drag,1439,852
66.677,66.677,NoButton,Drag,1439,853
66.681,66.681,NoButton,Drag,1439,853
66.685,66.685,NoButton,Drag,1439,854
66.689,66.689,NoButton,Drag,1439,854
66.693,66.693,NoButton,Drag,1439,855
66.697,66.697,NoButton,Drag,1439,855
66.701,66.701,NoButton,Drag,1439,856
66.705,66.705,NoButton,Drag,1439,856
66.709,66.709,NoButton,Drag,1439,856
66.713,66.713,NoButton,Drag,1439,856
66.786,66.786,NoButton,Drag,1439,856
66.798,66.798,NoButton,Drag,1439,856
66.81,66.81,NoButton,Drag,1439,856
66.814,66.814,NoButton,Drag,1439,856
66.818,66.818,NoButton,Drag,1439,855
66.822,66.822,NoButton,Drag,1438,855
66.825,66.825,NoButton,Drag,1438,855
66.829,66.829,NoButton,Drag,1437,854
66.833,66.833,NoButton,Drag,1437,853
66.837,66.837,NoButton,Drag,1436,853
66.842,66.842,NoButton,Drag,1435,852
66.845,66.845,NoButton,Drag,1434,850
66.849,66.849,NoButton,Drag,1431,849
66.853,66.853,NoButton,Drag,1429,847
66.857,66.857,NoButton,Drag,1426,845
66.861,66.861,NoButton,Drag,1423,843
66.865,66.865,NoButton,Drag,1420,841
66.869,66.869,NoButton,Drag,1417,839
66.873,66.873,NoButton,Drag,1414,837
66.877,66.877,NoButton,Drag,1411,835
66.881,66.881,NoButton,Drag,1408,834
66.885,66.885,NoButton,Drag,1405,832
66.889,66.889,NoButton,Drag,1401,830
66.893,66.893,NoButton,Drag,1398,828
66.897,66.897,NoButton,Drag,1395,826
66.901,66.901,NoButton,Drag,1391,824
66.905,66.905,NoButton,Drag,1389,822
66.909,66.909,NoButton,Drag,1386,821
66.913,66.913,NoButton,Drag,1383,819
66.917,66.917,NoButton,Drag,1380,817
66.921,66.921,NoButton,Drag,1378,815
66.925,66.925,NoButton,Drag,1374,813
66.929,66.929,NoButton,Drag,1372,811
66.933,66.933,NoButton,Drag,1370,810
66.937,66.937,NoButton,Drag,1367,808
66.942,66.942,NoButton,Drag,1365,807
66.943,66.943,NoButton,Drag,1363,805
66.949,66.949,NoButton,Drag,1361,804
66.951,66.951,NoButton,Drag,1359,802
66.955,66.955,NoButton,Drag,1357,800
66.959,66.959,NoButton,Drag,1355,799
66.963,66.963,NoButton,Drag,1353,797
66.967,66.967,NoButton,Drag,1351,795
66.971,66.971,NoButton,Drag,1349,794
66.975,66.975,NoButton,Drag,1348,792
66.979,66.979,NoButton,Drag,1346,790
66.983,66.983,NoButton,Drag,1345,789
66.987,66.987,NoButton,Drag,1343,788
66.992,66.992,NoButton,Drag,1342,786
66.995,66.995,NoButton,Drag,1341,786
66.999,66.999,NoButton,Drag,1341,785
67.003,67.003,NoButton,Drag,1341,785
67.007,67.007,NoButton,Drag,1340,784
67.011,67.011,NoButton,Drag,1340,783
67.015,67.015,NoButton,Drag,1340,783
67.019,67.019,NoButton,Drag,1339,783
67.023,67.023,NoButton,Drag,1339,782
67.027,67.027,NoButton,Drag,1338,782
67.031,67.031,NoButton,Drag,1338,782
67.035,67.035,NoButton,Drag,1338,781
67.039,67.039,NoButton,Drag,1337,780
67.043,67.043,NoButton,Drag,1337,780
67.047,67.047,NoButton,Drag,1337,779
67.051,67.051,NoButton,Drag,1336,778
67.055,67.055,NoButton,Drag,1336,778
67.059,67.059,NoButton,Drag,1335,777
67.063,67.063,NoButton,Drag,1335,777
67.067,67.067,NoButton,Drag,1335,776
67.071,67.071,NoButton,Drag,1334,776
67.075,67.075,NoButton,Drag,1334,775
67.079,67.079,NoButton,Drag,1334,775
67.083,67.083,NoButton,Drag,1333,774
67.087,67.087,NoButton,Drag,1332,773
67.092,67.092,NoButton,Drag,1332,773
67.095,67.095,NoButton,Drag,1332,772
67.099,67.099,NoButton,Drag,1331,772
67.103,67.103,NoButton,Drag,1331,771
67.107,67.107,NoButton,Drag,1330,771
67.111,67.111,NoButton,Drag,1330,770
67.115,67.115,NoButton,Drag,1330,770
67.119,67.119,NoButton,Drag,1329,769
67.123,67.123,NoButton,Drag,1328,768
67.127,67.127,NoButton,Drag,1328,768
67.131,67.131,NoButton,Drag,1328,767
67.135,67.135,NoButton,Drag,1327,766
67.139,67.139,NoButton,Drag,1327,765
67.143,67.143,NoButton,Drag,1326,764
67.147,67.147,NoButton,Drag,1326,764
67.151,67.151,NoButton,Drag,1326,763
67.155,67.155,NoButton,Drag,1326,762
67.159,67.159,NoButton,Drag,1325,762
67.163,67.163,NoButton,Drag,1325,761
67.167,67.167,NoButton,Drag,1325,761
67.171,67.171,NoButton,Drag,1325,760
67.175,67.175,NoButton,Drag,1325,760
67.179,67.179,NoButton,Drag,1324,759
67.183,67.183,NoButton,Drag,1324,759
67.187,67.187,NoButton,Drag,1324,758
67.196,67.196,NoButton,Drag,1324,758
67.199,67.199,NoButton,Drag,1324,758
67.203,67.203,NoButton,Drag,1324,758
67.207,67.207,NoButton,Drag,1324,757
67.215,67.215,NoButton,Drag,1324,757
67.219,67.219,NoButton,Drag,1324,756
67.231,67.231,NoButton,Drag,1323,756
67.24,67.24,Left,Released,1323,756
67.304,67.304,NoButton,Move,1323,756
67.307,67.307,NoButton,Move,1323,756
67.312,67.312,NoButton,Move,1323,756
67.327,67.327,NoButton,Move,1321,756
67.345,67.345,NoButton,Move,1313,758
67.362,67.362,NoButton,Move,1302,760
67.377,67.377,NoButton,Move,1289,763
67.395,67.395,NoButton,Move,1275,764
67.411,67.411,NoButton,Move,1257,764
67.428,67.428,NoButton,Move,1229,760
67.444,67.444,NoButton,Move,1204,754
67.462,67.462,NoButton,Move,1167,745
67.478,67.478,NoButton,Move,1123,733
67.495,67.495,NoButton,Move,1073,715
67.512,67.512,NoButton,Move,1011,694
67.528,67.528,NoButton,Move,960,677
67.545,67.545,NoButton,Move,907,658
67.562,67.562,NoButton,Move,835,632
67.578,67.578,NoButton,Move,771,611
67.596,67.596,NoButton,Move,714,592
67.613,67.613,NoButton,Move,666,577
67.629,67.629,NoButton,Move,621,562
67.645,67.645,NoButton,Move,582,551
67.662,67.662,NoButton,Move,550,540
67.679,67.679,NoButton,Move,532,531
67.695,67.695,NoButton,Move,522,525
67.713,67.713,NoButton,Move,519,522
67.729,67.729,NoButton,Move,518,520
67.746,67.746,NoButton,Move,517,519
67.762,67.762,NoButton,Move,517,518
67.78,67.78,NoButton,Move,517,517
67.796,67.796,NoButton,Move,516,517
67.874,67.874,NoButton,Move,516,517
67.882,67.882,NoButton,Move,516,516
67.897,67.897,NoButton,Move,516,516
67.913,67.913,NoButton,Move,515,515
67.93,67.93,NoButton,Move,513,514
67.946,67.946,NoButton,Move,511,513
67.964,67.964,NoButton,Move,506,512
67.98,67.98,NoButton,Move,500,510
67.997,67.997,NoButton,Move,493,508
68.014,68.014,NoButton,Move,485,506
68.03,68.03,NoButton,Move,480,503
68.046,68.046,NoButton,Move,478,502
68.063,68.063,NoButton,Move,477,501
68.08,68.08,NoButton,Move,476,500
68.097,68.097,NoButton,Move,476,500
68.112,68.112,NoButton,Move,476,500
68.114,68.114,Left,Pressed,476,500
68.28,68.28,NoButton,Drag,476,500
68.284,68.284,NoButton,Drag,476,501
68.288,68.288,NoButton,Drag,477,502
68.292,68.292,NoButton,Drag,478,503
68.296,68.296,NoButton,Drag,480,504
68.3,68.3,NoButton,Drag,481,505
68.304,68.304,NoButton,Drag,483,507
68.308,68.308,NoButton,Drag,485,509
68.312,68.312,NoButton,Drag,488,511
68.315,68.315,NoButton,Drag,490,513
68.319,68.319,NoButton,Drag,494,515
68.323,68.323,NoButton,Drag,497,518
68.327,68.327,NoButton,Drag,501,520
68.331,68.331,NoButton,Drag,505,523
68.336,68.336,NoButton,Drag,509,526
68.339,68.339,NoButton,Drag,513,529
68.343,68.343,NoButton,Drag,517,532
68.347,68.347,NoButton,Drag,523,535
68.351,68.351,NoButton,Drag,527,538
68.355,68.355,NoButton,Drag,532,541
68.359,68.359,NoButton,Drag,537,544
68.363,68.363,NoButton,Drag,541,547
68.367,68.367,NoButton,Drag,546,549
68.371,68.371,NoButton,Drag,549,552
68.375,68.375,NoButton,Drag,554,555
68.379,68.379,NoButton,Drag,559,558
68.384,68.384,NoButton,Drag,562,560
68.388,68.388,NoButton,Drag,566,563
68.392,68.392,NoButton,Drag,570,565
68.396,68.396,NoButton,Drag,573,567
68.4,68.4,NoButton,Drag,576,569
68.403,68.403,NoButton,Drag,578,571
68.407,68.407,NoButton,Drag,580,572
68.411,68.411,NoButton,Drag,581,573
68.416,68.416,NoButton,Drag,582,574
68.419,68.419,NoButton,Drag,583,575
68.424,68.424,NoButton,Drag,584,575
68.428,68.428,NoButton,Drag,584,576
68.431,68.431,NoButton,Drag,584,576
68.435,68.435,NoButton,Drag,585,576
68.444,68.444,NoButton,Drag,585,576
68.452,68.452,NoButton,Drag,585,577
68.456,68.456,NoButton,Drag,585,577
68.464,68.464,NoButton,Drag,585,577
68.468,68.468,NoButton,Drag,585,577
68.472,68.472,NoButton,Drag,585,578
68.48,68.48,NoButton,Drag,585,578
68.484,68.484,NoButton,Drag,585,578
68.487,68.487,NoButton,Drag,586,578
68.492,68.492,NoButton,Drag,586,579
68.496,68.496,NoButton,Drag,586,579
68.5,68.5,NoButton,Drag,586,580
68.503,68.503,NoButton,Drag,587,580
68.507,68.507,NoButton,Drag,587,580
68.512,68.512,NoButton,Drag,587,580
68.516,68.516,NoButton,Drag,587,581
68.52,68.52,NoButton,Drag,588,581
68.596,68.596,NoButton,Drag,587,580
68.6,68.6,NoButton,Drag,587,580
68.604,68.604,NoButton,Drag,586,580
68.608,68.608,NoButton,Drag,586,580
68.612,68.612,NoButton,Drag,585,579
68.616,68.616,NoButton,Drag,584,578
68.62,68.62,NoButton,Drag,582,577
68.624,68.624,NoButton,Drag,580,576
68.628,68.628,NoButton,Drag,578,574
68.632,68.632,NoButton,Drag,575,573
68.636,68.636,NoButton,Drag,573,571
68.64,68.64,Left,Released,573,571
68.641,68.641,NoButton,Move,570,569
68.647,68.647,NoButton,Move,567,567
68.665,68.665,NoButton,Move,545,556
68.681,68.681,NoButton,Move,527,547
68.698,68.698,NoButton,Move,504,536
68.714,68.714,NoButton,Move,488,528
68.732,68.732,NoButton,Move,477,521
68.748,68.748,NoButton,Move,469,516
68.765,68.765,NoButton,Move,464,512
68.781,68.781,NoButton,Move,463,511
68.798,68.798,NoButton,Move,462,509
68.815,68.815,NoButton,Move,461,508
68.833,68.833,NoButton,Move,460,507
68.848,68.848,NoButton,Move,460,506
68.865,68.865,NoButton,Move,459,505
68.883,68.883,NoButton,Move,458,504
68.914,68.914,Left,Pressed,458,504
68.966,68.966,NoButton,Drag,458,504
68.97,68.97,NoButton,Drag,458,505
68.973,68.973,NoButton,Drag,458,505
68.977,68.977,NoButton,Drag,459,505
68.981,68.981,NoButton,Drag,459,506
68.986,68.986,NoButton,Drag,460,506
68.989,68.989,NoButton,Drag,460,507
68.993,68.993,NoButton,Drag,461,507
68.997,68.997,NoButton,Drag,462,508
69.002,69.002,NoButton,Drag,463,509
69.005,69.005,NoButton,Drag,465,510
69.009,69.009,NoButton,Drag,467,511
69.013,69.013,NoButton,Drag,469,513
69.018,69.018,NoButton,Drag,472,514
69.021,69.021,NoButton,Drag,475,516
69.025,69.025,NoButton,Drag,479,518
69.029,69.029,NoButton,Drag,483,521
69.034,69.034,NoButton,Drag,488,523
69.037,69.037,NoButton,Drag,494,526
69.041,69.041,NoButton,Drag,500,529
69.045,69.045,NoButton,Drag,506,531
69.049,69.049,NoButton,Drag,513,534
69.053,69.053,NoButton,Drag,520,538
69.057,69.057,NoButton,Drag,528,541
69.061,69.061,NoButton,Drag,538,545
69.065,69.065,NoButton,Drag,549,548
69.069,69.069,NoButton,Drag,559,553
69.073,69.073,NoButton,Drag,572,557
69.077,69.077,NoButton,Drag,584,562
69.081,69.081,NoButton,Drag,597,567
69.085,69.085,NoButton,Drag,610,572
69.089,69.089,NoButton,Drag,623,577
69.093,69.093,NoButton,Drag,635,581
69.097,69.097,NoButton,Drag,649,587
69.101,69.101,NoButton,Drag,663,592
69.105,69.105,NoButton,Drag,677,598
69.109,69.109,NoButton,Drag,690,603
69.113,69.113,NoButton,Drag,704,609
69.117,69.117,NoButton,Drag,718,614
69.121,69.121,NoButton,Drag,733,619
69.125,69.125,NoButton,Drag,748,626
69.129,69.129,NoButton,Drag,762,631
69.134,69.134,NoButton,Drag,778,637
69.137,69.137,NoButton,Drag,794,644
69.141,69.141,NoButton,Drag,809,650
69.145,69.145,NoButton,Drag,823,655
69.149,69.149,NoButton,Drag,837,661
69.153,69.153,NoButton,Drag,851,666
69.157,69.157,NoButton,Drag,865,671
69.161,69.161,NoButton,Drag,879,676
69.165,69.165,NoButton,Drag,895,682
69.169,69.169,NoButton,Drag,909,687
69.173,69.173,NoButton,Drag,924,694
69.177,69.177,NoButton,Drag,940,699
69.181,69.181,NoButton,Drag,954,704
69.185,69.185,NoButton,Drag,967,709
69.189,69.189,NoButton,Drag,981,713
69.193,69.193,NoButton,Drag,994,717
69.197,69.197,NoButton,Drag,1006,721
69.201,69.201,NoButton,Drag,1016,724
69.205,69.205,NoButton,Drag,1026,727
69.209,69.209,NoButton,Drag,1035,729
69.213,69.213,NoButton,Drag,1043,731
69.217,69.217,NoButton,Drag,1051,733
69.221,69.221,NoButton,Drag,1058,735
69.223,69.223,NoButton,Drag,1065,737
69.227,69.227,NoButton,Drag,1072,739
69.231,69.231,NoButton,Drag,1079,741
69.235,69.235,NoButton,Drag,1085,742
69.241,69.241,NoButton,Drag,1091,744
69.243,69.243,NoButton,Drag,1095,745
69.247,69.247,NoButton,Drag,1099,746
69.251,69.251,NoButton,Drag,1104,747
69.255,69.255,NoButton,Drag,1107,748
69.259,69.259,NoButton,Drag,1110,749
69.263,69.263,NoButton,Drag,1114,750
69.267,69.267,NoButton,Drag,1116,751
69.271,69.271,NoButton,Drag,1119,751
69.275,69.275,NoButton,Drag,1121,752
69.279,69.279,NoButton,Drag,1123,752
69.284,69.284,NoButton,Drag,1125,753
69.287,69.287,NoButton,Drag,1127,753
69.291,69.291,NoButton,Drag,1128,754
69.295,69.295,NoButton,Drag,1130,754
69.299,69.299,NoButton,Drag,1131,754
69.303,69.303,NoButton,Drag,1132,755
69.307,69.307,NoButton,Drag,1134,755
69.311,69.311,NoButton,Drag,1134,755
69.315,69.315,NoButton,Drag,1136,755
69.319,69.319,NoButton,Drag,1137,756
69.323,69.323,NoButton,Drag,1138,756
69.327,69.327,NoButton,Drag,1139,756
69.331,69.331,NoButton,Drag,1140,756
69.335,69.335,NoButton,Drag,1141,756
69.339,69.339,NoButton,Drag,1142,756
69.343,69.343,NoButton,Drag,1142,756
69.347,69.347,NoButton,Drag,1143,756
69.351,69.351,NoButton,Drag,1143,756
69.355,69.355,NoButton,Drag,1144,756
69.359,69.359,NoButton,Drag,1145,756
69.363,69.363,NoButton,Drag,1145,756
69.367,69.367,NoButton,Drag,1145,756
69.38,69.38,NoButton,Drag,1145,756
69.384,69.384,NoButton,Drag,1146,756
69.387,69.387,NoButton,Drag,1146,756
69.391,69.391,NoButton,Drag,1146,756
69.395,69.395,NoButton,Drag,1147,756
69.399,69.399,NoButton,Drag,1147,756
69.403,69.403,NoButton,Drag,1148,756
69.407,69.407,NoButton,Drag,1149,756
69.411,69.411,NoButton,Drag,1150,756
69.415,69.415,NoButton,Drag,1151,756
69.419,69.419,NoButton,Drag,1153,755
69.423,69.423,NoButton,Drag,1155,755
69.427,69.427,NoButton,Drag,1157,755
69.431,69.431,NoButton,Drag,1159,755
69.435,69.435,NoButton,Drag,1162,755
69.439,69.439,NoButton,Drag,1164,755
69.443,69.443,NoButton,Drag,1167,755
69.447,69.447,NoButton,Drag,1170,754
69.451,69.451,NoButton,Drag,1173,754
69.455,69.455,NoButton,Drag,1176,754
69.459,69.459,NoButton,Drag,1180,753
69.463,69.463,NoButton,Drag,1184,753
69.467,69.467,NoButton,Drag,1189,752
69.471,69.471,NoButton,Drag,1193,752
69.475,69.475,NoButton,Drag,1198,751
69.479,69.479,NoButton,Drag,1204,750
69.484,69.484,NoButton,Drag,1211,749
69.487,69.487,NoButton,Drag,1217,748
69.491,69.491,NoButton,Drag,1223,747
69.495,69.495,NoButton,Drag,1229,746
69.499,69.499,NoButton,Drag,1235,745
69.503,69.503,NoButton,Drag,1241,744
69.507,69.507,NoButton,Drag,1247,742
69.511,69.511,NoButton,Drag,1251,741
69.515,69.515,NoButton,Drag,1255,740
69.519,69.519,NoButton,Drag,1259,739
69.523,69.523,NoButton,Drag,1263,738
69.527,69.527,NoButton,Drag,1266,737
69.531,69.531,NoButton,Drag,1269,736
69.535,69.535,NoButton,Drag,1272,735
69.539,69.539,NoButton,Drag,1274,735
69.543,69.543,NoButton,Drag,1276,734
69.547,69.547,NoButton,Drag,1277,733
69.551,69.551,NoButton,Drag,1278,733
69.555,69.555,NoButton,Drag,1278,732
69.559,69.559,NoButton,Drag,1279,732
69.563,69.563,NoButton,Drag,1279,732
69.567,69.567,NoButton,Drag,1280,731
69.571,69.571,NoButton,Drag,1280,731
69.648,69.648,NoButton,Drag,1280,731
69.655,69.655,NoButton,Drag,1280,731
69.664,69.664,NoButton,Drag,1280,730
69.668,69.668,NoButton,Drag,1280,730
69.672,69.672,NoButton,Drag,1280,730
69.675,69.675,NoButton,Drag,1280,730
69.68,69.68,NoButton,Drag,1280,729
69.684,69.684,NoButton,Drag,1280,729
69.688,69.688,NoButton,Drag,1280,729
69.691,69.691,NoButton,Drag,1280,728
69.695,69.695,NoButton,Drag,1280,728
69.699,69.699,NoButton,Drag,1280,728
69.704,69.704,Left,Released,1280,728
69.705,69.705,NoButton,Move,1280,728
69.72,69.72,NoButton,Move,1280,727
69.736,69.736,NoButton,Move,1280,726
69.753,69.753,NoButton,Move,1279,725
69.77,69.77,NoButton,Move,1279,724
69.787,69.787,NoButton,Move,1279,724
69.804,69.804,NoButton,Move,1279,724
69.82,69.82,NoButton,Move,1278,724
69.837,69.837,NoButton,Move,1278,723
69.854,69.854,NoButton,Move,1273,721
69.871,69.871,NoButton,Move,1264,720
69.887,69.887,NoButton,Move,1251,720
69.904,69.904,NoButton,Move,1239,720
69.921,69.921,NoButton,Move,1223,720
69.937,69.937,NoButton,Move,1206,721
69.954,69.954,NoButton,Move,1193,721
69.971,69.971,NoButton,Move,1190,721
69.987,69.987,NoButton,Move,1190,721
70.01,70.01,NoButton,Move,1190,721
70.021,70.021,NoButton,Move,1189,721
70.038,70.038,NoButton,Move,1186,721
70.054,70.054,NoButton,Move,1175,719
70.071,70.071,NoButton,Move,1154,719
70.089,70.089,NoButton,Move,1125,719
70.104,70.104,NoButton,Move,1089,719
70.122,70.122,NoButton,Move,1038,719
70.138,70.138,NoButton,Move,998,719
70.155,70.155,NoButton,Move,960,718
70.172,70.172,NoButton,Move,919,712
70.188,70.188,NoButton,Move,876,705
70.205,70.205,NoButton,Move,834,694
70.222,70.222,NoButton,Move,790,683
70.239,70.239,NoButton,Move,762,676
70.256,70.256,NoButton,Move,731,667
70.272,70.272,NoButton,Move,701,659
70.289,70.289,NoButton,Move,675,651
70.305,70.305,NoButton,Move,650,644
70.322,70.322,NoButton,Move,617,636
70.339,70.339,NoButton,Move,591,629
70.356,70.356,NoButton,Move,565,623
70.373,70.373,NoButton,Move,541,616
70.389,70.389,NoButton,Move,504,609
70.406,70.406,NoButton,Move,477,603
70.423,70.423,NoButton,Move,460,599
70.439,70.439,NoButton,Move,453,597
70.456,70.456,NoButton,Move,452,597
70.52,70.52,NoButton,Move,452,597
70.524,70.524,NoButton,Move,452,596
70.54,70.54,NoButton,Move,450,595
70.557,70.557,NoButton,Move,448,594
70.574,70.574,NoButton,Move,446,593
70.59,70.59,NoButton,Move,444,592
70.607,70.607,NoButton,Move,441,591
70.623,70.623,NoButton,Move,436,587
70.64,70.64,NoButton,Move,421,581
70.656,70.656,NoButton,Move,404,574
70.674,70.674,NoButton,Move,388,567
70.69,70.69,NoButton,Move,374,562
70.707,70.707,NoButton,Move,361,557
70.724,70.724,NoButton,Move,348,551
70.74,70.74,NoButton,Move,341,547
70.757,70.757,NoButton,Move,339,546
70.774,70.774,NoButton,Move,338,546
70.8,70.8,Left,Pressed,338,546
70.904,70.904,NoButton,Drag,338,546
70.908,70.908,NoButton,Drag,339,546
70.912,70.912,NoButton,Drag,339,546
70.916,70.916,NoButton,Drag,339,546
70.92,70.92,NoButton,Drag,340,546
70.924,70.924,NoButton,Drag,340,547
70.928,70.928,NoButton,Drag,341,547
70.932,70.932,NoButton,Drag,342,547
70.936,70.936,NoButton,Drag,343,548
70.94,70.94,NoButton,Drag,345,548
70.944,70.944,NoButton,Drag,346,548
70.948,70.948,NoButton,Drag,347,549
70.952,70.952,NoButton,Drag,349,550
70.954,70.954,NoButton,Drag,350,551
70.958,70.958,NoButton,Drag,352,552
70.962,70.962,NoButton,Drag,354,552
70.966,70.966,NoButton,Drag,356,553
70.97,70.97,NoButton,Drag,359,555
70.974,70.974,NoButton,Drag,361,556
70.978,70.978,NoButton,Drag,364,557
70.982,70.982,NoButton,Drag,367,558
70.986,70.986,NoButton,Drag,370,559
70.99,70.99,NoButton,Drag,373,560
70.994,70.994,NoButton,Drag,376,562
71,71,NoButton,Drag,379,563
71.002,71.002,NoButton,Drag,383,566
71.006,71.006,NoButton,Drag,387,567
71.01,71.01,NoButton,Drag,391,569
71.013,71.013,NoButton,Drag,396,571
71.018,71.018,NoButton,Drag,400,573
71.022,71.022,NoButton,Drag,405,575
71.026,71.026,NoButton,Drag,409,577
71.03,71.03,NoButton,Drag,414,580
71.034,71.034,NoButton,Drag,420,583
71.038,71.038,NoButton,Drag,425,585
71.042,71.042,NoButton,Drag,431,587
71.046,71.046,NoButton,Drag,437,589
71.049,71.049,NoButton,Drag,442,591
71.054,71.054,NoButton,Drag,448,593
71.058,71.058,NoButton,Drag,454,594
71.062,71.062,NoButton,Drag,460,596
71.066,71.066,NoButton,Drag,466,598
71.07,71.07,NoButton,Drag,471,601
71.074,71.074,NoButton,Drag,477,603
71.078,71.078,NoButton,Drag,482,605
71.081,71.081,NoButton,Drag,487,607
71.086,71.086,NoButton,Drag,493,609
71.09,71.09,NoButton,Drag,498,611
71.094,71.094,NoButton,Drag,502,612
71.097,71.097,NoButton,Drag,507,614
71.101,71.101,NoButton,Drag,512,615
71.106,71.106,NoButton,Drag,517,616
71.11,71.11,NoButton,Drag,521,618
71.114,71.114,NoButton,Drag,524,618
71.118,71.118,NoButton,Drag,527,619
71.122,71.122,NoButton,Drag,530,620
71.126,71.126,NoButton,Drag,532,621
71.13,71.13,NoButton,Drag,534,621
71.134,71.134,NoButton,Drag,536,621
71.138,71.138,NoButton,Drag,536,622
71.142,71.142,NoButton,Drag,537,622
71.146,71.146,NoButton,Drag,538,622
71.262,71.262,NoButton,Drag,538,622
71.27,71.27,NoButton,Drag,538,622
71.274,71.274,NoButton,Drag,538,621
71.278,71.278,NoButton,Drag,538,621
71.282,71.282,NoButton,Drag,537,620
71.286,71.286,NoButton,Drag,537,620
71.29,71.29,NoButton,Drag,537,619
71.293,71.293,NoButton,Drag,536,619
71.298,71.298,Left,Released,536,619
71.299,71.299,NoButton,Move,536,618
71.309,71.309,NoButton,Move,533,617
71.326,71.326,NoButton,Move,521,608
71.342,71.342,NoButton,Move,507,600
71.36,71.36,NoButton,Move,490,591
71.377,71.377,NoButton,Move,472,582
71.393,71.393,NoButton,Move,454,574
71.409,71.409,NoButton,Move,439,569
71.426,71.426,NoButton,Move,427,564
71.443,71.443,NoButton,Move,425,563
71.46,71.46,NoButton,Move,423,562
71.477,71.477,NoButton,Move,422,561
71.493,71.493,NoButton,Move,422,561
71.51,71.51,NoButton,Move,421,561
71.527,71.527,NoButton,Move,420,560
71.543,71.543,NoButton,Move,419,560
71.56,71.56,NoButton,Move,416,559
71.577,71.577,NoButton,Move,410,558
71.593,71.593,NoButton,Move,402,556
71.61,71.61,NoButton,Move,396,556
71.627,71.627,NoButton,Move,395,555
71.665,71.665,Left,Pressed,395,555
71.784,71.784,NoButton,Drag,396,555
71.788,71.788,NoButton,Drag,396,556
71.792,71.792,NoButton,Drag,396,556
71.796,71.796,NoButton,Drag,397,557
71.8,71.8,NoButton,Drag,398,557
71.804,71.804,NoButton,Drag,399,558
71.808,71.808,NoButton,Drag,400,558
71.812,71.812,NoButton,Drag,401,559
71.816,71.816,NoButton,Drag,402,560
71.82,71.82,NoButton,Drag,405,561
71.824,71.824,NoButton,Drag,407,562
71.828,71.828,NoButton,Drag,410,564
71.832,71.832,NoButton,Drag,414,565
71.836,71.836,NoButton,Drag,418,567
71.84,71.84,NoButton,Drag,424,569
71.844,71.844,NoButton,Drag,429,571
71.848,71.848,NoButton,Drag,436,573
71.852,71.852,NoButton,Drag,443,575
71.856,71.856,NoButton,Drag,450,577
71.86,71.86,NoButton,Drag,458,579
71.864,71.864,NoButton,Drag,467,582
71.868,71.868,NoButton,Drag,477,585
71.872,71.872,NoButton,Drag,487,588
71.875,71.875,NoButton,Drag,495,591
71.879,71.879,NoButton,Drag,505,593
71.883,71.883,NoButton,Drag,516,597
71.888,71.888,NoButton,Drag,526,601
71.891,71.891,NoButton,Drag,537,604
71.895,71.895,NoButton,Drag,548,607
71.9,71.9,NoButton,Drag,559,611
71.903,71.903,NoButton,Drag,570,614
71.907,71.907,NoButton,Drag,580,617
71.911,71.911,NoButton,Drag,591,621
71.916,71.916,NoButton,Drag,602,624
71.92,71.92,NoButton,Drag,612,628
71.923,71.923,NoButton,Drag,623,632
71.927,71.927,NoButton,Drag,633,635
71.931,71.931,NoButton,Drag,644,638
71.936,71.936,NoButton,Drag,655,641
71.94,71.94,NoButton,Drag,665,645
71.943,71.943,NoButton,Drag,676,648
71.947,71.947,NoButton,Drag,688,653
71.952,71.952,NoButton,Drag,700,656
71.956,71.956,NoButton,Drag,711,660
71.959,71.959,NoButton,Drag,723,664
71.963,71.963,NoButton,Drag,735,667
71.967,71.967,NoButton,Drag,746,670
71.972,71.972,NoButton,Drag,756,673
71.975,71.975,NoButton,Drag,767,676
71.979,71.979,NoButton,Drag,778,679
71.983,71.983,NoButton,Drag,788,682
71.988,71.988,NoButton,Drag,799,685
71.991,71.991,NoButton,Drag,810,688
71.995,71.995,NoButton,Drag,820,691
71.999,71.999,NoButton,Drag,831,693
72.003,72.003,NoButton,Drag,842,695
72.007,72.007,NoButton,Drag,852,698
72.011,72.011,NoButton,Drag,864,700
72.015,72.015,NoButton,Drag,877,702
72.02,72.02,NoButton,Drag,890,703
72.023,72.023,NoButton,Drag,902,705
72.027,72.027,NoButton,Drag,916,707
72.031,72.031,NoButton,Drag,929,708
72.036,72.036,NoButton,Drag,943,709
72.04,72.04,NoButton,Drag,956,709
72.043,72.043,NoButton,Drag,969,710
72.047,72.047,NoButton,Drag,983,711
72.051,72.051,NoButton,Drag,997,711
72.055,72.055,NoButton,Drag,1009,712
72.059,72.059,NoButton,Drag,1022,712
72.063,72.063,NoButton,Drag,1035,712
72.067,72.067,NoButton,Drag,1049,712
72.071,72.071,NoButton,Drag,1061,712
72.075,72.075,NoButton,Drag,1074,712
72.079,72.079,NoButton,Drag,1087,712
72.083,72.083,NoButton,Drag,1098,712
72.087,72.087,NoButton,Drag,1111,712
72.091,72.091,NoButton,Drag,1123,712
72.095,72.095,NoButton,Drag,1133,712
72.099,72.099,NoButton,Drag,1144,712
72.103,72.103,NoButton,Drag,1154,712
72.107,72.107,NoButton,Drag,1164,712
72.109,72.109,NoButton,Drag,1173,711
72.113,72.113,NoButton,Drag,1182,711
72.117,72.117,NoButton,Drag,1190,710
72.121,72.121,NoButton,Drag,1197,709
72.125,72.125,NoButton,Drag,1203,709
72.129,72.129,NoButton,Drag,1209,709
72.136,72.136,NoButton,Drag,1215,708
72.138,72.138,NoButton,Drag,1220,707
72.141,72.141,NoButton,Drag,1225,707
72.145,72.145,NoButton,Drag,1229,706
72.149,72.149,NoButton,Drag,1233,706
72.153,72.153,NoButton,Drag,1237,706
72.157,72.157,NoButton,Drag,1240,706
72.161,72.161,NoButton,Drag,1242,705
72.165,72.165,NoButton,Drag,1245,705
72.169,72.169,NoButton,Drag,1247,704
72.173,72.173,NoButton,Drag,1249,704
72.177,72.177,NoButton,Drag,1251,704
72.181,72.181,NoButton,Drag,1252,704
72.186,72.186,NoButton,Drag,1253,703
72.189,72.189,NoButton,Drag,1255,703
72.193,72.193,NoButton,Drag,1256,703
72.197,72.197,NoButton,Drag,1257,703
72.201,72.201,NoButton,Drag,1259,703
72.205,72.205,NoButton,Drag,1260,703
72.209,72.209,NoButton,Drag,1262,703
72.213,72.213,NoButton,Drag,1263,703
72.217,72.217,NoButton,Drag,1265,703
72.221,72.221,NoButton,Drag,1266,703
72.225,72.225,NoButton,Drag,1267,703
72.229,72.229,NoButton,Drag,1269,703
72.233,72.233,NoButton,Drag,1271,703
72.237,72.237,NoButton,Drag,1272,703
72.241,72.241,NoButton,Drag,1274,703
72.245,72.245,NoButton,Drag,1276,703
72.249,72.249,NoButton,Drag,1278,703
72.253,72.253,NoButton,Drag,1280,702
72.257,72.257,NoButton,Drag,1282,702
72.261,72.261,NoButton,Drag,1284,702
72.265,72.265,NoButton,Drag,1286,702
72.269,72.269,NoButton,Drag,1288,702
72.273,72.273,NoButton,Drag,1290,702
72.277,72.277,NoButton,Drag,1292,702
72.281,72.281,NoButton,Drag,1294,702
72.286,72.286,NoButton,Drag,1296,702
72.289,72.289,NoButton,Drag,1298,702
72.293,72.293,NoButton,Drag,1299,702
72.297,72.297,NoButton,Drag,1301,702
72.301,72.301,NoButton,Drag,1303,702
72.305,72.305,NoButton,Drag,1304,702
72.309,72.309,NoButton,Drag,1306,702
72.313,72.313,NoButton,Drag,1307,702
72.317,72.317,NoButton,Drag,1308,702
72.321,72.321,NoButton,Drag,1310,702
72.325,72.325,NoButton,Drag,1310,702
72.329,72.329,NoButton,Drag,1312,702
72.333,72.333,NoButton,Drag,1312,702
72.337,72.337,NoButton,Drag,1313,701
72.341,72.341,NoButton,Drag,1314,701
72.345,72.345,NoButton,Drag,1315,701
72.349,72.349,NoButton,Drag,1316,701
72.353,72.353,NoButton,Drag,1317,701
72.357,72.357,NoButton,Drag,1318,701
72.361,72.361,NoButton,Drag,1319,701
72.365,72.365,NoButton,Drag,1320,701
72.369,72.369,NoButton,Drag,1321,701
72.373,72.373,NoButton,Drag,1322,701
72.377,72.377,NoButton,Drag,1323,701
72.381,72.381,NoButton,Drag,1324,701
72.386,72.386,NoButton,Drag,1324,700
72.389,72.389,NoButton,Drag,1325,700
72.393,72.393,NoButton,Drag,1326,700
72.397,72.397,NoButton,Drag,1326,700
72.401,72.401,NoButton,Drag,1327,700
72.405,72.405,NoButton,Drag,1327,700
72.43,72.43,NoButton,Drag,1327,700
72.433,72.433,NoButton,Drag,1327,699
72.441,72.441,NoButton,Drag,1327,699
72.445,72.445,NoButton,Drag,1327,699
72.449,72.449,NoButton,Drag,1327,698
72.453,72.453,NoButton,Drag,1326,698
72.458,72.458,Left,Released,1326,698
72.458,72.458,NoButton,Move,1326,697
72.471,72.471,NoButton,Move,1325,696
72.488,72.488,NoButton,Move,1323,695
72.505,72.505,NoButton,Move,1322,693
72.521,72.521,NoButton,Move,1321,693
72.538,72.538,NoButton,Move,1318,691
72.555,72.555,NoButton,Move,1310,689
72.572,72.572,NoButton,Move,1294,687
72.588,72.588,NoButton,Move,1270,687
72.605,72.605,NoButton,Move,1234,687
72.621,72.621,NoButton,Move,1185,687
72.638,72.638,NoButton,Move,1114,685
72.655,72.655,NoButton,Move,1046,679
72.672,72.672,NoButton,Move,972,667
72.689,72.689,NoButton,Move,883,646
72.705,72.705,NoButton,Move,827,629
72.721,72.721,NoButton,Move,777,612
72.739,72.739,NoButton,Move,728,594
72.755,72.755,NoButton,Move,680,575
72.772,72.772,NoButton,Move,620,553
72.788,72.788,NoButton,Move,573,536
72.805,72.805,NoButton,Move,527,520
72.823,72.823,NoButton,Move,489,506
72.839,72.839,NoButton,Move,462,496
72.855,72.855,NoButton,Move,437,486
72.872,72.872,NoButton,Move,408,477
72.89,72.89,NoButton,Move,388,471
72.905,72.905,NoButton,Move,369,466
72.923,72.923,NoButton,Move,353,462
72.939,72.939,NoButton,Move,339,458
72.956,72.956,NoButton,Move,328,454
72.973,72.973,NoButton,Move,324,452
72.989,72.989,NoButton,Move,322,451
73.006,73.006,NoButton,Move,321,450
73.023,73.023,NoButton,Move,320,448
73.039,73.039,NoButton,Move,319,447
73.057,73.057,NoButton,Move,318,446
73.073,73.073,NoButton,Move,318,446
73.09,73.09,NoButton,Move,317,444
73.106,73.106,NoButton,Move,317,443
73.124,73.124,NoButton,Move,317,440
73.14,73.14,NoButton,Move,316,438
73.156,73.156,NoButton,Move,315,436
73.173,73.173,NoButton,Move,315,433
73.19,73.19,NoButton,Move,315,431
73.206,73.206,NoButton,Move,314,429
73.223,73.223,NoButton,Move,314,426
73.24,73.24,NoButton,Move,312,424
73.257,73.257,NoButton,Move,310,421
73.273,73.273,NoButton,Move,309,419
73.29,73.29,NoButton,Move,307,416
73.306,73.306,NoButton,Move,305,414
73.323,73.323,NoButton,Move,304,413
73.34,73.34,NoButton,Move,304,411
73.357,73.357,NoButton,Move,303,411
73.39,73.39,Left,Pressed,303,411
73.506,73.506,NoButton,Drag,303,411
73.51,73.51,NoButton,Drag,303,411
73.514,73.514,NoButton,Drag,304,412
73.517,73.517,NoButton,Drag,304,412
73.522,73.522,NoButton,Drag,305,413
73.525,73.525,NoButton,Drag,305,414
73.529,73.529,NoButton,Drag,306,414
73.533,73.533,NoButton,Drag,308,416
73.537,73.537,NoButton,Drag,309,417
73.542,73.542,NoButton,Drag,311,419
73.545,73.545,NoButton,Drag,313,421
73.549,73.549,NoButton,Drag,314,423
73.553,73.553,NoButton,Drag,316,425
73.558,73.558,NoButton,Drag,318,427
73.561,73.561,NoButton,Drag,321,430
73.565,73.565,NoButton,Drag,323,432
73.569,73.569,NoButton,Drag,325,434
73.574,73.574,NoButton,Drag,328,437
73.577,73.577,NoButton,Drag,330,440
73.581,73.581,NoButton,Drag,333,443
73.586,73.586,NoButton,Drag,336,446
73.59,73.59,NoButton,Drag,339,449
73.594,73.594,NoButton,Drag,343,453
73.597,73.597,NoButton,Drag,346,457
73.601,73.601,NoButton,Drag,350,460
73.605,73.605,NoButton,Drag,353,464
73.609,73.609,NoButton,Drag,357,468
73.613,73.613,NoButton,Drag,361,472
73.617,73.617,NoButton,Drag,365,476
73.621,73.621,NoButton,Drag,369,480
73.625,73.625,NoButton,Drag,373,484
73.629,73.629,NoButton,Drag,377,488
73.633,73.633,NoButton,Drag,381,492
73.637,73.637,NoButton,Drag,386,497
73.641,73.641,NoButton,Drag,390,502
73.645,73.645,NoButton,Drag,394,506
73.649,73.649,NoButton,Drag,399,511
73.653,73.653,NoButton,Drag,403,516
73.658,73.658,NoButton,Drag,407,520
73.661,73.661,NoButton,Drag,413,525
73.665,73.665,NoButton,Drag,417,529
73.669,73.669,NoButton,Drag,422,534
73.673,73.673,NoButton,Drag,428,540
73.677,73.677,NoButton,Drag,434,545
73.681,73.681,NoButton,Drag,440,550
73.685,73.685,NoButton,Drag,445,555
73.689,73.689,NoButton,Drag,451,559
73.693,73.693,NoButton,Drag,457,564
73.697,73.697,NoButton,Drag,463,569
73.701,73.701,NoButton,Drag,469,573
73.705,73.705,NoButton,Drag,476,578
73.709,73.709,NoButton,Drag,482,582
73.713,73.713,NoButton,Drag,488,586
73.717,73.717,NoButton,Drag,495,591
73.721,73.721,NoButton,Drag,502,595
73.725,73.725,NoButton,Drag,508,600
73.729,73.729,NoButton,Drag,514,604
73.734,73.734,NoButton,Drag,521,608
73.737,73.737,NoButton,Drag,527,613
73.742,73.742,NoButton,Drag,533,617
73.745,73.745,NoButton,Drag,539,621
73.749,73.749,NoButton,Drag,545,625
73.754,73.754,NoButton,Drag,550,629
73.758,73.758,NoButton,Drag,555,633
73.762,73.762,NoButton,Drag,561,637
73.765,73.765,NoButton,Drag,566,640
73.769,73.769,NoButton,Drag,572,644
73.773,73.773,NoButton,Drag,577,647
73.778,73.778,NoButton,Drag,582,650
73.782,73.782,NoButton,Drag,588,654
73.785,73.785,NoButton,Drag,593,658
73.789,73.789,NoButton,Drag,599,661
73.793,73.793,NoButton,Drag,605,665
73.797,73.797,NoButton,Drag,610,668
73.801,73.801,NoButton,Drag,615,672
73.805,73.805,NoButton,Drag,621,674
73.809,73.809,NoButton,Drag,626,678
73.813,73.813,NoButton,Drag,632,681
73.817,73.817,NoButton,Drag,638,685
73.821,73.821,NoButton,Drag,644,688
73.825,73.825,NoButton,Drag,651,691
73.829,73.829,NoButton,Drag,657,694
73.833,73.833,NoButton,Drag,663,697
73.837,73.837,NoButton,Drag,670,701
73.841,73.841,NoButton,Drag,677,704
73.844,73.844,NoButton,Drag,684,707
73.848,73.848,NoButton,Drag,691,711
73.852,73.852,NoButton,Drag,698,714
73.856,73.856,NoButton,Drag,706,718
73.859,73.859,NoButton,Drag,715,721
73.863,73.863,NoButton,Drag,722,724
73.867,73.867,NoButton,Drag,730,727
73.871,73.871,NoButton,Drag,738,730
73.875,73.875,NoButton,Drag,747,733
73.879,73.879,NoButton,Drag,755,736
73.883,73.883,NoButton,Drag,764,739
73.888,73.888,NoButton,Drag,774,742
73.891,73.891,NoButton,Drag,782,745
73.895,73.895,NoButton,Drag,790,748
73.899,73.899,NoButton,Drag,798,750
73.903,73.903,NoButton,Drag,806,753
73.908,73.908,NoButton,Drag,814,755
73.911,73.911,NoButton,Drag,822,758
73.915,73.915,NoButton,Drag,830,760
73.919,73.919,NoButton,Drag,837,762
73.923,73.923,NoButton,Drag,845,764
73.927,73.927,NoButton,Drag,853,767
73.931,73.931,NoButton,Drag,861,769
73.936,73.936,NoButton,Drag,868,771
73.94,73.94,NoButton,Drag,875,773
73.944,73.944,NoButton,Drag,882,776
73.947,73.947,NoButton,Drag,889,778
73.952,73.952,NoButton,Drag,896,780
73.956,73.956,NoButton,Drag,904,782
73.959,73.959,NoButton,Drag,910,783
73.963,73.963,NoButton,Drag,916,785
73.967,73.967,NoButton,Drag,923,787
73.971,73.971,NoButton,Drag,929,789
73.975,73.975,NoButton,Drag,936,790
73.979,73.979,NoButton,Drag,942,792
73.983,73.983,NoButton,Drag,948,793
73.987,73.987,NoButton,Drag,954,794
73.992,73.992,NoButton,Drag,960,796
73.995,73.995,NoButton,Drag,966,797
73.999,73.999,NoButton,Drag,972,799
74.003,74.003,NoButton,Drag,978,800
74.008,74.008,NoButton,Drag,984,802
74.011,74.011,NoButton,Drag,990,803
74.015,74.015,NoButton,Drag,996,805
74.019,74.019,NoButton,Drag,1003,806
74.023,74.023,NoButton,Drag,1008,807
74.027,74.027,NoButton,Drag,1015,808
74.031,74.031,NoButton,Drag,1021,810
74.036,74.036,NoButton,Drag,1028,811
74.04,74.04,NoButton,Drag,1034,812
74.043,74.043,NoButton,Drag,1040,813
74.047,74.047,NoButton,Drag,1048,814
74.052,74.052,NoButton,Drag,1055,815
74.056,74.056,NoButton,Drag,1062,816
74.059,74.059,NoButton,Drag,1069,816
74.063,74.063,NoButton,Drag,1075,817
74.067,74.067,NoButton,Drag,1082,818
74.071,74.071,NoButton,Drag,1089,818
74.075,74.075,NoButton,Drag,1095,819
74.079,74.079,NoButton,Drag,1102,819
74.083,74.083,NoButton,Drag,1108,820
74.088,74.088,NoButton,Drag,1115,820
74.092,74.092,NoButton,Drag,1122,820
74.096,74.096,NoButton,Drag,1128,820
74.099,74.099,NoButton,Drag,1135,820
74.103,74.103,NoButton,Drag,1142,820
74.108,74.108,NoButton,Drag,1148,821
74.111,74.111,NoButton,Drag,1154,821
74.115,74.115,NoButton,Drag,1161,821
74.119,74.119,NoButton,Drag,1167,821
74.123,74.123,NoButton,Drag,1174,822
74.127,74.127,NoButton,Drag,1181,822
74.132,74.132,NoButton,Drag,1187,822
74.136,74.136,NoButton,Drag,1193,822
74.14,74.14,NoButton,Drag,1199,822
74.144,74.144,NoButton,Drag,1205,822
74.148,74.148,NoButton,Drag,1210,822
74.151,74.151,NoButton,Drag,1217,822
74.156,74.156,NoButton,Drag,1222,822
74.16,74.16,NoButton,Drag,1227,821
74.164,74.164,NoButton,Drag,1232,821
74.168,74.168,NoButton,Drag,1237,820
74.172,74.172,NoButton,Drag,1242,819
74.175,74.175,NoButton,Drag,1245,818
74.179,74.179,NoButton,Drag,1249,818
74.184,74.184,NoButton,Drag,1252,817
74.188,74.188,NoButton,Drag,1255,816
74.192,74.192,NoButton,Drag,1258,816
74.196,74.196,NoButton,Drag,1260,815
74.2,74.2,NoButton,Drag,1262,815
74.203,74.203,NoButton,Drag,1265,814
74.208,74.208,NoButton,Drag,1267,814
74.211,74.211,NoButton,Drag,1269,814
74.215,74.215,NoButton,Drag,1271,813
74.219,74.219,NoButton,Drag,1272,813
74.223,74.223,NoButton,Drag,1273,813
74.227,74.227,NoButton,Drag,1274,812
74.232,74.232,NoButton,Drag,1275,812
74.236,74.236,NoButton,Drag,1276,812
74.24,74.24,NoButton,Drag,1276,811
74.244,74.244,NoButton,Drag,1277,811
74.248,74.248,NoButton,Drag,1277,811
74.251,74.251,NoButton,Drag,1278,811
74.26,74.26,NoButton,Drag,1278,811
74.267,74.267,NoButton,Drag,1278,811
74.288,74.288,NoButton,Drag,1278,810
74.324,74.324,NoButton,Drag,1278,810
74.327,74.327,NoButton,Drag,1279,810
74.331,74.331,NoButton,Drag,1279,810
74.335,74.335,NoButton,Drag,1279,809
74.34,74.34,NoButton,Drag,1279,809
74.344,74.344,NoButton,Drag,1279,809
74.348,74.348,NoButton,Drag,1280,808
74.352,74.352,NoButton,Drag,1280,808
74.355,74.355,NoButton,Drag,1280,807
74.36,74.36,NoButton,Drag,1281,807
74.363,74.363,NoButton,Drag,1281,806
74.367,74.367,NoButton,Drag,1282,805
74.371,74.371,NoButton,Drag,1282,805
74.375,74.375,NoButton,Drag,1283,804
74.379,74.379,NoButton,Drag,1283,803
74.383,74.383,NoButton,Drag,1284,802
74.387,74.387,NoButton,Drag,1284,801
74.392,74.392,NoButton,Drag,1285,800
74.395,74.395,NoButton,Drag,1286,799
74.399,74.399,NoButton,Drag,1287,798
74.403,74.403,NoButton,Drag,1288,796
74.408,74.408,NoButton,Drag,1289,795
74.411,74.411,NoButton,Drag,1290,794
74.415,74.415,NoButton,Drag,1291,792
74.419,74.419,NoButton,Drag,1292,790
74.421,74.421,NoButton,Drag,1294,789
74.425,74.425,NoButton,Drag,1295,787
74.429,74.429,NoButton,Drag,1296,786
74.434,74.434,NoButton,Drag,1298,784
74.437,74.437,NoButton,Drag,1299,782
74.442,74.442,NoButton,Drag,1301,780
74.446,74.446,NoButton,Drag,1302,778
74.45,74.45,NoButton,Drag,1303,776
74.454,74.454,NoButton,Drag,1305,774
74.458,74.458,NoButton,Drag,1306,772
74.461,74.461,NoButton,Drag,1308,770
74.465,74.465,NoButton,Drag,1309,769
74.469,74.469,NoButton,Drag,1311,766
74.474,74.474,NoButton,Drag,1312,765
74.477,74.477,NoButton,Drag,1314,762
74.481,74.481,NoButton,Drag,1315,761
74.486,74.486,NoButton,Drag,1317,759
74.49,74.49,NoButton,Drag,1318,757
74.494,74.494,NoButton,Drag,1319,755
74.498,74.498,NoButton,Drag,1321,753
74.502,74.502,NoButton,Drag,1323,751
74.506,74.506,NoButton,Drag,1324,748
74.51,74.51,NoButton,Drag,1326,747
74.513,74.513,NoButton,Drag,1327,744
74.517,74.517,NoButton,Drag,1329,742
74.521,74.521,NoButton,Drag,1330,740
74.525,74.525,NoButton,Drag,1331,739
74.529,74.529,NoButton,Drag,1332,737
74.534,74.534,NoButton,Drag,1334,735
74.538,74.538,NoButton,Drag,1335,734
74.542,74.542,NoButton,Drag,1336,732
74.546,74.546,NoButton,Drag,1337,731
74.55,74.55,NoButton,Drag,1338,729
74.553,74.553,NoButton,Drag,1339,728
74.558,74.558,NoButton,Drag,1340,727
74.561,74.561,NoButton,Drag,1340,726
74.565,74.565,NoButton,Drag,1341,724
74.569,74.569,NoButton,Drag,1341,723
74.573,74.573,NoButton,Drag,1341,723
74.577,74.577,NoButton,Drag,1341,722
74.582,74.582,NoButton,Drag,1341,722
74.586,74.586,NoButton,Drag,1341,721
74.59,74.59,NoButton,Drag,1341,720
74.594,74.594,NoButton,Drag,1341,720
74.598,74.598,NoButton,Drag,1341,720
74.602,74.602,NoButton,Drag,1341,719
74.605,74.605,NoButton,Drag,1341,719
74.613,74.613,NoButton,Drag,1341,719
74.617,74.617,NoButton,Drag,1341,718
74.621,74.621,NoButton,Drag,1341,718
74.625,74.625,NoButton,Drag,1341,718
74.638,74.638,NoButton,Drag,1341,718
74.646,74.646,Left,Released,1341,718
74.666,74.666,NoButton,Move,1340,718
74.676,74.676,NoButton,Move,1340,718
74.693,74.693,NoButton,Move,1338,718
74.71,74.71,NoButton,Move,1333,719
74.726,74.726,NoButton,Move,1326,723
74.743,74.743,NoButton,Move,1315,728
74.761,74.761,NoButton,Move,1300,733
74.777,74.777,NoButton,Move,1281,738
74.793,74.793,NoButton,Move,1252,747
74.81,74.81,NoButton,Move,1200,760
74.827,74.827,NoButton,Move,1147,768
74.843,74.843,NoButton,Move,1079,773
74.86,74.86,NoButton,Move,1001,773
74.877,74.877,NoButton,Move,918,772
74.893,74.893,NoButton,Move,837,767
74.91,74.91,NoButton,Move,742,751
74.927,74.927,NoButton,Move,671,735
74.944,74.944,NoButton,Move,612,717
74.961,74.961,NoButton,Move,558,699
74.977,74.977,NoButton,Move,515,682
74.994,74.994,NoButton,Move,475,661
75.011,75.011,NoButton,Move,448,643
75.027,75.027,NoButton,Move,421,625
75.044,75.044,NoButton,Move,393,602
75.061,75.061,NoButton,Move,376,585
75.078,75.078,NoButton,Move,358,569
75.094,75.094,NoButton,Move,341,553
75.111,75.111,NoButton,Move,324,537
75.127,75.127,NoButton,Move,307,523
75.144,75.144,NoButton,Move,286,506
75.161,75.161,NoButton,Move,270,493
75.177,75.177,NoButton,Move,254,481
75.195,75.195,NoButton,Move,237,470
75.211,75.211,NoButton,Move,220,459
75.228,75.228,NoButton,Move,197,446
75.244,75.244,NoButton,Move,185,438
75.261,75.261,NoButton,Move,179,434
75.277,75.277,NoButton,Move,178,433
75.295,75.295,NoButton,Move,178,432
75.311,75.311,NoButton,Move,179,430
75.327,75.327,NoButton,Move,182,427
75.344,75.344,NoButton,Move,186,424
75.361,75.361,NoButton,Move,191,421
75.377,75.377,NoButton,Move,197,418
75.394,75.394,NoButton,Move,205,414
75.411,75.411,NoButton,Move,213,410
75.428,75.428,NoButton,Move,224,403
75.444,75.444,NoButton,Move,232,397
75.461,75.461,NoButton,Move,241,391
75.478,75.478,NoButton,Move,251,385
75.494,75.494,NoButton,Move,261,379
75.511,75.511,NoButton,Move,271,373
75.528,75.528,NoButton,Move,284,369
75.545,75.545,NoButton,Move,294,366
75.561,75.561,NoButton,Move,303,365
75.578,75.578,NoButton,Move,310,364
75.594,75.594,NoButton,Move,315,366
75.611,75.611,NoButton,Move,321,368
75.627,75.627,NoButton,Move,327,372
75.644,75.644,NoButton,Move,333,377
75.66,75.66,NoButton,Move,337,380
75.678,75.678,NoButton,Move,339,382
75.694,75.694,NoButton,Move,339,383
75.712,75.712,NoButton,Move,340,384
75.728,75.728,NoButton,Move,341,386
75.745,75.745,NoButton,Move,341,387
75.762,75.762,NoButton,Move,342,387
75.926,75.926,Left,Pressed,342,387
76.05,76.05,NoButton,Drag,342,387
76.053,76.053,NoButton,Drag,342,388
76.057,76.057,NoButton,Drag,343,388
76.061,76.061,NoButton,Drag,343,388
76.066,76.066,NoButton,Drag,344,388
76.069,76.069,NoButton,Drag,345,389
76.074,76.074,NoButton,Drag,345,389
76.077,76.077,NoButton,Drag,346,390
76.081,76.081,NoButton,Drag,348,390
76.085,76.085,NoButton,Drag,349,391
76.09,76.09,NoButton,Drag,350,391
76.093,76.093,NoButton,Drag,351,392
76.098,76.098,NoButton,Drag,352,393
76.102,76.102,NoButton,Drag,353,393
76.105,76.105,NoButton,Drag,355,394
76.109,76.109,NoButton,Drag,356,394
76.113,76.113,NoButton,Drag,357,395
76.117,76.117,NoButton,Drag,359,396
76.121,76.121,NoButton,Drag,360,397
76.125,76.125,NoButton,Drag,362,397
76.129,76.129,NoButton,Drag,363,398
76.134,76.134,NoButton,Drag,365,399
76.138,76.138,NoButton,Drag,366,400
76.141,76.141,NoButton,Drag,368,401
76.145,76.145,NoButton,Drag,369,401
76.149,76.149,NoButton,Drag,371,402
76.151,76.151,NoButton,Drag,372,403
76.155,76.155,NoButton,Drag,374,403
76.159,76.159,NoButton,Drag,375,404
76.163,76.163,NoButton,Drag,377,405
76.168,76.168,NoButton,Drag,378,405
76.171,76.171,NoButton,Drag,379,406
76.175,76.175,NoButton,Drag,381,406
76.18,76.18,NoButton,Drag,381,406
76.184,76.184,NoButton,Drag,382,407
76.188,76.188,NoButton,Drag,383,407
76.191,76.191,NoButton,Drag,383,407
76.195,76.195,NoButton,Drag,383,407
76.207,76.207,NoButton,Drag,384,407
76.316,76.316,NoButton,Drag,384,407
76.324,76.324,NoButton,Drag,384,407
76.327,76.327,NoButton,Drag,384,406
76.332,76.332,NoButton,Drag,384,406
76.336,76.336,NoButton,Drag,384,405
76.34,76.34,NoButton,Drag,383,404
76.344,76.344,NoButton,Drag,383,404
76.347,76.347,NoButton,Drag,383,403
76.351,76.351,NoButton,Drag,383,403
76.356,76.356,NoButton,Drag,383,403
76.36,76.36,Left,Released,383,403
76.361,76.361,NoButton,Move,382,402
76.363,76.363,NoButton,Move,382,401
76.378,76.378,NoButton,Move,382,400
76.395,76.395,NoButton,Move,381,398
76.411,76.411,NoButton,Move,380,396
76.428,76.428,NoButton,Move,378,394
76.444,76.444,NoButton,Move,378,393
76.462,76.462,NoButton,Move,377,393
76.536,76.536,Left,Pressed,377,393
76.608,76.608,NoButton,Drag,378,393
76.612,76.612,NoButton,Drag,378,393
76.616,76.616,NoButton,Drag,378,394
76.619,76.619,NoButton,Drag,379,394
76.623,76.623,NoButton,Drag,380,395
76.628,76.628,NoButton,Drag,381,396
76.631,76.631,NoButton,Drag,382,396
76.635,76.635,NoButton,Drag,384,397
76.64,76.64,NoButton,Drag,387,398
76.644,76.644,NoButton,Drag,389,399
76.647,76.647,NoButton,Drag,392,401
76.652,76.652,NoButton,Drag,397,402
76.656,76.656,NoButton,Drag,401,403
76.66,76.66,NoButton,Drag,406,405
76.663,76.663,NoButton,Drag,411,407
76.668,76.668,NoButton,Drag,418,408
76.671,76.671,NoButton,Drag,425,410
76.675,76.675,NoButton,Drag,433,412
76.679,76.679,NoButton,Drag,442,414
76.684,76.684,NoButton,Drag,451,416
76.688,76.688,NoButton,Drag,460,418
76.692,76.692,NoButton,Drag,469,420
76.696,76.696,NoButton,Drag,478,421
76.7,76.7,NoButton,Drag,488,424
76.704,76.704,NoButton,Drag,499,425
76.708,76.708,NoButton,Drag,509,427
76.711,76.711,NoButton,Drag,521,429
76.715,76.715,NoButton,Drag,534,431
76.717,76.717,NoButton,Drag,546,433
76.721,76.721,NoButton,Drag,559,435
76.727,76.727,NoButton,Drag,572,437
76.729,76.729,NoButton,Drag,586,438
76.734,76.734,NoButton,Drag,598,439
76.737,76.737,NoButton,Drag,612,441
76.742,76.742,NoButton,Drag,626,443
76.746,76.746,NoButton,Drag,640,444
76.75,76.75,NoButton,Drag,655,445
76.754,76.754,NoButton,Drag,668,446
76.758,76.758,NoButton,Drag,682,446
76.762,76.762,NoButton,Drag,696,448
76.765,76.765,NoButton,Drag,711,448
76.769,76.769,NoButton,Drag,725,449
76.773,76.773,NoButton,Drag,738,450
76.777,76.777,NoButton,Drag,753,450
76.781,76.781,NoButton,Drag,768,450
76.786,76.786,NoButton,Drag,783,450
76.789,76.789,NoButton,Drag,798,450
76.794,76.794,NoButton,Drag,814,450
76.798,76.798,NoButton,Drag,829,450
76.802,76.802,NoButton,Drag,845,451
76.805,76.805,NoButton,Drag,861,451
76.809,76.809,NoButton,Drag,876,452
76.813,76.813,NoButton,Drag,891,452
76.817,76.817,NoButton,Drag,907,452
76.821,76.821,NoButton,Drag,922,452
76.825,76.825,NoButton,Drag,937,452
76.829,76.829,NoButton,Drag,951,452
76.834,76.834,NoButton,Drag,966,452
76.838,76.838,NoButton,Drag,981,452
76.842,76.842,NoButton,Drag,996,452
76.846,76.846,NoButton,Drag,1011,452
76.85,76.85,NoButton,Drag,1025,452
76.853,76.853,NoButton,Drag,1039,452
76.857,76.857,NoButton,Drag,1052,452
76.861,76.861,NoButton,Drag,1065,452
76.865,76.865,NoButton,Drag,1079,452
76.869,76.869,NoButton,Drag,1092,452
76.873,76.873,NoButton,Drag,1103,452
76.877,76.877,NoButton,Drag,1116,452
76.881,76.881,NoButton,Drag,1128,452
76.886,76.886,NoButton,Drag,1139,452
76.89,76.89,NoButton,Drag,1151,452
76.894,76.894,NoButton,Drag,1162,451
76.898,76.898,NoButton,Drag,1172,451
76.901,76.901,NoButton,Drag,1182,451
76.905,76.905,NoButton,Drag,1192,451
76.909,76.909,NoButton,Drag,1202,451
76.913,76.913,NoButton,Drag,1211,451
76.917,76.917,NoButton,Drag,1219,451
76.921,76.921,NoButton,Drag,1228,451
76.925,76.925,NoButton,Drag,1237,451
76.929,76.929,NoButton,Drag,1246,451
76.934,76.934,NoButton,Drag,1255,451
76.938,76.938,NoButton,Drag,1263,451
76.942,76.942,NoButton,Drag,1271,451
76.946,76.946,NoButton,Drag,1280,452
76.95,76.95,NoButton,Drag,1288,452
76.954,76.954,NoButton,Drag,1297,453
76.957,76.957,NoButton,Drag,1306,454
76.961,76.961,NoButton,Drag,1314,455
76.965,76.965,NoButton,Drag,1321,456
76.97,76.97,NoButton,Drag,1328,457
76.973,76.973,NoButton,Drag,1335,457
76.978,76.978,NoButton,Drag,1341,458
76.982,76.982,NoButton,Drag,1348,459
76.986,76.986,NoButton,Drag,1353,459
76.99,76.99,NoButton,Drag,1358,460
76.994,76.994,NoButton,Drag,1363,460
76.998,76.998,NoButton,Drag,1367,461
77.001,77.001,NoButton,Drag,1371,461
77.005,77.005,NoButton,Drag,1374,462
77.009,77.009,NoButton,Drag,1377,462
77.013,77.013,NoButton,Drag,1380,463
77.017,77.017,NoButton,Drag,1382,463
77.021,77.021,NoButton,Drag,1384,463
77.025,77.025,NoButton,Drag,1385,464
77.029,77.029,NoButton,Drag,1386,464
77.034,77.034,NoButton,Drag,1387,464
77.037,77.037,NoButton,Drag,1387,464
77.19,77.19,NoButton,Drag,1387,464
77.194,77.194,NoButton,Drag,1387,464
77.198,77.198,NoButton,Drag,1387,464
77.202,77.202,Left,Released,1387,464
77.203,77.203,NoButton,Move,1386,464
77.219,77.219,NoButton,Move,1383,462
77.236,77.236,NoButton,Move,1375,460
77.253,77.253,NoButton,Move,1362,458
77.269,77.269,NoButton,Move,1338,458
77.286,77.286,NoButton,Move,1290,457
77.303,77.303,NoButton,Move,1246,457
77.319,77.319,NoButton,Move,1206,459
77.336,77.336,NoButton,Move,1167,462
77.353,77.353,NoButton,Move,1142,465
77.369,77.369,NoButton,Move,1116,465
77.387,77.387,NoButton,Move,1093,465
77.403,77.403,NoButton,Move,1070,463
77.42,77.42,NoButton,Move,1038,457
77.437,77.437,NoButton,Move,1012,450
77.452,77.452,NoButton,Move,978,441
77.47,77.47,NoButton,Move,937,430
77.487,77.487,NoButton,Move,890,415
77.503,77.503,NoButton,Move,841,401
77.52,77.52,NoButton,Move,780,383
77.536,77.536,NoButton,Move,728,370
77.549,77.549,NoButton,Move,687,358
77.566,77.566,NoButton,Move,638,346
77.582,77.582,NoButton,Move,593,336
77.599,77.599,NoButton,Move,552,326
77.615,77.615,NoButton,Move,520,318
77.632,77.632,NoButton,Move,486,309
77.648,77.648,NoButton,Move,460,303
77.665,77.665,NoButton,Move,438,298
77.682,77.682,NoButton,Move,420,294
77.699,77.699,NoButton,Move,405,291
77.716,77.716,NoButton,Move,383,288
77.732,77.732,NoButton,Move,366,288
77.75,77.75,NoButton,Move,351,286
77.766,77.766,NoButton,Move,339,286
77.782,77.782,NoButton,Move,332,286
77.797,77.797,NoButton,Move,329,286
77.813,77.813,NoButton,Move,329,286
77.83,77.83,Left,Pressed,329,286
77.89,77.89,NoButton,Drag,329,286
77.893,77.893,NoButton,Drag,329,286
77.897,77.897,NoButton,Drag,329,286
77.901,77.901,NoButton,Drag,329,287
77.905,77.905,NoButton,Drag,329,287
77.91,77.91,NoButton,Drag,329,288
77.913,77.913,NoButton,Drag,329,288
77.917,77.917,NoButton,Drag,330,289
77.921,77.921,NoButton,Drag,330,290
77.925,77.925,NoButton,Drag,330,290
77.929,77.929,NoButton,Drag,331,291
77.933,77.933,NoButton,Drag,331,292
77.937,77.937,NoButton,Drag,331,293
77.941,77.941,NoButton,Drag,332,294
77.945,77.945,NoButton,Drag,332,295
77.95,77.95,NoButton,Drag,332,296
77.953,77.953,NoButton,Drag,333,296
77.957,77.957,NoButton,Drag,333,298
77.961,77.961,NoButton,Drag,334,299
77.965,77.965,NoButton,Drag,334,300
77.969,77.969,NoButton,Drag,334,301
77.975,77.975,NoButton,Drag,334,302
77.977,77.977,NoButton,Drag,334,303
77.981,77.981,NoButton,Drag,334,304
77.985,77.985,NoButton,Drag,334,305
77.989,77.989,NoButton,Drag,334,306
77.993,77.993,NoButton,Drag,334,307
77.997,77.997,NoButton,Drag,334,308
78.001,78.001,NoButton,Drag,334,309
78.005,78.005,NoButton,Drag,334,310
78.009,78.009,NoButton,Drag,334,311
78.014,78.014,NoButton,Drag,334,313
78.017,78.017,NoButton,Drag,334,313
78.021,78.021,NoButton,Drag,334,315
78.025,78.025,NoButton,Drag,333,316
78.029,78.029,NoButton,Drag,333,316
78.033,78.033,NoButton,Drag,333,317
78.037,78.037,NoButton,Drag,333,318
78.042,78.042,NoButton,Drag,333,319
78.045,78.045,NoButton,Drag,332,320
78.049,78.049,NoButton,Drag,332,320
78.053,78.053,NoButton,Drag,332,321
78.057,78.057,NoButton,Drag,332,321
78.061,78.061,NoButton,Drag,332,322
78.065,78.065,NoButton,Drag,331,323
78.069,78.069,NoButton,Drag,331,323
78.073,78.073,NoButton,Drag,331,323
78.077,78.077,NoButton,Drag,331,324
78.081,78.081,NoButton,Drag,331,324
78.085,78.085,NoButton,Drag,330,324
78.089,78.089,NoButton,Drag,330,324
78.13,78.13,NoButton,Drag,330,324
78.15,78.15,NoButton,Drag,330,325
78.166,78.166,NoButton,Drag,330,325
78.174,78.174,NoButton,Drag,330,325
78.186,78.186,NoButton,Drag,330,325
78.198,78.198,NoButton,Drag,330,325
78.202,78.202,NoButton,Drag,330,326
78.206,78.206,NoButton,Drag,330,326
78.214,78.214,NoButton,Drag,330,326
78.218,78.218,NoButton,Drag,331,326
78.222,78.222,NoButton,Drag,331,326
78.226,78.226,NoButton,Drag,331,327
78.23,78.23,NoButton,Drag,332,327
78.234,78.234,NoButton,Drag,332,327
78.238,78.238,NoButton,Drag,333,327
78.242,78.242,NoButton,Drag,334,328
78.246,78.246,NoButton,Drag,335,328
78.25,78.25,NoButton,Drag,336,328
78.254,78.254,NoButton,Drag,337,328
78.257,78.257,NoButton,Drag,338,329
78.261,78.261,NoButton,Drag,340,329
78.265,78.265,NoButton,Drag,342,330
78.269,78.269,NoButton,Drag,344,331
78.273,78.273,NoButton,Drag,347,331
78.277,78.277,NoButton,Drag,349,332
78.282,78.282,NoButton,Drag,353,332
78.285,78.285,NoButton,Drag,356,334
78.29,78.29,NoButton,Drag,360,335
78.293,78.293,NoButton,Drag,364,336
78.297,78.297,NoButton,Drag,368,337
78.302,78.302,NoButton,Drag,373,338
78.306,78.306,NoButton,Drag,378,339
78.309,78.309,NoButton,Drag,383,341
78.313,78.313,NoButton,Drag,389,343
78.317,78.317,NoButton,Drag,395,344
78.321,78.321,NoButton,Drag,401,346
78.325,78.325,NoButton,Drag,407,348
78.329,78.329,NoButton,Drag,414,349
78.333,78.333,NoButton,Drag,420,351
78.337,78.337,NoButton,Drag,427,353
78.342,78.342,NoButton,Drag,435,355
78.345,78.345,NoButton,Drag,443,357
78.35,78.35,NoButton,Drag,452,359
78.353,78.353,NoButton,Drag,461,361
78.357,78.357,NoButton,Drag,470,364
78.361,78.361,NoButton,Drag,479,365
78.365,78.365,NoButton,Drag,488,368
78.369,78.369,NoButton,Drag,496,370
78.373,78.373,NoButton,Drag,505,372
78.377,78.377,NoButton,Drag,514,374
78.381,78.381,NoButton,Drag,523,376
78.385,78.385,NoButton,Drag,533,378
78.389,78.389,NoButton,Drag,542,380
78.393,78.393,NoButton,Drag,552,382
78.397,78.397,NoButton,Drag,562,384
78.401,78.401,NoButton,Drag,572,386
78.405,78.405,NoButton,Drag,581,388
78.409,78.409,NoButton,Drag,591,390
78.413,78.413,NoButton,Drag,600,391
78.417,78.417,NoButton,Drag,610,394
78.421,78.421,NoButton,Drag,620,396
78.425,78.425,NoButton,Drag,628,398
78.429,78.429,NoButton,Drag,637,400
78.433,78.433,NoButton,Drag,646,402
78.437,78.437,NoButton,Drag,655,404
78.439,78.439,NoButton,Drag,664,406
78.443,78.443,NoButton,Drag,672,407
78.447,78.447,NoButton,Drag,680,409
78.451,78.451,NoButton,Drag,689,411
78.455,78.455,NoButton,Drag,697,412
78.459,78.459,NoButton,Drag,706,414
78.463,78.463,NoButton,Drag,715,416
78.467,78.467,NoButton,Drag,724,417
78.471,78.471,NoButton,Drag,734,418
78.475,78.475,NoButton,Drag,743,421
78.479,78.479,NoButton,Drag,751,422
78.483,78.483,NoButton,Drag,761,424
78.487,78.487,NoButton,Drag,770,426
78.491,78.491,NoButton,Drag,779,427
78.495,78.495,NoButton,Drag,786,428
78.499,78.499,NoButton,Drag,794,430
78.503,78.503,NoButton,Drag,801,431
78.507,78.507,NoButton,Drag,808,433
78.511,78.511,NoButton,Drag,815,434
78.515,78.515,NoButton,Drag,823,435
78.519,78.519,NoButton,Drag,830,436
78.523,78.523,NoButton,Drag,838,437
78.527,78.527,NoButton,Drag,846,438
78.532,78.532,NoButton,Drag,854,438
78.535,78.535,NoButton,Drag,861,439
78.539,78.539,NoButton,Drag,869,440
78.543,78.543,NoButton,Drag,877,441
78.547,78.547,NoButton,Drag,884,441
78.551,78.551,NoButton,Drag,891,442
78.555,78.555,NoButton,Drag,898,442
78.559,78.559,NoButton,Drag,904,443
78.563,78.563,NoButton,Drag,910,443
78.568,78.568,NoButton,Drag,916,443
78.571,78.571,NoButton,Drag,922,444
78.575,78.575,NoButton,Drag,927,444
78.579,78.579,NoButton,Drag,933,445
78.583,78.583,NoButton,Drag,939,446
78.587,78.587,NoButton,Drag,944,446
78.591,78.591,NoButton,Drag,950,447
78.596,78.596,NoButton,Drag,956,448
78.599,78.599,NoButton,Drag,961,448
78.603,78.603,NoButton,Drag,967,449
78.607,78.607,NoButton,Drag,972,449
78.611,78.611,NoButton,Drag,977,449
78.616,78.616,NoButton,Drag,982,449
78.619,78.619,NoButton,Drag,986,449
78.623,78.623,NoButton,Drag,990,449
78.627,78.627,NoButton,Drag,993,450
78.631,78.631,NoButton,Drag,996,450
78.636,78.636,NoButton,Drag,999,450
78.639,78.639,NoButton,Drag,1002,451
78.643,78.643,NoButton,Drag,1004,451
78.647,78.647,NoButton,Drag,1005,451
78.651,78.651,NoButton,Drag,1007,451
78.656,78.656,NoButton,Drag,1007,451
78.659,78.659,NoButton,Drag,1008,451
78.688,78.688,NoButton,Drag,1008,451
78.699,78.699,NoButton,Drag,1008,450
78.704,78.704,NoButton,Drag,1008,450
78.708,78.708,NoButton,Drag,1007,450
78.712,78.712,NoButton,Drag,1007,449
78.716,78.716,NoButton,Drag,1006,448
78.72,78.72,NoButton,Drag,1004,447
78.723,78.723,NoButton,Drag,1002,445
78.727,78.727,NoButton,Drag,999,444
78.731,78.731,NoButton,Drag,996,442
78.735,78.735,NoButton,Drag,992,440
78.739,78.739,NoButton,Drag,988,438
78.743,78.743,NoButton,Drag,983,437
78.747,78.747,NoButton,Drag,977,434
78.752,78.752,Left,Released,977,434
78.753,78.753,NoButton,Move,970,432
78.762,78.762,NoButton,Move,952,426
78.779,78.779,NoButton,Move,906,415
78.795,78.795,NoButton,Move,824,400
78.812,78.812,NoButton,Move,747,393
78.831,78.831,NoButton,Move,668,387
78.848,78.848,NoButton,Move,569,382
78.865,78.865,NoButton,Move,499,380
78.882,78.882,NoButton,Move,446,377
78.898,78.898,NoButton,Move,411,377
78.915,78.915,NoButton,Move,387,374
78.932,78.932,NoButton,Move,371,372
78.948,78.948,NoButton,Move,364,371
78.965,78.965,NoButton,Move,362,371
78.982,78.982,NoButton,Move,361,371
78.999,78.999,NoButton,Move,359,370
79.016,79.016,NoButton,Move,356,369
79.033,79.033,NoButton,Move,352,368
79.048,79.048,NoButton,Move,347,367
79.066,79.066,NoButton,Move,342,366
79.083,79.083,NoButton,Move,341,365
79.1,79.1,NoButton,Move,340,364
79.116,79.116,NoButton,Move,339,363
79.133,79.133,NoButton,Move,339,363
79.15,79.15,NoButton,Move,339,361
79.166,79.166,NoButton,Move,338,360
79.183,79.183,NoButton,Move,338,359
79.201,79.201,NoButton,Move,337,357
79.217,79.217,NoButton,Move,336,355
79.233,79.233,NoButton,Move,335,352
79.25,79.25,NoButton,Move,334,350
79.267,79.267,NoButton,Move,333,348
79.283,79.283,NoButton,Move,332,346
79.301,79.301,NoButton,Move,332,346
79.318,79.318,Left,Pressed,332,346
79.374,79.374,NoButton,Drag,332,346
79.406,79.406,NoButton,Drag,332,346
79.409,79.409,NoButton,Drag,332,346
79.413,79.413,NoButton,Drag,332,347
79.417,79.417,NoButton,Drag,333,347
79.421,79.421,NoButton,Drag,333,348
79.425,79.425,NoButton,Drag,333,348
79.429,79.429,NoButton,Drag,334,349
79.433,79.433,NoButton,Drag,334,349
79.437,79.437,NoButton,Drag,334,350
79.441,79.441,NoButton,Drag,335,351
79.445,79.445,NoButton,Drag,336,351
79.449,79.449,NoButton,Drag,336,352
79.454,79.454,NoButton,Drag,337,354
79.457,79.457,NoButton,Drag,339,355
79.461,79.461,NoButton,Drag,340,356
79.465,79.465,NoButton,Drag,341,358
79.469,79.469,NoButton,Drag,343,360
79.473,79.473,NoButton,Drag,345,362
79.477,79.477,NoButton,Drag,347,363
79.481,79.481,NoButton,Drag,349,366
79.485,79.485,NoButton,Drag,351,368
79.489,79.489,NoButton,Drag,354,370
79.493,79.493,NoButton,Drag,356,373
79.497,79.497,NoButton,Drag,358,375
79.501,79.501,NoButton,Drag,360,377
79.505,79.505,NoButton,Drag,363,380
79.509,79.509,NoButton,Drag,366,382
79.513,79.513,NoButton,Drag,369,385
79.517,79.517,NoButton,Drag,373,387
79.521,79.521,NoButton,Drag,375,389
79.525,79.525,NoButton,Drag,377,390
79.529,79.529,NoButton,Drag,380,392
79.533,79.533,NoButton,Drag,383,394
79.537,79.537,NoButton,Drag,387,397
79.541,79.541,NoButton,Drag,391,399
79.545,79.545,NoButton,Drag,395,402
79.549,79.549,NoButton,Drag,398,404
79.554,79.554,NoButton,Drag,402,407
79.557,79.557,NoButton,Drag,406,409
79.561,79.561,NoButton,Drag,410,411
79.565,79.565,NoButton,Drag,415,413
79.569,79.569,NoButton,Drag,419,415
79.573,79.573,NoButton,Drag,424,418
79.577,79.577,NoButton,Drag,427,420
79.581,79.581,NoButton,Drag,432,423
79.585,79.585,NoButton,Drag,436,425
79.589,79.589,NoButton,Drag,441,427
79.593,79.593,NoButton,Drag,446,429
79.597,79.597,NoButton,Drag,450,431
79.599,79.599,NoButton,Drag,454,432
79.604,79.604,NoButton,Drag,460,434
79.607,79.607,NoButton,Drag,465,436
79.611,79.611,NoButton,Drag,470,437
79.615,79.615,NoButton,Drag,476,439
79.619,79.619,NoButton,Drag,481,441
79.623,79.623,NoButton,Drag,487,443
79.627,79.627,NoButton,Drag,493,444
79.631,79.631,NoButton,Drag,498,446
79.635,79.635,NoButton,Drag,505,447
79.639,79.639,NoButton,Drag,510,449
79.643,79.643,NoButton,Drag,516,451
79.647,79.647,NoButton,Drag,522,453
79.651,79.651,NoButton,Drag,529,454
79.655,79.655,NoButton,Drag,536,456
79.659,79.659,NoButton,Drag,544,458
79.663,79.663,NoButton,Drag,553,460
79.667,79.667,NoButton,Drag,562,462
79.671,79.671,NoButton,Drag,572,465
79.675,79.675,NoButton,Drag,583,467
79.679,79.679,NoButton,Drag,594,469
79.683,79.683,NoButton,Drag,604,471
79.687,79.687,NoButton,Drag,616,473
79.691,79.691,NoButton,Drag,628,475
79.695,79.695,NoButton,Drag,639,478
79.699,79.699,NoButton,Drag,652,479
79.704,79.704,NoButton,Drag,665,480
79.707,79.707,NoButton,Drag,677,482
79.711,79.711,NoButton,Drag,691,482
79.715,79.715,NoButton,Drag,705,483
79.719,79.719,NoButton,Drag,719,484
79.723,79.723,NoButton,Drag,733,485
79.727,79.727,NoButton,Drag,746,486
79.731,79.731,NoButton,Drag,760,486
79.735,79.735,NoButton,Drag,774,486
79.739,79.739,NoButton,Drag,788,486
79.743,79.743,NoButton,Drag,801,486
79.747,79.747,NoButton,Drag,815,486
79.751,79.751,NoButton,Drag,830,486
79.755,79.755,NoButton,Drag,844,486
79.759,79.759,NoButton,Drag,859,486
79.763,79.763,NoButton,Drag,874,486
79.767,79.767,NoButton,Drag,887,486
79.771,79.771,NoButton,Drag,901,486
79.775,79.775,NoButton,Drag,915,486
79.779,79.779,NoButton,Drag,928,486
79.783,79.783,NoButton,Drag,940,486
79.787,79.787,NoButton,Drag,952,486
79.791,79.791,NoButton,Drag,964,486
79.795,79.795,NoButton,Drag,975,485
79.799,79.799,NoButton,Drag,985,485
79.804,79.804,NoButton,Drag,995,485
79.807,79.807,NoButton,Drag,1005,484
79.811,79.811,NoButton,Drag,1014,484
79.815,79.815,NoButton,Drag,1024,484
79.819,79.819,NoButton,Drag,1033,484
79.823,79.823,NoButton,Drag,1042,483
79.827,79.827,NoButton,Drag,1052,483
79.831,79.831,NoButton,Drag,1060,483
79.835,79.835,NoButton,Drag,1068,482
79.839,79.839,NoButton,Drag,1076,482
79.843,79.843,NoButton,Drag,1083,482
79.847,79.847,NoButton,Drag,1088,482
79.851,79.851,NoButton,Drag,1095,482
79.855,79.855,NoButton,Drag,1100,482
79.859,79.859,NoButton,Drag,1105,481
79.863,79.863,NoButton,Drag,1111,481
79.867,79.867,NoButton,Drag,1116,481
79.871,79.871,NoButton,Drag,1120,481
79.875,79.875,NoButton,Drag,1125,481
79.879,79.879,NoButton,Drag,1130,480
79.883,79.883,NoButton,Drag,1134,480
79.887,79.887,NoButton,Drag,1138,480
79.891,79.891,NoButton,Drag,1142,479
79.895,79.895,NoButton,Drag,1146,479
79.899,79.899,NoButton,Drag,1149,479
79.904,79.904,NoButton,Drag,1153,479
79.907,79.907,NoButton,Drag,1157,479
79.911,79.911,NoButton,Drag,1160,479
79.915,79.915,NoButton,Drag,1163,478
79.919,79.919,NoButton,Drag,1166,478
79.923,79.923,NoButton,Drag,1169,478
79.927,79.927,NoButton,Drag,1172,477
79.931,79.931,NoButton,Drag,1175,477
79.935,79.935,NoButton,Drag,1177,477
79.939,79.939,NoButton,Drag,1180,476
79.943,79.943,NoButton,Drag,1182,476
79.947,79.947,NoButton,Drag,1184,476
79.951,79.951,NoButton,Drag,1186,475
79.955,79.955,NoButton,Drag,1188,475
79.959,79.959,NoButton,Drag,1190,474
79.963,79.963,NoButton,Drag,1192,474
79.967,79.967,NoButton,Drag,1194,474
79.971,79.971,NoButton,Drag,1196,474
79.975,79.975,NoButton,Drag,1198,474
79.979,79.979,NoButton,Drag,1200,473
79.983,79.983,NoButton,Drag,1202,473
79.987,79.987,NoButton,Drag,1204,473
79.991,79.991,NoButton,Drag,1206,473
79.995,79.995,NoButton,Drag,1207,473
79.999,79.999,NoButton,Drag,1209,473
80.004,80.004,NoButton,Drag,1211,472
80.007,80.007,NoButton,Drag,1212,472
80.011,80.011,NoButton,Drag,1213,472
80.015,80.015,NoButton,Drag,1214,471
80.019,80.019,NoButton,Drag,1215,471
80.023,80.023,NoButton,Drag,1216,471
80.027,80.027,NoButton,Drag,1217,471
80.031,80.031,NoButton,Drag,1218,471
80.083,80.083,NoButton,Drag,1218,471
80.087,80.087,NoButton,Drag,1219,471
80.091,80.091,NoButton,Drag,1219,470
80.095,80.095,NoButton,Drag,1220,470
80.099,80.099,NoButton,Drag,1221,470
80.104,80.104,NoButton,Drag,1222,470
80.107,80.107,NoButton,Drag,1223,469
80.111,80.111,NoButton,Drag,1225,469
80.115,80.115,NoButton,Drag,1226,469
80.119,80.119,NoButton,Drag,1228,468
80.124,80.124,NoButton,Drag,1231,468
80.127,80.127,NoButton,Drag,1233,467
80.131,80.131,NoButton,Drag,1235,467
80.135,80.135,NoButton,Drag,1238,466
80.139,80.139,NoButton,Drag,1241,465
80.143,80.143,NoButton,Drag,1244,464
80.147,80.147,NoButton,Drag,1248,464
80.151,80.151,NoButton,Drag,1251,463
80.155,80.155,NoButton,Drag,1255,462
80.159,80.159,NoButton,Drag,1259,461
80.163,80.163,NoButton,Drag,1264,460
80.167,80.167,NoButton,Drag,1268,459
80.171,80.171,NoButton,Drag,1272,458
80.173,80.173,NoButton,Drag,1276,457
80.177,80.177,NoButton,Drag,1281,456
80.181,80.181,NoButton,Drag,1285,455
80.185,80.185,NoButton,Drag,1289,454
80.189,80.189,NoButton,Drag,1295,452
80.193,80.193,NoButton,Drag,1301,451
80.197,80.197,NoButton,Drag,1306,450
80.201,80.201,NoButton,Drag,1311,449
80.205,80.205,NoButton,Drag,1316,447
80.209,80.209,NoButton,Drag,1321,446
80.213,80.213,NoButton,Drag,1325,445
80.217,80.217,NoButton,Drag,1330,444
80.221,80.221,NoButton,Drag,1333,443
80.225,80.225,NoButton,Drag,1337,442
80.229,80.229,NoButton,Drag,1340,441
80.233,80.233,NoButton,Drag,1343,441
80.237,80.237,NoButton,Drag,1346,440
80.241,80.241,NoButton,Drag,1348,439
80.245,80.245,NoButton,Drag,1351,438
80.249,80.249,NoButton,Drag,1352,438
80.254,80.254,NoButton,Drag,1354,438
80.257,80.257,NoButton,Drag,1355,438
80.261,80.261,NoButton,Drag,1356,437
80.265,80.265,NoButton,Drag,1356,437
80.269,80.269,NoButton,Drag,1357,437
80.318,80.318,NoButton,Drag,1357,437
80.337,80.337,NoButton,Drag,1357,436
80.355,80.355,Left,Released,1357,436
80.356,80.356,NoButton,Move,1357,436
80.372,80.372,NoButton,Move,1355,435
80.389,80.389,NoButton,Move,1347,434
80.405,80.405,NoButton,Move,1314,432
80.422,80.422,NoButton,Move,1250,432
80.439,80.439,NoButton,Move,1171,442
80.456,80.456,NoButton,Move,1086,464
80.473,80.473,NoButton,Move,994,485
80.489,80.489,NoButton,Move,891,507
80.506,80.506,NoButton,Move,750,532
80.523,80.523,NoButton,Move,658,547
80.54,80.54,NoButton,Move,580,554
80.556,80.556,NoButton,Move,521,557
80.573,80.573,NoButton,Move,470,557
80.589,80.589,NoButton,Move,427,557
80.606,80.606,NoButton,Move,383,549
80.623,80.623,NoButton,Move,360,543
80.64,80.64,NoButton,Move,346,536
80.656,80.656,NoButton,Move,342,532
80.673,80.673,NoButton,Move,340,527
80.689,80.689,NoButton,Move,339,521
80.706,80.706,NoButton,Move,338,511
80.723,80.723,NoButton,Move,339,502
80.739,80.739,NoButton,Move,341,493
80.756,80.756,NoButton,Move,344,484
80.774,80.774,NoButton,Move,347,477
80.789,80.789,NoButton,Move,350,472
80.807,80.807,NoButton,Move,352,467
80.824,80.824,NoButton,Move,353,461
80.84,80.84,NoButton,Move,354,457
80.857,80.857,NoButton,Move,356,454
80.874,80.874,NoButton,Move,359,451
80.891,80.891,NoButton,Move,366,448
80.907,80.907,NoButton,Move,376,445
80.924,80.924,NoButton,Move,394,439
80.94,80.94,NoButton,Move,412,434
80.958,80.958,NoButton,Move,434,427
80.974,80.974,NoButton,Move,457,418
80.991,80.991,NoButton,Move,482,408
81.008,81.008,NoButton,Move,514,393
81.024,81.024,NoButton,Move,539,381
81.04,81.04,NoButton,Move,566,367
81.057,81.057,NoButton,Move,592,353
81.074,81.074,NoButton,Move,615,340
81.091,81.091,NoButton,Move,633,328
81.108,81.108,NoButton,Move,653,315
81.124,81.124,NoButton,Move,666,307
81.141,81.141,NoButton,Move,677,300
81.158,81.158,NoButton,Move,683,296
81.174,81.174,NoButton,Move,686,294
81.192,81.192,NoButton,Move,686,294
81.208,81.208,NoButton,Move,685,293
81.224,81.224,NoButton,Move,682,293
81.242,81.242,NoButton,Move,679,293
81.258,81.258,NoButton,Move,675,292
81.275,81.275,NoButton,Move,675,292
81.316,81.316,NoButton,Move,675,292
81.318,81.318,NoButton,Move,674,292
81.325,81.325,NoButton,Move,674,292
81.342,81.342,NoButton,Move,671,291
81.358,81.358,NoButton,Move,664,289
81.374,81.374,NoButton,Move,652,286
81.392,81.392,NoButton,Move,643,285
81.409,81.409,NoButton,Move,636,283
81.426,81.426,NoButton,Move,633,283
81.442,81.442,NoButton,Move,632,282
81.458,81.458,NoButton,Move,632,282
81.478,81.478,Left,Pressed,632,282
81.582,81.582,NoButton,Drag,632,282
81.586,81.586,NoButton,Drag,632,281
81.59,81.59,NoButton,Drag,632,281
81.593,81.593,NoButton,Drag,632,280
81.597,81.597,NoButton,Drag,633,279
81.601,81.601,NoButton,Drag,634,278
81.605,81.605,NoButton,Drag,634,277
81.609,81.609,NoButton,Drag,635,276
81.613,81.613,NoButton,Drag,636,274
81.617,81.617,NoButton,Drag,637,273
81.621,81.621,NoButton,Drag,638,271
81.627,81.627,NoButton,Drag,640,269
81.629,81.629,NoButton,Drag,642,267
81.633,81.633,NoButton,Drag,644,265
81.637,81.637,NoButton,Drag,646,263
81.642,81.642,NoButton,Drag,648,260
81.645,81.645,NoButton,Drag,651,257
81.649,81.649,NoButton,Drag,654,255
81.653,81.653,NoButton,Drag,657,252
81.657,81.657,NoButton,Drag,661,249
81.661,81.661,NoButton,Drag,665,246
81.665,81.665,NoButton,Drag,669,243
81.669,81.669,NoButton,Drag,673,240
81.673,81.673,NoButton,Drag,677,237
81.677,81.677,NoButton,Drag,682,234
81.681,81.681,NoButton,Drag,686,230
81.685,81.685,NoButton,Drag,692,226
81.689,81.689,NoButton,Drag,698,223
81.693,81.693,NoButton,Drag,703,220
81.697,81.697,NoButton,Drag,709,217
81.701,81.701,NoButton,Drag,715,214
81.705,81.705,NoButton,Drag,722,211
81.709,81.709,NoButton,Drag,728,209
81.713,81.713,NoButton,Drag,734,207
81.717,81.717,NoButton,Drag,740,205
81.721,81.721,NoButton,Drag,746,203
81.726,81.726,NoButton,Drag,752,201
81.729,81.729,NoButton,Drag,758,200
81.733,81.733,NoButton,Drag,764,199
81.737,81.737,NoButton,Drag,770,198
81.741,81.741,NoButton,Drag,776,198
81.745,81.745,NoButton,Drag,781,197
81.749,81.749,NoButton,Drag,786,197
81.753,81.753,NoButton,Drag,792,197
81.757,81.757,NoButton,Drag,797,197
81.761,81.761,NoButton,Drag,802,197
81.765,81.765,NoButton,Drag,807,197
81.769,81.769,NoButton,Drag,812,198
81.773,81.773,NoButton,Drag,817,199
81.777,81.777,NoButton,Drag,822,200
81.781,81.781,NoButton,Drag,826,202
81.785,81.785,NoButton,Drag,830,203
81.789,81.789,NoButton,Drag,834,204
81.793,81.793,NoButton,Drag,839,206
81.797,81.797,NoButton,Drag,843,208
81.801,81.801,NoButton,Drag,847,209
81.805,81.805,NoButton,Drag,851,212
81.809,81.809,NoButton,Drag,856,214
81.813,81.813,NoButton,Drag,860,216
81.817,81.817,NoButton,Drag,864,218
81.821,81.821,NoButton,Drag,868,220
81.826,81.826,NoButton,Drag,872,222
81.829,81.829,NoButton,Drag,876,225
81.833,81.833,NoButton,Drag,881,227
81.837,81.837,NoButton,Drag,885,230
81.841,81.841,NoButton,Drag,890,232
81.845,81.845,NoButton,Drag,894,235
81.849,81.849,NoButton,Drag,898,237
81.854,81.854,NoButton,Drag,903,239
81.857,81.857,NoButton,Drag,908,241
81.861,81.861,NoButton,Drag,912,244
81.865,81.865,NoButton,Drag,918,246
81.869,81.869,NoButton,Drag,924,249
81.873,81.873,NoButton,Drag,930,251
81.877,81.877,NoButton,Drag,936,254
81.881,81.881,NoButton,Drag,943,256
81.885,81.885,NoButton,Drag,949,258
81.889,81.889,NoButton,Drag,956,261
81.893,81.893,NoButton,Drag,963,263
81.897,81.897,NoButton,Drag,969,265
81.901,81.901,NoButton,Drag,976,267
81.905,81.905,NoButton,Drag,984,269
81.907,81.907,NoButton,Drag,991,271
81.911,81.911,NoButton,Drag,998,273
81.915,81.915,NoButton,Drag,1004,274
81.919,81.919,NoButton,Drag,1011,276
81.923,81.923,NoButton,Drag,1017,277
81.927,81.927,NoButton,Drag,1023,278
81.931,81.931,NoButton,Drag,1029,278
81.935,81.935,NoButton,Drag,1035,278
81.939,81.939,NoButton,Drag,1041,278
81.943,81.943,NoButton,Drag,1047,278
81.947,81.947,NoButton,Drag,1053,278
81.951,81.951,NoButton,Drag,1059,278
81.955,81.955,NoButton,Drag,1065,278
81.959,81.959,NoButton,Drag,1070,278
81.963,81.963,NoButton,Drag,1076,278
81.967,81.967,NoButton,Drag,1081,277
81.971,81.971,NoButton,Drag,1086,276
81.976,81.976,NoButton,Drag,1091,274
81.979,81.979,NoButton,Drag,1097,273
81.983,81.983,NoButton,Drag,1102,271
81.987,81.987,NoButton,Drag,1107,270
81.991,81.991,NoButton,Drag,1112,268
81.995,81.995,NoButton,Drag,1117,266
81.999,81.999,NoButton,Drag,1122,264
82.003,82.003,NoButton,Drag,1127,261
82.007,82.007,NoButton,Drag,1132,258
82.011,82.011,NoButton,Drag,1137,255
82.015,82.015,NoButton,Drag,1142,253
82.019,82.019,NoButton,Drag,1147,249
82.023,82.023,NoButton,Drag,1153,246
82.028,82.028,NoButton,Drag,1159,243
82.031,82.031,NoButton,Drag,1165,239
82.035,82.035,NoButton,Drag,1172,236
82.039,82.039,NoButton,Drag,1178,232
82.043,82.043,NoButton,Drag,1184,229
82.047,82.047,NoButton,Drag,1191,225
82.051,82.051,NoButton,Drag,1198,221
82.055,82.055,NoButton,Drag,1205,217
82.059,82.059,NoButton,Drag,1211,213
82.063,82.063,NoButton,Drag,1217,210
82.067,82.067,NoButton,Drag,1224,205
82.071,82.071,NoButton,Drag,1230,202
82.076,82.076,NoButton,Drag,1237,198
82.079,82.079,NoButton,Drag,1243,195
82.083,82.083,NoButton,Drag,1249,192
82.087,82.087,NoButton,Drag,1255,188
82.091,82.091,NoButton,Drag,1260,186
82.095,82.095,NoButton,Drag,1265,183
82.099,82.099,NoButton,Drag,1269,180
82.103,82.103,NoButton,Drag,1274,177
82.107,82.107,NoButton,Drag,1278,175
82.111,82.111,NoButton,Drag,1283,173
82.115,82.115,NoButton,Drag,1287,171
82.119,82.119,NoButton,Drag,1290,169
82.123,82.123,NoButton,Drag,1293,168
82.127,82.127,NoButton,Drag,1297,166
82.131,82.131,NoButton,Drag,1299,165
82.135,82.135,NoButton,Drag,1302,164
82.139,82.139,NoButton,Drag,1304,163
82.143,82.143,NoButton,Drag,1306,163
82.147,82.147,NoButton,Drag,1307,162
82.151,82.151,NoButton,Drag,1308,162
82.155,82.155,NoButton,Drag,1308,162
82.224,82.224,Left,Released,1308,162
82.288,82.288,NoButton,Move,1308,162
82.292,82.292,NoButton,Move,1307,162
82.295,82.295,NoButton,Move,1306,162
82.311,82.311,NoButton,Move,1300,163
82.328,82.328,NoButton,Move,1276,171
82.345,82.345,NoButton,Move,1242,185
82.362,82.362,NoButton,Move,1190,207
82.378,82.378,NoButton,Move,1118,242
82.394,82.394,NoButton,Move,1038,282
82.411,82.411,NoButton,Move,935,325
82.428,82.428,NoButton,Move,748,387
82.445,82.445,NoButton,Move,587,440
82.462,82.462,NoButton,Move,424,491
82.479,82.479,NoButton,Move,252,541
82.494,82.494,NoButton,Move,9,590
82.511,82.511,NoButton,Move,0,612
82.528,82.528,NoButton,Move,0,623
82.544,82.544,NoButton,Move,0,629
82.563,82.563,NoButton,Move,0,629
82.58,82.58,NoButton,Move,0,624
82.596,82.596,NoButton,Move,0,615
82.612,82.612,NoButton,Move,0,607
82.629,82.629,NoButton,Move,0,601
82.646,82.646,NoButton,Move,0,597
82.662,82.662,NoButton,Move,1,593
82.679,82.679,NoButton,Move,5,588
82.696,82.696,NoButton,Move,13,582
82.713,82.713,NoButton,Move,23,577
82.73,82.73,NoButton,Move,39,571
82.747,82.747,NoButton,Move,52,566
82.763,82.763,NoButton,Move,64,561
82.78,82.78,NoButton,Move,77,556
82.796,82.796,NoButton,Move,90,549
82.814,82.814,NoButton,Move,115,538
82.831,82.831,NoButton,Move,136,528
82.847,82.847,NoButton,Move,155,517
82.864,82.864,NoButton,Move,170,507
82.88,82.88,NoButton,Move,180,496
82.897,82.897,NoButton,Move,187,486
82.913,82.913,NoButton,Move,190,477
82.93,82.93,NoButton,Move,193,466
82.947,82.947,NoButton,Move,194,459
82.964,82.964,NoButton,Move,196,455
82.98,82.98,NoButton,Move,196,454
83.022,83.022,NoButton,Move,196,454
83.03,83.03,NoButton,Move,197,456
83.047,83.047,NoButton,Move,199,461
83.064,83.064,NoButton,Move,203,474
83.081,83.081,NoButton,Move,208,487
83.097,83.097,NoButton,Move,215,503
83.114,83.114,NoButton,Move,222,521
83.131,83.131,NoButton,Move,230,541
83.147,83.147,NoButton,Move,238,562
83.164,83.164,NoButton,Move,248,584
83.182,83.182,NoButton,Move,255,603
83.198,83.198,NoButton,Move,262,619
83.214,83.214,NoButton,Move,269,632
83.231,83.231,NoButton,Move,273,641
83.247,83.247,NoButton,Move,276,646
83.264,83.264,NoButton,Move,277,648
83.281,83.281,NoButton,Move,277,649
83.304,83.304,NoButton,Move,277,649
83.314,83.314,NoButton,Move,277,649
83.331,83.331,NoButton,Move,279,647
83.348,83.348,NoButton,Move,281,644
83.364,83.364,NoButton,Move,284,641
83.381,83.381,NoButton,Move,286,638
83.397,83.397,NoButton,Move,288,634
83.415,83.415,NoButton,Move,291,630
83.431,83.431,NoButton,Move,292,626
83.448,83.448,NoButton,Move,293,621
83.464,83.464,NoButton,Move,294,617
83.481,83.481,NoButton,Move,294,612
83.498,83.498,NoButton,Move,294,608
83.515,83.515,NoButton,Move,294,605
83.531,83.531,NoButton,Move,294,603
83.548,83.548,NoButton,Move,294,601
83.563,83.563,NoButton,Move,294,600
83.579,83.579,NoButton,Move,294,600
83.594,83.594,NoButton,Move,293,600
83.596,83.596,Left,Pressed,293,600
83.726,83.726,NoButton,Drag,293,599
83.734,83.734,NoButton,Drag,294,599
83.738,83.738,NoButton,Drag,294,599
83.742,83.742,NoButton,Drag,294,598
83.746,83.746,NoButton,Drag,295,597
83.75,83.75,NoButton,Drag,296,596
83.753,83.753,NoButton,Drag,297,595
83.758,83.758,NoButton,Drag,297,594
83.762,83.762,NoButton,Drag,299,593
83.766,83.766,NoButton,Drag,301,591
83.77,83.77,NoButton,Drag,303,589
83.773,83.773,NoButton,Drag,305,587
83.778,83.778,NoButton,Drag,308,584
83.783,83.783,NoButton,Drag,311,581
83.786,83.786,NoButton,Drag,315,577
83.789,83.789,NoButton,Drag,319,574
83.794,83.794,NoButton,Drag,324,569
83.797,83.797,NoButton,Drag,329,564
83.801,83.801,NoButton,Drag,335,559
83.806,83.806,NoButton,Drag,342,553
83.81,83.81,NoButton,Drag,349,546
83.813,83.813,NoButton,Drag,356,539
83.817,83.817,NoButton,Drag,365,531
83.821,83.821,NoButton,Drag,376,523
83.826,83.826,NoButton,Drag,387,514
83.829,83.829,NoButton,Drag,401,504
83.833,83.833,NoButton,Drag,414,494
83.837,83.837,NoButton,Drag,428,484
83.841,83.841,NoButton,Drag,443,473
83.845,83.845,NoButton,Drag,460,462
83.849,83.849,NoButton,Drag,478,450
83.853,83.853,NoButton,Drag,496,439
83.857,83.857,NoButton,Drag,514,427
83.862,83.862,NoButton,Drag,533,414
83.865,83.865,NoButton,Drag,551,402
83.869,83.869,NoButton,Drag,570,390
83.873,83.873,NoButton,Drag,591,377
83.878,83.878,NoButton,Drag,610,365
83.881,83.881,NoButton,Drag,631,353
83.885,83.885,NoButton,Drag,651,340
83.889,83.889,NoButton,Drag,670,328
83.893,83.893,NoButton,Drag,691,316
83.897,83.897,NoButton,Drag,713,303
83.901,83.901,NoButton,Drag,732,292
83.905,83.905,NoButton,Drag,752,280
83.909,83.909,NoButton,Drag,773,268
83.913,83.913,NoButton,Drag,793,255
83.917,83.917,NoButton,Drag,812,244
83.921,83.921,NoButton,Drag,831,232
83.925,83.925,NoButton,Drag,851,221
83.929,83.929,NoButton,Drag,869,211
83.933,83.933,NoButton,Drag,888,201
83.937,83.937,NoButton,Drag,905,191
83.941,83.941,NoButton,Drag,920,181
83.945,83.945,NoButton,Drag,937,172
83.949,83.949,NoButton,Drag,953,163
83.953,83.953,NoButton,Drag,969,155
83.957,83.957,NoButton,Drag,983,148
83.962,83.962,NoButton,Drag,996,142
83.965,83.965,NoButton,Drag,1008,137
83.969,83.969,NoButton,Drag,1020,132
83.973,83.973,NoButton,Drag,1031,127
83.978,83.978,NoButton,Drag,1042,124
83.981,83.981,NoButton,Drag,1051,121
83.985,83.985,NoButton,Drag,1060,119
83.989,83.989,NoButton,Drag,1067,117
83.993,83.993,NoButton,Drag,1074,116
83.997,83.997,NoButton,Drag,1079,116
84.001,84.001,NoButton,Drag,1084,115
84.005,84.005,NoButton,Drag,1088,115
84.009,84.009,NoButton,Drag,1092,115
84.013,84.013,NoButton,Drag,1095,116
84.017,84.017,NoButton,Drag,1097,116
84.021,84.021,NoButton,Drag,1098,117
84.025,84.025,NoButton,Drag,1100,118
84.029,84.029,NoButton,Drag,1101,119
84.033,84.033,NoButton,Drag,1103,120
84.037,84.037,NoButton,Drag,1104,121
84.042,84.042,NoButton,Drag,1105,123
84.045,84.045,NoButton,Drag,1107,124
84.049,84.049,NoButton,Drag,1108,126
84.053,84.053,NoButton,Drag,1110,128
84.057,84.057,NoButton,Drag,1111,131
84.062,84.062,NoButton,Drag,1113,133
84.065,84.065,NoButton,Drag,1115,136
84.069,84.069,NoButton,Drag,1117,139
84.073,84.073,NoButton,Drag,1119,142
84.078,84.078,NoButton,Drag,1121,144
84.081,84.081,NoButton,Drag,1124,148
84.085,84.085,NoButton,Drag,1127,151
84.089,84.089,NoButton,Drag,1129,154
84.093,84.093,NoButton,Drag,1132,158
84.097,84.097,NoButton,Drag,1135,160
84.101,84.101,NoButton,Drag,1139,164
84.105,84.105,NoButton,Drag,1142,167
84.109,84.109,NoButton,Drag,1145,170
84.113,84.113,NoButton,Drag,1150,173
84.117,84.117,NoButton,Drag,1154,176
84.121,84.121,NoButton,Drag,1159,179
84.125,84.125,NoButton,Drag,1162,182
84.129,84.129,NoButton,Drag,1166,184
84.133,84.133,NoButton,Drag,1170,186
84.137,84.137,NoButton,Drag,1174,188
84.141,84.141,NoButton,Drag,1177,190
84.145,84.145,NoButton,Drag,1181,192
84.149,84.149,NoButton,Drag,1184,194
84.153,84.153,NoButton,Drag,1187,195
84.157,84.157,NoButton,Drag,1190,197
84.162,84.162,NoButton,Drag,1193,198
84.165,84.165,NoButton,Drag,1196,198
84.169,84.169,NoButton,Drag,1198,199
84.173,84.173,NoButton,Drag,1201,200
84.178,84.178,NoButton,Drag,1203,201
84.181,84.181,NoButton,Drag,1206,201
84.185,84.185,NoButton,Drag,1208,202
84.189,84.189,NoButton,Drag,1210,202
84.193,84.193,NoButton,Drag,1213,202
84.197,84.197,NoButton,Drag,1215,202
84.201,84.201,NoButton,Drag,1217,203
84.205,84.205,NoButton,Drag,1219,203
84.209,84.209,NoButton,Drag,1222,203
84.213,84.213,NoButton,Drag,1224,203
84.215,84.215,NoButton,Drag,1226,203
84.219,84.219,NoButton,Drag,1228,203
84.223,84.223,NoButton,Drag,1230,203
84.228,84.228,NoButton,Drag,1232,203
84.231,84.231,NoButton,Drag,1234,203
84.235,84.235,NoButton,Drag,1235,203
84.239,84.239,NoButton,Drag,1237,203
84.243,84.243,NoButton,Drag,1239,203
84.247,84.247,NoButton,Drag,1241,203
84.251,84.251,NoButton,Drag,1243,203
84.255,84.255,NoButton,Drag,1245,203
84.259,84.259,NoButton,Drag,1246,203
84.263,84.263,NoButton,Drag,1248,204
84.267,84.267,NoButton,Drag,1250,204
84.271,84.271,NoButton,Drag,1251,204
84.275,84.275,NoButton,Drag,1253,205
84.279,84.279,NoButton,Drag,1255,205
84.283,84.283,NoButton,Drag,1257,206
84.287,84.287,NoButton,Drag,1259,206
84.291,84.291,NoButton,Drag,1261,207
84.295,84.295,NoButton,Drag,1263,208
84.299,84.299,NoButton,Drag,1265,208
84.303,84.303,NoButton,Drag,1268,209
84.307,84.307,NoButton,Drag,1270,209
84.311,84.311,NoButton,Drag,1272,210
84.315,84.315,NoButton,Drag,1274,210
84.319,84.319,NoButton,Drag,1276,211
84.323,84.323,NoButton,Drag,1278,211
84.328,84.328,NoButton,Drag,1279,212
84.331,84.331,NoButton,Drag,1280,212
84.335,84.335,NoButton,Drag,1282,213
84.339,84.339,NoButton,Drag,1283,213
84.343,84.343,NoButton,Drag,1284,213
84.348,84.348,NoButton,Drag,1285,213
84.351,84.351,NoButton,Drag,1285,214
84.355,84.355,NoButton,Drag,1286,214
84.359,84.359,NoButton,Drag,1287,214
84.363,84.363,NoButton,Drag,1288,214
84.367,84.367,NoButton,Drag,1289,214
84.371,84.371,NoButton,Drag,1290,215
84.375,84.375,NoButton,Drag,1290,215
84.379,84.379,NoButton,Drag,1291,215
84.383,84.383,NoButton,Drag,1291,215
84.387,84.387,NoButton,Drag,1292,215
84.391,84.391,NoButton,Drag,1292,215
84.395,84.395,NoButton,Drag,1293,215
84.399,84.399,NoButton,Drag,1293,215
84.403,84.403,NoButton,Drag,1293,215
84.407,84.407,NoButton,Drag,1294,215
84.411,84.411,NoButton,Drag,1294,214
84.415,84.415,NoButton,Drag,1294,214
84.419,84.419,NoButton,Drag,1295,214
84.423,84.423,NoButton,Drag,1295,214
84.428,84.428,NoButton,Drag,1295,213
84.431,84.431,NoButton,Drag,1296,213
84.435,84.435,NoButton,Drag,1296,213
84.439,84.439,NoButton,Drag,1296,213
84.443,84.443,NoButton,Drag,1296,212
84.447,84.447,NoButton,Drag,1296,212
84.452,84.452,Left,Released,1296,212
84.452,84.452,NoButton,Move,1296,212
84.463,84.463,NoButton,Move,1296,211
84.48,84.48,NoButton,Move,1296,210
84.496,84.496,NoButton,Move,1295,209
84.513,84.513,NoButton,Move,1294,208
84.53,84.53,NoButton,Move,1293,208
84.547,84.547,NoButton,Move,1288,208
84.563,84.563,NoButton,Move,1273,211
84.58,84.58,NoButton,Move,1229,224
84.597,84.597,NoButton,Move,1171,244
84.613,84.613,NoButton,Move,1091,274
84.63,84.63,NoButton,Move,999,305
84.646,84.646,NoButton,Move,900,342
84.663,84.663,NoButton,Move,803,378
84.68,84.68,NoButton,Move,681,415
84.697,84.697,NoButton,Move,591,436
84.714,84.714,NoButton,Move,503,447
84.73,84.73,NoButton,Move,412,451
84.746,84.746,NoButton,Move,321,451
84.763,84.763,NoButton,Move,234,451
84.78,84.78,NoButton,Move,137,446
84.797,84.797,NoButton,Move,67,436
84.814,84.814,NoButton,Move,0,421
84.83,84.83,NoButton,Move,0,407
84.847,84.847,NoButton,Move,0,395
84.863,84.863,NoButton,Move,0,387
84.88,84.88,NoButton,Move,0,382
84.897,84.897,NoButton,Move,0,378
84.914,84.914,NoButton,Move,0,376
85.006,85.006,NoButton,Move,0,376
85.01,85.01,NoButton,Move,0,376
85.014,85.014,NoButton,Move,0,376
85.031,85.031,NoButton,Move,0,374
85.047,85.047,NoButton,Move,0,372
85.064,85.064,NoButton,Move,0,371
85.08,85.08,NoButton,Move,0,369
85.098,85.098,NoButton,Move,0,368
85.114,85.114,NoButton,Move,0,367
85.13,85.13,NoButton,Move,0,365
85.148,85.148,NoButton,Move,2,362
85.164,85.164,NoButton,Move,7,359
85.18,85.18,NoButton,Move,14,354
85.197,85.197,NoButton,Move,23,349
85.215,85.215,NoButton,Move,37,342
85.23,85.23,NoButton,Move,48,336
85.247,85.247,NoButton,Move,58,332
85.264,85.264,NoButton,Move,65,330
85.281,85.281,NoButton,Move,69,328
85.297,85.297,NoButton,Move,73,326
85.314,85.314,NoButton,Move,76,324
85.331,85.331,NoButton,Move,79,322
85.348,85.348,NoButton,Move,84,319
85.364,85.364,NoButton,Move,91,316
85.381,85.381,NoButton,Move,98,314
85.398,85.398,NoButton,Move,104,311
85.414,85.414,NoButton,Move,109,310
85.43,85.43,NoButton,Move,112,309
85.447,85.447,NoButton,Move,113,308
85.464,85.464,NoButton,Move,115,307
85.481,85.481,NoButton,Move,117,305
85.497,85.497,NoButton,Move,120,303
85.515,85.515,NoButton,Move,124,301
85.531,85.531,NoButton,Move,132,298
85.548,85.548,NoButton,Move,145,292
85.562,85.562,NoButton,Move,154,288
85.579,85.579,NoButton,Move,164,282
85.595,85.595,NoButton,Move,174,276
85.613,85.613,NoButton,Move,188,268
85.629,85.629,NoButton,Move,195,264
85.645,85.645,NoButton,Move,200,260
85.663,85.663,NoButton,Move,201,258
85.679,85.679,NoButton,Move,202,258
85.748,85.748,NoButton,Move,202,257
85.764,85.764,NoButton,Move,202,257
85.779,85.779,NoButton,Move,202,257
85.796,85.796,NoButton,Move,201,256
85.811,85.811,NoButton,Move,200,255
85.828,85.828,NoButton,Move,198,255
85.845,85.845,NoButton,Move,196,254
85.861,85.861,NoButton,Move,194,254
85.878,85.878,NoButton,Move,192,254
85.895,85.895,NoButton,Move,190,253
85.912,85.912,NoButton,Move,188,253
85.929,85.929,NoButton,Move,187,253
85.945,85.945,NoButton,Move,185,252
85.962,85.962,NoButton,Move,183,251
85.978,85.978,NoButton,Move,181,251
85.995,85.995,NoButton,Move,176,251
86.011,86.011,NoButton,Move,173,250
86.029,86.029,NoButton,Move,171,249
86.045,86.045,NoButton,Move,171,249
86.061,86.061,NoButton,Move,170,249
86.09,86.09,Left,Pressed,170,249
86.15,86.15,NoButton,Drag,170,249
86.162,86.162,NoButton,Drag,171,248
86.166,86.166,NoButton,Drag,171,248
86.17,86.17,NoButton,Drag,172,248
86.173,86.173,NoButton,Drag,172,247
86.178,86.178,NoButton,Drag,173,247
86.182,86.182,NoButton,Drag,174,246
86.186,86.186,NoButton,Drag,175,245
86.189,86.189,NoButton,Drag,177,244
86.193,86.193,NoButton,Drag,179,243
86.197,86.197,NoButton,Drag,181,242
86.202,86.202,NoButton,Drag,183,240
86.205,86.205,NoButton,Drag,186,238
86.209,86.209,NoButton,Drag,189,236
86.213,86.213,NoButton,Drag,192,235
86.217,86.217,NoButton,Drag,196,233
86.221,86.221,NoButton,Drag,201,230
86.225,86.225,NoButton,Drag,205,229
86.229,86.229,NoButton,Drag,211,227
86.233,86.233,NoButton,Drag,217,225
86.237,86.237,NoButton,Drag,223,223
86.241,86.241,NoButton,Drag,229,221
86.245,86.245,NoButton,Drag,234,219
86.249,86.249,NoButton,Drag,241,217
86.253,86.253,NoButton,Drag,247,215
86.257,86.257,NoButton,Drag,254,213
86.261,86.261,NoButton,Drag,260,211
86.265,86.265,NoButton,Drag,266,209
86.269,86.269,NoButton,Drag,273,207
86.273,86.273,NoButton,Drag,279,205
86.277,86.277,NoButton,Drag,285,203
86.281,86.281,NoButton,Drag,291,201
86.286,86.286,NoButton,Drag,298,200
86.289,86.289,NoButton,Drag,303,199
86.293,86.293,NoButton,Drag,310,197
86.297,86.297,NoButton,Drag,315,196
86.301,86.301,NoButton,Drag,321,195
86.305,86.305,NoButton,Drag,326,193
86.309,86.309,NoButton,Drag,332,193
86.313,86.313,NoButton,Drag,336,192
86.317,86.317,NoButton,Drag,341,192
86.321,86.321,NoButton,Drag,344,192
86.325,86.325,NoButton,Drag,348,192
86.329,86.329,NoButton,Drag,351,193
86.333,86.333,NoButton,Drag,354,193
86.337,86.337,NoButton,Drag,357,194
86.341,86.341,NoButton,Drag,359,194
86.345,86.345,NoButton,Drag,362,195
86.349,86.349,NoButton,Drag,364,196
86.353,86.353,NoButton,Drag,366,197
86.357,86.357,NoButton,Drag,369,199
86.361,86.361,NoButton,Drag,372,200
86.365,86.365,NoButton,Drag,374,202
86.369,86.369,NoButton,Drag,376,203
86.373,86.373,NoButton,Drag,379,205
86.377,86.377,NoButton,Drag,382,207
86.381,86.381,NoButton,Drag,385,210
86.386,86.386,NoButton,Drag,389,212
86.389,86.389,NoButton,Drag,393,215
86.393,86.393,NoButton,Drag,397,217
86.397,86.397,NoButton,Drag,402,221
86.401,86.401,NoButton,Drag,406,224
86.405,86.405,NoButton,Drag,412,228
86.409,86.409,NoButton,Drag,417,232
86.413,86.413,NoButton,Drag,424,237
86.417,86.417,NoButton,Drag,430,241
86.421,86.421,NoButton,Drag,437,245
86.425,86.425,NoButton,Drag,445,250
86.429,86.429,NoButton,Drag,453,255
86.433,86.433,NoButton,Drag,462,259
86.437,86.437,NoButton,Drag,471,264
86.441,86.441,NoButton,Drag,480,268
86.445,86.445,NoButton,Drag,489,272
86.449,86.449,NoButton,Drag,498,277
86.453,86.453,NoButton,Drag,508,282
86.457,86.457,NoButton,Drag,519,287
86.461,86.461,NoButton,Drag,529,291
86.465,86.465,NoButton,Drag,541,297
86.469,86.469,NoButton,Drag,553,302
86.473,86.473,NoButton,Drag,565,307
86.477,86.477,NoButton,Drag,576,311
86.481,86.481,NoButton,Drag,588,315
86.486,86.486,NoButton,Drag,599,319
86.489,86.489,NoButton,Drag,609,322
86.493,86.493,NoButton,Drag,620,327
86.497,86.497,NoButton,Drag,631,330
86.501,86.501,NoButton,Drag,641,333
86.505,86.505,NoButton,Drag,652,336
86.509,86.509,NoButton,Drag,662,339
86.513,86.513,NoButton,Drag,671,341
86.515,86.515,NoButton,Drag,680,343
86.519,86.519,NoButton,Drag,688,345
86.523,86.523,NoButton,Drag,697,346
86.527,86.527,NoButton,Drag,705,347
86.531,86.531,NoButton,Drag,714,347
86.536,86.536,NoButton,Drag,724,348
86.539,86.539,NoButton,Drag,733,348
86.543,86.543,NoButton,Drag,743,348
86.547,86.547,NoButton,Drag,753,348
86.551,86.551,NoButton,Drag,763,347
86.555,86.555,NoButton,Drag,774,346
86.559,86.559,NoButton,Drag,785,344
86.563,86.563,NoButton,Drag,796,342
86.567,86.567,NoButton,Drag,807,340
86.571,86.571,NoButton,Drag,817,336
86.575,86.575,NoButton,Drag,827,333
86.579,86.579,NoButton,Drag,838,330
86.583,86.583,NoButton,Drag,849,327
86.587,86.587,NoButton,Drag,859,323
86.591,86.591,NoButton,Drag,869,319
86.595,86.595,NoButton,Drag,880,315
86.599,86.599,NoButton,Drag,891,312
86.603,86.603,NoButton,Drag,902,308
86.607,86.607,NoButton,Drag,912,304
86.611,86.611,NoButton,Drag,924,300
86.615,86.615,NoButton,Drag,933,296
86.619,86.619,NoButton,Drag,942,292
86.623,86.623,NoButton,Drag,951,287
86.627,86.627,NoButton,Drag,960,283
86.631,86.631,NoButton,Drag,969,278
86.636,86.636,NoButton,Drag,979,274
86.639,86.639,NoButton,Drag,988,269
86.643,86.643,NoButton,Drag,997,265
86.647,86.647,NoButton,Drag,1007,261
86.651,86.651,NoButton,Drag,1016,256
86.655,86.655,NoButton,Drag,1024,253
86.659,86.659,NoButton,Drag,1034,248
86.663,86.663,NoButton,Drag,1042,244
86.667,86.667,NoButton,Drag,1051,240
86.671,86.671,NoButton,Drag,1060,236
86.675,86.675,NoButton,Drag,1067,232
86.679,86.679,NoButton,Drag,1075,230
86.683,86.683,NoButton,Drag,1083,226
86.687,86.687,NoButton,Drag,1091,223
86.691,86.691,NoButton,Drag,1097,221
86.695,86.695,NoButton,Drag,1104,218
86.699,86.699,NoButton,Drag,1110,216
86.703,86.703,NoButton,Drag,1116,213
86.707,86.707,NoButton,Drag,1122,211
86.711,86.711,NoButton,Drag,1127,210
86.715,86.715,NoButton,Drag,1131,208
86.719,86.719,NoButton,Drag,1136,207
86.723,86.723,NoButton,Drag,1140,205
86.727,86.727,NoButton,Drag,1143,205
86.731,86.731,NoButton,Drag,1146,204
86.736,86.736,NoButton,Drag,1149,203
86.739,86.739,NoButton,Drag,1151,202
86.743,86.743,NoButton,Drag,1153,202
86.747,86.747,NoButton,Drag,1154,202
86.751,86.751,NoButton,Drag,1155,201
86.756,86.756,NoButton,Drag,1156,201
86.759,86.759,NoButton,Drag,1157,201
86.763,86.763,NoButton,Drag,1158,201
86.767,86.767,NoButton,Drag,1158,201
86.775,86.775,NoButton,Drag,1158,201
86.779,86.779,NoButton,Drag,1159,201
86.783,86.783,NoButton,Drag,1159,201
86.787,86.787,NoButton,Drag,1160,201
86.791,86.791,NoButton,Drag,1160,201
86.795,86.795,NoButton,Drag,1160,201
86.799,86.799,NoButton,Drag,1161,201
86.803,86.803,NoButton,Drag,1161,201
86.807,86.807,NoButton,Drag,1162,201
86.811,86.811,NoButton,Drag,1162,201
86.815,86.815,NoButton,Drag,1162,202
86.819,86.819,NoButton,Drag,1163,202
86.823,86.823,NoButton,Drag,1163,202
86.827,86.827,NoButton,Drag,1164,202
86.831,86.831,NoButton,Drag,1165,203
86.836,86.836,NoButton,Drag,1166,203
86.839,86.839,NoButton,Drag,1167,203
86.843,86.843,NoButton,Drag,1167,203
86.847,86.847,NoButton,Drag,1168,204
86.851,86.851,NoButton,Drag,1170,204
86.856,86.856,NoButton,Drag,1171,204
86.859,86.859,NoButton,Drag,1172,204
86.863,86.863,NoButton,Drag,1174,205
86.867,86.867,NoButton,Drag,1175,205
86.871,86.871,NoButton,Drag,1177,206
86.875,86.875,NoButton,Drag,1179,206
86.879,86.879,NoButton,Drag,1181,207
86.883,86.883,NoButton,Drag,1183,207
86.887,86.887,NoButton,Drag,1185,208
86.891,86.891,NoButton,Drag,1188,208
86.895,86.895,NoButton,Drag,1190,208
86.899,86.899,NoButton,Drag,1193,209
86.903,86.903,NoButton,Drag,1196,209
86.907,86.907,NoButton,Drag,1199,210
86.911,86.911,NoButton,Drag,1202,210
86.915,86.915,NoButton,Drag,1205,210
86.919,86.919,NoButton,Drag,1208,210
86.923,86.923,NoButton,Drag,1212,210
86.927,86.927,NoButton,Drag,1215,210
86.931,86.931,NoButton,Drag,1219,210
86.936,86.936,NoButton,Drag,1223,211
86.939,86.939,NoButton,Drag,1227,211
86.943,86.943,NoButton,Drag,1231,211
86.947,86.947,NoButton,Drag,1234,211
86.951,86.951,NoButton,Drag,1239,211
86.955,86.955,NoButton,Drag,1242,211
86.959,86.959,NoButton,Drag,1246,211
86.963,86.963,NoButton,Drag,1250,211
86.967,86.967,NoButton,Drag,1253,211
86.971,86.971,NoButton,Drag,1256,211
86.975,86.975,NoButton,Drag,1259,211
86.979,86.979,NoButton,Drag,1262,211
86.983,86.983,NoButton,Drag,1265,211
86.987,86.987,NoButton,Drag,1268,211
86.991,86.991,NoButton,Drag,1271,211
86.995,86.995,NoButton,Drag,1273,211
86.999,86.999,NoButton,Drag,1276,211
87.003,87.003,NoButton,Drag,1278,211
87.007,87.007,NoButton,Drag,1280,211
87.011,87.011,NoButton,Drag,1283,211
87.015,87.015,NoButton,Drag,1285,211
87.019,87.019,NoButton,Drag,1288,211
87.023,87.023,NoButton,Drag,1290,210
87.027,87.027,NoButton,Drag,1292,210
87.031,87.031,NoButton,Drag,1293,210
87.036,87.036,NoButton,Drag,1295,210
87.039,87.039,NoButton,Drag,1297,210
87.043,87.043,NoButton,Drag,1298,210
87.047,87.047,NoButton,Drag,1300,210
87.051,87.051,NoButton,Drag,1302,210
87.055,87.055,NoButton,Drag,1304,210
87.059,87.059,NoButton,Drag,1306,210
87.063,87.063,NoButton,Drag,1307,209
87.067,87.067,NoButton,Drag,1309,209
87.071,87.071,NoButton,Drag,1311,209
87.075,87.075,NoButton,Drag,1313,208
87.079,87.079,NoButton,Drag,1315,208
87.083,87.083,NoButton,Drag,1317,207
87.087,87.087,NoButton,Drag,1319,207
87.091,87.091,NoButton,Drag,1322,206
87.093,87.093,NoButton,Drag,1324,206
87.097,87.097,NoButton,Drag,1327,205
87.101,87.101,NoButton,Drag,1329,205
87.106,87.106,NoButton,Drag,1331,204
87.109,87.109,NoButton,Drag,1333,204
87.113,87.113,NoButton,Drag,1335,203
87.117,87.117,NoButton,Drag,1336,202
87.121,87.121,NoButton,Drag,1337,202
87.125,87.125,NoButton,Drag,1338,201
87.129,87.129,NoButton,Drag,1339,201
87.133,87.133,NoButton,Drag,1339,200
87.137,87.137,NoButton,Drag,1340,200
87.145,87.145,NoButton,Drag,1340,200
87.15,87.15,Left,Released,1340,200
87.186,87.186,NoButton,Move,1340,199
87.202,87.202,NoButton,Move,1340,199
87.206,87.206,NoButton,Move,1340,199
87.221,87.221,NoButton,Move,1338,199
87.238,87.238,NoButton,Move,1335,201
87.254,87.254,NoButton,Move,1329,205
87.271,87.271,NoButton,Move,1322,211
87.288,87.288,NoButton,Move,1312,219
87.305,87.305,NoButton,Move,1297,232
87.321,87.321,NoButton,Move,1272,248
87.337,87.337,NoButton,Move,1229,271
87.354,87.354,NoButton,Move,1141,313
87.371,87.371,NoButton,Move,1061,351
87.387,87.387,NoButton,Move,969,390
87.404,87.404,NoButton,Move,856,429
87.421,87.421,NoButton,Move,726,471
87.438,87.438,NoButton,Move,565,520
87.454,87.454,NoButton,Move,441,551
87.471,87.471,NoButton,Move,324,574
87.487,87.487,NoButton,Move,214,589
87.504,87.504,NoButton,Move,125,597
87.521,87.521,NoButton,Move,48,600
87.538,87.538,NoButton,Move,0,600
87.554,87.554,NoButton,Move,0,596
87.571,87.571,NoButton,Move,0,591
87.588,87.588,NoButton,Move,0,586
87.605,87.605,NoButton,Move,0,582
87.621,87.621,NoButton,Move,0,576
87.638,87.638,NoButton,Move,0,570
87.654,87.654,NoButton,Move,0,566
87.671,87.671,NoButton,Move,0,561
87.688,87.688,NoButton,Move,0,553
87.704,87.704,NoButton,Move,0,546
87.721,87.721,NoButton,Move,3,539
87.738,87.738,NoButton,Move,7,531
87.754,87.754,NoButton,Move,13,522
87.771,87.771,NoButton,Move,20,513
87.788,87.788,NoButton,Move,31,503
87.804,87.804,NoButton,Move,39,495
87.822,87.822,NoButton,Move,47,490
87.838,87.838,NoButton,Move,54,484
87.855,87.855,NoButton,Move,59,481
87.871,87.871,NoButton,Move,64,477
87.888,87.888,NoButton,Move,67,475
87.904,87.904,NoButton,Move,70,472
87.921,87.921,NoButton,Move,72,469
87.938,87.938,NoButton,Move,74,467
87.954,87.954,NoButton,Move,77,463
87.971,87.971,NoButton,Move,80,458
87.988,87.988,NoButton,Move,86,452
88.005,88.005,NoButton,Move,90,448
88.021,88.021,NoButton,Move,93,444
88.038,88.038,NoButton,Move,94,442
88.055,88.055,NoButton,Move,95,440
88.072,88.072,NoButton,Move,95,439
88.088,88.088,NoButton,Move,95,439
88.124,88.124,NoButton,Move,95,439
88.128,88.128,NoButton,Move,95,438
88.139,88.139,NoButton,Move,95,438
88.155,88.155,NoButton,Move,95,437
88.171,88.171,NoButton,Move,96,437
88.188,88.188,NoButton,Move,96,435
88.205,88.205,NoButton,Move,96,433
88.221,88.221,NoButton,Move,96,430
88.239,88.239,NoButton,Move,97,427
88.254,88.254,NoButton,Move,97,423
88.271,88.271,NoButton,Move,97,420
88.288,88.288,NoButton,Move,98,418
88.305,88.305,NoButton,Move,98,418
88.314,88.314,Left,Pressed,98,418
88.321,88.321,NoButton,Drag,98,418
88.398,88.398,NoButton,Drag,98,418
88.406,88.406,NoButton,Drag,99,418
88.409,88.409,NoButton,Drag,99,417
88.413,88.413,NoButton,Drag,99,417
88.418,88.418,NoButton,Drag,99,417
88.421,88.421,NoButton,Drag,100,417
88.427,88.427,NoButton,Drag,101,416
88.43,88.43,NoButton,Drag,101,416
88.434,88.434,NoButton,Drag,102,415
88.437,88.437,NoButton,Drag,103,415
88.442,88.442,NoButton,Drag,104,414
88.446,88.446,NoButton,Drag,106,413
88.449,88.449,NoButton,Drag,108,412
88.453,88.453,NoButton,Drag,110,411
88.457,88.457,NoButton,Drag,112,410
88.461,88.461,NoButton,Drag,115,408
88.465,88.465,NoButton,Drag,117,407
88.469,88.469,NoButton,Drag,120,405
88.473,88.473,NoButton,Drag,124,403
88.478,88.478,NoButton,Drag,128,401
88.481,88.481,NoButton,Drag,131,398
88.485,88.485,NoButton,Drag,136,396
88.489,88.489,NoButton,Drag,140,393
88.494,88.494,NoButton,Drag,146,390
88.497,88.497,NoButton,Drag,152,387
88.501,88.501,NoButton,Drag,157,384
88.505,88.505,NoButton,Drag,164,380
88.509,88.509,NoButton,Drag,171,377
88.513,88.513,NoButton,Drag,177,374
88.517,88.517,NoButton,Drag,184,370
88.521,88.521,NoButton,Drag,193,365
88.525,88.525,NoButton,Drag,201,361
88.529,88.529,NoButton,Drag,210,356
88.533,88.533,NoButton,Drag,220,352
88.537,88.537,NoButton,Drag,230,347
88.541,88.541,NoButton,Drag,240,342
88.545,88.545,NoButton,Drag,250,338
88.549,88.549,NoButton,Drag,261,333
88.553,88.553,NoButton,Drag,272,329
88.557,88.557,NoButton,Drag,282,325
88.561,88.561,NoButton,Drag,293,320
88.565,88.565,NoButton,Drag,304,316
88.569,88.569,NoButton,Drag,314,312
88.573,88.573,NoButton,Drag,325,308
88.577,88.577,NoButton,Drag,337,303
88.581,88.581,NoButton,Drag,347,299
88.585,88.585,NoButton,Drag,358,295
88.589,88.589,NoButton,Drag,368,291
88.594,88.594,NoButton,Drag,378,288
88.597,88.597,NoButton,Drag,386,286
88.601,88.601,NoButton,Drag,395,283
88.605,88.605,NoButton,Drag,403,281
88.61,88.61,NoButton,Drag,410,279
88.613,88.613,NoButton,Drag,418,278
88.617,88.617,NoButton,Drag,425,277
88.621,88.621,NoButton,Drag,431,276
88.625,88.625,NoButton,Drag,437,276
88.629,88.629,NoButton,Drag,442,276
88.633,88.633,NoButton,Drag,447,276
88.637,88.637,NoButton,Drag,451,276
88.641,88.641,NoButton,Drag,455,276
88.645,88.645,NoButton,Drag,460,277
88.649,88.649,NoButton,Drag,463,278
88.653,88.653,NoButton,Drag,467,279
88.657,88.657,NoButton,Drag,471,279
88.661,88.661,NoButton,Drag,475,280
88.665,88.665,NoButton,Drag,479,282
88.669,88.669,NoButton,Drag,483,284
88.673,88.673,NoButton,Drag,488,286
88.677,88.677,NoButton,Drag,492,288
88.681,88.681,NoButton,Drag,498,291
88.685,88.685,NoButton,Drag,503,294
88.689,88.689,NoButton,Drag,508,297
88.694,88.694,NoButton,Drag,513,299
88.697,88.697,NoButton,Drag,519,303
88.701,88.701,NoButton,Drag,525,306
88.705,88.705,NoButton,Drag,532,310
88.709,88.709,NoButton,Drag,538,314
88.713,88.713,NoButton,Drag,545,318
88.717,88.717,NoButton,Drag,552,323
88.721,88.721,NoButton,Drag,559,326
88.725,88.725,NoButton,Drag,566,331
88.729,88.729,NoButton,Drag,575,335
88.733,88.733,NoButton,Drag,583,340
88.737,88.737,NoButton,Drag,592,345
88.741,88.741,NoButton,Drag,600,349
88.745,88.745,NoButton,Drag,609,353
88.749,88.749,NoButton,Drag,617,357
88.753,88.753,NoButton,Drag,625,361
88.757,88.757,NoButton,Drag,634,366
88.761,88.761,NoButton,Drag,643,370
88.765,88.765,NoButton,Drag,652,375
88.769,88.769,NoButton,Drag,662,380
88.773,88.773,NoButton,Drag,671,384
88.777,88.777,NoButton,Drag,680,389
88.781,88.781,NoButton,Drag,690,393
88.785,88.785,NoButton,Drag,701,397
88.789,88.789,NoButton,Drag,711,401
88.794,88.794,NoButton,Drag,721,406
88.797,88.797,NoButton,Drag,731,410
88.801,88.801,NoButton,Drag,741,414
88.805,88.805,NoButton,Drag,750,417
88.81,88.81,NoButton,Drag,759,420
88.814,88.814,NoButton,Drag,767,423
88.817,88.817,NoButton,Drag,774,425
88.821,88.821,NoButton,Drag,781,427
88.823,88.823,NoButton,Drag,787,428
88.827,88.827,NoButton,Drag,793,430
88.831,88.831,NoButton,Drag,798,432
88.835,88.835,NoButton,Drag,803,433
88.839,88.839,NoButton,Drag,808,434
88.844,88.844,NoButton,Drag,812,434
88.847,88.847,NoButton,Drag,816,435
88.851,88.851,NoButton,Drag,820,435
88.855,88.855,NoButton,Drag,824,435
88.86,88.86,NoButton,Drag,828,435
88.863,88.863,NoButton,Drag,831,435
88.867,88.867,NoButton,Drag,835,435
88.871,88.871,NoButton,Drag,838,434
88.875,88.875,NoButton,Drag,841,433
88.879,88.879,NoButton,Drag,844,433
88.883,88.883,NoButton,Drag,847,432
88.887,88.887,NoButton,Drag,851,431
88.891,88.891,NoButton,Drag,854,430
88.895,88.895,NoButton,Drag,857,429
88.899,88.899,NoButton,Drag,861,428
88.903,88.903,NoButton,Drag,864,426
88.907,88.907,NoButton,Drag,867,425
88.911,88.911,NoButton,Drag,870,423
88.915,88.915,NoButton,Drag,874,422
88.919,88.919,NoButton,Drag,877,420
88.923,88.923,NoButton,Drag,881,418
88.927,88.927,NoButton,Drag,884,416
88.931,88.931,NoButton,Drag,888,414
88.935,88.935,NoButton,Drag,892,413
88.939,88.939,NoButton,Drag,896,410
88.944,88.944,NoButton,Drag,900,408
88.947,88.947,NoButton,Drag,904,406
88.951,88.951,NoButton,Drag,907,405
88.955,88.955,NoButton,Drag,912,403
88.959,88.959,NoButton,Drag,915,402
88.963,88.963,NoButton,Drag,920,399
88.967,88.967,NoButton,Drag,924,398
88.971,88.971,NoButton,Drag,927,396
88.975,88.975,NoButton,Drag,931,394
88.979,88.979,NoButton,Drag,934,392
88.983,88.983,NoButton,Drag,938,391
88.987,88.987,NoButton,Drag,942,389
88.991,88.991,NoButton,Drag,945,388
88.995,88.995,NoButton,Drag,949,386
88.999,88.999,NoButton,Drag,953,385
89.003,89.003,NoButton,Drag,956,383
89.007,89.007,NoButton,Drag,960,382
89.011,89.011,NoButton,Drag,963,381
89.015,89.015,NoButton,Drag,966,380
89.019,89.019,NoButton,Drag,969,379
89.023,89.023,NoButton,Drag,972,379
89.027,89.027,NoButton,Drag,974,378
89.031,89.031,NoButton,Drag,977,377
89.035,89.035,NoButton,Drag,980,377
89.04,89.04,NoButton,Drag,982,376
89.044,89.044,NoButton,Drag,984,375
89.048,89.048,NoButton,Drag,986,375
89.051,89.051,NoButton,Drag,988,374
89.055,89.055,NoButton,Drag,990,374
89.06,89.06,NoButton,Drag,991,373
89.064,89.064,NoButton,Drag,993,373
89.068,89.068,NoButton,Drag,995,372
89.072,89.072,NoButton,Drag,997,372
89.076,89.076,NoButton,Drag,999,371
89.08,89.08,NoButton,Drag,1001,371
89.084,89.084,NoButton,Drag,1002,370
89.088,89.088,NoButton,Drag,1004,369
89.091,89.091,NoButton,Drag,1007,369
89.095,89.095,NoButton,Drag,1009,368
89.099,89.099,NoButton,Drag,1012,368
89.103,89.103,NoButton,Drag,1014,367
89.107,89.107,NoButton,Drag,1016,367
89.111,89.111,NoButton,Drag,1018,366
89.115,89.115,NoButton,Drag,1021,366
89.119,89.119,NoButton,Drag,1023,365
89.123,89.123,NoButton,Drag,1025,365
89.127,89.127,NoButton,Drag,1028,364
89.131,89.131,NoButton,Drag,1030,363
89.135,89.135,NoButton,Drag,1033,362
89.139,89.139,NoButton,Drag,1036,362
89.144,89.144,NoButton,Drag,1039,361
89.147,89.147,NoButton,Drag,1042,360
89.151,89.151,NoButton,Drag,1045,359
89.155,89.155,NoButton,Drag,1048,359
89.16,89.16,NoButton,Drag,1051,358
89.163,89.163,NoButton,Drag,1054,357
89.167,89.167,NoButton,Drag,1056,356
89.171,89.171,NoButton,Drag,1059,356
89.175,89.175,NoButton,Drag,1062,354
89.18,89.18,NoButton,Drag,1066,354
89.183,89.183,NoButton,Drag,1069,353
89.187,89.187,NoButton,Drag,1073,352
89.191,89.191,NoButton,Drag,1077,351
89.195,89.195,NoButton,Drag,1081,350
89.199,89.199,NoButton,Drag,1085,349
89.203,89.203,NoButton,Drag,1088,348
89.207,89.207,NoButton,Drag,1091,347
89.211,89.211,NoButton,Drag,1095,346
89.215,89.215,NoButton,Drag,1098,345
89.219,89.219,NoButton,Drag,1101,344
89.223,89.223,NoButton,Drag,1104,344
89.227,89.227,NoButton,Drag,1107,343
89.231,89.231,NoButton,Drag,1110,342
89.235,89.235,NoButton,Drag,1112,341
89.239,89.239,NoButton,Drag,1115,341
89.244,89.244,NoButton,Drag,1117,340
89.247,89.247,NoButton,Drag,1119,340
89.251,89.251,NoButton,Drag,1121,339
89.255,89.255,NoButton,Drag,1124,339
89.26,89.26,NoButton,Drag,1125,338
89.263,89.263,NoButton,Drag,1127,338
89.267,89.267,NoButton,Drag,1129,337
89.271,89.271,NoButton,Drag,1131,336
89.275,89.275,NoButton,Drag,1133,336
89.279,89.279,NoButton,Drag,1135,335
89.283,89.283,NoButton,Drag,1138,335
89.287,89.287,NoButton,Drag,1140,335
89.291,89.291,NoButton,Drag,1143,334
89.295,89.295,NoButton,Drag,1147,334
89.299,89.299,NoButton,Drag,1150,333
89.303,89.303,NoButton,Drag,1152,332
89.307,89.307,NoButton,Drag,1155,332
89.311,89.311,NoButton,Drag,1157,332
89.315,89.315,NoButton,Drag,1160,331
89.319,89.319,NoButton,Drag,1163,331
89.323,89.323,NoButton,Drag,1165,330
89.327,89.327,NoButton,Drag,1168,330
89.331,89.331,NoButton,Drag,1170,329
89.335,89.335,NoButton,Drag,1172,329
89.339,89.339,NoButton,Drag,1174,328
89.344,89.344,NoButton,Drag,1176,328
89.347,89.347,NoButton,Drag,1179,327
89.351,89.351,NoButton,Drag,1181,327
89.355,89.355,NoButton,Drag,1183,327
89.359,89.359,NoButton,Drag,1185,326
89.364,89.364,NoButton,Drag,1187,326
89.367,89.367,NoButton,Drag,1189,326
89.371,89.371,NoButton,Drag,1191,325
89.375,89.375,NoButton,Drag,1193,325
89.379,89.379,NoButton,Drag,1195,324
89.383,89.383,NoButton,Drag,1196,324
89.387,89.387,NoButton,Drag,1199,323
89.391,89.391,NoButton,Drag,1200,323
89.395,89.395,NoButton,Drag,1201,322
89.399,89.399,NoButton,Drag,1203,322
89.401,89.401,NoButton,Drag,1204,321
89.405,89.405,NoButton,Drag,1206,321
89.409,89.409,NoButton,Drag,1207,321
89.413,89.413,NoButton,Drag,1208,320
89.417,89.417,NoButton,Drag,1210,320
89.421,89.421,NoButton,Drag,1212,319
89.425,89.425,NoButton,Drag,1213,319
89.43,89.43,NoButton,Drag,1215,318
89.433,89.433,NoButton,Drag,1217,317
89.437,89.437,NoButton,Drag,1218,317
89.441,89.441,NoButton,Drag,1219,317
89.445,89.445,NoButton,Drag,1220,316
89.449,89.449,NoButton,Drag,1221,316
89.453,89.453,NoButton,Drag,1223,315
89.457,89.457,NoButton,Drag,1224,315
89.461,89.461,NoButton,Drag,1225,314
89.465,89.465,NoButton,Drag,1226,314
89.469,89.469,NoButton,Drag,1228,314
89.473,89.473,NoButton,Drag,1229,313
89.477,89.477,NoButton,Drag,1230,313
89.481,89.481,NoButton,Drag,1231,313
89.485,89.485,NoButton,Drag,1232,313
89.489,89.489,NoButton,Drag,1233,312
89.494,89.494,NoButton,Drag,1234,312
89.497,89.497,NoButton,Drag,1235,312
89.501,89.501,NoButton,Drag,1236,311
89.505,89.505,NoButton,Drag,1237,311
89.509,89.509,NoButton,Drag,1238,311
89.513,89.513,NoButton,Drag,1239,311
89.517,89.517,NoButton,Drag,1239,310
89.521,89.521,NoButton,Drag,1241,310
89.525,89.525,NoButton,Drag,1241,310
89.529,89.529,NoButton,Drag,1242,309
89.533,89.533,NoButton,Drag,1243,309
89.537,89.537,NoButton,Drag,1244,309
89.541,89.541,NoButton,Drag,1245,308
89.545,89.545,NoButton,Drag,1245,307
89.549,89.549,NoButton,Drag,1247,307
89.553,89.553,NoButton,Drag,1248,306
89.557,89.557,NoButton,Drag,1250,305
89.561,89.561,NoButton,Drag,1252,305
89.565,89.565,NoButton,Drag,1254,304
89.569,89.569,NoButton,Drag,1256,303
89.573,89.573,NoButton,Drag,1258,303
89.577,89.577,NoButton,Drag,1259,302
89.581,89.581,NoButton,Drag,1261,301
89.585,89.585,NoButton,Drag,1263,301
89.589,89.589,NoButton,Drag,1266,300
89.594,89.594,NoButton,Drag,1268,299
89.597,89.597,NoButton,Drag,1270,299
89.601,89.601,NoButton,Drag,1273,298
89.605,89.605,NoButton,Drag,1275,297
89.61,89.61,NoButton,Drag,1277,296
89.613,89.613,NoButton,Drag,1279,296
89.617,89.617,NoButton,Drag,1282,295
89.621,89.621,NoButton,Drag,1284,294
89.625,89.625,NoButton,Drag,1286,293
89.629,89.629,NoButton,Drag,1288,293
89.633,89.633,NoButton,Drag,1290,292
89.637,89.637,NoButton,Drag,1292,291
89.641,89.641,NoButton,Drag,1294,290
89.645,89.645,NoButton,Drag,1296,289
89.649,89.649,NoButton,Drag,1298,288
89.653,89.653,NoButton,Drag,1300,288
89.657,89.657,NoButton,Drag,1302,287
89.661,89.661,NoButton,Drag,1304,286
89.665,89.665,NoButton,Drag,1306,285
89.669,89.669,NoButton,Drag,1308,284
89.673,89.673,NoButton,Drag,1310,283
89.677,89.677,NoButton,Drag,1313,282
89.681,89.681,NoButton,Drag,1315,281
89.685,89.685,NoButton,Drag,1318,279
89.69,89.69,NoButton,Drag,1320,278
89.694,89.694,NoButton,Drag,1323,277
89.698,89.698,NoButton,Drag,1325,276
89.701,89.701,NoButton,Drag,1326,276
89.705,89.705,NoButton,Drag,1327,275
89.709,89.709,NoButton,Drag,1328,274
89.713,89.713,NoButton,Drag,1330,274
89.717,89.717,NoButton,Drag,1331,274
89.721,89.721,NoButton,Drag,1332,273
89.725,89.725,NoButton,Drag,1333,273
89.729,89.729,NoButton,Drag,1334,272
89.733,89.733,NoButton,Drag,1334,272
89.737,89.737,NoButton,Drag,1335,271
89.741,89.741,NoButton,Drag,1335,271
89.745,89.745,NoButton,Drag,1336,271
89.749,89.749,NoButton,Drag,1337,270
89.753,89.753,NoButton,Drag,1337,270
89.757,89.757,NoButton,Drag,1338,269
89.761,89.761,NoButton,Drag,1338,269
89.765,89.765,NoButton,Drag,1339,268
89.769,89.769,NoButton,Drag,1339,268
89.774,89.774,NoButton,Drag,1340,268
89.777,89.777,NoButton,Drag,1340,268
89.781,89.781,NoButton,Drag,1341,267
89.786,89.786,Left,Released,1341,267
89.79,89.79,NoButton,Move,1341,267
89.795,89.795,NoButton,Move,1341,267
89.822,89.822,NoButton,Move,1341,267
89.83,89.83,NoButton,Move,1340,266
89.845,89.845,NoButton,Move,1338,266
89.862,89.862,NoButton,Move,1330,265
89.879,89.879,NoButton,Move,1323,266
89.896,89.896,NoButton,Move,1316,268
89.913,89.913,NoButton,Move,1306,272
89.929,89.929,NoButton,Move,1288,278
89.946,89.946,NoButton,Move,1252,293
89.962,89.962,NoButton,Move,1210,308
89.979,89.979,NoButton,Move,1171,324
89.995,89.995,NoButton,Move,1135,343
90.012,90.012,NoButton,Move,1083,369
90.029,90.029,NoButton,Move,1027,399
90.045,90.045,NoButton,Move,959,435
90.063,90.063,NoButton,Move,884,475
90.079,90.079,NoButton,Move,810,516
90.096,90.096,NoButton,Move,708,573
90.112,90.112,NoButton,Move,623,621
90.129,90.129,NoButton,Move,525,671
90.146,90.146,NoButton,Move,428,718
90.162,90.162,NoButton,Move,343,759
90.179,90.179,NoButton,Move,256,797
90.195,90.195,NoButton,Move,167,833
90.212,90.212,NoButton,Move,61,865
90.23,90.23,NoButton,Move,0,879
90.246,90.246,NoButton,Move,0,889
90.262,90.262,NoButton,Move,0,893
90.279,90.279,NoButton,Move,0,894
90.296,90.296,NoButton,Move,0,889
90.312,90.312,NoButton,Move,0,883
90.329,90.329,NoButton,Move,0,876
90.346,90.346,NoButton,Move,0,869
90.363,90.363,NoButton,Move,0,862
90.379,90.379,NoButton,Move,0,856
90.396,90.396,NoButton,Move,0,847
90.412,90.412,NoButton,Move,0,838
90.429,90.429,NoButton,Move,0,830
90.446,90.446,NoButton,Move,0,821
90.463,90.463,NoButton,Move,0,812
90.479,90.479,NoButton,Move,0,802
90.496,90.496,NoButton,Move,0,787
90.513,90.513,NoButton,Move,0,775
90.53,90.53,NoButton,Move,0,763
90.545,90.545,NoButton,Move,0,753
90.562,90.562,NoButton,Move,0,739
90.579,90.579,NoButton,Move,0,729
90.596,90.596,NoButton,Move,0,721
90.613,90.613,NoButton,Move,0,713
90.629,90.629,NoButton,Move,0,706
90.646,90.646,NoButton,Move,0,699
90.662,90.662,NoButton,Move,0,692
90.68,90.68,NoButton,Move,0,685
90.695,90.695,NoButton,Move,0,678
90.712,90.712,NoButton,Move,0,672
90.729,90.729,NoButton,Move,0,666
90.746,90.746,NoButton,Move,0,664
90.762,90.762,NoButton,Move,0,664
90.779,90.779,NoButton,Move,0,664
90.795,90.795,NoButton,Move,0,666
90.813,90.813,NoButton,Move,0,668
90.83,90.83,NoButton,Move,0,669
90.886,90.886,NoButton,Move,0,669
90.89,90.89,NoButton,Move,0,669
90.896,90.896,NoButton,Move,0,669
90.913,90.913,NoButton,Move,1,666
90.929,90.929,NoButton,Move,6,660
90.946,90.946,NoButton,Move,18,645
90.962,90.962,NoButton,Move,32,629
90.979,90.979,NoButton,Move,48,610
90.996,90.996,NoButton,Move,68,587
91.012,91.012,NoButton,Move,85,566
91.029,91.029,NoButton,Move,101,548
91.046,91.046,NoButton,Move,117,528
91.063,91.063,NoButton,Move,125,516
91.079,91.079,NoButton,Move,131,507
91.097,91.097,NoButton,Move,136,501
91.113,91.113,NoButton,Move,138,497
91.129,91.129,NoButton,Move,139,495
91.146,91.146,NoButton,Move,139,495
91.192,91.192,NoButton,Move,139,495
91.2,91.2,NoButton,Move,139,495
91.214,91.214,NoButton,Move,141,494
91.229,91.229,NoButton,Move,145,491
91.247,91.247,NoButton,Move,153,487
91.263,91.263,NoButton,Move,163,481
91.279,91.279,NoButton,Move,174,471
91.296,91.296,NoButton,Move,185,460
91.313,91.313,NoButton,Move,191,453
91.329,91.329,NoButton,Move,195,447
91.346,91.346,NoButton,Move,197,442
91.362,91.362,NoButton,Move,198,437
91.379,91.379,NoButton,Move,200,433
91.396,91.396,NoButton,Move,201,429
91.412,91.412,NoButton,Move,202,427
91.43,91.43,NoButton,Move,203,425
91.446,91.446,NoButton,Move,203,425
91.536,91.536,NoButton,Move,203,425
91.56,91.56,NoButton,Move,203,424
91.58,91.58,NoButton,Move,202,424
91.594,91.594,NoButton,Move,202,424
91.61,91.61,NoButton,Move,201,424
91.627,91.627,NoButton,Move,199,424
91.643,91.643,NoButton,Move,197,425
91.66,91.66,NoButton,Move,194,426
91.676,91.676,NoButton,Move,191,426
91.693,91.693,NoButton,Move,190,427
91.71,91.71,NoButton,Move,188,427
91.726,91.726,NoButton,Move,187,427
91.758,91.758,NoButton,Move,187,427
91.798,91.798,Left,Pressed,187,427
91.886,91.886,NoButton,Drag,187,428
91.894,91.894,NoButton,Drag,187,428
91.898,91.898,NoButton,Drag,187,428
91.902,91.902,NoButton,Drag,188,428
91.906,91.906,NoButton,Drag,188,428
91.91,91.91,NoButton,Drag,189,429
91.914,91.914,NoButton,Drag,190,429
91.917,91.917,NoButton,Drag,192,429
91.921,91.921,NoButton,Drag,193,429
91.925,91.925,NoButton,Drag,195,430
91.929,91.929,NoButton,Drag,197,430
91.933,91.933,NoButton,Drag,199,431
91.938,91.938,NoButton,Drag,202,431
91.941,91.941,NoButton,Drag,204,432
91.945,91.945,NoButton,Drag,207,433
91.949,91.949,NoButton,Drag,210,433
91.953,91.953,NoButton,Drag,213,434
91.957,91.957,NoButton,Drag,217,434
91.961,91.961,NoButton,Drag,221,435
91.965,91.965,NoButton,Drag,225,436
91.969,91.969,NoButton,Drag,229,437
91.973,91.973,NoButton,Drag,234,437
91.977,91.977,NoButton,Drag,239,438
91.981,91.981,NoButton,Drag,243,439
91.985,91.985,NoButton,Drag,248,439
91.989,91.989,NoButton,Drag,253,441
91.993,91.993,NoButton,Drag,259,442
91.997,91.997,NoButton,Drag,264,443
92.001,92.001,NoButton,Drag,271,444
92.005,92.005,NoButton,Drag,277,445
92.009,92.009,NoButton,Drag,283,445
92.013,92.013,NoButton,Drag,289,447
92.017,92.017,NoButton,Drag,296,447
92.021,92.021,NoButton,Drag,303,448
92.025,92.025,NoButton,Drag,309,449
92.029,92.029,NoButton,Drag,316,450
92.033,92.033,NoButton,Drag,322,451
92.038,92.038,NoButton,Drag,330,452
92.041,92.041,NoButton,Drag,338,454
92.045,92.045,NoButton,Drag,345,455
92.049,92.049,NoButton,Drag,353,457
92.053,92.053,NoButton,Drag,361,458
92.057,92.057,NoButton,Drag,368,459
92.061,92.061,NoButton,Drag,376,461
92.065,92.065,NoButton,Drag,383,462
92.069,92.069,NoButton,Drag,391,464
92.073,92.073,NoButton,Drag,398,465
92.077,92.077,NoButton,Drag,405,467
92.081,92.081,NoButton,Drag,412,468
92.085,92.085,NoButton,Drag,419,469
92.089,92.089,NoButton,Drag,426,471
92.093,92.093,NoButton,Drag,434,472
92.097,92.097,NoButton,Drag,442,474
92.101,92.101,NoButton,Drag,449,476
92.105,92.105,NoButton,Drag,458,478
92.109,92.109,NoButton,Drag,466,480
92.113,92.113,NoButton,Drag,475,483
92.117,92.117,NoButton,Drag,484,485
92.121,92.121,NoButton,Drag,492,487
92.125,92.125,NoButton,Drag,501,489
92.129,92.129,NoButton,Drag,511,492
92.133,92.133,NoButton,Drag,519,494
92.138,92.138,NoButton,Drag,528,496
92.141,92.141,NoButton,Drag,538,499
92.145,92.145,NoButton,Drag,549,502
92.149,92.149,NoButton,Drag,559,505
92.153,92.153,NoButton,Drag,569,508
92.157,92.157,NoButton,Drag,580,511
92.161,92.161,NoButton,Drag,591,514
92.165,92.165,NoButton,Drag,602,518
92.17,92.17,NoButton,Drag,614,521
92.173,92.173,NoButton,Drag,627,524
92.177,92.177,NoButton,Drag,639,527
92.181,92.181,NoButton,Drag,652,530
92.185,92.185,NoButton,Drag,665,533
92.189,92.189,NoButton,Drag,679,537
92.193,92.193,NoButton,Drag,692,540
92.197,92.197,NoButton,Drag,707,543
92.201,92.201,NoButton,Drag,721,546
92.205,92.205,NoButton,Drag,736,549
92.209,92.209,NoButton,Drag,752,552
92.213,92.213,NoButton,Drag,768,554
92.217,92.217,NoButton,Drag,784,555
92.221,92.221,NoButton,Drag,801,557
92.225,92.225,NoButton,Drag,819,559
92.229,92.229,NoButton,Drag,837,560
92.233,92.233,NoButton,Drag,856,561
92.238,92.238,NoButton,Drag,874,562
92.241,92.241,NoButton,Drag,892,562
92.245,92.245,NoButton,Drag,911,562
92.249,92.249,NoButton,Drag,929,562
92.253,92.253,NoButton,Drag,948,562
92.257,92.257,NoButton,Drag,969,562
92.261,92.261,NoButton,Drag,992,562
92.265,92.265,NoButton,Drag,1014,562
92.269,92.269,NoButton,Drag,1038,563
92.274,92.274,NoButton,Drag,1063,563
92.277,92.277,NoButton,Drag,1087,563
92.281,92.281,NoButton,Drag,1111,563
92.285,92.285,NoButton,Drag,1135,563
92.289,92.289,NoButton,Drag,1155,563
92.291,92.291,NoButton,Drag,1174,563
92.295,92.295,NoButton,Drag,1195,563
92.299,92.299,NoButton,Drag,1214,563
92.303,92.303,NoButton,Drag,1234,563
92.307,92.307,NoButton,Drag,1252,563
92.311,92.311,NoButton,Drag,1269,563
92.315,92.315,NoButton,Drag,1284,563
92.319,92.319,NoButton,Drag,1299,563
92.323,92.323,NoButton,Drag,1313,563
92.327,92.327,NoButton,Drag,1325,563
92.331,92.331,NoButton,Drag,1335,563
92.335,92.335,NoButton,Drag,1346,563
92.339,92.339,NoButton,Drag,1356,563
92.343,92.343,NoButton,Drag,1366,563
92.347,92.347,NoButton,Drag,1376,563
92.351,92.351,NoButton,Drag,1383,563
92.355,92.355,NoButton,Drag,1391,563
92.359,92.359,NoButton,Drag,1397,563
92.363,92.363,NoButton,Drag,1403,563
92.367,92.367,NoButton,Drag,1408,564
92.371,92.371,NoButton,Drag,1412,564
92.375,92.375,NoButton,Drag,1416,565
92.379,92.379,NoButton,Drag,1418,566
92.383,92.383,NoButton,Drag,1420,566
92.388,92.388,NoButton,Drag,1422,566
92.391,92.391,NoButton,Drag,1423,567
92.395,92.395,NoButton,Drag,1424,567
92.399,92.399,NoButton,Drag,1425,567
92.403,92.403,NoButton,Drag,1426,567
92.407,92.407,NoButton,Drag,1426,567
92.411,92.411,NoButton,Drag,1427,568
92.415,92.415,NoButton,Drag,1427,568
92.419,92.419,NoButton,Drag,1427,568
92.54,92.54,NoButton,Drag,1427,568
92.548,92.548,NoButton,Drag,1426,567
92.552,92.552,NoButton,Drag,1426,567
92.555,92.555,NoButton,Drag,1425,567
92.559,92.559,NoButton,Drag,1425,567
92.563,92.563,NoButton,Drag,1424,566
92.567,92.567,NoButton,Drag,1423,565
92.571,92.571,NoButton,Drag,1423,565
92.576,92.576,NoButton,Drag,1421,564
92.579,92.579,NoButton,Drag,1419,563
92.583,92.583,NoButton,Drag,1417,563
92.587,92.587,NoButton,Drag,1415,561
92.592,92.592,NoButton,Drag,1412,560
92.595,92.595,NoButton,Drag,1409,559
92.599,92.599,NoButton,Drag,1407,558
92.603,92.603,NoButton,Drag,1404,557
92.607,92.607,NoButton,Drag,1401,555
92.611,92.611,NoButton,Drag,1397,553
92.615,92.615,NoButton,Drag,1393,552
92.619,92.619,NoButton,Drag,1390,550
92.624,92.624,NoButton,Drag,1386,549
92.627,92.627,NoButton,Drag,1383,547
92.631,92.631,NoButton,Drag,1380,545
92.635,92.635,NoButton,Drag,1376,543
92.639,92.639,NoButton,Drag,1374,542
92.643,92.643,NoButton,Drag,1370,540
92.647,92.647,NoButton,Drag,1367,538
92.651,92.651,NoButton,Drag,1364,536
92.655,92.655,NoButton,Drag,1361,534
92.659,92.659,NoButton,Drag,1358,532
92.663,92.663,NoButton,Drag,1355,531
92.667,92.667,NoButton,Drag,1353,529
92.671,92.671,NoButton,Drag,1350,528
92.675,92.675,NoButton,Drag,1348,526
92.679,92.679,NoButton,Drag,1345,525
92.683,92.683,NoButton,Drag,1343,523
92.687,92.687,NoButton,Drag,1341,521
92.691,92.691,NoButton,Drag,1338,520
92.695,92.695,NoButton,Drag,1336,518
92.699,92.699,NoButton,Drag,1334,517
92.703,92.703,NoButton,Drag,1332,515
92.707,92.707,NoButton,Drag,1330,514
92.711,92.711,NoButton,Drag,1329,513
92.715,92.715,NoButton,Drag,1327,512
92.719,92.719,NoButton,Drag,1325,511
92.724,92.724,NoButton,Drag,1324,509
92.727,92.727,NoButton,Drag,1322,508
92.731,92.731,NoButton,Drag,1320,507
92.735,92.735,NoButton,Drag,1319,506
92.74,92.74,NoButton,Drag,1317,505
92.743,92.743,NoButton,Drag,1316,504
92.747,92.747,NoButton,Drag,1316,504
92.751,92.751,NoButton,Drag,1315,503
92.755,92.755,NoButton,Drag,1313,502
92.759,92.759,NoButton,Drag,1312,501
92.763,92.763,NoButton,Drag,1312,501
92.767,92.767,NoButton,Drag,1311,500
92.771,92.771,NoButton,Drag,1310,500
92.775,92.775,NoButton,Drag,1310,499
92.779,92.779,NoButton,Drag,1309,498
92.783,92.783,NoButton,Drag,1308,498
92.787,92.787,NoButton,Drag,1307,497
92.791,92.791,NoButton,Drag,1307,497
92.795,92.795,NoButton,Drag,1306,496
92.799,92.799,NoButton,Drag,1305,496
92.803,92.803,NoButton,Drag,1304,495
92.807,92.807,NoButton,Drag,1303,494
92.811,92.811,NoButton,Drag,1302,493
92.815,92.815,NoButton,Drag,1302,493
92.819,92.819,NoButton,Drag,1301,492
92.824,92.824,NoButton,Drag,1301,492
92.827,92.827,NoButton,Drag,1300,491
92.831,92.831,NoButton,Drag,1300,490
92.835,92.835,NoButton,Drag,1299,490
92.839,92.839,NoButton,Drag,1299,489
92.843,92.843,NoButton,Drag,1299,489
92.847,92.847,NoButton,Drag,1298,488
92.851,92.851,NoButton,Drag,1298,488
92.855,92.855,NoButton,Drag,1298,488
92.859,92.859,NoButton,Drag,1297,488
92.861,92.861,NoButton,Drag,1297,487
92.869,92.869,NoButton,Drag,1296,487
92.874,92.874,NoButton,Drag,1296,487
92.881,92.881,NoButton,Drag,1296,487
92.89,92.89,NoButton,Drag,1296,486
92.894,92.894,Left,Released,1296,486
92.898,92.898,NoButton,Move,1296,486
92.909,92.909,NoButton,Move,1296,486
92.925,92.925,NoButton,Move,1295,485
92.942,92.942,NoButton,Move,1294,485
92.959,92.959,NoButton,Move,1294,485
92.975,92.975,NoButton,Move,1293,485
92.992,92.992,NoButton,Move,1290,487
93.009,93.009,NoButton,Move,1286,490
93.025,93.025,NoButton,Move,1280,495
93.042,93.042,NoButton,Move,1270,504
93.059,93.059,NoButton,Move,1259,512
93.075,93.075,NoButton,Move,1246,527
93.093,93.093,NoButton,Move,1230,544
93.109,93.109,NoButton,Move,1209,562
93.125,93.125,NoButton,Move,1182,585
93.143,93.143,NoButton,Move,1142,620
93.158,93.158,NoButton,Move,1099,652
93.175,93.175,NoButton,Move,1044,687
93.192,93.192,NoButton,Move,971,728
93.209,93.209,NoButton,Move,890,770
93.225,93.225,NoButton,Move,802,814
93.242,93.242,NoButton,Move,694,867
93.258,93.258,NoButton,Move,610,899
93.275,93.275,NoButton,Move,528,899
93.293,93.293,NoButton,Move,450,899
93.308,93.308,NoButton,Move,382,899
93.325,93.325,NoButton,Move,332,899
93.342,93.342,NoButton,Move,290,899
93.359,93.359,NoButton,Move,272,899
93.375,93.375,NoButton,Move,263,899
93.392,93.392,NoButton,Move,260,898
93.409,93.409,NoButton,Move,257,897
93.425,93.425,NoButton,Move,254,892
93.443,93.443,NoButton,Move,252,885
93.459,93.459,NoButton,Move,249,875
93.475,93.475,NoButton,Move,245,865
93.492,93.492,NoButton,Move,238,852
93.509,93.509,NoButton,Move,231,842
93.525,93.525,NoButton,Move,224,831
93.543,93.543,NoButton,Move,218,822
93.559,93.559,NoButton,Move,211,812
93.576,93.576,NoButton,Move,204,802
93.592,93.592,NoButton,Move,199,796
93.609,93.609,NoButton,Move,197,792
93.625,93.625,NoButton,Move,196,791
93.643,93.643,NoButton,Move,195,791
93.728,93.728,NoButton,Move,195,791
93.732,93.732,NoButton,Move,195,791
93.742,93.742,NoButton,Move,195,792
93.759,93.759,NoButton,Move,194,794
93.776,93.776,NoButton,Move,193,798
93.792,93.792,NoButton,Move,193,805
93.809,93.809,NoButton,Move,194,812
93.825,93.825,NoButton,Move,196,818
93.843,93.843,NoButton,Move,198,824
93.859,93.859,NoButton,Move,200,828
93.876,93.876,NoButton,Move,202,832
93.893,93.893,NoButton,Move,202,834
93.909,93.909,NoButton,Move,202,834
93.928,93.928,Left,Pressed,202,834
94.023,94.023,NoButton,Drag,202,834
94.066,94.066,NoButton,Drag,203,834
94.094,94.094,NoButton,Drag,203,834
94.098,94.098,NoButton,Drag,203,834
94.102,94.102,NoButton,Drag,203,834
94.106,94.106,NoButton,Drag,204,834
94.11,94.11,NoButton,Drag,204,833
94.114,94.114,NoButton,Drag,204,833
94.118,94.118,NoButton,Drag,205,832
94.122,94.122,NoButton,Drag,206,832
94.125,94.125,NoButton,Drag,207,831
94.129,94.129,NoButton,Drag,208,831
94.133,94.133,NoButton,Drag,209,830
94.137,94.137,NoButton,Drag,212,829
94.141,94.141,NoButton,Drag,214,828
94.145,94.145,NoButton,Drag,217,828
94.15,94.15,NoButton,Drag,220,827
94.154,94.154,NoButton,Drag,224,826
94.158,94.158,NoButton,Drag,228,824
94.162,94.162,NoButton,Drag,234,823
94.165,94.165,NoButton,Drag,240,821
94.169,94.169,NoButton,Drag,247,820
94.174,94.174,NoButton,Drag,254,818
94.177,94.177,NoButton,Drag,262,816
94.181,94.181,NoButton,Drag,271,814
94.185,94.185,NoButton,Drag,281,812
94.19,94.19,NoButton,Drag,290,810
94.194,94.194,NoButton,Drag,300,807
94.197,94.197,NoButton,Drag,310,805
94.201,94.201,NoButton,Drag,320,803
94.205,94.205,NoButton,Drag,332,800
94.209,94.209,NoButton,Drag,344,796
94.213,94.213,NoButton,Drag,356,794
94.218,94.218,NoButton,Drag,367,791
94.221,94.221,NoButton,Drag,378,788
94.226,94.226,NoButton,Drag,390,784
94.229,94.229,NoButton,Drag,401,781
94.233,94.233,NoButton,Drag,412,778
94.237,94.237,NoButton,Drag,423,775
94.241,94.241,NoButton,Drag,434,771
94.245,94.245,NoButton,Drag,446,767
94.249,94.249,NoButton,Drag,456,764
94.253,94.253,NoButton,Drag,466,761
94.257,94.257,NoButton,Drag,478,758
94.261,94.261,NoButton,Drag,488,756
94.265,94.265,NoButton,Drag,498,753
94.269,94.269,NoButton,Drag,508,750
94.274,94.274,NoButton,Drag,517,746
94.277,94.277,NoButton,Drag,527,743
94.281,94.281,NoButton,Drag,537,740
94.285,94.285,NoButton,Drag,548,737
94.289,94.289,NoButton,Drag,558,733
94.293,94.293,NoButton,Drag,568,730
94.297,94.297,NoButton,Drag,578,728
94.301,94.301,NoButton,Drag,586,725
94.305,94.305,NoButton,Drag,596,722
94.309,94.309,NoButton,Drag,605,719
94.313,94.313,NoButton,Drag,613,716
94.317,94.317,NoButton,Drag,621,714
94.321,94.321,NoButton,Drag,630,711
94.325,94.325,NoButton,Drag,639,709
94.329,94.329,NoButton,Drag,648,706
94.333,94.333,NoButton,Drag,658,703
94.337,94.337,NoButton,Drag,667,700
94.341,94.341,NoButton,Drag,677,697
94.345,94.345,NoButton,Drag,687,694
94.349,94.349,NoButton,Drag,698,692
94.353,94.353,NoButton,Drag,706,689
94.358,94.358,NoButton,Drag,717,685
94.361,94.361,NoButton,Drag,727,682
94.365,94.365,NoButton,Drag,737,679
94.369,94.369,NoButton,Drag,748,675
94.374,94.374,NoButton,Drag,759,672
94.377,94.377,NoButton,Drag,768,669
94.381,94.381,NoButton,Drag,779,666
94.385,94.385,NoButton,Drag,788,663
94.389,94.389,NoButton,Drag,798,660
94.393,94.393,NoButton,Drag,808,657
94.397,94.397,NoButton,Drag,818,654
94.401,94.401,NoButton,Drag,828,651
94.405,94.405,NoButton,Drag,837,648
94.409,94.409,NoButton,Drag,847,645
94.413,94.413,NoButton,Drag,857,642
94.417,94.417,NoButton,Drag,867,639
94.421,94.421,NoButton,Drag,877,636
94.425,94.425,NoButton,Drag,887,632
94.429,94.429,NoButton,Drag,898,628
94.433,94.433,NoButton,Drag,908,625
94.437,94.437,NoButton,Drag,919,621
94.441,94.441,NoButton,Drag,930,618
94.445,94.445,NoButton,Drag,939,615
94.449,94.449,NoButton,Drag,950,611
94.453,94.453,NoButton,Drag,961,608
94.458,94.458,NoButton,Drag,972,604
94.461,94.461,NoButton,Drag,982,601
94.465,94.465,NoButton,Drag,994,597
94.469,94.469,NoButton,Drag,1006,593
94.474,94.474,NoButton,Drag,1018,588
94.477,94.477,NoButton,Drag,1030,584
94.481,94.481,NoButton,Drag,1043,579
94.485,94.485,NoButton,Drag,1055,575
94.489,94.489,NoButton,Drag,1067,571
94.493,94.493,NoButton,Drag,1079,566
94.497,94.497,NoButton,Drag,1091,562
94.501,94.501,NoButton,Drag,1103,558
94.505,94.505,NoButton,Drag,1115,554
94.509,94.509,NoButton,Drag,1127,549
94.513,94.513,NoButton,Drag,1139,545
94.517,94.517,NoButton,Drag,1151,541
94.521,94.521,NoButton,Drag,1161,538
94.525,94.525,NoButton,Drag,1173,533
94.529,94.529,NoButton,Drag,1184,529
94.533,94.533,NoButton,Drag,1194,525
94.537,94.537,NoButton,Drag,1203,522
94.541,94.541,NoButton,Drag,1213,517
94.545,94.545,NoButton,Drag,1222,513
94.549,94.549,NoButton,Drag,1230,509
94.553,94.553,NoButton,Drag,1239,506
94.557,94.557,NoButton,Drag,1247,502
94.561,94.561,NoButton,Drag,1254,499
94.565,94.565,NoButton,Drag,1261,496
94.569,94.569,NoButton,Drag,1268,493
94.574,94.574,NoButton,Drag,1274,490
94.578,94.578,NoButton,Drag,1279,488
94.581,94.581,NoButton,Drag,1285,486
94.583,94.583,NoButton,Drag,1290,483
94.587,94.587,NoButton,Drag,1295,482
94.591,94.591,NoButton,Drag,1300,480
94.595,94.595,NoButton,Drag,1305,478
94.599,94.599,NoButton,Drag,1308,476
94.603,94.603,NoButton,Drag,1312,474
94.607,94.607,NoButton,Drag,1316,473
94.611,94.611,NoButton,Drag,1319,471
94.615,94.615,NoButton,Drag,1322,469
94.619,94.619,NoButton,Drag,1325,468
94.624,94.624,NoButton,Drag,1327,467
94.627,94.627,NoButton,Drag,1330,466
94.631,94.631,NoButton,Drag,1332,465
94.635,94.635,NoButton,Drag,1333,464
94.639,94.639,NoButton,Drag,1335,463
94.643,94.643,NoButton,Drag,1336,463
94.647,94.647,NoButton,Drag,1337,462
94.651,94.651,NoButton,Drag,1337,462
94.659,94.659,NoButton,Drag,1337,462
94.84,94.84,Left,Released,1337,462
94.868,94.868,NoButton,Move,1337,462
94.876,94.876,NoButton,Move,1337,462
94.893,94.893,NoButton,Move,1336,462
94.909,94.909,NoButton,Move,1335,462
94.926,94.926,NoButton,Move,1334,462
94.942,94.942,NoButton,Move,1332,463
94.959,94.959,NoButton,Move,1329,464
94.976,94.976,NoButton,Move,1323,466
94.992,94.992,NoButton,Move,1316,468
95.01,95.01,NoButton,Move,1306,474
95.026,95.026,NoButton,Move,1289,484
95.043,95.043,NoButton,Move,1258,500
95.059,95.059,NoButton,Move,1214,517
95.076,95.076,NoButton,Move,1152,538
95.092,95.092,NoButton,Move,1106,556
95.11,95.11,NoButton,Move,1068,575
95.126,95.126,NoButton,Move,1034,594
95.142,95.142,NoButton,Move,1002,613
95.159,95.159,NoButton,Move,960,642
95.177,95.177,NoButton,Move,920,665
95.192,95.192,NoButton,Move,872,692
95.209,95.209,NoButton,Move,814,723
95.226,95.226,NoButton,Move,735,762
95.242,95.242,NoButton,Move,673,789
95.259,95.259,NoButton,Move,622,807
95.276,95.276,NoButton,Move,583,820
95.293,95.293,NoButton,Move,555,825
95.309,95.309,NoButton,Move,538,825
95.326,95.326,NoButton,Move,526,820
95.342,95.342,NoButton,Move,517,812
95.359,95.359,NoButton,Move,510,800
95.376,95.376,NoButton,Move,504,786
95.393,95.393,NoButton,Move,499,769
95.409,95.409,NoButton,Move,495,749
95.426,95.426,NoButton,Move,486,719
95.442,95.442,NoButton,Move,479,693
95.459,95.459,NoButton,Move,467,665
95.476,95.476,NoButton,Move,452,636
95.493,95.493,NoButton,Move,437,609
95.509,95.509,NoButton,Move,426,584
95.526,95.526,NoButton,Move,419,561
95.543,95.543,NoButton,Move,415,545
95.559,95.559,NoButton,Move,415,530
95.576,95.576,NoButton,Move,417,517
95.592,95.592,NoButton,Move,421,506
95.609,95.609,NoButton,Move,426,497
95.626,95.626,NoButton,Move,435,485
95.642,95.642,NoButton,Move,444,475
95.66,95.66,NoButton,Move,455,465
95.675,95.675,NoButton,Move,469,455
95.692,95.692,NoButton,Move,485,442
95.709,95.709,NoButton,Move,505,426
95.726,95.726,NoButton,Move,537,399
95.743,95.743,NoButton,Move,566,369
95.759,95.759,NoButton,Move,595,339
95.776,95.776,NoButton,Move,630,299
95.792,95.792,NoButton,Move,659,268
95.81,95.81,NoButton,Move,684,239
95.827,95.827,NoButton,Move,701,219
95.844,95.844,NoButton,Move,715,203
95.861,95.861,NoButton,Move,718,199
95.9,95.9,NoButton,Move,718,200
95.904,95.904,NoButton,Move,717,200
95.911,95.911,NoButton,Move,717,201
95.928,95.928,NoButton,Move,715,204
95.944,95.944,NoButton,Move,714,206
95.961,95.961,NoButton,Move,714,206
96.044,96.044,NoButton,Move,713,207
96.188,96.188,NoButton,Move,713,207
96.259,96.259,Left,Pressed,713,207
96.391,96.391,Left,Released,713,207
96.397,96.397,NoButton,Move,713,207
96.428,96.428,NoButton,Move,711,207
96.444,96.444,NoButton,Move,708,209
96.461,96.461,NoButton,Move,705,210
96.477,96.477,NoButton,Move,700,212
96.494,96.494,NoButton,Move,694,215
96.51,96.51,NoButton,Move,689,217
96.528,96.528,NoButton,Move,684,220
96.545,96.545,NoButton,Move,679,223
96.56,96.56,NoButton,Move,673,226
96.582,96.582,NoButton,Move,665,231
96.597,96.597,NoButton,Move,660,234
96.614,96.614,NoButton,Move,653,239
96.631,96.631,NoButton,Move,646,243
96.648,96.648,NoButton,Move,638,247
96.664,96.664,NoButton,Move,628,252
96.681,96.681,NoButton,Move,616,258
96.697,96.697,NoButton,Move,602,264
96.715,96.715,NoButton,Move,582,271
96.731,96.731,NoButton,Move,564,279
96.748,96.748,NoButton,Move,545,287
96.764,96.764,NoButton,Move,525,295
96.781,96.781,NoButton,Move,503,304
96.798,96.798,NoButton,Move,473,314
96.814,96.814,NoButton,Move,449,322
96.829,96.829,NoButton,Move,432,328
96.846,96.846,NoButton,Move,404,338
96.862,96.862,NoButton,Move,381,348
96.879,96.879,NoButton,Move,359,356
96.896,96.896,NoButton,Move,331,367
96.912,96.912,NoButton,Move,313,376
96.929,96.929,NoButton,Move,295,386
96.946,96.946,NoButton,Move,281,393
96.962,96.962,NoButton,Move,269,397
96.979,96.979,NoButton,Move,262,399
96.996,96.996,NoButton,Move,259,399
97.013,97.013,NoButton,Move,259,399
97.03,97.03,NoButton,Move,258,397
97.046,97.046,NoButton,Move,259,391
97.062,97.062,NoButton,Move,261,383
97.079,97.079,NoButton,Move,266,373
97.095,97.095,NoButton,Move,273,360
97.111,97.111,NoButton,Move,280,347
97.129,97.129,NoButton,Move,291,331
97.145,97.145,NoButton,Move,299,319
97.162,97.162,NoButton,Move,306,309
97.178,97.178,NoButton,Move,313,298
97.195,97.195,NoButton,Move,318,289
97.212,97.212,NoButton,Move,322,279
97.228,97.228,NoButton,Move,325,271
97.246,97.246,NoButton,Move,326,263
97.262,97.262,NoButton,Move,329,254
97.278,97.278,NoButton,Move,335,245
97.295,97.295,NoButton,Move,342,235
97.312,97.312,NoButton,Move,353,221
97.328,97.328,NoButton,Move,363,209
97.345,97.345,NoButton,Move,375,196
97.362,97.362,NoButton,Move,389,182
97.378,97.378,NoButton,Move,405,168
97.395,97.395,NoButton,Move,421,153
97.411,97.411,NoButton,Move,440,138
97.429,97.429,NoButton,Move,464,120
97.445,97.445,NoButton,Move,482,105
97.462,97.462,NoButton,Move,504,89
97.478,97.478,NoButton,Move,521,76
97.494,97.494,NoButton,Move,538,65
97.511,97.511,NoButton,Move,556,56
97.528,97.528,NoButton,Move,570,49
97.545,97.545,NoButton,Move,581,44
97.561,97.561,NoButton,Move,589,41
97.578,97.578,NoButton,Move,593,40
97.658,97.658,NoButton,Move,593,40
97.662,97.662,NoButton,Move,593,41
97.678,97.678,NoButton,Move,590,42
97.694,97.694,NoButton,Move,585,46
97.712,97.712,NoButton,Move,573,52
97.728,97.728,NoButton,Move,551,63
97.745,97.745,NoButton,Move,514,78
97.761,97.761,NoButton,Move,469,97
97.778,97.778,NoButton,Move,410,122
97.794,97.794,NoButton,Move,362,143
97.812,97.812,NoButton,Move,324,160
97.828,97.828,NoButton,Move,299,169
97.845,97.845,NoButton,Move,286,172
97.861,97.861,NoButton,Move,283,173
97.878,97.878,NoButton,Move,282,173
97.895,97.895,NoButton,Move,283,172
97.911,97.911,NoButton,Move,286,171
97.928,97.928,NoButton,Move,288,169
97.945,97.945,NoButton,Move,291,167
97.961,97.961,NoButton,Move,294,165
97.978,97.978,NoButton,Move,301,161
97.994,97.994,NoButton,Move,309,158
98.011,98.011,NoButton,Move,318,154
98.028,98.028,NoButton,Move,333,150
98.045,98.045,NoButton,Move,346,146
98.061,98.061,NoButton,Move,364,142
98.078,98.078,NoButton,Move,383,139
98.095,98.095,NoButton,Move,401,138
98.112,98.112,NoButton,Move,422,136
98.128,98.128,NoButton,Move,438,136
98.144,98.144,NoButton,Move,454,136
98.162,98.162,NoButton,Move,470,135
98.178,98.178,NoButton,Move,488,134
98.194,98.194,NoButton,Move,504,133
98.211,98.211,NoButton,Move,521,131
98.228,98.228,NoButton,Move,542,129
98.245,98.245,NoButton,Move,559,128
98.262,98.262,NoButton,Move,575,126
98.278,98.278,NoButton,Move,590,124
98.295,98.295,NoButton,Move,607,122
98.311,98.311,NoButton,Move,622,121
98.328,98.328,NoButton,Move,639,119
98.345,98.345,NoButton,Move,651,118
98.361,98.361,NoButton,Move,660,116
98.378,98.378,NoButton,Move,667,115
98.395,98.395,NoButton,Move,673,115
98.412,98.412,NoButton,Move,676,115
98.429,98.429,NoButton,Move,677,115
98.446,98.446,NoButton,Move,677,115
98.468,98.468,NoButton,Move,678,115
98.48,98.48,NoButton,Move,678,115
98.495,98.495,NoButton,Move,678,116
98.512,98.512,NoButton,Move,676,118
98.528,98.528,NoButton,Move,673,120
98.546,98.546,NoButton,Move,666,124
98.561,98.561,NoButton,Move,652,130
98.579,98.579,NoButton,Move,628,137
98.596,98.596,NoButton,Move,590,148
98.613,98.613,NoButton,Move,553,156
98.629,98.629,NoButton,Move,515,164
98.646,98.646,NoButton,Move,471,170
98.663,98.663,NoButton,Move,441,173
98.679,98.679,NoButton,Move,419,174
98.696,98.696,NoButton,Move,406,174
98.713,98.713,NoButton,Move,398,174
98.729,98.729,NoButton,Move,392,174
98.746,98.746,NoButton,Move,383,172
98.762,98.762,NoButton,Move,377,171
98.779,98.779,NoButton,Move,374,171
98.796,98.796,NoButton,Move,373,170
98.812,98.812,NoButton,Move,371,170
98.829,98.829,NoButton,Move,370,170
98.847,98.847,NoButton,Move,369,170
98.878,98.878,NoButton,Move,369,169
98.882,98.882,NoButton,Move,369,169
98.896,98.896,NoButton,Move,372,168
98.913,98.913,NoButton,Move,377,167
98.93,98.93,NoButton,Move,385,167
98.946,98.946,NoButton,Move,393,165
98.963,98.963,NoButton,Move,405,163
98.98,98.98,NoButton,Move,422,160
98.996,98.996,NoButton,Move,442,157
99.013,99.013,NoButton,Move,466,154
99.029,99.029,NoButton,Move,492,151
99.046,99.046,NoButton,Move,522,148
99.063,99.063,NoButton,Move,540,146
99.08,99.08,NoButton,Move,556,145
99.097,99.097,NoButton,Move,566,144
99.114,99.114,NoButton,Move,575,144
99.13,99.13,NoButton,Move,579,144
99.147,99.147,NoButton,Move,582,144
99.164,99.164,NoButton,Move,584,144
99.181,99.181,NoButton,Move,588,144
99.197,99.197,NoButton,Move,592,143
99.214,99.214,NoButton,Move,597,143
99.23,99.23,NoButton,Move,605,143
99.247,99.247,NoButton,Move,610,142
99.263,99.263,NoButton,Move,612,142
99.309,99.309,NoButton,Move,612,142
99.313,99.313,NoButton,Move,612,143
99.331,99.331,NoButton,Move,607,144
99.347,99.347,NoButton,Move,599,146
99.364,99.364,NoButton,Move,584,148
99.381,99.381,NoButton,Move,570,150
99.398,99.398,NoButton,Move,555,151
99.415,99.415,NoButton,Move,542,152
99.431,99.431,NoButton,Move,530,153
99.447,99.447,NoButton,Move,522,153
99.464,99.464,NoButton,Move,516,154
99.481,99.481,NoButton,Move,513,154
99.498,99.498,NoButton,Move,510,154
99.515,99.515,NoButton,Move,506,154
99.531,99.531,NoButton,Move,502,154
99.547,99.547,NoButton,Move,497,154
99.564,99.564,NoButton,Move,488,155
99.581,99.581,NoButton,Move,480,155
99.598,99.598,NoButton,Move,471,155
99.615,99.615,NoButton,Move,464,155
99.632,99.632,NoButton,Move,456,155
99.648,99.648,NoButton,Move,454,154
99.664,99.664,NoButton,Move,451,153
99.682,99.682,NoButton,Move,450,153
99.699,99.699,NoButton,Move,448,152
99.715,99.715,NoButton,Move,443,151
99.732,99.732,NoButton,Move,436,150
99.748,99.748,NoButton,Move,427,148
99.765,99.765,NoButton,Move,419,147
99.782,99.782,NoButton,Move,408,147
99.798,99.798,NoButton,Move,401,147
99.815,99.815,NoButton,Move,396,147
99.831,99.831,NoButton,Move,392,147
99.858,99.858,NoButton,Move,392,146
99.878,99.878,Left,Pressed,392,146
100.014,100.014,NoButton,Drag,392,146
100.022,100.022,Left,Released,392,146
100.042,100.042,NoButton,Move,392,146
100.049,100.049,NoButton,Move,392,146
100.063,100.063,NoButton,Move,392,145
100.081,100.081,NoButton,Move,393,145
100.097,100.097,NoButton,Move,394,144
100.113,100.113,NoButton,Move,397,143
100.13,100.13,NoButton,Move,404,141
100.147,100.147,NoButton,Move,414,139
100.164,100.164,NoButton,Move,427,139
100.18,100.18,NoButton,Move,440,138
100.197,100.197,NoButton,Move,450,137
100.213,100.213,NoButton,Move,457,136
100.23,100.23,NoButton,Move,461,135
100.247,100.247,NoButton,Move,463,135
100.264,100.264,NoButton,Move,466,135
100.28,100.28,NoButton,Move,472,135
100.297,100.297,NoButton,Move,479,136
100.314,100.314,NoButton,Move,490,136
100.33,100.33,NoButton,Move,500,136
100.349,100.349,NoButton,Move,515,136
100.366,100.366,NoButton,Move,525,136
100.383,100.383,NoButton,Move,534,136
100.399,100.399,NoButton,Move,540,136
100.416,100.416,NoButton,Move,544,136
100.432,100.432,NoButton,Move,545,136
100.468,100.468,NoButton,Move,546,136
100.472,100.472,NoButton,Move,546,136
100.483,100.483,NoButton,Move,547,137
100.499,100.499,NoButton,Move,549,137
100.516,100.516,NoButton,Move,553,139
100.532,100.532,NoButton,Move,555,139
100.549,100.549,NoButton,Move,557,140
100.566,100.566,NoButton,Move,558,140
100.637,100.637,NoButton,Move,558,140
100.66,100.66,NoButton,Move,558,141
100.728,100.728,NoButton,Move,558,141
100.765,100.765,Left,Pressed,558,141
100.9,100.9,Left,Released,558,141
100.95,100.95,NoButton,Move,558,141
100.958,100.958,NoButton,Move,558,141
100.97,100.97,NoButton,Move,559,141
100.986,100.986,NoButton,Move,559,142
101.003,101.003,NoButton,Move,560,143
101.02,101.02,NoButton,Move,561,145
101.037,101.037,NoButton,Move,561,147
101.053,101.053,NoButton,Move,562,149
101.07,101.07,NoButton,Move,564,154
101.089,101.089,NoButton,Move,564,158
101.105,101.105,NoButton,Move,567,162
101.122,101.122,NoButton,Move,569,167
101.138,101.138,NoButton,Move,572,170
101.156,101.156,NoButton,Move,575,174
101.173,101.173,NoButton,Move,581,178
101.189,101.189,NoButton,Move,587,183
101.205,101.205,NoButton,Move,597,188
101.222,101.222,NoButton,Move,614,193
101.238,101.238,NoButton,Move,633,197
101.256,101.256,NoButton,Move,656,202
101.273,101.273,NoButton,Move,682,206
101.289,101.289,NoButton,Move,713,211
101.305,101.305,NoButton,Move,737,213
101.322,101.322,NoButton,Move,762,217
101.338,101.338,NoButton,Move,779,221
101.358,101.358,NoButton,Move,793,224
101.375,101.375,NoButton,Move,798,226
101.391,101.391,NoButton,Move,800,227
101.407,101.407,NoButton,Move,801,227
101.492,101.492,NoButton,Move,801,227
101.496,101.496,NoButton,Move,801,227
101.508,101.508,NoButton,Move,803,228
101.525,101.525,NoButton,Move,806,229
101.542,101.542,NoButton,Move,810,230
101.559,101.559,NoButton,Move,815,231
101.575,101.575,NoButton,Move,818,232
101.592,101.592,NoButton,Move,820,233
101.609,101.609,NoButton,Move,821,234
101.625,101.625,NoButton,Move,823,235
101.642,101.642,NoButton,Move,824,236
101.659,101.659,NoButton,Move,825,237
101.676,101.676,NoButton,Move,826,238
101.693,101.693,NoButton,Move,826,238
101.709,101.709,NoButton,Move,826,238
101.813,101.813,Left,Pressed,826,238
101.884,101.884,Left,Released,826,238
101.948,101.948,NoButton,Move,826,238
101.952,101.952,NoButton,Move,826,238
101.962,101.962,NoButton,Move,825,238
101.978,101.978,NoButton,Move,823,238
101.995,101.995,NoButton,Move,821,238
102.012,102.012,NoButton,Move,814,239
102.029,102.029,NoButton,Move,807,242
102.045,102.045,NoButton,Move,799,246
102.061,102.061,NoButton,Move,790,251
102.08,102.08,NoButton,Move,774,259
102.097,102.097,NoButton,Move,757,267
102.114,102.114,NoButton,Move,735,279
102.13,102.13,NoButton,Move,715,288
102.148,102.148,NoButton,Move,695,298
102.164,102.164,NoButton,Move,674,307
102.181,102.181,NoButton,Move,651,317
102.197,102.197,NoButton,Move,629,324
102.213,102.213,NoButton,Move,611,333
102.23,102.23,NoButton,Move,595,340
102.247,102.247,NoButton,Move,587,344
102.263,102.263,NoButton,Move,583,347
102.28,102.28,NoButton,Move,580,348
102.33,102.33,NoButton,Move,580,348
102.338,102.338,NoButton,Move,580,348
102.349,102.349,NoButton,Move,579,348
102.366,102.366,NoButton,Move,574,348
102.383,102.383,NoButton,Move,563,348
102.4,102.4,NoButton,Move,548,349
102.417,102.417,NoButton,Move,536,352
102.433,102.433,NoButton,Move,523,355
102.449,102.449,NoButton,Move,509,358
102.466,102.466,NoButton,Move,489,363
102.483,102.483,NoButton,Move,473,367
102.5,102.5,NoButton,Move,458,371
102.516,102.516,NoButton,Move,446,373
102.533,102.533,NoButton,Move,436,375
102.55,102.55,NoButton,Move,427,375
102.566,102.566,NoButton,Move,422,375
102.585,102.585,NoButton,Move,420,375
102.632,102.632,NoButton,Move,420,375
102.636,102.636,NoButton,Move,419,375
102.652,102.652,NoButton,Move,419,375
102.668,102.668,NoButton,Move,419,375
102.685,102.685,NoButton,Move,419,374
102.702,102.702,NoButton,Move,419,374
102.718,102.718,NoButton,Move,419,373
102.724,102.724,Left,Pressed,419,373
102.728,102.728,NoButton,Drag,419,373
102.735,102.735,NoButton,Drag,419,373
102.744,102.744,NoButton,Drag,419,372
102.751,102.751,NoButton,Drag,419,372
102.864,102.864,NoButton,Drag,419,372
102.872,102.872,NoButton,Drag,419,371
102.88,102.88,NoButton,Drag,418,371
102.892,102.892,Left,Released,418,371
102.908,102.908,NoButton,Move,418,371
102.92,102.92,NoButton,Move,418,371
102.944,102.944,NoButton,Move,418,370
102.954,102.954,NoButton,Move,418,370
102.97,102.97,NoButton,Move,418,370
103.057,103.057,NoButton,Move,418,370
103.06,103.06,NoButton,Move,418,370
103.07,103.07,NoButton,Move,417,372
103.088,103.088,NoButton,Move,416,377
103.106,103.106,NoButton,Move,415,383
103.122,103.122,NoButton,Move,413,389
103.139,103.139,NoButton,Move,412,395
103.155,103.155,NoButton,Move,410,402
103.172,103.172,NoButton,Move,410,411
103.188,103.188,NoButton,Move,410,418
103.193,103.193,Left,Pressed,410,418
103.193,103.193,NoButton,Drag,411,420
103.196,103.196,NoButton,Drag,411,422
103.2,103.2,NoButton,Drag,411,423
103.204,103.204,NoButton,Drag,412,425
103.208,103.208,NoButton,Drag,412,427
103.212,103.212,NoButton,Drag,413,428
103.214,103.214,NoButton,Drag,414,430
103.218,103.218,NoButton,Drag,414,431
103.221,103.221,NoButton,Drag,415,433
103.225,103.225,NoButton,Drag,416,435
103.23,103.23,NoButton,Drag,418,436
103.234,103.234,NoButton,Drag,419,438
103.238,103.238,NoButton,Drag,422,439
103.242,103.242,NoButton,Drag,424,441
103.246,103.246,NoButton,Drag,427,443
103.25,103.25,NoButton,Drag,430,444
103.253,103.253,NoButton,Drag,434,446
103.257,103.257,NoButton,Drag,439,448
103.261,103.261,NoButton,Drag,444,449
103.265,103.265,NoButton,Drag,451,451
103.27,103.27,NoButton,Drag,460,452
103.273,103.273,NoButton,Drag,472,453
103.278,103.278,NoButton,Drag,484,454
103.281,103.281,NoButton,Drag,497,454
103.286,103.286,NoButton,Drag,512,454
103.29,103.29,NoButton,Drag,528,454
103.294,103.294,NoButton,Drag,546,453
103.298,103.298,NoButton,Drag,564,451
103.302,103.302,NoButton,Drag,582,448
103.306,103.306,NoButton,Drag,601,445
103.309,103.309,NoButton,Drag,619,442
103.313,103.313,NoButton,Drag,637,437
103.317,103.317,NoButton,Drag,653,434
103.321,103.321,NoButton,Drag,669,429
103.326,103.326,NoButton,Drag,685,424
103.33,103.33,NoButton,Drag,698,419
103.333,103.333,NoButton,Drag,711,415
103.338,103.338,NoButton,Drag,724,410
103.342,103.342,Left,Released,724,410
103.343,103.343,NoButton,Move,735,405
103.358,103.358,NoButton,Move,768,389
103.374,103.374,NoButton,Move,785,377
103.391,103.391,NoButton,Move,790,372
103.408,103.408,NoButton,Move,790,372
103.424,103.424,NoButton,Move,790,371
103.441,103.441,NoButton,Move,789,371
103.457,103.457,NoButton,Move,787,372
103.474,103.474,NoButton,Move,782,376
103.492,103.492,NoButton,Move,776,380
103.508,103.508,NoButton,Move,771,385
103.524,103.524,NoButton,Move,764,393
103.542,103.542,NoButton,Move,756,404
103.558,103.558,NoButton,Move,748,418
103.575,103.575,NoButton,Move,740,432
103.593,103.593,NoButton,Move,733,445
103.61,103.61,NoButton,Move,725,461
103.627,103.627,NoButton,Move,719,473
103.644,103.644,NoButton,Move,713,482
103.66,103.66,NoButton,Move,707,490
103.677,103.677,NoButton,Move,703,496
103.693,103.693,NoButton,Move,699,501
103.711,103.711,NoButton,Move,697,504
103.726,103.726,NoButton,Move,697,505
103.743,103.743,NoButton,Move,696,505
103.76,103.76,NoButton,Move,696,506
103.777,103.777,NoButton,Move,695,506
103.794,103.794,NoButton,Move,694,508
103.811,103.811,NoButton,Move,694,508
103.827,103.827,NoButton,Move,694,508
103.84,103.84,Scroll,Up,694,508
103.88,103.88,NoButton,Move,694,508
103.896,103.896,Scroll,Up,694,508
103.96,103.96,Scroll,Up,694,508
104.015,104.015,Scroll,Up,694,508
104.06,104.06,Scroll,Up,694,508
104.08,104.08,NoButton,Move,693,508
104.088,104.088,NoButton,Move,693,507
104.096,104.096,NoButton,Move,693,507
104.111,104.111,NoButton,Move,693,506
104.128,104.128,NoButton,Move,693,505
104.145,104.145,NoButton,Move,692,505
104.162,104.162,NoButton,Move,691,504
104.178,104.178,NoButton,Move,690,503
104.195,104.195,NoButton,Move,688,502
104.212,104.212,NoButton,Move,687,502
104.24,104.24,NoButton,Move,687,502
104.246,104.246,NoButton,Move,686,502
104.262,104.262,NoButton,Move,686,502
104.279,104.279,NoButton,Move,686,501
104.295,104.295,NoButton,Move,686,501
104.356,104.356,NoButton,Move,686,501
104.374,104.374,Scroll,Down,686,501
104.41,104.41,Scroll,Down,686,501
104.446,104.446,Scroll,Down,686,501
104.534,104.534,Scroll,Down,686,501
104.59,104.59,Scroll,Down,686,501
104.691,104.691,NoButton,Move,686,501
104.782,104.782,NoButton,Move,685,500
104.786,104.786,NoButton,Move,685,500
104.801,104.801,NoButton,Move,684,499
104.819,104.819,NoButton,Move,680,497
104.834,104.834,NoButton,Move,678,495
104.853,104.853,NoButton,Move,676,493
104.87,104.87,NoButton,Move,675,490
104.886,104.886,NoButton,Move,674,487
104.903,104.903,NoButton,Move,676,481
104.92,104.92,NoButton,Move,679,471
104.936,104.936,NoButton,Move,684,461
104.953,104.953,NoButton,Move,690,446
104.97,104.97,NoButton,Move,699,432
104.987,104.987,NoButton,Move,708,418
105.003,105.003,NoButton,Move,719,403
105.02,105.02,NoButton,Move,733,385
105.037,105.037,NoButton,Move,742,373
105.054,105.054,NoButton,Move,748,364
105.071,105.071,NoButton,Move,754,356
105.088,105.088,NoButton,Move,759,347
105.105,105.105,NoButton,Move,764,341
105.122,105.122,NoButton,Move,767,336
105.138,105.138,NoButton,Move,770,332
105.155,105.155,NoButton,Move,773,328
105.171,105.171,NoButton,Move,776,324
105.189,105.189,NoButton,Move,783,319
105.205,105.205,NoButton,Move,789,314
105.222,105.222,NoButton,Move,796,308
105.239,105.239,NoButton,Move,804,301
105.255,105.255,NoButton,Move,812,295
105.272,105.272,NoButton,Move,823,287
105.288,105.288,NoButton,Move,830,281
105.305,105.305,NoButton,Move,836,276
105.322,105.322,NoButton,Move,841,271
105.338,105.338,NoButton,Move,843,267
105.355,105.355,NoButton,Move,844,264
105.372,105.372,NoButton,Move,845,261
105.388,105.388,NoButton,Move,844,259
105.405,105.405,NoButton,Move,844,257
105.422,105.422,NoButton,Move,844,253
105.439,105.439,NoButton,Move,843,250
105.455,105.455,NoButton,Move,842,244
105.472,105.472,NoButton,Move,839,235
105.488,105.488,NoButton,Move,835,228
105.505,105.505,NoButton,Move,832,221
105.522,105.522,NoButton,Move,831,212
105.539,105.539,NoButton,Move,830,205
105.556,105.556,NoButton,Move,830,200
105.572,105.572,NoButton,Move,830,195
105.588,105.588,NoButton,Move,830,193
105.605,105.605,NoButton,Move,830,192
105.622,105.622,NoButton,Move,830,191
105.638,105.638,NoButton,Move,831,191
105.655,105.655,NoButton,Move,831,190
105.671,105.671,NoButton,Move,832,189
105.688,105.688,NoButton,Move,834,187
105.705,105.705,NoButton,Move,836,185
105.721,105.721,NoButton,Move,840,181
105.738,105.738,NoButton,Move,848,175
105.754,105.754,NoButton,Move,856,168
105.771,105.771,NoButton,Move,863,159
105.788,105.788,NoButton,Move,872,151
105.805,105.805,NoButton,Move,880,143
105.822,105.822,NoButton,Move,887,135
105.838,105.838,NoButton,Move,891,130
105.855,105.855,NoButton,Move,893,126
105.872,105.872,NoButton,Move,893,125
106.042,106.042,NoButton,Move,894,125
106.044,106.044,Left,Pressed,894,125
106.144,106.144,Left,Released,894,125
106.188,106.188,NoButton,Move,893,125
106.192,106.192,NoButton,Move,893,125
106.204,106.204,NoButton,Move,892,125
106.222,106.222,NoButton,Move,891,125
106.238,106.238,NoButton,Move,890,126
106.254,106.254,NoButton,Move,888,127
106.272,106.272,NoButton,Move,884,128
106.288,106.288,NoButton,Move,879,130
106.305,106.305,NoButton,Move,873,132
106.322,106.322,NoButton,Move,868,136
106.334,106.334,NoButton,Move,863,140
106.351,106.351,NoButton,Move,856,145
106.368,106.368,NoButton,Move,846,152
106.384,106.384,NoButton,Move,841,156
106.401,106.401,NoButton,Move,838,158
106.418,106.418,NoButton,Move,837,159
106.435,106.435,NoButton,Move,836,159
106.451,106.451,NoButton,Move,835,160
106.468,106.468,NoButton,Move,832,162
106.484,106.484,NoButton,Move,828,164
106.501,106.501,NoButton,Move,823,166
106.517,106.517,NoButton,Move,818,169
106.534,106.534,NoButton,Move,814,171
106.551,106.551,NoButton,Move,809,172
106.568,106.568,NoButton,Move,803,173
106.584,106.584,NoButton,Move,800,174
106.6,106.6,NoButton,Move,800,174
106.67,106.67,Left,Pressed,800,174
106.686,106.686,NoButton,Drag,799,174
106.762,106.762,Left,Released,799,174
106.763,106.763,NoButton,Move,799,174
106.79,106.79,NoButton,Move,799,174
106.798,106.798,NoButton,Move,799,174
106.814,106.814,NoButton,Move,798,174
106.822,106.822,NoButton,Move,798,174
106.834,106.834,NoButton,Move,798,174
106.851,106.851,NoButton,Move,797,173
106.867,106.867,NoButton,Move,797,173
106.938,106.938,NoButton,Move,797,173
106.942,106.942,NoButton,Move,797,173
106.951,106.951,NoButton,Move,797,172
106.968,106.968,NoButton,Move,797,171
106.985,106.985,NoButton,Move,797,170
107.002,107.002,NoButton,Move,798,168
107.018,107.018,NoButton,Move,799,166
107.035,107.035,NoButton,Move,799,165
107.052,107.052,NoButton,Move,800,164
107.068,107.068,NoButton,Move,800,163
107.084,107.084,NoButton,Move,801,162
107.1,107.1,NoButton,Move,801,161
107.117,107.117,NoButton,Move,802,160
107.134,107.134,NoButton,Move,803,157
107.151,107.151,NoButton,Move,803,156
107.167,107.167,NoButton,Move,804,155
107.185,107.185,NoButton,Move,804,155
107.201,107.201,NoButton,Move,804,155
107.208,107.208,Left,Pressed,804,155
107.304,107.304,Left,Released,804,155
107.32,107.32,NoButton,Move,804,155
107.335,107.335,NoButton,Move,804,156
107.351,107.351,NoButton,Move,801,160
107.368,107.368,NoButton,Move,796,169
107.384,107.384,NoButton,Move,789,178
107.401,107.401,NoButton,Move,781,192
107.419,107.419,NoButton,Move,771,208
107.434,107.434,NoButton,Move,761,228
107.451,107.451,NoButton,Move,751,250
107.468,107.468,NoButton,Move,741,280
107.484,107.484,NoButton,Move,734,305
107.501,107.501,NoButton,Move,727,330
107.518,107.518,NoButton,Move,720,359
107.535,107.535,NoButton,Move,711,391
107.551,107.551,NoButton,Move,700,429
107.568,107.568,NoButton,Move,681,476
107.585,107.585,NoButton,Move,655,521
107.597,107.597,NoButton,Move,628,558
107.614,107.614,NoButton,Move,583,609
107.631,107.631,NoButton,Move,523,660
107.648,107.648,NoButton,Move,445,713
107.664,107.664,NoButton,Move,380,755
107.681,107.681,NoButton,Move,314,796
107.698,107.698,NoButton,Move,253,835
107.715,107.715,NoButton,Move,202,870
107.732,107.732,NoButton,Move,165,899
107.748,107.748,NoButton,Move,127,899
107.764,107.764,NoButton,Move,98,899
107.782,107.782,NoButton,Move,74,899
107.798,107.798,NoButton,Move,52,899
107.815,107.815,NoButton,Move,42,899
107.832,107.832,NoButton,Move,37,899
107.847,107.847,NoButton,Move,33,899
107.864,107.864,NoButton,Move,31,899
107.881,107.881,NoButton,Move,30,899
107.898,107.898,NoButton,Move,30,899
107.974,107.974,NoButton,Move,30,899
107.978,107.978,NoButton,Move,30,899
107.982,107.982,NoButton,Move,30,899
107.997,107.997,NoButton,Move,30,898
108.014,108.014,NoButton,Move,31,896
108.031,108.031,NoButton,Move,33,894
108.048,108.048,NoButton,Move,37,890
108.064,108.064,NoButton,Move,44,886
108.081,108.081,NoButton,Move,55,881
108.097,108.097,NoButton,Move,69,877
108.113,108.113,NoButton,Move,89,873
108.13,108.13,NoButton,Move,118,871
108.147,108.147,NoButton,Move,146,869
108.163,108.163,NoButton,Move,180,868
108.181,108.181,NoButton,Move,215,866
108.197,108.197,NoButton,Move,238,863
108.214,108.214,NoButton,Move,251,860
108.23,108.23,NoButton,Move,257,859
108.247,108.247,NoButton,Move,262,857
108.264,108.264,NoButton,Move,265,857
108.28,108.28,NoButton,Move,267,855
108.297,108.297,NoButton,Move,269,853
108.314,108.314,NoButton,Move,273,848
108.331,108.331,NoButton,Move,278,842
108.346,108.346,NoButton,Move,283,837
108.363,108.363,NoButton,Move,287,833
108.38,108.38,NoButton,Move,292,826
108.396,108.396,NoButton,Move,299,817
108.414,108.414,NoButton,Move,307,807
108.43,108.43,NoButton,Move,320,795
108.446,108.446,NoButton,Move,337,784
108.464,108.464,NoButton,Move,359,771
108.48,108.48,NoButton,Move,382,760
108.497,108.497,NoButton,Move,411,746
108.513,108.513,NoButton,Move,456,726
108.53,108.53,NoButton,Move,523,694
108.547,108.547,NoButton,Move,604,660
108.564,108.564,NoButton,Move,705,622
108.58,108.58,NoButton,Move,761,603
108.597,108.597,NoButton,Move,802,589
108.613,108.613,NoButton,Move,827,579
108.631,108.631,NoButton,Move,843,573
108.647,108.647,NoButton,Move,847,570
108.672,108.672,NoButton,Move,847,570
108.68,108.68,NoButton,Move,845,571
108.696,108.696,NoButton,Move,836,577
108.714,108.714,NoButton,Move,819,587
108.731,108.731,NoButton,Move,788,602
108.747,108.747,NoButton,Move,743,623
108.764,108.764,NoButton,Move,739,624
109.006,109.006,NoButton,Move,739,623
109.01,109.01,NoButton,Move,739,621
109.014,109.014,NoButton,Move,739,620
109.03,109.03,NoButton,Move,739,617
109.047,109.047,NoButton,Move,742,609
109.064,109.064,NoButton,Move,744,591
109.081,109.081,NoButton,Move,744,566
109.097,109.097,NoButton,Move,736,531
109.113,109.113,NoButton,Move,723,488
109.13,109.13,NoButton,Move,707,437
109.146,109.146,NoButton,Move,705,406
109.163,109.163,NoButton,Move,706,381
109.18,109.18,NoButton,Move,709,360
109.197,109.197,NoButton,Move,713,343
109.214,109.214,NoButton,Move,716,332
109.23,109.23,NoButton,Move,716,329
109.262,109.262,NoButton,Move,716,329
109.294,109.294,NoButton,Move,716,329
109.298,109.298,NoButton,Move,717,329
109.314,109.314,NoButton,Move,717,329
109.331,109.331,NoButton,Move,719,329
109.348,109.348,NoButton,Move,722,329
109.364,109.364,NoButton,Move,727,330
109.381,109.381,NoButton,Move,739,334
109.398,109.398,NoButton,Move,771,343
109.415,109.415,NoButton,Move,810,353
109.432,109.432,NoButton,Move,839,358
109.448,109.448,NoButton,Move,856,359
109.465,109.465,NoButton,Move,862,359
109.481,109.481,NoButton,Move,862,359
109.512,109.512,NoButton,Move,862,358
109.524,109.524,NoButton,Move,862,358
109.532,109.532,NoButton,Move,862,358
109.549,109.549,NoButton,Move,861,357
109.565,109.565,NoButton,Move,860,357
109.582,109.582,NoButton,Move,860,356
109.597,109.597,NoButton,Move,858,356
109.613,109.613,NoButton,Move,855,356
109.63,109.63,NoButton,Move,848,356
109.647,109.647,NoButton,Move,836,359
109.663,109.663,NoButton,Move,822,362
109.68,109.68,NoButton,Move,807,367
109.696,109.696,NoButton,Move,799,370
109.714,109.714,NoButton,Move,795,372
109.731,109.731,NoButton,Move,794,372
109.821,109.821,Left,Pressed,794,372
109.836,109.836,NoButton,Drag,794,372
109.884,109.884,NoButton,Drag,794,372
109.892,109.892,NoButton,Drag,794,372
109.896,109.896,NoButton,Drag,794,372
109.904,109.904,NoButton,Drag,794,372
109.908,109.908,NoButton,Drag,794,371
109.912,109.912,NoButton,Drag,794,371
109.92,109.92,Left,Released,794,371
109.921,109.921,NoButton,Move,794,371
109.988,109.988,NoButton,Move,794,371
109.992,109.992,NoButton,Move,793,371
109.998,109.998,NoButton,Move,793,371
110.015,110.015,NoButton,Move,791,372
110.032,110.032,NoButton,Move,785,376
110.048,110.048,NoButton,Move,778,381
110.066,110.066,NoButton,Move,768,388
110.083,110.083,NoButton,Move,758,395
110.101,110.101,NoButton,Move,742,404
110.117,110.117,NoButton,Move,730,412
110.134,110.134,NoButton,Move,720,418
110.151,110.151,NoButton,Move,715,420
110.167,110.167,NoButton,Move,713,422
110.184,110.184,NoButton,Move,709,423
110.201,110.201,NoButton,Move,704,425
110.217,110.217,NoButton,Move,698,427
110.234,110.234,NoButton,Move,689,432
110.251,110.251,NoButton,Move,683,435
110.268,110.268,NoButton,Move,676,438
110.285,110.285,NoButton,Move,666,442
110.301,110.301,NoButton,Move,656,447
110.318,110.318,NoButton,Move,645,454
110.334,110.334,NoButton,Move,640,459
110.353,110.353,NoButton,Move,637,464
110.37,110.37,NoButton,Move,635,467
110.386,110.386,NoButton,Move,634,470
110.404,110.404,NoButton,Move,633,473
110.42,110.42,NoButton,Move,633,476
110.437,110.437,NoButton,Move,632,479
110.453,110.453,NoButton,Move,631,481
110.47,110.47,NoButton,Move,631,483
110.487,110.487,NoButton,Move,631,484
110.518,110.518,NoButton,Move,631,484
110.522,110.522,NoButton,Move,630,484
110.537,110.537,NoButton,Move,630,485
110.554,110.554,NoButton,Move,630,486
110.57,110.57,NoButton,Move,630,487
110.646,110.646,NoButton,Move,630,487
110.654,110.654,NoButton,Move,630,487
110.658,110.658,NoButton,Move,630,488
110.672,110.672,NoButton,Move,629,489
110.69,110.69,NoButton,Move,628,491
110.706,110.706,NoButton,Move,628,493
110.723,110.723,NoButton,Move,628,494
110.739,110.739,NoButton,Move,628,494
110.757,110.757,NoButton,Move,628,495
110.805,110.805,Left,Pressed,628,495
110.876,110.876,Left,Released,628,495
110.888,110.888,NoButton,Move,627,495
110.9,110.9,NoButton,Move,627,495
110.908,110.908,NoButton,Move,627,495
110.924,110.924,NoButton,Move,626,496
110.941,110.941,NoButton,Move,625,499
110.957,110.957,NoButton,Move,624,501
110.974,110.974,NoButton,Move,623,504
110.991,110.991,NoButton,Move,623,507
111.008,111.008,NoButton,Move,622,510
111.024,111.024,NoButton,Move,622,511
111.042,111.042,NoButton,Move,622,512
111.058,111.058,NoButton,Move,622,514
111.076,111.076,NoButton,Move,622,516
111.091,111.091,NoButton,Move,623,517
111.109,111.109,NoButton,Move,624,518
111.126,111.126,NoButton,Move,624,518
111.148,111.148,NoButton,Move,624,519
111.159,111.159,NoButton,Move,624,519
111.176,111.176,NoButton,Move,624,521
111.192,111.192,NoButton,Move,625,523
111.21,111.21,NoButton,Move,626,525
111.226,111.226,NoButton,Move,628,527
111.243,111.243,NoButton,Move,628,528
111.26,111.26,NoButton,Move,628,528
111.276,111.276,NoButton,Move,628,529
111.293,111.293,NoButton,Move,629,529
111.309,111.309,NoButton,Move,629,530
111.322,111.322,NoButton,Move,629,531
111.326,111.326,Left,Pressed,629,531
111.327,111.327,NoButton,Drag,629,531
111.43,111.43,NoButton,Drag,630,531
111.434,111.434,Left,Released,630,531
111.438,111.438,NoButton,Move,630,531
111.446,111.446,NoButton,Move,630,531
111.461,111.461,NoButton,Move,630,532
111.479,111.479,NoButton,Move,631,532
111.496,111.496,NoButton,Move,632,532
111.512,111.512,NoButton,Move,633,533
111.529,111.529,NoButton,Move,635,534
111.546,111.546,NoButton,Move,636,537
111.562,111.562,NoButton,Move,640,541
111.578,111.578,NoButton,Move,643,546
111.596,111.596,NoButton,Move,648,552
111.613,111.613,NoButton,Move,655,559
111.629,111.629,NoButton,Move,664,566
111.646,111.646,NoButton,Move,675,575
111.662,111.662,NoButton,Move,683,580
111.679,111.679,NoButton,Move,689,584
111.696,111.696,NoButton,Move,696,588
111.713,111.713,NoButton,Move,702,591
111.73,111.73,NoButton,Move,710,592
111.746,111.746,NoButton,Move,717,593
111.763,111.763,NoButton,Move,723,594
111.78,111.78,NoButton,Move,730,594
111.797,111.797,NoButton,Move,737,593
111.813,111.813,NoButton,Move,742,593
111.83,111.83,NoButton,Move,748,591
111.847,111.847,NoButton,Move,753,591
111.866,111.866,NoButton,Move,758,590
111.883,111.883,NoButton,Move,760,589
111.899,111.899,NoButton,Move,761,588
111.916,111.916,NoButton,Move,762,587
111.972,111.972,NoButton,Move,762,587
111.98,111.98,NoButton,Move,763,587
111.992,111.992,NoButton,Move,763,587
112,112,NoButton,Move,763,588
112.017,112.017,NoButton,Move,764,588
112.033,112.033,NoButton,Move,765,589
112.05,112.05,NoButton,Move,765,590
112.067,112.067,NoButton,Move,766,591
112.083,112.083,NoButton,Move,766,591
112.092,112.092,NoButton,Move,766,592
112.101,112.101,Left,Pressed,766,592
112.16,112.16,Left,Released,766,592
112.212,112.212,NoButton,Move,766,591
112.224,112.224,NoButton,Move,766,591
112.235,112.235,NoButton,Move,765,591
112.252,112.252,NoButton,Move,762,592
112.268,112.268,NoButton,Move,753,594
112.285,112.285,NoButton,Move,739,600
112.303,112.303,NoButton,Move,718,610
112.319,112.319,NoButton,Move,692,626
112.335,112.335,NoButton,Move,668,639
112.348,112.348,NoButton,Move,646,653
112.364,112.364,NoButton,Move,625,664
112.381,112.381,NoButton,Move,606,674
112.398,112.398,NoButton,Move,589,683
112.414,112.414,NoButton,Move,581,686
112.432,112.432,NoButton,Move,576,687
112.449,112.449,NoButton,Move,574,688
112.465,112.465,NoButton,Move,573,688
112.481,112.481,NoButton,Move,572,688
112.499,112.499,NoButton,Move,569,687
112.515,112.515,NoButton,Move,562,685
112.531,112.531,NoButton,Move,548,682
112.548,112.548,NoButton,Move,522,676
112.565,112.565,NoButton,Move,489,672
112.582,112.582,NoButton,Move,450,669
112.597,112.597,NoButton,Move,433,669
112.614,112.614,NoButton,Move,414,669
112.63,112.63,NoButton,Move,408,669
112.648,112.648,NoButton,Move,408,670
112.664,112.664,NoButton,Move,407,671
112.681,112.681,NoButton,Move,407,673
112.697,112.697,NoButton,Move,407,675
112.714,112.714,NoButton,Move,408,678
112.731,112.731,NoButton,Move,409,680
112.748,112.748,NoButton,Move,411,682
112.764,112.764,NoButton,Move,413,685
112.781,112.781,NoButton,Move,415,686
112.798,112.798,NoButton,Move,416,688
112.814,112.814,NoButton,Move,418,691
112.831,112.831,NoButton,Move,419,694
112.847,112.847,NoButton,Move,421,697
112.864,112.864,NoButton,Move,422,700
112.881,112.881,NoButton,Move,423,704
112.897,112.897,NoButton,Move,423,709
112.914,112.914,NoButton,Move,424,717
112.931,112.931,NoButton,Move,425,724
112.947,112.947,NoButton,Move,425,728
112.964,112.964,NoButton,Move,425,731
112.98,112.98,NoButton,Move,425,733
112.998,112.998,NoButton,Move,425,734
113.015,113.015,NoButton,Move,425,734
113.031,113.031,NoButton,Move,425,734
113.048,113.048,NoButton,Move,425,735
113.064,113.064,NoButton,Move,425,736
113.081,113.081,NoButton,Move,426,737
113.097,113.097,NoButton,Move,427,738
113.113,113.113,NoButton,Move,428,740
113.13,113.13,NoButton,Move,429,740
113.148,113.148,NoButton,Move,429,741
113.164,113.164,NoButton,Move,429,741
113.181,113.181,NoButton,Move,429,741
113.197,113.197,NoButton,Move,429,741
113.245,113.245,NoButton,Move,429,742
113.248,113.248,NoButton,Move,429,742
113.264,113.264,NoButton,Move,429,743
113.281,113.281,NoButton,Move,429,744
113.298,113.298,NoButton,Move,429,745
113.315,113.315,NoButton,Move,429,747
113.331,113.331,NoButton,Move,428,749
113.347,113.347,NoButton,Move,427,752
113.363,113.363,NoButton,Move,427,754
113.38,113.38,NoButton,Move,426,757
113.398,113.398,NoButton,Move,426,758
113.414,113.414,NoButton,Move,426,759
113.496,113.496,NoButton,Move,426,758
113.509,113.509,Left,Pressed,426,758
113.509,113.509,NoButton,Drag,426,758
113.59,113.59,Left,Released,426,758
113.6,113.6,NoButton,Move,426,758
113.606,113.606,NoButton,Move,426,758
113.613,113.613,NoButton,Move,426,757
113.63,113.63,NoButton,Move,427,755
113.648,113.648,NoButton,Move,429,753
113.664,113.664,NoButton,Move,432,750
113.681,113.681,NoButton,Move,436,747
113.697,113.697,NoButton,Move,442,745
113.714,113.714,NoButton,Move,453,740
113.731,113.731,NoButton,Move,463,734
113.748,113.748,NoButton,Move,477,724
113.765,113.765,NoButton,Move,495,713
113.781,113.781,NoButton,Move,513,700
113.798,113.798,NoButton,Move,538,684
113.814,113.814,NoButton,Move,553,676
113.831,113.831,NoButton,Move,563,670
113.848,113.848,NoButton,Move,568,666
113.866,113.866,NoButton,Move,570,662
113.883,113.883,NoButton,Move,571,660
113.9,113.9,NoButton,Move,571,658
113.917,113.917,NoButton,Move,571,656
113.932,113.932,NoButton,Move,572,653
113.95,113.95,NoButton,Move,573,649
113.966,113.966,NoButton,Move,574,644
113.983,113.983,NoButton,Move,575,639
114,114,NoButton,Move,577,634
114.017,114.017,NoButton,Move,578,630
114.033,114.033,NoButton,Move,579,627
114.05,114.05,NoButton,Move,580,624
114.066,114.066,NoButton,Move,580,622
114.083,114.083,NoButton,Move,580,621
114.102,114.102,NoButton,Move,580,620
114.119,114.119,NoButton,Move,580,620
114.148,114.148,Scroll,Down,580,620
114.164,114.164,NoButton,Move,580,620
114.176,114.176,NoButton,Move,580,619
114.177,114.177,Scroll,Down,580,619
114.192,114.192,NoButton,Move,580,619
114.204,114.204,NoButton,Move,580,619
114.208,114.208,Scroll,Down,580,619
114.22,114.22,NoButton,Move,580,619
114.236,114.236,NoButton,Move,580,619
114.252,114.252,NoButton,Move,580,618
114.264,114.264,Scroll,Down,581,617
114.269,114.269,NoButton,Move,581,617
114.285,114.285,NoButton,Move,581,615
114.302,114.302,NoButton,Move,581,614
114.318,114.318,NoButton,Move,581,613
114.335,114.335,NoButton,Move,581,611
114.351,114.351,NoButton,Move,581,610
114.368,114.368,NoButton,Move,581,608
114.385,114.385,NoButton,Move,581,607
114.401,114.401,NoButton,Move,581,606
114.528,114.528,NoButton,Move,581,606
114.532,114.532,NoButton,Move,581,606
114.536,114.536,NoButton,Move,582,605
114.552,114.552,NoButton,Move,582,605
114.57,114.57,NoButton,Move,582,604
114.586,114.586,NoButton,Move,582,604
114.603,114.603,NoButton,Move,582,603
114.619,114.619,NoButton,Move,583,602
114.635,114.635,NoButton,Move,583,601
114.652,114.652,NoButton,Move,583,600
114.67,114.67,NoButton,Move,583,600
114.686,114.686,NoButton,Move,583,599
114.703,114.703,NoButton,Move,583,598
114.794,114.794,Scroll,Up,583,598
114.826,114.826,Scroll,Up,583,598
114.858,114.858,Scroll,Up,583,598
114.894,114.894,Scroll,Up,583,598
114.946,114.946,Scroll,Up,583,598
115.027,115.027,NoButton,Move,583,598
115.042,115.042,NoButton,Move,583,598
115.07,115.07,NoButton,Move,583,598
115.396,115.396,NoButton,Move,583,597
115.404,115.404,NoButton,Move,583,597
115.419,115.419,NoButton,Move,584,596
115.436,115.436,NoButton,Move,585,593
115.453,115.453,NoButton,Move,590,587
115.47,115.47,NoButton,Move,600,577
115.486,115.486,NoButton,Move,616,563
115.503,115.503,NoButton,Move,641,544
115.52,115.52,NoButton,Move,675,520
115.537,115.537,NoButton,Move,709,501
115.553,115.553,NoButton,Move,746,479
115.57,115.57,NoButton,Move,782,456
115.587,115.587,NoButton,Move,816,433
115.601,115.601,NoButton,Move,845,413
115.618,115.618,NoButton,Move,868,396
115.636,115.636,NoButton,Move,883,384
115.651,115.651,NoButton,Move,891,376
115.668,115.668,NoButton,Move,901,365
115.685,115.685,NoButton,Move,909,357
115.701,115.701,NoButton,Move,916,348
115.718,115.718,NoButton,Move,923,342
115.735,115.735,NoButton,Move,927,336
115.752,115.752,NoButton,Move,931,330
115.768,115.768,NoButton,Move,935,325
115.786,115.786,NoButton,Move,937,322
115.802,115.802,NoButton,Move,939,319
115.819,115.819,NoButton,Move,940,315
115.835,115.835,NoButton,Move,942,311
115.853,115.853,NoButton,Move,942,307
115.869,115.869,NoButton,Move,943,303
115.885,115.885,NoButton,Move,944,297
115.902,115.902,NoButton,Move,946,289
115.919,115.919,NoButton,Move,947,282
115.935,115.935,NoButton,Move,948,275
115.953,115.953,NoButton,Move,950,268
115.969,115.969,NoButton,Move,952,262
115.986,115.986,NoButton,Move,954,255
116.002,116.002,NoButton,Move,955,250
116.019,116.019,NoButton,Move,956,247
116.036,116.036,NoButton,Move,957,245
116.053,116.053,NoButton,Move,957,242
116.069,116.069,NoButton,Move,958,241
116.087,116.087,NoButton,Move,958,240
116.103,116.103,NoButton,Move,958,240
116.12,116.12,NoButton,Move,958,240
116.146,116.146,NoButton,Move,958,240
116.153,116.153,NoButton,Move,958,239
116.17,116.17,NoButton,Move,958,238
116.187,116.187,NoButton,Move,958,238
116.204,116.204,NoButton,Move,958,237
116.22,116.22,NoButton,Move,958,236
116.237,116.237,NoButton,Move,958,235
116.254,116.254,NoButton,Move,958,233
116.27,116.27,NoButton,Move,958,231
116.287,116.287,NoButton,Move,959,231
116.303,116.303,NoButton,Move,959,229
116.32,116.32,NoButton,Move,959,228
116.337,116.337,NoButton,Move,959,227
116.354,116.354,NoButton,Move,959,227
116.501,116.501,Left,Pressed,959,227
116.532,116.532,Left,Released,959,227
