record timestamp,client timestamp,button,state,x,y
0.148,0.148,NoButton,Drag,359,711
0.467,0.467,NoButton,Drag,359,736
0.471,0.471,NoButton,Drag,359,736
0.48,0.48,NoButton,Drag,360,736
0.493,0.493,NoButton,Drag,363,736
0.51,0.51,NoButton,Drag,374,732
0.526,0.526,NoButton,Drag,392,724
0.544,0.544,NoButton,Drag,424,713
0.56,0.56,NoButton,Drag,460,701
0.577,0.577,NoButton,Drag,496,690
0.595,0.595,NoButton,Drag,544,672
0.612,0.612,NoButton,Drag,582,656
0.628,0.628,NoButton,Drag,625,639
0.644,0.644,NoButton,Drag,675,621
0.661,0.661,NoButton,Drag,737,597
0.678,0.678,NoButton,Drag,786,580
0.695,0.695,NoButton,Drag,832,563
0.711,0.711,NoButton,Drag,874,545
0.728,0.728,NoButton,Drag,918,527
0.744,0.744,NoButton,Drag,959,513
0.761,0.761,NoButton,Drag,1011,495
0.778,0.778,NoButton,Drag,1049,484
0.795,0.795,NoButton,Drag,1081,475
0.811,0.811,NoButton,Drag,1106,469
0.828,0.828,NoButton,Drag,1126,465
0.845,0.845,NoButton,Drag,1138,464
0.861,0.861,NoButton,Drag,1144,466
0.878,0.878,NoButton,Drag,1144,474
0.896,0.896,NoButton,Drag,1134,488
0.912,0.912,NoButton,Drag,1131,491
1.148,1.148,NoButton,Drag,1130,491
1.151,1.151,NoButton,Drag,1128,490
1.162,1.162,NoButton,Drag,1126,489
1.179,1.179,NoButton,Drag,1122,489
1.195,1.195,NoButton,Drag,1117,480
1.211,1.211,NoButton,Drag,1117,470
1.228,1.228,NoButton,Drag,1119,462
1.245,1.245,NoButton,Drag,1117,454
1.262,1.262,NoButton,Drag,1112,450
1.279,1.279,NoButton,Drag,1108,450
1.296,1.296,NoButton,Drag,1106,450
1.311,1.311,NoButton,Drag,1106,451
1.328,1.328,NoButton,Drag,1104,451
1.345,1.345,NoButton,Drag,1100,452
1.362,1.362,NoButton,Drag,1094,452
1.38,1.38,NoButton,Drag,1067,446
1.396,1.396,NoButton,Drag,1028,429
1.414,1.414,NoButton,Drag,995,403
1.43,1.43,NoButton,Drag,958,379
1.447,1.447,NoButton,Drag,912,357
1.463,1.463,NoButton,Drag,861,337
1.48,1.48,NoButton,Drag,782,304
1.496,1.496,NoButton,Drag,711,270
1.513,1.513,NoButton,Drag,638,232
1.529,1.529,NoButton,Drag,556,188
2.252,2.252,NoButton,Drag,554,188
2.253,2.253,NoButton,Drag,557,189
2.268,2.268,NoButton,Drag,595,214
2.284,2.284,NoButton,Drag,645,244
2.302,2.302,NoButton,Drag,700,278
2.317,2.317,NoButton,Drag,742,309
2.338,2.338,NoButton,Drag,783,362
2.353,2.353,NoButton,Drag,821,425
2.371,2.371,NoButton,Drag,861,502
2.387,2.387,NoButton,Drag,900,580
2.404,2.404,NoButton,Drag,952,676
2.421,2.421,NoButton,Drag,995,744
2.437,2.437,NoButton,Drag,1046,804
2.454,2.454,NoButton,Drag,1106,863
2.471,2.471,NoButton,Drag,1177,899
2.487,2.487,NoButton,Drag,1255,899
2.503,2.503,NoButton,Drag,1330,899
2.521,2.521,NoButton,Drag,1363,899
2.537,2.537,NoButton,Drag,1377,899
2.553,2.553,NoButton,Drag,1382,899
2.571,2.571,NoButton,Drag,1383,899
2.589,2.589,NoButton,Drag,1383,899
2.606,2.606,NoButton,Drag,1383,899
2.623,2.623,NoButton,Drag,1381,894
2.64,2.64,NoButton,Drag,1375,877
2.656,2.656,NoButton,Drag,1371,861
2.673,2.673,NoButton,Drag,1369,847
2.69,2.69,NoButton,Drag,1369,822
2.706,2.706,NoButton,Drag,1376,800
2.723,2.723,NoButton,Drag,1388,775
2.74,2.74,NoButton,Drag,1407,739
2.756,2.756,NoButton,Drag,1433,691
2.773,2.773,NoButton,Drag,1439,641
2.789,2.789,NoButton,Drag,1439,578
2.806,2.806,NoButton,Drag,1439,536
2.823,2.823,NoButton,Drag,1439,504
2.839,2.839,NoButton,Drag,1439,479
2.856,2.856,NoButton,Drag,1439,461
2.872,2.872,NoButton,Drag,1439,448
2.889,2.889,NoButton,Drag,1439,440
2.906,2.906,NoButton,Drag,1439,438
2.923,2.923,NoButton,Drag,1439,437
2.939,2.939,NoButton,Drag,1436,435
2.956,2.956,NoButton,Drag,1427,430
2.973,2.973,NoButton,Drag,1409,417
2.989,2.989,NoButton,Drag,1376,394
3.006,3.006,NoButton,Drag,1350,373
3.023,3.023,NoButton,Drag,1326,349
3.04,3.04,NoButton,Drag,1308,324
3.056,3.056,NoButton,Drag,1296,304
3.073,3.073,NoButton,Drag,1288,280
3.089,3.089,NoButton,Drag,1285,265
3.105,3.105,NoButton,Drag,1285,253
3.122,3.122,NoButton,Drag,1285,244
3.139,3.139,NoButton,Drag,1285,238
3.156,3.156,NoButton,Drag,1285,233
3.172,3.172,NoButton,Drag,1285,231
3.189,3.189,NoButton,Drag,1285,231
3.205,3.205,NoButton,Drag,1285,230
3.222,3.222,NoButton,Drag,1286,229
3.239,3.239,NoButton,Drag,1290,227
3.255,3.255,NoButton,Drag,1296,223
3.272,3.272,NoButton,Drag,1302,219
3.289,3.289,NoButton,Drag,1307,215
3.305,3.305,NoButton,Drag,1309,214
3.436,3.436,NoButton,Drag,1309,214
3.439,3.439,NoButton,Drag,1309,214
3.559,3.559,NoButton,Drag,1309,214
3.575,3.575,NoButton,Drag,1309,213
3.588,3.588,NoButton,Drag,1310,213
3.605,3.605,NoButton,Drag,1310,211
3.622,3.622,NoButton,Drag,1311,209
3.639,3.639,NoButton,Drag,1312,206
3.655,3.655,NoButton,Drag,1312,203
3.672,3.672,NoButton,Drag,1313,200
3.689,3.689,NoButton,Drag,1314,196
3.705,3.705,NoButton,Drag,1317,186
3.722,3.722,NoButton,Drag,1320,174
3.739,3.739,NoButton,Drag,1324,163
3.755,3.755,NoButton,Drag,1327,156
3.772,3.772,NoButton,Drag,1327,155
3.778,3.778,Left,Pressed,1327,155
3.842,3.842,Left,Released,1327,155
3.865,3.865,NoButton,Drag,1328,155
3.873,3.873,NoButton,Drag,1328,155
3.889,3.889,NoButton,Drag,1328,155
3.905,3.905,NoButton,Drag,1329,156
3.922,3.922,NoButton,Drag,1330,157
3.939,3.939,NoButton,Drag,1330,158
3.956,3.956,NoButton,Drag,1331,160
3.973,3.973,NoButton,Drag,1332,162
3.989,3.989,NoButton,Drag,1334,167
4.005,4.005,NoButton,Drag,1337,174
4.023,4.023,NoButton,Drag,1339,181
4.039,4.039,NoButton,Drag,1342,190
4.056,4.056,NoButton,Drag,1343,199
4.072,4.072,NoButton,Drag,1345,206
4.093,4.093,NoButton,Drag,1347,210
4.109,4.109,NoButton,Drag,1347,211
4.126,4.126,NoButton,Drag,1347,211
4.142,4.142,NoButton,Drag,1347,211
4.189,4.189,NoButton,Drag,1347,211
4.193,4.193,NoButton,Drag,1347,210
4.209,4.209,NoButton,Drag,1346,208
4.226,4.226,NoButton,Drag,1345,202
4.243,4.243,NoButton,Drag,1344,198
4.259,4.259,NoButton,Drag,1344,195
4.275,4.275,NoButton,Drag,1344,193
4.293,4.293,NoButton,Drag,1344,192
4.33,4.33,Left,Pressed,1344,192
4.396,4.396,Left,Released,1344,192
4.427,4.427,NoButton,Drag,1344,192
4.463,4.463,NoButton,Drag,1344,192
4.467,4.467,NoButton,Drag,1344,192
4.481,4.481,NoButton,Drag,1342,192
4.498,4.498,NoButton,Drag,1339,195
4.514,4.514,NoButton,Drag,1334,200
4.531,4.531,NoButton,Drag,1327,206
4.548,4.548,NoButton,Drag,1315,217
4.564,4.564,NoButton,Drag,1304,225
4.581,4.581,NoButton,Drag,1291,234
4.595,4.595,NoButton,Drag,1276,243
4.612,4.612,NoButton,Drag,1257,252
4.628,4.628,NoButton,Drag,1227,261
4.646,4.646,NoButton,Drag,1185,274
4.662,4.662,NoButton,Drag,1141,283
4.679,4.679,NoButton,Drag,1090,293
4.695,4.695,NoButton,Drag,1020,304
4.713,4.713,NoButton,Drag,970,314
4.729,4.729,NoButton,Drag,933,322
4.746,4.746,NoButton,Drag,913,327
4.763,4.763,NoButton,Drag,903,330
4.779,4.779,NoButton,Drag,900,330
4.796,4.796,NoButton,Drag,899,330
4.819,4.819,NoButton,Drag,899,330
4.829,4.829,NoButton,Drag,899,330
4.845,4.845,NoButton,Drag,900,327
4.863,4.863,NoButton,Drag,901,322
4.881,4.881,NoButton,Drag,902,316
4.897,4.897,NoButton,Drag,904,311
4.913,4.913,NoButton,Drag,906,305
4.931,4.931,NoButton,Drag,908,302
4.947,4.947,NoButton,Drag,910,299
4.963,4.963,NoButton,Drag,910,297
4.98,4.98,NoButton,Drag,910,296
4.997,4.997,NoButton,Drag,910,295
5.013,5.013,NoButton,Drag,910,294
5.03,5.03,NoButton,Drag,908,293
5.047,5.047,NoButton,Drag,904,293
5.064,5.064,NoButton,Drag,900,292
5.081,5.081,NoButton,Drag,897,291
5.096,5.096,NoButton,Drag,896,291
5.19,5.19,Left,Pressed,896,291
5.266,5.266,Left,Released,896,291
5.269,5.269,NoButton,Drag,896,290
5.282,5.282,NoButton,Drag,896,290
5.298,5.298,NoButton,Drag,896,290
5.316,5.316,NoButton,Drag,895,290
5.331,5.331,NoButton,Drag,895,290
5.349,5.349,NoButton,Drag,894,290
5.365,5.365,NoButton,Drag,892,292
5.382,5.382,NoButton,Drag,888,295
5.399,5.399,NoButton,Drag,885,299
5.415,5.415,NoButton,Drag,883,302
5.433,5.433,NoButton,Drag,880,305
5.449,5.449,NoButton,Drag,877,307
5.465,5.465,NoButton,Drag,872,311
5.483,5.483,NoButton,Drag,867,315
5.499,5.499,NoButton,Drag,858,321
5.516,5.516,NoButton,Drag,843,328
5.532,5.532,NoButton,Drag,816,337
5.549,5.549,NoButton,Drag,784,346
5.566,5.566,NoButton,Drag,742,358
5.582,5.582,NoButton,Drag,693,374
5.602,5.602,NoButton,Drag,633,394
5.619,5.619,NoButton,Drag,584,408
5.636,5.636,NoButton,Drag,557,415
5.653,5.653,NoButton,Drag,534,422
5.669,5.669,NoButton,Drag,519,425
5.686,5.686,NoButton,Drag,510,428
5.703,5.703,NoButton,Drag,504,430
5.719,5.719,NoButton,Drag,501,432
5.736,5.736,NoButton,Drag,500,434
5.753,5.753,NoButton,Drag,499,436
5.77,5.77,NoButton,Drag,498,439
5.786,5.786,NoButton,Drag,498,443
5.803,5.803,NoButton,Drag,497,446
5.819,5.819,NoButton,Drag,496,453
5.836,5.836,NoButton,Drag,496,459
5.853,5.853,NoButton,Drag,494,466
5.871,5.871,NoButton,Drag,492,476
5.888,5.888,NoButton,Drag,490,483
5.905,5.905,NoButton,Drag,487,488
5.922,5.922,NoButton,Drag,485,492
5.938,5.938,NoButton,Drag,481,496
5.955,5.955,NoButton,Drag,478,500
5.971,5.971,NoButton,Drag,473,505
5.988,5.988,NoButton,Drag,470,507
6.005,6.005,NoButton,Drag,470,508
6.126,6.126,Left,Pressed,470,508
6.178,6.178,Left,Released,470,508
6.241,6.241,NoButton,Drag,469,508
6.245,6.245,NoButton,Drag,469,508
6.256,6.256,NoButton,Drag,469,508
6.273,6.273,NoButton,Drag,469,508
6.29,6.29,NoButton,Drag,469,507
6.307,6.307,NoButton,Drag,469,507
6.323,6.323,NoButton,Drag,469,506
6.341,6.341,NoButton,Drag,469,505
6.358,6.358,NoButton,Drag,470,504
6.375,6.375,NoButton,Drag,470,504
6.397,6.397,NoButton,Drag,471,504
6.425,6.425,NoButton,Drag,470,503
6.437,6.437,NoButton,Drag,470,503
6.441,6.441,NoButton,Drag,470,503
6.458,6.458,NoButton,Drag,469,502
6.475,6.475,NoButton,Drag,466,499
6.491,6.491,NoButton,Drag,456,496
6.508,6.508,NoButton,Drag,438,491
6.525,6.525,NoButton,Drag,414,484
6.541,6.541,NoButton,Drag,390,479
6.558,6.558,NoButton,Drag,366,474
6.575,6.575,NoButton,Drag,352,471
6.593,6.593,NoButton,Drag,343,469
6.609,6.609,NoButton,Drag,335,469
6.627,6.627,NoButton,Drag,330,468
6.643,6.643,NoButton,Drag,327,468
6.659,6.659,NoButton,Drag,321,468
6.677,6.677,NoButton,Drag,313,467
6.693,6.693,NoButton,Drag,304,465
6.711,6.711,NoButton,Drag,295,463
6.727,6.727,NoButton,Drag,285,460
6.743,6.743,NoButton,Drag,279,457
6.76,6.76,NoButton,Drag,276,456
6.777,6.777,NoButton,Drag,274,454
6.793,6.793,NoButton,Drag,273,452
6.81,6.81,NoButton,Drag,271,451
6.826,6.826,NoButton,Drag,269,449
6.843,6.843,NoButton,Drag,268,447
6.862,6.862,NoButton,Drag,267,446
6.878,6.878,NoButton,Drag,266,445
6.894,6.894,NoButton,Drag,265,444
6.911,6.911,NoButton,Drag,265,444
6.927,6.927,NoButton,Drag,265,444
6.945,6.945,NoButton,Drag,265,444
6.979,6.979,NoButton,Drag,264,444
6.991,6.991,NoButton,Drag,264,444
6.995,6.995,NoButton,Drag,264,444
7.011,7.011,NoButton,Drag,264,443
7.027,7.027,NoButton,Drag,264,442
7.071,7.071,NoButton,Drag,263,441
7.087,7.087,NoButton,Drag,263,441
7.096,7.096,NoButton,Drag,263,441
7.112,7.112,NoButton,Drag,263,442
7.129,7.129,NoButton,Drag,265,444
7.146,7.146,NoButton,Drag,268,446
7.162,7.162,NoButton,Drag,270,451
7.179,7.179,NoButton,Drag,269,462
7.196,7.196,NoButton,Drag,264,480
7.212,7.212,NoButton,Drag,254,502
7.229,7.229,NoButton,Drag,219,538
7.245,7.245,NoButton,Drag,160,578
7.263,7.263,NoButton,Drag,117,597
7.278,7.278,NoButton,Drag,58,619
7.295,7.295,NoButton,Drag,32,623
7.313,7.313,NoButton,Drag,8,628
7.329,7.329,NoButton,Drag,0,636
7.346,7.346,NoButton,Drag,0,645
7.362,7.362,NoButton,Drag,0,650
7.379,7.379,NoButton,Drag,0,650
7.396,7.396,NoButton,Drag,1,651
7.413,7.413,NoButton,Drag,13,651
7.429,7.429,NoButton,Drag,56,647
7.446,7.446,NoButton,Drag,102,644
7.463,7.463,NoButton,Drag,143,643
7.479,7.479,NoButton,Drag,176,643
7.497,7.497,NoButton,Drag,199,643
7.513,7.513,NoButton,Drag,214,643
7.53,7.53,NoButton,Drag,225,645
7.546,7.546,NoButton,Drag,234,646
7.563,7.563,NoButton,Drag,245,649
7.58,7.58,NoButton,Drag,261,652
7.594,7.594,NoButton,Drag,281,653
7.611,7.611,NoButton,Drag,308,653
7.627,7.627,NoButton,Drag,335,653
7.644,7.644,NoButton,Drag,358,653
7.66,7.66,NoButton,Drag,375,654
7.677,7.677,NoButton,Drag,387,656
7.694,7.694,NoButton,Drag,396,659
7.711,7.711,NoButton,Drag,404,661
7.727,7.727,NoButton,Drag,407,662
7.744,7.744,NoButton,Drag,408,664
7.827,7.827,NoButton,Drag,408,663
7.831,7.831,NoButton,Drag,408,663
7.843,7.843,NoButton,Drag,409,661
7.86,7.86,NoButton,Drag,411,644
7.876,7.876,NoButton,Drag,411,629
7.893,7.893,NoButton,Drag,412,613
7.91,7.91,NoButton,Drag,413,598
7.927,7.927,NoButton,Drag,413,583
7.943,7.943,NoButton,Drag,413,570
7.96,7.96,NoButton,Drag,411,559
7.976,7.976,NoButton,Drag,409,553
7.993,7.993,NoButton,Drag,407,550
8.01,8.01,NoButton,Drag,405,547
8.027,8.027,NoButton,Drag,400,543
8.043,8.043,NoButton,Drag,392,537
8.06,8.06,NoButton,Drag,379,529
8.077,8.077,NoButton,Drag,367,521
8.093,8.093,NoButton,Drag,352,511
8.11,8.11,NoButton,Drag,335,499
8.126,8.126,NoButton,Drag,318,486
8.143,8.143,NoButton,Drag,301,473
8.16,8.16,NoButton,Drag,284,455
8.175,8.175,NoButton,Drag,275,442
8.192,8.192,NoButton,Drag,268,431
8.209,8.209,NoButton,Drag,262,422
8.226,8.226,NoButton,Drag,257,416
8.243,8.243,NoButton,Drag,255,413
8.259,8.259,NoButton,Drag,254,411
8.308,8.308,NoButton,Drag,254,411
8.426,8.426,NoButton,Drag,254,411
8.43,8.43,NoButton,Drag,254,411
8.444,8.444,NoButton,Drag,253,411
8.46,8.46,NoButton,Drag,249,411
8.477,8.477,NoButton,Drag,245,411
8.493,8.493,NoButton,Drag,239,411
8.511,8.511,NoButton,Drag,236,412
8.527,8.527,NoButton,Drag,234,412
8.544,8.544,NoButton,Drag,233,412
8.561,8.561,NoButton,Drag,233,412
8.654,8.654,NoButton,Drag,232,412
8.69,8.69,NoButton,Drag,232,413
8.697,8.697,NoButton,Drag,232,413
8.711,8.711,NoButton,Drag,232,413
8.728,8.728,NoButton,Drag,231,414
8.744,8.744,NoButton,Drag,230,415
8.761,8.761,NoButton,Drag,230,416
8.777,8.777,NoButton,Drag,229,418
8.794,8.794,NoButton,Drag,228,421
8.811,8.811,NoButton,Drag,229,426
8.827,8.827,NoButton,Drag,233,431
8.845,8.845,NoButton,Drag,243,442
8.861,8.861,NoButton,Drag,266,461
8.878,8.878,NoButton,Drag,298,480
8.895,8.895,NoButton,Drag,343,504
8.912,8.912,NoButton,Drag,409,534
8.928,8.928,NoButton,Drag,487,573
8.945,8.945,NoButton,Drag,568,613
8.962,8.962,NoButton,Drag,669,665
8.979,8.979,NoButton,Drag,751,712
8.995,8.995,NoButton,Drag,828,765
9.012,9.012,NoButton,Drag,901,839
9.028,9.028,NoButton,Drag,934,870
9.228,9.228,NoButton,Drag,936,873
9.248,9.248,NoButton,Drag,939,873
9.262,9.262,NoButton,Drag,1015,854
9.279,9.279,NoButton,Drag,1128,815
9.296,9.296,NoButton,Drag,1169,779
9.313,9.313,NoButton,Drag,1178,754
9.329,9.329,NoButton,Drag,1182,725
9.344,9.344,NoButton,Drag,1169,695
9.361,9.361,NoButton,Drag,1140,664
9.378,9.378,NoButton,Drag,1103,630
9.394,9.394,NoButton,Drag,1069,599
9.41,9.41,NoButton,Drag,1038,570
9.427,9.427,NoButton,Drag,1002,537
9.444,9.444,NoButton,Drag,974,515
9.461,9.461,NoButton,Drag,947,497
9.478,9.478,NoButton,Drag,921,479
9.494,9.494,NoButton,Drag,896,462
9.51,9.51,NoButton,Drag,875,448
9.527,9.527,NoButton,Drag,846,435
9.545,9.545,NoButton,Drag,819,427
9.56,9.56,NoButton,Drag,782,418
9.577,9.577,NoButton,Drag,729,408
9.594,9.594,NoButton,Drag,688,400
9.611,9.611,NoButton,Drag,645,392
9.628,9.628,NoButton,Drag,593,385
9.645,9.645,NoButton,Drag,537,380
9.661,9.661,NoButton,Drag,483,376
9.678,9.678,NoButton,Drag,417,370
9.696,9.696,NoButton,Drag,368,368
9.712,9.712,NoButton,Drag,324,367
9.728,9.728,NoButton,Drag,286,364
9.745,9.745,NoButton,Drag,260,363
9.761,9.761,NoButton,Drag,241,362
9.777,9.777,NoButton,Drag,234,362
9.794,9.794,NoButton,Drag,231,362
9.811,9.811,NoButton,Drag,231,362
9.828,9.828,NoButton,Drag,231,362
9.844,9.844,NoButton,Drag,231,363
9.862,9.862,NoButton,Drag,231,363
9.88,9.88,NoButton,Drag,230,364
9.897,9.897,NoButton,Drag,229,365
9.913,9.913,NoButton,Drag,229,366
9.93,9.93,NoButton,Drag,226,370
9.947,9.947,NoButton,Drag,223,375
9.963,9.963,NoButton,Drag,219,381
9.98,9.98,NoButton,Drag,216,385
9.996,9.996,NoButton,Drag,212,389
10.013,10.013,NoButton,Drag,208,394
10.03,10.03,NoButton,Drag,206,396
10.047,10.047,NoButton,Drag,205,397
10.376,10.376,Left,Pressed,205,397
10.456,10.456,Left,Released,205,397
10.496,10.496,NoButton,Drag,204,396
10.503,10.503,NoButton,Drag,204,396
10.515,10.515,NoButton,Drag,204,396
10.519,10.519,NoButton,Drag,204,396
10.533,10.533,NoButton,Drag,203,395
10.549,10.549,NoButton,Drag,203,395
10.566,10.566,NoButton,Drag,203,395
10.583,10.583,NoButton,Drag,203,394
10.602,10.602,NoButton,Drag,203,394
10.618,10.618,NoButton,Drag,203,394
10.635,10.635,NoButton,Drag,203,394
10.651,10.651,NoButton,Drag,203,393
10.668,10.668,NoButton,Drag,203,392
10.685,10.685,NoButton,Drag,203,391
10.701,10.701,NoButton,Drag,204,390
10.718,10.718,NoButton,Drag,205,389
10.734,10.734,NoButton,Drag,207,387
10.751,10.751,NoButton,Drag,212,386
10.768,10.768,NoButton,Drag,219,384
10.785,10.785,NoButton,Drag,227,384
10.801,10.801,NoButton,Drag,237,384
10.818,10.818,NoButton,Drag,253,384
10.835,10.835,NoButton,Drag,272,387
10.854,10.854,NoButton,Drag,298,393
10.871,10.871,NoButton,Drag,316,397
10.888,10.888,NoButton,Drag,334,403
10.904,10.904,NoButton,Drag,357,410
10.921,10.921,NoButton,Drag,383,416
10.937,10.937,NoButton,Drag,414,423
10.954,10.954,NoButton,Drag,437,425
10.97,10.97,NoButton,Drag,458,426
10.988,10.988,NoButton,Drag,479,426
11.005,11.005,NoButton,Drag,499,426
11.02,11.02,NoButton,Drag,513,425
11.038,11.038,NoButton,Drag,523,423
11.054,11.054,NoButton,Drag,527,423
11.071,11.071,NoButton,Drag,529,423
11.088,11.088,NoButton,Drag,532,423
11.104,11.104,NoButton,Drag,537,424
11.122,11.122,NoButton,Drag,548,426
11.138,11.138,NoButton,Drag,559,427
11.156,11.156,NoButton,Drag,574,429
11.173,11.173,NoButton,Drag,591,429
11.189,11.189,NoButton,Drag,611,429
11.205,11.205,NoButton,Drag,621,429
11.222,11.222,NoButton,Drag,623,429
11.255,11.255,NoButton,Drag,623,429
11.299,11.299,NoButton,Drag,623,429
11.303,11.303,NoButton,Drag,624,429
11.307,11.307,NoButton,Drag,624,429
11.322,11.322,NoButton,Drag,625,429
11.34,11.34,NoButton,Drag,627,429
11.357,11.357,NoButton,Drag,629,429
11.373,11.373,NoButton,Drag,629,429
11.391,11.391,NoButton,Drag,631,428
11.407,11.407,NoButton,Drag,632,428
11.423,11.423,NoButton,Drag,635,426
11.44,11.44,NoButton,Drag,638,424
11.457,11.457,NoButton,Drag,641,423
11.473,11.473,NoButton,Drag,643,421
11.49,11.49,NoButton,Drag,645,421
11.506,11.506,NoButton,Drag,645,421
11.58,11.58,Left,Pressed,645,421
11.599,11.599,NoButton,Drag,645,421
11.66,11.66,Left,Released,645,421
11.687,11.687,NoButton,Drag,645,420
11.703,11.703,NoButton,Drag,645,420
11.711,11.711,NoButton,Drag,645,420
11.726,11.726,NoButton,Drag,645,420
11.742,11.742,NoButton,Drag,645,419
11.76,11.76,NoButton,Drag,645,419
11.775,11.775,NoButton,Drag,645,418
11.793,11.793,NoButton,Drag,644,418
11.809,11.809,NoButton,Drag,643,417
11.826,11.826,NoButton,Drag,643,417
11.873,11.873,NoButton,Drag,643,416
11.877,11.877,NoButton,Drag,643,416
11.881,11.881,NoButton,Drag,643,416
11.894,11.894,NoButton,Drag,643,415
11.911,11.911,NoButton,Drag,642,413
11.927,11.927,NoButton,Drag,641,412
11.944,11.944,NoButton,Drag,637,410
11.961,11.961,NoButton,Drag,624,407
11.978,11.978,NoButton,Drag,604,407
11.995,11.995,NoButton,Drag,576,413
12.012,12.012,NoButton,Drag,541,422
12.028,12.028,NoButton,Drag,501,439
12.045,12.045,NoButton,Drag,451,465
12.061,12.061,NoButton,Drag,397,495
12.078,12.078,NoButton,Drag,336,530
12.095,12.095,NoButton,Drag,303,550
12.114,12.114,NoButton,Drag,272,571
12.131,12.131,NoButton,Drag,255,583
12.147,12.147,NoButton,Drag,240,593
12.164,12.164,NoButton,Drag,228,601
12.18,12.18,NoButton,Drag,218,610
12.197,12.197,NoButton,Drag,204,619
12.214,12.214,NoButton,Drag,183,633
12.23,12.23,NoButton,Drag,166,643
12.248,12.248,NoButton,Drag,144,653
12.264,12.264,NoButton,Drag,120,664
12.281,12.281,NoButton,Drag,94,676
12.298,12.298,NoButton,Drag,62,690
12.314,12.314,NoButton,Drag,40,700
12.33,12.33,NoButton,Drag,23,708
12.347,12.347,NoButton,Drag,11,715
12.365,12.365,NoButton,Drag,0,721
12.382,12.382,NoButton,Drag,0,726
12.398,12.398,NoButton,Drag,0,729
12.415,12.415,NoButton,Drag,0,732
12.432,12.432,NoButton,Drag,0,733
12.449,12.449,NoButton,Drag,0,734
12.465,12.465,NoButton,Drag,0,734
12.482,12.482,NoButton,Drag,0,734
12.499,12.499,NoButton,Drag,0,734
12.515,12.515,NoButton,Drag,0,735
12.532,12.532,NoButton,Drag,0,737
12.548,12.548,NoButton,Drag,0,738
12.565,12.565,NoButton,Drag,1,741
12.582,12.582,NoButton,Drag,2,742
12.599,12.599,NoButton,Drag,2,743
12.616,12.616,NoButton,Drag,3,743
12.632,12.632,NoButton,Drag,4,743
12.649,12.649,NoButton,Drag,6,743
12.666,12.666,NoButton,Drag,8,742
12.683,12.683,NoButton,Drag,12,741
12.699,12.699,NoButton,Drag,19,740
12.716,12.716,NoButton,Drag,26,740
12.733,12.733,NoButton,Drag,34,740
12.749,12.749,NoButton,Drag,44,741
12.766,12.766,NoButton,Drag,53,743
12.783,12.783,NoButton,Drag,60,744
12.799,12.799,NoButton,Drag,62,746
12.816,12.816,NoButton,Drag,63,747
12.832,12.832,NoButton,Drag,64,748
12.85,12.85,NoButton,Drag,64,752
12.867,12.867,NoButton,Drag,64,756
12.883,12.883,NoButton,Drag,64,762
12.899,12.899,NoButton,Drag,64,767
12.917,12.917,NoButton,Drag,64,773
12.933,12.933,NoButton,Drag,64,777
12.949,12.949,NoButton,Drag,64,781
12.966,12.966,NoButton,Drag,64,784
12.983,12.983,NoButton,Drag,64,788
12.999,12.999,NoButton,Drag,64,791
13.017,13.017,NoButton,Drag,66,794
13.033,13.033,NoButton,Drag,68,797
13.05,13.05,NoButton,Drag,70,799
13.066,13.066,NoButton,Drag,70,800
13.084,13.084,NoButton,Drag,70,800
13.101,13.101,NoButton,Drag,70,801
13.319,13.319,Left,Pressed,70,801
13.349,13.349,NoButton,Drag,71,801
13.448,13.448,Left,Released,71,801
13.488,13.488,NoButton,Drag,71,801
13.495,13.495,NoButton,Drag,71,800
13.501,13.501,NoButton,Drag,71,800
13.517,13.517,NoButton,Drag,72,798
13.534,13.534,NoButton,Drag,73,796
13.551,13.551,NoButton,Drag,75,795
13.568,13.568,NoButton,Drag,76,793
13.584,13.584,NoButton,Drag,78,792
13.603,13.603,NoButton,Drag,82,789
13.618,13.618,NoButton,Drag,87,787
13.635,13.635,NoButton,Drag,95,783
13.652,13.652,NoButton,Drag,104,778
13.669,13.669,NoButton,Drag,119,774
13.685,13.685,NoButton,Drag,138,770
13.702,13.702,NoButton,Drag,167,770
13.719,13.719,NoButton,Drag,210,770
13.735,13.735,NoButton,Drag,293,771
13.752,13.752,NoButton,Drag,367,773
13.769,13.769,NoButton,Drag,440,775
13.786,13.786,NoButton,Drag,501,782
13.802,13.802,NoButton,Drag,546,787
13.819,13.819,NoButton,Drag,574,791
13.835,13.835,NoButton,Drag,591,793
13.853,13.853,NoButton,Drag,593,794
13.899,13.899,NoButton,Drag,594,794
13.957,13.957,NoButton,Drag,594,794
13.967,13.967,NoButton,Drag,594,793
13.971,13.971,NoButton,Drag,594,793
13.988,13.988,NoButton,Drag,595,792
14.005,14.005,NoButton,Drag,596,791
14.021,14.021,NoButton,Drag,597,788
14.038,14.038,NoButton,Drag,599,784
14.055,14.055,NoButton,Drag,603,779
14.071,14.071,NoButton,Drag,608,773
14.088,14.088,NoButton,Drag,617,766
14.105,14.105,NoButton,Drag,630,757
14.123,14.123,NoButton,Drag,640,751
14.139,14.139,NoButton,Drag,650,745
14.155,14.155,NoButton,Drag,658,741
14.173,14.173,NoButton,Drag,664,739
14.19,14.19,NoButton,Drag,667,738
14.209,14.209,NoButton,Drag,668,738
14.246,14.246,NoButton,Drag,668,738
14.249,14.249,NoButton,Drag,668,738
14.255,14.255,NoButton,Drag,668,738
14.273,14.273,NoButton,Drag,670,738
14.29,14.29,NoButton,Drag,674,738
14.306,14.306,NoButton,Drag,677,738
14.323,14.323,NoButton,Drag,682,737
14.339,14.339,NoButton,Drag,688,736
14.357,14.357,NoButton,Drag,694,735
14.373,14.373,NoButton,Drag,700,734
14.39,14.39,NoButton,Drag,708,732
14.407,14.407,NoButton,Drag,714,729
14.423,14.423,NoButton,Drag,718,727
14.439,14.439,NoButton,Drag,722,723
14.456,14.456,NoButton,Drag,726,721
14.473,14.473,NoButton,Drag,729,719
14.489,14.489,NoButton,Drag,732,718
14.507,14.507,NoButton,Drag,734,717
14.523,14.523,NoButton,Drag,734,717
14.539,14.539,NoButton,Drag,734,717
14.557,14.557,NoButton,Drag,735,717
14.573,14.573,NoButton,Drag,735,717
14.589,14.589,NoButton,Drag,735,717
14.608,14.608,NoButton,Drag,735,717
14.76,14.76,NoButton,Drag,736,717
14.763,14.763,NoButton,Drag,736,717
14.772,14.772,NoButton,Drag,736,717
14.775,14.775,Left,Pressed,736,717
14.776,14.776,NoButton,Drag,737,718
14.787,14.787,NoButton,Drag,737,718
14.872,14.872,Left,Released,737,718
14.899,14.899,NoButton,Drag,737,719
14.903,14.903,NoButton,Drag,737,718
14.912,14.912,NoButton,Drag,736,718
14.929,14.929,NoButton,Drag,734,717
14.946,14.946,NoButton,Drag,731,717
14.962,14.962,NoButton,Drag,728,717
14.979,14.979,NoButton,Drag,724,718
14.995,14.995,NoButton,Drag,718,719
15.012,15.012,NoButton,Drag,712,720
15.029,15.029,NoButton,Drag,705,720
15.046,15.046,NoButton,Drag,699,722
15.063,15.063,NoButton,Drag,696,722
15.079,15.079,NoButton,Drag,696,722
15.099,15.099,NoButton,Drag,695,722
15.112,15.112,NoButton,Drag,695,722
15.131,15.131,NoButton,Drag,696,720
15.147,15.147,NoButton,Drag,703,710
15.164,15.164,NoButton,Drag,716,697
15.181,15.181,NoButton,Drag,738,676
15.197,15.197,NoButton,Drag,761,648
15.214,15.214,NoButton,Drag,787,618
15.231,15.231,NoButton,Drag,813,586
15.247,15.247,NoButton,Drag,838,553
15.264,15.264,NoButton,Drag,860,522
15.281,15.281,NoButton,Drag,880,493
15.297,15.297,NoButton,Drag,902,461
15.314,15.314,NoButton,Drag,915,440
15.331,15.331,NoButton,Drag,930,420
15.347,15.347,NoButton,Drag,943,402
15.364,15.364,NoButton,Drag,960,385
15.382,15.382,NoButton,Drag,981,365
15.398,15.398,NoButton,Drag,1000,351
15.416,15.416,NoButton,Drag,1021,339
15.432,15.432,NoButton,Drag,1038,331
15.449,15.449,NoButton,Drag,1049,326
15.465,15.465,NoButton,Drag,1060,324
15.482,15.482,NoButton,Drag,1065,322
15.499,15.499,NoButton,Drag,1071,321
15.515,15.515,NoButton,Drag,1078,319
15.533,15.533,NoButton,Drag,1086,316
15.548,15.548,NoButton,Drag,1101,312
15.565,15.565,NoButton,Drag,1138,299
15.582,15.582,NoButton,Drag,1180,284
15.6,15.6,NoButton,Drag,1227,265
15.615,15.615,NoButton,Drag,1270,244
15.634,15.634,NoButton,Drag,1328,217
15.651,15.651,NoButton,Drag,1366,198
15.667,15.667,NoButton,Drag,1395,182
15.684,15.684,NoButton,Drag,1412,171
15.701,15.701,NoButton,Drag,1418,165
15.718,15.718,NoButton,Drag,1413,167
15.734,15.734,NoButton,Drag,1394,178
15.751,15.751,NoButton,Drag,1359,193
15.767,15.767,NoButton,Drag,1356,194
16.032,16.032,NoButton,Drag,1353,194
16.035,16.035,NoButton,Drag,1351,193
16.052,16.052,NoButton,Drag,1350,191
16.068,16.068,NoButton,Drag,1349,190
16.086,16.086,NoButton,Drag,1350,187
16.102,16.102,NoButton,Drag,1356,179
16.119,16.119,NoButton,Drag,1369,170
16.135,16.135,NoButton,Drag,1375,164
16.152,16.152,NoButton,Drag,1375,163
16.244,16.244,NoButton,Drag,1375,163
16.247,16.247,NoButton,Drag,1375,163
16.252,16.252,NoButton,Drag,1375,162
16.269,16.269,NoButton,Drag,1375,161
16.286,16.286,NoButton,Drag,1374,159
16.303,16.303,NoButton,Drag,1373,158
16.319,16.319,NoButton,Drag,1373,157
16.336,16.336,NoButton,Drag,1372,157
16.352,16.352,NoButton,Drag,1371,156
16.37,16.37,NoButton,Drag,1370,156
16.388,16.388,NoButton,Drag,1370,156
16.404,16.404,NoButton,Drag,1370,156
16.42,16.42,NoButton,Drag,1369,157
16.437,16.437,NoButton,Drag,1367,158
16.454,16.454,NoButton,Drag,1363,159
16.47,16.47,NoButton,Drag,1359,161
16.488,16.488,NoButton,Drag,1357,162
16.504,16.504,NoButton,Drag,1355,163
16.52,16.52,NoButton,Drag,1353,164
16.537,16.537,NoButton,Drag,1352,165
16.558,16.558,NoButton,Drag,1351,165
16.61,16.61,NoButton,Drag,1351,166
16.63,16.63,Left,Pressed,1351,166
16.646,16.646,NoButton,Drag,1351,166
16.71,16.71,Left,Released,1351,166
16.741,16.741,NoButton,Drag,1351,166
16.765,16.765,NoButton,Drag,1351,166
16.785,16.785,NoButton,Drag,1351,166
16.793,16.793,NoButton,Drag,1350,165
16.801,16.801,NoButton,Drag,1350,165
16.817,16.817,NoButton,Drag,1348,165
16.834,16.834,NoButton,Drag,1344,166
16.852,16.852,NoButton,Drag,1339,168
16.868,16.868,NoButton,Drag,1332,170
16.884,16.884,NoButton,Drag,1316,174
16.901,16.901,NoButton,Drag,1299,179
16.917,16.917,NoButton,Drag,1283,183
16.934,16.934,NoButton,Drag,1262,188
16.951,16.951,NoButton,Drag,1234,193
16.967,16.967,NoButton,Drag,1193,196
16.984,16.984,NoButton,Drag,1162,199
17.001,17.001,NoButton,Drag,1135,200
17.017,17.017,NoButton,Drag,1112,201
17.034,17.034,NoButton,Drag,1092,203
17.051,17.051,NoButton,Drag,1074,205
17.068,17.068,NoButton,Drag,1052,209
17.084,17.084,NoButton,Drag,1036,212
17.101,17.101,NoButton,Drag,1026,214
17.117,17.117,NoButton,Drag,1023,214
17.147,17.147,NoButton,Drag,1023,214
17.153,17.153,NoButton,Drag,1022,214
17.169,17.169,NoButton,Drag,1021,214
17.186,17.186,NoButton,Drag,1019,215
17.202,17.202,NoButton,Drag,1016,215
17.219,17.219,NoButton,Drag,1012,215
17.235,17.235,NoButton,Drag,1006,216
17.252,17.252,NoButton,Drag,999,217
17.27,17.27,NoButton,Drag,990,218
17.286,17.286,NoButton,Drag,982,220
17.302,17.302,NoButton,Drag,978,221
17.32,17.32,NoButton,Drag,978,221
17.336,17.336,NoButton,Drag,978,221
17.352,17.352,NoButton,Drag,980,222
17.37,17.37,NoButton,Drag,987,223
17.387,17.387,NoButton,Drag,1002,227
17.404,17.404,NoButton,Drag,1004,228
17.638,17.638,NoButton,Drag,1012,227
17.642,17.642,NoButton,Drag,1025,223
17.655,17.655,NoButton,Drag,1074,205
17.671,17.671,NoButton,Drag,1102,198
17.688,17.688,NoButton,Drag,1103,196
17.704,17.704,NoButton,Drag,1103,196
17.721,17.721,NoButton,Drag,1100,195
17.738,17.738,NoButton,Drag,1085,194
17.755,17.755,NoButton,Drag,1051,194
17.772,17.772,NoButton,Drag,1018,195
17.788,17.788,NoButton,Drag,999,196
17.804,17.804,NoButton,Drag,990,197
17.821,17.821,NoButton,Drag,982,199
17.838,17.838,NoButton,Drag,978,200
17.855,17.855,NoButton,Drag,974,200
17.872,17.872,NoButton,Drag,970,200
17.889,17.889,NoButton,Drag,967,200
17.905,17.905,NoButton,Drag,964,200
17.922,17.922,NoButton,Drag,957,202
17.939,17.939,NoButton,Drag,947,206
17.956,17.956,NoButton,Drag,931,209
17.972,17.972,NoButton,Drag,915,213
17.99,17.99,NoButton,Drag,897,216
18.005,18.005,NoButton,Drag,884,218
18.022,18.022,NoButton,Drag,874,219
18.039,18.039,NoButton,Drag,865,221
18.055,18.055,NoButton,Drag,863,222
18.072,18.072,NoButton,Drag,863,222
18.119,18.119,NoButton,Drag,862,222
18.131,18.131,NoButton,Drag,862,222
18.14,18.14,NoButton,Drag,862,222
18.187,18.187,NoButton,Drag,862,222
18.2,18.2,NoButton,Drag,861,222
18.207,18.207,NoButton,Drag,861,222
18.224,18.224,NoButton,Drag,861,221
18.24,18.24,NoButton,Drag,860,219
18.258,18.258,NoButton,Drag,860,217
18.275,18.275,NoButton,Drag,858,214
18.291,18.291,NoButton,Drag,856,209
18.307,18.307,NoButton,Drag,855,207
18.325,18.325,NoButton,Drag,854,206
18.341,18.341,NoButton,Drag,854,205
18.358,18.358,NoButton,Drag,854,204
18.375,18.375,NoButton,Drag,854,204
18.42,18.42,Left,Pressed,854,204
18.512,18.512,Left,Released,854,204
18.579,18.579,NoButton,Drag,854,204
18.595,18.595,NoButton,Drag,854,204
18.607,18.607,NoButton,Drag,853,204
18.617,18.617,NoButton,Drag,853,204
18.626,18.626,NoButton,Drag,853,204
18.642,18.642,NoButton,Drag,850,206
18.66,18.66,NoButton,Drag,845,210
18.676,18.676,NoButton,Drag,838,215
18.693,18.693,NoButton,Drag,830,222
18.709,18.709,NoButton,Drag,818,232
18.726,18.726,NoButton,Drag,794,252
18.743,18.743,NoButton,Drag,769,271
18.76,18.76,NoButton,Drag,738,294
18.777,18.777,NoButton,Drag,699,320
18.793,18.793,NoButton,Drag,646,353
18.81,18.81,NoButton,Drag,612,374
18.826,18.826,NoButton,Drag,583,394
18.843,18.843,NoButton,Drag,556,413
18.86,18.86,NoButton,Drag,531,431
18.877,18.877,NoButton,Drag,513,448
18.893,18.893,NoButton,Drag,496,465
18.91,18.91,NoButton,Drag,489,474
18.927,18.927,NoButton,Drag,484,480
18.943,18.943,NoButton,Drag,481,484
18.96,18.96,NoButton,Drag,479,486
18.977,18.977,NoButton,Drag,477,488
18.993,18.993,NoButton,Drag,476,490
19.01,19.01,NoButton,Drag,475,491
19.027,19.027,NoButton,Drag,474,493
19.043,19.043,NoButton,Drag,472,495
19.061,19.061,NoButton,Drag,471,497
19.077,19.077,NoButton,Drag,471,498
19.094,19.094,NoButton,Drag,470,502
19.111,19.111,NoButton,Drag,470,506
19.128,19.128,NoButton,Drag,471,509
19.145,19.145,NoButton,Drag,473,511
19.161,19.161,NoButton,Drag,476,512
19.178,19.178,NoButton,Drag,477,512
19.252,19.252,NoButton,Drag,477,512
19.256,19.256,Left,Pressed,477,512
19.259,19.259,NoButton,Drag,477,512
19.267,19.267,NoButton,Drag,478,512
19.279,19.279,NoButton,Drag,478,512
19.287,19.287,NoButton,Drag,478,512
19.307,19.307,NoButton,Drag,478,512
19.315,19.315,NoButton,Drag,479,512
19.335,19.335,NoButton,Drag,479,512
19.376,19.376,Left,Released,479,512
19.391,19.391,NoButton,Drag,479,512
19.395,19.395,NoButton,Drag,479,512
19.403,19.403,NoButton,Drag,479,512
19.412,19.412,NoButton,Drag,479,512
19.428,19.428,NoButton,Drag,480,511
19.446,19.446,NoButton,Drag,482,510
19.462,19.462,NoButton,Drag,486,508
19.478,19.478,NoButton,Drag,493,506
19.495,19.495,NoButton,Drag,501,504
19.512,19.512,NoButton,Drag,506,503
19.529,19.529,NoButton,Drag,511,503
19.546,19.546,NoButton,Drag,516,502
19.563,19.563,NoButton,Drag,521,502
19.579,19.579,NoButton,Drag,524,501
19.595,19.595,NoButton,Drag,531,501
19.609,19.609,NoButton,Drag,540,501
19.626,19.626,NoButton,Drag,558,506
19.643,19.643,NoButton,Drag,584,511
19.659,19.659,NoButton,Drag,621,522
19.676,19.676,NoButton,Drag,677,539
19.692,19.692,NoButton,Drag,729,557
19.709,19.709,NoButton,Drag,787,579
19.726,19.726,NoButton,Drag,850,604
19.743,19.743,NoButton,Drag,910,631
19.759,19.759,NoButton,Drag,955,651
19.775,19.775,NoButton,Drag,991,668
19.793,19.793,NoButton,Drag,1011,679
19.809,19.809,NoButton,Drag,1028,687
19.826,19.826,NoButton,Drag,1042,693
19.843,19.843,NoButton,Drag,1051,696
19.857,19.857,NoButton,Drag,1057,697
19.875,19.875,NoButton,Drag,1060,698
19.892,19.892,NoButton,Drag,1064,698
19.908,19.908,NoButton,Drag,1070,698
19.924,19.924,NoButton,Drag,1080,697
19.941,19.941,NoButton,Drag,1088,696
19.958,19.958,NoButton,Drag,1094,694
19.975,19.975,NoButton,Drag,1095,694
19.991,19.991,NoButton,Drag,1095,693
20.007,20.007,NoButton,Drag,1096,692
20.025,20.025,NoButton,Drag,1096,691
20.041,20.041,NoButton,Drag,1097,689
20.057,20.057,NoButton,Drag,1097,687
20.075,20.075,NoButton,Drag,1097,687
20.091,20.091,NoButton,Drag,1098,686
20.133,20.133,NoButton,Drag,1098,686
20.138,20.138,Left,Pressed,1098,686
20.169,20.169,NoButton,Drag,1098,686
20.225,20.225,Left,Released,1098,686
20.277,20.277,NoButton,Drag,1098,686
20.285,20.285,NoButton,Drag,1097,685
20.291,20.291,NoButton,Drag,1097,685
20.308,20.308,NoButton,Drag,1096,684
20.324,20.324,NoButton,Drag,1094,684
20.341,20.341,NoButton,Drag,1092,684
20.358,20.358,NoButton,Drag,1091,683
20.373,20.373,NoButton,Drag,1089,682
20.39,20.39,NoButton,Drag,1086,681
20.407,20.407,NoButton,Drag,1080,680
20.424,20.424,NoButton,Drag,1072,680
20.441,20.441,NoButton,Drag,1059,680
20.457,20.457,NoButton,Drag,1040,680
20.475,20.475,NoButton,Drag,1013,682
20.49,20.49,NoButton,Drag,978,682
20.507,20.507,NoButton,Drag,926,681
20.524,20.524,NoButton,Drag,876,674
20.541,20.541,NoButton,Drag,814,661
20.557,20.557,NoButton,Drag,741,645
20.575,20.575,NoButton,Drag,661,628
20.591,20.591,NoButton,Drag,579,613
20.607,20.607,NoButton,Drag,502,605
20.626,20.626,NoButton,Drag,425,600
20.642,20.642,NoButton,Drag,376,600
20.658,20.658,NoButton,Drag,336,600
20.675,20.675,NoButton,Drag,300,602
20.692,20.692,NoButton,Drag,283,606
20.709,20.709,NoButton,Drag,268,609
20.725,20.725,NoButton,Drag,255,612
20.743,20.743,NoButton,Drag,243,616
20.759,20.759,NoButton,Drag,235,617
20.775,20.775,NoButton,Drag,228,619
20.792,20.792,NoButton,Drag,225,619
20.809,20.809,NoButton,Drag,222,619
20.826,20.826,NoButton,Drag,219,619
20.842,20.842,NoButton,Drag,217,619
20.859,20.859,NoButton,Drag,217,619
20.876,20.876,NoButton,Drag,216,619
20.892,20.892,NoButton,Drag,216,618
20.909,20.909,NoButton,Drag,215,617
20.927,20.927,NoButton,Drag,212,614
20.943,20.943,NoButton,Drag,209,610
20.959,20.959,NoButton,Drag,203,603
20.977,20.977,NoButton,Drag,193,594
20.993,20.993,NoButton,Drag,179,583
21.009,21.009,NoButton,Drag,158,572
21.027,21.027,NoButton,Drag,143,565
21.042,21.042,NoButton,Drag,130,561
21.059,21.059,NoButton,Drag,123,559
21.076,21.076,NoButton,Drag,122,559
21.206,21.206,Left,Pressed,122,559
21.221,21.221,NoButton,Drag,122,559
21.29,21.29,Left,Released,122,559
21.306,21.306,NoButton,Drag,122,558
21.314,21.314,NoButton,Drag,122,558
21.317,21.317,NoButton,Drag,122,558
21.329,21.329,NoButton,Drag,122,558
21.343,21.343,NoButton,Drag,122,557
21.36,21.36,NoButton,Drag,122,556
21.377,21.377,NoButton,Drag,122,555
21.393,21.393,NoButton,Drag,122,554
21.41,21.41,NoButton,Drag,122,552
21.426,21.426,NoButton,Drag,122,551
21.443,21.443,NoButton,Drag,123,548
21.46,21.46,NoButton,Drag,124,545
21.477,21.477,NoButton,Drag,126,541
21.493,21.493,NoButton,Drag,128,539
21.51,21.51,NoButton,Drag,130,536
21.526,21.526,NoButton,Drag,134,534
21.543,21.543,NoButton,Drag,144,531
21.56,21.56,NoButton,Drag,179,530
21.577,21.577,NoButton,Drag,237,530
21.594,21.594,NoButton,Drag,326,529
21.61,21.61,NoButton,Drag,438,528
21.627,21.627,NoButton,Drag,603,520
21.643,21.643,NoButton,Drag,716,512
21.66,21.66,NoButton,Drag,909,490
21.676,21.676,NoButton,Drag,1059,471
21.693,21.693,NoButton,Drag,1186,449
21.71,21.71,NoButton,Drag,1293,429
21.727,21.727,NoButton,Drag,1373,413
21.743,21.743,NoButton,Drag,1439,398
21.76,21.76,NoButton,Drag,1439,385
21.777,21.777,NoButton,Drag,1439,379
21.794,21.794,NoButton,Drag,1439,375
21.81,21.81,NoButton,Drag,1439,374
21.827,21.827,NoButton,Drag,1439,373
21.844,21.844,NoButton,Drag,1439,373
21.86,21.86,NoButton,Drag,1439,373
21.877,21.877,NoButton,Drag,1439,374
21.894,21.894,NoButton,Drag,1439,373
21.91,21.91,NoButton,Drag,1439,373
21.927,21.927,NoButton,Drag,1439,373
21.943,21.943,NoButton,Drag,1439,372
21.961,21.961,NoButton,Drag,1439,372
21.977,21.977,NoButton,Drag,1438,370
21.993,21.993,NoButton,Drag,1433,367
22.011,22.011,NoButton,Drag,1424,361
22.027,22.027,NoButton,Drag,1414,354
22.043,22.043,NoButton,Drag,1398,344
22.06,22.06,NoButton,Drag,1386,337
22.077,22.077,NoButton,Drag,1370,331
22.093,22.093,NoButton,Drag,1357,327
22.11,22.11,NoButton,Drag,1348,324
22.128,22.128,NoButton,Drag,1341,323
22.143,22.143,NoButton,Drag,1336,322
22.161,22.161,NoButton,Drag,1331,322
22.177,22.177,NoButton,Drag,1328,322
22.193,22.193,NoButton,Drag,1326,322
22.233,22.233,NoButton,Drag,1326,321
22.253,22.253,NoButton,Drag,1326,321
22.261,22.261,NoButton,Drag,1326,321
22.277,22.277,NoButton,Drag,1326,320
22.294,22.294,NoButton,Drag,1326,318
22.311,22.311,NoButton,Drag,1328,316
22.327,22.327,NoButton,Drag,1330,313
22.345,22.345,NoButton,Drag,1332,310
22.361,22.361,NoButton,Drag,1334,306
22.377,22.377,NoButton,Drag,1335,304
22.394,22.394,NoButton,Drag,1335,301
22.411,22.411,NoButton,Drag,1335,300
22.427,22.427,NoButton,Drag,1335,300
22.444,22.444,NoButton,Drag,1335,300
22.46,22.46,NoButton,Drag,1335,299
22.51,22.51,Left,Pressed,1335,299
22.586,22.586,NoButton,Drag,1335,299
22.591,22.591,Left,Released,1335,299
22.597,22.597,NoButton,Drag,1335,299
22.61,22.61,NoButton,Drag,1335,299
22.627,22.627,NoButton,Drag,1335,298
22.644,22.644,NoButton,Drag,1334,298
22.661,22.661,NoButton,Drag,1332,297
22.677,22.677,NoButton,Drag,1330,297
22.693,22.693,NoButton,Drag,1326,298
22.711,22.711,NoButton,Drag,1320,299
22.727,22.727,NoButton,Drag,1313,302
22.744,22.744,NoButton,Drag,1296,307
22.761,22.761,NoButton,Drag,1279,312
22.778,22.778,NoButton,Drag,1257,318
22.794,22.794,NoButton,Drag,1233,324
22.811,22.811,NoButton,Drag,1202,332
22.827,22.827,NoButton,Drag,1157,339
22.844,22.844,NoButton,Drag,1114,341
22.861,22.861,NoButton,Drag,1064,342
22.874,22.874,NoButton,Drag,1027,342
22.89,22.89,NoButton,Drag,977,339
22.908,22.908,NoButton,Drag,911,329
22.924,22.924,NoButton,Drag,852,315
22.941,22.941,NoButton,Drag,791,297
22.958,22.958,NoButton,Drag,736,279
22.974,22.974,NoButton,Drag,684,262
22.991,22.991,NoButton,Drag,639,246
23.008,23.008,NoButton,Drag,601,230
23.025,23.025,NoButton,Drag,585,220
23.041,23.041,NoButton,Drag,576,212
23.058,23.058,NoButton,Drag,570,205
23.074,23.074,NoButton,Drag,566,199
23.091,23.091,NoButton,Drag,562,192
23.108,23.108,NoButton,Drag,559,187
23.123,23.123,NoButton,Drag,558,185
23.141,23.141,NoButton,Drag,557,182
23.158,23.158,NoButton,Drag,555,179
23.173,23.173,NoButton,Drag,555,176
23.191,23.191,NoButton,Drag,555,174
23.207,23.207,NoButton,Drag,554,172
23.224,23.224,NoButton,Drag,553,170
23.241,23.241,NoButton,Drag,550,168
23.257,23.257,NoButton,Drag,547,165
23.274,23.274,NoButton,Drag,542,162
23.291,23.291,NoButton,Drag,536,158
23.308,23.308,NoButton,Drag,527,151
23.324,23.324,NoButton,Drag,517,145
23.341,23.341,NoButton,Drag,507,138
23.357,23.357,NoButton,Drag,497,131
23.373,23.373,NoButton,Drag,491,127
23.39,23.39,NoButton,Drag,490,126
23.407,23.407,NoButton,Drag,489,125
23.424,23.424,NoButton,Drag,489,124
23.506,23.506,Left,Pressed,489,124
23.602,23.602,Left,Released,489,124
23.618,23.618,NoButton,Drag,489,124
23.641,23.641,NoButton,Drag,489,123
23.71,23.71,NoButton,Drag,489,124
23.713,23.713,NoButton,Drag,489,124
23.724,23.724,NoButton,Drag,489,125
23.741,23.741,NoButton,Drag,490,128
23.757,23.757,NoButton,Drag,491,131
23.774,23.774,NoButton,Drag,491,135
23.79,23.79,NoButton,Drag,491,140
23.807,23.807,NoButton,Drag,491,145
23.824,23.824,NoButton,Drag,491,154
23.84,23.84,NoButton,Drag,490,163
23.858,23.858,NoButton,Drag,484,176
23.875,23.875,NoButton,Drag,471,192
23.891,23.891,NoButton,Drag,457,203
23.908,23.908,NoButton,Drag,444,210
23.925,23.925,NoButton,Drag,426,213
23.942,23.942,NoButton,Drag,404,216
23.958,23.958,NoButton,Drag,380,217
23.975,23.975,NoButton,Drag,354,217
23.991,23.991,NoButton,Drag,323,217
24.008,24.008,NoButton,Drag,300,217
24.025,24.025,NoButton,Drag,279,217
24.041,24.041,NoButton,Drag,258,217
24.059,24.059,NoButton,Drag,238,217
24.075,24.075,NoButton,Drag,220,217
24.092,24.092,NoButton,Drag,211,217
24.108,24.108,NoButton,Drag,206,217
24.126,24.126,NoButton,Drag,204,218
24.143,24.143,NoButton,Drag,201,219
24.159,24.159,NoButton,Drag,198,221
24.175,24.175,NoButton,Drag,194,225
24.192,24.192,NoButton,Drag,189,228
24.209,24.209,NoButton,Drag,183,232
24.225,24.225,NoButton,Drag,175,236
24.243,24.243,NoButton,Drag,167,239
24.259,24.259,NoButton,Drag,159,241
24.276,24.276,NoButton,Drag,152,243
24.293,24.293,NoButton,Drag,151,243
24.378,24.378,Left,Pressed,151,243
24.474,24.474,Left,Released,151,243
24.475,24.475,NoButton,Drag,151,243
24.501,24.501,NoButton,Drag,151,243
24.505,24.505,NoButton,Drag,151,243
24.514,24.514,NoButton,Drag,151,242
24.53,24.53,NoButton,Drag,150,242
24.546,24.546,NoButton,Drag,150,241
24.593,24.593,NoButton,Drag,150,241
24.613,24.613,NoButton,Drag,150,241
24.621,24.621,NoButton,Drag,150,241
24.631,24.631,NoButton,Drag,151,241
24.649,24.649,NoButton,Drag,151,241
24.681,24.681,NoButton,Drag,151,241
24.685,24.685,NoButton,Drag,151,241
24.699,24.699,NoButton,Drag,149,245
24.715,24.715,NoButton,Drag,143,254
24.731,24.731,NoButton,Drag,134,267
24.748,24.748,NoButton,Drag,124,282
24.765,24.765,NoButton,Drag,106,309
24.781,24.781,NoButton,Drag,90,333
24.798,24.798,NoButton,Drag,75,359
24.815,24.815,NoButton,Drag,62,385
24.832,24.832,NoButton,Drag,53,409
24.848,24.848,NoButton,Drag,45,433
24.863,24.863,NoButton,Drag,39,454
24.879,24.879,NoButton,Drag,32,474
24.897,24.897,NoButton,Drag,24,493
24.914,24.914,NoButton,Drag,18,511
24.93,24.93,NoButton,Drag,14,528
24.947,24.947,NoButton,Drag,13,545
24.963,24.963,NoButton,Drag,16,560
24.98,24.98,NoButton,Drag,18,568
24.996,24.996,NoButton,Drag,21,574
25.013,25.013,NoButton,Drag,24,580
25.031,25.031,NoButton,Drag,30,586
25.047,25.047,NoButton,Drag,36,590
25.063,25.063,NoButton,Drag,43,592
25.08,25.08,NoButton,Drag,48,592
25.097,25.097,NoButton,Drag,53,593
25.114,25.114,NoButton,Drag,58,593
25.13,25.13,NoButton,Drag,62,594
25.147,25.147,NoButton,Drag,64,595
25.163,25.163,NoButton,Drag,68,598
25.18,25.18,NoButton,Drag,73,604
25.197,25.197,NoButton,Drag,76,610
25.214,25.214,NoButton,Drag,78,618
25.23,25.23,NoButton,Drag,78,626
25.247,25.247,NoButton,Drag,79,637
25.263,25.263,NoButton,Drag,82,646
25.28,25.28,NoButton,Drag,83,655
25.297,25.297,NoButton,Drag,85,662
25.314,25.314,NoButton,Drag,85,667
25.331,25.331,NoButton,Drag,85,670
25.347,25.347,NoButton,Drag,85,673
25.364,25.364,NoButton,Drag,87,675
25.383,25.383,NoButton,Drag,89,676
25.399,25.399,NoButton,Drag,90,676
25.417,25.417,NoButton,Drag,90,676
25.424,25.424,Left,Pressed,90,676
25.455,25.455,NoButton,Drag,90,676
25.471,25.471,NoButton,Drag,91,676
25.479,25.479,NoButton,Drag,91,676
25.499,25.499,NoButton,Drag,91,676
25.501,25.501,NoButton,Drag,91,676
25.505,25.505,NoButton,Drag,92,676
25.509,25.509,NoButton,Drag,92,676
25.513,25.513,Left,Released,92,676
25.514,25.514,NoButton,Drag,92,676
25.518,25.518,NoButton,Drag,92,675
25.535,25.535,NoButton,Drag,94,673
25.551,25.551,NoButton,Drag,96,670
25.568,25.568,NoButton,Drag,97,668
25.584,25.584,NoButton,Drag,99,666
25.601,25.601,NoButton,Drag,103,663
25.618,25.618,NoButton,Drag,107,662
25.636,25.636,NoButton,Drag,115,662
25.652,25.652,NoButton,Drag,125,662
25.669,25.669,NoButton,Drag,138,660
25.685,25.685,NoButton,Drag,146,660
25.702,25.702,NoButton,Drag,150,660
25.718,25.718,NoButton,Drag,153,662
25.735,25.735,NoButton,Drag,159,666
25.752,25.752,NoButton,Drag,169,670
25.769,25.769,NoButton,Drag,183,675
25.785,25.785,NoButton,Drag,210,683
25.802,25.802,NoButton,Drag,236,692
25.818,25.818,NoButton,Drag,274,706
25.835,25.835,NoButton,Drag,319,722
25.853,25.853,NoButton,Drag,367,739
25.873,25.873,NoButton,Drag,427,763
25.89,25.89,NoButton,Drag,476,785
25.905,25.905,NoButton,Drag,504,799
25.923,25.923,NoButton,Drag,522,809
25.939,25.939,NoButton,Drag,533,816
25.956,25.956,NoButton,Drag,538,821
25.973,25.973,NoButton,Drag,540,823
25.989,25.989,NoButton,Drag,541,825
26.006,26.006,NoButton,Drag,544,827
26.023,26.023,NoButton,Drag,547,829
26.039,26.039,NoButton,Drag,553,832
26.057,26.057,NoButton,Drag,562,834
26.073,26.073,NoButton,Drag,579,839
26.089,26.089,NoButton,Drag,596,843
26.107,26.107,NoButton,Drag,611,845
26.123,26.123,NoButton,Drag,624,847
26.141,26.141,NoButton,Drag,630,847
26.163,26.163,NoButton,Drag,631,847
26.175,26.175,NoButton,Drag,631,847
26.192,26.192,NoButton,Drag,631,846
26.211,26.211,NoButton,Drag,631,846
26.364,26.364,NoButton,Drag,631,846
26.367,26.367,NoButton,Drag,631,846
26.376,26.376,NoButton,Drag,629,846
26.393,26.393,NoButton,Drag,626,846
26.41,26.41,NoButton,Drag,622,846
26.426,26.426,NoButton,Drag,616,847
26.443,26.443,NoButton,Drag,612,847
26.459,26.459,NoButton,Drag,609,847
26.476,26.476,NoButton,Drag,606,847
26.493,26.493,NoButton,Drag,604,847
26.509,26.509,NoButton,Drag,601,847
26.526,26.526,NoButton,Drag,596,847
26.543,26.543,NoButton,Drag,589,846
26.559,26.559,NoButton,Drag,583,845
26.576,26.576,NoButton,Drag,581,845
26.614,26.614,Left,Pressed,581,845
26.682,26.682,NoButton,Drag,581,845
26.685,26.685,NoButton,Drag,581,845
26.693,26.693,NoButton,Drag,581,845
26.697,26.697,NoButton,Drag,581,844
26.701,26.701,NoButton,Drag,581,844
26.705,26.705,NoButton,Drag,581,843
26.71,26.71,Left,Released,581,843
26.711,26.711,NoButton,Drag,581,843
26.727,26.727,NoButton,Drag,581,841
26.744,26.744,NoButton,Drag,580,840
26.76,26.76,NoButton,Drag,580,839
26.778,26.778,NoButton,Drag,580,836
26.795,26.795,NoButton,Drag,580,834
26.811,26.811,NoButton,Drag,580,833
26.828,26.828,NoButton,Drag,580,832
26.845,26.845,NoButton,Drag,580,831
26.861,26.861,NoButton,Drag,581,829
26.88,26.88,NoButton,Drag,583,825
26.897,26.897,NoButton,Drag,587,820
26.913,26.913,NoButton,Drag,592,813
26.93,26.93,NoButton,Drag,602,803
26.947,26.947,NoButton,Drag,609,795
26.963,26.963,NoButton,Drag,612,789
26.98,26.98,NoButton,Drag,612,782
26.996,26.996,NoButton,Drag,611,780
27.013,27.013,NoButton,Drag,606,778
27.03,27.03,NoButton,Drag,595,775
27.046,27.046,NoButton,Drag,574,775
27.063,27.063,NoButton,Drag,542,775
27.08,27.08,NoButton,Drag,498,775
27.097,27.097,NoButton,Drag,444,778
27.113,27.113,NoButton,Drag,378,792
27.133,27.133,NoButton,Drag,330,807
27.15,27.15,NoButton,Drag,271,826
27.166,27.166,NoButton,Drag,226,839
27.184,27.184,NoButton,Drag,187,849
27.2,27.2,NoButton,Drag,155,853
27.216,27.216,NoButton,Drag,128,853
27.233,27.233,NoButton,Drag,118,853
27.25,27.25,NoButton,Drag,116,853
27.279,27.279,NoButton,Drag,116,853
27.295,27.295,NoButton,Drag,116,853
27.3,27.3,NoButton,Drag,116,853
27.317,27.317,NoButton,Drag,119,852
27.333,27.333,NoButton,Drag,124,850
27.35,27.35,NoButton,Drag,132,848
27.369,27.369,NoButton,Drag,142,846
27.386,27.386,NoButton,Drag,149,844
27.402,27.402,NoButton,Drag,157,843
27.419,27.419,NoButton,Drag,165,842
27.435,27.435,NoButton,Drag,173,842
27.452,27.452,NoButton,Drag,180,841
27.469,27.469,NoButton,Drag,183,841
27.486,27.486,NoButton,Drag,184,841
27.503,27.503,NoButton,Drag,185,841
27.519,27.519,NoButton,Drag,185,841
27.621,27.621,Left,Pressed,185,841
27.672,27.672,NoButton,Drag,185,841
27.708,27.708,Left,Released,185,841
27.712,27.712,NoButton,Drag,185,840
27.731,27.731,NoButton,Drag,185,840
27.736,27.736,NoButton,Drag,185,840
27.753,27.753,NoButton,Drag,185,838
27.771,27.771,NoButton,Drag,185,836
27.787,27.787,NoButton,Drag,185,835
27.804,27.804,NoButton,Drag,185,831
27.821,27.821,NoButton,Drag,186,829
27.837,27.837,NoButton,Drag,187,826
27.854,27.854,NoButton,Drag,189,821
27.873,27.873,NoButton,Drag,193,816
27.888,27.888,NoButton,Drag,196,811
27.905,27.905,NoButton,Drag,201,805
27.922,27.922,NoButton,Drag,207,800
27.938,27.938,NoButton,Drag,216,794
27.956,27.956,NoButton,Drag,230,790
27.972,27.972,NoButton,Drag,250,785
27.989,27.989,NoButton,Drag,289,778
28.005,28.005,NoButton,Drag,333,770
28.022,28.022,NoButton,Drag,386,763
28.039,28.039,NoButton,Drag,447,759
28.056,28.056,NoButton,Drag,519,756
28.073,28.073,NoButton,Drag,594,755
28.09,28.09,NoButton,Drag,685,753
28.105,28.105,NoButton,Drag,746,751
28.123,28.123,NoButton,Drag,793,748
28.142,28.142,NoButton,Drag,832,745
28.159,28.159,NoButton,Drag,851,743
28.175,28.175,NoButton,Drag,865,741
28.191,28.191,NoButton,Drag,875,740
28.209,28.209,NoButton,Drag,882,740
28.225,28.225,NoButton,Drag,887,741
28.242,28.242,NoButton,Drag,892,742
28.259,28.259,NoButton,Drag,896,742
28.275,28.275,NoButton,Drag,898,743
28.292,28.292,NoButton,Drag,901,744
28.308,28.308,NoButton,Drag,901,744
28.329,28.329,NoButton,Drag,901,744
28.342,28.342,NoButton,Drag,902,744
28.359,28.359,NoButton,Drag,906,744
28.377,28.377,NoButton,Drag,912,744
28.393,28.393,NoButton,Drag,918,742
28.41,28.41,NoButton,Drag,923,739
28.427,28.427,NoButton,Drag,927,737
28.443,28.443,NoButton,Drag,929,734
28.46,28.46,NoButton,Drag,933,728
28.477,28.477,NoButton,Drag,936,723
28.494,28.494,NoButton,Drag,939,718
28.511,28.511,NoButton,Drag,943,712
28.527,28.527,NoButton,Drag,948,706
28.543,28.543,NoButton,Drag,955,701
28.56,28.56,NoButton,Drag,959,698
28.577,28.577,NoButton,Drag,963,695
28.594,28.594,NoButton,Drag,966,693
28.611,28.611,NoButton,Drag,969,690
28.627,28.627,NoButton,Drag,971,687
28.644,28.644,NoButton,Drag,973,686
28.661,28.661,NoButton,Drag,974,685
28.677,28.677,NoButton,Drag,975,684
28.695,28.695,NoButton,Drag,975,684
28.711,28.711,NoButton,Drag,976,683
28.727,28.727,NoButton,Drag,977,682
28.744,28.744,NoButton,Drag,979,681
28.76,28.76,NoButton,Drag,982,679
28.777,28.777,NoButton,Drag,985,677
28.794,28.794,NoButton,Drag,987,674
28.811,28.811,NoButton,Drag,988,673
28.828,28.828,NoButton,Drag,989,672
28.844,28.844,NoButton,Drag,989,672
28.861,28.861,NoButton,Drag,990,671
28.878,28.878,NoButton,Drag,991,670
28.895,28.895,NoButton,Drag,992,669
28.911,28.911,NoButton,Drag,993,668
28.928,28.928,NoButton,Drag,994,668
28.966,28.966,Left,Pressed,994,668
29.034,29.034,Left,Released,994,668
29.078,29.078,NoButton,Drag,993,668
29.081,29.081,NoButton,Drag,993,668
29.096,29.096,NoButton,Drag,989,668
29.112,29.112,NoButton,Drag,978,668
29.128,29.128,NoButton,Drag,960,668
29.145,29.145,NoButton,Drag,938,668
29.162,29.162,NoButton,Drag,920,669
29.178,29.178,NoButton,Drag,904,669
29.196,29.196,NoButton,Drag,892,670
29.212,29.212,NoButton,Drag,883,671
29.229,29.229,NoButton,Drag,874,671
29.245,29.245,NoButton,Drag,866,671
29.263,29.263,NoButton,Drag,865,670
29.279,29.279,NoButton,Drag,864,670
29.296,29.296,NoButton,Drag,865,667
29.312,29.312,NoButton,Drag,868,663
29.329,29.329,NoButton,Drag,878,654
29.345,29.345,NoButton,Drag,903,638
29.363,29.363,NoButton,Drag,936,622
29.38,29.38,NoButton,Drag,978,602
29.397,29.397,NoButton,Drag,1024,577
29.413,29.413,NoButton,Drag,1068,549
29.43,29.43,NoButton,Drag,1116,516
29.447,29.447,NoButton,Drag,1147,493
29.464,29.464,NoButton,Drag,1174,473
29.48,29.48,NoButton,Drag,1193,458
29.497,29.497,NoButton,Drag,1209,445
29.514,29.514,NoButton,Drag,1225,436
29.531,29.531,NoButton,Drag,1235,432
29.547,29.547,NoButton,Drag,1241,431
29.564,29.564,NoButton,Drag,1244,430
29.58,29.58,NoButton,Drag,1245,431
29.597,29.597,NoButton,Drag,1247,434
29.614,29.614,NoButton,Drag,1250,437
29.631,29.631,NoButton,Drag,1254,440
29.648,29.648,NoButton,Drag,1258,443
29.664,29.664,NoButton,Drag,1260,444
29.681,29.681,NoButton,Drag,1262,445
29.698,29.698,NoButton,Drag,1262,446
29.76,29.76,NoButton,Drag,1262,446
29.775,29.775,NoButton,Drag,1263,446
29.783,29.783,NoButton,Drag,1263,446
29.798,29.798,NoButton,Drag,1263,447
29.814,29.814,NoButton,Drag,1264,448
29.831,29.831,NoButton,Drag,1265,449
29.848,29.848,NoButton,Drag,1265,450
29.864,29.864,NoButton,Drag,1266,451
29.882,29.882,NoButton,Drag,1266,452
29.899,29.899,NoButton,Drag,1266,453
29.915,29.915,NoButton,Drag,1267,454
29.932,29.932,NoButton,Drag,1267,455
29.948,29.948,NoButton,Drag,1267,456
29.965,29.965,NoButton,Drag,1267,456
30.048,30.048,NoButton,Drag,1267,456
30.071,30.071,NoButton,Drag,1267,456
30.084,30.084,NoButton,Drag,1267,457
30.099,30.099,NoButton,Drag,1267,457
30.142,30.142,Left,Pressed,1267,457
30.186,30.186,Left,Released,1267,457
30.187,30.187,NoButton,Drag,1267,457
30.238,30.238,NoButton,Drag,1266,457
30.266,30.266,NoButton,Drag,1266,457
30.286,30.286,NoButton,Drag,1266,457
30.298,30.298,NoButton,Drag,1266,457
30.316,30.316,NoButton,Drag,1265,457
30.332,30.332,NoButton,Drag,1263,458
30.349,30.349,NoButton,Drag,1258,459
30.365,30.365,NoButton,Drag,1245,462
30.383,30.383,NoButton,Drag,1216,467
30.4,30.4,NoButton,Drag,1176,472
30.417,30.417,NoButton,Drag,1124,479
30.433,30.433,NoButton,Drag,1051,490
30.45,30.45,NoButton,Drag,997,496
30.467,30.467,NoButton,Drag,949,499
30.484,30.484,NoButton,Drag,905,499
30.501,30.501,NoButton,Drag,866,499
30.517,30.517,NoButton,Drag,823,493
30.534,30.534,NoButton,Drag,797,486
30.551,30.551,NoButton,Drag,779,480
30.567,30.567,NoButton,Drag,768,474
30.584,30.584,NoButton,Drag,764,469
30.601,30.601,NoButton,Drag,763,467
30.617,30.617,NoButton,Drag,762,465
30.637,30.637,NoButton,Drag,761,462
30.654,30.654,NoButton,Drag,760,460
30.671,30.671,NoButton,Drag,760,457
30.687,30.687,NoButton,Drag,758,451
30.704,30.704,NoButton,Drag,754,445
30.72,30.72,NoButton,Drag,748,435
30.738,30.738,NoButton,Drag,740,425
30.754,30.754,NoButton,Drag,732,413
30.771,30.771,NoButton,Drag,722,401
30.787,30.787,NoButton,Drag,705,385
30.805,30.805,NoButton,Drag,691,372
30.822,30.822,NoButton,Drag,679,360
30.839,30.839,NoButton,Drag,668,350
30.856,30.856,NoButton,Drag,659,340
30.871,30.871,NoButton,Drag,650,332
30.89,30.89,NoButton,Drag,644,326
30.907,30.907,NoButton,Drag,642,324
30.923,30.923,NoButton,Drag,642,324
30.973,30.973,NoButton,Drag,642,324
30.975,30.975,NoButton,Drag,642,323
30.99,30.99,NoButton,Drag,642,323
31.007,31.007,NoButton,Drag,642,322
31.023,31.023,NoButton,Drag,644,320
31.04,31.04,NoButton,Drag,646,318
31.057,31.057,NoButton,Drag,651,314
31.074,31.074,NoButton,Drag,657,310
31.09,31.09,NoButton,Drag,664,305
31.107,31.107,NoButton,Drag,669,301
31.124,31.124,NoButton,Drag,674,298
31.141,31.141,NoButton,Drag,676,296
31.159,31.159,NoButton,Drag,677,294
31.175,31.175,NoButton,Drag,678,293
31.192,31.192,NoButton,Drag,678,293
31.208,31.208,NoButton,Drag,679,293
31.224,31.224,NoButton,Drag,679,293
31.225,31.225,Left,Pressed,679,293
31.225,31.225,NoButton,Drag,679,293
31.227,31.227,NoButton,Drag,680,293
31.231,31.231,NoButton,Drag,680,293
31.27,31.27,NoButton,Drag,680,293
31.306,31.306,Left,Released,680,293
31.349,31.349,NoButton,Drag,680,293
31.353,31.353,NoButton,Drag,680,293
31.359,31.359,NoButton,Drag,679,293
31.376,31.376,NoButton,Drag,678,293
31.393,31.393,NoButton,Drag,675,294
31.41,31.41,NoButton,Drag,671,295
31.426,31.426,NoButton,Drag,667,297
31.443,31.443,NoButton,Drag,664,299
31.46,31.46,NoButton,Drag,661,301
31.476,31.476,NoButton,Drag,659,302
31.493,31.493,NoButton,Drag,656,303
31.51,31.51,NoButton,Drag,654,305
31.527,31.527,NoButton,Drag,651,306
31.543,31.543,NoButton,Drag,646,307
31.56,31.56,NoButton,Drag,639,309
31.577,31.577,NoButton,Drag,630,310
31.594,31.594,NoButton,Drag,617,310
31.61,31.61,NoButton,Drag,603,310
31.627,31.627,NoButton,Drag,585,309
31.645,31.645,NoButton,Drag,557,304
31.662,31.662,NoButton,Drag,537,299
31.678,31.678,NoButton,Drag,517,294
31.695,31.695,NoButton,Drag,497,287
31.712,31.712,NoButton,Drag,479,279
31.729,31.729,NoButton,Drag,461,271
31.745,31.745,NoButton,Drag,440,262
31.763,31.763,NoButton,Drag,427,254
31.779,31.779,NoButton,Drag,417,249
31.796,31.796,NoButton,Drag,415,246
31.813,31.813,NoButton,Drag,414,246
31.829,31.829,NoButton,Drag,414,245
31.846,31.846,NoButton,Drag,414,245
31.867,31.867,NoButton,Drag,414,245
31.883,31.883,NoButton,Drag,414,245
31.896,31.896,NoButton,Drag,414,245
31.913,31.913,NoButton,Drag,415,245
31.93,31.93,NoButton,Drag,416,245
31.947,31.947,NoButton,Drag,416,245
31.963,31.963,NoButton,Drag,417,245
31.984,31.984,NoButton,Drag,417,245
31.997,31.997,NoButton,Drag,418,245
32.014,32.014,NoButton,Drag,419,246
32.03,32.03,NoButton,Drag,423,248
32.047,32.047,NoButton,Drag,430,252
32.063,32.063,NoButton,Drag,438,256
32.08,32.08,NoButton,Drag,443,260
32.097,32.097,NoButton,Drag,446,262
32.114,32.114,NoButton,Drag,449,264
32.13,32.13,NoButton,Drag,450,265
32.147,32.147,NoButton,Drag,450,265
32.164,32.164,NoButton,Drag,450,266
32.181,32.181,NoButton,Drag,450,267
32.197,32.197,NoButton,Drag,451,268
32.214,32.214,NoButton,Drag,451,268
32.236,32.236,Left,Pressed,451,268
32.312,32.312,Left,Released,451,268
32.422,32.422,NoButton,Drag,451,268
32.449,32.449,NoButton,Drag,451,268
32.453,32.453,NoButton,Drag,450,268
32.465,32.465,NoButton,Drag,450,268
32.481,32.481,NoButton,Drag,448,268
32.498,32.498,NoButton,Drag,447,269
32.515,32.515,NoButton,Drag,446,269
32.532,32.532,NoButton,Drag,446,269
32.549,32.549,NoButton,Drag,446,269
32.565,32.565,NoButton,Drag,446,269
32.581,32.581,NoButton,Drag,446,270
32.598,32.598,NoButton,Drag,451,272
32.616,32.616,NoButton,Drag,466,274
32.631,32.631,NoButton,Drag,497,277
32.649,32.649,NoButton,Drag,550,280
32.665,32.665,NoButton,Drag,646,284
32.682,32.682,NoButton,Drag,746,289
32.699,32.699,NoButton,Drag,855,293
32.716,32.716,NoButton,Drag,962,298
32.733,32.733,NoButton,Drag,1051,299
32.749,32.749,NoButton,Drag,1139,302
32.766,32.766,NoButton,Drag,1185,304
32.783,32.783,NoButton,Drag,1216,305
32.799,32.799,NoButton,Drag,1238,305
32.817,32.817,NoButton,Drag,1253,305
32.832,32.832,NoButton,Drag,1264,305
32.849,32.849,NoButton,Drag,1279,305
32.866,32.866,NoButton,Drag,1292,305
32.884,32.884,NoButton,Drag,1309,305
32.901,32.901,NoButton,Drag,1326,305
32.918,32.918,NoButton,Drag,1344,305
32.934,32.934,NoButton,Drag,1353,304
32.951,32.951,NoButton,Drag,1359,303
32.968,32.968,NoButton,Drag,1363,302
32.984,32.984,NoButton,Drag,1365,301
33.001,33.001,NoButton,Drag,1365,301
33.035,33.035,NoButton,Drag,1365,301
33.047,33.047,NoButton,Drag,1365,301
33.128,33.128,NoButton,Drag,1366,301
33.163,33.163,NoButton,Drag,1366,301
33.167,33.167,NoButton,Drag,1365,301
33.173,33.173,NoButton,Drag,1365,301
33.19,33.19,NoButton,Drag,1362,302
33.207,33.207,NoButton,Drag,1359,304
33.223,33.223,NoButton,Drag,1356,306
33.239,33.239,NoButton,Drag,1353,309
33.256,33.256,NoButton,Drag,1350,310
33.273,33.273,NoButton,Drag,1349,312
33.289,33.289,NoButton,Drag,1347,313
33.306,33.306,NoButton,Drag,1345,314
33.323,33.323,NoButton,Drag,1345,315
33.34,33.34,NoButton,Drag,1343,316
33.357,33.357,NoButton,Drag,1342,318
33.373,33.373,NoButton,Drag,1341,318
33.376,33.376,Left,Pressed,1341,318
33.377,33.377,NoButton,Drag,1341,319
33.379,33.379,NoButton,Drag,1341,319
33.452,33.452,NoButton,Drag,1341,318
33.46,33.46,Left,Released,1341,318
33.461,33.461,NoButton,Drag,1341,318
33.478,33.478,NoButton,Drag,1340,318
33.494,33.494,NoButton,Drag,1338,317
33.51,33.51,NoButton,Drag,1335,316
33.527,33.527,NoButton,Drag,1327,315
33.544,33.544,NoButton,Drag,1317,314
33.561,33.561,NoButton,Drag,1303,313
33.577,33.577,NoButton,Drag,1281,313
33.594,33.594,NoButton,Drag,1263,312
33.611,33.611,NoButton,Drag,1244,312
33.628,33.628,NoButton,Drag,1229,312
33.645,33.645,NoButton,Drag,1221,311
33.663,33.663,NoButton,Drag,1219,311
33.701,33.701,NoButton,Drag,1219,311
33.705,33.705,NoButton,Drag,1219,312
33.709,33.709,NoButton,Drag,1219,312
33.725,33.725,NoButton,Drag,1220,316
33.743,33.743,NoButton,Drag,1221,322
33.76,33.76,NoButton,Drag,1226,332
33.776,33.776,NoButton,Drag,1233,344
33.793,33.793,NoButton,Drag,1244,360
33.809,33.809,NoButton,Drag,1260,381
33.826,33.826,NoButton,Drag,1273,396
33.844,33.844,NoButton,Drag,1286,413
33.859,33.859,NoButton,Drag,1298,432
33.876,33.876,NoButton,Drag,1310,449
33.893,33.893,NoButton,Drag,1319,465
33.909,33.909,NoButton,Drag,1325,482
33.927,33.927,NoButton,Drag,1328,493
33.943,33.943,NoButton,Drag,1330,503
33.96,33.96,NoButton,Drag,1332,511
33.976,33.976,NoButton,Drag,1334,517
33.993,33.993,NoButton,Drag,1335,521
34.01,34.01,NoButton,Drag,1335,523
34.027,34.027,NoButton,Drag,1335,525
34.043,34.043,NoButton,Drag,1335,526
34.06,34.06,NoButton,Drag,1334,527
34.077,34.077,NoButton,Drag,1329,529
34.093,34.093,NoButton,Drag,1324,532
34.11,34.11,NoButton,Drag,1321,536
34.127,34.127,NoButton,Drag,1317,541
34.142,34.142,NoButton,Drag,1313,548
34.159,34.159,NoButton,Drag,1309,555
34.175,34.175,NoButton,Drag,1306,564
34.192,34.192,NoButton,Drag,1304,575
34.209,34.209,NoButton,Drag,1303,581
34.225,34.225,NoButton,Drag,1303,586
34.242,34.242,NoButton,Drag,1303,589
34.259,34.259,NoButton,Drag,1303,591
34.275,34.275,NoButton,Drag,1302,594
34.292,34.292,NoButton,Drag,1302,595
34.309,34.309,NoButton,Drag,1302,596
34.325,34.325,NoButton,Drag,1302,598
34.342,34.342,NoButton,Drag,1302,599
34.359,34.359,NoButton,Drag,1302,600
34.376,34.376,NoButton,Drag,1301,601
34.393,34.393,NoButton,Drag,1301,602
34.412,34.412,Left,Pressed,1301,602
34.488,34.488,Left,Released,1301,602
34.499,34.499,NoButton,Drag,1301,602
34.507,34.507,NoButton,Drag,1301,602
34.515,34.515,NoButton,Drag,1301,601
34.525,34.525,NoButton,Drag,1300,601
34.542,34.542,NoButton,Drag,1299,601
34.558,34.558,NoButton,Drag,1296,601
34.576,34.576,NoButton,Drag,1291,602
34.592,34.592,NoButton,Drag,1288,603
34.609,34.609,NoButton,Drag,1285,604
34.626,34.626,NoButton,Drag,1282,606
34.641,34.641,NoButton,Drag,1281,607
34.802,34.802,NoButton,Drag,1280,607
34.898,34.898,Left,Pressed,1280,607
34.982,34.982,Left,Released,1280,607
34.989,34.989,NoButton,Drag,1280,607
34.997,34.997,NoButton,Drag,1280,607
35.007,35.007,NoButton,Drag,1280,606
35.023,35.023,NoButton,Drag,1279,605
35.04,35.04,NoButton,Drag,1276,602
35.056,35.056,NoButton,Drag,1272,600
35.073,35.073,NoButton,Drag,1265,596
35.09,35.09,NoButton,Drag,1256,591
35.106,35.106,NoButton,Drag,1250,588
35.124,35.124,NoButton,Drag,1245,584
35.139,35.139,NoButton,Drag,1239,580
35.157,35.157,NoButton,Drag,1232,575
35.173,35.173,NoButton,Drag,1221,568
35.19,35.19,NoButton,Drag,1200,558
35.206,35.206,NoButton,Drag,1173,549
35.223,35.223,NoButton,Drag,1136,540
35.24,35.24,NoButton,Drag,1092,534
35.256,35.256,NoButton,Drag,1041,531
35.273,35.273,NoButton,Drag,962,531
35.29,35.29,NoButton,Drag,886,531
35.306,35.306,NoButton,Drag,810,532
35.323,35.323,NoButton,Drag,714,534
35.34,35.34,NoButton,Drag,628,536
35.358,35.358,NoButton,Drag,542,538
35.374,35.374,NoButton,Drag,463,539
35.392,35.392,NoButton,Drag,374,540
35.408,35.408,NoButton,Drag,318,541
35.424,35.424,NoButton,Drag,274,543
35.442,35.442,NoButton,Drag,243,544
35.458,35.458,NoButton,Drag,225,546
35.475,35.475,NoButton,Drag,218,547
35.572,35.572,NoButton,Drag,218,547
35.62,35.62,NoButton,Drag,218,547
35.623,35.623,NoButton,Drag,218,547
35.627,35.627,NoButton,Drag,218,547
35.642,35.642,NoButton,Drag,217,548
35.659,35.659,NoButton,Drag,213,552
35.676,35.676,NoButton,Drag,205,560
35.692,35.692,NoButton,Drag,197,568
35.709,35.709,NoButton,Drag,186,576
35.725,35.725,NoButton,Drag,175,582
35.742,35.742,NoButton,Drag,165,589
35.759,35.759,NoButton,Drag,157,595
35.776,35.776,NoButton,Drag,149,600
35.793,35.793,NoButton,Drag,144,602
35.809,35.809,NoButton,Drag,143,603
35.826,35.826,NoButton,Drag,142,604
35.843,35.843,NoButton,Drag,142,605
35.859,35.859,NoButton,Drag,141,606
35.877,35.877,NoButton,Drag,140,607
35.954,35.954,NoButton,Drag,140,607
35.961,35.961,NoButton,Drag,139,607
35.977,35.977,NoButton,Drag,139,606
35.993,35.993,NoButton,Drag,138,606
36.01,36.01,NoButton,Drag,138,606
36.026,36.026,NoButton,Drag,137,606
36.044,36.044,NoButton,Drag,134,606
36.059,36.059,NoButton,Drag,130,605
36.076,36.076,NoButton,Drag,122,603
36.093,36.093,NoButton,Drag,112,601
36.11,36.11,NoButton,Drag,103,599
36.126,36.126,NoButton,Drag,101,598
36.162,36.162,Left,Pressed,101,598
36.25,36.25,NoButton,Drag,101,598
36.257,36.257,NoButton,Drag,101,598
36.266,36.266,Left,Released,101,598
36.269,36.269,NoButton,Drag,101,598
36.281,36.281,NoButton,Drag,101,597
36.294,36.294,NoButton,Drag,100,597
36.31,36.31,NoButton,Drag,100,596
36.328,36.328,NoButton,Drag,100,594
36.344,36.344,NoButton,Drag,102,592
36.361,36.361,NoButton,Drag,104,591
36.377,36.377,NoButton,Drag,108,589
36.392,36.392,NoButton,Drag,113,589
36.409,36.409,NoButton,Drag,127,589
36.427,36.427,NoButton,Drag,144,590
36.443,36.443,NoButton,Drag,167,592
36.459,36.459,NoButton,Drag,197,597
36.476,36.476,NoButton,Drag,225,603
36.494,36.494,NoButton,Drag,269,614
36.51,36.51,NoButton,Drag,319,623
36.527,36.527,NoButton,Drag,381,627
36.543,36.543,NoButton,Drag,456,623
36.56,36.56,NoButton,Drag,517,610
36.577,36.577,NoButton,Drag,584,589
36.593,36.593,NoButton,Drag,641,566
36.611,36.611,NoButton,Drag,692,548
36.627,36.627,NoButton,Drag,742,529
36.64,36.64,NoButton,Drag,796,509
36.657,36.657,NoButton,Drag,851,488
36.674,36.674,NoButton,Drag,911,465
36.691,36.691,NoButton,Drag,967,443
36.707,36.707,NoButton,Drag,1020,423
36.724,36.724,NoButton,Drag,1077,402
36.74,36.74,NoButton,Drag,1118,388
36.758,36.758,NoButton,Drag,1147,379
36.774,36.774,NoButton,Drag,1168,371
36.791,36.791,NoButton,Drag,1177,367
36.807,36.807,NoButton,Drag,1179,365
36.907,36.907,NoButton,Drag,1180,365
36.911,36.911,NoButton,Drag,1180,365
36.923,36.923,NoButton,Drag,1180,364
36.94,36.94,NoButton,Drag,1179,362
36.956,36.956,NoButton,Drag,1178,359
36.973,36.973,NoButton,Drag,1177,353
36.989,36.989,NoButton,Drag,1177,347
37.006,37.006,NoButton,Drag,1178,337
37.023,37.023,NoButton,Drag,1180,329
37.04,37.04,NoButton,Drag,1184,318
37.056,37.056,NoButton,Drag,1192,306
37.073,37.073,NoButton,Drag,1202,292
37.09,37.09,NoButton,Drag,1218,274
37.106,37.106,NoButton,Drag,1231,261
37.124,37.124,NoButton,Drag,1242,249
37.139,37.139,NoButton,Drag,1251,240
37.156,37.156,NoButton,Drag,1257,232
37.173,37.173,NoButton,Drag,1261,227
37.19,37.19,NoButton,Drag,1264,223
37.206,37.206,NoButton,Drag,1265,221
37.223,37.223,NoButton,Drag,1265,221
37.269,37.269,NoButton,Drag,1265,220
37.273,37.273,NoButton,Drag,1265,220
37.29,37.29,NoButton,Drag,1266,220
37.306,37.306,NoButton,Drag,1267,219
37.323,37.323,NoButton,Drag,1268,218
37.339,37.339,NoButton,Drag,1270,216
37.357,37.357,NoButton,Drag,1272,214
37.373,37.373,NoButton,Drag,1276,211
37.39,37.39,NoButton,Drag,1283,206
37.406,37.406,NoButton,Drag,1289,201
37.423,37.423,NoButton,Drag,1296,195
37.44,37.44,NoButton,Drag,1303,190
37.457,37.457,NoButton,Drag,1311,184
37.473,37.473,NoButton,Drag,1322,177
37.49,37.49,NoButton,Drag,1329,171
37.507,37.507,NoButton,Drag,1334,168
37.523,37.523,NoButton,Drag,1336,167
37.54,37.54,NoButton,Drag,1336,166
37.696,37.696,NoButton,Drag,1336,166
37.707,37.707,NoButton,Drag,1337,166
37.715,37.715,NoButton,Drag,1337,167
37.724,37.724,NoButton,Drag,1337,167
37.741,37.741,NoButton,Drag,1338,168
37.748,37.748,Left,Pressed,1338,168
37.751,37.751,NoButton,Drag,1338,168
37.808,37.808,Left,Released,1338,168
37.824,37.824,NoButton,Drag,1339,168
37.835,37.835,NoButton,Drag,1339,168
37.843,37.843,NoButton,Drag,1339,169
37.859,37.859,NoButton,Drag,1338,169
37.876,37.876,NoButton,Drag,1337,170
37.893,37.893,NoButton,Drag,1335,172
37.911,37.911,NoButton,Drag,1332,173
37.927,37.927,NoButton,Drag,1328,175
37.943,37.943,NoButton,Drag,1321,178
37.961,37.961,NoButton,Drag,1317,181
37.977,37.977,NoButton,Drag,1312,184
37.994,37.994,NoButton,Drag,1306,188
38.011,38.011,NoButton,Drag,1298,194
38.027,38.027,NoButton,Drag,1285,204
38.043,38.043,NoButton,Drag,1264,224
38.06,38.06,NoButton,Drag,1246,240
38.078,38.078,NoButton,Drag,1229,258
38.094,38.094,NoButton,Drag,1214,274
38.111,38.111,NoButton,Drag,1199,294
38.127,38.127,NoButton,Drag,1192,308
38.145,38.145,NoButton,Drag,1188,320
38.161,38.161,NoButton,Drag,1187,330
38.178,38.178,NoButton,Drag,1187,340
38.194,38.194,NoButton,Drag,1187,347
38.212,38.212,NoButton,Drag,1187,353
38.228,38.228,NoButton,Drag,1187,360
38.245,38.245,NoButton,Drag,1187,368
38.261,38.261,NoButton,Drag,1186,378
38.278,38.278,NoButton,Drag,1183,389
38.295,38.295,NoButton,Drag,1180,401
38.311,38.311,NoButton,Drag,1174,411
38.328,38.328,NoButton,Drag,1168,421
38.345,38.345,NoButton,Drag,1162,431
38.361,38.361,NoButton,Drag,1154,443
38.378,38.378,NoButton,Drag,1146,451
38.395,38.395,NoButton,Drag,1138,457
38.411,38.411,NoButton,Drag,1131,462
38.429,38.429,NoButton,Drag,1125,466
38.445,38.445,NoButton,Drag,1121,469
38.461,38.461,NoButton,Drag,1118,470
38.479,38.479,NoButton,Drag,1117,470
38.506,38.506,NoButton,Drag,1117,470
38.513,38.513,NoButton,Drag,1117,471
38.529,38.529,NoButton,Drag,1116,471
38.545,38.545,NoButton,Drag,1115,472
38.563,38.563,NoButton,Drag,1114,472
38.579,38.579,NoButton,Drag,1112,472
38.596,38.596,NoButton,Drag,1109,473
38.613,38.613,NoButton,Drag,1107,473
38.629,38.629,NoButton,Drag,1107,473
38.685,38.685,Left,Pressed,1107,473
38.78,38.78,Left,Released,1107,473
38.795,38.795,NoButton,Drag,1107,473
38.812,38.812,NoButton,Drag,1106,473
38.815,38.815,NoButton,Drag,1106,472
38.828,38.828,NoButton,Drag,1106,472
38.845,38.845,NoButton,Drag,1104,471
38.863,38.863,NoButton,Drag,1102,470
38.879,38.879,NoButton,Drag,1099,470
38.895,38.895,NoButton,Drag,1095,470
38.912,38.912,NoButton,Drag,1091,473
38.928,38.928,NoButton,Drag,1087,475
38.945,38.945,NoButton,Drag,1083,478
38.962,38.962,NoButton,Drag,1078,482
38.978,38.978,NoButton,Drag,1073,486
38.995,38.995,NoButton,Drag,1065,493
39.012,39.012,NoButton,Drag,1050,505
39.028,39.028,NoButton,Drag,1030,518
39.045,39.045,NoButton,Drag,1005,533
39.063,39.063,NoButton,Drag,979,546
39.078,39.078,NoButton,Drag,949,556
39.095,39.095,NoButton,Drag,900,569
39.112,39.112,NoButton,Drag,855,582
39.129,39.129,NoButton,Drag,805,594
39.147,39.147,NoButton,Drag,754,603
39.163,39.163,NoButton,Drag,694,614
39.18,39.18,NoButton,Drag,658,623
39.197,39.197,NoButton,Drag,632,630
39.214,39.214,NoButton,Drag,611,635
39.23,39.23,NoButton,Drag,596,639
39.247,39.247,NoButton,Drag,586,642
39.264,39.264,NoButton,Drag,579,645
39.281,39.281,NoButton,Drag,577,647
39.297,39.297,NoButton,Drag,575,649
39.314,39.314,NoButton,Drag,573,651
39.33,39.33,NoButton,Drag,571,654
39.348,39.348,NoButton,Drag,568,658
39.364,39.364,NoButton,Drag,565,662
39.38,39.38,NoButton,Drag,562,664
39.397,39.397,NoButton,Drag,559,667
39.414,39.414,NoButton,Drag,558,668
39.431,39.431,NoButton,Drag,558,669
39.447,39.447,NoButton,Drag,557,670
39.465,39.465,NoButton,Drag,557,670
39.481,39.481,NoButton,Drag,557,671
39.498,39.498,NoButton,Drag,557,671
39.514,39.514,NoButton,Drag,557,671
39.532,39.532,NoButton,Drag,558,671
39.554,39.554,Left,Pressed,558,671
39.57,39.57,NoButton,Drag,558,671
39.582,39.582,NoButton,Drag,558,671
39.617,39.617,NoButton,Drag,558,671
39.637,39.637,NoButton,Drag,559,671
39.662,39.662,NoButton,Drag,559,671
39.673,39.673,NoButton,Drag,559,670
39.678,39.678,Left,Released,559,670
39.685,39.685,NoButton,Drag,559,670
39.689,39.689,NoButton,Drag,559,670
39.698,39.698,NoButton,Drag,559,669
39.715,39.715,NoButton,Drag,559,668
39.731,39.731,NoButton,Drag,560,667
39.748,39.748,NoButton,Drag,560,666
39.765,39.765,NoButton,Drag,560,665
39.781,39.781,NoButton,Drag,560,663
39.798,39.798,NoButton,Drag,562,661
39.815,39.815,NoButton,Drag,564,658
39.832,39.832,NoButton,Drag,566,654
39.848,39.848,NoButton,Drag,568,651
39.865,39.865,NoButton,Drag,569,650
39.882,39.882,NoButton,Drag,569,649
39.898,39.898,NoButton,Drag,569,648
39.915,39.915,NoButton,Drag,569,646
39.931,39.931,NoButton,Drag,568,644
39.948,39.948,NoButton,Drag,568,643
39.984,39.984,NoButton,Drag,568,643
39.987,39.987,NoButton,Drag,568,643
39.999,39.999,NoButton,Drag,569,643
40.015,40.015,NoButton,Drag,573,645
40.032,40.032,NoButton,Drag,579,647
40.049,40.049,NoButton,Drag,584,651
40.065,40.065,NoButton,Drag,589,654
40.082,40.082,NoButton,Drag,593,657
40.099,40.099,NoButton,Drag,594,658
40.115,40.115,NoButton,Drag,595,658
40.132,40.132,NoButton,Drag,595,659
40.145,40.145,NoButton,Drag,595,660
40.161,40.161,NoButton,Drag,595,660
40.164,40.164,Left,Pressed,595,660
40.167,40.167,NoButton,Drag,596,661
40.171,40.171,NoButton,Drag,596,661
40.183,40.183,NoButton,Drag,596,661
40.317,40.317,Left,Released,596,661
40.318,40.318,NoButton,Drag,596,661
40.328,40.328,NoButton,Drag,595,660
40.344,40.344,NoButton,Drag,595,659
40.362,40.362,NoButton,Drag,594,658
40.378,40.378,NoButton,Drag,594,657
40.395,40.395,NoButton,Drag,593,656
40.411,40.411,NoButton,Drag,593,655
40.428,40.428,NoButton,Drag,592,655
40.445,40.445,NoButton,Drag,590,654
40.461,40.461,NoButton,Drag,586,654
40.478,40.478,NoButton,Drag,579,652
40.494,40.494,NoButton,Drag,571,651
40.511,40.511,NoButton,Drag,561,649
40.528,40.528,NoButton,Drag,550,646
40.544,40.544,NoButton,Drag,535,643
40.561,40.561,NoButton,Drag,510,634
40.578,40.578,NoButton,Drag,486,622
40.594,40.594,NoButton,Drag,460,607
40.611,40.611,NoButton,Drag,436,589
40.628,40.628,NoButton,Drag,416,571
40.641,40.641,NoButton,Drag,400,556
40.657,40.657,NoButton,Drag,376,531
40.675,40.675,NoButton,Drag,358,513
40.691,40.691,NoButton,Drag,340,493
40.707,40.707,NoButton,Drag,323,475
40.725,40.725,NoButton,Drag,310,457
40.741,40.741,NoButton,Drag,298,441
40.758,40.758,NoButton,Drag,288,425
40.774,40.774,NoButton,Drag,280,413
40.792,40.792,NoButton,Drag,272,400
40.808,40.808,NoButton,Drag,264,389
40.825,40.825,NoButton,Drag,258,378
40.841,40.841,NoButton,Drag,251,367
40.858,40.858,NoButton,Drag,245,359
40.874,40.874,NoButton,Drag,240,353
40.889,40.889,NoButton,Drag,234,348
40.906,40.906,NoButton,Drag,228,344
40.923,40.923,NoButton,Drag,225,343
40.939,40.939,NoButton,Drag,222,342
40.956,40.956,NoButton,Drag,218,342
40.973,40.973,NoButton,Drag,212,341
40.99,40.99,NoButton,Drag,203,341
41.007,41.007,NoButton,Drag,198,341
41.023,41.023,NoButton,Drag,193,340
41.04,41.04,NoButton,Drag,190,339
41.056,41.056,NoButton,Drag,189,338
41.073,41.073,NoButton,Drag,188,337
41.089,41.089,NoButton,Drag,187,335
41.107,41.107,NoButton,Drag,186,333
41.123,41.123,NoButton,Drag,185,331
41.139,41.139,NoButton,Drag,184,329
41.155,41.155,NoButton,Drag,182,326
41.172,41.172,NoButton,Drag,180,323
41.188,41.188,NoButton,Drag,178,320
41.206,41.206,NoButton,Drag,178,318
41.223,41.223,NoButton,Drag,177,317
41.238,41.238,NoButton,Drag,175,315
41.255,41.255,NoButton,Drag,174,312
41.272,41.272,NoButton,Drag,173,311
41.289,41.289,NoButton,Drag,172,309
41.305,41.305,NoButton,Drag,170,308
41.322,41.322,NoButton,Drag,169,307
41.34,41.34,NoButton,Drag,166,306
41.356,41.356,NoButton,Drag,164,305
41.373,41.373,NoButton,Drag,163,304
41.389,41.389,NoButton,Drag,161,303
41.405,41.405,NoButton,Drag,159,302
41.422,41.422,NoButton,Drag,157,301
41.438,41.438,NoButton,Drag,155,300
41.455,41.455,NoButton,Drag,155,299
41.472,41.472,NoButton,Drag,154,299
41.488,41.488,NoButton,Drag,154,299
41.574,41.574,Left,Pressed,154,299
41.67,41.67,Left,Released,154,299
41.744,41.744,NoButton,Drag,154,299
41.745,41.745,NoButton,Drag,154,298
41.754,41.754,NoButton,Drag,154,298
41.771,41.771,NoButton,Drag,154,298
41.788,41.788,NoButton,Drag,154,297
41.805,41.805,NoButton,Drag,154,297
41.821,41.821,NoButton,Drag,156,296
41.838,41.838,NoButton,Drag,159,295
41.854,41.854,NoButton,Drag,162,295
41.872,41.872,NoButton,Drag,166,295
41.888,41.888,NoButton,Drag,175,295
41.905,41.905,NoButton,Drag,196,295
41.921,41.921,NoButton,Drag,252,292
41.939,41.939,NoButton,Drag,320,288
41.956,41.956,NoButton,Drag,396,281
41.973,41.973,NoButton,Drag,479,265
41.989,41.989,NoButton,Drag,561,244
42.005,42.005,NoButton,Drag,668,217
42.022,42.022,NoButton,Drag,751,196
42.038,42.038,NoButton,Drag,824,178
42.056,42.056,NoButton,Drag,879,161
42.073,42.073,NoButton,Drag,918,149
42.09,42.09,NoButton,Drag,947,138
42.106,42.106,NoButton,Drag,963,131
42.122,42.122,NoButton,Drag,974,126
42.139,42.139,NoButton,Drag,980,122
42.157,42.157,NoButton,Drag,982,121
42.173,42.173,NoButton,Drag,982,121
42.336,42.336,NoButton,Drag,982,121
42.339,42.339,NoButton,Drag,982,121
42.343,42.343,NoButton,Drag,981,121
42.358,42.358,NoButton,Drag,978,124
42.375,42.375,NoButton,Drag,972,128
42.392,42.392,NoButton,Drag,960,135
42.408,42.408,NoButton,Drag,949,142
42.426,42.426,NoButton,Drag,942,145
42.442,42.442,NoButton,Drag,937,147
42.459,42.459,NoButton,Drag,934,148
42.476,42.476,NoButton,Drag,932,148
42.492,42.492,NoButton,Drag,932,148
42.509,42.509,NoButton,Drag,932,148
42.539,42.539,NoButton,Drag,932,148
42.543,42.543,NoButton,Drag,931,148
42.559,42.559,NoButton,Drag,929,148
42.576,42.576,NoButton,Drag,924,148
42.593,42.593,NoButton,Drag,918,148
42.61,42.61,NoButton,Drag,910,148
42.625,42.625,NoButton,Drag,901,148
42.643,42.643,NoButton,Drag,890,146
42.659,42.659,NoButton,Drag,878,144
42.676,42.676,NoButton,Drag,871,143
42.693,42.693,NoButton,Drag,867,142
42.71,42.71,NoButton,Drag,864,142
42.727,42.727,NoButton,Drag,864,142
42.791,42.791,Left,Pressed,864,142
42.881,42.881,NoButton,Drag,863,142
42.902,42.902,Left,Released,863,142
42.925,42.925,NoButton,Drag,863,142
42.946,42.946,NoButton,Drag,863,142
42.953,42.953,NoButton,Drag,863,141
42.96,42.96,NoButton,Drag,863,141
42.976,42.976,NoButton,Drag,862,141
42.993,42.993,NoButton,Drag,861,141
43.01,43.01,NoButton,Drag,858,143
43.026,43.026,NoButton,Drag,856,146
43.044,43.044,NoButton,Drag,852,151
43.059,43.059,NoButton,Drag,848,159
43.076,43.076,NoButton,Drag,842,169
43.093,43.093,NoButton,Drag,837,187
43.11,43.11,NoButton,Drag,837,206
43.127,43.127,NoButton,Drag,847,227
43.143,43.143,NoButton,Drag,865,249
43.161,43.161,NoButton,Drag,900,280
43.179,43.179,NoButton,Drag,941,300
43.195,43.195,NoButton,Drag,989,318
43.212,43.212,NoButton,Drag,1038,334
43.229,43.229,NoButton,Drag,1087,346
43.246,43.246,NoButton,Drag,1136,354
43.262,43.262,NoButton,Drag,1163,357
43.279,43.279,NoButton,Drag,1179,357
43.295,43.295,NoButton,Drag,1187,357
43.312,43.312,NoButton,Drag,1191,356
43.329,43.329,NoButton,Drag,1192,356
43.346,43.346,NoButton,Drag,1192,355
43.362,43.362,NoButton,Drag,1192,355
43.411,43.411,NoButton,Drag,1192,355
43.419,43.419,NoButton,Drag,1192,355
43.43,43.43,NoButton,Drag,1192,354
43.447,43.447,NoButton,Drag,1192,353
43.463,43.463,NoButton,Drag,1193,351
43.479,43.479,NoButton,Drag,1194,350
43.496,43.496,NoButton,Drag,1194,348
43.514,43.514,NoButton,Drag,1194,346
43.53,43.53,NoButton,Drag,1193,344
43.547,43.547,NoButton,Drag,1192,343
43.584,43.584,Left,Pressed,1192,343
43.716,43.716,Left,Released,1192,343
43.732,43.732,NoButton,Drag,1192,343
43.735,43.735,NoButton,Drag,1192,343
43.747,43.747,NoButton,Drag,1191,343
43.763,43.763,NoButton,Drag,1188,342
43.78,43.78,NoButton,Drag,1181,340
43.797,43.797,NoButton,Drag,1174,339
43.813,43.813,NoButton,Drag,1167,339
43.83,43.83,NoButton,Drag,1158,340
43.846,43.846,NoButton,Drag,1150,342
43.863,43.863,NoButton,Drag,1142,344
43.881,43.881,NoButton,Drag,1132,348
43.898,43.898,NoButton,Drag,1123,354
43.915,43.915,NoButton,Drag,1118,359
43.931,43.931,NoButton,Drag,1115,366
43.949,43.949,NoButton,Drag,1115,376
43.965,43.965,NoButton,Drag,1116,388
43.981,43.981,NoButton,Drag,1122,404
43.999,43.999,NoButton,Drag,1132,419
44.016,44.016,NoButton,Drag,1146,435
44.032,44.032,NoButton,Drag,1162,452
44.049,44.049,NoButton,Drag,1178,468
44.065,44.065,NoButton,Drag,1197,487
44.082,44.082,NoButton,Drag,1212,502
44.099,44.099,NoButton,Drag,1222,512
44.116,44.116,NoButton,Drag,1237,526
44.132,44.132,NoButton,Drag,1248,538
44.148,44.148,NoButton,Drag,1257,549
44.167,44.167,NoButton,Drag,1272,566
44.184,44.184,NoButton,Drag,1287,582
44.2,44.2,NoButton,Drag,1302,599
44.218,44.218,NoButton,Drag,1318,618
44.234,44.234,NoButton,Drag,1328,629
44.251,44.251,NoButton,Drag,1334,635
44.267,44.267,NoButton,Drag,1336,637
44.309,44.309,NoButton,Drag,1336,638
44.313,44.313,NoButton,Drag,1336,638
44.317,44.317,NoButton,Drag,1336,638
44.334,44.334,NoButton,Drag,1337,640
44.351,44.351,NoButton,Drag,1337,643
44.368,44.368,NoButton,Drag,1338,646
44.384,44.384,NoButton,Drag,1339,650
44.402,44.402,NoButton,Drag,1339,652
44.419,44.419,NoButton,Drag,1339,655
44.435,44.435,NoButton,Drag,1337,659
44.451,44.451,NoButton,Drag,1335,663
44.468,44.468,NoButton,Drag,1332,670
44.486,44.486,NoButton,Drag,1328,688
44.502,44.502,NoButton,Drag,1322,712
44.518,44.518,NoButton,Drag,1316,732
44.535,44.535,NoButton,Drag,1311,747
44.552,44.552,NoButton,Drag,1307,758
44.568,44.568,NoButton,Drag,1304,761
44.596,44.596,NoButton,Drag,1304,761
44.607,44.607,NoButton,Drag,1304,761
44.619,44.619,NoButton,Drag,1304,760
44.635,44.635,NoButton,Drag,1305,755
44.652,44.652,NoButton,Drag,1307,751
44.669,44.669,NoButton,Drag,1308,747
44.686,44.686,NoButton,Drag,1309,745
44.702,44.702,NoButton,Drag,1310,744
44.719,44.719,NoButton,Drag,1310,744
44.735,44.735,NoButton,Drag,1311,743
44.752,44.752,NoButton,Drag,1311,743
44.769,44.769,NoButton,Drag,1311,743
44.786,44.786,NoButton,Drag,1312,742
44.803,44.803,NoButton,Drag,1312,741
44.819,44.819,NoButton,Drag,1314,740
44.836,44.836,NoButton,Drag,1316,739
44.852,44.852,NoButton,Drag,1317,738
44.87,44.87,NoButton,Drag,1317,736
44.886,44.886,NoButton,Drag,1318,735
44.903,44.903,NoButton,Drag,1319,733
44.92,44.92,NoButton,Drag,1319,733
44.951,44.951,Left,Pressed,1319,733
45.038,45.038,Left,Released,1319,733
45.046,45.046,NoButton,Drag,1319,732
45.053,45.053,NoButton,Drag,1319,732
45.07,45.07,NoButton,Drag,1319,731
45.087,45.087,NoButton,Drag,1319,729
45.104,45.104,NoButton,Drag,1317,726
45.12,45.12,NoButton,Drag,1315,723
45.137,45.137,NoButton,Drag,1311,718
45.153,45.153,NoButton,Drag,1305,712
45.17,45.17,NoButton,Drag,1295,704
45.187,45.187,NoButton,Drag,1285,696
45.203,45.203,NoButton,Drag,1272,687
45.221,45.221,NoButton,Drag,1256,679
45.237,45.237,NoButton,Drag,1237,670
45.254,45.254,NoButton,Drag,1206,662
45.27,45.27,NoButton,Drag,1173,655
45.287,45.287,NoButton,Drag,1135,649
45.304,45.304,NoButton,Drag,1092,642
45.32,45.32,NoButton,Drag,1039,636
45.337,45.337,NoButton,Drag,974,627
45.354,45.354,NoButton,Drag,889,610
45.37,45.37,NoButton,Drag,825,596
45.387,45.387,NoButton,Drag,756,580
45.402,45.402,NoButton,Drag,684,561
45.418,45.418,NoButton,Drag,618,543
45.436,45.436,NoButton,Drag,563,526
45.452,45.452,NoButton,Drag,513,508
45.469,45.469,NoButton,Drag,480,494
45.486,45.486,NoButton,Drag,461,482
45.502,45.502,NoButton,Drag,457,478
45.519,45.519,NoButton,Drag,456,476
45.535,45.535,NoButton,Drag,456,474
45.552,45.552,NoButton,Drag,455,471
45.569,45.569,NoButton,Drag,454,469
45.586,45.586,NoButton,Drag,454,466
45.602,45.602,NoButton,Drag,454,464
45.619,45.619,NoButton,Drag,453,461
45.636,45.636,NoButton,Drag,452,459
45.651,45.651,NoButton,Drag,452,457
45.668,45.668,NoButton,Drag,453,455
45.685,45.685,NoButton,Drag,454,452
45.701,45.701,NoButton,Drag,456,448
45.718,45.718,NoButton,Drag,459,444
45.735,45.735,NoButton,Drag,461,440
45.752,45.752,NoButton,Drag,464,435
45.768,45.768,NoButton,Drag,465,431
45.785,45.785,NoButton,Drag,466,426
45.801,45.801,NoButton,Drag,468,420
45.818,45.818,NoButton,Drag,469,413
45.835,45.835,NoButton,Drag,470,405
45.852,45.852,NoButton,Drag,470,395
45.869,45.869,NoButton,Drag,470,386
45.886,45.886,NoButton,Drag,469,378
45.901,45.901,NoButton,Drag,467,369
45.918,45.918,NoButton,Drag,465,361
45.935,45.935,NoButton,Drag,464,353
45.951,45.951,NoButton,Drag,463,345
45.968,45.968,NoButton,Drag,462,337
45.985,45.985,NoButton,Drag,461,330
46.001,46.001,NoButton,Drag,460,325
46.018,46.018,NoButton,Drag,460,322
46.035,46.035,NoButton,Drag,459,319
46.052,46.052,NoButton,Drag,459,316
46.068,46.068,NoButton,Drag,459,313
46.085,46.085,NoButton,Drag,459,311
46.101,46.101,NoButton,Drag,459,311
46.134,46.134,Left,Pressed,459,311
46.166,46.166,NoButton,Drag,459,310
46.246,46.246,Left,Released,459,310
46.297,46.297,NoButton,Drag,459,310
46.358,46.358,NoButton,Drag,459,310
46.365,46.365,NoButton,Drag,459,310
46.369,46.369,NoButton,Drag,460,310
46.384,46.384,NoButton,Drag,460,310
46.401,46.401,NoButton,Drag,462,312
46.418,46.418,NoButton,Drag,466,316
46.435,46.435,NoButton,Drag,468,318
46.452,46.452,NoButton,Drag,470,321
46.469,46.469,NoButton,Drag,474,326
46.485,46.485,NoButton,Drag,485,336
46.502,46.502,NoButton,Drag,509,354
46.518,46.518,NoButton,Drag,533,367
46.536,46.536,NoButton,Drag,561,376
46.552,46.552,NoButton,Drag,595,384
46.569,46.569,NoButton,Drag,635,394
46.585,46.585,NoButton,Drag,687,406
46.602,46.602,NoButton,Drag,728,417
46.619,46.619,NoButton,Drag,769,428
46.635,46.635,NoButton,Drag,819,443
46.653,46.653,NoButton,Drag,850,452
46.67,46.67,NoButton,Drag,876,459
46.687,46.687,NoButton,Drag,899,466
46.704,46.704,NoButton,Drag,921,472
46.721,46.721,NoButton,Drag,933,476
46.737,46.737,NoButton,Drag,941,480
46.754,46.754,NoButton,Drag,947,481
46.771,46.771,NoButton,Drag,951,482
46.787,46.787,NoButton,Drag,956,482
46.804,46.804,NoButton,Drag,958,482
46.822,46.822,NoButton,Drag,958,482
46.838,46.838,NoButton,Drag,958,482
46.854,46.854,NoButton,Drag,959,480
46.871,46.871,NoButton,Drag,962,478
46.887,46.887,NoButton,Drag,967,475
46.909,46.909,NoButton,Drag,971,473
46.926,46.926,NoButton,Drag,975,470
46.941,46.941,NoButton,Drag,977,468
46.959,46.959,NoButton,Drag,979,465
46.975,46.975,NoButton,Drag,983,462
46.992,46.992,NoButton,Drag,989,457
47.009,47.009,NoButton,Drag,994,454
47.025,47.025,NoButton,Drag,1000,451
47.043,47.043,NoButton,Drag,1007,449
47.059,47.059,NoButton,Drag,1013,447
47.075,47.075,NoButton,Drag,1018,446
47.092,47.092,NoButton,Drag,1020,445
47.109,47.109,NoButton,Drag,1021,445
47.159,47.159,NoButton,Drag,1021,445
47.193,47.193,NoButton,Drag,1021,445
47.201,47.201,NoButton,Drag,1021,444
47.212,47.212,NoButton,Drag,1021,444
47.228,47.228,NoButton,Drag,1022,443
47.245,47.245,NoButton,Drag,1022,442
47.261,47.261,NoButton,Drag,1023,441
47.278,47.278,NoButton,Drag,1024,439
47.295,47.295,NoButton,Drag,1025,437
47.311,47.311,NoButton,Drag,1026,435
47.328,47.328,NoButton,Drag,1028,432
47.345,47.345,NoButton,Drag,1030,428
47.361,47.361,NoButton,Drag,1033,426
47.379,47.379,NoButton,Drag,1034,425
47.39,47.39,Left,Pressed,1034,425
47.409,47.409,NoButton,Drag,1034,425
47.494,47.494,Left,Released,1034,425
47.529,47.529,NoButton,Drag,1034,424
47.533,47.533,NoButton,Drag,1034,424
47.546,47.546,NoButton,Drag,1033,424
47.563,47.563,NoButton,Drag,1030,424
47.58,47.58,NoButton,Drag,1027,424
47.596,47.596,NoButton,Drag,1023,424
47.613,47.613,NoButton,Drag,1018,425
47.63,47.63,NoButton,Drag,1012,426
47.648,47.648,NoButton,Drag,1005,428
47.663,47.663,NoButton,Drag,994,430
47.68,47.68,NoButton,Drag,982,433
47.698,47.698,NoButton,Drag,969,437
47.714,47.714,NoButton,Drag,961,440
47.731,47.731,NoButton,Drag,955,443
47.748,47.748,NoButton,Drag,948,451
47.764,47.764,NoButton,Drag,946,460
47.781,47.781,NoButton,Drag,945,473
47.798,47.798,NoButton,Drag,948,487
47.814,47.814,NoButton,Drag,960,504
47.831,47.831,NoButton,Drag,982,524
47.847,47.847,NoButton,Drag,1016,549
47.864,47.864,NoButton,Drag,1044,567
47.881,47.881,NoButton,Drag,1071,584
47.899,47.899,NoButton,Drag,1097,600
47.916,47.916,NoButton,Drag,1127,618
47.933,47.933,NoButton,Drag,1146,631
47.95,47.95,NoButton,Drag,1161,641
47.966,47.966,NoButton,Drag,1173,650
47.983,47.983,NoButton,Drag,1185,658
48,48,NoButton,Drag,1199,664
48.016,48.016,NoButton,Drag,1206,666
48.033,48.033,NoButton,Drag,1210,666
48.049,48.049,NoButton,Drag,1210,666
48.12,48.12,NoButton,Drag,1210,666
48.133,48.133,NoButton,Drag,1211,666
48.15,48.15,NoButton,Drag,1212,666
48.167,48.167,NoButton,Drag,1215,667
48.184,48.184,NoButton,Drag,1218,667
48.201,48.201,NoButton,Drag,1220,668
48.218,48.218,NoButton,Drag,1221,669
48.234,48.234,NoButton,Drag,1221,669
48.24,48.24,Left,Pressed,1221,669
48.314,48.314,NoButton,Drag,1221,669
48.326,48.326,Left,Released,1221,669
48.333,48.333,NoButton,Drag,1221,668
48.345,48.345,NoButton,Drag,1221,668
48.353,48.353,NoButton,Drag,1221,668
48.373,48.373,NoButton,Drag,1221,668
48.393,48.393,NoButton,Drag,1220,667
48.404,48.404,NoButton,Drag,1220,667
48.421,48.421,NoButton,Drag,1219,667
48.437,48.437,NoButton,Drag,1217,666
48.454,48.454,NoButton,Drag,1213,666
48.471,48.471,NoButton,Drag,1207,666
48.487,48.487,NoButton,Drag,1200,667
48.504,48.504,NoButton,Drag,1194,669
48.521,48.521,NoButton,Drag,1190,671
48.537,48.537,NoButton,Drag,1185,674
48.554,48.554,NoButton,Drag,1178,679
48.571,48.571,NoButton,Drag,1165,683
48.587,48.587,NoButton,Drag,1143,689
48.605,48.605,NoButton,Drag,1107,695
48.621,48.621,NoButton,Drag,1040,700
48.638,48.638,NoButton,Drag,968,701
48.653,48.653,NoButton,Drag,910,703
48.67,48.67,NoButton,Drag,808,706
48.687,48.687,NoButton,Drag,732,707
48.703,48.703,NoButton,Drag,677,711
48.719,48.719,NoButton,Drag,642,716
48.736,48.736,NoButton,Drag,626,720
48.752,48.752,NoButton,Drag,620,722
48.769,48.769,NoButton,Drag,619,722
48.818,48.818,NoButton,Drag,619,722
48.821,48.821,NoButton,Drag,619,722
48.836,48.836,NoButton,Drag,617,724
48.853,48.853,NoButton,Drag,614,726
48.87,48.87,NoButton,Drag,608,728
48.887,48.887,NoButton,Drag,597,730
48.903,48.903,NoButton,Drag,583,731
48.919,48.919,NoButton,Drag,567,731
48.936,48.936,NoButton,Drag,554,731
48.953,48.953,NoButton,Drag,541,731
48.97,48.97,NoButton,Drag,527,731
48.986,48.986,NoButton,Drag,513,731
49.003,49.003,NoButton,Drag,502,729
49.02,49.02,NoButton,Drag,494,728
49.036,49.036,NoButton,Drag,493,727
49.075,49.075,NoButton,Drag,493,727
49.083,49.083,NoButton,Drag,493,727
49.112,49.112,Left,Pressed,493,727
49.113,49.113,NoButton,Drag,493,726
49.191,49.191,NoButton,Drag,493,726
49.2,49.2,NoButton,Drag,493,726
49.203,49.203,NoButton,Drag,493,726
49.207,49.207,NoButton,Drag,493,725
49.211,49.211,NoButton,Drag,493,725
49.215,49.215,NoButton,Drag,493,725
49.22,49.22,Left,Released,493,725
49.22,49.22,NoButton,Drag,493,724
49.236,49.236,NoButton,Drag,493,722
49.253,49.253,NoButton,Drag,493,719
49.271,49.271,NoButton,Drag,494,716
49.287,49.287,NoButton,Drag,495,712
49.304,49.304,NoButton,Drag,497,709
49.321,49.321,NoButton,Drag,501,706
49.338,49.338,NoButton,Drag,506,703
49.355,49.355,NoButton,Drag,512,698
49.371,49.371,NoButton,Drag,519,693
49.388,49.388,NoButton,Drag,527,687
49.401,49.401,NoButton,Drag,531,684
49.417,49.417,NoButton,Drag,536,679
49.434,49.434,NoButton,Drag,544,675
49.451,49.451,NoButton,Drag,560,670
49.468,49.468,NoButton,Drag,588,664
49.484,49.484,NoButton,Drag,627,660
49.501,49.501,NoButton,Drag,682,657
49.518,49.518,NoButton,Drag,768,653
49.534,49.534,NoButton,Drag,843,650
49.552,49.552,NoButton,Drag,921,645
49.569,49.569,NoButton,Drag,999,633
49.584,49.584,NoButton,Drag,1069,617
49.601,49.601,NoButton,Drag,1144,599
49.618,49.618,NoButton,Drag,1194,585
49.634,49.634,NoButton,Drag,1238,573
49.65,49.65,NoButton,Drag,1271,564
49.667,49.667,NoButton,Drag,1295,557
49.683,49.683,NoButton,Drag,1313,552
49.7,49.7,NoButton,Drag,1327,548
49.718,49.718,NoButton,Drag,1339,544
49.734,49.734,NoButton,Drag,1343,543
49.751,49.751,NoButton,Drag,1344,543
49.821,49.821,NoButton,Drag,1344,542
49.825,49.825,NoButton,Drag,1344,542
49.834,49.834,NoButton,Drag,1344,542
49.851,49.851,NoButton,Drag,1344,540
49.867,49.867,NoButton,Drag,1342,537
49.884,49.884,NoButton,Drag,1338,533
49.9,49.9,NoButton,Drag,1328,527
49.917,49.917,NoButton,Drag,1316,521
49.933,49.933,NoButton,Drag,1298,516
49.951,49.951,NoButton,Drag,1288,513
49.968,49.968,NoButton,Drag,1281,511
49.984,49.984,NoButton,Drag,1277,510
50.184,50.184,Left,Pressed,1277,510
50.268,50.268,Left,Released,1277,510
50.315,50.315,NoButton,Drag,1277,510
50.319,50.319,NoButton,Drag,1277,510
50.331,50.331,NoButton,Drag,1276,510
50.347,50.347,NoButton,Drag,1275,509
50.363,50.363,NoButton,Drag,1273,509
50.38,50.38,NoButton,Drag,1271,508
50.397,50.397,NoButton,Drag,1270,508
50.413,50.413,NoButton,Drag,1268,508
50.429,50.429,NoButton,Drag,1266,507
50.446,50.446,NoButton,Drag,1266,507
50.462,50.462,NoButton,Drag,1265,506
50.48,50.48,NoButton,Drag,1264,506
50.497,50.497,NoButton,Drag,1264,505
50.513,50.513,NoButton,Drag,1263,505
50.529,50.529,NoButton,Drag,1263,505
50.546,50.546,NoButton,Drag,1262,504
50.562,50.562,NoButton,Drag,1260,503
50.58,50.58,NoButton,Drag,1257,501
50.597,50.597,NoButton,Drag,1254,499
50.613,50.613,NoButton,Drag,1248,496
50.629,50.629,NoButton,Drag,1241,492
50.646,50.646,NoButton,Drag,1230,486
50.664,50.664,NoButton,Drag,1219,479
50.681,50.681,NoButton,Drag,1207,471
50.697,50.697,NoButton,Drag,1195,463
50.713,50.713,NoButton,Drag,1182,453
50.73,50.73,NoButton,Drag,1174,445
50.747,50.747,NoButton,Drag,1166,437
50.764,50.764,NoButton,Drag,1159,429
50.78,50.78,NoButton,Drag,1154,422
50.797,50.797,NoButton,Drag,1148,414
50.814,50.814,NoButton,Drag,1142,405
50.831,50.831,NoButton,Drag,1137,398
50.848,50.848,NoButton,Drag,1131,390
50.864,50.864,NoButton,Drag,1125,383
50.881,50.881,NoButton,Drag,1119,376
50.897,50.897,NoButton,Drag,1111,367
50.914,50.914,NoButton,Drag,1106,361
50.932,50.932,NoButton,Drag,1102,356
50.948,50.948,NoButton,Drag,1097,350
50.965,50.965,NoButton,Drag,1094,348
50.982,50.982,NoButton,Drag,1089,344
50.998,50.998,NoButton,Drag,1084,340
51.015,51.015,NoButton,Drag,1080,337
51.032,51.032,NoButton,Drag,1077,335
51.048,51.048,NoButton,Drag,1072,331
51.064,51.064,NoButton,Drag,1067,328
51.081,51.081,NoButton,Drag,1063,326
51.098,51.098,NoButton,Drag,1059,324
51.115,51.115,NoButton,Drag,1054,321
51.131,51.131,NoButton,Drag,1044,317
51.148,51.148,NoButton,Drag,1037,315
51.165,51.165,NoButton,Drag,1030,312
51.182,51.182,NoButton,Drag,1021,310
51.199,51.199,NoButton,Drag,1011,307
51.215,51.215,NoButton,Drag,1000,304
51.232,51.232,NoButton,Drag,986,301
51.248,51.248,NoButton,Drag,977,298
51.266,51.266,NoButton,Drag,968,296
51.281,51.281,NoButton,Drag,959,293
51.298,51.298,NoButton,Drag,952,291
51.315,51.315,NoButton,Drag,947,289
51.331,51.331,NoButton,Drag,945,289
51.368,51.368,NoButton,Drag,944,289
51.42,51.42,Left,Pressed,944,289
51.508,51.508,NoButton,Drag,944,288
51.511,51.511,NoButton,Drag,944,288
51.515,51.515,NoButton,Drag,944,288
51.552,51.552,Left,Released,944,288
51.567,51.567,NoButton,Drag,944,288
51.571,51.571,NoButton,Drag,944,287
51.582,51.582,NoButton,Drag,944,287
51.599,51.599,NoButton,Drag,944,287
51.616,51.616,NoButton,Drag,943,286
51.668,51.668,NoButton,Drag,943,286
51.675,51.675,NoButton,Drag,943,286
51.682,51.682,NoButton,Drag,942,286
51.699,51.699,NoButton,Drag,941,286
51.716,51.716,NoButton,Drag,939,287
51.732,51.732,NoButton,Drag,935,288
51.749,51.749,NoButton,Drag,929,290
51.765,51.765,NoButton,Drag,921,292
51.782,51.782,NoButton,Drag,907,296
51.798,51.798,NoButton,Drag,891,304
51.816,51.816,NoButton,Drag,869,316
51.833,51.833,NoButton,Drag,841,331
51.849,51.849,NoButton,Drag,805,349
51.866,51.866,NoButton,Drag,761,372
51.882,51.882,NoButton,Drag,726,391
51.899,51.899,NoButton,Drag,687,413
51.917,51.917,NoButton,Drag,652,434
51.934,51.934,NoButton,Drag,614,458
51.95,51.95,NoButton,Drag,589,475
51.967,51.967,NoButton,Drag,571,490
51.984,51.984,NoButton,Drag,557,503
52,52,NoButton,Drag,549,514
52.017,52.017,NoButton,Drag,542,524
52.033,52.033,NoButton,Drag,538,537
52.05,52.05,NoButton,Drag,535,547
52.067,52.067,NoButton,Drag,532,556
52.084,52.084,NoButton,Drag,530,564
52.101,52.101,NoButton,Drag,528,572
52.117,52.117,NoButton,Drag,526,579
52.134,52.134,NoButton,Drag,524,588
52.151,52.151,NoButton,Drag,522,596
52.167,52.167,NoButton,Drag,520,605
52.186,52.186,NoButton,Drag,517,616
52.202,52.202,NoButton,Drag,515,626
52.219,52.219,NoButton,Drag,512,636
52.236,52.236,NoButton,Drag,511,647
52.253,52.253,NoButton,Drag,510,659
52.269,52.269,NoButton,Drag,510,672
52.286,52.286,NoButton,Drag,510,682
52.303,52.303,NoButton,Drag,510,691
52.32,52.32,NoButton,Drag,510,700
52.336,52.336,NoButton,Drag,511,704
52.354,52.354,NoButton,Drag,513,710
52.371,52.371,NoButton,Drag,514,715
52.387,52.387,NoButton,Drag,520,720
52.404,52.404,NoButton,Drag,536,730
52.42,52.42,NoButton,Drag,547,735
52.584,52.584,NoButton,Drag,548,735
52.587,52.587,NoButton,Drag,550,735
52.604,52.604,NoButton,Drag,562,731
52.621,52.621,NoButton,Drag,563,732
52.638,52.638,NoButton,Drag,557,734
52.655,52.655,NoButton,Drag,550,735
52.671,52.671,NoButton,Drag,538,738
52.687,52.687,NoButton,Drag,497,742
52.704,52.704,NoButton,Drag,441,744
52.722,52.722,NoButton,Drag,373,748
52.738,52.738,NoButton,Drag,312,754
52.755,52.755,NoButton,Drag,259,759
52.771,52.771,NoButton,Drag,211,762
52.788,52.788,NoButton,Drag,154,763
52.805,52.805,NoButton,Drag,116,763
52.821,52.821,NoButton,Drag,93,763
52.838,52.838,NoButton,Drag,85,763
52.886,52.886,NoButton,Drag,84,763
52.897,52.897,NoButton,Drag,84,763
52.905,52.905,NoButton,Drag,84,762
52.921,52.921,NoButton,Drag,84,762
52.938,52.938,NoButton,Drag,85,761
52.954,52.954,NoButton,Drag,86,760
52.972,52.972,NoButton,Drag,88,760
52.988,52.988,NoButton,Drag,91,759
53.005,53.005,NoButton,Drag,95,759
53.021,53.021,NoButton,Drag,102,757
53.038,53.038,NoButton,Drag,110,757
53.055,53.055,NoButton,Drag,123,758
53.071,53.071,NoButton,Drag,138,761
53.088,53.088,NoButton,Drag,151,764
53.105,53.105,NoButton,Drag,161,766
53.122,53.122,NoButton,Drag,171,768
53.139,53.139,NoButton,Drag,176,770
53.155,53.155,NoButton,Drag,181,771
53.172,53.172,NoButton,Drag,184,772
53.188,53.188,NoButton,Drag,185,772
53.23,53.23,NoButton,Drag,186,772
53.306,53.306,NoButton,Drag,186,772
53.313,53.313,NoButton,Drag,186,772
53.322,53.322,NoButton,Drag,186,772
53.339,53.339,NoButton,Drag,188,771
53.356,53.356,NoButton,Drag,191,770
53.373,53.373,NoButton,Drag,196,768
53.389,53.389,NoButton,Drag,202,767
53.406,53.406,NoButton,Drag,209,765
53.424,53.424,NoButton,Drag,216,763
53.44,53.44,NoButton,Drag,219,762
53.488,53.488,Left,Pressed,219,762
53.617,53.617,Left,Released,219,762
53.618,53.618,NoButton,Drag,219,762
53.625,53.625,NoButton,Drag,220,762
53.642,53.642,NoButton,Drag,220,761
53.657,53.657,NoButton,Drag,220,759
53.675,53.675,NoButton,Drag,221,756
53.692,53.692,NoButton,Drag,223,754
53.709,53.709,NoButton,Drag,224,751
53.726,53.726,NoButton,Drag,227,748
53.742,53.742,NoButton,Drag,230,744
53.758,53.758,NoButton,Drag,235,740
53.775,53.775,NoButton,Drag,243,735
53.793,53.793,NoButton,Drag,253,730
53.809,53.809,NoButton,Drag,266,724
53.826,53.826,NoButton,Drag,279,718
53.842,53.842,NoButton,Drag,290,711
53.859,53.859,NoButton,Drag,298,705
53.876,53.876,NoButton,Drag,301,699
53.893,53.893,NoButton,Drag,302,694
53.907,53.907,NoButton,Drag,302,690
53.923,53.923,NoButton,Drag,299,679
53.939,53.939,NoButton,Drag,292,665
53.956,53.956,NoButton,Drag,280,647
53.973,53.973,NoButton,Drag,263,624
53.989,53.989,NoButton,Drag,239,591
54.007,54.007,NoButton,Drag,218,561
54.023,54.023,NoButton,Drag,199,531
54.04,54.04,NoButton,Drag,181,501
54.057,54.057,NoButton,Drag,166,473
54.073,54.073,NoButton,Drag,153,439
54.09,54.09,NoButton,Drag,145,414
54.107,54.107,NoButton,Drag,139,388
54.124,54.124,NoButton,Drag,133,365
54.141,54.141,NoButton,Drag,129,343
54.155,54.155,NoButton,Drag,125,323
54.173,54.173,NoButton,Drag,122,306
54.189,54.189,NoButton,Drag,120,288
54.205,54.205,NoButton,Drag,117,269
54.222,54.222,NoButton,Drag,115,254
54.239,54.239,NoButton,Drag,114,242
54.256,54.256,NoButton,Drag,114,230
54.273,54.273,NoButton,Drag,116,218
54.289,54.289,NoButton,Drag,119,209
54.306,54.306,NoButton,Drag,122,202
54.323,54.323,NoButton,Drag,125,195
54.339,54.339,NoButton,Drag,128,189
54.355,54.355,NoButton,Drag,130,183
54.373,54.373,NoButton,Drag,132,177
54.389,54.389,NoButton,Drag,136,169
54.406,54.406,NoButton,Drag,139,163
54.421,54.421,NoButton,Drag,142,156
54.438,54.438,NoButton,Drag,144,150
54.455,54.455,NoButton,Drag,146,143
54.472,54.472,NoButton,Drag,148,135
54.488,54.488,NoButton,Drag,150,128
54.505,54.505,NoButton,Drag,152,121
54.521,54.521,NoButton,Drag,155,113
54.539,54.539,NoButton,Drag,157,108
54.555,54.555,NoButton,Drag,159,104
54.572,54.572,NoButton,Drag,161,100
54.588,54.588,NoButton,Drag,162,99
54.605,54.605,NoButton,Drag,162,98
54.709,54.709,Left,Pressed,162,98
54.723,54.723,NoButton,Drag,162,98
54.824,54.824,Left,Released,162,98
54.843,54.843,NoButton,Drag,162,98
54.879,54.879,NoButton,Drag,163,98
54.888,54.888,NoButton,Drag,163,98
54.905,54.905,NoButton,Drag,163,98
54.921,54.921,NoButton,Drag,163,99
54.938,54.938,NoButton,Drag,164,99
54.955,54.955,NoButton,Drag,164,101
54.972,54.972,NoButton,Drag,166,104
54.988,54.988,NoButton,Drag,168,109
55.005,55.005,NoButton,Drag,170,116
55.022,55.022,NoButton,Drag,172,125
55.039,55.039,NoButton,Drag,176,136
55.055,55.055,NoButton,Drag,189,153
55.072,55.072,NoButton,Drag,207,169
55.089,55.089,NoButton,Drag,228,184
55.105,55.105,NoButton,Drag,260,201
55.122,55.122,NoButton,Drag,282,213
55.139,55.139,NoButton,Drag,301,223
55.156,55.156,NoButton,Drag,317,232
55.173,55.173,NoButton,Drag,332,240
55.191,55.191,NoButton,Drag,343,246
55.207,55.207,NoButton,Drag,348,249
55.224,55.224,NoButton,Drag,349,250
55.253,55.253,NoButton,Drag,349,250
55.265,55.265,NoButton,Drag,349,250
55.274,55.274,NoButton,Drag,350,250
55.291,55.291,NoButton,Drag,351,249
55.308,55.308,NoButton,Drag,352,248
55.324,55.324,NoButton,Drag,355,245
55.341,55.341,NoButton,Drag,360,243
55.358,55.358,NoButton,Drag,369,240
55.374,55.374,NoButton,Drag,377,238
55.391,55.391,NoButton,Drag,387,235
55.408,55.408,NoButton,Drag,395,233
55.425,55.425,NoButton,Drag,401,232
55.442,55.442,NoButton,Drag,403,231
55.53,55.53,NoButton,Drag,404,231
55.533,55.533,NoButton,Drag,404,231
55.542,55.542,NoButton,Drag,404,231
55.559,55.559,NoButton,Drag,406,231
55.575,55.575,NoButton,Drag,408,230
55.592,55.592,NoButton,Drag,410,230
55.609,55.609,NoButton,Drag,412,230
55.61,55.61,Left,Pressed,412,230
55.693,55.693,Left,Released,412,230
55.716,55.716,NoButton,Drag,412,230
55.751,55.751,NoButton,Drag,412,230
55.755,55.755,NoButton,Drag,412,230
55.759,55.759,NoButton,Drag,412,230
55.776,55.776,NoButton,Drag,412,233
55.793,55.793,NoButton,Drag,412,235
55.809,55.809,NoButton,Drag,412,239
55.826,55.826,NoButton,Drag,412,243
55.843,55.843,NoButton,Drag,412,247
55.86,55.86,NoButton,Drag,417,253
55.877,55.877,NoButton,Drag,423,259
55.893,55.893,NoButton,Drag,433,266
55.914,55.914,NoButton,Drag,456,280
55.931,55.931,NoButton,Drag,490,296
55.947,55.947,NoButton,Drag,533,311
55.964,55.964,NoButton,Drag,591,331
55.98,55.98,NoButton,Drag,637,346
55.997,55.997,NoButton,Drag,685,361
56.014,56.014,NoButton,Drag,731,376
56.031,56.031,NoButton,Drag,776,389
56.047,56.047,NoButton,Drag,824,402
56.064,56.064,NoButton,Drag,855,410
56.08,56.08,NoButton,Drag,880,416
56.097,56.097,NoButton,Drag,899,421
56.115,56.115,NoButton,Drag,913,424
56.131,56.131,NoButton,Drag,923,427
56.147,56.147,NoButton,Drag,935,430
56.168,56.168,NoButton,Drag,944,432
56.185,56.185,NoButton,Drag,948,433
56.201,56.201,NoButton,Drag,948,433
56.314,56.314,NoButton,Drag,949,433
56.317,56.317,NoButton,Drag,949,434
56.325,56.325,NoButton,Drag,948,434
56.335,56.335,NoButton,Drag,947,434
56.351,56.351,NoButton,Drag,943,435
56.368,56.368,NoButton,Drag,940,438
56.384,56.384,NoButton,Drag,938,440
56.401,56.401,NoButton,Drag,934,445
56.419,56.419,NoButton,Drag,931,450
56.436,56.436,NoButton,Drag,929,455
56.452,56.452,NoButton,Drag,927,461
56.469,56.469,NoButton,Drag,923,467
56.486,56.486,NoButton,Drag,919,473
56.503,56.503,NoButton,Drag,915,479
56.52,56.52,NoButton,Drag,911,485
56.537,56.537,NoButton,Drag,908,489
56.553,56.553,NoButton,Drag,908,491
56.57,56.57,NoButton,Drag,907,492
56.598,56.598,Left,Pressed,907,492
56.726,56.726,Left,Released,907,492
56.802,56.802,NoButton,Drag,907,492
56.848,56.848,NoButton,Drag,907,492
56.855,56.855,NoButton,Drag,907,492
56.87,56.87,NoButton,Drag,906,492
56.887,56.887,NoButton,Drag,902,494
56.905,56.905,NoButton,Drag,898,498
56.92,56.92,NoButton,Drag,893,501
56.937,56.937,NoButton,Drag,887,504
56.953,56.953,NoButton,Drag,879,506
56.971,56.971,NoButton,Drag,869,508
56.988,56.988,NoButton,Drag,846,508
57.004,57.004,NoButton,Drag,817,506
57.021,57.021,NoButton,Drag,778,497
57.038,57.038,NoButton,Drag,735,484
57.054,57.054,NoButton,Drag,685,469
57.07,57.07,NoButton,Drag,641,454
57.087,57.087,NoButton,Drag,593,437
57.104,57.104,NoButton,Drag,570,426
57.121,57.121,NoButton,Drag,556,418
57.138,57.138,NoButton,Drag,548,411
57.154,57.154,NoButton,Drag,547,408
57.171,57.171,NoButton,Drag,546,405
57.189,57.189,NoButton,Drag,545,401
57.206,57.206,NoButton,Drag,545,398
57.223,57.223,NoButton,Drag,544,395
57.24,57.24,NoButton,Drag,543,392
57.257,57.257,NoButton,Drag,542,390
57.273,57.273,NoButton,Drag,542,389
57.289,57.289,NoButton,Drag,541,388
57.306,57.306,NoButton,Drag,541,387
57.323,57.323,NoButton,Drag,541,386
57.34,57.34,NoButton,Drag,541,385
57.382,57.382,Left,Pressed,541,385
57.49,57.49,Left,Released,541,385
57.602,57.602,NoButton,Drag,541,385
57.605,57.605,NoButton,Drag,541,385
57.613,57.613,NoButton,Drag,540,385
57.626,57.626,NoButton,Drag,539,385
57.643,57.643,NoButton,Drag,537,385
57.66,57.66,NoButton,Drag,535,386
57.677,57.677,NoButton,Drag,534,386
57.713,57.713,NoButton,Drag,534,386
57.717,57.717,NoButton,Drag,535,386
57.728,57.728,NoButton,Drag,536,386
57.745,57.745,NoButton,Drag,542,385
57.761,57.761,NoButton,Drag,550,383
57.778,57.778,NoButton,Drag,564,377
57.794,57.794,NoButton,Drag,580,370
57.812,57.812,NoButton,Drag,602,360
57.828,57.828,NoButton,Drag,631,346
57.845,57.845,NoButton,Drag,663,330
57.861,57.861,NoButton,Drag,705,313
57.878,57.878,NoButton,Drag,761,289
57.895,57.895,NoButton,Drag,812,270
57.914,57.914,NoButton,Drag,878,243
57.93,57.93,NoButton,Drag,931,221
57.946,57.946,NoButton,Drag,986,200
57.963,57.963,NoButton,Drag,1047,178
57.98,57.98,NoButton,Drag,1085,166
57.997,57.997,NoButton,Drag,1113,157
58.014,58.014,NoButton,Drag,1133,151
58.031,58.031,NoButton,Drag,1144,148
58.047,58.047,NoButton,Drag,1147,148
58.072,58.072,NoButton,Drag,1147,148
58.08,58.08,NoButton,Drag,1147,148
58.098,58.098,NoButton,Drag,1148,149
58.114,58.114,NoButton,Drag,1148,151
58.13,58.13,NoButton,Drag,1148,152
58.16,58.16,NoButton,Drag,1148,152
58.169,58.169,NoButton,Drag,1148,152
58.186,58.186,NoButton,Drag,1148,153
58.202,58.202,NoButton,Drag,1146,155
58.219,58.219,NoButton,Drag,1142,157
58.235,58.235,NoButton,Drag,1138,163
58.253,58.253,NoButton,Drag,1134,168
58.269,58.269,NoButton,Drag,1131,174
58.286,58.286,NoButton,Drag,1129,179
58.303,58.303,NoButton,Drag,1129,181
58.319,58.319,NoButton,Drag,1129,183
58.336,58.336,NoButton,Drag,1129,184
58.353,58.353,NoButton,Drag,1129,184
58.364,58.364,Left,Pressed,1129,184
58.468,58.468,Left,Released,1129,184
58.477,58.477,NoButton,Drag,1128,184
58.495,58.495,NoButton,Drag,1128,184
58.499,58.499,NoButton,Drag,1128,184
58.507,58.507,NoButton,Drag,1128,184
58.524,58.524,NoButton,Drag,1126,184
58.541,58.541,NoButton,Drag,1122,184
58.558,58.558,NoButton,Drag,1115,185
58.574,58.574,NoButton,Drag,1111,186
58.591,58.591,NoButton,Drag,1107,188
58.607,58.607,NoButton,Drag,1104,190
58.625,58.625,NoButton,Drag,1099,193
58.641,58.641,NoButton,Drag,1094,196
58.658,58.658,NoButton,Drag,1091,198
58.677,58.677,NoButton,Drag,1088,200
58.693,58.693,NoButton,Drag,1086,202
58.709,58.709,NoButton,Drag,1080,205
58.726,58.726,NoButton,Drag,1072,210
58.743,58.743,NoButton,Drag,1057,217
58.76,58.76,NoButton,Drag,1029,228
58.777,58.777,NoButton,Drag,987,243
58.793,58.793,NoButton,Drag,937,264
58.81,58.81,NoButton,Drag,867,299
58.827,58.827,NoButton,Drag,804,335
58.843,58.843,NoButton,Drag,739,373
58.86,58.86,NoButton,Drag,674,416
58.877,58.877,NoButton,Drag,617,460
58.893,58.893,NoButton,Drag,571,518
58.91,58.91,NoButton,Drag,543,562
58.927,58.927,NoButton,Drag,524,604
58.946,58.946,NoButton,Drag,507,645
58.963,58.963,NoButton,Drag,499,672
58.979,58.979,NoButton,Drag,491,697
58.996,58.996,NoButton,Drag,485,721
59.012,59.012,NoButton,Drag,480,738
59.029,59.029,NoButton,Drag,476,754
59.047,59.047,NoButton,Drag,474,763
59.063,59.063,NoButton,Drag,473,768
59.079,59.079,NoButton,Drag,473,771
59.096,59.096,NoButton,Drag,473,772
59.136,59.136,NoButton,Drag,474,772
59.244,59.244,Left,Pressed,474,772
59.321,59.321,NoButton,Drag,474,772
59.396,59.396,Left,Released,474,772
59.411,59.411,NoButton,Drag,474,772
59.415,59.415,NoButton,Drag,474,772
59.432,59.432,NoButton,Drag,473,771
59.448,59.448,NoButton,Drag,473,771
59.465,59.465,NoButton,Drag,473,770
59.484,59.484,NoButton,Drag,473,770
59.498,59.498,NoButton,Drag,473,770
59.515,59.515,NoButton,Drag,473,769
59.532,59.532,NoButton,Drag,474,768
59.548,59.548,NoButton,Drag,474,766
59.566,59.566,NoButton,Drag,474,764
59.582,59.582,NoButton,Drag,475,763
59.599,59.599,NoButton,Drag,475,762
59.615,59.615,NoButton,Drag,475,762
59.632,59.632,NoButton,Drag,476,761
59.649,59.649,NoButton,Drag,479,759
59.662,59.662,NoButton,Drag,485,757
59.678,59.678,NoButton,Drag,506,752
59.696,59.696,NoButton,Drag,548,741
59.711,59.711,NoButton,Drag,618,725
59.729,59.729,NoButton,Drag,715,705
59.745,59.745,NoButton,Drag,832,686
59.762,59.762,NoButton,Drag,985,662
59.779,59.779,NoButton,Drag,1095,639
59.796,59.796,NoButton,Drag,1187,614
59.812,59.812,NoButton,Drag,1263,590
59.829,59.829,NoButton,Drag,1328,571
59.845,59.845,NoButton,Drag,1384,554
59.862,59.862,NoButton,Drag,1420,545
59.879,59.879,NoButton,Drag,1439,539
59.895,59.895,NoButton,Drag,1439,535
59.912,59.912,NoButton,Drag,1439,534
59.928,59.928,NoButton,Drag,1439,534
59.944,59.944,NoButton,Drag,1439,534
59.961,59.961,NoButton,Drag,1439,535
59.978,59.978,NoButton,Drag,1439,536
59.994,59.994,NoButton,Drag,1439,536
60.054,60.054,NoButton,Drag,1439,536
60.058,60.058,NoButton,Drag,1439,537
60.062,60.062,NoButton,Drag,1439,537
60.078,60.078,NoButton,Drag,1438,537
60.096,60.096,NoButton,Drag,1436,539
60.112,60.112,NoButton,Drag,1431,542
60.129,60.129,NoButton,Drag,1424,547
60.145,60.145,NoButton,Drag,1412,554
60.162,60.162,NoButton,Drag,1396,564
60.177,60.177,NoButton,Drag,1385,572
60.194,60.194,NoButton,Drag,1376,577
60.211,60.211,NoButton,Drag,1371,580
60.228,60.228,NoButton,Drag,1369,582
60.245,60.245,NoButton,Drag,1367,583
60.262,60.262,NoButton,Drag,1366,584
60.279,60.279,NoButton,Drag,1366,584
60.336,60.336,NoButton,Drag,1366,584
60.343,60.343,NoButton,Drag,1366,585
60.347,60.347,NoButton,Drag,1366,585
60.362,60.362,NoButton,Drag,1367,586
60.378,60.378,NoButton,Drag,1369,587
60.395,60.395,NoButton,Drag,1370,588
60.412,60.412,NoButton,Drag,1372,590
60.427,60.427,NoButton,Drag,1373,592
60.444,60.444,NoButton,Drag,1375,595
60.461,60.461,NoButton,Drag,1375,600
60.478,60.478,NoButton,Drag,1374,605
60.495,60.495,NoButton,Drag,1373,612
60.511,60.511,NoButton,Drag,1371,619
60.528,60.528,NoButton,Drag,1368,629
60.545,60.545,NoButton,Drag,1368,634
60.561,60.561,NoButton,Drag,1368,637
60.579,60.579,NoButton,Drag,1368,637
60.611,60.611,NoButton,Drag,1368,637
60.664,60.664,Left,Pressed,1368,637
60.665,60.665,NoButton,Drag,1368,636
60.752,60.752,NoButton,Drag,1367,636
60.763,60.763,NoButton,Drag,1367,636
60.772,60.772,Left,Released,1367,636
60.773,60.773,NoButton,Drag,1367,636
60.78,60.78,NoButton,Drag,1367,636
60.792,60.792,NoButton,Drag,1366,636
60.809,60.809,NoButton,Drag,1365,635
60.826,60.826,NoButton,Drag,1360,634
60.842,60.842,NoButton,Drag,1351,634
60.859,60.859,NoButton,Drag,1340,631
60.877,60.877,NoButton,Drag,1326,628
60.893,60.893,NoButton,Drag,1309,624
60.909,60.909,NoButton,Drag,1285,623
60.921,60.921,NoButton,Drag,1277,623
60.938,60.938,NoButton,Drag,1262,624
60.955,60.955,NoButton,Drag,1251,627
60.971,60.971,NoButton,Drag,1239,630
60.988,60.988,NoButton,Drag,1225,633
61.004,61.004,NoButton,Drag,1205,638
61.021,61.021,NoButton,Drag,1181,645
61.038,61.038,NoButton,Drag,1153,654
61.055,61.055,NoButton,Drag,1138,662
61.072,61.072,NoButton,Drag,1130,669
61.088,61.088,NoButton,Drag,1127,675
61.105,61.105,NoButton,Drag,1127,683
61.122,61.122,NoButton,Drag,1133,696
61.138,61.138,NoButton,Drag,1142,706
61.155,61.155,NoButton,Drag,1152,715
61.173,61.173,NoButton,Drag,1162,722
61.19,61.19,NoButton,Drag,1170,726
61.206,61.206,NoButton,Drag,1171,726
61.223,61.223,NoButton,Drag,1172,726
61.239,61.239,NoButton,Drag,1173,726
61.256,61.256,NoButton,Drag,1173,725
61.273,61.273,NoButton,Drag,1174,724
61.289,61.289,NoButton,Drag,1177,721
61.306,61.306,NoButton,Drag,1177,721
61.358,61.358,Left,Pressed,1177,721
61.464,61.464,NoButton,Drag,1177,720
61.468,61.468,Left,Released,1177,720
61.471,61.471,NoButton,Drag,1177,720
61.477,61.477,NoButton,Drag,1177,720
61.491,61.491,NoButton,Drag,1177,719
61.507,61.507,NoButton,Drag,1176,718
61.524,61.524,NoButton,Drag,1175,717
61.54,61.54,NoButton,Drag,1174,717
61.558,61.558,NoButton,Drag,1173,716
61.573,61.573,NoButton,Drag,1172,716
61.591,61.591,NoButton,Drag,1170,716
61.607,61.607,NoButton,Drag,1169,717
61.624,61.624,NoButton,Drag,1169,717
61.641,61.641,NoButton,Drag,1168,717
61.657,61.657,NoButton,Drag,1167,718
61.676,61.676,NoButton,Drag,1162,718
61.691,61.691,NoButton,Drag,1152,718
61.708,61.708,NoButton,Drag,1135,716
61.724,61.724,NoButton,Drag,1108,709
61.742,61.742,NoButton,Drag,1067,695
61.759,61.759,NoButton,Drag,1019,677
61.775,61.775,NoButton,Drag,967,656
61.792,61.792,NoButton,Drag,897,625
61.808,61.808,NoButton,Drag,849,602
61.825,61.825,NoButton,Drag,812,577
61.842,61.842,NoButton,Drag,782,554
61.859,61.859,NoButton,Drag,752,529
61.875,61.875,NoButton,Drag,717,497
61.892,61.892,NoButton,Drag,689,471
61.909,61.909,NoButton,Drag,662,447
61.923,61.923,NoButton,Drag,645,430
61.94,61.94,NoButton,Drag,620,404
61.956,61.956,NoButton,Drag,603,386
61.973,61.973,NoButton,Drag,588,369
61.989,61.989,NoButton,Drag,574,351
62.006,62.006,NoButton,Drag,566,339
62.023,62.023,NoButton,Drag,562,328
62.039,62.039,NoButton,Drag,561,319
62.056,62.056,NoButton,Drag,561,312
62.073,62.073,NoButton,Drag,562,305
62.09,62.09,NoButton,Drag,562,299
62.106,62.106,NoButton,Drag,562,293
62.123,62.123,NoButton,Drag,562,287
62.14,62.14,NoButton,Drag,562,280
62.156,62.156,NoButton,Drag,562,273
62.171,62.171,NoButton,Drag,561,267
62.188,62.188,NoButton,Drag,559,260
62.205,62.205,NoButton,Drag,557,253
62.221,62.221,NoButton,Drag,552,244
62.238,62.238,NoButton,Drag,548,237
62.255,62.255,NoButton,Drag,543,229
62.271,62.271,NoButton,Drag,537,220
62.289,62.289,NoButton,Drag,531,211
62.305,62.305,NoButton,Drag,525,202
62.321,62.321,NoButton,Drag,516,190
62.339,62.339,NoButton,Drag,511,182
62.355,62.355,NoButton,Drag,507,177
62.371,62.371,NoButton,Drag,505,174
62.389,62.389,NoButton,Drag,504,172
62.405,62.405,NoButton,Drag,503,171
62.42,62.42,NoButton,Drag,503,170
62.572,62.572,NoButton,Drag,503,170
62.575,62.575,NoButton,Drag,502,170
62.588,62.588,NoButton,Drag,502,171
62.604,62.604,NoButton,Drag,502,173
62.622,62.622,NoButton,Drag,502,174
62.638,62.638,NoButton,Drag,501,175
62.655,62.655,NoButton,Drag,500,177
62.67,62.67,NoButton,Drag,498,179
62.687,62.687,NoButton,Drag,497,181
62.703,62.703,NoButton,Drag,495,184
62.72,62.72,NoButton,Drag,494,185
62.72,62.72,Left,Pressed,494,185
62.724,62.724,NoButton,Drag,494,186
62.727,62.727,NoButton,Drag,494,186
62.851,62.851,Left,Released,494,186
62.875,62.875,NoButton,Drag,493,186
62.887,62.887,NoButton,Drag,493,186
62.903,62.903,NoButton,Drag,493,186
62.923,62.923,NoButton,Drag,492,186
62.94,62.94,NoButton,Drag,492,187
62.956,62.956,NoButton,Drag,491,189
62.973,62.973,NoButton,Drag,490,193
62.991,62.991,NoButton,Drag,490,200
63.006,63.006,NoButton,Drag,490,207
63.023,63.023,NoButton,Drag,490,215
63.04,63.04,NoButton,Drag,488,223
63.057,63.057,NoButton,Drag,486,233
63.074,63.074,NoButton,Drag,485,247
63.091,63.091,NoButton,Drag,487,262
63.107,63.107,NoButton,Drag,493,279
63.124,63.124,NoButton,Drag,510,299
63.14,63.14,NoButton,Drag,533,315
63.158,63.158,NoButton,Drag,564,329
63.174,63.174,NoButton,Drag,609,342
63.193,63.193,NoButton,Drag,640,349
63.209,63.209,NoButton,Drag,673,352
63.227,63.227,NoButton,Drag,692,352
63.243,63.243,NoButton,Drag,706,351
63.26,63.26,NoButton,Drag,715,348
63.276,63.276,NoButton,Drag,721,344
63.293,63.293,NoButton,Drag,726,340
63.311,63.311,NoButton,Drag,731,336
63.327,63.327,NoButton,Drag,737,332
63.344,63.344,NoButton,Drag,746,328
63.361,63.361,NoButton,Drag,756,325
63.377,63.377,NoButton,Drag,768,321
63.394,63.394,NoButton,Drag,780,318
63.411,63.411,NoButton,Drag,787,316
63.429,63.429,NoButton,Drag,790,314
63.446,63.446,NoButton,Drag,790,314
63.462,63.462,NoButton,Drag,791,314
63.478,63.478,NoButton,Drag,791,313
63.496,63.496,NoButton,Drag,792,312
63.512,63.512,NoButton,Drag,794,311
63.529,63.529,NoButton,Drag,800,309
63.545,63.545,NoButton,Drag,817,308
63.563,63.563,NoButton,Drag,834,306
63.579,63.579,NoButton,Drag,850,304
63.596,63.596,NoButton,Drag,861,301
63.612,63.612,NoButton,Drag,868,300
63.629,63.629,NoButton,Drag,871,298
63.646,63.646,NoButton,Drag,872,298
63.662,63.662,NoButton,Drag,872,297
63.679,63.679,NoButton,Drag,872,297
63.696,63.696,NoButton,Drag,872,295
63.713,63.713,NoButton,Drag,870,293
63.729,63.729,NoButton,Drag,869,292
63.746,63.746,NoButton,Drag,868,291
63.762,63.762,NoButton,Drag,868,291
63.78,63.78,NoButton,Drag,868,290
63.796,63.796,NoButton,Drag,867,289
63.813,63.813,NoButton,Drag,865,289
63.83,63.83,NoButton,Drag,864,288
63.846,63.846,NoButton,Drag,862,288
63.863,63.863,NoButton,Drag,861,288
63.88,63.88,NoButton,Drag,859,288
63.897,63.897,NoButton,Drag,857,288
63.914,63.914,NoButton,Drag,856,289
63.93,63.93,NoButton,Drag,855,290
63.946,63.946,NoButton,Drag,855,290
63.983,63.983,NoButton,Drag,854,290
64.007,64.007,NoButton,Drag,854,290
64.015,64.015,NoButton,Drag,854,290
64.036,64.036,Left,Pressed,854,290
64.128,64.128,Left,Released,854,290
64.155,64.155,NoButton,Drag,854,290
64.175,64.175,NoButton,Drag,854,290
64.187,64.187,NoButton,Drag,853,290
64.197,64.197,NoButton,Drag,853,290
64.214,64.214,NoButton,Drag,852,290
64.231,64.231,NoButton,Drag,851,291
64.247,64.247,NoButton,Drag,850,291
64.263,64.263,NoButton,Drag,846,292
64.281,64.281,NoButton,Drag,843,293
64.297,64.297,NoButton,Drag,839,295
64.313,64.313,NoButton,Drag,837,297
64.33,64.33,NoButton,Drag,837,298
64.348,64.348,NoButton,Drag,839,301
64.364,64.364,NoButton,Drag,846,304
64.381,64.381,NoButton,Drag,861,307
64.397,64.397,NoButton,Drag,882,307
64.414,64.414,NoButton,Drag,899,306
64.43,64.43,NoButton,Drag,916,302
64.447,64.447,NoButton,Drag,934,297
64.463,64.463,NoButton,Drag,951,291
64.481,64.481,NoButton,Drag,969,285
64.497,64.497,NoButton,Drag,988,276
64.514,64.514,NoButton,Drag,1017,264
64.53,64.53,NoButton,Drag,1043,252
64.547,64.547,NoButton,Drag,1068,239
64.564,64.564,NoButton,Drag,1093,225
64.58,64.58,NoButton,Drag,1114,214
64.597,64.597,NoButton,Drag,1135,205
64.614,64.614,NoButton,Drag,1152,199
64.631,64.631,NoButton,Drag,1165,195
64.647,64.647,NoButton,Drag,1174,192
64.665,64.665,NoButton,Drag,1177,191
64.754,64.754,NoButton,Drag,1178,191
64.789,64.789,NoButton,Drag,1178,191
64.805,64.805,NoButton,Drag,1178,191
64.817,64.817,NoButton,Drag,1178,191
64.833,64.833,NoButton,Drag,1179,191
64.849,64.849,NoButton,Drag,1179,191
64.865,64.865,NoButton,Drag,1181,191
64.882,64.882,NoButton,Drag,1183,189
64.899,64.899,NoButton,Drag,1187,187
64.916,64.916,NoButton,Drag,1191,184
64.933,64.933,NoButton,Drag,1195,181
64.949,64.949,NoButton,Drag,1199,179
64.965,64.965,NoButton,Drag,1201,177
64.983,64.983,NoButton,Drag,1202,175
65,65,NoButton,Drag,1203,174
65.039,65.039,NoButton,Drag,1203,174
65.043,65.043,NoButton,Drag,1203,173
65.05,65.05,NoButton,Drag,1204,173
65.066,65.066,NoButton,Drag,1204,173
65.082,65.082,NoButton,Drag,1205,172
65.099,65.099,NoButton,Drag,1206,171
65.116,65.116,NoButton,Drag,1206,170
65.133,65.133,NoButton,Drag,1207,169
65.15,65.15,NoButton,Drag,1208,168
65.166,65.166,NoButton,Drag,1209,167
65.183,65.183,NoButton,Drag,1211,166
65.199,65.199,NoButton,Drag,1212,164
65.216,65.216,NoButton,Drag,1213,163
65.232,65.232,NoButton,Drag,1214,161
65.249,65.249,NoButton,Drag,1215,160
65.266,65.266,NoButton,Drag,1217,158
65.282,65.282,NoButton,Drag,1218,157
65.3,65.3,NoButton,Drag,1218,157
65.402,65.402,Left,Pressed,1218,157
65.461,65.461,NoButton,Drag,1218,157
65.469,65.469,NoButton,Drag,1219,157
65.473,65.473,NoButton,Drag,1219,156
65.481,65.481,NoButton,Drag,1219,156
65.486,65.486,Left,Released,1219,156
65.586,65.586,NoButton,Drag,1219,156
65.609,65.609,NoButton,Drag,1219,156
65.625,65.625,NoButton,Drag,1218,156
65.67,65.67,NoButton,Drag,1218,156
65.681,65.681,NoButton,Drag,1218,156
65.697,65.697,NoButton,Drag,1217,157
65.713,65.713,NoButton,Drag,1214,158
65.729,65.729,NoButton,Drag,1204,160
65.746,65.746,NoButton,Drag,1188,164
65.763,65.763,NoButton,Drag,1158,171
65.78,65.78,NoButton,Drag,1116,177
65.796,65.796,NoButton,Drag,1060,182
65.813,65.813,NoButton,Drag,989,184
65.83,65.83,NoButton,Drag,894,184
65.847,65.847,NoButton,Drag,819,184
65.863,65.863,NoButton,Drag,746,184
65.881,65.881,NoButton,Drag,689,185
65.896,65.896,NoButton,Drag,654,185
65.913,65.913,NoButton,Drag,637,187
65.93,65.93,NoButton,Drag,631,188
65.948,65.948,NoButton,Drag,630,188
66.144,66.144,NoButton,Drag,630,188
66.16,66.16,NoButton,Drag,630,188
66.167,66.167,NoButton,Drag,631,188
66.181,66.181,NoButton,Drag,631,188
66.22,66.22,NoButton,Drag,631,188
66.26,66.26,Left,Pressed,631,188
66.332,66.332,Left,Released,631,188
66.348,66.348,NoButton,Drag,632,188
66.365,66.365,NoButton,Drag,631,188
66.367,66.367,NoButton,Drag,631,188
66.391,66.391,NoButton,Drag,631,187
66.399,66.399,NoButton,Drag,631,187
66.417,66.417,NoButton,Drag,630,187
66.432,66.432,NoButton,Drag,630,186
66.45,66.45,NoButton,Drag,629,185
66.466,66.466,NoButton,Drag,627,185
66.483,66.483,NoButton,Drag,624,185
66.499,66.499,NoButton,Drag,617,187
66.516,66.516,NoButton,Drag,611,188
66.533,66.533,NoButton,Drag,602,191
66.549,66.549,NoButton,Drag,590,194
66.566,66.566,NoButton,Drag,570,199
66.583,66.583,NoButton,Drag,553,204
66.6,66.6,NoButton,Drag,537,210
66.616,66.616,NoButton,Drag,525,217
66.633,66.633,NoButton,Drag,516,223
66.65,66.65,NoButton,Drag,507,230
66.666,66.666,NoButton,Drag,500,236
66.684,66.684,NoButton,Drag,492,241
66.701,66.701,NoButton,Drag,484,246
66.717,66.717,NoButton,Drag,474,251
66.735,66.735,NoButton,Drag,463,254
66.751,66.751,NoButton,Drag,451,254
66.768,66.768,NoButton,Drag,436,252
66.784,66.784,NoButton,Drag,418,248
66.802,66.802,NoButton,Drag,392,240
66.818,66.818,NoButton,Drag,373,234
66.835,66.835,NoButton,Drag,355,227
66.852,66.852,NoButton,Drag,336,219
66.869,66.869,NoButton,Drag,318,211
66.885,66.885,NoButton,Drag,303,202
66.902,66.902,NoButton,Drag,286,191
66.918,66.918,NoButton,Drag,277,184
66.935,66.935,NoButton,Drag,275,182
66.952,66.952,NoButton,Drag,274,181
66.969,66.969,NoButton,Drag,274,180
66.986,66.986,NoButton,Drag,274,180
67.002,67.002,NoButton,Drag,274,179
67.019,67.019,NoButton,Drag,274,179
67.036,67.036,NoButton,Drag,274,178
67.118,67.118,NoButton,Drag,274,178
67.133,67.133,NoButton,Drag,274,178
67.137,67.137,NoButton,Drag,274,177
67.153,67.153,NoButton,Drag,274,176
67.169,67.169,NoButton,Drag,273,173
67.187,67.187,NoButton,Drag,272,169
67.203,67.203,NoButton,Drag,270,163
67.22,67.22,NoButton,Drag,266,157
67.236,67.236,NoButton,Drag,263,151
67.253,67.253,NoButton,Drag,261,147
67.27,67.27,NoButton,Drag,260,144
67.286,67.286,NoButton,Drag,259,143
67.303,67.303,NoButton,Drag,259,141
67.32,67.32,NoButton,Drag,259,141
67.364,67.364,Left,Pressed,259,141
67.431,67.431,NoButton,Drag,259,141
67.435,67.435,NoButton,Drag,259,142
67.44,67.44,NoButton,Drag,260,142
67.443,67.443,NoButton,Drag,261,142
67.447,67.447,NoButton,Drag,262,143
67.451,67.451,NoButton,Drag,264,144
67.455,67.455,NoButton,Drag,267,146
67.459,67.459,NoButton,Drag,270,147
67.463,67.463,NoButton,Drag,274,148
67.467,67.467,NoButton,Drag,279,150
67.471,67.471,NoButton,Drag,285,151
67.475,67.475,NoButton,Drag,293,154
67.479,67.479,NoButton,Drag,304,158
67.483,67.483,NoButton,Drag,315,161
67.487,67.487,NoButton,Drag,328,166
67.491,67.491,NoButton,Drag,342,170
67.495,67.495,NoButton,Drag,356,174
67.499,67.499,NoButton,Drag,372,179
67.503,67.503,NoButton,Drag,390,184
67.507,67.507,NoButton,Drag,407,189
67.511,67.511,NoButton,Drag,426,194
67.515,67.515,NoButton,Drag,445,200
67.519,67.519,NoButton,Drag,464,206
67.523,67.523,NoButton,Drag,484,212
67.527,67.527,NoButton,Drag,505,217
67.531,67.531,NoButton,Drag,527,223
67.535,67.535,NoButton,Drag,551,228
67.539,67.539,NoButton,Drag,576,234
67.543,67.543,NoButton,Drag,603,240
67.547,67.547,NoButton,Drag,632,246
67.551,67.551,NoButton,Drag,661,251
67.555,67.555,NoButton,Drag,690,256
67.559,67.559,NoButton,Drag,720,263
67.563,67.563,NoButton,Drag,751,268
67.567,67.567,NoButton,Drag,780,274
67.571,67.571,NoButton,Drag,808,279
67.575,67.575,NoButton,Drag,838,284
67.579,67.579,NoButton,Drag,865,290
67.583,67.583,NoButton,Drag,892,294
67.587,67.587,NoButton,Drag,920,299
67.591,67.591,NoButton,Drag,944,303
67.595,67.595,NoButton,Drag,969,307
67.599,67.599,NoButton,Drag,993,311
67.603,67.603,NoButton,Drag,1014,314
67.607,67.607,NoButton,Drag,1035,317
67.611,67.611,NoButton,Drag,1055,321
67.615,67.615,NoButton,Drag,1073,323
67.619,67.619,NoButton,Drag,1089,325
67.623,67.623,NoButton,Drag,1106,327
67.627,67.627,NoButton,Drag,1120,329
67.631,67.631,NoButton,Drag,1135,331
67.635,67.635,NoButton,Drag,1149,333
67.639,67.639,NoButton,Drag,1163,335
67.643,67.643,NoButton,Drag,1177,337
67.647,67.647,NoButton,Drag,1190,337
67.651,67.651,NoButton,Drag,1204,338
67.655,67.655,NoButton,Drag,1217,339
67.659,67.659,NoButton,Drag,1230,339
67.663,67.663,NoButton,Drag,1242,340
67.667,67.667,NoButton,Drag,1255,341
67.671,67.671,NoButton,Drag,1268,342
67.675,67.675,NoButton,Drag,1279,342
67.679,67.679,NoButton,Drag,1291,342
67.683,67.683,NoButton,Drag,1303,342
67.687,67.687,NoButton,Drag,1314,342
67.691,67.691,NoButton,Drag,1324,342
67.695,67.695,NoButton,Drag,1335,342
67.699,67.699,NoButton,Drag,1345,342
67.703,67.703,NoButton,Drag,1354,342
67.707,67.707,NoButton,Drag,1363,342
67.711,67.711,NoButton,Drag,1372,342
67.715,67.715,NoButton,Drag,1380,342
67.719,67.719,NoButton,Drag,1387,342
67.721,67.721,NoButton,Drag,1394,342
67.725,67.725,NoButton,Drag,1399,342
67.729,67.729,NoButton,Drag,1405,342
67.733,67.733,NoButton,Drag,1410,342
67.737,67.737,NoButton,Drag,1414,341
67.741,67.741,NoButton,Drag,1418,341
67.745,67.745,NoButton,Drag,1422,341
67.749,67.749,NoButton,Drag,1425,341
67.753,67.753,NoButton,Drag,1427,340
67.757,67.757,NoButton,Drag,1428,340
67.761,67.761,NoButton,Drag,1429,340
67.765,67.765,NoButton,Drag,1430,340
67.806,67.806,NoButton,Drag,1430,339
67.813,67.813,NoButton,Drag,1430,339
67.821,67.821,NoButton,Drag,1430,339
67.825,67.825,NoButton,Drag,1430,339
67.829,67.829,NoButton,Drag,1430,338
67.837,67.837,NoButton,Drag,1430,338
67.845,67.845,NoButton,Drag,1430,338
67.849,67.849,NoButton,Drag,1430,338
67.853,67.853,NoButton,Drag,1430,337
67.857,67.857,NoButton,Drag,1429,337
67.861,67.861,NoButton,Drag,1429,337
67.865,67.865,NoButton,Drag,1429,336
67.869,67.869,NoButton,Drag,1429,336
67.873,67.873,NoButton,Drag,1429,335
67.877,67.877,NoButton,Drag,1429,335
67.881,67.881,NoButton,Drag,1428,334
67.885,67.885,NoButton,Drag,1427,333
67.889,67.889,NoButton,Drag,1427,332
67.893,67.893,NoButton,Drag,1426,331
67.897,67.897,NoButton,Drag,1425,330
67.901,67.901,NoButton,Drag,1424,329
67.905,67.905,NoButton,Drag,1423,328
67.909,67.909,NoButton,Drag,1422,326
67.913,67.913,NoButton,Drag,1420,324
67.917,67.917,NoButton,Drag,1418,322
67.921,67.921,NoButton,Drag,1416,319
67.925,67.925,NoButton,Drag,1414,317
67.929,67.929,NoButton,Drag,1412,315
67.933,67.933,NoButton,Drag,1409,312
67.937,67.937,NoButton,Drag,1407,310
67.941,67.941,NoButton,Drag,1405,308
67.945,67.945,NoButton,Drag,1403,305
67.949,67.949,NoButton,Drag,1401,303
67.953,67.953,NoButton,Drag,1400,301
67.957,67.957,NoButton,Drag,1398,298
67.961,67.961,NoButton,Drag,1396,297
67.965,67.965,NoButton,Drag,1395,294
67.969,67.969,NoButton,Drag,1393,293
67.973,67.973,NoButton,Drag,1392,290
67.977,67.977,NoButton,Drag,1390,288
67.981,67.981,NoButton,Drag,1389,286
67.985,67.985,NoButton,Drag,1387,284
67.989,67.989,NoButton,Drag,1385,282
67.993,67.993,NoButton,Drag,1384,279
67.997,67.997,NoButton,Drag,1382,277
68.001,68.001,NoButton,Drag,1381,274
68.005,68.005,NoButton,Drag,1379,272
68.009,68.009,NoButton,Drag,1378,271
68.013,68.013,NoButton,Drag,1376,268
68.017,68.017,NoButton,Drag,1374,267
68.021,68.021,NoButton,Drag,1373,264
68.025,68.025,NoButton,Drag,1371,262
68.029,68.029,NoButton,Drag,1370,260
68.033,68.033,NoButton,Drag,1369,258
68.037,68.037,NoButton,Drag,1367,257
68.041,68.041,NoButton,Drag,1366,255
68.045,68.045,NoButton,Drag,1365,254
68.049,68.049,NoButton,Drag,1364,253
68.053,68.053,NoButton,Drag,1364,253
68.057,68.057,NoButton,Drag,1364,252
68.061,68.061,NoButton,Drag,1363,251
68.065,68.065,NoButton,Drag,1363,251
68.069,68.069,NoButton,Drag,1363,251
68.073,68.073,NoButton,Drag,1362,250
68.077,68.077,NoButton,Drag,1362,250
68.081,68.081,NoButton,Drag,1362,250
68.085,68.085,NoButton,Drag,1362,250
68.089,68.089,NoButton,Drag,1362,249
68.093,68.093,NoButton,Drag,1361,249
68.105,68.105,NoButton,Drag,1361,249
68.113,68.113,NoButton,Drag,1361,249
68.121,68.121,NoButton,Drag,1361,248
68.133,68.133,NoButton,Drag,1360,248
68.141,68.141,NoButton,Drag,1360,248
68.145,68.145,NoButton,Drag,1360,248
68.149,68.149,NoButton,Drag,1360,247
68.153,68.153,NoButton,Drag,1360,247
68.157,68.157,NoButton,Drag,1359,247
68.161,68.161,NoButton,Drag,1359,247
68.165,68.165,NoButton,Drag,1359,246
68.169,68.169,NoButton,Drag,1358,246
68.173,68.173,NoButton,Drag,1358,246
68.177,68.177,NoButton,Drag,1358,246
68.181,68.181,NoButton,Drag,1357,245
68.185,68.185,NoButton,Drag,1357,245
68.19,68.19,NoButton,Drag,1357,244
68.194,68.194,Left,Released,1357,244
68.194,68.194,NoButton,Drag,1356,244
68.208,68.208,NoButton,Drag,1355,242
68.225,68.225,NoButton,Drag,1353,240
68.241,68.241,NoButton,Drag,1350,238
68.258,68.258,NoButton,Drag,1349,237
68.276,68.276,NoButton,Drag,1347,237
68.291,68.291,NoButton,Drag,1343,237
68.308,68.308,NoButton,Drag,1333,243
68.325,68.325,NoButton,Drag,1320,251
68.342,68.342,NoButton,Drag,1302,262
68.358,68.358,NoButton,Drag,1272,277
68.375,68.375,NoButton,Drag,1212,299
68.393,68.393,NoButton,Drag,1152,317
68.409,68.409,NoButton,Drag,1080,334
68.426,68.426,NoButton,Drag,1004,345
68.442,68.442,NoButton,Drag,932,355
68.459,68.459,NoButton,Drag,870,361
68.475,68.475,NoButton,Drag,804,364
68.492,68.492,NoButton,Drag,763,364
68.509,68.509,NoButton,Drag,735,361
68.526,68.526,NoButton,Drag,714,356
68.543,68.543,NoButton,Drag,698,352
68.559,68.559,NoButton,Drag,686,348
68.576,68.576,NoButton,Drag,673,344
68.592,68.592,NoButton,Drag,664,340
68.609,68.609,NoButton,Drag,657,336
68.626,68.626,NoButton,Drag,647,331
68.643,68.643,NoButton,Drag,635,327
68.659,68.659,NoButton,Drag,619,323
68.676,68.676,NoButton,Drag,605,319
68.693,68.693,NoButton,Drag,591,317
68.71,68.71,NoButton,Drag,571,315
68.726,68.726,NoButton,Drag,548,315
68.743,68.743,NoButton,Drag,525,315
68.759,68.759,NoButton,Drag,495,315
68.777,68.777,NoButton,Drag,470,315
68.793,68.793,NoButton,Drag,449,315
68.81,68.81,NoButton,Drag,435,316
68.826,68.826,NoButton,Drag,426,316
68.843,68.843,NoButton,Drag,419,317
68.986,68.986,Left,Pressed,419,317
69.006,69.006,NoButton,Drag,419,317
69.013,69.013,NoButton,Drag,419,317
69.017,69.017,NoButton,Drag,418,318
69.021,69.021,NoButton,Drag,418,318
69.025,69.025,NoButton,Drag,417,318
69.029,69.029,NoButton,Drag,417,319
69.033,69.033,NoButton,Drag,416,319
69.037,69.037,NoButton,Drag,414,319
69.042,69.042,NoButton,Drag,413,320
69.045,69.045,NoButton,Drag,412,320
69.049,69.049,NoButton,Drag,411,321
69.053,69.053,NoButton,Drag,409,321
69.057,69.057,NoButton,Drag,408,322
69.061,69.061,NoButton,Drag,406,323
69.065,69.065,NoButton,Drag,405,324
69.069,69.069,NoButton,Drag,404,325
69.073,69.073,NoButton,Drag,402,325
69.077,69.077,NoButton,Drag,401,326
69.081,69.081,NoButton,Drag,400,326
69.085,69.085,NoButton,Drag,399,326
69.089,69.089,NoButton,Drag,399,327
69.093,69.093,NoButton,Drag,398,327
69.097,69.097,NoButton,Drag,397,328
69.101,69.101,NoButton,Drag,397,328
69.105,69.105,NoButton,Drag,396,328
69.109,69.109,NoButton,Drag,396,329
69.113,69.113,NoButton,Drag,395,329
69.117,69.117,NoButton,Drag,395,329
69.121,69.121,NoButton,Drag,395,330
69.126,69.126,Left,Released,395,330
69.126,69.126,NoButton,Drag,394,330
69.143,69.143,NoButton,Drag,393,331
69.16,69.16,NoButton,Drag,392,331
69.177,69.177,NoButton,Drag,392,332
69.193,69.193,NoButton,Drag,391,333
69.21,69.21,NoButton,Drag,390,334
69.227,69.227,NoButton,Drag,389,335
69.243,69.243,NoButton,Drag,389,336
69.302,69.302,Left,Pressed,389,336
69.393,69.393,NoButton,Drag,389,336
69.397,69.397,NoButton,Drag,389,336
69.401,69.401,NoButton,Drag,390,336
69.405,69.405,NoButton,Drag,391,336
69.409,69.409,NoButton,Drag,392,336
69.413,69.413,NoButton,Drag,393,336
69.417,69.417,NoButton,Drag,395,336
69.421,69.421,NoButton,Drag,397,336
69.425,69.425,NoButton,Drag,400,336
69.43,69.43,NoButton,Drag,404,337
69.433,69.433,NoButton,Drag,408,337
69.435,69.435,NoButton,Drag,414,337
69.439,69.439,NoButton,Drag,419,337
69.443,69.443,NoButton,Drag,426,337
69.447,69.447,NoButton,Drag,434,338
69.451,69.451,NoButton,Drag,444,339
69.455,69.455,NoButton,Drag,456,339
69.459,69.459,NoButton,Drag,470,339
69.463,69.463,NoButton,Drag,482,339
69.467,69.467,NoButton,Drag,496,339
69.471,69.471,NoButton,Drag,511,339
69.475,69.475,NoButton,Drag,526,340
69.479,69.479,NoButton,Drag,543,340
69.483,69.483,NoButton,Drag,559,340
69.489,69.489,NoButton,Drag,577,340
69.491,69.491,NoButton,Drag,595,340
69.495,69.495,NoButton,Drag,612,340
69.499,69.499,NoButton,Drag,631,340
69.503,69.503,NoButton,Drag,649,340
69.507,69.507,NoButton,Drag,668,340
69.511,69.511,NoButton,Drag,686,340
69.515,69.515,NoButton,Drag,706,340
69.519,69.519,NoButton,Drag,724,340
69.523,69.523,NoButton,Drag,744,340
69.527,69.527,NoButton,Drag,764,340
69.531,69.531,NoButton,Drag,782,340
69.535,69.535,NoButton,Drag,801,340
69.539,69.539,NoButton,Drag,821,340
69.543,69.543,NoButton,Drag,839,340
69.547,69.547,NoButton,Drag,859,340
69.551,69.551,NoButton,Drag,879,339
69.555,69.555,NoButton,Drag,897,338
69.559,69.559,NoButton,Drag,916,338
69.563,69.563,NoButton,Drag,936,338
69.567,69.567,NoButton,Drag,954,338
69.571,69.571,NoButton,Drag,974,337
69.575,69.575,NoButton,Drag,995,336
69.579,69.579,NoButton,Drag,1013,335
69.583,69.583,NoButton,Drag,1033,334
69.587,69.587,NoButton,Drag,1053,332
69.591,69.591,NoButton,Drag,1071,331
69.596,69.596,NoButton,Drag,1090,330
69.599,69.599,NoButton,Drag,1107,329
69.603,69.603,NoButton,Drag,1122,327
69.607,69.607,NoButton,Drag,1137,327
69.611,69.611,NoButton,Drag,1151,325
69.615,69.615,NoButton,Drag,1162,323
69.619,69.619,NoButton,Drag,1174,322
69.623,69.623,NoButton,Drag,1185,320
69.627,69.627,NoButton,Drag,1194,318
69.631,69.631,NoButton,Drag,1203,317
69.635,69.635,NoButton,Drag,1212,315
69.639,69.639,NoButton,Drag,1220,314
69.643,69.643,NoButton,Drag,1227,312
69.647,69.647,NoButton,Drag,1234,311
69.651,69.651,NoButton,Drag,1241,310
69.655,69.655,NoButton,Drag,1247,309
69.659,69.659,NoButton,Drag,1252,307
69.663,69.663,NoButton,Drag,1258,306
69.667,69.667,NoButton,Drag,1263,305
69.671,69.671,NoButton,Drag,1267,304
69.675,69.675,NoButton,Drag,1271,303
69.679,69.679,NoButton,Drag,1275,303
69.683,69.683,NoButton,Drag,1279,302
69.687,69.687,NoButton,Drag,1281,301
69.691,69.691,NoButton,Drag,1284,300
69.696,69.696,NoButton,Drag,1286,300
69.699,69.699,NoButton,Drag,1289,299
69.703,69.703,NoButton,Drag,1291,299
69.707,69.707,NoButton,Drag,1292,298
69.711,69.711,NoButton,Drag,1293,298
69.715,69.715,NoButton,Drag,1294,298
69.719,69.719,NoButton,Drag,1295,297
69.723,69.723,NoButton,Drag,1295,297
69.727,69.727,NoButton,Drag,1296,297
69.751,69.751,NoButton,Drag,1296,297
69.759,69.759,NoButton,Drag,1296,296
69.763,69.763,NoButton,Drag,1296,296
69.767,69.767,NoButton,Drag,1296,296
69.771,69.771,NoButton,Drag,1296,296
69.779,69.779,NoButton,Drag,1296,295
69.783,69.783,NoButton,Drag,1296,295
69.787,69.787,NoButton,Drag,1296,295
69.791,69.791,NoButton,Drag,1297,295
69.796,69.796,NoButton,Drag,1297,294
69.799,69.799,NoButton,Drag,1297,294
69.803,69.803,NoButton,Drag,1297,293
69.807,69.807,NoButton,Drag,1297,293
69.811,69.811,NoButton,Drag,1297,293
69.815,69.815,NoButton,Drag,1297,292
69.819,69.819,NoButton,Drag,1297,291
69.823,69.823,NoButton,Drag,1298,291
69.827,69.827,NoButton,Drag,1298,290
69.831,69.831,NoButton,Drag,1298,289
69.835,69.835,NoButton,Drag,1298,288
69.839,69.839,NoButton,Drag,1299,287
69.843,69.843,NoButton,Drag,1299,287
69.847,69.847,NoButton,Drag,1299,285
69.851,69.851,NoButton,Drag,1299,284
69.855,69.855,NoButton,Drag,1299,283
69.859,69.859,NoButton,Drag,1299,281
69.863,69.863,NoButton,Drag,1300,280
69.867,69.867,NoButton,Drag,1300,278
69.871,69.871,NoButton,Drag,1300,276
69.875,69.875,NoButton,Drag,1301,275
69.879,69.879,NoButton,Drag,1301,273
69.883,69.883,NoButton,Drag,1302,271
69.887,69.887,NoButton,Drag,1303,269
69.891,69.891,NoButton,Drag,1303,267
69.896,69.896,NoButton,Drag,1304,265
69.899,69.899,NoButton,Drag,1304,263
69.903,69.903,NoButton,Drag,1305,261
69.907,69.907,NoButton,Drag,1305,259
69.911,69.911,NoButton,Drag,1306,257
69.915,69.915,NoButton,Drag,1307,255
69.919,69.919,NoButton,Drag,1307,253
69.923,69.923,NoButton,Drag,1308,251
69.927,69.927,NoButton,Drag,1309,249
69.931,69.931,NoButton,Drag,1310,246
69.935,69.935,NoButton,Drag,1310,244
69.939,69.939,NoButton,Drag,1311,243
69.943,69.943,NoButton,Drag,1312,241
69.947,69.947,NoButton,Drag,1313,239
69.951,69.951,NoButton,Drag,1314,236
69.955,69.955,NoButton,Drag,1315,234
69.959,69.959,NoButton,Drag,1316,233
69.963,69.963,NoButton,Drag,1317,231
69.967,69.967,NoButton,Drag,1317,230
69.971,69.971,NoButton,Drag,1318,228
69.975,69.975,NoButton,Drag,1318,227
69.979,69.979,NoButton,Drag,1319,226
69.983,69.983,NoButton,Drag,1320,225
69.987,69.987,NoButton,Drag,1320,223
69.991,69.991,NoButton,Drag,1320,223
69.996,69.996,NoButton,Drag,1321,222
69.999,69.999,NoButton,Drag,1321,221
70.003,70.003,NoButton,Drag,1321,221
70.007,70.007,NoButton,Drag,1321,220
70.011,70.011,NoButton,Drag,1321,220
70.013,70.013,NoButton,Drag,1321,220
70.017,70.017,NoButton,Drag,1321,219
70.049,70.049,NoButton,Drag,1321,219
70.065,70.065,Left,Released,1321,219
70.069,70.069,NoButton,Drag,1321,219
70.081,70.081,NoButton,Drag,1321,218
70.097,70.097,NoButton,Drag,1320,218
70.114,70.114,NoButton,Drag,1320,217
70.131,70.131,NoButton,Drag,1317,217
70.147,70.147,NoButton,Drag,1311,217
70.164,70.164,NoButton,Drag,1301,220
70.18,70.18,NoButton,Drag,1285,224
70.197,70.197,NoButton,Drag,1250,237
70.214,70.214,NoButton,Drag,1208,253
70.231,70.231,NoButton,Drag,1161,268
70.247,70.247,NoButton,Drag,1115,285
70.264,70.264,NoButton,Drag,1070,300
70.281,70.281,NoButton,Drag,1031,311
70.297,70.297,NoButton,Drag,1010,316
70.314,70.314,NoButton,Drag,995,320
70.332,70.332,NoButton,Drag,982,324
70.348,70.348,NoButton,Drag,970,327
70.364,70.364,NoButton,Drag,958,331
70.381,70.381,NoButton,Drag,942,334
70.398,70.398,NoButton,Drag,927,335
70.414,70.414,NoButton,Drag,910,335
70.431,70.431,NoButton,Drag,889,335
70.449,70.449,NoButton,Drag,866,335
70.464,70.464,NoButton,Drag,846,335
70.481,70.481,NoButton,Drag,822,335
70.498,70.498,NoButton,Drag,804,335
70.515,70.515,NoButton,Drag,785,338
70.532,70.532,NoButton,Drag,768,342
70.549,70.549,NoButton,Drag,754,345
70.565,70.565,NoButton,Drag,741,349
70.581,70.581,NoButton,Drag,725,355
70.599,70.599,NoButton,Drag,712,362
70.615,70.615,NoButton,Drag,700,367
70.632,70.632,NoButton,Drag,688,370
70.648,70.648,NoButton,Drag,681,372
70.665,70.665,NoButton,Drag,677,373
70.682,70.682,NoButton,Drag,675,373
70.698,70.698,NoButton,Drag,673,374
70.715,70.715,NoButton,Drag,672,374
70.732,70.732,NoButton,Drag,669,374
70.749,70.749,NoButton,Drag,668,374
70.765,70.765,NoButton,Drag,667,374
70.783,70.783,NoButton,Drag,666,374
70.799,70.799,NoButton,Drag,664,373
70.815,70.815,NoButton,Drag,658,372
70.832,70.832,NoButton,Drag,650,371
70.849,70.849,NoButton,Drag,642,370
70.865,70.865,NoButton,Drag,633,369
70.883,70.883,NoButton,Drag,621,368
70.899,70.899,NoButton,Drag,607,368
70.916,70.916,NoButton,Drag,588,367
70.932,70.932,NoButton,Drag,575,367
70.949,70.949,NoButton,Drag,564,367
70.966,70.966,NoButton,Drag,556,367
70.982,70.982,NoButton,Drag,550,367
70.999,70.999,NoButton,Drag,546,367
71.015,71.015,NoButton,Drag,545,367
71.047,71.047,NoButton,Drag,545,367
71.063,71.063,NoButton,Drag,545,367
71.067,71.067,NoButton,Drag,545,367
71.082,71.082,NoButton,Drag,544,368
71.099,71.099,NoButton,Drag,544,369
71.116,71.116,NoButton,Drag,543,373
71.133,71.133,NoButton,Drag,542,377
71.149,71.149,NoButton,Drag,542,379
71.165,71.165,NoButton,Drag,542,382
71.182,71.182,NoButton,Drag,542,384
71.199,71.199,NoButton,Drag,542,385
71.215,71.215,NoButton,Drag,542,386
71.232,71.232,NoButton,Drag,542,387
71.249,71.249,NoButton,Drag,542,389
71.266,71.266,NoButton,Drag,542,390
71.283,71.283,NoButton,Drag,542,392
71.299,71.299,NoButton,Drag,542,393
71.316,71.316,NoButton,Drag,542,393
71.41,71.41,Left,Pressed,542,393
71.414,71.414,NoButton,Drag,542,393
71.421,71.421,NoButton,Drag,542,393
71.457,71.457,NoButton,Drag,543,393
71.473,71.473,NoButton,Drag,543,393
71.509,71.509,NoButton,Drag,543,393
71.521,71.521,NoButton,Drag,543,393
71.533,71.533,NoButton,Drag,544,393
71.537,71.537,NoButton,Drag,544,393
71.541,71.541,NoButton,Drag,544,393
71.545,71.545,NoButton,Drag,545,393
71.549,71.549,NoButton,Drag,545,393
71.553,71.553,NoButton,Drag,546,392
71.557,71.557,NoButton,Drag,547,392
71.561,71.561,NoButton,Drag,548,391
71.566,71.566,NoButton,Drag,549,390
71.569,71.569,NoButton,Drag,550,389
71.573,71.573,NoButton,Drag,552,389
71.577,71.577,NoButton,Drag,553,388
71.581,71.581,NoButton,Drag,554,387
71.585,71.585,NoButton,Drag,557,387
71.589,71.589,NoButton,Drag,559,386
71.593,71.593,NoButton,Drag,561,384
71.597,71.597,NoButton,Drag,564,383
71.601,71.601,NoButton,Drag,567,382
71.605,71.605,NoButton,Drag,571,381
71.609,71.609,NoButton,Drag,575,379
71.613,71.613,NoButton,Drag,580,378
71.617,71.617,NoButton,Drag,584,376
71.621,71.621,NoButton,Drag,590,374
71.625,71.625,NoButton,Drag,596,372
71.629,71.629,NoButton,Drag,601,370
71.633,71.633,NoButton,Drag,607,367
71.637,71.637,NoButton,Drag,613,366
71.641,71.641,NoButton,Drag,619,364
71.645,71.645,NoButton,Drag,625,361
71.649,71.649,NoButton,Drag,633,359
71.653,71.653,NoButton,Drag,639,356
71.657,71.657,NoButton,Drag,646,354
71.661,71.661,NoButton,Drag,653,352
71.666,71.666,NoButton,Drag,660,350
71.669,71.669,NoButton,Drag,667,348
71.673,71.673,NoButton,Drag,675,345
71.677,71.677,NoButton,Drag,683,343
71.681,71.681,NoButton,Drag,691,341
71.685,71.685,NoButton,Drag,699,338
71.689,71.689,NoButton,Drag,708,336
71.693,71.693,NoButton,Drag,717,333
71.697,71.697,NoButton,Drag,726,331
71.701,71.701,NoButton,Drag,735,328
71.705,71.705,NoButton,Drag,745,326
71.709,71.709,NoButton,Drag,754,324
71.713,71.713,NoButton,Drag,763,322
71.717,71.717,NoButton,Drag,774,319
71.719,71.719,NoButton,Drag,783,317
71.723,71.723,NoButton,Drag,792,314
71.729,71.729,NoButton,Drag,802,312
71.731,71.731,NoButton,Drag,810,310
71.737,71.737,NoButton,Drag,818,309
71.739,71.739,NoButton,Drag,826,307
71.743,71.743,NoButton,Drag,835,306
71.747,71.747,NoButton,Drag,843,304
71.751,71.751,NoButton,Drag,851,303
71.755,71.755,NoButton,Drag,859,301
71.759,71.759,NoButton,Drag,867,300
71.763,71.763,NoButton,Drag,876,299
71.767,71.767,NoButton,Drag,884,297
71.771,71.771,NoButton,Drag,893,297
71.775,71.775,NoButton,Drag,902,296
71.779,71.779,NoButton,Drag,911,296
71.783,71.783,NoButton,Drag,921,296
71.787,71.787,NoButton,Drag,932,296
71.791,71.791,NoButton,Drag,942,296
71.795,71.795,NoButton,Drag,952,295
71.799,71.799,NoButton,Drag,963,295
71.803,71.803,NoButton,Drag,974,295
71.807,71.807,NoButton,Drag,984,294
71.811,71.811,NoButton,Drag,995,294
71.816,71.816,NoButton,Drag,1004,294
71.819,71.819,NoButton,Drag,1014,294
71.823,71.823,NoButton,Drag,1023,294
71.827,71.827,NoButton,Drag,1033,293
71.831,71.831,NoButton,Drag,1043,293
71.835,71.835,NoButton,Drag,1053,293
71.839,71.839,NoButton,Drag,1062,292
71.843,71.843,NoButton,Drag,1073,292
71.847,71.847,NoButton,Drag,1084,292
71.851,71.851,NoButton,Drag,1095,292
71.855,71.855,NoButton,Drag,1106,291
71.859,71.859,NoButton,Drag,1118,290
71.863,71.863,NoButton,Drag,1129,290
71.867,71.867,NoButton,Drag,1139,289
71.871,71.871,NoButton,Drag,1151,289
71.875,71.875,NoButton,Drag,1163,287
71.879,71.879,NoButton,Drag,1173,286
71.883,71.883,NoButton,Drag,1185,285
71.887,71.887,NoButton,Drag,1195,284
71.891,71.891,NoButton,Drag,1205,283
71.895,71.895,NoButton,Drag,1214,282
71.899,71.899,NoButton,Drag,1223,280
71.903,71.903,NoButton,Drag,1232,279
71.907,71.907,NoButton,Drag,1239,278
71.911,71.911,NoButton,Drag,1246,276
71.916,71.916,NoButton,Drag,1253,275
71.919,71.919,NoButton,Drag,1258,273
71.923,71.923,NoButton,Drag,1264,272
71.927,71.927,NoButton,Drag,1269,271
71.931,71.931,NoButton,Drag,1273,269
71.935,71.935,NoButton,Drag,1277,268
71.939,71.939,NoButton,Drag,1281,267
71.943,71.943,NoButton,Drag,1284,266
71.947,71.947,NoButton,Drag,1286,265
71.951,71.951,NoButton,Drag,1289,264
71.955,71.955,NoButton,Drag,1291,262
71.959,71.959,NoButton,Drag,1293,261
71.963,71.963,NoButton,Drag,1295,260
71.967,71.967,NoButton,Drag,1296,259
71.971,71.971,NoButton,Drag,1297,258
71.975,71.975,NoButton,Drag,1299,257
71.979,71.979,NoButton,Drag,1299,257
71.983,71.983,NoButton,Drag,1300,256
71.987,71.987,NoButton,Drag,1301,255
71.991,71.991,NoButton,Drag,1301,255
71.995,71.995,NoButton,Drag,1302,254
71.999,71.999,NoButton,Drag,1303,253
72.003,72.003,NoButton,Drag,1303,253
72.007,72.007,NoButton,Drag,1304,252
72.011,72.011,NoButton,Drag,1304,252
72.016,72.016,NoButton,Drag,1305,251
72.019,72.019,NoButton,Drag,1306,250
72.023,72.023,NoButton,Drag,1306,249
72.027,72.027,NoButton,Drag,1306,248
72.031,72.031,NoButton,Drag,1307,248
72.035,72.035,NoButton,Drag,1308,247
72.039,72.039,NoButton,Drag,1308,246
72.043,72.043,NoButton,Drag,1309,245
72.047,72.047,NoButton,Drag,1309,244
72.051,72.051,NoButton,Drag,1310,243
72.055,72.055,NoButton,Drag,1310,242
72.059,72.059,NoButton,Drag,1311,241
72.063,72.063,NoButton,Drag,1312,241
72.067,72.067,NoButton,Drag,1313,239
72.071,72.071,NoButton,Drag,1314,238
72.075,72.075,NoButton,Drag,1315,237
72.079,72.079,NoButton,Drag,1316,235
72.083,72.083,NoButton,Drag,1317,234
72.087,72.087,NoButton,Drag,1318,232
72.091,72.091,NoButton,Drag,1319,231
72.095,72.095,NoButton,Drag,1320,230
72.099,72.099,NoButton,Drag,1321,228
72.103,72.103,NoButton,Drag,1323,226
72.107,72.107,NoButton,Drag,1323,225
72.111,72.111,NoButton,Drag,1324,224
72.115,72.115,NoButton,Drag,1326,222
72.119,72.119,NoButton,Drag,1327,220
72.123,72.123,NoButton,Drag,1328,219
72.127,72.127,NoButton,Drag,1329,218
72.131,72.131,NoButton,Drag,1329,217
72.135,72.135,NoButton,Drag,1330,215
72.139,72.139,NoButton,Drag,1331,214
72.143,72.143,NoButton,Drag,1332,213
72.147,72.147,NoButton,Drag,1332,211
72.151,72.151,NoButton,Drag,1332,210
72.155,72.155,NoButton,Drag,1333,209
72.159,72.159,NoButton,Drag,1333,208
72.163,72.163,NoButton,Drag,1333,207
72.167,72.167,NoButton,Drag,1333,206
72.171,72.171,NoButton,Drag,1334,205
72.175,72.175,NoButton,Drag,1334,204
72.179,72.179,NoButton,Drag,1334,203
72.183,72.183,NoButton,Drag,1334,202
72.187,72.187,NoButton,Drag,1334,202
72.191,72.191,NoButton,Drag,1334,201
72.195,72.195,NoButton,Drag,1334,200
72.199,72.199,NoButton,Drag,1334,200
72.203,72.203,NoButton,Drag,1334,199
72.211,72.211,NoButton,Drag,1334,199
72.216,72.216,NoButton,Drag,1334,199
72.231,72.231,NoButton,Drag,1334,198
72.235,72.235,NoButton,Drag,1334,198
72.243,72.243,NoButton,Drag,1334,198
72.247,72.247,NoButton,Drag,1334,198
72.251,72.251,NoButton,Drag,1334,197
72.256,72.256,Left,Released,1334,197
72.256,72.256,NoButton,Drag,1333,197
72.268,72.268,NoButton,Drag,1333,197
72.284,72.284,NoButton,Drag,1332,196
72.301,72.301,NoButton,Drag,1332,195
72.318,72.318,NoButton,Drag,1331,195
72.334,72.334,NoButton,Drag,1330,195
72.351,72.351,NoButton,Drag,1328,195
72.368,72.368,NoButton,Drag,1325,197
72.384,72.384,NoButton,Drag,1318,202
72.401,72.401,NoButton,Drag,1308,210
72.418,72.418,NoButton,Drag,1289,223
72.434,72.434,NoButton,Drag,1272,233
72.452,72.452,NoButton,Drag,1252,243
72.468,72.468,NoButton,Drag,1230,251
72.484,72.484,NoButton,Drag,1203,260
72.501,72.501,NoButton,Drag,1157,275
72.518,72.518,NoButton,Drag,1113,289
72.534,72.534,NoButton,Drag,1067,304
72.551,72.551,NoButton,Drag,1015,320
72.567,72.567,NoButton,Drag,960,338
72.584,72.584,NoButton,Drag,903,357
72.601,72.601,NoButton,Drag,836,378
72.618,72.618,NoButton,Drag,781,391
72.634,72.634,NoButton,Drag,735,402
72.652,72.652,NoButton,Drag,695,411
72.669,72.669,NoButton,Drag,668,416
72.685,72.685,NoButton,Drag,649,420
72.701,72.701,NoButton,Drag,631,424
72.719,72.719,NoButton,Drag,619,427
72.735,72.735,NoButton,Drag,612,428
72.752,72.752,NoButton,Drag,608,429
72.768,72.768,NoButton,Drag,608,429
72.801,72.801,NoButton,Drag,608,429
72.829,72.829,NoButton,Drag,607,429
72.907,72.907,NoButton,Drag,607,429
72.919,72.919,NoButton,Drag,606,429
72.935,72.935,NoButton,Drag,605,428
72.952,72.952,NoButton,Drag,598,425
72.969,72.969,NoButton,Drag,590,423
72.985,72.985,NoButton,Drag,580,422
73.002,73.002,NoButton,Drag,572,420
73.018,73.018,NoButton,Drag,564,420
73.035,73.035,NoButton,Drag,559,420
73.052,73.052,NoButton,Drag,555,421
73.069,73.069,NoButton,Drag,552,421
73.086,73.086,NoButton,Drag,550,422
73.102,73.102,NoButton,Drag,549,422
73.195,73.195,NoButton,Drag,549,422
73.199,73.199,NoButton,Drag,549,422
73.228,73.228,Left,Pressed,549,422
73.255,73.255,NoButton,Drag,549,423
73.287,73.287,NoButton,Drag,549,423
73.303,73.303,NoButton,Drag,549,423
73.311,73.311,NoButton,Drag,549,424
73.315,73.315,NoButton,Drag,549,424
73.319,73.319,NoButton,Drag,549,424
73.323,73.323,NoButton,Drag,549,425
73.327,73.327,NoButton,Drag,550,425
73.331,73.331,NoButton,Drag,550,426
73.335,73.335,NoButton,Drag,551,427
73.339,73.339,NoButton,Drag,551,428
73.343,73.343,NoButton,Drag,552,429
73.348,73.348,NoButton,Drag,552,430
73.351,73.351,NoButton,Drag,553,432
73.355,73.355,NoButton,Drag,555,434
73.359,73.359,NoButton,Drag,556,436
73.363,73.363,NoButton,Drag,558,438
73.367,73.367,NoButton,Drag,559,441
73.371,73.371,NoButton,Drag,561,443
73.375,73.375,NoButton,Drag,563,446
73.379,73.379,NoButton,Drag,565,449
73.383,73.383,NoButton,Drag,567,452
73.387,73.387,NoButton,Drag,569,456
73.391,73.391,NoButton,Drag,572,459
73.395,73.395,NoButton,Drag,575,463
73.399,73.399,NoButton,Drag,578,467
73.403,73.403,NoButton,Drag,582,471
73.407,73.407,NoButton,Drag,586,476
73.411,73.411,NoButton,Drag,591,480
73.415,73.415,NoButton,Drag,595,485
73.419,73.419,NoButton,Drag,600,490
73.423,73.423,NoButton,Drag,606,496
73.427,73.427,NoButton,Drag,612,502
73.431,73.431,NoButton,Drag,619,508
73.435,73.435,NoButton,Drag,627,516
73.439,73.439,NoButton,Drag,633,523
73.441,73.441,NoButton,Drag,641,530
73.445,73.445,NoButton,Drag,650,538
73.449,73.449,NoButton,Drag,660,546
73.453,73.453,NoButton,Drag,672,555
73.457,73.457,NoButton,Drag,684,563
73.461,73.461,NoButton,Drag,696,571
73.465,73.465,NoButton,Drag,710,580
73.469,73.469,NoButton,Drag,724,589
73.473,73.473,NoButton,Drag,737,596
73.477,73.477,NoButton,Drag,750,604
73.481,73.481,NoButton,Drag,764,613
73.485,73.485,NoButton,Drag,777,621
73.489,73.489,NoButton,Drag,789,628
73.493,73.493,NoButton,Drag,802,635
73.497,73.497,NoButton,Drag,812,641
73.501,73.501,NoButton,Drag,823,647
73.505,73.505,NoButton,Drag,835,653
73.509,73.509,NoButton,Drag,846,659
73.513,73.513,NoButton,Drag,857,665
73.517,73.517,NoButton,Drag,867,671
73.521,73.521,NoButton,Drag,877,675
73.525,73.525,NoButton,Drag,889,681
73.529,73.529,NoButton,Drag,900,686
73.533,73.533,NoButton,Drag,911,690
73.537,73.537,NoButton,Drag,922,695
73.541,73.541,NoButton,Drag,932,699
73.545,73.545,NoButton,Drag,942,704
73.549,73.549,NoButton,Drag,953,708
73.553,73.553,NoButton,Drag,963,713
73.557,73.557,NoButton,Drag,973,717
73.561,73.561,NoButton,Drag,983,721
73.565,73.565,NoButton,Drag,994,725
73.569,73.569,NoButton,Drag,1004,729
73.573,73.573,NoButton,Drag,1013,732
73.577,73.577,NoButton,Drag,1023,736
73.581,73.581,NoButton,Drag,1033,739
73.585,73.585,NoButton,Drag,1042,742
73.589,73.589,NoButton,Drag,1050,745
73.593,73.593,NoButton,Drag,1058,747
73.598,73.598,NoButton,Drag,1066,750
73.601,73.601,NoButton,Drag,1074,752
73.605,73.605,NoButton,Drag,1080,754
73.609,73.609,NoButton,Drag,1087,755
73.613,73.613,NoButton,Drag,1093,757
73.617,73.617,NoButton,Drag,1099,759
73.621,73.621,NoButton,Drag,1106,760
73.625,73.625,NoButton,Drag,1111,762
73.629,73.629,NoButton,Drag,1117,763
73.633,73.633,NoButton,Drag,1122,765
73.637,73.637,NoButton,Drag,1128,766
73.641,73.641,NoButton,Drag,1133,767
73.645,73.645,NoButton,Drag,1137,768
73.649,73.649,NoButton,Drag,1141,769
73.653,73.653,NoButton,Drag,1145,770
73.657,73.657,NoButton,Drag,1150,771
73.661,73.661,NoButton,Drag,1155,772
73.665,73.665,NoButton,Drag,1159,773
73.669,73.669,NoButton,Drag,1163,773
73.673,73.673,NoButton,Drag,1167,773
73.677,73.677,NoButton,Drag,1171,774
73.681,73.681,NoButton,Drag,1174,774
73.685,73.685,NoButton,Drag,1177,774
73.689,73.689,NoButton,Drag,1181,774
73.693,73.693,NoButton,Drag,1184,774
73.698,73.698,NoButton,Drag,1186,774
73.701,73.701,NoButton,Drag,1189,774
73.705,73.705,NoButton,Drag,1192,774
73.709,73.709,NoButton,Drag,1195,774
73.713,73.713,NoButton,Drag,1197,774
73.717,73.717,NoButton,Drag,1200,774
73.721,73.721,NoButton,Drag,1202,774
73.725,73.725,NoButton,Drag,1204,774
73.729,73.729,NoButton,Drag,1207,774
73.733,73.733,NoButton,Drag,1209,774
73.737,73.737,NoButton,Drag,1211,774
73.741,73.741,NoButton,Drag,1212,774
73.745,73.745,NoButton,Drag,1214,774
73.749,73.749,NoButton,Drag,1216,774
73.753,73.753,NoButton,Drag,1217,773
73.757,73.757,NoButton,Drag,1219,773
73.761,73.761,NoButton,Drag,1220,773
73.765,73.765,NoButton,Drag,1222,773
73.769,73.769,NoButton,Drag,1224,772
73.773,73.773,NoButton,Drag,1226,771
73.777,73.777,NoButton,Drag,1228,771
73.781,73.781,NoButton,Drag,1230,770
73.785,73.785,NoButton,Drag,1233,770
73.789,73.789,NoButton,Drag,1235,769
73.793,73.793,NoButton,Drag,1238,768
73.798,73.798,NoButton,Drag,1240,768
73.801,73.801,NoButton,Drag,1243,767
73.805,73.805,NoButton,Drag,1246,766
73.809,73.809,NoButton,Drag,1249,765
73.813,73.813,NoButton,Drag,1251,765
73.817,73.817,NoButton,Drag,1254,764
73.821,73.821,NoButton,Drag,1256,763
73.825,73.825,NoButton,Drag,1259,763
73.829,73.829,NoButton,Drag,1263,762
73.833,73.833,NoButton,Drag,1265,761
73.837,73.837,NoButton,Drag,1268,760
73.841,73.841,NoButton,Drag,1271,760
73.845,73.845,NoButton,Drag,1274,759
73.849,73.849,NoButton,Drag,1278,758
73.853,73.853,NoButton,Drag,1280,757
73.857,73.857,NoButton,Drag,1283,756
73.861,73.861,NoButton,Drag,1285,755
73.865,73.865,NoButton,Drag,1288,755
73.869,73.869,NoButton,Drag,1290,754
73.873,73.873,NoButton,Drag,1292,753
73.877,73.877,NoButton,Drag,1294,752
73.881,73.881,NoButton,Drag,1295,751
73.885,73.885,NoButton,Drag,1297,751
73.889,73.889,NoButton,Drag,1298,750
73.893,73.893,NoButton,Drag,1299,749
73.898,73.898,NoButton,Drag,1300,749
73.901,73.901,NoButton,Drag,1300,748
73.905,73.905,NoButton,Drag,1301,747
73.909,73.909,NoButton,Drag,1301,747
73.913,73.913,NoButton,Drag,1301,746
73.917,73.917,NoButton,Drag,1302,746
73.921,73.921,NoButton,Drag,1302,745
73.925,73.925,NoButton,Drag,1302,745
73.929,73.929,NoButton,Drag,1303,744
73.933,73.933,NoButton,Drag,1303,744
73.937,73.937,NoButton,Drag,1303,743
73.941,73.941,NoButton,Drag,1304,743
73.945,73.945,NoButton,Drag,1304,743
73.949,73.949,NoButton,Drag,1304,742
73.953,73.953,NoButton,Drag,1304,742
73.957,73.957,NoButton,Drag,1304,742
73.961,73.961,NoButton,Drag,1305,742
73.965,73.965,NoButton,Drag,1305,741
73.969,73.969,NoButton,Drag,1305,741
73.973,73.973,NoButton,Drag,1305,741
73.977,73.977,NoButton,Drag,1305,740
73.981,73.981,NoButton,Drag,1305,740
73.985,73.985,NoButton,Drag,1306,739
73.989,73.989,NoButton,Drag,1306,739
73.993,73.993,NoButton,Drag,1307,738
73.998,73.998,NoButton,Drag,1307,738
74.001,74.001,NoButton,Drag,1307,737
74.005,74.005,NoButton,Drag,1307,736
74.009,74.009,NoButton,Drag,1308,735
74.011,74.011,NoButton,Drag,1308,734
74.017,74.017,NoButton,Drag,1309,734
74.019,74.019,NoButton,Drag,1309,733
74.023,74.023,NoButton,Drag,1309,731
74.027,74.027,NoButton,Drag,1309,731
74.031,74.031,NoButton,Drag,1310,729
74.035,74.035,NoButton,Drag,1310,728
74.039,74.039,NoButton,Drag,1310,727
74.043,74.043,NoButton,Drag,1310,726
74.048,74.048,NoButton,Drag,1310,726
74.051,74.051,NoButton,Drag,1310,724
74.055,74.055,NoButton,Drag,1310,723
74.059,74.059,NoButton,Drag,1311,723
74.064,74.064,Left,Released,1311,723
74.065,74.065,NoButton,Drag,1311,722
74.067,74.067,NoButton,Drag,1311,721
74.083,74.083,NoButton,Drag,1311,719
74.099,74.099,NoButton,Drag,1311,714
74.116,74.116,NoButton,Drag,1311,711
74.133,74.133,NoButton,Drag,1310,708
74.15,74.15,NoButton,Drag,1309,707
74.167,74.167,NoButton,Drag,1306,704
74.183,74.183,NoButton,Drag,1299,701
74.2,74.2,NoButton,Drag,1276,697
74.216,74.216,NoButton,Drag,1242,695
74.233,74.233,NoButton,Drag,1197,690
74.249,74.249,NoButton,Drag,1144,686
74.267,74.267,NoButton,Drag,1090,674
74.283,74.283,NoButton,Drag,1042,660
74.3,74.3,NoButton,Drag,989,641
74.316,74.316,NoButton,Drag,960,624
74.334,74.334,NoButton,Drag,938,608
74.35,74.35,NoButton,Drag,922,593
74.367,74.367,NoButton,Drag,906,577
74.383,74.383,NoButton,Drag,891,562
74.4,74.4,NoButton,Drag,871,542
74.417,74.417,NoButton,Drag,854,525
74.433,74.433,NoButton,Drag,837,509
74.45,74.45,NoButton,Drag,821,495
74.467,74.467,NoButton,Drag,803,481
74.483,74.483,NoButton,Drag,774,463
74.5,74.5,NoButton,Drag,749,449
74.517,74.517,NoButton,Drag,731,438
74.534,74.534,NoButton,Drag,716,429
74.55,74.55,NoButton,Drag,704,421
74.567,74.567,NoButton,Drag,692,412
74.583,74.583,NoButton,Drag,683,405
74.6,74.6,NoButton,Drag,674,398
74.617,74.617,NoButton,Drag,666,391
74.633,74.633,NoButton,Drag,657,382
74.65,74.65,NoButton,Drag,653,378
74.667,74.667,NoButton,Drag,648,373
74.683,74.683,NoButton,Drag,643,370
74.7,74.7,NoButton,Drag,641,367
74.716,74.716,NoButton,Drag,638,365
74.733,74.733,NoButton,Drag,637,364
74.786,74.786,Left,Pressed,637,364
74.842,74.842,NoButton,Drag,637,365
74.846,74.846,NoButton,Drag,637,365
74.849,74.849,NoButton,Drag,637,366
74.853,74.853,NoButton,Drag,637,366
74.857,74.857,NoButton,Drag,637,367
74.861,74.861,NoButton,Drag,638,368
74.865,74.865,NoButton,Drag,639,369
74.871,74.871,NoButton,Drag,640,370
74.873,74.873,NoButton,Drag,641,372
74.877,74.877,NoButton,Drag,643,374
74.881,74.881,NoButton,Drag,645,376
74.887,74.887,NoButton,Drag,646,378
74.889,74.889,NoButton,Drag,649,380
74.893,74.893,NoButton,Drag,652,383
74.897,74.897,NoButton,Drag,654,386
74.903,74.903,NoButton,Drag,658,389
74.905,74.905,NoButton,Drag,662,393
74.909,74.909,NoButton,Drag,666,396
74.913,74.913,NoButton,Drag,671,401
74.918,74.918,NoButton,Drag,676,406
74.921,74.921,NoButton,Drag,681,410
74.925,74.925,NoButton,Drag,685,415
74.929,74.929,NoButton,Drag,692,419
74.934,74.934,NoButton,Drag,699,425
74.937,74.937,NoButton,Drag,705,431
74.941,74.941,NoButton,Drag,712,438
74.945,74.945,NoButton,Drag,720,445
74.949,74.949,NoButton,Drag,727,451
74.953,74.953,NoButton,Drag,735,458
74.957,74.957,NoButton,Drag,742,465
74.961,74.961,NoButton,Drag,749,471
74.965,74.965,NoButton,Drag,756,478
74.969,74.969,NoButton,Drag,765,485
74.973,74.973,NoButton,Drag,772,492
74.977,74.977,NoButton,Drag,780,499
74.981,74.981,NoButton,Drag,789,506
74.985,74.985,NoButton,Drag,797,512
74.989,74.989,NoButton,Drag,806,519
74.993,74.993,NoButton,Drag,813,526
74.997,74.997,NoButton,Drag,821,532
75.001,75.001,NoButton,Drag,828,539
75.005,75.005,NoButton,Drag,837,547
75.009,75.009,NoButton,Drag,845,553
75.013,75.013,NoButton,Drag,853,559
75.017,75.017,NoButton,Drag,862,566
75.021,75.021,NoButton,Drag,870,573
75.025,75.025,NoButton,Drag,878,579
75.029,75.029,NoButton,Drag,886,586
75.034,75.034,NoButton,Drag,894,593
75.037,75.037,NoButton,Drag,902,600
75.041,75.041,NoButton,Drag,911,608
75.045,75.045,NoButton,Drag,919,614
75.049,75.049,NoButton,Drag,927,620
75.053,75.053,NoButton,Drag,935,626
75.057,75.057,NoButton,Drag,944,633
75.061,75.061,NoButton,Drag,952,639
75.065,75.065,NoButton,Drag,960,646
75.069,75.069,NoButton,Drag,968,651
75.073,75.073,NoButton,Drag,976,656
75.077,75.077,NoButton,Drag,984,662
75.081,75.081,NoButton,Drag,992,667
75.085,75.085,NoButton,Drag,1000,672
75.089,75.089,NoButton,Drag,1009,677
75.093,75.093,NoButton,Drag,1017,683
75.097,75.097,NoButton,Drag,1027,687
75.101,75.101,NoButton,Drag,1035,692
75.105,75.105,NoButton,Drag,1044,697
75.109,75.109,NoButton,Drag,1053,702
75.113,75.113,NoButton,Drag,1062,707
75.117,75.117,NoButton,Drag,1071,712
75.121,75.121,NoButton,Drag,1079,716
75.125,75.125,NoButton,Drag,1087,720
75.129,75.129,NoButton,Drag,1094,723
75.134,75.134,NoButton,Drag,1102,728
75.137,75.137,NoButton,Drag,1109,731
75.141,75.141,NoButton,Drag,1115,735
75.143,75.143,NoButton,Drag,1122,738
75.147,75.147,NoButton,Drag,1129,742
75.151,75.151,NoButton,Drag,1135,745
75.155,75.155,NoButton,Drag,1142,748
75.161,75.161,NoButton,Drag,1148,750
75.163,75.163,NoButton,Drag,1154,752
75.167,75.167,NoButton,Drag,1161,756
75.171,75.171,NoButton,Drag,1166,758
75.175,75.175,NoButton,Drag,1171,760
75.179,75.179,NoButton,Drag,1176,762
75.183,75.183,NoButton,Drag,1181,763
75.187,75.187,NoButton,Drag,1186,765
75.191,75.191,NoButton,Drag,1190,767
75.195,75.195,NoButton,Drag,1194,768
75.199,75.199,NoButton,Drag,1198,769
75.203,75.203,NoButton,Drag,1201,770
75.207,75.207,NoButton,Drag,1205,771
75.211,75.211,NoButton,Drag,1209,772
75.215,75.215,NoButton,Drag,1213,773
75.219,75.219,NoButton,Drag,1216,773
75.223,75.223,NoButton,Drag,1219,775
75.227,75.227,NoButton,Drag,1222,775
75.231,75.231,NoButton,Drag,1226,776
75.235,75.235,NoButton,Drag,1229,777
75.239,75.239,NoButton,Drag,1232,778
75.243,75.243,NoButton,Drag,1235,778
75.247,75.247,NoButton,Drag,1237,779
75.251,75.251,NoButton,Drag,1240,779
75.255,75.255,NoButton,Drag,1243,780
75.259,75.259,NoButton,Drag,1246,780
75.263,75.263,NoButton,Drag,1248,780
75.269,75.269,NoButton,Drag,1251,780
75.271,75.271,NoButton,Drag,1254,780
75.275,75.275,NoButton,Drag,1257,780
75.279,75.279,NoButton,Drag,1260,780
75.284,75.284,NoButton,Drag,1263,780
75.287,75.287,NoButton,Drag,1266,780
75.291,75.291,NoButton,Drag,1269,780
75.295,75.295,NoButton,Drag,1272,780
75.299,75.299,NoButton,Drag,1274,780
75.303,75.303,NoButton,Drag,1277,780
75.307,75.307,NoButton,Drag,1279,780
75.311,75.311,NoButton,Drag,1282,780
75.315,75.315,NoButton,Drag,1284,780
75.319,75.319,NoButton,Drag,1287,780
75.323,75.323,NoButton,Drag,1290,780
75.327,75.327,NoButton,Drag,1292,780
75.331,75.331,NoButton,Drag,1295,780
75.335,75.335,NoButton,Drag,1297,779
75.339,75.339,NoButton,Drag,1299,779
75.343,75.343,NoButton,Drag,1302,778
75.347,75.347,NoButton,Drag,1305,778
75.351,75.351,NoButton,Drag,1307,777
75.355,75.355,NoButton,Drag,1310,776
75.359,75.359,NoButton,Drag,1312,776
75.363,75.363,NoButton,Drag,1314,775
75.367,75.367,NoButton,Drag,1316,775
75.371,75.371,NoButton,Drag,1319,774
75.375,75.375,NoButton,Drag,1321,773
75.379,75.379,NoButton,Drag,1323,772
75.383,75.383,NoButton,Drag,1326,772
75.387,75.387,NoButton,Drag,1328,771
75.391,75.391,NoButton,Drag,1330,770
75.395,75.395,NoButton,Drag,1333,770
75.399,75.399,NoButton,Drag,1336,769
75.403,75.403,NoButton,Drag,1339,768
75.407,75.407,NoButton,Drag,1341,767
75.411,75.411,NoButton,Drag,1344,766
75.415,75.415,NoButton,Drag,1347,765
75.419,75.419,NoButton,Drag,1350,763
75.423,75.423,NoButton,Drag,1353,762
75.427,75.427,NoButton,Drag,1356,761
75.431,75.431,NoButton,Drag,1359,760
75.435,75.435,NoButton,Drag,1363,759
75.439,75.439,NoButton,Drag,1367,757
75.443,75.443,NoButton,Drag,1371,756
75.447,75.447,NoButton,Drag,1375,754
75.451,75.451,NoButton,Drag,1380,752
75.455,75.455,NoButton,Drag,1383,751
75.459,75.459,NoButton,Drag,1388,749
75.463,75.463,NoButton,Drag,1392,747
75.467,75.467,NoButton,Drag,1395,745
75.471,75.471,NoButton,Drag,1398,743
75.475,75.475,NoButton,Drag,1402,741
75.479,75.479,NoButton,Drag,1404,740
75.484,75.484,NoButton,Drag,1407,738
75.487,75.487,NoButton,Drag,1409,737
75.491,75.491,NoButton,Drag,1410,736
75.495,75.495,NoButton,Drag,1411,735
75.499,75.499,NoButton,Drag,1412,735
75.503,75.503,NoButton,Drag,1413,734
75.507,75.507,NoButton,Drag,1413,734
75.511,75.511,NoButton,Drag,1413,733
75.515,75.515,NoButton,Drag,1413,733
75.519,75.519,NoButton,Drag,1413,732
75.523,75.523,NoButton,Drag,1413,732
75.527,75.527,NoButton,Drag,1413,732
75.531,75.531,NoButton,Drag,1413,731
75.535,75.535,NoButton,Drag,1413,731
75.539,75.539,NoButton,Drag,1413,731
75.543,75.543,NoButton,Drag,1413,731
75.547,75.547,NoButton,Drag,1413,730
75.551,75.551,NoButton,Drag,1413,730
75.555,75.555,Left,Released,1413,730
75.563,75.563,NoButton,Drag,1413,730
75.569,75.569,NoButton,Drag,1413,730
75.585,75.585,NoButton,Drag,1412,729
75.603,75.603,NoButton,Drag,1411,728
75.619,75.619,NoButton,Drag,1408,728
75.635,75.635,NoButton,Drag,1396,727
75.652,75.652,NoButton,Drag,1376,727
75.669,75.669,NoButton,Drag,1345,729
75.685,75.685,NoButton,Drag,1307,736
75.702,75.702,NoButton,Drag,1264,746
75.719,75.719,NoButton,Drag,1212,757
75.735,75.735,NoButton,Drag,1183,763
75.753,75.753,NoButton,Drag,1163,767
75.769,75.769,NoButton,Drag,1148,769
75.786,75.786,NoButton,Drag,1137,770
75.802,75.802,NoButton,Drag,1129,770
75.819,75.819,NoButton,Drag,1123,770
75.835,75.835,NoButton,Drag,1110,769
75.852,75.852,NoButton,Drag,1099,768
75.869,75.869,NoButton,Drag,1082,767
75.886,75.886,NoButton,Drag,1070,767
75.903,75.903,NoButton,Drag,1062,767
75.919,75.919,NoButton,Drag,1061,767
75.936,75.936,NoButton,Drag,1061,767
75.952,75.952,NoButton,Drag,1069,770
75.969,75.969,NoButton,Drag,1092,775
75.986,75.986,NoButton,Drag,1148,780
76.003,76.003,NoButton,Drag,1197,780
76.019,76.019,NoButton,Drag,1245,780
76.036,76.036,NoButton,Drag,1291,780
76.052,76.052,NoButton,Drag,1328,778
76.069,76.069,NoButton,Drag,1364,774
76.085,76.085,NoButton,Drag,1388,770
76.102,76.102,NoButton,Drag,1406,766
76.119,76.119,NoButton,Drag,1419,763
76.136,76.136,NoButton,Drag,1428,760
76.152,76.152,NoButton,Drag,1437,757
76.169,76.169,NoButton,Drag,1439,754
76.186,76.186,NoButton,Drag,1439,753
76.202,76.202,NoButton,Drag,1439,752
76.22,76.22,NoButton,Drag,1439,751
76.319,76.319,NoButton,Drag,1439,751
76.323,76.323,NoButton,Drag,1439,751
76.336,76.336,NoButton,Drag,1438,750
76.353,76.353,NoButton,Drag,1433,748
76.369,76.369,NoButton,Drag,1424,745
76.386,76.386,NoButton,Drag,1415,742
76.403,76.403,NoButton,Drag,1409,740
76.419,76.419,NoButton,Drag,1406,739
76.437,76.437,NoButton,Drag,1405,739
76.453,76.453,NoButton,Drag,1405,739
76.528,76.528,Left,Pressed,1405,739
76.656,76.656,NoButton,Drag,1405,739
76.659,76.659,NoButton,Drag,1405,739
76.663,76.663,NoButton,Drag,1405,739
76.667,76.667,NoButton,Drag,1404,739
76.671,76.671,NoButton,Drag,1404,739
76.675,76.675,NoButton,Drag,1404,739
76.679,76.679,NoButton,Drag,1403,739
76.683,76.683,NoButton,Drag,1402,739
76.687,76.687,NoButton,Drag,1401,739
76.691,76.691,NoButton,Drag,1400,739
76.695,76.695,NoButton,Drag,1398,739
76.699,76.699,NoButton,Drag,1396,739
76.703,76.703,NoButton,Drag,1394,739
76.708,76.708,NoButton,Drag,1391,739
76.711,76.711,NoButton,Drag,1388,739
76.715,76.715,NoButton,Drag,1384,739
76.719,76.719,NoButton,Drag,1380,739
76.723,76.723,NoButton,Drag,1377,739
76.727,76.727,NoButton,Drag,1372,739
76.731,76.731,NoButton,Drag,1368,739
76.735,76.735,NoButton,Drag,1364,739
76.739,76.739,NoButton,Drag,1359,739
76.743,76.743,NoButton,Drag,1354,739
76.747,76.747,NoButton,Drag,1350,739
76.751,76.751,NoButton,Drag,1345,739
76.755,76.755,NoButton,Drag,1340,739
76.759,76.759,NoButton,Drag,1336,739
76.763,76.763,NoButton,Drag,1331,739
76.767,76.767,NoButton,Drag,1327,739
76.771,76.771,NoButton,Drag,1323,739
76.775,76.775,NoButton,Drag,1319,739
76.779,76.779,NoButton,Drag,1316,739
76.783,76.783,NoButton,Drag,1313,739
76.787,76.787,NoButton,Drag,1310,739
76.791,76.791,NoButton,Drag,1307,739
76.795,76.795,NoButton,Drag,1305,739
76.799,76.799,NoButton,Drag,1304,739
76.803,76.803,NoButton,Drag,1303,739
76.808,76.808,NoButton,Drag,1302,739
76.811,76.811,NoButton,Drag,1301,739
76.828,76.828,NoButton,Drag,1301,739
76.868,76.868,NoButton,Drag,1301,739
76.873,76.873,NoButton,Drag,1300,739
76.889,76.889,NoButton,Drag,1300,739
76.894,76.894,Left,Released,1300,739
76.897,76.897,NoButton,Drag,1300,739
76.91,76.91,NoButton,Drag,1299,739
76.926,76.926,NoButton,Drag,1299,739
76.942,76.942,NoButton,Drag,1297,738
76.96,76.96,NoButton,Drag,1296,738
76.976,76.976,NoButton,Drag,1293,737
76.993,76.993,NoButton,Drag,1286,735
77.009,77.009,NoButton,Drag,1272,731
77.026,77.026,NoButton,Drag,1257,728
77.043,77.043,NoButton,Drag,1235,727
77.06,77.06,NoButton,Drag,1205,727
77.077,77.077,NoButton,Drag,1171,728
77.093,77.093,NoButton,Drag,1127,730
77.109,77.109,NoButton,Drag,1062,732
77.126,77.126,NoButton,Drag,1004,733
77.143,77.143,NoButton,Drag,943,733
77.16,77.16,NoButton,Drag,881,734
77.176,77.176,NoButton,Drag,817,736
77.192,77.192,NoButton,Drag,756,737
77.209,77.209,NoButton,Drag,690,740
77.227,77.227,NoButton,Drag,645,746
77.242,77.242,NoButton,Drag,608,749
77.26,77.26,NoButton,Drag,574,752
77.277,77.277,NoButton,Drag,550,753
77.293,77.293,NoButton,Drag,536,754
77.309,77.309,NoButton,Drag,527,756
77.327,77.327,NoButton,Drag,523,757
77.343,77.343,NoButton,Drag,520,759
77.36,77.36,NoButton,Drag,516,762
77.377,77.377,NoButton,Drag,511,765
77.393,77.393,NoButton,Drag,507,767
77.41,77.41,NoButton,Drag,502,770
77.427,77.427,NoButton,Drag,501,771
77.443,77.443,NoButton,Drag,500,771
77.46,77.46,NoButton,Drag,500,771
77.477,77.477,NoButton,Drag,500,772
77.493,77.493,NoButton,Drag,498,772
77.509,77.509,NoButton,Drag,494,772
77.526,77.526,NoButton,Drag,488,773
77.543,77.543,NoButton,Drag,482,774
77.56,77.56,NoButton,Drag,476,775
77.577,77.577,NoButton,Drag,474,775
77.596,77.596,Left,Pressed,474,775
77.692,77.692,NoButton,Drag,475,775
77.695,77.695,NoButton,Drag,475,775
77.699,77.699,NoButton,Drag,476,776
77.703,77.703,NoButton,Drag,476,776
77.707,77.707,NoButton,Drag,478,776
77.711,77.711,NoButton,Drag,479,776
77.715,77.715,NoButton,Drag,481,776
77.719,77.719,NoButton,Drag,484,776
77.723,77.723,NoButton,Drag,487,776
77.727,77.727,NoButton,Drag,491,776
77.731,77.731,NoButton,Drag,495,776
77.735,77.735,NoButton,Drag,500,776
77.739,77.739,NoButton,Drag,506,776
77.744,77.744,NoButton,Drag,511,776
77.747,77.747,NoButton,Drag,518,776
77.751,77.751,NoButton,Drag,527,776
77.755,77.755,NoButton,Drag,536,776
77.759,77.759,NoButton,Drag,545,776
77.763,77.763,NoButton,Drag,555,776
77.767,77.767,NoButton,Drag,566,776
77.771,77.771,NoButton,Drag,578,776
77.775,77.775,NoButton,Drag,591,775
77.779,77.779,NoButton,Drag,604,775
77.783,77.783,NoButton,Drag,617,775
77.787,77.787,NoButton,Drag,631,774
77.791,77.791,NoButton,Drag,648,774
77.795,77.795,NoButton,Drag,664,773
77.799,77.799,NoButton,Drag,679,772
77.803,77.803,NoButton,Drag,694,772
77.807,77.807,NoButton,Drag,710,772
77.811,77.811,NoButton,Drag,725,772
77.815,77.815,NoButton,Drag,740,772
77.819,77.819,NoButton,Drag,755,772
77.823,77.823,NoButton,Drag,770,771
77.827,77.827,NoButton,Drag,784,770
77.831,77.831,NoButton,Drag,799,770
77.835,77.835,NoButton,Drag,812,769
77.839,77.839,NoButton,Drag,826,768
77.843,77.843,NoButton,Drag,840,767
77.847,77.847,NoButton,Drag,853,767
77.851,77.851,NoButton,Drag,865,766
77.855,77.855,NoButton,Drag,877,765
77.859,77.859,NoButton,Drag,889,763
77.863,77.863,NoButton,Drag,900,762
77.867,77.867,NoButton,Drag,913,761
77.871,77.871,NoButton,Drag,925,760
77.875,77.875,NoButton,Drag,936,759
77.879,77.879,NoButton,Drag,949,758
77.883,77.883,NoButton,Drag,961,757
77.887,77.887,NoButton,Drag,972,755
77.891,77.891,NoButton,Drag,984,755
77.895,77.895,NoButton,Drag,997,754
77.899,77.899,NoButton,Drag,1009,753
77.903,77.903,NoButton,Drag,1020,752
77.907,77.907,NoButton,Drag,1033,750
77.911,77.911,NoButton,Drag,1045,749
77.915,77.915,NoButton,Drag,1056,747
77.919,77.919,NoButton,Drag,1068,745
77.923,77.923,NoButton,Drag,1079,744
77.927,77.927,NoButton,Drag,1088,742
77.931,77.931,NoButton,Drag,1098,740
77.935,77.935,NoButton,Drag,1108,739
77.939,77.939,NoButton,Drag,1117,737
77.943,77.943,NoButton,Drag,1126,736
77.947,77.947,NoButton,Drag,1134,735
77.951,77.951,NoButton,Drag,1141,734
77.955,77.955,NoButton,Drag,1147,733
77.959,77.959,NoButton,Drag,1154,731
77.963,77.963,NoButton,Drag,1158,730
77.967,77.967,NoButton,Drag,1163,729
77.971,77.971,NoButton,Drag,1168,728
77.975,77.975,NoButton,Drag,1171,727
77.979,77.979,NoButton,Drag,1175,727
77.983,77.983,NoButton,Drag,1178,726
77.987,77.987,NoButton,Drag,1181,725
77.991,77.991,NoButton,Drag,1183,725
77.995,77.995,NoButton,Drag,1185,724
77.999,77.999,NoButton,Drag,1187,724
78.003,78.003,NoButton,Drag,1188,724
78.005,78.005,NoButton,Drag,1189,723
78.009,78.009,NoButton,Drag,1190,723
78.013,78.013,NoButton,Drag,1190,723
78.017,78.017,NoButton,Drag,1191,723
78.025,78.025,NoButton,Drag,1191,723
78.029,78.029,NoButton,Drag,1191,723
78.033,78.033,NoButton,Drag,1192,723
78.037,78.037,NoButton,Drag,1192,723
78.041,78.041,NoButton,Drag,1192,723
78.045,78.045,NoButton,Drag,1192,723
78.049,78.049,NoButton,Drag,1193,723
78.053,78.053,NoButton,Drag,1193,723
78.057,78.057,NoButton,Drag,1193,723
78.061,78.061,NoButton,Drag,1193,723
78.065,78.065,NoButton,Drag,1194,723
78.069,78.069,NoButton,Drag,1195,723
78.073,78.073,NoButton,Drag,1195,723
78.077,78.077,NoButton,Drag,1196,723
78.081,78.081,NoButton,Drag,1197,723
78.085,78.085,NoButton,Drag,1198,723
78.089,78.089,NoButton,Drag,1199,723
78.093,78.093,NoButton,Drag,1200,723
78.097,78.097,NoButton,Drag,1201,724
78.101,78.101,NoButton,Drag,1203,724
78.105,78.105,NoButton,Drag,1205,724
78.109,78.109,NoButton,Drag,1208,724
78.113,78.113,NoButton,Drag,1210,724
78.117,78.117,NoButton,Drag,1213,724
78.121,78.121,NoButton,Drag,1216,724
78.125,78.125,NoButton,Drag,1220,724
78.129,78.129,NoButton,Drag,1223,724
78.133,78.133,NoButton,Drag,1227,724
78.137,78.137,NoButton,Drag,1231,724
78.141,78.141,NoButton,Drag,1234,724
78.145,78.145,NoButton,Drag,1238,724
78.149,78.149,NoButton,Drag,1241,724
78.153,78.153,NoButton,Drag,1244,724
78.157,78.157,NoButton,Drag,1247,724
78.161,78.161,NoButton,Drag,1250,724
78.165,78.165,NoButton,Drag,1252,724
78.169,78.169,NoButton,Drag,1254,724
78.173,78.173,NoButton,Drag,1256,724
78.177,78.177,NoButton,Drag,1257,724
78.181,78.181,NoButton,Drag,1258,724
78.189,78.189,NoButton,Drag,1258,724
78.265,78.265,NoButton,Drag,1259,724
78.269,78.269,NoButton,Drag,1259,724
78.273,78.273,NoButton,Drag,1259,724
78.277,78.277,NoButton,Drag,1260,724
78.281,78.281,NoButton,Drag,1260,724
78.285,78.285,NoButton,Drag,1261,724
78.289,78.289,NoButton,Drag,1262,724
78.294,78.294,NoButton,Drag,1263,724
78.297,78.297,NoButton,Drag,1265,724
78.301,78.301,NoButton,Drag,1266,724
78.305,78.305,NoButton,Drag,1267,724
78.309,78.309,NoButton,Drag,1268,724
78.313,78.313,NoButton,Drag,1269,724
78.317,78.317,NoButton,Drag,1270,725
78.321,78.321,NoButton,Drag,1272,725
78.325,78.325,NoButton,Drag,1273,725
78.329,78.329,NoButton,Drag,1275,725
78.333,78.333,NoButton,Drag,1277,725
78.337,78.337,NoButton,Drag,1279,725
78.341,78.341,NoButton,Drag,1282,725
78.345,78.345,NoButton,Drag,1284,725
78.349,78.349,NoButton,Drag,1286,725
78.353,78.353,NoButton,Drag,1288,725
78.357,78.357,NoButton,Drag,1291,725
78.361,78.361,NoButton,Drag,1293,725
78.365,78.365,NoButton,Drag,1295,725
78.369,78.369,NoButton,Drag,1297,725
78.373,78.373,NoButton,Drag,1299,725
78.378,78.378,NoButton,Drag,1301,726
78.381,78.381,NoButton,Drag,1302,726
78.385,78.385,NoButton,Drag,1303,726
78.389,78.389,NoButton,Drag,1304,726
78.393,78.393,NoButton,Drag,1305,726
78.397,78.397,NoButton,Drag,1306,726
78.489,78.489,NoButton,Drag,1306,726
78.493,78.493,Left,Released,1306,726
78.509,78.509,NoButton,Drag,1306,726
78.513,78.513,NoButton,Drag,1306,725
78.529,78.529,NoButton,Drag,1306,725
78.546,78.546,NoButton,Drag,1305,724
78.564,78.564,NoButton,Drag,1304,722
78.58,78.58,NoButton,Drag,1300,720
78.597,78.597,NoButton,Drag,1289,717
78.613,78.613,NoButton,Drag,1271,715
78.63,78.63,NoButton,Drag,1244,715
78.647,78.647,NoButton,Drag,1209,715
78.664,78.664,NoButton,Drag,1160,715
78.68,78.68,NoButton,Drag,1113,717
78.697,78.697,NoButton,Drag,1059,718
78.714,78.714,NoButton,Drag,1002,719
78.731,78.731,NoButton,Drag,937,719
78.747,78.747,NoButton,Drag,855,719
78.764,78.764,NoButton,Drag,799,720
78.781,78.781,NoButton,Drag,745,722
78.797,78.797,NoButton,Drag,689,723
78.814,78.814,NoButton,Drag,632,725
78.831,78.831,NoButton,Drag,580,725
78.847,78.847,NoButton,Drag,535,725
78.864,78.864,NoButton,Drag,511,725
78.881,78.881,NoButton,Drag,492,726
78.898,78.898,NoButton,Drag,476,726
78.914,78.914,NoButton,Drag,467,726
78.931,78.931,NoButton,Drag,462,726
78.947,78.947,NoButton,Drag,459,726
78.965,78.965,NoButton,Drag,457,726
78.981,78.981,NoButton,Drag,453,727
78.998,78.998,NoButton,Drag,445,727
79.015,79.015,NoButton,Drag,436,729
79.031,79.031,NoButton,Drag,427,730
79.047,79.047,NoButton,Drag,418,731
79.065,79.065,NoButton,Drag,415,732
79.157,79.157,NoButton,Drag,415,732
79.169,79.169,NoButton,Drag,415,732
79.181,79.181,NoButton,Drag,415,732
79.198,79.198,NoButton,Drag,414,732
79.206,79.206,Left,Pressed,414,732
79.237,79.237,NoButton,Drag,414,733
79.253,79.253,NoButton,Drag,414,733
79.273,79.273,NoButton,Drag,414,733
79.285,79.285,NoButton,Drag,414,733
79.289,79.289,NoButton,Drag,415,734
79.293,79.293,NoButton,Drag,415,734
79.297,79.297,NoButton,Drag,416,734
79.301,79.301,NoButton,Drag,417,735
79.305,79.305,NoButton,Drag,419,735
79.309,79.309,NoButton,Drag,422,736
79.313,79.313,NoButton,Drag,424,737
79.317,79.317,NoButton,Drag,427,738
79.321,79.321,NoButton,Drag,432,739
79.325,79.325,NoButton,Drag,437,740
79.329,79.329,NoButton,Drag,442,740
79.333,79.333,NoButton,Drag,449,741
79.339,79.339,NoButton,Drag,457,741
79.341,79.341,NoButton,Drag,465,742
79.345,79.345,NoButton,Drag,474,742
79.349,79.349,NoButton,Drag,483,743
79.353,79.353,NoButton,Drag,494,744
79.357,79.357,NoButton,Drag,504,745
79.362,79.362,NoButton,Drag,517,745
79.365,79.365,NoButton,Drag,531,747
79.369,79.369,NoButton,Drag,545,747
79.373,79.373,NoButton,Drag,561,748
79.377,79.377,NoButton,Drag,578,749
79.381,79.381,NoButton,Drag,597,749
79.385,79.385,NoButton,Drag,613,750
79.389,79.389,NoButton,Drag,631,752
79.393,79.393,NoButton,Drag,650,752
79.397,79.397,NoButton,Drag,667,753
79.401,79.401,NoButton,Drag,685,754
79.405,79.405,NoButton,Drag,704,754
79.409,79.409,NoButton,Drag,722,755
79.413,79.413,NoButton,Drag,741,756
79.417,79.417,NoButton,Drag,758,757
79.421,79.421,NoButton,Drag,774,757
79.425,79.425,NoButton,Drag,790,757
79.429,79.429,NoButton,Drag,806,757
79.433,79.433,NoButton,Drag,820,757
79.437,79.437,NoButton,Drag,835,757
79.441,79.441,NoButton,Drag,850,757
79.445,79.445,NoButton,Drag,863,757
79.449,79.449,NoButton,Drag,878,757
79.453,79.453,NoButton,Drag,893,757
79.457,79.457,NoButton,Drag,907,757
79.462,79.462,NoButton,Drag,921,757
79.465,79.465,NoButton,Drag,936,757
79.469,79.469,NoButton,Drag,948,757
79.473,79.473,NoButton,Drag,961,757
79.477,79.477,NoButton,Drag,975,757
79.481,79.481,NoButton,Drag,986,757
79.485,79.485,NoButton,Drag,997,757
79.489,79.489,NoButton,Drag,1008,757
79.493,79.493,NoButton,Drag,1018,757
79.497,79.497,NoButton,Drag,1028,757
79.501,79.501,NoButton,Drag,1038,757
79.505,79.505,NoButton,Drag,1048,756
79.509,79.509,NoButton,Drag,1059,755
79.513,79.513,NoButton,Drag,1069,754
79.517,79.517,NoButton,Drag,1078,754
79.521,79.521,NoButton,Drag,1087,753
79.525,79.525,NoButton,Drag,1096,753
79.529,79.529,NoButton,Drag,1105,752
79.533,79.533,NoButton,Drag,1113,751
79.537,79.537,NoButton,Drag,1121,750
79.541,79.541,NoButton,Drag,1127,749
79.545,79.545,NoButton,Drag,1133,749
79.549,79.549,NoButton,Drag,1140,748
79.553,79.553,NoButton,Drag,1146,747
79.557,79.557,NoButton,Drag,1152,747
79.561,79.561,NoButton,Drag,1158,747
79.565,79.565,NoButton,Drag,1164,746
79.569,79.569,NoButton,Drag,1169,746
79.573,79.573,NoButton,Drag,1174,745
79.577,79.577,NoButton,Drag,1178,745
79.581,79.581,NoButton,Drag,1182,744
79.585,79.585,NoButton,Drag,1186,743
79.589,79.589,NoButton,Drag,1190,743
79.593,79.593,NoButton,Drag,1193,742
79.597,79.597,NoButton,Drag,1196,741
79.601,79.601,NoButton,Drag,1199,741
79.605,79.605,NoButton,Drag,1201,740
79.609,79.609,NoButton,Drag,1204,740
79.613,79.613,NoButton,Drag,1205,740
79.617,79.617,NoButton,Drag,1207,739
79.621,79.621,NoButton,Drag,1208,739
79.625,79.625,NoButton,Drag,1209,739
79.629,79.629,NoButton,Drag,1210,738
79.633,79.633,NoButton,Drag,1211,738
79.637,79.637,NoButton,Drag,1211,738
79.641,79.641,NoButton,Drag,1212,738
79.645,79.645,NoButton,Drag,1212,738
79.657,79.657,NoButton,Drag,1212,738
79.662,79.662,NoButton,Drag,1212,738
79.665,79.665,NoButton,Drag,1212,738
79.669,79.669,NoButton,Drag,1213,738
79.673,79.673,NoButton,Drag,1213,738
79.677,79.677,NoButton,Drag,1213,737
79.681,79.681,NoButton,Drag,1214,737
79.685,79.685,NoButton,Drag,1214,737
79.689,79.689,NoButton,Drag,1215,737
79.693,79.693,NoButton,Drag,1216,737
79.697,79.697,NoButton,Drag,1217,737
79.701,79.701,NoButton,Drag,1218,736
79.705,79.705,NoButton,Drag,1219,736
79.709,79.709,NoButton,Drag,1220,736
79.713,79.713,NoButton,Drag,1221,735
79.717,79.717,NoButton,Drag,1223,735
79.721,79.721,NoButton,Drag,1225,735
79.725,79.725,NoButton,Drag,1227,734
79.729,79.729,NoButton,Drag,1229,734
79.731,79.731,NoButton,Drag,1231,733
79.735,79.735,NoButton,Drag,1233,733
79.739,79.739,NoButton,Drag,1236,732
79.743,79.743,NoButton,Drag,1238,731
79.747,79.747,NoButton,Drag,1241,730
79.751,79.751,NoButton,Drag,1243,730
79.755,79.755,NoButton,Drag,1247,729
79.759,79.759,NoButton,Drag,1249,729
79.763,79.763,NoButton,Drag,1252,728
79.767,79.767,NoButton,Drag,1255,727
79.771,79.771,NoButton,Drag,1259,726
79.775,79.775,NoButton,Drag,1262,725
79.779,79.779,NoButton,Drag,1266,725
79.783,79.783,NoButton,Drag,1269,724
79.787,79.787,NoButton,Drag,1272,723
79.791,79.791,NoButton,Drag,1275,722
79.795,79.795,NoButton,Drag,1278,722
79.799,79.799,NoButton,Drag,1280,721
79.803,79.803,NoButton,Drag,1283,720
79.807,79.807,NoButton,Drag,1285,719
79.812,79.812,NoButton,Drag,1287,719
79.815,79.815,NoButton,Drag,1289,718
79.819,79.819,NoButton,Drag,1291,718
79.823,79.823,NoButton,Drag,1293,717
79.827,79.827,NoButton,Drag,1295,717
79.833,79.833,NoButton,Drag,1297,717
79.835,79.835,NoButton,Drag,1299,716
79.839,79.839,NoButton,Drag,1301,715
79.843,79.843,NoButton,Drag,1302,715
79.847,79.847,NoButton,Drag,1304,714
79.851,79.851,NoButton,Drag,1306,714
79.855,79.855,NoButton,Drag,1308,714
79.859,79.859,NoButton,Drag,1309,713
79.863,79.863,NoButton,Drag,1311,713
79.867,79.867,NoButton,Drag,1313,713
79.871,79.871,NoButton,Drag,1315,712
79.875,79.875,NoButton,Drag,1317,712
79.879,79.879,NoButton,Drag,1318,711
79.883,79.883,NoButton,Drag,1320,710
79.887,79.887,NoButton,Drag,1322,710
79.891,79.891,NoButton,Drag,1324,710
79.895,79.895,NoButton,Drag,1325,709
79.899,79.899,NoButton,Drag,1327,709
79.903,79.903,NoButton,Drag,1329,709
79.907,79.907,NoButton,Drag,1330,709
79.911,79.911,NoButton,Drag,1332,709
79.915,79.915,NoButton,Drag,1333,709
79.919,79.919,NoButton,Drag,1334,709
79.923,79.923,NoButton,Drag,1336,708
79.927,79.927,NoButton,Drag,1337,708
79.931,79.931,NoButton,Drag,1338,708
79.935,79.935,NoButton,Drag,1340,708
79.939,79.939,NoButton,Drag,1342,708
79.943,79.943,NoButton,Drag,1343,707
79.947,79.947,NoButton,Drag,1345,707
79.951,79.951,NoButton,Drag,1346,707
79.955,79.955,NoButton,Drag,1347,707
79.959,79.959,NoButton,Drag,1348,707
79.963,79.963,NoButton,Drag,1349,707
79.967,79.967,NoButton,Drag,1350,707
79.971,79.971,NoButton,Drag,1351,707
79.975,79.975,NoButton,Drag,1351,707
79.979,79.979,NoButton,Drag,1351,707
79.983,79.983,NoButton,Drag,1352,707
80.031,80.031,NoButton,Drag,1352,707
80.035,80.035,NoButton,Drag,1352,707
80.039,80.039,NoButton,Drag,1353,707
80.043,80.043,NoButton,Drag,1353,707
80.047,80.047,NoButton,Drag,1354,707
80.051,80.051,NoButton,Drag,1354,707
80.055,80.055,NoButton,Drag,1355,707
80.059,80.059,NoButton,Drag,1355,707
80.063,80.063,NoButton,Drag,1356,707
80.067,80.067,NoButton,Drag,1356,707
80.071,80.071,NoButton,Drag,1357,706
80.075,80.075,NoButton,Drag,1358,706
80.079,80.079,NoButton,Drag,1359,706
80.083,80.083,NoButton,Drag,1359,706
80.087,80.087,NoButton,Drag,1360,706
80.091,80.091,NoButton,Drag,1360,706
80.095,80.095,NoButton,Drag,1360,706
80.099,80.099,NoButton,Drag,1361,705
80.115,80.115,Left,Released,1361,705
80.116,80.116,NoButton,Drag,1361,705
80.131,80.131,NoButton,Drag,1360,704
80.147,80.147,NoButton,Drag,1359,701
80.164,80.164,NoButton,Drag,1351,695
80.18,80.18,NoButton,Drag,1333,690
80.197,80.197,NoButton,Drag,1295,683
80.214,80.214,NoButton,Drag,1239,681
80.23,80.23,NoButton,Drag,1167,680
80.247,80.247,NoButton,Drag,1080,679
80.264,80.264,NoButton,Drag,1014,677
80.28,80.28,NoButton,Drag,959,675
80.297,80.297,NoButton,Drag,916,670
80.314,80.314,NoButton,Drag,880,662
80.33,80.33,NoButton,Drag,863,658
80.348,80.348,NoButton,Drag,855,654
80.364,80.364,NoButton,Drag,849,650
80.381,80.381,NoButton,Drag,844,648
80.397,80.397,NoButton,Drag,833,642
80.414,80.414,NoButton,Drag,823,635
80.43,80.43,NoButton,Drag,811,629
80.447,80.447,NoButton,Drag,800,623
80.463,80.463,NoButton,Drag,788,615
80.481,80.481,NoButton,Drag,776,607
80.497,80.497,NoButton,Drag,764,598
80.514,80.514,NoButton,Drag,745,585
80.531,80.531,NoButton,Drag,730,573
80.548,80.548,NoButton,Drag,714,559
80.564,80.564,NoButton,Drag,699,544
80.581,80.581,NoButton,Drag,683,530
80.597,80.597,NoButton,Drag,664,512
80.614,80.614,NoButton,Drag,649,498
80.631,80.631,NoButton,Drag,635,485
80.647,80.647,NoButton,Drag,623,474
80.665,80.665,NoButton,Drag,614,464
80.681,80.681,NoButton,Drag,608,455
80.697,80.697,NoButton,Drag,601,447
80.714,80.714,NoButton,Drag,598,443
80.731,80.731,NoButton,Drag,597,441
80.747,80.747,NoButton,Drag,594,439
80.764,80.764,NoButton,Drag,594,439
80.782,80.782,NoButton,Drag,594,439
80.814,80.814,Left,Pressed,594,439
80.857,80.857,NoButton,Drag,594,439
80.865,80.865,NoButton,Drag,594,439
80.869,80.869,NoButton,Drag,595,439
80.873,80.873,NoButton,Drag,595,440
80.875,80.875,NoButton,Drag,596,440
80.879,80.879,NoButton,Drag,596,441
80.883,80.883,NoButton,Drag,597,441
80.887,80.887,NoButton,Drag,598,441
80.891,80.891,NoButton,Drag,598,441
80.895,80.895,NoButton,Drag,600,442
80.901,80.901,NoButton,Drag,601,442
80.903,80.903,NoButton,Drag,603,442
80.907,80.907,NoButton,Drag,605,443
80.911,80.911,NoButton,Drag,608,443
80.915,80.915,NoButton,Drag,611,443
80.919,80.919,NoButton,Drag,615,443
80.923,80.923,NoButton,Drag,620,444
80.927,80.927,NoButton,Drag,626,444
80.931,80.931,NoButton,Drag,634,445
80.935,80.935,NoButton,Drag,641,445
80.939,80.939,NoButton,Drag,649,445
80.943,80.943,NoButton,Drag,659,445
80.947,80.947,NoButton,Drag,670,446
80.951,80.951,NoButton,Drag,682,447
80.955,80.955,NoButton,Drag,693,447
80.959,80.959,NoButton,Drag,706,448
80.963,80.963,NoButton,Drag,719,448
80.967,80.967,NoButton,Drag,731,449
80.971,80.971,NoButton,Drag,745,450
80.975,80.975,NoButton,Drag,759,450
80.979,80.979,NoButton,Drag,774,452
80.983,80.983,NoButton,Drag,790,452
80.987,80.987,NoButton,Drag,805,453
80.991,80.991,NoButton,Drag,820,453
80.995,80.995,NoButton,Drag,835,453
80.999,80.999,NoButton,Drag,851,454
81.003,81.003,NoButton,Drag,866,454
81.007,81.007,NoButton,Drag,882,455
81.011,81.011,NoButton,Drag,899,455
81.015,81.015,NoButton,Drag,915,455
81.019,81.019,NoButton,Drag,931,455
81.023,81.023,NoButton,Drag,948,455
81.027,81.027,NoButton,Drag,964,455
81.031,81.031,NoButton,Drag,980,456
81.035,81.035,NoButton,Drag,998,456
81.039,81.039,NoButton,Drag,1012,456
81.043,81.043,NoButton,Drag,1029,457
81.047,81.047,NoButton,Drag,1045,457
81.051,81.051,NoButton,Drag,1059,457
81.055,81.055,NoButton,Drag,1074,457
81.059,81.059,NoButton,Drag,1089,457
81.063,81.063,NoButton,Drag,1103,458
81.067,81.067,NoButton,Drag,1117,458
81.071,81.071,NoButton,Drag,1130,459
81.075,81.075,NoButton,Drag,1142,459
81.079,81.079,NoButton,Drag,1154,459
81.083,81.083,NoButton,Drag,1166,459
81.087,81.087,NoButton,Drag,1176,460
81.091,81.091,NoButton,Drag,1188,461
81.095,81.095,NoButton,Drag,1199,461
81.099,81.099,NoButton,Drag,1208,462
81.103,81.103,NoButton,Drag,1218,463
81.107,81.107,NoButton,Drag,1228,463
81.111,81.111,NoButton,Drag,1237,464
81.115,81.115,NoButton,Drag,1246,464
81.119,81.119,NoButton,Drag,1254,465
81.123,81.123,NoButton,Drag,1262,466
81.127,81.127,NoButton,Drag,1270,466
81.131,81.131,NoButton,Drag,1276,467
81.135,81.135,NoButton,Drag,1282,467
81.139,81.139,NoButton,Drag,1289,468
81.143,81.143,NoButton,Drag,1295,469
81.148,81.148,NoButton,Drag,1300,470
81.151,81.151,NoButton,Drag,1305,470
81.155,81.155,NoButton,Drag,1310,471
81.159,81.159,NoButton,Drag,1314,472
81.163,81.163,NoButton,Drag,1319,473
81.167,81.167,NoButton,Drag,1323,474
81.171,81.171,NoButton,Drag,1327,474
81.175,81.175,NoButton,Drag,1330,475
81.179,81.179,NoButton,Drag,1335,476
81.183,81.183,NoButton,Drag,1338,477
81.187,81.187,NoButton,Drag,1342,478
81.191,81.191,NoButton,Drag,1346,479
81.195,81.195,NoButton,Drag,1349,480
81.199,81.199,NoButton,Drag,1352,480
81.203,81.203,NoButton,Drag,1355,481
81.207,81.207,NoButton,Drag,1358,482
81.211,81.211,NoButton,Drag,1361,482
81.215,81.215,NoButton,Drag,1363,483
81.219,81.219,NoButton,Drag,1364,483
81.223,81.223,NoButton,Drag,1366,483
81.227,81.227,NoButton,Drag,1368,484
81.231,81.231,NoButton,Drag,1369,484
81.235,81.235,NoButton,Drag,1370,485
81.239,81.239,NoButton,Drag,1372,485
81.243,81.243,NoButton,Drag,1373,485
81.247,81.247,NoButton,Drag,1374,486
81.251,81.251,NoButton,Drag,1375,486
81.255,81.255,NoButton,Drag,1376,486
81.259,81.259,NoButton,Drag,1376,486
81.263,81.263,NoButton,Drag,1377,486
81.267,81.267,NoButton,Drag,1377,486
81.424,81.424,Left,Released,1377,486
81.425,81.425,NoButton,Drag,1377,486
81.433,81.433,NoButton,Drag,1377,486
81.449,81.449,NoButton,Drag,1374,483
81.467,81.467,NoButton,Drag,1370,481
81.483,81.483,NoButton,Drag,1363,478
81.499,81.499,NoButton,Drag,1354,476
81.516,81.516,NoButton,Drag,1343,475
81.533,81.533,NoButton,Drag,1328,475
81.549,81.549,NoButton,Drag,1302,475
81.567,81.567,NoButton,Drag,1274,475
81.583,81.583,NoButton,Drag,1240,475
81.599,81.599,NoButton,Drag,1199,470
81.616,81.616,NoButton,Drag,1152,463
81.633,81.633,NoButton,Drag,1090,448
81.65,81.65,NoButton,Drag,1044,435
81.667,81.667,NoButton,Drag,1001,422
81.684,81.684,NoButton,Drag,954,408
81.699,81.699,NoButton,Drag,907,393
81.716,81.716,NoButton,Drag,860,378
81.733,81.733,NoButton,Drag,801,360
81.75,81.75,NoButton,Drag,757,345
81.766,81.766,NoButton,Drag,710,329
81.783,81.783,NoButton,Drag,665,313
81.8,81.8,NoButton,Drag,617,296
81.817,81.817,NoButton,Drag,570,280
81.833,81.833,NoButton,Drag,516,262
81.85,81.85,NoButton,Drag,479,249
81.867,81.867,NoButton,Drag,451,239
81.883,81.883,NoButton,Drag,429,231
81.9,81.9,NoButton,Drag,415,224
81.917,81.917,NoButton,Drag,407,219
81.934,81.934,NoButton,Drag,405,216
81.95,81.95,NoButton,Drag,405,215
81.968,81.968,NoButton,Drag,405,214
82.031,82.031,NoButton,Drag,405,214
82.056,82.056,Left,Pressed,405,214
82.079,82.079,NoButton,Drag,405,214
82.084,82.084,NoButton,Drag,405,214
82.087,82.087,NoButton,Drag,406,214
82.091,82.091,NoButton,Drag,406,214
82.095,82.095,NoButton,Drag,407,215
82.099,82.099,NoButton,Drag,408,215
82.103,82.103,NoButton,Drag,408,216
82.107,82.107,NoButton,Drag,409,216
82.111,82.111,NoButton,Drag,411,217
82.115,82.115,NoButton,Drag,412,218
82.119,82.119,NoButton,Drag,413,219
82.123,82.123,NoButton,Drag,416,220
82.127,82.127,NoButton,Drag,418,222
82.131,82.131,NoButton,Drag,421,223
82.135,82.135,NoButton,Drag,424,226
82.139,82.139,NoButton,Drag,428,227
82.143,82.143,NoButton,Drag,432,229
82.147,82.147,NoButton,Drag,436,232
82.152,82.152,NoButton,Drag,441,234
82.155,82.155,NoButton,Drag,447,236
82.159,82.159,NoButton,Drag,454,239
82.163,82.163,NoButton,Drag,460,242
82.167,82.167,NoButton,Drag,468,245
82.171,82.171,NoButton,Drag,477,247
82.175,82.175,NoButton,Drag,487,251
82.179,82.179,NoButton,Drag,497,254
82.183,82.183,NoButton,Drag,507,257
82.187,82.187,NoButton,Drag,517,261
82.191,82.191,NoButton,Drag,527,264
82.195,82.195,NoButton,Drag,538,267
82.199,82.199,NoButton,Drag,547,270
82.203,82.203,NoButton,Drag,555,273
82.207,82.207,NoButton,Drag,564,276
82.211,82.211,NoButton,Drag,572,278
82.215,82.215,NoButton,Drag,579,281
82.219,82.219,NoButton,Drag,587,283
82.223,82.223,NoButton,Drag,594,285
82.227,82.227,NoButton,Drag,600,287
82.231,82.231,NoButton,Drag,607,289
82.235,82.235,NoButton,Drag,613,291
82.239,82.239,NoButton,Drag,621,293
82.243,82.243,NoButton,Drag,629,296
82.247,82.247,NoButton,Drag,635,298
82.252,82.252,NoButton,Drag,642,301
82.255,82.255,NoButton,Drag,649,303
82.259,82.259,NoButton,Drag,655,305
82.263,82.263,NoButton,Drag,662,307
82.267,82.267,NoButton,Drag,669,310
82.271,82.271,NoButton,Drag,675,312
82.275,82.275,NoButton,Drag,681,314
82.279,82.279,NoButton,Drag,689,316
82.283,82.283,NoButton,Drag,695,318
82.287,82.287,NoButton,Drag,701,319
82.291,82.291,NoButton,Drag,708,321
82.295,82.295,NoButton,Drag,713,323
82.299,82.299,NoButton,Drag,719,325
82.303,82.303,NoButton,Drag,725,327
82.307,82.307,NoButton,Drag,730,328
82.311,82.311,NoButton,Drag,736,330
82.315,82.315,NoButton,Drag,741,332
82.319,82.319,NoButton,Drag,746,333
82.323,82.323,NoButton,Drag,752,334
82.327,82.327,NoButton,Drag,757,336
82.331,82.331,NoButton,Drag,763,338
82.335,82.335,NoButton,Drag,769,340
82.339,82.339,NoButton,Drag,775,342
82.343,82.343,NoButton,Drag,781,344
82.347,82.347,NoButton,Drag,788,347
82.351,82.351,NoButton,Drag,796,349
82.355,82.355,NoButton,Drag,804,351
82.359,82.359,NoButton,Drag,812,353
82.363,82.363,NoButton,Drag,821,355
82.367,82.367,NoButton,Drag,830,358
82.371,82.371,NoButton,Drag,841,361
82.375,82.375,NoButton,Drag,851,365
82.379,82.379,NoButton,Drag,862,367
82.383,82.383,NoButton,Drag,872,370
82.387,82.387,NoButton,Drag,883,374
82.391,82.391,NoButton,Drag,893,377
82.395,82.395,NoButton,Drag,904,380
82.399,82.399,NoButton,Drag,915,383
82.403,82.403,NoButton,Drag,925,386
82.407,82.407,NoButton,Drag,937,389
82.411,82.411,NoButton,Drag,948,392
82.415,82.415,NoButton,Drag,958,394
82.419,82.419,NoButton,Drag,969,397
82.423,82.423,NoButton,Drag,979,399
82.427,82.427,NoButton,Drag,989,402
82.431,82.431,NoButton,Drag,998,404
82.435,82.435,NoButton,Drag,1008,406
82.439,82.439,NoButton,Drag,1017,409
82.443,82.443,NoButton,Drag,1026,410
82.447,82.447,NoButton,Drag,1034,412
82.452,82.452,NoButton,Drag,1041,414
82.455,82.455,NoButton,Drag,1047,415
82.459,82.459,NoButton,Drag,1055,416
82.463,82.463,NoButton,Drag,1061,417
82.467,82.467,NoButton,Drag,1067,418
82.471,82.471,NoButton,Drag,1072,419
82.475,82.475,NoButton,Drag,1077,420
82.479,82.479,NoButton,Drag,1081,420
82.483,82.483,NoButton,Drag,1086,421
82.487,82.487,NoButton,Drag,1090,421
82.491,82.491,NoButton,Drag,1094,421
82.495,82.495,NoButton,Drag,1099,422
82.499,82.499,NoButton,Drag,1103,423
82.503,82.503,NoButton,Drag,1107,424
82.507,82.507,NoButton,Drag,1112,424
82.511,82.511,NoButton,Drag,1116,425
82.515,82.515,NoButton,Drag,1120,425
82.519,82.519,NoButton,Drag,1123,425
82.523,82.523,NoButton,Drag,1127,426
82.527,82.527,NoButton,Drag,1130,426
82.531,82.531,NoButton,Drag,1133,426
82.535,82.535,NoButton,Drag,1136,427
82.539,82.539,NoButton,Drag,1139,427
82.543,82.543,NoButton,Drag,1142,428
82.547,82.547,NoButton,Drag,1145,428
82.551,82.551,NoButton,Drag,1148,428
82.555,82.555,NoButton,Drag,1150,428
82.559,82.559,NoButton,Drag,1153,428
82.563,82.563,NoButton,Drag,1155,429
82.567,82.567,NoButton,Drag,1158,429
82.571,82.571,NoButton,Drag,1160,429
82.575,82.575,NoButton,Drag,1163,429
82.579,82.579,NoButton,Drag,1165,429
82.583,82.583,NoButton,Drag,1168,429
82.587,82.587,NoButton,Drag,1170,430
82.591,82.591,NoButton,Drag,1173,430
82.595,82.595,NoButton,Drag,1176,431
82.597,82.597,NoButton,Drag,1180,431
82.601,82.601,NoButton,Drag,1184,431
82.605,82.605,NoButton,Drag,1188,431
82.609,82.609,NoButton,Drag,1191,432
82.613,82.613,NoButton,Drag,1194,432
82.617,82.617,NoButton,Drag,1198,433
82.621,82.621,NoButton,Drag,1202,433
82.625,82.625,NoButton,Drag,1205,433
82.629,82.629,NoButton,Drag,1209,434
82.633,82.633,NoButton,Drag,1213,434
82.637,82.637,NoButton,Drag,1216,435
82.641,82.641,NoButton,Drag,1219,435
82.645,82.645,NoButton,Drag,1222,436
82.649,82.649,NoButton,Drag,1225,436
82.653,82.653,NoButton,Drag,1228,436
82.657,82.657,NoButton,Drag,1230,437
82.661,82.661,NoButton,Drag,1233,437
82.665,82.665,NoButton,Drag,1235,437
82.669,82.669,NoButton,Drag,1237,437
82.673,82.673,NoButton,Drag,1238,437
82.677,82.677,NoButton,Drag,1239,437
82.681,82.681,NoButton,Drag,1240,437
82.733,82.733,NoButton,Drag,1240,437
82.738,82.738,NoButton,Drag,1241,437
82.741,82.741,NoButton,Drag,1241,437
82.745,82.745,NoButton,Drag,1242,437
82.749,82.749,NoButton,Drag,1243,438
82.753,82.753,NoButton,Drag,1243,438
82.757,82.757,NoButton,Drag,1245,438
82.761,82.761,NoButton,Drag,1246,438
82.765,82.765,NoButton,Drag,1248,439
82.769,82.769,NoButton,Drag,1249,439
82.773,82.773,NoButton,Drag,1251,439
82.777,82.777,NoButton,Drag,1252,439
82.781,82.781,NoButton,Drag,1254,439
82.785,82.785,NoButton,Drag,1256,440
82.789,82.789,NoButton,Drag,1258,440
82.793,82.793,NoButton,Drag,1261,440
82.797,82.797,NoButton,Drag,1264,440
82.802,82.802,NoButton,Drag,1266,440
82.805,82.805,NoButton,Drag,1269,440
82.809,82.809,NoButton,Drag,1272,440
82.813,82.813,NoButton,Drag,1274,440
82.817,82.817,NoButton,Drag,1277,440
82.821,82.821,NoButton,Drag,1279,440
82.825,82.825,NoButton,Drag,1280,440
82.829,82.829,NoButton,Drag,1282,440
82.833,82.833,NoButton,Drag,1283,440
82.837,82.837,NoButton,Drag,1284,440
82.841,82.841,NoButton,Drag,1284,440
82.857,82.857,NoButton,Drag,1285,439
82.861,82.861,NoButton,Drag,1285,439
82.865,82.865,Left,Released,1285,439
82.866,82.866,NoButton,Drag,1285,439
82.871,82.871,NoButton,Drag,1285,438
82.886,82.886,NoButton,Drag,1283,436
82.903,82.903,NoButton,Drag,1277,432
82.921,82.921,NoButton,Drag,1267,426
82.937,82.937,NoButton,Drag,1258,423
82.953,82.953,NoButton,Drag,1244,419
82.97,82.97,NoButton,Drag,1230,417
82.986,82.986,NoButton,Drag,1210,415
83.003,83.003,NoButton,Drag,1182,415
83.021,83.021,NoButton,Drag,1143,415
83.037,83.037,NoButton,Drag,1090,414
83.053,83.053,NoButton,Drag,1024,413
83.07,83.07,NoButton,Drag,930,413
83.086,83.086,NoButton,Drag,851,411
83.104,83.104,NoButton,Drag,761,410
83.12,83.12,NoButton,Drag,657,405
83.137,83.137,NoButton,Drag,559,402
83.153,83.153,NoButton,Drag,452,397
83.17,83.17,NoButton,Drag,379,390
83.187,83.187,NoButton,Drag,316,378
83.203,83.203,NoButton,Drag,253,364
83.22,83.22,NoButton,Drag,219,356
83.237,83.237,NoButton,Drag,200,350
83.253,83.253,NoButton,Drag,191,346
83.271,83.271,NoButton,Drag,189,346
83.287,83.287,NoButton,Drag,189,345
83.303,83.303,NoButton,Drag,189,345
83.32,83.32,NoButton,Drag,189,344
83.337,83.337,NoButton,Drag,190,343
83.354,83.354,NoButton,Drag,192,340
83.37,83.37,NoButton,Drag,194,339
83.387,83.387,NoButton,Drag,197,337
83.403,83.403,NoButton,Drag,204,335
83.421,83.421,NoButton,Drag,210,333
83.437,83.437,NoButton,Drag,216,331
83.454,83.454,NoButton,Drag,224,329
83.471,83.471,NoButton,Drag,237,327
83.487,83.487,NoButton,Drag,254,327
83.504,83.504,NoButton,Drag,271,327
83.52,83.52,NoButton,Drag,278,329
83.538,83.538,NoButton,Drag,279,329
83.567,83.567,NoButton,Drag,280,329
83.579,83.579,NoButton,Drag,280,329
83.584,83.584,Left,Pressed,280,329
83.587,83.587,NoButton,Drag,280,329
83.595,83.595,NoButton,Drag,280,329
83.599,83.599,NoButton,Drag,280,330
83.603,83.603,NoButton,Drag,281,330
83.607,83.607,NoButton,Drag,281,330
83.611,83.611,NoButton,Drag,281,330
83.615,83.615,NoButton,Drag,281,330
83.62,83.62,NoButton,Drag,281,330
83.627,83.627,NoButton,Drag,282,331
83.631,83.631,NoButton,Drag,282,331
83.635,83.635,NoButton,Drag,282,331
83.651,83.651,NoButton,Drag,282,331
83.659,83.659,NoButton,Drag,283,331
83.663,83.663,NoButton,Drag,283,331
83.667,83.667,NoButton,Drag,283,331
83.671,83.671,NoButton,Drag,283,332
83.675,83.675,NoButton,Drag,284,332
83.679,83.679,NoButton,Drag,284,332
83.683,83.683,NoButton,Drag,285,332
83.687,83.687,NoButton,Drag,285,333
83.691,83.691,NoButton,Drag,286,333
83.695,83.695,NoButton,Drag,287,334
83.699,83.699,NoButton,Drag,288,334
83.703,83.703,NoButton,Drag,290,335
83.707,83.707,NoButton,Drag,292,335
83.711,83.711,NoButton,Drag,294,337
83.715,83.715,NoButton,Drag,297,337
83.719,83.719,NoButton,Drag,300,338
83.723,83.723,NoButton,Drag,304,339
83.727,83.727,NoButton,Drag,308,341
83.731,83.731,NoButton,Drag,313,341
83.735,83.735,NoButton,Drag,318,343
83.739,83.739,NoButton,Drag,324,344
83.743,83.743,NoButton,Drag,332,346
83.747,83.747,NoButton,Drag,340,348
83.751,83.751,NoButton,Drag,350,350
83.753,83.753,NoButton,Drag,360,353
83.757,83.757,NoButton,Drag,371,356
83.761,83.761,NoButton,Drag,382,359
83.765,83.765,NoButton,Drag,393,361
83.769,83.769,NoButton,Drag,405,363
83.773,83.773,NoButton,Drag,417,366
83.777,83.777,NoButton,Drag,429,368
83.781,83.781,NoButton,Drag,441,370
83.785,83.785,NoButton,Drag,453,373
83.789,83.789,NoButton,Drag,464,375
83.793,83.793,NoButton,Drag,477,377
83.797,83.797,NoButton,Drag,489,378
83.801,83.801,NoButton,Drag,500,380
83.805,83.805,NoButton,Drag,512,382
83.809,83.809,NoButton,Drag,525,383
83.813,83.813,NoButton,Drag,536,385
83.817,83.817,NoButton,Drag,549,386
83.821,83.821,NoButton,Drag,562,387
83.825,83.825,NoButton,Drag,573,388
83.829,83.829,NoButton,Drag,585,389
83.833,83.833,NoButton,Drag,599,390
83.837,83.837,NoButton,Drag,612,390
83.841,83.841,NoButton,Drag,623,391
83.845,83.845,NoButton,Drag,636,392
83.849,83.849,NoButton,Drag,648,393
83.854,83.854,NoButton,Drag,659,394
83.857,83.857,NoButton,Drag,672,395
83.861,83.861,NoButton,Drag,684,396
83.867,83.867,NoButton,Drag,696,397
83.869,83.869,NoButton,Drag,709,398
83.873,83.873,NoButton,Drag,721,399
83.877,83.877,NoButton,Drag,733,400
83.881,83.881,NoButton,Drag,744,401
83.885,83.885,NoButton,Drag,756,402
83.889,83.889,NoButton,Drag,768,403
83.893,83.893,NoButton,Drag,779,405
83.897,83.897,NoButton,Drag,790,406
83.901,83.901,NoButton,Drag,801,407
83.905,83.905,NoButton,Drag,810,407
83.909,83.909,NoButton,Drag,820,408
83.913,83.913,NoButton,Drag,830,409
83.917,83.917,NoButton,Drag,840,410
83.921,83.921,NoButton,Drag,849,410
83.925,83.925,NoButton,Drag,858,411
83.929,83.929,NoButton,Drag,868,411
83.933,83.933,NoButton,Drag,877,412
83.937,83.937,NoButton,Drag,886,412
83.941,83.941,NoButton,Drag,895,412
83.945,83.945,NoButton,Drag,903,413
83.949,83.949,NoButton,Drag,912,414
83.953,83.953,NoButton,Drag,920,414
83.957,83.957,NoButton,Drag,928,415
83.961,83.961,NoButton,Drag,935,415
83.965,83.965,NoButton,Drag,942,416
83.969,83.969,NoButton,Drag,949,417
83.973,83.973,NoButton,Drag,955,417
83.977,83.977,NoButton,Drag,962,418
83.981,83.981,NoButton,Drag,969,418
83.985,83.985,NoButton,Drag,975,418
83.989,83.989,NoButton,Drag,981,419
83.993,83.993,NoButton,Drag,987,419
83.997,83.997,NoButton,Drag,992,419
84.001,84.001,NoButton,Drag,998,420
84.005,84.005,NoButton,Drag,1003,420
84.009,84.009,NoButton,Drag,1008,421
84.013,84.013,NoButton,Drag,1013,421
84.017,84.017,NoButton,Drag,1017,421
84.021,84.021,NoButton,Drag,1021,421
84.025,84.025,NoButton,Drag,1026,422
84.029,84.029,NoButton,Drag,1030,422
84.033,84.033,NoButton,Drag,1034,423
84.037,84.037,NoButton,Drag,1038,423
84.041,84.041,NoButton,Drag,1042,423
84.045,84.045,NoButton,Drag,1046,423
84.049,84.049,NoButton,Drag,1050,424
84.054,84.054,NoButton,Drag,1054,424
84.057,84.057,NoButton,Drag,1058,424
84.061,84.061,NoButton,Drag,1062,424
84.065,84.065,NoButton,Drag,1065,424
84.069,84.069,NoButton,Drag,1069,425
84.073,84.073,NoButton,Drag,1073,425
84.077,84.077,NoButton,Drag,1077,426
84.081,84.081,NoButton,Drag,1081,426
84.085,84.085,NoButton,Drag,1084,427
84.089,84.089,NoButton,Drag,1088,428
84.093,84.093,NoButton,Drag,1092,428
84.097,84.097,NoButton,Drag,1096,429
84.101,84.101,NoButton,Drag,1099,429
84.105,84.105,NoButton,Drag,1102,429
84.109,84.109,NoButton,Drag,1106,429
84.113,84.113,NoButton,Drag,1109,429
84.117,84.117,NoButton,Drag,1112,429
84.121,84.121,NoButton,Drag,1115,429
84.125,84.125,NoButton,Drag,1118,430
84.129,84.129,NoButton,Drag,1122,430
84.133,84.133,NoButton,Drag,1125,430
84.137,84.137,NoButton,Drag,1128,430
84.141,84.141,NoButton,Drag,1131,430
84.145,84.145,NoButton,Drag,1134,430
84.149,84.149,NoButton,Drag,1137,430
84.153,84.153,NoButton,Drag,1140,431
84.157,84.157,NoButton,Drag,1143,431
84.161,84.161,NoButton,Drag,1146,431
84.165,84.165,NoButton,Drag,1149,432
84.169,84.169,NoButton,Drag,1153,432
84.173,84.173,NoButton,Drag,1156,432
84.177,84.177,NoButton,Drag,1159,433
84.181,84.181,NoButton,Drag,1162,433
84.185,84.185,NoButton,Drag,1165,433
84.189,84.189,NoButton,Drag,1168,434
84.193,84.193,NoButton,Drag,1171,434
84.197,84.197,NoButton,Drag,1174,434
84.201,84.201,NoButton,Drag,1176,435
84.205,84.205,NoButton,Drag,1179,435
84.209,84.209,NoButton,Drag,1182,435
84.213,84.213,NoButton,Drag,1185,436
84.217,84.217,NoButton,Drag,1187,437
84.221,84.221,NoButton,Drag,1190,437
84.225,84.225,NoButton,Drag,1192,438
84.229,84.229,NoButton,Drag,1194,438
84.233,84.233,NoButton,Drag,1197,439
84.237,84.237,NoButton,Drag,1199,439
84.241,84.241,NoButton,Drag,1202,440
84.245,84.245,NoButton,Drag,1204,441
84.249,84.249,NoButton,Drag,1206,442
84.254,84.254,NoButton,Drag,1208,442
84.257,84.257,NoButton,Drag,1211,443
84.261,84.261,NoButton,Drag,1213,443
84.265,84.265,NoButton,Drag,1216,444
84.269,84.269,NoButton,Drag,1218,445
84.273,84.273,NoButton,Drag,1221,445
84.277,84.277,NoButton,Drag,1224,446
84.281,84.281,NoButton,Drag,1227,446
84.285,84.285,NoButton,Drag,1230,448
84.289,84.289,NoButton,Drag,1233,448
84.293,84.293,NoButton,Drag,1236,449
84.297,84.297,NoButton,Drag,1240,450
84.301,84.301,NoButton,Drag,1243,451
84.305,84.305,NoButton,Drag,1246,452
84.309,84.309,NoButton,Drag,1249,452
84.313,84.313,NoButton,Drag,1252,453
84.317,84.317,NoButton,Drag,1255,453
84.321,84.321,NoButton,Drag,1258,454
84.325,84.325,NoButton,Drag,1261,455
84.327,84.327,NoButton,Drag,1264,455
84.331,84.331,NoButton,Drag,1266,455
84.335,84.335,NoButton,Drag,1269,455
84.339,84.339,NoButton,Drag,1271,456
84.343,84.343,NoButton,Drag,1273,456
84.347,84.347,NoButton,Drag,1275,456
84.351,84.351,NoButton,Drag,1277,456
84.355,84.355,NoButton,Drag,1279,456
84.359,84.359,NoButton,Drag,1281,457
84.363,84.363,NoButton,Drag,1282,457
84.367,84.367,NoButton,Drag,1284,457
84.371,84.371,NoButton,Drag,1286,457
84.375,84.375,NoButton,Drag,1288,457
84.379,84.379,NoButton,Drag,1290,457
84.383,84.383,NoButton,Drag,1292,457
84.387,84.387,NoButton,Drag,1293,458
84.391,84.391,NoButton,Drag,1296,458
84.395,84.395,NoButton,Drag,1297,458
84.399,84.399,NoButton,Drag,1299,458
84.404,84.404,NoButton,Drag,1301,458
84.407,84.407,NoButton,Drag,1303,459
84.411,84.411,NoButton,Drag,1305,459
84.415,84.415,NoButton,Drag,1306,459
84.419,84.419,NoButton,Drag,1308,459
84.423,84.423,NoButton,Drag,1310,459
84.427,84.427,NoButton,Drag,1312,459
84.431,84.431,NoButton,Drag,1314,460
84.435,84.435,NoButton,Drag,1315,460
84.439,84.439,NoButton,Drag,1317,460
84.443,84.443,NoButton,Drag,1318,461
84.447,84.447,NoButton,Drag,1320,461
84.451,84.451,NoButton,Drag,1321,461
84.455,84.455,NoButton,Drag,1322,461
84.459,84.459,NoButton,Drag,1323,461
84.463,84.463,NoButton,Drag,1324,461
84.467,84.467,NoButton,Drag,1325,461
84.483,84.483,NoButton,Drag,1325,461
84.508,84.508,Left,Released,1325,461
84.509,84.509,NoButton,Drag,1325,460
84.523,84.523,NoButton,Drag,1325,460
84.54,84.54,NoButton,Drag,1324,459
84.556,84.556,NoButton,Drag,1322,458
84.573,84.573,NoButton,Drag,1320,457
84.589,84.589,NoButton,Drag,1311,454
84.605,84.605,NoButton,Drag,1290,451
84.623,84.623,NoButton,Drag,1238,446
84.639,84.639,NoButton,Drag,1171,445
84.656,84.656,NoButton,Drag,1096,443
84.673,84.673,NoButton,Drag,1015,441
84.689,84.689,NoButton,Drag,918,436
84.706,84.706,NoButton,Drag,809,425
84.723,84.723,NoButton,Drag,693,408
84.739,84.739,NoButton,Drag,545,386
84.756,84.756,NoButton,Drag,428,366
84.773,84.773,NoButton,Drag,335,347
84.79,84.79,NoButton,Drag,259,329
84.805,84.805,NoButton,Drag,185,312
84.823,84.823,NoButton,Drag,124,293
84.84,84.84,NoButton,Drag,59,272
84.856,84.856,NoButton,Drag,15,258
84.873,84.873,NoButton,Drag,0,246
84.889,84.889,NoButton,Drag,0,233
84.906,84.906,NoButton,Drag,0,226
84.923,84.923,NoButton,Drag,0,220
84.94,84.94,NoButton,Drag,0,218
84.957,84.957,NoButton,Drag,0,216
84.973,84.973,NoButton,Drag,0,214
84.989,84.989,NoButton,Drag,0,212
85.006,85.006,NoButton,Drag,1,210
85.023,85.023,NoButton,Drag,4,208
85.039,85.039,NoButton,Drag,9,207
85.056,85.056,NoButton,Drag,18,206
85.072,85.072,NoButton,Drag,33,206
85.089,85.089,NoButton,Drag,62,206
85.106,85.106,NoButton,Drag,86,206
85.123,85.123,NoButton,Drag,110,205
85.139,85.139,NoButton,Drag,129,205
85.157,85.157,NoButton,Drag,140,205
85.173,85.173,NoButton,Drag,145,204
85.213,85.213,NoButton,Drag,145,203
85.221,85.221,NoButton,Drag,145,203
85.225,85.225,NoButton,Drag,144,203
85.239,85.239,NoButton,Drag,144,203
85.257,85.257,NoButton,Drag,143,202
85.273,85.273,NoButton,Drag,141,201
85.289,85.289,NoButton,Drag,140,201
85.306,85.306,NoButton,Drag,137,199
85.323,85.323,NoButton,Drag,135,199
85.339,85.339,NoButton,Drag,133,198
85.356,85.356,NoButton,Drag,129,197
85.373,85.373,NoButton,Drag,127,197
85.389,85.389,NoButton,Drag,124,196
85.406,85.406,NoButton,Drag,122,195
85.424,85.424,NoButton,Drag,121,195
85.439,85.439,NoButton,Drag,121,195
85.457,85.457,NoButton,Drag,120,194
85.473,85.473,NoButton,Drag,119,193
85.49,85.49,NoButton,Drag,118,192
85.506,85.506,NoButton,Drag,117,191
85.523,85.523,NoButton,Drag,117,190
85.54,85.54,NoButton,Drag,116,189
85.559,85.559,NoButton,Drag,115,189
85.604,85.604,Left,Pressed,115,189
85.668,85.668,NoButton,Drag,116,189
85.671,85.671,NoButton,Drag,116,189
85.675,85.675,NoButton,Drag,116,190
85.679,85.679,NoButton,Drag,116,190
85.683,85.683,NoButton,Drag,117,190
85.687,85.687,NoButton,Drag,118,191
85.691,85.691,NoButton,Drag,119,191
85.695,85.695,NoButton,Drag,120,192
85.699,85.699,NoButton,Drag,121,193
85.703,85.703,NoButton,Drag,122,193
85.707,85.707,NoButton,Drag,123,194
85.711,85.711,NoButton,Drag,125,195
85.715,85.715,NoButton,Drag,127,195
85.719,85.719,NoButton,Drag,128,196
85.723,85.723,NoButton,Drag,130,198
85.727,85.727,NoButton,Drag,132,199
85.731,85.731,NoButton,Drag,135,200
85.735,85.735,NoButton,Drag,137,201
85.739,85.739,NoButton,Drag,140,203
85.743,85.743,NoButton,Drag,143,204
85.747,85.747,NoButton,Drag,146,205
85.751,85.751,NoButton,Drag,149,207
85.755,85.755,NoButton,Drag,152,208
85.759,85.759,NoButton,Drag,155,210
85.763,85.763,NoButton,Drag,160,211
85.767,85.767,NoButton,Drag,164,213
85.771,85.771,NoButton,Drag,168,214
85.775,85.775,NoButton,Drag,173,217
85.779,85.779,NoButton,Drag,178,218
85.783,85.783,NoButton,Drag,183,220
85.787,85.787,NoButton,Drag,189,223
85.791,85.791,NoButton,Drag,195,225
85.795,85.795,NoButton,Drag,201,227
85.799,85.799,NoButton,Drag,207,228
85.803,85.803,NoButton,Drag,215,231
85.807,85.807,NoButton,Drag,223,233
85.811,85.811,NoButton,Drag,230,235
85.815,85.815,NoButton,Drag,237,237
85.819,85.819,NoButton,Drag,245,240
85.823,85.823,NoButton,Drag,253,242
85.827,85.827,NoButton,Drag,262,244
85.831,85.831,NoButton,Drag,270,247
85.835,85.835,NoButton,Drag,279,249
85.84,85.84,NoButton,Drag,287,251
85.843,85.843,NoButton,Drag,295,254
85.847,85.847,NoButton,Drag,304,256
85.851,85.851,NoButton,Drag,314,259
85.855,85.855,NoButton,Drag,323,261
85.859,85.859,NoButton,Drag,333,264
85.863,85.863,NoButton,Drag,343,267
85.867,85.867,NoButton,Drag,353,270
85.871,85.871,NoButton,Drag,362,273
85.875,85.875,NoButton,Drag,372,276
85.879,85.879,NoButton,Drag,383,279
85.883,85.883,NoButton,Drag,392,282
85.887,85.887,NoButton,Drag,403,285
85.891,85.891,NoButton,Drag,414,288
85.895,85.895,NoButton,Drag,425,291
85.899,85.899,NoButton,Drag,436,295
85.903,85.903,NoButton,Drag,447,298
85.907,85.907,NoButton,Drag,458,302
85.911,85.911,NoButton,Drag,469,306
85.915,85.915,NoButton,Drag,480,309
85.919,85.919,NoButton,Drag,491,312
85.923,85.923,NoButton,Drag,501,315
85.927,85.927,NoButton,Drag,511,318
85.931,85.931,NoButton,Drag,522,321
85.935,85.935,NoButton,Drag,533,324
85.94,85.94,NoButton,Drag,542,327
85.943,85.943,NoButton,Drag,552,330
85.947,85.947,NoButton,Drag,563,333
85.951,85.951,NoButton,Drag,572,336
85.955,85.955,NoButton,Drag,582,338
85.959,85.959,NoButton,Drag,593,341
85.963,85.963,NoButton,Drag,603,344
85.967,85.967,NoButton,Drag,612,347
85.971,85.971,NoButton,Drag,622,349
85.975,85.975,NoButton,Drag,631,352
85.979,85.979,NoButton,Drag,641,354
85.983,85.983,NoButton,Drag,650,356
85.987,85.987,NoButton,Drag,658,358
85.991,85.991,NoButton,Drag,666,360
85.995,85.995,NoButton,Drag,674,362
85.999,85.999,NoButton,Drag,682,364
86.003,86.003,NoButton,Drag,688,366
86.007,86.007,NoButton,Drag,694,368
86.011,86.011,NoButton,Drag,701,369
86.015,86.015,NoButton,Drag,707,371
86.019,86.019,NoButton,Drag,713,373
86.023,86.023,NoButton,Drag,719,374
86.027,86.027,NoButton,Drag,725,376
86.031,86.031,NoButton,Drag,730,377
86.033,86.033,NoButton,Drag,735,378
86.037,86.037,NoButton,Drag,740,380
86.041,86.041,NoButton,Drag,745,381
86.045,86.045,NoButton,Drag,749,382
86.049,86.049,NoButton,Drag,754,382
86.053,86.053,NoButton,Drag,758,384
86.057,86.057,NoButton,Drag,762,385
86.061,86.061,NoButton,Drag,767,385
86.065,86.065,NoButton,Drag,772,387
86.069,86.069,NoButton,Drag,776,388
86.073,86.073,NoButton,Drag,780,389
86.077,86.077,NoButton,Drag,785,389
86.081,86.081,NoButton,Drag,789,390
86.085,86.085,NoButton,Drag,793,391
86.089,86.089,NoButton,Drag,797,392
86.093,86.093,NoButton,Drag,802,392
86.097,86.097,NoButton,Drag,805,393
86.101,86.101,NoButton,Drag,810,393
86.105,86.105,NoButton,Drag,813,394
86.109,86.109,NoButton,Drag,818,394
86.113,86.113,NoButton,Drag,822,395
86.117,86.117,NoButton,Drag,826,395
86.121,86.121,NoButton,Drag,831,395
86.125,86.125,NoButton,Drag,834,395
86.129,86.129,NoButton,Drag,839,395
86.133,86.133,NoButton,Drag,842,395
86.137,86.137,NoButton,Drag,846,396
86.143,86.143,NoButton,Drag,850,396
86.145,86.145,NoButton,Drag,853,396
86.149,86.149,NoButton,Drag,857,396
86.153,86.153,NoButton,Drag,860,396
86.157,86.157,NoButton,Drag,864,396
86.161,86.161,NoButton,Drag,867,397
86.165,86.165,NoButton,Drag,870,397
86.169,86.169,NoButton,Drag,874,397
86.173,86.173,NoButton,Drag,878,397
86.177,86.177,NoButton,Drag,881,397
86.181,86.181,NoButton,Drag,884,397
86.185,86.185,NoButton,Drag,887,397
86.19,86.19,NoButton,Drag,890,397
86.193,86.193,NoButton,Drag,893,397
86.197,86.197,NoButton,Drag,896,397
86.201,86.201,NoButton,Drag,899,397
86.205,86.205,NoButton,Drag,902,397
86.209,86.209,NoButton,Drag,905,397
86.213,86.213,NoButton,Drag,907,397
86.217,86.217,NoButton,Drag,910,397
86.221,86.221,NoButton,Drag,913,397
86.225,86.225,NoButton,Drag,916,398
86.229,86.229,NoButton,Drag,919,398
86.233,86.233,NoButton,Drag,921,398
86.237,86.237,NoButton,Drag,924,398
86.241,86.241,NoButton,Drag,926,398
86.245,86.245,NoButton,Drag,928,398
86.249,86.249,NoButton,Drag,930,399
86.253,86.253,NoButton,Drag,933,399
86.257,86.257,NoButton,Drag,935,399
86.261,86.261,NoButton,Drag,937,399
86.265,86.265,NoButton,Drag,939,399
86.269,86.269,NoButton,Drag,942,399
86.273,86.273,NoButton,Drag,944,400
86.277,86.277,NoButton,Drag,947,400
86.281,86.281,NoButton,Drag,949,400
86.285,86.285,NoButton,Drag,952,400
86.289,86.289,NoButton,Drag,954,400
86.293,86.293,NoButton,Drag,957,400
86.297,86.297,NoButton,Drag,959,400
86.301,86.301,NoButton,Drag,962,400
86.305,86.305,NoButton,Drag,965,401
86.309,86.309,NoButton,Drag,967,401
86.313,86.313,NoButton,Drag,970,401
86.317,86.317,NoButton,Drag,973,401
86.321,86.321,NoButton,Drag,976,401
86.325,86.325,NoButton,Drag,979,401
86.329,86.329,NoButton,Drag,982,401
86.333,86.333,NoButton,Drag,984,401
86.337,86.337,NoButton,Drag,986,401
86.341,86.341,NoButton,Drag,989,401
86.345,86.345,NoButton,Drag,991,401
86.349,86.349,NoButton,Drag,994,401
86.353,86.353,NoButton,Drag,996,401
86.357,86.357,NoButton,Drag,998,401
86.361,86.361,NoButton,Drag,1000,401
86.365,86.365,NoButton,Drag,1002,401
86.369,86.369,NoButton,Drag,1004,401
86.373,86.373,NoButton,Drag,1006,401
86.377,86.377,NoButton,Drag,1009,401
86.381,86.381,NoButton,Drag,1011,401
86.385,86.385,NoButton,Drag,1013,401
86.389,86.389,NoButton,Drag,1016,401
86.393,86.393,NoButton,Drag,1019,401
86.397,86.397,NoButton,Drag,1022,401
86.401,86.401,NoButton,Drag,1024,401
86.405,86.405,NoButton,Drag,1027,401
86.409,86.409,NoButton,Drag,1030,401
86.413,86.413,NoButton,Drag,1033,401
86.417,86.417,NoButton,Drag,1036,401
86.421,86.421,NoButton,Drag,1038,401
86.425,86.425,NoButton,Drag,1041,401
86.429,86.429,NoButton,Drag,1043,401
86.433,86.433,NoButton,Drag,1047,401
86.437,86.437,NoButton,Drag,1049,401
86.441,86.441,NoButton,Drag,1052,401
86.445,86.445,NoButton,Drag,1054,401
86.449,86.449,NoButton,Drag,1057,401
86.453,86.453,NoButton,Drag,1060,401
86.457,86.457,NoButton,Drag,1063,401
86.461,86.461,NoButton,Drag,1066,401
86.465,86.465,NoButton,Drag,1069,401
86.469,86.469,NoButton,Drag,1072,401
86.473,86.473,NoButton,Drag,1075,402
86.477,86.477,NoButton,Drag,1078,402
86.481,86.481,NoButton,Drag,1081,402
86.485,86.485,NoButton,Drag,1085,403
86.49,86.49,NoButton,Drag,1088,403
86.493,86.493,NoButton,Drag,1091,403
86.497,86.497,NoButton,Drag,1095,403
86.501,86.501,NoButton,Drag,1098,403
86.505,86.505,NoButton,Drag,1102,403
86.509,86.509,NoButton,Drag,1106,403
86.513,86.513,NoButton,Drag,1109,403
86.517,86.517,NoButton,Drag,1113,403
86.521,86.521,NoButton,Drag,1117,403
86.525,86.525,NoButton,Drag,1121,403
86.529,86.529,NoButton,Drag,1124,403
86.533,86.533,NoButton,Drag,1128,403
86.537,86.537,NoButton,Drag,1132,404
86.541,86.541,NoButton,Drag,1135,404
86.545,86.545,NoButton,Drag,1140,404
86.549,86.549,NoButton,Drag,1143,405
86.553,86.553,NoButton,Drag,1148,405
86.557,86.557,NoButton,Drag,1152,405
86.561,86.561,NoButton,Drag,1156,405
86.565,86.565,NoButton,Drag,1159,405
86.569,86.569,NoButton,Drag,1162,405
86.573,86.573,NoButton,Drag,1165,405
86.577,86.577,NoButton,Drag,1170,405
86.581,86.581,NoButton,Drag,1173,406
86.585,86.585,NoButton,Drag,1176,406
86.59,86.59,NoButton,Drag,1180,406
86.593,86.593,NoButton,Drag,1183,406
86.597,86.597,NoButton,Drag,1186,406
86.601,86.601,NoButton,Drag,1189,406
86.603,86.603,NoButton,Drag,1193,407
86.607,86.607,NoButton,Drag,1195,407
86.611,86.611,NoButton,Drag,1198,407
86.615,86.615,NoButton,Drag,1201,407
86.619,86.619,NoButton,Drag,1204,407
86.623,86.623,NoButton,Drag,1207,408
86.627,86.627,NoButton,Drag,1210,408
86.631,86.631,NoButton,Drag,1212,408
86.635,86.635,NoButton,Drag,1214,408
86.64,86.64,NoButton,Drag,1216,409
86.643,86.643,NoButton,Drag,1219,409
86.647,86.647,NoButton,Drag,1221,409
86.651,86.651,NoButton,Drag,1222,410
86.655,86.655,NoButton,Drag,1224,410
86.659,86.659,NoButton,Drag,1225,410
86.663,86.663,NoButton,Drag,1226,411
86.667,86.667,NoButton,Drag,1228,411
86.671,86.671,NoButton,Drag,1229,411
86.675,86.675,NoButton,Drag,1230,412
86.679,86.679,NoButton,Drag,1231,412
86.683,86.683,NoButton,Drag,1232,412
86.687,86.687,NoButton,Drag,1233,413
86.691,86.691,NoButton,Drag,1233,413
86.695,86.695,NoButton,Drag,1234,413
86.699,86.699,NoButton,Drag,1235,413
86.703,86.703,NoButton,Drag,1236,414
86.707,86.707,NoButton,Drag,1237,414
86.711,86.711,NoButton,Drag,1238,415
86.715,86.715,NoButton,Drag,1239,415
86.719,86.719,NoButton,Drag,1239,416
86.723,86.723,NoButton,Drag,1240,416
86.727,86.727,NoButton,Drag,1241,416
86.731,86.731,NoButton,Drag,1242,417
86.735,86.735,NoButton,Drag,1243,418
86.74,86.74,NoButton,Drag,1245,418
86.743,86.743,NoButton,Drag,1246,419
86.747,86.747,NoButton,Drag,1247,420
86.751,86.751,NoButton,Drag,1248,421
86.755,86.755,NoButton,Drag,1250,422
86.759,86.759,NoButton,Drag,1251,423
86.763,86.763,NoButton,Drag,1253,423
86.767,86.767,NoButton,Drag,1254,424
86.771,86.771,NoButton,Drag,1256,425
86.775,86.775,NoButton,Drag,1258,426
86.779,86.779,NoButton,Drag,1260,427
86.783,86.783,NoButton,Drag,1263,428
86.787,86.787,NoButton,Drag,1265,429
86.791,86.791,NoButton,Drag,1268,430
86.795,86.795,NoButton,Drag,1270,431
86.799,86.799,NoButton,Drag,1273,432
86.803,86.803,NoButton,Drag,1275,433
86.807,86.807,NoButton,Drag,1278,434
86.811,86.811,NoButton,Drag,1281,435
86.815,86.815,NoButton,Drag,1284,436
86.819,86.819,NoButton,Drag,1287,437
86.823,86.823,NoButton,Drag,1289,438
86.827,86.827,NoButton,Drag,1292,440
86.831,86.831,NoButton,Drag,1295,440
86.835,86.835,NoButton,Drag,1298,441
86.84,86.84,NoButton,Drag,1300,442
86.843,86.843,NoButton,Drag,1303,443
86.847,86.847,NoButton,Drag,1305,443
86.851,86.851,NoButton,Drag,1308,444
86.855,86.855,NoButton,Drag,1310,444
86.859,86.859,NoButton,Drag,1313,445
86.863,86.863,NoButton,Drag,1315,445
86.867,86.867,NoButton,Drag,1317,446
86.871,86.871,NoButton,Drag,1318,446
86.875,86.875,NoButton,Drag,1320,447
86.879,86.879,NoButton,Drag,1322,447
86.883,86.883,NoButton,Drag,1324,448
86.887,86.887,NoButton,Drag,1325,448
86.891,86.891,NoButton,Drag,1326,448
86.895,86.895,NoButton,Drag,1327,449
86.899,86.899,NoButton,Drag,1329,449
86.903,86.903,NoButton,Drag,1330,449
86.907,86.907,NoButton,Drag,1330,449
86.911,86.911,NoButton,Drag,1331,450
86.915,86.915,NoButton,Drag,1331,450
86.919,86.919,NoButton,Drag,1332,450
86.924,86.924,NoButton,Drag,1332,450
86.927,86.927,NoButton,Drag,1332,450
86.931,86.931,NoButton,Drag,1332,450
86.935,86.935,NoButton,Drag,1333,450
86.94,86.94,NoButton,Drag,1333,450
86.943,86.943,NoButton,Drag,1333,450
86.947,86.947,NoButton,Drag,1334,450
86.955,86.955,NoButton,Drag,1334,450
86.963,86.963,NoButton,Drag,1334,450
87,87,Left,Released,1334,450
87.023,87.023,NoButton,Drag,1334,450
87.043,87.043,NoButton,Drag,1334,450
87.047,87.047,NoButton,Drag,1334,450
87.059,87.059,NoButton,Drag,1333,449
87.075,87.075,NoButton,Drag,1327,447
87.092,87.092,NoButton,Drag,1321,447
87.109,87.109,NoButton,Drag,1318,447
87.125,87.125,NoButton,Drag,1315,448
87.142,87.142,NoButton,Drag,1313,449
87.158,87.158,NoButton,Drag,1310,451
87.175,87.175,NoButton,Drag,1302,453
87.192,87.192,NoButton,Drag,1289,456
87.209,87.209,NoButton,Drag,1255,458
87.225,87.225,NoButton,Drag,1195,459
87.242,87.242,NoButton,Drag,1079,459
87.258,87.258,NoButton,Drag,949,458
87.275,87.275,NoButton,Drag,803,456
87.291,87.291,NoButton,Drag,651,453
87.308,87.308,NoButton,Drag,498,448
87.325,87.325,NoButton,Drag,353,442
87.342,87.342,NoButton,Drag,200,434
87.358,87.358,NoButton,Drag,113,429
87.376,87.376,NoButton,Drag,39,423
87.392,87.392,NoButton,Drag,0,416
87.409,87.409,NoButton,Drag,0,409
87.425,87.425,NoButton,Drag,0,403
87.442,87.442,NoButton,Drag,0,399
87.458,87.458,NoButton,Drag,0,397
87.485,87.485,NoButton,Drag,0,397
87.493,87.493,NoButton,Drag,0,397
87.509,87.509,NoButton,Drag,0,397
87.525,87.525,NoButton,Drag,0,396
87.542,87.542,NoButton,Drag,3,394
87.559,87.559,NoButton,Drag,10,392
87.575,87.575,NoButton,Drag,20,390
87.593,87.593,NoButton,Drag,33,386
87.609,87.609,NoButton,Drag,49,382
87.625,87.625,NoButton,Drag,61,379
87.642,87.642,NoButton,Drag,69,377
87.658,87.658,NoButton,Drag,76,375
87.675,87.675,NoButton,Drag,83,373
87.692,87.692,NoButton,Drag,90,372
87.709,87.709,NoButton,Drag,99,372
87.725,87.725,NoButton,Drag,108,374
87.742,87.742,NoButton,Drag,113,375
87.759,87.759,NoButton,Drag,114,375
87.775,87.775,NoButton,Drag,114,375
87.868,87.868,Left,Pressed,114,375
87.879,87.879,NoButton,Drag,114,375
87.903,87.903,NoButton,Drag,114,375
87.967,87.967,NoButton,Drag,115,375
87.971,87.971,NoButton,Drag,115,375
87.975,87.975,NoButton,Drag,115,374
87.979,87.979,NoButton,Drag,115,374
87.983,87.983,NoButton,Drag,116,374
87.987,87.987,NoButton,Drag,117,373
87.991,87.991,NoButton,Drag,118,373
87.995,87.995,NoButton,Drag,118,372
87.999,87.999,NoButton,Drag,120,372
88.003,88.003,NoButton,Drag,121,371
88.007,88.007,NoButton,Drag,123,370
88.012,88.012,NoButton,Drag,125,370
88.015,88.015,NoButton,Drag,127,369
88.019,88.019,NoButton,Drag,130,368
88.023,88.023,NoButton,Drag,133,367
88.027,88.027,NoButton,Drag,137,366
88.031,88.031,NoButton,Drag,141,365
88.035,88.035,NoButton,Drag,145,364
88.039,88.039,NoButton,Drag,149,362
88.043,88.043,NoButton,Drag,154,361
88.047,88.047,NoButton,Drag,159,360
88.051,88.051,NoButton,Drag,165,358
88.055,88.055,NoButton,Drag,171,356
88.059,88.059,NoButton,Drag,177,354
88.063,88.063,NoButton,Drag,184,352
88.067,88.067,NoButton,Drag,191,351
88.071,88.071,NoButton,Drag,200,349
88.075,88.075,NoButton,Drag,209,346
88.079,88.079,NoButton,Drag,218,344
88.083,88.083,NoButton,Drag,228,342
88.087,88.087,NoButton,Drag,238,339
88.091,88.091,NoButton,Drag,248,336
88.095,88.095,NoButton,Drag,260,333
88.099,88.099,NoButton,Drag,270,330
88.103,88.103,NoButton,Drag,282,327
88.107,88.107,NoButton,Drag,294,324
88.112,88.112,NoButton,Drag,305,321
88.115,88.115,NoButton,Drag,316,317
88.119,88.119,NoButton,Drag,328,314
88.123,88.123,NoButton,Drag,338,311
88.127,88.127,NoButton,Drag,350,307
88.131,88.131,NoButton,Drag,362,304
88.135,88.135,NoButton,Drag,373,301
88.139,88.139,NoButton,Drag,384,298
88.143,88.143,NoButton,Drag,396,295
88.147,88.147,NoButton,Drag,407,292
88.151,88.151,NoButton,Drag,418,290
88.155,88.155,NoButton,Drag,431,287
88.159,88.159,NoButton,Drag,443,284
88.163,88.163,NoButton,Drag,455,280
88.167,88.167,NoButton,Drag,468,277
88.171,88.171,NoButton,Drag,480,274
88.175,88.175,NoButton,Drag,491,270
88.179,88.179,NoButton,Drag,504,267
88.183,88.183,NoButton,Drag,517,264
88.187,88.187,NoButton,Drag,531,261
88.191,88.191,NoButton,Drag,546,259
88.195,88.195,NoButton,Drag,560,256
88.199,88.199,NoButton,Drag,575,253
88.203,88.203,NoButton,Drag,590,249
88.207,88.207,NoButton,Drag,604,247
88.212,88.212,NoButton,Drag,619,244
88.215,88.215,NoButton,Drag,634,241
88.219,88.219,NoButton,Drag,648,239
88.223,88.223,NoButton,Drag,661,236
88.227,88.227,NoButton,Drag,675,233
88.231,88.231,NoButton,Drag,690,231
88.235,88.235,NoButton,Drag,704,228
88.239,88.239,NoButton,Drag,719,225
88.243,88.243,NoButton,Drag,734,223
88.247,88.247,NoButton,Drag,747,220
88.251,88.251,NoButton,Drag,762,217
88.255,88.255,NoButton,Drag,776,215
88.259,88.259,NoButton,Drag,791,212
88.263,88.263,NoButton,Drag,806,209
88.267,88.267,NoButton,Drag,820,207
88.271,88.271,NoButton,Drag,833,204
88.275,88.275,NoButton,Drag,846,201
88.279,88.279,NoButton,Drag,859,199
88.283,88.283,NoButton,Drag,873,197
88.287,88.287,NoButton,Drag,885,194
88.291,88.291,NoButton,Drag,897,193
88.295,88.295,NoButton,Drag,910,190
88.297,88.297,NoButton,Drag,921,188
88.301,88.301,NoButton,Drag,934,186
88.305,88.305,NoButton,Drag,946,184
88.309,88.309,NoButton,Drag,958,183
88.313,88.313,NoButton,Drag,970,180
88.317,88.317,NoButton,Drag,981,178
88.321,88.321,NoButton,Drag,992,176
88.329,88.329,NoButton,Drag,1001,175
88.331,88.331,NoButton,Drag,1010,174
88.333,88.333,NoButton,Drag,1019,173
88.337,88.337,NoButton,Drag,1028,171
88.341,88.341,NoButton,Drag,1036,170
88.345,88.345,NoButton,Drag,1043,169
88.349,88.349,NoButton,Drag,1049,169
88.353,88.353,NoButton,Drag,1056,168
88.357,88.357,NoButton,Drag,1062,168
88.361,88.361,NoButton,Drag,1068,167
88.365,88.365,NoButton,Drag,1073,167
88.369,88.369,NoButton,Drag,1078,166
88.375,88.375,NoButton,Drag,1083,166
88.379,88.379,NoButton,Drag,1088,166
88.381,88.381,NoButton,Drag,1093,166
88.385,88.385,NoButton,Drag,1097,165
88.389,88.389,NoButton,Drag,1102,165
88.393,88.393,NoButton,Drag,1107,165
88.399,88.399,NoButton,Drag,1111,165
88.401,88.401,NoButton,Drag,1116,165
88.405,88.405,NoButton,Drag,1120,165
88.409,88.409,NoButton,Drag,1125,165
88.413,88.413,NoButton,Drag,1128,165
88.417,88.417,NoButton,Drag,1132,165
88.421,88.421,NoButton,Drag,1136,165
88.425,88.425,NoButton,Drag,1139,165
88.429,88.429,NoButton,Drag,1142,165
88.433,88.433,NoButton,Drag,1145,165
88.437,88.437,NoButton,Drag,1148,165
88.441,88.441,NoButton,Drag,1151,166
88.445,88.445,NoButton,Drag,1154,166
88.449,88.449,NoButton,Drag,1157,166
88.453,88.453,NoButton,Drag,1159,167
88.457,88.457,NoButton,Drag,1162,167
88.462,88.462,NoButton,Drag,1165,168
88.465,88.465,NoButton,Drag,1168,169
88.469,88.469,NoButton,Drag,1170,169
88.473,88.473,NoButton,Drag,1173,170
88.477,88.477,NoButton,Drag,1177,170
88.481,88.481,NoButton,Drag,1180,171
88.485,88.485,NoButton,Drag,1183,172
88.489,88.489,NoButton,Drag,1187,173
88.493,88.493,NoButton,Drag,1191,174
88.497,88.497,NoButton,Drag,1194,174
88.501,88.501,NoButton,Drag,1198,175
88.505,88.505,NoButton,Drag,1202,176
88.509,88.509,NoButton,Drag,1206,177
88.513,88.513,NoButton,Drag,1210,177
88.517,88.517,NoButton,Drag,1215,178
88.521,88.521,NoButton,Drag,1219,179
88.525,88.525,NoButton,Drag,1223,180
88.529,88.529,NoButton,Drag,1228,180
88.533,88.533,NoButton,Drag,1232,181
88.537,88.537,NoButton,Drag,1237,182
88.541,88.541,NoButton,Drag,1242,183
88.545,88.545,NoButton,Drag,1247,184
88.549,88.549,NoButton,Drag,1251,184
88.553,88.553,NoButton,Drag,1255,185
88.557,88.557,NoButton,Drag,1260,186
88.562,88.562,NoButton,Drag,1263,187
88.565,88.565,NoButton,Drag,1267,187
88.569,88.569,NoButton,Drag,1271,188
88.573,88.573,NoButton,Drag,1275,189
88.577,88.577,NoButton,Drag,1279,189
88.583,88.583,NoButton,Drag,1283,190
88.585,88.585,NoButton,Drag,1287,191
88.589,88.589,NoButton,Drag,1290,192
88.593,88.593,NoButton,Drag,1294,192
88.597,88.597,NoButton,Drag,1297,193
88.603,88.603,NoButton,Drag,1301,194
88.605,88.605,NoButton,Drag,1304,195
88.609,88.609,NoButton,Drag,1306,196
88.613,88.613,NoButton,Drag,1309,197
88.617,88.617,NoButton,Drag,1311,197
88.621,88.621,NoButton,Drag,1313,198
88.625,88.625,NoButton,Drag,1315,198
88.629,88.629,NoButton,Drag,1317,199
88.633,88.633,NoButton,Drag,1319,200
88.637,88.637,NoButton,Drag,1321,200
88.641,88.641,NoButton,Drag,1322,201
88.645,88.645,NoButton,Drag,1324,202
88.649,88.649,NoButton,Drag,1326,202
88.653,88.653,NoButton,Drag,1328,203
88.657,88.657,NoButton,Drag,1330,204
88.662,88.662,NoButton,Drag,1331,205
88.665,88.665,NoButton,Drag,1333,205
88.669,88.669,NoButton,Drag,1335,206
88.673,88.673,NoButton,Drag,1337,207
88.677,88.677,NoButton,Drag,1339,208
88.681,88.681,NoButton,Drag,1341,209
88.685,88.685,NoButton,Drag,1343,210
88.689,88.689,NoButton,Drag,1345,211
88.693,88.693,NoButton,Drag,1348,212
88.697,88.697,NoButton,Drag,1350,213
88.701,88.701,NoButton,Drag,1352,214
88.705,88.705,NoButton,Drag,1354,215
88.709,88.709,NoButton,Drag,1356,215
88.713,88.713,NoButton,Drag,1358,216
88.717,88.717,NoButton,Drag,1360,217
88.721,88.721,NoButton,Drag,1361,218
88.725,88.725,NoButton,Drag,1363,219
88.729,88.729,NoButton,Drag,1364,220
88.733,88.733,NoButton,Drag,1366,220
88.737,88.737,NoButton,Drag,1367,221
88.741,88.741,NoButton,Drag,1369,222
88.745,88.745,NoButton,Drag,1369,222
88.749,88.749,NoButton,Drag,1370,222
88.753,88.753,NoButton,Drag,1371,223
88.757,88.757,NoButton,Drag,1372,223
88.762,88.762,NoButton,Drag,1372,224
88.765,88.765,NoButton,Drag,1373,224
88.769,88.769,NoButton,Drag,1373,224
88.773,88.773,NoButton,Drag,1374,225
88.777,88.777,NoButton,Drag,1374,225
88.781,88.781,NoButton,Drag,1375,225
88.789,88.789,NoButton,Drag,1375,225
88.797,88.797,NoButton,Drag,1375,226
88.88,88.88,Left,Released,1375,226
88.947,88.947,NoButton,Drag,1375,225
88.959,88.959,NoButton,Drag,1375,225
88.971,88.971,NoButton,Drag,1375,225
88.981,88.981,NoButton,Drag,1374,225
88.997,88.997,NoButton,Drag,1374,225
89.013,89.013,NoButton,Drag,1374,225
89.03,89.03,NoButton,Drag,1373,225
89.047,89.047,NoButton,Drag,1372,224
89.063,89.063,NoButton,Drag,1369,223
89.08,89.08,NoButton,Drag,1366,223
89.097,89.097,NoButton,Drag,1359,223
89.113,89.113,NoButton,Drag,1350,223
89.131,89.131,NoButton,Drag,1335,223
89.147,89.147,NoButton,Drag,1317,223
89.163,89.163,NoButton,Drag,1286,224
89.18,89.18,NoButton,Drag,1253,226
89.196,89.196,NoButton,Drag,1213,228
89.214,89.214,NoButton,Drag,1158,230
89.231,89.231,NoButton,Drag,1086,231
89.247,89.247,NoButton,Drag,991,232
89.263,89.263,NoButton,Drag,845,232
89.28,89.28,NoButton,Drag,745,232
89.297,89.297,NoButton,Drag,669,232
89.313,89.313,NoButton,Drag,616,232
89.33,89.33,NoButton,Drag,581,232
89.347,89.347,NoButton,Drag,559,232
89.364,89.364,NoButton,Drag,549,232
89.38,89.38,NoButton,Drag,548,232
89.522,89.522,NoButton,Drag,548,232
89.586,89.586,Left,Pressed,548,232
89.694,89.694,Left,Released,548,232
89.726,89.726,NoButton,Drag,547,232
89.746,89.746,NoButton,Drag,547,232
89.758,89.758,NoButton,Drag,547,231
89.765,89.765,NoButton,Drag,546,231
89.781,89.781,NoButton,Drag,545,230
89.797,89.797,NoButton,Drag,544,230
89.814,89.814,NoButton,Drag,541,229
89.831,89.831,NoButton,Drag,539,228
89.847,89.847,NoButton,Drag,537,228
89.864,89.864,NoButton,Drag,535,227
89.881,89.881,NoButton,Drag,533,227
89.897,89.897,NoButton,Drag,533,226
89.938,89.938,NoButton,Drag,532,226
89.944,89.944,NoButton,Drag,532,226
89.947,89.947,NoButton,Drag,532,226
89.964,89.964,NoButton,Drag,532,225
89.981,89.981,NoButton,Drag,532,225
89.997,89.997,NoButton,Drag,531,224
90.015,90.015,NoButton,Drag,531,224
90.031,90.031,NoButton,Drag,531,223
90.047,90.047,NoButton,Drag,530,222
90.064,90.064,NoButton,Drag,530,221
90.096,90.096,NoButton,Drag,530,221
90.168,90.168,Left,Pressed,530,221
90.172,90.172,NoButton,Drag,530,221
90.184,90.184,NoButton,Drag,530,220
90.192,90.192,NoButton,Drag,530,220
90.195,90.195,NoButton,Drag,530,220
90.199,90.199,NoButton,Drag,530,220
90.203,90.203,NoButton,Drag,530,219
90.207,90.207,NoButton,Drag,530,219
90.211,90.211,NoButton,Drag,530,219
90.219,90.219,NoButton,Drag,530,219
90.223,90.223,NoButton,Drag,530,218
90.227,90.227,NoButton,Drag,530,218
90.231,90.231,NoButton,Drag,530,218
90.236,90.236,Left,Released,530,218
90.239,90.239,NoButton,Drag,529,217
90.247,90.247,NoButton,Drag,529,217
90.265,90.265,NoButton,Drag,529,217
90.281,90.281,NoButton,Drag,529,216
90.298,90.298,NoButton,Drag,528,215
90.315,90.315,NoButton,Drag,528,215
90.331,90.331,NoButton,Drag,527,213
90.347,90.347,NoButton,Drag,526,212
90.365,90.365,NoButton,Drag,526,212
90.381,90.381,NoButton,Drag,525,211
90.398,90.398,NoButton,Drag,525,210
90.414,90.414,NoButton,Drag,525,210
90.432,90.432,NoButton,Drag,524,209
90.448,90.448,NoButton,Drag,524,209
90.464,90.464,NoButton,Drag,524,208
90.482,90.482,NoButton,Drag,524,208
90.554,90.554,Left,Pressed,524,208
90.558,90.558,NoButton,Drag,524,208
90.565,90.565,NoButton,Drag,524,208
90.569,90.569,NoButton,Drag,524,207
90.577,90.577,NoButton,Drag,524,207
90.581,90.581,NoButton,Drag,524,207
90.585,90.585,NoButton,Drag,524,207
90.594,90.594,Left,Released,524,207
90.604,90.604,NoButton,Drag,524,206
90.62,90.62,NoButton,Drag,524,206
90.632,90.632,NoButton,Drag,523,206
90.648,90.648,NoButton,Drag,523,205
90.665,90.665,NoButton,Drag,523,205
90.681,90.681,NoButton,Drag,521,204
90.698,90.698,NoButton,Drag,519,204
90.717,90.717,NoButton,Drag,515,203
90.734,90.734,NoButton,Drag,513,203
90.751,90.751,NoButton,Drag,509,203
90.767,90.767,NoButton,Drag,508,203
90.784,90.784,NoButton,Drag,506,203
90.822,90.822,NoButton,Drag,506,203
90.87,90.87,NoButton,Drag,506,203
90.882,90.882,NoButton,Drag,505,203
90.889,90.889,NoButton,Drag,505,203
90.901,90.901,NoButton,Drag,505,202
90.918,90.918,NoButton,Drag,504,202
90.934,90.934,NoButton,Drag,502,200
90.949,90.949,NoButton,Drag,500,198
90.965,90.965,NoButton,Drag,498,195
90.981,90.981,NoButton,Drag,493,191
90.998,90.998,NoButton,Drag,487,187
91.014,91.014,NoButton,Drag,481,182
91.032,91.032,NoButton,Drag,474,178
91.048,91.048,NoButton,Drag,467,173
91.065,91.065,NoButton,Drag,459,168
91.081,91.081,NoButton,Drag,453,164
91.098,91.098,NoButton,Drag,450,163
91.115,91.115,NoButton,Drag,447,161
91.131,91.131,NoButton,Drag,443,159
91.149,91.149,NoButton,Drag,440,159
91.164,91.164,NoButton,Drag,438,158
91.182,91.182,NoButton,Drag,435,157
91.198,91.198,NoButton,Drag,433,156
91.214,91.214,NoButton,Drag,430,154
91.23,91.23,NoButton,Drag,425,151
91.247,91.247,NoButton,Drag,422,149
91.263,91.263,NoButton,Drag,415,144
91.28,91.28,NoButton,Drag,411,141
91.296,91.296,NoButton,Drag,407,137
91.313,91.313,NoButton,Drag,405,134
91.331,91.331,NoButton,Drag,403,131
91.347,91.347,NoButton,Drag,401,128
91.363,91.363,NoButton,Drag,401,123
91.38,91.38,NoButton,Drag,401,118
91.397,91.397,NoButton,Drag,401,114
91.414,91.414,NoButton,Drag,401,110
91.431,91.431,NoButton,Drag,401,106
91.447,91.447,NoButton,Drag,401,104
91.463,91.463,NoButton,Drag,401,101
91.48,91.48,NoButton,Drag,401,98
91.498,91.498,NoButton,Drag,402,96
91.514,91.514,NoButton,Drag,404,94
91.531,91.531,NoButton,Drag,405,93
91.547,91.547,NoButton,Drag,406,90
91.564,91.564,NoButton,Drag,409,89
91.58,91.58,NoButton,Drag,412,87
91.597,91.597,NoButton,Drag,417,86
91.615,91.615,NoButton,Drag,424,84
91.63,91.63,NoButton,Drag,433,83
91.647,91.647,NoButton,Drag,448,80
91.664,91.664,NoButton,Drag,459,78
91.681,91.681,NoButton,Drag,470,77
91.697,91.697,NoButton,Drag,483,76
91.714,91.714,NoButton,Drag,490,75
91.73,91.73,NoButton,Drag,495,75
91.748,91.748,NoButton,Drag,497,75
91.765,91.765,NoButton,Drag,499,75
91.781,91.781,NoButton,Drag,500,74
91.798,91.798,NoButton,Drag,503,74
91.814,91.814,NoButton,Drag,507,75
91.831,91.831,NoButton,Drag,512,75
91.848,91.848,NoButton,Drag,517,75
91.865,91.865,NoButton,Drag,522,75
91.881,91.881,NoButton,Drag,526,75
91.898,91.898,NoButton,Drag,530,75
91.914,91.914,NoButton,Drag,533,75
91.931,91.931,NoButton,Drag,533,75
91.947,91.947,NoButton,Drag,534,75
91.965,91.965,NoButton,Drag,534,75
91.981,91.981,NoButton,Drag,537,75
91.997,91.997,NoButton,Drag,539,76
92.015,92.015,NoButton,Drag,542,77
92.031,92.031,NoButton,Drag,546,77
92.048,92.048,NoButton,Drag,551,78
92.065,92.065,NoButton,Drag,556,79
92.081,92.081,NoButton,Drag,559,80
92.098,92.098,NoButton,Drag,564,80
92.114,92.114,NoButton,Drag,567,80
92.131,92.131,NoButton,Drag,569,80
92.148,92.148,NoButton,Drag,571,80
92.165,92.165,NoButton,Drag,572,80
92.181,92.181,NoButton,Drag,573,80
92.197,92.197,NoButton,Drag,575,80
92.214,92.214,NoButton,Drag,577,80
92.231,92.231,NoButton,Drag,580,80
92.248,92.248,NoButton,Drag,584,80
92.265,92.265,NoButton,Drag,588,80
92.281,92.281,NoButton,Drag,593,80
92.298,92.298,NoButton,Drag,599,80
92.314,92.314,NoButton,Drag,605,79
92.331,92.331,NoButton,Drag,609,79
92.348,92.348,NoButton,Drag,612,79
92.365,92.365,NoButton,Drag,614,79
92.381,92.381,NoButton,Drag,614,79
92.398,92.398,NoButton,Drag,614,79
92.415,92.415,NoButton,Drag,615,78
92.431,92.431,NoButton,Drag,617,78
92.448,92.448,NoButton,Drag,618,78
92.465,92.465,NoButton,Drag,620,78
92.481,92.481,NoButton,Drag,623,78
92.498,92.498,NoButton,Drag,627,78
92.515,92.515,NoButton,Drag,634,78
92.531,92.531,NoButton,Drag,646,77
92.548,92.548,NoButton,Drag,659,77
92.564,92.564,NoButton,Drag,673,77
92.581,92.581,NoButton,Drag,685,75
92.598,92.598,NoButton,Drag,697,72
92.615,92.615,NoButton,Drag,708,70
92.632,92.632,NoButton,Drag,717,68
92.648,92.648,NoButton,Drag,722,66
92.665,92.665,NoButton,Drag,726,66
92.682,92.682,NoButton,Drag,729,66
92.698,92.698,NoButton,Drag,732,66
92.715,92.715,NoButton,Drag,736,66
92.731,92.731,NoButton,Drag,740,66
92.748,92.748,NoButton,Drag,745,67
92.765,92.765,NoButton,Drag,750,68
92.782,92.782,NoButton,Drag,753,69
92.799,92.799,NoButton,Drag,756,70
92.815,92.815,NoButton,Drag,758,71
92.832,92.832,NoButton,Drag,758,72
92.848,92.848,NoButton,Drag,759,72
92.865,92.865,NoButton,Drag,759,73
92.881,92.881,NoButton,Drag,759,74
92.898,92.898,NoButton,Drag,758,75
92.915,92.915,NoButton,Drag,756,78
92.932,92.932,NoButton,Drag,754,81
92.948,92.948,NoButton,Drag,751,84
92.964,92.964,NoButton,Drag,748,87
92.981,92.981,NoButton,Drag,746,89
92.998,92.998,NoButton,Drag,741,90
93.014,93.014,NoButton,Drag,737,92
93.032,93.032,NoButton,Drag,729,95
93.048,93.048,NoButton,Drag,722,98
93.064,93.064,NoButton,Drag,714,101
93.081,93.081,NoButton,Drag,701,107
93.098,93.098,NoButton,Drag,689,111
93.114,93.114,NoButton,Drag,676,115
93.132,93.132,NoButton,Drag,664,118
93.148,93.148,NoButton,Drag,652,122
93.165,93.165,NoButton,Drag,640,125
93.181,93.181,NoButton,Drag,627,128
93.198,93.198,NoButton,Drag,615,131
93.214,93.214,NoButton,Drag,602,133
93.231,93.231,NoButton,Drag,588,136
93.248,93.248,NoButton,Drag,573,139
93.264,93.264,NoButton,Drag,557,142
93.281,93.281,NoButton,Drag,540,145
93.297,93.297,NoButton,Drag,518,151
93.315,93.315,NoButton,Drag,500,155
93.332,93.332,NoButton,Drag,482,159
93.348,93.348,NoButton,Drag,466,163
93.365,93.365,NoButton,Drag,452,166
93.381,93.381,NoButton,Drag,436,169
93.398,93.398,NoButton,Drag,426,170
93.415,93.415,NoButton,Drag,415,170
93.431,93.431,NoButton,Drag,405,170
93.449,93.449,NoButton,Drag,399,172
93.464,93.464,NoButton,Drag,392,174
93.481,93.481,NoButton,Drag,388,176
93.498,93.498,NoButton,Drag,386,177
93.514,93.514,NoButton,Drag,386,178
93.532,93.532,NoButton,Drag,386,179
93.548,93.548,NoButton,Drag,386,179
93.565,93.565,NoButton,Drag,386,180
93.582,93.582,NoButton,Drag,387,181
93.598,93.598,NoButton,Drag,388,182
93.615,93.615,NoButton,Drag,390,184
93.631,93.631,NoButton,Drag,393,185
93.648,93.648,NoButton,Drag,400,185
93.665,93.665,NoButton,Drag,410,183
93.681,93.681,NoButton,Drag,425,179
93.698,93.698,NoButton,Drag,441,174
93.715,93.715,NoButton,Drag,459,170
93.731,93.731,NoButton,Drag,479,164
93.748,93.748,NoButton,Drag,504,158
93.765,93.765,NoButton,Drag,523,154
93.782,93.782,NoButton,Drag,538,152
93.798,93.798,NoButton,Drag,553,151
93.814,93.814,NoButton,Drag,565,150
93.831,93.831,NoButton,Drag,575,150
93.848,93.848,NoButton,Drag,583,151
93.864,93.864,NoButton,Drag,589,152
93.882,93.882,NoButton,Drag,596,153
93.898,93.898,NoButton,Drag,602,154
93.914,93.914,NoButton,Drag,610,155
93.931,93.931,NoButton,Drag,619,155
93.948,93.948,NoButton,Drag,627,154
93.965,93.965,NoButton,Drag,636,152
93.981,93.981,NoButton,Drag,647,150
93.998,93.998,NoButton,Drag,661,147
94.015,94.015,NoButton,Drag,673,144
94.031,94.031,NoButton,Drag,684,142
94.048,94.048,NoButton,Drag,692,140
94.065,94.065,NoButton,Drag,696,139
94.081,94.081,NoButton,Drag,697,139
94.117,94.117,NoButton,Drag,697,139
94.125,94.125,NoButton,Drag,697,139
94.131,94.131,NoButton,Drag,697,140
94.148,94.148,NoButton,Drag,696,142
94.165,94.165,NoButton,Drag,693,145
94.181,94.181,NoButton,Drag,679,154
94.199,94.199,NoButton,Drag,656,161
94.214,94.214,NoButton,Drag,622,170
94.231,94.231,NoButton,Drag,582,182
94.248,94.248,NoButton,Drag,539,196
94.265,94.265,NoButton,Drag,498,209
94.281,94.281,NoButton,Drag,457,220
94.299,94.299,NoButton,Drag,411,231
94.315,94.315,NoButton,Drag,380,238
94.331,94.331,NoButton,Drag,354,244
94.349,94.349,NoButton,Drag,330,248
94.365,94.365,NoButton,Drag,308,254
94.381,94.381,NoButton,Drag,293,257
94.398,94.398,NoButton,Drag,280,260
94.415,94.415,NoButton,Drag,268,263
94.432,94.432,NoButton,Drag,257,265
94.449,94.449,NoButton,Drag,247,266
94.464,94.464,NoButton,Drag,238,266
94.481,94.481,NoButton,Drag,231,266
94.498,94.498,NoButton,Drag,224,266
94.515,94.515,NoButton,Drag,221,266
94.576,94.576,NoButton,Drag,221,266
94.581,94.581,NoButton,Drag,221,266
94.598,94.598,NoButton,Drag,224,264
94.615,94.615,NoButton,Drag,234,261
94.631,94.631,NoButton,Drag,258,256
94.648,94.648,NoButton,Drag,283,250
94.665,94.665,NoButton,Drag,311,244
94.681,94.681,NoButton,Drag,339,237
94.698,94.698,NoButton,Drag,368,230
94.718,94.718,NoButton,Drag,408,219
94.734,94.734,NoButton,Drag,434,211
94.751,94.751,NoButton,Drag,465,202
94.768,94.768,NoButton,Drag,490,194
94.784,94.784,NoButton,Drag,514,187
94.802,94.802,NoButton,Drag,539,180
94.819,94.819,NoButton,Drag,562,174
94.835,94.835,NoButton,Drag,582,168
94.852,94.852,NoButton,Drag,605,162
94.868,94.868,NoButton,Drag,621,158
94.885,94.885,NoButton,Drag,635,154
94.902,94.902,NoButton,Drag,648,151
94.919,94.919,NoButton,Drag,658,148
94.935,94.935,NoButton,Drag,667,146
94.952,94.952,NoButton,Drag,680,144
94.97,94.97,NoButton,Drag,690,142
94.986,94.986,NoButton,Drag,699,139
95.003,95.003,NoButton,Drag,711,136
95.02,95.02,NoButton,Drag,720,135
95.037,95.037,NoButton,Drag,726,133
95.053,95.053,NoButton,Drag,732,133
95.07,95.07,NoButton,Drag,737,132
95.087,95.087,NoButton,Drag,742,132
95.103,95.103,NoButton,Drag,750,131
95.12,95.12,NoButton,Drag,760,130
95.137,95.137,NoButton,Drag,771,129
95.153,95.153,NoButton,Drag,789,127
95.17,95.17,NoButton,Drag,807,127
95.187,95.187,NoButton,Drag,824,125
95.203,95.203,NoButton,Drag,839,123
95.225,95.225,NoButton,Drag,855,122
95.242,95.242,NoButton,Drag,863,122
95.259,95.259,NoButton,Drag,865,122
95.275,95.275,NoButton,Drag,866,124
95.292,95.292,NoButton,Drag,866,128
95.309,95.309,NoButton,Drag,863,135
95.325,95.325,NoButton,Drag,858,140
95.342,95.342,NoButton,Drag,846,151
95.358,95.358,NoButton,Drag,833,160
95.376,95.376,NoButton,Drag,817,171
95.392,95.392,NoButton,Drag,794,182
95.409,95.409,NoButton,Drag,768,192
95.425,95.425,NoButton,Drag,727,205
95.442,95.442,NoButton,Drag,685,217
95.459,95.459,NoButton,Drag,638,228
95.478,95.478,NoButton,Drag,570,243
95.494,95.494,NoButton,Drag,517,252
95.512,95.512,NoButton,Drag,472,262
95.528,95.528,NoButton,Drag,431,271
95.544,95.544,NoButton,Drag,391,279
95.561,95.561,NoButton,Drag,352,286
95.578,95.578,NoButton,Drag,304,291
95.594,95.594,NoButton,Drag,269,293
95.611,95.611,NoButton,Drag,238,294
95.628,95.628,NoButton,Drag,211,296
95.645,95.645,NoButton,Drag,181,298
95.661,95.661,NoButton,Drag,158,300
95.678,95.678,NoButton,Drag,137,301
95.694,95.694,NoButton,Drag,117,301
95.713,95.713,NoButton,Drag,95,302
95.729,95.729,NoButton,Drag,80,302
95.745,95.745,NoButton,Drag,65,302
95.763,95.763,NoButton,Drag,50,300
95.779,95.779,NoButton,Drag,35,299
95.795,95.795,NoButton,Drag,18,297
95.812,95.812,NoButton,Drag,6,293
95.83,95.83,NoButton,Drag,0,290
95.846,95.846,NoButton,Drag,0,288
95.863,95.863,NoButton,Drag,0,285
95.879,95.879,NoButton,Drag,0,281
95.896,95.896,NoButton,Drag,0,275
95.913,95.913,NoButton,Drag,0,272
95.929,95.929,NoButton,Drag,0,272
95.946,95.946,NoButton,Drag,0,272
96.158,96.158,NoButton,Drag,0,272
96.161,96.161,NoButton,Drag,0,272
96.165,96.165,NoButton,Drag,0,271
96.18,96.18,NoButton,Drag,1,261
96.197,96.197,NoButton,Drag,5,251
96.213,96.213,NoButton,Drag,4,249
96.241,96.241,NoButton,Drag,5,249
96.247,96.247,NoButton,Drag,5,248
96.263,96.263,NoButton,Drag,10,245
96.28,96.28,NoButton,Drag,13,240
96.297,96.297,NoButton,Drag,14,236
96.313,96.313,NoButton,Drag,12,233
96.331,96.331,NoButton,Drag,12,229
96.347,96.347,NoButton,Drag,10,228
96.364,96.364,NoButton,Drag,10,227
96.38,96.38,NoButton,Drag,9,226
96.397,96.397,NoButton,Drag,9,226
96.413,96.413,NoButton,Drag,9,226
96.43,96.43,NoButton,Drag,8,225
96.447,96.447,NoButton,Drag,6,224
96.464,96.464,NoButton,Drag,5,222
96.48,96.48,NoButton,Drag,4,221
96.496,96.496,NoButton,Drag,4,220
96.513,96.513,NoButton,Drag,3,220
96.531,96.531,NoButton,Drag,3,220
96.549,96.549,NoButton,Drag,3,220
96.625,96.625,NoButton,Drag,3,220
96.629,96.629,NoButton,Drag,4,220
96.633,96.633,NoButton,Drag,4,221
96.647,96.647,NoButton,Drag,5,223
96.664,96.664,NoButton,Drag,8,228
96.68,96.68,NoButton,Drag,18,237
96.697,96.697,NoButton,Drag,36,249
96.712,96.712,NoButton,Drag,67,268
96.73,96.73,NoButton,Drag,97,281
96.746,96.746,NoButton,Drag,129,293
96.763,96.763,NoButton,Drag,167,304
96.779,96.779,NoButton,Drag,218,316
96.796,96.796,NoButton,Drag,262,323
96.813,96.813,NoButton,Drag,303,325
96.83,96.83,NoButton,Drag,341,325
96.847,96.847,NoButton,Drag,378,325
96.863,96.863,NoButton,Drag,407,325
96.88,96.88,NoButton,Drag,438,323
96.896,96.896,NoButton,Drag,458,322
96.913,96.913,NoButton,Drag,473,321
96.929,96.929,NoButton,Drag,485,320
96.946,96.946,NoButton,Drag,494,318
96.963,96.963,NoButton,Drag,502,316
96.979,96.979,NoButton,Drag,507,315
96.996,96.996,NoButton,Drag,511,313
97.013,97.013,NoButton,Drag,513,312
97.03,97.03,NoButton,Drag,515,310
97.045,97.045,NoButton,Drag,518,308
97.063,97.063,NoButton,Drag,521,306
97.079,97.079,NoButton,Drag,527,304
97.096,97.096,NoButton,Drag,538,300
97.112,97.112,NoButton,Drag,553,297
97.13,97.13,NoButton,Drag,577,291
97.146,97.146,NoButton,Drag,613,284
97.163,97.163,NoButton,Drag,659,276
97.179,97.179,NoButton,Drag,719,262
97.196,97.196,NoButton,Drag,769,251
97.213,97.213,NoButton,Drag,816,241
97.229,97.229,NoButton,Drag,871,234
97.247,97.247,NoButton,Drag,928,232
97.263,97.263,NoButton,Drag,982,230
97.28,97.28,NoButton,Drag,1039,226
97.297,97.297,NoButton,Drag,1082,225
97.313,97.313,NoButton,Drag,1100,225
97.329,97.329,NoButton,Drag,1120,225
97.347,97.347,NoButton,Drag,1127,226
97.364,97.364,NoButton,Drag,1127,226
97.379,97.379,NoButton,Drag,1127,227
97.396,97.396,NoButton,Drag,1127,228
97.413,97.413,NoButton,Drag,1121,232
97.43,97.43,NoButton,Drag,1108,236
97.447,97.447,NoButton,Drag,1088,240
97.463,97.463,NoButton,Drag,1061,246
97.48,97.48,NoButton,Drag,1024,253
97.497,97.497,NoButton,Drag,980,261
97.513,97.513,NoButton,Drag,931,269
97.529,97.529,NoButton,Drag,865,276
97.546,97.546,NoButton,Drag,813,280
97.563,97.563,NoButton,Drag,768,284
97.581,97.581,NoButton,Drag,728,284
97.597,97.597,NoButton,Drag,695,286
97.613,97.613,NoButton,Drag,664,286
97.631,97.631,NoButton,Drag,645,286
97.646,97.646,NoButton,Drag,627,286
97.663,97.663,NoButton,Drag,610,285
97.68,97.68,NoButton,Drag,595,284
97.697,97.697,NoButton,Drag,582,283
97.713,97.713,NoButton,Drag,567,283
97.73,97.73,NoButton,Drag,554,283
97.746,97.746,NoButton,Drag,542,282
97.764,97.764,NoButton,Drag,530,282
97.781,97.781,NoButton,Drag,516,282
97.796,97.796,NoButton,Drag,499,282
97.813,97.813,NoButton,Drag,477,283
97.83,97.83,NoButton,Drag,459,285
97.847,97.847,NoButton,Drag,445,288
97.863,97.863,NoButton,Drag,428,292
97.88,97.88,NoButton,Drag,413,296
97.897,97.897,NoButton,Drag,400,300
97.913,97.913,NoButton,Drag,388,304
97.93,97.93,NoButton,Drag,382,307
97.947,97.947,NoButton,Drag,378,310
97.963,97.963,NoButton,Drag,377,313
97.981,97.981,NoButton,Drag,376,315
97.997,97.997,NoButton,Drag,376,318
98.014,98.014,NoButton,Drag,379,322
98.03,98.03,NoButton,Drag,384,326
98.047,98.047,NoButton,Drag,391,329
98.063,98.063,NoButton,Drag,400,333
98.08,98.08,NoButton,Drag,409,335
98.098,98.098,NoButton,Drag,420,337
98.114,98.114,NoButton,Drag,437,339
98.13,98.13,NoButton,Drag,459,340
98.147,98.147,NoButton,Drag,484,340
98.164,98.164,NoButton,Drag,516,341
98.18,98.18,NoButton,Drag,542,341
98.197,98.197,NoButton,Drag,565,341
98.214,98.214,NoButton,Drag,584,339
98.23,98.23,NoButton,Drag,603,336
98.247,98.247,NoButton,Drag,619,333
98.263,98.263,NoButton,Drag,635,331
98.28,98.28,NoButton,Drag,646,330
98.297,98.297,NoButton,Drag,657,330
98.313,98.313,NoButton,Drag,667,332
98.33,98.33,NoButton,Drag,682,332
98.347,98.347,NoButton,Drag,697,335
98.364,98.364,NoButton,Drag,718,339
98.381,98.381,NoButton,Drag,732,342
98.397,98.397,NoButton,Drag,744,345
98.414,98.414,NoButton,Drag,759,348
98.43,98.43,NoButton,Drag,772,351
98.448,98.448,NoButton,Drag,785,354
98.463,98.463,NoButton,Drag,796,357
98.48,98.48,NoButton,Drag,808,361
98.497,98.497,NoButton,Drag,819,365
98.514,98.514,NoButton,Drag,836,370
98.53,98.53,NoButton,Drag,848,375
98.547,98.547,NoButton,Drag,859,378
98.564,98.564,NoButton,Drag,868,382
98.581,98.581,NoButton,Drag,874,386
98.597,98.597,NoButton,Drag,877,388
98.614,98.614,NoButton,Drag,877,390
98.63,98.63,NoButton,Drag,877,392
98.647,98.647,NoButton,Drag,874,395
98.664,98.664,NoButton,Drag,868,400
98.68,98.68,NoButton,Drag,858,405
98.698,98.698,NoButton,Drag,840,411
98.713,98.713,NoButton,Drag,819,418
98.731,98.731,NoButton,Drag,794,424
98.747,98.747,NoButton,Drag,759,434
98.764,98.764,NoButton,Drag,715,445
98.78,98.78,NoButton,Drag,668,457
98.796,98.796,NoButton,Drag,616,468
98.813,98.813,NoButton,Drag,550,480
98.83,98.83,NoButton,Drag,497,486
98.846,98.846,NoButton,Drag,445,490
98.864,98.864,NoButton,Drag,400,492
98.88,98.88,NoButton,Drag,361,493
98.897,98.897,NoButton,Drag,325,493
98.914,98.914,NoButton,Drag,284,493
98.931,98.931,NoButton,Drag,252,493
98.948,98.948,NoButton,Drag,222,492
98.963,98.963,NoButton,Drag,195,489
98.981,98.981,NoButton,Drag,168,487
98.996,98.996,NoButton,Drag,135,485
99.014,99.014,NoButton,Drag,107,484
99.031,99.031,NoButton,Drag,72,484
99.047,99.047,NoButton,Drag,34,483
99.063,99.063,NoButton,Drag,0,482
99.08,99.08,NoButton,Drag,0,481
99.097,99.097,NoButton,Drag,0,481
99.114,99.114,NoButton,Drag,0,481
99.13,99.13,NoButton,Drag,0,483
99.147,99.147,NoButton,Drag,0,485
99.163,99.163,NoButton,Drag,0,487
99.181,99.181,NoButton,Drag,0,488
99.207,99.207,NoButton,Drag,0,488
99.231,99.231,NoButton,Drag,0,488
99.235,99.235,NoButton,Drag,0,488
99.247,99.247,NoButton,Drag,1,489
99.263,99.263,NoButton,Drag,11,491
99.281,99.281,NoButton,Drag,27,493
99.297,99.297,NoButton,Drag,49,493
99.313,99.313,NoButton,Drag,81,493
99.331,99.331,NoButton,Drag,118,493
99.347,99.347,NoButton,Drag,166,493
99.364,99.364,NoButton,Drag,233,495
99.38,99.38,NoButton,Drag,286,497
99.397,99.397,NoButton,Drag,336,497
99.414,99.414,NoButton,Drag,384,499
99.431,99.431,NoButton,Drag,425,500
99.447,99.447,NoButton,Drag,462,501
99.463,99.463,NoButton,Drag,502,502
99.48,99.48,NoButton,Drag,525,502
99.496,99.496,NoButton,Drag,542,502
99.514,99.514,NoButton,Drag,556,503
99.531,99.531,NoButton,Drag,568,504
99.547,99.547,NoButton,Drag,577,505
99.563,99.563,NoButton,Drag,586,506
99.58,99.58,NoButton,Drag,592,506
99.597,99.597,NoButton,Drag,596,505
99.613,99.613,NoButton,Drag,600,503
99.631,99.631,NoButton,Drag,603,502
99.647,99.647,NoButton,Drag,609,497
99.663,99.663,NoButton,Drag,618,490
99.681,99.681,NoButton,Drag,627,483
99.697,99.697,NoButton,Drag,636,475
99.713,99.713,NoButton,Drag,646,467
99.731,99.731,NoButton,Drag,657,459
99.747,99.747,NoButton,Drag,672,451
99.763,99.763,NoButton,Drag,687,443
99.78,99.78,NoButton,Drag,702,438
99.797,99.797,NoButton,Drag,720,432
99.814,99.814,NoButton,Drag,750,424
99.83,99.83,NoButton,Drag,774,418
99.846,99.846,NoButton,Drag,799,412
99.864,99.864,NoButton,Drag,823,410
99.88,99.88,NoButton,Drag,845,409
99.897,99.897,NoButton,Drag,864,409
99.914,99.914,NoButton,Drag,884,413
99.931,99.931,NoButton,Drag,896,416
99.948,99.948,NoButton,Drag,906,420
99.964,99.964,NoButton,Drag,914,424
99.98,99.98,NoButton,Drag,920,427
99.997,99.997,NoButton,Drag,924,430
100.013,100.013,NoButton,Drag,929,433
100.03,100.03,NoButton,Drag,932,435
100.047,100.047,NoButton,Drag,936,438
100.064,100.064,NoButton,Drag,940,440
100.08,100.08,NoButton,Drag,944,443
100.097,100.097,NoButton,Drag,947,446
100.113,100.113,NoButton,Drag,952,449
100.131,100.131,NoButton,Drag,955,452
100.147,100.147,NoButton,Drag,957,456
100.163,100.163,NoButton,Drag,960,461
100.181,100.181,NoButton,Drag,961,465
100.197,100.197,NoButton,Drag,963,471
100.214,100.214,NoButton,Drag,963,476
100.231,100.231,NoButton,Drag,962,483
100.246,100.246,NoButton,Drag,960,490
100.263,100.263,NoButton,Drag,956,500
100.28,100.28,NoButton,Drag,950,509
100.297,100.297,NoButton,Drag,941,517
100.314,100.314,NoButton,Drag,927,527
100.33,100.33,NoButton,Drag,908,538
100.346,100.346,NoButton,Drag,885,549
100.363,100.363,NoButton,Drag,853,564
100.381,100.381,NoButton,Drag,828,574
100.397,100.397,NoButton,Drag,802,583
100.413,100.413,NoButton,Drag,775,592
100.431,100.431,NoButton,Drag,746,599
100.447,100.447,NoButton,Drag,712,606
100.464,100.464,NoButton,Drag,669,612
100.48,100.48,NoButton,Drag,634,614
100.497,100.497,NoButton,Drag,599,615
100.513,100.513,NoButton,Drag,564,615
100.53,100.53,NoButton,Drag,529,613
100.547,100.547,NoButton,Drag,499,610
100.563,100.563,NoButton,Drag,468,605
100.58,100.58,NoButton,Drag,450,602
100.597,100.597,NoButton,Drag,436,598
100.614,100.614,NoButton,Drag,423,595
100.631,100.631,NoButton,Drag,410,592
100.647,100.647,NoButton,Drag,397,589
100.663,100.663,NoButton,Drag,381,585
100.681,100.681,NoButton,Drag,370,582
100.697,100.697,NoButton,Drag,359,578
100.714,100.714,NoButton,Drag,346,573
100.73,100.73,NoButton,Drag,337,568
100.747,100.747,NoButton,Drag,330,562
100.763,100.763,NoButton,Drag,328,560
100.78,100.78,NoButton,Drag,327,557
100.797,100.797,NoButton,Drag,326,554
100.813,100.813,NoButton,Drag,326,548
100.83,100.83,NoButton,Drag,326,542
100.846,100.846,NoButton,Drag,329,537
100.864,100.864,NoButton,Drag,334,531
100.88,100.88,NoButton,Drag,343,524
100.897,100.897,NoButton,Drag,358,518
100.913,100.913,NoButton,Drag,375,513
100.931,100.931,NoButton,Drag,398,510
100.948,100.948,NoButton,Drag,426,507
100.963,100.963,NoButton,Drag,461,507
100.98,100.98,NoButton,Drag,501,507
100.997,100.997,NoButton,Drag,545,507
101.013,101.013,NoButton,Drag,594,509
101.03,101.03,NoButton,Drag,630,513
101.046,101.046,NoButton,Drag,661,515
101.063,101.063,NoButton,Drag,683,519
101.08,101.08,NoButton,Drag,700,522
101.097,101.097,NoButton,Drag,713,525
101.113,101.113,NoButton,Drag,724,528
101.13,101.13,NoButton,Drag,730,529
101.146,101.146,NoButton,Drag,736,530
101.163,101.163,NoButton,Drag,743,532
101.18,101.18,NoButton,Drag,752,535
101.197,101.197,NoButton,Drag,762,536
101.213,101.213,NoButton,Drag,776,538
101.23,101.23,NoButton,Drag,787,538
101.247,101.247,NoButton,Drag,798,539
101.264,101.264,NoButton,Drag,809,540
101.28,101.28,NoButton,Drag,822,540
101.297,101.297,NoButton,Drag,833,540
101.314,101.314,NoButton,Drag,843,540
101.33,101.33,NoButton,Drag,853,538
101.347,101.347,NoButton,Drag,863,537
101.363,101.363,NoButton,Drag,873,536
101.38,101.38,NoButton,Drag,880,535
101.396,101.396,NoButton,Drag,888,533
101.414,101.414,NoButton,Drag,897,531
101.431,101.431,NoButton,Drag,908,529
101.447,101.447,NoButton,Drag,919,526
101.463,101.463,NoButton,Drag,932,523
101.48,101.48,NoButton,Drag,943,520
101.496,101.496,NoButton,Drag,953,517
101.514,101.514,NoButton,Drag,963,515
101.53,101.53,NoButton,Drag,974,513
101.547,101.547,NoButton,Drag,983,510
101.563,101.563,NoButton,Drag,992,509
101.58,101.58,NoButton,Drag,995,509
101.597,101.597,NoButton,Drag,996,509
101.627,101.627,NoButton,Drag,997,509
101.635,101.635,NoButton,Drag,997,509
101.647,101.647,NoButton,Drag,996,510
101.663,101.663,NoButton,Drag,992,514
101.681,101.681,NoButton,Drag,984,519
101.697,101.697,NoButton,Drag,965,527
101.714,101.714,NoButton,Drag,929,538
101.73,101.73,NoButton,Drag,874,554
101.747,101.747,NoButton,Drag,806,575
101.763,101.763,NoButton,Drag,759,590
101.78,101.78,NoButton,Drag,754,591
102.014,102.014,NoButton,Drag,752,592
102.017,102.017,NoButton,Drag,745,593
102.03,102.03,NoButton,Drag,699,600
102.046,102.046,NoButton,Drag,622,622
102.063,102.063,NoButton,Drag,589,625
102.08,102.08,NoButton,Drag,588,624
102.097,102.097,NoButton,Drag,588,624
102.113,102.113,NoButton,Drag,587,623
102.13,102.13,NoButton,Drag,585,621
102.146,102.146,NoButton,Drag,584,619
102.163,102.163,NoButton,Drag,583,618
102.18,102.18,NoButton,Drag,583,616
102.197,102.197,NoButton,Drag,585,613
102.213,102.213,NoButton,Drag,591,608
102.231,102.231,NoButton,Drag,599,603
102.247,102.247,NoButton,Drag,613,598
102.264,102.264,NoButton,Drag,634,593
102.281,102.281,NoButton,Drag,659,588
102.297,102.297,NoButton,Drag,700,580
102.314,102.314,NoButton,Drag,737,574
102.331,102.331,NoButton,Drag,776,566
102.347,102.347,NoButton,Drag,814,559
102.364,102.364,NoButton,Drag,851,552
102.381,102.381,NoButton,Drag,888,546
102.398,102.398,NoButton,Drag,935,538
102.415,102.415,NoButton,Drag,971,535
102.431,102.431,NoButton,Drag,1009,529
102.448,102.448,NoButton,Drag,1064,527
102.464,102.464,NoButton,Drag,1106,527
102.481,102.481,NoButton,Drag,1142,527
102.499,102.499,NoButton,Drag,1177,528
102.516,102.516,NoButton,Drag,1209,532
102.533,102.533,NoButton,Drag,1244,538
102.549,102.549,NoButton,Drag,1269,544
102.566,102.566,NoButton,Drag,1292,550
102.583,102.583,NoButton,Drag,1307,555
102.599,102.599,NoButton,Drag,1315,560
102.616,102.616,NoButton,Drag,1319,564
102.633,102.633,NoButton,Drag,1321,567
102.649,102.649,NoButton,Drag,1321,571
102.667,102.667,NoButton,Drag,1319,577
102.683,102.683,NoButton,Drag,1312,586
102.699,102.699,NoButton,Drag,1292,598
102.716,102.716,NoButton,Drag,1259,609
102.734,102.734,NoButton,Drag,1214,620
102.751,102.751,NoButton,Drag,1155,629
102.767,102.767,NoButton,Drag,1068,634
102.784,102.784,NoButton,Drag,991,637
102.801,102.801,NoButton,Drag,913,639
102.817,102.817,NoButton,Drag,838,640
102.834,102.834,NoButton,Drag,762,640
102.851,102.851,NoButton,Drag,690,643
102.867,102.867,NoButton,Drag,612,644
102.884,102.884,NoButton,Drag,557,645
102.901,102.901,NoButton,Drag,504,646
102.917,102.917,NoButton,Drag,456,647
102.934,102.934,NoButton,Drag,411,647
102.951,102.951,NoButton,Drag,371,647
102.968,102.968,NoButton,Drag,325,647
102.984,102.984,NoButton,Drag,293,645
103.001,103.001,NoButton,Drag,268,643
103.018,103.018,NoButton,Drag,249,640
103.034,103.034,NoButton,Drag,240,637
103.146,103.146,NoButton,Drag,240,637
103.149,103.149,NoButton,Drag,241,637
103.153,103.153,NoButton,Drag,241,637
103.168,103.168,NoButton,Drag,243,636
103.185,103.185,NoButton,Drag,251,633
103.201,103.201,NoButton,Drag,271,631
103.219,103.219,NoButton,Drag,297,631
103.235,103.235,NoButton,Drag,332,631
103.252,103.252,NoButton,Drag,375,630
103.268,103.268,NoButton,Drag,423,630
103.285,103.285,NoButton,Drag,469,629
103.302,103.302,NoButton,Drag,517,629
103.319,103.319,NoButton,Drag,547,628
103.335,103.335,NoButton,Drag,568,627
103.351,103.351,NoButton,Drag,584,627
103.368,103.368,NoButton,Drag,595,627
103.385,103.385,NoButton,Drag,604,628
103.402,103.402,NoButton,Drag,612,629
103.419,103.419,NoButton,Drag,621,631
103.435,103.435,NoButton,Drag,633,633
103.452,103.452,NoButton,Drag,646,634
103.469,103.469,NoButton,Drag,659,636
103.485,103.485,NoButton,Drag,672,636
103.502,103.502,NoButton,Drag,688,637
103.519,103.519,NoButton,Drag,703,637
103.535,103.535,NoButton,Drag,720,637
103.552,103.552,NoButton,Drag,738,637
103.568,103.568,NoButton,Drag,757,636
103.585,103.585,NoButton,Drag,776,635
103.602,103.602,NoButton,Drag,800,633
103.618,103.618,NoButton,Drag,820,632
103.635,103.635,NoButton,Drag,842,631
103.652,103.652,NoButton,Drag,859,630
103.669,103.669,NoButton,Drag,872,630
103.686,103.686,NoButton,Drag,880,630
103.703,103.703,NoButton,Drag,881,630
103.727,103.727,NoButton,Drag,881,630
103.734,103.734,NoButton,Drag,881,631
103.751,103.751,NoButton,Drag,880,634
103.767,103.767,NoButton,Drag,873,642
103.784,103.784,NoButton,Drag,862,652
103.801,103.801,NoButton,Drag,848,663
103.818,103.818,NoButton,Drag,834,673
103.834,103.834,NoButton,Drag,822,684
103.851,103.851,NoButton,Drag,809,694
103.868,103.868,NoButton,Drag,792,707
103.884,103.884,NoButton,Drag,776,717
103.901,103.901,NoButton,Drag,759,727
103.917,103.917,NoButton,Drag,743,737
103.935,103.935,NoButton,Drag,729,747
103.951,103.951,NoButton,Drag,717,755
103.968,103.968,NoButton,Drag,705,763
103.984,103.984,NoButton,Drag,694,774
104.001,104.001,NoButton,Drag,681,789
104.018,104.018,NoButton,Drag,667,805
104.034,104.034,NoButton,Drag,650,819
104.05,104.05,NoButton,Drag,630,832
104.067,104.067,NoButton,Drag,597,845
104.084,104.084,NoButton,Drag,560,852
104.1,104.1,NoButton,Drag,523,855
104.117,104.117,NoButton,Drag,488,855
104.134,104.134,NoButton,Drag,457,855
104.151,104.151,NoButton,Drag,432,852
104.168,104.168,NoButton,Drag,412,848
104.184,104.184,NoButton,Drag,405,847
104.213,104.213,NoButton,Drag,404,847
104.241,104.241,NoButton,Drag,404,847
104.245,104.245,NoButton,Drag,405,847
104.251,104.251,NoButton,Drag,405,847
104.267,104.267,NoButton,Drag,409,847
104.283,104.283,NoButton,Drag,419,847
104.3,104.3,NoButton,Drag,434,846
104.317,104.317,NoButton,Drag,456,845
104.333,104.333,NoButton,Drag,487,842
104.35,104.35,NoButton,Drag,519,840
104.367,104.367,NoButton,Drag,552,836
104.384,104.384,NoButton,Drag,584,830
104.4,104.4,NoButton,Drag,618,826
104.417,104.417,NoButton,Drag,647,821
104.434,104.434,NoButton,Drag,679,817
104.45,104.45,NoButton,Drag,701,815
104.468,104.468,NoButton,Drag,717,813
104.483,104.483,NoButton,Drag,730,811
104.501,104.501,NoButton,Drag,743,808
104.516,104.516,NoButton,Drag,757,805
104.533,104.533,NoButton,Drag,776,801
104.55,104.55,NoButton,Drag,792,796
104.567,104.567,NoButton,Drag,808,792
104.584,104.584,NoButton,Drag,822,789
104.6,104.6,NoButton,Drag,838,784
104.617,104.617,NoButton,Drag,856,779
104.634,104.634,NoButton,Drag,875,774
104.651,104.651,NoButton,Drag,886,771
104.667,104.667,NoButton,Drag,894,768
104.684,104.684,NoButton,Drag,898,765
104.701,104.701,NoButton,Drag,900,764
104.717,104.717,NoButton,Drag,900,764
104.733,104.733,NoButton,Drag,900,764
104.751,104.751,NoButton,Drag,899,763
104.767,104.767,NoButton,Drag,896,759
104.783,104.783,NoButton,Drag,878,749
104.8,104.8,NoButton,Drag,842,735
104.817,104.817,NoButton,Drag,775,714
104.834,104.834,NoButton,Drag,687,691
104.85,104.85,NoButton,Drag,574,666
104.867,104.867,NoButton,Drag,441,643
104.884,104.884,NoButton,Drag,251,607
104.9,104.9,NoButton,Drag,116,576
104.917,104.917,NoButton,Drag,25,548
104.934,104.934,NoButton,Drag,0,528
104.951,104.951,NoButton,Drag,0,515
104.967,104.967,NoButton,Drag,0,506
104.983,104.983,NoButton,Drag,0,493
105,105,NoButton,Drag,1,480
105.017,105.017,NoButton,Drag,5,468
105.033,105.033,NoButton,Drag,9,456
105.05,105.05,NoButton,Drag,13,444
105.066,105.066,NoButton,Drag,17,434
105.083,105.083,NoButton,Drag,23,422
105.1,105.1,NoButton,Drag,28,412
105.116,105.116,NoButton,Drag,36,402
105.133,105.133,NoButton,Drag,49,392
105.151,105.151,NoButton,Drag,72,381
105.167,105.167,NoButton,Drag,106,369
105.183,105.183,NoButton,Drag,159,352
105.2,105.2,NoButton,Drag,205,340
105.217,105.217,NoButton,Drag,251,327
105.233,105.233,NoButton,Drag,296,317
105.251,105.251,NoButton,Drag,342,309
105.267,105.267,NoButton,Drag,388,301
105.283,105.283,NoButton,Drag,433,294
105.3,105.3,NoButton,Drag,479,286
105.317,105.317,NoButton,Drag,511,280
105.333,105.333,NoButton,Drag,541,273
105.35,105.35,NoButton,Drag,563,268
105.367,105.367,NoButton,Drag,586,263
105.384,105.384,NoButton,Drag,609,259
105.4,105.4,NoButton,Drag,634,255
105.416,105.416,NoButton,Drag,654,252
105.433,105.433,NoButton,Drag,681,246
105.45,105.45,NoButton,Drag,700,243
105.466,105.466,NoButton,Drag,718,239
105.483,105.483,NoButton,Drag,735,235
105.5,105.5,NoButton,Drag,750,232
105.517,105.517,NoButton,Drag,760,229
105.533,105.533,NoButton,Drag,767,227
105.55,105.55,NoButton,Drag,769,226
105.621,105.621,NoButton,Drag,768,227
105.625,105.625,NoButton,Drag,768,227
105.633,105.633,NoButton,Drag,763,228
105.65,105.65,NoButton,Drag,738,230
105.666,105.666,NoButton,Drag,666,230
105.683,105.683,NoButton,Drag,529,230
105.701,105.701,NoButton,Drag,366,230
105.717,105.717,NoButton,Drag,161,230
105.733,105.733,NoButton,Drag,0,229
105.75,105.75,NoButton,Drag,0,224
105.766,105.766,NoButton,Drag,0,217
105.783,105.783,NoButton,Drag,0,209
105.8,105.8,NoButton,Drag,0,201
105.817,105.817,NoButton,Drag,0,194
105.833,105.833,NoButton,Drag,0,188
105.85,105.85,NoButton,Drag,0,184
105.867,105.867,NoButton,Drag,0,182
105.883,105.883,NoButton,Drag,0,180
105.9,105.9,NoButton,Drag,2,178
105.917,105.917,NoButton,Drag,5,174
105.934,105.934,NoButton,Drag,9,171
105.95,105.95,NoButton,Drag,13,167
105.966,105.966,NoButton,Drag,21,162
105.983,105.983,NoButton,Drag,34,157
106,106,NoButton,Drag,61,150
106.017,106.017,NoButton,Drag,93,145
106.034,106.034,NoButton,Drag,137,140
106.036,106.036,Left,Pressed,137,140
106.037,106.037,NoButton,Drag,150,140
106.039,106.039,NoButton,Drag,164,140
106.043,106.043,NoButton,Drag,177,139
106.047,106.047,NoButton,Drag,193,139
106.051,106.051,NoButton,Drag,210,139
106.055,106.055,NoButton,Drag,227,139
106.059,106.059,NoButton,Drag,244,138
106.063,106.063,NoButton,Drag,262,138
106.067,106.067,NoButton,Drag,281,138
106.071,106.071,NoButton,Drag,299,138
106.075,106.075,NoButton,Drag,319,138
106.079,106.079,NoButton,Drag,338,138
106.083,106.083,NoButton,Drag,357,138
106.087,106.087,NoButton,Drag,379,138
106.091,106.091,NoButton,Drag,398,138
106.095,106.095,NoButton,Drag,418,138
106.099,106.099,NoButton,Drag,438,138
106.103,106.103,NoButton,Drag,456,138
106.107,106.107,NoButton,Drag,475,138
106.111,106.111,NoButton,Drag,495,138
106.115,106.115,NoButton,Drag,512,139
106.119,106.119,NoButton,Drag,530,139
106.123,106.123,NoButton,Drag,548,140
106.127,106.127,NoButton,Drag,564,140
106.131,106.131,NoButton,Drag,577,140
106.135,106.135,NoButton,Drag,592,141
106.139,106.139,NoButton,Drag,606,141
106.143,106.143,NoButton,Drag,618,141
106.147,106.147,NoButton,Drag,629,141
106.151,106.151,NoButton,Drag,638,141
106.155,106.155,NoButton,Drag,647,142
106.159,106.159,NoButton,Drag,656,142
106.163,106.163,NoButton,Drag,664,142
106.167,106.167,NoButton,Drag,671,142
106.171,106.171,NoButton,Drag,677,142
106.175,106.175,NoButton,Drag,684,142
106.179,106.179,NoButton,Drag,690,143
106.183,106.183,NoButton,Drag,695,143
106.187,106.187,NoButton,Drag,700,144
106.191,106.191,NoButton,Drag,705,144
106.195,106.195,NoButton,Drag,709,144
106.199,106.199,NoButton,Drag,713,144
106.203,106.203,NoButton,Drag,716,145
106.207,106.207,NoButton,Drag,719,145
106.211,106.211,NoButton,Drag,722,146
106.215,106.215,NoButton,Drag,724,146
106.219,106.219,NoButton,Drag,726,146
106.223,106.223,NoButton,Drag,728,146
106.227,106.227,NoButton,Drag,729,146
106.231,106.231,NoButton,Drag,730,146
106.235,106.235,Left,Released,730,146
106.236,106.236,NoButton,Drag,731,147
106.247,106.247,NoButton,Drag,732,147
106.263,106.263,NoButton,Drag,733,147
106.304,106.304,NoButton,Drag,733,147
106.311,106.311,NoButton,Drag,733,147
106.315,106.315,NoButton,Drag,733,148
106.329,106.329,NoButton,Drag,731,148
106.346,106.346,NoButton,Drag,726,151
106.363,106.363,NoButton,Drag,712,155
106.38,106.38,NoButton,Drag,666,169
106.397,106.397,NoButton,Drag,600,186
106.414,106.414,NoButton,Drag,508,209
106.429,106.429,NoButton,Drag,375,234
106.446,106.446,NoButton,Drag,202,262
106.464,106.464,NoButton,Drag,0,311
106.477,106.477,NoButton,Drag,0,334
106.495,106.495,NoButton,Drag,0,339
106.512,106.512,NoButton,Drag,0,338
106.528,106.528,NoButton,Drag,0,337
106.544,106.544,NoButton,Drag,12,333
106.561,106.561,NoButton,Drag,68,317
106.578,106.578,NoButton,Drag,263,283
106.594,106.594,NoButton,Drag,514,242
106.611,106.611,NoButton,Drag,770,210
106.628,106.628,NoButton,Drag,953,187
106.644,106.644,NoButton,Drag,1097,166
106.661,106.661,NoButton,Drag,1190,149
106.677,106.677,NoButton,Drag,1241,137
106.695,106.695,NoButton,Drag,1246,136
106.745,106.745,NoButton,Drag,1247,136
106.773,106.773,NoButton,Drag,1247,136
106.785,106.785,NoButton,Drag,1247,136
106.793,106.793,NoButton,Drag,1247,136
106.811,106.811,NoButton,Drag,1247,137
106.827,106.827,NoButton,Drag,1247,139
106.844,106.844,NoButton,Drag,1245,141
106.86,106.86,NoButton,Drag,1238,147
106.877,106.877,NoButton,Drag,1209,156
106.894,106.894,NoButton,Drag,1109,173
106.91,106.91,NoButton,Drag,957,181
106.927,106.927,NoButton,Drag,726,189
106.944,106.944,NoButton,Drag,474,197
106.961,106.961,NoButton,Drag,254,203
106.975,106.975,NoButton,Drag,108,203
106.993,106.993,NoButton,Drag,56,203
107.009,107.009,NoButton,Drag,57,203
107.026,107.026,NoButton,Drag,80,199
107.042,107.042,NoButton,Drag,157,192
107.059,107.059,NoButton,Drag,297,187
107.076,107.076,NoButton,Drag,475,182
107.093,107.093,NoButton,Drag,563,176
107.11,107.11,NoButton,Drag,599,171
107.126,107.126,NoButton,Drag,604,169
107.155,107.155,NoButton,Drag,605,169
107.159,107.159,NoButton,Drag,605,169
107.176,107.176,NoButton,Drag,604,169
107.193,107.193,NoButton,Drag,602,169
107.209,107.209,NoButton,Drag,602,169
107.247,107.247,NoButton,Drag,602,169
107.251,107.251,NoButton,Drag,602,169
107.258,107.258,NoButton,Drag,601,169
107.275,107.275,NoButton,Drag,599,168
107.292,107.292,NoButton,Drag,591,166
107.309,107.309,NoButton,Drag,566,161
107.326,107.326,NoButton,Drag,530,155
107.342,107.342,NoButton,Drag,488,149
107.358,107.358,NoButton,Drag,454,143
107.375,107.375,NoButton,Drag,443,140
107.392,107.392,NoButton,Drag,444,140
107.409,107.409,NoButton,Drag,452,135
107.425,107.425,NoButton,Drag,490,124
107.442,107.442,NoButton,Drag,563,112
107.459,107.459,NoButton,Drag,638,101
107.475,107.475,NoButton,Drag,700,89
107.493,107.493,NoButton,Drag,720,84
107.51,107.51,NoButton,Drag,721,84
107.527,107.527,NoButton,Drag,721,83
107.543,107.543,NoButton,Drag,716,82
107.559,107.559,NoButton,Drag,688,76
107.576,107.576,NoButton,Drag,653,71
107.593,107.593,NoButton,Drag,625,66
107.609,107.609,NoButton,Drag,606,62
107.627,107.627,NoButton,Drag,605,60
107.642,107.642,NoButton,Drag,605,59
107.659,107.659,NoButton,Drag,610,54
107.676,107.676,NoButton,Drag,622,46
107.693,107.693,NoButton,Drag,634,39
107.71,107.71,NoButton,Drag,638,37
107.728,107.728,NoButton,Drag,638,36
107.744,107.744,NoButton,Drag,633,36
107.761,107.761,NoButton,Drag,603,36
107.777,107.777,NoButton,Drag,518,38
107.794,107.794,NoButton,Drag,450,41
107.81,107.81,NoButton,Drag,406,45
107.828,107.828,NoButton,Drag,390,49
107.844,107.844,NoButton,Drag,390,49
107.861,107.861,NoButton,Drag,392,51
107.877,107.877,NoButton,Drag,431,57
107.894,107.894,NoButton,Drag,500,59
107.911,107.911,NoButton,Drag,580,62
107.927,107.927,NoButton,Drag,649,66
107.944,107.944,NoButton,Drag,689,72
107.961,107.961,NoButton,Drag,702,75
107.978,107.978,NoButton,Drag,702,77
107.995,107.995,NoButton,Drag,690,80
108.012,108.012,NoButton,Drag,654,85
108.028,108.028,NoButton,Drag,603,88
108.045,108.045,NoButton,Drag,572,92
108.061,108.061,NoButton,Drag,566,93
108.078,108.078,NoButton,Drag,567,93
108.095,108.095,NoButton,Drag,586,95
108.111,108.111,NoButton,Drag,646,96
108.128,108.128,NoButton,Drag,727,98
108.145,108.145,NoButton,Drag,805,100
108.161,108.161,NoButton,Drag,864,101
108.178,108.178,NoButton,Drag,905,105
108.194,108.194,NoButton,Drag,910,106
108.211,108.211,NoButton,Drag,911,106
108.228,108.228,NoButton,Drag,909,108
108.245,108.245,NoButton,Drag,905,109
108.262,108.262,NoButton,Drag,905,109
108.278,108.278,NoButton,Drag,904,110
108.295,108.295,NoButton,Drag,907,110
108.311,108.311,NoButton,Drag,929,110
108.328,108.328,NoButton,Drag,961,109
108.345,108.345,NoButton,Drag,990,109
108.362,108.362,NoButton,Drag,1015,109
108.379,108.379,NoButton,Drag,1029,109
108.395,108.395,NoButton,Drag,1032,109
108.411,108.411,NoButton,Drag,1033,109
108.428,108.428,NoButton,Drag,1031,109
108.445,108.445,NoButton,Drag,1024,111
108.461,108.461,NoButton,Drag,1009,114
108.478,108.478,NoButton,Drag,987,116
108.495,108.495,NoButton,Drag,954,119
108.511,108.511,NoButton,Drag,889,124
108.528,108.528,NoButton,Drag,819,125
108.546,108.546,NoButton,Drag,744,126
108.561,108.561,NoButton,Drag,670,126
108.578,108.578,NoButton,Drag,606,126
108.595,108.595,NoButton,Drag,553,126
108.612,108.612,NoButton,Drag,499,123
108.629,108.629,NoButton,Drag,474,122
108.645,108.645,NoButton,Drag,462,120
108.662,108.662,NoButton,Drag,457,119
108.679,108.679,NoButton,Drag,454,118
108.695,108.695,NoButton,Drag,452,118
108.712,108.712,NoButton,Drag,446,116
108.728,108.728,NoButton,Drag,441,115
108.746,108.746,NoButton,Drag,439,114
108.763,108.763,NoButton,Drag,439,114
108.801,108.801,NoButton,Drag,439,114
108.805,108.805,NoButton,Drag,440,114
108.812,108.812,NoButton,Drag,441,114
108.829,108.829,NoButton,Drag,449,114
108.845,108.845,NoButton,Drag,468,113
108.862,108.862,NoButton,Drag,488,113
108.879,108.879,NoButton,Drag,509,113
108.896,108.896,NoButton,Drag,529,114
108.913,108.913,NoButton,Drag,545,116
108.929,108.929,NoButton,Drag,557,118
108.946,108.946,NoButton,Drag,564,118
108.962,108.962,NoButton,Drag,568,119
108.979,108.979,NoButton,Drag,571,120
108.996,108.996,NoButton,Drag,579,122
109.012,109.012,NoButton,Drag,595,124
109.029,109.029,NoButton,Drag,622,127
109.046,109.046,NoButton,Drag,670,127
109.063,109.063,NoButton,Drag,716,127
109.079,109.079,NoButton,Drag,767,127
109.096,109.096,NoButton,Drag,818,127
109.113,109.113,NoButton,Drag,883,126
109.129,109.129,NoButton,Drag,912,126
109.145,109.145,NoButton,Drag,938,125
109.163,109.163,NoButton,Drag,943,125
109.189,109.189,NoButton,Drag,943,125
109.225,109.225,NoButton,Drag,943,125
109.229,109.229,NoButton,Drag,942,125
109.246,109.246,NoButton,Drag,932,128
109.262,109.262,NoButton,Drag,904,133
109.28,109.28,NoButton,Drag,854,139
109.296,109.296,NoButton,Drag,790,144
109.313,109.313,NoButton,Drag,713,148
109.33,109.33,NoButton,Drag,585,155
109.346,109.346,NoButton,Drag,476,159
109.362,109.362,NoButton,Drag,388,162
109.379,109.379,NoButton,Drag,320,165
109.396,109.396,NoButton,Drag,300,165
109.413,109.413,NoButton,Drag,291,165
109.429,109.429,NoButton,Drag,290,165
109.475,109.475,NoButton,Drag,290,165
109.499,109.499,NoButton,Drag,290,165
109.51,109.51,NoButton,Drag,291,165
109.525,109.525,NoButton,Drag,296,164
109.543,109.543,NoButton,Drag,311,164
109.559,109.559,NoButton,Drag,358,163
109.576,109.576,NoButton,Drag,411,163
109.593,109.593,NoButton,Drag,466,163
109.61,109.61,NoButton,Drag,514,162
109.627,109.627,NoButton,Drag,546,162
109.643,109.643,NoButton,Drag,560,162
109.66,109.66,NoButton,Drag,561,162
109.719,109.719,NoButton,Drag,562,162
109.723,109.723,NoButton,Drag,563,162
109.727,109.727,NoButton,Drag,564,162
109.741,109.741,NoButton,Drag,572,163
109.758,109.758,NoButton,Drag,597,163
109.775,109.775,NoButton,Drag,634,163
109.791,109.791,NoButton,Drag,698,162
109.808,109.808,NoButton,Drag,761,160
109.825,109.825,NoButton,Drag,826,158
109.842,109.842,NoButton,Drag,876,154
109.859,109.859,NoButton,Drag,903,151
109.875,109.875,NoButton,Drag,911,149
109.925,109.925,NoButton,Drag,911,149
109.929,109.929,NoButton,Drag,911,149
109.942,109.942,NoButton,Drag,906,152
109.959,109.959,NoButton,Drag,890,157
109.976,109.976,NoButton,Drag,850,170
109.992,109.992,NoButton,Drag,778,191
110.009,110.009,NoButton,Drag,686,218
110.025,110.025,NoButton,Drag,534,255
110.042,110.042,NoButton,Drag,406,279
110.059,110.059,NoButton,Drag,299,294
110.075,110.075,NoButton,Drag,232,302
110.093,110.093,NoButton,Drag,202,305
110.109,110.109,NoButton,Drag,198,306
110.126,110.126,NoButton,Drag,198,306
110.143,110.143,NoButton,Drag,199,306
110.158,110.158,NoButton,Drag,201,305
110.175,110.175,NoButton,Drag,205,304
110.193,110.193,NoButton,Drag,210,303
110.209,110.209,NoButton,Drag,221,301
110.225,110.225,NoButton,Drag,251,300
110.243,110.243,NoButton,Drag,287,299
110.26,110.26,NoButton,Drag,336,297
110.277,110.277,NoButton,Drag,398,295
110.294,110.294,NoButton,Drag,474,294
110.31,110.31,NoButton,Drag,525,291
110.327,110.327,NoButton,Drag,562,291
110.344,110.344,NoButton,Drag,587,289
110.36,110.36,NoButton,Drag,599,289
110.377,110.377,NoButton,Drag,604,289
110.394,110.394,NoButton,Drag,606,289
110.411,110.411,NoButton,Drag,609,289
110.427,110.427,NoButton,Drag,620,289
110.444,110.444,NoButton,Drag,643,289
110.46,110.46,NoButton,Drag,675,288
110.477,110.477,NoButton,Drag,716,284
110.494,110.494,NoButton,Drag,771,276
110.512,110.512,NoButton,Drag,813,268
110.529,110.529,NoButton,Drag,834,263
110.545,110.545,NoButton,Drag,844,261
110.562,110.562,NoButton,Drag,847,260
110.608,110.608,NoButton,Drag,847,260
110.611,110.611,NoButton,Drag,847,260
110.615,110.615,NoButton,Drag,846,260
110.629,110.629,NoButton,Drag,843,263
110.645,110.645,NoButton,Drag,828,271
110.662,110.662,NoButton,Drag,789,285
110.679,110.679,NoButton,Drag,709,307
110.695,110.695,NoButton,Drag,537,340
110.712,110.712,NoButton,Drag,385,353
110.728,110.728,NoButton,Drag,237,358
110.746,110.746,NoButton,Drag,133,359
110.763,110.763,NoButton,Drag,78,359
110.779,110.779,NoButton,Drag,59,359
110.796,110.796,NoButton,Drag,58,359
110.812,110.812,NoButton,Drag,57,359
110.829,110.829,NoButton,Drag,57,359
110.846,110.846,NoButton,Drag,57,359
110.871,110.871,NoButton,Drag,57,358
110.911,110.911,NoButton,Drag,57,358
110.919,110.919,NoButton,Drag,57,358
110.93,110.93,NoButton,Drag,58,357
110.946,110.946,NoButton,Drag,61,356
110.963,110.963,NoButton,Drag,73,354
110.979,110.979,NoButton,Drag,107,352
110.996,110.996,NoButton,Drag,174,350
111.013,111.013,NoButton,Drag,228,348
111.03,111.03,NoButton,Drag,275,346
111.046,111.046,NoButton,Drag,310,345
111.062,111.062,NoButton,Drag,333,345
111.08,111.08,NoButton,Drag,336,345
111.097,111.097,NoButton,Drag,336,345
111.129,111.129,NoButton,Drag,337,345
111.133,111.133,NoButton,Drag,338,345
111.146,111.146,NoButton,Drag,347,345
111.163,111.163,NoButton,Drag,375,345
111.18,111.18,NoButton,Drag,420,343
111.196,111.196,NoButton,Drag,467,338
111.213,111.213,NoButton,Drag,518,332
111.23,111.23,NoButton,Drag,582,321
111.246,111.246,NoButton,Drag,624,315
111.262,111.262,NoButton,Drag,650,309
111.278,111.278,NoButton,Drag,663,307
111.296,111.296,NoButton,Drag,667,306
111.341,111.341,NoButton,Drag,667,306
111.349,111.349,NoButton,Drag,667,306
111.363,111.363,NoButton,Drag,666,308
111.379,111.379,NoButton,Drag,659,312
111.396,111.396,NoButton,Drag,643,319
111.412,111.412,NoButton,Drag,610,329
111.429,111.429,NoButton,Drag,551,346
111.446,111.446,NoButton,Drag,453,370
111.463,111.463,NoButton,Drag,366,386
111.48,111.48,NoButton,Drag,294,398
111.496,111.496,NoButton,Drag,249,406
111.514,111.514,NoButton,Drag,230,411
111.531,111.531,NoButton,Drag,230,411
111.571,111.571,NoButton,Drag,229,411
111.628,111.628,NoButton,Drag,229,411
111.664,111.664,NoButton,Drag,229,411
111.671,111.671,NoButton,Drag,229,410
111.681,111.681,NoButton,Drag,230,410
111.698,111.698,NoButton,Drag,236,408
111.715,111.715,NoButton,Drag,263,406
111.732,111.732,NoButton,Drag,332,406
111.748,111.748,NoButton,Drag,403,405
111.766,111.766,NoButton,Drag,464,403
111.783,111.783,NoButton,Drag,517,401
111.798,111.798,NoButton,Drag,550,400
111.815,111.815,NoButton,Drag,565,400
111.876,111.876,NoButton,Drag,566,400
111.879,111.879,NoButton,Drag,566,400
111.883,111.883,NoButton,Drag,567,400
111.899,111.899,NoButton,Drag,574,398
111.915,111.915,NoButton,Drag,611,392
111.933,111.933,NoButton,Drag,657,386
111.949,111.949,NoButton,Drag,711,377
111.966,111.966,NoButton,Drag,769,367
111.98,111.98,NoButton,Drag,821,357
111.997,111.997,NoButton,Drag,865,348
112.014,112.014,NoButton,Drag,896,342
112.03,112.03,NoButton,Drag,919,336
112.032,112.032,Left,Pressed,919,336
112.033,112.033,NoButton,Drag,923,335
112.035,112.035,NoButton,Drag,927,334
112.039,112.039,NoButton,Drag,931,333
112.043,112.043,NoButton,Drag,934,332
112.047,112.047,NoButton,Drag,936,331
112.051,112.051,NoButton,Drag,938,331
112.055,112.055,NoButton,Drag,939,331
112.063,112.063,NoButton,Drag,940,330
112.108,112.108,Left,Released,940,330
112.117,112.117,NoButton,Drag,941,330
112.119,112.119,NoButton,Drag,940,330
112.132,112.132,NoButton,Drag,938,332
112.149,112.149,NoButton,Drag,925,337
112.166,112.166,NoButton,Drag,891,350
112.182,112.182,NoButton,Drag,831,369
112.199,112.199,NoButton,Drag,730,399
112.216,112.216,NoButton,Drag,629,427
112.233,112.233,NoButton,Drag,515,453
112.249,112.249,NoButton,Drag,408,476
112.265,112.265,NoButton,Drag,306,490
112.282,112.282,NoButton,Drag,259,494
112.298,112.298,NoButton,Drag,243,496
112.315,112.315,NoButton,Drag,236,497
112.332,112.332,NoButton,Drag,236,497
112.386,112.386,NoButton,Drag,235,497
112.446,112.446,NoButton,Drag,236,497
112.449,112.449,NoButton,Drag,236,497
112.465,112.465,NoButton,Drag,253,496
112.482,112.482,NoButton,Drag,300,496
112.497,112.497,NoButton,Drag,369,496
112.515,112.515,NoButton,Drag,439,494
112.53,112.53,NoButton,Drag,497,490
112.548,112.548,NoButton,Drag,537,487
112.565,112.565,NoButton,Drag,558,486
112.581,112.581,NoButton,Drag,563,486
112.646,112.646,NoButton,Drag,563,486
112.649,112.649,NoButton,Drag,564,486
112.665,112.665,NoButton,Drag,570,486
112.681,112.681,NoButton,Drag,595,485
112.698,112.698,NoButton,Drag,666,481
112.715,112.715,NoButton,Drag,738,473
112.731,112.731,NoButton,Drag,806,463
112.751,112.751,NoButton,Drag,873,452
112.768,112.768,NoButton,Drag,910,444
112.785,112.785,NoButton,Drag,921,442
112.801,112.801,NoButton,Drag,921,441
112.844,112.844,NoButton,Drag,921,442
112.847,112.847,NoButton,Drag,921,442
112.851,112.851,NoButton,Drag,920,443
112.868,112.868,NoButton,Drag,912,448
112.884,112.884,NoButton,Drag,893,458
112.901,112.901,NoButton,Drag,852,476
112.918,112.918,NoButton,Drag,784,505
112.934,112.934,NoButton,Drag,694,542
112.951,112.951,NoButton,Drag,574,581
112.968,112.968,NoButton,Drag,405,621
112.984,112.984,NoButton,Drag,299,644
113.001,113.001,NoButton,Drag,235,659
113.017,113.017,NoButton,Drag,211,665
113.034,113.034,NoButton,Drag,209,666
113.064,113.064,NoButton,Drag,208,666
113.075,113.075,NoButton,Drag,208,665
113.084,113.084,NoButton,Drag,208,665
113.101,113.101,NoButton,Drag,208,665
113.118,113.118,NoButton,Drag,208,664
113.134,113.134,NoButton,Drag,208,664
113.151,113.151,NoButton,Drag,209,663
113.167,113.167,NoButton,Drag,210,661
113.184,113.184,NoButton,Drag,218,658
113.201,113.201,NoButton,Drag,248,650
113.218,113.218,NoButton,Drag,302,639
113.233,113.233,NoButton,Drag,371,629
113.25,113.25,NoButton,Drag,451,615
113.268,113.268,NoButton,Drag,501,605
113.283,113.283,NoButton,Drag,530,601
113.3,113.3,NoButton,Drag,538,599
113.318,113.318,NoButton,Drag,539,598
113.362,113.362,NoButton,Drag,540,598
113.365,113.365,NoButton,Drag,540,598
113.369,113.369,NoButton,Drag,541,598
113.384,113.384,NoButton,Drag,544,598
113.401,113.401,NoButton,Drag,560,598
113.417,113.417,NoButton,Drag,601,593
113.434,113.434,NoButton,Drag,646,585
113.451,113.451,NoButton,Drag,695,576
113.467,113.467,NoButton,Drag,742,567
113.483,113.483,NoButton,Drag,777,558
113.5,113.5,NoButton,Drag,797,554
113.515,113.515,NoButton,Drag,805,550
113.533,113.533,NoButton,Drag,810,547
113.549,113.549,NoButton,Drag,817,543
113.566,113.566,NoButton,Drag,828,537
113.583,113.583,NoButton,Drag,848,531
113.599,113.599,NoButton,Drag,873,525
113.617,113.617,NoButton,Drag,899,517
113.633,113.633,NoButton,Drag,921,512
113.65,113.65,NoButton,Drag,931,509
113.677,113.677,NoButton,Drag,932,509
113.685,113.685,NoButton,Drag,931,509
113.699,113.699,NoButton,Drag,924,511
113.716,113.716,NoButton,Drag,893,520
113.733,113.733,NoButton,Drag,833,538
113.75,113.75,NoButton,Drag,715,570
113.767,113.767,NoButton,Drag,574,601
113.783,113.783,NoButton,Drag,412,631
113.8,113.8,NoButton,Drag,253,656
113.817,113.817,NoButton,Drag,59,672
113.833,113.833,NoButton,Drag,0,683
113.85,113.85,NoButton,Drag,0,688
113.867,113.867,NoButton,Drag,0,690
113.883,113.883,NoButton,Drag,0,689
113.9,113.9,NoButton,Drag,0,687
113.917,113.917,NoButton,Drag,6,680
113.934,113.934,NoButton,Drag,21,669
113.95,113.95,NoButton,Drag,54,651
113.967,113.967,NoButton,Drag,115,622
113.984,113.984,NoButton,Drag,214,574
114,114,NoButton,Drag,297,534
114.017,114.017,NoButton,Drag,378,494
114.033,114.033,NoButton,Drag,452,454
114.05,114.05,NoButton,Drag,502,422
114.066,114.066,NoButton,Drag,531,395
114.083,114.083,NoButton,Drag,549,371
114.1,114.1,NoButton,Drag,559,346
114.117,114.117,NoButton,Drag,561,327
114.133,114.133,NoButton,Drag,559,308
114.151,114.151,NoButton,Drag,554,286
114.167,114.167,NoButton,Drag,548,262
114.183,114.183,NoButton,Drag,538,232
114.201,114.201,NoButton,Drag,529,205
114.217,114.217,NoButton,Drag,517,173
114.233,114.233,NoButton,Drag,503,133
114.25,114.25,NoButton,Drag,489,92
114.267,114.267,NoButton,Drag,476,49
114.284,114.284,NoButton,Drag,463,4
114.3,114.3,NoButton,Drag,455,0
114.317,114.317,NoButton,Drag,451,0
114.333,114.333,NoButton,Drag,448,0
114.35,114.35,NoButton,Drag,447,0
114.367,114.367,NoButton,Drag,446,0
114.384,114.384,NoButton,Drag,439,9
114.401,114.401,NoButton,Drag,429,29
114.417,114.417,NoButton,Drag,415,77
114.434,114.434,NoButton,Drag,405,142
114.451,114.451,NoButton,Drag,399,238
114.468,114.468,NoButton,Drag,396,356
114.484,114.484,NoButton,Drag,396,489
114.501,114.501,NoButton,Drag,398,630
114.518,114.518,NoButton,Drag,416,788
114.534,114.534,NoButton,Drag,444,886
114.551,114.551,NoButton,Drag,474,899
114.567,114.567,NoButton,Drag,495,899
114.584,114.584,NoButton,Drag,510,899
114.601,114.601,NoButton,Drag,516,899
114.617,114.617,NoButton,Drag,516,899
114.634,114.634,NoButton,Drag,518,893
114.651,114.651,NoButton,Drag,519,875
114.668,114.668,NoButton,Drag,519,846
114.684,114.684,NoButton,Drag,520,809
114.701,114.701,NoButton,Drag,522,762
114.718,114.718,NoButton,Drag,530,697
114.734,114.734,NoButton,Drag,539,644
114.751,114.751,NoButton,Drag,554,587
114.768,114.768,NoButton,Drag,568,531
114.784,114.784,NoButton,Drag,581,481
114.801,114.801,NoButton,Drag,589,439
114.817,114.817,NoButton,Drag,591,396
114.834,114.834,NoButton,Drag,589,373
114.851,114.851,NoButton,Drag,584,360
114.867,114.867,NoButton,Drag,575,350
114.884,114.884,NoButton,Drag,559,346
114.901,114.901,NoButton,Drag,533,345
114.917,114.917,NoButton,Drag,475,356
114.934,114.934,NoButton,Drag,424,366
114.951,114.951,NoButton,Drag,379,374
114.967,114.967,NoButton,Drag,359,377
114.984,114.984,NoButton,Drag,358,377
115,115,NoButton,Drag,365,376
115.017,115.017,NoButton,Drag,406,367
115.034,115.034,NoButton,Drag,495,350
115.051,115.051,NoButton,Drag,602,328
115.067,115.067,NoButton,Drag,738,306
115.084,115.084,NoButton,Drag,834,290
115.101,115.101,NoButton,Drag,911,279
115.118,115.118,NoButton,Drag,962,274
115.135,115.135,NoButton,Drag,992,271
115.151,115.151,NoButton,Drag,1006,272
115.168,115.168,NoButton,Drag,1008,272
115.191,115.191,NoButton,Drag,1009,272
115.201,115.201,NoButton,Drag,1009,272
115.217,115.217,NoButton,Drag,1009,273
115.234,115.234,NoButton,Drag,1009,274
115.251,115.251,NoButton,Drag,1006,276
115.268,115.268,NoButton,Drag,997,284
115.284,115.284,NoButton,Drag,979,293
115.301,115.301,NoButton,Drag,940,307
115.318,115.318,NoButton,Drag,878,324
115.334,115.334,NoButton,Drag,804,342
115.351,115.351,NoButton,Drag,726,360
115.367,115.367,NoButton,Drag,633,380
115.384,115.384,NoButton,Drag,561,391
115.401,115.401,NoButton,Drag,501,397
115.418,115.418,NoButton,Drag,458,402
115.434,115.434,NoButton,Drag,431,402
115.451,115.451,NoButton,Drag,418,402
115.468,115.468,NoButton,Drag,415,401
115.526,115.526,NoButton,Drag,415,401
115.529,115.529,NoButton,Drag,414,401
115.534,115.534,NoButton,Drag,414,401
115.551,115.551,NoButton,Drag,412,401
115.568,115.568,NoButton,Drag,411,400
115.606,115.606,NoButton,Drag,411,400
115.609,115.609,NoButton,Drag,412,400
115.618,115.618,NoButton,Drag,414,401
115.634,115.634,NoButton,Drag,430,402
115.651,115.651,NoButton,Drag,470,403
115.667,115.667,NoButton,Drag,543,403
115.684,115.684,NoButton,Drag,649,403
115.701,115.701,NoButton,Drag,753,402
115.718,115.718,NoButton,Drag,856,398
115.734,115.734,NoButton,Drag,920,393
115.751,115.751,NoButton,Drag,960,387
115.768,115.768,NoButton,Drag,977,383
115.785,115.785,NoButton,Drag,978,383
115.822,115.822,NoButton,Drag,978,382
115.833,115.833,NoButton,Drag,978,382
115.837,115.837,NoButton,Drag,977,382
115.851,115.851,NoButton,Drag,977,382
115.868,115.868,NoButton,Drag,976,382
115.884,115.884,NoButton,Drag,973,383
115.901,115.901,NoButton,Drag,963,386
115.918,115.918,NoButton,Drag,942,391
115.935,115.935,NoButton,Drag,904,399
115.951,115.951,NoButton,Drag,845,406
115.968,115.968,NoButton,Drag,772,413
115.985,115.985,NoButton,Drag,694,418
116.002,116.002,NoButton,Drag,599,421
116.019,116.019,NoButton,Drag,522,422
116.035,116.035,NoButton,Drag,461,423
116.052,116.052,NoButton,Drag,416,423
116.069,116.069,NoButton,Drag,389,422
116.086,116.086,NoButton,Drag,376,422
116.102,116.102,NoButton,Drag,375,422
116.204,116.204,NoButton,Drag,375,422
116.219,116.219,NoButton,Drag,376,422
116.24,116.24,NoButton,Drag,404,422
116.256,116.256,NoButton,Drag,464,422
116.273,116.273,NoButton,Drag,569,421
116.289,116.289,NoButton,Drag,692,416
116.306,116.306,NoButton,Drag,794,413
116.323,116.323,NoButton,Drag,869,408
116.339,116.339,NoButton,Drag,922,403
116.356,116.356,NoButton,Drag,933,400
116.395,116.395,NoButton,Drag,933,400
116.399,116.399,NoButton,Drag,932,400
116.406,116.406,NoButton,Drag,932,400
116.423,116.423,NoButton,Drag,931,400
116.439,116.439,NoButton,Drag,930,400
116.456,116.456,NoButton,Drag,929,400
116.473,116.473,NoButton,Drag,927,400
116.491,116.491,NoButton,Drag,922,402
116.508,116.508,NoButton,Drag,904,408
116.524,116.524,NoButton,Drag,875,417
116.542,116.542,NoButton,Drag,828,430
116.557,116.557,NoButton,Drag,764,444
116.574,116.574,NoButton,Drag,691,463
116.591,116.591,NoButton,Drag,616,483
116.607,116.607,NoButton,Drag,533,505
116.624,116.624,NoButton,Drag,480,520
116.641,116.641,NoButton,Drag,436,534
116.658,116.658,NoButton,Drag,401,547
116.674,116.674,NoButton,Drag,382,556
116.691,116.691,NoButton,Drag,369,564
116.708,116.708,NoButton,Drag,359,570
116.725,116.725,NoButton,Drag,353,574
116.742,116.742,NoButton,Drag,351,575
116.758,116.758,NoButton,Drag,351,575
116.777,116.777,NoButton,Drag,351,575
116.791,116.791,NoButton,Drag,356,574
116.808,116.808,NoButton,Drag,381,571
116.825,116.825,NoButton,Drag,441,567
116.841,116.841,NoButton,Drag,576,560
116.858,116.858,NoButton,Drag,697,557
116.875,116.875,NoButton,Drag,796,550
116.892,116.892,NoButton,Drag,871,545
116.909,116.909,NoButton,Drag,915,542
116.924,116.924,NoButton,Drag,930,540
116.942,116.942,NoButton,Drag,931,540
116.958,116.958,NoButton,Drag,931,540
116.975,116.975,NoButton,Drag,931,540
116.993,116.993,NoButton,Drag,930,540
117.078,117.078,NoButton,Drag,930,540
117.081,117.081,NoButton,Drag,930,540
117.093,117.093,NoButton,Drag,929,540
117.108,117.108,NoButton,Drag,927,540
117.125,117.125,NoButton,Drag,919,542
117.142,117.142,NoButton,Drag,899,545
117.159,117.159,NoButton,Drag,871,548
117.176,117.176,NoButton,Drag,833,553
117.192,117.192,NoButton,Drag,780,557
117.21,117.21,NoButton,Drag,693,562
117.226,117.226,NoButton,Drag,617,565
117.243,117.243,NoButton,Drag,537,567
117.259,117.259,NoButton,Drag,459,567
117.276,117.276,NoButton,Drag,377,568
117.293,117.293,NoButton,Drag,330,569
117.309,117.309,NoButton,Drag,299,570
117.325,117.325,NoButton,Drag,282,572
117.343,117.343,NoButton,Drag,277,573
117.379,117.379,NoButton,Drag,276,574
117.391,117.391,NoButton,Drag,277,574
117.395,117.395,NoButton,Drag,277,574
117.41,117.41,NoButton,Drag,281,575
117.426,117.426,NoButton,Drag,302,580
117.442,117.442,NoButton,Drag,360,586
117.459,117.459,NoButton,Drag,474,588
117.476,117.476,NoButton,Drag,650,589
117.494,117.494,NoButton,Drag,773,589
117.511,117.511,NoButton,Drag,864,588
117.526,117.526,NoButton,Drag,917,583
117.543,117.543,NoButton,Drag,937,581
117.58,117.58,NoButton,Drag,938,581
117.588,117.588,NoButton,Drag,937,581
117.593,117.593,NoButton,Drag,937,581
117.61,117.61,NoButton,Drag,934,581
117.627,117.627,NoButton,Drag,932,581
117.644,117.644,NoButton,Drag,931,580
117.684,117.684,NoButton,Drag,931,580
117.687,117.687,NoButton,Drag,931,581
117.693,117.693,NoButton,Drag,931,581
117.71,117.71,NoButton,Drag,926,582
117.727,117.727,NoButton,Drag,913,585
117.747,117.747,NoButton,Drag,880,593
117.763,117.763,NoButton,Drag,836,600
117.779,117.779,NoButton,Drag,757,608
117.797,117.797,NoButton,Drag,682,611
117.813,117.813,NoButton,Drag,601,616
117.829,117.829,NoButton,Drag,492,622
117.846,117.846,NoButton,Drag,409,625
117.863,117.863,NoButton,Drag,344,631
117.88,117.88,NoButton,Drag,310,638
117.896,117.896,NoButton,Drag,298,640
117.914,117.914,NoButton,Drag,297,641
117.93,117.93,NoButton,Drag,298,641
117.947,117.947,NoButton,Drag,310,643
117.964,117.964,NoButton,Drag,359,644
117.98,117.98,NoButton,Drag,472,645
117.998,117.998,NoButton,Drag,661,644
118.016,118.016,NoButton,Drag,815,643
118.031,118.031,NoButton,Drag,961,637
118.048,118.048,NoButton,Drag,1080,628
118.065,118.065,NoButton,Drag,1154,620
118.082,118.082,NoButton,Drag,1195,611
118.099,118.099,NoButton,Drag,1201,610
118.134,118.134,NoButton,Drag,1201,610
118.141,118.141,NoButton,Drag,1201,610
118.149,118.149,NoButton,Drag,1200,610
118.165,118.165,NoButton,Drag,1195,611
118.182,118.182,NoButton,Drag,1185,613
118.199,118.199,NoButton,Drag,1173,616
118.216,118.216,NoButton,Drag,1154,622
118.232,118.232,NoButton,Drag,1124,629
118.252,118.252,NoButton,Drag,1063,647
118.269,118.269,NoButton,Drag,992,666
118.285,118.285,NoButton,Drag,890,693
118.302,118.302,NoButton,Drag,724,730
118.318,118.318,NoButton,Drag,580,761
118.336,118.336,NoButton,Drag,433,794
118.352,118.352,NoButton,Drag,315,815
118.368,118.368,NoButton,Drag,222,833
118.385,118.385,NoButton,Drag,184,841
118.402,118.402,NoButton,Drag,176,843
118.419,118.419,NoButton,Drag,177,844
118.435,118.435,NoButton,Drag,191,843
118.452,118.452,NoButton,Drag,285,838
118.469,118.469,NoButton,Drag,390,836
118.485,118.485,NoButton,Drag,592,829
118.502,118.502,NoButton,Drag,752,820
118.52,118.52,NoButton,Drag,899,811
118.537,118.537,NoButton,Drag,968,805
118.553,118.553,NoButton,Drag,1001,802
118.571,118.571,NoButton,Drag,1008,801
118.612,118.612,NoButton,Drag,1007,801
118.615,118.615,NoButton,Drag,1007,801
118.621,118.621,NoButton,Drag,1006,801
118.636,118.636,NoButton,Drag,1001,803
118.654,118.654,NoButton,Drag,992,807
118.67,118.67,NoButton,Drag,975,811
118.687,118.687,NoButton,Drag,944,819
118.704,118.704,NoButton,Drag,886,832
118.72,118.72,NoButton,Drag,823,843
118.737,118.737,NoButton,Drag,747,855
118.754,118.754,NoButton,Drag,676,863
118.771,118.771,NoButton,Drag,606,872
118.788,118.788,NoButton,Drag,570,878
118.805,118.805,NoButton,Drag,555,881
118.822,118.822,NoButton,Drag,554,882
118.838,118.838,NoButton,Drag,557,883
118.855,118.855,NoButton,Drag,584,883
118.872,118.872,NoButton,Drag,677,884
118.888,118.888,NoButton,Drag,787,884
118.906,118.906,NoButton,Drag,887,880
118.922,118.922,NoButton,Drag,965,873
118.938,118.938,NoButton,Drag,1028,865
118.956,118.956,NoButton,Drag,1050,861
118.972,118.972,NoButton,Drag,1052,860
118.99,118.99,NoButton,Drag,1053,859
119.005,119.005,NoButton,Drag,1051,859
119.022,119.022,NoButton,Drag,1045,858
119.039,119.039,NoButton,Drag,1035,856
119.056,119.056,NoButton,Drag,1023,853
119.073,119.073,NoButton,Drag,1016,853
119.089,119.089,NoButton,Drag,1014,853
119.154,119.154,NoButton,Drag,1014,853
119.157,119.157,NoButton,Drag,1014,853
119.173,119.173,NoButton,Drag,1013,853
119.19,119.19,NoButton,Drag,1010,851
119.205,119.205,NoButton,Drag,1004,849
119.223,119.223,NoButton,Drag,994,846
119.239,119.239,NoButton,Drag,979,841
119.252,119.252,NoButton,Drag,965,837
119.269,119.269,NoButton,Drag,939,828
119.286,119.286,NoButton,Drag,921,822
119.303,119.303,NoButton,Drag,903,817
119.32,119.32,NoButton,Drag,890,813
119.336,119.336,NoButton,Drag,880,811
119.352,119.352,NoButton,Drag,875,811
119.363,119.363,Scroll,Up,873,811
119.369,119.369,NoButton,Drag,873,811
119.381,119.381,Scroll,Up,873,811
119.401,119.401,Scroll,Up,873,811
119.418,119.418,NoButton,Drag,873,811
119.434,119.434,Scroll,Up,873,811
119.461,119.461,Scroll,Up,873,811
119.486,119.486,NoButton,Drag,873,811
119.489,119.489,NoButton,Drag,872,811
119.511,119.511,NoButton,Drag,872,811
119.539,119.539,NoButton,Drag,872,811
119.547,119.547,NoButton,Drag,872,811
119.555,119.555,NoButton,Drag,871,811
119.568,119.568,NoButton,Drag,871,810
119.584,119.584,NoButton,Drag,870,810
119.601,119.601,NoButton,Drag,870,809
119.624,119.624,NoButton,Drag,870,809
119.634,119.634,NoButton,Drag,870,809
119.651,119.651,NoButton,Drag,870,809
119.668,119.668,NoButton,Drag,870,808
119.684,119.684,NoButton,Drag,869,808
119.702,119.702,NoButton,Drag,869,807
119.718,119.718,NoButton,Drag,869,807
119.752,119.752,Scroll,Down,869,807
119.767,119.767,NoButton,Drag,869,806
119.771,119.771,Scroll,Down,869,806
119.794,119.794,Scroll,Down,869,806
119.808,119.808,Scroll,Down,869,806
119.835,119.835,NoButton,Drag,869,806
119.836,119.836,Scroll,Down,869,806
119.844,119.844,NoButton,Drag,869,806
119.86,119.86,NoButton,Drag,869,805
119.877,119.877,NoButton,Drag,870,805
119.893,119.893,NoButton,Drag,870,804
119.899,119.899,Scroll,Down,870,804
119.943,119.943,NoButton,Drag,870,804
119.947,119.947,NoButton,Drag,870,803
119.96,119.96,NoButton,Drag,869,803
119.976,119.976,NoButton,Drag,869,802
119.993,119.993,NoButton,Drag,869,801
120.01,120.01,NoButton,Drag,869,801
120.076,120.076,NoButton,Drag,869,801
120.083,120.083,NoButton,Drag,869,800
120.094,120.094,NoButton,Drag,869,800
120.253,120.253,NoButton,Drag,869,800
120.257,120.257,NoButton,Drag,869,800
120.278,120.278,NoButton,Drag,869,799
120.285,120.285,NoButton,Drag,869,799
120.294,120.294,NoButton,Drag,868,798
120.31,120.31,NoButton,Drag,865,795
120.327,120.327,NoButton,Drag,857,789
120.344,120.344,NoButton,Drag,848,780
120.361,120.361,NoButton,Drag,832,766
120.377,120.377,NoButton,Drag,812,745
120.394,120.394,NoButton,Drag,792,727
120.41,120.41,NoButton,Drag,769,705
120.427,120.427,NoButton,Drag,744,683
120.444,120.444,NoButton,Drag,718,661
120.461,120.461,NoButton,Drag,698,642
120.477,120.477,NoButton,Drag,683,627
120.494,120.494,NoButton,Drag,676,612
120.512,120.512,NoButton,Drag,679,599
120.528,120.528,NoButton,Drag,695,579
120.545,120.545,NoButton,Drag,725,552
120.561,120.561,NoButton,Drag,771,520
120.578,120.578,NoButton,Drag,830,484
120.594,120.594,NoButton,Drag,855,466
120.611,120.611,NoButton,Drag,863,456
120.628,120.628,NoButton,Drag,863,452
120.645,120.645,NoButton,Drag,854,442
120.662,120.662,NoButton,Drag,808,421
120.678,120.678,NoButton,Drag,746,402
120.695,120.695,NoButton,Drag,687,384
120.711,120.711,NoButton,Drag,631,363
120.728,120.728,NoButton,Drag,608,348
120.744,120.744,NoButton,Drag,602,341
120.763,120.763,NoButton,Drag,605,335
120.779,120.779,NoButton,Drag,627,317
120.796,120.796,NoButton,Drag,663,301
120.813,120.813,NoButton,Drag,704,286
120.829,120.829,NoButton,Drag,733,276
120.846,120.846,NoButton,Drag,747,271
120.863,120.863,NoButton,Drag,749,271
120.879,120.879,NoButton,Drag,748,270
120.897,120.897,NoButton,Drag,742,270
120.913,120.913,NoButton,Drag,723,269
120.929,120.929,NoButton,Drag,692,267
120.946,120.946,NoButton,Drag,666,265
120.963,120.963,NoButton,Drag,649,261
120.979,120.979,NoButton,Drag,639,259
120.997,120.997,NoButton,Drag,639,259
121.013,121.013,NoButton,Drag,640,258
121.03,121.03,NoButton,Drag,646,255
121.047,121.047,NoButton,Drag,668,250
121.064,121.064,NoButton,Drag,715,247
121.081,121.081,NoButton,Drag,750,247
121.097,121.097,NoButton,Drag,776,248
121.114,121.114,NoButton,Drag,791,252
121.13,121.13,NoButton,Drag,795,255
121.147,121.147,NoButton,Drag,794,258
121.164,121.164,NoButton,Drag,780,267
121.181,121.181,NoButton,Drag,747,275
121.198,121.198,NoButton,Drag,700,283
121.215,121.215,NoButton,Drag,643,295
121.23,121.23,NoButton,Drag,607,302
121.247,121.247,NoButton,Drag,583,308
121.264,121.264,NoButton,Drag,575,311
121.28,121.28,NoButton,Drag,576,313
121.298,121.298,NoButton,Drag,596,320
121.314,121.314,NoButton,Drag,653,332
121.33,121.33,NoButton,Drag,750,343
121.347,121.347,NoButton,Drag,849,350
121.364,121.364,NoButton,Drag,930,354
121.381,121.381,NoButton,Drag,990,359
121.397,121.397,NoButton,Drag,1018,362
121.414,121.414,NoButton,Drag,1019,362
121.431,121.431,NoButton,Drag,1015,362
121.447,121.447,NoButton,Drag,991,361
121.465,121.465,NoButton,Drag,934,357
121.48,121.48,NoButton,Drag,861,351
121.498,121.498,NoButton,Drag,781,347
121.514,121.514,NoButton,Drag,708,343
121.531,121.531,NoButton,Drag,633,339
121.547,121.547,NoButton,Drag,561,337
121.564,121.564,NoButton,Drag,510,336
121.581,121.581,NoButton,Drag,480,335
121.598,121.598,NoButton,Drag,463,335
121.615,121.615,NoButton,Drag,461,335
121.678,121.678,NoButton,Drag,460,335
121.685,121.685,NoButton,Drag,460,335
121.698,121.698,NoButton,Drag,460,335
121.737,121.737,NoButton,Drag,460,335
121.741,121.741,NoButton,Drag,460,335
121.748,121.748,NoButton,Drag,461,335
121.765,121.765,NoButton,Drag,470,334
121.781,121.781,NoButton,Drag,512,334
121.798,121.798,NoButton,Drag,577,336
121.814,121.814,NoButton,Drag,653,338
121.831,121.831,NoButton,Drag,736,339
121.848,121.848,NoButton,Drag,834,339
121.864,121.864,NoButton,Drag,894,339
121.881,121.881,NoButton,Drag,921,339
121.898,121.898,NoButton,Drag,926,338
121.919,121.919,NoButton,Drag,926,338
121.931,121.931,NoButton,Drag,926,338
121.948,121.948,NoButton,Drag,925,336
121.964,121.964,NoButton,Drag,923,335
121.981,121.981,NoButton,Drag,920,330
121.998,121.998,NoButton,Drag,917,322
122.014,122.014,NoButton,Drag,913,313
122.031,122.031,NoButton,Drag,906,301
122.048,122.048,NoButton,Drag,895,285
122.065,122.065,NoButton,Drag,883,271
122.082,122.082,NoButton,Drag,868,254
122.098,122.098,NoButton,Drag,848,236
122.115,122.115,NoButton,Drag,824,216
122.131,122.131,NoButton,Drag,798,196
122.148,122.148,NoButton,Drag,771,177
122.165,122.165,NoButton,Drag,754,163
122.182,122.182,NoButton,Drag,742,153
122.198,122.198,NoButton,Drag,734,145
122.215,122.215,NoButton,Drag,731,142
122.232,122.232,NoButton,Drag,730,142
122.263,122.263,NoButton,Drag,730,142
122.267,122.267,NoButton,Drag,730,142
122.281,122.281,NoButton,Drag,730,144
122.298,122.298,NoButton,Drag,729,148
122.315,122.315,NoButton,Drag,727,156
122.332,122.332,NoButton,Drag,726,169
122.349,122.349,NoButton,Drag,726,178
122.365,122.365,NoButton,Drag,726,183
122.382,122.382,NoButton,Drag,726,183
122.415,122.415,Scroll,Down,726,183
122.433,122.433,Scroll,Down,726,183
122.445,122.445,NoButton,Drag,726,184
122.453,122.453,Scroll,Down,726,184
122.469,122.469,NoButton,Drag,726,184
122.473,122.473,Scroll,Down,726,184
122.482,122.482,NoButton,Drag,726,183
122.501,122.501,NoButton,Drag,726,183
122.501,122.501,Scroll,Down,726,183
122.516,122.516,NoButton,Drag,726,183
122.533,122.533,NoButton,Drag,727,182
122.55,122.55,NoButton,Drag,727,181
122.567,122.567,NoButton,Drag,727,180
122.583,122.583,NoButton,Drag,728,179
122.6,122.6,NoButton,Drag,728,179
122.616,122.616,NoButton,Drag,728,178
122.634,122.634,NoButton,Drag,728,178
122.758,122.758,Scroll,Down,728,178
122.798,122.798,Scroll,Down,728,178
122.825,122.825,Scroll,Down,728,178
122.858,122.858,Scroll,Down,728,178
122.894,122.894,NoButton,Drag,728,178
122.901,122.901,NoButton,Drag,728,178
122.917,122.917,NoButton,Drag,728,176
122.934,122.934,NoButton,Drag,728,176
123.072,123.072,NoButton,Drag,728,176
123.096,123.096,NoButton,Drag,728,176
123.1,123.1,NoButton,Drag,728,177
123.105,123.105,Scroll,Up,728,178
123.116,123.116,Scroll,Up,728,179
123.117,123.117,NoButton,Drag,728,179
123.128,123.128,Scroll,Up,728,180
123.134,123.134,NoButton,Drag,728,180
123.144,123.144,Scroll,Up,728,181
123.151,123.151,NoButton,Drag,728,181
123.156,123.156,Scroll,Up,728,181
123.17,123.17,NoButton,Drag,728,181
123.171,123.171,Scroll,Up,728,181
123.209,123.209,Scroll,Up,728,181
123.272,123.272,NoButton,Drag,728,181
123.546,123.546,NoButton,Drag,728,182
123.549,123.549,NoButton,Drag,727,182
123.559,123.559,NoButton,Drag,727,182
123.576,123.576,NoButton,Drag,721,184
123.592,123.592,NoButton,Drag,709,186
123.609,123.609,NoButton,Drag,684,186
123.626,123.626,NoButton,Drag,657,186
123.642,123.642,NoButton,Drag,624,186
123.66,123.66,NoButton,Drag,592,186
123.676,123.676,NoButton,Drag,574,184
123.693,123.693,NoButton,Drag,568,182
123.709,123.709,NoButton,Drag,568,182
123.726,123.726,NoButton,Drag,571,179
123.743,123.743,NoButton,Drag,580,172
123.76,123.76,NoButton,Drag,600,163
123.776,123.776,NoButton,Drag,623,153
123.793,123.793,NoButton,Drag,639,145
123.81,123.81,NoButton,Drag,645,141
123.826,123.826,NoButton,Drag,645,141
123.843,123.843,NoButton,Drag,645,140
123.86,123.86,NoButton,Drag,644,139
123.876,123.876,NoButton,Drag,641,138
123.893,123.893,NoButton,Drag,630,134
123.909,123.909,NoButton,Drag,602,126
123.926,123.926,NoButton,Drag,561,113
123.943,123.943,NoButton,Drag,515,99
123.96,123.96,NoButton,Drag,467,84
123.977,123.977,NoButton,Drag,428,70
123.993,123.993,NoButton,Drag,402,58
124.01,124.01,NoButton,Drag,386,48
124.027,124.027,NoButton,Drag,386,47
124.044,124.044,NoButton,Drag,386,45
124.061,124.061,NoButton,Drag,392,42
124.078,124.078,NoButton,Drag,418,38
124.095,124.095,NoButton,Drag,465,36
124.111,124.111,NoButton,Drag,536,38
124.128,124.128,NoButton,Drag,600,41
124.144,124.144,NoButton,Drag,674,44
124.161,124.161,NoButton,Drag,748,47
124.178,124.178,NoButton,Drag,827,52
124.194,124.194,NoButton,Drag,930,55
124.211,124.211,NoButton,Drag,1033,58
124.229,124.229,NoButton,Drag,1130,61
124.244,124.244,NoButton,Drag,1175,61
124.261,124.261,NoButton,Drag,1198,61
124.281,124.281,NoButton,Drag,1205,62
124.298,124.298,NoButton,Drag,1206,62
124.315,124.315,NoButton,Drag,1205,63
124.331,124.331,NoButton,Drag,1200,65
124.347,124.347,NoButton,Drag,1181,69
124.364,124.364,NoButton,Drag,1150,74
124.381,124.381,NoButton,Drag,1107,79
124.398,124.398,NoButton,Drag,1056,80
124.414,124.414,NoButton,Drag,990,83
124.431,124.431,NoButton,Drag,915,83
124.447,124.447,NoButton,Drag,797,84
124.464,124.464,NoButton,Drag,693,84
124.48,124.48,NoButton,Drag,608,83
124.497,124.497,NoButton,Drag,543,81
124.515,124.515,NoButton,Drag,489,75
124.532,124.532,NoButton,Drag,461,73
124.548,124.548,NoButton,Drag,445,70
124.565,124.565,NoButton,Drag,437,70
124.582,124.582,NoButton,Drag,435,70
124.662,124.662,NoButton,Drag,435,70
124.669,124.669,NoButton,Drag,435,70
124.682,124.682,NoButton,Drag,438,70
124.699,124.699,NoButton,Drag,448,72
124.716,124.716,NoButton,Drag,472,76
124.733,124.733,NoButton,Drag,513,83
124.749,124.749,NoButton,Drag,595,95
124.766,124.766,NoButton,Drag,678,109
124.783,124.783,NoButton,Drag,769,120
124.8,124.8,NoButton,Drag,851,126
124.816,124.816,NoButton,Drag,926,130
124.833,124.833,NoButton,Drag,979,132
124.849,124.849,NoButton,Drag,1005,135
124.867,124.867,NoButton,Drag,1007,135
124.883,124.883,NoButton,Drag,1008,136
124.9,124.9,NoButton,Drag,1006,138
124.917,124.917,NoButton,Drag,1000,141
124.933,124.933,NoButton,Drag,987,145
124.95,124.95,NoButton,Drag,964,150
124.966,124.966,NoButton,Drag,939,155
124.983,124.983,NoButton,Drag,900,159
125,125,NoButton,Drag,848,160
125.016,125.016,NoButton,Drag,784,160
125.033,125.033,NoButton,Drag,711,160
125.05,125.05,NoButton,Drag,617,160
125.066,125.066,NoButton,Drag,552,158
125.083,125.083,NoButton,Drag,494,156
125.1,125.1,NoButton,Drag,448,155
125.116,125.116,NoButton,Drag,416,153
125.133,125.133,NoButton,Drag,400,151
125.15,125.15,NoButton,Drag,397,150
125.271,125.271,NoButton,Drag,397,149
125.275,125.275,NoButton,Drag,397,149
125.283,125.283,NoButton,Drag,398,149
125.3,125.3,NoButton,Drag,400,147
125.317,125.317,NoButton,Drag,406,144
125.333,125.333,NoButton,Drag,413,141
125.351,125.351,NoButton,Drag,419,140
125.366,125.366,NoButton,Drag,422,139
125.383,125.383,NoButton,Drag,423,139
125.433,125.433,Left,Pressed,423,139
125.434,125.434,NoButton,Drag,423,139
125.444,125.444,NoButton,Drag,423,139
125.451,125.451,NoButton,Drag,423,139
125.455,125.455,NoButton,Drag,424,139
125.459,125.459,NoButton,Drag,424,139
125.463,125.463,NoButton,Drag,424,139
125.467,125.467,NoButton,Drag,424,140
125.475,125.475,NoButton,Drag,424,140
125.483,125.483,NoButton,Drag,425,140
125.499,125.499,NoButton,Drag,425,140
125.604,125.604,Left,Released,425,140
125.675,125.675,NoButton,Drag,425,140
125.683,125.683,NoButton,Drag,425,141
125.687,125.687,NoButton,Drag,425,141
125.701,125.701,NoButton,Drag,425,141
125.718,125.718,NoButton,Drag,427,143
125.736,125.736,NoButton,Drag,430,145
125.751,125.751,NoButton,Drag,434,147
125.769,125.769,NoButton,Drag,439,150
125.785,125.785,NoButton,Drag,443,153
125.802,125.802,NoButton,Drag,449,155
125.818,125.818,NoButton,Drag,456,157
125.835,125.835,NoButton,Drag,466,157
125.853,125.853,NoButton,Drag,485,158
125.869,125.869,NoButton,Drag,505,158
125.885,125.885,NoButton,Drag,530,158
125.902,125.902,NoButton,Drag,547,158
125.919,125.919,NoButton,Drag,563,158
125.935,125.935,NoButton,Drag,575,157
125.952,125.952,NoButton,Drag,581,157
125.969,125.969,NoButton,Drag,582,157
126.082,126.082,NoButton,Drag,582,157
126.085,126.085,NoButton,Drag,581,157
126.089,126.089,NoButton,Drag,581,157
126.103,126.103,NoButton,Drag,579,157
126.121,126.121,NoButton,Drag,576,157
126.137,126.137,NoButton,Drag,574,157
126.154,126.154,NoButton,Drag,568,156
126.171,126.171,NoButton,Drag,560,155
126.187,126.187,NoButton,Drag,551,153
126.204,126.204,NoButton,Drag,545,151
126.221,126.221,NoButton,Drag,544,151
126.237,126.237,NoButton,Drag,544,151
126.273,126.273,NoButton,Drag,544,151
126.282,126.282,Left,Pressed,544,151
126.387,126.387,NoButton,Drag,544,150
126.42,126.42,Left,Released,544,150
126.423,126.423,NoButton,Drag,544,150
126.451,126.451,NoButton,Drag,544,150
126.456,126.456,NoButton,Drag,544,150
126.473,126.473,NoButton,Drag,544,149
126.489,126.489,NoButton,Drag,544,149
126.504,126.504,NoButton,Drag,544,149
126.521,126.521,NoButton,Drag,548,149
126.538,126.538,NoButton,Drag,560,149
126.555,126.555,NoButton,Drag,592,154
126.571,126.571,NoButton,Drag,651,160
126.588,126.588,NoButton,Drag,750,173
126.604,126.604,NoButton,Drag,856,181
126.621,126.621,NoButton,Drag,962,185
126.637,126.637,NoButton,Drag,1047,186
126.654,126.654,NoButton,Drag,1113,186
126.671,126.671,NoButton,Drag,1150,184
126.687,126.687,NoButton,Drag,1164,182
126.724,126.724,NoButton,Drag,1164,182
126.737,126.737,NoButton,Drag,1163,182
126.757,126.757,NoButton,Drag,1155,181
126.773,126.773,NoButton,Drag,1140,181
126.79,126.79,NoButton,Drag,1117,181
126.807,126.807,NoButton,Drag,1082,181
126.823,126.823,NoButton,Drag,1035,182
126.84,126.84,NoButton,Drag,966,183
126.857,126.857,NoButton,Drag,905,184
126.874,126.874,NoButton,Drag,839,185
126.89,126.89,NoButton,Drag,769,185
126.906,126.906,NoButton,Drag,703,186
126.923,126.923,NoButton,Drag,635,186
126.94,126.94,NoButton,Drag,597,185
126.956,126.956,NoButton,Drag,570,185
126.973,126.973,NoButton,Drag,546,184
126.991,126.991,NoButton,Drag,535,184
127.007,127.007,NoButton,Drag,529,184
127.025,127.025,NoButton,Drag,527,184
127.042,127.042,NoButton,Drag,527,184
127.069,127.069,NoButton,Drag,526,184
127.081,127.081,NoButton,Drag,526,184
127.092,127.092,NoButton,Drag,526,184
127.108,127.108,NoButton,Drag,526,184
127.125,127.125,NoButton,Drag,527,186
127.143,127.143,NoButton,Drag,531,188
127.159,127.159,NoButton,Drag,544,193
127.176,127.176,NoButton,Drag,568,198
127.192,127.192,NoButton,Drag,605,205
127.209,127.209,NoButton,Drag,657,210
127.226,127.226,NoButton,Drag,744,213
127.242,127.242,NoButton,Drag,819,215
127.26,127.26,NoButton,Drag,893,218
127.277,127.277,NoButton,Drag,955,219
127.293,127.293,NoButton,Drag,1005,220
127.31,127.31,NoButton,Drag,1026,221
127.326,127.326,NoButton,Drag,1034,221
127.344,127.344,NoButton,Drag,1035,221
127.377,127.377,NoButton,Drag,1035,221
127.385,127.385,NoButton,Drag,1035,221
127.393,127.393,NoButton,Drag,1033,221
127.41,127.41,NoButton,Drag,1026,223
127.427,127.427,NoButton,Drag,1014,225
127.444,127.444,NoButton,Drag,995,225
127.461,127.461,NoButton,Drag,964,225
127.477,127.477,NoButton,Drag,909,225
127.493,127.493,NoButton,Drag,812,226
127.511,127.511,NoButton,Drag,715,227
127.527,127.527,NoButton,Drag,594,228
127.544,127.544,NoButton,Drag,517,228
127.561,127.561,NoButton,Drag,456,227
127.577,127.577,NoButton,Drag,407,226
127.595,127.595,NoButton,Drag,378,226
127.611,127.611,NoButton,Drag,368,227
127.696,127.696,NoButton,Drag,368,227
127.715,127.715,NoButton,Drag,368,227
127.728,127.728,NoButton,Drag,371,227
127.744,127.744,NoButton,Drag,384,229
127.761,127.761,NoButton,Drag,415,232
127.779,127.779,NoButton,Drag,467,235
127.795,127.795,NoButton,Drag,557,237
127.812,127.812,NoButton,Drag,634,239
127.829,127.829,NoButton,Drag,712,239
127.845,127.845,NoButton,Drag,782,239
127.862,127.862,NoButton,Drag,830,239
127.879,127.879,NoButton,Drag,861,237
127.895,127.895,NoButton,Drag,875,235
127.912,127.912,NoButton,Drag,875,235
127.955,127.955,NoButton,Drag,875,235
127.959,127.959,NoButton,Drag,875,235
127.963,127.963,NoButton,Drag,874,235
127.979,127.979,NoButton,Drag,872,236
127.996,127.996,NoButton,Drag,868,237
128.013,128.013,NoButton,Drag,862,237
128.031,128.031,NoButton,Drag,850,237
128.047,128.047,NoButton,Drag,830,237
128.065,128.065,NoButton,Drag,785,237
128.081,128.081,NoButton,Drag,731,237
128.097,128.097,NoButton,Drag,659,236
128.114,128.114,NoButton,Drag,614,235
128.131,128.131,NoButton,Drag,588,233
128.147,128.147,NoButton,Drag,577,231
128.164,128.164,NoButton,Drag,577,231
128.181,128.181,NoButton,Drag,576,231
128.197,128.197,NoButton,Drag,580,230
128.214,128.214,NoButton,Drag,598,230
128.231,128.231,NoButton,Drag,630,230
128.248,128.248,NoButton,Drag,666,232
128.266,128.266,NoButton,Drag,712,234
128.282,128.282,NoButton,Drag,746,236
128.3,128.3,NoButton,Drag,774,236
128.316,128.316,NoButton,Drag,790,236
128.332,128.332,NoButton,Drag,797,236
128.361,128.361,NoButton,Drag,798,236
128.366,128.366,NoButton,Drag,798,236
128.385,128.385,NoButton,Drag,798,236
128.475,128.475,Left,Pressed,798,236
128.476,128.476,NoButton,Drag,798,235
128.62,128.62,Left,Released,798,235
128.676,128.676,NoButton,Drag,798,235
128.692,128.692,NoButton,Drag,798,235
128.696,128.696,NoButton,Drag,798,235
128.712,128.712,NoButton,Drag,795,236
128.729,128.729,NoButton,Drag,788,237
128.745,128.745,NoButton,Drag,775,241
128.761,128.761,NoButton,Drag,757,246
128.779,128.779,NoButton,Drag,729,254
128.795,128.795,NoButton,Drag,677,267
128.812,128.812,NoButton,Drag,630,278
128.829,128.829,NoButton,Drag,582,286
128.846,128.846,NoButton,Drag,535,293
128.862,128.862,NoButton,Drag,492,299
128.879,128.879,NoButton,Drag,460,302
128.896,128.896,NoButton,Drag,431,306
128.912,128.912,NoButton,Drag,417,307
128.928,128.928,NoButton,Drag,409,309
128.946,128.946,NoButton,Drag,408,309
128.983,128.983,NoButton,Drag,407,309
129.08,129.08,NoButton,Drag,407,310
129.083,129.083,NoButton,Drag,407,310
129.097,129.097,NoButton,Drag,407,311
129.114,129.114,NoButton,Drag,407,313
129.13,129.13,NoButton,Drag,406,317
129.147,129.147,NoButton,Drag,405,322
129.163,129.163,NoButton,Drag,404,331
129.18,129.18,NoButton,Drag,404,338
129.197,129.197,NoButton,Drag,403,345
129.213,129.213,NoButton,Drag,402,352
129.23,129.23,NoButton,Drag,402,357
129.247,129.247,NoButton,Drag,402,360
129.264,129.264,NoButton,Drag,402,363
129.281,129.281,NoButton,Drag,402,364
129.298,129.298,NoButton,Drag,402,364
129.331,129.331,Left,Pressed,402,364
129.342,129.342,NoButton,Drag,402,364
129.358,129.358,NoButton,Drag,402,365
129.37,129.37,NoButton,Drag,402,365
129.386,129.386,NoButton,Drag,402,365
129.486,129.486,Left,Released,402,365
129.502,129.502,NoButton,Drag,402,365
129.517,129.517,NoButton,Drag,402,365
129.525,129.525,NoButton,Drag,403,365
129.534,129.534,NoButton,Drag,404,365
129.551,129.551,NoButton,Drag,407,365
129.568,129.568,NoButton,Drag,414,368
129.585,129.585,NoButton,Drag,426,373
129.601,129.601,NoButton,Drag,447,382
129.618,129.618,NoButton,Drag,469,390
129.635,129.635,NoButton,Drag,493,399
129.651,129.651,NoButton,Drag,518,407
129.669,129.669,NoButton,Drag,544,415
129.685,129.685,NoButton,Drag,569,420
129.702,129.702,NoButton,Drag,593,423
129.718,129.718,NoButton,Drag,608,423
129.735,129.735,NoButton,Drag,616,422
129.752,129.752,NoButton,Drag,620,420
129.768,129.768,NoButton,Drag,620,420
129.795,129.795,NoButton,Drag,621,420
129.803,129.803,NoButton,Drag,621,420
129.818,129.818,NoButton,Drag,621,419
129.835,129.835,NoButton,Drag,621,419
129.851,129.851,NoButton,Drag,621,418
129.868,129.868,NoButton,Drag,620,417
129.885,129.885,NoButton,Drag,620,417
129.901,129.901,NoButton,Drag,620,416
129.919,129.919,NoButton,Drag,620,416
129.935,129.935,NoButton,Drag,620,415
129.952,129.952,NoButton,Drag,619,415
129.968,129.968,NoButton,Drag,619,415
129.985,129.985,NoButton,Drag,619,414
130.002,130.002,NoButton,Drag,619,414
130.02,130.02,NoButton,Drag,619,414
130.096,130.096,Scroll,Up,619,414
130.132,130.132,Scroll,Up,619,414
130.332,130.332,NoButton,Drag,619,414
130.335,130.335,NoButton,Drag,619,413
130.339,130.339,NoButton,Drag,619,413
130.354,130.354,NoButton,Drag,619,411
130.37,130.37,NoButton,Drag,619,411
130.388,130.388,NoButton,Drag,618,410
130.403,130.403,NoButton,Drag,618,410
130.42,130.42,NoButton,Drag,618,410
130.437,130.437,NoButton,Drag,618,409
130.526,130.526,NoButton,Drag,618,409
130.566,130.566,Scroll,Down,618,409
130.59,130.59,Scroll,Down,618,409
130.642,130.642,Scroll,Down,618,409
130.743,130.743,NoButton,Drag,618,409
130.781,130.781,NoButton,Drag,618,409
130.785,130.785,NoButton,Drag,618,409
130.793,130.793,NoButton,Drag,618,408
130.809,130.809,NoButton,Drag,618,407
130.827,130.827,NoButton,Drag,618,407
130.977,130.977,NoButton,Drag,618,407
130.995,130.995,NoButton,Drag,618,406
131.01,131.01,NoButton,Drag,620,404
131.027,131.027,NoButton,Drag,627,400
131.044,131.044,NoButton,Drag,650,391
131.061,131.061,NoButton,Drag,690,378
131.078,131.078,NoButton,Drag,736,364
131.095,131.095,NoButton,Drag,784,351
131.11,131.11,NoButton,Drag,832,339
131.128,131.128,NoButton,Drag,887,327
131.144,131.144,NoButton,Drag,926,319
131.16,131.16,NoButton,Drag,954,313
131.177,131.177,NoButton,Drag,971,309
131.195,131.195,NoButton,Drag,977,307
131.235,131.235,NoButton,Drag,977,307
131.251,131.251,NoButton,Drag,977,307
131.263,131.263,NoButton,Drag,976,308
131.28,131.28,NoButton,Drag,976,308
131.416,131.416,NoButton,Drag,976,308
131.419,131.419,NoButton,Drag,976,307
131.429,131.429,NoButton,Drag,976,307
131.446,131.446,NoButton,Drag,976,306
131.463,131.463,NoButton,Drag,976,304
131.48,131.48,NoButton,Drag,976,304
131.502,131.502,Left,Pressed,976,304
131.515,131.515,NoButton,Drag,976,304
131.618,131.618,Left,Released,976,304
131.645,131.645,NoButton,Drag,975,304
131.649,131.649,NoButton,Drag,975,304
131.665,131.665,NoButton,Drag,974,304
131.681,131.681,NoButton,Drag,970,306
131.698,131.698,NoButton,Drag,960,310
131.715,131.715,NoButton,Drag,946,313
131.731,131.731,NoButton,Drag,926,319
131.748,131.748,NoButton,Drag,901,326
131.767,131.767,NoButton,Drag,856,338
131.785,131.785,NoButton,Drag,812,349
131.801,131.801,NoButton,Drag,762,356
131.817,131.817,NoButton,Drag,709,360
131.834,131.834,NoButton,Drag,635,361
131.851,131.851,NoButton,Drag,576,362
131.867,131.867,NoButton,Drag,531,363
131.884,131.884,NoButton,Drag,503,363
131.901,131.901,NoButton,Drag,489,363
131.917,131.917,NoButton,Drag,485,362
131.997,131.997,NoButton,Drag,485,362
132.001,132.001,NoButton,Drag,485,362
132.021,132.021,NoButton,Drag,484,361
132.037,132.037,NoButton,Drag,482,361
132.053,132.053,NoButton,Drag,477,360
132.07,132.07,NoButton,Drag,466,358
132.087,132.087,NoButton,Drag,450,357
132.103,132.103,NoButton,Drag,433,354
132.12,132.12,NoButton,Drag,424,351
132.137,132.137,NoButton,Drag,420,350
132.154,132.154,NoButton,Drag,419,350
132.196,132.196,NoButton,Drag,420,350
132.199,132.199,NoButton,Drag,420,350
132.204,132.204,NoButton,Drag,420,350
132.22,132.22,NoButton,Drag,422,350
132.238,132.238,NoButton,Drag,427,350
132.254,132.254,NoButton,Drag,437,350
132.271,132.271,NoButton,Drag,461,352
132.288,132.288,NoButton,Drag,513,357
132.305,132.305,NoButton,Drag,567,359
132.321,132.321,NoButton,Drag,629,361
132.338,132.338,NoButton,Drag,703,362
132.355,132.355,NoButton,Drag,786,362
132.372,132.372,NoButton,Drag,881,362
132.389,132.389,NoButton,Drag,934,362
132.405,132.405,NoButton,Drag,966,361
132.422,132.422,NoButton,Drag,985,359
132.439,132.439,NoButton,Drag,994,358
132.456,132.456,NoButton,Drag,998,358
132.508,132.508,NoButton,Drag,998,358
132.515,132.515,NoButton,Drag,998,358
132.524,132.524,NoButton,Drag,996,358
132.54,132.54,NoButton,Drag,989,360
132.558,132.558,NoButton,Drag,970,362
132.574,132.574,NoButton,Drag,931,362
132.59,132.59,NoButton,Drag,869,362
132.607,132.607,NoButton,Drag,744,363
132.624,132.624,NoButton,Drag,603,363
132.641,132.641,NoButton,Drag,459,364
132.658,132.658,NoButton,Drag,356,364
132.674,132.674,NoButton,Drag,274,364
132.691,132.691,NoButton,Drag,238,364
132.708,132.708,NoButton,Drag,229,364
132.753,132.753,NoButton,Drag,229,364
132.758,132.758,NoButton,Drag,228,364
132.77,132.77,NoButton,Drag,228,364
132.787,132.787,NoButton,Drag,230,365
132.804,132.804,NoButton,Drag,235,367
132.821,132.821,NoButton,Drag,251,371
132.837,132.837,NoButton,Drag,301,383
132.854,132.854,NoButton,Drag,357,392
132.871,132.871,NoButton,Drag,422,397
132.888,132.888,NoButton,Drag,495,399
132.904,132.904,NoButton,Drag,570,400
132.921,132.921,NoButton,Drag,637,400
132.938,132.938,NoButton,Drag,701,397
132.954,132.954,NoButton,Drag,738,397
132.972,132.972,NoButton,Drag,762,397
132.988,132.988,NoButton,Drag,773,397
133.005,133.005,NoButton,Drag,775,396
133.061,133.061,NoButton,Drag,775,396
133.07,133.07,NoButton,Drag,775,397
133.073,133.073,NoButton,Drag,774,397
133.087,133.087,NoButton,Drag,773,398
133.104,133.104,NoButton,Drag,767,400
133.121,133.121,NoButton,Drag,751,404
133.137,133.137,NoButton,Drag,712,413
133.154,133.154,NoButton,Drag,657,420
133.171,133.171,NoButton,Drag,587,426
133.188,133.188,NoButton,Drag,509,430
133.204,133.204,NoButton,Drag,435,432
133.221,133.221,NoButton,Drag,380,435
133.237,133.237,NoButton,Drag,344,441
133.254,133.254,NoButton,Drag,333,444
133.272,133.272,NoButton,Drag,330,445
133.311,133.311,NoButton,Drag,330,445
133.364,133.364,NoButton,Drag,330,445
133.375,133.375,NoButton,Drag,330,445
133.388,133.388,NoButton,Drag,333,445
133.405,133.405,NoButton,Drag,342,446
133.422,133.422,NoButton,Drag,367,448
133.439,133.439,NoButton,Drag,411,450
133.455,133.455,NoButton,Drag,464,451
133.472,133.472,NoButton,Drag,540,451
133.489,133.489,NoButton,Drag,607,449
133.505,133.505,NoButton,Drag,667,448
133.522,133.522,NoButton,Drag,713,448
133.539,133.539,NoButton,Drag,748,447
133.555,133.555,NoButton,Drag,772,447
133.572,133.572,NoButton,Drag,792,447
133.589,133.589,NoButton,Drag,802,447
133.606,133.606,NoButton,Drag,812,447
133.622,133.622,NoButton,Drag,824,447
133.64,133.64,NoButton,Drag,842,447
133.656,133.656,NoButton,Drag,857,447
133.672,133.672,NoButton,Drag,872,447
133.689,133.689,NoButton,Drag,885,447
133.706,133.706,NoButton,Drag,894,446
133.722,133.722,NoButton,Drag,897,445
133.747,133.747,NoButton,Drag,897,445
133.767,133.767,NoButton,Drag,897,445
133.827,133.827,NoButton,Drag,897,445
133.833,133.833,NoButton,Drag,897,444
133.839,133.839,NoButton,Drag,897,444
133.856,133.856,NoButton,Drag,897,443
133.873,133.873,NoButton,Drag,897,443
133.89,133.89,NoButton,Drag,896,442
133.906,133.906,NoButton,Drag,896,440
133.923,133.923,NoButton,Drag,895,438
133.94,133.94,NoButton,Drag,895,435
133.956,133.956,NoButton,Drag,895,434
133.973,133.973,NoButton,Drag,895,432
133.99,133.99,Left,Pressed,895,432
134.13,134.13,Left,Released,895,432
134.138,134.138,NoButton,Drag,894,433
134.141,134.141,NoButton,Drag,894,433
134.158,134.158,NoButton,Drag,892,435
134.175,134.175,NoButton,Drag,887,437
134.192,134.192,NoButton,Drag,881,441
134.209,134.209,NoButton,Drag,873,446
134.226,134.226,NoButton,Drag,861,453
134.243,134.243,NoButton,Drag,846,459
134.26,134.26,NoButton,Drag,823,466
134.279,134.279,NoButton,Drag,782,475
134.296,134.296,NoButton,Drag,746,477
134.312,134.312,NoButton,Drag,710,478
134.329,134.329,NoButton,Drag,669,476
134.345,134.345,NoButton,Drag,601,469
134.363,134.363,NoButton,Drag,534,465
134.379,134.379,NoButton,Drag,471,459
134.396,134.396,NoButton,Drag,407,456
134.413,134.413,NoButton,Drag,367,455
134.429,134.429,NoButton,Drag,331,455
134.446,134.446,NoButton,Drag,299,455
134.462,134.462,NoButton,Drag,281,455
134.479,134.479,NoButton,Drag,272,455
134.497,134.497,NoButton,Drag,271,455
134.531,134.531,NoButton,Drag,272,455
134.535,134.535,NoButton,Drag,272,454
134.544,134.544,NoButton,Drag,275,454
134.561,134.561,NoButton,Drag,282,453
134.576,134.576,NoButton,Drag,292,452
134.577,134.577,Left,Pressed,292,452
134.578,134.578,NoButton,Drag,297,452
134.579,134.579,NoButton,Drag,302,452
134.583,134.583,NoButton,Drag,307,452
134.587,134.587,NoButton,Drag,314,452
134.591,134.591,NoButton,Drag,321,452
134.595,134.595,NoButton,Drag,329,452
134.599,134.599,NoButton,Drag,339,451
134.603,134.603,NoButton,Drag,349,451
134.607,134.607,NoButton,Drag,360,451
134.611,134.611,NoButton,Drag,373,451
134.615,134.615,NoButton,Drag,388,451
134.619,134.619,NoButton,Drag,401,452
134.623,134.623,NoButton,Drag,417,453
134.627,134.627,NoButton,Drag,433,453
134.631,134.631,NoButton,Drag,449,454
134.635,134.635,NoButton,Drag,466,455
134.639,134.639,NoButton,Drag,482,455
134.643,134.643,NoButton,Drag,498,456
134.647,134.647,NoButton,Drag,514,456
134.651,134.651,NoButton,Drag,531,456
134.655,134.655,NoButton,Drag,545,456
134.659,134.659,NoButton,Drag,560,457
134.663,134.663,NoButton,Drag,573,457
134.667,134.667,NoButton,Drag,586,458
134.671,134.671,NoButton,Drag,598,459
134.675,134.675,NoButton,Drag,608,459
134.679,134.679,NoButton,Drag,618,459
134.683,134.683,NoButton,Drag,628,459
134.687,134.687,NoButton,Drag,638,459
134.691,134.691,NoButton,Drag,647,459
134.695,134.695,NoButton,Drag,655,460
134.699,134.699,NoButton,Drag,662,460
134.703,134.703,NoButton,Drag,668,460
134.707,134.707,NoButton,Drag,674,460
134.711,134.711,NoButton,Drag,680,460
134.715,134.715,NoButton,Drag,686,460
134.719,134.719,NoButton,Drag,691,460
134.723,134.723,NoButton,Drag,696,460
134.727,134.727,NoButton,Drag,701,459
134.731,134.731,NoButton,Drag,706,459
134.735,134.735,NoButton,Drag,709,459
134.74,134.74,Left,Released,709,459
134.74,134.74,NoButton,Drag,713,458
134.743,134.743,NoButton,Drag,717,457
134.76,134.76,NoButton,Drag,729,455
134.776,134.776,NoButton,Drag,739,454
134.794,134.794,NoButton,Drag,749,452
134.811,134.811,NoButton,Drag,758,452
134.827,134.827,NoButton,Drag,766,451
134.843,134.843,NoButton,Drag,776,451
134.86,134.86,NoButton,Drag,782,451
134.877,134.877,NoButton,Drag,789,451
134.894,134.894,NoButton,Drag,796,451
134.911,134.911,NoButton,Drag,803,451
134.927,134.927,NoButton,Drag,806,451
134.944,134.944,NoButton,Drag,807,451
135.017,135.017,NoButton,Drag,807,451
135.021,135.021,NoButton,Drag,807,451
135.027,135.027,NoButton,Drag,807,451
135.043,135.043,NoButton,Drag,806,452
135.06,135.06,NoButton,Drag,806,452
135.076,135.076,NoButton,Drag,806,452
135.093,135.093,NoButton,Drag,806,453
135.111,135.111,NoButton,Drag,806,454
135.122,135.122,NoButton,Drag,806,454
135.127,135.127,Left,Pressed,806,454
135.128,135.128,NoButton,Drag,806,455
135.129,135.129,NoButton,Drag,806,455
135.133,135.133,NoButton,Drag,806,456
135.141,135.141,NoButton,Drag,806,456
135.149,135.149,NoButton,Drag,806,456
135.25,135.25,Left,Released,806,456
135.261,135.261,NoButton,Drag,806,456
135.277,135.277,NoButton,Drag,804,456
135.294,135.294,NoButton,Drag,794,456
135.312,135.312,NoButton,Drag,772,457
135.329,135.329,NoButton,Drag,734,459
135.345,135.345,NoButton,Drag,680,464
135.361,135.361,NoButton,Drag,589,466
135.378,135.378,NoButton,Drag,513,466
135.395,135.395,NoButton,Drag,435,466
135.412,135.412,NoButton,Drag,359,468
135.428,135.428,NoButton,Drag,306,471
135.445,135.445,NoButton,Drag,279,474
135.462,135.462,NoButton,Drag,271,476
135.479,135.479,NoButton,Drag,271,476
135.505,135.505,NoButton,Drag,271,476
135.522,135.522,NoButton,Drag,271,476
135.529,135.529,NoButton,Drag,271,476
135.547,135.547,NoButton,Drag,274,475
135.564,135.564,NoButton,Drag,278,474
135.58,135.58,NoButton,Drag,286,473
135.597,135.597,NoButton,Drag,302,472
135.613,135.613,NoButton,Drag,327,472
135.63,135.63,NoButton,Drag,360,472
135.647,135.647,NoButton,Drag,397,474
135.663,135.663,NoButton,Drag,445,478
135.681,135.681,NoButton,Drag,483,480
135.698,135.698,NoButton,Drag,518,483
135.714,135.714,NoButton,Drag,546,483
135.731,135.731,NoButton,Drag,566,483
135.748,135.748,NoButton,Drag,581,482
135.764,135.764,NoButton,Drag,588,482
135.781,135.781,NoButton,Drag,594,481
135.798,135.798,NoButton,Drag,599,481
135.815,135.815,NoButton,Drag,605,481
135.831,135.831,NoButton,Drag,613,481
135.848,135.848,NoButton,Drag,617,481
135.865,135.865,NoButton,Drag,619,481
135.882,135.882,NoButton,Drag,620,481
135.899,135.899,NoButton,Drag,620,481
135.915,135.915,NoButton,Drag,620,483
135.932,135.932,NoButton,Drag,618,489
135.948,135.948,NoButton,Drag,613,495
135.965,135.965,NoButton,Drag,602,503
135.982,135.982,NoButton,Drag,588,513
135.999,135.999,NoButton,Drag,566,522
136.015,136.015,NoButton,Drag,535,534
136.032,136.032,NoButton,Drag,495,546
136.049,136.049,NoButton,Drag,464,556
136.066,136.066,NoButton,Drag,438,563
136.083,136.083,NoButton,Drag,419,567
136.099,136.099,NoButton,Drag,408,570
136.117,136.117,NoButton,Drag,405,570
136.193,136.193,NoButton,Drag,405,570
136.197,136.197,NoButton,Drag,406,570
136.201,136.201,NoButton,Drag,406,570
136.216,136.216,NoButton,Drag,409,570
136.233,136.233,NoButton,Drag,419,571
136.25,136.25,NoButton,Drag,445,571
136.267,136.267,NoButton,Drag,480,571
136.284,136.284,NoButton,Drag,528,571
136.3,136.3,NoButton,Drag,588,571
136.317,136.317,NoButton,Drag,660,571
136.333,136.333,NoButton,Drag,731,567
136.35,136.35,NoButton,Drag,800,561
136.366,136.366,NoButton,Drag,840,556
136.384,136.384,NoButton,Drag,862,554
136.401,136.401,NoButton,Drag,871,554
136.417,136.417,NoButton,Drag,872,554
136.459,136.459,NoButton,Drag,872,554
136.477,136.477,NoButton,Drag,872,554
136.483,136.483,NoButton,Drag,872,554
136.501,136.501,NoButton,Drag,871,555
136.517,136.517,NoButton,Drag,864,558
136.533,136.533,NoButton,Drag,845,563
136.55,136.55,NoButton,Drag,816,570
136.567,136.567,NoButton,Drag,773,577
136.583,136.583,NoButton,Drag,722,584
136.6,136.6,NoButton,Drag,658,589
136.617,136.617,NoButton,Drag,588,591
136.634,136.634,NoButton,Drag,497,594
136.651,136.651,NoButton,Drag,434,597
136.668,136.668,NoButton,Drag,386,602
136.684,136.684,NoButton,Drag,354,606
136.701,136.701,NoButton,Drag,341,610
136.717,136.717,NoButton,Drag,338,612
136.747,136.747,NoButton,Drag,337,612
136.759,136.759,NoButton,Drag,338,612
136.767,136.767,NoButton,Drag,339,613
136.783,136.783,NoButton,Drag,342,613
136.799,136.799,NoButton,Drag,356,616
136.817,136.817,NoButton,Drag,381,618
136.833,136.833,NoButton,Drag,428,620
136.85,136.85,NoButton,Drag,489,621
136.867,136.867,NoButton,Drag,559,621
136.883,136.883,NoButton,Drag,635,621
136.9,136.9,NoButton,Drag,730,621
136.917,136.917,NoButton,Drag,803,618
136.933,136.933,NoButton,Drag,864,613
136.949,136.949,NoButton,Drag,907,607
136.967,136.967,NoButton,Drag,933,603
136.983,136.983,NoButton,Drag,946,600
137.001,137.001,NoButton,Drag,946,600
137.035,137.035,NoButton,Drag,947,599
137.055,137.055,NoButton,Drag,946,599
137.065,137.065,NoButton,Drag,945,599
137.082,137.082,NoButton,Drag,938,600
137.099,137.099,NoButton,Drag,925,601
137.115,137.115,NoButton,Drag,890,604
137.132,137.132,NoButton,Drag,839,609
137.149,137.149,NoButton,Drag,768,617
137.166,137.166,NoButton,Drag,670,628
137.182,137.182,NoButton,Drag,547,638
137.199,137.199,NoButton,Drag,431,649
137.216,137.216,NoButton,Drag,324,665
137.232,137.232,NoButton,Drag,260,673
137.249,137.249,NoButton,Drag,226,678
137.265,137.265,NoButton,Drag,212,680
137.306,137.306,NoButton,Drag,212,680
137.313,137.313,NoButton,Drag,212,680
137.317,137.317,NoButton,Drag,212,680
137.332,137.332,NoButton,Drag,215,680
137.349,137.349,NoButton,Drag,222,678
137.365,137.365,NoButton,Drag,238,677
137.383,137.383,NoButton,Drag,260,677
137.399,137.399,NoButton,Drag,292,677
137.416,137.416,NoButton,Drag,335,677
137.432,137.432,NoButton,Drag,391,678
137.449,137.449,NoButton,Drag,456,679
137.466,137.466,NoButton,Drag,549,679
137.482,137.482,NoButton,Drag,624,677
137.5,137.5,NoButton,Drag,690,673
137.516,137.516,NoButton,Drag,741,665
137.532,137.532,NoButton,Drag,782,659
137.549,137.549,NoButton,Drag,813,654
137.565,137.565,NoButton,Drag,838,651
137.582,137.582,NoButton,Drag,849,649
137.599,137.599,NoButton,Drag,855,647
137.616,137.616,NoButton,Drag,858,646
137.633,137.633,NoButton,Drag,859,646
137.649,137.649,NoButton,Drag,861,646
137.666,137.666,NoButton,Drag,862,646
137.715,137.715,NoButton,Drag,862,646
137.721,137.721,NoButton,Drag,862,646
137.733,137.733,NoButton,Drag,861,647
137.749,137.749,NoButton,Drag,849,651
137.766,137.766,NoButton,Drag,824,656
137.783,137.783,NoButton,Drag,777,662
137.799,137.799,NoButton,Drag,709,672
137.816,137.816,NoButton,Drag,619,681
137.833,137.833,NoButton,Drag,519,686
137.85,137.85,NoButton,Drag,412,691
137.866,137.866,NoButton,Drag,344,695
137.884,137.884,NoButton,Drag,295,700
137.9,137.9,NoButton,Drag,280,701
137.916,137.916,NoButton,Drag,277,702
137.935,137.935,NoButton,Drag,277,702
137.949,137.949,NoButton,Drag,278,703
137.966,137.966,NoButton,Drag,282,703
137.983,137.983,NoButton,Drag,288,704
138,138,NoButton,Drag,303,705
138.016,138.016,NoButton,Drag,322,705
138.033,138.033,NoButton,Drag,352,707
138.05,138.05,NoButton,Drag,388,707
138.066,138.066,NoButton,Drag,429,707
138.083,138.083,NoButton,Drag,483,707
138.1,138.1,NoButton,Drag,520,706
138.116,138.116,NoButton,Drag,554,705
138.134,138.134,NoButton,Drag,581,705
138.15,138.15,NoButton,Drag,603,705
138.166,138.166,NoButton,Drag,622,705
138.183,138.183,NoButton,Drag,639,707
138.2,138.2,NoButton,Drag,652,708
138.217,138.217,NoButton,Drag,662,708
138.234,138.234,NoButton,Drag,671,708
138.251,138.251,NoButton,Drag,678,708
138.267,138.267,NoButton,Drag,684,708
138.283,138.283,NoButton,Drag,687,709
138.302,138.302,NoButton,Drag,691,709
138.319,138.319,NoButton,Drag,695,708
138.335,138.335,NoButton,Drag,697,707
138.351,138.351,NoButton,Drag,700,707
138.368,138.368,NoButton,Drag,702,705
138.385,138.385,NoButton,Drag,706,704
138.402,138.402,NoButton,Drag,716,702
138.419,138.419,NoButton,Drag,727,699
138.435,138.435,NoButton,Drag,742,696
138.451,138.451,NoButton,Drag,757,692
138.469,138.469,NoButton,Drag,770,689
138.486,138.486,NoButton,Drag,777,687
138.503,138.503,NoButton,Drag,778,686
138.521,138.521,NoButton,Drag,778,686
138.536,138.536,NoButton,Drag,778,686
138.553,138.553,NoButton,Drag,778,686
138.726,138.726,NoButton,Drag,778,685
138.729,138.729,NoButton,Drag,778,685
138.736,138.736,NoButton,Drag,778,685
138.754,138.754,NoButton,Drag,778,684
138.771,138.771,NoButton,Drag,778,683
138.788,138.788,NoButton,Drag,778,682
138.804,138.804,NoButton,Drag,778,681
138.821,138.821,NoButton,Drag,779,680
138.837,138.837,NoButton,Drag,779,680
138.886,138.886,Left,Pressed,779,680
138.905,138.905,NoButton,Drag,780,680
138.983,138.983,Left,Released,780,680
138.987,138.987,NoButton,Drag,780,680
138.995,138.995,NoButton,Drag,779,679
139.005,139.005,NoButton,Drag,779,679
139.021,139.021,NoButton,Drag,778,679
139.037,139.037,NoButton,Drag,776,678
139.05,139.05,NoButton,Drag,776,677
139.068,139.068,NoButton,Drag,775,677
139.084,139.084,NoButton,Drag,774,676
139.101,139.101,NoButton,Drag,774,676
139.118,139.118,NoButton,Drag,773,676
139.336,139.336,Scroll,Up,773,676
139.359,139.359,Scroll,Up,773,676
139.407,139.407,Scroll,Up,773,676
139.508,139.508,NoButton,Drag,773,676
139.562,139.562,NoButton,Drag,773,676
139.565,139.565,NoButton,Drag,773,676
139.58,139.58,NoButton,Drag,773,675
139.597,139.597,NoButton,Drag,772,675
139.613,139.613,NoButton,Drag,771,674
139.631,139.631,NoButton,Drag,766,673
139.647,139.647,NoButton,Drag,755,670
139.664,139.664,NoButton,Drag,741,667
139.68,139.68,NoButton,Drag,724,664
139.697,139.697,NoButton,Drag,707,659
139.714,139.714,NoButton,Drag,680,652
139.73,139.73,NoButton,Drag,656,646
139.747,139.747,NoButton,Drag,631,639
139.764,139.764,NoButton,Drag,606,633
139.78,139.78,NoButton,Drag,581,628
139.797,139.797,NoButton,Drag,558,622
139.814,139.814,NoButton,Drag,545,618
139.831,139.831,NoButton,Drag,538,617
139.848,139.848,NoButton,Drag,537,616
139.864,139.864,NoButton,Drag,536,616
139.885,139.885,NoButton,Drag,536,616
139.898,139.898,NoButton,Drag,535,617
139.914,139.914,NoButton,Drag,534,619
139.931,139.931,NoButton,Drag,532,623
139.948,139.948,NoButton,Drag,530,627
139.965,139.965,NoButton,Drag,529,630
139.982,139.982,NoButton,Drag,529,633
139.998,139.998,NoButton,Drag,529,634
140.014,140.014,NoButton,Drag,529,634
140.032,140.032,NoButton,Drag,529,635
140.05,140.05,NoButton,Drag,529,636
140.067,140.067,NoButton,Drag,529,636
140.136,140.136,Scroll,Down,529,636
140.172,140.172,Scroll,Down,529,636
140.216,140.216,Scroll,Down,529,636
140.26,140.26,Scroll,Down,529,636
140.36,140.36,NoButton,Drag,529,635
140.375,140.375,NoButton,Drag,529,635
140.387,140.387,NoButton,Drag,529,635
140.404,140.404,NoButton,Drag,529,635
140.42,140.42,NoButton,Drag,529,634
140.63,140.63,NoButton,Drag,529,634
140.641,140.641,NoButton,Drag,529,634
140.654,140.654,NoButton,Drag,530,634
140.671,140.671,NoButton,Drag,531,633
140.688,140.688,NoButton,Drag,537,631
140.705,140.705,NoButton,Drag,547,628
140.721,140.721,NoButton,Drag,560,625
140.737,140.737,NoButton,Drag,574,623
140.754,140.754,NoButton,Drag,583,622
140.771,140.771,NoButton,Drag,588,622
140.788,140.788,NoButton,Drag,589,622
140.821,140.821,NoButton,Drag,590,622
140.846,140.846,NoButton,Drag,590,622
140.854,140.854,NoButton,Drag,590,622
140.872,140.872,NoButton,Drag,592,624
140.888,140.888,NoButton,Drag,596,627
140.904,140.904,NoButton,Drag,600,630
140.921,140.921,NoButton,Drag,603,632
140.938,140.938,NoButton,Drag,606,635
140.955,140.955,NoButton,Drag,609,638
140.972,140.972,NoButton,Drag,611,642
140.988,140.988,NoButton,Drag,613,644
141.005,141.005,NoButton,Drag,613,645
141.086,141.086,NoButton,Drag,613,645
141.102,141.102,Left,Pressed,613,645
141.192,141.192,Left,Released,613,645
141.268,141.268,NoButton,Drag,613,645
141.275,141.275,NoButton,Drag,613,645
141.287,141.287,NoButton,Drag,613,646
141.303,141.303,NoButton,Drag,612,647
141.32,141.32,NoButton,Drag,610,648
141.336,141.336,NoButton,Drag,609,650
141.353,141.353,NoButton,Drag,609,651
141.37,141.37,NoButton,Drag,609,654
141.386,141.386,NoButton,Drag,610,656
141.403,141.403,NoButton,Drag,613,659
141.42,141.42,NoButton,Drag,615,662
141.437,141.437,NoButton,Drag,617,663
141.453,141.453,NoButton,Drag,618,663
141.471,141.471,NoButton,Drag,619,663
141.487,141.487,NoButton,Drag,619,664
141.503,141.503,NoButton,Drag,622,665
141.52,141.52,NoButton,Drag,626,668
141.537,141.537,NoButton,Drag,630,670
141.554,141.554,NoButton,Drag,633,671
141.571,141.571,NoButton,Drag,635,672
141.587,141.587,NoButton,Drag,636,673
141.604,141.604,NoButton,Drag,637,674
141.621,141.621,NoButton,Drag,638,674
141.637,141.637,NoButton,Drag,638,675
141.655,141.655,NoButton,Drag,639,675
141.656,141.656,Left,Pressed,639,675
141.659,141.659,NoButton,Drag,639,675
141.671,141.671,NoButton,Drag,639,675
141.676,141.676,NoButton,Drag,639,675
141.746,141.746,Left,Released,639,675
141.773,141.773,NoButton,Drag,639,676
141.777,141.777,NoButton,Drag,639,676
141.788,141.788,NoButton,Drag,639,676
141.805,141.805,NoButton,Drag,640,678
141.821,141.821,NoButton,Drag,642,680
141.838,141.838,NoButton,Drag,645,684
141.855,141.855,NoButton,Drag,650,689
141.871,141.871,NoButton,Drag,655,694
141.888,141.888,NoButton,Drag,661,698
141.904,141.904,NoButton,Drag,668,703
141.921,141.921,NoButton,Drag,674,707
141.938,141.938,NoButton,Drag,681,710
141.954,141.954,NoButton,Drag,688,712
141.972,141.972,NoButton,Drag,693,713
141.988,141.988,NoButton,Drag,697,714
142.005,142.005,NoButton,Drag,702,715
142.021,142.021,NoButton,Drag,709,717
142.039,142.039,NoButton,Drag,718,719
142.056,142.056,NoButton,Drag,725,721
142.072,142.072,NoButton,Drag,733,723
142.089,142.089,NoButton,Drag,739,725
142.105,142.105,NoButton,Drag,745,726
142.122,142.122,NoButton,Drag,749,727
142.138,142.138,NoButton,Drag,752,728
142.155,142.155,NoButton,Drag,755,728
142.172,142.172,NoButton,Drag,755,729
142.189,142.189,NoButton,Drag,756,729
142.205,142.205,NoButton,Drag,757,730
142.223,142.223,NoButton,Drag,758,730
142.239,142.239,NoButton,Drag,758,731
142.256,142.256,NoButton,Drag,759,731
142.273,142.273,NoButton,Drag,760,732
142.29,142.29,NoButton,Drag,762,734
142.306,142.306,NoButton,Drag,762,734
142.323,142.323,NoButton,Drag,763,735
142.34,142.34,NoButton,Drag,763,735
142.464,142.464,NoButton,Drag,763,736
142.484,142.484,Left,Pressed,763,736
142.52,142.52,Left,Released,763,736
142.552,142.552,NoButton,Drag,763,735
142.556,142.556,NoButton,Drag,763,735
142.559,142.559,NoButton,Drag,763,735
142.574,142.574,NoButton,Drag,762,734
142.59,142.59,NoButton,Drag,760,732
142.607,142.607,NoButton,Drag,758,732
142.624,142.624,NoButton,Drag,755,731
142.64,142.64,NoButton,Drag,751,730
142.657,142.657,NoButton,Drag,749,730
142.674,142.674,NoButton,Drag,748,729
142.69,142.69,NoButton,Drag,745,729
142.707,142.707,NoButton,Drag,741,728
142.724,142.724,NoButton,Drag,734,725
142.741,142.741,NoButton,Drag,722,722
142.757,142.757,NoButton,Drag,708,718
142.774,142.774,NoButton,Drag,691,712
142.788,142.788,NoButton,Drag,672,705
142.805,142.805,NoButton,Drag,652,696
142.821,142.821,NoButton,Drag,631,688
142.838,142.838,NoButton,Drag,611,679
142.854,142.854,NoButton,Drag,592,672
142.871,142.871,NoButton,Drag,578,667
142.888,142.888,NoButton,Drag,568,664
142.905,142.905,NoButton,Drag,567,664
142.933,142.933,NoButton,Drag,567,665
142.949,142.949,NoButton,Drag,567,665
142.955,142.955,NoButton,Drag,567,665
142.965,142.965,Scroll,Up,567,665
142.986,142.986,NoButton,Drag,567,665
142.994,142.994,Scroll,Up,567,665
143.017,143.017,NoButton,Drag,567,666
143.033,143.033,NoButton,Drag,567,666
143.045,143.045,Scroll,Up,567,666
143.146,143.146,NoButton,Drag,567,666
143.157,143.157,NoButton,Drag,567,666
143.193,143.193,NoButton,Drag,567,666
143.205,143.205,NoButton,Drag,567,665
143.338,143.338,NoButton,Drag,567,665
143.341,143.341,NoButton,Drag,566,665
143.43,143.43,NoButton,Drag,566,665
143.44,143.44,Scroll,Down,566,665
143.455,143.455,Scroll,Down,566,665
143.469,143.469,NoButton,Drag,566,665
143.473,143.473,Scroll,Down,566,665
143.495,143.495,Scroll,Down,566,665
143.523,143.523,Scroll,Down,566,665
143.547,143.547,NoButton,Drag,566,664
143.551,143.551,NoButton,Drag,566,664
143.559,143.559,NoButton,Drag,566,664
143.57,143.57,NoButton,Drag,566,663
143.575,143.575,Scroll,Down,566,663
143.586,143.586,NoButton,Drag,566,663
143.602,143.602,NoButton,Drag,566,662
143.619,143.619,NoButton,Drag,566,660
143.635,143.635,NoButton,Drag,566,659
143.652,143.652,NoButton,Drag,566,657
143.669,143.669,NoButton,Drag,566,655
143.685,143.685,NoButton,Drag,566,654
143.688,143.688,Scroll,Down,566,653
143.702,143.702,NoButton,Drag,566,652
143.719,143.719,NoButton,Drag,566,651
143.736,143.736,NoButton,Drag,566,649
143.753,143.753,NoButton,Drag,566,649
143.769,143.769,NoButton,Drag,566,649
143.827,143.827,NoButton,Drag,565,649
143.832,143.832,NoButton,Drag,565,648
143.835,143.835,NoButton,Drag,565,648
143.852,143.852,NoButton,Drag,565,647
143.869,143.869,NoButton,Drag,564,645
143.885,143.885,NoButton,Drag,561,641
143.902,143.902,NoButton,Drag,555,632
143.919,143.919,NoButton,Drag,544,620
143.935,143.935,NoButton,Drag,525,601
143.952,143.952,NoButton,Drag,510,585
143.969,143.969,NoButton,Drag,496,568
143.985,143.985,NoButton,Drag,484,551
144.003,144.003,NoButton,Drag,473,531
144.019,144.019,NoButton,Drag,462,513
144.036,144.036,NoButton,Drag,450,490
144.053,144.053,NoButton,Drag,442,470
144.069,144.069,NoButton,Drag,435,451
144.086,144.086,NoButton,Drag,430,434
144.102,144.102,NoButton,Drag,426,416
144.119,144.119,NoButton,Drag,425,397
144.136,144.136,NoButton,Drag,429,381
144.152,144.152,NoButton,Drag,438,363
144.17,144.17,NoButton,Drag,459,338
144.186,144.186,NoButton,Drag,480,319
144.203,144.203,NoButton,Drag,504,301
144.22,144.22,NoButton,Drag,528,284
144.237,144.237,NoButton,Drag,550,271
144.253,144.253,NoButton,Drag,565,262
144.269,144.269,NoButton,Drag,574,256
144.309,144.309,NoButton,Drag,574,256
144.318,144.318,NoButton,Drag,573,256
144.321,144.321,NoButton,Drag,573,256
144.336,144.336,NoButton,Drag,569,257
144.353,144.353,NoButton,Drag,560,259
144.369,144.369,NoButton,Drag,544,261
144.386,144.386,NoButton,Drag,524,261
144.403,144.403,NoButton,Drag,500,260
144.42,144.42,NoButton,Drag,478,260
144.436,144.436,NoButton,Drag,464,260
144.454,144.454,NoButton,Drag,462,260
144.47,144.47,NoButton,Drag,462,260
144.486,144.486,NoButton,Drag,470,261
144.504,144.504,NoButton,Drag,498,268
144.52,144.52,NoButton,Drag,551,277
144.537,144.537,NoButton,Drag,624,282
144.553,144.553,NoButton,Drag,706,287
144.57,144.57,NoButton,Drag,756,289
144.587,144.587,NoButton,Drag,792,289
144.604,144.604,NoButton,Drag,808,289
144.62,144.62,NoButton,Drag,809,289
144.637,144.637,NoButton,Drag,809,289
144.654,144.654,NoButton,Drag,806,290
144.67,144.67,NoButton,Drag,794,293
144.687,144.687,NoButton,Drag,769,297
144.704,144.704,NoButton,Drag,735,303
144.721,144.721,NoButton,Drag,686,309
144.738,144.738,NoButton,Drag,624,316
144.754,144.754,NoButton,Drag,555,320
144.77,144.77,NoButton,Drag,489,323
144.787,144.787,NoButton,Drag,434,325
144.804,144.804,NoButton,Drag,386,328
144.821,144.821,NoButton,Drag,368,330
144.837,144.837,NoButton,Drag,363,330
144.864,144.864,NoButton,Drag,363,331
144.871,144.871,NoButton,Drag,363,331
144.887,144.887,NoButton,Drag,366,331
144.904,144.904,NoButton,Drag,377,331
144.921,144.921,NoButton,Drag,402,332
144.937,144.937,NoButton,Drag,439,333
144.955,144.955,NoButton,Drag,485,334
144.971,144.971,NoButton,Drag,530,335
144.987,144.987,NoButton,Drag,577,336
145.004,145.004,NoButton,Drag,608,336
145.021,145.021,NoButton,Drag,628,336
145.038,145.038,NoButton,Drag,639,335
145.055,145.055,NoButton,Drag,639,335
145.1,145.1,NoButton,Drag,640,335
145.12,145.12,NoButton,Drag,640,335
145.123,145.123,NoButton,Drag,640,335
145.138,145.138,NoButton,Drag,639,334
145.155,145.155,NoButton,Drag,636,333
145.172,145.172,NoButton,Drag,629,329
145.188,145.188,NoButton,Drag,618,323
145.206,145.206,NoButton,Drag,600,316
145.222,145.222,NoButton,Drag,573,307
145.238,145.238,NoButton,Drag,549,301
145.256,145.256,NoButton,Drag,524,295
145.272,145.272,NoButton,Drag,499,293
145.288,145.288,NoButton,Drag,481,291
145.305,145.305,NoButton,Drag,465,291
145.322,145.322,NoButton,Drag,457,290
145.339,145.339,NoButton,Drag,454,290
145.355,145.355,NoButton,Drag,452,290
145.47,145.47,NoButton,Drag,452,290
145.481,145.481,NoButton,Drag,451,290
145.489,145.489,NoButton,Drag,451,290
145.506,145.506,NoButton,Drag,450,291
145.523,145.523,NoButton,Drag,448,292
145.54,145.54,NoButton,Drag,448,293
145.556,145.556,NoButton,Drag,446,294
145.572,145.572,NoButton,Drag,444,295
145.59,145.59,NoButton,Drag,442,297
145.606,145.606,NoButton,Drag,440,297
145.623,145.623,NoButton,Drag,439,298
145.639,145.639,NoButton,Drag,439,298
145.8,145.8,NoButton,Drag,439,298
145.803,145.803,NoButton,Drag,439,298
145.807,145.807,NoButton,Drag,439,299
145.823,145.823,NoButton,Drag,438,300
145.839,145.839,NoButton,Drag,436,303
145.856,145.856,NoButton,Drag,434,307
145.873,145.873,NoButton,Drag,433,311
145.889,145.889,NoButton,Drag,432,312
145.906,145.906,NoButton,Drag,432,312
145.952,145.952,Left,Pressed,432,312
145.964,145.964,NoButton,Drag,432,312
146.076,146.076,Left,Released,432,312
