record timestamp,client timestamp,button,state,x,y
0.02,0.02,NoButton,Drag,531,700
0.036,0.036,NoButton,Drag,532,701
0.06,0.06,NoButton,Drag,535,701
0.065,0.065,NoButton,Drag,542,701
0.081,0.081,NoButton,Drag,551,699
0.098,0.098,NoButton,Drag,566,695
0.115,0.115,NoButton,Drag,585,691
0.131,0.131,NoButton,Drag,613,686
0.146,0.146,NoButton,Drag,637,686
0.164,0.164,NoButton,Drag,661,686
0.181,0.181,NoButton,Drag,686,686
0.197,0.197,NoButton,Drag,710,686
0.214,0.214,NoButton,Drag,735,687
0.23,0.23,NoButton,Drag,750,686
0.247,0.247,NoButton,Drag,760,684
0.264,0.264,NoButton,Drag,765,681
0.28,0.28,NoButton,Drag,768,679
0.296,0.296,NoButton,Drag,771,676
0.314,0.314,NoButton,Drag,774,673
0.33,0.33,NoButton,Drag,775,671
0.346,0.346,NoButton,Drag,775,670
0.363,0.363,NoButton,Drag,776,668
0.38,0.38,NoButton,Drag,777,666
0.396,0.396,NoButton,Drag,783,664
0.413,0.413,NoButton,Drag,797,661
0.431,0.431,NoButton,Drag,832,660
0.447,0.447,NoButton,Drag,866,660
0.464,0.464,NoButton,Drag,902,661
0.48,0.48,NoButton,Drag,934,662
0.496,0.496,NoButton,Drag,963,663
0.513,0.513,NoButton,Drag,987,663
0.53,0.53,NoButton,Drag,1008,661
0.546,0.546,NoButton,Drag,1017,659
0.564,0.564,NoButton,Drag,1019,658
0.581,0.581,NoButton,Drag,1019,657
0.597,0.597,NoButton,Drag,1019,656
0.613,0.613,NoButton,Drag,1020,656
0.645,0.645,NoButton,Drag,1020,656
0.665,0.665,NoButton,Drag,1021,656
0.673,0.673,NoButton,Drag,1021,656
0.681,0.681,NoButton,Drag,1021,656
0.697,0.697,NoButton,Drag,1022,658
0.714,0.714,NoButton,Drag,1024,661
0.73,0.73,NoButton,Drag,1028,666
0.746,0.746,NoButton,Drag,1032,670
0.763,0.763,NoButton,Drag,1035,673
0.78,0.78,NoButton,Drag,1036,675
0.797,0.797,NoButton,Drag,1036,675
0.813,0.813,NoButton,Drag,1037,676
0.831,0.831,NoButton,Drag,1039,676
0.847,0.847,NoButton,Drag,1041,676
0.863,0.863,NoButton,Drag,1046,676
0.88,0.88,NoButton,Drag,1050,674
0.897,0.897,NoButton,Drag,1053,672
0.913,0.913,NoButton,Drag,1056,669
0.93,0.93,NoButton,Drag,1058,668
0.947,0.947,NoButton,Drag,1059,667
0.963,0.963,NoButton,Drag,1059,667
0.98,0.98,NoButton,Drag,1059,666
0.996,0.996,NoButton,Drag,1059,665
1.014,1.014,NoButton,Drag,1059,665
1.088,1.088,Left,Pressed,1059,665
1.103,1.103,NoButton,Drag,1059,665
1.132,1.132,NoButton,Drag,1060,665
1.135,1.135,NoButton,Drag,1060,664
1.139,1.139,NoButton,Drag,1060,664
1.143,1.143,NoButton,Drag,1060,664
1.147,1.147,NoButton,Drag,1060,663
1.151,1.151,NoButton,Drag,1061,663
1.155,1.155,NoButton,Drag,1061,662
1.159,1.159,NoButton,Drag,1061,662
1.163,1.163,NoButton,Drag,1062,661
1.167,1.167,NoButton,Drag,1062,659
1.171,1.171,NoButton,Drag,1063,658
1.175,1.175,NoButton,Drag,1063,657
1.179,1.179,NoButton,Drag,1064,655
1.183,1.183,NoButton,Drag,1065,654
1.187,1.187,NoButton,Drag,1066,652
1.192,1.192,Left,Released,1066,652
1.193,1.193,NoButton,Drag,1066,651
1.197,1.197,NoButton,Drag,1067,649
1.213,1.213,NoButton,Drag,1071,643
1.231,1.231,NoButton,Drag,1074,639
1.247,1.247,NoButton,Drag,1076,635
1.264,1.264,NoButton,Drag,1077,632
1.281,1.281,NoButton,Drag,1079,630
1.297,1.297,NoButton,Drag,1084,630
1.313,1.313,NoButton,Drag,1092,631
1.331,1.331,NoButton,Drag,1094,631
1.634,1.634,NoButton,Drag,1095,629
1.637,1.637,NoButton,Drag,1097,629
1.648,1.648,NoButton,Drag,1097,629
1.664,1.664,NoButton,Drag,1097,628
1.681,1.681,NoButton,Drag,1096,628
1.697,1.697,NoButton,Drag,1082,632
1.711,1.711,NoButton,Drag,1049,645
1.728,1.728,NoButton,Drag,979,665
1.744,1.744,NoButton,Drag,914,674
1.761,1.761,NoButton,Drag,888,675
1.777,1.777,NoButton,Drag,888,675
1.794,1.794,NoButton,Drag,886,677
1.81,1.81,NoButton,Drag,881,681
1.827,1.827,NoButton,Drag,877,684
1.871,1.871,NoButton,Drag,877,684
1.883,1.883,NoButton,Drag,877,684
1.894,1.894,NoButton,Drag,878,683
1.911,1.911,NoButton,Drag,879,682
1.927,1.927,NoButton,Drag,880,681
1.944,1.944,NoButton,Drag,883,678
1.96,1.96,NoButton,Drag,890,675
1.977,1.977,NoButton,Drag,902,672
1.994,1.994,NoButton,Drag,919,668
2.011,2.011,NoButton,Drag,936,664
2.027,2.027,NoButton,Drag,951,660
2.044,2.044,NoButton,Drag,967,655
2.061,2.061,NoButton,Drag,979,651
2.077,2.077,NoButton,Drag,989,647
2.093,2.093,NoButton,Drag,1000,641
2.111,2.111,NoButton,Drag,1008,637
2.127,2.127,NoButton,Drag,1013,634
2.144,2.144,NoButton,Drag,1018,632
2.161,2.161,NoButton,Drag,1025,631
2.177,2.177,NoButton,Drag,1035,629
2.193,2.193,NoButton,Drag,1042,627
2.207,2.207,NoButton,Drag,1047,626
2.225,2.225,NoButton,Drag,1048,626
2.255,2.255,NoButton,Drag,1049,626
2.263,2.263,NoButton,Drag,1049,626
2.274,2.274,NoButton,Drag,1050,626
2.291,2.291,NoButton,Drag,1051,625
2.307,2.307,NoButton,Drag,1052,625
2.324,2.324,NoButton,Drag,1053,625
2.34,2.34,NoButton,Drag,1053,625
2.357,2.357,NoButton,Drag,1053,625
2.36,2.36,Left,Pressed,1053,625
2.371,2.371,NoButton,Drag,1053,626
2.442,2.442,Left,Released,1053,626
2.554,2.554,NoButton,Drag,1053,626
2.565,2.565,NoButton,Drag,1054,626
2.575,2.575,NoButton,Drag,1054,626
2.686,2.686,NoButton,Drag,1054,626
2.693,2.693,NoButton,Drag,1054,626
2.708,2.708,NoButton,Drag,1055,627
2.725,2.725,NoButton,Drag,1055,628
2.741,2.741,NoButton,Drag,1058,630
2.758,2.758,NoButton,Drag,1060,632
2.775,2.775,NoButton,Drag,1061,634
2.778,2.778,Left,Pressed,1061,634
2.778,2.778,NoButton,Drag,1061,635
2.785,2.785,NoButton,Drag,1061,635
2.862,2.862,Left,Released,1061,635
2.965,2.965,NoButton,Drag,1061,635
3.136,3.136,NoButton,Drag,1061,635
3.139,3.139,NoButton,Drag,1062,634
3.143,3.143,NoButton,Drag,1063,633
3.158,3.158,NoButton,Drag,1069,627
3.175,3.175,NoButton,Drag,1103,605
3.192,3.192,NoButton,Drag,1204,550
3.208,3.208,NoButton,Drag,1339,489
3.227,3.227,NoButton,Drag,1439,413
3.242,3.242,NoButton,Drag,1439,331
3.259,3.259,NoButton,Drag,1439,256
3.276,3.276,NoButton,Drag,1439,212
3.293,3.293,NoButton,Drag,1439,181
3.309,3.309,NoButton,Drag,1439,168
3.326,3.326,NoButton,Drag,1439,166
3.343,3.343,NoButton,Drag,1434,170
3.36,3.36,NoButton,Drag,1433,170
3.536,3.536,NoButton,Drag,1433,169
3.539,3.539,NoButton,Drag,1434,170
3.545,3.545,NoButton,Drag,1435,171
3.561,3.561,NoButton,Drag,1435,170
3.578,3.578,NoButton,Drag,1434,170
3.595,3.595,NoButton,Drag,1434,170
3.612,3.612,NoButton,Drag,1428,171
3.629,3.629,NoButton,Drag,1408,178
3.645,3.645,NoButton,Drag,1373,189
3.661,3.661,NoButton,Drag,1347,198
3.678,3.678,NoButton,Drag,1341,203
3.695,3.695,NoButton,Drag,1336,209
3.709,3.709,NoButton,Drag,1331,216
3.726,3.726,NoButton,Drag,1325,225
3.742,3.742,NoButton,Drag,1324,227
3.759,3.759,NoButton,Drag,1326,229
3.776,3.776,NoButton,Drag,1329,230
3.793,3.793,NoButton,Drag,1333,230
3.809,3.809,NoButton,Drag,1339,231
3.826,3.826,NoButton,Drag,1347,237
3.843,3.843,NoButton,Drag,1352,242
3.859,3.859,NoButton,Drag,1354,249
3.876,3.876,NoButton,Drag,1354,259
3.892,3.892,NoButton,Drag,1354,273
3.909,3.909,NoButton,Drag,1354,289
3.926,3.926,NoButton,Drag,1351,313
3.943,3.943,NoButton,Drag,1346,335
3.959,3.959,NoButton,Drag,1340,359
3.975,3.975,NoButton,Drag,1333,383
3.992,3.992,NoButton,Drag,1327,406
4.009,4.009,NoButton,Drag,1320,429
4.026,4.026,NoButton,Drag,1313,458
4.042,4.042,NoButton,Drag,1307,479
4.059,4.059,NoButton,Drag,1302,496
4.075,4.075,NoButton,Drag,1299,509
4.092,4.092,NoButton,Drag,1298,517
4.109,4.109,NoButton,Drag,1298,521
4.126,4.126,NoButton,Drag,1298,522
4.146,4.146,NoButton,Drag,1298,522
4.159,4.159,NoButton,Drag,1298,521
4.176,4.176,NoButton,Drag,1298,518
4.192,4.192,NoButton,Drag,1298,514
4.21,4.21,NoButton,Drag,1298,511
4.225,4.225,NoButton,Drag,1299,510
4.245,4.245,Left,Pressed,1299,510
4.245,4.245,NoButton,Drag,1299,510
4.256,4.256,NoButton,Drag,1299,510
4.263,4.263,NoButton,Drag,1299,510
4.267,4.267,NoButton,Drag,1300,510
4.275,4.275,NoButton,Drag,1300,510
4.284,4.284,NoButton,Drag,1300,510
4.324,4.324,NoButton,Drag,1300,510
4.339,4.339,NoButton,Drag,1300,510
4.343,4.343,NoButton,Drag,1301,510
4.347,4.347,NoButton,Drag,1301,510
4.351,4.351,NoButton,Drag,1301,510
4.355,4.355,NoButton,Drag,1302,510
4.359,4.359,NoButton,Drag,1302,510
4.364,4.364,Left,Released,1302,510
4.365,4.365,NoButton,Drag,1302,509
4.374,4.374,NoButton,Drag,1303,509
4.392,4.392,NoButton,Drag,1305,507
4.408,4.408,NoButton,Drag,1308,507
4.424,4.424,NoButton,Drag,1309,508
4.708,4.708,NoButton,Drag,1309,508
4.711,4.711,NoButton,Drag,1314,506
4.726,4.726,NoButton,Drag,1329,505
4.736,4.736,NoButton,Drag,1330,505
4.743,4.743,Left,Pressed,1330,505
4.743,4.743,NoButton,Drag,1331,505
4.753,4.753,NoButton,Drag,1331,505
4.757,4.757,NoButton,Drag,1332,505
4.761,4.761,NoButton,Drag,1332,506
4.765,4.765,NoButton,Drag,1332,506
4.769,4.769,NoButton,Drag,1332,507
4.773,4.773,NoButton,Drag,1332,508
4.777,4.777,NoButton,Drag,1332,510
4.781,4.781,NoButton,Drag,1331,511
4.785,4.785,NoButton,Drag,1330,513
4.789,4.789,NoButton,Drag,1329,515
4.793,4.793,NoButton,Drag,1328,516
4.797,4.797,NoButton,Drag,1327,518
4.801,4.801,NoButton,Drag,1326,519
4.805,4.805,NoButton,Drag,1325,520
4.813,4.813,NoButton,Drag,1324,520
4.874,4.874,NoButton,Drag,1324,520
4.882,4.882,NoButton,Drag,1324,520
4.886,4.886,NoButton,Drag,1323,520
4.889,4.889,NoButton,Drag,1323,520
4.893,4.893,NoButton,Drag,1323,520
4.897,4.897,NoButton,Drag,1323,519
4.901,4.901,NoButton,Drag,1322,519
4.905,4.905,NoButton,Drag,1322,519
4.909,4.909,NoButton,Drag,1322,519
4.913,4.913,NoButton,Drag,1322,518
4.917,4.917,NoButton,Drag,1321,518
4.925,4.925,NoButton,Drag,1321,518
4.929,4.929,NoButton,Drag,1321,518
4.938,4.938,Left,Released,1321,518
4.941,4.941,NoButton,Drag,1321,517
4.945,4.945,NoButton,Drag,1321,517
4.961,4.961,NoButton,Drag,1320,517
4.976,4.976,NoButton,Drag,1320,516
4.993,4.993,NoButton,Drag,1319,515
5.01,5.01,NoButton,Drag,1319,514
5.026,5.026,NoButton,Drag,1318,514
5.046,5.046,NoButton,Drag,1318,514
5.069,5.069,NoButton,Drag,1318,514
5.078,5.078,NoButton,Drag,1318,514
5.093,5.093,NoButton,Drag,1317,514
5.111,5.111,NoButton,Drag,1317,515
5.126,5.126,NoButton,Drag,1317,515
5.143,5.143,NoButton,Drag,1317,516
5.161,5.161,NoButton,Drag,1317,517
5.175,5.175,NoButton,Drag,1317,518
5.177,5.177,Left,Pressed,1317,518
5.242,5.242,NoButton,Drag,1316,518
5.274,5.274,NoButton,Drag,1316,517
5.282,5.282,Left,Released,1316,517
5.284,5.284,NoButton,Drag,1316,517
5.301,5.301,NoButton,Drag,1316,517
5.312,5.312,NoButton,Drag,1316,517
5.328,5.328,NoButton,Drag,1316,516
5.346,5.346,NoButton,Drag,1315,516
5.38,5.38,NoButton,Drag,1315,516
5.384,5.384,NoButton,Drag,1315,516
5.395,5.395,NoButton,Drag,1314,516
5.412,5.412,NoButton,Drag,1305,522
5.429,5.429,NoButton,Drag,1294,529
5.445,5.445,NoButton,Drag,1283,537
5.464,5.464,NoButton,Drag,1275,544
5.478,5.478,NoButton,Drag,1270,548
5.496,5.496,NoButton,Drag,1268,551
5.512,5.512,NoButton,Drag,1262,557
5.53,5.53,NoButton,Drag,1250,566
5.546,5.546,NoButton,Drag,1240,575
5.728,5.728,NoButton,Drag,1240,576
5.74,5.74,NoButton,Drag,1240,577
5.747,5.747,NoButton,Drag,1239,577
5.764,5.764,NoButton,Drag,1194,549
5.78,5.78,NoButton,Drag,1179,532
5.798,5.798,NoButton,Drag,1167,523
5.814,5.814,NoButton,Drag,1147,510
5.83,5.83,NoButton,Drag,1121,495
5.848,5.848,NoButton,Drag,1102,487
5.864,5.864,NoButton,Drag,1095,483
5.881,5.881,NoButton,Drag,1079,479
5.897,5.897,NoButton,Drag,1037,477
5.914,5.914,NoButton,Drag,968,477
5.931,5.931,NoButton,Drag,921,475
5.947,5.947,NoButton,Drag,873,473
5.965,5.965,NoButton,Drag,787,471
5.982,5.982,NoButton,Drag,707,468
5.999,5.999,NoButton,Drag,649,463
6.016,6.016,NoButton,Drag,552,451
6.033,6.033,NoButton,Drag,477,438
6.049,6.049,NoButton,Drag,399,424
6.066,6.066,NoButton,Drag,306,405
6.082,6.082,NoButton,Drag,237,386
6.1,6.1,NoButton,Drag,169,364
6.116,6.116,NoButton,Drag,104,341
6.133,6.133,NoButton,Drag,51,320
6.149,6.149,NoButton,Drag,13,303
6.166,6.166,NoButton,Drag,0,290
6.182,6.182,NoButton,Drag,0,287
6.199,6.199,NoButton,Drag,0,287
6.258,6.258,NoButton,Drag,0,287
6.262,6.262,NoButton,Drag,0,287
6.268,6.268,NoButton,Drag,0,288
6.285,6.285,NoButton,Drag,1,292
6.301,6.301,NoButton,Drag,3,299
6.318,6.318,NoButton,Drag,12,315
6.334,6.334,NoButton,Drag,27,332
6.351,6.351,NoButton,Drag,48,350
6.368,6.368,NoButton,Drag,67,365
6.384,6.384,NoButton,Drag,81,379
6.401,6.401,NoButton,Drag,87,389
6.418,6.418,NoButton,Drag,88,396
6.434,6.434,NoButton,Drag,87,400
6.451,6.451,NoButton,Drag,86,405
6.469,6.469,NoButton,Drag,84,409
6.485,6.485,NoButton,Drag,82,416
6.503,6.503,NoButton,Drag,82,424
6.519,6.519,NoButton,Drag,85,432
6.536,6.536,NoButton,Drag,96,445
6.553,6.553,NoButton,Drag,103,451
6.57,6.57,NoButton,Drag,106,455
6.586,6.586,NoButton,Drag,107,455
6.64,6.64,NoButton,Drag,107,455
6.643,6.643,NoButton,Drag,107,455
6.652,6.652,NoButton,Drag,107,456
6.67,6.67,NoButton,Drag,107,459
6.686,6.686,NoButton,Drag,109,464
6.702,6.702,NoButton,Drag,115,474
6.72,6.72,NoButton,Drag,126,490
6.736,6.736,NoButton,Drag,134,501
6.752,6.752,NoButton,Drag,138,513
6.77,6.77,NoButton,Drag,140,522
6.786,6.786,NoButton,Drag,142,529
6.802,6.802,NoButton,Drag,142,535
6.82,6.82,NoButton,Drag,142,540
6.836,6.836,NoButton,Drag,141,542
6.854,6.854,NoButton,Drag,140,543
6.896,6.896,NoButton,Drag,140,542
6.903,6.903,NoButton,Drag,140,542
6.92,6.92,NoButton,Drag,140,541
6.936,6.936,NoButton,Drag,141,539
6.952,6.952,NoButton,Drag,141,538
6.97,6.97,NoButton,Drag,141,536
6.987,6.987,NoButton,Drag,142,534
7.004,7.004,NoButton,Drag,143,530
7.02,7.02,NoButton,Drag,144,526
7.037,7.037,NoButton,Drag,145,522
7.054,7.054,NoButton,Drag,146,517
7.07,7.07,NoButton,Drag,148,512
7.087,7.087,NoButton,Drag,149,509
7.104,7.104,NoButton,Drag,150,505
7.12,7.12,NoButton,Drag,151,504
7.138,7.138,NoButton,Drag,151,504
7.151,7.151,NoButton,Drag,151,504
7.154,7.154,Left,Pressed,151,504
7.154,7.154,NoButton,Drag,152,504
7.157,7.157,NoButton,Drag,152,504
7.161,7.161,NoButton,Drag,152,504
7.165,7.165,NoButton,Drag,153,504
7.169,7.169,NoButton,Drag,153,504
7.177,7.177,NoButton,Drag,153,504
7.214,7.214,NoButton,Drag,153,504
7.23,7.23,NoButton,Drag,154,504
7.294,7.294,Left,Released,154,504
7.306,7.306,NoButton,Drag,154,504
7.315,7.315,NoButton,Drag,154,504
7.324,7.324,NoButton,Drag,155,504
7.346,7.346,NoButton,Drag,163,504
7.362,7.362,NoButton,Drag,181,506
7.379,7.379,NoButton,Drag,217,512
7.395,7.395,NoButton,Drag,280,521
7.413,7.413,NoButton,Drag,401,533
7.429,7.429,NoButton,Drag,597,546
7.446,7.446,NoButton,Drag,916,554
7.462,7.462,NoButton,Drag,1214,560
7.481,7.481,NoButton,Drag,1439,566
7.498,7.498,NoButton,Drag,1439,575
7.515,7.515,NoButton,Drag,1439,575
7.532,7.532,NoButton,Drag,1439,575
7.548,7.548,NoButton,Drag,1439,575
7.565,7.565,NoButton,Drag,1439,575
7.582,7.582,NoButton,Drag,1439,573
7.598,7.598,NoButton,Drag,1439,570
7.615,7.615,NoButton,Drag,1439,568
7.632,7.632,NoButton,Drag,1439,568
7.648,7.648,NoButton,Drag,1432,573
7.664,7.664,NoButton,Drag,1375,586
7.681,7.681,NoButton,Drag,1253,591
7.698,7.698,NoButton,Drag,932,597
7.714,7.714,NoButton,Drag,712,609
7.729,7.729,NoButton,Drag,636,621
7.745,7.745,NoButton,Drag,635,627
7.762,7.762,NoButton,Drag,706,643
7.779,7.779,NoButton,Drag,937,650
7.796,7.796,NoButton,Drag,1439,624
7.812,7.812,NoButton,Drag,1439,604
7.829,7.829,NoButton,Drag,1439,602
7.846,7.846,NoButton,Drag,1439,620
7.863,7.863,NoButton,Drag,1437,633
7.879,7.879,NoButton,Drag,1373,661
7.896,7.896,NoButton,Drag,1184,721
7.912,7.912,NoButton,Drag,1006,773
7.929,7.929,NoButton,Drag,848,823
7.946,7.946,NoButton,Drag,766,858
7.962,7.962,NoButton,Drag,752,869
7.977,7.977,NoButton,Drag,758,876
7.995,7.995,NoButton,Drag,784,883
8.011,8.011,NoButton,Drag,843,886
8.028,8.028,NoButton,Drag,940,877
8.044,8.044,NoButton,Drag,1012,861
8.061,8.061,NoButton,Drag,1053,847
8.077,8.077,NoButton,Drag,1067,837
8.095,8.095,NoButton,Drag,1069,832
8.111,8.111,NoButton,Drag,1067,830
8.128,8.128,NoButton,Drag,1066,829
8.145,8.145,NoButton,Drag,1065,829
8.172,8.172,NoButton,Drag,1066,829
8.179,8.179,NoButton,Drag,1066,829
8.195,8.195,NoButton,Drag,1077,829
8.211,8.211,NoButton,Drag,1122,824
8.227,8.227,NoButton,Drag,1183,806
8.243,8.243,NoButton,Drag,1250,781
8.26,8.26,NoButton,Drag,1304,758
8.277,8.277,NoButton,Drag,1332,743
8.294,8.294,NoButton,Drag,1339,738
8.311,8.311,NoButton,Drag,1339,737
8.327,8.327,NoButton,Drag,1338,736
8.344,8.344,NoButton,Drag,1337,736
8.361,8.361,NoButton,Drag,1336,736
8.386,8.386,NoButton,Drag,1336,735
8.394,8.394,NoButton,Drag,1336,735
8.411,8.411,NoButton,Drag,1340,733
8.427,8.427,NoButton,Drag,1347,727
8.445,8.445,NoButton,Drag,1357,721
8.461,8.461,NoButton,Drag,1360,718
8.477,8.477,NoButton,Drag,1360,715
8.494,8.494,NoButton,Drag,1359,714
8.51,8.51,NoButton,Drag,1357,713
8.528,8.528,NoButton,Drag,1356,713
8.566,8.566,NoButton,Drag,1356,713
8.569,8.569,NoButton,Drag,1357,712
8.577,8.577,NoButton,Drag,1357,712
8.594,8.594,NoButton,Drag,1359,709
8.61,8.61,NoButton,Drag,1361,707
8.627,8.627,NoButton,Drag,1363,704
8.643,8.643,NoButton,Drag,1364,704
8.661,8.661,NoButton,Drag,1364,703
8.677,8.677,NoButton,Drag,1364,703
8.694,8.694,NoButton,Drag,1364,703
8.71,8.71,NoButton,Drag,1364,702
8.728,8.728,NoButton,Drag,1364,700
8.745,8.745,NoButton,Drag,1365,698
8.761,8.761,NoButton,Drag,1368,695
8.778,8.778,NoButton,Drag,1373,689
8.795,8.795,NoButton,Drag,1377,684
8.811,8.811,NoButton,Drag,1381,679
8.827,8.827,NoButton,Drag,1383,676
8.844,8.844,NoButton,Drag,1384,676
8.864,8.864,NoButton,Drag,1384,676
8.873,8.873,NoButton,Drag,1384,676
8.878,8.878,Left,Pressed,1384,676
8.879,8.879,NoButton,Drag,1384,676
8.88,8.88,NoButton,Drag,1385,676
8.883,8.883,NoButton,Drag,1385,676
8.887,8.887,NoButton,Drag,1385,676
8.891,8.891,NoButton,Drag,1385,676
8.895,8.895,NoButton,Drag,1385,676
9,9,Left,Released,1385,676
9.027,9.027,NoButton,Drag,1385,677
9.031,9.031,NoButton,Drag,1385,677
9.041,9.041,NoButton,Drag,1384,678
9.058,9.058,NoButton,Drag,1376,687
9.075,9.075,NoButton,Drag,1372,695
9.227,9.227,NoButton,Drag,1372,694
9.231,9.231,NoButton,Drag,1372,692
9.24,9.24,NoButton,Drag,1371,691
9.248,9.248,NoButton,Drag,1371,691
9.257,9.257,Left,Pressed,1371,691
9.257,9.257,NoButton,Drag,1370,689
9.259,9.259,NoButton,Drag,1369,689
9.263,9.263,NoButton,Drag,1369,688
9.267,9.267,NoButton,Drag,1368,687
9.271,9.271,NoButton,Drag,1368,685
9.275,9.275,NoButton,Drag,1367,684
9.279,9.279,NoButton,Drag,1365,682
9.283,9.283,NoButton,Drag,1363,679
9.287,9.287,NoButton,Drag,1359,675
9.292,9.292,Left,Released,1359,675
9.293,9.293,NoButton,Drag,1351,669
9.308,9.308,NoButton,Drag,1254,633
9.325,9.325,NoButton,Drag,1004,606
9.341,9.341,NoButton,Drag,642,591
9.359,9.359,NoButton,Drag,292,565
9.375,9.375,NoButton,Drag,0,504
9.391,9.391,NoButton,Drag,0,434
9.409,9.409,NoButton,Drag,0,355
9.425,9.425,NoButton,Drag,0,255
9.442,9.442,NoButton,Drag,0,151
9.458,9.458,NoButton,Drag,0,88
9.475,9.475,NoButton,Drag,0,44
9.491,9.491,NoButton,Drag,3,0
9.509,9.509,NoButton,Drag,27,0
9.525,9.525,NoButton,Drag,74,0
9.542,9.542,NoButton,Drag,166,0
9.558,9.558,NoButton,Drag,239,0
9.576,9.576,NoButton,Drag,308,0
9.591,9.591,NoButton,Drag,378,0
9.608,9.608,NoButton,Drag,439,0
9.625,9.625,NoButton,Drag,484,0
9.642,9.642,NoButton,Drag,515,3
9.658,9.658,NoButton,Drag,529,11
9.675,9.675,NoButton,Drag,541,23
9.692,9.692,NoButton,Drag,556,39
9.708,9.708,NoButton,Drag,569,58
9.725,9.725,NoButton,Drag,583,79
9.744,9.744,NoButton,Drag,595,102
9.76,9.76,NoButton,Drag,596,120
9.777,9.777,NoButton,Drag,593,137
9.794,9.794,NoButton,Drag,582,154
9.81,9.81,NoButton,Drag,567,170
9.827,9.827,NoButton,Drag,542,185
9.843,9.843,NoButton,Drag,511,199
9.86,9.86,NoButton,Drag,485,207
9.877,9.877,NoButton,Drag,465,209
9.894,9.894,NoButton,Drag,453,208
9.91,9.91,NoButton,Drag,450,205
9.928,9.928,NoButton,Drag,449,203
9.944,9.944,NoButton,Drag,448,197
9.961,9.961,NoButton,Drag,448,190
9.978,9.978,NoButton,Drag,448,184
9.994,9.994,NoButton,Drag,447,181
10.023,10.023,NoButton,Drag,447,181
10.028,10.028,NoButton,Drag,447,182
10.044,10.044,NoButton,Drag,445,188
10.062,10.062,NoButton,Drag,441,203
10.078,10.078,NoButton,Drag,436,221
10.095,10.095,NoButton,Drag,430,241
10.111,10.111,NoButton,Drag,422,263
10.128,10.128,NoButton,Drag,405,291
10.144,10.144,NoButton,Drag,391,309
10.162,10.162,NoButton,Drag,380,325
10.179,10.179,NoButton,Drag,372,337
10.195,10.195,NoButton,Drag,365,346
10.212,10.212,NoButton,Drag,355,357
10.228,10.228,NoButton,Drag,347,364
10.246,10.246,NoButton,Drag,343,368
10.262,10.262,NoButton,Drag,342,369
10.279,10.279,NoButton,Drag,342,369
10.299,10.299,NoButton,Drag,342,369
10.312,10.312,NoButton,Drag,341,368
10.328,10.328,NoButton,Drag,341,365
10.345,10.345,NoButton,Drag,339,360
10.362,10.362,NoButton,Drag,339,356
10.379,10.379,NoButton,Drag,339,350
10.395,10.395,NoButton,Drag,340,344
10.412,10.412,NoButton,Drag,341,339
10.429,10.429,NoButton,Drag,341,336
10.445,10.445,NoButton,Drag,341,335
10.484,10.484,NoButton,Drag,341,335
10.49,10.49,Left,Pressed,341,335
10.496,10.496,NoButton,Drag,341,335
10.509,10.509,NoButton,Drag,341,335
10.598,10.598,Left,Released,341,335
10.606,10.606,NoButton,Drag,342,335
10.61,10.61,NoButton,Drag,342,335
10.617,10.617,NoButton,Drag,342,335
10.63,10.63,NoButton,Drag,344,335
10.646,10.646,NoButton,Drag,357,335
10.662,10.662,NoButton,Drag,373,342
10.838,10.838,NoButton,Drag,376,343
10.841,10.841,NoButton,Drag,386,346
10.846,10.846,NoButton,Drag,394,350
10.864,10.864,NoButton,Drag,397,351
10.879,10.879,NoButton,Drag,388,352
10.896,10.896,NoButton,Drag,316,379
10.914,10.914,NoButton,Drag,0,460
10.93,10.93,NoButton,Drag,0,539
10.946,10.946,NoButton,Drag,0,631
10.963,10.963,NoButton,Drag,0,716
10.979,10.979,NoButton,Drag,0,798
10.997,10.997,NoButton,Drag,0,875
11.014,11.014,NoButton,Drag,0,899
11.03,11.03,NoButton,Drag,20,899
11.048,11.048,NoButton,Drag,158,899
11.064,11.064,NoButton,Drag,470,897
11.081,11.081,NoButton,Drag,954,836
11.098,11.098,NoButton,Drag,1326,766
11.115,11.115,NoButton,Drag,1439,701
11.131,11.131,NoButton,Drag,1439,656
11.148,11.148,NoButton,Drag,1439,638
11.164,11.164,NoButton,Drag,1423,625
11.18,11.18,NoButton,Drag,1357,597
11.198,11.198,NoButton,Drag,1211,572
11.215,11.215,NoButton,Drag,1022,555
11.232,11.232,NoButton,Drag,879,533
11.249,11.249,NoButton,Drag,855,523
11.265,11.265,NoButton,Drag,860,520
11.283,11.283,NoButton,Drag,907,496
11.299,11.299,NoButton,Drag,1095,427
11.316,11.316,NoButton,Drag,1439,283
11.332,11.332,NoButton,Drag,1439,171
11.349,11.349,NoButton,Drag,1439,94
11.366,11.366,NoButton,Drag,1439,50
11.383,11.383,NoButton,Drag,1439,31
11.399,11.399,NoButton,Drag,1426,18
11.416,11.416,NoButton,Drag,1306,0
11.433,11.433,NoButton,Drag,1075,1
11.45,11.45,NoButton,Drag,774,21
11.466,11.466,NoButton,Drag,485,58
11.487,11.487,NoButton,Drag,81,115
11.504,11.504,NoButton,Drag,0,153
11.52,11.52,NoButton,Drag,0,177
11.538,11.538,NoButton,Drag,0,184
11.554,11.554,NoButton,Drag,0,185
11.571,11.571,NoButton,Drag,8,185
11.587,11.587,NoButton,Drag,55,173
11.604,11.604,NoButton,Drag,209,129
11.621,11.621,NoButton,Drag,365,80
11.637,11.637,NoButton,Drag,509,35
11.654,11.654,NoButton,Drag,635,0
11.672,11.672,NoButton,Drag,689,0
11.688,11.688,NoButton,Drag,704,0
11.704,11.704,NoButton,Drag,704,1
11.724,11.724,NoButton,Drag,680,19
11.738,11.738,NoButton,Drag,610,56
11.757,11.757,NoButton,Drag,498,103
11.773,11.773,NoButton,Drag,380,156
11.79,11.79,NoButton,Drag,279,212
11.806,11.806,NoButton,Drag,232,251
11.823,11.823,NoButton,Drag,209,290
11.84,11.84,NoButton,Drag,208,320
11.857,11.857,NoButton,Drag,230,347
11.873,11.873,NoButton,Drag,297,374
11.89,11.89,NoButton,Drag,372,380
11.906,11.906,NoButton,Drag,449,377
11.923,11.923,NoButton,Drag,504,364
11.94,11.94,NoButton,Drag,524,355
11.957,11.957,NoButton,Drag,524,353
11.974,11.974,NoButton,Drag,510,347
11.991,11.991,NoButton,Drag,458,339
12.007,12.007,NoButton,Drag,347,329
12.024,12.024,NoButton,Drag,226,324
12.041,12.041,NoButton,Drag,151,324
12.058,12.058,NoButton,Drag,119,327
12.074,12.074,NoButton,Drag,119,327
12.092,12.092,NoButton,Drag,120,328
12.108,12.108,NoButton,Drag,131,328
12.125,12.125,NoButton,Drag,149,323
12.141,12.141,NoButton,Drag,165,317
12.158,12.158,NoButton,Drag,178,309
12.175,12.175,NoButton,Drag,184,305
12.192,12.192,NoButton,Drag,186,302
12.208,12.208,NoButton,Drag,187,301
12.251,12.251,NoButton,Drag,187,301
12.255,12.255,NoButton,Drag,187,302
12.261,12.261,NoButton,Drag,187,302
12.275,12.275,NoButton,Drag,190,306
12.292,12.292,NoButton,Drag,199,316
12.309,12.309,NoButton,Drag,208,326
12.326,12.326,NoButton,Drag,220,337
12.342,12.342,NoButton,Drag,231,347
12.358,12.358,NoButton,Drag,241,354
12.375,12.375,NoButton,Drag,252,361
12.392,12.392,NoButton,Drag,261,363
12.409,12.409,NoButton,Drag,270,363
12.425,12.425,NoButton,Drag,282,360
12.444,12.444,NoButton,Drag,301,355
12.459,12.459,NoButton,Drag,315,350
12.475,12.475,NoButton,Drag,339,340
12.492,12.492,NoButton,Drag,358,335
12.508,12.508,NoButton,Drag,372,331
12.525,12.525,NoButton,Drag,380,329
12.542,12.542,NoButton,Drag,381,329
12.559,12.559,NoButton,Drag,381,329
12.576,12.576,NoButton,Drag,381,329
12.592,12.592,NoButton,Drag,379,330
12.609,12.609,NoButton,Drag,376,332
12.625,12.625,NoButton,Drag,375,333
12.642,12.642,NoButton,Drag,374,334
12.659,12.659,NoButton,Drag,374,335
12.675,12.675,NoButton,Drag,374,337
12.692,12.692,NoButton,Drag,371,339
12.709,12.709,NoButton,Drag,368,341
12.726,12.726,NoButton,Drag,362,343
12.742,12.742,NoButton,Drag,355,345
12.759,12.759,NoButton,Drag,349,346
12.775,12.775,NoButton,Drag,342,348
12.792,12.792,NoButton,Drag,337,349
12.809,12.809,NoButton,Drag,333,351
12.826,12.826,NoButton,Drag,330,351
12.873,12.873,NoButton,Drag,329,351
12.902,12.902,Left,Pressed,329,351
12.909,12.909,NoButton,Drag,329,351
12.913,12.913,NoButton,Drag,329,351
12.917,12.917,NoButton,Drag,329,351
12.921,12.921,NoButton,Drag,329,350
12.929,12.929,NoButton,Drag,329,350
13.026,13.026,Left,Released,329,350
13.038,13.038,NoButton,Drag,329,350
13.057,13.057,NoButton,Drag,329,350
13.07,13.07,NoButton,Drag,329,349
13.076,13.076,NoButton,Drag,329,349
13.092,13.092,NoButton,Drag,329,348
13.109,13.109,NoButton,Drag,330,347
13.126,13.126,NoButton,Drag,332,345
13.143,13.143,NoButton,Drag,334,343
13.159,13.159,NoButton,Drag,336,341
13.175,13.175,NoButton,Drag,338,340
13.192,13.192,NoButton,Drag,341,339
13.209,13.209,NoButton,Drag,345,337
13.226,13.226,NoButton,Drag,357,335
13.244,13.244,NoButton,Drag,375,331
13.261,13.261,NoButton,Drag,419,325
13.277,13.277,NoButton,Drag,517,315
13.294,13.294,NoButton,Drag,747,282
13.31,13.31,NoButton,Drag,1005,230
13.328,13.328,NoButton,Drag,1277,163
13.344,13.344,NoButton,Drag,1439,90
13.361,13.361,NoButton,Drag,1439,16
13.378,13.378,NoButton,Drag,1439,0
13.394,13.394,NoButton,Drag,1439,0
13.411,13.411,NoButton,Drag,1439,0
13.428,13.428,NoButton,Drag,1430,0
13.444,13.444,NoButton,Drag,1388,0
13.46,13.46,NoButton,Drag,1293,0
13.476,13.476,NoButton,Drag,1148,0
13.493,13.493,NoButton,Drag,992,0
13.51,13.51,NoButton,Drag,840,10
13.527,13.527,NoButton,Drag,744,33
13.543,13.543,NoButton,Drag,703,48
13.56,13.56,NoButton,Drag,700,52
13.577,13.577,NoButton,Drag,716,58
13.594,13.594,NoButton,Drag,776,63
13.61,13.61,NoButton,Drag,891,62
13.627,13.627,NoButton,Drag,1019,52
13.643,13.643,NoButton,Drag,1125,39
13.66,13.66,NoButton,Drag,1207,29
13.676,13.676,NoButton,Drag,1221,27
13.693,13.693,NoButton,Drag,1222,27
13.71,13.71,NoButton,Drag,1214,30
13.727,13.727,NoButton,Drag,1182,40
13.742,13.742,NoButton,Drag,1132,55
13.759,13.759,NoButton,Drag,1092,68
13.776,13.776,NoButton,Drag,1080,73
13.792,13.792,NoButton,Drag,1079,74
13.809,13.809,NoButton,Drag,1090,75
13.826,13.826,NoButton,Drag,1118,73
13.843,13.843,NoButton,Drag,1154,67
13.859,13.859,NoButton,Drag,1175,63
13.876,13.876,NoButton,Drag,1179,62
13.892,13.892,NoButton,Drag,1180,62
13.909,13.909,NoButton,Drag,1176,62
13.926,13.926,NoButton,Drag,1162,65
13.943,13.943,NoButton,Drag,1142,69
13.959,13.959,NoButton,Drag,1127,74
13.976,13.976,NoButton,Drag,1124,75
13.993,13.993,NoButton,Drag,1123,76
14.009,14.009,NoButton,Drag,1122,78
14.026,14.026,NoButton,Drag,1122,79
14.042,14.042,NoButton,Drag,1120,82
14.06,14.06,NoButton,Drag,1118,84
14.075,14.075,NoButton,Drag,1116,86
14.092,14.092,NoButton,Drag,1115,86
14.138,14.138,Left,Pressed,1115,86
14.158,14.158,NoButton,Drag,1115,86
14.173,14.173,NoButton,Drag,1115,86
14.177,14.177,NoButton,Drag,1114,86
14.186,14.186,NoButton,Drag,1114,86
14.189,14.189,NoButton,Drag,1114,86
14.193,14.193,NoButton,Drag,1114,85
14.197,14.197,NoButton,Drag,1113,85
14.201,14.201,NoButton,Drag,1113,85
14.205,14.205,NoButton,Drag,1113,85
14.209,14.209,NoButton,Drag,1112,84
14.213,14.213,NoButton,Drag,1112,84
14.217,14.217,NoButton,Drag,1112,84
14.222,14.222,Left,Released,1112,84
14.223,14.223,NoButton,Drag,1111,84
14.225,14.225,NoButton,Drag,1111,83
14.242,14.242,NoButton,Drag,1109,83
14.259,14.259,NoButton,Drag,1106,82
14.276,14.276,NoButton,Drag,1105,82
14.292,14.292,NoButton,Drag,1102,82
14.309,14.309,NoButton,Drag,1099,82
14.326,14.326,NoButton,Drag,1092,82
14.342,14.342,NoButton,Drag,1088,82
14.359,14.359,NoButton,Drag,1084,82
14.376,14.376,NoButton,Drag,1083,82
14.397,14.397,NoButton,Drag,1082,83
14.434,14.434,Left,Pressed,1082,83
14.505,14.505,NoButton,Drag,1082,82
14.516,14.516,Left,Released,1082,82
14.53,14.53,NoButton,Drag,1082,82
14.543,14.543,NoButton,Drag,1082,82
14.547,14.547,NoButton,Drag,1082,83
14.56,14.56,NoButton,Drag,1081,84
14.577,14.577,NoButton,Drag,1082,88
14.594,14.594,NoButton,Drag,1084,94
14.61,14.61,NoButton,Drag,1092,102
14.627,14.627,NoButton,Drag,1107,115
14.644,14.644,NoButton,Drag,1151,137
14.661,14.661,NoButton,Drag,1201,157
14.678,14.678,NoButton,Drag,1234,175
14.694,14.694,NoButton,Drag,1245,187
14.711,14.711,NoButton,Drag,1243,198
14.727,14.727,NoButton,Drag,1206,223
14.744,14.744,NoButton,Drag,1109,258
14.763,14.763,NoButton,Drag,913,304
14.779,14.779,NoButton,Drag,631,357
14.796,14.796,NoButton,Drag,181,413
14.813,14.813,NoButton,Drag,0,446
14.829,14.829,NoButton,Drag,0,474
14.846,14.846,NoButton,Drag,0,487
14.862,14.862,NoButton,Drag,3,490
14.879,14.879,NoButton,Drag,60,491
14.896,14.896,NoButton,Drag,323,446
14.912,14.912,NoButton,Drag,616,381
14.929,14.929,NoButton,Drag,876,315
14.946,14.946,NoButton,Drag,1037,263
14.964,14.964,NoButton,Drag,1098,234
14.979,14.979,NoButton,Drag,1103,225
14.997,14.997,NoButton,Drag,1081,210
15.014,15.014,NoButton,Drag,1019,190
15.031,15.031,NoButton,Drag,929,174
15.047,15.047,NoButton,Drag,852,159
15.063,15.063,NoButton,Drag,811,148
15.08,15.08,NoButton,Drag,809,146
15.097,15.097,NoButton,Drag,811,144
15.113,15.113,NoButton,Drag,828,135
15.131,15.131,NoButton,Drag,852,129
15.148,15.148,NoButton,Drag,862,126
15.163,15.163,NoButton,Drag,863,126
15.18,15.18,NoButton,Drag,855,128
15.197,15.197,NoButton,Drag,817,134
15.214,15.214,NoButton,Drag,741,142
15.232,15.232,NoButton,Drag,683,147
15.247,15.247,NoButton,Drag,634,154
15.265,15.265,NoButton,Drag,594,161
15.281,15.281,NoButton,Drag,559,169
15.298,15.298,NoButton,Drag,547,174
15.316,15.316,NoButton,Drag,544,175
15.382,15.382,NoButton,Drag,543,176
15.385,15.385,NoButton,Drag,543,176
15.398,15.398,NoButton,Drag,542,178
15.414,15.414,NoButton,Drag,538,181
15.432,15.432,NoButton,Drag,535,183
15.448,15.448,NoButton,Drag,534,184
15.465,15.465,NoButton,Drag,533,185
15.482,15.482,NoButton,Drag,528,187
15.499,15.499,NoButton,Drag,521,190
15.516,15.516,NoButton,Drag,511,194
15.532,15.532,NoButton,Drag,499,197
15.549,15.549,NoButton,Drag,490,199
15.565,15.565,NoButton,Drag,482,200
15.582,15.582,NoButton,Drag,478,201
15.598,15.598,NoButton,Drag,477,201
15.658,15.658,NoButton,Drag,477,201
15.662,15.662,NoButton,Drag,477,201
15.67,15.67,NoButton,Drag,477,201
15.682,15.682,NoButton,Drag,476,200
15.699,15.699,NoButton,Drag,476,199
15.716,15.716,NoButton,Drag,474,196
15.732,15.732,NoButton,Drag,472,193
15.749,15.749,NoButton,Drag,471,191
15.766,15.766,NoButton,Drag,470,190
15.782,15.782,NoButton,Drag,470,189
15.799,15.799,NoButton,Drag,470,189
15.824,15.824,NoButton,Drag,469,188
15.832,15.832,NoButton,Drag,469,188
15.849,15.849,NoButton,Drag,467,188
15.866,15.866,NoButton,Drag,464,188
15.883,15.883,NoButton,Drag,463,188
15.941,15.941,Left,Pressed,463,188
16.08,16.08,Left,Released,463,188
16.1,16.1,NoButton,Drag,463,188
16.111,16.111,NoButton,Drag,463,188
16.119,16.119,NoButton,Drag,463,188
16.134,16.134,NoButton,Drag,462,188
16.151,16.151,NoButton,Drag,460,188
16.168,16.168,NoButton,Drag,452,189
16.184,16.184,NoButton,Drag,445,191
16.201,16.201,NoButton,Drag,442,192
16.218,16.218,NoButton,Drag,442,192
16.315,16.315,Left,Pressed,442,192
16.442,16.442,Left,Released,442,192
16.465,16.465,NoButton,Drag,442,192
16.469,16.469,NoButton,Drag,442,191
16.482,16.482,NoButton,Drag,442,191
16.499,16.499,NoButton,Drag,443,191
16.516,16.516,NoButton,Drag,443,190
16.531,16.531,NoButton,Drag,443,190
16.548,16.548,NoButton,Drag,443,189
16.565,16.565,NoButton,Drag,444,188
16.582,16.582,NoButton,Drag,449,186
16.599,16.599,NoButton,Drag,469,182
16.616,16.616,NoButton,Drag,531,178
16.631,16.631,NoButton,Drag,651,174
16.648,16.648,NoButton,Drag,779,170
16.666,16.666,NoButton,Drag,872,169
16.682,16.682,NoButton,Drag,888,172
16.699,16.699,NoButton,Drag,887,174
16.715,16.715,NoButton,Drag,858,188
16.734,16.734,NoButton,Drag,715,227
16.751,16.751,NoButton,Drag,521,272
16.768,16.768,NoButton,Drag,347,319
16.784,16.784,NoButton,Drag,224,364
16.801,16.801,NoButton,Drag,162,400
16.819,16.819,NoButton,Drag,147,431
16.835,16.835,NoButton,Drag,167,456
16.851,16.851,NoButton,Drag,237,484
16.868,16.868,NoButton,Drag,396,496
16.884,16.884,NoButton,Drag,511,490
16.901,16.901,NoButton,Drag,555,481
16.919,16.919,NoButton,Drag,561,476
16.935,16.935,NoButton,Drag,559,474
16.952,16.952,NoButton,Drag,548,463
16.968,16.968,NoButton,Drag,529,451
16.985,16.985,NoButton,Drag,509,441
17.004,17.004,NoButton,Drag,505,439
17.023,17.023,NoButton,Drag,506,439
17.038,17.038,NoButton,Drag,507,438
17.054,17.054,NoButton,Drag,510,435
17.071,17.071,NoButton,Drag,517,428
17.088,17.088,NoButton,Drag,521,421
17.104,17.104,NoButton,Drag,521,416
17.121,17.121,NoButton,Drag,520,409
17.137,17.137,NoButton,Drag,518,403
17.155,17.155,NoButton,Drag,517,401
17.171,17.171,NoButton,Drag,516,399
17.187,17.187,NoButton,Drag,515,398
17.204,17.204,NoButton,Drag,515,397
17.221,17.221,NoButton,Drag,516,396
17.239,17.239,NoButton,Drag,516,396
17.255,17.255,NoButton,Drag,516,396
17.272,17.272,NoButton,Drag,516,395
17.29,17.29,NoButton,Drag,516,395
17.306,17.306,NoButton,Drag,516,394
17.344,17.344,NoButton,Drag,516,394
17.36,17.36,NoButton,Drag,515,394
17.373,17.373,NoButton,Drag,515,393
17.389,17.389,NoButton,Drag,515,391
17.406,17.406,NoButton,Drag,514,389
17.422,17.422,NoButton,Drag,513,387
17.439,17.439,NoButton,Drag,513,386
17.456,17.456,NoButton,Drag,512,384
17.472,17.472,NoButton,Drag,512,383
17.586,17.586,Left,Pressed,512,383
17.598,17.598,NoButton,Drag,512,383
17.678,17.678,NoButton,Drag,512,383
17.682,17.682,NoButton,Drag,511,383
17.686,17.686,NoButton,Drag,509,384
17.689,17.689,NoButton,Drag,506,384
17.693,17.693,NoButton,Drag,500,384
17.697,17.697,NoButton,Drag,492,386
17.701,17.701,NoButton,Drag,483,387
17.705,17.705,NoButton,Drag,469,390
17.709,17.709,NoButton,Drag,453,393
17.713,17.713,NoButton,Drag,430,397
17.717,17.717,NoButton,Drag,404,400
17.721,17.721,NoButton,Drag,372,403
17.726,17.726,Left,Released,372,403
17.726,17.726,NoButton,Drag,337,405
17.741,17.741,NoButton,Drag,214,412
17.757,17.757,NoButton,Drag,0,421
17.774,17.774,NoButton,Drag,0,430
17.791,17.791,NoButton,Drag,0,441
17.807,17.807,NoButton,Drag,0,450
17.825,17.825,NoButton,Drag,3,453
17.841,17.841,NoButton,Drag,80,467
17.858,17.858,NoButton,Drag,527,483
17.874,17.874,NoButton,Drag,1095,475
17.89,17.89,NoButton,Drag,1439,426
17.907,17.907,NoButton,Drag,1439,386
17.924,17.924,NoButton,Drag,1439,380
17.941,17.941,NoButton,Drag,1437,380
17.958,17.958,NoButton,Drag,1348,397
17.974,17.974,NoButton,Drag,1079,423
17.995,17.995,NoButton,Drag,568,455
18.011,18.011,NoButton,Drag,227,477
18.028,18.028,NoButton,Drag,1,497
18.045,18.045,NoButton,Drag,0,503
18.062,18.062,NoButton,Drag,3,506
18.078,18.078,NoButton,Drag,43,505
18.094,18.094,NoButton,Drag,161,494
18.111,18.111,NoButton,Drag,323,464
18.128,18.128,NoButton,Drag,485,414
18.145,18.145,NoButton,Drag,525,394
18.162,18.162,NoButton,Drag,523,385
18.178,18.178,NoButton,Drag,491,368
18.195,18.195,NoButton,Drag,401,336
18.212,18.212,NoButton,Drag,223,296
18.228,18.228,NoButton,Drag,94,270
18.245,18.245,NoButton,Drag,21,252
18.263,18.263,NoButton,Drag,0,241
18.28,18.28,NoButton,Drag,0,237
18.297,18.297,NoButton,Drag,1,233
18.314,18.314,NoButton,Drag,6,228
18.33,18.33,NoButton,Drag,16,224
18.347,18.347,NoButton,Drag,34,221
18.364,18.364,NoButton,Drag,71,222
18.38,18.38,NoButton,Drag,109,228
18.397,18.397,NoButton,Drag,148,235
18.415,18.415,NoButton,Drag,184,240
18.431,18.431,NoButton,Drag,211,243
18.447,18.447,NoButton,Drag,225,245
18.465,18.465,NoButton,Drag,226,245
18.493,18.493,NoButton,Drag,227,245
18.501,18.501,NoButton,Drag,227,246
18.515,18.515,NoButton,Drag,225,246
18.532,18.532,NoButton,Drag,224,246
18.549,18.549,NoButton,Drag,223,247
18.565,18.565,NoButton,Drag,223,249
18.582,18.582,NoButton,Drag,224,254
18.598,18.598,NoButton,Drag,225,257
18.616,18.616,NoButton,Drag,228,266
18.632,18.632,NoButton,Drag,239,278
18.649,18.649,NoButton,Drag,262,295
18.665,18.665,NoButton,Drag,303,311
18.682,18.682,NoButton,Drag,368,325
18.698,18.698,NoButton,Drag,427,328
18.715,18.715,NoButton,Drag,475,328
18.731,18.731,NoButton,Drag,501,328
18.749,18.749,NoButton,Drag,508,328
18.77,18.77,NoButton,Drag,508,328
18.783,18.783,NoButton,Drag,507,328
18.799,18.799,NoButton,Drag,502,327
18.816,18.816,NoButton,Drag,495,326
18.832,18.832,NoButton,Drag,492,326
18.943,18.943,NoButton,Drag,491,326
18.946,18.946,NoButton,Drag,491,326
18.95,18.95,NoButton,Drag,491,326
18.966,18.966,NoButton,Drag,489,328
18.983,18.983,NoButton,Drag,487,333
18.999,18.999,NoButton,Drag,486,339
19.016,19.016,NoButton,Drag,486,347
19.033,19.033,NoButton,Drag,488,359
19.05,19.05,NoButton,Drag,498,374
19.066,19.066,NoButton,Drag,509,385
19.083,19.083,NoButton,Drag,521,395
19.099,19.099,NoButton,Drag,529,401
19.116,19.116,NoButton,Drag,531,404
19.133,19.133,NoButton,Drag,531,405
19.15,19.15,NoButton,Drag,531,406
19.166,19.166,NoButton,Drag,529,406
19.183,19.183,NoButton,Drag,524,404
19.2,19.2,NoButton,Drag,520,402
19.216,19.216,NoButton,Drag,519,401
19.234,19.234,NoButton,Drag,519,401
19.25,19.25,NoButton,Drag,519,400
19.267,19.267,NoButton,Drag,518,399
19.285,19.285,NoButton,Drag,518,398
19.3,19.3,NoButton,Drag,518,396
19.317,19.317,NoButton,Drag,518,395
19.333,19.333,NoButton,Drag,517,394
19.35,19.35,NoButton,Drag,517,393
19.367,19.367,NoButton,Drag,516,391
19.383,19.383,NoButton,Drag,516,390
19.4,19.4,NoButton,Drag,516,388
19.417,19.417,NoButton,Drag,516,386
19.434,19.434,NoButton,Drag,515,385
19.451,19.451,NoButton,Drag,515,384
19.467,19.467,NoButton,Drag,515,384
19.483,19.483,NoButton,Drag,515,383
19.501,19.501,NoButton,Drag,515,383
19.515,19.515,NoButton,Drag,515,383
19.533,19.533,NoButton,Drag,514,383
19.549,19.549,NoButton,Drag,514,383
19.565,19.565,NoButton,Drag,513,382
19.582,19.582,NoButton,Drag,513,382
19.658,19.658,Left,Pressed,513,382
19.669,19.669,NoButton,Drag,513,382
19.688,19.688,NoButton,Drag,513,382
19.725,19.725,NoButton,Drag,513,382
19.734,19.734,NoButton,Drag,513,381
19.746,19.746,NoButton,Drag,512,381
19.767,19.767,Left,Released,512,381
19.768,19.768,NoButton,Drag,512,381
19.79,19.79,NoButton,Drag,512,381
19.798,19.798,NoButton,Drag,512,380
19.814,19.814,NoButton,Drag,512,379
19.83,19.83,NoButton,Drag,514,377
19.848,19.848,NoButton,Drag,520,373
19.864,19.864,NoButton,Drag,534,369
19.88,19.88,NoButton,Drag,559,362
19.897,19.897,NoButton,Drag,587,355
19.914,19.914,NoButton,Drag,617,347
19.931,19.931,NoButton,Drag,629,344
19.947,19.947,NoButton,Drag,632,344
19.977,19.977,NoButton,Drag,632,344
19.985,19.985,NoButton,Drag,632,344
19.993,19.993,NoButton,Drag,632,344
20.01,20.01,NoButton,Drag,626,352
20.026,20.026,NoButton,Drag,620,363
20.044,20.044,NoButton,Drag,615,382
20.059,20.059,NoButton,Drag,618,412
20.077,20.077,NoButton,Drag,640,461
20.093,20.093,NoButton,Drag,693,524
20.11,20.11,NoButton,Drag,822,619
20.126,20.126,NoButton,Drag,972,691
20.143,20.143,NoButton,Drag,1137,756
20.158,20.158,NoButton,Drag,1269,805
20.16,20.16,Left,Pressed,1269,805
20.161,20.161,NoButton,Drag,1311,820
20.162,20.162,NoButton,Drag,1351,834
20.165,20.165,NoButton,Drag,1389,849
20.169,20.169,NoButton,Drag,1417,861
20.173,20.173,NoButton,Drag,1439,872
20.177,20.177,NoButton,Drag,1439,883
20.181,20.181,NoButton,Drag,1439,894
20.185,20.185,NoButton,Drag,1439,899
20.19,20.19,NoButton,Drag,1439,899
20.193,20.193,NoButton,Drag,1439,899
20.197,20.197,NoButton,Drag,1439,899
20.201,20.201,NoButton,Drag,1439,899
20.205,20.205,NoButton,Drag,1439,899
20.209,20.209,NoButton,Drag,1439,899
20.213,20.213,NoButton,Drag,1439,899
20.217,20.217,NoButton,Drag,1439,899
20.222,20.222,NoButton,Drag,1439,899
20.225,20.225,NoButton,Drag,1439,899
20.229,20.229,NoButton,Drag,1438,899
20.233,20.233,NoButton,Drag,1436,899
20.238,20.238,Left,Released,1436,899
20.239,20.239,NoButton,Drag,1435,899
20.241,20.241,NoButton,Drag,1433,899
20.258,20.258,NoButton,Drag,1423,899
20.275,20.275,NoButton,Drag,1415,899
20.291,20.291,NoButton,Drag,1413,899
20.308,20.308,NoButton,Drag,1417,899
20.325,20.325,NoButton,Drag,1427,899
20.341,20.341,NoButton,Drag,1439,899
20.358,20.358,NoButton,Drag,1439,899
20.375,20.375,NoButton,Drag,1439,899
20.392,20.392,NoButton,Drag,1439,899
20.407,20.407,NoButton,Drag,1439,899
20.424,20.424,NoButton,Drag,1439,899
20.441,20.441,NoButton,Drag,1439,899
20.528,20.528,NoButton,Drag,1397,891
20.529,20.529,NoButton,Drag,1397,891
20.541,20.541,NoButton,Drag,1384,886
20.558,20.558,NoButton,Drag,1362,877
20.575,20.575,NoButton,Drag,1346,872
20.591,20.591,NoButton,Drag,1341,870
20.607,20.607,NoButton,Drag,1341,869
20.648,20.648,NoButton,Drag,1341,869
20.655,20.655,NoButton,Drag,1341,869
20.659,20.659,NoButton,Drag,1341,869
20.674,20.674,NoButton,Drag,1337,868
20.691,20.691,NoButton,Drag,1327,865
20.707,20.707,NoButton,Drag,1305,860
20.724,20.724,NoButton,Drag,1274,853
20.741,20.741,NoButton,Drag,1228,839
20.757,20.757,NoButton,Drag,1187,828
20.774,20.774,NoButton,Drag,1167,821
20.791,20.791,NoButton,Drag,1166,820
20.805,20.805,NoButton,Drag,1168,818
20.82,20.82,NoButton,Drag,1175,812
20.836,20.836,NoButton,Drag,1187,806
20.852,20.852,NoButton,Drag,1198,801
20.868,20.868,NoButton,Drag,1204,798
20.884,20.884,NoButton,Drag,1204,797
20.902,20.902,NoButton,Drag,1204,797
20.918,20.918,NoButton,Drag,1204,796
20.934,20.934,NoButton,Drag,1204,796
20.957,20.957,NoButton,Drag,1203,795
20.981,20.981,NoButton,Drag,1203,795
20.985,20.985,NoButton,Drag,1203,795
21.001,21.001,NoButton,Drag,1201,796
21.018,21.018,NoButton,Drag,1198,797
21.034,21.034,NoButton,Drag,1193,800
21.051,21.051,NoButton,Drag,1188,806
21.068,21.068,NoButton,Drag,1179,815
21.084,21.084,NoButton,Drag,1166,827
21.101,21.101,NoButton,Drag,1149,840
21.118,21.118,NoButton,Drag,1137,848
21.134,21.134,NoButton,Drag,1127,853
21.152,21.152,NoButton,Drag,1120,855
21.169,21.169,NoButton,Drag,1119,855
21.189,21.189,NoButton,Drag,1118,855
21.202,21.202,NoButton,Drag,1118,855
21.218,21.218,NoButton,Drag,1119,850
21.234,21.234,NoButton,Drag,1121,843
21.251,21.251,NoButton,Drag,1124,836
21.269,21.269,NoButton,Drag,1128,829
21.285,21.285,NoButton,Drag,1132,823
21.301,21.301,NoButton,Drag,1134,819
21.319,21.319,NoButton,Drag,1135,818
21.334,21.334,NoButton,Drag,1135,817
21.352,21.352,NoButton,Drag,1135,817
21.368,21.368,NoButton,Drag,1137,816
21.385,21.385,NoButton,Drag,1138,815
21.401,21.401,NoButton,Drag,1139,815
21.46,21.46,NoButton,Drag,1139,815
21.475,21.475,NoButton,Drag,1139,815
21.485,21.485,NoButton,Drag,1140,815
21.492,21.492,NoButton,Drag,1140,815
21.502,21.502,Left,Pressed,1140,815
21.502,21.502,NoButton,Drag,1140,815
21.507,21.507,NoButton,Drag,1141,815
21.511,21.511,NoButton,Drag,1141,816
21.551,21.551,NoButton,Drag,1141,816
21.6,21.6,Left,Released,1141,816
21.656,21.656,NoButton,Drag,1141,815
21.659,21.659,NoButton,Drag,1142,815
21.669,21.669,NoButton,Drag,1142,815
21.686,21.686,NoButton,Drag,1143,813
21.703,21.703,NoButton,Drag,1144,812
21.719,21.719,NoButton,Drag,1146,810
21.736,21.736,NoButton,Drag,1154,805
21.75,21.75,NoButton,Drag,1161,802
21.766,21.766,NoButton,Drag,1174,796
21.783,21.783,NoButton,Drag,1188,790
21.8,21.8,NoButton,Drag,1209,782
21.816,21.816,NoButton,Drag,1227,775
21.833,21.833,NoButton,Drag,1250,765
21.85,21.85,NoButton,Drag,1278,755
21.866,21.866,NoButton,Drag,1319,740
21.884,21.884,NoButton,Drag,1380,717
21.9,21.9,NoButton,Drag,1424,699
21.916,21.916,NoButton,Drag,1439,680
21.933,21.933,NoButton,Drag,1439,660
21.95,21.95,NoButton,Drag,1439,641
21.967,21.967,NoButton,Drag,1439,627
21.983,21.983,NoButton,Drag,1439,621
22,22,NoButton,Drag,1439,619
22.016,22.016,NoButton,Drag,1438,618
22.033,22.033,NoButton,Drag,1434,618
22.05,22.05,NoButton,Drag,1424,619
22.066,22.066,NoButton,Drag,1414,620
22.083,22.083,NoButton,Drag,1402,623
22.099,22.099,NoButton,Drag,1391,626
22.116,22.116,NoButton,Drag,1382,628
22.133,22.133,NoButton,Drag,1375,630
22.15,22.15,NoButton,Drag,1365,632
22.167,22.167,NoButton,Drag,1352,634
22.183,22.183,NoButton,Drag,1337,635
22.2,22.2,NoButton,Drag,1323,636
22.217,22.217,NoButton,Drag,1314,638
22.234,22.234,NoButton,Drag,1311,638
22.25,22.25,NoButton,Drag,1310,638
22.306,22.306,NoButton,Drag,1310,639
22.313,22.313,NoButton,Drag,1310,639
22.317,22.317,NoButton,Drag,1310,639
22.333,22.333,NoButton,Drag,1309,639
22.35,22.35,NoButton,Drag,1308,641
22.367,22.367,NoButton,Drag,1305,645
22.383,22.383,NoButton,Drag,1301,651
22.4,22.4,NoButton,Drag,1297,659
22.416,22.416,NoButton,Drag,1293,668
22.433,22.433,NoButton,Drag,1292,675
22.45,22.45,NoButton,Drag,1291,677
22.466,22.466,NoButton,Drag,1291,677
22.537,22.537,NoButton,Drag,1291,677
22.553,22.553,NoButton,Drag,1291,677
22.566,22.566,NoButton,Drag,1292,677
22.583,22.583,NoButton,Drag,1293,677
22.612,22.612,Left,Pressed,1293,677
22.623,22.623,NoButton,Drag,1293,676
22.639,22.639,NoButton,Drag,1293,676
22.643,22.643,NoButton,Drag,1293,676
22.697,22.697,NoButton,Drag,1294,676
22.699,22.699,NoButton,Drag,1294,676
22.703,22.703,NoButton,Drag,1294,675
22.707,22.707,NoButton,Drag,1294,675
22.711,22.711,NoButton,Drag,1294,675
22.715,22.715,NoButton,Drag,1294,675
22.719,22.719,NoButton,Drag,1295,674
22.723,22.723,NoButton,Drag,1294,674
22.727,22.727,NoButton,Drag,1295,674
22.735,22.735,NoButton,Drag,1295,674
22.739,22.739,NoButton,Drag,1295,673
22.744,22.744,Left,Released,1295,673
22.744,22.744,NoButton,Drag,1295,673
22.749,22.749,NoButton,Drag,1295,673
22.766,22.766,NoButton,Drag,1296,672
22.783,22.783,NoButton,Drag,1298,670
22.8,22.8,NoButton,Drag,1300,668
22.816,22.816,NoButton,Drag,1301,667
22.833,22.833,NoButton,Drag,1302,665
22.849,22.849,NoButton,Drag,1304,664
22.866,22.866,NoButton,Drag,1305,663
22.883,22.883,NoButton,Drag,1307,661
22.9,22.9,NoButton,Drag,1310,660
22.916,22.916,NoButton,Drag,1311,660
22.928,22.928,Left,Pressed,1311,660
22.929,22.929,NoButton,Drag,1311,660
22.999,22.999,NoButton,Drag,1311,660
23.024,23.024,Left,Released,1311,660
23.027,23.027,NoButton,Drag,1311,659
23.112,23.112,NoButton,Drag,1311,659
23.115,23.115,NoButton,Drag,1310,659
23.13,23.13,NoButton,Drag,1308,661
23.147,23.147,NoButton,Drag,1305,663
23.163,23.163,NoButton,Drag,1301,667
23.181,23.181,NoButton,Drag,1297,671
23.197,23.197,NoButton,Drag,1297,672
23.214,23.214,NoButton,Drag,1296,672
23.23,23.23,NoButton,Drag,1296,673
23.248,23.248,NoButton,Drag,1296,673
23.266,23.266,NoButton,Drag,1298,674
23.283,23.283,NoButton,Drag,1300,676
23.29,23.29,NoButton,Drag,1300,676
23.298,23.298,Left,Pressed,1300,676
23.299,23.299,NoButton,Drag,1300,676
23.426,23.426,Left,Released,1300,676
23.427,23.427,NoButton,Drag,1300,676
23.434,23.434,NoButton,Drag,1300,676
23.451,23.451,NoButton,Drag,1300,675
23.468,23.468,NoButton,Drag,1299,675
23.484,23.484,NoButton,Drag,1299,674
23.5,23.5,NoButton,Drag,1299,674
23.517,23.517,NoButton,Drag,1299,673
23.533,23.533,NoButton,Drag,1298,673
23.55,23.55,NoButton,Drag,1298,673
23.566,23.566,NoButton,Drag,1298,672
23.614,23.614,NoButton,Drag,1298,672
23.617,23.617,NoButton,Drag,1298,672
23.633,23.633,NoButton,Drag,1300,670
23.65,23.65,NoButton,Drag,1302,669
23.667,23.667,NoButton,Drag,1304,667
23.683,23.683,NoButton,Drag,1304,667
23.7,23.7,NoButton,Drag,1303,665
23.717,23.717,NoButton,Drag,1293,660
23.733,23.733,NoButton,Drag,1243,646
23.748,23.748,NoButton,Drag,1192,635
23.764,23.764,NoButton,Drag,1054,600
23.782,23.782,NoButton,Drag,899,556
23.798,23.798,NoButton,Drag,675,506
23.815,23.815,NoButton,Drag,415,447
23.832,23.832,NoButton,Drag,76,373
23.849,23.849,NoButton,Drag,0,317
23.865,23.865,NoButton,Drag,0,257
23.882,23.882,NoButton,Drag,0,205
23.899,23.899,NoButton,Drag,0,174
23.915,23.915,NoButton,Drag,0,165
23.932,23.932,NoButton,Drag,9,152
23.948,23.948,NoButton,Drag,42,135
23.966,23.966,NoButton,Drag,108,110
23.982,23.982,NoButton,Drag,184,82
23.998,23.998,NoButton,Drag,243,59
24.015,24.015,NoButton,Drag,279,44
24.03,24.03,NoButton,Drag,297,34
24.047,24.047,NoButton,Drag,302,30
24.064,24.064,NoButton,Drag,302,29
24.081,24.081,NoButton,Drag,302,28
24.097,24.097,NoButton,Drag,300,27
24.114,24.114,NoButton,Drag,298,27
24.131,24.131,NoButton,Drag,296,27
24.147,24.147,NoButton,Drag,291,30
24.165,24.165,NoButton,Drag,286,34
24.181,24.181,NoButton,Drag,277,41
24.198,24.198,NoButton,Drag,261,53
24.215,24.215,NoButton,Drag,237,69
24.231,24.231,NoButton,Drag,210,86
24.248,24.248,NoButton,Drag,186,101
24.266,24.266,NoButton,Drag,174,110
24.283,24.283,NoButton,Drag,166,115
24.299,24.299,NoButton,Drag,163,120
24.316,24.316,NoButton,Drag,161,123
24.333,24.333,NoButton,Drag,158,127
24.349,24.349,NoButton,Drag,155,133
24.366,24.366,NoButton,Drag,151,138
24.383,24.383,NoButton,Drag,148,140
24.399,24.399,NoButton,Drag,146,142
24.416,24.416,NoButton,Drag,145,143
24.433,24.433,NoButton,Drag,142,145
24.449,24.449,NoButton,Drag,137,150
24.466,24.466,NoButton,Drag,132,155
24.483,24.483,NoButton,Drag,129,159
24.5,24.5,NoButton,Drag,126,164
24.517,24.517,NoButton,Drag,124,168
24.533,24.533,NoButton,Drag,119,175
24.55,24.55,NoButton,Drag,115,180
24.567,24.567,NoButton,Drag,113,186
24.583,24.583,NoButton,Drag,110,192
24.6,24.6,NoButton,Drag,109,198
24.618,24.618,NoButton,Drag,107,204
24.634,24.634,NoButton,Drag,105,208
24.65,24.65,NoButton,Drag,102,213
24.667,24.667,NoButton,Drag,100,216
24.684,24.684,NoButton,Drag,98,219
24.7,24.7,NoButton,Drag,97,221
24.717,24.717,NoButton,Drag,96,222
24.734,24.734,NoButton,Drag,96,223
24.751,24.751,Left,Pressed,96,223
24.751,24.751,NoButton,Drag,96,224
24.85,24.85,NoButton,Drag,96,225
24.864,24.864,Left,Released,96,225
24.931,24.931,NoButton,Drag,96,225
24.935,24.935,NoButton,Drag,96,225
24.94,24.94,NoButton,Drag,96,225
24.951,24.951,NoButton,Drag,97,226
24.967,24.967,NoButton,Drag,101,229
24.985,24.985,NoButton,Drag,111,232
25.001,25.001,NoButton,Drag,127,236
25.018,25.018,NoButton,Drag,149,240
25.035,25.035,NoButton,Drag,166,244
25.051,25.051,NoButton,Drag,173,247
25.068,25.068,NoButton,Drag,174,247
25.087,25.087,NoButton,Drag,174,247
25.101,25.101,NoButton,Drag,174,248
25.117,25.117,NoButton,Drag,173,251
25.134,25.134,NoButton,Drag,171,256
25.151,25.151,NoButton,Drag,173,269
25.167,25.167,NoButton,Drag,185,299
25.184,25.184,NoButton,Drag,209,336
25.201,25.201,NoButton,Drag,256,388
25.219,25.219,NoButton,Drag,326,445
25.235,25.235,NoButton,Drag,408,508
25.252,25.252,NoButton,Drag,513,583
25.269,25.269,NoButton,Drag,583,625
25.285,25.285,NoButton,Drag,628,657
25.302,25.302,NoButton,Drag,652,675
25.319,25.319,NoButton,Drag,658,685
25.336,25.336,NoButton,Drag,656,689
25.352,25.352,NoButton,Drag,647,695
25.369,25.369,NoButton,Drag,634,700
25.386,25.386,NoButton,Drag,618,704
25.402,25.402,NoButton,Drag,609,706
25.419,25.419,NoButton,Drag,607,706
25.513,25.513,NoButton,Drag,607,706
25.517,25.517,NoButton,Drag,607,705
25.521,25.521,NoButton,Drag,607,705
25.537,25.537,NoButton,Drag,607,702
25.553,25.553,NoButton,Drag,607,699
25.57,25.57,NoButton,Drag,608,691
25.586,25.586,NoButton,Drag,608,687
25.604,25.604,NoButton,Drag,609,683
25.62,25.62,NoButton,Drag,610,682
25.63,25.63,Left,Pressed,610,682
25.649,25.649,NoButton,Drag,610,682
25.657,25.657,NoButton,Drag,610,682
25.661,25.661,NoButton,Drag,610,682
25.665,25.665,NoButton,Drag,611,682
25.669,25.669,NoButton,Drag,611,682
25.673,25.673,NoButton,Drag,611,682
25.677,25.677,NoButton,Drag,611,683
25.681,25.681,NoButton,Drag,611,683
25.685,25.685,NoButton,Drag,612,683
25.689,25.689,NoButton,Drag,612,684
25.733,25.733,NoButton,Drag,612,684
25.75,25.75,Left,Released,612,684
25.793,25.793,NoButton,Drag,612,684
25.797,25.797,NoButton,Drag,612,684
25.806,25.806,NoButton,Drag,614,683
25.822,25.822,NoButton,Drag,627,679
25.839,25.839,NoButton,Drag,665,666
25.856,25.856,NoButton,Drag,728,645
25.872,25.872,NoButton,Drag,805,619
25.889,25.889,NoButton,Drag,907,580
25.906,25.906,NoButton,Drag,989,543
25.923,25.923,NoButton,Drag,1054,513
25.94,25.94,NoButton,Drag,1079,498
25.956,25.956,NoButton,Drag,1082,495
25.973,25.973,NoButton,Drag,1079,493
25.989,25.989,NoButton,Drag,1068,491
26.006,26.006,NoButton,Drag,1050,491
26.025,26.025,NoButton,Drag,1037,491
26.041,26.041,NoButton,Drag,1030,491
26.063,26.063,NoButton,Drag,1030,491
26.075,26.075,NoButton,Drag,1030,491
26.091,26.091,NoButton,Drag,1028,489
26.108,26.108,NoButton,Drag,1025,484
26.125,26.125,NoButton,Drag,1018,473
26.142,26.142,NoButton,Drag,1006,461
26.158,26.158,NoButton,Drag,992,448
26.175,26.175,NoButton,Drag,975,432
26.191,26.191,NoButton,Drag,961,419
26.208,26.208,NoButton,Drag,948,407
26.225,26.225,NoButton,Drag,934,396
26.241,26.241,NoButton,Drag,922,388
26.259,26.259,NoButton,Drag,911,384
26.276,26.276,NoButton,Drag,895,380
26.292,26.292,NoButton,Drag,883,380
26.31,26.31,NoButton,Drag,872,382
26.326,26.326,NoButton,Drag,863,384
26.343,26.343,NoButton,Drag,856,388
26.359,26.359,NoButton,Drag,850,391
26.376,26.376,NoButton,Drag,845,395
26.392,26.392,NoButton,Drag,843,396
26.409,26.409,NoButton,Drag,840,398
26.425,26.425,NoButton,Drag,835,400
26.443,26.443,NoButton,Drag,828,402
26.459,26.459,NoButton,Drag,821,404
26.476,26.476,NoButton,Drag,813,404
26.492,26.492,NoButton,Drag,807,404
26.51,26.51,NoButton,Drag,798,404
26.527,26.527,NoButton,Drag,792,403
26.543,26.543,NoButton,Drag,791,403
26.568,26.568,NoButton,Drag,791,403
26.577,26.577,NoButton,Drag,791,403
26.594,26.594,NoButton,Drag,791,402
26.61,26.61,NoButton,Drag,789,401
26.626,26.626,NoButton,Drag,784,399
26.644,26.644,NoButton,Drag,778,398
26.66,26.66,NoButton,Drag,777,398
26.681,26.681,NoButton,Drag,776,398
26.686,26.686,Left,Pressed,776,398
26.814,26.814,NoButton,Drag,776,398
26.826,26.826,Left,Released,776,398
26.829,26.829,NoButton,Drag,776,398
26.843,26.843,NoButton,Drag,776,398
26.86,26.86,NoButton,Drag,775,398
26.877,26.877,NoButton,Drag,775,398
26.893,26.893,NoButton,Drag,775,398
26.91,26.91,NoButton,Drag,775,398
26.926,26.926,NoButton,Drag,774,398
26.943,26.943,NoButton,Drag,773,399
26.96,26.96,NoButton,Drag,773,402
26.977,26.977,NoButton,Drag,771,406
26.982,26.982,NoButton,Drag,771,408
26.993,26.993,Left,Pressed,771,408
26.994,26.994,NoButton,Drag,770,412
26.997,26.997,NoButton,Drag,769,412
27.001,27.001,NoButton,Drag,769,413
27.005,27.005,NoButton,Drag,769,413
27.009,27.009,NoButton,Drag,769,414
27.013,27.013,NoButton,Drag,769,414
27.017,27.017,NoButton,Drag,769,414
27.025,27.025,NoButton,Drag,768,414
27.029,27.029,NoButton,Drag,768,415
27.033,27.033,NoButton,Drag,768,415
27.037,27.037,NoButton,Drag,768,415
27.041,27.041,NoButton,Drag,768,416
27.045,27.045,NoButton,Drag,767,416
27.049,27.049,NoButton,Drag,767,417
27.053,27.053,NoButton,Drag,766,417
27.057,27.057,NoButton,Drag,765,418
27.061,27.061,NoButton,Drag,763,419
27.065,27.065,NoButton,Drag,761,420
27.069,27.069,NoButton,Drag,759,421
27.074,27.074,Left,Released,759,421
27.074,27.074,NoButton,Drag,757,421
27.081,27.081,NoButton,Drag,751,424
27.098,27.098,NoButton,Drag,737,427
27.114,27.114,NoButton,Drag,715,431
27.131,27.131,NoButton,Drag,683,437
27.148,27.148,NoButton,Drag,638,445
27.165,27.165,NoButton,Drag,581,456
27.181,27.181,NoButton,Drag,518,464
27.198,27.198,NoButton,Drag,435,474
27.215,27.215,NoButton,Drag,381,477
27.232,27.232,NoButton,Drag,345,479
27.248,27.248,NoButton,Drag,336,479
27.267,27.267,NoButton,Drag,335,479
27.325,27.325,NoButton,Drag,335,479
27.328,27.328,NoButton,Drag,335,480
27.332,27.332,NoButton,Drag,334,480
27.337,27.337,Left,Pressed,334,480
27.337,27.337,NoButton,Drag,334,481
27.339,27.339,NoButton,Drag,332,482
27.344,27.344,NoButton,Drag,331,483
27.347,27.347,NoButton,Drag,329,485
27.351,27.351,NoButton,Drag,327,487
27.355,27.355,NoButton,Drag,324,489
27.359,27.359,NoButton,Drag,322,492
27.363,27.363,NoButton,Drag,318,495
27.367,27.367,NoButton,Drag,315,498
27.371,27.371,NoButton,Drag,311,501
27.375,27.375,NoButton,Drag,308,504
27.379,27.379,NoButton,Drag,304,507
27.383,27.383,NoButton,Drag,300,510
27.387,27.387,NoButton,Drag,296,515
27.391,27.391,NoButton,Drag,292,519
27.395,27.395,NoButton,Drag,288,523
27.399,27.399,NoButton,Drag,283,527
27.403,27.403,NoButton,Drag,278,533
27.407,27.407,NoButton,Drag,273,537
27.411,27.411,NoButton,Drag,268,542
27.415,27.415,NoButton,Drag,263,548
27.419,27.419,NoButton,Drag,258,553
27.423,27.423,NoButton,Drag,253,557
27.427,27.427,NoButton,Drag,248,562
27.431,27.431,NoButton,Drag,243,567
27.435,27.435,NoButton,Drag,238,571
27.439,27.439,NoButton,Drag,234,575
27.443,27.443,NoButton,Drag,230,579
27.447,27.447,NoButton,Drag,226,583
27.451,27.451,NoButton,Drag,223,586
27.455,27.455,NoButton,Drag,220,590
27.459,27.459,NoButton,Drag,217,593
27.463,27.463,NoButton,Drag,215,595
27.467,27.467,NoButton,Drag,213,597
27.471,27.471,NoButton,Drag,212,598
27.475,27.475,NoButton,Drag,211,600
27.479,27.479,NoButton,Drag,210,601
27.484,27.484,Left,Released,210,601
27.485,27.485,NoButton,Drag,209,601
27.5,27.5,NoButton,Drag,208,602
27.517,27.517,NoButton,Drag,208,601
27.533,27.533,NoButton,Drag,207,600
27.549,27.549,NoButton,Drag,207,596
27.566,27.566,NoButton,Drag,209,593
27.583,27.583,NoButton,Drag,212,588
27.6,27.6,NoButton,Drag,223,580
27.616,27.616,NoButton,Drag,234,574
27.633,27.633,NoButton,Drag,248,568
27.65,27.65,NoButton,Drag,260,565
27.666,27.666,NoButton,Drag,269,563
27.683,27.683,NoButton,Drag,272,563
27.685,27.685,Left,Pressed,272,563
27.685,27.685,NoButton,Drag,272,563
27.687,27.687,NoButton,Drag,273,563
27.703,27.703,NoButton,Drag,273,563
27.707,27.707,NoButton,Drag,273,564
27.711,27.711,NoButton,Drag,273,564
27.743,27.743,NoButton,Drag,273,564
27.759,27.759,NoButton,Drag,273,564
27.763,27.763,NoButton,Drag,273,565
27.771,27.771,NoButton,Drag,273,565
27.775,27.775,NoButton,Drag,273,565
27.784,27.784,NoButton,Drag,273,565
27.787,27.787,NoButton,Drag,273,566
27.789,27.789,NoButton,Drag,273,566
27.797,27.797,NoButton,Drag,273,566
27.805,27.805,NoButton,Drag,273,566
27.809,27.809,NoButton,Drag,273,567
27.814,27.814,Left,Released,273,567
27.815,27.815,NoButton,Drag,273,567
27.818,27.818,NoButton,Drag,273,567
27.835,27.835,NoButton,Drag,273,568
27.851,27.851,NoButton,Drag,273,568
27.874,27.874,NoButton,Drag,273,568
27.885,27.885,NoButton,Drag,273,569
27.901,27.901,NoButton,Drag,273,570
27.918,27.918,NoButton,Drag,274,574
27.935,27.935,NoButton,Drag,274,577
27.951,27.951,Left,Pressed,274,577
27.951,27.951,NoButton,Drag,275,582
27.953,27.953,NoButton,Drag,275,583
27.957,27.957,NoButton,Drag,276,585
27.961,27.961,NoButton,Drag,276,585
27.966,27.966,NoButton,Drag,276,586
27.969,27.969,NoButton,Drag,276,587
27.973,27.973,NoButton,Drag,276,587
27.977,27.977,NoButton,Drag,276,588
27.981,27.981,NoButton,Drag,276,588
27.985,27.985,NoButton,Drag,277,589
27.989,27.989,NoButton,Drag,277,589
27.993,27.993,NoButton,Drag,277,590
27.997,27.997,NoButton,Drag,277,590
28.002,28.002,Left,Released,277,590
28.002,28.002,NoButton,Drag,277,590
28.015,28.015,NoButton,Drag,277,591
28.032,28.032,NoButton,Drag,277,591
28.147,28.147,Left,Pressed,277,591
28.234,28.234,Left,Released,277,591
28.253,28.253,NoButton,Drag,277,591
28.263,28.263,NoButton,Drag,278,591
28.28,28.28,NoButton,Drag,279,589
28.297,28.297,NoButton,Drag,281,585
28.314,28.314,NoButton,Drag,285,581
28.33,28.33,NoButton,Drag,287,577
28.346,28.346,NoButton,Drag,289,574
28.364,28.364,NoButton,Drag,291,572
28.38,28.38,NoButton,Drag,292,571
28.433,28.433,NoButton,Drag,292,571
28.448,28.448,NoButton,Drag,292,571
28.464,28.464,NoButton,Drag,293,572
28.48,28.48,NoButton,Drag,298,575
28.497,28.497,NoButton,Drag,308,579
28.513,28.513,NoButton,Drag,324,583
28.53,28.53,NoButton,Drag,352,587
28.546,28.546,NoButton,Drag,405,591
28.564,28.564,NoButton,Drag,496,591
28.58,28.58,NoButton,Drag,577,590
28.597,28.597,NoButton,Drag,669,580
28.613,28.613,NoButton,Drag,771,565
28.63,28.63,NoButton,Drag,875,545
28.647,28.647,NoButton,Drag,972,523
28.663,28.663,NoButton,Drag,1052,500
28.68,28.68,NoButton,Drag,1122,476
28.697,28.697,NoButton,Drag,1165,464
28.713,28.713,NoButton,Drag,1202,453
28.731,28.731,NoButton,Drag,1234,444
28.747,28.747,NoButton,Drag,1261,437
28.764,28.764,NoButton,Drag,1290,428
28.781,28.781,NoButton,Drag,1311,420
28.797,28.797,NoButton,Drag,1329,414
28.814,28.814,NoButton,Drag,1346,407
28.831,28.831,NoButton,Drag,1359,400
28.848,28.848,NoButton,Drag,1373,391
28.864,28.864,NoButton,Drag,1381,385
28.881,28.881,NoButton,Drag,1387,381
28.898,28.898,NoButton,Drag,1389,378
28.915,28.915,NoButton,Drag,1389,375
28.931,28.931,NoButton,Drag,1389,373
28.948,28.948,NoButton,Drag,1387,370
28.965,28.965,NoButton,Drag,1387,368
28.981,28.981,NoButton,Drag,1386,365
28.998,28.998,NoButton,Drag,1386,363
29.017,29.017,NoButton,Drag,1386,359
29.034,29.034,NoButton,Drag,1384,354
29.051,29.051,NoButton,Drag,1381,348
29.068,29.068,NoButton,Drag,1376,342
29.084,29.084,NoButton,Drag,1371,334
29.1,29.1,NoButton,Drag,1366,327
29.118,29.118,NoButton,Drag,1361,319
29.134,29.134,NoButton,Drag,1356,312
29.151,29.151,NoButton,Drag,1350,304
29.168,29.168,NoButton,Drag,1342,296
29.184,29.184,NoButton,Drag,1333,287
29.201,29.201,NoButton,Drag,1326,280
29.218,29.218,NoButton,Drag,1318,271
29.234,29.234,NoButton,Drag,1313,266
29.252,29.252,NoButton,Drag,1311,263
29.269,29.269,NoButton,Drag,1310,261
29.285,29.285,NoButton,Drag,1308,258
29.302,29.302,NoButton,Drag,1308,256
29.319,29.319,NoButton,Drag,1308,255
29.489,29.489,NoButton,Drag,1308,255
29.493,29.493,NoButton,Drag,1308,256
29.503,29.503,NoButton,Drag,1308,256
29.52,29.52,NoButton,Drag,1309,257
29.536,29.536,NoButton,Drag,1309,258
29.553,29.553,NoButton,Drag,1309,259
29.57,29.57,NoButton,Drag,1310,261
29.586,29.586,NoButton,Drag,1311,262
29.603,29.603,NoButton,Drag,1312,264
29.62,29.62,NoButton,Drag,1313,266
29.637,29.637,NoButton,Drag,1313,266
29.656,29.656,NoButton,Drag,1313,267
29.793,29.793,NoButton,Drag,1313,267
29.811,29.811,NoButton,Drag,1313,267
29.82,29.82,NoButton,Drag,1313,268
29.837,29.837,NoButton,Drag,1313,269
29.854,29.854,NoButton,Drag,1313,269
29.87,29.87,NoButton,Drag,1313,270
29.887,29.887,NoButton,Drag,1313,270
29.904,29.904,NoButton,Drag,1313,271
29.92,29.92,NoButton,Drag,1313,271
29.938,29.938,NoButton,Drag,1313,271
29.954,29.954,NoButton,Drag,1313,272
29.991,29.991,NoButton,Drag,1313,272
29.999,29.999,NoButton,Drag,1313,272
30.005,30.005,Left,Pressed,1313,272
30.006,30.006,NoButton,Drag,1313,272
30.007,30.007,NoButton,Drag,1313,272
30.015,30.015,NoButton,Drag,1313,273
30.15,30.15,Left,Released,1313,273
30.286,30.286,NoButton,Drag,1313,273
30.289,30.289,NoButton,Drag,1313,273
30.293,30.293,NoButton,Drag,1313,273
30.303,30.303,NoButton,Drag,1313,274
30.309,30.309,Left,Pressed,1313,274
30.309,30.309,NoButton,Drag,1314,274
30.317,30.317,NoButton,Drag,1314,275
30.329,30.329,NoButton,Drag,1314,275
30.366,30.366,Left,Released,1314,275
30.37,30.37,NoButton,Drag,1313,275
30.374,30.374,NoButton,Drag,1313,275
30.379,30.379,NoButton,Drag,1312,275
30.395,30.395,NoButton,Drag,1307,276
30.412,30.412,NoButton,Drag,1294,279
30.428,30.428,NoButton,Drag,1277,283
30.445,30.445,NoButton,Drag,1256,287
30.461,30.461,NoButton,Drag,1231,292
30.478,30.478,NoButton,Drag,1185,303
30.495,30.495,NoButton,Drag,1141,314
30.511,30.511,NoButton,Drag,1100,322
30.529,30.529,NoButton,Drag,1066,324
30.546,30.546,NoButton,Drag,1037,325
30.562,30.562,NoButton,Drag,1025,323
30.578,30.578,NoButton,Drag,1021,322
30.594,30.594,NoButton,Drag,1017,319
30.612,30.612,NoButton,Drag,1009,317
30.629,30.629,NoButton,Drag,1000,314
30.647,30.647,NoButton,Drag,986,310
30.664,30.664,NoButton,Drag,966,307
30.681,30.681,NoButton,Drag,946,304
30.697,30.697,NoButton,Drag,934,304
30.714,30.714,NoButton,Drag,930,304
30.752,30.752,Left,Pressed,930,304
30.753,30.753,NoButton,Drag,929,304
30.844,30.844,NoButton,Drag,929,304
30.863,30.863,NoButton,Drag,929,304
30.875,30.875,NoButton,Drag,929,304
30.9,30.9,Left,Released,929,304
30.904,30.904,NoButton,Drag,929,304
30.907,30.907,NoButton,Drag,929,304
30.919,30.919,NoButton,Drag,930,303
30.936,30.936,NoButton,Drag,931,303
30.953,30.953,NoButton,Drag,931,303
30.988,30.988,Left,Pressed,931,303
31.1,31.1,Left,Released,931,303
31.136,31.136,NoButton,Drag,931,303
31.139,31.139,NoButton,Drag,930,303
31.153,31.153,NoButton,Drag,928,303
31.17,31.17,NoButton,Drag,922,305
31.186,31.186,NoButton,Drag,913,307
31.203,31.203,NoButton,Drag,901,310
31.22,31.22,NoButton,Drag,892,315
31.236,31.236,NoButton,Drag,891,316
31.255,31.255,NoButton,Drag,890,317
31.273,31.273,NoButton,Drag,891,318
31.289,31.289,NoButton,Drag,894,319
31.306,31.306,NoButton,Drag,899,318
31.322,31.322,NoButton,Drag,904,317
31.338,31.338,NoButton,Drag,909,316
31.356,31.356,NoButton,Drag,913,316
31.372,31.372,NoButton,Drag,915,316
31.389,31.389,NoButton,Drag,916,316
31.502,31.502,Left,Pressed,916,316
31.517,31.517,NoButton,Drag,916,316
31.526,31.526,NoButton,Drag,917,316
31.533,31.533,NoButton,Drag,917,316
31.537,31.537,NoButton,Drag,917,316
31.553,31.553,NoButton,Drag,917,316
31.589,31.589,NoButton,Drag,918,316
31.597,31.597,NoButton,Drag,918,316
31.601,31.601,NoButton,Drag,918,317
31.609,31.609,NoButton,Drag,918,317
31.613,31.613,NoButton,Drag,918,317
31.617,31.617,NoButton,Drag,919,317
31.621,31.621,NoButton,Drag,919,317
31.626,31.626,Left,Released,919,317
31.626,31.626,NoButton,Drag,919,317
31.641,31.641,NoButton,Drag,920,318
31.657,31.657,NoButton,Drag,922,319
31.674,31.674,NoButton,Drag,924,319
31.691,31.691,NoButton,Drag,925,319
31.707,31.707,NoButton,Drag,926,319
31.725,31.725,NoButton,Drag,926,319
31.74,31.74,NoButton,Drag,927,319
31.758,31.758,NoButton,Drag,928,319
31.774,31.774,NoButton,Drag,930,319
31.791,31.791,NoButton,Drag,931,319
31.807,31.807,NoButton,Drag,932,319
31.809,31.809,Left,Pressed,932,319
31.912,31.912,NoButton,Drag,932,319
31.916,31.916,Left,Released,932,319
31.917,31.917,NoButton,Drag,933,319
31.925,31.925,NoButton,Drag,933,319
31.943,31.943,NoButton,Drag,934,318
31.959,31.959,NoButton,Drag,935,318
31.975,31.975,NoButton,Drag,935,317
32.055,32.055,NoButton,Drag,935,317
32.095,32.095,NoButton,Drag,935,317
32.099,32.099,NoButton,Drag,935,317
32.109,32.109,NoButton,Drag,932,318
32.126,32.126,NoButton,Drag,915,322
32.143,32.143,NoButton,Drag,878,328
32.16,32.16,NoButton,Drag,779,332
32.176,32.176,NoButton,Drag,639,332
32.194,32.194,NoButton,Drag,458,331
32.209,32.209,NoButton,Drag,280,320
32.227,32.227,NoButton,Drag,141,308
32.243,32.243,NoButton,Drag,82,298
32.263,32.263,NoButton,Drag,73,295
32.279,32.279,NoButton,Drag,78,287
32.296,32.296,NoButton,Drag,100,269
32.313,32.313,NoButton,Drag,147,241
32.329,32.329,NoButton,Drag,208,205
32.346,32.346,NoButton,Drag,278,170
32.363,32.363,NoButton,Drag,342,137
32.38,32.38,NoButton,Drag,395,106
32.397,32.397,NoButton,Drag,414,91
32.413,32.413,NoButton,Drag,424,83
32.43,32.43,NoButton,Drag,426,81
32.473,32.473,NoButton,Drag,426,80
32.481,32.481,NoButton,Drag,426,80
32.498,32.498,NoButton,Drag,429,81
32.514,32.514,NoButton,Drag,436,85
32.531,32.531,NoButton,Drag,446,94
32.548,32.548,NoButton,Drag,454,102
32.565,32.565,NoButton,Drag,461,112
32.581,32.581,NoButton,Drag,462,123
32.598,32.598,NoButton,Drag,459,131
32.615,32.615,NoButton,Drag,455,138
32.632,32.632,NoButton,Drag,449,144
32.649,32.649,NoButton,Drag,444,151
32.665,32.665,NoButton,Drag,439,156
32.682,32.682,NoButton,Drag,434,161
32.699,32.699,NoButton,Drag,432,164
32.715,32.715,NoButton,Drag,431,165
32.733,32.733,NoButton,Drag,431,165
32.826,32.826,NoButton,Drag,431,166
32.829,32.829,NoButton,Drag,431,166
32.833,32.833,NoButton,Drag,431,166
32.847,32.847,NoButton,Drag,431,166
32.863,32.863,NoButton,Drag,433,169
32.88,32.88,NoButton,Drag,435,172
32.897,32.897,NoButton,Drag,438,176
32.914,32.914,NoButton,Drag,442,182
32.93,32.93,NoButton,Drag,447,188
32.947,32.947,NoButton,Drag,452,195
32.964,32.964,NoButton,Drag,459,201
32.98,32.98,NoButton,Drag,463,204
32.997,32.997,NoButton,Drag,465,206
33.014,33.014,NoButton,Drag,465,206
33.03,33.03,NoButton,Drag,465,207
33.046,33.046,NoButton,Drag,465,207
33.064,33.064,NoButton,Drag,465,207
33.08,33.08,NoButton,Drag,465,209
33.097,33.097,NoButton,Drag,466,210
33.113,33.113,NoButton,Drag,466,212
33.13,33.13,NoButton,Drag,467,214
33.147,33.147,NoButton,Drag,469,217
33.164,33.164,NoButton,Drag,472,221
33.18,33.18,NoButton,Drag,475,226
33.197,33.197,NoButton,Drag,478,232
33.214,33.214,NoButton,Drag,482,237
33.23,33.23,NoButton,Drag,484,241
33.248,33.248,NoButton,Drag,484,242
33.267,33.267,NoButton,Drag,485,242
33.287,33.287,NoButton,Drag,485,242
33.292,33.292,Left,Pressed,485,242
33.295,33.295,NoButton,Drag,485,242
33.303,33.303,NoButton,Drag,485,242
33.323,33.323,NoButton,Drag,486,242
33.38,33.38,NoButton,Drag,486,241
33.387,33.387,NoButton,Drag,486,241
33.391,33.391,NoButton,Drag,486,241
33.395,33.395,NoButton,Drag,486,240
33.399,33.399,NoButton,Drag,486,240
33.403,33.403,NoButton,Drag,486,239
33.407,33.407,NoButton,Drag,486,239
33.411,33.411,NoButton,Drag,486,238
33.415,33.415,NoButton,Drag,486,238
33.42,33.42,Left,Released,486,238
33.42,33.42,NoButton,Drag,486,237
33.431,33.431,NoButton,Drag,486,236
33.447,33.447,NoButton,Drag,486,232
33.463,33.463,NoButton,Drag,485,230
33.48,33.48,NoButton,Drag,485,229
33.497,33.497,NoButton,Drag,485,227
33.513,33.513,NoButton,Drag,485,225
33.53,33.53,NoButton,Drag,485,224
33.546,33.546,NoButton,Drag,485,223
33.563,33.563,NoButton,Drag,485,223
33.634,33.634,NoButton,Drag,485,223
33.645,33.645,NoButton,Drag,485,223
33.649,33.649,NoButton,Drag,485,223
33.663,33.663,NoButton,Drag,483,224
33.68,33.68,NoButton,Drag,476,230
33.697,33.697,NoButton,Drag,466,241
33.714,33.714,NoButton,Drag,455,255
33.731,33.731,NoButton,Drag,454,259
33.846,33.846,NoButton,Drag,455,261
33.849,33.849,NoButton,Drag,458,264
33.866,33.866,NoButton,Drag,481,282
33.883,33.883,NoButton,Drag,513,312
33.9,33.9,NoButton,Drag,539,349
33.916,33.916,NoButton,Drag,561,394
33.933,33.933,NoButton,Drag,556,446
33.95,33.95,NoButton,Drag,546,482
33.966,33.966,NoButton,Drag,534,512
33.983,33.983,NoButton,Drag,511,552
34,34,NoButton,Drag,496,582
34.017,34.017,NoButton,Drag,493,620
34.034,34.034,NoButton,Drag,493,677
34.05,34.05,NoButton,Drag,496,720
34.067,34.067,NoButton,Drag,507,746
34.083,34.083,NoButton,Drag,522,759
34.1,34.1,NoButton,Drag,543,764
34.117,34.117,NoButton,Drag,558,764
34.133,34.133,NoButton,Drag,576,761
34.15,34.15,NoButton,Drag,596,760
34.167,34.167,NoButton,Drag,619,764
34.184,34.184,NoButton,Drag,650,775
34.2,34.2,NoButton,Drag,672,784
34.217,34.217,NoButton,Drag,691,792
34.234,34.234,NoButton,Drag,709,798
34.25,34.25,NoButton,Drag,724,804
34.27,34.27,NoButton,Drag,739,808
34.287,34.287,NoButton,Drag,747,810
34.303,34.303,NoButton,Drag,750,810
34.339,34.339,NoButton,Drag,750,810
34.343,34.343,NoButton,Drag,751,810
34.354,34.354,NoButton,Drag,751,812
34.369,34.369,NoButton,Drag,751,818
34.386,34.386,NoButton,Drag,753,826
34.403,34.403,NoButton,Drag,757,835
34.42,34.42,NoButton,Drag,761,841
34.436,34.436,NoButton,Drag,762,844
34.453,34.453,NoButton,Drag,762,845
34.471,34.471,NoButton,Drag,762,845
34.536,34.536,Left,Pressed,762,845
34.56,34.56,NoButton,Drag,762,845
34.648,34.648,NoButton,Drag,763,845
34.651,34.651,NoButton,Drag,763,845
34.656,34.656,NoButton,Drag,763,845
34.659,34.659,NoButton,Drag,764,845
34.663,34.663,NoButton,Drag,764,844
34.667,34.667,NoButton,Drag,764,844
34.671,34.671,NoButton,Drag,764,843
34.679,34.679,NoButton,Drag,765,843
34.683,34.683,NoButton,Drag,765,842
34.693,34.693,NoButton,Drag,765,841
34.698,34.698,Left,Released,765,841
34.718,34.718,NoButton,Drag,765,841
34.725,34.725,NoButton,Drag,765,841
34.737,34.737,NoButton,Drag,765,840
34.752,34.752,NoButton,Drag,767,837
34.769,34.769,NoButton,Drag,768,836
34.785,34.785,NoButton,Drag,770,834
34.802,34.802,NoButton,Drag,782,817
34.818,34.818,NoButton,Drag,823,758
34.835,34.835,NoButton,Drag,846,721
35.018,35.018,NoButton,Drag,847,720
35.122,35.122,NoButton,Drag,847,716
35.125,35.125,NoButton,Drag,842,700
35.136,35.136,NoButton,Drag,816,634
35.153,35.153,NoButton,Drag,746,506
35.169,35.169,NoButton,Drag,662,420
35.186,35.186,NoButton,Drag,554,358
35.203,35.203,NoButton,Drag,421,325
35.219,35.219,NoButton,Drag,263,320
35.236,35.236,NoButton,Drag,74,358
35.252,35.252,NoButton,Drag,0,417
35.269,35.269,NoButton,Drag,0,504
35.286,35.286,NoButton,Drag,0,569
35.303,35.303,NoButton,Drag,0,619
35.32,35.32,NoButton,Drag,9,662
35.337,35.337,NoButton,Drag,37,691
35.354,35.354,NoButton,Drag,76,713
35.371,35.371,NoButton,Drag,105,726
35.388,35.388,NoButton,Drag,114,732
35.404,35.404,NoButton,Drag,115,733
35.42,35.42,NoButton,Drag,113,735
35.437,35.437,NoButton,Drag,107,736
35.454,35.454,NoButton,Drag,90,735
35.47,35.47,NoButton,Drag,66,731
35.487,35.487,NoButton,Drag,47,729
35.504,35.504,NoButton,Drag,36,731
35.521,35.521,NoButton,Drag,34,733
35.538,35.538,NoButton,Drag,34,735
35.555,35.555,NoButton,Drag,35,739
35.572,35.572,NoButton,Drag,41,742
35.588,35.588,NoButton,Drag,46,742
35.605,35.605,NoButton,Drag,52,739
35.622,35.622,NoButton,Drag,56,736
35.639,35.639,NoButton,Drag,59,730
35.656,35.656,NoButton,Drag,62,717
35.672,35.672,NoButton,Drag,64,700
35.689,35.689,NoButton,Drag,61,677
35.706,35.706,NoButton,Drag,55,651
35.723,35.723,NoButton,Drag,46,624
35.739,35.739,NoButton,Drag,36,599
35.756,35.756,NoButton,Drag,26,568
35.772,35.772,NoButton,Drag,20,545
35.791,35.791,NoButton,Drag,14,521
35.808,35.808,NoButton,Drag,5,492
35.824,35.824,NoButton,Drag,0,474
35.841,35.841,NoButton,Drag,0,456
35.858,35.858,NoButton,Drag,0,447
35.874,35.874,NoButton,Drag,0,444
35.891,35.891,NoButton,Drag,0,443
35.908,35.908,NoButton,Drag,2,442
35.925,35.925,NoButton,Drag,8,442
35.941,35.941,NoButton,Drag,20,444
35.958,35.958,NoButton,Drag,31,448
35.974,35.974,NoButton,Drag,43,451
35.992,35.992,NoButton,Drag,56,455
36.008,36.008,NoButton,Drag,68,457
36.026,36.026,NoButton,Drag,76,457
36.069,36.069,NoButton,Drag,77,458
36.077,36.077,NoButton,Drag,77,458
36.092,36.092,NoButton,Drag,76,459
36.109,36.109,NoButton,Drag,74,460
36.126,36.126,NoButton,Drag,73,463
36.142,36.142,NoButton,Drag,70,466
36.159,36.159,NoButton,Drag,66,471
36.177,36.177,NoButton,Drag,61,477
36.192,36.192,NoButton,Drag,55,484
36.209,36.209,NoButton,Drag,49,491
36.226,36.226,NoButton,Drag,47,493
36.243,36.243,NoButton,Drag,46,495
36.26,36.26,NoButton,Drag,46,496
36.276,36.276,NoButton,Drag,46,498
36.293,36.293,NoButton,Drag,47,499
36.309,36.309,NoButton,Drag,47,500
36.327,36.327,NoButton,Drag,47,500
36.342,36.342,Left,Pressed,47,500
36.42,36.42,Left,Released,47,500
36.445,36.445,NoButton,Drag,47,500
36.455,36.455,NoButton,Drag,48,500
36.46,36.46,NoButton,Drag,48,500
36.476,36.476,NoButton,Drag,48,500
36.494,36.494,NoButton,Drag,49,500
36.51,36.51,NoButton,Drag,49,500
36.528,36.528,NoButton,Drag,50,500
36.544,36.544,NoButton,Drag,50,500
36.672,36.672,NoButton,Drag,50,500
36.675,36.675,NoButton,Drag,51,500
36.679,36.679,NoButton,Drag,51,500
36.695,36.695,NoButton,Drag,52,499
36.711,36.711,NoButton,Drag,58,498
36.728,36.728,NoButton,Drag,77,492
36.744,36.744,NoButton,Drag,114,481
36.762,36.762,NoButton,Drag,175,464
36.779,36.779,NoButton,Drag,267,438
36.796,36.796,NoButton,Drag,426,397
36.812,36.812,NoButton,Drag,576,356
36.829,36.829,NoButton,Drag,722,312
36.846,36.846,NoButton,Drag,865,273
36.862,36.862,NoButton,Drag,973,244
36.88,36.88,NoButton,Drag,1056,222
36.896,36.896,NoButton,Drag,1093,212
36.912,36.912,NoButton,Drag,1111,207
36.93,36.93,NoButton,Drag,1120,205
36.946,36.946,NoButton,Drag,1121,205
36.963,36.963,NoButton,Drag,1122,205
36.997,36.997,NoButton,Drag,1122,205
37.094,37.094,NoButton,Drag,1122,205
37.102,37.102,NoButton,Drag,1122,204
37.113,37.113,NoButton,Drag,1123,204
37.13,37.13,NoButton,Drag,1125,200
37.147,37.147,NoButton,Drag,1128,195
37.163,37.163,NoButton,Drag,1133,187
37.18,37.18,NoButton,Drag,1140,178
37.197,37.197,NoButton,Drag,1147,169
37.214,37.214,NoButton,Drag,1155,158
37.23,37.23,NoButton,Drag,1158,153
37.247,37.247,NoButton,Drag,1159,153
37.266,37.266,Left,Pressed,1159,153
37.267,37.267,NoButton,Drag,1159,152
37.281,37.281,NoButton,Drag,1159,152
37.366,37.366,NoButton,Drag,1160,152
37.378,37.378,Left,Released,1160,152
37.383,37.383,NoButton,Drag,1160,153
37.396,37.396,NoButton,Drag,1159,153
37.413,37.413,NoButton,Drag,1158,155
37.428,37.428,NoButton,Drag,1155,157
37.446,37.446,NoButton,Drag,1151,160
37.462,37.462,NoButton,Drag,1145,163
37.479,37.479,NoButton,Drag,1139,168
37.496,37.496,NoButton,Drag,1129,177
37.514,37.514,NoButton,Drag,1111,196
37.53,37.53,NoButton,Drag,1091,217
37.548,37.548,NoButton,Drag,1064,242
37.564,37.564,NoButton,Drag,1030,276
37.58,37.58,NoButton,Drag,1009,293
37.598,37.598,NoButton,Drag,974,324
37.614,37.614,NoButton,Drag,944,344
37.631,37.631,NoButton,Drag,911,360
37.647,37.647,NoButton,Drag,884,371
37.664,37.664,NoButton,Drag,863,378
37.68,37.68,NoButton,Drag,857,380
37.697,37.697,NoButton,Drag,857,380
37.732,37.732,NoButton,Drag,856,380
37.747,37.747,NoButton,Drag,856,380
37.767,37.767,NoButton,Drag,851,381
37.784,37.784,NoButton,Drag,844,384
37.801,37.801,NoButton,Drag,835,388
37.817,37.817,NoButton,Drag,823,392
37.835,37.835,NoButton,Drag,814,395
37.851,37.851,NoButton,Drag,810,396
37.868,37.868,NoButton,Drag,810,396
37.884,37.884,NoButton,Drag,809,395
37.9,37.9,NoButton,Drag,807,393
37.917,37.917,NoButton,Drag,804,391
37.935,37.935,NoButton,Drag,796,389
37.951,37.951,NoButton,Drag,788,389
37.968,37.968,NoButton,Drag,782,389
37.985,37.985,NoButton,Drag,781,389
38.001,38.001,NoButton,Drag,780,390
38.06,38.06,NoButton,Drag,780,390
38.063,38.063,NoButton,Drag,780,390
38.076,38.076,NoButton,Drag,780,390
38.087,38.087,NoButton,Drag,779,390
38.103,38.103,NoButton,Drag,779,390
38.12,38.12,NoButton,Drag,778,390
38.137,38.137,NoButton,Drag,777,390
38.153,38.153,NoButton,Drag,776,391
38.17,38.17,NoButton,Drag,771,391
38.187,38.187,NoButton,Drag,768,391
38.203,38.203,NoButton,Drag,766,391
38.22,38.22,NoButton,Drag,764,391
38.236,38.236,NoButton,Drag,764,390
38.294,38.294,NoButton,Drag,764,390
38.297,38.297,NoButton,Drag,763,390
38.303,38.303,NoButton,Drag,763,390
38.32,38.32,NoButton,Drag,761,390
38.337,38.337,NoButton,Drag,758,390
38.354,38.354,NoButton,Drag,756,389
38.37,38.37,NoButton,Drag,756,389
38.387,38.387,NoButton,Drag,756,389
38.414,38.414,Left,Pressed,756,389
38.45,38.45,NoButton,Drag,755,388
38.461,38.461,NoButton,Drag,755,388
38.481,38.481,NoButton,Drag,755,388
38.493,38.493,NoButton,Drag,755,388
38.497,38.497,NoButton,Drag,755,387
38.505,38.505,NoButton,Drag,755,387
38.509,38.509,NoButton,Drag,755,387
38.513,38.513,NoButton,Drag,755,387
38.518,38.518,Left,Released,755,387
38.519,38.519,NoButton,Drag,755,386
38.523,38.523,NoButton,Drag,754,386
38.537,38.537,NoButton,Drag,754,385
38.554,38.554,NoButton,Drag,754,384
38.57,38.57,NoButton,Drag,754,383
38.588,38.588,NoButton,Drag,753,382
38.603,38.603,NoButton,Drag,752,382
38.694,38.694,NoButton,Drag,752,382
38.702,38.702,NoButton,Drag,752,382
38.747,38.747,NoButton,Drag,752,382
38.759,38.759,NoButton,Drag,752,382
38.771,38.771,NoButton,Drag,754,382
38.788,38.788,NoButton,Drag,773,385
38.804,38.804,NoButton,Drag,814,394
38.821,38.821,NoButton,Drag,883,403
38.838,38.838,NoButton,Drag,981,413
38.855,38.855,NoButton,Drag,1108,422
38.872,38.872,NoButton,Drag,1252,424
38.888,38.888,NoButton,Drag,1328,420
38.905,38.905,NoButton,Drag,1376,410
38.922,38.922,NoButton,Drag,1402,403
38.938,38.938,NoButton,Drag,1413,398
38.955,38.955,NoButton,Drag,1415,395
38.972,38.972,NoButton,Drag,1416,394
38.988,38.988,NoButton,Drag,1417,392
39.005,39.005,NoButton,Drag,1418,391
39.021,39.021,NoButton,Drag,1420,389
39.038,39.038,NoButton,Drag,1422,387
39.055,39.055,NoButton,Drag,1425,385
39.072,39.072,NoButton,Drag,1427,384
39.088,39.088,NoButton,Drag,1427,384
39.116,39.116,NoButton,Drag,1427,384
39.121,39.121,NoButton,Drag,1427,384
39.139,39.139,NoButton,Drag,1427,383
39.155,39.155,NoButton,Drag,1427,382
39.172,39.172,NoButton,Drag,1425,381
39.188,39.188,NoButton,Drag,1424,380
39.205,39.205,NoButton,Drag,1422,380
39.222,39.222,NoButton,Drag,1419,380
39.239,39.239,NoButton,Drag,1415,382
39.255,39.255,NoButton,Drag,1412,384
39.269,39.269,NoButton,Drag,1410,386
39.286,39.286,NoButton,Drag,1406,389
39.302,39.302,NoButton,Drag,1403,392
39.318,39.318,NoButton,Drag,1396,396
39.335,39.335,NoButton,Drag,1389,399
39.352,39.352,NoButton,Drag,1385,402
39.369,39.369,NoButton,Drag,1382,404
39.385,39.385,NoButton,Drag,1381,404
39.406,39.406,Left,Pressed,1381,404
39.458,39.458,NoButton,Drag,1381,404
39.489,39.489,NoButton,Drag,1381,404
39.501,39.501,NoButton,Drag,1381,404
39.522,39.522,Left,Released,1381,404
39.566,39.566,NoButton,Drag,1380,404
39.57,39.57,NoButton,Drag,1380,404
39.574,39.574,NoButton,Drag,1379,404
39.586,39.586,NoButton,Drag,1374,404
39.602,39.602,NoButton,Drag,1362,405
39.619,39.619,NoButton,Drag,1341,406
39.636,39.636,NoButton,Drag,1315,408
39.652,39.652,NoButton,Drag,1288,411
39.669,39.669,NoButton,Drag,1261,412
39.686,39.686,NoButton,Drag,1226,412
39.703,39.703,NoButton,Drag,1192,412
39.719,39.719,NoButton,Drag,1156,410
39.737,39.737,NoButton,Drag,1120,410
39.753,39.753,NoButton,Drag,1084,410
39.766,39.766,NoButton,Drag,1036,409
39.782,39.782,NoButton,Drag,974,408
39.799,39.799,NoButton,Drag,900,407
39.815,39.815,NoButton,Drag,825,403
39.833,39.833,NoButton,Drag,746,397
39.85,39.85,NoButton,Drag,639,383
39.866,39.866,NoButton,Drag,556,367
39.883,39.883,NoButton,Drag,483,351
39.899,39.899,NoButton,Drag,420,338
39.916,39.916,NoButton,Drag,353,319
39.933,39.933,NoButton,Drag,300,301
39.95,39.95,NoButton,Drag,250,285
39.966,39.966,NoButton,Drag,199,267
39.983,39.983,NoButton,Drag,155,254
40,40,NoButton,Drag,125,242
40.016,40.016,NoButton,Drag,116,237
40.031,40.031,NoButton,Drag,116,237
40.048,40.048,NoButton,Drag,117,233
40.064,40.064,NoButton,Drag,124,225
40.081,40.081,NoButton,Drag,143,215
40.099,40.099,NoButton,Drag,172,207
40.114,40.114,NoButton,Drag,210,197
40.131,40.131,NoButton,Drag,247,189
40.148,40.148,NoButton,Drag,286,180
40.164,40.164,NoButton,Drag,307,175
40.181,40.181,NoButton,Drag,315,173
40.198,40.198,NoButton,Drag,318,169
40.215,40.215,NoButton,Drag,317,166
40.231,40.231,NoButton,Drag,316,165
40.248,40.248,NoButton,Drag,315,163
40.265,40.265,NoButton,Drag,314,162
40.281,40.281,NoButton,Drag,312,158
40.298,40.298,NoButton,Drag,308,153
40.315,40.315,NoButton,Drag,303,147
40.331,40.331,NoButton,Drag,293,139
40.348,40.348,NoButton,Drag,277,129
40.365,40.365,NoButton,Drag,248,114
40.381,40.381,NoButton,Drag,212,101
40.399,40.399,NoButton,Drag,169,89
40.416,40.416,NoButton,Drag,119,77
40.431,40.431,NoButton,Drag,94,75
40.448,40.448,NoButton,Drag,84,76
40.465,40.465,NoButton,Drag,78,80
40.481,40.481,NoButton,Drag,69,88
40.498,40.498,NoButton,Drag,53,102
40.514,40.514,NoButton,Drag,41,111
40.531,40.531,NoButton,Drag,30,118
40.548,40.548,NoButton,Drag,21,123
40.565,40.565,NoButton,Drag,15,127
40.581,40.581,NoButton,Drag,10,131
40.598,40.598,NoButton,Drag,6,136
40.615,40.615,NoButton,Drag,5,138
40.632,40.632,NoButton,Drag,5,140
40.648,40.648,NoButton,Drag,6,141
40.665,40.665,NoButton,Drag,10,141
40.681,40.681,NoButton,Drag,19,141
40.698,40.698,NoButton,Drag,28,140
40.714,40.714,NoButton,Drag,39,140
40.731,40.731,NoButton,Drag,48,141
40.748,40.748,NoButton,Drag,53,143
40.765,40.765,NoButton,Drag,56,143
40.781,40.781,NoButton,Drag,57,143
40.817,40.817,NoButton,Drag,57,143
40.825,40.825,NoButton,Drag,57,144
40.833,40.833,NoButton,Drag,58,144
40.842,40.842,NoButton,Drag,59,144
40.848,40.848,Left,Pressed,59,144
40.849,40.849,NoButton,Drag,59,144
40.85,40.85,NoButton,Drag,60,145
40.853,40.853,NoButton,Drag,60,145
40.861,40.861,NoButton,Drag,60,145
40.954,40.954,NoButton,Drag,60,145
40.956,40.956,Left,Released,60,145
40.962,40.962,NoButton,Drag,61,145
40.97,40.97,NoButton,Drag,61,145
40.981,40.981,NoButton,Drag,61,145
40.998,40.998,NoButton,Drag,64,145
41.014,41.014,NoButton,Drag,67,145
41.031,41.031,NoButton,Drag,72,145
41.047,41.047,NoButton,Drag,79,146
41.064,41.064,NoButton,Drag,90,151
41.08,41.08,NoButton,Drag,102,159
41.098,41.098,NoButton,Drag,118,171
41.114,41.114,NoButton,Drag,142,188
41.13,41.13,NoButton,Drag,182,212
41.147,41.147,NoButton,Drag,249,250
41.164,41.164,NoButton,Drag,351,307
41.181,41.181,NoButton,Drag,439,359
41.198,41.198,NoButton,Drag,522,409
41.214,41.214,NoButton,Drag,575,449
41.231,41.231,NoButton,Drag,593,476
41.248,41.248,NoButton,Drag,587,515
41.265,41.265,NoButton,Drag,553,570
41.278,41.278,NoButton,Drag,507,615
41.295,41.295,NoButton,Drag,425,675
41.311,41.311,NoButton,Drag,326,742
41.328,41.328,NoButton,Drag,285,781
41.345,41.345,NoButton,Drag,270,818
41.361,41.361,NoButton,Drag,276,855
41.379,41.379,NoButton,Drag,312,892
41.395,41.395,NoButton,Drag,385,899
41.412,41.412,NoButton,Drag,488,899
41.428,41.428,NoButton,Drag,567,899
41.445,41.445,NoButton,Drag,618,899
41.462,41.462,NoButton,Drag,629,899
41.478,41.478,NoButton,Drag,630,899
41.496,41.496,NoButton,Drag,623,897
41.511,41.511,NoButton,Drag,600,886
41.526,41.526,NoButton,Drag,575,874
41.543,41.543,NoButton,Drag,546,856
41.56,41.56,NoButton,Drag,513,828
41.576,41.576,NoButton,Drag,495,805
41.593,41.593,NoButton,Drag,488,786
41.61,41.61,NoButton,Drag,488,774
41.627,41.627,NoButton,Drag,494,764
41.644,41.644,NoButton,Drag,501,754
41.661,41.661,NoButton,Drag,504,749
41.677,41.677,NoButton,Drag,505,748
41.811,41.811,NoButton,Drag,506,747
41.813,41.813,NoButton,Drag,506,747
41.827,41.827,NoButton,Drag,507,746
41.842,41.842,NoButton,Drag,512,741
41.86,41.86,NoButton,Drag,520,734
41.876,41.876,NoButton,Drag,532,725
41.893,41.893,NoButton,Drag,546,712
41.91,41.91,NoButton,Drag,560,697
41.926,41.926,NoButton,Drag,566,689
41.943,41.943,NoButton,Drag,568,683
41.96,41.96,NoButton,Drag,569,680
41.977,41.977,NoButton,Drag,569,677
41.994,41.994,NoButton,Drag,568,676
42.086,42.086,Left,Pressed,568,676
42.169,42.169,Left,Released,568,676
42.17,42.17,NoButton,Drag,568,676
42.171,42.171,NoButton,Drag,568,676
42.177,42.177,NoButton,Drag,567,677
42.194,42.194,NoButton,Drag,562,678
42.21,42.21,NoButton,Drag,550,683
42.227,42.227,NoButton,Drag,528,691
42.244,42.244,NoButton,Drag,486,705
42.26,42.26,NoButton,Drag,460,713
42.277,42.277,NoButton,Drag,450,717
42.294,42.294,NoButton,Drag,449,718
42.31,42.31,NoButton,Drag,449,718
42.327,42.327,NoButton,Drag,450,717
42.344,42.344,NoButton,Drag,458,713
42.361,42.361,NoButton,Drag,468,710
42.377,42.377,NoButton,Drag,479,707
42.394,42.394,NoButton,Drag,487,704
42.411,42.411,NoButton,Drag,493,702
42.428,42.428,NoButton,Drag,499,701
42.445,42.445,NoButton,Drag,503,700
42.46,42.46,NoButton,Drag,509,698
42.478,42.478,NoButton,Drag,516,696
42.494,42.494,NoButton,Drag,522,695
42.511,42.511,NoButton,Drag,526,694
42.53,42.53,NoButton,Drag,532,692
42.546,42.546,NoButton,Drag,536,691
42.563,42.563,NoButton,Drag,536,691
42.608,42.608,Left,Pressed,536,691
42.612,42.612,NoButton,Drag,536,691
42.71,42.71,Left,Released,536,691
42.774,42.774,NoButton,Drag,536,691
42.777,42.777,NoButton,Drag,536,691
42.788,42.788,NoButton,Drag,536,690
42.804,42.804,NoButton,Drag,536,689
42.822,42.822,NoButton,Drag,537,687
42.837,42.837,NoButton,Drag,543,682
42.854,42.854,NoButton,Drag,567,669
42.871,42.871,NoButton,Drag,632,640
42.887,42.887,NoButton,Drag,720,603
42.905,42.905,NoButton,Drag,809,560
42.922,42.922,NoButton,Drag,913,508
42.938,42.938,NoButton,Drag,968,476
42.955,42.955,NoButton,Drag,992,456
42.971,42.971,NoButton,Drag,997,444
42.988,42.988,NoButton,Drag,995,434
43.005,43.005,NoButton,Drag,984,422
43.022,43.022,NoButton,Drag,950,404
43.04,43.04,NoButton,Drag,892,387
43.057,43.057,NoButton,Drag,820,368
43.074,43.074,NoButton,Drag,727,344
43.09,43.09,NoButton,Drag,664,324
43.107,43.107,NoButton,Drag,620,306
43.123,43.123,NoButton,Drag,601,293
43.141,43.141,NoButton,Drag,595,285
43.157,43.157,NoButton,Drag,595,277
43.174,43.174,NoButton,Drag,599,269
43.191,43.191,NoButton,Drag,605,261
43.208,43.208,NoButton,Drag,609,257
43.225,43.225,NoButton,Drag,610,256
43.245,43.245,NoButton,Drag,610,256
43.257,43.257,NoButton,Drag,608,257
43.275,43.275,NoButton,Drag,604,260
43.292,43.292,NoButton,Drag,599,262
43.31,43.31,NoButton,Drag,591,264
43.325,43.325,NoButton,Drag,585,266
43.342,43.342,NoButton,Drag,581,267
43.424,43.424,NoButton,Drag,580,267
43.447,43.447,NoButton,Drag,580,267
43.455,43.455,NoButton,Drag,581,267
43.459,43.459,NoButton,Drag,581,268
43.476,43.476,NoButton,Drag,583,268
43.493,43.493,NoButton,Drag,585,270
43.509,43.509,NoButton,Drag,588,271
43.527,43.527,NoButton,Drag,590,273
43.543,43.543,NoButton,Drag,590,274
43.559,43.559,NoButton,Drag,590,276
43.577,43.577,NoButton,Drag,589,280
43.593,43.593,NoButton,Drag,589,282
43.609,43.609,NoButton,Drag,587,284
43.626,43.626,NoButton,Drag,587,285
43.643,43.643,NoButton,Drag,586,285
43.661,43.661,NoButton,Drag,586,285
43.748,43.748,Left,Pressed,586,285
43.866,43.866,Left,Released,586,285
43.894,43.894,NoButton,Drag,586,285
43.897,43.897,NoButton,Drag,586,285
43.911,43.911,NoButton,Drag,588,285
43.929,43.929,NoButton,Drag,595,284
43.945,43.945,NoButton,Drag,610,281
43.962,43.962,NoButton,Drag,642,275
43.978,43.978,NoButton,Drag,680,269
43.995,43.995,NoButton,Drag,721,260
44.011,44.011,NoButton,Drag,761,252
44.028,44.028,NoButton,Drag,799,244
44.046,44.046,NoButton,Drag,823,239
44.063,44.063,NoButton,Drag,825,239
44.079,44.079,NoButton,Drag,825,239
44.096,44.096,NoButton,Drag,823,243
44.113,44.113,NoButton,Drag,816,253
44.129,44.129,NoButton,Drag,805,273
44.146,44.146,NoButton,Drag,800,291
44.163,44.163,NoButton,Drag,802,313
44.179,44.179,NoButton,Drag,819,340
44.196,44.196,NoButton,Drag,867,375
44.213,44.213,NoButton,Drag,969,425
44.23,44.23,NoButton,Drag,1077,461
44.246,44.246,NoButton,Drag,1182,489
44.264,44.264,NoButton,Drag,1265,516
44.279,44.279,NoButton,Drag,1327,539
44.298,44.298,NoButton,Drag,1367,560
44.315,44.315,NoButton,Drag,1377,571
44.332,44.332,NoButton,Drag,1378,582
44.348,44.348,NoButton,Drag,1376,595
44.365,44.365,NoButton,Drag,1372,609
44.382,44.382,NoButton,Drag,1367,625
44.399,44.399,NoButton,Drag,1365,635
44.415,44.415,NoButton,Drag,1364,642
44.432,44.432,NoButton,Drag,1363,645
44.449,44.449,NoButton,Drag,1363,647
44.466,44.466,NoButton,Drag,1363,648
44.483,44.483,NoButton,Drag,1362,649
44.499,44.499,NoButton,Drag,1358,651
44.515,44.515,NoButton,Drag,1345,651
44.533,44.533,NoButton,Drag,1330,652
44.55,44.55,NoButton,Drag,1312,651
44.566,44.566,NoButton,Drag,1295,650
44.583,44.583,NoButton,Drag,1280,650
44.6,44.6,NoButton,Drag,1270,650
44.616,44.616,NoButton,Drag,1268,651
44.633,44.633,NoButton,Drag,1268,651
44.65,44.65,NoButton,Drag,1267,652
44.667,44.667,NoButton,Drag,1265,654
44.683,44.683,NoButton,Drag,1261,657
44.7,44.7,NoButton,Drag,1251,663
44.717,44.717,NoButton,Drag,1244,666
44.733,44.733,NoButton,Drag,1237,668
44.75,44.75,NoButton,Drag,1230,669
44.767,44.767,NoButton,Drag,1222,669
44.783,44.783,NoButton,Drag,1214,668
44.8,44.8,NoButton,Drag,1212,668
44.836,44.836,NoButton,Drag,1211,667
44.851,44.851,NoButton,Drag,1211,667
44.867,44.867,NoButton,Drag,1211,667
44.884,44.884,NoButton,Drag,1211,666
44.901,44.901,NoButton,Drag,1211,666
44.916,44.916,Left,Pressed,1211,666
45.008,45.008,NoButton,Drag,1211,665
45.016,45.016,NoButton,Drag,1211,665
45.019,45.019,NoButton,Drag,1211,665
45.023,45.023,NoButton,Drag,1211,665
45.032,45.032,Left,Released,1211,665
45.033,45.033,NoButton,Drag,1211,664
45.037,45.037,NoButton,Drag,1210,664
45.051,45.051,NoButton,Drag,1210,664
45.068,45.068,NoButton,Drag,1209,662
45.084,45.084,NoButton,Drag,1203,659
45.101,45.101,NoButton,Drag,1191,656
45.117,45.117,NoButton,Drag,1170,655
45.134,45.134,NoButton,Drag,1139,656
45.15,45.15,NoButton,Drag,1110,660
45.168,45.168,NoButton,Drag,1080,665
45.184,45.184,NoButton,Drag,1055,670
45.201,45.201,NoButton,Drag,1040,674
45.217,45.217,NoButton,Drag,1037,675
45.238,45.238,NoButton,Drag,1037,675
45.25,45.25,NoButton,Drag,1037,672
45.268,45.268,NoButton,Drag,1039,664
45.285,45.285,NoButton,Drag,1043,652
45.302,45.302,NoButton,Drag,1046,633
45.318,45.318,NoButton,Drag,1041,615
45.335,45.335,NoButton,Drag,1023,590
45.351,45.351,NoButton,Drag,989,562
45.369,45.369,NoButton,Drag,924,527
45.385,45.385,NoButton,Drag,836,488
45.402,45.402,NoButton,Drag,681,442
45.418,45.418,NoButton,Drag,555,407
45.436,45.436,NoButton,Drag,460,381
45.452,45.452,NoButton,Drag,397,368
45.468,45.468,NoButton,Drag,367,365
45.486,45.486,NoButton,Drag,360,365
45.502,45.502,NoButton,Drag,359,366
45.519,45.519,NoButton,Drag,358,369
45.535,45.535,NoButton,Drag,357,373
45.553,45.553,NoButton,Drag,354,377
45.569,45.569,NoButton,Drag,343,385
45.586,45.586,NoButton,Drag,329,391
45.602,45.602,NoButton,Drag,312,395
45.619,45.619,NoButton,Drag,296,399
45.636,45.636,NoButton,Drag,289,401
45.663,45.663,NoButton,Drag,289,401
45.683,45.683,NoButton,Drag,289,400
45.687,45.687,NoButton,Drag,289,400
45.703,45.703,NoButton,Drag,292,397
45.72,45.72,NoButton,Drag,299,393
45.737,45.737,NoButton,Drag,307,390
45.753,45.753,NoButton,Drag,319,388
45.771,45.771,NoButton,Drag,337,388
45.787,45.787,NoButton,Drag,365,388
45.803,45.803,NoButton,Drag,400,389
45.821,45.821,NoButton,Drag,421,391
45.837,45.837,NoButton,Drag,438,392
45.854,45.854,NoButton,Drag,449,393
45.871,45.871,NoButton,Drag,456,393
45.887,45.887,NoButton,Drag,457,393
45.96,45.96,Left,Pressed,457,393
46.039,46.039,NoButton,Drag,458,393
46.084,46.084,Left,Released,458,393
46.131,46.131,NoButton,Drag,457,393
46.135,46.135,NoButton,Drag,457,393
46.139,46.139,NoButton,Drag,457,393
46.155,46.155,NoButton,Drag,453,393
46.171,46.171,NoButton,Drag,441,395
46.187,46.187,NoButton,Drag,406,404
46.204,46.204,NoButton,Drag,364,416
46.221,46.221,NoButton,Drag,320,430
46.237,46.237,NoButton,Drag,262,447
46.254,46.254,NoButton,Drag,230,456
46.271,46.271,NoButton,Drag,217,459
46.288,46.288,NoButton,Drag,216,459
46.306,46.306,NoButton,Drag,222,459
46.322,46.322,NoButton,Drag,268,453
46.339,46.339,NoButton,Drag,408,443
46.355,46.355,NoButton,Drag,650,426
46.372,46.372,NoButton,Drag,923,412
46.389,46.389,NoButton,Drag,1154,401
46.405,46.405,NoButton,Drag,1334,397
46.422,46.422,NoButton,Drag,1439,397
46.438,46.438,NoButton,Drag,1439,400
46.455,46.455,NoButton,Drag,1439,407
46.472,46.472,NoButton,Drag,1439,411
46.488,46.488,NoButton,Drag,1438,416
46.506,46.506,NoButton,Drag,1426,431
46.522,46.522,NoButton,Drag,1411,445
46.541,46.541,NoButton,Drag,1397,461
46.558,46.558,NoButton,Drag,1388,476
46.574,46.574,NoButton,Drag,1385,489
46.591,46.591,NoButton,Drag,1384,502
46.607,46.607,NoButton,Drag,1381,514
46.624,46.624,NoButton,Drag,1378,526
46.641,46.641,NoButton,Drag,1372,537
46.657,46.657,NoButton,Drag,1363,548
46.675,46.675,NoButton,Drag,1356,555
46.691,46.691,NoButton,Drag,1351,560
46.707,46.707,NoButton,Drag,1349,561
46.725,46.725,NoButton,Drag,1349,561
46.741,46.741,NoButton,Drag,1348,562
46.758,46.758,NoButton,Drag,1345,562
46.774,46.774,NoButton,Drag,1341,562
46.792,46.792,NoButton,Drag,1338,563
46.809,46.809,NoButton,Drag,1337,563
46.831,46.831,NoButton,Drag,1337,563
46.842,46.842,NoButton,Drag,1337,563
46.859,46.859,NoButton,Drag,1336,564
46.875,46.875,NoButton,Drag,1335,567
46.892,46.892,NoButton,Drag,1333,569
46.909,46.909,NoButton,Drag,1331,573
46.925,46.925,NoButton,Drag,1328,578
46.943,46.943,NoButton,Drag,1324,585
46.959,46.959,NoButton,Drag,1320,592
46.975,46.975,NoButton,Drag,1316,600
46.992,46.992,NoButton,Drag,1314,603
47.009,47.009,NoButton,Drag,1312,606
47.026,47.026,NoButton,Drag,1311,607
47.042,47.042,NoButton,Drag,1311,608
47.059,47.059,NoButton,Drag,1311,609
47.076,47.076,NoButton,Drag,1311,609
47.116,47.116,Left,Pressed,1311,609
47.127,47.127,NoButton,Drag,1311,609
47.232,47.232,NoButton,Drag,1311,609
47.256,47.256,Left,Released,1311,609
47.312,47.312,NoButton,Drag,1311,609
47.316,47.316,NoButton,Drag,1311,609
47.326,47.326,NoButton,Drag,1310,608
47.343,47.343,NoButton,Drag,1306,606
47.36,47.36,NoButton,Drag,1290,602
47.376,47.376,NoButton,Drag,1258,594
47.393,47.393,NoButton,Drag,1200,580
47.409,47.409,NoButton,Drag,1126,569
47.426,47.426,NoButton,Drag,1009,552
47.443,47.443,NoButton,Drag,910,540
47.46,47.46,NoButton,Drag,821,525
47.476,47.476,NoButton,Drag,752,511
47.493,47.493,NoButton,Drag,717,500
47.51,47.51,NoButton,Drag,712,497
47.526,47.526,NoButton,Drag,714,493
47.539,47.539,NoButton,Drag,721,483
47.556,47.556,NoButton,Drag,739,461
47.573,47.573,NoButton,Drag,766,431
47.59,47.59,NoButton,Drag,791,387
47.606,47.606,NoButton,Drag,805,350
47.623,47.623,NoButton,Drag,810,319
47.639,47.639,NoButton,Drag,808,295
47.657,47.657,NoButton,Drag,801,273
47.673,47.673,NoButton,Drag,791,256
47.69,47.69,NoButton,Drag,773,238
47.706,47.706,NoButton,Drag,754,225
47.724,47.724,NoButton,Drag,734,215
47.74,47.74,NoButton,Drag,719,210
47.756,47.756,NoButton,Drag,714,208
47.774,47.774,NoButton,Drag,713,208
47.842,47.842,NoButton,Drag,713,208
47.846,47.846,NoButton,Drag,713,208
47.855,47.855,NoButton,Drag,713,208
47.872,47.872,NoButton,Drag,712,208
47.936,47.936,NoButton,Drag,712,208
47.943,47.943,NoButton,Drag,712,208
47.956,47.956,NoButton,Drag,712,207
47.972,47.972,NoButton,Drag,712,205
47.989,47.989,NoButton,Drag,711,203
48.006,48.006,NoButton,Drag,711,202
48.022,48.022,NoButton,Drag,710,201
48.038,48.038,NoButton,Drag,710,201
48.055,48.055,NoButton,Drag,710,200
48.079,48.079,NoButton,Drag,710,200
48.099,48.099,NoButton,Drag,710,200
48.105,48.105,NoButton,Drag,710,200
48.121,48.121,NoButton,Drag,709,199
48.139,48.139,NoButton,Drag,708,198
48.155,48.155,NoButton,Drag,708,198
48.172,48.172,NoButton,Drag,708,197
48.188,48.188,NoButton,Drag,708,196
48.205,48.205,NoButton,Drag,708,196
48.268,48.268,Left,Pressed,708,196
48.299,48.299,NoButton,Drag,708,196
48.303,48.303,NoButton,Drag,707,195
48.307,48.307,NoButton,Drag,707,195
48.311,48.311,NoButton,Drag,707,194
48.315,48.315,NoButton,Drag,707,193
48.319,48.319,NoButton,Drag,707,193
48.323,48.323,NoButton,Drag,706,191
48.327,48.327,NoButton,Drag,706,190
48.331,48.331,NoButton,Drag,706,188
48.335,48.335,NoButton,Drag,705,186
48.339,48.339,NoButton,Drag,705,184
48.343,48.343,NoButton,Drag,704,181
48.347,48.347,NoButton,Drag,703,179
48.351,48.351,NoButton,Drag,703,177
48.356,48.356,Left,Released,703,177
48.356,48.356,NoButton,Drag,702,174
48.372,48.372,NoButton,Drag,699,164
48.388,48.388,NoButton,Drag,697,157
48.405,48.405,NoButton,Drag,696,155
48.558,48.558,NoButton,Drag,696,156
48.562,48.562,NoButton,Drag,696,156
48.573,48.573,NoButton,Drag,696,156
48.589,48.589,NoButton,Drag,696,158
48.591,48.591,Left,Pressed,696,158
48.592,48.592,NoButton,Drag,696,158
48.593,48.593,NoButton,Drag,696,159
48.598,48.598,NoButton,Drag,696,159
48.601,48.601,NoButton,Drag,696,160
48.605,48.605,NoButton,Drag,696,161
48.609,48.609,NoButton,Drag,696,161
48.613,48.613,NoButton,Drag,696,162
48.617,48.617,NoButton,Drag,696,163
48.621,48.621,NoButton,Drag,696,164
48.625,48.625,NoButton,Drag,696,165
48.63,48.63,NoButton,Drag,696,165
48.633,48.633,NoButton,Drag,696,166
48.637,48.637,NoButton,Drag,696,168
48.641,48.641,NoButton,Drag,696,169
48.645,48.645,NoButton,Drag,696,170
48.65,48.65,NoButton,Drag,696,171
48.654,48.654,Left,Released,696,171
48.655,48.655,NoButton,Drag,696,171
48.658,48.658,NoButton,Drag,696,172
48.674,48.674,NoButton,Drag,696,173
48.691,48.691,NoButton,Drag,696,173
48.758,48.758,NoButton,Drag,696,174
48.822,48.822,Left,Pressed,696,174
48.902,48.902,Left,Released,696,174
48.97,48.97,NoButton,Drag,696,174
48.981,48.981,NoButton,Drag,695,174
48.994,48.994,NoButton,Drag,695,174
49.011,49.011,NoButton,Drag,695,174
49.028,49.028,NoButton,Drag,693,177
49.045,49.045,NoButton,Drag,692,183
49.061,49.061,NoButton,Drag,689,194
49.078,49.078,NoButton,Drag,686,204
49.095,49.095,NoButton,Drag,682,214
49.111,49.111,NoButton,Drag,671,228
49.128,49.128,NoButton,Drag,654,242
49.145,49.145,NoButton,Drag,623,259
49.162,49.162,NoButton,Drag,577,279
49.179,49.179,NoButton,Drag,517,305
49.195,49.195,NoButton,Drag,447,335
49.212,49.212,NoButton,Drag,376,361
49.228,49.228,NoButton,Drag,332,376
49.246,49.246,NoButton,Drag,308,382
49.262,49.262,NoButton,Drag,302,383
49.278,49.278,NoButton,Drag,301,383
49.296,49.296,NoButton,Drag,304,379
49.314,49.314,NoButton,Drag,311,370
49.331,49.331,NoButton,Drag,324,358
49.347,49.347,NoButton,Drag,340,348
49.364,49.364,NoButton,Drag,356,338
49.38,49.38,NoButton,Drag,362,334
49.398,49.398,NoButton,Drag,363,334
49.423,49.423,NoButton,Drag,363,334
49.431,49.431,NoButton,Drag,364,334
49.447,49.447,NoButton,Drag,364,334
49.465,49.465,NoButton,Drag,365,335
49.48,49.48,NoButton,Drag,365,336
49.497,49.497,NoButton,Drag,365,337
49.515,49.515,NoButton,Drag,366,339
49.532,49.532,NoButton,Drag,367,343
49.548,49.548,NoButton,Drag,370,346
49.566,49.566,NoButton,Drag,373,348
49.582,49.582,NoButton,Drag,377,348
49.599,49.599,NoButton,Drag,380,348
49.616,49.616,NoButton,Drag,388,347
49.632,49.632,NoButton,Drag,398,343
49.649,49.649,NoButton,Drag,411,340
49.666,49.666,NoButton,Drag,424,336
49.683,49.683,NoButton,Drag,434,333
49.7,49.7,NoButton,Drag,442,330
49.716,49.716,NoButton,Drag,445,329
49.732,49.732,NoButton,Drag,448,329
49.75,49.75,NoButton,Drag,450,328
49.766,49.766,NoButton,Drag,450,328
49.785,49.785,NoButton,Drag,451,328
49.8,49.8,NoButton,Drag,451,328
49.816,49.816,NoButton,Drag,454,329
49.83,49.83,NoButton,Drag,456,331
49.833,49.833,Left,Pressed,456,331
49.833,49.833,NoButton,Drag,457,331
49.834,49.834,NoButton,Drag,458,332
49.837,49.837,NoButton,Drag,459,332
49.841,49.841,NoButton,Drag,460,333
49.845,49.845,NoButton,Drag,461,333
49.849,49.849,NoButton,Drag,463,333
49.853,49.853,NoButton,Drag,464,333
49.857,49.857,NoButton,Drag,465,334
49.861,49.861,NoButton,Drag,466,334
49.865,49.865,NoButton,Drag,466,334
49.869,49.869,NoButton,Drag,467,335
49.873,49.873,NoButton,Drag,468,335
49.877,49.877,NoButton,Drag,468,335
49.889,49.889,NoButton,Drag,468,335
49.974,49.974,Left,Released,468,335
50.107,50.107,Left,Pressed,468,335
50.174,50.174,Left,Released,468,335
50.206,50.206,NoButton,Drag,468,335
50.21,50.21,NoButton,Drag,469,335
50.219,50.219,NoButton,Drag,472,335
50.236,50.236,NoButton,Drag,501,340
50.253,50.253,NoButton,Drag,550,342
50.268,50.268,NoButton,Drag,620,342
50.285,50.285,NoButton,Drag,703,340
50.303,50.303,NoButton,Drag,792,335
50.319,50.319,NoButton,Drag,883,325
50.336,50.336,NoButton,Drag,991,317
50.353,50.353,NoButton,Drag,1058,311
50.37,50.37,NoButton,Drag,1094,308
50.386,50.386,NoButton,Drag,1106,308
50.403,50.403,NoButton,Drag,1107,308
50.436,50.436,NoButton,Drag,1107,308
50.44,50.44,NoButton,Drag,1108,308
50.452,50.452,NoButton,Drag,1108,309
50.469,50.469,NoButton,Drag,1109,314
50.487,50.487,NoButton,Drag,1114,321
50.503,50.503,NoButton,Drag,1121,329
50.52,50.52,NoButton,Drag,1127,335
50.536,50.536,NoButton,Drag,1128,337
50.554,50.554,NoButton,Drag,1127,339
50.57,50.57,NoButton,Drag,1121,344
50.587,50.587,NoButton,Drag,1106,352
50.604,50.604,NoButton,Drag,1078,360
50.62,50.62,NoButton,Drag,1053,366
50.637,50.637,NoButton,Drag,1029,370
50.654,50.654,NoButton,Drag,1009,373
50.671,50.671,NoButton,Drag,997,376
50.687,50.687,NoButton,Drag,994,377
50.733,50.733,NoButton,Drag,994,377
50.739,50.739,NoButton,Drag,994,377
50.756,50.756,Left,Pressed,994,377
50.757,50.757,NoButton,Drag,994,377
50.759,50.759,NoButton,Drag,995,377
50.886,50.886,Left,Released,995,377
50.91,50.91,NoButton,Drag,994,377
50.922,50.922,NoButton,Drag,994,377
50.926,50.926,NoButton,Drag,994,376
50.941,50.941,NoButton,Drag,993,376
50.958,50.958,NoButton,Drag,992,376
50.975,50.975,NoButton,Drag,992,376
50.991,50.991,NoButton,Drag,991,377
51.008,51.008,NoButton,Drag,990,379
51.024,51.024,NoButton,Drag,988,381
51.041,51.041,NoButton,Drag,984,385
51.054,51.054,NoButton,Drag,982,386
51.058,51.058,Left,Pressed,982,386
51.058,51.058,NoButton,Drag,981,388
51.062,51.062,NoButton,Drag,980,388
51.066,51.066,NoButton,Drag,980,389
51.069,51.069,NoButton,Drag,980,389
51.073,51.073,NoButton,Drag,979,389
51.077,51.077,NoButton,Drag,979,390
51.081,51.081,NoButton,Drag,979,390
51.085,51.085,NoButton,Drag,979,390
51.089,51.089,NoButton,Drag,978,390
51.093,51.093,NoButton,Drag,978,391
51.097,51.097,NoButton,Drag,978,391
51.101,51.101,NoButton,Drag,978,391
51.109,51.109,NoButton,Drag,977,391
51.118,51.118,Left,Released,977,391
51.149,51.149,NoButton,Drag,977,391
51.162,51.162,NoButton,Drag,977,391
51.165,51.165,NoButton,Drag,977,391
51.173,51.173,NoButton,Drag,976,391
51.189,51.189,NoButton,Drag,976,391
51.206,51.206,NoButton,Drag,976,390
51.35,51.35,NoButton,Drag,976,390
51.353,51.353,NoButton,Drag,975,390
51.369,51.369,NoButton,Drag,973,391
51.385,51.385,NoButton,Drag,957,394
51.403,51.403,NoButton,Drag,926,400
51.419,51.419,NoButton,Drag,869,406
51.436,51.436,NoButton,Drag,760,422
51.452,51.452,NoButton,Drag,637,445
51.469,51.469,NoButton,Drag,494,475
51.486,51.486,NoButton,Drag,339,518
51.503,51.503,NoButton,Drag,197,561
51.519,51.519,NoButton,Drag,97,601
51.534,51.534,NoButton,Drag,19,639
51.551,51.551,NoButton,Drag,0,667
51.567,51.567,NoButton,Drag,0,687
51.584,51.584,NoButton,Drag,0,706
51.6,51.6,NoButton,Drag,0,716
51.617,51.617,NoButton,Drag,0,720
51.634,51.634,NoButton,Drag,0,722
51.65,51.65,NoButton,Drag,1,722
51.667,51.667,NoButton,Drag,6,718
51.685,51.685,NoButton,Drag,23,707
51.7,51.7,NoButton,Drag,38,696
51.718,51.718,NoButton,Drag,51,686
51.734,51.734,NoButton,Drag,63,678
51.751,51.751,NoButton,Drag,71,672
51.767,51.767,NoButton,Drag,78,668
51.785,51.785,NoButton,Drag,80,668
51.801,51.801,NoButton,Drag,80,667
51.852,51.852,NoButton,Drag,80,667
51.856,51.856,NoButton,Drag,81,667
51.868,51.868,NoButton,Drag,82,666
51.885,51.885,NoButton,Drag,84,664
51.901,51.901,NoButton,Drag,87,662
51.918,51.918,NoButton,Drag,88,661
51.934,51.934,NoButton,Drag,88,661
51.951,51.951,NoButton,Drag,88,660
51.968,51.968,NoButton,Drag,88,660
51.989,51.989,NoButton,Drag,88,660
52.002,52.002,NoButton,Drag,88,659
52.018,52.018,NoButton,Drag,88,658
52.035,52.035,NoButton,Drag,89,657
52.053,52.053,NoButton,Drag,89,655
52.07,52.07,NoButton,Drag,90,653
52.114,52.114,Left,Pressed,90,653
52.186,52.186,Left,Released,90,653
52.187,52.187,NoButton,Drag,90,653
52.205,52.205,NoButton,Drag,90,652
52.221,52.221,NoButton,Drag,90,651
52.238,52.238,NoButton,Drag,90,650
52.254,52.254,NoButton,Drag,91,649
52.311,52.311,Left,Pressed,91,649
52.398,52.398,NoButton,Drag,91,649
52.402,52.402,Left,Released,91,649
52.403,52.403,NoButton,Drag,91,649
52.406,52.406,NoButton,Drag,92,648
52.424,52.424,NoButton,Drag,106,644
52.44,52.44,NoButton,Drag,155,632
52.457,52.457,NoButton,Drag,258,610
52.473,52.473,NoButton,Drag,402,575
52.49,52.49,NoButton,Drag,558,539
52.506,52.506,NoButton,Drag,629,524
52.523,52.523,NoButton,Drag,656,519
52.54,52.54,NoButton,Drag,659,519
52.557,52.557,NoButton,Drag,660,520
52.573,52.573,NoButton,Drag,652,525
52.59,52.59,NoButton,Drag,631,535
52.608,52.608,NoButton,Drag,581,552
52.624,52.624,NoButton,Drag,538,566
52.64,52.64,NoButton,Drag,507,578
52.658,52.658,NoButton,Drag,483,587
52.673,52.673,NoButton,Drag,467,594
52.691,52.691,NoButton,Drag,455,598
52.707,52.707,NoButton,Drag,446,601
52.724,52.724,NoButton,Drag,443,601
52.743,52.743,NoButton,Drag,442,601
52.757,52.757,NoButton,Drag,442,601
52.775,52.775,NoButton,Drag,439,600
52.791,52.791,NoButton,Drag,435,598
52.808,52.808,NoButton,Drag,422,594
52.824,52.824,NoButton,Drag,403,589
52.841,52.841,NoButton,Drag,379,582
52.857,52.857,NoButton,Drag,357,577
52.874,52.874,NoButton,Drag,349,575
52.891,52.891,NoButton,Drag,349,575
52.908,52.908,NoButton,Drag,349,575
52.924,52.924,NoButton,Drag,353,574
52.942,52.942,NoButton,Drag,361,573
52.959,52.959,NoButton,Drag,371,572
52.974,52.974,NoButton,Drag,380,572
52.991,52.991,NoButton,Drag,388,573
53.008,53.008,NoButton,Drag,397,575
53.025,53.025,NoButton,Drag,401,576
53.039,53.039,NoButton,Drag,403,577
53.055,53.055,NoButton,Drag,403,578
53.072,53.072,NoButton,Drag,404,580
53.089,53.089,NoButton,Drag,403,582
53.106,53.106,NoButton,Drag,402,584
53.123,53.123,NoButton,Drag,400,589
53.139,53.139,NoButton,Drag,395,594
53.156,53.156,NoButton,Drag,389,599
53.172,53.172,NoButton,Drag,383,602
53.189,53.189,NoButton,Drag,378,605
53.206,53.206,NoButton,Drag,369,607
53.223,53.223,NoButton,Drag,362,607
53.24,53.24,NoButton,Drag,357,606
53.256,53.256,NoButton,Drag,356,605
53.281,53.281,NoButton,Drag,356,605
53.288,53.288,NoButton,Drag,356,605
53.305,53.305,NoButton,Drag,355,604
53.322,53.322,NoButton,Drag,355,603
53.323,53.323,Left,Pressed,355,603
53.323,53.323,NoButton,Drag,355,603
53.325,53.325,NoButton,Drag,355,603
53.329,53.329,NoButton,Drag,355,602
53.333,53.333,NoButton,Drag,355,602
53.337,53.337,NoButton,Drag,355,602
53.341,53.341,NoButton,Drag,355,601
53.345,53.345,NoButton,Drag,356,601
53.349,53.349,NoButton,Drag,356,601
53.353,53.353,NoButton,Drag,356,600
53.357,53.357,NoButton,Drag,356,600
53.361,53.361,NoButton,Drag,356,599
53.365,53.365,NoButton,Drag,356,599
53.369,53.369,NoButton,Drag,357,598
53.373,53.373,NoButton,Drag,357,598
53.377,53.377,NoButton,Drag,357,597
53.381,53.381,NoButton,Drag,357,597
53.385,53.385,NoButton,Drag,357,597
53.421,53.421,NoButton,Drag,357,596
53.43,53.43,Left,Released,357,596
53.481,53.481,NoButton,Drag,357,596
53.485,53.485,NoButton,Drag,357,596
53.494,53.494,NoButton,Drag,357,596
53.506,53.506,NoButton,Drag,358,595
53.522,53.522,NoButton,Drag,358,594
53.537,53.537,NoButton,Drag,360,593
53.554,53.554,NoButton,Drag,369,590
53.57,53.57,NoButton,Drag,385,586
53.588,53.588,NoButton,Drag,412,581
53.605,53.605,NoButton,Drag,446,577
53.621,53.621,NoButton,Drag,482,575
53.638,53.638,NoButton,Drag,527,574
53.654,53.654,NoButton,Drag,563,572
53.671,53.671,NoButton,Drag,594,571
53.688,53.688,NoButton,Drag,613,569
53.705,53.705,NoButton,Drag,614,569
53.721,53.721,NoButton,Drag,614,567
53.738,53.738,NoButton,Drag,612,560
53.754,53.754,NoButton,Drag,606,551
53.772,53.772,NoButton,Drag,591,534
53.788,53.788,NoButton,Drag,575,518
53.805,53.805,NoButton,Drag,561,504
53.821,53.821,NoButton,Drag,552,494
53.838,53.838,NoButton,Drag,550,491
53.855,53.855,NoButton,Drag,550,490
53.871,53.871,NoButton,Drag,550,487
53.888,53.888,NoButton,Drag,550,484
53.904,53.904,NoButton,Drag,550,482
53.921,53.921,NoButton,Drag,550,481
53.939,53.939,NoButton,Drag,550,478
53.955,53.955,NoButton,Drag,551,474
53.972,53.972,NoButton,Drag,552,467
53.989,53.989,NoButton,Drag,553,460
54.005,54.005,NoButton,Drag,553,452
54.022,54.022,NoButton,Drag,553,443
54.039,54.039,NoButton,Drag,553,434
54.055,54.055,NoButton,Drag,552,425
54.072,54.072,NoButton,Drag,551,421
54.089,54.089,NoButton,Drag,551,420
54.106,54.106,NoButton,Drag,551,420
54.12,54.12,Left,Pressed,551,420
54.254,54.254,Left,Released,551,420
54.297,54.297,NoButton,Drag,550,420
54.301,54.301,NoButton,Drag,550,420
54.306,54.306,NoButton,Drag,550,420
54.322,54.322,NoButton,Drag,545,421
54.34,54.34,NoButton,Drag,534,423
54.356,54.356,NoButton,Drag,518,426
54.372,54.372,NoButton,Drag,500,429
54.389,54.389,NoButton,Drag,478,435
54.406,54.406,NoButton,Drag,451,444
54.423,54.423,NoButton,Drag,432,455
54.439,54.439,NoButton,Drag,419,466
54.614,54.614,NoButton,Drag,419,465
54.617,54.617,NoButton,Drag,419,463
54.623,54.623,NoButton,Drag,420,463
54.639,54.639,NoButton,Drag,422,460
54.646,54.646,NoButton,Drag,422,458
54.656,54.656,Left,Pressed,422,458
54.657,54.657,NoButton,Drag,426,446
54.658,54.658,NoButton,Drag,430,440
54.661,54.661,NoButton,Drag,434,433
54.665,54.665,NoButton,Drag,439,426
54.669,54.669,NoButton,Drag,448,418
54.673,54.673,NoButton,Drag,459,411
54.677,54.677,NoButton,Drag,473,402
54.681,54.681,NoButton,Drag,489,393
54.686,54.686,Left,Released,489,393
54.687,54.687,NoButton,Drag,507,384
54.69,54.69,NoButton,Drag,527,374
54.707,54.707,NoButton,Drag,606,335
54.724,54.724,NoButton,Drag,665,295
54.741,54.741,NoButton,Drag,697,262
54.757,54.757,NoButton,Drag,723,227
54.774,54.774,NoButton,Drag,757,186
54.791,54.791,NoButton,Drag,784,155
54.808,54.808,NoButton,Drag,808,126
54.824,54.824,NoButton,Drag,829,95
54.84,54.84,NoButton,Drag,848,58
54.857,54.857,NoButton,Drag,857,32
54.874,54.874,NoButton,Drag,863,12
54.89,54.89,NoButton,Drag,867,0
54.907,54.907,NoButton,Drag,869,0
54.924,54.924,NoButton,Drag,868,0
54.941,54.941,NoButton,Drag,867,0
54.958,54.958,NoButton,Drag,865,0
54.974,54.974,NoButton,Drag,863,0
54.991,54.991,NoButton,Drag,860,2
55.008,55.008,NoButton,Drag,850,11
55.025,55.025,NoButton,Drag,834,23
55.043,55.043,NoButton,Drag,809,41
55.059,55.059,NoButton,Drag,783,60
55.076,55.076,NoButton,Drag,746,84
55.093,55.093,NoButton,Drag,716,102
55.11,55.11,NoButton,Drag,693,114
55.126,55.126,NoButton,Drag,675,123
55.143,55.143,NoButton,Drag,664,130
55.16,55.16,NoButton,Drag,658,134
55.176,55.176,NoButton,Drag,656,137
55.193,55.193,NoButton,Drag,654,141
55.21,55.21,NoButton,Drag,651,147
55.227,55.227,NoButton,Drag,648,154
55.243,55.243,NoButton,Drag,644,164
55.26,55.26,NoButton,Drag,634,178
55.277,55.277,NoButton,Drag,623,192
55.297,55.297,NoButton,Drag,607,210
55.314,55.314,NoButton,Drag,591,226
55.332,55.332,NoButton,Drag,567,249
55.348,55.348,NoButton,Drag,548,269
55.365,55.365,NoButton,Drag,530,294
55.382,55.382,NoButton,Drag,512,328
55.399,55.399,NoButton,Drag,482,377
55.415,55.415,NoButton,Drag,438,434
55.431,55.431,NoButton,Drag,341,524
55.448,55.448,NoButton,Drag,253,586
55.465,55.465,NoButton,Drag,143,642
55.481,55.481,NoButton,Drag,0,714
55.499,55.499,NoButton,Drag,0,787
55.516,55.516,NoButton,Drag,0,839
55.532,55.532,NoButton,Drag,0,862
55.549,55.549,NoButton,Drag,0,869
55.567,55.567,NoButton,Drag,0,867
55.583,55.583,NoButton,Drag,0,857
55.601,55.601,NoButton,Drag,0,848
55.617,55.617,NoButton,Drag,0,843
55.634,55.634,NoButton,Drag,12,824
55.651,55.651,NoButton,Drag,57,789
55.667,55.667,NoButton,Drag,138,742
55.685,55.685,NoButton,Drag,253,679
55.701,55.701,NoButton,Drag,377,610
55.717,55.717,NoButton,Drag,522,523
55.734,55.734,NoButton,Drag,636,441
55.751,55.751,NoButton,Drag,737,364
55.768,55.768,NoButton,Drag,812,306
55.785,55.785,NoButton,Drag,850,268
55.801,55.801,NoButton,Drag,867,243
55.818,55.818,NoButton,Drag,871,235
55.853,55.853,NoButton,Drag,871,235
55.857,55.857,NoButton,Drag,871,234
55.869,55.869,NoButton,Drag,870,235
55.885,55.885,NoButton,Drag,862,240
55.902,55.902,NoButton,Drag,845,250
55.918,55.918,NoButton,Drag,830,257
55.935,55.935,NoButton,Drag,815,262
55.952,55.952,NoButton,Drag,796,268
55.969,55.969,NoButton,Drag,764,276
55.985,55.985,NoButton,Drag,688,281
56.002,56.002,NoButton,Drag,621,286
56.019,56.019,NoButton,Drag,569,297
56.036,56.036,NoButton,Drag,506,319
56.052,56.052,NoButton,Drag,439,349
56.069,56.069,NoButton,Drag,360,388
56.086,56.086,NoButton,Drag,274,432
56.102,56.102,NoButton,Drag,188,474
56.119,56.119,NoButton,Drag,102,516
56.136,56.136,NoButton,Drag,0,561
56.153,56.153,NoButton,Drag,0,595
56.169,56.169,NoButton,Drag,0,621
56.186,56.186,NoButton,Drag,0,646
56.203,56.203,NoButton,Drag,0,666
56.219,56.219,NoButton,Drag,0,674
56.236,56.236,NoButton,Drag,0,677
56.252,56.252,NoButton,Drag,0,683
56.27,56.27,NoButton,Drag,0,698
56.286,56.286,NoButton,Drag,0,719
56.303,56.303,NoButton,Drag,0,740
56.319,56.319,NoButton,Drag,0,753
56.336,56.336,NoButton,Drag,0,765
56.353,56.353,NoButton,Drag,0,767
56.369,56.369,NoButton,Drag,4,768
56.387,56.387,NoButton,Drag,33,763
56.403,56.403,NoButton,Drag,116,741
56.419,56.419,NoButton,Drag,306,686
56.436,56.436,NoButton,Drag,497,629
56.453,56.453,NoButton,Drag,690,567
56.47,56.47,NoButton,Drag,848,514
56.486,56.486,NoButton,Drag,945,473
56.503,56.503,NoButton,Drag,1015,436
56.52,56.52,NoButton,Drag,1061,406
56.537,56.537,NoButton,Drag,1077,392
56.554,56.554,NoButton,Drag,1083,384
56.57,56.57,NoButton,Drag,1084,382
56.587,56.587,NoButton,Drag,1084,381
56.603,56.603,NoButton,Drag,1083,381
56.62,56.62,NoButton,Drag,1082,380
56.637,56.637,NoButton,Drag,1080,378
56.654,56.654,NoButton,Drag,1075,375
56.67,56.67,NoButton,Drag,1066,367
56.687,56.687,NoButton,Drag,1047,355
56.704,56.704,NoButton,Drag,1014,337
56.72,56.72,NoButton,Drag,974,320
56.737,56.737,NoButton,Drag,934,304
56.754,56.754,NoButton,Drag,884,288
56.771,56.771,NoButton,Drag,846,275
56.788,56.788,NoButton,Drag,818,264
56.803,56.803,NoButton,Drag,797,255
56.821,56.821,NoButton,Drag,780,247
56.837,56.837,NoButton,Drag,764,239
56.854,56.854,NoButton,Drag,741,229
56.871,56.871,NoButton,Drag,720,220
56.887,56.887,NoButton,Drag,695,210
56.905,56.905,NoButton,Drag,665,196
56.921,56.921,NoButton,Drag,632,181
56.937,56.937,NoButton,Drag,601,164
56.954,56.954,NoButton,Drag,586,155
56.972,56.972,NoButton,Drag,583,152
56.988,56.988,NoButton,Drag,583,151
57.004,57.004,NoButton,Drag,583,151
57.022,57.022,NoButton,Drag,583,151
57.103,57.103,NoButton,Drag,583,151
57.106,57.106,NoButton,Drag,583,151
57.121,57.121,NoButton,Drag,581,154
57.138,57.138,NoButton,Drag,573,159
57.155,57.155,NoButton,Drag,565,164
57.172,57.172,NoButton,Drag,549,169
57.188,57.188,NoButton,Drag,535,171
57.205,57.205,NoButton,Drag,521,171
57.221,57.221,NoButton,Drag,508,170
57.238,57.238,NoButton,Drag,502,169
57.255,57.255,NoButton,Drag,501,169
57.364,57.364,NoButton,Drag,501,169
57.392,57.392,Left,Pressed,501,169
57.428,57.428,NoButton,Drag,501,169
57.5,57.5,Left,Released,501,169
57.527,57.527,NoButton,Drag,501,169
57.531,57.531,NoButton,Drag,501,169
57.538,57.538,NoButton,Drag,501,170
57.554,57.554,NoButton,Drag,501,174
57.571,57.571,NoButton,Drag,503,181
57.588,57.588,NoButton,Drag,512,196
57.604,57.604,NoButton,Drag,521,212
57.621,57.621,NoButton,Drag,526,227
57.638,57.638,NoButton,Drag,528,246
57.654,57.654,NoButton,Drag,523,267
57.672,57.672,NoButton,Drag,513,297
57.688,57.688,NoButton,Drag,502,320
57.705,57.705,NoButton,Drag,496,339
57.722,57.722,NoButton,Drag,491,358
57.739,57.739,NoButton,Drag,493,370
57.755,57.755,NoButton,Drag,501,384
57.772,57.772,NoButton,Drag,521,402
57.788,57.788,NoButton,Drag,561,420
57.807,57.807,NoButton,Drag,646,445
57.824,57.824,NoButton,Drag,751,453
57.84,57.84,NoButton,Drag,896,453
57.856,57.856,NoButton,Drag,1053,441
57.873,57.873,NoButton,Drag,1256,405
57.89,57.89,NoButton,Drag,1420,363
57.907,57.907,NoButton,Drag,1439,316
57.924,57.924,NoButton,Drag,1439,269
57.941,57.941,NoButton,Drag,1439,224
57.957,57.957,NoButton,Drag,1439,181
57.973,57.973,NoButton,Drag,1439,128
57.99,57.99,NoButton,Drag,1439,90
58.008,58.008,NoButton,Drag,1439,63
58.023,58.023,NoButton,Drag,1439,50
58.041,58.041,NoButton,Drag,1439,42
58.059,58.059,NoButton,Drag,1439,36
58.075,58.075,NoButton,Drag,1436,35
58.092,58.092,NoButton,Drag,1426,35
58.109,58.109,NoButton,Drag,1406,38
58.126,58.126,NoButton,Drag,1365,48
58.142,58.142,NoButton,Drag,1328,60
58.16,58.16,NoButton,Drag,1295,68
58.176,58.176,NoButton,Drag,1271,75
58.193,58.193,NoButton,Drag,1255,79
58.209,58.209,NoButton,Drag,1248,80
58.226,58.226,NoButton,Drag,1247,81
58.249,58.249,NoButton,Drag,1247,81
58.265,58.265,NoButton,Drag,1247,81
58.277,58.277,NoButton,Drag,1248,81
58.293,58.293,NoButton,Drag,1249,81
58.31,58.31,NoButton,Drag,1252,84
58.327,58.327,NoButton,Drag,1257,89
58.344,58.344,NoButton,Drag,1266,101
58.36,58.36,NoButton,Drag,1276,111
58.378,58.378,NoButton,Drag,1288,120
58.393,58.393,NoButton,Drag,1300,125
58.411,58.411,NoButton,Drag,1311,128
58.427,58.427,NoButton,Drag,1320,129
58.444,58.444,NoButton,Drag,1325,128
58.461,58.461,NoButton,Drag,1326,127
58.477,58.477,NoButton,Drag,1327,126
58.503,58.503,NoButton,Drag,1327,126
58.535,58.535,NoButton,Drag,1327,126
58.56,58.56,Left,Pressed,1327,126
58.648,58.648,Left,Released,1327,126
58.68,58.68,NoButton,Drag,1327,126
58.683,58.683,NoButton,Drag,1328,126
58.695,58.695,NoButton,Drag,1328,125
58.712,58.712,NoButton,Drag,1335,126
58.728,58.728,NoButton,Drag,1343,127
58.745,58.745,NoButton,Drag,1352,129
58.762,58.762,NoButton,Drag,1362,132
58.779,58.779,NoButton,Drag,1372,134
58.795,58.795,NoButton,Drag,1381,137
58.812,58.812,NoButton,Drag,1390,140
58.828,58.828,NoButton,Drag,1396,141
58.845,58.845,NoButton,Drag,1401,142
58.862,58.862,NoButton,Drag,1408,145
58.879,58.879,NoButton,Drag,1412,146
58.895,58.895,NoButton,Drag,1413,146
58.906,58.906,Left,Pressed,1413,146
58.913,58.913,NoButton,Drag,1413,146
58.941,58.941,NoButton,Drag,1413,146
59.022,59.022,Left,Released,1413,146
59.03,59.03,NoButton,Drag,1413,145
59.047,59.047,NoButton,Drag,1413,145
59.063,59.063,NoButton,Drag,1412,145
59.082,59.082,NoButton,Drag,1412,144
59.138,59.138,Left,Pressed,1412,144
59.202,59.202,NoButton,Drag,1411,144
59.206,59.206,NoButton,Drag,1411,144
59.21,59.21,NoButton,Drag,1411,144
59.218,59.218,NoButton,Drag,1410,144
59.222,59.222,Left,Released,1410,144
59.225,59.225,NoButton,Drag,1410,144
59.233,59.233,NoButton,Drag,1410,144
59.25,59.25,NoButton,Drag,1405,144
59.267,59.267,NoButton,Drag,1391,145
59.283,59.283,NoButton,Drag,1361,147
59.301,59.301,NoButton,Drag,1318,154
59.317,59.317,NoButton,Drag,1271,166
59.334,59.334,NoButton,Drag,1229,183
59.35,59.35,NoButton,Drag,1205,199
59.367,59.367,NoButton,Drag,1191,214
59.384,59.384,NoButton,Drag,1183,230
59.401,59.401,NoButton,Drag,1183,248
59.417,59.417,NoButton,Drag,1190,266
59.434,59.434,NoButton,Drag,1207,285
59.451,59.451,NoButton,Drag,1223,295
59.467,59.467,NoButton,Drag,1239,300
59.484,59.484,NoButton,Drag,1253,304
59.501,59.501,NoButton,Drag,1259,305
59.518,59.518,NoButton,Drag,1261,305
59.559,59.559,NoButton,Drag,1261,305
59.564,59.564,NoButton,Drag,1261,306
59.568,59.568,NoButton,Drag,1261,307
59.584,59.584,NoButton,Drag,1261,313
59.602,59.602,NoButton,Drag,1262,322
59.618,59.618,NoButton,Drag,1263,333
59.634,59.634,NoButton,Drag,1264,346
59.651,59.651,NoButton,Drag,1262,360
59.668,59.668,NoButton,Drag,1257,378
59.685,59.685,NoButton,Drag,1252,391
59.702,59.702,NoButton,Drag,1249,405
59.718,59.718,NoButton,Drag,1247,418
59.735,59.735,NoButton,Drag,1247,428
59.752,59.752,NoButton,Drag,1247,437
59.768,59.768,NoButton,Drag,1248,443
59.786,59.786,NoButton,Drag,1250,446
59.803,59.803,NoButton,Drag,1251,449
59.822,59.822,NoButton,Drag,1255,451
59.838,59.838,NoButton,Drag,1262,451
59.855,59.855,NoButton,Drag,1268,452
59.872,59.872,NoButton,Drag,1275,452
59.888,59.888,NoButton,Drag,1279,453
59.905,59.905,NoButton,Drag,1282,454
59.921,59.921,NoButton,Drag,1285,456
59.939,59.939,NoButton,Drag,1289,460
59.955,59.955,NoButton,Drag,1292,464
59.972,59.972,NoButton,Drag,1294,468
59.988,59.988,NoButton,Drag,1296,472
60.005,60.005,NoButton,Drag,1299,477
60.022,60.022,NoButton,Drag,1303,482
60.038,60.038,NoButton,Drag,1306,484
60.057,60.057,NoButton,Drag,1308,485
60.122,60.122,NoButton,Drag,1308,485
60.125,60.125,NoButton,Drag,1308,485
60.13,60.13,Left,Pressed,1308,485
60.133,60.133,NoButton,Drag,1308,484
60.137,60.137,NoButton,Drag,1308,484
60.141,60.141,NoButton,Drag,1308,484
60.145,60.145,NoButton,Drag,1308,483
60.149,60.149,NoButton,Drag,1308,483
60.153,60.153,NoButton,Drag,1308,482
60.157,60.157,NoButton,Drag,1308,482
60.161,60.161,NoButton,Drag,1308,481
60.165,60.165,NoButton,Drag,1308,481
60.169,60.169,NoButton,Drag,1308,481
60.173,60.173,NoButton,Drag,1308,480
60.177,60.177,NoButton,Drag,1308,480
60.181,60.181,NoButton,Drag,1308,480
60.185,60.185,NoButton,Drag,1308,480
60.193,60.193,NoButton,Drag,1308,479
60.197,60.197,NoButton,Drag,1308,479
60.201,60.201,NoButton,Drag,1308,479
60.205,60.205,NoButton,Drag,1307,478
60.209,60.209,NoButton,Drag,1307,478
60.214,60.214,Left,Released,1307,478
60.215,60.215,NoButton,Drag,1307,478
60.224,60.224,NoButton,Drag,1307,477
60.241,60.241,NoButton,Drag,1306,476
60.257,60.257,NoButton,Drag,1306,475
60.274,60.274,NoButton,Drag,1305,474
60.291,60.291,NoButton,Drag,1305,472
60.308,60.308,NoButton,Drag,1304,471
60.324,60.324,NoButton,Drag,1303,469
60.341,60.341,NoButton,Drag,1303,469
60.358,60.358,NoButton,Drag,1303,468
60.407,60.407,Left,Pressed,1303,468
60.506,60.506,Left,Released,1303,468
60.544,60.544,NoButton,Drag,1303,468
60.558,60.558,NoButton,Drag,1303,468
60.566,60.566,NoButton,Drag,1303,467
60.575,60.575,NoButton,Drag,1303,467
60.592,60.592,NoButton,Drag,1303,467
60.608,60.608,NoButton,Drag,1302,467
60.655,60.655,NoButton,Drag,1302,466
60.663,60.663,NoButton,Drag,1302,466
60.677,60.677,NoButton,Drag,1302,466
60.868,60.868,NoButton,Drag,1301,466
60.872,60.872,NoButton,Drag,1301,466
60.876,60.876,NoButton,Drag,1301,466
60.894,60.894,NoButton,Drag,1298,466
60.91,60.91,NoButton,Drag,1289,467
60.927,60.927,NoButton,Drag,1276,465
60.943,60.943,NoButton,Drag,1253,460
60.96,60.96,NoButton,Drag,1205,448
60.977,60.977,NoButton,Drag,1143,432
60.994,60.994,NoButton,Drag,1051,409
61.011,61.011,NoButton,Drag,920,381
61.027,61.027,NoButton,Drag,781,340
61.044,61.044,NoButton,Drag,619,288
61.061,61.061,NoButton,Drag,519,249
61.079,61.079,NoButton,Drag,438,213
61.095,61.095,NoButton,Drag,389,185
61.112,61.112,NoButton,Drag,363,160
61.129,61.129,NoButton,Drag,356,146
61.145,61.145,NoButton,Drag,355,132
61.162,61.162,NoButton,Drag,358,116
61.179,61.179,NoButton,Drag,369,95
61.195,61.195,NoButton,Drag,376,81
61.212,61.212,NoButton,Drag,381,70
61.229,61.229,NoButton,Drag,383,62
61.246,61.246,NoButton,Drag,385,57
61.262,61.262,NoButton,Drag,386,55
61.279,61.279,NoButton,Drag,386,55
61.305,61.305,NoButton,Drag,387,55
61.314,61.314,NoButton,Drag,387,55
61.331,61.331,NoButton,Drag,384,59
61.348,61.348,NoButton,Drag,377,65
61.364,61.364,NoButton,Drag,366,72
61.38,61.38,NoButton,Drag,349,80
61.397,61.397,NoButton,Drag,321,89
61.414,61.414,NoButton,Drag,299,97
61.431,61.431,NoButton,Drag,281,102
61.448,61.448,NoButton,Drag,268,105
61.464,61.464,NoButton,Drag,257,109
61.481,61.481,NoButton,Drag,247,112
61.498,61.498,NoButton,Drag,239,113
61.514,61.514,NoButton,Drag,235,113
61.531,61.531,NoButton,Drag,229,112
61.548,61.548,NoButton,Drag,222,111
61.569,61.569,NoButton,Drag,212,108
61.585,61.585,NoButton,Drag,200,102
61.603,61.603,NoButton,Drag,189,96
61.619,61.619,NoButton,Drag,178,89
61.636,61.636,NoButton,Drag,168,82
61.653,61.653,NoButton,Drag,162,78
61.669,61.669,NoButton,Drag,157,74
61.686,61.686,NoButton,Drag,151,70
61.703,61.703,NoButton,Drag,146,67
61.719,61.719,NoButton,Drag,143,65
61.736,61.736,NoButton,Drag,142,64
61.86,61.86,NoButton,Drag,142,64
61.863,61.863,NoButton,Drag,142,65
61.872,61.872,NoButton,Drag,142,65
61.889,61.889,NoButton,Drag,142,68
61.905,61.905,NoButton,Drag,141,73
61.921,61.921,NoButton,Drag,140,79
61.938,61.938,NoButton,Drag,137,86
61.955,61.955,NoButton,Drag,133,92
61.972,61.972,NoButton,Drag,129,99
61.988,61.988,NoButton,Drag,127,103
62.005,62.005,NoButton,Drag,125,106
62.022,62.022,NoButton,Drag,125,107
62.04,62.04,NoButton,Drag,125,107
62.068,62.068,Left,Pressed,125,107
62.168,62.168,Left,Released,125,107
62.286,62.286,Left,Pressed,125,107
62.378,62.378,NoButton,Drag,125,108
62.382,62.382,Left,Released,125,108
62.384,62.384,NoButton,Drag,125,108
62.396,62.396,NoButton,Drag,125,111
62.412,62.412,NoButton,Drag,129,117
62.428,62.428,NoButton,Drag,138,126
62.446,62.446,NoButton,Drag,162,145
62.462,62.462,NoButton,Drag,190,166
62.479,62.479,NoButton,Drag,221,191
62.496,62.496,NoButton,Drag,256,220
62.512,62.512,NoButton,Drag,290,253
62.529,62.529,NoButton,Drag,323,289
62.546,62.546,NoButton,Drag,359,327
62.565,62.565,NoButton,Drag,382,360
62.582,62.582,NoButton,Drag,410,397
62.598,62.598,NoButton,Drag,433,426
62.616,62.616,NoButton,Drag,454,453
62.632,62.632,NoButton,Drag,474,481
62.648,62.648,NoButton,Drag,493,505
62.665,62.665,NoButton,Drag,509,525
62.682,62.682,NoButton,Drag,527,547
62.699,62.699,NoButton,Drag,544,564
62.715,62.715,NoButton,Drag,566,581
62.732,62.732,NoButton,Drag,590,593
62.749,62.749,NoButton,Drag,615,601
62.765,62.765,NoButton,Drag,646,602
62.782,62.782,NoButton,Drag,669,596
62.799,62.799,NoButton,Drag,687,588
62.818,62.818,NoButton,Drag,705,578
62.835,62.835,NoButton,Drag,715,568
62.851,62.851,NoButton,Drag,721,561
62.869,62.869,NoButton,Drag,727,552
62.885,62.885,NoButton,Drag,731,543
62.902,62.902,NoButton,Drag,738,532
62.918,62.918,NoButton,Drag,744,524
62.935,62.935,NoButton,Drag,755,515
62.952,62.952,NoButton,Drag,771,506
62.968,62.968,NoButton,Drag,790,501
62.985,62.985,NoButton,Drag,812,501
63.002,63.002,NoButton,Drag,832,501
63.019,63.019,NoButton,Drag,849,502
63.035,63.035,NoButton,Drag,859,504
63.052,63.052,NoButton,Drag,862,506
63.068,63.068,NoButton,Drag,864,508
63.085,63.085,NoButton,Drag,867,511
63.101,63.101,NoButton,Drag,869,514
63.119,63.119,NoButton,Drag,871,515
63.22,63.22,NoButton,Drag,871,515
63.228,63.228,NoButton,Drag,871,515
63.235,63.235,NoButton,Drag,871,514
63.252,63.252,NoButton,Drag,871,511
63.268,63.268,NoButton,Drag,869,508
63.286,63.286,NoButton,Drag,868,506
63.302,63.302,NoButton,Drag,867,503
63.318,63.318,NoButton,Drag,867,500
63.335,63.335,NoButton,Drag,867,496
63.351,63.351,NoButton,Drag,867,492
63.368,63.368,NoButton,Drag,868,491
63.385,63.385,NoButton,Drag,868,491
63.408,63.408,Left,Pressed,868,491
63.526,63.526,Left,Released,868,491
63.702,63.702,NoButton,Drag,867,490
63.705,63.705,NoButton,Drag,867,490
63.718,63.718,NoButton,Drag,867,490
63.734,63.734,NoButton,Drag,866,488
63.751,63.751,NoButton,Drag,864,486
63.768,63.768,NoButton,Drag,856,479
63.785,63.785,NoButton,Drag,841,470
63.802,63.802,NoButton,Drag,809,450
63.813,63.813,NoButton,Drag,777,432
63.83,63.83,NoButton,Drag,713,399
63.847,63.847,NoButton,Drag,638,358
63.863,63.863,NoButton,Drag,556,309
63.88,63.88,NoButton,Drag,481,258
63.897,63.897,NoButton,Drag,418,201
63.914,63.914,NoButton,Drag,360,134
63.93,63.93,NoButton,Drag,330,97
63.948,63.948,NoButton,Drag,314,68
63.964,63.964,NoButton,Drag,307,45
63.981,63.981,NoButton,Drag,305,30
63.997,63.997,NoButton,Drag,306,17
64.014,64.014,NoButton,Drag,309,6
64.031,64.031,NoButton,Drag,312,2
64.048,64.048,NoButton,Drag,312,1
64.08,64.08,NoButton,Drag,312,1
64.088,64.088,NoButton,Drag,312,1
64.096,64.096,NoButton,Drag,312,3
64.113,64.113,NoButton,Drag,311,13
64.13,64.13,NoButton,Drag,307,27
64.147,64.147,NoButton,Drag,301,44
64.163,64.163,NoButton,Drag,292,63
64.18,64.18,NoButton,Drag,281,82
64.196,64.196,NoButton,Drag,266,103
64.213,64.213,NoButton,Drag,255,114
64.231,64.231,NoButton,Drag,246,123
64.247,64.247,NoButton,Drag,242,127
64.263,64.263,NoButton,Drag,241,127
64.347,64.347,NoButton,Drag,241,127
64.351,64.351,NoButton,Drag,240,128
64.36,64.36,NoButton,Drag,240,128
64.378,64.378,NoButton,Drag,238,130
64.394,64.394,NoButton,Drag,237,131
64.411,64.411,NoButton,Drag,236,131
64.439,64.439,NoButton,Drag,236,132
64.444,64.444,NoButton,Drag,236,132
64.46,64.46,NoButton,Drag,233,134
64.477,64.477,NoButton,Drag,228,137
64.494,64.494,NoButton,Drag,222,141
64.511,64.511,NoButton,Drag,216,145
64.528,64.528,NoButton,Drag,210,149
64.544,64.544,NoButton,Drag,206,151
64.559,64.559,NoButton,Drag,204,152
64.576,64.576,NoButton,Drag,202,153
64.679,64.679,Left,Pressed,202,153
64.81,64.81,Left,Released,202,153
64.845,64.845,NoButton,Drag,203,153
64.866,64.866,NoButton,Drag,203,153
64.874,64.874,NoButton,Drag,203,153
64.878,64.878,NoButton,Drag,203,153
64.893,64.893,NoButton,Drag,204,154
64.91,64.91,NoButton,Drag,204,155
64.927,64.927,NoButton,Drag,205,157
64.943,64.943,NoButton,Drag,208,160
64.96,64.96,NoButton,Drag,212,166
64.977,64.977,NoButton,Drag,218,171
64.994,64.994,NoButton,Drag,229,178
65.01,65.01,NoButton,Drag,239,182
65.027,65.027,NoButton,Drag,258,189
65.044,65.044,NoButton,Drag,298,198
65.062,65.062,NoButton,Drag,375,210
65.079,65.079,NoButton,Drag,469,219
65.095,65.095,NoButton,Drag,591,226
65.112,65.112,NoButton,Drag,725,228
65.129,65.129,NoButton,Drag,874,229
65.145,65.145,NoButton,Drag,1028,229
65.162,65.162,NoButton,Drag,1217,226
65.178,65.178,NoButton,Drag,1343,215
65.195,65.195,NoButton,Drag,1429,196
65.212,65.212,NoButton,Drag,1439,176
65.229,65.229,NoButton,Drag,1439,163
65.245,65.245,NoButton,Drag,1439,154
65.262,65.262,NoButton,Drag,1439,148
65.279,65.279,NoButton,Drag,1439,142
65.295,65.295,NoButton,Drag,1439,135
65.312,65.312,NoButton,Drag,1439,129
65.329,65.329,NoButton,Drag,1435,123
65.347,65.347,NoButton,Drag,1428,117
65.363,65.363,NoButton,Drag,1420,113
65.379,65.379,NoButton,Drag,1411,111
65.396,65.396,NoButton,Drag,1404,110
65.414,65.414,NoButton,Drag,1399,110
65.43,65.43,NoButton,Drag,1395,110
65.446,65.446,NoButton,Drag,1393,111
65.467,65.467,NoButton,Drag,1393,111
65.48,65.48,NoButton,Drag,1392,111
65.497,65.497,NoButton,Drag,1391,112
65.513,65.513,NoButton,Drag,1387,113
65.53,65.53,NoButton,Drag,1384,114
65.547,65.547,NoButton,Drag,1380,115
65.564,65.564,NoButton,Drag,1378,115
65.599,65.599,NoButton,Drag,1378,114
65.603,65.603,NoButton,Drag,1378,114
65.613,65.613,NoButton,Drag,1378,113
65.63,65.63,NoButton,Drag,1378,111
65.647,65.647,NoButton,Drag,1379,107
65.664,65.664,NoButton,Drag,1380,101
65.68,65.68,NoButton,Drag,1381,96
65.697,65.697,NoButton,Drag,1382,92
65.713,65.713,NoButton,Drag,1383,88
65.716,65.716,Left,Pressed,1383,88
65.717,65.717,NoButton,Drag,1383,88
65.719,65.719,NoButton,Drag,1383,87
65.723,65.723,NoButton,Drag,1383,87
65.727,65.727,NoButton,Drag,1383,86
65.834,65.834,Left,Released,1383,86
65.835,65.835,NoButton,Drag,1383,86
65.847,65.847,NoButton,Drag,1383,86
65.863,65.863,NoButton,Drag,1383,86
65.885,65.885,NoButton,Drag,1383,85
65.896,65.896,NoButton,Drag,1383,85
65.913,65.913,NoButton,Drag,1382,85
65.938,65.938,NoButton,Drag,1382,85
65.947,65.947,NoButton,Drag,1381,85
65.964,65.964,NoButton,Drag,1374,89
65.981,65.981,NoButton,Drag,1346,102
65.997,65.997,NoButton,Drag,1288,124
66.014,66.014,NoButton,Drag,1178,154
66.03,66.03,NoButton,Drag,1045,173
66.047,66.047,NoButton,Drag,893,180
66.065,66.065,NoButton,Drag,709,186
66.081,66.081,NoButton,Drag,526,186
66.098,66.098,NoButton,Drag,367,179
66.114,66.114,NoButton,Drag,327,171
66.131,66.131,NoButton,Drag,322,170
66.148,66.148,NoButton,Drag,325,165
66.165,66.165,NoButton,Drag,352,151
66.181,66.181,NoButton,Drag,420,123
66.198,66.198,NoButton,Drag,522,84
66.215,66.215,NoButton,Drag,605,46
66.231,66.231,NoButton,Drag,679,9
66.249,66.249,NoButton,Drag,743,0
66.265,66.265,NoButton,Drag,779,0
66.281,66.281,NoButton,Drag,800,0
66.298,66.298,NoButton,Drag,806,0
66.315,66.315,NoButton,Drag,808,0
66.333,66.333,NoButton,Drag,808,0
66.354,66.354,NoButton,Drag,808,0
66.366,66.366,NoButton,Drag,808,0
66.383,66.383,NoButton,Drag,810,3
66.399,66.399,NoButton,Drag,814,13
66.416,66.416,NoButton,Drag,823,35
66.432,66.432,NoButton,Drag,839,60
66.449,66.449,NoButton,Drag,867,89
66.465,66.465,NoButton,Drag,898,114
66.483,66.483,NoButton,Drag,918,128
66.499,66.499,NoButton,Drag,925,133
66.535,66.535,NoButton,Drag,926,133
66.55,66.55,NoButton,Drag,924,132
66.566,66.566,NoButton,Drag,922,129
66.583,66.583,NoButton,Drag,918,125
66.6,66.6,NoButton,Drag,917,122
66.617,66.617,NoButton,Drag,918,119
66.633,66.633,NoButton,Drag,922,112
66.65,66.65,NoButton,Drag,931,103
66.666,66.666,NoButton,Drag,940,94
66.683,66.683,NoButton,Drag,950,84
66.7,66.7,NoButton,Drag,956,78
66.717,66.717,NoButton,Drag,961,73
66.733,66.733,NoButton,Drag,964,71
66.751,66.751,NoButton,Drag,964,71
66.767,66.767,NoButton,Drag,964,70
66.784,66.784,NoButton,Drag,967,70
66.8,66.8,NoButton,Drag,971,72
66.817,66.817,NoButton,Drag,977,76
66.833,66.833,NoButton,Drag,986,79
66.851,66.851,NoButton,Drag,992,81
66.867,66.867,NoButton,Drag,996,83
66.903,66.903,NoButton,Drag,996,83
66.907,66.907,NoButton,Drag,996,83
66.912,66.912,Left,Pressed,996,83
66.913,66.913,NoButton,Drag,997,83
67.034,67.034,Left,Released,997,83
67.114,67.114,NoButton,Drag,997,83
67.121,67.121,NoButton,Drag,997,83
67.129,67.129,NoButton,Drag,997,83
67.137,67.137,NoButton,Drag,997,84
67.178,67.178,NoButton,Drag,997,84
67.181,67.181,NoButton,Drag,997,84
67.185,67.185,NoButton,Drag,997,84
67.202,67.202,NoButton,Drag,997,87
67.218,67.218,NoButton,Drag,994,93
67.235,67.235,NoButton,Drag,987,103
67.252,67.252,NoButton,Drag,975,116
67.269,67.269,NoButton,Drag,962,133
67.286,67.286,NoButton,Drag,950,158
67.303,67.303,NoButton,Drag,949,181
67.319,67.319,NoButton,Drag,961,210
67.335,67.335,NoButton,Drag,987,238
67.353,67.353,NoButton,Drag,1033,262
67.369,67.369,NoButton,Drag,1100,282
67.386,67.386,NoButton,Drag,1191,291
67.403,67.403,NoButton,Drag,1264,291
67.42,67.42,NoButton,Drag,1314,290
67.437,67.437,NoButton,Drag,1340,286
67.453,67.453,NoButton,Drag,1347,284
67.473,67.473,NoButton,Drag,1347,284
67.487,67.487,NoButton,Drag,1347,283
67.504,67.504,NoButton,Drag,1346,282
67.52,67.52,NoButton,Drag,1346,281
67.536,67.536,NoButton,Drag,1345,281
67.553,67.553,NoButton,Drag,1345,280
67.57,67.57,NoButton,Drag,1345,279
67.588,67.588,NoButton,Drag,1345,275
67.605,67.605,NoButton,Drag,1343,272
67.621,67.621,NoButton,Drag,1339,266
67.638,67.638,NoButton,Drag,1334,261
67.655,67.655,NoButton,Drag,1328,257
67.671,67.671,NoButton,Drag,1323,256
67.688,67.688,NoButton,Drag,1318,256
67.705,67.705,NoButton,Drag,1314,257
67.722,67.722,NoButton,Drag,1310,260
67.739,67.739,NoButton,Drag,1308,263
67.755,67.755,NoButton,Drag,1305,265
67.772,67.772,NoButton,Drag,1302,267
67.788,67.788,NoButton,Drag,1300,268
67.806,67.806,NoButton,Drag,1299,270
67.821,67.821,NoButton,Drag,1299,270
67.84,67.84,NoButton,Drag,1298,270
67.857,67.857,NoButton,Drag,1298,271
67.873,67.873,NoButton,Drag,1298,271
67.891,67.891,NoButton,Drag,1298,271
67.907,67.907,NoButton,Drag,1297,272
67.923,67.923,NoButton,Drag,1296,273
67.94,67.94,NoButton,Drag,1295,273
67.957,67.957,NoButton,Drag,1294,274
67.973,67.973,NoButton,Drag,1294,274
67.996,67.996,Left,Pressed,1294,274
68.007,68.007,NoButton,Drag,1294,274
68.019,68.019,NoButton,Drag,1294,274
68.118,68.118,Left,Released,1294,274
68.141,68.141,NoButton,Drag,1293,274
68.161,68.161,NoButton,Drag,1293,273
68.185,68.185,NoButton,Drag,1293,273
68.193,68.193,NoButton,Drag,1293,273
68.209,68.209,NoButton,Drag,1292,273
68.225,68.225,NoButton,Drag,1291,273
68.242,68.242,NoButton,Drag,1288,276
68.258,68.258,NoButton,Drag,1285,278
68.276,68.276,NoButton,Drag,1282,280
68.293,68.293,NoButton,Drag,1279,283
68.309,68.309,NoButton,Drag,1274,287
68.326,68.326,NoButton,Drag,1260,296
68.344,68.344,NoButton,Drag,1234,309
68.361,68.361,NoButton,Drag,1188,327
68.377,68.377,NoButton,Drag,1118,355
68.394,68.394,NoButton,Drag,1008,390
68.411,68.411,NoButton,Drag,904,416
68.428,68.428,NoButton,Drag,793,434
68.444,68.444,NoButton,Drag,698,445
68.461,68.461,NoButton,Drag,612,451
68.478,68.478,NoButton,Drag,533,454
68.494,68.494,NoButton,Drag,508,454
68.511,68.511,NoButton,Drag,504,454
68.529,68.529,NoButton,Drag,504,454
68.545,68.545,NoButton,Drag,504,453
68.562,68.562,NoButton,Drag,513,446
68.578,68.578,NoButton,Drag,525,437
68.597,68.597,NoButton,Drag,538,428
68.613,68.613,NoButton,Drag,552,418
68.63,68.63,NoButton,Drag,563,410
68.646,68.646,NoButton,Drag,574,403
68.664,68.664,NoButton,Drag,581,397
68.68,68.68,NoButton,Drag,585,395
68.697,68.697,NoButton,Drag,585,394
68.715,68.715,NoButton,Drag,585,394
68.731,68.731,NoButton,Drag,585,396
68.747,68.747,NoButton,Drag,579,404
68.764,68.764,NoButton,Drag,559,421
68.781,68.781,NoButton,Drag,534,438
68.798,68.798,NoButton,Drag,507,456
68.814,68.814,NoButton,Drag,482,471
68.831,68.831,NoButton,Drag,462,485
68.848,68.848,NoButton,Drag,453,492
68.865,68.865,NoButton,Drag,449,497
68.881,68.881,NoButton,Drag,447,499
68.899,68.899,NoButton,Drag,446,502
68.915,68.915,NoButton,Drag,446,503
68.939,68.939,NoButton,Drag,445,503
68.952,68.952,Left,Pressed,445,503
69.1,69.1,Left,Released,445,503
69.144,69.144,NoButton,Drag,445,503
69.148,69.148,NoButton,Drag,446,502
69.151,69.151,NoButton,Drag,446,502
69.166,69.166,NoButton,Drag,446,502
69.183,69.183,NoButton,Drag,447,502
69.2,69.2,NoButton,Drag,448,503
69.216,69.216,NoButton,Drag,449,505
69.234,69.234,NoButton,Drag,450,509
69.251,69.251,NoButton,Drag,451,515
69.267,69.267,NoButton,Drag,453,523
69.284,69.284,NoButton,Drag,455,531
69.301,69.301,NoButton,Drag,456,537
69.302,69.302,Left,Pressed,456,537
69.303,69.303,NoButton,Drag,457,538
69.305,69.305,NoButton,Drag,458,539
69.309,69.309,NoButton,Drag,458,539
69.313,69.313,NoButton,Drag,458,539
69.317,69.317,NoButton,Drag,458,540
69.386,69.386,NoButton,Drag,459,540
69.389,69.389,NoButton,Drag,459,540
69.393,69.393,NoButton,Drag,459,540
69.397,69.397,NoButton,Drag,459,539
69.401,69.401,NoButton,Drag,460,539
69.405,69.405,NoButton,Drag,460,539
69.409,69.409,NoButton,Drag,460,538
69.413,69.413,NoButton,Drag,460,538
69.417,69.417,NoButton,Drag,460,537
69.421,69.421,NoButton,Drag,461,537
69.425,69.425,NoButton,Drag,461,536
69.429,69.429,NoButton,Drag,461,535
69.433,69.433,NoButton,Drag,461,535
69.437,69.437,NoButton,Drag,461,535
69.441,69.441,NoButton,Drag,461,534
69.446,69.446,Left,Released,461,534
69.447,69.447,NoButton,Drag,461,534
69.454,69.454,NoButton,Drag,461,534
69.469,69.469,NoButton,Drag,462,533
69.486,69.486,NoButton,Drag,462,532
69.503,69.503,NoButton,Drag,462,532
69.519,69.519,NoButton,Drag,462,531
69.536,69.536,NoButton,Drag,463,530
69.553,69.553,NoButton,Drag,466,527
69.57,69.57,NoButton,Drag,469,525
69.585,69.585,NoButton,Drag,473,522
69.601,69.601,NoButton,Drag,480,517
69.618,69.618,NoButton,Drag,495,510
69.635,69.635,NoButton,Drag,512,504
69.652,69.652,NoButton,Drag,535,497
69.667,69.667,NoButton,Drag,568,494
69.685,69.685,NoButton,Drag,605,496
69.702,69.702,NoButton,Drag,645,510
69.718,69.718,NoButton,Drag,664,527
69.735,69.735,NoButton,Drag,671,550
69.751,69.751,NoButton,Drag,667,583
69.768,69.768,NoButton,Drag,653,623
69.785,69.785,NoButton,Drag,635,659
69.802,69.802,NoButton,Drag,607,705
69.818,69.818,NoButton,Drag,585,737
69.83,69.83,NoButton,Drag,571,757
69.846,69.846,NoButton,Drag,556,781
69.863,69.863,NoButton,Drag,546,800
69.88,69.88,NoButton,Drag,541,819
69.896,69.896,NoButton,Drag,541,831
69.914,69.914,NoButton,Drag,542,839
69.93,69.93,NoButton,Drag,544,843
69.947,69.947,NoButton,Drag,547,845
69.964,69.964,NoButton,Drag,553,846
69.98,69.98,NoButton,Drag,562,847
69.997,69.997,NoButton,Drag,575,845
70.014,70.014,NoButton,Drag,592,842
70.031,70.031,NoButton,Drag,607,841
70.047,70.047,NoButton,Drag,619,840
70.064,70.064,NoButton,Drag,627,838
70.077,70.077,NoButton,Drag,628,838
70.095,70.095,NoButton,Drag,629,838
70.111,70.111,NoButton,Drag,629,837
70.128,70.128,NoButton,Drag,631,833
70.144,70.144,NoButton,Drag,634,826
70.161,70.161,NoButton,Drag,638,814
70.178,70.178,NoButton,Drag,646,800
70.195,70.195,NoButton,Drag,656,786
70.211,70.211,NoButton,Drag,663,777
70.228,70.228,NoButton,Drag,667,771
70.245,70.245,NoButton,Drag,668,769
70.262,70.262,NoButton,Drag,668,769
70.296,70.296,NoButton,Drag,668,769
70.311,70.311,NoButton,Drag,669,769
70.327,70.327,NoButton,Drag,670,770
70.343,70.343,NoButton,Drag,672,773
70.36,70.36,NoButton,Drag,675,778
70.376,70.376,NoButton,Drag,678,782
70.393,70.393,NoButton,Drag,681,786
70.41,70.41,NoButton,Drag,683,790
70.426,70.426,NoButton,Drag,683,793
70.444,70.444,NoButton,Drag,682,795
70.46,70.46,NoButton,Drag,681,798
70.477,70.477,NoButton,Drag,678,801
70.494,70.494,NoButton,Drag,676,804
70.51,70.51,NoButton,Drag,674,805
70.527,70.527,NoButton,Drag,673,806
70.544,70.544,NoButton,Drag,672,808
70.561,70.561,NoButton,Drag,672,809
70.575,70.575,NoButton,Drag,671,809
70.592,70.592,NoButton,Drag,669,810
70.609,70.609,NoButton,Drag,666,813
70.626,70.626,NoButton,Drag,662,816
70.642,70.642,NoButton,Drag,657,818
70.659,70.659,NoButton,Drag,656,819
70.676,70.676,NoButton,Drag,656,819
70.693,70.693,NoButton,Drag,656,819
70.713,70.713,NoButton,Drag,656,818
70.726,70.726,NoButton,Drag,656,818
70.742,70.742,NoButton,Drag,656,817
70.743,70.743,Left,Pressed,656,817
70.743,70.743,NoButton,Drag,656,817
70.795,70.795,NoButton,Drag,656,817
70.85,70.85,NoButton,Drag,656,817
70.857,70.857,NoButton,Drag,656,816
70.865,70.865,NoButton,Drag,656,816
70.87,70.87,Left,Released,656,816
70.873,70.873,NoButton,Drag,656,816
70.889,70.889,NoButton,Drag,656,815
70.903,70.903,NoButton,Drag,656,815
70.919,70.919,NoButton,Drag,656,814
70.936,70.936,NoButton,Drag,656,814
70.976,70.976,Left,Pressed,656,814
71.051,71.051,NoButton,Drag,656,813
71.056,71.056,Left,Released,656,813
71.057,71.057,NoButton,Drag,656,813
71.068,71.068,NoButton,Drag,657,812
71.084,71.084,NoButton,Drag,658,809
71.102,71.102,NoButton,Drag,660,805
71.118,71.118,NoButton,Drag,663,799
71.135,71.135,NoButton,Drag,665,789
71.152,71.152,NoButton,Drag,670,773
71.168,71.168,NoButton,Drag,678,755
71.185,71.185,NoButton,Drag,694,730
71.202,71.202,NoButton,Drag,718,701
71.218,71.218,NoButton,Drag,749,671
71.235,71.235,NoButton,Drag,790,645
71.252,71.252,NoButton,Drag,851,621
71.268,71.268,NoButton,Drag,905,610
71.286,71.286,NoButton,Drag,962,609
71.302,71.302,NoButton,Drag,1017,618
71.318,71.318,NoButton,Drag,1071,637
71.335,71.335,NoButton,Drag,1125,662
71.352,71.352,NoButton,Drag,1183,701
71.368,71.368,NoButton,Drag,1214,728
71.385,71.385,NoButton,Drag,1243,754
71.402,71.402,NoButton,Drag,1268,779
71.418,71.418,NoButton,Drag,1294,805
71.435,71.435,NoButton,Drag,1314,830
71.452,71.452,NoButton,Drag,1331,856
71.468,71.468,NoButton,Drag,1341,871
71.485,71.485,NoButton,Drag,1346,882
71.502,71.502,NoButton,Drag,1349,888
71.518,71.518,NoButton,Drag,1352,892
71.535,71.535,NoButton,Drag,1354,894
71.552,71.552,NoButton,Drag,1357,893
71.569,71.569,NoButton,Drag,1359,890
71.586,71.586,NoButton,Drag,1360,886
71.603,71.603,NoButton,Drag,1360,882
71.62,71.62,NoButton,Drag,1360,879
71.637,71.637,NoButton,Drag,1358,876
71.653,71.653,NoButton,Drag,1355,873
71.67,71.67,NoButton,Drag,1348,868
71.687,71.687,NoButton,Drag,1342,864
71.703,71.703,NoButton,Drag,1336,860
71.72,71.72,NoButton,Drag,1327,855
71.737,71.737,NoButton,Drag,1320,850
71.753,71.753,NoButton,Drag,1309,842
71.77,71.77,NoButton,Drag,1297,835
71.786,71.786,NoButton,Drag,1286,827
71.804,71.804,NoButton,Drag,1277,819
71.82,71.82,NoButton,Drag,1271,811
71.837,71.837,NoButton,Drag,1264,802
71.854,71.854,NoButton,Drag,1259,792
71.87,71.87,NoButton,Drag,1258,787
71.887,71.887,NoButton,Drag,1258,784
71.904,71.904,NoButton,Drag,1258,781
71.921,71.921,NoButton,Drag,1258,780
71.942,71.942,Left,Pressed,1258,780
71.998,71.998,NoButton,Drag,1258,780
72.078,72.078,Left,Released,1258,780
72.144,72.144,NoButton,Drag,1258,780
72.148,72.148,NoButton,Drag,1258,780
72.155,72.155,NoButton,Drag,1258,781
72.172,72.172,NoButton,Drag,1257,784
72.188,72.188,NoButton,Drag,1257,786
72.205,72.205,NoButton,Drag,1257,789
72.221,72.221,NoButton,Drag,1258,792
72.238,72.238,NoButton,Drag,1258,795
72.248,72.248,NoButton,Drag,1259,796
72.254,72.254,Left,Pressed,1259,796
72.255,72.255,NoButton,Drag,1259,797
72.255,72.255,NoButton,Drag,1259,797
72.259,72.259,NoButton,Drag,1259,797
72.263,72.263,NoButton,Drag,1259,798
72.267,72.267,NoButton,Drag,1259,798
72.271,72.271,NoButton,Drag,1259,798
72.421,72.421,Left,Released,1259,798
72.421,72.421,NoButton,Drag,1259,798
72.44,72.44,NoButton,Drag,1259,797
72.455,72.455,NoButton,Drag,1259,794
72.472,72.472,NoButton,Drag,1259,789
72.488,72.488,NoButton,Drag,1259,781
72.506,72.506,NoButton,Drag,1262,771
72.522,72.522,NoButton,Drag,1265,758
72.538,72.538,NoButton,Drag,1270,743
72.556,72.556,NoButton,Drag,1276,725
72.573,72.573,NoButton,Drag,1279,712
72.59,72.59,NoButton,Drag,1282,699
72.608,72.608,NoButton,Drag,1286,686
72.624,72.624,NoButton,Drag,1286,676
72.64,72.64,NoButton,Drag,1284,666
72.657,72.657,NoButton,Drag,1279,652
72.673,72.673,NoButton,Drag,1269,636
72.691,72.691,NoButton,Drag,1253,614
72.707,72.707,NoButton,Drag,1226,588
72.723,72.723,NoButton,Drag,1166,552
72.74,72.74,NoButton,Drag,1096,517
72.757,72.757,NoButton,Drag,1010,482
72.775,72.775,NoButton,Drag,853,459
72.79,72.79,NoButton,Drag,712,458
72.807,72.807,NoButton,Drag,590,465
72.825,72.825,NoButton,Drag,486,486
72.841,72.841,NoButton,Drag,405,515
72.858,72.858,NoButton,Drag,312,557
72.874,72.874,NoButton,Drag,260,589
72.891,72.891,NoButton,Drag,234,611
72.907,72.907,NoButton,Drag,222,626
72.924,72.924,NoButton,Drag,217,636
72.941,72.941,NoButton,Drag,215,645
72.958,72.958,NoButton,Drag,215,651
72.975,72.975,NoButton,Drag,216,657
72.991,72.991,NoButton,Drag,218,661
73.008,73.008,NoButton,Drag,221,665
73.026,73.026,NoButton,Drag,225,667
73.042,73.042,NoButton,Drag,228,668
73.059,73.059,NoButton,Drag,229,668
73.075,73.075,NoButton,Drag,230,668
73.092,73.092,NoButton,Drag,232,667
73.108,73.108,NoButton,Drag,235,666
73.126,73.126,NoButton,Drag,236,665
73.182,73.182,NoButton,Drag,236,665
73.185,73.185,NoButton,Drag,236,666
73.193,73.193,NoButton,Drag,236,666
73.209,73.209,NoButton,Drag,234,670
73.226,73.226,NoButton,Drag,230,679
73.242,73.242,NoButton,Drag,226,689
73.259,73.259,NoButton,Drag,223,701
73.276,73.276,NoButton,Drag,220,712
73.292,73.292,NoButton,Drag,217,722
73.309,73.309,NoButton,Drag,216,726
73.326,73.326,NoButton,Drag,216,727
73.363,73.363,NoButton,Drag,216,727
73.367,73.367,NoButton,Drag,216,726
73.376,73.376,NoButton,Drag,216,725
73.38,73.38,Left,Pressed,216,725
73.381,73.381,NoButton,Drag,216,724
73.383,73.383,NoButton,Drag,216,724
73.387,73.387,NoButton,Drag,217,723
73.391,73.391,NoButton,Drag,217,722
73.395,73.395,NoButton,Drag,217,722
73.399,73.399,NoButton,Drag,217,721
73.403,73.403,NoButton,Drag,217,721
73.407,73.407,NoButton,Drag,217,720
73.411,73.411,NoButton,Drag,217,720
73.415,73.415,NoButton,Drag,217,720
73.419,73.419,NoButton,Drag,217,719
73.423,73.423,NoButton,Drag,217,719
73.427,73.427,NoButton,Drag,217,719
73.431,73.431,NoButton,Drag,218,719
73.439,73.439,NoButton,Drag,218,718
73.447,73.447,NoButton,Drag,218,718
73.451,73.451,NoButton,Drag,218,718
73.455,73.455,NoButton,Drag,218,718
73.459,73.459,NoButton,Drag,218,717
73.464,73.464,Left,Released,218,717
73.467,73.467,NoButton,Drag,218,717
73.476,73.476,NoButton,Drag,218,717
73.492,73.492,NoButton,Drag,218,716
73.508,73.508,NoButton,Drag,218,716
73.526,73.526,NoButton,Drag,218,715
73.542,73.542,NoButton,Drag,219,714
73.559,73.559,NoButton,Drag,219,712
73.573,73.573,NoButton,Drag,219,710
73.589,73.589,NoButton,Drag,219,709
73.606,73.606,NoButton,Drag,219,709
73.623,73.623,NoButton,Drag,219,709
73.656,73.656,Left,Pressed,219,709
73.68,73.68,NoButton,Drag,219,708
73.78,73.78,Left,Released,219,708
73.784,73.784,NoButton,Drag,219,708
73.787,73.787,NoButton,Drag,219,708
73.791,73.791,NoButton,Drag,219,708
73.805,73.805,NoButton,Drag,220,707
73.823,73.823,NoButton,Drag,221,704
73.838,73.838,NoButton,Drag,224,701
73.856,73.856,NoButton,Drag,227,697
73.873,73.873,NoButton,Drag,229,693
73.889,73.889,NoButton,Drag,232,688
73.906,73.906,NoButton,Drag,236,678
73.922,73.922,NoButton,Drag,240,667
73.94,73.94,NoButton,Drag,244,652
73.956,73.956,NoButton,Drag,250,630
73.973,73.973,NoButton,Drag,256,605
73.99,73.99,NoButton,Drag,267,563
74.006,74.006,NoButton,Drag,278,523
74.022,74.022,NoButton,Drag,291,482
74.039,74.039,NoButton,Drag,305,437
74.057,74.057,NoButton,Drag,320,392
74.073,74.073,NoButton,Drag,337,346
74.089,74.089,NoButton,Drag,354,301
74.106,74.106,NoButton,Drag,375,248
74.122,74.122,NoButton,Drag,390,206
74.139,74.139,NoButton,Drag,405,165
74.155,74.155,NoButton,Drag,417,126
74.172,74.172,NoButton,Drag,426,93
74.189,74.189,NoButton,Drag,432,62
74.206,74.206,NoButton,Drag,437,30
74.223,74.223,NoButton,Drag,438,7
74.24,74.24,NoButton,Drag,437,0
74.256,74.256,NoButton,Drag,432,0
74.273,74.273,NoButton,Drag,426,0
74.289,74.289,NoButton,Drag,419,0
74.306,74.306,NoButton,Drag,407,0
74.323,74.323,NoButton,Drag,397,0
74.339,74.339,NoButton,Drag,386,1
74.355,74.355,NoButton,Drag,374,6
74.373,74.373,NoButton,Drag,362,13
74.39,74.39,NoButton,Drag,346,24
74.406,74.406,NoButton,Drag,331,35
74.423,74.423,NoButton,Drag,316,48
74.439,74.439,NoButton,Drag,302,61
74.456,74.456,NoButton,Drag,292,71
74.473,74.473,NoButton,Drag,282,80
74.489,74.489,NoButton,Drag,273,88
74.507,74.507,NoButton,Drag,266,94
74.523,74.523,NoButton,Drag,263,99
74.539,74.539,NoButton,Drag,261,103
74.557,74.557,NoButton,Drag,260,105
74.573,74.573,NoButton,Drag,260,106
74.59,74.59,NoButton,Drag,260,107
74.611,74.611,NoButton,Drag,260,107
74.623,74.623,NoButton,Drag,260,107
74.639,74.639,NoButton,Drag,260,110
74.656,74.656,NoButton,Drag,259,113
74.673,74.673,NoButton,Drag,258,118
74.69,74.69,NoButton,Drag,257,121
74.706,74.706,NoButton,Drag,256,125
74.723,74.723,NoButton,Drag,254,128
74.739,74.739,NoButton,Drag,249,134
74.756,74.756,NoButton,Drag,244,139
74.774,74.774,NoButton,Drag,239,145
74.791,74.791,NoButton,Drag,233,151
74.808,74.808,NoButton,Drag,227,156
74.823,74.823,NoButton,Drag,225,158
74.84,74.84,NoButton,Drag,224,159
74.908,74.908,Left,Pressed,224,159
74.968,74.968,NoButton,Drag,224,159
75.103,75.103,Left,Released,224,159
75.104,75.104,NoButton,Drag,224,159
75.123,75.123,NoButton,Drag,223,159
75.13,75.13,Left,Pressed,223,159
75.266,75.266,Left,Released,223,159
75.346,75.346,NoButton,Drag,223,159
75.35,75.35,NoButton,Drag,223,159
75.357,75.357,NoButton,Drag,223,160
75.373,75.373,NoButton,Drag,225,163
75.39,75.39,NoButton,Drag,229,169
75.407,75.407,NoButton,Drag,238,176
75.424,75.424,NoButton,Drag,254,187
75.44,75.44,NoButton,Drag,285,204
75.457,75.457,NoButton,Drag,332,221
75.474,75.474,NoButton,Drag,406,249
75.49,75.49,NoButton,Drag,470,271
75.507,75.507,NoButton,Drag,521,287
75.525,75.525,NoButton,Drag,557,295
75.541,75.541,NoButton,Drag,579,298
75.557,75.557,NoButton,Drag,591,298
75.574,75.574,NoButton,Drag,595,297
75.59,75.59,NoButton,Drag,595,297
75.608,75.608,NoButton,Drag,596,295
75.625,75.625,NoButton,Drag,598,293
75.641,75.641,NoButton,Drag,602,292
75.659,75.659,NoButton,Drag,614,289
75.676,75.676,NoButton,Drag,628,286
75.693,75.693,NoButton,Drag,642,284
75.709,75.709,NoButton,Drag,654,283
75.727,75.727,NoButton,Drag,666,283
75.743,75.743,NoButton,Drag,675,284
75.759,75.759,NoButton,Drag,683,288
75.776,75.776,NoButton,Drag,688,292
75.793,75.793,NoButton,Drag,691,297
75.81,75.81,NoButton,Drag,694,300
75.826,75.826,NoButton,Drag,696,304
75.843,75.843,NoButton,Drag,698,309
75.86,75.86,NoButton,Drag,703,314
75.877,75.877,NoButton,Drag,708,318
75.893,75.893,NoButton,Drag,712,321
75.91,75.91,NoButton,Drag,715,321
75.927,75.927,NoButton,Drag,715,322
75.932,75.932,Left,Pressed,715,322
76.019,76.019,NoButton,Drag,716,322
76.023,76.023,NoButton,Drag,716,322
76.027,76.027,NoButton,Drag,716,321
76.031,76.031,NoButton,Drag,716,321
76.035,76.035,NoButton,Drag,717,321
76.039,76.039,NoButton,Drag,717,320
76.043,76.043,NoButton,Drag,717,320
76.047,76.047,NoButton,Drag,717,320
76.051,76.051,NoButton,Drag,718,319
76.055,76.055,NoButton,Drag,718,319
76.059,76.059,NoButton,Drag,719,319
76.063,76.063,NoButton,Drag,719,318
76.067,76.067,NoButton,Drag,720,317
76.071,76.071,NoButton,Drag,720,317
76.075,76.075,NoButton,Drag,721,317
76.08,76.08,Left,Released,721,317
76.081,76.081,NoButton,Drag,722,316
76.094,76.094,NoButton,Drag,725,314
76.111,76.111,NoButton,Drag,730,310
76.128,76.128,NoButton,Drag,739,305
76.144,76.144,NoButton,Drag,746,301
76.161,76.161,NoButton,Drag,752,299
76.177,76.177,NoButton,Drag,758,297
76.194,76.194,NoButton,Drag,760,297
76.211,76.211,NoButton,Drag,764,297
76.228,76.228,NoButton,Drag,767,299
76.244,76.244,NoButton,Drag,769,300
76.261,76.261,NoButton,Drag,773,302
76.274,76.274,NoButton,Drag,776,304
76.278,76.278,Left,Pressed,776,304
76.278,76.278,NoButton,Drag,778,305
76.281,76.281,NoButton,Drag,778,305
76.285,76.285,NoButton,Drag,778,305
76.289,76.289,NoButton,Drag,779,305
76.317,76.317,NoButton,Drag,779,306
76.43,76.43,Left,Released,779,306
76.494,76.494,NoButton,Drag,779,306
76.498,76.498,NoButton,Drag,779,306
76.51,76.51,NoButton,Drag,778,308
76.527,76.527,NoButton,Drag,775,313
76.544,76.544,NoButton,Drag,770,321
76.56,76.56,NoButton,Drag,765,331
76.575,76.575,NoButton,Drag,761,343
76.593,76.593,NoButton,Drag,758,355
76.609,76.609,NoButton,Drag,755,366
76.626,76.626,NoButton,Drag,750,377
76.642,76.642,NoButton,Drag,744,383
76.659,76.659,NoButton,Drag,738,387
76.676,76.676,NoButton,Drag,732,389
76.693,76.693,NoButton,Drag,723,388
76.709,76.709,NoButton,Drag,708,385
76.726,76.726,NoButton,Drag,680,374
76.742,76.742,NoButton,Drag,650,362
76.759,76.759,NoButton,Drag,617,347
76.776,76.776,NoButton,Drag,576,328
76.793,76.793,NoButton,Drag,535,310
76.809,76.809,NoButton,Drag,493,293
76.827,76.827,NoButton,Drag,455,274
76.843,76.843,NoButton,Drag,419,253
76.86,76.86,NoButton,Drag,395,241
76.876,76.876,NoButton,Drag,377,234
76.893,76.893,NoButton,Drag,360,231
76.91,76.91,NoButton,Drag,341,232
76.927,76.927,NoButton,Drag,324,237
76.943,76.943,NoButton,Drag,301,243
76.96,76.96,NoButton,Drag,284,248
76.977,76.977,NoButton,Drag,267,254
76.994,76.994,NoButton,Drag,250,259
77.011,77.011,NoButton,Drag,235,262
77.027,77.027,NoButton,Drag,221,266
77.044,77.044,NoButton,Drag,211,267
77.06,77.06,NoButton,Drag,201,266
77.079,77.079,NoButton,Drag,191,264
77.094,77.094,NoButton,Drag,183,262
77.111,77.111,NoButton,Drag,175,258
77.128,77.128,NoButton,Drag,168,254
77.145,77.145,NoButton,Drag,162,249
77.162,77.162,NoButton,Drag,157,243
77.179,77.179,NoButton,Drag,152,236
77.195,77.195,NoButton,Drag,150,230
77.212,77.212,NoButton,Drag,148,220
77.229,77.229,NoButton,Drag,147,213
77.245,77.245,NoButton,Drag,146,207
77.262,77.262,NoButton,Drag,145,201
77.279,77.279,NoButton,Drag,143,198
77.295,77.295,NoButton,Drag,141,195
77.312,77.312,NoButton,Drag,139,193
77.329,77.329,NoButton,Drag,139,192
77.365,77.365,NoButton,Drag,139,192
77.386,77.386,NoButton,Drag,138,192
77.396,77.396,NoButton,Drag,138,192
77.412,77.412,NoButton,Drag,137,193
77.429,77.429,NoButton,Drag,137,193
77.446,77.446,NoButton,Drag,136,194
77.462,77.462,NoButton,Drag,134,195
77.479,77.479,NoButton,Drag,132,196
77.496,77.496,NoButton,Drag,128,198
77.512,77.512,NoButton,Drag,123,199
77.529,77.529,NoButton,Drag,117,201
77.546,77.546,NoButton,Drag,111,203
77.562,77.562,NoButton,Drag,105,204
77.579,77.579,NoButton,Drag,100,206
77.595,77.595,NoButton,Drag,96,207
77.613,77.613,NoButton,Drag,94,207
77.641,77.641,NoButton,Drag,94,207
77.698,77.698,Left,Pressed,94,207
77.754,77.754,NoButton,Drag,94,207
77.802,77.802,Left,Released,94,207
77.814,77.814,NoButton,Drag,94,207
77.832,77.832,NoButton,Drag,94,207
77.846,77.846,NoButton,Drag,94,206
77.863,77.863,NoButton,Drag,93,206
77.88,77.88,NoButton,Drag,93,206
78.056,78.056,NoButton,Drag,94,206
78.059,78.059,NoButton,Drag,94,206
78.064,78.064,NoButton,Drag,95,206
78.08,78.08,NoButton,Drag,104,208
78.096,78.096,NoButton,Drag,126,211
78.113,78.113,NoButton,Drag,170,214
78.13,78.13,NoButton,Drag,232,216
78.147,78.147,NoButton,Drag,310,218
78.164,78.164,NoButton,Drag,435,218
78.18,78.18,NoButton,Drag,540,218
78.197,78.197,NoButton,Drag,637,217
78.214,78.214,NoButton,Drag,713,213
78.23,78.23,NoButton,Drag,763,205
78.247,78.247,NoButton,Drag,788,199
78.264,78.264,NoButton,Drag,795,197
78.281,78.281,NoButton,Drag,796,197
78.312,78.312,NoButton,Drag,796,197
78.384,78.384,NoButton,Drag,796,196
78.392,78.392,NoButton,Drag,796,196
78.397,78.397,NoButton,Drag,796,196
78.415,78.415,NoButton,Drag,796,195
78.432,78.432,NoButton,Drag,796,194
78.447,78.447,NoButton,Drag,796,194
78.464,78.464,NoButton,Drag,796,192
78.482,78.482,NoButton,Drag,797,191
78.498,78.498,NoButton,Drag,797,189
78.515,78.515,NoButton,Drag,797,189
78.534,78.534,NoButton,Drag,797,189
78.548,78.548,NoButton,Drag,797,189
78.558,78.558,Left,Pressed,797,189
78.674,78.674,Left,Released,797,189
78.776,78.776,NoButton,Drag,797,189
78.782,78.782,NoButton,Drag,797,189
78.785,78.785,NoButton,Drag,797,189
78.799,78.799,NoButton,Drag,797,190
78.816,78.816,NoButton,Drag,794,193
78.832,78.832,NoButton,Drag,790,197
78.85,78.85,NoButton,Drag,783,202
78.867,78.867,NoButton,Drag,777,205
78.883,78.883,NoButton,Drag,771,208
78.9,78.9,NoButton,Drag,762,210
78.917,78.917,NoButton,Drag,748,215
78.933,78.933,NoButton,Drag,729,220
78.95,78.95,NoButton,Drag,702,227
78.966,78.966,NoButton,Drag,678,234
78.984,78.984,NoButton,Drag,653,240
79.001,79.001,NoButton,Drag,628,247
79.017,79.017,NoButton,Drag,608,251
79.034,79.034,NoButton,Drag,585,254
79.05,79.05,NoButton,Drag,571,255
79.067,79.067,NoButton,Drag,560,254
79.086,79.086,NoButton,Drag,547,251
79.102,79.102,NoButton,Drag,537,248
79.119,79.119,NoButton,Drag,527,245
79.135,79.135,NoButton,Drag,512,238
79.152,79.152,NoButton,Drag,500,233
79.169,79.169,NoButton,Drag,486,226
79.185,79.185,NoButton,Drag,467,218
79.203,79.203,NoButton,Drag,444,208
79.219,79.219,NoButton,Drag,424,198
79.236,79.236,NoButton,Drag,400,185
79.252,79.252,NoButton,Drag,380,174
79.269,79.269,NoButton,Drag,362,162
79.286,79.286,NoButton,Drag,349,153
79.303,79.303,NoButton,Drag,342,147
79.319,79.319,NoButton,Drag,341,146
79.336,79.336,NoButton,Drag,341,145
79.452,79.452,NoButton,Drag,341,145
79.455,79.455,NoButton,Drag,341,146
79.47,79.47,NoButton,Drag,339,148
79.487,79.487,NoButton,Drag,331,154
79.503,79.503,NoButton,Drag,317,162
79.52,79.52,NoButton,Drag,305,168
79.537,79.537,NoButton,Drag,295,174
79.554,79.554,NoButton,Drag,288,176
79.57,79.57,NoButton,Drag,284,178
79.587,79.587,NoButton,Drag,284,178
79.718,79.718,NoButton,Drag,284,178
79.751,79.751,Left,Pressed,284,178
79.802,79.802,NoButton,Drag,284,178
79.806,79.806,NoButton,Drag,284,178
79.809,79.809,NoButton,Drag,285,178
79.813,79.813,NoButton,Drag,286,178
79.817,79.817,NoButton,Drag,287,178
79.821,79.821,NoButton,Drag,289,178
79.825,79.825,NoButton,Drag,290,178
79.829,79.829,NoButton,Drag,293,178
79.833,79.833,NoButton,Drag,296,179
79.837,79.837,NoButton,Drag,301,180
79.841,79.841,NoButton,Drag,306,181
79.845,79.845,NoButton,Drag,313,182
79.849,79.849,NoButton,Drag,322,183
79.853,79.853,NoButton,Drag,330,185
79.858,79.858,NoButton,Drag,342,187
79.861,79.861,NoButton,Drag,356,190
79.865,79.865,NoButton,Drag,372,193
79.869,79.869,NoButton,Drag,388,195
79.874,79.874,NoButton,Drag,408,199
79.877,79.877,NoButton,Drag,430,203
79.881,79.881,NoButton,Drag,456,205
79.885,79.885,NoButton,Drag,484,209
79.889,79.889,NoButton,Drag,516,212
79.893,79.893,NoButton,Drag,549,214
79.897,79.897,NoButton,Drag,579,218
79.902,79.902,NoButton,Drag,612,222
79.905,79.905,NoButton,Drag,647,227
79.909,79.909,NoButton,Drag,682,231
79.913,79.913,NoButton,Drag,718,236
79.917,79.917,NoButton,Drag,755,240
79.921,79.921,NoButton,Drag,790,244
79.925,79.925,NoButton,Drag,825,248
79.929,79.929,NoButton,Drag,862,254
79.933,79.933,NoButton,Drag,898,259
79.937,79.937,NoButton,Drag,932,264
79.941,79.941,NoButton,Drag,966,268
79.945,79.945,NoButton,Drag,998,272
79.949,79.949,NoButton,Drag,1026,277
79.953,79.953,NoButton,Drag,1055,281
79.957,79.957,NoButton,Drag,1082,286
79.961,79.961,NoButton,Drag,1107,291
79.965,79.965,NoButton,Drag,1129,295
79.969,79.969,NoButton,Drag,1150,298
79.974,79.974,NoButton,Drag,1170,301
79.977,79.977,NoButton,Drag,1189,304
79.981,79.981,NoButton,Drag,1206,307
79.985,79.985,NoButton,Drag,1221,309
79.989,79.989,NoButton,Drag,1235,313
79.993,79.993,NoButton,Drag,1245,315
79.997,79.997,NoButton,Drag,1256,317
80.001,80.001,NoButton,Drag,1266,319
80.005,80.005,NoButton,Drag,1275,320
80.009,80.009,NoButton,Drag,1283,321
80.013,80.013,NoButton,Drag,1290,322
80.017,80.017,NoButton,Drag,1295,323
80.021,80.021,NoButton,Drag,1300,324
80.025,80.025,NoButton,Drag,1305,324
80.029,80.029,NoButton,Drag,1308,324
80.033,80.033,NoButton,Drag,1311,325
80.037,80.037,NoButton,Drag,1315,325
80.041,80.041,NoButton,Drag,1317,325
80.045,80.045,NoButton,Drag,1319,325
80.049,80.049,NoButton,Drag,1321,325
80.053,80.053,NoButton,Drag,1322,325
80.057,80.057,NoButton,Drag,1324,325
80.061,80.061,NoButton,Drag,1325,325
80.065,80.065,NoButton,Drag,1326,325
80.069,80.069,NoButton,Drag,1327,325
80.074,80.074,NoButton,Drag,1327,325
80.077,80.077,NoButton,Drag,1328,325
80.081,80.081,NoButton,Drag,1330,325
80.085,80.085,NoButton,Drag,1331,325
80.089,80.089,NoButton,Drag,1332,325
80.093,80.093,NoButton,Drag,1333,325
80.097,80.097,NoButton,Drag,1334,325
80.101,80.101,NoButton,Drag,1336,325
80.105,80.105,NoButton,Drag,1338,325
80.109,80.109,NoButton,Drag,1339,325
80.113,80.113,NoButton,Drag,1341,325
80.117,80.117,NoButton,Drag,1343,325
80.121,80.121,NoButton,Drag,1345,324
80.125,80.125,NoButton,Drag,1348,324
80.129,80.129,NoButton,Drag,1350,323
80.133,80.133,NoButton,Drag,1353,323
80.137,80.137,NoButton,Drag,1357,322
80.141,80.141,NoButton,Drag,1360,322
80.145,80.145,NoButton,Drag,1363,321
80.149,80.149,NoButton,Drag,1366,320
80.153,80.153,NoButton,Drag,1369,320
80.157,80.157,NoButton,Drag,1372,319
80.161,80.161,NoButton,Drag,1374,318
80.165,80.165,NoButton,Drag,1376,318
80.169,80.169,NoButton,Drag,1378,317
80.174,80.174,NoButton,Drag,1380,316
80.177,80.177,NoButton,Drag,1381,316
80.181,80.181,NoButton,Drag,1381,316
80.185,80.185,NoButton,Drag,1382,315
80.193,80.193,NoButton,Drag,1382,315
80.205,80.205,NoButton,Drag,1382,315
80.21,80.21,NoButton,Drag,1382,315
80.211,80.211,NoButton,Drag,1382,314
80.215,80.215,NoButton,Drag,1382,314
80.219,80.219,NoButton,Drag,1382,313
80.223,80.223,NoButton,Drag,1382,312
80.227,80.227,NoButton,Drag,1382,312
80.231,80.231,NoButton,Drag,1382,311
80.235,80.235,NoButton,Drag,1382,309
80.239,80.239,NoButton,Drag,1382,308
80.243,80.243,NoButton,Drag,1382,307
80.247,80.247,NoButton,Drag,1382,306
80.251,80.251,NoButton,Drag,1381,305
80.255,80.255,NoButton,Drag,1381,304
80.259,80.259,NoButton,Drag,1381,304
80.263,80.263,NoButton,Drag,1381,303
80.267,80.267,NoButton,Drag,1381,302
80.271,80.271,NoButton,Drag,1380,301
80.275,80.275,NoButton,Drag,1380,301
80.279,80.279,NoButton,Drag,1380,300
80.283,80.283,NoButton,Drag,1380,300
80.287,80.287,NoButton,Drag,1380,299
80.291,80.291,NoButton,Drag,1380,299
80.295,80.295,NoButton,Drag,1380,299
80.299,80.299,NoButton,Drag,1380,298
80.303,80.303,NoButton,Drag,1380,297
80.307,80.307,NoButton,Drag,1380,296
80.311,80.311,NoButton,Drag,1380,295
80.315,80.315,NoButton,Drag,1379,294
80.319,80.319,NoButton,Drag,1379,294
80.324,80.324,NoButton,Drag,1379,293
80.327,80.327,NoButton,Drag,1379,292
80.331,80.331,NoButton,Drag,1379,291
80.335,80.335,NoButton,Drag,1379,290
80.339,80.339,NoButton,Drag,1379,289
80.343,80.343,NoButton,Drag,1378,288
80.347,80.347,NoButton,Drag,1378,287
80.351,80.351,NoButton,Drag,1378,286
80.355,80.355,NoButton,Drag,1377,284
80.359,80.359,NoButton,Drag,1377,283
80.363,80.363,NoButton,Drag,1377,281
80.367,80.367,NoButton,Drag,1376,280
80.371,80.371,NoButton,Drag,1376,279
80.375,80.375,NoButton,Drag,1376,278
80.379,80.379,NoButton,Drag,1375,277
80.383,80.383,NoButton,Drag,1375,276
80.387,80.387,NoButton,Drag,1375,275
80.391,80.391,NoButton,Drag,1375,274
80.395,80.395,NoButton,Drag,1375,274
80.399,80.399,NoButton,Drag,1375,273
80.403,80.403,NoButton,Drag,1375,273
80.407,80.407,NoButton,Drag,1374,272
80.411,80.411,NoButton,Drag,1374,272
80.415,80.415,NoButton,Drag,1374,271
80.419,80.419,NoButton,Drag,1374,270
80.424,80.424,NoButton,Drag,1374,270
80.427,80.427,NoButton,Drag,1374,270
80.431,80.431,NoButton,Drag,1374,269
80.435,80.435,NoButton,Drag,1374,268
80.439,80.439,NoButton,Drag,1374,268
80.443,80.443,NoButton,Drag,1374,268
80.447,80.447,NoButton,Drag,1373,267
80.451,80.451,NoButton,Drag,1373,267
80.455,80.455,NoButton,Drag,1373,266
80.459,80.459,NoButton,Drag,1373,265
80.463,80.463,NoButton,Drag,1373,264
80.467,80.467,NoButton,Drag,1373,264
80.471,80.471,NoButton,Drag,1372,263
80.475,80.475,NoButton,Drag,1372,263
80.479,80.479,NoButton,Drag,1372,262
80.483,80.483,NoButton,Drag,1371,261
80.487,80.487,NoButton,Drag,1371,261
80.491,80.491,NoButton,Drag,1371,260
80.495,80.495,NoButton,Drag,1371,260
80.499,80.499,NoButton,Drag,1370,259
80.503,80.503,NoButton,Drag,1370,259
80.508,80.508,Left,Released,1370,259
80.509,80.509,NoButton,Drag,1370,258
80.511,80.511,NoButton,Drag,1370,258
80.526,80.526,NoButton,Drag,1369,256
80.543,80.543,NoButton,Drag,1368,254
80.559,80.559,NoButton,Drag,1366,252
80.576,80.576,NoButton,Drag,1365,251
80.593,80.593,NoButton,Drag,1362,250
80.609,80.609,NoButton,Drag,1358,250
80.626,80.626,NoButton,Drag,1349,250
80.642,80.642,NoButton,Drag,1333,251
80.659,80.659,NoButton,Drag,1298,256
80.676,80.676,NoButton,Drag,1260,258
80.693,80.693,NoButton,Drag,1212,260
80.709,80.709,NoButton,Drag,1158,258
80.727,80.727,NoButton,Drag,1101,252
80.743,80.743,NoButton,Drag,1048,243
80.76,80.76,NoButton,Drag,986,228
80.776,80.776,NoButton,Drag,946,217
80.793,80.793,NoButton,Drag,917,208
80.81,80.81,NoButton,Drag,891,200
80.826,80.826,NoButton,Drag,876,195
80.843,80.843,NoButton,Drag,868,192
80.86,80.86,NoButton,Drag,865,191
80.876,80.876,NoButton,Drag,864,191
80.893,80.893,NoButton,Drag,862,191
80.91,80.91,NoButton,Drag,860,193
80.927,80.927,NoButton,Drag,858,195
80.943,80.943,NoButton,Drag,854,199
80.96,80.96,NoButton,Drag,846,206
80.977,80.977,NoButton,Drag,833,216
80.993,80.993,NoButton,Drag,816,226
81.011,81.011,NoButton,Drag,793,238
81.027,81.027,NoButton,Drag,773,245
81.044,81.044,NoButton,Drag,755,251
81.061,81.061,NoButton,Drag,733,257
81.077,81.077,NoButton,Drag,722,259
81.093,81.093,NoButton,Drag,705,262
81.11,81.11,NoButton,Drag,694,264
81.128,81.128,NoButton,Drag,683,264
81.144,81.144,NoButton,Drag,674,264
81.16,81.16,NoButton,Drag,666,264
81.177,81.177,NoButton,Drag,659,263
81.194,81.194,NoButton,Drag,654,263
81.21,81.21,NoButton,Drag,653,263
81.228,81.228,NoButton,Drag,652,262
81.244,81.244,NoButton,Drag,651,262
81.261,81.261,NoButton,Drag,650,262
81.326,81.326,NoButton,Drag,650,262
81.329,81.329,NoButton,Drag,650,262
81.344,81.344,NoButton,Drag,649,262
81.361,81.361,NoButton,Drag,649,262
81.377,81.377,NoButton,Drag,648,262
81.394,81.394,NoButton,Drag,647,262
81.41,81.41,NoButton,Drag,643,263
81.427,81.427,NoButton,Drag,635,264
81.444,81.444,NoButton,Drag,628,265
81.46,81.46,NoButton,Drag,622,266
81.478,81.478,NoButton,Drag,615,267
81.494,81.494,NoButton,Drag,607,267
81.511,81.511,NoButton,Drag,601,267
81.527,81.527,NoButton,Drag,596,267
81.544,81.544,NoButton,Drag,596,267
81.561,81.561,NoButton,Drag,596,267
81.612,81.612,Left,Pressed,596,267
81.716,81.716,NoButton,Drag,596,267
81.72,81.72,NoButton,Drag,596,267
81.723,81.723,NoButton,Drag,596,266
81.728,81.728,NoButton,Drag,597,266
81.731,81.731,NoButton,Drag,597,266
81.735,81.735,NoButton,Drag,598,266
81.739,81.739,NoButton,Drag,599,265
81.743,81.743,NoButton,Drag,601,265
81.747,81.747,NoButton,Drag,602,265
81.751,81.751,NoButton,Drag,605,264
81.755,81.755,NoButton,Drag,607,263
81.759,81.759,NoButton,Drag,610,263
81.763,81.763,NoButton,Drag,613,262
81.768,81.768,NoButton,Drag,617,261
81.771,81.771,NoButton,Drag,621,260
81.775,81.775,NoButton,Drag,626,259
81.779,81.779,NoButton,Drag,632,258
81.783,81.783,NoButton,Drag,638,258
81.787,81.787,NoButton,Drag,645,257
81.791,81.791,NoButton,Drag,650,257
81.795,81.795,NoButton,Drag,658,257
81.799,81.799,NoButton,Drag,666,256
81.803,81.803,NoButton,Drag,674,255
81.807,81.807,NoButton,Drag,682,255
81.811,81.811,NoButton,Drag,691,255
81.815,81.815,NoButton,Drag,701,255
81.819,81.819,NoButton,Drag,711,255
81.823,81.823,NoButton,Drag,722,255
81.827,81.827,NoButton,Drag,735,255
81.831,81.831,NoButton,Drag,749,255
81.835,81.835,NoButton,Drag,763,256
81.839,81.839,NoButton,Drag,780,258
81.843,81.843,NoButton,Drag,798,258
81.847,81.847,NoButton,Drag,816,259
81.851,81.851,NoButton,Drag,835,260
81.855,81.855,NoButton,Drag,856,260
81.859,81.859,NoButton,Drag,878,260
81.863,81.863,NoButton,Drag,903,260
81.868,81.868,NoButton,Drag,928,260
81.871,81.871,NoButton,Drag,955,261
81.875,81.875,NoButton,Drag,982,262
81.879,81.879,NoButton,Drag,1009,262
81.883,81.883,NoButton,Drag,1034,262
81.887,81.887,NoButton,Drag,1058,263
81.891,81.891,NoButton,Drag,1082,263
81.895,81.895,NoButton,Drag,1103,263
81.899,81.899,NoButton,Drag,1123,263
81.903,81.903,NoButton,Drag,1141,264
81.907,81.907,NoButton,Drag,1160,264
81.911,81.911,NoButton,Drag,1176,264
81.915,81.915,NoButton,Drag,1189,265
81.919,81.919,NoButton,Drag,1203,266
81.923,81.923,NoButton,Drag,1216,267
81.927,81.927,NoButton,Drag,1228,267
81.931,81.931,NoButton,Drag,1239,268
81.933,81.933,NoButton,Drag,1251,268
81.937,81.937,NoButton,Drag,1263,268
81.941,81.941,NoButton,Drag,1272,269
81.945,81.945,NoButton,Drag,1282,269
81.949,81.949,NoButton,Drag,1291,269
81.953,81.953,NoButton,Drag,1300,270
81.957,81.957,NoButton,Drag,1309,271
81.961,81.961,NoButton,Drag,1317,271
81.968,81.968,NoButton,Drag,1324,271
81.969,81.969,NoButton,Drag,1330,272
81.975,81.975,NoButton,Drag,1337,272
81.977,81.977,NoButton,Drag,1342,273
81.981,81.981,NoButton,Drag,1347,273
81.985,81.985,NoButton,Drag,1351,274
81.989,81.989,NoButton,Drag,1356,275
81.993,81.993,NoButton,Drag,1359,276
81.997,81.997,NoButton,Drag,1362,276
82.001,82.001,NoButton,Drag,1365,277
82.005,82.005,NoButton,Drag,1367,277
82.009,82.009,NoButton,Drag,1369,277
82.013,82.013,NoButton,Drag,1371,278
82.018,82.018,NoButton,Drag,1372,278
82.021,82.021,NoButton,Drag,1374,278
82.025,82.025,NoButton,Drag,1375,278
82.029,82.029,NoButton,Drag,1377,278
82.033,82.033,NoButton,Drag,1377,278
82.037,82.037,NoButton,Drag,1378,278
82.041,82.041,NoButton,Drag,1379,278
82.045,82.045,NoButton,Drag,1380,278
82.049,82.049,NoButton,Drag,1380,278
82.094,82.094,NoButton,Drag,1380,278
82.101,82.101,NoButton,Drag,1380,278
82.105,82.105,NoButton,Drag,1380,278
82.113,82.113,NoButton,Drag,1381,277
82.117,82.117,NoButton,Drag,1381,277
82.121,82.121,NoButton,Drag,1381,277
82.125,82.125,NoButton,Drag,1381,277
82.133,82.133,NoButton,Drag,1381,276
82.137,82.137,NoButton,Drag,1381,276
82.141,82.141,NoButton,Drag,1381,276
82.145,82.145,NoButton,Drag,1381,276
82.149,82.149,NoButton,Drag,1382,275
82.153,82.153,NoButton,Drag,1382,275
82.157,82.157,NoButton,Drag,1382,275
82.161,82.161,NoButton,Drag,1382,274
82.165,82.165,NoButton,Drag,1382,274
82.169,82.169,NoButton,Drag,1382,274
82.173,82.173,NoButton,Drag,1382,273
82.177,82.177,NoButton,Drag,1382,272
82.181,82.181,NoButton,Drag,1382,272
82.185,82.185,NoButton,Drag,1382,272
82.189,82.189,NoButton,Drag,1382,271
82.193,82.193,NoButton,Drag,1382,271
82.197,82.197,NoButton,Drag,1382,270
82.201,82.201,NoButton,Drag,1381,270
82.205,82.205,NoButton,Drag,1381,270
82.209,82.209,NoButton,Drag,1381,269
82.213,82.213,NoButton,Drag,1381,269
82.218,82.218,NoButton,Drag,1381,268
82.221,82.221,NoButton,Drag,1380,268
82.225,82.225,NoButton,Drag,1380,268
82.229,82.229,NoButton,Drag,1380,267
82.233,82.233,NoButton,Drag,1380,266
82.237,82.237,NoButton,Drag,1380,266
82.241,82.241,NoButton,Drag,1379,265
82.245,82.245,NoButton,Drag,1379,265
82.249,82.249,NoButton,Drag,1379,265
82.253,82.253,NoButton,Drag,1378,264
82.257,82.257,NoButton,Drag,1378,263
82.261,82.261,NoButton,Drag,1378,263
82.265,82.265,NoButton,Drag,1377,262
82.269,82.269,NoButton,Drag,1377,262
82.273,82.273,NoButton,Drag,1377,261
82.277,82.277,NoButton,Drag,1377,261
82.281,82.281,NoButton,Drag,1376,260
82.285,82.285,NoButton,Drag,1376,260
82.289,82.289,NoButton,Drag,1376,259
82.293,82.293,NoButton,Drag,1376,259
82.297,82.297,NoButton,Drag,1375,258
82.301,82.301,NoButton,Drag,1375,257
82.305,82.305,NoButton,Drag,1375,256
82.309,82.309,NoButton,Drag,1374,256
82.313,82.313,NoButton,Drag,1374,255
82.318,82.318,NoButton,Drag,1374,254
82.321,82.321,NoButton,Drag,1373,253
82.325,82.325,NoButton,Drag,1373,253
82.329,82.329,NoButton,Drag,1372,252
82.333,82.333,NoButton,Drag,1372,252
82.337,82.337,NoButton,Drag,1372,251
82.341,82.341,NoButton,Drag,1371,251
82.345,82.345,NoButton,Drag,1371,250
82.349,82.349,NoButton,Drag,1371,250
82.353,82.353,NoButton,Drag,1370,249
82.357,82.357,NoButton,Drag,1370,248
82.361,82.361,NoButton,Drag,1369,248
82.365,82.365,NoButton,Drag,1369,247
82.369,82.369,NoButton,Drag,1369,246
82.373,82.373,NoButton,Drag,1369,245
82.377,82.377,NoButton,Drag,1368,245
82.381,82.381,NoButton,Drag,1368,244
82.385,82.385,NoButton,Drag,1368,244
82.389,82.389,NoButton,Drag,1368,243
82.393,82.393,NoButton,Drag,1367,242
82.397,82.397,NoButton,Drag,1367,241
82.401,82.401,NoButton,Drag,1367,240
82.405,82.405,NoButton,Drag,1366,238
82.409,82.409,NoButton,Drag,1366,237
82.413,82.413,NoButton,Drag,1366,237
82.418,82.418,NoButton,Drag,1366,236
82.421,82.421,NoButton,Drag,1365,234
82.425,82.425,NoButton,Drag,1365,234
82.429,82.429,NoButton,Drag,1365,233
82.433,82.433,NoButton,Drag,1365,232
82.437,82.437,NoButton,Drag,1365,231
82.441,82.441,NoButton,Drag,1364,229
82.445,82.445,NoButton,Drag,1364,228
82.449,82.449,NoButton,Drag,1364,227
82.453,82.453,NoButton,Drag,1363,225
82.457,82.457,NoButton,Drag,1363,224
82.461,82.461,NoButton,Drag,1363,222
82.465,82.465,NoButton,Drag,1362,221
82.469,82.469,NoButton,Drag,1362,220
82.473,82.473,NoButton,Drag,1361,219
82.477,82.477,NoButton,Drag,1361,218
82.481,82.481,NoButton,Drag,1361,217
82.485,82.485,NoButton,Drag,1361,216
82.489,82.489,NoButton,Drag,1361,216
82.493,82.493,NoButton,Drag,1361,215
82.497,82.497,NoButton,Drag,1360,215
82.504,82.504,NoButton,Drag,1360,214
82.505,82.505,NoButton,Drag,1360,214
82.509,82.509,NoButton,Drag,1360,214
82.511,82.511,NoButton,Drag,1359,213
82.515,82.515,NoButton,Drag,1359,213
82.519,82.519,NoButton,Drag,1359,212
82.523,82.523,NoButton,Drag,1359,212
82.527,82.527,NoButton,Drag,1358,212
82.531,82.531,NoButton,Drag,1358,211
82.536,82.536,Left,Released,1358,211
82.537,82.537,NoButton,Drag,1358,211
82.552,82.552,NoButton,Drag,1356,210
82.569,82.569,NoButton,Drag,1352,209
82.587,82.587,NoButton,Drag,1340,207
82.603,82.603,NoButton,Drag,1316,207
82.619,82.619,NoButton,Drag,1265,212
82.636,82.636,NoButton,Drag,1205,220
82.653,82.653,NoButton,Drag,1132,230
82.67,82.67,NoButton,Drag,1056,234
82.686,82.686,NoButton,Drag,978,236
82.703,82.703,NoButton,Drag,897,233
82.72,82.72,NoButton,Drag,805,220
82.736,82.736,NoButton,Drag,753,208
82.753,82.753,NoButton,Drag,725,199
82.77,82.77,NoButton,Drag,718,195
82.787,82.787,NoButton,Drag,718,195
82.811,82.811,NoButton,Drag,718,195
82.82,82.82,NoButton,Drag,719,194
82.836,82.836,NoButton,Drag,721,193
82.853,82.853,NoButton,Drag,723,193
82.87,82.87,NoButton,Drag,723,193
82.887,82.887,NoButton,Drag,724,193
82.904,82.904,NoButton,Drag,725,194
82.92,82.92,NoButton,Drag,727,199
82.937,82.937,NoButton,Drag,729,207
82.954,82.954,NoButton,Drag,731,218
82.97,82.97,NoButton,Drag,733,232
82.987,82.987,NoButton,Drag,734,248
83.004,83.004,NoButton,Drag,732,266
83.02,83.02,NoButton,Drag,727,278
83.037,83.037,NoButton,Drag,719,290
83.054,83.054,NoButton,Drag,710,301
83.07,83.07,NoButton,Drag,701,309
83.088,83.088,NoButton,Drag,694,316
83.104,83.104,NoButton,Drag,691,319
83.121,83.121,NoButton,Drag,688,321
83.138,83.138,NoButton,Drag,687,322
83.206,83.206,NoButton,Drag,687,322
83.209,83.209,NoButton,Drag,687,322
83.22,83.22,NoButton,Drag,686,322
83.237,83.237,NoButton,Drag,685,321
83.255,83.255,NoButton,Drag,684,319
83.271,83.271,NoButton,Drag,683,318
83.287,83.287,NoButton,Drag,681,315
83.304,83.304,NoButton,Drag,680,313
83.321,83.321,NoButton,Drag,680,311
83.337,83.337,NoButton,Drag,679,310
83.37,83.37,Left,Pressed,679,310
83.371,83.371,NoButton,Drag,679,310
83.446,83.446,NoButton,Drag,680,310
83.449,83.449,NoButton,Drag,680,310
83.453,83.453,NoButton,Drag,680,310
83.458,83.458,NoButton,Drag,681,310
83.461,83.461,NoButton,Drag,681,310
83.465,83.465,NoButton,Drag,682,311
83.469,83.469,NoButton,Drag,683,311
83.473,83.473,NoButton,Drag,683,312
83.477,83.477,NoButton,Drag,685,313
83.481,83.481,NoButton,Drag,686,314
83.485,83.485,NoButton,Drag,687,315
83.489,83.489,NoButton,Drag,689,316
83.493,83.493,NoButton,Drag,691,318
83.498,83.498,NoButton,Drag,693,319
83.501,83.501,NoButton,Drag,695,321
83.505,83.505,NoButton,Drag,697,322
83.509,83.509,NoButton,Drag,699,324
83.513,83.513,NoButton,Drag,702,326
83.517,83.517,NoButton,Drag,705,329
83.521,83.521,NoButton,Drag,708,331
83.525,83.525,NoButton,Drag,712,334
83.529,83.529,NoButton,Drag,715,338
83.533,83.533,NoButton,Drag,719,341
83.537,83.537,NoButton,Drag,722,345
83.541,83.541,NoButton,Drag,727,349
83.545,83.545,NoButton,Drag,731,353
83.549,83.549,NoButton,Drag,734,357
83.553,83.553,NoButton,Drag,738,361
83.557,83.557,NoButton,Drag,742,365
83.561,83.561,NoButton,Drag,747,369
83.565,83.565,NoButton,Drag,752,374
83.569,83.569,NoButton,Drag,756,379
83.573,83.573,NoButton,Drag,761,384
83.577,83.577,NoButton,Drag,766,390
83.581,83.581,NoButton,Drag,770,396
83.585,83.585,NoButton,Drag,776,402
83.589,83.589,NoButton,Drag,781,408
83.593,83.593,NoButton,Drag,787,416
83.598,83.598,NoButton,Drag,792,422
83.601,83.601,NoButton,Drag,797,428
83.605,83.605,NoButton,Drag,804,436
83.609,83.609,NoButton,Drag,810,443
83.613,83.613,NoButton,Drag,816,451
83.617,83.617,NoButton,Drag,823,458
83.621,83.621,NoButton,Drag,830,466
83.625,83.625,NoButton,Drag,837,472
83.629,83.629,NoButton,Drag,843,480
83.633,83.633,NoButton,Drag,851,487
83.637,83.637,NoButton,Drag,858,495
83.641,83.641,NoButton,Drag,865,502
83.645,83.645,NoButton,Drag,873,510
83.649,83.649,NoButton,Drag,880,517
83.653,83.653,NoButton,Drag,886,524
83.657,83.657,NoButton,Drag,894,532
83.661,83.661,NoButton,Drag,902,540
83.665,83.665,NoButton,Drag,908,546
83.667,83.667,NoButton,Drag,916,554
83.671,83.671,NoButton,Drag,924,562
83.675,83.675,NoButton,Drag,931,569
83.679,83.679,NoButton,Drag,939,575
83.683,83.683,NoButton,Drag,946,582
83.687,83.687,NoButton,Drag,953,589
83.691,83.691,NoButton,Drag,960,596
83.695,83.695,NoButton,Drag,968,603
83.699,83.699,NoButton,Drag,975,610
83.703,83.703,NoButton,Drag,983,617
83.707,83.707,NoButton,Drag,990,624
83.711,83.711,NoButton,Drag,998,630
83.715,83.715,NoButton,Drag,1005,637
83.719,83.719,NoButton,Drag,1013,644
83.723,83.723,NoButton,Drag,1020,651
83.727,83.727,NoButton,Drag,1027,657
83.731,83.731,NoButton,Drag,1035,664
83.735,83.735,NoButton,Drag,1042,670
83.739,83.739,NoButton,Drag,1049,677
83.743,83.743,NoButton,Drag,1056,682
83.748,83.748,NoButton,Drag,1063,688
83.751,83.751,NoButton,Drag,1070,693
83.755,83.755,NoButton,Drag,1077,698
83.759,83.759,NoButton,Drag,1084,703
83.763,83.763,NoButton,Drag,1090,707
83.767,83.767,NoButton,Drag,1096,712
83.771,83.771,NoButton,Drag,1103,717
83.775,83.775,NoButton,Drag,1109,722
83.779,83.779,NoButton,Drag,1114,726
83.783,83.783,NoButton,Drag,1119,730
83.787,83.787,NoButton,Drag,1123,734
83.791,83.791,NoButton,Drag,1127,737
83.795,83.795,NoButton,Drag,1131,741
83.799,83.799,NoButton,Drag,1136,745
83.803,83.803,NoButton,Drag,1139,748
83.807,83.807,NoButton,Drag,1143,752
83.812,83.812,NoButton,Drag,1147,755
83.815,83.815,NoButton,Drag,1150,758
83.819,83.819,NoButton,Drag,1154,760
83.823,83.823,NoButton,Drag,1156,763
83.827,83.827,NoButton,Drag,1159,765
83.831,83.831,NoButton,Drag,1162,768
83.835,83.835,NoButton,Drag,1165,770
83.839,83.839,NoButton,Drag,1167,771
83.843,83.843,NoButton,Drag,1170,773
83.848,83.848,NoButton,Drag,1172,775
83.851,83.851,NoButton,Drag,1174,776
83.855,83.855,NoButton,Drag,1176,778
83.859,83.859,NoButton,Drag,1178,779
83.863,83.863,NoButton,Drag,1179,780
83.867,83.867,NoButton,Drag,1181,781
83.871,83.871,NoButton,Drag,1183,782
83.875,83.875,NoButton,Drag,1184,783
83.879,83.879,NoButton,Drag,1185,784
83.883,83.883,NoButton,Drag,1186,785
83.887,83.887,NoButton,Drag,1187,785
83.891,83.891,NoButton,Drag,1188,786
83.895,83.895,NoButton,Drag,1189,786
83.899,83.899,NoButton,Drag,1190,786
83.903,83.903,NoButton,Drag,1190,786
83.911,83.911,NoButton,Drag,1190,786
83.935,83.935,NoButton,Drag,1191,786
83.939,83.939,NoButton,Drag,1191,786
83.943,83.943,NoButton,Drag,1192,785
83.948,83.948,NoButton,Drag,1192,785
83.951,83.951,NoButton,Drag,1193,784
83.955,83.955,NoButton,Drag,1194,783
83.959,83.959,NoButton,Drag,1196,782
83.963,83.963,NoButton,Drag,1197,781
83.967,83.967,NoButton,Drag,1199,780
83.971,83.971,NoButton,Drag,1201,778
83.975,83.975,NoButton,Drag,1202,776
83.979,83.979,NoButton,Drag,1204,774
83.983,83.983,NoButton,Drag,1206,772
83.987,83.987,NoButton,Drag,1207,770
83.991,83.991,NoButton,Drag,1210,767
83.995,83.995,NoButton,Drag,1213,765
83.999,83.999,NoButton,Drag,1215,763
84.003,84.003,NoButton,Drag,1218,760
84.007,84.007,NoButton,Drag,1221,757
84.011,84.011,NoButton,Drag,1224,755
84.015,84.015,NoButton,Drag,1227,753
84.019,84.019,NoButton,Drag,1230,750
84.023,84.023,NoButton,Drag,1234,748
84.027,84.027,NoButton,Drag,1237,745
84.031,84.031,NoButton,Drag,1241,743
84.035,84.035,NoButton,Drag,1244,740
84.039,84.039,NoButton,Drag,1248,738
84.043,84.043,NoButton,Drag,1252,736
84.048,84.048,NoButton,Drag,1255,734
84.051,84.051,NoButton,Drag,1259,732
84.055,84.055,NoButton,Drag,1262,730
84.059,84.059,NoButton,Drag,1266,729
84.063,84.063,NoButton,Drag,1269,727
84.067,84.067,NoButton,Drag,1272,726
84.071,84.071,NoButton,Drag,1275,725
84.075,84.075,NoButton,Drag,1278,724
84.079,84.079,NoButton,Drag,1280,723
84.083,84.083,NoButton,Drag,1282,722
84.087,84.087,NoButton,Drag,1283,722
84.091,84.091,NoButton,Drag,1284,721
84.095,84.095,NoButton,Drag,1284,721
84.099,84.099,NoButton,Drag,1285,721
84.147,84.147,NoButton,Drag,1285,721
84.151,84.151,NoButton,Drag,1285,721
84.155,84.155,NoButton,Drag,1286,721
84.159,84.159,NoButton,Drag,1286,722
84.163,84.163,NoButton,Drag,1286,722
84.167,84.167,NoButton,Drag,1287,723
84.171,84.171,NoButton,Drag,1288,724
84.175,84.175,NoButton,Drag,1288,724
84.179,84.179,NoButton,Drag,1289,725
84.183,84.183,NoButton,Drag,1289,726
84.187,84.187,NoButton,Drag,1290,726
84.191,84.191,NoButton,Drag,1291,727
84.195,84.195,NoButton,Drag,1292,728
84.199,84.199,NoButton,Drag,1293,728
84.203,84.203,NoButton,Drag,1294,728
84.207,84.207,NoButton,Drag,1294,728
84.211,84.211,NoButton,Drag,1295,729
84.215,84.215,NoButton,Drag,1295,729
84.257,84.257,NoButton,Drag,1296,729
84.261,84.261,NoButton,Drag,1296,729
84.265,84.265,NoButton,Drag,1296,729
84.269,84.269,NoButton,Drag,1296,728
84.274,84.274,Left,Released,1296,728
84.275,84.275,NoButton,Drag,1296,727
84.283,84.283,NoButton,Drag,1296,726
84.299,84.299,NoButton,Drag,1295,720
84.317,84.317,NoButton,Drag,1289,713
84.333,84.333,NoButton,Drag,1280,703
84.349,84.349,NoButton,Drag,1262,689
84.366,84.366,NoButton,Drag,1243,676
84.382,84.382,NoButton,Drag,1218,661
84.4,84.4,NoButton,Drag,1189,643
84.416,84.416,NoButton,Drag,1150,622
84.433,84.433,NoButton,Drag,1108,597
84.45,84.45,NoButton,Drag,1062,565
84.467,84.467,NoButton,Drag,1032,539
84.483,84.483,NoButton,Drag,1007,517
84.499,84.499,NoButton,Drag,988,497
84.516,84.516,NoButton,Drag,974,480
84.533,84.533,NoButton,Drag,960,464
84.55,84.55,NoButton,Drag,944,445
84.567,84.567,NoButton,Drag,929,431
84.583,84.583,NoButton,Drag,915,418
84.6,84.6,NoButton,Drag,903,408
84.616,84.616,NoButton,Drag,894,402
84.633,84.633,NoButton,Drag,888,397
84.65,84.65,NoButton,Drag,883,392
84.667,84.667,NoButton,Drag,877,388
84.683,84.683,NoButton,Drag,870,382
84.7,84.7,NoButton,Drag,861,375
84.717,84.717,NoButton,Drag,851,367
84.733,84.733,NoButton,Drag,834,354
84.75,84.75,NoButton,Drag,817,341
84.767,84.767,NoButton,Drag,800,328
84.784,84.784,NoButton,Drag,783,316
84.801,84.801,NoButton,Drag,769,307
84.818,84.818,NoButton,Drag,753,297
84.834,84.834,NoButton,Drag,743,288
84.851,84.851,NoButton,Drag,735,282
84.867,84.867,NoButton,Drag,729,278
84.884,84.884,NoButton,Drag,728,277
84.968,84.968,Left,Pressed,728,277
85.071,85.071,NoButton,Drag,727,277
85.083,85.083,NoButton,Drag,727,277
85.087,85.087,NoButton,Drag,727,277
85.092,85.092,NoButton,Drag,727,278
85.095,85.095,NoButton,Drag,727,278
85.099,85.099,NoButton,Drag,727,279
85.103,85.103,NoButton,Drag,727,279
85.107,85.107,NoButton,Drag,726,280
85.111,85.111,NoButton,Drag,726,280
85.115,85.115,NoButton,Drag,725,281
85.119,85.119,NoButton,Drag,725,282
85.123,85.123,NoButton,Drag,724,282
85.127,85.127,NoButton,Drag,724,283
85.131,85.131,NoButton,Drag,723,283
85.135,85.135,NoButton,Drag,723,284
85.139,85.139,NoButton,Drag,722,284
85.143,85.143,NoButton,Drag,722,285
85.147,85.147,NoButton,Drag,721,285
85.151,85.151,NoButton,Drag,721,286
85.155,85.155,NoButton,Drag,720,286
85.159,85.159,NoButton,Drag,719,287
85.163,85.163,NoButton,Drag,719,287
85.167,85.167,NoButton,Drag,718,287
85.171,85.171,NoButton,Drag,718,287
85.176,85.176,Left,Released,718,287
85.177,85.177,NoButton,Drag,717,288
85.185,85.185,NoButton,Drag,716,288
85.201,85.201,NoButton,Drag,714,288
85.218,85.218,NoButton,Drag,711,288
85.234,85.234,NoButton,Drag,710,288
85.251,85.251,NoButton,Drag,708,287
85.267,85.267,NoButton,Drag,706,287
85.284,85.284,NoButton,Drag,705,286
85.302,85.302,NoButton,Drag,704,286
85.318,85.318,NoButton,Drag,704,286
85.335,85.335,NoButton,Drag,703,286
85.352,85.352,NoButton,Drag,701,286
85.388,85.388,NoButton,Drag,701,286
85.41,85.41,NoButton,Drag,701,286
85.418,85.418,NoButton,Drag,701,286
85.431,85.431,NoButton,Drag,701,287
85.434,85.434,Left,Pressed,701,287
85.434,85.434,NoButton,Drag,701,287
85.437,85.437,NoButton,Drag,701,288
85.441,85.441,NoButton,Drag,701,288
85.447,85.447,NoButton,Drag,701,289
85.449,85.449,NoButton,Drag,701,289
85.454,85.454,NoButton,Drag,701,290
85.457,85.457,NoButton,Drag,701,290
85.461,85.461,NoButton,Drag,701,291
85.465,85.465,NoButton,Drag,701,291
85.469,85.469,NoButton,Drag,701,292
85.473,85.473,NoButton,Drag,701,292
85.477,85.477,NoButton,Drag,701,293
85.481,85.481,NoButton,Drag,701,293
85.487,85.487,NoButton,Drag,701,294
85.489,85.489,NoButton,Drag,701,295
85.493,85.493,NoButton,Drag,701,296
85.497,85.497,NoButton,Drag,702,297
85.502,85.502,NoButton,Drag,702,297
85.505,85.505,NoButton,Drag,702,298
85.509,85.509,NoButton,Drag,702,299
85.513,85.513,NoButton,Drag,703,300
85.518,85.518,NoButton,Drag,703,302
85.521,85.521,NoButton,Drag,704,303
85.525,85.525,NoButton,Drag,704,304
85.529,85.529,NoButton,Drag,705,305
85.533,85.533,NoButton,Drag,706,307
85.537,85.537,NoButton,Drag,707,308
85.541,85.541,NoButton,Drag,708,309
85.545,85.545,NoButton,Drag,709,311
85.549,85.549,NoButton,Drag,710,312
85.553,85.553,NoButton,Drag,711,314
85.557,85.557,NoButton,Drag,712,316
85.561,85.561,NoButton,Drag,714,318
85.565,85.565,NoButton,Drag,715,319
85.569,85.569,NoButton,Drag,716,321
85.573,85.573,NoButton,Drag,718,323
85.577,85.577,NoButton,Drag,719,324
85.581,85.581,NoButton,Drag,720,326
85.585,85.585,NoButton,Drag,721,328
85.589,85.589,NoButton,Drag,722,329
85.593,85.593,NoButton,Drag,724,331
85.597,85.597,NoButton,Drag,725,333
85.602,85.602,NoButton,Drag,726,335
85.605,85.605,NoButton,Drag,727,337
85.609,85.609,NoButton,Drag,729,338
85.613,85.613,NoButton,Drag,730,341
85.617,85.617,NoButton,Drag,731,342
85.621,85.621,NoButton,Drag,733,344
85.625,85.625,NoButton,Drag,734,346
85.629,85.629,NoButton,Drag,735,348
85.633,85.633,NoButton,Drag,737,350
85.637,85.637,NoButton,Drag,739,352
85.641,85.641,NoButton,Drag,741,355
85.645,85.645,NoButton,Drag,743,357
85.649,85.649,NoButton,Drag,746,359
85.653,85.653,NoButton,Drag,748,362
85.657,85.657,NoButton,Drag,750,364
85.661,85.661,NoButton,Drag,753,366
85.665,85.665,NoButton,Drag,755,369
85.669,85.669,NoButton,Drag,758,371
85.673,85.673,NoButton,Drag,762,373
85.677,85.677,NoButton,Drag,765,376
85.681,85.681,NoButton,Drag,769,378
85.685,85.685,NoButton,Drag,773,381
85.689,85.689,NoButton,Drag,778,384
85.693,85.693,NoButton,Drag,782,387
85.697,85.697,NoButton,Drag,786,391
85.702,85.702,NoButton,Drag,791,393
85.705,85.705,NoButton,Drag,796,396
85.709,85.709,NoButton,Drag,801,400
85.713,85.713,NoButton,Drag,807,404
85.717,85.717,NoButton,Drag,813,408
85.721,85.721,NoButton,Drag,819,411
85.725,85.725,NoButton,Drag,826,415
85.729,85.729,NoButton,Drag,834,420
85.733,85.733,NoButton,Drag,843,426
85.737,85.737,NoButton,Drag,852,432
85.741,85.741,NoButton,Drag,861,437
85.745,85.745,NoButton,Drag,871,442
85.749,85.749,NoButton,Drag,883,450
85.753,85.753,NoButton,Drag,894,457
85.757,85.757,NoButton,Drag,905,464
85.761,85.761,NoButton,Drag,917,471
85.765,85.765,NoButton,Drag,929,478
85.769,85.769,NoButton,Drag,941,485
85.773,85.773,NoButton,Drag,953,492
85.777,85.777,NoButton,Drag,967,500
85.781,85.781,NoButton,Drag,980,508
85.785,85.785,NoButton,Drag,992,516
85.789,85.789,NoButton,Drag,1006,524
85.793,85.793,NoButton,Drag,1019,532
85.797,85.797,NoButton,Drag,1032,540
85.801,85.801,NoButton,Drag,1046,549
85.805,85.805,NoButton,Drag,1059,556
85.809,85.809,NoButton,Drag,1071,563
85.813,85.813,NoButton,Drag,1083,570
85.817,85.817,NoButton,Drag,1096,579
85.821,85.821,NoButton,Drag,1108,586
85.825,85.825,NoButton,Drag,1121,593
85.829,85.829,NoButton,Drag,1133,600
85.833,85.833,NoButton,Drag,1146,607
85.837,85.837,NoButton,Drag,1157,614
85.841,85.841,NoButton,Drag,1170,621
85.845,85.845,NoButton,Drag,1182,628
85.849,85.849,NoButton,Drag,1196,635
85.853,85.853,NoButton,Drag,1209,643
85.857,85.857,NoButton,Drag,1222,649
85.861,85.861,NoButton,Drag,1234,655
85.865,85.865,NoButton,Drag,1247,661
85.869,85.869,NoButton,Drag,1260,667
85.873,85.873,NoButton,Drag,1272,672
85.877,85.877,NoButton,Drag,1284,677
85.881,85.881,NoButton,Drag,1296,682
85.885,85.885,NoButton,Drag,1307,687
85.889,85.889,NoButton,Drag,1317,691
85.893,85.893,NoButton,Drag,1327,695
85.897,85.897,NoButton,Drag,1337,699
85.901,85.901,NoButton,Drag,1344,702
85.905,85.905,NoButton,Drag,1351,705
85.909,85.909,NoButton,Drag,1357,709
85.913,85.913,NoButton,Drag,1363,712
85.917,85.917,NoButton,Drag,1368,714
85.921,85.921,NoButton,Drag,1374,717
85.925,85.925,NoButton,Drag,1379,719
85.929,85.929,NoButton,Drag,1383,721
85.933,85.933,NoButton,Drag,1387,724
85.937,85.937,NoButton,Drag,1391,726
85.941,85.941,NoButton,Drag,1394,728
85.945,85.945,NoButton,Drag,1398,730
85.949,85.949,NoButton,Drag,1401,732
85.953,85.953,NoButton,Drag,1404,733
85.957,85.957,NoButton,Drag,1406,735
85.959,85.959,NoButton,Drag,1409,737
85.963,85.963,NoButton,Drag,1411,738
85.967,85.967,NoButton,Drag,1413,740
85.971,85.971,NoButton,Drag,1415,741
85.975,85.975,NoButton,Drag,1417,743
85.979,85.979,NoButton,Drag,1418,744
85.983,85.983,NoButton,Drag,1419,745
85.987,85.987,NoButton,Drag,1420,747
85.991,85.991,NoButton,Drag,1421,747
85.995,85.995,NoButton,Drag,1421,748
85.999,85.999,NoButton,Drag,1422,749
86.003,86.003,NoButton,Drag,1422,750
86.007,86.007,NoButton,Drag,1422,751
86.011,86.011,NoButton,Drag,1422,751
86.027,86.027,NoButton,Drag,1422,751
86.035,86.035,NoButton,Drag,1422,752
86.039,86.039,NoButton,Drag,1422,752
86.043,86.043,NoButton,Drag,1422,752
86.052,86.052,NoButton,Drag,1422,752
86.055,86.055,NoButton,Drag,1422,753
86.059,86.059,NoButton,Drag,1422,753
86.063,86.063,NoButton,Drag,1422,753
86.067,86.067,NoButton,Drag,1421,753
86.071,86.071,NoButton,Drag,1421,754
86.075,86.075,NoButton,Drag,1420,754
86.079,86.079,NoButton,Drag,1420,754
86.085,86.085,NoButton,Drag,1419,755
86.087,86.087,NoButton,Drag,1419,755
86.091,86.091,NoButton,Drag,1418,755
86.095,86.095,NoButton,Drag,1418,755
86.099,86.099,NoButton,Drag,1417,755
86.103,86.103,NoButton,Drag,1417,755
86.107,86.107,NoButton,Drag,1416,755
86.111,86.111,NoButton,Drag,1416,755
86.115,86.115,NoButton,Drag,1415,755
86.119,86.119,NoButton,Drag,1415,755
86.123,86.123,NoButton,Drag,1414,755
86.127,86.127,NoButton,Drag,1414,755
86.131,86.131,NoButton,Drag,1413,755
86.135,86.135,NoButton,Drag,1412,755
86.139,86.139,NoButton,Drag,1412,755
86.143,86.143,NoButton,Drag,1411,755
86.147,86.147,NoButton,Drag,1411,755
86.151,86.151,NoButton,Drag,1410,755
86.155,86.155,NoButton,Drag,1409,754
86.159,86.159,NoButton,Drag,1408,754
86.163,86.163,NoButton,Drag,1407,754
86.167,86.167,NoButton,Drag,1405,753
86.171,86.171,NoButton,Drag,1404,752
86.175,86.175,NoButton,Drag,1402,752
86.179,86.179,NoButton,Drag,1401,751
86.183,86.183,NoButton,Drag,1399,750
86.187,86.187,NoButton,Drag,1397,748
86.191,86.191,NoButton,Drag,1396,747
86.195,86.195,NoButton,Drag,1394,746
86.199,86.199,NoButton,Drag,1393,745
86.203,86.203,NoButton,Drag,1391,743
86.207,86.207,NoButton,Drag,1389,742
86.211,86.211,NoButton,Drag,1387,740
86.215,86.215,NoButton,Drag,1386,738
86.219,86.219,NoButton,Drag,1384,736
86.223,86.223,NoButton,Drag,1383,735
86.227,86.227,NoButton,Drag,1382,733
86.231,86.231,NoButton,Drag,1381,731
86.235,86.235,NoButton,Drag,1379,729
86.239,86.239,NoButton,Drag,1378,727
86.243,86.243,NoButton,Drag,1377,724
86.247,86.247,NoButton,Drag,1375,722
86.251,86.251,NoButton,Drag,1374,720
86.255,86.255,NoButton,Drag,1373,717
86.259,86.259,NoButton,Drag,1371,715
86.263,86.263,NoButton,Drag,1370,713
86.268,86.268,NoButton,Drag,1368,710
86.271,86.271,NoButton,Drag,1367,708
86.275,86.275,NoButton,Drag,1365,705
86.279,86.279,NoButton,Drag,1364,703
86.283,86.283,NoButton,Drag,1363,702
86.287,86.287,NoButton,Drag,1362,700
86.291,86.291,NoButton,Drag,1361,698
86.295,86.295,NoButton,Drag,1359,697
86.299,86.299,NoButton,Drag,1358,695
86.303,86.303,NoButton,Drag,1357,695
86.307,86.307,NoButton,Drag,1357,694
86.311,86.311,NoButton,Drag,1356,694
86.315,86.315,NoButton,Drag,1356,693
86.319,86.319,NoButton,Drag,1356,693
86.323,86.323,NoButton,Drag,1356,693
86.327,86.327,NoButton,Drag,1355,692
86.331,86.331,NoButton,Drag,1355,692
86.335,86.335,NoButton,Drag,1355,692
86.339,86.339,NoButton,Drag,1355,692
86.347,86.347,NoButton,Drag,1355,691
86.355,86.355,NoButton,Drag,1355,691
86.359,86.359,Left,Released,1355,691
86.363,86.363,NoButton,Drag,1355,691
86.37,86.37,NoButton,Drag,1355,691
86.386,86.386,NoButton,Drag,1354,690
86.404,86.404,NoButton,Drag,1353,689
86.42,86.42,NoButton,Drag,1344,686
86.437,86.437,NoButton,Drag,1319,681
86.454,86.454,NoButton,Drag,1282,673
86.47,86.47,NoButton,Drag,1237,662
86.487,86.487,NoButton,Drag,1185,647
86.503,86.503,NoButton,Drag,1108,623
86.52,86.52,NoButton,Drag,985,588
86.536,86.536,NoButton,Drag,880,561
86.553,86.553,NoButton,Drag,770,522
86.57,86.57,NoButton,Drag,707,499
86.586,86.586,NoButton,Drag,673,482
86.603,86.603,NoButton,Drag,657,470
86.62,86.62,NoButton,Drag,655,467
86.637,86.637,NoButton,Drag,655,467
86.653,86.653,NoButton,Drag,655,466
86.67,86.67,NoButton,Drag,657,465
86.687,86.687,NoButton,Drag,658,465
86.709,86.709,NoButton,Drag,659,465
86.733,86.733,NoButton,Drag,659,465
86.741,86.741,NoButton,Drag,659,465
86.754,86.754,NoButton,Drag,660,467
86.77,86.77,NoButton,Drag,660,473
86.774,86.774,Left,Pressed,660,473
86.774,86.774,NoButton,Drag,660,474
86.777,86.777,NoButton,Drag,660,476
86.781,86.781,NoButton,Drag,660,478
86.785,86.785,NoButton,Drag,660,480
86.789,86.789,NoButton,Drag,660,483
86.793,86.793,NoButton,Drag,660,485
86.797,86.797,NoButton,Drag,660,488
86.801,86.801,NoButton,Drag,660,490
86.805,86.805,NoButton,Drag,660,493
86.809,86.809,NoButton,Drag,659,497
86.813,86.813,NoButton,Drag,658,500
86.817,86.817,NoButton,Drag,657,503
86.821,86.821,NoButton,Drag,655,507
86.825,86.825,NoButton,Drag,654,510
86.829,86.829,NoButton,Drag,652,514
86.833,86.833,NoButton,Drag,650,517
86.837,86.837,NoButton,Drag,649,521
86.841,86.841,NoButton,Drag,647,524
86.845,86.845,NoButton,Drag,645,528
86.849,86.849,NoButton,Drag,644,532
86.853,86.853,NoButton,Drag,642,535
86.857,86.857,NoButton,Drag,640,538
86.861,86.861,NoButton,Drag,638,541
86.865,86.865,NoButton,Drag,636,544
86.869,86.869,NoButton,Drag,634,547
86.873,86.873,NoButton,Drag,631,551
86.877,86.877,NoButton,Drag,629,555
86.881,86.881,NoButton,Drag,626,558
86.885,86.885,NoButton,Drag,623,561
86.889,86.889,NoButton,Drag,620,564
86.893,86.893,NoButton,Drag,618,567
86.897,86.897,NoButton,Drag,615,569
86.901,86.901,NoButton,Drag,612,572
86.905,86.905,NoButton,Drag,610,574
86.909,86.909,NoButton,Drag,608,576
86.913,86.913,NoButton,Drag,605,579
86.918,86.918,Left,Released,605,579
86.919,86.919,NoButton,Drag,603,581
86.921,86.921,NoButton,Drag,601,583
86.937,86.937,NoButton,Drag,592,590
86.954,86.954,NoButton,Drag,585,596
86.971,86.971,NoButton,Drag,580,599
86.988,86.988,NoButton,Drag,577,602
87.005,87.005,NoButton,Drag,573,604
87.021,87.021,NoButton,Drag,570,606
87.037,87.037,NoButton,Drag,568,607
87.054,87.054,NoButton,Drag,566,608
87.071,87.071,NoButton,Drag,563,608
87.087,87.087,NoButton,Drag,562,608
87.104,87.104,NoButton,Drag,560,607
87.12,87.12,NoButton,Drag,559,607
87.137,87.137,NoButton,Drag,558,606
87.154,87.154,NoButton,Drag,557,606
87.171,87.171,NoButton,Drag,557,606
87.187,87.187,NoButton,Drag,556,605
87.204,87.204,NoButton,Drag,555,605
87.221,87.221,NoButton,Drag,554,604
87.238,87.238,NoButton,Drag,554,603
87.273,87.273,Left,Pressed,554,603
87.288,87.288,NoButton,Drag,554,604
87.291,87.291,NoButton,Drag,554,604
87.295,87.295,NoButton,Drag,554,604
87.299,87.299,NoButton,Drag,554,604
87.304,87.304,NoButton,Drag,554,605
87.307,87.307,NoButton,Drag,554,605
87.311,87.311,NoButton,Drag,555,605
87.315,87.315,NoButton,Drag,555,606
87.319,87.319,NoButton,Drag,555,606
87.323,87.323,NoButton,Drag,556,606
87.327,87.327,NoButton,Drag,556,607
87.331,87.331,NoButton,Drag,557,608
87.335,87.335,NoButton,Drag,558,608
87.341,87.341,NoButton,Drag,559,609
87.343,87.343,NoButton,Drag,560,609
87.347,87.347,NoButton,Drag,561,610
87.351,87.351,NoButton,Drag,563,611
87.355,87.355,NoButton,Drag,565,612
87.359,87.359,NoButton,Drag,568,614
87.363,87.363,NoButton,Drag,572,615
87.367,87.367,NoButton,Drag,576,617
87.371,87.371,NoButton,Drag,580,619
87.375,87.375,NoButton,Drag,586,621
87.379,87.379,NoButton,Drag,592,624
87.383,87.383,NoButton,Drag,599,627
87.387,87.387,NoButton,Drag,606,630
87.391,87.391,NoButton,Drag,616,634
87.395,87.395,NoButton,Drag,626,639
87.399,87.399,NoButton,Drag,636,643
87.403,87.403,NoButton,Drag,648,648
87.407,87.407,NoButton,Drag,661,654
87.411,87.411,NoButton,Drag,675,660
87.415,87.415,NoButton,Drag,689,665
87.419,87.419,NoButton,Drag,706,672
87.423,87.423,NoButton,Drag,725,679
87.427,87.427,NoButton,Drag,743,686
87.431,87.431,NoButton,Drag,762,694
87.435,87.435,NoButton,Drag,781,702
87.44,87.44,NoButton,Drag,800,710
87.443,87.443,NoButton,Drag,820,718
87.447,87.447,NoButton,Drag,841,728
87.451,87.451,NoButton,Drag,860,736
87.455,87.455,NoButton,Drag,878,744
87.459,87.459,NoButton,Drag,897,752
87.463,87.463,NoButton,Drag,916,759
87.467,87.467,NoButton,Drag,933,767
87.471,87.471,NoButton,Drag,948,773
87.475,87.475,NoButton,Drag,961,779
87.479,87.479,NoButton,Drag,974,783
87.483,87.483,NoButton,Drag,986,788
87.487,87.487,NoButton,Drag,999,792
87.491,87.491,NoButton,Drag,1010,797
87.495,87.495,NoButton,Drag,1020,800
87.499,87.499,NoButton,Drag,1029,804
87.503,87.503,NoButton,Drag,1036,807
87.507,87.507,NoButton,Drag,1044,810
87.511,87.511,NoButton,Drag,1050,813
87.515,87.515,NoButton,Drag,1057,814
87.519,87.519,NoButton,Drag,1063,816
87.523,87.523,NoButton,Drag,1069,818
87.527,87.527,NoButton,Drag,1075,820
87.531,87.531,NoButton,Drag,1081,822
87.535,87.535,NoButton,Drag,1086,824
87.54,87.54,NoButton,Drag,1092,825
87.543,87.543,NoButton,Drag,1098,827
87.547,87.547,NoButton,Drag,1103,828
87.551,87.551,NoButton,Drag,1109,828
87.555,87.555,NoButton,Drag,1115,829
87.559,87.559,NoButton,Drag,1121,829
87.563,87.563,NoButton,Drag,1126,829
87.567,87.567,NoButton,Drag,1133,829
87.571,87.571,NoButton,Drag,1139,829
87.575,87.575,NoButton,Drag,1144,829
87.579,87.579,NoButton,Drag,1150,829
87.583,87.583,NoButton,Drag,1156,828
87.587,87.587,NoButton,Drag,1163,827
87.591,87.591,NoButton,Drag,1170,826
87.595,87.595,NoButton,Drag,1176,825
87.599,87.599,NoButton,Drag,1183,824
87.603,87.603,NoButton,Drag,1190,823
87.607,87.607,NoButton,Drag,1197,821
87.611,87.611,NoButton,Drag,1203,820
87.615,87.615,NoButton,Drag,1210,819
87.619,87.619,NoButton,Drag,1217,817
87.623,87.623,NoButton,Drag,1222,816
87.627,87.627,NoButton,Drag,1228,815
87.631,87.631,NoButton,Drag,1233,814
87.635,87.635,NoButton,Drag,1237,813
87.64,87.64,NoButton,Drag,1241,812
87.643,87.643,NoButton,Drag,1244,811
87.647,87.647,NoButton,Drag,1247,810
87.651,87.651,NoButton,Drag,1249,810
87.655,87.655,NoButton,Drag,1251,809
87.659,87.659,NoButton,Drag,1252,808
87.663,87.663,NoButton,Drag,1254,808
87.667,87.667,NoButton,Drag,1255,807
87.671,87.671,NoButton,Drag,1255,807
87.675,87.675,NoButton,Drag,1255,807
87.69,87.69,NoButton,Drag,1255,807
87.693,87.693,NoButton,Drag,1255,807
87.697,87.697,NoButton,Drag,1256,806
87.701,87.701,NoButton,Drag,1256,805
87.705,87.705,NoButton,Drag,1256,805
87.709,87.709,NoButton,Drag,1256,804
87.713,87.713,NoButton,Drag,1256,803
87.717,87.717,NoButton,Drag,1257,802
87.721,87.721,NoButton,Drag,1257,801
87.725,87.725,NoButton,Drag,1258,800
87.729,87.729,NoButton,Drag,1258,799
87.733,87.733,NoButton,Drag,1259,798
87.737,87.737,NoButton,Drag,1259,797
87.741,87.741,NoButton,Drag,1260,795
87.745,87.745,NoButton,Drag,1261,793
87.749,87.749,NoButton,Drag,1262,792
87.753,87.753,NoButton,Drag,1263,790
87.757,87.757,NoButton,Drag,1264,788
87.761,87.761,NoButton,Drag,1265,786
87.765,87.765,NoButton,Drag,1267,784
87.769,87.769,NoButton,Drag,1269,782
87.773,87.773,NoButton,Drag,1271,779
87.777,87.777,NoButton,Drag,1274,777
87.781,87.781,NoButton,Drag,1276,775
87.785,87.785,NoButton,Drag,1279,772
87.79,87.79,NoButton,Drag,1281,770
87.793,87.793,NoButton,Drag,1283,767
87.797,87.797,NoButton,Drag,1286,764
87.801,87.801,NoButton,Drag,1288,762
87.806,87.806,NoButton,Drag,1290,760
87.809,87.809,NoButton,Drag,1293,757
87.813,87.813,NoButton,Drag,1296,754
87.817,87.817,NoButton,Drag,1298,752
87.821,87.821,NoButton,Drag,1301,749
87.825,87.825,NoButton,Drag,1303,746
87.829,87.829,NoButton,Drag,1305,744
87.833,87.833,NoButton,Drag,1307,741
87.837,87.837,NoButton,Drag,1309,739
87.841,87.841,NoButton,Drag,1311,736
87.845,87.845,NoButton,Drag,1312,734
87.849,87.849,NoButton,Drag,1314,731
87.853,87.853,NoButton,Drag,1316,729
87.857,87.857,NoButton,Drag,1318,727
87.861,87.861,NoButton,Drag,1319,724
87.865,87.865,NoButton,Drag,1321,722
87.869,87.869,NoButton,Drag,1322,720
87.873,87.873,NoButton,Drag,1324,718
87.877,87.877,NoButton,Drag,1325,716
87.881,87.881,NoButton,Drag,1326,715
87.885,87.885,NoButton,Drag,1327,713
87.89,87.89,NoButton,Drag,1328,712
87.893,87.893,NoButton,Drag,1329,711
87.897,87.897,NoButton,Drag,1330,710
87.901,87.901,NoButton,Drag,1331,708
87.905,87.905,NoButton,Drag,1332,707
87.909,87.909,NoButton,Drag,1333,706
87.913,87.913,NoButton,Drag,1334,706
87.917,87.917,NoButton,Drag,1334,705
87.921,87.921,NoButton,Drag,1335,704
87.925,87.925,NoButton,Drag,1335,704
87.929,87.929,NoButton,Drag,1335,703
87.933,87.933,NoButton,Drag,1336,703
87.937,87.937,NoButton,Drag,1336,702
87.941,87.941,NoButton,Drag,1336,702
87.945,87.945,NoButton,Drag,1336,701
87.949,87.949,NoButton,Drag,1336,701
87.994,87.994,Left,Released,1336,701
87.995,87.995,NoButton,Drag,1336,701
88.008,88.008,NoButton,Drag,1335,700
88.025,88.025,NoButton,Drag,1329,699
88.041,88.041,NoButton,Drag,1306,698
88.058,88.058,NoButton,Drag,1269,701
88.075,88.075,NoButton,Drag,1216,706
88.092,88.092,NoButton,Drag,1146,707
88.109,88.109,NoButton,Drag,1068,709
88.125,88.125,NoButton,Drag,970,709
88.142,88.142,NoButton,Drag,836,711
88.158,88.158,NoButton,Drag,750,711
88.176,88.176,NoButton,Drag,689,711
88.192,88.192,NoButton,Drag,653,711
88.209,88.209,NoButton,Drag,635,711
88.225,88.225,NoButton,Drag,630,712
88.243,88.243,NoButton,Drag,630,712
88.267,88.267,NoButton,Drag,630,712
88.28,88.28,NoButton,Drag,629,712
88.292,88.292,NoButton,Drag,629,713
88.309,88.309,NoButton,Drag,627,715
88.326,88.326,NoButton,Drag,626,716
88.342,88.342,NoButton,Drag,624,717
88.359,88.359,NoButton,Drag,623,718
88.375,88.375,NoButton,Drag,620,719
88.392,88.392,NoButton,Drag,614,720
88.409,88.409,NoButton,Drag,606,721
88.425,88.425,NoButton,Drag,598,724
88.442,88.442,NoButton,Drag,589,726
88.458,88.458,NoButton,Drag,579,727
88.476,88.476,NoButton,Drag,571,729
88.492,88.492,NoButton,Drag,565,731
88.509,88.509,NoButton,Drag,560,732
88.526,88.526,NoButton,Drag,554,732
88.543,88.543,NoButton,Drag,548,733
88.558,88.558,NoButton,Drag,542,735
88.576,88.576,NoButton,Drag,534,736
88.592,88.592,NoButton,Drag,525,737
88.608,88.608,NoButton,Drag,518,738
88.625,88.625,NoButton,Drag,512,739
88.643,88.643,NoButton,Drag,507,740
88.659,88.659,NoButton,Drag,502,740
88.676,88.676,NoButton,Drag,498,741
88.692,88.692,NoButton,Drag,497,742
88.826,88.826,Left,Pressed,497,742
88.85,88.85,NoButton,Drag,496,742
88.853,88.853,NoButton,Drag,496,742
88.857,88.857,NoButton,Drag,496,742
88.861,88.861,NoButton,Drag,497,743
88.865,88.865,NoButton,Drag,497,743
88.869,88.869,NoButton,Drag,497,744
88.873,88.873,NoButton,Drag,498,744
88.877,88.877,NoButton,Drag,499,744
88.881,88.881,NoButton,Drag,500,744
88.885,88.885,NoButton,Drag,500,744
88.889,88.889,NoButton,Drag,501,744
88.893,88.893,NoButton,Drag,503,744
88.897,88.897,NoButton,Drag,504,744
88.901,88.901,NoButton,Drag,506,744
88.905,88.905,NoButton,Drag,508,743
88.91,88.91,NoButton,Drag,509,743
88.913,88.913,NoButton,Drag,512,742
88.917,88.917,NoButton,Drag,515,741
88.921,88.921,NoButton,Drag,518,741
88.925,88.925,NoButton,Drag,521,740
88.929,88.929,NoButton,Drag,524,739
88.933,88.933,NoButton,Drag,528,739
88.937,88.937,NoButton,Drag,531,738
88.941,88.941,NoButton,Drag,536,737
88.945,88.945,NoButton,Drag,541,736
88.949,88.949,NoButton,Drag,546,736
88.953,88.953,NoButton,Drag,550,735
88.957,88.957,NoButton,Drag,555,734
88.961,88.961,NoButton,Drag,560,733
88.965,88.965,NoButton,Drag,565,733
88.969,88.969,NoButton,Drag,570,733
88.973,88.973,NoButton,Drag,575,733
88.977,88.977,NoButton,Drag,580,733
88.981,88.981,NoButton,Drag,584,733
88.985,88.985,NoButton,Drag,589,732
88.989,88.989,NoButton,Drag,594,732
88.993,88.993,NoButton,Drag,598,732
88.997,88.997,NoButton,Drag,602,732
89.001,89.001,NoButton,Drag,606,732
89.005,89.005,NoButton,Drag,610,732
89.01,89.01,NoButton,Drag,613,732
89.013,89.013,NoButton,Drag,617,732
89.017,89.017,NoButton,Drag,621,732
89.021,89.021,NoButton,Drag,624,732
89.025,89.025,NoButton,Drag,629,732
89.029,89.029,NoButton,Drag,632,731
89.033,89.033,NoButton,Drag,636,731
89.037,89.037,NoButton,Drag,640,731
89.041,89.041,NoButton,Drag,644,731
89.045,89.045,NoButton,Drag,648,730
89.049,89.049,NoButton,Drag,651,730
89.053,89.053,NoButton,Drag,655,729
89.057,89.057,NoButton,Drag,659,728
89.061,89.061,NoButton,Drag,663,727
89.067,89.067,NoButton,Drag,667,727
89.069,89.069,NoButton,Drag,672,726
89.073,89.073,NoButton,Drag,676,725
89.077,89.077,NoButton,Drag,680,724
89.081,89.081,NoButton,Drag,685,723
89.085,89.085,NoButton,Drag,689,721
89.089,89.089,NoButton,Drag,695,720
89.093,89.093,NoButton,Drag,701,719
89.097,89.097,NoButton,Drag,707,717
89.101,89.101,NoButton,Drag,714,716
89.105,89.105,NoButton,Drag,720,714
89.11,89.11,NoButton,Drag,726,712
89.113,89.113,NoButton,Drag,734,711
89.117,89.117,NoButton,Drag,742,708
89.121,89.121,NoButton,Drag,751,706
89.125,89.125,NoButton,Drag,761,703
89.129,89.129,NoButton,Drag,771,700
89.133,89.133,NoButton,Drag,781,698
89.137,89.137,NoButton,Drag,792,695
89.141,89.141,NoButton,Drag,803,691
89.145,89.145,NoButton,Drag,814,687
89.149,89.149,NoButton,Drag,826,684
89.153,89.153,NoButton,Drag,837,680
89.157,89.157,NoButton,Drag,849,676
89.161,89.161,NoButton,Drag,862,671
89.165,89.165,NoButton,Drag,874,667
89.169,89.169,NoButton,Drag,885,664
89.173,89.173,NoButton,Drag,897,660
89.177,89.177,NoButton,Drag,908,656
89.181,89.181,NoButton,Drag,918,653
89.185,89.185,NoButton,Drag,929,649
89.189,89.189,NoButton,Drag,940,646
89.193,89.193,NoButton,Drag,950,643
89.197,89.197,NoButton,Drag,961,640
89.201,89.201,NoButton,Drag,972,636
89.205,89.205,NoButton,Drag,983,633
89.21,89.21,NoButton,Drag,994,629
89.213,89.213,NoButton,Drag,1006,625
89.217,89.217,NoButton,Drag,1018,621
89.221,89.221,NoButton,Drag,1030,616
89.225,89.225,NoButton,Drag,1042,613
89.229,89.229,NoButton,Drag,1053,609
89.233,89.233,NoButton,Drag,1064,605
89.237,89.237,NoButton,Drag,1076,602
89.241,89.241,NoButton,Drag,1087,598
89.245,89.245,NoButton,Drag,1097,595
89.249,89.249,NoButton,Drag,1107,590
89.253,89.253,NoButton,Drag,1118,586
89.257,89.257,NoButton,Drag,1128,583
89.261,89.261,NoButton,Drag,1138,580
89.265,89.265,NoButton,Drag,1147,576
89.269,89.269,NoButton,Drag,1156,573
89.273,89.273,NoButton,Drag,1164,569
89.277,89.277,NoButton,Drag,1171,566
89.281,89.281,NoButton,Drag,1178,562
89.285,89.285,NoButton,Drag,1185,559
89.289,89.289,NoButton,Drag,1191,555
89.293,89.293,NoButton,Drag,1198,552
89.297,89.297,NoButton,Drag,1205,548
89.301,89.301,NoButton,Drag,1211,545
89.305,89.305,NoButton,Drag,1216,542
89.31,89.31,NoButton,Drag,1223,538
89.313,89.313,NoButton,Drag,1229,535
89.317,89.317,NoButton,Drag,1234,532
89.321,89.321,NoButton,Drag,1240,529
89.325,89.325,NoButton,Drag,1245,527
89.329,89.329,NoButton,Drag,1249,524
89.333,89.333,NoButton,Drag,1254,521
89.337,89.337,NoButton,Drag,1257,519
89.341,89.341,NoButton,Drag,1261,517
89.345,89.345,NoButton,Drag,1265,515
89.349,89.349,NoButton,Drag,1268,512
89.353,89.353,NoButton,Drag,1271,510
89.357,89.357,NoButton,Drag,1274,508
89.361,89.361,NoButton,Drag,1276,506
89.365,89.365,NoButton,Drag,1279,505
89.369,89.369,NoButton,Drag,1280,503
89.373,89.373,NoButton,Drag,1282,502
89.377,89.377,NoButton,Drag,1283,501
89.381,89.381,NoButton,Drag,1284,500
89.385,89.385,NoButton,Drag,1284,499
89.389,89.389,NoButton,Drag,1285,499
89.393,89.393,NoButton,Drag,1286,498
89.397,89.397,NoButton,Drag,1286,497
89.401,89.401,NoButton,Drag,1286,497
89.405,89.405,NoButton,Drag,1287,497
89.41,89.41,NoButton,Drag,1287,496
89.413,89.413,NoButton,Drag,1287,496
89.415,89.415,NoButton,Drag,1287,496
89.419,89.419,NoButton,Drag,1288,495
89.423,89.423,NoButton,Drag,1288,495
89.427,89.427,NoButton,Drag,1288,494
89.431,89.431,NoButton,Drag,1288,494
89.435,89.435,NoButton,Drag,1289,493
89.439,89.439,NoButton,Drag,1289,493
89.444,89.444,NoButton,Drag,1289,493
89.447,89.447,NoButton,Drag,1290,492
89.451,89.451,NoButton,Drag,1290,492
89.455,89.455,NoButton,Drag,1290,492
89.46,89.46,NoButton,Drag,1290,491
89.463,89.463,NoButton,Drag,1291,491
89.467,89.467,NoButton,Drag,1291,490
89.471,89.471,NoButton,Drag,1292,490
89.475,89.475,NoButton,Drag,1292,490
89.479,89.479,NoButton,Drag,1292,489
89.483,89.483,NoButton,Drag,1292,489
89.487,89.487,NoButton,Drag,1292,489
89.511,89.511,NoButton,Drag,1292,489
89.543,89.543,NoButton,Drag,1292,488
89.556,89.556,Left,Released,1292,488
89.563,89.563,NoButton,Drag,1292,488
89.579,89.579,NoButton,Drag,1292,488
89.595,89.595,NoButton,Drag,1292,488
89.612,89.612,NoButton,Drag,1291,487
89.629,89.629,NoButton,Drag,1286,486
89.646,89.646,NoButton,Drag,1270,486
89.661,89.661,NoButton,Drag,1238,488
89.679,89.679,NoButton,Drag,1188,488
89.695,89.695,NoButton,Drag,1118,488
89.712,89.712,NoButton,Drag,1021,487
89.729,89.729,NoButton,Drag,938,483
89.745,89.745,NoButton,Drag,851,476
89.763,89.763,NoButton,Drag,773,470
89.779,89.779,NoButton,Drag,698,462
89.795,89.795,NoButton,Drag,639,453
89.812,89.812,NoButton,Drag,586,446
89.828,89.828,NoButton,Drag,561,444
89.845,89.845,NoButton,Drag,546,445
89.863,89.863,NoButton,Drag,536,448
89.879,89.879,NoButton,Drag,528,453
89.895,89.895,NoButton,Drag,515,464
89.912,89.912,NoButton,Drag,502,476
89.929,89.929,NoButton,Drag,490,485
89.946,89.946,NoButton,Drag,478,494
89.962,89.962,NoButton,Drag,465,502
89.978,89.978,NoButton,Drag,454,509
89.995,89.995,NoButton,Drag,444,516
90.012,90.012,NoButton,Drag,438,520
90.029,90.029,NoButton,Drag,434,524
90.046,90.046,NoButton,Drag,431,528
90.062,90.062,NoButton,Drag,430,529
90.079,90.079,NoButton,Drag,429,531
90.096,90.096,NoButton,Drag,427,533
90.113,90.113,NoButton,Drag,425,535
90.129,90.129,NoButton,Drag,423,538
90.146,90.146,NoButton,Drag,421,545
90.162,90.162,NoButton,Drag,419,551
90.179,90.179,NoButton,Drag,417,558
90.196,90.196,NoButton,Drag,416,564
90.212,90.212,NoButton,Drag,415,569
90.229,90.229,NoButton,Drag,413,574
90.246,90.246,NoButton,Drag,410,580
90.263,90.263,NoButton,Drag,407,585
90.279,90.279,NoButton,Drag,406,589
90.296,90.296,NoButton,Drag,404,592
90.313,90.313,NoButton,Drag,404,595
90.329,90.329,NoButton,Drag,404,597
90.346,90.346,NoButton,Drag,404,598
90.463,90.463,Left,Pressed,404,598
90.473,90.473,NoButton,Drag,404,598
90.477,90.477,NoButton,Drag,404,598
90.481,90.481,NoButton,Drag,405,598
90.489,90.489,NoButton,Drag,405,598
90.493,90.493,NoButton,Drag,405,598
90.501,90.501,NoButton,Drag,405,598
90.505,90.505,NoButton,Drag,405,598
90.509,90.509,NoButton,Drag,406,598
90.529,90.529,NoButton,Drag,406,598
90.545,90.545,NoButton,Drag,406,598
90.557,90.557,NoButton,Drag,406,598
90.561,90.561,NoButton,Drag,406,599
90.565,90.565,NoButton,Drag,407,599
90.567,90.567,NoButton,Drag,407,599
90.571,90.571,NoButton,Drag,407,599
90.577,90.577,NoButton,Drag,408,599
90.579,90.579,NoButton,Drag,408,599
90.583,90.583,NoButton,Drag,409,599
90.587,90.587,NoButton,Drag,410,599
90.592,90.592,NoButton,Drag,411,599
90.595,90.595,NoButton,Drag,413,599
90.599,90.599,NoButton,Drag,415,598
90.603,90.603,NoButton,Drag,418,598
90.607,90.607,NoButton,Drag,421,597
90.611,90.611,NoButton,Drag,424,596
90.615,90.615,NoButton,Drag,428,596
90.619,90.619,NoButton,Drag,433,595
90.623,90.623,NoButton,Drag,438,594
90.627,90.627,NoButton,Drag,445,593
90.631,90.631,NoButton,Drag,451,592
90.635,90.635,NoButton,Drag,458,591
90.639,90.639,NoButton,Drag,465,589
90.643,90.643,NoButton,Drag,474,588
90.647,90.647,NoButton,Drag,484,586
90.651,90.651,NoButton,Drag,495,585
90.655,90.655,NoButton,Drag,504,584
90.659,90.659,NoButton,Drag,515,583
90.663,90.663,NoButton,Drag,527,583
90.667,90.667,NoButton,Drag,538,583
90.671,90.671,NoButton,Drag,551,583
90.676,90.676,NoButton,Drag,565,583
90.679,90.679,NoButton,Drag,578,583
90.683,90.683,NoButton,Drag,592,583
90.687,90.687,NoButton,Drag,607,582
90.692,90.692,NoButton,Drag,623,582
90.695,90.695,NoButton,Drag,638,582
90.699,90.699,NoButton,Drag,654,582
90.703,90.703,NoButton,Drag,672,582
90.707,90.707,NoButton,Drag,688,582
90.711,90.711,NoButton,Drag,705,582
90.715,90.715,NoButton,Drag,722,582
90.719,90.719,NoButton,Drag,739,582
90.723,90.723,NoButton,Drag,755,582
90.727,90.727,NoButton,Drag,770,582
90.731,90.731,NoButton,Drag,786,582
90.735,90.735,NoButton,Drag,801,582
90.739,90.739,NoButton,Drag,816,582
90.743,90.743,NoButton,Drag,831,582
90.747,90.747,NoButton,Drag,845,581
90.751,90.751,NoButton,Drag,859,580
90.755,90.755,NoButton,Drag,872,578
90.759,90.759,NoButton,Drag,887,576
90.763,90.763,NoButton,Drag,901,574
90.767,90.767,NoButton,Drag,915,572
90.771,90.771,NoButton,Drag,929,570
90.776,90.776,NoButton,Drag,942,567
90.779,90.779,NoButton,Drag,957,564
90.783,90.783,NoButton,Drag,972,561
90.787,90.787,NoButton,Drag,987,558
90.792,90.792,NoButton,Drag,1000,556
90.795,90.795,NoButton,Drag,1015,552
90.799,90.799,NoButton,Drag,1027,550
90.803,90.803,NoButton,Drag,1040,548
90.807,90.807,NoButton,Drag,1053,545
90.811,90.811,NoButton,Drag,1065,543
90.815,90.815,NoButton,Drag,1075,541
90.819,90.819,NoButton,Drag,1087,539
90.823,90.823,NoButton,Drag,1098,536
90.827,90.827,NoButton,Drag,1108,534
90.831,90.831,NoButton,Drag,1119,532
90.835,90.835,NoButton,Drag,1129,530
90.839,90.839,NoButton,Drag,1137,528
90.843,90.843,NoButton,Drag,1144,526
90.847,90.847,NoButton,Drag,1150,525
90.851,90.851,NoButton,Drag,1156,523
90.855,90.855,NoButton,Drag,1161,522
90.859,90.859,NoButton,Drag,1165,521
90.863,90.863,NoButton,Drag,1170,520
90.867,90.867,NoButton,Drag,1173,519
90.871,90.871,NoButton,Drag,1176,518
90.876,90.876,NoButton,Drag,1179,517
90.879,90.879,NoButton,Drag,1181,516
90.883,90.883,NoButton,Drag,1183,516
90.887,90.887,NoButton,Drag,1185,516
90.892,90.892,NoButton,Drag,1186,515
90.895,90.895,NoButton,Drag,1187,515
90.899,90.899,NoButton,Drag,1187,514
90.903,90.903,NoButton,Drag,1188,514
90.911,90.911,NoButton,Drag,1188,514
90.923,90.923,NoButton,Drag,1188,514
90.927,90.927,NoButton,Drag,1188,514
90.931,90.931,NoButton,Drag,1189,513
90.935,90.935,NoButton,Drag,1189,513
90.939,90.939,NoButton,Drag,1190,513
90.943,90.943,NoButton,Drag,1191,513
90.947,90.947,NoButton,Drag,1192,513
90.951,90.951,NoButton,Drag,1193,513
90.955,90.955,NoButton,Drag,1195,513
90.959,90.959,NoButton,Drag,1196,513
90.963,90.963,NoButton,Drag,1198,512
90.967,90.967,NoButton,Drag,1200,512
90.971,90.971,NoButton,Drag,1203,512
90.976,90.976,NoButton,Drag,1205,512
90.979,90.979,NoButton,Drag,1207,512
90.983,90.983,NoButton,Drag,1210,512
90.987,90.987,NoButton,Drag,1213,512
90.992,90.992,NoButton,Drag,1216,512
90.995,90.995,NoButton,Drag,1219,512
90.999,90.999,NoButton,Drag,1222,512
91.003,91.003,NoButton,Drag,1226,511
91.007,91.007,NoButton,Drag,1231,511
91.011,91.011,NoButton,Drag,1235,511
91.015,91.015,NoButton,Drag,1240,510
91.019,91.019,NoButton,Drag,1244,510
91.023,91.023,NoButton,Drag,1249,510
91.027,91.027,NoButton,Drag,1253,508
91.032,91.032,NoButton,Drag,1257,508
91.035,91.035,NoButton,Drag,1261,507
91.039,91.039,NoButton,Drag,1264,506
91.043,91.043,NoButton,Drag,1267,505
91.047,91.047,NoButton,Drag,1270,504
91.051,91.051,NoButton,Drag,1271,504
91.055,91.055,NoButton,Drag,1273,503
91.059,91.059,NoButton,Drag,1275,502
91.063,91.063,NoButton,Drag,1275,502
91.067,91.067,NoButton,Drag,1276,501
91.071,91.071,NoButton,Drag,1277,501
91.095,91.095,NoButton,Drag,1277,501
91.099,91.099,NoButton,Drag,1277,500
91.103,91.103,NoButton,Drag,1278,500
91.107,91.107,NoButton,Drag,1278,500
91.112,91.112,NoButton,Drag,1278,499
91.115,91.115,NoButton,Drag,1278,499
91.119,91.119,NoButton,Drag,1278,499
91.127,91.127,NoButton,Drag,1279,499
91.143,91.143,NoButton,Drag,1279,498
91.147,91.147,NoButton,Drag,1279,498
91.149,91.149,NoButton,Drag,1279,498
91.153,91.153,NoButton,Drag,1280,497
91.157,91.157,NoButton,Drag,1280,497
91.161,91.161,NoButton,Drag,1280,497
91.165,91.165,NoButton,Drag,1280,497
91.169,91.169,NoButton,Drag,1281,496
91.176,91.176,NoButton,Drag,1281,496
91.177,91.177,NoButton,Drag,1281,495
91.181,91.181,NoButton,Drag,1282,495
91.185,91.185,NoButton,Drag,1282,494
91.189,91.189,NoButton,Drag,1283,493
91.193,91.193,NoButton,Drag,1283,493
91.197,91.197,NoButton,Drag,1284,493
91.201,91.201,NoButton,Drag,1284,492
91.205,91.205,NoButton,Drag,1285,491
91.209,91.209,NoButton,Drag,1286,490
91.213,91.213,NoButton,Drag,1287,489
91.217,91.217,NoButton,Drag,1288,488
91.221,91.221,NoButton,Drag,1290,487
91.226,91.226,NoButton,Drag,1292,486
91.229,91.229,NoButton,Drag,1294,484
91.233,91.233,NoButton,Drag,1295,483
91.237,91.237,NoButton,Drag,1298,481
91.242,91.242,NoButton,Drag,1300,480
91.245,91.245,NoButton,Drag,1302,478
91.249,91.249,NoButton,Drag,1305,476
91.253,91.253,NoButton,Drag,1307,474
91.257,91.257,NoButton,Drag,1310,472
91.261,91.261,NoButton,Drag,1312,471
91.265,91.265,NoButton,Drag,1314,469
91.269,91.269,NoButton,Drag,1316,467
91.273,91.273,NoButton,Drag,1319,466
91.277,91.277,NoButton,Drag,1321,464
91.281,91.281,NoButton,Drag,1323,462
91.285,91.285,NoButton,Drag,1325,460
91.289,91.289,NoButton,Drag,1327,458
91.293,91.293,NoButton,Drag,1328,457
91.297,91.297,NoButton,Drag,1330,456
91.301,91.301,NoButton,Drag,1331,455
91.305,91.305,NoButton,Drag,1331,454
91.309,91.309,NoButton,Drag,1332,453
91.317,91.317,NoButton,Drag,1332,453
91.326,91.326,NoButton,Drag,1332,453
91.329,91.329,NoButton,Drag,1332,452
91.333,91.333,NoButton,Drag,1332,452
91.337,91.337,NoButton,Drag,1332,452
91.342,91.342,Left,Released,1332,452
91.343,91.343,NoButton,Drag,1332,451
91.345,91.345,NoButton,Drag,1331,451
91.36,91.36,NoButton,Drag,1330,450
91.377,91.377,NoButton,Drag,1323,448
91.394,91.394,NoButton,Drag,1299,446
91.411,91.411,NoButton,Drag,1255,446
91.427,91.427,NoButton,Drag,1186,446
91.444,91.444,NoButton,Drag,1078,446
91.46,91.46,NoButton,Drag,935,446
91.477,91.477,NoButton,Drag,793,445
91.494,91.494,NoButton,Drag,635,440
91.511,91.511,NoButton,Drag,537,430
91.528,91.528,NoButton,Drag,460,420
91.544,91.544,NoButton,Drag,415,414
91.56,91.56,NoButton,Drag,393,410
91.577,91.577,NoButton,Drag,388,409
91.72,91.72,NoButton,Drag,388,409
91.723,91.723,NoButton,Drag,387,410
91.727,91.727,NoButton,Drag,387,410
91.744,91.744,NoButton,Drag,386,411
91.761,91.761,NoButton,Drag,384,412
91.778,91.778,NoButton,Drag,383,413
91.794,91.794,NoButton,Drag,382,414
91.811,91.811,NoButton,Drag,381,415
91.828,91.828,NoButton,Drag,381,417
91.844,91.844,NoButton,Drag,381,420
91.861,91.861,NoButton,Drag,383,422
91.878,91.878,NoButton,Drag,386,423
91.895,91.895,NoButton,Drag,391,425
91.911,91.911,NoButton,Drag,396,426
91.927,91.927,NoButton,Drag,403,428
91.944,91.944,NoButton,Drag,409,430
91.962,91.962,NoButton,Drag,415,431
91.978,91.978,NoButton,Drag,419,432
91.994,91.994,NoButton,Drag,423,432
92.011,92.011,NoButton,Drag,426,432
92.027,92.027,NoButton,Drag,432,432
92.044,92.044,NoButton,Drag,437,431
92.061,92.061,NoButton,Drag,443,430
92.077,92.077,NoButton,Drag,447,428
92.094,92.094,NoButton,Drag,450,427
92.111,92.111,NoButton,Drag,451,426
92.127,92.127,NoButton,Drag,451,426
92.148,92.148,Left,Pressed,451,426
92.159,92.159,NoButton,Drag,451,426
92.175,92.175,NoButton,Drag,452,426
92.179,92.179,NoButton,Drag,452,426
92.183,92.183,NoButton,Drag,452,426
92.187,92.187,NoButton,Drag,452,426
92.191,92.191,NoButton,Drag,453,426
92.195,92.195,NoButton,Drag,453,426
92.199,92.199,NoButton,Drag,453,426
92.203,92.203,NoButton,Drag,453,426
92.211,92.211,NoButton,Drag,454,426
92.215,92.215,NoButton,Drag,454,427
92.223,92.223,NoButton,Drag,454,427
92.227,92.227,NoButton,Drag,454,427
92.231,92.231,NoButton,Drag,455,427
92.235,92.235,NoButton,Drag,455,427
92.239,92.239,NoButton,Drag,455,427
92.243,92.243,NoButton,Drag,456,428
92.247,92.247,NoButton,Drag,456,428
92.251,92.251,NoButton,Drag,457,428
92.255,92.255,NoButton,Drag,458,428
92.259,92.259,NoButton,Drag,459,429
92.263,92.263,NoButton,Drag,461,429
92.267,92.267,NoButton,Drag,463,429
92.271,92.271,NoButton,Drag,465,430
92.275,92.275,NoButton,Drag,467,430
92.279,92.279,NoButton,Drag,470,430
92.283,92.283,NoButton,Drag,474,430
92.287,92.287,NoButton,Drag,477,431
92.289,92.289,NoButton,Drag,481,431
92.293,92.293,NoButton,Drag,485,431
92.297,92.297,NoButton,Drag,490,431
92.301,92.301,NoButton,Drag,495,431
92.305,92.305,NoButton,Drag,501,431
92.309,92.309,NoButton,Drag,507,431
92.313,92.313,NoButton,Drag,513,431
92.317,92.317,NoButton,Drag,519,431
92.321,92.321,NoButton,Drag,526,431
92.325,92.325,NoButton,Drag,532,431
92.329,92.329,NoButton,Drag,538,431
92.333,92.333,NoButton,Drag,545,431
92.338,92.338,NoButton,Drag,552,431
92.341,92.341,NoButton,Drag,559,430
92.345,92.345,NoButton,Drag,566,430
92.349,92.349,NoButton,Drag,573,430
92.353,92.353,NoButton,Drag,579,430
92.357,92.357,NoButton,Drag,585,430
92.361,92.361,NoButton,Drag,592,429
92.365,92.365,NoButton,Drag,598,429
92.369,92.369,NoButton,Drag,605,429
92.373,92.373,NoButton,Drag,610,428
92.377,92.377,NoButton,Drag,616,428
92.381,92.381,NoButton,Drag,622,427
92.385,92.385,NoButton,Drag,627,426
92.389,92.389,NoButton,Drag,632,426
92.393,92.393,NoButton,Drag,637,425
92.397,92.397,NoButton,Drag,642,425
92.401,92.401,NoButton,Drag,647,425
92.405,92.405,NoButton,Drag,652,425
92.409,92.409,NoButton,Drag,656,424
92.413,92.413,NoButton,Drag,661,424
92.417,92.417,NoButton,Drag,665,424
92.421,92.421,NoButton,Drag,670,423
92.425,92.425,NoButton,Drag,674,422
92.429,92.429,NoButton,Drag,678,422
92.433,92.433,NoButton,Drag,683,421
92.437,92.437,NoButton,Drag,686,421
92.441,92.441,NoButton,Drag,690,420
92.445,92.445,NoButton,Drag,694,419
92.449,92.449,NoButton,Drag,697,418
92.453,92.453,NoButton,Drag,700,418
92.457,92.457,NoButton,Drag,703,417
92.461,92.461,NoButton,Drag,706,416
92.465,92.465,NoButton,Drag,708,416
92.469,92.469,NoButton,Drag,709,415
92.473,92.473,NoButton,Drag,710,415
92.477,92.477,NoButton,Drag,711,415
92.485,92.485,NoButton,Drag,711,415
92.493,92.493,NoButton,Drag,711,415
92.53,92.53,NoButton,Drag,711,414
92.537,92.537,NoButton,Drag,711,414
92.541,92.541,NoButton,Drag,711,414
92.545,92.545,NoButton,Drag,711,414
92.55,92.55,NoButton,Drag,710,414
92.553,92.553,NoButton,Drag,710,414
92.557,92.557,NoButton,Drag,709,414
92.561,92.561,NoButton,Drag,708,414
92.565,92.565,NoButton,Drag,707,413
92.569,92.569,NoButton,Drag,707,413
92.573,92.573,NoButton,Drag,706,413
92.577,92.577,NoButton,Drag,704,413
92.581,92.581,NoButton,Drag,702,413
92.585,92.585,NoButton,Drag,700,413
92.59,92.59,Left,Released,700,413
92.591,92.591,NoButton,Drag,697,413
92.593,92.593,NoButton,Drag,694,414
92.609,92.609,NoButton,Drag,683,415
92.625,92.625,NoButton,Drag,660,416
92.641,92.641,NoButton,Drag,635,416
92.658,92.658,NoButton,Drag,602,416
92.675,92.675,NoButton,Drag,575,416
92.691,92.691,NoButton,Drag,553,416
92.708,92.708,NoButton,Drag,537,416
92.725,92.725,NoButton,Drag,529,415
92.742,92.742,NoButton,Drag,527,415
92.833,92.833,NoButton,Drag,527,415
92.837,92.837,NoButton,Drag,526,415
92.844,92.844,NoButton,Drag,526,415
92.862,92.862,NoButton,Drag,523,416
92.878,92.878,NoButton,Drag,521,417
92.894,92.894,NoButton,Drag,519,418
92.911,92.911,NoButton,Drag,517,419
92.928,92.928,NoButton,Drag,513,421
92.944,92.944,NoButton,Drag,505,423
92.961,92.961,NoButton,Drag,493,425
92.978,92.978,NoButton,Drag,482,427
92.994,92.994,NoButton,Drag,474,427
93.011,93.011,NoButton,Drag,471,427
93.072,93.072,Left,Pressed,471,427
93.075,93.075,NoButton,Drag,470,427
93.079,93.079,NoButton,Drag,470,427
93.087,93.087,NoButton,Drag,470,426
93.104,93.104,NoButton,Drag,470,426
93.18,93.18,NoButton,Drag,470,426
93.183,93.183,NoButton,Drag,471,426
93.187,93.187,NoButton,Drag,471,426
93.191,93.191,NoButton,Drag,472,426
93.195,93.195,NoButton,Drag,472,426
93.199,93.199,NoButton,Drag,473,426
93.203,93.203,NoButton,Drag,474,425
93.207,93.207,NoButton,Drag,475,425
93.211,93.211,NoButton,Drag,476,425
93.215,93.215,NoButton,Drag,477,424
93.219,93.219,NoButton,Drag,479,424
93.223,93.223,NoButton,Drag,480,424
93.227,93.227,NoButton,Drag,482,424
93.232,93.232,NoButton,Drag,484,424
93.235,93.235,NoButton,Drag,486,423
93.239,93.239,NoButton,Drag,489,423
93.243,93.243,NoButton,Drag,492,423
93.247,93.247,NoButton,Drag,496,422
93.251,93.251,NoButton,Drag,500,421
93.255,93.255,NoButton,Drag,504,421
93.259,93.259,NoButton,Drag,509,420
93.263,93.263,NoButton,Drag,515,420
93.267,93.267,NoButton,Drag,521,419
93.271,93.271,NoButton,Drag,529,418
93.275,93.275,NoButton,Drag,538,417
93.279,93.279,NoButton,Drag,548,416
93.283,93.283,NoButton,Drag,560,415
93.287,93.287,NoButton,Drag,572,414
93.291,93.291,NoButton,Drag,586,414
93.295,93.295,NoButton,Drag,600,414
93.299,93.299,NoButton,Drag,616,413
93.303,93.303,NoButton,Drag,633,412
93.307,93.307,NoButton,Drag,650,411
93.311,93.311,NoButton,Drag,669,409
93.315,93.315,NoButton,Drag,687,407
93.319,93.319,NoButton,Drag,706,405
93.323,93.323,NoButton,Drag,724,403
93.327,93.327,NoButton,Drag,743,401
93.332,93.332,NoButton,Drag,763,399
93.335,93.335,NoButton,Drag,781,398
93.339,93.339,NoButton,Drag,800,395
93.343,93.343,NoButton,Drag,819,393
93.347,93.347,NoButton,Drag,839,391
93.351,93.351,NoButton,Drag,859,388
93.355,93.355,NoButton,Drag,879,386
93.359,93.359,NoButton,Drag,900,384
93.363,93.363,NoButton,Drag,920,381
93.367,93.367,NoButton,Drag,941,378
93.371,93.371,NoButton,Drag,960,375
93.375,93.375,NoButton,Drag,980,370
93.379,93.379,NoButton,Drag,999,366
93.383,93.383,NoButton,Drag,1018,361
93.387,93.387,NoButton,Drag,1038,356
93.391,93.391,NoButton,Drag,1057,351
93.395,93.395,NoButton,Drag,1075,346
93.399,93.399,NoButton,Drag,1094,341
93.403,93.403,NoButton,Drag,1110,337
93.407,93.407,NoButton,Drag,1126,332
93.411,93.411,NoButton,Drag,1142,327
93.415,93.415,NoButton,Drag,1157,321
93.419,93.419,NoButton,Drag,1170,317
93.423,93.423,NoButton,Drag,1182,313
93.427,93.427,NoButton,Drag,1193,309
93.432,93.432,NoButton,Drag,1204,306
93.435,93.435,NoButton,Drag,1214,303
93.437,93.437,NoButton,Drag,1224,300
93.441,93.441,NoButton,Drag,1232,297
93.445,93.445,NoButton,Drag,1238,295
93.449,93.449,NoButton,Drag,1245,294
93.453,93.453,NoButton,Drag,1250,292
93.457,93.457,NoButton,Drag,1255,290
93.461,93.461,NoButton,Drag,1259,288
93.465,93.465,NoButton,Drag,1262,287
93.469,93.469,NoButton,Drag,1265,286
93.473,93.473,NoButton,Drag,1267,285
93.477,93.477,NoButton,Drag,1268,284
93.482,93.482,NoButton,Drag,1269,284
93.485,93.485,NoButton,Drag,1270,283
93.489,93.489,NoButton,Drag,1270,283
93.682,93.682,NoButton,Drag,1271,282
93.685,93.685,NoButton,Drag,1271,282
93.689,93.689,NoButton,Drag,1271,281
93.693,93.693,NoButton,Drag,1271,281
93.697,93.697,NoButton,Drag,1272,280
93.701,93.701,NoButton,Drag,1272,280
93.705,93.705,NoButton,Drag,1273,279
93.709,93.709,NoButton,Drag,1273,279
93.713,93.713,NoButton,Drag,1274,278
93.717,93.717,NoButton,Drag,1274,277
93.721,93.721,NoButton,Drag,1275,276
93.725,93.725,NoButton,Drag,1276,275
93.729,93.729,NoButton,Drag,1277,273
93.734,93.734,NoButton,Drag,1278,272
93.737,93.737,NoButton,Drag,1279,270
93.741,93.741,NoButton,Drag,1280,269
93.745,93.745,NoButton,Drag,1281,267
93.749,93.749,NoButton,Drag,1282,265
93.753,93.753,NoButton,Drag,1284,263
93.757,93.757,NoButton,Drag,1285,261
93.761,93.761,NoButton,Drag,1287,259
93.765,93.765,NoButton,Drag,1289,257
93.769,93.769,NoButton,Drag,1292,254
93.773,93.773,NoButton,Drag,1294,251
93.777,93.777,NoButton,Drag,1297,249
93.781,93.781,NoButton,Drag,1298,246
93.785,93.785,NoButton,Drag,1301,243
93.789,93.789,NoButton,Drag,1303,240
93.793,93.793,NoButton,Drag,1305,237
93.797,93.797,NoButton,Drag,1307,234
93.801,93.801,NoButton,Drag,1309,231
93.805,93.805,NoButton,Drag,1311,228
93.809,93.809,NoButton,Drag,1313,225
93.813,93.813,NoButton,Drag,1315,223
93.817,93.817,NoButton,Drag,1317,219
93.821,93.821,NoButton,Drag,1319,217
93.825,93.825,NoButton,Drag,1321,214
93.829,93.829,NoButton,Drag,1322,211
93.834,93.834,NoButton,Drag,1324,208
93.837,93.837,NoButton,Drag,1326,205
93.841,93.841,NoButton,Drag,1327,202
93.845,93.845,NoButton,Drag,1329,199
93.849,93.849,NoButton,Drag,1330,197
93.853,93.853,NoButton,Drag,1330,194
93.857,93.857,NoButton,Drag,1331,192
93.861,93.861,NoButton,Drag,1332,189
93.865,93.865,NoButton,Drag,1333,186
93.869,93.869,NoButton,Drag,1334,184
93.873,93.873,NoButton,Drag,1335,182
93.877,93.877,NoButton,Drag,1336,180
93.881,93.881,NoButton,Drag,1336,178
93.885,93.885,NoButton,Drag,1337,176
93.889,93.889,NoButton,Drag,1337,174
93.893,93.893,NoButton,Drag,1338,172
93.897,93.897,NoButton,Drag,1338,171
93.901,93.901,NoButton,Drag,1338,169
93.905,93.905,NoButton,Drag,1338,169
93.909,93.909,NoButton,Drag,1338,168
93.913,93.913,NoButton,Drag,1338,167
93.917,93.917,NoButton,Drag,1338,166
93.925,93.925,NoButton,Drag,1338,166
93.929,93.929,Left,Released,1338,166
93.953,93.953,NoButton,Drag,1338,166
93.957,93.957,NoButton,Drag,1338,166
93.969,93.969,NoButton,Drag,1337,166
93.985,93.985,NoButton,Drag,1320,180
94.002,94.002,NoButton,Drag,1290,207
94.019,94.019,NoButton,Drag,1237,255
94.036,94.036,NoButton,Drag,1155,326
94.052,94.052,NoButton,Drag,1086,379
94.069,94.069,NoButton,Drag,1035,421
94.086,94.086,NoButton,Drag,944,496
94.102,94.102,NoButton,Drag,864,559
94.119,94.119,NoButton,Drag,788,617
94.136,94.136,NoButton,Drag,718,669
94.152,94.152,NoButton,Drag,689,695
94.169,94.169,NoButton,Drag,672,712
94.186,94.186,NoButton,Drag,662,722
94.203,94.203,NoButton,Drag,655,730
94.219,94.219,NoButton,Drag,650,736
94.236,94.236,NoButton,Drag,648,739
94.253,94.253,NoButton,Drag,647,741
94.269,94.269,NoButton,Drag,646,744
94.286,94.286,NoButton,Drag,643,749
94.303,94.303,NoButton,Drag,640,755
94.319,94.319,NoButton,Drag,634,764
94.336,94.336,NoButton,Drag,626,773
94.353,94.353,NoButton,Drag,614,783
94.369,94.369,NoButton,Drag,602,792
94.386,94.386,NoButton,Drag,592,799
94.403,94.403,NoButton,Drag,584,803
94.42,94.42,NoButton,Drag,578,805
94.436,94.436,NoButton,Drag,576,806
94.454,94.454,NoButton,Drag,574,806
94.47,94.47,NoButton,Drag,573,807
94.487,94.487,NoButton,Drag,572,807
94.503,94.503,NoButton,Drag,571,808
94.52,94.52,NoButton,Drag,570,808
94.562,94.562,Left,Pressed,570,808
94.649,94.649,NoButton,Drag,571,808
94.654,94.654,NoButton,Drag,571,807
94.657,94.657,NoButton,Drag,572,807
94.661,94.661,NoButton,Drag,573,806
94.665,94.665,NoButton,Drag,576,805
94.669,94.669,NoButton,Drag,578,803
94.673,94.673,NoButton,Drag,581,802
94.677,94.677,NoButton,Drag,585,800
94.681,94.681,NoButton,Drag,590,798
94.685,94.685,NoButton,Drag,595,795
94.689,94.689,NoButton,Drag,601,792
94.693,94.693,NoButton,Drag,609,789
94.697,94.697,NoButton,Drag,616,786
94.701,94.701,NoButton,Drag,625,782
94.705,94.705,NoButton,Drag,636,778
94.709,94.709,NoButton,Drag,646,774
94.713,94.713,NoButton,Drag,658,770
94.717,94.717,NoButton,Drag,671,765
94.721,94.721,NoButton,Drag,684,760
94.725,94.725,NoButton,Drag,696,756
94.729,94.729,NoButton,Drag,709,750
94.733,94.733,NoButton,Drag,723,744
94.737,94.737,NoButton,Drag,737,738
94.741,94.741,NoButton,Drag,750,732
94.745,94.745,NoButton,Drag,764,726
94.749,94.749,NoButton,Drag,778,720
94.753,94.753,NoButton,Drag,793,713
94.757,94.757,NoButton,Drag,809,705
94.761,94.761,NoButton,Drag,823,698
94.765,94.765,NoButton,Drag,837,690
94.769,94.769,NoButton,Drag,851,683
94.773,94.773,NoButton,Drag,866,675
94.777,94.777,NoButton,Drag,880,667
94.781,94.781,NoButton,Drag,893,660
94.785,94.785,NoButton,Drag,907,652
94.789,94.789,NoButton,Drag,921,644
94.793,94.793,NoButton,Drag,935,636
94.797,94.797,NoButton,Drag,947,629
94.801,94.801,NoButton,Drag,961,620
94.805,94.805,NoButton,Drag,974,613
94.809,94.809,NoButton,Drag,986,606
94.813,94.813,NoButton,Drag,999,598
94.817,94.817,NoButton,Drag,1011,589
94.822,94.822,NoButton,Drag,1022,581
94.825,94.825,NoButton,Drag,1033,574
94.829,94.829,NoButton,Drag,1044,566
94.833,94.833,NoButton,Drag,1055,559
94.837,94.837,NoButton,Drag,1065,551
94.841,94.841,NoButton,Drag,1076,543
94.845,94.845,NoButton,Drag,1087,536
94.849,94.849,NoButton,Drag,1099,528
94.853,94.853,NoButton,Drag,1110,520
94.857,94.857,NoButton,Drag,1122,512
94.861,94.861,NoButton,Drag,1133,505
94.865,94.865,NoButton,Drag,1143,498
94.869,94.869,NoButton,Drag,1155,490
94.873,94.873,NoButton,Drag,1165,484
94.877,94.877,NoButton,Drag,1175,477
94.881,94.881,NoButton,Drag,1185,469
94.885,94.885,NoButton,Drag,1195,462
94.889,94.889,NoButton,Drag,1205,455
94.893,94.893,NoButton,Drag,1215,448
94.897,94.897,NoButton,Drag,1224,441
94.901,94.901,NoButton,Drag,1233,434
94.905,94.905,NoButton,Drag,1241,428
94.909,94.909,NoButton,Drag,1249,421
94.913,94.913,NoButton,Drag,1257,416
94.917,94.917,NoButton,Drag,1265,411
94.922,94.922,NoButton,Drag,1272,405
94.925,94.925,NoButton,Drag,1279,400
94.929,94.929,NoButton,Drag,1285,396
94.933,94.933,NoButton,Drag,1291,392
94.937,94.937,NoButton,Drag,1296,388
94.941,94.941,NoButton,Drag,1301,385
94.945,94.945,NoButton,Drag,1305,381
94.949,94.949,NoButton,Drag,1310,377
94.953,94.953,NoButton,Drag,1314,373
94.957,94.957,NoButton,Drag,1317,370
94.961,94.961,NoButton,Drag,1322,366
94.965,94.965,NoButton,Drag,1325,362
94.969,94.969,NoButton,Drag,1329,359
94.973,94.973,NoButton,Drag,1332,357
94.977,94.977,NoButton,Drag,1334,354
94.981,94.981,NoButton,Drag,1337,352
94.985,94.985,NoButton,Drag,1339,349
94.989,94.989,NoButton,Drag,1341,347
94.993,94.993,NoButton,Drag,1344,345
94.997,94.997,NoButton,Drag,1346,342
95.001,95.001,NoButton,Drag,1348,340
95.005,95.005,NoButton,Drag,1351,338
95.009,95.009,NoButton,Drag,1353,336
95.013,95.013,NoButton,Drag,1354,333
95.017,95.017,NoButton,Drag,1356,331
95.022,95.022,NoButton,Drag,1358,328
95.025,95.025,NoButton,Drag,1360,326
95.029,95.029,NoButton,Drag,1362,324
95.033,95.033,NoButton,Drag,1364,321
95.037,95.037,NoButton,Drag,1365,319
95.041,95.041,NoButton,Drag,1367,316
95.045,95.045,NoButton,Drag,1368,314
95.049,95.049,NoButton,Drag,1370,311
95.053,95.053,NoButton,Drag,1371,309
95.057,95.057,NoButton,Drag,1373,307
95.061,95.061,NoButton,Drag,1374,304
95.065,95.065,NoButton,Drag,1376,302
95.069,95.069,NoButton,Drag,1377,299
95.073,95.073,NoButton,Drag,1379,297
95.077,95.077,NoButton,Drag,1380,295
95.081,95.081,NoButton,Drag,1382,292
95.085,95.085,NoButton,Drag,1383,290
95.089,95.089,NoButton,Drag,1385,287
95.093,95.093,NoButton,Drag,1386,285
95.097,95.097,NoButton,Drag,1388,282
95.101,95.101,NoButton,Drag,1389,280
95.105,95.105,NoButton,Drag,1391,278
95.109,95.109,NoButton,Drag,1392,276
95.113,95.113,NoButton,Drag,1394,274
95.117,95.117,NoButton,Drag,1395,272
95.121,95.121,NoButton,Drag,1396,270
95.125,95.125,NoButton,Drag,1397,269
95.129,95.129,NoButton,Drag,1398,267
95.133,95.133,NoButton,Drag,1399,265
95.137,95.137,NoButton,Drag,1400,264
95.141,95.141,NoButton,Drag,1400,262
95.145,95.145,NoButton,Drag,1401,260
95.149,95.149,NoButton,Drag,1401,259
95.153,95.153,NoButton,Drag,1402,258
95.157,95.157,NoButton,Drag,1402,256
95.161,95.161,NoButton,Drag,1402,255
95.165,95.165,NoButton,Drag,1403,254
95.169,95.169,NoButton,Drag,1403,253
95.171,95.171,NoButton,Drag,1403,253
95.175,95.175,NoButton,Drag,1403,252
95.179,95.179,NoButton,Drag,1403,250
95.183,95.183,NoButton,Drag,1403,250
95.187,95.187,NoButton,Drag,1403,249
95.191,95.191,NoButton,Drag,1403,249
95.195,95.195,NoButton,Drag,1402,248
95.199,95.199,NoButton,Drag,1402,248
95.203,95.203,NoButton,Drag,1401,247
95.207,95.207,NoButton,Drag,1401,247
95.211,95.211,NoButton,Drag,1400,246
95.215,95.215,NoButton,Drag,1400,246
95.219,95.219,NoButton,Drag,1399,245
95.223,95.223,NoButton,Drag,1398,245
95.227,95.227,NoButton,Drag,1397,244
95.231,95.231,NoButton,Drag,1396,244
95.235,95.235,NoButton,Drag,1396,243
95.239,95.239,NoButton,Drag,1395,243
95.243,95.243,NoButton,Drag,1394,242
95.247,95.247,NoButton,Drag,1393,242
95.251,95.251,NoButton,Drag,1392,241
95.255,95.255,NoButton,Drag,1390,241
95.259,95.259,NoButton,Drag,1389,241
95.263,95.263,NoButton,Drag,1388,240
95.267,95.267,NoButton,Drag,1387,240
95.272,95.272,NoButton,Drag,1386,239
95.275,95.275,NoButton,Drag,1385,239
95.279,95.279,NoButton,Drag,1384,238
95.283,95.283,NoButton,Drag,1383,238
95.287,95.287,NoButton,Drag,1381,237
95.291,95.291,NoButton,Drag,1380,236
95.295,95.295,NoButton,Drag,1378,235
95.299,95.299,NoButton,Drag,1377,235
95.303,95.303,NoButton,Drag,1375,234
95.307,95.307,NoButton,Drag,1373,233
95.311,95.311,NoButton,Drag,1371,232
95.315,95.315,NoButton,Drag,1370,231
95.319,95.319,NoButton,Drag,1368,230
95.323,95.323,NoButton,Drag,1367,229
95.327,95.327,NoButton,Drag,1365,228
95.331,95.331,NoButton,Drag,1363,227
95.335,95.335,NoButton,Drag,1362,226
95.339,95.339,NoButton,Drag,1361,225
95.343,95.343,NoButton,Drag,1360,225
95.347,95.347,NoButton,Drag,1360,225
95.351,95.351,NoButton,Drag,1359,224
95.355,95.355,NoButton,Drag,1359,224
95.359,95.359,NoButton,Drag,1359,224
95.363,95.363,NoButton,Drag,1358,223
95.367,95.367,NoButton,Drag,1358,223
95.372,95.372,NoButton,Drag,1358,223
95.375,95.375,NoButton,Drag,1358,223
95.379,95.379,NoButton,Drag,1357,222
95.383,95.383,NoButton,Drag,1357,222
95.387,95.387,NoButton,Drag,1356,222
95.391,95.391,NoButton,Drag,1356,222
95.395,95.395,NoButton,Drag,1356,222
95.399,95.399,NoButton,Drag,1355,222
95.403,95.403,NoButton,Drag,1355,222
95.407,95.407,NoButton,Drag,1354,222
95.411,95.411,NoButton,Drag,1353,222
95.415,95.415,NoButton,Drag,1352,222
95.419,95.419,NoButton,Drag,1351,222
95.423,95.423,NoButton,Drag,1350,222
95.427,95.427,NoButton,Drag,1349,222
95.431,95.431,NoButton,Drag,1347,222
95.435,95.435,NoButton,Drag,1345,223
95.439,95.439,NoButton,Drag,1343,224
95.443,95.443,NoButton,Drag,1342,224
95.448,95.448,Left,Released,1342,224
95.448,95.448,NoButton,Drag,1340,225
95.458,95.458,NoButton,Drag,1336,226
95.474,95.474,NoButton,Drag,1326,231
95.491,95.491,NoButton,Drag,1316,238
95.507,95.507,NoButton,Drag,1306,245
95.524,95.524,NoButton,Drag,1292,257
95.54,95.54,NoButton,Drag,1278,267
95.557,95.557,NoButton,Drag,1262,280
95.573,95.573,NoButton,Drag,1238,295
95.59,95.59,NoButton,Drag,1205,311
95.608,95.608,NoButton,Drag,1147,332
95.624,95.624,NoButton,Drag,1083,350
95.64,95.64,NoButton,Drag,1005,362
95.657,95.657,NoButton,Drag,906,372
95.674,95.674,NoButton,Drag,799,377
95.691,95.691,NoButton,Drag,713,379
95.707,95.707,NoButton,Drag,631,382
95.724,95.724,NoButton,Drag,587,386
95.74,95.74,NoButton,Drag,559,393
95.757,95.757,NoButton,Drag,541,398
95.774,95.774,NoButton,Drag,534,403
95.79,95.79,NoButton,Drag,529,407
95.808,95.808,NoButton,Drag,523,412
95.824,95.824,NoButton,Drag,515,420
95.84,95.84,NoButton,Drag,505,426
95.857,95.857,NoButton,Drag,494,431
95.874,95.874,NoButton,Drag,482,433
95.891,95.891,NoButton,Drag,469,436
95.907,95.907,NoButton,Drag,456,438
95.924,95.924,NoButton,Drag,441,439
95.94,95.94,NoButton,Drag,427,437
95.958,95.958,NoButton,Drag,411,433
95.974,95.974,NoButton,Drag,399,428
95.991,95.991,NoButton,Drag,390,423
96.007,96.007,NoButton,Drag,383,417
96.024,96.024,NoButton,Drag,377,413
96.041,96.041,NoButton,Drag,374,410
96.058,96.058,NoButton,Drag,372,408
96.074,96.074,NoButton,Drag,371,408
96.091,96.091,NoButton,Drag,370,407
96.108,96.108,NoButton,Drag,369,407
96.124,96.124,NoButton,Drag,368,407
96.141,96.141,NoButton,Drag,367,407
96.158,96.158,NoButton,Drag,365,408
96.174,96.174,NoButton,Drag,361,410
96.191,96.191,NoButton,Drag,355,413
96.207,96.207,NoButton,Drag,348,416
96.224,96.224,NoButton,Drag,340,419
96.241,96.241,NoButton,Drag,332,421
96.258,96.258,NoButton,Drag,319,424
96.275,96.275,NoButton,Drag,307,427
96.291,96.291,NoButton,Drag,296,428
96.308,96.308,NoButton,Drag,285,429
96.325,96.325,NoButton,Drag,273,430
96.341,96.341,NoButton,Drag,269,429
96.358,96.358,NoButton,Drag,268,429
96.472,96.472,NoButton,Drag,268,429
96.475,96.475,NoButton,Drag,268,429
96.488,96.488,NoButton,Drag,268,429
96.491,96.491,Left,Pressed,268,429
96.492,96.492,NoButton,Drag,269,429
96.495,96.495,NoButton,Drag,269,429
96.499,96.499,NoButton,Drag,269,428
96.507,96.507,NoButton,Drag,269,428
96.519,96.519,NoButton,Drag,270,429
96.527,96.527,NoButton,Drag,270,429
96.551,96.551,NoButton,Drag,270,429
96.555,96.555,NoButton,Drag,270,429
96.559,96.559,NoButton,Drag,271,429
96.563,96.563,NoButton,Drag,271,429
96.567,96.567,NoButton,Drag,271,429
96.572,96.572,NoButton,Drag,271,429
96.575,96.575,NoButton,Drag,272,429
96.579,96.579,NoButton,Drag,272,429
96.584,96.584,NoButton,Drag,272,429
96.587,96.587,NoButton,Drag,273,429
96.591,96.591,NoButton,Drag,274,429
96.595,96.595,NoButton,Drag,275,429
96.599,96.599,NoButton,Drag,276,429
96.603,96.603,NoButton,Drag,277,430
96.608,96.608,NoButton,Drag,278,430
96.611,96.611,NoButton,Drag,281,430
96.615,96.615,NoButton,Drag,283,430
96.619,96.619,NoButton,Drag,285,430
96.624,96.624,NoButton,Drag,288,430
96.627,96.627,NoButton,Drag,291,430
96.631,96.631,NoButton,Drag,295,430
96.635,96.635,NoButton,Drag,299,430
96.639,96.639,NoButton,Drag,304,430
96.643,96.643,NoButton,Drag,309,430
96.647,96.647,NoButton,Drag,316,430
96.651,96.651,NoButton,Drag,323,430
96.655,96.655,NoButton,Drag,330,430
96.659,96.659,NoButton,Drag,339,430
96.663,96.663,NoButton,Drag,348,430
96.667,96.667,NoButton,Drag,357,430
96.671,96.671,NoButton,Drag,367,430
96.675,96.675,NoButton,Drag,378,431
96.679,96.679,NoButton,Drag,388,431
96.683,96.683,NoButton,Drag,399,433
96.687,96.687,NoButton,Drag,412,433
96.691,96.691,NoButton,Drag,425,434
96.695,96.695,NoButton,Drag,436,435
96.699,96.699,NoButton,Drag,449,436
96.703,96.703,NoButton,Drag,463,437
96.707,96.707,NoButton,Drag,476,438
96.711,96.711,NoButton,Drag,489,438
96.715,96.715,NoButton,Drag,503,440
96.719,96.719,NoButton,Drag,516,440
96.724,96.724,NoButton,Drag,530,441
96.727,96.727,NoButton,Drag,544,442
96.731,96.731,NoButton,Drag,556,443
96.735,96.735,NoButton,Drag,569,443
96.739,96.739,NoButton,Drag,583,443
96.743,96.743,NoButton,Drag,598,443
96.747,96.747,NoButton,Drag,611,443
96.751,96.751,NoButton,Drag,625,443
96.755,96.755,NoButton,Drag,639,444
96.759,96.759,NoButton,Drag,652,444
96.763,96.763,NoButton,Drag,664,444
96.767,96.767,NoButton,Drag,678,444
96.771,96.771,NoButton,Drag,691,444
96.775,96.775,NoButton,Drag,704,444
96.779,96.779,NoButton,Drag,716,444
96.783,96.783,NoButton,Drag,729,444
96.787,96.787,NoButton,Drag,741,443
96.791,96.791,NoButton,Drag,752,442
96.795,96.795,NoButton,Drag,764,442
96.799,96.799,NoButton,Drag,775,441
96.803,96.803,NoButton,Drag,785,440
96.807,96.807,NoButton,Drag,796,439
96.811,96.811,NoButton,Drag,807,438
96.815,96.815,NoButton,Drag,817,437
96.819,96.819,NoButton,Drag,825,437
96.824,96.824,NoButton,Drag,834,436
96.827,96.827,NoButton,Drag,842,436
96.831,96.831,NoButton,Drag,851,435
96.835,96.835,NoButton,Drag,859,435
96.839,96.839,NoButton,Drag,868,435
96.843,96.843,NoButton,Drag,876,435
96.847,96.847,NoButton,Drag,884,435
96.851,96.851,NoButton,Drag,893,434
96.855,96.855,NoButton,Drag,901,434
96.859,96.859,NoButton,Drag,910,434
96.863,96.863,NoButton,Drag,918,433
96.867,96.867,NoButton,Drag,926,433
96.871,96.871,NoButton,Drag,934,433
96.875,96.875,NoButton,Drag,940,432
96.879,96.879,NoButton,Drag,946,432
96.883,96.883,NoButton,Drag,953,432
96.887,96.887,NoButton,Drag,958,431
96.891,96.891,NoButton,Drag,963,430
96.895,96.895,NoButton,Drag,968,429
96.899,96.899,NoButton,Drag,973,428
96.901,96.901,NoButton,Drag,977,427
96.905,96.905,NoButton,Drag,981,426
96.909,96.909,NoButton,Drag,985,425
96.913,96.913,NoButton,Drag,990,425
96.917,96.917,NoButton,Drag,994,424
96.921,96.921,NoButton,Drag,998,423
96.925,96.925,NoButton,Drag,1001,423
96.929,96.929,NoButton,Drag,1005,422
96.933,96.933,NoButton,Drag,1009,421
96.937,96.937,NoButton,Drag,1012,420
96.941,96.941,NoButton,Drag,1016,419
96.945,96.945,NoButton,Drag,1020,418
96.949,96.949,NoButton,Drag,1024,418
96.953,96.953,NoButton,Drag,1028,417
96.957,96.957,NoButton,Drag,1033,416
96.961,96.961,NoButton,Drag,1038,416
96.965,96.965,NoButton,Drag,1044,415
96.969,96.969,NoButton,Drag,1050,415
96.974,96.974,NoButton,Drag,1057,415
96.977,96.977,NoButton,Drag,1062,414
96.981,96.981,NoButton,Drag,1069,414
96.987,96.987,NoButton,Drag,1075,413
96.989,96.989,NoButton,Drag,1081,413
96.993,96.993,NoButton,Drag,1086,412
96.997,96.997,NoButton,Drag,1091,412
97.001,97.001,NoButton,Drag,1096,412
97.005,97.005,NoButton,Drag,1101,411
97.009,97.009,NoButton,Drag,1107,411
97.013,97.013,NoButton,Drag,1112,410
97.017,97.017,NoButton,Drag,1117,410
97.021,97.021,NoButton,Drag,1122,409
97.025,97.025,NoButton,Drag,1128,409
97.029,97.029,NoButton,Drag,1134,408
97.033,97.033,NoButton,Drag,1140,408
97.037,97.037,NoButton,Drag,1146,408
97.041,97.041,NoButton,Drag,1151,408
97.045,97.045,NoButton,Drag,1156,407
97.049,97.049,NoButton,Drag,1162,407
97.053,97.053,NoButton,Drag,1168,406
97.057,97.057,NoButton,Drag,1173,406
97.061,97.061,NoButton,Drag,1178,406
97.065,97.065,NoButton,Drag,1182,406
97.069,97.069,NoButton,Drag,1186,406
97.074,97.074,NoButton,Drag,1189,406
97.077,97.077,NoButton,Drag,1193,405
97.081,97.081,NoButton,Drag,1197,405
97.085,97.085,NoButton,Drag,1200,404
97.089,97.089,NoButton,Drag,1204,404
97.093,97.093,NoButton,Drag,1207,404
97.097,97.097,NoButton,Drag,1210,404
97.101,97.101,NoButton,Drag,1213,404
97.105,97.105,NoButton,Drag,1216,404
97.109,97.109,NoButton,Drag,1219,404
97.113,97.113,NoButton,Drag,1222,404
97.117,97.117,NoButton,Drag,1225,404
97.121,97.121,NoButton,Drag,1228,404
97.125,97.125,NoButton,Drag,1230,404
97.129,97.129,NoButton,Drag,1232,404
97.133,97.133,NoButton,Drag,1234,404
97.137,97.137,NoButton,Drag,1237,404
97.141,97.141,NoButton,Drag,1239,404
97.145,97.145,NoButton,Drag,1241,404
97.149,97.149,NoButton,Drag,1242,404
97.153,97.153,NoButton,Drag,1244,404
97.157,97.157,NoButton,Drag,1245,404
97.161,97.161,NoButton,Drag,1246,405
97.165,97.165,NoButton,Drag,1248,405
97.169,97.169,NoButton,Drag,1249,405
97.174,97.174,NoButton,Drag,1251,405
97.177,97.177,NoButton,Drag,1252,406
97.181,97.181,NoButton,Drag,1253,406
97.185,97.185,NoButton,Drag,1254,406
97.189,97.189,NoButton,Drag,1255,407
97.193,97.193,NoButton,Drag,1257,407
97.197,97.197,NoButton,Drag,1258,408
97.201,97.201,NoButton,Drag,1259,409
97.205,97.205,NoButton,Drag,1260,409
97.209,97.209,NoButton,Drag,1262,410
97.213,97.213,NoButton,Drag,1263,411
97.217,97.217,NoButton,Drag,1264,411
97.221,97.221,NoButton,Drag,1265,412
97.225,97.225,NoButton,Drag,1266,413
97.229,97.229,NoButton,Drag,1267,413
97.233,97.233,NoButton,Drag,1268,414
97.237,97.237,NoButton,Drag,1268,414
97.241,97.241,NoButton,Drag,1269,415
97.245,97.245,NoButton,Drag,1269,415
97.249,97.249,NoButton,Drag,1270,416
97.253,97.253,NoButton,Drag,1271,416
97.257,97.257,NoButton,Drag,1271,417
97.261,97.261,NoButton,Drag,1272,417
97.265,97.265,NoButton,Drag,1272,418
97.269,97.269,NoButton,Drag,1273,418
97.277,97.277,NoButton,Drag,1273,418
97.285,97.285,NoButton,Drag,1273,419
97.289,97.289,NoButton,Drag,1273,419
97.293,97.293,NoButton,Drag,1273,419
97.297,97.297,NoButton,Drag,1273,419
97.301,97.301,NoButton,Drag,1273,420
97.305,97.305,NoButton,Drag,1273,420
97.309,97.309,NoButton,Drag,1273,420
97.313,97.313,NoButton,Drag,1274,421
97.317,97.317,NoButton,Drag,1274,422
97.321,97.321,NoButton,Drag,1274,422
97.325,97.325,NoButton,Drag,1274,423
97.329,97.329,NoButton,Drag,1274,423
97.333,97.333,NoButton,Drag,1274,424
97.337,97.337,NoButton,Drag,1274,425
97.341,97.341,NoButton,Drag,1275,425
97.345,97.345,NoButton,Drag,1275,427
97.349,97.349,NoButton,Drag,1275,427
97.353,97.353,NoButton,Drag,1275,428
97.357,97.357,NoButton,Drag,1275,429
97.361,97.361,NoButton,Drag,1275,430
97.365,97.365,NoButton,Drag,1276,431
97.369,97.369,NoButton,Drag,1276,432
97.374,97.374,NoButton,Drag,1276,433
97.377,97.377,NoButton,Drag,1277,434
97.381,97.381,NoButton,Drag,1277,435
97.385,97.385,NoButton,Drag,1277,436
97.389,97.389,NoButton,Drag,1277,437
97.393,97.393,NoButton,Drag,1277,437
97.397,97.397,NoButton,Drag,1277,438
97.401,97.401,NoButton,Drag,1278,438
97.405,97.405,NoButton,Drag,1278,438
97.409,97.409,NoButton,Drag,1278,439
97.417,97.417,NoButton,Drag,1278,439
97.437,97.437,NoButton,Drag,1278,439
97.532,97.532,Left,Released,1278,439
97.543,97.543,NoButton,Drag,1278,439
97.559,97.559,NoButton,Drag,1276,439
97.576,97.576,NoButton,Drag,1268,439
97.593,97.593,NoButton,Drag,1253,439
97.609,97.609,NoButton,Drag,1231,437
97.626,97.626,NoButton,Drag,1196,434
97.643,97.643,NoButton,Drag,1151,429
97.659,97.659,NoButton,Drag,1098,420
97.676,97.676,NoButton,Drag,1021,411
97.693,97.693,NoButton,Drag,949,404
97.71,97.71,NoButton,Drag,878,398
97.726,97.726,NoButton,Drag,807,395
97.742,97.742,NoButton,Drag,732,394
97.759,97.759,NoButton,Drag,664,392
97.776,97.776,NoButton,Drag,594,390
97.793,97.793,NoButton,Drag,552,390
97.81,97.81,NoButton,Drag,523,389
97.827,97.827,NoButton,Drag,503,387
97.843,97.843,NoButton,Drag,490,385
97.859,97.859,NoButton,Drag,478,382
97.877,97.877,NoButton,Drag,470,380
97.894,97.894,NoButton,Drag,460,378
97.91,97.91,NoButton,Drag,452,374
97.927,97.927,NoButton,Drag,443,370
97.944,97.944,NoButton,Drag,435,365
97.961,97.961,NoButton,Drag,424,360
97.977,97.977,NoButton,Drag,412,354
97.994,97.994,NoButton,Drag,402,348
98.011,98.011,NoButton,Drag,391,342
98.028,98.028,NoButton,Drag,376,335
98.044,98.044,NoButton,Drag,365,329
98.061,98.061,NoButton,Drag,354,322
98.077,98.077,NoButton,Drag,348,319
98.094,98.094,NoButton,Drag,347,317
98.112,98.112,NoButton,Drag,344,315
98.129,98.129,NoButton,Drag,342,314
98.145,98.145,NoButton,Drag,338,311
98.162,98.162,NoButton,Drag,328,305
98.178,98.178,NoButton,Drag,317,299
98.195,98.195,NoButton,Drag,304,292
98.211,98.211,NoButton,Drag,293,286
98.228,98.228,NoButton,Drag,285,282
98.245,98.245,NoButton,Drag,277,278
98.261,98.261,NoButton,Drag,272,276
98.279,98.279,NoButton,Drag,271,276
98.362,98.362,Left,Pressed,271,276
98.409,98.409,NoButton,Drag,271,276
98.413,98.413,NoButton,Drag,271,276
98.417,98.417,NoButton,Drag,271,276
98.421,98.421,NoButton,Drag,271,276
98.425,98.425,NoButton,Drag,271,277
98.429,98.429,NoButton,Drag,272,277
98.433,98.433,NoButton,Drag,272,277
98.437,98.437,NoButton,Drag,272,277
98.453,98.453,NoButton,Drag,272,277
98.457,98.457,NoButton,Drag,272,278
98.461,98.461,NoButton,Drag,272,278
98.465,98.465,NoButton,Drag,273,279
98.469,98.469,NoButton,Drag,273,279
98.473,98.473,NoButton,Drag,274,280
98.477,98.477,NoButton,Drag,275,280
98.481,98.481,NoButton,Drag,276,281
98.485,98.485,NoButton,Drag,277,281
98.489,98.489,NoButton,Drag,278,282
98.493,98.493,NoButton,Drag,280,284
98.497,98.497,NoButton,Drag,283,285
98.501,98.501,NoButton,Drag,285,287
98.505,98.505,NoButton,Drag,289,288
98.509,98.509,NoButton,Drag,292,290
98.514,98.514,NoButton,Drag,296,293
98.517,98.517,NoButton,Drag,301,294
98.521,98.521,NoButton,Drag,308,297
98.525,98.525,NoButton,Drag,316,300
98.529,98.529,NoButton,Drag,325,304
98.533,98.533,NoButton,Drag,334,306
98.537,98.537,NoButton,Drag,345,310
98.541,98.541,NoButton,Drag,355,314
98.545,98.545,NoButton,Drag,367,317
98.549,98.549,NoButton,Drag,381,321
98.553,98.553,NoButton,Drag,397,327
98.557,98.557,NoButton,Drag,413,332
98.562,98.562,NoButton,Drag,429,338
98.565,98.565,NoButton,Drag,448,344
98.569,98.569,NoButton,Drag,467,349
98.573,98.573,NoButton,Drag,486,355
98.577,98.577,NoButton,Drag,504,360
98.581,98.581,NoButton,Drag,523,365
98.585,98.585,NoButton,Drag,542,371
98.589,98.589,NoButton,Drag,561,377
98.593,98.593,NoButton,Drag,579,383
98.597,98.597,NoButton,Drag,598,388
98.601,98.601,NoButton,Drag,616,393
98.605,98.605,NoButton,Drag,635,398
98.609,98.609,NoButton,Drag,653,403
98.614,98.614,NoButton,Drag,669,407
98.617,98.617,NoButton,Drag,687,412
98.621,98.621,NoButton,Drag,705,416
98.625,98.625,NoButton,Drag,722,421
98.63,98.63,NoButton,Drag,738,425
98.633,98.633,NoButton,Drag,754,428
98.635,98.635,NoButton,Drag,767,432
98.639,98.639,NoButton,Drag,780,436
98.643,98.643,NoButton,Drag,793,439
98.647,98.647,NoButton,Drag,804,443
98.651,98.651,NoButton,Drag,817,447
98.655,98.655,NoButton,Drag,829,450
98.659,98.659,NoButton,Drag,841,453
98.663,98.663,NoButton,Drag,851,456
98.667,98.667,NoButton,Drag,861,459
98.671,98.671,NoButton,Drag,870,461
98.675,98.675,NoButton,Drag,879,464
98.679,98.679,NoButton,Drag,888,466
98.683,98.683,NoButton,Drag,895,468
98.687,98.687,NoButton,Drag,902,470
98.691,98.691,NoButton,Drag,908,472
98.695,98.695,NoButton,Drag,915,473
98.699,98.699,NoButton,Drag,921,475
98.703,98.703,NoButton,Drag,927,476
98.707,98.707,NoButton,Drag,933,477
98.714,98.714,NoButton,Drag,938,479
98.715,98.715,NoButton,Drag,943,480
98.719,98.719,NoButton,Drag,948,481
98.723,98.723,NoButton,Drag,952,482
98.727,98.727,NoButton,Drag,957,483
98.731,98.731,NoButton,Drag,962,484
98.735,98.735,NoButton,Drag,966,484
98.739,98.739,NoButton,Drag,971,485
98.743,98.743,NoButton,Drag,976,486
98.747,98.747,NoButton,Drag,981,487
98.751,98.751,NoButton,Drag,986,487
98.755,98.755,NoButton,Drag,990,488
98.759,98.759,NoButton,Drag,995,489
98.763,98.763,NoButton,Drag,999,490
98.767,98.767,NoButton,Drag,1003,490
98.771,98.771,NoButton,Drag,1008,491
98.775,98.775,NoButton,Drag,1013,491
98.779,98.779,NoButton,Drag,1018,492
98.783,98.783,NoButton,Drag,1022,492
98.787,98.787,NoButton,Drag,1027,492
98.791,98.791,NoButton,Drag,1032,493
98.795,98.795,NoButton,Drag,1037,493
98.799,98.799,NoButton,Drag,1042,493
98.803,98.803,NoButton,Drag,1047,494
98.807,98.807,NoButton,Drag,1052,494
98.811,98.811,NoButton,Drag,1058,494
98.815,98.815,NoButton,Drag,1064,494
98.819,98.819,NoButton,Drag,1071,494
98.823,98.823,NoButton,Drag,1078,495
98.827,98.827,NoButton,Drag,1084,495
98.831,98.831,NoButton,Drag,1092,495
98.835,98.835,NoButton,Drag,1099,495
98.839,98.839,NoButton,Drag,1107,495
98.843,98.843,NoButton,Drag,1116,495
98.847,98.847,NoButton,Drag,1124,495
98.851,98.851,NoButton,Drag,1133,495
98.855,98.855,NoButton,Drag,1142,495
98.859,98.859,NoButton,Drag,1151,495
98.864,98.864,NoButton,Drag,1160,495
98.867,98.867,NoButton,Drag,1168,495
98.871,98.871,NoButton,Drag,1176,495
98.875,98.875,NoButton,Drag,1184,495
98.879,98.879,NoButton,Drag,1191,494
98.883,98.883,NoButton,Drag,1197,494
98.887,98.887,NoButton,Drag,1203,493
98.891,98.891,NoButton,Drag,1209,492
98.895,98.895,NoButton,Drag,1214,492
98.899,98.899,NoButton,Drag,1220,491
98.903,98.903,NoButton,Drag,1224,490
98.907,98.907,NoButton,Drag,1228,490
98.911,98.911,NoButton,Drag,1233,489
98.915,98.915,NoButton,Drag,1238,488
98.919,98.919,NoButton,Drag,1242,487
98.923,98.923,NoButton,Drag,1246,487
98.927,98.927,NoButton,Drag,1250,486
98.931,98.931,NoButton,Drag,1253,485
98.935,98.935,NoButton,Drag,1257,484
98.939,98.939,NoButton,Drag,1260,484
98.943,98.943,NoButton,Drag,1262,483
98.947,98.947,NoButton,Drag,1265,482
98.951,98.951,NoButton,Drag,1267,482
98.955,98.955,NoButton,Drag,1269,481
98.959,98.959,NoButton,Drag,1271,480
98.963,98.963,NoButton,Drag,1273,480
98.967,98.967,NoButton,Drag,1275,479
98.971,98.971,NoButton,Drag,1276,478
98.975,98.975,NoButton,Drag,1279,478
98.979,98.979,NoButton,Drag,1281,477
98.983,98.983,NoButton,Drag,1282,476
98.987,98.987,NoButton,Drag,1284,475
98.991,98.991,NoButton,Drag,1286,474
98.995,98.995,NoButton,Drag,1287,473
98.999,98.999,NoButton,Drag,1288,473
99.003,99.003,NoButton,Drag,1289,472
99.007,99.007,NoButton,Drag,1291,471
99.011,99.011,NoButton,Drag,1292,470
99.015,99.015,NoButton,Drag,1294,469
99.019,99.019,NoButton,Drag,1295,468
99.023,99.023,NoButton,Drag,1296,467
99.027,99.027,NoButton,Drag,1298,466
99.031,99.031,NoButton,Drag,1299,465
99.035,99.035,NoButton,Drag,1301,464
99.039,99.039,NoButton,Drag,1302,463
99.043,99.043,NoButton,Drag,1303,463
99.047,99.047,NoButton,Drag,1304,462
99.051,99.051,NoButton,Drag,1305,461
99.055,99.055,NoButton,Drag,1306,461
99.059,99.059,NoButton,Drag,1307,460
99.064,99.064,NoButton,Drag,1308,460
99.067,99.067,NoButton,Drag,1308,459
99.071,99.071,NoButton,Drag,1309,459
99.075,99.075,NoButton,Drag,1309,459
99.091,99.091,NoButton,Drag,1309,458
99.095,99.095,NoButton,Drag,1309,458
99.099,99.099,NoButton,Drag,1309,458
99.111,99.111,NoButton,Drag,1309,458
99.115,99.115,NoButton,Drag,1309,457
99.119,99.119,NoButton,Drag,1309,457
99.123,99.123,NoButton,Drag,1309,456
99.127,99.127,NoButton,Drag,1309,456
99.131,99.131,NoButton,Drag,1308,455
99.135,99.135,NoButton,Drag,1308,454
99.139,99.139,NoButton,Drag,1307,453
99.143,99.143,NoButton,Drag,1306,453
99.147,99.147,NoButton,Drag,1305,452
99.151,99.151,NoButton,Drag,1303,450
99.155,99.155,NoButton,Drag,1302,449
99.159,99.159,NoButton,Drag,1299,448
99.164,99.164,NoButton,Drag,1297,446
99.168,99.168,Left,Released,1297,446
99.168,99.168,NoButton,Drag,1293,445
99.183,99.183,NoButton,Drag,1279,440
99.198,99.198,NoButton,Drag,1251,432
99.216,99.216,NoButton,Drag,1199,417
99.232,99.232,NoButton,Drag,1134,402
99.249,99.249,NoButton,Drag,1053,381
99.265,99.265,NoButton,Drag,913,352
99.282,99.282,NoButton,Drag,803,329
99.298,99.298,NoButton,Drag,716,304
99.315,99.315,NoButton,Drag,639,281
99.332,99.332,NoButton,Drag,579,261
99.349,99.349,NoButton,Drag,526,243
99.366,99.366,NoButton,Drag,470,224
99.382,99.382,NoButton,Drag,430,207
99.399,99.399,NoButton,Drag,396,189
99.415,99.415,NoButton,Drag,366,171
99.432,99.432,NoButton,Drag,334,151
99.449,99.449,NoButton,Drag,303,132
99.465,99.465,NoButton,Drag,273,112
99.482,99.482,NoButton,Drag,263,104
99.499,99.499,NoButton,Drag,263,103
99.515,99.515,NoButton,Drag,263,101
99.532,99.532,NoButton,Drag,263,100
99.549,99.549,NoButton,Drag,264,99
99.565,99.565,NoButton,Drag,264,98
99.582,99.582,NoButton,Drag,264,98
99.599,99.599,NoButton,Drag,262,98
99.615,99.615,NoButton,Drag,257,98
99.632,99.632,NoButton,Drag,246,98
99.649,99.649,NoButton,Drag,230,98
99.666,99.666,NoButton,Drag,203,96
99.682,99.682,NoButton,Drag,181,95
99.699,99.699,NoButton,Drag,164,95
99.716,99.716,NoButton,Drag,153,95
99.732,99.732,NoButton,Drag,149,96
99.75,99.75,NoButton,Drag,148,97
99.8,99.8,NoButton,Drag,148,97
99.808,99.808,NoButton,Drag,148,97
99.823,99.823,NoButton,Drag,148,97
99.843,99.843,NoButton,Drag,148,97
99.851,99.851,NoButton,Drag,148,97
99.866,99.866,NoButton,Drag,148,98
99.888,99.888,NoButton,Drag,148,98
99.9,99.9,NoButton,Drag,148,98
99.916,99.916,NoButton,Drag,147,100
99.933,99.933,NoButton,Drag,144,102
99.949,99.949,NoButton,Drag,141,105
99.966,99.966,NoButton,Drag,136,108
99.983,99.983,NoButton,Drag,128,111
100,100,NoButton,Drag,113,113
100.016,100.016,NoButton,Drag,102,113
100.033,100.033,NoButton,Drag,95,113
100.049,100.049,NoButton,Drag,93,112
100.148,100.148,Left,Pressed,93,112
100.232,100.232,NoButton,Drag,93,112
100.235,100.235,NoButton,Drag,93,112
100.239,100.239,NoButton,Drag,93,113
100.243,100.243,NoButton,Drag,93,113
100.247,100.247,NoButton,Drag,94,114
100.251,100.251,NoButton,Drag,95,114
100.255,100.255,NoButton,Drag,96,116
100.259,100.259,NoButton,Drag,97,117
100.263,100.263,NoButton,Drag,98,118
100.268,100.268,NoButton,Drag,99,120
100.271,100.271,NoButton,Drag,101,122
100.275,100.275,NoButton,Drag,103,124
100.279,100.279,NoButton,Drag,105,126
100.284,100.284,NoButton,Drag,108,128
100.287,100.287,NoButton,Drag,112,131
100.291,100.291,NoButton,Drag,116,134
100.295,100.295,NoButton,Drag,120,137
100.299,100.299,NoButton,Drag,124,140
100.303,100.303,NoButton,Drag,128,143
100.307,100.307,NoButton,Drag,134,147
100.311,100.311,NoButton,Drag,140,151
100.315,100.315,NoButton,Drag,147,156
100.319,100.319,NoButton,Drag,154,161
100.323,100.323,NoButton,Drag,161,167
100.327,100.327,NoButton,Drag,170,173
100.331,100.331,NoButton,Drag,179,179
100.335,100.335,NoButton,Drag,190,185
100.339,100.339,NoButton,Drag,200,192
100.343,100.343,NoButton,Drag,210,199
100.347,100.347,NoButton,Drag,220,207
100.351,100.351,NoButton,Drag,232,215
100.355,100.355,NoButton,Drag,244,222
100.359,100.359,NoButton,Drag,255,229
100.363,100.363,NoButton,Drag,266,237
100.365,100.365,NoButton,Drag,276,245
100.369,100.369,NoButton,Drag,285,253
100.375,100.375,NoButton,Drag,294,261
100.377,100.377,NoButton,Drag,304,269
100.381,100.381,NoButton,Drag,314,277
100.385,100.385,NoButton,Drag,322,284
100.389,100.389,NoButton,Drag,331,292
100.393,100.393,NoButton,Drag,339,300
100.397,100.397,NoButton,Drag,347,307
100.401,100.401,NoButton,Drag,354,315
100.405,100.405,NoButton,Drag,362,322
100.409,100.409,NoButton,Drag,370,330
100.413,100.413,NoButton,Drag,378,338
100.417,100.417,NoButton,Drag,385,346
100.421,100.421,NoButton,Drag,393,353
100.425,100.425,NoButton,Drag,400,360
100.429,100.429,NoButton,Drag,408,368
100.434,100.434,NoButton,Drag,416,376
100.437,100.437,NoButton,Drag,424,383
100.441,100.441,NoButton,Drag,431,391
100.445,100.445,NoButton,Drag,439,399
100.449,100.449,NoButton,Drag,447,407
100.453,100.453,NoButton,Drag,455,414
100.457,100.457,NoButton,Drag,464,422
100.461,100.461,NoButton,Drag,474,429
100.465,100.465,NoButton,Drag,484,438
100.469,100.469,NoButton,Drag,494,445
100.473,100.473,NoButton,Drag,506,454
100.477,100.477,NoButton,Drag,518,462
100.481,100.481,NoButton,Drag,531,470
100.485,100.485,NoButton,Drag,544,478
100.489,100.489,NoButton,Drag,557,486
100.493,100.493,NoButton,Drag,570,494
100.497,100.497,NoButton,Drag,584,503
100.501,100.501,NoButton,Drag,598,511
100.505,100.505,NoButton,Drag,612,519
100.509,100.509,NoButton,Drag,624,526
100.513,100.513,NoButton,Drag,636,533
100.517,100.517,NoButton,Drag,650,541
100.521,100.521,NoButton,Drag,662,547
100.525,100.525,NoButton,Drag,675,554
100.529,100.529,NoButton,Drag,687,560
100.534,100.534,NoButton,Drag,701,566
100.537,100.537,NoButton,Drag,713,570
100.541,100.541,NoButton,Drag,725,575
100.545,100.545,NoButton,Drag,737,580
100.549,100.549,NoButton,Drag,748,585
100.553,100.553,NoButton,Drag,760,589
100.557,100.557,NoButton,Drag,772,593
100.561,100.561,NoButton,Drag,785,598
100.565,100.565,NoButton,Drag,797,603
100.569,100.569,NoButton,Drag,809,606
100.573,100.573,NoButton,Drag,821,611
100.577,100.577,NoButton,Drag,832,614
100.581,100.581,NoButton,Drag,844,619
100.585,100.585,NoButton,Drag,855,623
100.589,100.589,NoButton,Drag,866,627
100.593,100.593,NoButton,Drag,876,631
100.597,100.597,NoButton,Drag,885,635
100.601,100.601,NoButton,Drag,894,639
100.605,100.605,NoButton,Drag,903,642
100.609,100.609,NoButton,Drag,912,646
100.613,100.613,NoButton,Drag,920,649
100.617,100.617,NoButton,Drag,928,652
100.621,100.621,NoButton,Drag,934,655
100.625,100.625,NoButton,Drag,940,657
100.629,100.629,NoButton,Drag,947,660
100.634,100.634,NoButton,Drag,953,662
100.637,100.637,NoButton,Drag,960,665
100.641,100.641,NoButton,Drag,965,668
100.645,100.645,NoButton,Drag,970,670
100.649,100.649,NoButton,Drag,975,673
100.653,100.653,NoButton,Drag,980,675
100.657,100.657,NoButton,Drag,985,678
100.661,100.661,NoButton,Drag,989,680
100.665,100.665,NoButton,Drag,994,683
100.669,100.669,NoButton,Drag,999,686
100.673,100.673,NoButton,Drag,1004,689
100.677,100.677,NoButton,Drag,1009,691
100.681,100.681,NoButton,Drag,1013,694
100.685,100.685,NoButton,Drag,1018,696
100.689,100.689,NoButton,Drag,1023,699
100.693,100.693,NoButton,Drag,1027,701
100.697,100.697,NoButton,Drag,1033,703
100.701,100.701,NoButton,Drag,1038,706
100.705,100.705,NoButton,Drag,1042,708
100.709,100.709,NoButton,Drag,1047,710
100.713,100.713,NoButton,Drag,1051,712
100.717,100.717,NoButton,Drag,1054,714
100.721,100.721,NoButton,Drag,1058,716
100.725,100.725,NoButton,Drag,1061,718
100.729,100.729,NoButton,Drag,1064,719
100.734,100.734,NoButton,Drag,1067,721
100.737,100.737,NoButton,Drag,1072,722
100.741,100.741,NoButton,Drag,1076,723
100.745,100.745,NoButton,Drag,1080,725
100.749,100.749,NoButton,Drag,1085,726
100.753,100.753,NoButton,Drag,1090,727
100.757,100.757,NoButton,Drag,1095,729
100.761,100.761,NoButton,Drag,1099,730
100.765,100.765,NoButton,Drag,1105,731
100.769,100.769,NoButton,Drag,1112,733
100.773,100.773,NoButton,Drag,1117,734
100.777,100.777,NoButton,Drag,1123,735
100.781,100.781,NoButton,Drag,1128,736
100.785,100.785,NoButton,Drag,1133,737
100.789,100.789,NoButton,Drag,1138,737
100.793,100.793,NoButton,Drag,1143,737
100.797,100.797,NoButton,Drag,1148,737
100.801,100.801,NoButton,Drag,1152,737
100.805,100.805,NoButton,Drag,1156,737
100.809,100.809,NoButton,Drag,1159,738
100.813,100.813,NoButton,Drag,1163,738
100.82,100.82,NoButton,Drag,1166,738
100.821,100.821,NoButton,Drag,1169,738
100.825,100.825,NoButton,Drag,1172,738
100.829,100.829,NoButton,Drag,1175,738
100.834,100.834,NoButton,Drag,1178,738
100.837,100.837,NoButton,Drag,1181,738
100.841,100.841,NoButton,Drag,1183,738
100.845,100.845,NoButton,Drag,1186,738
100.849,100.849,NoButton,Drag,1188,737
100.853,100.853,NoButton,Drag,1191,737
100.857,100.857,NoButton,Drag,1193,736
100.861,100.861,NoButton,Drag,1196,736
100.865,100.865,NoButton,Drag,1199,735
100.869,100.869,NoButton,Drag,1202,734
100.873,100.873,NoButton,Drag,1204,733
100.877,100.877,NoButton,Drag,1207,733
100.881,100.881,NoButton,Drag,1210,732
100.885,100.885,NoButton,Drag,1213,731
100.889,100.889,NoButton,Drag,1216,730
100.893,100.893,NoButton,Drag,1218,730
100.897,100.897,NoButton,Drag,1221,729
100.901,100.901,NoButton,Drag,1223,728
100.905,100.905,NoButton,Drag,1224,728
100.909,100.909,NoButton,Drag,1226,727
100.913,100.913,NoButton,Drag,1228,727
100.917,100.917,NoButton,Drag,1229,726
100.921,100.921,NoButton,Drag,1230,726
100.925,100.925,NoButton,Drag,1231,725
100.929,100.929,NoButton,Drag,1232,724
100.934,100.934,NoButton,Drag,1233,724
100.937,100.937,NoButton,Drag,1234,724
100.941,100.941,NoButton,Drag,1235,723
100.943,100.943,NoButton,Drag,1236,722
100.947,100.947,NoButton,Drag,1237,722
100.951,100.951,NoButton,Drag,1238,721
100.955,100.955,NoButton,Drag,1239,721
100.959,100.959,NoButton,Drag,1240,720
100.963,100.963,NoButton,Drag,1241,719
100.967,100.967,NoButton,Drag,1242,719
100.971,100.971,NoButton,Drag,1242,718
100.975,100.975,NoButton,Drag,1243,718
100.979,100.979,NoButton,Drag,1244,717
100.984,100.984,NoButton,Drag,1245,717
100.987,100.987,NoButton,Drag,1247,716
100.991,100.991,NoButton,Drag,1248,715
100.995,100.995,NoButton,Drag,1250,714
100.999,100.999,NoButton,Drag,1252,713
101.003,101.003,NoButton,Drag,1253,712
101.007,101.007,NoButton,Drag,1255,711
101.011,101.011,NoButton,Drag,1256,710
101.015,101.015,NoButton,Drag,1257,710
101.019,101.019,NoButton,Drag,1258,709
101.023,101.023,NoButton,Drag,1259,708
101.027,101.027,NoButton,Drag,1260,708
101.031,101.031,NoButton,Drag,1261,707
101.035,101.035,NoButton,Drag,1262,706
101.039,101.039,NoButton,Drag,1263,706
101.043,101.043,NoButton,Drag,1265,705
101.047,101.047,NoButton,Drag,1267,704
101.051,101.051,NoButton,Drag,1268,703
101.055,101.055,NoButton,Drag,1270,702
101.061,101.061,NoButton,Drag,1272,701
101.063,101.063,NoButton,Drag,1274,700
101.067,101.067,NoButton,Drag,1276,700
101.071,101.071,NoButton,Drag,1278,699
101.075,101.075,NoButton,Drag,1280,698
101.079,101.079,NoButton,Drag,1281,698
101.084,101.084,NoButton,Drag,1283,697
101.087,101.087,NoButton,Drag,1284,697
101.091,101.091,NoButton,Drag,1285,696
101.095,101.095,NoButton,Drag,1287,696
101.099,101.099,NoButton,Drag,1288,695
101.103,101.103,NoButton,Drag,1289,695
101.107,101.107,NoButton,Drag,1289,695
101.111,101.111,NoButton,Drag,1290,695
101.115,101.115,NoButton,Drag,1291,694
101.119,101.119,NoButton,Drag,1291,694
101.183,101.183,NoButton,Drag,1291,694
101.187,101.187,NoButton,Drag,1292,694
101.191,101.191,NoButton,Drag,1292,694
101.195,101.195,NoButton,Drag,1292,694
101.199,101.199,NoButton,Drag,1293,694
101.203,101.203,NoButton,Drag,1294,694
101.207,101.207,NoButton,Drag,1295,694
101.211,101.211,NoButton,Drag,1297,695
101.215,101.215,NoButton,Drag,1298,695
101.219,101.219,NoButton,Drag,1299,695
101.223,101.223,NoButton,Drag,1300,695
101.227,101.227,NoButton,Drag,1301,695
101.231,101.231,NoButton,Drag,1302,695
101.235,101.235,NoButton,Drag,1303,695
101.239,101.239,NoButton,Drag,1304,695
101.243,101.243,NoButton,Drag,1304,695
101.247,101.247,NoButton,Drag,1305,695
101.252,101.252,NoButton,Drag,1306,695
101.255,101.255,NoButton,Drag,1306,695
101.292,101.292,Left,Released,1306,695
101.299,101.299,NoButton,Drag,1306,695
101.32,101.32,NoButton,Drag,1305,692
101.337,101.337,NoButton,Drag,1296,686
101.353,101.353,NoButton,Drag,1282,680
101.37,101.37,NoButton,Drag,1261,674
101.387,101.387,NoButton,Drag,1236,666
101.403,101.403,NoButton,Drag,1203,656
101.42,101.42,NoButton,Drag,1151,641
101.436,101.436,NoButton,Drag,1104,627
101.454,101.454,NoButton,Drag,1054,609
101.47,101.47,NoButton,Drag,1004,591
101.487,101.487,NoButton,Drag,956,572
101.503,101.503,NoButton,Drag,921,553
101.521,101.521,NoButton,Drag,887,532
101.537,101.537,NoButton,Drag,859,513
101.554,101.554,NoButton,Drag,835,495
101.57,101.57,NoButton,Drag,810,476
101.587,101.587,NoButton,Drag,788,459
101.603,101.603,NoButton,Drag,767,441
101.621,101.621,NoButton,Drag,750,425
101.637,101.637,NoButton,Drag,737,410
101.654,101.654,NoButton,Drag,725,394
101.67,101.67,NoButton,Drag,717,380
101.687,101.687,NoButton,Drag,710,364
101.704,101.704,NoButton,Drag,706,350
101.72,101.72,NoButton,Drag,704,335
101.737,101.737,NoButton,Drag,707,315
101.753,101.753,NoButton,Drag,711,302
101.77,101.77,NoButton,Drag,716,289
101.787,101.787,NoButton,Drag,723,276
101.804,101.804,NoButton,Drag,729,263
101.82,101.82,NoButton,Drag,736,252
101.837,101.837,NoButton,Drag,741,245
101.854,101.854,NoButton,Drag,744,238
101.87,101.87,NoButton,Drag,745,236
101.958,101.958,NoButton,Drag,746,236
101.961,101.961,NoButton,Drag,746,236
101.971,101.971,NoButton,Drag,746,235
101.988,101.988,NoButton,Drag,747,233
102.004,102.004,NoButton,Drag,748,231
102.02,102.02,NoButton,Drag,750,229
102.037,102.037,NoButton,Drag,751,228
102.054,102.054,NoButton,Drag,752,226
102.071,102.071,NoButton,Drag,753,223
102.087,102.087,NoButton,Drag,754,222
102.104,102.104,NoButton,Drag,755,220
102.12,102.12,NoButton,Drag,756,218
102.137,102.137,NoButton,Drag,756,217
102.154,102.154,NoButton,Drag,757,215
102.171,102.171,NoButton,Drag,757,214
102.187,102.187,NoButton,Drag,758,212
102.204,102.204,NoButton,Drag,759,210
102.22,102.22,NoButton,Drag,760,209
102.238,102.238,NoButton,Drag,760,208
102.254,102.254,NoButton,Drag,760,208
102.284,102.284,Left,Pressed,760,208
102.377,102.377,Left,Released,760,208
102.423,102.423,NoButton,Drag,760,208
102.427,102.427,NoButton,Drag,760,208
102.437,102.437,NoButton,Drag,760,209
102.454,102.454,NoButton,Drag,759,211
102.471,102.471,NoButton,Drag,756,215
102.487,102.487,NoButton,Drag,752,219
102.504,102.504,NoButton,Drag,747,223
102.521,102.521,NoButton,Drag,738,229
102.538,102.538,NoButton,Drag,725,236
102.555,102.555,NoButton,Drag,708,242
102.571,102.571,NoButton,Drag,685,249
102.588,102.588,NoButton,Drag,652,257
102.605,102.605,NoButton,Drag,625,262
102.622,102.622,NoButton,Drag,598,267
102.638,102.638,NoButton,Drag,574,271
102.655,102.655,NoButton,Drag,556,275
102.671,102.671,NoButton,Drag,540,280
102.687,102.687,NoButton,Drag,533,284
102.705,102.705,NoButton,Drag,529,288
102.721,102.721,NoButton,Drag,528,292
102.738,102.738,NoButton,Drag,528,301
102.755,102.755,NoButton,Drag,530,306
102.771,102.771,NoButton,Drag,531,311
102.788,102.788,NoButton,Drag,531,314
102.805,102.805,NoButton,Drag,531,315
102.822,102.822,NoButton,Drag,529,315
102.838,102.838,NoButton,Drag,527,315
102.855,102.855,NoButton,Drag,526,313
102.871,102.871,NoButton,Drag,522,307
102.89,102.89,NoButton,Drag,512,292
102.907,102.907,NoButton,Drag,501,275
102.923,102.923,NoButton,Drag,491,258
102.94,102.94,NoButton,Drag,479,240
102.957,102.957,NoButton,Drag,470,223
102.974,102.974,NoButton,Drag,461,205
102.99,102.99,NoButton,Drag,457,191
103.007,103.007,NoButton,Drag,453,177
103.024,103.024,NoButton,Drag,449,165
103.04,103.04,NoButton,Drag,446,152
103.057,103.057,NoButton,Drag,443,140
103.074,103.074,NoButton,Drag,439,128
103.09,103.09,NoButton,Drag,435,121
103.108,103.108,NoButton,Drag,432,117
103.125,103.125,NoButton,Drag,430,115
103.141,103.141,NoButton,Drag,429,112
103.158,103.158,NoButton,Drag,428,112
103.175,103.175,NoButton,Drag,427,112
103.232,103.232,NoButton,Drag,427,112
103.251,103.251,NoButton,Drag,427,112
103.263,103.263,NoButton,Drag,427,112
103.275,103.275,NoButton,Drag,426,112
103.292,103.292,NoButton,Drag,425,115
103.309,103.309,NoButton,Drag,424,117
103.325,103.325,NoButton,Drag,422,121
103.341,103.341,NoButton,Drag,421,124
103.359,103.359,NoButton,Drag,420,126
103.375,103.375,NoButton,Drag,419,129
103.392,103.392,NoButton,Drag,418,130
103.409,103.409,NoButton,Drag,418,130
103.431,103.431,NoButton,Drag,418,130
103.442,103.442,NoButton,Drag,418,131
103.459,103.459,NoButton,Drag,418,131
103.46,103.46,Left,Pressed,418,131
103.528,103.528,NoButton,Drag,418,131
103.584,103.584,NoButton,Drag,418,131
103.588,103.588,Left,Released,418,131
103.591,103.591,NoButton,Drag,418,132
103.595,103.595,NoButton,Drag,418,132
103.609,103.609,NoButton,Drag,418,133
103.626,103.626,NoButton,Drag,418,133
103.643,103.643,NoButton,Drag,418,134
103.659,103.659,NoButton,Drag,418,135
103.676,103.676,NoButton,Drag,418,137
103.693,103.693,NoButton,Drag,418,139
103.71,103.71,NoButton,Drag,418,140
103.727,103.727,NoButton,Drag,418,140
103.759,103.759,NoButton,Drag,418,141
103.763,103.763,NoButton,Drag,419,141
103.776,103.776,NoButton,Drag,419,141
103.793,103.793,NoButton,Drag,420,142
103.81,103.81,NoButton,Drag,420,142
103.885,103.885,NoButton,Drag,420,142
103.905,103.905,NoButton,Drag,421,142
103.913,103.913,NoButton,Drag,421,143
103.918,103.918,Left,Pressed,421,143
103.919,103.919,NoButton,Drag,421,143
103.921,103.921,NoButton,Drag,421,143
103.925,103.925,NoButton,Drag,421,143
103.933,103.933,NoButton,Drag,421,143
103.997,103.997,NoButton,Drag,422,143
104.042,104.042,Left,Released,422,143
104.073,104.073,NoButton,Drag,422,143
104.082,104.082,NoButton,Drag,422,143
104.089,104.089,NoButton,Drag,422,143
104.105,104.105,NoButton,Drag,424,144
104.122,104.122,NoButton,Drag,430,145
104.139,104.139,NoButton,Drag,439,148
104.155,104.155,NoButton,Drag,453,151
104.171,104.171,NoButton,Drag,468,155
104.189,104.189,NoButton,Drag,484,158
104.205,104.205,NoButton,Drag,501,162
104.222,104.222,NoButton,Drag,523,163
104.239,104.239,NoButton,Drag,539,164
104.255,104.255,NoButton,Drag,554,164
104.272,104.272,NoButton,Drag,566,162
104.289,104.289,NoButton,Drag,573,161
104.305,104.305,NoButton,Drag,577,160
104.341,104.341,NoButton,Drag,577,160
104.413,104.413,NoButton,Drag,577,159
104.435,104.435,NoButton,Drag,577,159
104.441,104.441,NoButton,Drag,577,159
104.457,104.457,NoButton,Drag,577,159
104.475,104.475,NoButton,Drag,577,158
104.49,104.49,NoButton,Drag,577,156
104.507,104.507,NoButton,Drag,576,154
104.524,104.524,NoButton,Drag,574,151
104.541,104.541,NoButton,Drag,573,149
104.558,104.558,NoButton,Drag,570,147
104.574,104.574,NoButton,Drag,569,146
104.591,104.591,NoButton,Drag,569,146
104.652,104.652,NoButton,Drag,569,146
104.663,104.663,NoButton,Drag,568,146
104.675,104.675,NoButton,Drag,568,146
104.692,104.692,NoButton,Drag,567,146
104.732,104.732,Left,Pressed,567,146
104.768,104.768,NoButton,Drag,567,146
104.872,104.872,Left,Released,567,146
104.97,104.97,NoButton,Drag,566,146
105.01,105.01,NoButton,Drag,566,146
105.079,105.079,Left,Pressed,566,146
105.17,105.17,Left,Released,566,146
105.238,105.238,NoButton,Drag,566,146
105.241,105.241,NoButton,Drag,566,147
105.25,105.25,NoButton,Drag,567,148
105.267,105.267,NoButton,Drag,569,151
105.283,105.283,NoButton,Drag,574,157
105.301,105.301,NoButton,Drag,583,165
105.317,105.317,NoButton,Drag,596,178
105.334,105.334,NoButton,Drag,621,196
105.35,105.35,NoButton,Drag,647,214
105.368,105.368,NoButton,Drag,675,231
105.385,105.385,NoButton,Drag,704,248
105.402,105.402,NoButton,Drag,741,265
105.418,105.418,NoButton,Drag,767,274
105.435,105.435,NoButton,Drag,787,279
105.451,105.451,NoButton,Drag,801,283
105.468,105.468,NoButton,Drag,807,284
105.485,105.485,NoButton,Drag,807,284
105.572,105.572,NoButton,Drag,808,284
105.58,105.58,NoButton,Drag,808,284
105.684,105.684,NoButton,Drag,808,284
105.687,105.687,NoButton,Drag,808,284
105.691,105.691,NoButton,Drag,808,284
105.706,105.706,NoButton,Drag,809,282
105.723,105.723,NoButton,Drag,810,280
105.739,105.739,NoButton,Drag,812,275
105.756,105.756,NoButton,Drag,814,271
105.773,105.773,NoButton,Drag,818,267
105.789,105.789,NoButton,Drag,820,264
105.807,105.807,NoButton,Drag,823,261
105.823,105.823,NoButton,Drag,825,260
105.84,105.84,NoButton,Drag,826,258
105.857,105.857,NoButton,Drag,826,258
105.919,105.919,NoButton,Drag,827,258
105.924,105.924,Left,Pressed,827,258
106.008,106.008,NoButton,Drag,827,258
106.04,106.04,Left,Released,827,258
106.051,106.051,NoButton,Drag,827,258
106.091,106.091,NoButton,Drag,827,257
106.099,106.099,NoButton,Drag,827,257
106.108,106.108,NoButton,Drag,827,256
106.125,106.125,NoButton,Drag,827,255
106.141,106.141,NoButton,Drag,827,253
106.158,106.158,NoButton,Drag,827,252
106.175,106.175,NoButton,Drag,827,251
106.192,106.192,NoButton,Drag,827,249
106.208,106.208,NoButton,Drag,827,249
106.225,106.225,NoButton,Drag,828,248
106.242,106.242,NoButton,Drag,828,247
106.258,106.258,NoButton,Drag,828,247
106.318,106.318,Left,Pressed,828,247
106.438,106.438,Left,Released,828,247
106.478,106.478,NoButton,Drag,828,247
106.485,106.485,NoButton,Drag,828,247
106.502,106.502,NoButton,Drag,826,247
106.518,106.518,NoButton,Drag,819,245
106.535,106.535,NoButton,Drag,811,244
106.551,106.551,NoButton,Drag,803,243
106.568,106.568,NoButton,Drag,799,242
106.585,106.585,NoButton,Drag,798,241
106.686,106.686,NoButton,Drag,797,241
106.689,106.689,NoButton,Drag,797,241
106.7,106.7,NoButton,Drag,793,243
106.717,106.717,NoButton,Drag,781,250
106.734,106.734,NoButton,Drag,759,261
106.75,106.75,NoButton,Drag,734,273
106.767,106.767,NoButton,Drag,705,284
106.784,106.784,NoButton,Drag,666,298
106.8,106.8,NoButton,Drag,639,307
106.817,106.817,NoButton,Drag,617,315
106.834,106.834,NoButton,Drag,601,321
106.851,106.851,NoButton,Drag,593,326
106.868,106.868,NoButton,Drag,587,329
106.884,106.884,NoButton,Drag,583,333
106.901,106.901,NoButton,Drag,578,336
106.917,106.917,NoButton,Drag,572,338
106.934,106.934,NoButton,Drag,566,340
106.951,106.951,NoButton,Drag,558,341
106.968,106.968,NoButton,Drag,546,342
106.984,106.984,NoButton,Drag,535,344
107.001,107.001,NoButton,Drag,526,345
107.017,107.017,NoButton,Drag,515,348
107.034,107.034,NoButton,Drag,504,349
107.051,107.051,NoButton,Drag,497,351
107.068,107.068,NoButton,Drag,490,353
107.084,107.084,NoButton,Drag,487,353
107.102,107.102,NoButton,Drag,485,352
107.118,107.118,NoButton,Drag,485,352
107.135,107.135,NoButton,Drag,485,352
107.152,107.152,NoButton,Drag,484,351
107.168,107.168,NoButton,Drag,484,351
107.195,107.195,NoButton,Drag,484,351
107.242,107.242,Left,Pressed,484,351
107.251,107.251,NoButton,Drag,484,351
107.255,107.255,NoButton,Drag,484,351
107.259,107.259,NoButton,Drag,484,351
107.263,107.263,NoButton,Drag,483,352
107.267,107.267,NoButton,Drag,483,352
107.271,107.271,NoButton,Drag,483,353
107.275,107.275,NoButton,Drag,482,354
107.277,107.277,NoButton,Drag,481,355
107.281,107.281,NoButton,Drag,480,356
107.285,107.285,NoButton,Drag,479,357
107.289,107.289,NoButton,Drag,478,358
107.293,107.293,NoButton,Drag,477,359
107.297,107.297,NoButton,Drag,476,359
107.301,107.301,NoButton,Drag,474,360
107.305,107.305,NoButton,Drag,473,361
107.309,107.309,NoButton,Drag,472,362
107.313,107.313,NoButton,Drag,471,362
107.317,107.317,NoButton,Drag,470,363
107.322,107.322,Left,Released,470,363
107.323,107.323,NoButton,Drag,469,364
107.338,107.338,NoButton,Drag,465,365
107.354,107.354,NoButton,Drag,462,366
107.372,107.372,NoButton,Drag,461,366
107.387,107.387,NoButton,Drag,460,366
107.405,107.405,NoButton,Drag,458,366
107.422,107.422,NoButton,Drag,456,367
107.438,107.438,NoButton,Drag,454,367
107.454,107.454,NoButton,Drag,453,367
107.51,107.51,NoButton,Drag,453,367
107.597,107.597,NoButton,Drag,452,367
107.71,107.71,NoButton,Drag,452,367
107.742,107.742,NoButton,Drag,452,367
107.746,107.746,NoButton,Drag,452,366
107.75,107.75,Left,Pressed,452,366
107.774,107.774,NoButton,Drag,452,366
107.859,107.859,NoButton,Drag,452,366
107.868,107.868,Left,Released,452,366
107.871,107.871,NoButton,Drag,452,366
107.883,107.883,NoButton,Drag,452,365
107.891,107.891,NoButton,Drag,452,365
107.91,107.91,NoButton,Drag,454,365
107.927,107.927,NoButton,Drag,457,366
107.944,107.944,NoButton,Drag,464,369
107.96,107.96,NoButton,Drag,477,373
107.976,107.976,NoButton,Drag,499,379
107.993,107.993,NoButton,Drag,535,389
108.01,108.01,NoButton,Drag,583,403
108.027,108.027,NoButton,Drag,633,417
108.043,108.043,NoButton,Drag,685,433
108.06,108.06,NoButton,Drag,745,453
108.076,108.076,NoButton,Drag,789,469
108.093,108.093,NoButton,Drag,826,485
108.109,108.109,NoButton,Drag,854,499
108.128,108.128,NoButton,Drag,882,513
108.145,108.145,NoButton,Drag,900,520
108.162,108.162,NoButton,Drag,919,526
108.179,108.179,NoButton,Drag,933,529
108.195,108.195,NoButton,Drag,950,530
108.212,108.212,NoButton,Drag,960,530
108.229,108.229,NoButton,Drag,969,530
108.246,108.246,NoButton,Drag,976,529
108.262,108.262,NoButton,Drag,982,528
108.279,108.279,NoButton,Drag,988,527
108.296,108.296,NoButton,Drag,994,525
108.312,108.312,NoButton,Drag,997,525
108.329,108.329,NoButton,Drag,1000,524
108.345,108.345,NoButton,Drag,1002,524
108.362,108.362,NoButton,Drag,1004,523
108.38,108.38,NoButton,Drag,1012,522
108.397,108.397,NoButton,Drag,1020,521
108.414,108.414,NoButton,Drag,1028,519
108.43,108.43,NoButton,Drag,1035,517
108.447,108.447,NoButton,Drag,1036,516
108.464,108.464,NoButton,Drag,1037,514
108.481,108.481,NoButton,Drag,1039,510
108.497,108.497,NoButton,Drag,1040,504
108.514,108.514,NoButton,Drag,1040,494
108.53,108.53,NoButton,Drag,1037,486
108.547,108.547,NoButton,Drag,1031,478
108.564,108.564,NoButton,Drag,1027,472
108.58,108.58,NoButton,Drag,1025,470
108.597,108.597,NoButton,Drag,1023,469
108.615,108.615,NoButton,Drag,1022,468
108.631,108.631,NoButton,Drag,1022,468
108.647,108.647,NoButton,Drag,1021,468
108.664,108.664,NoButton,Drag,1021,468
108.689,108.689,NoButton,Drag,1021,468
108.701,108.701,NoButton,Drag,1021,469
108.714,108.714,NoButton,Drag,1020,469
108.732,108.732,NoButton,Drag,1020,469
108.762,108.762,Left,Pressed,1020,469
108.862,108.862,Left,Released,1020,469
108.901,108.901,NoButton,Drag,1019,469
108.914,108.914,NoButton,Drag,1019,469
108.917,108.917,NoButton,Drag,1019,469
108.931,108.931,NoButton,Drag,1019,468
108.948,108.948,NoButton,Drag,1018,468
108.964,108.964,NoButton,Drag,1018,468
109.004,109.004,Left,Pressed,1018,468
109.081,109.081,Left,Released,1018,468
109.104,109.104,NoButton,Drag,1018,468
109.119,109.119,NoButton,Drag,1018,468
109.131,109.131,NoButton,Drag,1016,468
109.148,109.148,NoButton,Drag,1011,469
109.164,109.164,NoButton,Drag,1002,471
109.181,109.181,NoButton,Drag,991,474
109.199,109.199,NoButton,Drag,977,478
109.215,109.215,NoButton,Drag,964,483
109.232,109.232,NoButton,Drag,940,493
109.248,109.248,NoButton,Drag,922,501
109.266,109.266,NoButton,Drag,908,510
109.282,109.282,NoButton,Drag,894,519
109.298,109.298,NoButton,Drag,881,528
109.315,109.315,NoButton,Drag,867,539
109.332,109.332,NoButton,Drag,852,549
109.348,109.348,NoButton,Drag,842,556
109.366,109.366,NoButton,Drag,834,561
109.383,109.383,NoButton,Drag,828,565
109.4,109.4,NoButton,Drag,824,569
109.416,109.416,NoButton,Drag,823,571
109.433,109.433,NoButton,Drag,821,574
109.45,109.45,NoButton,Drag,820,576
109.466,109.466,NoButton,Drag,820,577
109.483,109.483,NoButton,Drag,820,578
109.5,109.5,NoButton,Drag,820,580
109.516,109.516,NoButton,Drag,820,582
109.534,109.534,NoButton,Drag,823,584
109.549,109.549,NoButton,Drag,826,586
109.566,109.566,NoButton,Drag,829,587
109.583,109.583,NoButton,Drag,832,587
109.6,109.6,NoButton,Drag,833,587
109.616,109.616,NoButton,Drag,835,587
109.636,109.636,NoButton,Drag,838,586
109.652,109.652,NoButton,Drag,842,584
109.669,109.669,NoButton,Drag,846,582
109.685,109.685,NoButton,Drag,851,578
109.702,109.702,NoButton,Drag,861,574
109.718,109.718,NoButton,Drag,870,571
109.735,109.735,NoButton,Drag,879,569
109.752,109.752,NoButton,Drag,887,568
109.768,109.768,NoButton,Drag,892,568
109.785,109.785,NoButton,Drag,895,569
109.794,109.794,NoButton,Drag,895,569
109.801,109.801,Left,Pressed,895,569
109.802,109.802,NoButton,Drag,896,569
109.833,109.833,NoButton,Drag,896,569
109.837,109.837,NoButton,Drag,896,569
109.849,109.849,NoButton,Drag,896,569
109.861,109.861,NoButton,Drag,896,570
109.869,109.869,NoButton,Drag,896,570
109.906,109.906,Left,Released,896,570
110.018,110.018,NoButton,Drag,896,570
110.033,110.033,NoButton,Drag,896,570
110.037,110.037,NoButton,Drag,897,570
110.053,110.053,NoButton,Drag,897,571
110.069,110.069,NoButton,Drag,897,571
110.086,110.086,Left,Pressed,897,571
110.169,110.169,Left,Released,897,571
110.268,110.268,NoButton,Drag,897,572
110.275,110.275,NoButton,Drag,897,572
110.287,110.287,NoButton,Drag,897,572
110.304,110.304,NoButton,Drag,898,574
110.32,110.32,NoButton,Drag,898,575
110.337,110.337,NoButton,Drag,898,577
110.354,110.354,NoButton,Drag,898,578
110.36,110.36,NoButton,Drag,899,578
110.37,110.37,Left,Pressed,899,578
110.371,110.371,NoButton,Drag,899,579
110.372,110.372,NoButton,Drag,899,579
110.375,110.375,NoButton,Drag,899,580
110.379,110.379,NoButton,Drag,899,580
110.383,110.383,NoButton,Drag,899,580
110.387,110.387,NoButton,Drag,899,580
110.391,110.391,NoButton,Drag,899,581
110.395,110.395,NoButton,Drag,899,581
110.399,110.399,NoButton,Drag,899,581
110.403,110.403,NoButton,Drag,899,581
110.407,110.407,NoButton,Drag,899,582
110.411,110.411,NoButton,Drag,899,582
110.415,110.415,NoButton,Drag,899,582
110.419,110.419,NoButton,Drag,899,582
110.431,110.431,NoButton,Drag,899,583
110.448,110.448,Left,Released,899,583
110.536,110.536,NoButton,Drag,899,582
110.54,110.54,NoButton,Drag,899,582
110.555,110.555,NoButton,Drag,899,582
110.572,110.572,NoButton,Drag,898,581
110.588,110.588,NoButton,Drag,897,580
110.605,110.605,NoButton,Drag,894,580
110.621,110.621,NoButton,Drag,889,581
110.639,110.639,NoButton,Drag,883,582
110.655,110.655,NoButton,Drag,875,584
110.672,110.672,NoButton,Drag,864,587
110.689,110.689,NoButton,Drag,853,591
110.705,110.705,NoButton,Drag,844,596
110.721,110.721,NoButton,Drag,836,600
110.738,110.738,NoButton,Drag,828,606
110.756,110.756,NoButton,Drag,822,610
110.771,110.771,NoButton,Drag,816,615
110.788,110.788,NoButton,Drag,807,620
110.805,110.805,NoButton,Drag,799,623
110.822,110.822,NoButton,Drag,793,626
110.838,110.838,NoButton,Drag,788,627
110.856,110.856,NoButton,Drag,785,628
110.873,110.873,NoButton,Drag,784,628
110.89,110.89,NoButton,Drag,784,629
110.906,110.906,NoButton,Drag,783,629
110.923,110.923,NoButton,Drag,783,630
110.94,110.94,NoButton,Drag,783,630
111.014,111.014,NoButton,Drag,783,630
111.029,111.029,NoButton,Drag,783,630
111.046,111.046,NoButton,Drag,783,630
111.057,111.057,NoButton,Drag,783,630
111.073,111.073,NoButton,Drag,783,629
111.09,111.09,NoButton,Drag,783,628
111.106,111.106,NoButton,Drag,783,627
111.125,111.125,NoButton,Drag,783,626
111.141,111.141,NoButton,Drag,783,624
111.158,111.158,NoButton,Drag,783,623
111.174,111.174,NoButton,Drag,784,623
111.191,111.191,NoButton,Drag,784,622
111.207,111.207,NoButton,Drag,784,622
111.225,111.225,NoButton,Drag,785,621
111.242,111.242,Left,Pressed,785,621
111.352,111.352,Left,Released,785,621
111.384,111.384,NoButton,Drag,785,621
111.488,111.488,Left,Pressed,785,621
111.568,111.568,Left,Released,785,621
111.648,111.648,NoButton,Drag,785,621
111.651,111.651,NoButton,Drag,785,621
111.656,111.656,NoButton,Drag,786,621
111.672,111.672,NoButton,Drag,786,622
111.688,111.688,NoButton,Drag,787,625
111.705,111.705,NoButton,Drag,789,630
111.722,111.722,NoButton,Drag,789,639
111.739,111.739,NoButton,Drag,789,650
111.756,111.756,NoButton,Drag,785,667
111.772,111.772,NoButton,Drag,781,683
111.789,111.789,NoButton,Drag,778,698
111.805,111.805,NoButton,Drag,775,711
111.823,111.823,NoButton,Drag,773,722
111.839,111.839,NoButton,Drag,770,730
111.855,111.855,NoButton,Drag,770,737
111.872,111.872,NoButton,Drag,770,744
111.888,111.888,NoButton,Drag,770,749
111.905,111.905,NoButton,Drag,770,754
111.922,111.922,NoButton,Drag,771,761
111.938,111.938,NoButton,Drag,771,767
111.955,111.955,NoButton,Drag,772,773
111.972,111.972,NoButton,Drag,773,780
111.989,111.989,NoButton,Drag,774,787
112.005,112.005,NoButton,Drag,776,794
112.022,112.022,NoButton,Drag,778,802
112.038,112.038,NoButton,Drag,779,806
112.056,112.056,NoButton,Drag,780,811
112.071,112.071,NoButton,Drag,781,813
112.088,112.088,NoButton,Drag,781,815
112.105,112.105,NoButton,Drag,782,816
112.207,112.207,Left,Pressed,782,816
112.218,112.218,NoButton,Drag,782,816
112.225,112.225,NoButton,Drag,782,816
112.242,112.242,NoButton,Drag,782,816
112.254,112.254,NoButton,Drag,782,816
112.342,112.342,Left,Released,782,816
112.414,112.414,NoButton,Drag,782,817
112.421,112.421,NoButton,Drag,782,817
112.425,112.425,NoButton,Drag,782,817
112.441,112.441,NoButton,Drag,782,818
112.457,112.457,NoButton,Drag,782,819
112.474,112.474,NoButton,Drag,782,820
112.49,112.49,NoButton,Drag,782,822
112.507,112.507,NoButton,Drag,782,823
112.524,112.524,NoButton,Drag,783,825
112.541,112.541,NoButton,Drag,783,825
112.607,112.607,NoButton,Drag,783,826
112.611,112.611,NoButton,Drag,783,826
112.624,112.624,NoButton,Drag,783,826
112.64,112.64,NoButton,Drag,783,827
112.657,112.657,NoButton,Drag,784,828
112.675,112.675,NoButton,Drag,784,828
112.691,112.691,NoButton,Drag,784,829
112.707,112.707,NoButton,Drag,784,830
112.724,112.724,NoButton,Drag,784,831
112.74,112.74,NoButton,Drag,784,832
112.757,112.757,NoButton,Drag,784,834
112.775,112.775,NoButton,Drag,784,834
112.79,112.79,NoButton,Drag,784,835
112.885,112.885,Left,Pressed,784,835
112.99,112.99,Left,Released,784,835
112.999,112.999,NoButton,Drag,784,835
113.016,113.016,NoButton,Drag,784,835
113.028,113.028,NoButton,Drag,783,834
113.045,113.045,NoButton,Drag,783,833
113.061,113.061,NoButton,Drag,782,832
113.077,113.077,NoButton,Drag,781,830
113.095,113.095,NoButton,Drag,781,830
113.162,113.162,NoButton,Drag,781,830
113.169,113.169,NoButton,Drag,781,829
113.182,113.182,NoButton,Drag,781,829
113.196,113.196,NoButton,Drag,781,829
113.213,113.213,NoButton,Drag,781,828
113.23,113.23,NoButton,Drag,781,828
113.247,113.247,NoButton,Drag,781,827
113.318,113.318,Scroll,Up,781,827
113.341,113.341,Scroll,Up,781,827
113.362,113.362,Scroll,Up,781,827
113.393,113.393,Scroll,Up,781,827
113.49,113.49,NoButton,Drag,781,827
113.498,113.498,NoButton,Drag,781,827
113.502,113.502,NoButton,Drag,780,827
113.502,113.502,Scroll,Up,780,827
113.515,113.515,NoButton,Drag,780,826
113.532,113.532,NoButton,Drag,780,824
113.549,113.549,NoButton,Drag,780,822
113.566,113.566,NoButton,Drag,780,822
113.582,113.582,NoButton,Drag,780,820
113.599,113.599,NoButton,Drag,780,820
113.615,113.615,NoButton,Drag,781,818
113.632,113.632,NoButton,Drag,781,817
113.65,113.65,NoButton,Drag,781,816
113.666,113.666,NoButton,Drag,781,815
113.688,113.688,NoButton,Drag,781,815
113.692,113.692,Scroll,Down,781,815
113.74,113.74,NoButton,Drag,781,815
113.743,113.743,NoButton,Drag,782,815
113.748,113.748,Scroll,Up,782,815
113.752,113.752,NoButton,Drag,782,815
113.768,113.768,NoButton,Drag,782,816
113.771,113.771,Scroll,Up,782,816
113.79,113.79,NoButton,Drag,782,817
113.791,113.791,Scroll,Up,782,817
113.807,113.807,Scroll,Up,782,817
113.823,113.823,Scroll,Up,782,817
113.844,113.844,Scroll,Up,782,817
113.932,113.932,NoButton,Drag,782,816
113.992,113.992,NoButton,Drag,782,816
114.099,114.099,NoButton,Drag,782,816
114.107,114.107,NoButton,Drag,782,816
114.111,114.111,NoButton,Drag,782,815
114.127,114.127,NoButton,Drag,782,815
114.144,114.144,NoButton,Drag,782,815
114.158,114.158,Scroll,Down,782,814
114.161,114.161,NoButton,Drag,782,814
114.176,114.176,Scroll,Down,782,813
114.177,114.177,NoButton,Drag,782,813
114.186,114.186,Scroll,Down,783,811
114.197,114.197,NoButton,Drag,784,808
114.203,114.203,Scroll,Down,786,806
114.212,114.212,NoButton,Drag,788,802
114.219,114.219,Scroll,Down,789,799
114.232,114.232,NoButton,Drag,791,792
114.25,114.25,NoButton,Drag,794,784
114.267,114.267,NoButton,Drag,801,772
114.284,114.284,NoButton,Drag,809,761
114.3,114.3,NoButton,Drag,818,748
114.317,114.317,NoButton,Drag,827,735
114.334,114.334,NoButton,Drag,840,719
114.35,114.35,NoButton,Drag,850,710
114.367,114.367,NoButton,Drag,858,702
114.385,114.385,NoButton,Drag,865,694
114.401,114.401,NoButton,Drag,871,689
114.418,114.418,NoButton,Drag,877,683
114.435,114.435,NoButton,Drag,879,681
114.452,114.452,NoButton,Drag,879,680
114.558,114.558,NoButton,Drag,879,680
114.565,114.565,NoButton,Drag,879,680
114.569,114.569,NoButton,Drag,879,680
114.585,114.585,NoButton,Drag,878,679
114.602,114.602,NoButton,Drag,875,675
114.619,114.619,NoButton,Drag,866,665
114.635,114.635,NoButton,Drag,851,649
114.651,114.651,NoButton,Drag,832,625
114.668,114.668,NoButton,Drag,812,598
114.685,114.685,NoButton,Drag,795,572
114.702,114.702,NoButton,Drag,784,547
114.719,114.719,NoButton,Drag,780,530
114.735,114.735,NoButton,Drag,779,515
114.751,114.751,NoButton,Drag,779,502
114.769,114.769,NoButton,Drag,781,489
114.785,114.785,NoButton,Drag,782,480
114.802,114.802,NoButton,Drag,783,474
114.818,114.818,NoButton,Drag,783,470
114.835,114.835,NoButton,Drag,781,466
114.852,114.852,NoButton,Drag,780,464
114.869,114.869,NoButton,Drag,778,463
114.886,114.886,NoButton,Drag,778,463
114.952,114.952,NoButton,Drag,778,462
114.955,114.955,NoButton,Drag,778,462
114.969,114.969,NoButton,Drag,778,460
114.986,114.986,NoButton,Drag,780,454
115.003,115.003,NoButton,Drag,782,443
115.019,115.019,NoButton,Drag,785,430
115.036,115.036,NoButton,Drag,788,411
115.053,115.053,NoButton,Drag,790,395
115.07,115.07,NoButton,Drag,791,380
115.086,115.086,NoButton,Drag,792,369
115.103,115.103,NoButton,Drag,792,360
115.119,115.119,NoButton,Drag,793,352
115.133,115.133,NoButton,Drag,793,349
115.149,115.149,NoButton,Drag,793,346
115.166,115.166,NoButton,Drag,793,346
115.328,115.328,NoButton,Drag,793,346
115.332,115.332,Left,Pressed,793,346
115.333,115.333,NoButton,Drag,793,346
115.335,115.335,NoButton,Drag,793,347
115.341,115.341,NoButton,Drag,793,347
115.345,115.345,NoButton,Drag,793,347
115.349,115.349,NoButton,Drag,793,347
115.357,115.357,NoButton,Drag,793,348
115.39,115.39,NoButton,Drag,793,348
115.434,115.434,NoButton,Drag,793,348
115.438,115.438,NoButton,Drag,793,348
115.446,115.446,Left,Released,793,348
115.454,115.454,NoButton,Drag,793,348
115.559,115.559,Left,Pressed,793,348
115.56,115.56,NoButton,Drag,793,348
115.67,115.67,Left,Released,793,348
115.698,115.698,NoButton,Drag,792,348
115.701,115.701,NoButton,Drag,792,349
115.711,115.711,NoButton,Drag,792,349
115.728,115.728,NoButton,Drag,790,350
115.744,115.744,NoButton,Drag,787,351
115.761,115.761,NoButton,Drag,782,352
115.778,115.778,NoButton,Drag,776,354
115.794,115.794,NoButton,Drag,772,356
115.811,115.811,NoButton,Drag,765,356
115.828,115.828,NoButton,Drag,759,357
115.844,115.844,NoButton,Drag,752,357
115.861,115.861,NoButton,Drag,743,357
115.871,115.871,NoButton,Drag,740,357
115.888,115.888,NoButton,Drag,736,357
115.905,115.905,NoButton,Drag,736,357
116.032,116.032,NoButton,Drag,736,357
116.035,116.035,NoButton,Drag,736,357
116.04,116.04,Left,Pressed,736,357
116.041,116.041,NoButton,Drag,736,357
116.047,116.047,NoButton,Drag,736,358
116.168,116.168,Left,Released,736,358
116.224,116.224,NoButton,Drag,736,357
116.228,116.228,NoButton,Drag,736,357
116.234,116.234,NoButton,Drag,736,357
116.252,116.252,NoButton,Drag,735,356
116.268,116.268,NoButton,Drag,734,356
116.285,116.285,NoButton,Drag,732,355
116.302,116.302,NoButton,Drag,730,353
116.319,116.319,NoButton,Drag,724,349
116.335,116.335,NoButton,Drag,714,343
116.352,116.352,NoButton,Drag,698,335
116.368,116.368,NoButton,Drag,685,327
116.387,116.387,NoButton,Drag,673,319
116.404,116.404,NoButton,Drag,666,313
116.42,116.42,NoButton,Drag,665,311
116.436,116.436,NoButton,Drag,664,310
116.453,116.453,NoButton,Drag,664,310
116.591,116.591,Left,Pressed,664,310
116.69,116.69,Left,Released,664,310
116.698,116.698,NoButton,Drag,664,310
116.706,116.706,NoButton,Drag,664,309
116.723,116.723,NoButton,Drag,664,308
116.74,116.74,NoButton,Drag,663,307
116.757,116.757,NoButton,Drag,663,307
116.773,116.773,NoButton,Drag,663,305
116.79,116.79,NoButton,Drag,662,304
116.806,116.806,NoButton,Drag,662,302
116.823,116.823,NoButton,Drag,662,300
116.841,116.841,NoButton,Drag,662,298
116.857,116.857,NoButton,Drag,662,294
116.874,116.874,NoButton,Drag,662,292
116.892,116.892,NoButton,Drag,662,291
116.909,116.909,NoButton,Drag,662,290
116.914,116.914,Left,Pressed,662,290
116.917,116.917,NoButton,Drag,662,290
117.028,117.028,Left,Released,662,290
117.1,117.1,NoButton,Drag,662,290
117.107,117.107,NoButton,Drag,662,290
117.122,117.122,NoButton,Drag,661,290
117.139,117.139,NoButton,Drag,660,289
117.156,117.156,NoButton,Drag,657,287
117.173,117.173,NoButton,Drag,653,284
117.189,117.189,NoButton,Drag,647,279
117.205,117.205,NoButton,Drag,639,274
117.222,117.222,NoButton,Drag,632,269
117.239,117.239,NoButton,Drag,627,265
117.256,117.256,NoButton,Drag,626,263
117.273,117.273,NoButton,Drag,626,263
117.312,117.312,Left,Pressed,626,263
117.44,117.44,Left,Released,626,263
117.507,117.507,NoButton,Drag,625,263
117.515,117.515,NoButton,Drag,625,263
117.521,117.521,NoButton,Drag,625,263
117.537,117.537,NoButton,Drag,624,264
117.554,117.554,NoButton,Drag,621,267
117.571,117.571,NoButton,Drag,616,272
117.587,117.587,NoButton,Drag,606,282
117.604,117.604,NoButton,Drag,596,294
117.622,117.622,NoButton,Drag,583,307
117.637,117.637,NoButton,Drag,567,323
117.655,117.655,NoButton,Drag,546,343
117.672,117.672,NoButton,Drag,529,360
117.689,117.689,NoButton,Drag,509,379
117.705,117.705,NoButton,Drag,485,400
117.722,117.722,NoButton,Drag,468,416
117.739,117.739,NoButton,Drag,452,431
117.755,117.755,NoButton,Drag,438,446
117.772,117.772,NoButton,Drag,425,459
117.788,117.788,NoButton,Drag,414,471
117.806,117.806,NoButton,Drag,402,485
117.822,117.822,NoButton,Drag,393,494
117.839,117.839,NoButton,Drag,385,503
117.856,117.856,NoButton,Drag,378,510
117.872,117.872,NoButton,Drag,375,515
117.889,117.889,NoButton,Drag,373,517
117.907,117.907,NoButton,Drag,372,518
117.949,117.949,NoButton,Drag,372,519
117.965,117.965,NoButton,Drag,372,519
118.013,118.013,NoButton,Drag,372,519
118.017,118.017,NoButton,Drag,372,519
118.024,118.024,NoButton,Drag,372,520
118.041,118.041,NoButton,Drag,373,522
118.058,118.058,NoButton,Drag,376,527
118.074,118.074,NoButton,Drag,380,533
118.091,118.091,NoButton,Drag,385,539
118.107,118.107,NoButton,Drag,391,545
118.124,118.124,NoButton,Drag,396,548
118.143,118.143,NoButton,Drag,401,549
118.16,118.16,NoButton,Drag,403,549
118.182,118.182,NoButton,Drag,404,549
118.198,118.198,NoButton,Drag,405,548
118.214,118.214,NoButton,Drag,407,547
118.234,118.234,NoButton,Drag,409,544
118.242,118.242,NoButton,Drag,411,542
118.259,118.259,NoButton,Drag,414,539
118.276,118.276,NoButton,Drag,418,536
118.292,118.292,NoButton,Drag,422,532
118.31,118.31,NoButton,Drag,426,528
118.326,118.326,NoButton,Drag,429,523
118.343,118.343,NoButton,Drag,432,519
118.359,118.359,NoButton,Drag,433,516
118.376,118.376,NoButton,Drag,434,515
118.395,118.395,NoButton,Drag,434,515
118.424,118.424,Left,Pressed,434,515
118.432,118.432,NoButton,Drag,435,515
118.443,118.443,NoButton,Drag,435,515
118.451,118.451,NoButton,Drag,435,515
118.568,118.568,Left,Released,435,515
