record timestamp,client timestamp,button,state,x,y
0.012,0.012,NoButton,Drag,594,502
0.023,0.023,NoButton,Drag,594,497
0.044,0.044,NoButton,Drag,594,497
0.055,0.055,NoButton,Drag,597,493
0.071,0.071,NoButton,Drag,604,489
0.088,0.088,NoButton,Drag,612,485
0.104,0.104,NoButton,Drag,626,481
0.121,0.121,NoButton,Drag,649,476
0.137,0.137,NoButton,Drag,681,471
0.154,0.154,NoButton,Drag,722,466
0.171,0.171,NoButton,Drag,778,461
0.188,0.188,NoButton,Drag,811,457
0.205,0.205,NoButton,Drag,825,455
0.227,0.227,NoButton,Drag,825,455
0.238,0.238,NoButton,Drag,825,455
0.254,0.254,NoButton,Drag,815,456
0.272,0.272,NoButton,Drag,792,459
0.289,0.289,NoButton,Drag,751,459
0.305,0.305,NoButton,Drag,696,459
0.322,0.322,NoButton,Drag,616,459
0.339,0.339,NoButton,Drag,560,458
0.356,0.356,NoButton,Drag,508,455
0.373,0.373,NoButton,Drag,458,446
0.389,0.389,NoButton,Drag,420,435
0.406,0.406,NoButton,Drag,390,418
0.422,0.422,NoButton,Drag,363,398
0.44,0.44,NoButton,Drag,346,381
0.456,0.456,NoButton,Drag,336,360
0.473,0.473,NoButton,Drag,333,342
0.49,0.49,NoButton,Drag,333,322
0.506,0.506,NoButton,Drag,338,303
0.524,0.524,NoButton,Drag,341,286
0.54,0.54,NoButton,Drag,345,268
0.557,0.557,NoButton,Drag,350,250
0.574,0.574,NoButton,Drag,354,240
0.59,0.59,NoButton,Drag,357,235
0.608,0.608,NoButton,Drag,357,235
0.636,0.636,NoButton,Drag,357,235
0.641,0.641,NoButton,Drag,356,236
0.658,0.658,NoButton,Drag,350,242
0.675,0.675,NoButton,Drag,338,254
0.691,0.691,NoButton,Drag,323,266
0.708,0.708,NoButton,Drag,299,279
0.725,0.725,NoButton,Drag,278,285
0.741,0.741,NoButton,Drag,261,288
0.757,0.757,NoButton,Drag,248,288
0.774,0.774,NoButton,Drag,242,288
0.792,0.792,NoButton,Drag,240,288
0.808,0.808,NoButton,Drag,239,287
0.825,0.825,NoButton,Drag,239,286
0.842,0.842,NoButton,Drag,238,283
0.858,0.858,NoButton,Drag,238,278
0.876,0.876,NoButton,Drag,237,276
0.893,0.893,NoButton,Drag,236,274
0.909,0.909,NoButton,Drag,235,272
0.926,0.926,NoButton,Drag,235,272
1.006,1.006,NoButton,Drag,235,272
1.011,1.011,Left,Pressed,235,272
1.014,1.014,NoButton,Drag,235,272
1.018,1.018,NoButton,Drag,235,273
1.026,1.026,NoButton,Drag,235,273
1.03,1.03,NoButton,Drag,235,273
1.038,1.038,NoButton,Drag,235,273
1.042,1.042,NoButton,Drag,235,274
1.05,1.05,NoButton,Drag,235,274
1.054,1.054,NoButton,Drag,235,274
1.058,1.058,NoButton,Drag,234,274
1.066,1.066,NoButton,Drag,234,275
1.07,1.07,NoButton,Drag,234,275
1.074,1.074,NoButton,Drag,234,275
1.078,1.078,NoButton,Drag,234,275
1.082,1.082,NoButton,Drag,233,275
1.087,1.087,Left,Released,233,275
1.09,1.09,NoButton,Drag,233,276
1.098,1.098,NoButton,Drag,233,276
1.109,1.109,NoButton,Drag,233,276
1.126,1.126,NoButton,Drag,232,277
1.143,1.143,NoButton,Drag,231,277
1.16,1.16,NoButton,Drag,230,278
1.177,1.177,NoButton,Drag,228,278
1.193,1.193,NoButton,Drag,226,278
1.211,1.211,NoButton,Drag,223,279
1.23,1.23,NoButton,Drag,223,279
1.244,1.244,NoButton,Drag,222,279
1.261,1.261,NoButton,Drag,222,279
1.278,1.278,NoButton,Drag,221,280
1.294,1.294,NoButton,Drag,221,280
1.312,1.312,NoButton,Drag,221,282
1.328,1.328,NoButton,Drag,224,284
1.344,1.344,NoButton,Drag,227,286
1.362,1.362,NoButton,Drag,230,288
1.378,1.378,NoButton,Drag,230,289
1.402,1.402,NoButton,Drag,230,288
1.412,1.412,NoButton,Drag,230,288
1.43,1.43,NoButton,Drag,229,287
1.446,1.446,NoButton,Drag,229,286
1.462,1.462,NoButton,Drag,227,285
1.479,1.479,NoButton,Drag,226,283
1.496,1.496,NoButton,Drag,225,281
1.514,1.514,NoButton,Drag,225,281
1.561,1.561,Left,Pressed,225,281
1.618,1.618,Left,Released,225,281
1.677,1.677,NoButton,Drag,225,281
1.72,1.72,NoButton,Drag,225,281
1.728,1.728,NoButton,Drag,225,281
1.732,1.732,NoButton,Drag,225,282
1.746,1.746,NoButton,Drag,225,283
1.763,1.763,NoButton,Drag,226,285
1.779,1.779,NoButton,Drag,229,290
1.796,1.796,NoButton,Drag,238,299
1.813,1.813,NoButton,Drag,261,315
1.83,1.83,NoButton,Drag,287,332
1.848,1.848,NoButton,Drag,325,349
1.864,1.864,NoButton,Drag,374,368
1.881,1.881,NoButton,Drag,440,394
1.897,1.897,NoButton,Drag,492,412
1.914,1.914,NoButton,Drag,541,427
1.931,1.931,NoButton,Drag,574,434
1.947,1.947,NoButton,Drag,594,434
1.965,1.965,NoButton,Drag,604,430
1.982,1.982,NoButton,Drag,607,423
1.998,1.998,NoButton,Drag,610,412
2.016,2.016,NoButton,Drag,609,396
2.033,2.033,NoButton,Drag,599,368
2.05,2.05,NoButton,Drag,587,346
2.067,2.067,NoButton,Drag,573,324
2.083,2.083,NoButton,Drag,566,312
2.101,2.101,NoButton,Drag,564,301
2.118,2.118,NoButton,Drag,562,291
2.134,2.134,NoButton,Drag,560,284
2.151,2.151,NoButton,Drag,555,276
2.167,2.167,NoButton,Drag,550,269
2.184,2.184,NoButton,Drag,549,265
2.201,2.201,NoButton,Drag,548,258
2.218,2.218,NoButton,Drag,550,250
2.235,2.235,NoButton,Drag,552,240
2.253,2.253,NoButton,Drag,556,231
2.27,2.27,NoButton,Drag,559,225
2.286,2.286,NoButton,Drag,561,221
2.303,2.303,NoButton,Drag,562,221
2.321,2.321,NoButton,Drag,562,221
2.335,2.335,NoButton,Drag,562,221
2.337,2.337,Left,Pressed,562,221
2.403,2.403,Left,Released,562,221
2.451,2.451,NoButton,Drag,562,221
2.455,2.455,NoButton,Drag,562,220
2.471,2.471,NoButton,Drag,561,218
2.488,2.488,NoButton,Drag,559,216
2.505,2.505,NoButton,Drag,557,213
2.522,2.522,NoButton,Drag,554,210
2.539,2.539,NoButton,Drag,550,206
2.555,2.555,NoButton,Drag,547,204
2.572,2.572,NoButton,Drag,546,202
2.589,2.589,NoButton,Drag,546,202
2.606,2.606,NoButton,Drag,546,202
2.623,2.623,NoButton,Drag,546,201
2.625,2.625,Left,Pressed,546,201
2.626,2.626,NoButton,Drag,546,201
2.628,2.628,NoButton,Drag,546,201
2.632,2.632,NoButton,Drag,546,201
2.64,2.64,NoButton,Drag,546,201
2.653,2.653,NoButton,Drag,547,201
2.656,2.656,NoButton,Drag,547,201
2.66,2.66,NoButton,Drag,547,200
2.689,2.689,Left,Released,547,200
2.736,2.736,NoButton,Drag,547,200
2.74,2.74,NoButton,Drag,546,201
2.744,2.744,NoButton,Drag,546,201
2.756,2.756,NoButton,Drag,545,203
2.773,2.773,NoButton,Drag,543,210
2.79,2.79,NoButton,Drag,542,221
2.806,2.806,NoButton,Drag,542,237
2.823,2.823,NoButton,Drag,545,258
2.839,2.839,NoButton,Drag,550,283
2.857,2.857,NoButton,Drag,554,318
2.874,2.874,NoButton,Drag,555,347
2.891,2.891,NoButton,Drag,555,381
2.907,2.907,NoButton,Drag,555,416
2.924,2.924,NoButton,Drag,555,453
2.941,2.941,NoButton,Drag,555,501
2.957,2.957,NoButton,Drag,550,544
2.974,2.974,NoButton,Drag,540,584
2.991,2.991,NoButton,Drag,530,620
3.009,3.009,NoButton,Drag,514,659
3.025,3.025,NoButton,Drag,502,688
3.042,3.042,NoButton,Drag,493,714
3.059,3.059,NoButton,Drag,486,735
3.076,3.076,NoButton,Drag,483,748
3.092,3.092,NoButton,Drag,481,753
3.129,3.129,NoButton,Drag,481,752
3.133,3.133,NoButton,Drag,482,752
3.143,3.143,NoButton,Drag,484,749
3.16,3.16,NoButton,Drag,491,740
3.177,3.177,NoButton,Drag,505,727
3.193,3.193,NoButton,Drag,518,715
3.21,3.21,NoButton,Drag,534,699
3.227,3.227,NoButton,Drag,554,681
3.244,3.244,NoButton,Drag,573,668
3.26,3.26,NoButton,Drag,594,655
3.277,3.277,NoButton,Drag,618,644
3.295,3.295,NoButton,Drag,644,631
3.311,3.311,NoButton,Drag,657,624
3.328,3.328,NoButton,Drag,664,619
3.345,3.345,NoButton,Drag,666,617
3.362,3.362,NoButton,Drag,667,616
3.379,3.379,NoButton,Drag,667,616
3.447,3.447,NoButton,Drag,667,616
3.45,3.45,NoButton,Drag,667,616
3.463,3.463,NoButton,Drag,666,616
3.479,3.479,NoButton,Drag,664,614
3.495,3.495,NoButton,Drag,661,612
3.512,3.512,NoButton,Drag,655,608
3.528,3.528,NoButton,Drag,647,603
3.545,3.545,NoButton,Drag,640,598
3.562,3.562,NoButton,Drag,637,595
3.58,3.58,NoButton,Drag,636,594
3.651,3.651,NoButton,Drag,636,594
3.667,3.667,Left,Pressed,636,594
3.711,3.711,Left,Released,636,594
3.713,3.713,NoButton,Drag,636,594
3.718,3.718,NoButton,Drag,635,594
3.73,3.73,NoButton,Drag,635,594
3.747,3.747,NoButton,Drag,634,594
3.758,3.758,NoButton,Drag,633,594
3.774,3.774,NoButton,Drag,629,594
3.791,3.791,NoButton,Drag,628,593
3.877,3.877,Left,Pressed,628,593
3.937,3.937,Left,Released,628,593
3.961,3.961,NoButton,Drag,628,593
3.972,3.972,NoButton,Drag,627,592
3.988,3.988,NoButton,Drag,626,591
4.005,4.005,NoButton,Drag,617,582
4.022,4.022,NoButton,Drag,603,563
4.039,4.039,NoButton,Drag,584,534
4.056,4.056,NoButton,Drag,557,488
4.073,4.073,NoButton,Drag,526,420
4.089,4.089,NoButton,Drag,510,369
4.106,4.106,NoButton,Drag,501,316
4.122,4.122,NoButton,Drag,500,259
4.14,4.14,NoButton,Drag,511,198
4.156,4.156,NoButton,Drag,531,138
4.173,4.173,NoButton,Drag,562,65
4.19,4.19,NoButton,Drag,580,14
4.207,4.207,NoButton,Drag,588,0
4.223,4.223,NoButton,Drag,584,0
4.24,4.24,NoButton,Drag,569,0
4.254,4.254,NoButton,Drag,549,0
4.272,4.272,NoButton,Drag,525,0
4.288,4.288,NoButton,Drag,499,0
4.305,4.305,NoButton,Drag,458,3
4.322,4.322,NoButton,Drag,418,18
4.338,4.338,NoButton,Drag,373,44
4.355,4.355,NoButton,Drag,329,82
4.372,4.372,NoButton,Drag,304,119
4.389,4.389,NoButton,Drag,277,173
4.406,4.406,NoButton,Drag,254,230
4.423,4.423,NoButton,Drag,245,309
4.439,4.439,NoButton,Drag,262,379
4.456,4.456,NoButton,Drag,300,459
4.472,4.472,NoButton,Drag,351,543
4.49,4.49,NoButton,Drag,419,634
4.504,4.504,NoButton,Drag,478,718
4.522,4.522,NoButton,Drag,523,806
4.537,4.537,NoButton,Drag,563,899
4.555,4.555,NoButton,Drag,588,899
4.571,4.571,NoButton,Drag,590,899
4.588,4.588,NoButton,Drag,566,899
4.605,4.605,NoButton,Drag,496,899
4.622,4.622,NoButton,Drag,380,899
4.639,4.639,NoButton,Drag,182,899
4.656,4.656,NoButton,Drag,0,899
4.672,4.672,NoButton,Drag,0,899
4.689,4.689,NoButton,Drag,0,899
4.706,4.706,NoButton,Drag,0,899
4.723,4.723,NoButton,Drag,0,899
4.739,4.739,NoButton,Drag,0,899
4.754,4.754,NoButton,Drag,0,899
4.771,4.771,NoButton,Drag,0,899
4.788,4.788,NoButton,Drag,0,899
4.804,4.804,NoButton,Drag,0,899
4.821,4.821,NoButton,Drag,0,899
4.838,4.838,NoButton,Drag,0,899
4.855,4.855,NoButton,Drag,0,899
4.871,4.871,NoButton,Drag,0,899
4.89,4.89,NoButton,Drag,5,897
4.905,4.905,NoButton,Drag,21,882
4.922,4.922,NoButton,Drag,60,850
4.939,4.939,NoButton,Drag,114,807
4.955,4.955,NoButton,Drag,184,759
4.973,4.973,NoButton,Drag,289,686
4.989,4.989,NoButton,Drag,421,604
5.003,5.003,NoButton,Drag,566,525
5.021,5.021,NoButton,Drag,890,366
5.037,5.037,NoButton,Drag,1168,223
5.055,5.055,NoButton,Drag,1404,85
5.072,5.072,NoButton,Drag,1439,0
5.088,5.088,NoButton,Drag,1439,0
5.105,5.105,NoButton,Drag,1439,0
5.121,5.121,NoButton,Drag,1439,0
5.138,5.138,NoButton,Drag,1439,0
5.155,5.155,NoButton,Drag,1439,0
5.173,5.173,NoButton,Drag,1439,0
5.189,5.189,NoButton,Drag,1439,0
5.206,5.206,NoButton,Drag,1439,0
5.222,5.222,NoButton,Drag,1439,0
5.239,5.239,NoButton,Drag,1439,0
5.254,5.254,NoButton,Drag,1439,0
5.271,5.271,NoButton,Drag,1439,0
5.287,5.287,NoButton,Drag,1439,0
5.304,5.304,NoButton,Drag,1436,0
5.321,5.321,NoButton,Drag,1374,0
5.337,5.337,NoButton,Drag,1269,0
5.354,5.354,NoButton,Drag,1108,0
5.371,5.371,NoButton,Drag,947,0
5.388,5.388,NoButton,Drag,796,0
5.405,5.405,NoButton,Drag,634,3
5.422,5.422,NoButton,Drag,528,34
5.438,5.438,NoButton,Drag,437,81
5.456,5.456,NoButton,Drag,340,167
5.472,5.472,NoButton,Drag,294,243
5.489,5.489,NoButton,Drag,270,314
5.504,5.504,NoButton,Drag,266,385
5.52,5.52,NoButton,Drag,276,459
5.537,5.537,NoButton,Drag,290,525
5.554,5.554,NoButton,Drag,305,589
5.571,5.571,NoButton,Drag,314,627
5.587,5.587,NoButton,Drag,320,650
5.605,5.605,NoButton,Drag,327,660
5.621,5.621,NoButton,Drag,331,664
5.638,5.638,NoButton,Drag,335,663
5.655,5.655,NoButton,Drag,341,656
5.672,5.672,NoButton,Drag,345,648
5.689,5.689,NoButton,Drag,348,636
5.705,5.705,NoButton,Drag,349,619
5.723,5.723,NoButton,Drag,341,589
5.738,5.738,NoButton,Drag,329,562
5.754,5.754,NoButton,Drag,315,533
5.77,5.77,NoButton,Drag,303,507
5.787,5.787,NoButton,Drag,294,485
5.805,5.805,NoButton,Drag,288,467
5.821,5.821,NoButton,Drag,284,450
5.837,5.837,NoButton,Drag,279,434
5.854,5.854,NoButton,Drag,273,411
5.871,5.871,NoButton,Drag,269,390
5.889,5.889,NoButton,Drag,267,367
5.905,5.905,NoButton,Drag,267,341
5.922,5.922,NoButton,Drag,272,313
5.938,5.938,NoButton,Drag,283,277
5.955,5.955,NoButton,Drag,292,246
5.972,5.972,NoButton,Drag,302,213
5.989,5.989,NoButton,Drag,315,180
6.004,6.004,NoButton,Drag,328,150
6.02,6.02,NoButton,Drag,337,120
6.037,6.037,NoButton,Drag,341,102
6.054,6.054,NoButton,Drag,339,89
6.071,6.071,NoButton,Drag,336,80
6.088,6.088,NoButton,Drag,334,77
6.104,6.104,NoButton,Drag,332,77
6.121,6.121,NoButton,Drag,327,78
6.138,6.138,NoButton,Drag,317,84
6.155,6.155,NoButton,Drag,302,93
6.171,6.171,NoButton,Drag,287,102
6.188,6.188,NoButton,Drag,273,112
6.205,6.205,NoButton,Drag,263,118
6.222,6.222,NoButton,Drag,254,124
6.239,6.239,NoButton,Drag,244,132
6.254,6.254,NoButton,Drag,236,145
6.271,6.271,NoButton,Drag,233,150
6.385,6.385,NoButton,Drag,233,150
6.388,6.388,NoButton,Drag,233,148
6.405,6.405,NoButton,Drag,229,143
6.422,6.422,NoButton,Drag,228,143
6.439,6.439,NoButton,Drag,228,141
6.455,6.455,NoButton,Drag,228,140
6.492,6.492,NoButton,Drag,228,141
6.496,6.496,NoButton,Drag,228,141
6.504,6.504,NoButton,Drag,228,141
6.521,6.521,NoButton,Drag,226,142
6.538,6.538,NoButton,Drag,219,149
6.554,6.554,NoButton,Drag,205,159
6.571,6.571,NoButton,Drag,177,178
6.587,6.587,NoButton,Drag,152,192
6.604,6.604,NoButton,Drag,133,205
6.621,6.621,NoButton,Drag,122,213
6.638,6.638,NoButton,Drag,118,216
6.655,6.655,NoButton,Drag,116,219
6.671,6.671,NoButton,Drag,117,220
6.689,6.689,NoButton,Drag,121,220
6.706,6.706,NoButton,Drag,127,219
6.723,6.723,NoButton,Drag,136,216
6.739,6.739,NoButton,Drag,143,213
6.753,6.753,NoButton,Drag,147,210
6.771,6.771,NoButton,Drag,157,206
6.787,6.787,NoButton,Drag,166,203
6.804,6.804,NoButton,Drag,177,200
6.821,6.821,NoButton,Drag,187,198
6.837,6.837,NoButton,Drag,194,197
6.855,6.855,NoButton,Drag,197,196
6.919,6.919,NoButton,Drag,197,196
6.926,6.926,NoButton,Drag,198,195
6.951,6.951,NoButton,Drag,198,195
6.963,6.963,NoButton,Drag,198,195
6.973,6.973,NoButton,Drag,198,194
6.989,6.989,NoButton,Drag,199,194
7.007,7.007,NoButton,Drag,200,194
7.027,7.027,NoButton,Drag,200,194
7.042,7.042,NoButton,Drag,200,194
7.051,7.051,NoButton,Drag,200,194
7.057,7.057,Left,Pressed,200,194
7.058,7.058,NoButton,Drag,201,194
7.087,7.087,NoButton,Drag,201,194
7.145,7.145,Left,Released,201,194
7.157,7.157,NoButton,Drag,201,194
7.16,7.16,NoButton,Drag,201,194
7.176,7.176,NoButton,Drag,201,195
7.193,7.193,NoButton,Drag,201,197
7.21,7.21,NoButton,Drag,201,199
7.226,7.226,NoButton,Drag,206,206
7.243,7.243,NoButton,Drag,222,217
7.258,7.258,NoButton,Drag,274,244
7.275,7.275,NoButton,Drag,379,285
7.293,7.293,NoButton,Drag,576,347
7.309,7.309,NoButton,Drag,755,387
7.327,7.327,NoButton,Drag,946,416
7.343,7.343,NoButton,Drag,1124,436
7.36,7.36,NoButton,Drag,1284,457
7.377,7.377,NoButton,Drag,1376,492
7.629,7.629,NoButton,Drag,1377,493
7.632,7.632,NoButton,Drag,1370,497
7.645,7.645,NoButton,Drag,1336,502
7.662,7.662,NoButton,Drag,1314,495
7.679,7.679,NoButton,Drag,1290,493
7.695,7.695,NoButton,Drag,1218,493
7.713,7.713,NoButton,Drag,1127,493
7.73,7.73,NoButton,Drag,1017,494
7.746,7.746,NoButton,Drag,948,495
7.763,7.763,NoButton,Drag,920,497
7.779,7.779,NoButton,Drag,904,502
7.796,7.796,NoButton,Drag,881,514
7.813,7.813,NoButton,Drag,856,530
7.829,7.829,NoButton,Drag,838,544
7.847,7.847,NoButton,Drag,821,564
7.863,7.863,NoButton,Drag,808,585
7.88,7.88,NoButton,Drag,796,618
7.898,7.898,NoButton,Drag,781,663
7.914,7.914,NoButton,Drag,776,727
7.931,7.931,NoButton,Drag,776,761
8.317,8.317,NoButton,Drag,773,763
8.32,8.32,NoButton,Drag,768,763
8.336,8.336,NoButton,Drag,767,763
8.353,8.353,NoButton,Drag,769,764
8.369,8.369,NoButton,Drag,769,767
8.386,8.386,NoButton,Drag,759,773
8.403,8.403,NoButton,Drag,731,777
8.42,8.42,NoButton,Drag,694,772
8.436,8.436,NoButton,Drag,670,770
8.453,8.453,NoButton,Drag,648,772
8.47,8.47,NoButton,Drag,622,773
8.487,8.487,NoButton,Drag,586,768
8.504,8.504,NoButton,Drag,548,756
8.521,8.521,NoButton,Drag,512,739
8.539,8.539,NoButton,Drag,492,724
8.556,8.556,NoButton,Drag,478,709
8.572,8.572,NoButton,Drag,466,695
8.588,8.588,NoButton,Drag,458,676
8.605,8.605,NoButton,Drag,452,656
8.622,8.622,NoButton,Drag,442,627
8.639,8.639,NoButton,Drag,428,588
8.656,8.656,NoButton,Drag,407,541
8.673,8.673,NoButton,Drag,365,466
8.689,8.689,NoButton,Drag,327,391
8.707,8.707,NoButton,Drag,286,310
8.722,8.722,NoButton,Drag,245,228
8.739,8.739,NoButton,Drag,203,146
8.758,8.758,NoButton,Drag,176,66
8.775,8.775,NoButton,Drag,174,7
8.791,8.791,NoButton,Drag,181,0
8.808,8.808,NoButton,Drag,198,0
8.824,8.824,NoButton,Drag,219,0
8.841,8.841,NoButton,Drag,234,0
8.858,8.858,NoButton,Drag,245,0
8.875,8.875,NoButton,Drag,246,0
8.891,8.891,NoButton,Drag,246,1
8.909,8.909,NoButton,Drag,246,11
8.925,8.925,NoButton,Drag,246,31
8.942,8.942,NoButton,Drag,240,71
8.959,8.959,NoButton,Drag,229,109
8.976,8.976,NoButton,Drag,212,153
8.993,8.993,NoButton,Drag,186,199
9.009,9.009,NoButton,Drag,160,237
9.026,9.026,NoButton,Drag,138,265
9.042,9.042,NoButton,Drag,121,287
9.059,9.059,NoButton,Drag,100,307
9.075,9.075,NoButton,Drag,84,321
9.092,9.092,NoButton,Drag,68,331
9.11,9.11,NoButton,Drag,56,338
9.126,9.126,NoButton,Drag,49,342
9.143,9.143,NoButton,Drag,48,342
9.166,9.166,NoButton,Drag,47,342
9.177,9.177,NoButton,Drag,47,341
9.194,9.194,NoButton,Drag,47,336
9.21,9.21,NoButton,Drag,47,330
9.227,9.227,NoButton,Drag,49,325
9.243,9.243,NoButton,Drag,50,322
9.259,9.259,NoButton,Drag,51,321
9.276,9.276,NoButton,Drag,52,321
9.306,9.306,NoButton,Drag,52,321
9.31,9.31,NoButton,Drag,52,321
9.326,9.326,NoButton,Drag,53,323
9.343,9.343,NoButton,Drag,54,327
9.359,9.359,NoButton,Drag,56,333
9.376,9.376,NoButton,Drag,61,342
9.394,9.394,NoButton,Drag,67,349
9.41,9.41,NoButton,Drag,71,356
9.427,9.427,NoButton,Drag,74,364
9.444,9.444,NoButton,Drag,76,371
9.46,9.46,NoButton,Drag,76,380
9.477,9.477,NoButton,Drag,75,385
9.495,9.495,NoButton,Drag,74,389
9.509,9.509,NoButton,Drag,74,390
9.526,9.526,NoButton,Drag,74,390
9.537,9.537,Left,Pressed,74,390
9.637,9.637,Left,Released,74,390
9.664,9.664,NoButton,Drag,74,390
9.668,9.668,NoButton,Drag,74,390
9.676,9.676,NoButton,Drag,74,391
9.693,9.693,NoButton,Drag,75,396
9.71,9.71,NoButton,Drag,83,408
9.727,9.727,NoButton,Drag,105,433
9.744,9.744,NoButton,Drag,128,456
9.76,9.76,NoButton,Drag,129,458
10.087,10.087,NoButton,Drag,130,459
10.09,10.09,NoButton,Drag,142,460
10.095,10.095,NoButton,Drag,164,460
10.112,10.112,NoButton,Drag,229,447
10.13,10.13,NoButton,Drag,241,423
10.146,10.146,NoButton,Drag,252,397
10.163,10.163,NoButton,Drag,265,366
10.179,10.179,NoButton,Drag,263,340
10.196,10.196,NoButton,Drag,241,311
10.213,10.213,NoButton,Drag,212,280
10.23,10.23,NoButton,Drag,199,258
10.247,10.247,NoButton,Drag,201,243
10.263,10.263,NoButton,Drag,207,233
10.281,10.281,NoButton,Drag,217,224
10.297,10.297,NoButton,Drag,228,217
10.314,10.314,NoButton,Drag,243,208
10.331,10.331,NoButton,Drag,274,196
10.347,10.347,NoButton,Drag,317,183
10.364,10.364,NoButton,Drag,366,165
10.381,10.381,NoButton,Drag,419,146
10.397,10.397,NoButton,Drag,477,126
10.415,10.415,NoButton,Drag,547,104
10.431,10.431,NoButton,Drag,600,88
10.448,10.448,NoButton,Drag,658,75
10.465,10.465,NoButton,Drag,716,65
10.482,10.482,NoButton,Drag,762,61
10.499,10.499,NoButton,Drag,797,61
10.516,10.516,NoButton,Drag,813,66
10.533,10.533,NoButton,Drag,823,74
10.55,10.55,NoButton,Drag,836,87
10.566,10.566,NoButton,Drag,855,107
10.583,10.583,NoButton,Drag,885,137
10.6,10.6,NoButton,Drag,911,158
10.617,10.617,NoButton,Drag,941,178
10.633,10.633,NoButton,Drag,964,190
10.65,10.65,NoButton,Drag,982,196
10.667,10.667,NoButton,Drag,995,199
10.684,10.684,NoButton,Drag,1003,201
10.701,10.701,NoButton,Drag,1007,201
10.717,10.717,NoButton,Drag,1009,201
10.734,10.734,NoButton,Drag,1014,198
10.751,10.751,NoButton,Drag,1022,194
10.764,10.764,NoButton,Drag,1031,191
10.781,10.781,NoButton,Drag,1043,186
10.798,10.798,NoButton,Drag,1052,183
10.815,10.815,NoButton,Drag,1060,182
10.831,10.831,NoButton,Drag,1067,184
10.848,10.848,NoButton,Drag,1071,186
10.865,10.865,NoButton,Drag,1072,187
10.881,10.881,NoButton,Drag,1072,189
10.899,10.899,NoButton,Drag,1072,190
10.916,10.916,NoButton,Drag,1072,190
10.933,10.933,NoButton,Drag,1072,191
10.982,10.982,NoButton,Drag,1073,191
10.984,10.984,NoButton,Drag,1073,191
10.999,10.999,NoButton,Drag,1073,192
11.005,11.005,NoButton,Drag,1073,192
11.014,11.014,Left,Pressed,1073,192
11.014,11.014,NoButton,Drag,1074,193
11.016,11.016,NoButton,Drag,1074,193
11.02,11.02,NoButton,Drag,1074,193
11.024,11.024,NoButton,Drag,1075,194
11.032,11.032,NoButton,Drag,1075,194
11.064,11.064,NoButton,Drag,1075,194
11.131,11.131,Left,Released,1075,194
11.145,11.145,NoButton,Drag,1075,194
11.149,11.149,NoButton,Drag,1075,195
11.163,11.163,NoButton,Drag,1075,196
11.179,11.179,NoButton,Drag,1075,200
11.196,11.196,NoButton,Drag,1075,205
11.213,11.213,NoButton,Drag,1075,212
11.229,11.229,NoButton,Drag,1075,220
11.246,11.246,NoButton,Drag,1077,227
11.263,11.263,NoButton,Drag,1079,232
11.28,11.28,NoButton,Drag,1079,233
11.395,11.395,NoButton,Drag,1079,233
11.398,11.398,NoButton,Drag,1079,233
11.415,11.415,NoButton,Drag,1078,233
11.431,11.431,NoButton,Drag,1077,233
11.448,11.448,NoButton,Drag,1076,233
11.465,11.465,NoButton,Drag,1075,233
11.481,11.481,NoButton,Drag,1075,234
11.498,11.498,NoButton,Drag,1075,236
11.503,11.503,Left,Pressed,1075,236
11.504,11.504,NoButton,Drag,1075,236
11.615,11.615,Left,Released,1075,236
11.632,11.632,NoButton,Drag,1075,236
11.634,11.634,NoButton,Drag,1075,236
11.639,11.639,NoButton,Drag,1075,236
11.656,11.656,NoButton,Drag,1071,236
11.673,11.673,NoButton,Drag,1059,238
11.69,11.69,NoButton,Drag,1037,243
11.707,11.707,NoButton,Drag,989,257
11.724,11.724,NoButton,Drag,938,277
11.741,11.741,NoButton,Drag,864,315
11.757,11.757,NoButton,Drag,789,355
11.771,11.771,NoButton,Drag,729,386
11.787,11.787,NoButton,Drag,649,431
11.804,11.804,NoButton,Drag,563,484
11.821,11.821,NoButton,Drag,444,561
11.838,11.838,NoButton,Drag,334,630
11.854,11.854,NoButton,Drag,224,688
11.872,11.872,NoButton,Drag,119,741
11.888,11.888,NoButton,Drag,31,784
11.905,11.905,NoButton,Drag,0,815
11.922,11.922,NoButton,Drag,0,820
11.939,11.939,NoButton,Drag,0,820
11.956,11.956,NoButton,Drag,23,811
11.973,11.973,NoButton,Drag,117,770
11.989,11.989,NoButton,Drag,260,720
12.006,12.006,NoButton,Drag,432,664
12.022,12.022,NoButton,Drag,602,605
12.038,12.038,NoButton,Drag,764,554
12.056,12.056,NoButton,Drag,916,515
12.072,12.072,NoButton,Drag,1060,502
12.089,12.089,NoButton,Drag,1188,499
12.105,12.105,NoButton,Drag,1255,500
12.122,12.122,NoButton,Drag,1300,510
12.139,12.139,NoButton,Drag,1318,518
12.156,12.156,NoButton,Drag,1319,519
12.3,12.3,NoButton,Drag,1320,519
12.304,12.304,NoButton,Drag,1321,519
12.321,12.321,NoButton,Drag,1326,514
12.338,12.338,NoButton,Drag,1329,510
12.355,12.355,NoButton,Drag,1329,506
12.371,12.371,NoButton,Drag,1329,500
12.388,12.388,NoButton,Drag,1329,493
12.405,12.405,NoButton,Drag,1322,484
12.422,12.422,NoButton,Drag,1298,470
12.439,12.439,NoButton,Drag,1271,460
12.456,12.456,NoButton,Drag,1249,455
12.472,12.472,NoButton,Drag,1235,454
12.49,12.49,NoButton,Drag,1223,455
12.506,12.506,NoButton,Drag,1207,460
12.523,12.523,NoButton,Drag,1183,468
12.539,12.539,NoButton,Drag,1169,474
12.557,12.557,NoButton,Drag,1162,477
12.574,12.574,NoButton,Drag,1159,478
12.59,12.59,NoButton,Drag,1159,478
12.638,12.638,NoButton,Drag,1159,479
12.642,12.642,NoButton,Drag,1159,479
12.657,12.657,NoButton,Drag,1160,479
12.667,12.667,NoButton,Drag,1160,479
12.674,12.674,Left,Pressed,1160,479
12.674,12.674,NoButton,Drag,1162,478
12.678,12.678,NoButton,Drag,1162,478
12.682,12.682,NoButton,Drag,1162,478
12.686,12.686,NoButton,Drag,1163,478
12.69,12.69,NoButton,Drag,1163,478
12.698,12.698,NoButton,Drag,1163,477
12.706,12.706,NoButton,Drag,1163,477
12.722,12.722,NoButton,Drag,1164,477
12.726,12.726,NoButton,Drag,1164,477
12.795,12.795,Left,Released,1164,477
12.818,12.818,NoButton,Drag,1164,477
12.822,12.822,NoButton,Drag,1164,477
12.826,12.826,NoButton,Drag,1165,477
12.841,12.841,NoButton,Drag,1166,477
12.858,12.858,NoButton,Drag,1171,477
12.875,12.875,NoButton,Drag,1176,478
12.892,12.892,NoButton,Drag,1183,480
12.908,12.908,NoButton,Drag,1193,482
12.925,12.925,NoButton,Drag,1201,483
12.943,12.943,NoButton,Drag,1209,484
12.958,12.958,NoButton,Drag,1216,485
12.976,12.976,NoButton,Drag,1221,485
12.992,12.992,NoButton,Drag,1225,486
13.009,13.009,NoButton,Drag,1226,486
13.025,13.025,Left,Pressed,1226,486
13.105,13.105,Left,Released,1226,486
13.149,13.149,NoButton,Drag,1226,487
13.152,13.152,NoButton,Drag,1226,487
13.161,13.161,NoButton,Drag,1225,487
13.178,13.178,NoButton,Drag,1219,492
13.195,13.195,NoButton,Drag,1207,499
13.211,13.211,NoButton,Drag,1190,512
13.228,13.228,NoButton,Drag,1167,530
13.245,13.245,NoButton,Drag,1136,559
13.262,13.262,NoButton,Drag,1109,585
13.276,13.276,NoButton,Drag,1089,606
13.293,13.293,NoButton,Drag,1053,646
13.31,13.31,NoButton,Drag,1022,686
13.326,13.326,NoButton,Drag,988,738
13.344,13.344,NoButton,Drag,952,796
13.36,13.36,NoButton,Drag,914,863
13.377,13.377,NoButton,Drag,853,899
13.394,13.394,NoButton,Drag,774,899
13.41,13.41,NoButton,Drag,673,899
13.427,13.427,NoButton,Drag,534,899
13.444,13.444,NoButton,Drag,367,899
13.461,13.461,NoButton,Drag,134,899
13.477,13.477,NoButton,Drag,0,899
13.494,13.494,NoButton,Drag,0,899
13.511,13.511,NoButton,Drag,0,899
13.527,13.527,NoButton,Drag,0,899
13.545,13.545,NoButton,Drag,0,899
13.561,13.561,NoButton,Drag,0,899
13.578,13.578,NoButton,Drag,0,899
13.596,13.596,NoButton,Drag,0,899
13.847,13.847,NoButton,Drag,0,899
13.851,13.851,NoButton,Drag,0,894
13.863,13.863,NoButton,Drag,0,852
13.88,13.88,NoButton,Drag,0,812
13.897,13.897,NoButton,Drag,0,794
13.913,13.913,NoButton,Drag,1,787
13.93,13.93,NoButton,Drag,11,781
13.947,13.947,NoButton,Drag,64,777
13.964,13.964,NoButton,Drag,133,777
13.981,13.981,NoButton,Drag,198,778
13.997,13.997,NoButton,Drag,254,780
14.012,14.012,NoButton,Drag,313,786
14.03,14.03,NoButton,Drag,369,798
14.046,14.046,NoButton,Drag,412,809
14.064,14.064,NoButton,Drag,425,812
14.08,14.08,NoButton,Drag,430,813
14.096,14.096,NoButton,Drag,431,813
14.116,14.116,NoButton,Drag,430,813
14.131,14.131,NoButton,Drag,429,813
14.148,14.148,NoButton,Drag,422,811
14.164,14.164,NoButton,Drag,398,804
14.181,14.181,NoButton,Drag,335,782
14.197,14.197,NoButton,Drag,264,759
14.215,14.215,NoButton,Drag,188,735
14.231,14.231,NoButton,Drag,111,708
14.248,14.248,NoButton,Drag,32,676
14.265,14.265,NoButton,Drag,0,644
14.281,14.281,NoButton,Drag,0,632
14.298,14.298,NoButton,Drag,0,629
14.341,14.341,NoButton,Drag,0,629
14.344,14.344,NoButton,Drag,0,629
14.348,14.348,NoButton,Drag,1,629
14.517,14.517,NoButton,Drag,0,628
14.521,14.521,NoButton,Drag,0,628
14.535,14.535,NoButton,Drag,0,628
14.553,14.553,NoButton,Drag,0,628
14.569,14.569,NoButton,Drag,0,628
14.585,14.585,NoButton,Drag,2,630
14.602,14.602,NoButton,Drag,7,631
14.619,14.619,NoButton,Drag,17,630
14.636,14.636,NoButton,Drag,23,628
14.653,14.653,NoButton,Drag,36,618
14.67,14.67,NoButton,Drag,68,601
14.686,14.686,NoButton,Drag,127,575
14.703,14.703,NoButton,Drag,203,543
14.72,14.72,NoButton,Drag,211,544
14.738,14.738,NoButton,Drag,211,544
14.754,14.754,NoButton,Drag,210,543
14.77,14.77,NoButton,Drag,208,542
14.788,14.788,NoButton,Drag,204,539
14.806,14.806,NoButton,Drag,198,535
14.823,14.823,NoButton,Drag,187,532
14.84,14.84,NoButton,Drag,171,533
14.856,14.856,NoButton,Drag,154,538
14.873,14.873,NoButton,Drag,136,543
14.89,14.89,NoButton,Drag,123,550
14.906,14.906,NoButton,Drag,124,563
14.924,14.924,NoButton,Drag,146,593
15.201,15.201,NoButton,Drag,147,595
15.204,15.204,NoButton,Drag,141,594
15.21,15.21,NoButton,Drag,124,592
15.227,15.227,NoButton,Drag,0,604
15.244,15.244,NoButton,Drag,0,633
15.26,15.26,NoButton,Drag,0,586
15.277,15.277,NoButton,Drag,0,449
15.295,15.295,NoButton,Drag,0,291
15.311,15.311,NoButton,Drag,0,138
15.328,15.328,NoButton,Drag,0,0
15.345,15.345,NoButton,Drag,0,0
15.361,15.361,NoButton,Drag,0,0
15.377,15.377,NoButton,Drag,0,0
15.395,15.395,NoButton,Drag,0,0
15.411,15.411,NoButton,Drag,0,0
15.428,15.428,NoButton,Drag,0,0
15.445,15.445,NoButton,Drag,0,0
15.462,15.462,NoButton,Drag,0,8
15.479,15.479,NoButton,Drag,0,33
15.496,15.496,NoButton,Drag,0,69
15.512,15.512,NoButton,Drag,0,107
15.529,15.529,NoButton,Drag,0,153
15.546,15.546,NoButton,Drag,0,187
15.563,15.563,NoButton,Drag,0,216
15.58,15.58,NoButton,Drag,0,242
15.597,15.597,NoButton,Drag,0,266
15.613,15.613,NoButton,Drag,0,280
15.63,15.63,NoButton,Drag,0,287
15.647,15.647,NoButton,Drag,0,288
15.668,15.668,NoButton,Drag,0,288
15.681,15.681,NoButton,Drag,0,287
15.698,15.698,NoButton,Drag,0,285
15.715,15.715,NoButton,Drag,3,282
15.731,15.731,NoButton,Drag,7,278
15.749,15.749,NoButton,Drag,15,273
15.765,15.765,NoButton,Drag,22,270
15.778,15.778,NoButton,Drag,28,268
15.795,15.795,NoButton,Drag,40,265
15.812,15.812,NoButton,Drag,54,261
15.828,15.828,NoButton,Drag,78,253
15.846,15.846,NoButton,Drag,108,242
15.862,15.862,NoButton,Drag,141,228
15.879,15.879,NoButton,Drag,183,206
15.896,15.896,NoButton,Drag,215,188
15.913,15.913,NoButton,Drag,239,171
15.929,15.929,NoButton,Drag,256,157
15.947,15.947,NoButton,Drag,266,145
15.963,15.963,NoButton,Drag,268,140
15.979,15.979,NoButton,Drag,267,136
15.996,15.996,NoButton,Drag,263,131
16.013,16.013,NoButton,Drag,255,125
16.027,16.027,NoButton,Drag,243,120
16.045,16.045,NoButton,Drag,233,115
16.062,16.062,NoButton,Drag,221,110
16.077,16.077,NoButton,Drag,210,107
16.094,16.094,NoButton,Drag,195,104
16.111,16.111,NoButton,Drag,182,103
16.128,16.128,NoButton,Drag,172,103
16.146,16.146,NoButton,Drag,165,105
16.162,16.162,NoButton,Drag,160,108
16.179,16.179,NoButton,Drag,157,109
16.262,16.262,NoButton,Drag,157,109
16.279,16.279,Left,Pressed,157,109
16.286,16.286,NoButton,Drag,157,109
16.29,16.29,NoButton,Drag,157,109
16.294,16.294,NoButton,Drag,157,110
16.302,16.302,NoButton,Drag,157,110
16.306,16.306,NoButton,Drag,157,110
16.31,16.31,NoButton,Drag,157,110
16.314,16.314,NoButton,Drag,157,111
16.318,16.318,NoButton,Drag,157,111
16.322,16.322,NoButton,Drag,156,112
16.326,16.326,NoButton,Drag,156,112
16.33,16.33,NoButton,Drag,156,113
16.334,16.334,NoButton,Drag,156,113
16.338,16.338,NoButton,Drag,155,114
16.342,16.342,NoButton,Drag,155,114
16.346,16.346,NoButton,Drag,155,115
16.35,16.35,NoButton,Drag,155,116
16.354,16.354,NoButton,Drag,155,116
16.356,16.356,NoButton,Drag,155,117
16.36,16.36,NoButton,Drag,154,117
16.364,16.364,NoButton,Drag,154,117
16.368,16.368,NoButton,Drag,154,117
16.409,16.409,Left,Released,154,117
16.468,16.468,NoButton,Drag,154,117
16.54,16.54,NoButton,Drag,154,118
16.544,16.544,NoButton,Drag,154,118
16.56,16.56,NoButton,Drag,155,122
16.577,16.577,NoButton,Drag,158,137
16.593,16.593,NoButton,Drag,163,154
16.611,16.611,NoButton,Drag,168,177
16.627,16.627,NoButton,Drag,174,208
16.644,16.644,NoButton,Drag,180,244
16.66,16.66,NoButton,Drag,188,304
16.677,16.677,NoButton,Drag,195,364
16.694,16.694,NoButton,Drag,205,433
16.711,16.711,NoButton,Drag,217,517
16.728,16.728,NoButton,Drag,234,623
16.744,16.744,NoButton,Drag,256,770
16.761,16.761,NoButton,Drag,275,896
16.779,16.779,NoButton,Drag,290,899
16.795,16.795,NoButton,Drag,309,899
16.812,16.812,NoButton,Drag,334,899
16.829,16.829,NoButton,Drag,367,899
16.846,16.846,NoButton,Drag,392,899
16.863,16.863,NoButton,Drag,411,899
16.88,16.88,NoButton,Drag,427,899
16.896,16.896,NoButton,Drag,437,899
16.913,16.913,NoButton,Drag,440,898
16.929,16.929,NoButton,Drag,444,891
16.946,16.946,NoButton,Drag,452,874
16.963,16.963,NoButton,Drag,458,857
16.98,16.98,NoButton,Drag,463,834
16.997,16.997,NoButton,Drag,469,808
17.014,17.014,NoButton,Drag,471,782
17.03,17.03,NoButton,Drag,471,756
17.047,17.047,NoButton,Drag,464,727
17.064,17.064,NoButton,Drag,460,709
17.081,17.081,NoButton,Drag,454,697
17.098,17.098,NoButton,Drag,448,687
17.114,17.114,NoButton,Drag,443,682
17.131,17.131,NoButton,Drag,435,679
17.147,17.147,NoButton,Drag,425,680
17.165,17.165,NoButton,Drag,412,686
17.182,17.182,NoButton,Drag,396,695
17.199,17.199,NoButton,Drag,373,713
17.215,17.215,NoButton,Drag,351,731
17.232,17.232,NoButton,Drag,330,751
17.248,17.248,NoButton,Drag,315,767
17.266,17.266,NoButton,Drag,306,782
17.282,17.282,NoButton,Drag,302,793
17.298,17.298,NoButton,Drag,301,800
17.315,17.315,NoButton,Drag,302,803
17.331,17.331,NoButton,Drag,303,803
17.348,17.348,NoButton,Drag,305,803
17.365,17.365,NoButton,Drag,308,801
17.381,17.381,NoButton,Drag,311,798
17.399,17.399,NoButton,Drag,317,791
17.415,17.415,NoButton,Drag,322,786
17.431,17.431,NoButton,Drag,327,781
17.448,17.448,NoButton,Drag,333,776
17.464,17.464,NoButton,Drag,338,770
17.481,17.481,NoButton,Drag,342,766
17.498,17.498,NoButton,Drag,344,764
17.515,17.515,NoButton,Drag,345,763
17.545,17.545,Left,Pressed,345,763
17.693,17.693,Left,Released,345,763
17.712,17.712,NoButton,Drag,345,763
17.716,17.716,NoButton,Drag,345,762
17.731,17.731,NoButton,Drag,345,761
17.749,17.749,NoButton,Drag,343,756
17.765,17.765,NoButton,Drag,341,747
17.78,17.78,NoButton,Drag,339,737
17.797,17.797,NoButton,Drag,334,718
17.814,17.814,NoButton,Drag,333,698
17.83,17.83,NoButton,Drag,333,671
17.847,17.847,NoButton,Drag,332,633
17.864,17.864,NoButton,Drag,331,588
17.881,17.881,NoButton,Drag,331,517
17.898,17.898,NoButton,Drag,325,451
17.914,17.914,NoButton,Drag,311,379
17.932,17.932,NoButton,Drag,288,300
17.948,17.948,NoButton,Drag,259,219
17.965,17.965,NoButton,Drag,220,118
17.981,17.981,NoButton,Drag,195,40
17.998,17.998,NoButton,Drag,171,0
18.015,18.015,NoButton,Drag,157,0
18.032,18.032,NoButton,Drag,155,0
18.048,18.048,NoButton,Drag,161,0
18.066,18.066,NoButton,Drag,178,0
18.082,18.082,NoButton,Drag,206,0
18.099,18.099,NoButton,Drag,275,15
18.115,18.115,NoButton,Drag,353,51
18.133,18.133,NoButton,Drag,439,96
18.149,18.149,NoButton,Drag,553,170
18.166,18.166,NoButton,Drag,697,272
18.183,18.183,NoButton,Drag,903,431
18.199,18.199,NoButton,Drag,1087,591
18.217,18.217,NoButton,Drag,1274,768
18.233,18.233,NoButton,Drag,1438,899
18.25,18.25,NoButton,Drag,1439,899
18.267,18.267,NoButton,Drag,1439,899
18.283,18.283,NoButton,Drag,1439,899
18.299,18.299,NoButton,Drag,1439,899
18.314,18.314,NoButton,Drag,1439,899
18.33,18.33,NoButton,Drag,1439,899
18.346,18.346,NoButton,Drag,1439,899
18.363,18.363,NoButton,Drag,1433,862
18.38,18.38,NoButton,Drag,1420,820
18.397,18.397,NoButton,Drag,1400,760
18.413,18.413,NoButton,Drag,1373,691
18.43,18.43,NoButton,Drag,1349,629
18.446,18.446,NoButton,Drag,1314,544
18.463,18.463,NoButton,Drag,1292,489
18.48,18.48,NoButton,Drag,1274,442
18.496,18.496,NoButton,Drag,1258,408
18.513,18.513,NoButton,Drag,1241,381
18.53,18.53,NoButton,Drag,1225,362
18.546,18.546,NoButton,Drag,1209,348
18.563,18.563,NoButton,Drag,1199,343
18.579,18.579,NoButton,Drag,1193,342
18.596,18.596,NoButton,Drag,1185,342
18.613,18.613,NoButton,Drag,1178,342
18.63,18.63,NoButton,Drag,1173,342
18.646,18.646,NoButton,Drag,1171,342
18.663,18.663,NoButton,Drag,1170,342
18.708,18.708,NoButton,Drag,1171,342
18.712,18.712,NoButton,Drag,1171,342
18.716,18.716,NoButton,Drag,1172,342
18.73,18.73,NoButton,Drag,1174,342
18.747,18.747,NoButton,Drag,1179,345
18.763,18.763,NoButton,Drag,1186,350
18.779,18.779,NoButton,Drag,1196,359
18.796,18.796,NoButton,Drag,1206,370
18.813,18.813,NoButton,Drag,1221,387
18.83,18.83,NoButton,Drag,1232,403
18.847,18.847,NoButton,Drag,1241,416
18.864,18.864,NoButton,Drag,1246,424
18.88,18.88,NoButton,Drag,1246,428
18.897,18.897,NoButton,Drag,1246,428
18.961,18.961,Left,Pressed,1246,428
19.086,19.086,NoButton,Drag,1246,429
19.088,19.088,NoButton,Drag,1247,429
19.093,19.093,NoButton,Drag,1247,429
19.096,19.096,NoButton,Drag,1247,430
19.1,19.1,NoButton,Drag,1248,430
19.104,19.104,NoButton,Drag,1248,432
19.108,19.108,NoButton,Drag,1249,433
19.112,19.112,NoButton,Drag,1250,434
19.117,19.117,Left,Released,1250,434
19.118,19.118,NoButton,Drag,1251,436
19.132,19.132,NoButton,Drag,1256,442
19.148,19.148,NoButton,Drag,1261,449
19.165,19.165,NoButton,Drag,1268,460
19.182,19.182,NoButton,Drag,1274,467
19.199,19.199,NoButton,Drag,1280,475
19.216,19.216,NoButton,Drag,1287,482
19.232,19.232,NoButton,Drag,1291,486
19.25,19.25,NoButton,Drag,1291,487
19.275,19.275,Left,Pressed,1291,487
19.29,19.29,NoButton,Drag,1291,487
19.314,19.314,NoButton,Drag,1291,487
19.339,19.339,NoButton,Drag,1291,487
19.346,19.346,NoButton,Drag,1291,486
19.35,19.35,NoButton,Drag,1291,486
19.358,19.358,NoButton,Drag,1291,486
19.362,19.362,NoButton,Drag,1291,486
19.366,19.366,NoButton,Drag,1291,486
19.37,19.37,NoButton,Drag,1291,485
19.387,19.387,Left,Released,1291,485
19.388,19.388,NoButton,Drag,1291,485
19.401,19.401,NoButton,Drag,1290,485
19.417,19.417,NoButton,Drag,1288,485
19.434,19.434,NoButton,Drag,1284,486
19.45,19.45,NoButton,Drag,1269,490
19.467,19.467,NoButton,Drag,1246,498
19.484,19.484,NoButton,Drag,1212,511
19.501,19.501,NoButton,Drag,1167,531
19.518,19.518,NoButton,Drag,1116,557
19.538,19.538,NoButton,Drag,1040,598
19.554,19.554,NoButton,Drag,978,631
19.571,19.571,NoButton,Drag,900,673
19.587,19.587,NoButton,Drag,845,704
19.604,19.604,NoButton,Drag,799,727
19.621,19.621,NoButton,Drag,765,743
19.638,19.638,NoButton,Drag,740,751
19.655,19.655,NoButton,Drag,719,751
19.671,19.671,NoButton,Drag,709,743
19.689,19.689,NoButton,Drag,701,725
19.705,19.705,NoButton,Drag,696,692
19.722,19.722,NoButton,Drag,700,645
19.739,19.739,NoButton,Drag,712,581
19.756,19.756,NoButton,Drag,725,528
19.772,19.772,NoButton,Drag,740,479
19.791,19.791,NoButton,Drag,761,420
19.808,19.808,NoButton,Drag,779,383
19.825,19.825,NoButton,Drag,801,347
19.841,19.841,NoButton,Drag,818,324
19.858,19.858,NoButton,Drag,834,308
19.875,19.875,NoButton,Drag,847,298
19.892,19.892,NoButton,Drag,859,291
19.908,19.908,NoButton,Drag,869,288
19.925,19.925,NoButton,Drag,878,286
19.942,19.942,NoButton,Drag,881,287
19.959,19.959,NoButton,Drag,882,287
19.998,19.998,NoButton,Drag,882,287
20.009,20.009,NoButton,Drag,882,287
20.074,20.074,Left,Pressed,882,287
20.075,20.075,NoButton,Drag,883,287
20.084,20.084,NoButton,Drag,883,287
20.088,20.088,NoButton,Drag,883,287
20.092,20.092,NoButton,Drag,883,288
20.096,20.096,NoButton,Drag,883,288
20.1,20.1,NoButton,Drag,883,289
20.104,20.104,NoButton,Drag,883,289
20.108,20.108,NoButton,Drag,884,290
20.112,20.112,NoButton,Drag,884,290
20.116,20.116,NoButton,Drag,884,291
20.12,20.12,NoButton,Drag,884,292
20.124,20.124,NoButton,Drag,884,292
20.128,20.128,NoButton,Drag,884,293
20.132,20.132,NoButton,Drag,884,295
20.136,20.136,NoButton,Drag,885,296
20.14,20.14,NoButton,Drag,885,297
20.144,20.144,NoButton,Drag,886,299
20.148,20.148,NoButton,Drag,886,301
20.152,20.152,NoButton,Drag,887,303
20.156,20.156,NoButton,Drag,887,305
20.16,20.16,NoButton,Drag,888,307
20.164,20.164,NoButton,Drag,888,310
20.168,20.168,NoButton,Drag,889,312
20.172,20.172,NoButton,Drag,889,314
20.176,20.176,NoButton,Drag,890,316
20.18,20.18,NoButton,Drag,890,318
20.184,20.184,NoButton,Drag,891,320
20.188,20.188,NoButton,Drag,892,323
20.192,20.192,NoButton,Drag,892,325
20.196,20.196,NoButton,Drag,893,327
20.2,20.2,NoButton,Drag,893,329
20.204,20.204,NoButton,Drag,893,331
20.208,20.208,NoButton,Drag,894,333
20.212,20.212,NoButton,Drag,894,335
20.216,20.216,NoButton,Drag,895,336
20.22,20.22,NoButton,Drag,895,337
20.224,20.224,NoButton,Drag,896,339
20.228,20.228,NoButton,Drag,896,340
20.232,20.232,NoButton,Drag,896,340
20.236,20.236,NoButton,Drag,896,341
20.24,20.24,NoButton,Drag,896,341
20.245,20.245,Left,Released,896,341
20.246,20.246,NoButton,Drag,896,342
20.261,20.261,NoButton,Drag,896,343
20.339,20.339,Left,Pressed,896,343
20.455,20.455,Left,Released,896,343
20.466,20.466,NoButton,Drag,896,343
20.476,20.476,NoButton,Drag,896,343
20.493,20.493,NoButton,Drag,896,344
20.509,20.509,NoButton,Drag,893,346
20.527,20.527,NoButton,Drag,883,352
20.543,20.543,NoButton,Drag,866,360
20.561,20.561,NoButton,Drag,840,372
20.577,20.577,NoButton,Drag,807,386
20.594,20.594,NoButton,Drag,771,400
20.611,20.611,NoButton,Drag,722,418
20.627,20.627,NoButton,Drag,692,429
20.644,20.644,NoButton,Drag,667,436
20.661,20.661,NoButton,Drag,645,442
20.678,20.678,NoButton,Drag,624,445
20.694,20.694,NoButton,Drag,617,446
20.711,20.711,NoButton,Drag,612,447
20.728,20.728,NoButton,Drag,611,449
20.744,20.744,NoButton,Drag,609,456
20.762,20.762,NoButton,Drag,607,469
20.775,20.775,NoButton,Drag,607,488
20.792,20.792,NoButton,Drag,608,513
20.808,20.808,NoButton,Drag,612,537
20.826,20.826,NoButton,Drag,618,559
20.842,20.842,NoButton,Drag,624,576
20.859,20.859,NoButton,Drag,633,592
20.876,20.876,NoButton,Drag,639,602
20.892,20.892,NoButton,Drag,641,610
20.909,20.909,NoButton,Drag,641,617
20.926,20.926,NoButton,Drag,638,625
20.943,20.943,NoButton,Drag,631,637
20.959,20.959,NoButton,Drag,623,648
20.976,20.976,NoButton,Drag,613,661
20.993,20.993,NoButton,Drag,607,670
21.009,21.009,NoButton,Drag,603,674
21.025,21.025,NoButton,Drag,602,675
21.053,21.053,NoButton,Drag,602,675
21.059,21.059,NoButton,Drag,602,675
21.075,21.075,NoButton,Drag,601,675
21.093,21.093,NoButton,Drag,600,674
21.108,21.108,NoButton,Drag,600,674
21.149,21.149,Left,Pressed,600,674
21.249,21.249,NoButton,Drag,600,674
21.252,21.252,NoButton,Drag,599,674
21.256,21.256,NoButton,Drag,599,674
21.26,21.26,NoButton,Drag,599,674
21.264,21.264,NoButton,Drag,598,675
21.268,21.268,NoButton,Drag,598,675
21.272,21.272,NoButton,Drag,597,675
21.276,21.276,NoButton,Drag,597,675
21.28,21.28,NoButton,Drag,596,675
21.284,21.284,NoButton,Drag,595,676
21.288,21.288,NoButton,Drag,595,676
21.292,21.292,NoButton,Drag,594,676
21.296,21.296,NoButton,Drag,593,676
21.301,21.301,NoButton,Drag,592,676
21.304,21.304,NoButton,Drag,591,676
21.309,21.309,Left,Released,591,676
21.31,21.31,NoButton,Drag,590,676
21.325,21.325,NoButton,Drag,585,676
21.341,21.341,NoButton,Drag,580,676
21.358,21.358,NoButton,Drag,578,676
21.376,21.376,NoButton,Drag,577,676
21.406,21.406,Left,Pressed,577,676
21.489,21.489,NoButton,Drag,577,676
21.501,21.501,NoButton,Drag,577,676
21.504,21.504,NoButton,Drag,577,675
21.512,21.512,NoButton,Drag,577,675
21.518,21.518,NoButton,Drag,576,675
21.53,21.53,NoButton,Drag,576,675
21.535,21.535,Left,Released,576,675
21.536,21.536,NoButton,Drag,576,674
21.542,21.542,NoButton,Drag,576,674
21.559,21.559,NoButton,Drag,576,673
21.572,21.572,NoButton,Drag,575,671
21.59,21.59,NoButton,Drag,573,669
21.606,21.606,NoButton,Drag,571,666
21.623,21.623,NoButton,Drag,568,660
21.64,21.64,NoButton,Drag,564,654
21.657,21.657,NoButton,Drag,561,645
21.673,21.673,NoButton,Drag,559,637
21.69,21.69,NoButton,Drag,558,626
21.707,21.707,NoButton,Drag,558,615
21.723,21.723,NoButton,Drag,558,609
21.741,21.741,NoButton,Drag,558,604
21.757,21.757,NoButton,Drag,558,601
21.775,21.775,NoButton,Drag,557,600
21.793,21.793,NoButton,Drag,555,598
21.81,21.81,NoButton,Drag,549,595
21.826,21.826,NoButton,Drag,541,593
21.843,21.843,NoButton,Drag,530,593
21.859,21.859,NoButton,Drag,523,594
21.876,21.876,NoButton,Drag,516,595
21.893,21.893,NoButton,Drag,511,597
21.91,21.91,NoButton,Drag,505,598
21.927,21.927,NoButton,Drag,495,599
21.943,21.943,NoButton,Drag,484,599
21.961,21.961,NoButton,Drag,473,597
21.977,21.977,NoButton,Drag,456,593
21.994,21.994,NoButton,Drag,440,587
22.01,22.01,NoButton,Drag,421,578
22.027,22.027,NoButton,Drag,411,571
22.044,22.044,NoButton,Drag,406,566
22.061,22.061,NoButton,Drag,405,564
22.078,22.078,NoButton,Drag,404,564
22.095,22.095,NoButton,Drag,404,563
22.161,22.161,Left,Pressed,404,563
22.297,22.297,Left,Released,404,563
22.329,22.329,NoButton,Drag,404,563
22.332,22.332,NoButton,Drag,404,563
22.346,22.346,NoButton,Drag,404,563
22.365,22.365,NoButton,Drag,403,563
22.389,22.389,Left,Pressed,403,563
22.449,22.449,NoButton,Drag,403,563
22.453,22.453,NoButton,Drag,403,562
22.456,22.456,NoButton,Drag,403,562
22.46,22.46,NoButton,Drag,402,561
22.464,22.464,NoButton,Drag,402,561
22.468,22.468,NoButton,Drag,402,560
22.472,22.472,NoButton,Drag,401,558
22.476,22.476,NoButton,Drag,400,557
22.48,22.48,NoButton,Drag,399,555
22.484,22.484,NoButton,Drag,398,553
22.488,22.488,NoButton,Drag,396,551
22.493,22.493,Left,Released,396,551
22.494,22.494,NoButton,Drag,394,548
22.497,22.497,NoButton,Drag,393,545
22.513,22.513,NoButton,Drag,384,526
22.529,22.529,NoButton,Drag,373,497
22.546,22.546,NoButton,Drag,360,456
22.563,22.563,NoButton,Drag,348,410
22.58,22.58,NoButton,Drag,338,360
22.597,22.597,NoButton,Drag,338,310
22.614,22.614,NoButton,Drag,339,306
22.783,22.783,NoButton,Drag,342,302
22.786,22.786,NoButton,Drag,344,299
22.798,22.798,NoButton,Drag,349,293
22.811,22.811,NoButton,Drag,352,290
22.814,22.814,Left,Pressed,352,290
22.815,22.815,NoButton,Drag,353,287
22.818,22.818,NoButton,Drag,354,284
22.822,22.822,NoButton,Drag,355,281
22.826,22.826,NoButton,Drag,356,277
22.83,22.83,NoButton,Drag,358,272
22.834,22.834,NoButton,Drag,362,266
22.838,22.838,NoButton,Drag,367,259
22.842,22.842,NoButton,Drag,373,253
22.846,22.846,NoButton,Drag,380,245
22.85,22.85,NoButton,Drag,387,238
22.854,22.854,NoButton,Drag,397,231
22.859,22.859,Left,Released,397,231
22.86,22.86,NoButton,Drag,408,223
22.868,22.868,NoButton,Drag,432,209
22.885,22.885,NoButton,Drag,478,182
22.902,22.902,NoButton,Drag,514,152
22.918,22.918,NoButton,Drag,548,121
22.935,22.935,NoButton,Drag,599,82
22.952,22.952,NoButton,Drag,647,55
22.968,22.968,NoButton,Drag,692,35
22.985,22.985,NoButton,Drag,724,21
23.002,23.002,NoButton,Drag,741,10
23.02,23.02,NoButton,Drag,751,3
23.036,23.036,NoButton,Drag,753,2
23.067,23.067,NoButton,Drag,753,2
23.07,23.07,NoButton,Drag,753,2
23.086,23.086,NoButton,Drag,753,4
23.103,23.103,NoButton,Drag,750,10
23.12,23.12,NoButton,Drag,747,19
23.137,23.137,NoButton,Drag,743,31
23.154,23.154,NoButton,Drag,735,43
23.17,23.17,NoButton,Drag,725,60
23.187,23.187,NoButton,Drag,709,79
23.203,23.203,NoButton,Drag,699,90
23.22,23.22,NoButton,Drag,694,96
23.237,23.237,NoButton,Drag,691,99
23.254,23.254,NoButton,Drag,690,101
23.27,23.27,NoButton,Drag,690,102
23.337,23.337,NoButton,Drag,690,101
23.353,23.353,NoButton,Drag,689,101
23.357,23.357,NoButton,Drag,689,101
23.373,23.373,NoButton,Drag,689,101
23.39,23.39,NoButton,Drag,687,101
23.407,23.407,NoButton,Drag,686,102
23.423,23.423,NoButton,Drag,683,104
23.429,23.429,NoButton,Drag,682,104
23.44,23.44,Left,Pressed,682,104
23.441,23.441,NoButton,Drag,679,106
23.444,23.444,NoButton,Drag,679,106
23.448,23.448,NoButton,Drag,678,107
23.452,23.452,NoButton,Drag,677,107
23.456,23.456,NoButton,Drag,676,108
23.46,23.46,NoButton,Drag,675,108
23.464,23.464,NoButton,Drag,674,108
23.468,23.468,NoButton,Drag,673,109
23.472,23.472,NoButton,Drag,671,109
23.476,23.476,NoButton,Drag,669,109
23.481,23.481,NoButton,Drag,667,110
23.484,23.484,NoButton,Drag,665,111
23.488,23.488,NoButton,Drag,662,111
23.492,23.492,NoButton,Drag,659,112
23.496,23.496,NoButton,Drag,655,113
23.5,23.5,NoButton,Drag,652,114
23.504,23.504,NoButton,Drag,649,115
23.508,23.508,NoButton,Drag,646,115
23.512,23.512,NoButton,Drag,643,116
23.516,23.516,NoButton,Drag,640,117
23.521,23.521,NoButton,Drag,638,117
23.524,23.524,NoButton,Drag,637,117
23.528,23.528,NoButton,Drag,636,117
23.532,23.532,NoButton,Drag,635,118
23.536,23.536,NoButton,Drag,634,118
23.544,23.544,NoButton,Drag,634,118
23.593,23.593,NoButton,Drag,634,118
23.609,23.609,NoButton,Drag,634,118
23.621,23.621,NoButton,Drag,634,118
23.775,23.775,Left,Released,634,118
23.789,23.789,NoButton,Drag,634,117
23.809,23.809,NoButton,Drag,633,117
23.816,23.816,NoButton,Drag,633,117
23.825,23.825,NoButton,Drag,633,117
23.842,23.842,NoButton,Drag,633,117
23.859,23.859,NoButton,Drag,632,116
23.876,23.876,NoButton,Drag,631,116
23.892,23.892,NoButton,Drag,631,117
23.934,23.934,NoButton,Drag,631,117
23.938,23.938,NoButton,Drag,631,117
23.947,23.947,Left,Pressed,631,117
23.95,23.95,NoButton,Drag,631,117
24.059,24.059,Left,Released,631,117
24.086,24.086,NoButton,Drag,631,117
24.094,24.094,NoButton,Drag,630,117
24.111,24.111,NoButton,Drag,628,118
24.127,24.127,NoButton,Drag,623,122
24.144,24.144,NoButton,Drag,617,130
24.161,24.161,NoButton,Drag,613,140
24.178,24.178,NoButton,Drag,610,150
24.195,24.195,NoButton,Drag,609,164
24.211,24.211,NoButton,Drag,609,173
24.229,24.229,NoButton,Drag,610,181
24.245,24.245,NoButton,Drag,612,187
24.262,24.262,NoButton,Drag,615,193
24.279,24.279,NoButton,Drag,618,202
24.295,24.295,NoButton,Drag,617,207
24.313,24.313,NoButton,Drag,614,211
24.33,24.33,NoButton,Drag,614,212
24.491,24.491,NoButton,Drag,614,214
24.493,24.493,NoButton,Drag,615,219
24.497,24.497,NoButton,Drag,616,228
24.515,24.515,NoButton,Drag,630,295
24.531,24.531,NoButton,Drag,633,325
24.547,24.547,NoButton,Drag,634,346
24.567,24.567,NoButton,Drag,635,403
24.584,24.584,NoButton,Drag,634,449
24.6,24.6,NoButton,Drag,625,480
24.617,24.617,NoButton,Drag,601,516
24.634,24.634,NoButton,Drag,582,540
24.651,24.651,NoButton,Drag,568,558
24.667,24.667,NoButton,Drag,554,574
24.684,24.684,NoButton,Drag,535,594
24.701,24.701,NoButton,Drag,510,620
24.717,24.717,NoButton,Drag,492,638
24.734,24.734,NoButton,Drag,476,653
24.752,24.752,NoButton,Drag,464,666
24.768,24.768,NoButton,Drag,457,676
24.785,24.785,NoButton,Drag,452,683
24.802,24.802,NoButton,Drag,451,686
24.833,24.833,NoButton,Drag,451,686
24.837,24.837,NoButton,Drag,451,685
24.853,24.853,NoButton,Drag,454,681
24.87,24.87,NoButton,Drag,459,673
24.886,24.886,NoButton,Drag,468,663
24.904,24.904,NoButton,Drag,478,653
24.919,24.919,NoButton,Drag,488,643
24.937,24.937,NoButton,Drag,502,629
24.953,24.953,NoButton,Drag,514,618
24.969,24.969,NoButton,Drag,523,609
24.987,24.987,NoButton,Drag,531,601
25.004,25.004,NoButton,Drag,539,595
25.02,25.02,NoButton,Drag,547,588
25.034,25.034,NoButton,Drag,554,583
25.051,25.051,NoButton,Drag,561,577
25.067,25.067,NoButton,Drag,564,573
25.084,25.084,NoButton,Drag,564,573
25.148,25.148,Left,Pressed,564,573
25.171,25.171,NoButton,Drag,565,573
25.182,25.182,NoButton,Drag,565,573
25.202,25.202,NoButton,Drag,565,573
25.327,25.327,Left,Released,565,573
25.328,25.328,NoButton,Drag,565,573
25.334,25.334,NoButton,Drag,565,573
25.351,25.351,NoButton,Drag,563,576
25.365,25.365,NoButton,Drag,560,579
25.383,25.383,NoButton,Drag,552,587
25.399,25.399,NoButton,Drag,541,600
25.416,25.416,NoButton,Drag,527,616
25.433,25.433,NoButton,Drag,510,636
25.45,25.45,NoButton,Drag,488,656
25.466,25.466,NoButton,Drag,462,680
25.483,25.483,NoButton,Drag,428,714
25.5,25.5,NoButton,Drag,405,743
25.518,25.518,NoButton,Drag,386,773
25.534,25.534,NoButton,Drag,370,809
25.55,25.55,NoButton,Drag,354,843
25.567,25.567,NoButton,Drag,339,874
25.584,25.584,NoButton,Drag,336,883
25.757,25.757,NoButton,Drag,335,884
25.768,25.768,NoButton,Drag,330,886
25.785,25.785,NoButton,Drag,302,896
25.802,25.802,NoButton,Drag,297,897
25.819,25.819,NoButton,Drag,295,893
25.836,25.836,NoButton,Drag,291,880
25.852,25.852,NoButton,Drag,286,864
25.869,25.869,NoButton,Drag,278,851
25.886,25.886,NoButton,Drag,272,843
25.903,25.903,NoButton,Drag,267,838
25.919,25.919,NoButton,Drag,266,836
25.937,25.937,NoButton,Drag,266,835
25.985,25.985,NoButton,Drag,266,836
25.989,25.989,NoButton,Drag,265,836
26.004,26.004,NoButton,Drag,266,843
26.02,26.02,NoButton,Drag,270,867
26.036,26.036,NoButton,Drag,281,899
26.054,26.054,NoButton,Drag,290,899
26.07,26.07,NoButton,Drag,290,899
26.086,26.086,NoButton,Drag,290,899
26.103,26.103,NoButton,Drag,290,899
26.12,26.12,NoButton,Drag,279,899
26.137,26.137,NoButton,Drag,217,899
26.154,26.154,NoButton,Drag,131,899
26.17,26.17,NoButton,Drag,0,899
26.187,26.187,NoButton,Drag,0,899
26.204,26.204,NoButton,Drag,0,899
26.221,26.221,NoButton,Drag,0,899
26.238,26.238,NoButton,Drag,0,899
26.254,26.254,NoButton,Drag,0,899
26.271,26.271,NoButton,Drag,0,899
26.284,26.284,NoButton,Drag,0,899
26.3,26.3,NoButton,Drag,0,899
26.317,26.317,NoButton,Drag,0,898
26.334,26.334,NoButton,Drag,0,888
26.351,26.351,NoButton,Drag,0,876
26.368,26.368,NoButton,Drag,2,867
26.385,26.385,NoButton,Drag,18,845
26.401,26.401,NoButton,Drag,62,803
26.418,26.418,NoButton,Drag,144,739
26.435,26.435,NoButton,Drag,256,650
26.452,26.452,NoButton,Drag,347,579
26.469,26.469,NoButton,Drag,433,515
26.485,26.485,NoButton,Drag,508,467
26.502,26.502,NoButton,Drag,565,429
26.519,26.519,NoButton,Drag,615,392
26.535,26.535,NoButton,Drag,647,371
26.552,26.552,NoButton,Drag,678,355
26.563,26.563,NoButton,Drag,698,348
26.581,26.581,NoButton,Drag,711,345
26.598,26.598,NoButton,Drag,712,344
26.614,26.614,NoButton,Drag,712,345
26.63,26.63,NoButton,Drag,709,352
26.647,26.647,NoButton,Drag,699,364
26.664,26.664,NoButton,Drag,674,385
26.681,26.681,NoButton,Drag,625,414
26.697,26.697,NoButton,Drag,541,459
26.715,26.715,NoButton,Drag,471,498
26.731,26.731,NoButton,Drag,411,535
26.748,26.748,NoButton,Drag,357,570
26.765,26.765,NoButton,Drag,292,614
26.782,26.782,NoButton,Drag,253,641
26.795,26.795,NoButton,Drag,230,655
26.811,26.811,NoButton,Drag,207,666
26.829,26.829,NoButton,Drag,192,669
26.845,26.845,NoButton,Drag,188,668
26.862,26.862,NoButton,Drag,185,666
26.879,26.879,NoButton,Drag,180,660
26.896,26.896,NoButton,Drag,173,652
26.912,26.912,NoButton,Drag,169,647
26.929,26.929,NoButton,Drag,167,646
26.946,26.946,NoButton,Drag,167,645
26.963,26.963,NoButton,Drag,167,644
26.98,26.98,NoButton,Drag,167,643
26.996,26.996,NoButton,Drag,167,643
27.013,27.013,NoButton,Drag,166,642
27.03,27.03,NoButton,Drag,165,642
27.043,27.043,NoButton,Drag,165,642
27.06,27.06,NoButton,Drag,161,645
27.077,27.077,NoButton,Drag,151,652
27.094,27.094,NoButton,Drag,134,662
27.111,27.111,NoButton,Drag,110,675
27.127,27.127,NoButton,Drag,89,687
27.144,27.144,NoButton,Drag,74,696
27.161,27.161,NoButton,Drag,63,703
27.178,27.178,NoButton,Drag,59,705
27.181,27.181,Left,Pressed,59,705
27.224,27.224,NoButton,Drag,59,705
27.236,27.236,NoButton,Drag,59,704
27.24,27.24,NoButton,Drag,59,704
27.244,27.244,NoButton,Drag,59,704
27.248,27.248,NoButton,Drag,59,704
27.252,27.252,NoButton,Drag,59,703
27.26,27.26,NoButton,Drag,59,703
27.268,27.268,NoButton,Drag,59,703
27.272,27.272,NoButton,Drag,59,702
27.276,27.276,NoButton,Drag,59,702
27.278,27.278,NoButton,Drag,59,702
27.282,27.282,NoButton,Drag,59,702
27.29,27.29,NoButton,Drag,59,701
27.298,27.298,NoButton,Drag,59,701
27.302,27.302,NoButton,Drag,59,701
27.306,27.306,NoButton,Drag,59,701
27.314,27.314,NoButton,Drag,59,700
27.322,27.322,NoButton,Drag,59,700
27.326,27.326,NoButton,Drag,59,700
27.33,27.33,NoButton,Drag,59,700
27.334,27.334,NoButton,Drag,59,699
27.338,27.338,NoButton,Drag,59,699
27.343,27.343,Left,Released,59,699
27.344,27.344,NoButton,Drag,59,699
27.359,27.359,NoButton,Drag,58,698
27.375,27.375,NoButton,Drag,58,696
27.392,27.392,NoButton,Drag,58,693
27.408,27.408,NoButton,Drag,59,690
27.425,27.425,NoButton,Drag,59,688
27.443,27.443,NoButton,Drag,59,687
27.459,27.459,NoButton,Drag,59,687
27.499,27.499,Left,Pressed,59,687
27.506,27.506,NoButton,Drag,60,686
27.622,27.622,NoButton,Drag,60,686
27.634,27.634,NoButton,Drag,60,686
27.639,27.639,Left,Released,60,686
27.64,27.64,NoButton,Drag,60,686
27.644,27.644,NoButton,Drag,61,685
27.66,27.66,NoButton,Drag,63,684
27.679,27.679,NoButton,Drag,74,680
27.695,27.695,NoButton,Drag,96,674
27.712,27.712,NoButton,Drag,140,667
27.73,27.73,NoButton,Drag,207,660
27.746,27.746,NoButton,Drag,295,647
27.763,27.763,NoButton,Drag,425,621
27.78,27.78,NoButton,Drag,556,590
27.796,27.796,NoButton,Drag,710,544
27.812,27.812,NoButton,Drag,884,491
27.83,27.83,NoButton,Drag,1056,436
27.846,27.846,NoButton,Drag,1262,367
27.863,27.863,NoButton,Drag,1415,315
27.88,27.88,NoButton,Drag,1439,268
27.896,27.896,NoButton,Drag,1439,212
27.913,27.913,NoButton,Drag,1439,166
27.93,27.93,NoButton,Drag,1439,124
27.947,27.947,NoButton,Drag,1439,91
27.963,27.963,NoButton,Drag,1439,86
28.229,28.229,NoButton,Drag,1439,85
28.232,28.232,NoButton,Drag,1437,80
28.247,28.247,NoButton,Drag,1413,67
28.264,28.264,NoButton,Drag,1365,51
28.281,28.281,NoButton,Drag,1341,42
28.297,28.297,NoButton,Drag,1323,46
28.313,28.313,NoButton,Drag,1259,74
28.331,28.331,NoButton,Drag,1122,123
28.347,28.347,NoButton,Drag,958,179
28.363,28.363,NoButton,Drag,788,237
28.381,28.381,NoButton,Drag,577,357
28.397,28.397,NoButton,Drag,456,462
28.415,28.415,NoButton,Drag,351,585
28.431,28.431,NoButton,Drag,241,764
28.447,28.447,NoButton,Drag,187,872
28.464,28.464,NoButton,Drag,145,899
28.482,28.482,NoButton,Drag,107,899
28.497,28.497,NoButton,Drag,80,899
28.515,28.515,NoButton,Drag,61,899
28.532,28.532,NoButton,Drag,57,899
28.548,28.548,NoButton,Drag,56,899
28.566,28.566,NoButton,Drag,55,899
28.581,28.581,NoButton,Drag,51,897
28.599,28.599,NoButton,Drag,47,892
28.615,28.615,NoButton,Drag,46,891
28.632,28.632,NoButton,Drag,44,888
28.649,28.649,NoButton,Drag,43,886
28.666,28.666,NoButton,Drag,41,884
28.707,28.707,NoButton,Drag,41,884
28.718,28.718,NoButton,Drag,41,884
28.732,28.732,NoButton,Drag,41,884
28.749,28.749,NoButton,Drag,41,885
28.766,28.766,NoButton,Drag,41,885
28.783,28.783,NoButton,Drag,42,884
28.801,28.801,NoButton,Drag,48,880
28.817,28.817,NoButton,Drag,59,868
28.835,28.835,NoButton,Drag,81,847
28.852,28.852,NoButton,Drag,107,822
28.868,28.868,NoButton,Drag,135,792
28.885,28.885,NoButton,Drag,166,761
28.902,28.902,NoButton,Drag,197,726
28.918,28.918,NoButton,Drag,229,685
28.936,28.936,NoButton,Drag,266,637
28.951,28.951,NoButton,Drag,290,604
28.969,28.969,NoButton,Drag,312,569
28.986,28.986,NoButton,Drag,337,539
29.002,29.002,NoButton,Drag,369,503
29.018,29.018,NoButton,Drag,390,480
29.036,29.036,NoButton,Drag,404,463
29.052,29.052,NoButton,Drag,411,452
29.069,29.069,NoButton,Drag,413,445
29.086,29.086,NoButton,Drag,413,443
29.104,29.104,NoButton,Drag,413,443
29.12,29.12,NoButton,Drag,412,443
29.136,29.136,NoButton,Drag,406,447
29.153,29.153,NoButton,Drag,391,458
29.169,29.169,NoButton,Drag,376,469
29.187,29.187,NoButton,Drag,359,483
29.203,29.203,NoButton,Drag,341,499
29.22,29.22,NoButton,Drag,321,515
29.236,29.236,NoButton,Drag,297,531
29.253,29.253,NoButton,Drag,287,538
29.27,29.27,NoButton,Drag,282,541
29.287,29.287,NoButton,Drag,281,542
29.3,29.3,NoButton,Drag,281,542
29.317,29.317,NoButton,Drag,280,541
29.333,29.333,NoButton,Drag,280,538
29.35,29.35,NoButton,Drag,281,534
29.367,29.367,NoButton,Drag,282,528
29.384,29.384,NoButton,Drag,282,522
29.4,29.4,NoButton,Drag,284,514
29.417,29.417,NoButton,Drag,284,509
29.434,29.434,NoButton,Drag,284,507
29.477,29.477,Left,Pressed,284,507
29.508,29.508,NoButton,Drag,284,507
29.512,29.512,NoButton,Drag,284,507
29.516,29.516,NoButton,Drag,284,508
29.524,29.524,NoButton,Drag,284,508
29.552,29.552,NoButton,Drag,284,508
29.615,29.615,NoButton,Drag,284,508
29.619,29.619,NoButton,Drag,284,508
29.622,29.622,NoButton,Drag,284,509
29.626,29.626,NoButton,Drag,284,509
29.63,29.63,NoButton,Drag,284,509
29.634,29.634,NoButton,Drag,283,510
29.638,29.638,NoButton,Drag,283,510
29.642,29.642,NoButton,Drag,283,510
29.646,29.646,NoButton,Drag,283,511
29.651,29.651,Left,Released,283,511
29.652,29.652,NoButton,Drag,282,511
29.667,29.667,NoButton,Drag,281,512
29.683,29.683,NoButton,Drag,279,515
29.7,29.7,NoButton,Drag,277,517
29.717,29.717,NoButton,Drag,275,520
29.733,29.733,NoButton,Drag,273,522
29.75,29.75,NoButton,Drag,271,524
29.767,29.767,NoButton,Drag,270,526
29.775,29.775,NoButton,Drag,269,526
29.784,29.784,Left,Pressed,269,526
29.784,29.784,NoButton,Drag,269,527
29.935,29.935,NoButton,Drag,269,527
29.943,29.943,Left,Released,269,527
29.995,29.995,NoButton,Drag,269,527
29.999,29.999,NoButton,Drag,269,527
30.003,30.003,NoButton,Drag,270,527
30.016,30.016,NoButton,Drag,272,526
30.033,30.033,NoButton,Drag,275,525
30.051,30.051,NoButton,Drag,285,523
30.068,30.068,NoButton,Drag,302,519
30.085,30.085,NoButton,Drag,328,515
30.102,30.102,NoButton,Drag,366,508
30.119,30.119,NoButton,Drag,427,493
30.135,30.135,NoButton,Drag,486,479
30.151,30.151,NoButton,Drag,537,464
30.169,30.169,NoButton,Drag,586,448
30.185,30.185,NoButton,Drag,605,438
30.202,30.202,NoButton,Drag,611,433
30.219,30.219,NoButton,Drag,612,427
30.236,30.236,NoButton,Drag,610,417
30.252,30.252,NoButton,Drag,598,403
30.269,30.269,NoButton,Drag,568,383
30.286,30.286,NoButton,Drag,530,366
30.302,30.302,NoButton,Drag,483,349
30.321,30.321,NoButton,Drag,422,327
30.338,30.338,NoButton,Drag,376,312
30.356,30.356,NoButton,Drag,341,302
30.372,30.372,NoButton,Drag,317,295
30.389,30.389,NoButton,Drag,299,290
30.405,30.405,NoButton,Drag,291,288
30.422,30.422,NoButton,Drag,287,288
30.439,30.439,NoButton,Drag,284,290
30.456,30.456,NoButton,Drag,279,293
30.473,30.473,NoButton,Drag,262,302
30.489,30.489,NoButton,Drag,239,311
30.506,30.506,NoButton,Drag,215,319
30.523,30.523,NoButton,Drag,197,324
30.54,30.54,NoButton,Drag,182,328
30.557,30.557,NoButton,Drag,169,330
30.574,30.574,NoButton,Drag,160,331
30.59,30.59,NoButton,Drag,153,331
30.607,30.607,NoButton,Drag,150,331
30.637,30.637,NoButton,Drag,150,331
30.678,30.678,Left,Pressed,150,331
30.852,30.852,Left,Released,150,331
30.853,30.853,NoButton,Drag,150,331
30.859,30.859,NoButton,Drag,150,331
30.875,30.875,NoButton,Drag,150,330
30.891,30.891,NoButton,Drag,150,330
30.907,30.907,NoButton,Drag,151,330
30.924,30.924,NoButton,Drag,153,330
30.941,30.941,NoButton,Drag,157,331
30.959,30.959,NoButton,Drag,168,334
30.975,30.975,NoButton,Drag,181,337
30.991,30.991,NoButton,Drag,198,341
31.008,31.008,NoButton,Drag,219,342
31.025,31.025,NoButton,Drag,242,342
31.042,31.042,NoButton,Drag,263,341
31.059,31.059,NoButton,Drag,280,338
31.075,31.075,NoButton,Drag,284,336
31.092,31.092,NoButton,Drag,286,335
31.109,31.109,NoButton,Drag,288,333
31.126,31.126,NoButton,Drag,294,329
31.143,31.143,NoButton,Drag,301,324
31.16,31.16,NoButton,Drag,306,320
31.176,31.176,NoButton,Drag,309,316
31.194,31.194,NoButton,Drag,313,313
31.21,31.21,NoButton,Drag,316,309
31.227,31.227,NoButton,Drag,320,303
31.243,31.243,NoButton,Drag,323,298
31.261,31.261,NoButton,Drag,325,292
31.278,31.278,NoButton,Drag,326,287
31.292,31.292,NoButton,Drag,328,282
31.309,31.309,NoButton,Drag,330,277
31.325,31.325,NoButton,Drag,332,274
31.342,31.342,NoButton,Drag,333,271
31.359,31.359,NoButton,Drag,333,270
31.381,31.381,NoButton,Drag,333,270
31.389,31.389,Left,Pressed,333,270
31.427,31.427,NoButton,Drag,334,270
31.533,31.533,NoButton,Drag,333,270
31.537,31.537,NoButton,Drag,333,270
31.544,31.544,NoButton,Drag,333,270
31.548,31.548,NoButton,Drag,333,271
31.556,31.556,NoButton,Drag,332,271
31.561,31.561,Left,Released,332,271
31.562,31.562,NoButton,Drag,332,271
31.576,31.576,NoButton,Drag,332,271
31.617,31.617,NoButton,Drag,332,271
31.62,31.62,NoButton,Drag,332,271
31.628,31.628,NoButton,Drag,332,271
31.641,31.641,NoButton,Drag,331,272
31.658,31.658,NoButton,Drag,329,273
31.675,31.675,NoButton,Drag,327,275
31.692,31.692,NoButton,Drag,325,279
31.708,31.708,NoButton,Drag,324,283
31.725,31.725,NoButton,Drag,324,289
31.742,31.742,NoButton,Drag,323,296
31.759,31.759,NoButton,Drag,323,305
31.775,31.775,NoButton,Drag,323,314
31.791,31.791,NoButton,Drag,325,322
31.792,31.792,Left,Pressed,325,322
31.792,31.792,NoButton,Drag,330,330
31.796,31.796,NoButton,Drag,333,334
31.8,31.8,NoButton,Drag,337,339
31.804,31.804,NoButton,Drag,342,343
31.808,31.808,NoButton,Drag,348,348
31.812,31.812,NoButton,Drag,354,354
31.816,31.816,NoButton,Drag,362,359
31.82,31.82,NoButton,Drag,370,364
31.824,31.824,NoButton,Drag,380,370
31.828,31.828,NoButton,Drag,393,377
31.832,31.832,NoButton,Drag,406,383
31.836,31.836,NoButton,Drag,421,390
31.84,31.84,NoButton,Drag,438,398
31.844,31.844,NoButton,Drag,456,406
31.848,31.848,NoButton,Drag,475,414
31.852,31.852,NoButton,Drag,494,420
31.856,31.856,NoButton,Drag,514,427
31.86,31.86,NoButton,Drag,532,432
31.864,31.864,NoButton,Drag,551,436
31.868,31.868,NoButton,Drag,571,441
31.872,31.872,NoButton,Drag,592,446
31.876,31.876,NoButton,Drag,614,449
31.878,31.878,NoButton,Drag,640,451
31.882,31.882,NoButton,Drag,666,454
31.886,31.886,NoButton,Drag,693,457
31.89,31.89,NoButton,Drag,725,458
31.894,31.894,NoButton,Drag,756,461
31.898,31.898,NoButton,Drag,786,462
31.902,31.902,NoButton,Drag,819,463
31.906,31.906,NoButton,Drag,854,464
31.91,31.91,NoButton,Drag,886,464
31.916,31.916,NoButton,Drag,918,464
31.918,31.918,NoButton,Drag,949,464
31.922,31.922,NoButton,Drag,979,464
31.926,31.926,NoButton,Drag,1004,464
31.93,31.93,NoButton,Drag,1030,464
31.934,31.934,NoButton,Drag,1054,464
31.938,31.938,NoButton,Drag,1073,464
31.942,31.942,NoButton,Drag,1094,464
31.946,31.946,NoButton,Drag,1114,464
31.95,31.95,NoButton,Drag,1133,464
31.954,31.954,NoButton,Drag,1150,464
31.958,31.958,NoButton,Drag,1166,464
31.962,31.962,NoButton,Drag,1181,464
31.967,31.967,Left,Released,1181,464
31.968,31.968,NoButton,Drag,1193,464
31.976,31.976,NoButton,Drag,1213,464
31.993,31.993,NoButton,Drag,1239,466
32.009,32.009,NoButton,Drag,1247,468
32.026,32.026,NoButton,Drag,1247,468
32.044,32.044,NoButton,Drag,1248,468
32.06,32.06,NoButton,Drag,1247,469
32.077,32.077,NoButton,Drag,1246,471
32.093,32.093,NoButton,Drag,1245,472
32.11,32.11,NoButton,Drag,1245,472
32.127,32.127,NoButton,Drag,1244,472
32.144,32.144,NoButton,Drag,1243,472
32.161,32.161,NoButton,Drag,1241,471
32.177,32.177,NoButton,Drag,1236,470
32.193,32.193,NoButton,Drag,1232,470
32.21,32.21,NoButton,Drag,1229,471
32.227,32.227,NoButton,Drag,1227,474
32.244,32.244,NoButton,Drag,1225,482
32.261,32.261,NoButton,Drag,1224,493
32.277,32.277,NoButton,Drag,1227,507
32.294,32.294,NoButton,Drag,1231,525
32.31,32.31,NoButton,Drag,1235,538
32.327,32.327,NoButton,Drag,1237,547
32.343,32.343,NoButton,Drag,1239,552
32.344,32.344,Left,Pressed,1239,552
32.344,32.344,NoButton,Drag,1239,553
32.346,32.346,NoButton,Drag,1239,553
32.35,32.35,NoButton,Drag,1240,554
32.354,32.354,NoButton,Drag,1240,555
32.419,32.419,NoButton,Drag,1239,554
32.422,32.422,NoButton,Drag,1239,554
32.426,32.426,NoButton,Drag,1239,554
32.43,32.43,NoButton,Drag,1239,553
32.434,32.434,NoButton,Drag,1239,553
32.438,32.438,NoButton,Drag,1239,552
32.443,32.443,Left,Released,1239,552
32.443,32.443,NoButton,Drag,1239,552
32.46,32.46,NoButton,Drag,1238,551
32.477,32.477,NoButton,Drag,1238,549
32.494,32.494,NoButton,Drag,1238,549
32.51,32.51,NoButton,Drag,1237,548
32.593,32.593,Left,Pressed,1237,548
32.697,32.697,Left,Released,1237,548
32.718,32.718,NoButton,Drag,1237,548
32.721,32.721,NoButton,Drag,1237,548
32.726,32.726,NoButton,Drag,1236,548
32.743,32.743,NoButton,Drag,1230,547
32.759,32.759,NoButton,Drag,1218,543
32.776,32.776,NoButton,Drag,1196,537
32.793,32.793,NoButton,Drag,1151,522
32.809,32.809,NoButton,Drag,1099,503
32.826,32.826,NoButton,Drag,1030,477
32.843,32.843,NoButton,Drag,950,445
32.86,32.86,NoButton,Drag,869,409
32.877,32.877,NoButton,Drag,767,362
32.893,32.893,NoButton,Drag,684,322
32.91,32.91,NoButton,Drag,604,283
32.927,32.927,NoButton,Drag,524,243
32.943,32.943,NoButton,Drag,449,210
32.96,32.96,NoButton,Drag,385,184
32.977,32.977,NoButton,Drag,327,165
32.995,32.995,NoButton,Drag,299,157
33.011,33.011,NoButton,Drag,284,157
33.028,33.028,NoButton,Drag,277,158
33.044,33.044,NoButton,Drag,269,163
33.059,33.059,NoButton,Drag,259,171
33.076,33.076,NoButton,Drag,244,186
33.093,33.093,NoButton,Drag,228,201
33.11,33.11,NoButton,Drag,214,217
33.127,33.127,NoButton,Drag,203,233
33.143,33.143,NoButton,Drag,198,241
33.16,33.16,NoButton,Drag,196,246
33.177,33.177,NoButton,Drag,195,247
33.211,33.211,NoButton,Drag,195,247
33.219,33.219,NoButton,Drag,194,247
33.227,33.227,NoButton,Drag,194,247
33.244,33.244,NoButton,Drag,194,246
33.26,33.26,NoButton,Drag,193,243
33.278,33.278,NoButton,Drag,192,241
33.294,33.294,NoButton,Drag,190,238
33.309,33.309,NoButton,Drag,185,233
33.326,33.326,NoButton,Drag,178,229
33.342,33.342,NoButton,Drag,168,225
33.359,33.359,NoButton,Drag,152,222
33.376,33.376,NoButton,Drag,140,222
33.392,33.392,NoButton,Drag,128,222
33.409,33.409,NoButton,Drag,118,225
33.426,33.426,NoButton,Drag,111,227
33.443,33.443,NoButton,Drag,108,228
33.486,33.486,NoButton,Drag,108,228
33.494,33.494,NoButton,Drag,108,227
33.51,33.51,NoButton,Drag,108,227
33.527,33.527,NoButton,Drag,108,225
33.543,33.543,NoButton,Drag,108,224
33.558,33.558,NoButton,Drag,108,222
33.575,33.575,NoButton,Drag,109,219
33.591,33.591,NoButton,Drag,110,215
33.609,33.609,NoButton,Drag,113,212
33.625,33.625,NoButton,Drag,114,208
33.642,33.642,NoButton,Drag,116,205
33.658,33.658,NoButton,Drag,118,202
33.676,33.676,NoButton,Drag,119,199
33.692,33.692,NoButton,Drag,120,198
33.709,33.709,NoButton,Drag,120,197
33.725,33.725,NoButton,Drag,121,195
33.742,33.742,NoButton,Drag,122,193
33.759,33.759,NoButton,Drag,123,190
33.776,33.776,NoButton,Drag,124,188
33.793,33.793,NoButton,Drag,126,185
33.809,33.809,NoButton,Drag,127,184
33.817,33.817,Left,Pressed,127,184
33.969,33.969,Left,Released,127,184
34.048,34.048,NoButton,Drag,127,184
34.052,34.052,NoButton,Drag,127,185
34.059,34.059,NoButton,Drag,127,185
34.076,34.076,NoButton,Drag,131,189
34.093,34.093,NoButton,Drag,144,202
34.11,34.11,NoButton,Drag,165,219
34.126,34.126,NoButton,Drag,192,238
34.142,34.142,NoButton,Drag,221,258
34.16,34.16,NoButton,Drag,251,282
34.176,34.176,NoButton,Drag,293,318
34.193,34.193,NoButton,Drag,349,355
34.21,34.21,NoButton,Drag,423,399
34.227,34.227,NoButton,Drag,523,455
34.243,34.243,NoButton,Drag,600,495
34.251,34.251,NoButton,Drag,618,504
34.26,34.26,Left,Pressed,618,504
34.26,34.26,NoButton,Drag,672,529
34.262,34.262,NoButton,Drag,689,535
34.266,34.266,NoButton,Drag,707,541
34.27,34.27,NoButton,Drag,725,546
34.274,34.274,NoButton,Drag,743,552
34.278,34.278,NoButton,Drag,761,556
34.282,34.282,NoButton,Drag,779,561
34.286,34.286,NoButton,Drag,795,565
34.291,34.291,NoButton,Drag,812,569
34.294,34.294,NoButton,Drag,831,573
34.298,34.298,NoButton,Drag,847,575
34.304,34.304,NoButton,Drag,863,578
34.306,34.306,NoButton,Drag,879,580
34.31,34.31,NoButton,Drag,895,582
34.314,34.314,NoButton,Drag,909,584
34.318,34.318,NoButton,Drag,923,586
34.322,34.322,NoButton,Drag,936,588
34.326,34.326,NoButton,Drag,949,588
34.33,34.33,NoButton,Drag,961,589
34.334,34.334,NoButton,Drag,971,589
34.338,34.338,NoButton,Drag,980,590
34.342,34.342,NoButton,Drag,989,590
34.346,34.346,NoButton,Drag,996,590
34.35,34.35,NoButton,Drag,1003,590
34.354,34.354,NoButton,Drag,1008,590
34.358,34.358,NoButton,Drag,1012,590
34.362,34.362,NoButton,Drag,1016,590
34.366,34.366,NoButton,Drag,1018,590
34.37,34.37,NoButton,Drag,1019,589
34.374,34.374,NoButton,Drag,1020,589
34.378,34.378,NoButton,Drag,1020,589
34.382,34.382,Left,Released,1020,589
34.402,34.402,NoButton,Drag,1021,589
34.411,34.411,NoButton,Drag,1021,589
34.428,34.428,NoButton,Drag,1020,588
34.444,34.444,NoButton,Drag,1016,586
34.461,34.461,NoButton,Drag,1010,581
34.478,34.478,NoButton,Drag,1001,576
34.494,34.494,NoButton,Drag,997,572
34.512,34.512,NoButton,Drag,996,571
34.529,34.529,NoButton,Drag,996,570
34.546,34.546,NoButton,Drag,996,567
34.562,34.562,NoButton,Drag,996,565
34.579,34.579,NoButton,Drag,999,559
34.595,34.595,NoButton,Drag,1004,555
34.612,34.612,NoButton,Drag,1013,551
34.628,34.628,NoButton,Drag,1025,550
34.646,34.646,NoButton,Drag,1042,551
34.662,34.662,NoButton,Drag,1060,555
34.679,34.679,NoButton,Drag,1076,562
34.695,34.695,NoButton,Drag,1091,571
34.711,34.711,NoButton,Drag,1099,577
34.712,34.712,Left,Pressed,1099,577
34.712,34.712,NoButton,Drag,1101,579
34.714,34.714,NoButton,Drag,1103,581
34.718,34.718,NoButton,Drag,1105,583
34.722,34.722,NoButton,Drag,1107,585
34.726,34.726,NoButton,Drag,1108,586
34.73,34.73,NoButton,Drag,1109,587
34.734,34.734,NoButton,Drag,1110,588
34.738,34.738,NoButton,Drag,1110,589
34.742,34.742,NoButton,Drag,1111,589
34.746,34.746,NoButton,Drag,1111,590
34.758,34.758,NoButton,Drag,1111,590
34.873,34.873,Left,Released,1111,590
34.901,34.901,NoButton,Drag,1111,590
34.905,34.905,NoButton,Drag,1112,590
34.913,34.913,NoButton,Drag,1113,590
34.93,34.93,NoButton,Drag,1115,590
34.946,34.946,NoButton,Drag,1120,591
34.963,34.963,NoButton,Drag,1128,593
34.98,34.98,NoButton,Drag,1139,595
34.997,34.997,NoButton,Drag,1152,598
35.013,35.013,NoButton,Drag,1159,599
35.03,35.03,NoButton,Drag,1163,600
35.047,35.047,NoButton,Drag,1165,601
35.057,35.057,Left,Pressed,1165,601
35.06,35.06,NoButton,Drag,1165,601
35.064,35.064,NoButton,Drag,1165,601
35.068,35.068,NoButton,Drag,1165,601
35.072,35.072,NoButton,Drag,1166,602
35.08,35.08,NoButton,Drag,1166,602
35.084,35.084,NoButton,Drag,1166,602
35.092,35.092,NoButton,Drag,1166,602
35.096,35.096,NoButton,Drag,1166,602
35.1,35.1,NoButton,Drag,1166,602
35.108,35.108,NoButton,Drag,1167,603
35.112,35.112,NoButton,Drag,1167,603
35.116,35.116,NoButton,Drag,1167,603
35.124,35.124,NoButton,Drag,1167,603
35.132,35.132,NoButton,Drag,1167,603
35.136,35.136,NoButton,Drag,1168,603
35.148,35.148,NoButton,Drag,1168,603
35.241,35.241,Left,Released,1168,603
35.243,35.243,NoButton,Drag,1168,603
35.247,35.247,NoButton,Drag,1167,603
35.263,35.263,NoButton,Drag,1166,603
35.279,35.279,NoButton,Drag,1163,602
35.296,35.296,NoButton,Drag,1158,602
35.309,35.309,NoButton,Drag,1154,602
35.326,35.326,NoButton,Drag,1151,602
35.342,35.342,NoButton,Drag,1149,602
35.36,35.36,NoButton,Drag,1149,602
35.399,35.399,Left,Pressed,1149,602
35.523,35.523,Left,Released,1149,602
35.534,35.534,NoButton,Drag,1149,602
35.538,35.538,NoButton,Drag,1149,602
35.545,35.545,NoButton,Drag,1148,602
35.562,35.562,NoButton,Drag,1145,597
35.578,35.578,NoButton,Drag,1136,584
35.595,35.595,NoButton,Drag,1118,558
35.612,35.612,NoButton,Drag,1100,527
35.628,35.628,NoButton,Drag,1083,487
35.645,35.645,NoButton,Drag,1066,443
35.662,35.662,NoButton,Drag,1052,401
35.679,35.679,NoButton,Drag,1037,350
35.695,35.695,NoButton,Drag,1028,313
35.712,35.712,NoButton,Drag,1021,288
35.729,35.729,NoButton,Drag,1015,267
35.747,35.747,NoButton,Drag,1012,253
35.763,35.763,NoButton,Drag,1011,249
35.78,35.78,NoButton,Drag,1011,248
35.865,35.865,NoButton,Drag,1011,248
35.866,35.866,NoButton,Drag,1010,248
35.881,35.881,NoButton,Drag,1010,246
35.897,35.897,NoButton,Drag,1009,243
35.914,35.914,NoButton,Drag,1009,242
35.946,35.946,Left,Pressed,1009,242
36.081,36.081,Left,Released,1009,242
36.173,36.173,Left,Pressed,1009,242
36.297,36.297,Left,Released,1009,242
36.308,36.308,NoButton,Drag,1009,242
36.312,36.312,NoButton,Drag,1009,243
36.317,36.317,NoButton,Drag,1009,243
36.334,36.334,NoButton,Drag,1007,247
36.35,36.35,NoButton,Drag,1000,256
36.367,36.367,NoButton,Drag,984,273
36.384,36.384,NoButton,Drag,957,298
36.401,36.401,NoButton,Drag,911,334
36.418,36.418,NoButton,Drag,868,358
36.434,36.434,NoButton,Drag,824,373
36.451,36.451,NoButton,Drag,788,383
36.468,36.468,NoButton,Drag,764,386
36.485,36.485,NoButton,Drag,749,386
36.502,36.502,NoButton,Drag,749,386
36.518,36.518,NoButton,Drag,748,385
36.535,36.535,NoButton,Drag,748,383
36.551,36.551,NoButton,Drag,749,380
36.57,36.57,NoButton,Drag,749,377
36.586,36.586,NoButton,Drag,749,373
36.603,36.603,NoButton,Drag,748,371
36.621,36.621,NoButton,Drag,747,369
36.637,36.637,NoButton,Drag,745,368
36.654,36.654,NoButton,Drag,743,367
36.67,36.67,NoButton,Drag,739,366
36.687,36.687,NoButton,Drag,729,366
36.704,36.704,NoButton,Drag,720,366
36.72,36.72,NoButton,Drag,711,367
36.737,36.737,NoButton,Drag,704,367
36.754,36.754,NoButton,Drag,701,368
36.772,36.772,NoButton,Drag,698,368
36.788,36.788,NoButton,Drag,698,369
36.806,36.806,NoButton,Drag,698,369
36.823,36.823,NoButton,Drag,697,369
36.839,36.839,NoButton,Drag,696,368
36.856,36.856,NoButton,Drag,696,368
36.874,36.874,NoButton,Drag,694,368
36.89,36.89,NoButton,Drag,689,366
36.906,36.906,NoButton,Drag,681,364
36.923,36.923,NoButton,Drag,675,362
36.941,36.941,NoButton,Drag,668,360
36.957,36.957,NoButton,Drag,666,360
36.974,36.974,NoButton,Drag,665,359
37.008,37.008,Left,Pressed,665,359
37.161,37.161,NoButton,Drag,665,359
37.165,37.165,Left,Released,665,359
37.225,37.225,Left,Pressed,665,359
37.265,37.265,NoButton,Drag,665,359
37.337,37.337,NoButton,Drag,665,359
37.34,37.34,NoButton,Drag,664,360
37.344,37.344,NoButton,Drag,664,360
37.348,37.348,NoButton,Drag,664,360
37.352,37.352,NoButton,Drag,664,361
37.356,37.356,NoButton,Drag,664,361
37.36,37.36,NoButton,Drag,663,362
37.364,37.364,NoButton,Drag,663,363
37.368,37.368,NoButton,Drag,663,364
37.373,37.373,Left,Released,663,364
37.373,37.373,NoButton,Drag,662,365
37.376,37.376,NoButton,Drag,662,365
37.392,37.392,NoButton,Drag,658,370
37.409,37.409,NoButton,Drag,654,375
37.427,37.427,NoButton,Drag,649,379
37.443,37.443,NoButton,Drag,643,383
37.459,37.459,NoButton,Drag,637,385
37.477,37.477,NoButton,Drag,625,386
37.493,37.493,NoButton,Drag,609,382
37.51,37.51,NoButton,Drag,580,369
37.527,37.527,NoButton,Drag,535,344
37.543,37.543,NoButton,Drag,477,310
37.563,37.563,NoButton,Drag,402,258
37.58,37.58,NoButton,Drag,351,221
37.597,37.597,NoButton,Drag,303,179
37.613,37.613,NoButton,Drag,272,151
37.63,37.63,NoButton,Drag,244,126
37.647,37.647,NoButton,Drag,238,119
37.664,37.664,NoButton,Drag,238,118
37.68,37.68,NoButton,Drag,237,118
37.698,37.698,NoButton,Drag,236,118
37.714,37.714,NoButton,Drag,235,120
37.731,37.731,NoButton,Drag,232,127
37.747,37.747,NoButton,Drag,227,137
37.764,37.764,NoButton,Drag,219,149
37.782,37.782,NoButton,Drag,209,165
37.798,37.798,NoButton,Drag,199,182
37.818,37.818,NoButton,Drag,192,200
37.835,37.835,NoButton,Drag,191,227
37.851,37.851,NoButton,Drag,191,259
37.869,37.869,NoButton,Drag,189,288
37.885,37.885,NoButton,Drag,189,291
38.095,38.095,NoButton,Drag,189,292
38.107,38.107,NoButton,Drag,189,293
38.124,38.124,NoButton,Drag,166,284
38.128,38.128,Left,Pressed,166,284
38.129,38.129,Right,Pressed,166,284
38.129,38.129,NoButton,Drag,160,278
38.13,38.13,NoButton,Drag,156,273
38.134,38.134,NoButton,Drag,152,269
38.138,38.138,NoButton,Drag,150,266
38.142,38.142,NoButton,Drag,147,262
38.147,38.147,Right,Released,147,262
38.147,38.147,NoButton,Drag,146,257
38.15,38.15,NoButton,Drag,144,253
38.154,38.154,NoButton,Drag,143,247
38.158,38.158,NoButton,Drag,141,240
38.162,38.162,NoButton,Drag,140,232
38.167,38.167,Left,Released,140,232
38.167,38.167,NoButton,Drag,139,223
38.174,38.174,NoButton,Drag,138,200
38.191,38.191,NoButton,Drag,139,164
38.208,38.208,NoButton,Drag,146,147
38.225,38.225,NoButton,Drag,162,130
38.233,38.233,NoButton,Drag,166,126
38.242,38.242,Left,Pressed,166,126
38.242,38.242,NoButton,Drag,184,116
38.244,38.244,NoButton,Drag,192,114
38.248,38.248,NoButton,Drag,201,111
38.252,38.252,NoButton,Drag,210,109
38.256,38.256,NoButton,Drag,220,108
38.26,38.26,NoButton,Drag,231,107
38.264,38.264,NoButton,Drag,242,106
38.268,38.268,NoButton,Drag,255,106
38.273,38.273,Left,Released,255,106
38.274,38.274,NoButton,Drag,269,107
38.276,38.276,NoButton,Drag,283,108
38.292,38.292,NoButton,Drag,339,112
38.309,38.309,NoButton,Drag,399,114
38.325,38.325,NoButton,Drag,451,114
38.342,38.342,NoButton,Drag,481,112
38.359,38.359,NoButton,Drag,493,109
38.381,38.381,NoButton,Drag,493,109
38.393,38.393,NoButton,Drag,492,108
38.41,38.41,NoButton,Drag,485,104
38.426,38.426,NoButton,Drag,465,96
38.443,38.443,NoButton,Drag,433,87
38.459,38.459,NoButton,Drag,400,77
38.477,38.477,NoButton,Drag,369,69
38.493,38.493,NoButton,Drag,346,64
38.51,38.51,NoButton,Drag,321,57
38.527,38.527,NoButton,Drag,294,50
38.544,38.544,NoButton,Drag,269,42
38.56,38.56,NoButton,Drag,253,38
38.578,38.578,NoButton,Drag,244,34
38.595,38.595,NoButton,Drag,242,33
38.657,38.657,NoButton,Drag,242,33
38.66,38.66,NoButton,Drag,242,33
38.664,38.664,NoButton,Drag,241,33
38.679,38.679,NoButton,Drag,239,34
38.696,38.696,NoButton,Drag,235,36
38.713,38.713,NoButton,Drag,224,42
38.729,38.729,NoButton,Drag,211,46
38.745,38.745,NoButton,Drag,199,50
38.763,38.763,NoButton,Drag,191,53
38.779,38.779,NoButton,Drag,187,54
38.796,38.796,NoButton,Drag,183,56
38.813,38.813,NoButton,Drag,177,60
38.832,38.832,NoButton,Drag,169,65
38.849,38.849,NoButton,Drag,164,68
38.866,38.866,NoButton,Drag,161,69
38.91,38.91,NoButton,Drag,161,69
38.927,38.927,Left,Pressed,161,69
38.93,38.93,NoButton,Drag,161,69
39.003,39.003,NoButton,Drag,161,69
39.01,39.01,NoButton,Drag,161,69
39.026,39.026,NoButton,Drag,161,69
39.05,39.05,NoButton,Drag,161,69
39.058,39.058,NoButton,Drag,161,69
39.062,39.062,NoButton,Drag,162,69
39.075,39.075,Left,Released,162,69
39.076,39.076,NoButton,Drag,162,69
39.084,39.084,NoButton,Drag,162,68
39.102,39.102,NoButton,Drag,163,68
39.119,39.119,NoButton,Drag,163,68
39.135,39.135,NoButton,Drag,163,68
39.152,39.152,NoButton,Drag,164,69
39.169,39.169,NoButton,Drag,165,70
39.185,39.185,NoButton,Drag,166,72
39.191,39.191,NoButton,Drag,167,73
39.202,39.202,Left,Pressed,167,73
39.202,39.202,NoButton,Drag,168,75
39.206,39.206,NoButton,Drag,168,75
39.321,39.321,Left,Released,168,75
39.361,39.361,NoButton,Drag,168,76
39.368,39.368,NoButton,Drag,168,76
39.383,39.383,NoButton,Drag,168,77
39.401,39.401,NoButton,Drag,167,80
39.417,39.417,NoButton,Drag,168,83
39.433,39.433,NoButton,Drag,169,86
39.45,39.45,NoButton,Drag,170,89
39.467,39.467,NoButton,Drag,171,91
39.484,39.484,NoButton,Drag,173,93
39.501,39.501,NoButton,Drag,175,96
39.517,39.517,NoButton,Drag,178,98
39.529,39.529,NoButton,Drag,179,99
39.535,39.535,Left,Pressed,179,99
39.535,39.535,NoButton,Drag,180,100
39.536,39.536,NoButton,Drag,180,100
39.541,39.541,NoButton,Drag,181,101
39.544,39.544,NoButton,Drag,181,101
39.548,39.548,NoButton,Drag,182,102
39.552,39.552,NoButton,Drag,182,102
39.556,39.556,NoButton,Drag,183,102
39.56,39.56,NoButton,Drag,183,102
39.564,39.564,NoButton,Drag,183,103
39.568,39.568,NoButton,Drag,183,103
39.572,39.572,NoButton,Drag,184,103
39.576,39.576,NoButton,Drag,184,104
39.698,39.698,Left,Released,184,104
39.705,39.705,NoButton,Drag,184,104
39.725,39.725,NoButton,Drag,184,103
39.731,39.731,NoButton,Drag,184,103
39.748,39.748,NoButton,Drag,184,102
39.765,39.765,NoButton,Drag,184,100
39.782,39.782,NoButton,Drag,183,99
39.798,39.798,NoButton,Drag,183,98
39.813,39.813,NoButton,Drag,182,97
39.873,39.873,Left,Pressed,182,97
39.999,39.999,Left,Released,182,97
40.159,40.159,Left,Pressed,182,97
40.235,40.235,Left,Released,182,97
40.255,40.255,NoButton,Drag,183,97
40.259,40.259,NoButton,Drag,183,97
40.267,40.267,NoButton,Drag,186,99
40.284,40.284,NoButton,Drag,194,106
40.3,40.3,NoButton,Drag,209,116
40.314,40.314,NoButton,Drag,226,129
40.332,40.332,NoButton,Drag,269,163
40.348,40.348,NoButton,Drag,317,196
40.364,40.364,NoButton,Drag,369,233
40.381,40.381,NoButton,Drag,429,276
40.398,40.398,NoButton,Drag,495,315
40.415,40.415,NoButton,Drag,567,356
40.432,40.432,NoButton,Drag,610,377
40.448,40.448,NoButton,Drag,638,393
40.465,40.465,NoButton,Drag,657,402
40.482,40.482,NoButton,Drag,670,411
40.499,40.499,NoButton,Drag,690,423
40.516,40.516,NoButton,Drag,708,434
40.532,40.532,NoButton,Drag,724,443
40.549,40.549,NoButton,Drag,738,452
40.565,40.565,NoButton,Drag,748,460
40.581,40.581,NoButton,Drag,757,468
40.598,40.598,NoButton,Drag,766,475
40.616,40.616,NoButton,Drag,776,484
40.632,40.632,NoButton,Drag,788,494
40.649,40.649,NoButton,Drag,805,505
40.665,40.665,NoButton,Drag,820,511
40.683,40.683,NoButton,Drag,836,516
40.699,40.699,NoButton,Drag,849,518
40.716,40.716,NoButton,Drag,860,520
40.732,40.732,NoButton,Drag,866,519
40.749,40.749,NoButton,Drag,869,518
40.767,40.767,NoButton,Drag,870,517
40.783,40.783,NoButton,Drag,870,516
40.799,40.799,NoButton,Drag,872,513
40.813,40.813,NoButton,Drag,873,510
40.831,40.831,NoButton,Drag,875,508
40.845,40.845,NoButton,Drag,875,508
40.847,40.847,Left,Pressed,875,508
40.925,40.925,NoButton,Drag,875,507
40.933,40.933,NoButton,Drag,876,507
40.937,40.937,NoButton,Drag,876,507
40.941,40.941,NoButton,Drag,876,506
40.944,40.944,NoButton,Drag,876,506
40.949,40.949,Left,Released,876,506
40.95,40.95,NoButton,Drag,876,505
40.963,40.963,NoButton,Drag,876,504
40.979,40.979,NoButton,Drag,877,500
40.997,40.997,NoButton,Drag,877,497
41.013,41.013,NoButton,Drag,877,495
41.03,41.03,NoButton,Drag,877,494
41.047,41.047,NoButton,Drag,877,494
41.09,41.09,Left,Pressed,877,494
41.179,41.179,Left,Released,877,494
41.21,41.21,NoButton,Drag,877,494
41.214,41.214,NoButton,Drag,877,493
41.218,41.218,NoButton,Drag,877,493
41.229,41.229,NoButton,Drag,877,492
41.245,41.245,NoButton,Drag,877,491
41.263,41.263,NoButton,Drag,877,491
41.324,41.324,Left,Pressed,877,491
41.334,41.334,NoButton,Drag,877,490
41.342,41.342,NoButton,Drag,878,490
41.346,41.346,NoButton,Drag,878,490
41.35,41.35,NoButton,Drag,878,490
41.355,41.355,NoButton,Drag,879,490
41.358,41.358,NoButton,Drag,879,490
41.362,41.362,NoButton,Drag,881,489
41.366,41.366,NoButton,Drag,882,489
41.37,41.37,NoButton,Drag,884,488
41.374,41.374,NoButton,Drag,886,488
41.378,41.378,NoButton,Drag,889,487
41.383,41.383,Left,Released,889,487
41.384,41.384,NoButton,Drag,891,487
41.398,41.398,NoButton,Drag,898,484
41.415,41.415,NoButton,Drag,908,481
41.431,41.431,NoButton,Drag,917,479
41.449,41.449,NoButton,Drag,931,476
41.464,41.464,NoButton,Drag,951,476
41.482,41.482,NoButton,Drag,973,477
41.499,41.499,NoButton,Drag,1022,488
41.515,41.515,NoButton,Drag,1082,504
41.532,41.532,NoButton,Drag,1159,528
41.549,41.549,NoButton,Drag,1238,555
41.565,41.565,NoButton,Drag,1315,581
41.582,41.582,NoButton,Drag,1410,607
41.599,41.599,NoButton,Drag,1439,629
41.616,41.616,NoButton,Drag,1439,649
41.632,41.632,NoButton,Drag,1439,666
41.649,41.649,NoButton,Drag,1439,678
41.666,41.666,NoButton,Drag,1439,684
41.683,41.683,NoButton,Drag,1439,686
41.699,41.699,NoButton,Drag,1437,690
41.716,41.716,NoButton,Drag,1431,695
41.733,41.733,NoButton,Drag,1423,700
41.75,41.75,NoButton,Drag,1417,703
41.767,41.767,NoButton,Drag,1411,705
41.783,41.783,NoButton,Drag,1404,707
41.8,41.8,NoButton,Drag,1398,708
41.818,41.818,NoButton,Drag,1390,708
41.835,41.835,NoButton,Drag,1381,706
41.852,41.852,NoButton,Drag,1371,702
41.869,41.869,NoButton,Drag,1357,693
41.885,41.885,NoButton,Drag,1348,687
41.903,41.903,NoButton,Drag,1343,682
41.919,41.919,NoButton,Drag,1342,680
41.936,41.936,NoButton,Drag,1342,678
41.953,41.953,NoButton,Drag,1343,674
41.969,41.969,NoButton,Drag,1344,671
41.986,41.986,NoButton,Drag,1345,667
42.003,42.003,NoButton,Drag,1345,663
42.02,42.02,NoButton,Drag,1345,657
42.037,42.037,NoButton,Drag,1345,650
42.053,42.053,NoButton,Drag,1343,643
42.07,42.07,NoButton,Drag,1342,637
42.087,42.087,NoButton,Drag,1338,630
42.104,42.104,NoButton,Drag,1333,623
42.12,42.12,NoButton,Drag,1329,619
42.137,42.137,NoButton,Drag,1327,617
42.154,42.154,NoButton,Drag,1326,616
42.185,42.185,NoButton,Drag,1326,616
42.267,42.267,NoButton,Drag,1326,616
42.279,42.279,NoButton,Drag,1326,616
42.288,42.288,NoButton,Drag,1325,617
42.304,42.304,NoButton,Drag,1324,617
42.307,42.307,Left,Pressed,1324,617
42.308,42.308,NoButton,Drag,1323,617
42.31,42.31,NoButton,Drag,1323,617
42.314,42.314,NoButton,Drag,1322,617
42.318,42.318,NoButton,Drag,1321,617
42.322,42.322,NoButton,Drag,1320,617
42.326,42.326,NoButton,Drag,1319,617
42.33,42.33,NoButton,Drag,1318,618
42.334,42.334,NoButton,Drag,1317,618
42.338,42.338,NoButton,Drag,1316,618
42.342,42.342,NoButton,Drag,1315,618
42.346,42.346,NoButton,Drag,1313,618
42.35,42.35,NoButton,Drag,1312,618
42.354,42.354,NoButton,Drag,1311,618
42.358,42.358,NoButton,Drag,1309,618
42.362,42.362,NoButton,Drag,1308,618
42.366,42.366,NoButton,Drag,1307,618
42.37,42.37,NoButton,Drag,1306,618
42.375,42.375,Left,Released,1306,618
42.375,42.375,NoButton,Drag,1306,618
42.386,42.386,NoButton,Drag,1305,618
42.443,42.443,NoButton,Drag,1305,618
42.458,42.458,NoButton,Drag,1305,618
42.574,42.574,NoButton,Drag,1304,618
42.578,42.578,NoButton,Drag,1304,618
42.588,42.588,NoButton,Drag,1304,618
42.605,42.605,NoButton,Drag,1302,617
42.622,42.622,NoButton,Drag,1300,616
42.638,42.638,NoButton,Drag,1298,616
42.654,42.654,NoButton,Drag,1293,614
42.672,42.672,NoButton,Drag,1291,613
42.689,42.689,NoButton,Drag,1290,613
42.705,42.705,NoButton,Drag,1290,613
42.721,42.721,NoButton,Drag,1290,612
42.746,42.746,NoButton,Drag,1290,612
42.763,42.763,Left,Pressed,1290,612
42.786,42.786,NoButton,Drag,1290,612
42.798,42.798,NoButton,Drag,1290,612
42.802,42.802,NoButton,Drag,1290,611
42.81,42.81,NoButton,Drag,1290,611
42.814,42.814,NoButton,Drag,1290,611
42.816,42.816,NoButton,Drag,1290,611
42.822,42.822,NoButton,Drag,1290,610
42.824,42.824,NoButton,Drag,1290,610
42.828,42.828,NoButton,Drag,1290,610
42.832,42.832,NoButton,Drag,1290,609
42.836,42.836,NoButton,Drag,1290,609
42.84,42.84,NoButton,Drag,1289,608
42.844,42.844,NoButton,Drag,1289,608
42.848,42.848,NoButton,Drag,1289,608
42.852,42.852,NoButton,Drag,1289,607
42.856,42.856,NoButton,Drag,1289,607
42.86,42.86,NoButton,Drag,1289,607
42.865,42.865,Left,Released,1289,607
42.865,42.865,NoButton,Drag,1289,606
42.873,42.873,NoButton,Drag,1289,606
42.89,42.89,NoButton,Drag,1288,606
42.908,42.908,NoButton,Drag,1288,605
42.932,42.932,NoButton,Drag,1288,605
42.941,42.941,NoButton,Drag,1288,605
42.958,42.958,NoButton,Drag,1290,604
42.975,42.975,NoButton,Drag,1292,603
42.991,42.991,NoButton,Drag,1299,603
43.007,43.007,NoButton,Drag,1313,603
43.024,43.024,NoButton,Drag,1348,603
43.041,43.041,NoButton,Drag,1397,598
43.059,43.059,NoButton,Drag,1439,583
43.075,43.075,NoButton,Drag,1439,557
43.091,43.091,NoButton,Drag,1439,515
43.108,43.108,NoButton,Drag,1439,454
43.125,43.125,NoButton,Drag,1439,412
43.143,43.143,NoButton,Drag,1439,377
43.159,43.159,NoButton,Drag,1439,360
43.176,43.176,NoButton,Drag,1439,356
43.193,43.193,NoButton,Drag,1437,358
43.209,43.209,NoButton,Drag,1418,368
43.226,43.226,NoButton,Drag,1366,390
43.243,43.243,NoButton,Drag,1270,429
43.26,43.26,NoButton,Drag,1125,477
43.276,43.276,NoButton,Drag,961,529
43.293,43.293,NoButton,Drag,756,580
43.31,43.31,NoButton,Drag,602,598
43.327,43.327,NoButton,Drag,497,605
43.343,43.343,NoButton,Drag,438,604
43.36,43.36,NoButton,Drag,415,599
43.376,43.376,NoButton,Drag,404,591
43.393,43.393,NoButton,Drag,401,584
43.41,43.41,NoButton,Drag,399,577
43.427,43.427,NoButton,Drag,397,567
43.443,43.443,NoButton,Drag,396,559
43.461,43.461,NoButton,Drag,394,551
43.478,43.478,NoButton,Drag,392,543
43.494,43.494,NoButton,Drag,389,534
43.511,43.511,NoButton,Drag,387,526
43.528,43.528,NoButton,Drag,386,521
43.544,43.544,NoButton,Drag,387,517
43.56,43.56,NoButton,Drag,388,512
43.578,43.578,NoButton,Drag,391,507
43.594,43.594,NoButton,Drag,397,500
43.611,43.611,NoButton,Drag,413,491
43.628,43.628,NoButton,Drag,432,485
43.644,43.644,NoButton,Drag,453,479
43.661,43.661,NoButton,Drag,470,475
43.678,43.678,NoButton,Drag,485,471
43.694,43.694,NoButton,Drag,503,469
43.711,43.711,NoButton,Drag,518,468
43.728,43.728,NoButton,Drag,532,466
43.744,43.744,NoButton,Drag,546,464
43.762,43.762,NoButton,Drag,557,463
43.778,43.778,NoButton,Drag,560,462
43.846,43.846,NoButton,Drag,561,462
43.858,43.858,NoButton,Drag,561,461
43.886,43.886,NoButton,Drag,561,461
43.89,43.89,NoButton,Drag,561,461
43.894,43.894,NoButton,Drag,562,461
43.912,43.912,NoButton,Drag,564,459
43.928,43.928,NoButton,Drag,569,457
43.945,43.945,NoButton,Drag,574,454
43.962,43.962,NoButton,Drag,581,450
43.979,43.979,NoButton,Drag,588,446
43.996,43.996,NoButton,Drag,595,441
44.012,44.012,NoButton,Drag,603,437
44.029,44.029,NoButton,Drag,612,432
44.046,44.046,NoButton,Drag,619,429
44.061,44.061,NoButton,Drag,625,426
44.077,44.077,NoButton,Drag,628,424
44.095,44.095,NoButton,Drag,631,424
44.111,44.111,NoButton,Drag,631,424
44.129,44.129,NoButton,Drag,632,424
44.145,44.145,NoButton,Drag,632,424
44.161,44.161,Left,Pressed,632,424
44.162,44.162,NoButton,Drag,633,424
44.168,44.168,NoButton,Drag,634,423
44.233,44.233,NoButton,Drag,634,423
44.24,44.24,NoButton,Drag,634,423
44.248,44.248,NoButton,Drag,634,423
44.253,44.253,Left,Released,634,423
44.297,44.297,NoButton,Drag,634,423
44.309,44.309,NoButton,Drag,634,423
44.317,44.317,NoButton,Drag,634,423
44.361,44.361,NoButton,Drag,635,423
44.364,44.364,NoButton,Drag,635,423
44.402,44.402,Left,Pressed,635,423
44.465,44.465,NoButton,Drag,635,423
44.468,44.468,NoButton,Drag,635,423
44.472,44.472,NoButton,Drag,634,424
44.476,44.476,NoButton,Drag,634,424
44.48,44.48,NoButton,Drag,633,425
44.484,44.484,NoButton,Drag,632,425
44.488,44.488,NoButton,Drag,631,426
44.492,44.492,NoButton,Drag,631,426
44.497,44.497,Left,Released,631,426
44.498,44.498,NoButton,Drag,629,427
44.508,44.508,NoButton,Drag,627,428
44.525,44.525,NoButton,Drag,615,432
44.542,44.542,NoButton,Drag,598,432
44.558,44.558,NoButton,Drag,569,431
44.575,44.575,NoButton,Drag,511,426
44.592,44.592,NoButton,Drag,462,422
44.608,44.608,NoButton,Drag,423,421
44.626,44.626,NoButton,Drag,395,419
44.642,44.642,NoButton,Drag,376,418
44.659,44.659,NoButton,Drag,360,418
44.676,44.676,NoButton,Drag,350,421
44.693,44.693,NoButton,Drag,338,424
44.71,44.71,NoButton,Drag,324,430
44.726,44.726,NoButton,Drag,306,435
44.743,44.743,NoButton,Drag,278,443
44.759,44.759,NoButton,Drag,254,450
44.776,44.776,NoButton,Drag,230,457
44.793,44.793,NoButton,Drag,204,464
44.808,44.808,NoButton,Drag,178,470
44.826,44.826,NoButton,Drag,154,476
44.842,44.842,NoButton,Drag,136,480
44.859,44.859,NoButton,Drag,121,484
44.875,44.875,NoButton,Drag,116,485
44.893,44.893,NoButton,Drag,116,486
44.991,44.991,NoButton,Drag,116,486
45.056,45.056,Left,Pressed,116,486
45.225,45.225,Left,Released,116,486
45.278,45.278,Left,Pressed,116,486
45.433,45.433,Left,Released,116,486
45.501,45.501,NoButton,Drag,115,486
45.504,45.504,NoButton,Drag,115,486
45.509,45.509,NoButton,Drag,115,486
45.525,45.525,NoButton,Drag,111,490
45.541,45.541,NoButton,Drag,105,494
45.558,45.558,NoButton,Drag,100,499
45.569,45.569,NoButton,Drag,97,501
45.586,45.586,NoButton,Drag,94,502
45.648,45.648,Left,Pressed,94,502
45.711,45.711,NoButton,Drag,94,502
45.718,45.718,NoButton,Drag,94,502
45.722,45.722,NoButton,Drag,94,502
45.726,45.726,NoButton,Drag,94,501
45.73,45.73,NoButton,Drag,94,501
45.734,45.734,NoButton,Drag,94,501
45.74,45.74,NoButton,Drag,94,500
45.743,45.743,Left,Released,94,500
45.744,45.744,NoButton,Drag,94,500
45.751,45.751,NoButton,Drag,94,499
45.77,45.77,NoButton,Drag,95,498
45.785,45.785,NoButton,Drag,96,497
45.802,45.802,NoButton,Drag,97,496
45.82,45.82,NoButton,Drag,100,494
45.838,45.838,NoButton,Drag,102,493
45.854,45.854,NoButton,Drag,103,493
45.871,45.871,NoButton,Drag,103,492
45.887,45.887,NoButton,Drag,104,492
45.904,45.904,NoButton,Drag,105,492
45.921,45.921,NoButton,Drag,107,492
45.938,45.938,NoButton,Drag,110,492
45.955,45.955,NoButton,Drag,113,492
45.971,45.971,NoButton,Drag,115,492
45.989,45.989,NoButton,Drag,118,492
46.005,46.005,NoButton,Drag,126,492
46.022,46.022,NoButton,Drag,138,492
46.039,46.039,NoButton,Drag,161,488
46.055,46.055,NoButton,Drag,186,482
46.069,46.069,NoButton,Drag,205,477
46.086,46.086,NoButton,Drag,230,465
46.102,46.102,NoButton,Drag,258,446
46.119,46.119,NoButton,Drag,274,430
46.136,46.136,NoButton,Drag,286,410
46.153,46.153,NoButton,Drag,294,385
46.17,46.17,NoButton,Drag,299,353
46.186,46.186,NoButton,Drag,300,322
46.203,46.203,NoButton,Drag,295,291
46.22,46.22,NoButton,Drag,287,270
46.237,46.237,NoButton,Drag,273,251
46.253,46.253,NoButton,Drag,254,231
46.27,46.27,NoButton,Drag,232,214
46.286,46.286,NoButton,Drag,216,201
46.303,46.303,NoButton,Drag,201,192
46.319,46.319,NoButton,Drag,189,186
46.335,46.335,NoButton,Drag,183,183
46.352,46.352,NoButton,Drag,181,183
46.369,46.369,NoButton,Drag,181,183
46.461,46.461,NoButton,Drag,181,183
46.464,46.464,NoButton,Drag,181,183
46.469,46.469,NoButton,Drag,182,182
46.487,46.487,NoButton,Drag,182,182
46.504,46.504,NoButton,Drag,183,182
46.52,46.52,NoButton,Drag,183,181
46.549,46.549,Left,Pressed,183,181
46.561,46.561,NoButton,Drag,183,181
46.589,46.589,NoButton,Drag,184,181
46.717,46.717,Left,Released,184,181
46.851,46.851,NoButton,Drag,184,182
46.854,46.854,NoButton,Drag,184,182
46.868,46.868,NoButton,Drag,184,183
46.884,46.884,NoButton,Drag,186,187
46.901,46.901,NoButton,Drag,189,194
46.918,46.918,NoButton,Drag,197,207
46.934,46.934,NoButton,Drag,215,227
46.951,46.951,NoButton,Drag,253,263
46.968,46.968,NoButton,Drag,301,306
46.985,46.985,NoButton,Drag,366,360
47.001,47.001,NoButton,Drag,438,413
47.018,47.018,NoButton,Drag,512,462
47.035,47.035,NoButton,Drag,615,525
47.051,47.051,NoButton,Drag,698,574
47.055,47.055,Left,Pressed,698,574
47.056,47.056,NoButton,Drag,718,586
47.058,47.058,NoButton,Drag,740,597
47.062,47.062,NoButton,Drag,761,608
47.066,47.066,NoButton,Drag,781,618
47.07,47.07,NoButton,Drag,802,629
47.074,47.074,NoButton,Drag,824,640
47.078,47.078,NoButton,Drag,843,649
47.082,47.082,NoButton,Drag,863,659
47.086,47.086,NoButton,Drag,883,670
47.09,47.09,NoButton,Drag,903,679
47.094,47.094,NoButton,Drag,924,690
47.098,47.098,NoButton,Drag,943,700
47.102,47.102,NoButton,Drag,963,709
47.106,47.106,NoButton,Drag,980,717
47.11,47.11,NoButton,Drag,996,724
47.114,47.114,NoButton,Drag,1011,730
47.118,47.118,NoButton,Drag,1023,736
47.122,47.122,NoButton,Drag,1036,742
47.126,47.126,NoButton,Drag,1048,747
47.13,47.13,NoButton,Drag,1057,751
47.134,47.134,NoButton,Drag,1066,756
47.138,47.138,NoButton,Drag,1073,759
47.142,47.142,NoButton,Drag,1079,762
47.146,47.146,NoButton,Drag,1084,765
47.15,47.15,NoButton,Drag,1089,768
47.154,47.154,NoButton,Drag,1093,771
47.158,47.158,NoButton,Drag,1097,774
47.162,47.162,NoButton,Drag,1101,776
47.166,47.166,NoButton,Drag,1104,779
47.17,47.17,NoButton,Drag,1107,781
47.174,47.174,NoButton,Drag,1109,784
47.178,47.178,NoButton,Drag,1112,786
47.182,47.182,NoButton,Drag,1114,788
47.186,47.186,NoButton,Drag,1116,791
47.191,47.191,Left,Released,1116,791
47.192,47.192,NoButton,Drag,1118,793
47.204,47.204,NoButton,Drag,1122,799
47.22,47.22,NoButton,Drag,1128,807
47.237,47.237,NoButton,Drag,1133,815
47.254,47.254,NoButton,Drag,1139,824
47.271,47.271,NoButton,Drag,1148,836
47.287,47.287,NoButton,Drag,1156,843
47.304,47.304,NoButton,Drag,1161,846
47.322,47.322,NoButton,Drag,1163,847
47.346,47.346,NoButton,Drag,1164,847
47.354,47.354,NoButton,Drag,1164,847
47.371,47.371,NoButton,Drag,1167,843
47.387,47.387,NoButton,Drag,1172,836
47.405,47.405,NoButton,Drag,1177,828
47.422,47.422,NoButton,Drag,1185,818
47.438,47.438,NoButton,Drag,1192,810
47.455,47.455,NoButton,Drag,1199,804
47.472,47.472,NoButton,Drag,1204,800
47.488,47.488,NoButton,Drag,1209,799
47.493,47.493,Left,Pressed,1209,799
47.493,47.493,NoButton,Drag,1211,799
47.496,47.496,NoButton,Drag,1212,799
47.502,47.502,NoButton,Drag,1214,799
47.504,47.504,NoButton,Drag,1216,799
47.508,47.508,NoButton,Drag,1218,800
47.512,47.512,NoButton,Drag,1220,800
47.516,47.516,NoButton,Drag,1222,800
47.52,47.52,NoButton,Drag,1224,801
47.524,47.524,NoButton,Drag,1226,801
47.528,47.528,NoButton,Drag,1228,801
47.532,47.532,NoButton,Drag,1229,802
47.536,47.536,NoButton,Drag,1231,802
47.54,47.54,NoButton,Drag,1232,803
47.544,47.544,NoButton,Drag,1233,803
47.548,47.548,NoButton,Drag,1235,803
47.553,47.553,NoButton,Drag,1236,803
47.556,47.556,NoButton,Drag,1237,803
47.56,47.56,NoButton,Drag,1238,803
47.564,47.564,NoButton,Drag,1238,803
47.572,47.572,NoButton,Drag,1239,803
47.617,47.617,Left,Released,1239,803
47.681,47.681,NoButton,Drag,1239,803
47.688,47.688,NoButton,Drag,1239,803
47.697,47.697,NoButton,Drag,1239,803
47.707,47.707,NoButton,Drag,1240,803
47.724,47.724,NoButton,Drag,1241,804
47.741,47.741,NoButton,Drag,1241,804
47.757,47.757,NoButton,Drag,1242,804
47.765,47.765,NoButton,Drag,1242,805
47.774,47.774,Left,Pressed,1242,805
47.774,47.774,NoButton,Drag,1243,806
47.776,47.776,NoButton,Drag,1243,806
47.78,47.78,NoButton,Drag,1243,806
47.784,47.784,NoButton,Drag,1244,806
47.788,47.788,NoButton,Drag,1244,807
47.792,47.792,NoButton,Drag,1244,807
47.8,47.8,NoButton,Drag,1244,807
47.808,47.808,NoButton,Drag,1244,807
47.816,47.816,NoButton,Drag,1245,807
47.82,47.82,NoButton,Drag,1245,807
47.824,47.824,NoButton,Drag,1245,807
47.828,47.828,NoButton,Drag,1245,808
47.832,47.832,NoButton,Drag,1246,808
47.836,47.836,NoButton,Drag,1246,808
47.84,47.84,NoButton,Drag,1247,808
47.844,47.844,NoButton,Drag,1247,808
47.848,47.848,NoButton,Drag,1248,808
47.852,47.852,NoButton,Drag,1249,808
47.856,47.856,NoButton,Drag,1250,808
47.86,47.86,NoButton,Drag,1251,808
47.864,47.864,NoButton,Drag,1252,808
47.869,47.869,Left,Released,1252,808
47.87,47.87,NoButton,Drag,1253,808
47.874,47.874,NoButton,Drag,1254,808
47.89,47.89,NoButton,Drag,1258,808
47.908,47.908,NoButton,Drag,1261,807
47.925,47.925,NoButton,Drag,1264,805
47.941,47.941,NoButton,Drag,1266,804
47.957,47.957,NoButton,Drag,1268,804
47.975,47.975,NoButton,Drag,1269,803
47.992,47.992,NoButton,Drag,1270,803
48.008,48.008,NoButton,Drag,1271,803
48.01,48.01,Left,Pressed,1271,803
48.011,48.011,NoButton,Drag,1272,804
48.014,48.014,NoButton,Drag,1272,804
48.018,48.018,NoButton,Drag,1272,804
48.023,48.023,NoButton,Drag,1272,804
48.03,48.03,NoButton,Drag,1273,804
48.062,48.062,NoButton,Drag,1273,804
48.066,48.066,NoButton,Drag,1273,804
48.07,48.07,NoButton,Drag,1273,804
48.074,48.074,NoButton,Drag,1274,805
48.078,48.078,NoButton,Drag,1274,805
48.082,48.082,NoButton,Drag,1274,805
48.086,48.086,NoButton,Drag,1274,805
48.09,48.09,NoButton,Drag,1275,805
48.094,48.094,NoButton,Drag,1275,805
48.098,48.098,NoButton,Drag,1275,805
48.102,48.102,NoButton,Drag,1276,805
48.135,48.135,Left,Released,1276,805
48.17,48.17,NoButton,Drag,1276,805
48.243,48.243,NoButton,Drag,1276,805
48.268,48.268,Left,Pressed,1276,805
48.269,48.269,NoButton,Drag,1276,804
48.327,48.327,Left,Released,1276,804
48.359,48.359,NoButton,Drag,1276,804
48.366,48.366,NoButton,Drag,1276,804
48.372,48.372,NoButton,Drag,1276,804
48.388,48.388,NoButton,Drag,1273,802
48.405,48.405,NoButton,Drag,1264,800
48.422,48.422,NoButton,Drag,1246,794
48.438,48.438,NoButton,Drag,1213,786
48.455,48.455,NoButton,Drag,1140,769
48.472,48.472,NoButton,Drag,1044,752
48.488,48.488,NoButton,Drag,908,729
48.505,48.505,NoButton,Drag,746,699
48.523,48.523,NoButton,Drag,529,647
48.539,48.539,NoButton,Drag,357,596
48.555,48.555,NoButton,Drag,192,546
48.573,48.573,NoButton,Drag,0,483
48.589,48.589,NoButton,Drag,0,439
48.606,48.606,NoButton,Drag,0,399
48.622,48.622,NoButton,Drag,0,366
48.639,48.639,NoButton,Drag,0,344
48.656,48.656,NoButton,Drag,0,331
48.673,48.673,NoButton,Drag,3,318
48.689,48.689,NoButton,Drag,16,304
48.706,48.706,NoButton,Drag,47,289
48.723,48.723,NoButton,Drag,98,271
48.741,48.741,NoButton,Drag,176,244
48.757,48.757,NoButton,Drag,228,227
48.773,48.773,NoButton,Drag,278,209
48.791,48.791,NoButton,Drag,313,193
48.807,48.807,NoButton,Drag,336,181
48.819,48.819,NoButton,Drag,345,175
48.836,48.836,NoButton,Drag,352,168
48.853,48.853,NoButton,Drag,354,164
48.87,48.87,NoButton,Drag,354,161
48.887,48.887,NoButton,Drag,353,158
48.903,48.903,NoButton,Drag,352,156
48.92,48.92,NoButton,Drag,349,153
48.937,48.937,NoButton,Drag,345,150
48.953,48.953,NoButton,Drag,336,144
48.97,48.97,NoButton,Drag,321,138
48.987,48.987,NoButton,Drag,302,132
49.004,49.004,NoButton,Drag,279,125
49.02,49.02,NoButton,Drag,254,118
49.038,49.038,NoButton,Drag,237,114
49.054,49.054,NoButton,Drag,225,111
49.069,49.069,NoButton,Drag,217,110
49.086,49.086,NoButton,Drag,216,110
49.116,49.116,NoButton,Drag,216,110
49.124,49.124,NoButton,Drag,216,110
49.136,49.136,NoButton,Drag,216,111
49.154,49.154,NoButton,Drag,216,113
49.17,49.17,NoButton,Drag,215,115
49.187,49.187,NoButton,Drag,215,120
49.204,49.204,NoButton,Drag,215,125
49.22,49.22,NoButton,Drag,215,132
49.237,49.237,NoButton,Drag,216,140
49.254,49.254,NoButton,Drag,218,147
49.27,49.27,NoButton,Drag,219,153
49.287,49.287,NoButton,Drag,218,156
49.304,49.304,NoButton,Drag,217,158
49.319,49.319,NoButton,Drag,217,158
49.336,49.336,NoButton,Drag,216,159
49.353,49.353,NoButton,Drag,216,159
49.37,49.37,NoButton,Drag,216,159
49.387,49.387,NoButton,Drag,215,159
49.403,49.403,NoButton,Drag,215,159
49.452,49.452,Left,Pressed,215,159
49.599,49.599,Left,Released,215,159
49.603,49.603,NoButton,Drag,215,159
49.606,49.606,NoButton,Drag,215,159
49.619,49.619,NoButton,Drag,214,160
49.637,49.637,NoButton,Drag,212,161
49.654,49.654,NoButton,Drag,210,162
49.671,49.671,NoButton,Drag,208,163
49.687,49.687,NoButton,Drag,207,164
49.703,49.703,NoButton,Drag,206,164
49.721,49.721,NoButton,Drag,205,165
49.737,49.737,NoButton,Drag,204,165
49.754,49.754,NoButton,Drag,204,166
49.789,49.789,Left,Pressed,204,166
49.893,49.893,NoButton,Drag,203,165
49.937,49.937,Left,Released,203,165
49.946,49.946,NoButton,Drag,203,165
49.96,49.96,NoButton,Drag,203,165
49.976,49.976,NoButton,Drag,204,165
49.991,49.991,NoButton,Drag,204,165
50.007,50.007,NoButton,Drag,207,165
50.024,50.024,NoButton,Drag,212,167
50.041,50.041,NoButton,Drag,223,171
50.057,50.057,NoButton,Drag,238,176
50.075,50.075,NoButton,Drag,258,182
50.092,50.092,NoButton,Drag,290,190
50.109,50.109,NoButton,Drag,340,203
50.126,50.126,NoButton,Drag,376,212
50.142,50.142,NoButton,Drag,406,221
50.16,50.16,NoButton,Drag,429,230
50.176,50.176,NoButton,Drag,442,240
50.193,50.193,NoButton,Drag,448,254
50.21,50.21,NoButton,Drag,447,270
50.227,50.227,NoButton,Drag,441,288
50.243,50.243,NoButton,Drag,431,310
50.26,50.26,NoButton,Drag,422,335
50.277,50.277,NoButton,Drag,420,374
50.294,50.294,NoButton,Drag,429,407
50.31,50.31,NoButton,Drag,451,442
50.331,50.331,NoButton,Drag,506,492
50.348,50.348,NoButton,Drag,553,520
50.365,50.365,NoButton,Drag,597,542
50.381,50.381,NoButton,Drag,631,562
50.398,50.398,NoButton,Drag,652,579
50.415,50.415,NoButton,Drag,662,593
50.431,50.431,NoButton,Drag,664,600
50.449,50.449,NoButton,Drag,662,606
50.465,50.465,NoButton,Drag,656,614
50.482,50.482,NoButton,Drag,648,623
50.498,50.498,NoButton,Drag,638,633
50.515,50.515,NoButton,Drag,632,647
50.532,50.532,NoButton,Drag,630,658
50.549,50.549,NoButton,Drag,629,668
50.566,50.566,NoButton,Drag,629,676
50.584,50.584,NoButton,Drag,625,685
50.601,50.601,NoButton,Drag,619,694
50.617,50.617,NoButton,Drag,610,702
50.634,50.634,NoButton,Drag,602,710
50.651,50.651,NoButton,Drag,596,719
50.667,50.667,NoButton,Drag,593,726
50.684,50.684,NoButton,Drag,592,732
50.702,50.702,NoButton,Drag,592,735
50.718,50.718,NoButton,Drag,593,737
50.727,50.727,Left,Pressed,593,737
50.731,50.731,NoButton,Drag,593,737
50.811,50.811,NoButton,Drag,593,737
50.815,50.815,NoButton,Drag,593,737
50.819,50.819,NoButton,Drag,593,736
50.822,50.822,NoButton,Drag,593,736
50.826,50.826,NoButton,Drag,594,735
50.83,50.83,NoButton,Drag,594,734
50.834,50.834,NoButton,Drag,594,734
50.839,50.839,NoButton,Drag,594,734
50.842,50.842,NoButton,Drag,594,733
50.847,50.847,Left,Released,594,733
50.848,50.848,NoButton,Drag,594,733
50.852,50.852,NoButton,Drag,594,732
50.869,50.869,NoButton,Drag,595,730
50.886,50.886,NoButton,Drag,597,728
50.902,50.902,NoButton,Drag,598,726
50.92,50.92,NoButton,Drag,599,724
50.936,50.936,NoButton,Drag,601,723
50.952,50.952,NoButton,Drag,601,722
50.994,50.994,Left,Pressed,601,722
51.001,51.001,NoButton,Drag,602,722
51.085,51.085,NoButton,Drag,602,721
51.088,51.088,NoButton,Drag,602,721
51.092,51.092,NoButton,Drag,602,721
51.096,51.096,NoButton,Drag,603,721
51.1,51.1,NoButton,Drag,603,721
51.104,51.104,NoButton,Drag,603,721
51.108,51.108,NoButton,Drag,604,720
51.112,51.112,NoButton,Drag,604,720
51.117,51.117,Left,Released,604,720
51.118,51.118,NoButton,Drag,605,720
51.12,51.12,NoButton,Drag,605,720
51.137,51.137,NoButton,Drag,607,718
51.153,51.153,NoButton,Drag,610,716
51.171,51.171,NoButton,Drag,613,713
51.187,51.187,NoButton,Drag,616,709
51.204,51.204,NoButton,Drag,618,706
51.221,51.221,NoButton,Drag,621,704
51.238,51.238,Left,Pressed,621,704
51.244,51.244,NoButton,Drag,621,704
51.284,51.284,NoButton,Drag,622,703
51.345,51.345,Left,Released,622,703
51.425,51.425,NoButton,Drag,622,703
51.432,51.432,NoButton,Drag,621,703
51.44,51.44,NoButton,Drag,620,703
51.456,51.456,NoButton,Drag,612,705
51.473,51.473,NoButton,Drag,594,709
51.489,51.489,NoButton,Drag,574,714
51.507,51.507,NoButton,Drag,546,724
51.523,51.523,NoButton,Drag,527,734
51.54,51.54,NoButton,Drag,517,744
51.557,51.557,NoButton,Drag,513,752
51.573,51.573,NoButton,Drag,512,759
51.59,51.59,NoButton,Drag,513,766
51.608,51.608,NoButton,Drag,517,772
51.624,51.624,NoButton,Drag,520,775
51.641,51.641,NoButton,Drag,521,778
51.657,51.657,NoButton,Drag,522,779
51.674,51.674,NoButton,Drag,522,780
51.691,51.691,NoButton,Drag,520,783
51.708,51.708,NoButton,Drag,519,785
51.725,51.725,NoButton,Drag,518,788
51.741,51.741,NoButton,Drag,518,790
51.758,51.758,NoButton,Drag,518,793
51.76,51.76,Left,Pressed,518,793
51.761,51.761,NoButton,Drag,518,793
51.762,51.762,NoButton,Drag,518,794
51.766,51.766,NoButton,Drag,518,794
51.77,51.77,NoButton,Drag,518,794
51.774,51.774,NoButton,Drag,518,795
51.778,51.778,NoButton,Drag,518,796
51.782,51.782,NoButton,Drag,518,797
51.786,51.786,NoButton,Drag,518,798
51.79,51.79,NoButton,Drag,517,798
51.794,51.794,NoButton,Drag,517,800
51.798,51.798,NoButton,Drag,516,801
51.802,51.802,NoButton,Drag,515,802
51.806,51.806,NoButton,Drag,513,804
51.81,51.81,NoButton,Drag,512,805
51.814,51.814,NoButton,Drag,511,806
51.818,51.818,NoButton,Drag,510,808
51.822,51.822,NoButton,Drag,508,809
51.826,51.826,NoButton,Drag,507,811
51.83,51.83,NoButton,Drag,505,812
51.834,51.834,NoButton,Drag,504,813
51.838,51.838,NoButton,Drag,502,814
51.842,51.842,NoButton,Drag,501,816
51.846,51.846,NoButton,Drag,500,817
51.85,51.85,NoButton,Drag,498,817
51.854,51.854,NoButton,Drag,497,818
51.858,51.858,NoButton,Drag,497,819
51.862,51.862,NoButton,Drag,496,819
51.866,51.866,NoButton,Drag,495,820
51.87,51.87,NoButton,Drag,494,820
51.874,51.874,NoButton,Drag,493,821
51.878,51.878,NoButton,Drag,493,821
51.882,51.882,NoButton,Drag,492,821
51.886,51.886,NoButton,Drag,492,822
51.894,51.894,NoButton,Drag,492,822
51.911,51.911,Left,Released,492,822
51.955,51.955,Left,Pressed,492,822
52.019,52.019,NoButton,Drag,492,822
52.056,52.056,NoButton,Drag,491,822
52.069,52.069,NoButton,Drag,491,822
52.077,52.077,Left,Released,491,822
52.084,52.084,NoButton,Drag,491,822
52.205,52.205,Left,Pressed,491,822
52.273,52.273,Left,Released,491,822
52.297,52.297,NoButton,Drag,491,821
52.308,52.308,NoButton,Drag,490,821
52.314,52.314,NoButton,Drag,490,821
52.327,52.327,NoButton,Drag,490,820
52.344,52.344,NoButton,Drag,489,819
52.361,52.361,NoButton,Drag,488,816
52.377,52.377,NoButton,Drag,487,810
52.395,52.395,NoButton,Drag,485,801
52.411,52.411,NoButton,Drag,485,789
52.428,52.428,NoButton,Drag,486,773
52.445,52.445,NoButton,Drag,492,746
52.461,52.461,NoButton,Drag,500,717
52.479,52.479,NoButton,Drag,515,679
52.495,52.495,NoButton,Drag,537,634
52.512,52.512,NoButton,Drag,571,581
52.529,52.529,NoButton,Drag,642,509
52.545,52.545,NoButton,Drag,715,457
52.562,52.562,NoButton,Drag,796,407
52.577,52.577,NoButton,Drag,865,360
52.593,52.593,NoButton,Drag,922,320
52.61,52.61,NoButton,Drag,964,286
52.627,52.627,NoButton,Drag,1006,249
52.643,52.643,NoButton,Drag,1031,226
52.66,52.66,NoButton,Drag,1048,208
52.677,52.677,NoButton,Drag,1059,194
52.694,52.694,NoButton,Drag,1064,185
52.711,52.711,NoButton,Drag,1065,180
52.727,52.727,NoButton,Drag,1064,179
52.744,52.744,NoButton,Drag,1059,180
52.762,52.762,NoButton,Drag,1046,189
52.778,52.778,NoButton,Drag,1025,202
52.795,52.795,NoButton,Drag,986,224
52.811,52.811,NoButton,Drag,941,241
52.824,52.824,NoButton,Drag,908,252
52.841,52.841,NoButton,Drag,861,261
52.857,52.857,NoButton,Drag,814,263
52.874,52.874,NoButton,Drag,776,261
52.891,52.891,NoButton,Drag,746,255
52.907,52.907,NoButton,Drag,733,249
52.924,52.924,NoButton,Drag,724,244
52.941,52.941,NoButton,Drag,719,240
52.958,52.958,NoButton,Drag,714,237
52.975,52.975,NoButton,Drag,704,234
52.991,52.991,NoButton,Drag,694,232
53.008,53.008,NoButton,Drag,682,232
53.025,53.025,NoButton,Drag,667,232
53.041,53.041,NoButton,Drag,647,232
53.059,53.059,NoButton,Drag,621,230
53.072,53.072,NoButton,Drag,608,229
53.09,53.09,NoButton,Drag,591,227
53.106,53.106,NoButton,Drag,578,224
53.123,53.123,NoButton,Drag,565,221
53.139,53.139,NoButton,Drag,556,219
53.156,53.156,NoButton,Drag,549,218
53.172,53.172,NoButton,Drag,542,216
53.19,53.19,NoButton,Drag,535,215
53.206,53.206,NoButton,Drag,527,214
53.223,53.223,NoButton,Drag,522,212
53.24,53.24,NoButton,Drag,516,212
53.257,53.257,NoButton,Drag,509,212
53.273,53.273,NoButton,Drag,501,211
53.29,53.29,NoButton,Drag,491,211
53.307,53.307,NoButton,Drag,482,210
53.323,53.323,NoButton,Drag,472,210
53.338,53.338,NoButton,Drag,461,209
53.356,53.356,NoButton,Drag,451,208
53.371,53.371,NoButton,Drag,442,207
53.388,53.388,NoButton,Drag,432,204
53.405,53.405,NoButton,Drag,425,202
53.422,53.422,NoButton,Drag,423,201
53.439,53.439,NoButton,Drag,423,201
53.481,53.481,NoButton,Drag,423,200
53.484,53.484,NoButton,Drag,423,200
53.496,53.496,NoButton,Drag,423,200
53.513,53.513,Left,Pressed,423,200
53.516,53.516,NoButton,Drag,423,200
53.54,53.54,NoButton,Drag,423,199
53.564,53.564,NoButton,Drag,423,199
53.572,53.572,NoButton,Drag,423,199
53.58,53.58,NoButton,Drag,423,199
53.588,53.588,NoButton,Drag,423,199
53.592,53.592,NoButton,Drag,423,198
53.596,53.596,NoButton,Drag,423,198
53.6,53.6,NoButton,Drag,423,198
53.605,53.605,Left,Released,423,198
53.606,53.606,NoButton,Drag,423,198
53.622,53.622,NoButton,Drag,423,197
53.638,53.638,NoButton,Drag,424,195
53.653,53.653,NoButton,Drag,424,194
53.671,53.671,NoButton,Drag,426,193
53.688,53.688,NoButton,Drag,428,191
53.703,53.703,NoButton,Drag,430,190
53.721,53.721,NoButton,Drag,431,190
53.775,53.775,Left,Pressed,431,190
53.779,53.779,NoButton,Drag,431,190
53.846,53.846,NoButton,Drag,431,190
53.871,53.871,Left,Released,431,190
53.882,53.882,NoButton,Drag,431,190
53.89,53.89,NoButton,Drag,431,190
53.905,53.905,NoButton,Drag,433,190
53.921,53.921,NoButton,Drag,437,193
53.938,53.938,NoButton,Drag,450,202
53.954,53.954,NoButton,Drag,493,224
53.971,53.971,NoButton,Drag,564,259
53.988,53.988,NoButton,Drag,647,300
54.004,54.004,NoButton,Drag,730,342
54.022,54.022,NoButton,Drag,814,383
54.038,54.038,NoButton,Drag,889,420
54.055,54.055,NoButton,Drag,947,450
54.072,54.072,NoButton,Drag,968,465
54.088,54.088,NoButton,Drag,976,475
54.105,54.105,NoButton,Drag,978,482
54.122,54.122,NoButton,Drag,977,488
54.138,54.138,NoButton,Drag,973,496
54.155,54.155,NoButton,Drag,970,502
54.172,54.172,NoButton,Drag,969,509
54.188,54.188,NoButton,Drag,972,518
54.206,54.206,NoButton,Drag,977,524
54.222,54.222,NoButton,Drag,980,527
54.272,54.272,NoButton,Drag,980,527
54.318,54.318,NoButton,Drag,980,527
54.323,54.323,NoButton,Drag,981,527
54.337,54.337,NoButton,Drag,983,528
54.354,54.354,NoButton,Drag,992,531
54.371,54.371,NoButton,Drag,1000,532
54.387,54.387,NoButton,Drag,1004,533
54.404,54.404,NoButton,Drag,1006,534
54.421,54.421,NoButton,Drag,1010,536
54.438,54.438,NoButton,Drag,1016,540
54.454,54.454,NoButton,Drag,1023,545
54.471,54.471,NoButton,Drag,1034,552
54.488,54.488,NoButton,Drag,1042,557
54.504,54.504,NoButton,Drag,1049,562
54.521,54.521,NoButton,Drag,1051,563
54.538,54.538,NoButton,Drag,1052,564
54.555,54.555,NoButton,Drag,1052,565
54.571,54.571,NoButton,Drag,1052,565
54.588,54.588,NoButton,Drag,1052,566
54.605,54.605,NoButton,Drag,1052,567
54.628,54.628,NoButton,Drag,1052,567
54.644,54.644,NoButton,Drag,1052,567
54.657,54.657,Left,Pressed,1052,567
54.658,54.658,NoButton,Drag,1052,568
54.685,54.685,NoButton,Drag,1052,568
54.689,54.689,NoButton,Drag,1052,568
54.696,54.696,NoButton,Drag,1052,568
54.704,54.704,NoButton,Drag,1052,569
54.712,54.712,NoButton,Drag,1052,569
54.716,54.716,NoButton,Drag,1052,569
54.72,54.72,NoButton,Drag,1052,569
54.724,54.724,NoButton,Drag,1052,570
54.728,54.728,NoButton,Drag,1052,570
54.732,54.732,NoButton,Drag,1052,570
54.74,54.74,NoButton,Drag,1052,570
54.744,54.744,NoButton,Drag,1052,571
54.817,54.817,Left,Released,1052,571
54.841,54.841,NoButton,Drag,1052,571
54.849,54.849,NoButton,Drag,1052,571
54.86,54.86,NoButton,Drag,1053,572
54.876,54.876,NoButton,Drag,1053,572
54.893,54.893,NoButton,Drag,1054,573
54.91,54.91,NoButton,Drag,1055,573
54.926,54.926,NoButton,Drag,1055,574
54.939,54.939,NoButton,Drag,1056,575
54.943,54.943,Left,Pressed,1056,575
54.943,54.943,NoButton,Drag,1056,575
54.946,54.946,NoButton,Drag,1056,575
54.95,54.95,NoButton,Drag,1056,576
54.954,54.954,NoButton,Drag,1057,576
54.958,54.958,NoButton,Drag,1057,576
54.962,54.962,NoButton,Drag,1057,577
54.966,54.966,NoButton,Drag,1057,577
54.97,54.97,NoButton,Drag,1057,577
54.974,54.974,NoButton,Drag,1058,578
54.978,54.978,NoButton,Drag,1058,578
54.982,54.982,NoButton,Drag,1058,578
54.986,54.986,NoButton,Drag,1059,578
54.992,54.992,NoButton,Drag,1059,579
54.994,54.994,NoButton,Drag,1059,579
54.998,54.998,NoButton,Drag,1060,579
55.002,55.002,NoButton,Drag,1060,579
55.006,55.006,NoButton,Drag,1060,579
55.01,55.01,NoButton,Drag,1060,579
55.091,55.091,Left,Released,1060,579
55.147,55.147,NoButton,Drag,1061,579
55.159,55.159,Left,Pressed,1061,579
55.275,55.275,Left,Released,1061,579
55.383,55.383,NoButton,Drag,1061,579
55.399,55.399,NoButton,Drag,1061,579
55.415,55.415,NoButton,Drag,1061,580
55.446,55.446,NoButton,Drag,1061,580
55.45,55.45,NoButton,Drag,1061,580
55.465,55.465,NoButton,Drag,1061,581
55.482,55.482,NoButton,Drag,1061,582
55.499,55.499,NoButton,Drag,1062,583
55.509,55.509,Left,Pressed,1062,583
55.546,55.546,Left,Released,1062,583
55.547,55.547,NoButton,Drag,1062,583
55.552,55.552,NoButton,Drag,1062,583
55.567,55.567,NoButton,Drag,1060,583
55.583,55.583,NoButton,Drag,1059,582
55.6,55.6,NoButton,Drag,1054,577
55.617,55.617,NoButton,Drag,1032,562
55.634,55.634,NoButton,Drag,985,536
55.65,55.65,NoButton,Drag,910,498
55.667,55.667,NoButton,Drag,828,457
55.684,55.684,NoButton,Drag,743,417
55.701,55.701,NoButton,Drag,624,371
55.717,55.717,NoButton,Drag,537,334
55.734,55.734,NoButton,Drag,466,306
55.75,55.75,NoButton,Drag,421,285
55.767,55.767,NoButton,Drag,392,268
55.784,55.784,NoButton,Drag,373,253
55.802,55.802,NoButton,Drag,360,238
55.817,55.817,NoButton,Drag,355,229
55.836,55.836,NoButton,Drag,354,222
55.853,55.853,NoButton,Drag,354,213
55.869,55.869,NoButton,Drag,356,207
55.887,55.887,NoButton,Drag,358,201
55.903,55.903,NoButton,Drag,360,195
55.919,55.919,NoButton,Drag,362,190
55.937,55.937,NoButton,Drag,363,184
55.953,55.953,NoButton,Drag,362,179
55.97,55.97,NoButton,Drag,360,173
55.987,55.987,NoButton,Drag,353,166
56.004,56.004,NoButton,Drag,343,161
56.021,56.021,NoButton,Drag,326,156
56.037,56.037,NoButton,Drag,312,153
56.054,56.054,NoButton,Drag,302,150
56.071,56.071,NoButton,Drag,288,149
56.087,56.087,NoButton,Drag,277,148
56.102,56.102,NoButton,Drag,267,145
56.119,56.119,NoButton,Drag,256,143
56.136,56.136,NoButton,Drag,245,139
56.153,56.153,NoButton,Drag,235,135
56.169,56.169,NoButton,Drag,225,130
56.186,56.186,NoButton,Drag,216,125
56.203,56.203,NoButton,Drag,205,117
56.22,56.22,NoButton,Drag,197,110
56.237,56.237,NoButton,Drag,189,103
56.254,56.254,NoButton,Drag,184,97
56.27,56.27,NoButton,Drag,182,95
56.287,56.287,NoButton,Drag,182,93
56.314,56.314,NoButton,Drag,182,93
56.423,56.423,NoButton,Drag,182,93
56.426,56.426,NoButton,Drag,181,93
56.437,56.437,NoButton,Drag,181,93
56.453,56.453,NoButton,Drag,180,95
56.47,56.47,NoButton,Drag,177,97
56.486,56.486,NoButton,Drag,175,98
56.503,56.503,NoButton,Drag,172,100
56.52,56.52,NoButton,Drag,170,101
56.537,56.537,NoButton,Drag,170,102
56.553,56.553,NoButton,Drag,170,102
56.57,56.57,NoButton,Drag,169,103
56.584,56.584,Left,Pressed,169,103
56.721,56.721,Left,Released,169,103
56.833,56.833,Left,Pressed,169,103
56.926,56.926,NoButton,Drag,169,103
56.929,56.929,NoButton,Drag,169,103
56.933,56.933,NoButton,Drag,169,104
56.936,56.936,NoButton,Drag,169,104
56.94,56.94,NoButton,Drag,169,105
56.944,56.944,NoButton,Drag,169,106
56.949,56.949,Left,Released,169,106
56.95,56.95,NoButton,Drag,169,107
56.966,56.966,NoButton,Drag,171,113
56.983,56.983,NoButton,Drag,182,125
56.999,56.999,NoButton,Drag,203,142
57.016,57.016,NoButton,Drag,246,167
57.033,57.033,NoButton,Drag,335,210
57.049,57.049,NoButton,Drag,421,242
57.066,57.066,NoButton,Drag,536,269
57.082,57.082,NoButton,Drag,669,288
57.098,57.098,NoButton,Drag,791,308
57.116,57.116,NoButton,Drag,875,323
57.132,57.132,NoButton,Drag,926,333
57.149,57.149,NoButton,Drag,959,341
57.165,57.165,NoButton,Drag,971,346
57.182,57.182,NoButton,Drag,979,352
57.199,57.199,NoButton,Drag,986,356
57.216,57.216,NoButton,Drag,994,361
57.233,57.233,NoButton,Drag,1003,366
57.249,57.249,NoButton,Drag,1016,371
57.266,57.266,NoButton,Drag,1029,374
57.283,57.283,NoButton,Drag,1038,376
57.299,57.299,NoButton,Drag,1040,377
57.411,57.411,NoButton,Drag,1041,377
57.414,57.414,NoButton,Drag,1041,377
57.418,57.418,NoButton,Drag,1042,377
57.434,57.434,NoButton,Drag,1045,377
57.45,57.45,NoButton,Drag,1055,377
57.467,57.467,NoButton,Drag,1062,376
57.485,57.485,NoButton,Drag,1069,374
57.501,57.501,NoButton,Drag,1074,373
57.517,57.517,NoButton,Drag,1080,371
57.534,57.534,NoButton,Drag,1090,370
57.551,57.551,NoButton,Drag,1099,368
57.568,57.568,NoButton,Drag,1106,367
57.583,57.583,NoButton,Drag,1112,367
57.6,57.6,NoButton,Drag,1115,367
57.616,57.616,NoButton,Drag,1118,367
57.634,57.634,NoButton,Drag,1121,367
57.65,57.65,NoButton,Drag,1122,367
57.671,57.671,Left,Pressed,1122,367
57.672,57.672,NoButton,Drag,1122,367
57.817,57.817,Left,Released,1122,367
57.909,57.909,Left,Pressed,1122,367
57.961,57.961,NoButton,Drag,1123,367
57.977,57.977,NoButton,Drag,1123,367
57.985,57.985,Left,Released,1123,367
57.988,57.988,NoButton,Drag,1123,367
57.992,57.992,NoButton,Drag,1122,367
58,58,NoButton,Drag,1122,368
58.017,58.017,NoButton,Drag,1119,370
58.033,58.033,NoButton,Drag,1112,372
58.051,58.051,NoButton,Drag,1100,376
58.067,58.067,NoButton,Drag,1081,381
58.084,58.084,NoButton,Drag,1052,389
58.101,58.101,NoButton,Drag,994,406
58.117,58.117,NoButton,Drag,938,424
58.134,58.134,NoButton,Drag,882,444
58.15,58.15,NoButton,Drag,830,463
58.167,58.167,NoButton,Drag,784,480
58.184,58.184,NoButton,Drag,739,498
58.201,58.201,NoButton,Drag,684,522
58.217,58.217,NoButton,Drag,648,542
58.234,58.234,NoButton,Drag,621,560
58.251,58.251,NoButton,Drag,599,575
58.268,58.268,NoButton,Drag,576,591
58.284,58.284,NoButton,Drag,539,611
58.301,58.301,NoButton,Drag,505,627
58.318,58.318,NoButton,Drag,477,639
58.335,58.335,NoButton,Drag,451,650
58.352,58.352,NoButton,Drag,430,660
58.369,58.369,NoButton,Drag,406,669
58.386,58.386,NoButton,Drag,393,674
58.402,58.402,NoButton,Drag,386,677
58.419,58.419,NoButton,Drag,384,678
58.447,58.447,NoButton,Drag,384,678
58.453,58.453,NoButton,Drag,384,678
58.49,58.49,NoButton,Drag,383,678
58.503,58.503,NoButton,Drag,383,677
58.52,58.52,NoButton,Drag,382,676
58.537,58.537,NoButton,Drag,380,675
58.553,58.553,NoButton,Drag,378,675
58.57,58.57,NoButton,Drag,375,676
58.585,58.585,NoButton,Drag,368,677
58.602,58.602,NoButton,Drag,357,681
58.618,58.618,NoButton,Drag,341,685
58.636,58.636,NoButton,Drag,327,689
58.652,58.652,NoButton,Drag,317,692
58.669,58.669,NoButton,Drag,306,695
58.686,58.686,NoButton,Drag,296,697
58.702,58.702,NoButton,Drag,289,700
58.719,58.719,NoButton,Drag,283,702
58.736,58.736,NoButton,Drag,278,705
58.752,58.752,NoButton,Drag,273,708
58.77,58.77,NoButton,Drag,268,711
58.786,58.786,NoButton,Drag,266,712
58.831,58.831,Left,Pressed,266,712
58.882,58.882,NoButton,Drag,266,712
58.898,58.898,NoButton,Drag,266,712
58.902,58.902,NoButton,Drag,266,712
58.906,58.906,NoButton,Drag,265,712
58.91,58.91,NoButton,Drag,265,712
58.922,58.922,NoButton,Drag,265,712
58.934,58.934,NoButton,Drag,265,712
58.948,58.948,Left,Released,265,712
59.025,59.025,Left,Pressed,265,712
59.125,59.125,Left,Released,265,712
59.132,59.132,NoButton,Drag,264,712
59.157,59.157,NoButton,Drag,264,712
59.16,59.16,NoButton,Drag,264,712
59.171,59.171,NoButton,Drag,264,713
59.187,59.187,NoButton,Drag,264,714
59.204,59.204,NoButton,Drag,264,717
59.221,59.221,NoButton,Drag,265,722
59.237,59.237,NoButton,Drag,269,727
59.254,59.254,NoButton,Drag,276,733
59.271,59.271,NoButton,Drag,284,739
59.287,59.287,NoButton,Drag,293,745
59.305,59.305,NoButton,Drag,304,750
59.321,59.321,NoButton,Drag,310,753
59.338,59.338,NoButton,Drag,311,753
59.397,59.397,NoButton,Drag,311,754
59.457,59.457,NoButton,Drag,311,753
59.46,59.46,NoButton,Drag,311,753
59.473,59.473,NoButton,Drag,311,752
59.489,59.489,NoButton,Drag,310,750
59.506,59.506,NoButton,Drag,307,748
59.523,59.523,NoButton,Drag,302,744
59.539,59.539,NoButton,Drag,297,741
59.556,59.556,NoButton,Drag,295,739
59.573,59.573,NoButton,Drag,293,738
59.591,59.591,NoButton,Drag,291,738
59.608,59.608,NoButton,Drag,290,737
59.624,59.624,NoButton,Drag,290,737
59.684,59.684,Left,Pressed,290,737
59.775,59.775,NoButton,Drag,290,736
59.794,59.794,NoButton,Drag,290,736
59.799,59.799,Left,Released,290,736
59.802,59.802,NoButton,Drag,290,736
59.81,59.81,NoButton,Drag,290,736
59.896,59.896,Left,Pressed,290,736
59.987,59.987,Left,Released,290,736
59.988,59.988,NoButton,Drag,290,736
59.99,59.99,NoButton,Drag,290,735
59.998,59.998,NoButton,Drag,289,735
60.01,60.01,NoButton,Drag,289,735
60.027,60.027,NoButton,Drag,289,733
60.044,60.044,NoButton,Drag,291,731
60.06,60.06,NoButton,Drag,295,727
60.078,60.078,NoButton,Drag,306,720
60.095,60.095,NoButton,Drag,337,704
60.112,60.112,NoButton,Drag,381,685
60.129,60.129,NoButton,Drag,454,651
60.145,60.145,NoButton,Drag,526,615
60.162,60.162,NoButton,Drag,603,575
60.178,60.178,NoButton,Drag,677,538
60.196,60.196,NoButton,Drag,744,499
60.213,60.213,NoButton,Drag,815,452
60.229,60.229,NoButton,Drag,866,416
60.245,60.245,NoButton,Drag,906,385
60.263,60.263,NoButton,Drag,943,354
60.28,60.28,NoButton,Drag,982,324
60.296,60.296,NoButton,Drag,1017,299
60.313,60.313,NoButton,Drag,1053,273
60.33,60.33,NoButton,Drag,1074,254
60.347,60.347,NoButton,Drag,1091,238
60.363,60.363,NoButton,Drag,1105,222
60.38,60.38,NoButton,Drag,1121,205
60.397,60.397,NoButton,Drag,1131,191
60.414,60.414,NoButton,Drag,1138,180
60.431,60.431,NoButton,Drag,1141,172
60.448,60.448,NoButton,Drag,1142,166
60.464,60.464,NoButton,Drag,1141,162
60.481,60.481,NoButton,Drag,1135,159
60.497,60.497,NoButton,Drag,1127,157
60.514,60.514,NoButton,Drag,1117,154
60.531,60.531,NoButton,Drag,1104,153
60.548,60.548,NoButton,Drag,1089,152
60.564,60.564,NoButton,Drag,1068,152
60.582,60.582,NoButton,Drag,1052,152
60.596,60.596,NoButton,Drag,1041,152
60.613,60.613,NoButton,Drag,1026,152
60.629,60.629,NoButton,Drag,1019,152
60.645,60.645,NoButton,Drag,1014,152
60.662,60.662,NoButton,Drag,1009,152
60.679,60.679,NoButton,Drag,999,152
60.696,60.696,NoButton,Drag,987,152
60.713,60.713,NoButton,Drag,974,152
60.73,60.73,NoButton,Drag,961,152
60.746,60.746,NoButton,Drag,950,151
60.763,60.763,NoButton,Drag,947,150
60.78,60.78,NoButton,Drag,946,150
60.796,60.796,NoButton,Drag,946,150
60.813,60.813,NoButton,Drag,944,149
60.83,60.83,NoButton,Drag,943,149
60.844,60.844,NoButton,Drag,942,149
60.861,60.861,NoButton,Drag,941,149
60.878,60.878,NoButton,Drag,940,148
60.895,60.895,NoButton,Drag,937,147
60.912,60.912,NoButton,Drag,931,146
60.929,60.929,NoButton,Drag,924,145
60.946,60.946,NoButton,Drag,916,143
60.962,60.962,NoButton,Drag,907,141
60.979,60.979,NoButton,Drag,897,140
60.996,60.996,NoButton,Drag,892,139
61.012,61.012,NoButton,Drag,891,139
61.136,61.136,Left,Pressed,891,139
61.207,61.207,NoButton,Drag,891,139
61.211,61.211,NoButton,Drag,891,139
61.222,61.222,NoButton,Drag,890,138
61.226,61.226,NoButton,Drag,890,138
61.23,61.23,NoButton,Drag,890,138
61.234,61.234,NoButton,Drag,890,138
61.239,61.239,NoButton,Drag,889,138
61.242,61.242,NoButton,Drag,889,137
61.244,61.244,NoButton,Drag,889,137
61.257,61.257,Left,Released,889,137
61.26,61.26,NoButton,Drag,889,137
61.264,61.264,NoButton,Drag,889,137
61.277,61.277,NoButton,Drag,888,137
61.295,61.295,NoButton,Drag,888,137
61.312,61.312,NoButton,Drag,888,137
61.344,61.344,NoButton,Drag,888,136
61.437,61.437,NoButton,Drag,888,136
61.46,61.46,NoButton,Drag,888,136
61.464,61.464,NoButton,Drag,888,136
61.479,61.479,NoButton,Drag,889,136
61.495,61.495,NoButton,Drag,890,136
61.511,61.511,NoButton,Drag,890,137
61.529,61.529,NoButton,Drag,887,143
61.545,61.545,NoButton,Drag,877,154
61.562,61.562,NoButton,Drag,855,177
61.578,61.578,NoButton,Drag,827,205
61.595,61.595,NoButton,Drag,797,234
61.612,61.612,NoButton,Drag,762,270
61.628,61.628,NoButton,Drag,701,328
61.646,61.646,NoButton,Drag,650,368
61.662,61.662,NoButton,Drag,609,403
61.679,61.679,NoButton,Drag,578,433
61.696,61.696,NoButton,Drag,554,455
61.712,61.712,NoButton,Drag,538,474
61.729,61.729,NoButton,Drag,532,485
61.746,61.746,NoButton,Drag,530,496
61.763,61.763,NoButton,Drag,532,505
61.78,61.78,NoButton,Drag,535,512
61.796,61.796,NoButton,Drag,538,517
61.813,61.813,NoButton,Drag,540,520
61.829,61.829,NoButton,Drag,540,520
61.927,61.927,NoButton,Drag,540,520
61.962,61.962,NoButton,Drag,540,520
61.97,61.97,NoButton,Drag,540,520
61.98,61.98,NoButton,Drag,541,520
61.997,61.997,NoButton,Drag,542,522
62.014,62.014,NoButton,Drag,542,527
62.03,62.03,NoButton,Drag,541,536
62.047,62.047,NoButton,Drag,538,548
62.063,62.063,NoButton,Drag,535,561
62.08,62.08,NoButton,Drag,532,572
62.095,62.095,NoButton,Drag,530,583
62.112,62.112,NoButton,Drag,528,593
62.129,62.129,NoButton,Drag,527,600
62.146,62.146,NoButton,Drag,527,607
62.162,62.162,NoButton,Drag,528,614
62.179,62.179,NoButton,Drag,530,619
62.195,62.195,NoButton,Drag,531,623
62.212,62.212,NoButton,Drag,532,626
62.229,62.229,NoButton,Drag,535,629
62.246,62.246,NoButton,Drag,537,632
62.263,62.263,NoButton,Drag,540,636
62.279,62.279,NoButton,Drag,543,638
62.297,62.297,NoButton,Drag,547,641
62.312,62.312,NoButton,Drag,551,643
62.33,62.33,NoButton,Drag,553,645
62.346,62.346,NoButton,Drag,555,645
62.361,62.361,NoButton,Drag,555,646
62.378,62.378,NoButton,Drag,556,647
62.395,62.395,NoButton,Drag,557,651
62.411,62.411,NoButton,Drag,558,655
62.428,62.428,NoButton,Drag,562,661
62.445,62.445,NoButton,Drag,566,669
62.461,62.461,NoButton,Drag,571,674
62.478,62.478,NoButton,Drag,575,678
62.495,62.495,NoButton,Drag,577,681
62.512,62.512,NoButton,Drag,577,682
62.529,62.529,NoButton,Drag,578,683
62.546,62.546,NoButton,Drag,578,684
62.563,62.563,NoButton,Drag,578,685
62.578,62.578,NoButton,Drag,579,686
62.595,62.595,NoButton,Drag,579,687
62.609,62.609,NoButton,Drag,579,688
62.615,62.615,Left,Pressed,579,688
62.615,62.615,NoButton,Drag,580,688
62.628,62.628,NoButton,Drag,580,688
62.769,62.769,Left,Released,580,688
62.909,62.909,NoButton,Drag,580,688
62.916,62.916,NoButton,Drag,580,687
62.928,62.928,NoButton,Drag,580,687
62.933,62.933,NoButton,Drag,580,687
62.95,62.95,NoButton,Drag,581,686
62.967,62.967,NoButton,Drag,586,685
62.984,62.984,NoButton,Drag,601,682
63.001,63.001,NoButton,Drag,631,679
63.017,63.017,NoButton,Drag,686,676
63.034,63.034,NoButton,Drag,760,668
63.051,63.051,NoButton,Drag,859,646
63.067,63.067,NoButton,Drag,928,629
63.084,63.084,NoButton,Drag,974,617
63.102,63.102,NoButton,Drag,997,614
63.119,63.119,NoButton,Drag,1006,614
63.135,63.135,NoButton,Drag,1006,614
63.153,63.153,NoButton,Drag,1007,615
63.169,63.169,NoButton,Drag,1007,617
63.186,63.186,NoButton,Drag,1006,618
63.202,63.202,NoButton,Drag,1004,620
63.219,63.219,NoButton,Drag,1001,623
63.235,63.235,NoButton,Drag,999,625
63.252,63.252,NoButton,Drag,996,629
63.269,63.269,NoButton,Drag,995,634
63.287,63.287,NoButton,Drag,995,639
63.302,63.302,NoButton,Drag,995,640
63.32,63.32,NoButton,Drag,994,641
63.336,63.336,NoButton,Drag,993,643
63.353,63.353,NoButton,Drag,992,644
63.37,63.37,NoButton,Drag,989,646
63.387,63.387,NoButton,Drag,987,648
63.404,63.404,NoButton,Drag,986,650
63.42,63.42,NoButton,Drag,984,652
63.437,63.437,NoButton,Drag,982,654
63.454,63.454,NoButton,Drag,981,655
63.471,63.471,NoButton,Drag,980,657
63.487,63.487,NoButton,Drag,978,658
63.504,63.504,NoButton,Drag,976,659
63.521,63.521,NoButton,Drag,973,661
63.538,63.538,NoButton,Drag,970,663
63.554,63.554,NoButton,Drag,967,665
63.572,63.572,NoButton,Drag,963,667
63.588,63.588,NoButton,Drag,961,668
63.601,63.601,NoButton,Drag,959,670
63.618,63.618,NoButton,Drag,957,672
63.635,63.635,NoButton,Drag,954,674
63.652,63.652,NoButton,Drag,952,676
63.668,63.668,NoButton,Drag,951,677
63.7,63.7,NoButton,Drag,951,677
63.749,63.749,Left,Pressed,951,677
63.773,63.773,NoButton,Drag,951,677
63.776,63.776,NoButton,Drag,951,676
63.78,63.78,NoButton,Drag,951,676
63.784,63.784,NoButton,Drag,952,675
63.788,63.788,NoButton,Drag,952,675
63.792,63.792,NoButton,Drag,952,675
63.796,63.796,NoButton,Drag,953,674
63.8,63.8,NoButton,Drag,953,674
63.804,63.804,NoButton,Drag,953,673
63.808,63.808,NoButton,Drag,954,672
63.812,63.812,NoButton,Drag,954,672
63.817,63.817,NoButton,Drag,955,672
63.82,63.82,NoButton,Drag,955,671
63.824,63.824,NoButton,Drag,956,671
63.829,63.829,Left,Released,956,671
63.829,63.829,NoButton,Drag,956,670
63.834,63.834,NoButton,Drag,957,670
63.851,63.851,NoButton,Drag,960,668
63.867,63.867,NoButton,Drag,963,666
63.884,63.884,NoButton,Drag,966,665
63.901,63.901,NoButton,Drag,968,663
63.917,63.917,NoButton,Drag,969,662
63.934,63.934,NoButton,Drag,971,661
63.951,63.951,NoButton,Drag,971,661
63.968,63.968,NoButton,Drag,972,660
64.021,64.021,Left,Pressed,972,660
64.139,64.139,Left,Released,972,660
64.239,64.239,NoButton,Drag,972,660
64.295,64.295,NoButton,Drag,971,660
64.298,64.298,NoButton,Drag,971,661
64.315,64.315,NoButton,Drag,970,662
64.331,64.331,NoButton,Drag,967,663
64.347,64.347,NoButton,Drag,962,665
64.364,64.364,NoButton,Drag,956,667
64.381,64.381,NoButton,Drag,948,669
64.398,64.398,NoButton,Drag,938,670
64.414,64.414,NoButton,Drag,926,670
64.431,64.431,NoButton,Drag,913,665
64.447,64.447,NoButton,Drag,905,661
64.465,64.465,NoButton,Drag,904,659
64.482,64.482,NoButton,Drag,904,659
64.498,64.498,NoButton,Drag,904,657
64.515,64.515,NoButton,Drag,906,649
64.531,64.531,NoButton,Drag,915,635
64.548,64.548,NoButton,Drag,930,614
64.566,64.566,NoButton,Drag,950,587
64.583,64.583,NoButton,Drag,976,558
64.599,64.599,NoButton,Drag,1011,521
64.616,64.616,NoButton,Drag,1037,495
64.633,64.633,NoButton,Drag,1058,473
64.65,64.65,NoButton,Drag,1071,458
64.667,64.667,NoButton,Drag,1077,446
64.683,64.683,NoButton,Drag,1078,437
64.699,64.699,NoButton,Drag,1078,429
64.716,64.716,NoButton,Drag,1077,420
64.733,64.733,NoButton,Drag,1075,415
64.751,64.751,NoButton,Drag,1073,411
64.767,64.767,NoButton,Drag,1071,408
64.784,64.784,NoButton,Drag,1068,405
64.8,64.8,NoButton,Drag,1063,401
64.817,64.817,NoButton,Drag,1057,397
64.834,64.834,NoButton,Drag,1052,393
64.852,64.852,NoButton,Drag,1049,390
64.869,64.869,NoButton,Drag,1046,384
64.885,64.885,NoButton,Drag,1042,378
64.903,64.903,NoButton,Drag,1038,371
64.919,64.919,NoButton,Drag,1035,366
64.936,64.936,NoButton,Drag,1034,365
64.953,64.953,NoButton,Drag,1033,364
64.969,64.969,NoButton,Drag,1032,364
64.987,64.987,NoButton,Drag,1032,364
65.003,65.003,NoButton,Drag,1030,364
65.02,65.02,NoButton,Drag,1029,364
65.036,65.036,NoButton,Drag,1028,366
65.053,65.053,NoButton,Drag,1027,369
65.07,65.07,NoButton,Drag,1025,374
65.085,65.085,NoButton,Drag,1025,378
65.087,65.087,Left,Pressed,1025,378
65.087,65.087,NoButton,Drag,1025,379
65.088,65.088,NoButton,Drag,1025,381
65.092,65.092,NoButton,Drag,1025,382
65.096,65.096,NoButton,Drag,1025,383
65.1,65.1,NoButton,Drag,1025,384
65.104,65.104,NoButton,Drag,1025,385
65.108,65.108,NoButton,Drag,1025,386
65.112,65.112,NoButton,Drag,1025,387
65.116,65.116,NoButton,Drag,1025,387
65.12,65.12,NoButton,Drag,1025,388
65.148,65.148,NoButton,Drag,1025,388
65.205,65.205,NoButton,Drag,1025,388
65.212,65.212,NoButton,Drag,1024,388
65.216,65.216,NoButton,Drag,1024,387
65.229,65.229,Left,Released,1024,387
65.23,65.23,NoButton,Drag,1024,387
65.241,65.241,NoButton,Drag,1023,387
65.254,65.254,NoButton,Drag,1023,387
65.271,65.271,NoButton,Drag,1023,386
65.319,65.319,NoButton,Drag,1022,386
65.328,65.328,NoButton,Drag,1022,387
65.338,65.338,NoButton,Drag,1022,387
65.354,65.354,NoButton,Drag,1020,387
65.37,65.37,NoButton,Drag,1019,387
65.387,65.387,NoButton,Drag,1017,387
65.403,65.403,NoButton,Drag,1013,388
65.42,65.42,NoButton,Drag,1006,390
65.437,65.437,NoButton,Drag,996,392
65.454,65.454,NoButton,Drag,983,395
65.471,65.471,NoButton,Drag,960,400
65.487,65.487,NoButton,Drag,930,406
65.505,65.505,NoButton,Drag,895,413
65.521,65.521,NoButton,Drag,859,417
65.538,65.538,NoButton,Drag,815,418
65.555,65.555,NoButton,Drag,748,412
65.572,65.572,NoButton,Drag,686,402
65.588,65.588,NoButton,Drag,613,391
65.607,65.607,NoButton,Drag,521,375
65.624,65.624,NoButton,Drag,446,359
65.641,65.641,NoButton,Drag,371,340
65.657,65.657,NoButton,Drag,297,319
65.675,65.675,NoButton,Drag,220,290
65.691,65.691,NoButton,Drag,170,269
65.708,65.708,NoButton,Drag,122,246
65.724,65.724,NoButton,Drag,84,225
65.741,65.741,NoButton,Drag,55,207
65.758,65.758,NoButton,Drag,31,192
65.775,65.775,NoButton,Drag,10,178
65.791,65.791,NoButton,Drag,2,171
65.808,65.808,NoButton,Drag,1,170
65.826,65.826,NoButton,Drag,1,169
65.842,65.842,NoButton,Drag,1,169
65.858,65.858,NoButton,Drag,2,166
65.875,65.875,NoButton,Drag,6,165
65.892,65.892,NoButton,Drag,11,163
65.909,65.909,NoButton,Drag,19,163
65.925,65.925,NoButton,Drag,29,166
65.942,65.942,NoButton,Drag,45,170
65.959,65.959,NoButton,Drag,64,177
65.975,65.975,NoButton,Drag,85,187
65.992,65.992,NoButton,Drag,105,197
66.009,66.009,NoButton,Drag,127,208
66.025,66.025,NoButton,Drag,141,215
66.043,66.043,NoButton,Drag,149,220
66.059,66.059,NoButton,Drag,155,224
66.076,66.076,NoButton,Drag,157,226
66.093,66.093,NoButton,Drag,159,228
66.109,66.109,NoButton,Drag,159,229
66.125,66.125,NoButton,Drag,159,230
66.142,66.142,NoButton,Drag,160,231
66.159,66.159,NoButton,Drag,160,233
66.176,66.176,NoButton,Drag,160,235
66.192,66.192,NoButton,Drag,160,240
66.209,66.209,NoButton,Drag,162,247
66.225,66.225,NoButton,Drag,166,255
66.243,66.243,NoButton,Drag,172,263
66.26,66.26,NoButton,Drag,180,271
66.276,66.276,NoButton,Drag,189,277
66.293,66.293,NoButton,Drag,198,284
66.31,66.31,NoButton,Drag,205,288
66.327,66.327,NoButton,Drag,211,291
66.343,66.343,NoButton,Drag,216,292
66.359,66.359,NoButton,Drag,219,293
66.375,66.375,NoButton,Drag,220,293
66.418,66.418,NoButton,Drag,220,293
66.42,66.42,NoButton,Drag,220,293
66.427,66.427,NoButton,Drag,221,293
66.443,66.443,NoButton,Drag,224,291
66.459,66.459,NoButton,Drag,232,289
66.476,66.476,NoButton,Drag,242,286
66.493,66.493,NoButton,Drag,252,285
66.509,66.509,NoButton,Drag,262,285
66.526,66.526,NoButton,Drag,275,285
66.543,66.543,NoButton,Drag,283,287
66.559,66.559,NoButton,Drag,288,288
66.577,66.577,NoButton,Drag,289,289
66.593,66.593,NoButton,Drag,290,289
66.61,66.61,NoButton,Drag,290,289
66.626,66.626,NoButton,Drag,290,289
66.642,66.642,NoButton,Drag,291,291
66.659,66.659,NoButton,Drag,292,292
66.676,66.676,NoButton,Drag,294,293
66.693,66.693,NoButton,Drag,296,295
66.709,66.709,NoButton,Drag,301,297
66.726,66.726,NoButton,Drag,307,299
66.743,66.743,NoButton,Drag,315,302
66.76,66.76,NoButton,Drag,319,305
66.777,66.777,NoButton,Drag,321,306
66.794,66.794,NoButton,Drag,322,307
66.81,66.81,NoButton,Drag,323,309
66.826,66.826,NoButton,Drag,324,310
66.844,66.844,NoButton,Drag,324,312
66.859,66.859,NoButton,Drag,325,315
66.876,66.876,NoButton,Drag,326,318
66.892,66.892,NoButton,Drag,328,323
66.909,66.909,NoButton,Drag,331,329
66.926,66.926,NoButton,Drag,335,335
66.943,66.943,NoButton,Drag,338,340
66.96,66.96,NoButton,Drag,342,345
66.976,66.976,NoButton,Drag,345,349
66.994,66.994,NoButton,Drag,349,351
67.01,67.01,NoButton,Drag,352,354
67.027,67.027,NoButton,Drag,353,354
67.043,67.043,NoButton,Drag,353,355
67.06,67.06,NoButton,Drag,353,355
67.077,67.077,NoButton,Drag,354,356
67.093,67.093,NoButton,Drag,354,356
67.108,67.108,NoButton,Drag,354,357
67.126,67.126,NoButton,Drag,354,357
67.143,67.143,NoButton,Drag,354,358
67.221,67.221,NoButton,Drag,354,358
67.229,67.229,NoButton,Drag,355,358
67.243,67.243,NoButton,Drag,355,358
67.26,67.26,NoButton,Drag,355,359
67.276,67.276,NoButton,Drag,355,359
67.293,67.293,NoButton,Drag,355,359
67.31,67.31,NoButton,Drag,356,359
67.326,67.326,NoButton,Drag,357,359
67.343,67.343,NoButton,Drag,357,359
67.359,67.359,NoButton,Drag,357,359
67.376,67.376,NoButton,Drag,358,359
67.392,67.392,NoButton,Drag,360,359
67.409,67.409,NoButton,Drag,362,358
67.426,67.426,NoButton,Drag,364,358
67.443,67.443,NoButton,Drag,367,357
67.459,67.459,NoButton,Drag,369,357
67.476,67.476,NoButton,Drag,370,357
67.493,67.493,NoButton,Drag,371,357
67.569,67.569,NoButton,Drag,371,357
67.576,67.576,NoButton,Drag,371,357
67.581,67.581,Left,Pressed,371,357
67.582,67.582,NoButton,Drag,372,357
67.586,67.586,NoButton,Drag,372,357
67.659,67.659,NoButton,Drag,372,357
67.747,67.747,Left,Released,372,357
67.786,67.786,NoButton,Drag,372,357
67.795,67.795,NoButton,Drag,372,356
67.802,67.802,NoButton,Drag,372,356
67.81,67.81,NoButton,Drag,372,356
67.827,67.827,NoButton,Drag,373,355
67.844,67.844,NoButton,Drag,373,355
67.859,67.859,NoButton,Drag,375,354
67.875,67.875,NoButton,Drag,378,354
67.893,67.893,NoButton,Drag,382,355
67.91,67.91,NoButton,Drag,387,357
67.925,67.925,NoButton,Drag,395,360
67.942,67.942,NoButton,Drag,405,365
67.959,67.959,NoButton,Drag,420,372
67.977,67.977,NoButton,Drag,432,379
67.993,67.993,NoButton,Drag,447,389
68.01,68.01,NoButton,Drag,468,403
68.026,68.026,NoButton,Drag,497,421
68.043,68.043,NoButton,Drag,550,444
68.06,68.06,NoButton,Drag,594,463
68.077,68.077,NoButton,Drag,628,481
68.093,68.093,NoButton,Drag,656,498
68.11,68.11,NoButton,Drag,684,515
68.127,68.127,NoButton,Drag,717,537
68.143,68.143,NoButton,Drag,737,551
68.16,68.16,NoButton,Drag,751,562
68.177,68.177,NoButton,Drag,757,572
68.194,68.194,NoButton,Drag,757,578
68.21,68.21,NoButton,Drag,753,586
68.228,68.228,NoButton,Drag,746,596
68.244,68.244,NoButton,Drag,739,607
68.261,68.261,NoButton,Drag,731,620
68.277,68.277,NoButton,Drag,728,631
68.295,68.295,NoButton,Drag,725,642
68.311,68.311,NoButton,Drag,723,652
68.328,68.328,NoButton,Drag,721,659
68.345,68.345,NoButton,Drag,721,667
68.361,68.361,NoButton,Drag,722,676
68.377,68.377,NoButton,Drag,726,683
68.395,68.395,NoButton,Drag,734,690
68.411,68.411,NoButton,Drag,744,696
68.428,68.428,NoButton,Drag,755,700
68.445,68.445,NoButton,Drag,772,704
68.461,68.461,NoButton,Drag,787,708
68.479,68.479,NoButton,Drag,800,710
68.494,68.494,NoButton,Drag,811,713
68.512,68.512,NoButton,Drag,816,714
68.529,68.529,NoButton,Drag,818,715
68.548,68.548,NoButton,Drag,818,715
68.593,68.593,NoButton,Drag,818,715
68.596,68.596,NoButton,Drag,818,715
68.611,68.611,NoButton,Drag,817,716
68.628,68.628,NoButton,Drag,814,717
68.645,68.645,NoButton,Drag,809,719
68.661,68.661,NoButton,Drag,805,722
68.679,68.679,NoButton,Drag,801,724
68.695,68.695,NoButton,Drag,797,726
68.712,68.712,NoButton,Drag,793,729
68.729,68.729,NoButton,Drag,787,732
68.746,68.746,NoButton,Drag,783,735
68.762,68.762,NoButton,Drag,782,738
68.779,68.779,NoButton,Drag,780,742
68.795,68.795,NoButton,Drag,779,744
68.812,68.812,NoButton,Drag,779,745
68.842,68.842,NoButton,Drag,779,745
68.851,68.851,Left,Pressed,779,745
68.875,68.875,NoButton,Drag,779,745
68.878,68.878,NoButton,Drag,779,745
68.882,68.882,NoButton,Drag,779,744
68.886,68.886,NoButton,Drag,779,744
68.89,68.89,NoButton,Drag,779,744
68.894,68.894,NoButton,Drag,779,744
68.902,68.902,NoButton,Drag,779,743
68.906,68.906,NoButton,Drag,779,743
68.918,68.918,NoButton,Drag,779,743
68.943,68.943,NoButton,Drag,779,743
68.959,68.959,NoButton,Drag,779,742
68.991,68.991,NoButton,Drag,779,743
68.998,68.998,NoButton,Drag,779,743
69.011,69.011,NoButton,Drag,779,743
69.014,69.014,NoButton,Drag,778,743
69.018,69.018,NoButton,Drag,778,743
69.027,69.027,Left,Released,778,743
69.031,69.031,NoButton,Drag,778,744
69.046,69.046,NoButton,Drag,777,744
69.062,69.062,NoButton,Drag,777,744
69.08,69.08,NoButton,Drag,777,744
69.096,69.096,NoButton,Drag,778,745
69.112,69.112,NoButton,Drag,779,747
69.129,69.129,NoButton,Drag,782,748
69.139,69.139,NoButton,Drag,783,749
69.146,69.146,Left,Pressed,783,749
69.146,69.146,NoButton,Drag,784,751
69.15,69.15,NoButton,Drag,785,751
69.154,69.154,NoButton,Drag,785,751
69.158,69.158,NoButton,Drag,785,751
69.162,69.162,NoButton,Drag,785,752
69.17,69.17,NoButton,Drag,786,752
69.174,69.174,NoButton,Drag,786,752
69.202,69.202,NoButton,Drag,786,752
69.243,69.243,NoButton,Drag,786,752
69.259,69.259,NoButton,Drag,786,752
69.265,69.265,Left,Released,786,752
69.27,69.27,NoButton,Drag,786,753
69.286,69.286,NoButton,Drag,786,753
69.298,69.298,NoButton,Drag,786,753
69.313,69.313,NoButton,Drag,785,753
69.331,69.331,NoButton,Drag,785,753
69.369,69.369,NoButton,Drag,785,753
69.381,69.381,NoButton,Drag,786,753
69.393,69.393,NoButton,Drag,786,753
69.4,69.4,NoButton,Drag,786,753
69.414,69.414,NoButton,Drag,786,753
69.425,69.425,NoButton,Drag,787,753
69.432,69.432,Left,Pressed,787,753
69.44,69.44,NoButton,Drag,787,753
69.468,69.468,NoButton,Drag,787,753
69.493,69.493,NoButton,Drag,787,753
69.541,69.541,NoButton,Drag,787,753
69.553,69.553,Left,Released,787,753
69.554,69.554,NoButton,Drag,787,753
69.556,69.556,NoButton,Drag,787,753
69.565,69.565,NoButton,Drag,787,752
69.582,69.582,NoButton,Drag,786,751
69.598,69.598,NoButton,Drag,786,751
69.636,69.636,NoButton,Drag,786,751
69.653,69.653,NoButton,Drag,787,751
69.665,69.665,NoButton,Drag,787,751
69.682,69.682,NoButton,Drag,787,752
69.7,69.7,NoButton,Drag,787,753
69.716,69.716,NoButton,Drag,787,754
69.732,69.732,NoButton,Drag,784,756
69.749,69.749,NoButton,Drag,781,759
69.766,69.766,NoButton,Drag,778,761
69.783,69.783,NoButton,Drag,776,764
69.8,69.8,NoButton,Drag,774,768
69.816,69.816,NoButton,Drag,772,771
69.834,69.834,NoButton,Drag,770,774
69.85,69.85,NoButton,Drag,770,776
69.866,69.866,NoButton,Drag,770,778
69.883,69.883,NoButton,Drag,770,778
69.927,69.927,Left,Pressed,770,778
69.935,69.935,NoButton,Drag,771,778
69.938,69.938,NoButton,Drag,771,778
69.946,69.946,NoButton,Drag,771,778
69.95,69.95,NoButton,Drag,771,777
69.954,69.954,NoButton,Drag,772,777
69.958,69.958,NoButton,Drag,772,777
69.962,69.962,NoButton,Drag,772,777
69.966,69.966,NoButton,Drag,772,777
69.97,69.97,NoButton,Drag,773,777
69.974,69.974,NoButton,Drag,773,777
69.986,69.986,NoButton,Drag,773,777
69.995,69.995,NoButton,Drag,773,776
70.039,70.039,NoButton,Drag,773,776
70.043,70.043,NoButton,Drag,773,776
70.046,70.046,NoButton,Drag,773,776
70.05,70.05,NoButton,Drag,774,775
70.054,70.054,NoButton,Drag,774,775
70.058,70.058,NoButton,Drag,774,775
70.063,70.063,Left,Released,774,775
70.064,70.064,NoButton,Drag,774,775
70.066,70.066,NoButton,Drag,775,774
70.082,70.082,NoButton,Drag,775,773
70.098,70.098,NoButton,Drag,776,772
70.114,70.114,NoButton,Drag,776,772
70.131,70.131,NoButton,Drag,777,771
70.147,70.147,NoButton,Drag,777,771
70.178,70.178,NoButton,Drag,777,771
70.207,70.207,NoButton,Drag,777,771
70.21,70.21,NoButton,Drag,777,771
70.214,70.214,NoButton,Drag,776,771
70.231,70.231,NoButton,Drag,775,771
70.248,70.248,NoButton,Drag,773,771
70.264,70.264,NoButton,Drag,772,771
70.281,70.281,NoButton,Drag,772,770
70.298,70.298,NoButton,Drag,772,767
70.315,70.315,NoButton,Drag,772,758
70.332,70.332,NoButton,Drag,773,746
70.348,70.348,NoButton,Drag,778,722
70.362,70.362,NoButton,Drag,787,691
70.379,70.379,NoButton,Drag,810,625
70.396,70.396,NoButton,Drag,834,553
70.412,70.412,NoButton,Drag,860,474
70.43,70.43,NoButton,Drag,881,396
70.446,70.446,NoButton,Drag,895,320
70.463,70.463,NoButton,Drag,905,231
70.479,70.479,NoButton,Drag,908,171
70.496,70.496,NoButton,Drag,908,117
70.513,70.513,NoButton,Drag,907,67
70.531,70.531,NoButton,Drag,902,37
70.547,70.547,NoButton,Drag,894,13
70.564,70.564,NoButton,Drag,878,0
70.58,70.58,NoButton,Drag,867,0
70.597,70.597,NoButton,Drag,854,0
70.613,70.613,NoButton,Drag,846,0
70.629,70.629,NoButton,Drag,840,0
70.646,70.646,NoButton,Drag,838,0
70.663,70.663,NoButton,Drag,836,0
70.688,70.688,NoButton,Drag,836,0
70.696,70.696,NoButton,Drag,835,0
70.713,70.713,NoButton,Drag,833,9
70.729,70.729,NoButton,Drag,832,21
70.746,70.746,NoButton,Drag,832,32
70.764,70.764,NoButton,Drag,832,41
70.78,70.78,NoButton,Drag,833,49
70.796,70.796,NoButton,Drag,834,59
70.813,70.813,NoButton,Drag,836,66
70.83,70.83,NoButton,Drag,838,70
70.847,70.847,NoButton,Drag,840,73
70.862,70.862,NoButton,Drag,841,74
70.888,70.888,NoButton,Drag,842,74
70.896,70.896,NoButton,Drag,842,74
70.914,70.914,NoButton,Drag,842,74
70.932,70.932,NoButton,Drag,842,74
70.945,70.945,NoButton,Drag,842,74
70.947,70.947,Left,Pressed,842,74
70.948,70.948,NoButton,Drag,843,75
70.948,70.948,NoButton,Drag,843,75
70.952,70.952,NoButton,Drag,843,75
70.956,70.956,NoButton,Drag,843,75
70.964,70.964,NoButton,Drag,843,75
70.968,70.968,NoButton,Drag,843,76
70.972,70.972,NoButton,Drag,843,76
70.976,70.976,NoButton,Drag,843,76
70.984,70.984,NoButton,Drag,844,76
70.988,70.988,NoButton,Drag,844,76
70.996,70.996,NoButton,Drag,844,76
71.004,71.004,NoButton,Drag,844,77
71.028,71.028,NoButton,Drag,844,77
71.044,71.044,NoButton,Drag,844,77
71.05,71.05,NoButton,Drag,844,77
71.058,71.058,NoButton,Drag,844,78
71.066,71.066,NoButton,Drag,844,78
71.07,71.07,NoButton,Drag,845,78
71.075,71.075,Left,Released,845,78
71.076,71.076,NoButton,Drag,845,78
71.08,71.08,NoButton,Drag,845,78
71.096,71.096,NoButton,Drag,847,79
71.113,71.113,NoButton,Drag,849,81
71.13,71.13,NoButton,Drag,851,82
71.146,71.146,NoButton,Drag,854,83
71.164,71.164,NoButton,Drag,859,85
71.18,71.18,NoButton,Drag,864,88
71.197,71.197,NoButton,Drag,870,92
71.213,71.213,NoButton,Drag,876,96
71.23,71.23,NoButton,Drag,882,100
71.247,71.247,NoButton,Drag,887,105
71.263,71.263,NoButton,Drag,889,108
71.264,71.264,Left,Pressed,889,108
71.264,71.264,NoButton,Drag,890,109
71.266,71.266,NoButton,Drag,890,110
71.27,71.27,NoButton,Drag,891,110
71.274,71.274,NoButton,Drag,891,111
71.278,71.278,NoButton,Drag,892,111
71.282,71.282,NoButton,Drag,892,111
71.286,71.286,NoButton,Drag,892,112
71.294,71.294,NoButton,Drag,892,112
71.33,71.33,NoButton,Drag,892,112
71.403,71.403,NoButton,Drag,892,112
71.419,71.419,Left,Released,892,112
71.42,71.42,NoButton,Drag,892,112
71.426,71.426,NoButton,Drag,892,112
71.431,71.431,NoButton,Drag,892,112
71.447,71.447,NoButton,Drag,890,113
71.463,71.463,NoButton,Drag,888,113
71.48,71.48,NoButton,Drag,885,114
71.497,71.497,NoButton,Drag,883,116
71.514,71.514,NoButton,Drag,881,118
71.53,71.53,NoButton,Drag,880,119
71.547,71.547,NoButton,Drag,880,121
71.555,71.555,NoButton,Drag,880,121
71.564,71.564,Left,Pressed,880,121
71.565,71.565,NoButton,Drag,880,122
71.566,71.566,NoButton,Drag,880,123
71.57,71.57,NoButton,Drag,880,123
71.574,71.574,NoButton,Drag,879,123
71.582,71.582,NoButton,Drag,879,124
71.586,71.586,NoButton,Drag,879,124
71.59,71.59,NoButton,Drag,879,124
71.602,71.602,NoButton,Drag,879,125
71.652,71.652,NoButton,Drag,879,124
71.677,71.677,NoButton,Drag,879,124
71.693,71.693,NoButton,Drag,878,124
71.704,71.704,NoButton,Drag,878,124
71.715,71.715,Left,Released,878,124
71.716,71.716,NoButton,Drag,878,124
71.732,71.732,NoButton,Drag,877,124
71.748,71.748,NoButton,Drag,877,124
71.765,71.765,NoButton,Drag,876,123
71.785,71.785,NoButton,Drag,875,123
71.817,71.817,NoButton,Drag,875,123
71.836,71.836,NoButton,Drag,875,123
71.852,71.852,NoButton,Drag,875,123
71.861,71.861,NoButton,Drag,874,124
71.878,71.878,NoButton,Drag,874,125
71.895,71.895,NoButton,Drag,874,127
71.912,71.912,NoButton,Drag,874,131
71.928,71.928,NoButton,Drag,874,139
71.945,71.945,NoButton,Drag,870,156
71.962,71.962,NoButton,Drag,859,176
71.979,71.979,NoButton,Drag,835,203
71.996,71.996,NoButton,Drag,798,234
72.013,72.013,NoButton,Drag,726,278
72.029,72.029,NoButton,Drag,649,317
72.045,72.045,NoButton,Drag,576,350
72.062,72.062,NoButton,Drag,515,374
72.08,72.08,NoButton,Drag,471,392
72.096,72.096,NoButton,Drag,437,406
72.111,72.111,NoButton,Drag,412,418
72.127,72.127,NoButton,Drag,395,429
72.144,72.144,NoButton,Drag,382,437
72.161,72.161,NoButton,Drag,371,446
72.177,72.177,NoButton,Drag,366,450
72.194,72.194,NoButton,Drag,365,453
72.211,72.211,NoButton,Drag,364,454
72.228,72.228,NoButton,Drag,364,455
72.245,72.245,NoButton,Drag,362,457
72.262,72.262,NoButton,Drag,360,460
72.278,72.278,NoButton,Drag,355,465
72.294,72.294,NoButton,Drag,341,473
72.311,72.311,NoButton,Drag,320,481
72.328,72.328,NoButton,Drag,290,490
72.345,72.345,NoButton,Drag,255,499
72.361,72.361,NoButton,Drag,217,510
72.378,72.378,NoButton,Drag,175,521
72.395,72.395,NoButton,Drag,121,533
72.412,72.412,NoButton,Drag,83,540
72.429,72.429,NoButton,Drag,54,546
72.445,72.445,NoButton,Drag,32,552
72.461,72.461,NoButton,Drag,15,556
72.478,72.478,NoButton,Drag,5,559
72.496,72.496,NoButton,Drag,4,559
72.518,72.518,NoButton,Drag,3,559
72.538,72.538,NoButton,Drag,3,559
72.545,72.545,NoButton,Drag,3,559
72.562,72.562,NoButton,Drag,5,556
72.579,72.579,NoButton,Drag,9,552
72.596,72.596,NoButton,Drag,15,546
72.612,72.612,NoButton,Drag,22,540
72.629,72.629,NoButton,Drag,29,534
72.646,72.646,NoButton,Drag,38,527
72.662,72.662,NoButton,Drag,48,520
72.678,72.678,NoButton,Drag,59,513
72.695,72.695,NoButton,Drag,65,509
72.713,72.713,NoButton,Drag,70,505
72.729,72.729,NoButton,Drag,73,503
72.745,72.745,NoButton,Drag,74,503
72.78,72.78,NoButton,Drag,74,503
72.804,72.804,NoButton,Drag,75,503
72.816,72.816,NoButton,Drag,75,503
72.829,72.829,NoButton,Drag,75,503
72.846,72.846,NoButton,Drag,76,504
72.861,72.861,NoButton,Drag,76,504
72.879,72.879,NoButton,Drag,76,504
72.885,72.885,Left,Pressed,76,504
72.886,72.886,NoButton,Drag,76,505
72.896,72.896,NoButton,Drag,76,505
72.924,72.924,NoButton,Drag,76,505
72.928,72.928,NoButton,Drag,76,505
72.932,72.932,NoButton,Drag,76,505
72.937,72.937,Left,Released,76,505
72.937,72.937,NoButton,Drag,75,505
72.945,72.945,NoButton,Drag,75,505
72.962,72.962,NoButton,Drag,74,505
72.978,72.978,NoButton,Drag,74,505
72.995,72.995,NoButton,Drag,73,505
73.012,73.012,NoButton,Drag,73,504
73.029,73.029,NoButton,Drag,72,504
73.206,73.206,Left,Pressed,72,504
73.265,73.265,Left,Released,72,504
73.32,73.32,NoButton,Drag,72,504
73.328,73.328,NoButton,Drag,72,504
73.336,73.336,NoButton,Drag,72,504
73.346,73.346,NoButton,Drag,71,503
73.363,73.363,NoButton,Drag,70,502
73.381,73.381,NoButton,Drag,69,502
73.398,73.398,NoButton,Drag,69,502
73.427,73.427,NoButton,Drag,69,501
73.435,73.435,NoButton,Drag,69,501
73.448,73.448,NoButton,Drag,70,500
73.466,73.466,NoButton,Drag,71,498
73.482,73.482,NoButton,Drag,75,495
73.498,73.498,NoButton,Drag,83,491
73.515,73.515,NoButton,Drag,106,483
73.532,73.532,NoButton,Drag,132,476
73.548,73.548,NoButton,Drag,170,465
73.565,73.565,NoButton,Drag,215,450
73.582,73.582,NoButton,Drag,263,433
73.599,73.599,NoButton,Drag,313,414
73.617,73.617,NoButton,Drag,381,390
73.634,73.634,NoButton,Drag,444,366
73.65,73.65,NoButton,Drag,497,347
73.667,73.667,NoButton,Drag,552,327
73.683,73.683,NoButton,Drag,580,318
73.701,73.701,NoButton,Drag,596,312
73.717,73.717,NoButton,Drag,605,310
73.734,73.734,NoButton,Drag,608,310
73.755,73.755,NoButton,Drag,608,310
73.767,73.767,NoButton,Drag,608,311
73.784,73.784,NoButton,Drag,609,313
73.801,73.801,NoButton,Drag,609,314
73.817,73.817,NoButton,Drag,609,315
73.835,73.835,NoButton,Drag,609,316
73.851,73.851,NoButton,Drag,609,318
73.868,73.868,NoButton,Drag,610,320
73.885,73.885,NoButton,Drag,610,322
73.902,73.902,NoButton,Drag,609,327
73.919,73.919,NoButton,Drag,603,336
73.936,73.936,NoButton,Drag,596,343
73.952,73.952,NoButton,Drag,590,348
73.969,73.969,NoButton,Drag,588,351
73.985,73.985,NoButton,Drag,587,353
74.002,74.002,NoButton,Drag,585,354
74.019,74.019,NoButton,Drag,583,355
74.036,74.036,NoButton,Drag,583,356
74.052,74.052,NoButton,Drag,583,357
74.057,74.057,Left,Pressed,583,357
74.058,74.058,NoButton,Drag,583,357
74.064,74.064,NoButton,Drag,583,357
74.076,74.076,NoButton,Drag,582,357
74.092,74.092,NoButton,Drag,582,357
74.101,74.101,NoButton,Drag,582,357
74.116,74.116,NoButton,Drag,582,357
74.124,74.124,NoButton,Drag,581,357
74.132,74.132,NoButton,Drag,581,357
74.14,74.14,NoButton,Drag,581,357
74.148,74.148,NoButton,Drag,581,357
74.152,74.152,NoButton,Drag,580,357
74.16,74.16,NoButton,Drag,580,357
74.164,74.164,NoButton,Drag,580,357
74.169,74.169,NoButton,Drag,580,356
74.176,74.176,NoButton,Drag,579,356
74.196,74.196,NoButton,Drag,579,356
74.201,74.201,Left,Released,579,356
74.253,74.253,NoButton,Drag,579,356
74.286,74.286,Left,Pressed,579,356
74.325,74.325,NoButton,Drag,579,356
74.389,74.389,Left,Released,579,356
74.401,74.401,NoButton,Drag,579,356
74.405,74.405,NoButton,Drag,579,356
74.421,74.421,NoButton,Drag,576,359
74.438,74.438,NoButton,Drag,569,364
74.455,74.455,NoButton,Drag,557,372
74.471,74.471,NoButton,Drag,544,380
74.488,74.488,NoButton,Drag,531,388
74.504,74.504,NoButton,Drag,514,398
74.522,74.522,NoButton,Drag,498,407
74.538,74.538,NoButton,Drag,485,415
74.555,74.555,NoButton,Drag,470,424
74.571,74.571,NoButton,Drag,461,430
74.588,74.588,NoButton,Drag,456,434
74.606,74.606,NoButton,Drag,455,436
74.622,74.622,NoButton,Drag,455,438
74.639,74.639,NoButton,Drag,455,438
74.704,74.704,Left,Pressed,455,438
74.739,74.739,NoButton,Drag,455,439
74.742,74.742,NoButton,Drag,455,439
74.746,74.746,NoButton,Drag,455,439
74.75,74.75,NoButton,Drag,455,440
74.754,74.754,NoButton,Drag,455,440
74.758,74.758,NoButton,Drag,454,441
74.762,74.762,NoButton,Drag,454,441
74.766,74.766,NoButton,Drag,454,442
74.77,74.77,NoButton,Drag,453,443
74.774,74.774,NoButton,Drag,452,443
74.778,74.778,NoButton,Drag,452,444
74.782,74.782,NoButton,Drag,451,445
74.786,74.786,NoButton,Drag,450,445
74.79,74.79,NoButton,Drag,449,446
74.794,74.794,NoButton,Drag,448,447
74.798,74.798,NoButton,Drag,447,448
74.802,74.802,NoButton,Drag,446,448
74.806,74.806,NoButton,Drag,445,449
74.81,74.81,NoButton,Drag,444,450
74.814,74.814,NoButton,Drag,442,451
74.819,74.819,Left,Released,442,451
74.82,74.82,NoButton,Drag,441,452
74.835,74.835,NoButton,Drag,435,456
74.851,74.851,NoButton,Drag,428,460
74.868,74.868,NoButton,Drag,423,463
74.885,74.885,NoButton,Drag,418,466
74.902,74.902,NoButton,Drag,415,468
74.918,74.918,NoButton,Drag,415,468
74.963,74.963,NoButton,Drag,415,469
74.97,74.97,NoButton,Drag,415,469
74.986,74.986,NoButton,Drag,415,469
75.008,75.008,Left,Pressed,415,469
75.109,75.109,NoButton,Drag,414,469
75.113,75.113,Left,Released,414,469
75.116,75.116,NoButton,Drag,414,469
75.124,75.124,NoButton,Drag,414,469
75.134,75.134,NoButton,Drag,414,469
75.147,75.147,NoButton,Drag,413,468
75.164,75.164,NoButton,Drag,413,468
75.197,75.197,NoButton,Drag,413,468
75.273,75.273,NoButton,Drag,414,468
75.289,75.289,NoButton,Drag,414,468
75.298,75.298,NoButton,Drag,414,469
75.314,75.314,NoButton,Drag,414,471
75.332,75.332,NoButton,Drag,412,472
75.348,75.348,NoButton,Drag,412,475
75.364,75.364,NoButton,Drag,415,480
75.38,75.38,NoButton,Drag,428,490
75.398,75.398,NoButton,Drag,447,501
75.415,75.415,NoButton,Drag,449,502
75.43,75.43,NoButton,Drag,463,503
75.447,75.447,NoButton,Drag,470,503
75.464,75.464,NoButton,Drag,494,502
75.481,75.481,NoButton,Drag,531,498
75.497,75.497,NoButton,Drag,553,496
75.515,75.515,NoButton,Drag,564,496
75.532,75.532,NoButton,Drag,565,495
75.548,75.548,NoButton,Drag,565,495
75.564,75.564,NoButton,Drag,565,495
75.581,75.581,NoButton,Drag,565,495
75.598,75.598,NoButton,Drag,565,494
75.625,75.625,NoButton,Drag,565,494
75.632,75.632,NoButton,Drag,565,494
75.648,75.648,NoButton,Drag,564,493
75.665,75.665,NoButton,Drag,566,492
75.681,75.681,NoButton,Drag,571,489
75.698,75.698,NoButton,Drag,581,489
75.715,75.715,NoButton,Drag,598,490
75.731,75.731,NoButton,Drag,618,492
75.748,75.748,NoButton,Drag,646,498
75.765,75.765,NoButton,Drag,674,504
75.781,75.781,NoButton,Drag,698,508
75.798,75.798,NoButton,Drag,711,512
75.815,75.815,NoButton,Drag,721,514
75.831,75.831,NoButton,Drag,725,515
75.849,75.849,NoButton,Drag,726,515
75.866,75.866,NoButton,Drag,726,516
75.88,75.88,NoButton,Drag,726,516
75.897,75.897,NoButton,Drag,726,517
75.914,75.914,NoButton,Drag,723,519
75.93,75.93,NoButton,Drag,721,521
75.948,75.948,NoButton,Drag,719,523
75.964,75.964,NoButton,Drag,718,525
75.981,75.981,NoButton,Drag,717,527
75.997,75.997,NoButton,Drag,716,530
76.014,76.014,NoButton,Drag,716,532
76.031,76.031,NoButton,Drag,717,535
76.047,76.047,NoButton,Drag,719,537
76.064,76.064,NoButton,Drag,723,540
76.08,76.08,NoButton,Drag,728,543
76.098,76.098,NoButton,Drag,732,546
76.115,76.115,NoButton,Drag,737,547
76.13,76.13,NoButton,Drag,738,548
76.147,76.147,NoButton,Drag,742,550
76.163,76.163,NoButton,Drag,745,551
76.18,76.18,NoButton,Drag,747,552
76.197,76.197,NoButton,Drag,748,552
76.214,76.214,NoButton,Drag,749,552
76.232,76.232,NoButton,Drag,749,552
76.253,76.253,NoButton,Drag,749,552
76.264,76.264,NoButton,Drag,749,552
76.265,76.265,Left,Pressed,749,552
76.268,76.268,NoButton,Drag,749,552
76.276,76.276,NoButton,Drag,750,552
76.281,76.281,NoButton,Drag,751,552
76.292,76.292,NoButton,Drag,751,552
76.3,76.3,NoButton,Drag,751,552
76.304,76.304,NoButton,Drag,751,552
76.34,76.34,NoButton,Drag,752,552
76.373,76.373,NoButton,Drag,752,552
76.409,76.409,Left,Released,752,552
76.426,76.426,NoButton,Drag,752,552
76.46,76.46,NoButton,Drag,752,552
76.464,76.464,NoButton,Drag,753,552
76.481,76.481,NoButton,Drag,754,552
76.497,76.497,NoButton,Drag,757,552
76.514,76.514,NoButton,Drag,758,552
76.529,76.529,NoButton,Drag,759,553
76.53,76.53,Left,Pressed,759,553
76.531,76.531,NoButton,Drag,760,553
76.532,76.532,NoButton,Drag,760,553
76.536,76.536,NoButton,Drag,761,554
76.54,76.54,NoButton,Drag,761,554
76.544,76.544,NoButton,Drag,762,554
76.548,76.548,NoButton,Drag,762,555
76.56,76.56,NoButton,Drag,763,555
76.564,76.564,NoButton,Drag,763,556
76.568,76.568,NoButton,Drag,763,556
76.572,76.572,NoButton,Drag,763,556
76.58,76.58,NoButton,Drag,764,557
76.6,76.6,NoButton,Drag,764,557
76.665,76.665,NoButton,Drag,764,557
76.668,76.668,NoButton,Drag,764,557
76.697,76.697,NoButton,Drag,764,558
76.701,76.701,Left,Released,764,558
76.765,76.765,NoButton,Drag,764,558
76.769,76.769,NoButton,Drag,763,558
76.781,76.781,NoButton,Drag,764,558
76.783,76.783,Left,Pressed,764,558
76.783,76.783,NoButton,Drag,764,558
76.788,76.788,NoButton,Drag,764,557
76.854,76.854,NoButton,Drag,764,557
76.87,76.87,NoButton,Drag,764,558
76.903,76.903,Left,Released,764,558
76.95,76.95,NoButton,Drag,764,558
76.954,76.954,NoButton,Drag,764,558
76.967,76.967,NoButton,Drag,765,558
76.983,76.983,NoButton,Drag,765,558
77,77,NoButton,Drag,765,558
77.016,77.016,NoButton,Drag,765,558
77.033,77.033,NoButton,Drag,765,557
77.049,77.049,NoButton,Drag,766,556
77.066,77.066,NoButton,Drag,767,556
77.083,77.083,NoButton,Drag,768,555
77.1,77.1,NoButton,Drag,771,554
77.117,77.117,NoButton,Drag,772,553
77.133,77.133,NoButton,Drag,774,551
77.15,77.15,NoButton,Drag,775,550
77.166,77.166,NoButton,Drag,776,549
77.183,77.183,NoButton,Drag,777,546
77.199,77.199,NoButton,Drag,776,544
77.216,77.216,NoButton,Drag,773,538
77.233,77.233,NoButton,Drag,763,526
77.25,77.25,NoButton,Drag,741,505
77.267,77.267,NoButton,Drag,700,468
77.283,77.283,NoButton,Drag,659,435
77.3,77.3,NoButton,Drag,627,404
77.317,77.317,NoButton,Drag,606,381
77.334,77.334,NoButton,Drag,595,364
77.35,77.35,NoButton,Drag,590,351
77.367,77.367,NoButton,Drag,585,337
77.384,77.384,NoButton,Drag,582,327
77.401,77.401,NoButton,Drag,581,315
77.417,77.417,NoButton,Drag,582,307
77.435,77.435,NoButton,Drag,585,297
77.451,77.451,NoButton,Drag,587,287
77.468,77.468,NoButton,Drag,592,277
77.485,77.485,NoButton,Drag,597,262
77.501,77.501,NoButton,Drag,602,250
77.518,77.518,NoButton,Drag,607,237
77.535,77.535,NoButton,Drag,613,225
77.552,77.552,NoButton,Drag,620,214
77.569,77.569,NoButton,Drag,627,204
77.585,77.585,NoButton,Drag,631,198
77.602,77.602,NoButton,Drag,634,194
77.619,77.619,NoButton,Drag,636,191
77.636,77.636,NoButton,Drag,636,190
77.652,77.652,NoButton,Drag,636,190
77.725,77.725,NoButton,Drag,637,190
77.74,77.74,NoButton,Drag,637,190
77.757,77.757,NoButton,Drag,637,190
77.762,77.762,Left,Pressed,637,190
77.765,77.765,NoButton,Drag,637,190
77.776,77.776,NoButton,Drag,637,190
77.858,77.858,Left,Released,637,190
77.861,77.861,NoButton,Drag,637,190
77.873,77.873,NoButton,Drag,637,188
77.889,77.889,NoButton,Drag,638,185
77.904,77.904,NoButton,Drag,639,182
77.92,77.92,NoButton,Drag,639,180
77.936,77.936,NoButton,Drag,639,180
77.995,77.995,NoButton,Drag,639,180
78.011,78.011,NoButton,Drag,639,180
78.021,78.021,NoButton,Drag,639,181
78.037,78.037,NoButton,Drag,639,183
78.054,78.054,NoButton,Drag,638,186
78.07,78.07,NoButton,Drag,635,191
78.087,78.087,NoButton,Drag,632,196
78.104,78.104,NoButton,Drag,627,203
78.123,78.123,NoButton,Drag,615,214
78.14,78.14,NoButton,Drag,603,223
78.156,78.156,NoButton,Drag,589,233
78.174,78.174,NoButton,Drag,576,241
78.19,78.19,NoButton,Drag,564,248
78.207,78.207,NoButton,Drag,555,251
78.224,78.224,NoButton,Drag,555,252
78.255,78.255,NoButton,Drag,555,252
78.258,78.258,NoButton,Drag,554,251
78.274,78.274,NoButton,Drag,555,250
78.29,78.29,NoButton,Drag,559,245
78.307,78.307,NoButton,Drag,566,237
78.324,78.324,NoButton,Drag,573,229
78.341,78.341,NoButton,Drag,582,220
78.357,78.357,NoButton,Drag,593,213
78.376,78.376,NoButton,Drag,608,205
78.394,78.394,NoButton,Drag,621,201
78.41,78.41,NoButton,Drag,634,198
78.427,78.427,NoButton,Drag,646,195
78.443,78.443,NoButton,Drag,653,193
78.46,78.46,NoButton,Drag,657,192
78.478,78.478,NoButton,Drag,659,192
78.506,78.506,NoButton,Drag,659,192
78.558,78.558,Left,Pressed,659,192
78.558,78.558,NoButton,Drag,659,192
78.569,78.569,NoButton,Drag,659,192
78.574,78.574,NoButton,Drag,660,192
78.576,78.576,NoButton,Drag,660,192
78.58,78.58,NoButton,Drag,660,192
78.584,78.584,NoButton,Drag,660,192
78.593,78.593,NoButton,Drag,661,193
78.598,78.598,NoButton,Drag,661,193
78.612,78.612,NoButton,Drag,661,193
78.62,78.62,NoButton,Drag,661,193
78.641,78.641,NoButton,Drag,662,193
78.648,78.648,NoButton,Drag,662,193
78.654,78.654,NoButton,Drag,662,193
78.656,78.656,NoButton,Drag,663,194
78.66,78.66,NoButton,Drag,663,194
78.664,78.664,NoButton,Drag,664,194
78.668,78.668,NoButton,Drag,665,194
78.672,78.672,NoButton,Drag,666,195
78.677,78.677,NoButton,Drag,669,195
78.68,78.68,NoButton,Drag,671,195
78.684,78.684,NoButton,Drag,674,196
78.688,78.688,NoButton,Drag,677,196
78.693,78.693,NoButton,Drag,680,197
78.696,78.696,NoButton,Drag,685,197
78.7,78.7,NoButton,Drag,688,197
78.704,78.704,NoButton,Drag,692,197
78.708,78.708,NoButton,Drag,696,197
78.712,78.712,NoButton,Drag,701,197
78.716,78.716,NoButton,Drag,705,197
78.72,78.72,NoButton,Drag,710,197
78.724,78.724,NoButton,Drag,715,197
78.728,78.728,NoButton,Drag,721,197
78.732,78.732,NoButton,Drag,726,197
78.736,78.736,NoButton,Drag,733,197
78.74,78.74,NoButton,Drag,739,197
78.744,78.744,NoButton,Drag,747,197
78.748,78.748,NoButton,Drag,755,197
78.752,78.752,NoButton,Drag,763,196
78.756,78.756,NoButton,Drag,772,195
78.76,78.76,NoButton,Drag,780,195
78.764,78.764,NoButton,Drag,789,194
78.768,78.768,NoButton,Drag,798,192
78.772,78.772,NoButton,Drag,808,191
78.777,78.777,NoButton,Drag,818,190
78.78,78.78,NoButton,Drag,829,188
78.784,78.784,NoButton,Drag,839,187
78.788,78.788,NoButton,Drag,850,185
78.793,78.793,NoButton,Drag,862,183
78.796,78.796,NoButton,Drag,873,182
78.8,78.8,NoButton,Drag,886,180
78.804,78.804,NoButton,Drag,899,179
78.808,78.808,NoButton,Drag,911,177
78.812,78.812,NoButton,Drag,924,175
78.816,78.816,NoButton,Drag,936,173
78.82,78.82,NoButton,Drag,947,171
78.824,78.824,NoButton,Drag,958,169
78.828,78.828,NoButton,Drag,969,167
78.832,78.832,NoButton,Drag,980,164
78.836,78.836,NoButton,Drag,990,162
78.84,78.84,NoButton,Drag,1001,160
78.844,78.844,NoButton,Drag,1010,158
78.848,78.848,NoButton,Drag,1020,156
78.852,78.852,NoButton,Drag,1028,154
78.856,78.856,NoButton,Drag,1036,153
78.86,78.86,NoButton,Drag,1043,151
78.864,78.864,NoButton,Drag,1050,150
78.868,78.868,NoButton,Drag,1057,148
78.872,78.872,NoButton,Drag,1063,146
78.876,78.876,NoButton,Drag,1070,145
78.88,78.88,NoButton,Drag,1076,144
78.884,78.884,NoButton,Drag,1083,142
78.888,78.888,NoButton,Drag,1088,140
78.893,78.893,NoButton,Drag,1093,139
78.896,78.896,NoButton,Drag,1098,137
78.9,78.9,NoButton,Drag,1102,136
78.904,78.904,NoButton,Drag,1107,135
78.908,78.908,NoButton,Drag,1111,134
78.912,78.912,NoButton,Drag,1115,133
78.916,78.916,NoButton,Drag,1118,132
78.92,78.92,NoButton,Drag,1122,131
78.924,78.924,NoButton,Drag,1125,130
78.928,78.928,NoButton,Drag,1128,130
78.932,78.932,NoButton,Drag,1131,129
78.936,78.936,NoButton,Drag,1134,128
78.94,78.94,NoButton,Drag,1137,128
78.944,78.944,NoButton,Drag,1140,127
78.948,78.948,NoButton,Drag,1142,127
78.952,78.952,NoButton,Drag,1145,126
78.956,78.956,NoButton,Drag,1147,125
78.96,78.96,NoButton,Drag,1150,125
78.964,78.964,NoButton,Drag,1152,125
78.968,78.968,NoButton,Drag,1154,125
78.972,78.972,NoButton,Drag,1156,124
78.976,78.976,NoButton,Drag,1158,124
78.98,78.98,NoButton,Drag,1160,124
78.984,78.984,NoButton,Drag,1162,124
78.988,78.988,NoButton,Drag,1163,124
78.993,78.993,NoButton,Drag,1164,123
78.996,78.996,NoButton,Drag,1166,123
79,79,NoButton,Drag,1167,123
79.004,79.004,NoButton,Drag,1168,123
79.008,79.008,NoButton,Drag,1169,123
79.012,79.012,NoButton,Drag,1170,123
79.016,79.016,NoButton,Drag,1171,123
79.02,79.02,NoButton,Drag,1172,123
79.024,79.024,NoButton,Drag,1173,123
79.028,79.028,NoButton,Drag,1174,123
79.032,79.032,NoButton,Drag,1175,123
79.036,79.036,NoButton,Drag,1176,123
79.04,79.04,NoButton,Drag,1177,124
79.044,79.044,NoButton,Drag,1177,124
79.048,79.048,NoButton,Drag,1179,124
79.052,79.052,NoButton,Drag,1180,124
79.056,79.056,NoButton,Drag,1182,125
79.06,79.06,NoButton,Drag,1183,125
79.064,79.064,NoButton,Drag,1184,126
79.068,79.068,NoButton,Drag,1186,126
79.072,79.072,NoButton,Drag,1188,127
79.076,79.076,NoButton,Drag,1190,127
79.08,79.08,NoButton,Drag,1192,128
79.084,79.084,NoButton,Drag,1194,128
79.088,79.088,NoButton,Drag,1196,129
79.093,79.093,NoButton,Drag,1198,129
79.096,79.096,NoButton,Drag,1200,130
79.1,79.1,NoButton,Drag,1203,130
79.104,79.104,NoButton,Drag,1205,131
79.108,79.108,NoButton,Drag,1207,132
79.112,79.112,NoButton,Drag,1210,133
79.116,79.116,NoButton,Drag,1212,133
79.12,79.12,NoButton,Drag,1215,134
79.124,79.124,NoButton,Drag,1217,135
79.126,79.126,NoButton,Drag,1219,135
79.13,79.13,NoButton,Drag,1221,136
79.134,79.134,NoButton,Drag,1224,137
79.138,79.138,NoButton,Drag,1226,138
79.143,79.143,NoButton,Drag,1228,139
79.146,79.146,NoButton,Drag,1231,140
79.15,79.15,NoButton,Drag,1233,141
79.154,79.154,NoButton,Drag,1235,142
79.158,79.158,NoButton,Drag,1238,143
79.162,79.162,NoButton,Drag,1240,144
79.166,79.166,NoButton,Drag,1242,145
79.17,79.17,NoButton,Drag,1244,147
79.174,79.174,NoButton,Drag,1247,148
79.178,79.178,NoButton,Drag,1250,149
79.182,79.182,NoButton,Drag,1252,151
79.186,79.186,NoButton,Drag,1255,152
79.19,79.19,NoButton,Drag,1258,154
79.194,79.194,NoButton,Drag,1261,155
79.198,79.198,NoButton,Drag,1264,157
79.202,79.202,NoButton,Drag,1267,159
79.206,79.206,NoButton,Drag,1270,161
79.21,79.21,NoButton,Drag,1273,162
79.214,79.214,NoButton,Drag,1276,164
79.218,79.218,NoButton,Drag,1279,165
79.222,79.222,NoButton,Drag,1282,167
79.226,79.226,NoButton,Drag,1285,168
79.23,79.23,NoButton,Drag,1287,169
79.234,79.234,NoButton,Drag,1291,171
79.238,79.238,NoButton,Drag,1293,172
79.243,79.243,NoButton,Drag,1296,173
79.246,79.246,NoButton,Drag,1299,174
79.25,79.25,NoButton,Drag,1301,175
79.254,79.254,NoButton,Drag,1304,176
79.258,79.258,NoButton,Drag,1306,177
79.262,79.262,NoButton,Drag,1309,177
79.266,79.266,NoButton,Drag,1311,178
79.27,79.27,NoButton,Drag,1313,179
79.274,79.274,NoButton,Drag,1315,179
79.278,79.278,NoButton,Drag,1317,180
79.282,79.282,NoButton,Drag,1318,180
79.286,79.286,NoButton,Drag,1319,180
79.29,79.29,NoButton,Drag,1321,181
79.294,79.294,NoButton,Drag,1322,181
79.298,79.298,NoButton,Drag,1322,181
79.302,79.302,NoButton,Drag,1323,182
79.367,79.367,NoButton,Drag,1323,182
79.39,79.39,NoButton,Drag,1323,182
79.395,79.395,Left,Released,1323,182
79.396,79.396,NoButton,Drag,1322,181
79.411,79.411,NoButton,Drag,1318,181
79.428,79.428,NoButton,Drag,1306,179
79.446,79.446,NoButton,Drag,1288,179
79.462,79.462,NoButton,Drag,1266,183
79.478,79.478,NoButton,Drag,1232,191
79.495,79.495,NoButton,Drag,1193,201
79.512,79.512,NoButton,Drag,1142,212
79.529,79.529,NoButton,Drag,1078,219
79.546,79.546,NoButton,Drag,1003,225
79.562,79.562,NoButton,Drag,925,232
79.579,79.579,NoButton,Drag,835,238
79.596,79.596,NoButton,Drag,781,242
79.613,79.613,NoButton,Drag,737,243
79.629,79.629,NoButton,Drag,699,243
79.646,79.646,NoButton,Drag,660,242
79.662,79.662,NoButton,Drag,612,237
79.679,79.679,NoButton,Drag,583,233
79.695,79.695,NoButton,Drag,569,230
79.712,79.712,NoButton,Drag,567,229
79.756,79.756,NoButton,Drag,567,229
79.768,79.768,NoButton,Drag,566,229
79.779,79.779,NoButton,Drag,566,229
79.796,79.796,NoButton,Drag,564,228
79.813,79.813,NoButton,Drag,561,226
79.829,79.829,NoButton,Drag,558,224
79.846,79.846,NoButton,Drag,555,221
79.864,79.864,NoButton,Drag,549,217
79.879,79.879,NoButton,Drag,542,212
79.896,79.896,NoButton,Drag,532,205
79.913,79.913,NoButton,Drag,524,201
79.929,79.929,NoButton,Drag,518,199
79.946,79.946,NoButton,Drag,511,196
79.963,79.963,NoButton,Drag,504,194
79.98,79.98,NoButton,Drag,497,192
79.996,79.996,NoButton,Drag,488,190
80.014,80.014,NoButton,Drag,479,189
80.03,80.03,NoButton,Drag,471,188
80.046,80.046,NoButton,Drag,462,187
80.063,80.063,NoButton,Drag,453,185
80.08,80.08,NoButton,Drag,446,184
80.097,80.097,NoButton,Drag,439,182
80.113,80.113,NoButton,Drag,436,181
80.13,80.13,NoButton,Drag,434,181
80.147,80.147,NoButton,Drag,433,180
80.164,80.164,NoButton,Drag,431,179
80.18,80.18,NoButton,Drag,429,178
80.197,80.197,NoButton,Drag,426,177
80.214,80.214,NoButton,Drag,424,175
80.231,80.231,NoButton,Drag,422,173
80.247,80.247,NoButton,Drag,420,171
80.264,80.264,NoButton,Drag,418,169
80.281,80.281,NoButton,Drag,416,167
80.297,80.297,NoButton,Drag,415,166
80.314,80.314,NoButton,Drag,414,165
80.331,80.331,NoButton,Drag,413,164
80.348,80.348,NoButton,Drag,412,164
80.364,80.364,NoButton,Drag,412,163
80.38,80.38,NoButton,Drag,412,163
80.387,80.387,Left,Pressed,412,163
80.422,80.422,NoButton,Drag,412,164
80.43,80.43,NoButton,Drag,412,164
80.434,80.434,NoButton,Drag,412,164
80.438,80.438,NoButton,Drag,412,164
80.442,80.442,NoButton,Drag,412,165
80.446,80.446,NoButton,Drag,412,165
80.454,80.454,NoButton,Drag,412,165
80.462,80.462,NoButton,Drag,412,166
80.47,80.47,NoButton,Drag,412,166
80.474,80.474,NoButton,Drag,412,166
80.478,80.478,NoButton,Drag,412,167
80.482,80.482,NoButton,Drag,412,167
80.486,80.486,NoButton,Drag,412,167
80.49,80.49,NoButton,Drag,412,168
80.494,80.494,NoButton,Drag,412,169
80.498,80.498,NoButton,Drag,412,169
80.502,80.502,NoButton,Drag,412,170
80.506,80.506,NoButton,Drag,412,170
80.51,80.51,NoButton,Drag,412,171
80.514,80.514,NoButton,Drag,412,172
80.518,80.518,NoButton,Drag,413,173
80.522,80.522,NoButton,Drag,413,174
80.526,80.526,NoButton,Drag,414,175
80.53,80.53,NoButton,Drag,415,177
80.534,80.534,NoButton,Drag,416,178
80.538,80.538,NoButton,Drag,417,179
80.543,80.543,NoButton,Drag,417,180
80.546,80.546,NoButton,Drag,419,182
80.55,80.55,NoButton,Drag,420,183
80.554,80.554,NoButton,Drag,422,185
80.558,80.558,NoButton,Drag,424,187
80.562,80.562,NoButton,Drag,426,188
80.566,80.566,NoButton,Drag,428,190
80.57,80.57,NoButton,Drag,431,193
80.574,80.574,NoButton,Drag,433,195
80.578,80.578,NoButton,Drag,437,197
80.582,80.582,NoButton,Drag,440,199
80.586,80.586,NoButton,Drag,444,202
80.59,80.59,NoButton,Drag,448,205
80.594,80.594,NoButton,Drag,453,207
80.598,80.598,NoButton,Drag,458,210
80.602,80.602,NoButton,Drag,464,213
80.606,80.606,NoButton,Drag,470,216
80.61,80.61,NoButton,Drag,476,220
80.614,80.614,NoButton,Drag,482,223
80.618,80.618,NoButton,Drag,489,227
80.622,80.622,NoButton,Drag,496,230
80.626,80.626,NoButton,Drag,503,233
80.63,80.63,NoButton,Drag,511,237
80.634,80.634,NoButton,Drag,519,240
80.638,80.638,NoButton,Drag,529,245
80.643,80.643,NoButton,Drag,540,249
80.646,80.646,NoButton,Drag,552,253
80.65,80.65,NoButton,Drag,563,258
80.654,80.654,NoButton,Drag,575,262
80.658,80.658,NoButton,Drag,587,266
80.662,80.662,NoButton,Drag,600,271
80.666,80.666,NoButton,Drag,613,276
80.67,80.67,NoButton,Drag,626,281
80.674,80.674,NoButton,Drag,640,286
80.678,80.678,NoButton,Drag,655,292
80.682,80.682,NoButton,Drag,672,299
80.686,80.686,NoButton,Drag,689,306
80.69,80.69,NoButton,Drag,706,314
80.694,80.694,NoButton,Drag,725,322
80.698,80.698,NoButton,Drag,745,331
80.702,80.702,NoButton,Drag,766,340
80.706,80.706,NoButton,Drag,785,348
80.71,80.71,NoButton,Drag,804,356
80.714,80.714,NoButton,Drag,825,364
80.718,80.718,NoButton,Drag,844,371
80.722,80.722,NoButton,Drag,863,377
80.726,80.726,NoButton,Drag,883,384
80.73,80.73,NoButton,Drag,903,391
80.734,80.734,NoButton,Drag,924,397
80.738,80.738,NoButton,Drag,943,402
80.743,80.743,NoButton,Drag,963,408
80.746,80.746,NoButton,Drag,983,413
80.75,80.75,NoButton,Drag,1001,417
80.754,80.754,NoButton,Drag,1021,423
80.758,80.758,NoButton,Drag,1041,427
80.762,80.762,NoButton,Drag,1059,431
80.766,80.766,NoButton,Drag,1078,435
80.77,80.77,NoButton,Drag,1096,438
80.774,80.774,NoButton,Drag,1115,442
80.778,80.778,NoButton,Drag,1130,445
80.782,80.782,NoButton,Drag,1145,449
80.786,80.786,NoButton,Drag,1160,452
80.79,80.79,NoButton,Drag,1173,455
80.794,80.794,NoButton,Drag,1187,457
80.798,80.798,NoButton,Drag,1200,460
80.802,80.802,NoButton,Drag,1214,463
80.806,80.806,NoButton,Drag,1225,465
80.81,80.81,NoButton,Drag,1238,467
80.814,80.814,NoButton,Drag,1250,469
80.818,80.818,NoButton,Drag,1261,471
80.822,80.822,NoButton,Drag,1272,472
80.826,80.826,NoButton,Drag,1284,475
80.83,80.83,NoButton,Drag,1294,477
80.834,80.834,NoButton,Drag,1303,478
80.838,80.838,NoButton,Drag,1313,479
80.843,80.843,NoButton,Drag,1321,481
80.846,80.846,NoButton,Drag,1327,482
80.848,80.848,NoButton,Drag,1334,483
80.852,80.852,NoButton,Drag,1340,483
80.856,80.856,NoButton,Drag,1346,485
80.86,80.86,NoButton,Drag,1351,486
80.864,80.864,NoButton,Drag,1357,488
80.868,80.868,NoButton,Drag,1363,489
80.872,80.872,NoButton,Drag,1368,490
80.876,80.876,NoButton,Drag,1373,491
80.88,80.88,NoButton,Drag,1377,492
80.886,80.886,NoButton,Drag,1381,494
80.888,80.888,NoButton,Drag,1386,494
80.893,80.893,NoButton,Drag,1389,495
80.896,80.896,NoButton,Drag,1393,496
80.9,80.9,NoButton,Drag,1396,497
80.904,80.904,NoButton,Drag,1399,498
80.908,80.908,NoButton,Drag,1402,498
80.912,80.912,NoButton,Drag,1405,499
80.916,80.916,NoButton,Drag,1408,500
80.92,80.92,NoButton,Drag,1411,501
80.924,80.924,NoButton,Drag,1414,502
80.928,80.928,NoButton,Drag,1416,503
80.932,80.932,NoButton,Drag,1418,503
80.936,80.936,NoButton,Drag,1420,504
80.94,80.94,NoButton,Drag,1422,505
80.944,80.944,NoButton,Drag,1424,506
80.948,80.948,NoButton,Drag,1425,507
80.952,80.952,NoButton,Drag,1427,508
80.956,80.956,NoButton,Drag,1428,509
80.96,80.96,NoButton,Drag,1429,510
80.964,80.964,NoButton,Drag,1430,511
80.968,80.968,NoButton,Drag,1432,512
80.972,80.972,NoButton,Drag,1433,514
80.976,80.976,NoButton,Drag,1434,515
80.98,80.98,NoButton,Drag,1435,516
80.984,80.984,NoButton,Drag,1436,517
80.988,80.988,NoButton,Drag,1436,518
80.993,80.993,NoButton,Drag,1437,519
80.996,80.996,NoButton,Drag,1437,519
81,81,NoButton,Drag,1438,520
81.004,81.004,NoButton,Drag,1438,521
81.008,81.008,NoButton,Drag,1439,522
81.012,81.012,NoButton,Drag,1439,523
81.016,81.016,NoButton,Drag,1439,524
81.02,81.02,NoButton,Drag,1439,524
81.024,81.024,NoButton,Drag,1439,525
81.028,81.028,NoButton,Drag,1439,526
81.032,81.032,NoButton,Drag,1439,527
81.036,81.036,NoButton,Drag,1439,528
81.04,81.04,NoButton,Drag,1439,529
81.044,81.044,NoButton,Drag,1439,530
81.048,81.048,NoButton,Drag,1439,531
81.052,81.052,NoButton,Drag,1439,532
81.056,81.056,NoButton,Drag,1439,533
81.06,81.06,NoButton,Drag,1439,534
81.064,81.064,NoButton,Drag,1439,535
81.068,81.068,NoButton,Drag,1439,536
81.072,81.072,NoButton,Drag,1438,538
81.077,81.077,NoButton,Drag,1438,539
81.08,81.08,NoButton,Drag,1437,541
81.084,81.084,NoButton,Drag,1436,542
81.088,81.088,NoButton,Drag,1435,543
81.093,81.093,NoButton,Drag,1434,545
81.096,81.096,NoButton,Drag,1433,546
81.1,81.1,NoButton,Drag,1432,548
81.104,81.104,NoButton,Drag,1431,550
81.108,81.108,NoButton,Drag,1430,551
81.112,81.112,NoButton,Drag,1429,552
81.116,81.116,NoButton,Drag,1428,554
81.12,81.12,NoButton,Drag,1427,556
81.124,81.124,NoButton,Drag,1426,557
81.128,81.128,NoButton,Drag,1425,559
81.132,81.132,NoButton,Drag,1424,561
81.136,81.136,NoButton,Drag,1423,562
81.14,81.14,NoButton,Drag,1422,564
81.144,81.144,NoButton,Drag,1421,566
81.148,81.148,NoButton,Drag,1420,568
81.152,81.152,NoButton,Drag,1419,569
81.156,81.156,NoButton,Drag,1418,571
81.16,81.16,NoButton,Drag,1417,573
81.164,81.164,NoButton,Drag,1415,575
81.168,81.168,NoButton,Drag,1414,577
81.172,81.172,NoButton,Drag,1412,579
81.176,81.176,NoButton,Drag,1411,581
81.18,81.18,NoButton,Drag,1409,584
81.184,81.184,NoButton,Drag,1408,585
81.188,81.188,NoButton,Drag,1407,588
81.193,81.193,NoButton,Drag,1405,589
81.196,81.196,NoButton,Drag,1403,591
81.2,81.2,NoButton,Drag,1402,593
81.204,81.204,NoButton,Drag,1401,594
81.208,81.208,NoButton,Drag,1400,596
81.212,81.212,NoButton,Drag,1399,597
81.216,81.216,NoButton,Drag,1398,599
81.22,81.22,NoButton,Drag,1398,599
81.224,81.224,NoButton,Drag,1397,600
81.228,81.228,NoButton,Drag,1396,601
81.232,81.232,NoButton,Drag,1396,602
81.236,81.236,NoButton,Drag,1396,603
81.24,81.24,NoButton,Drag,1395,603
81.244,81.244,NoButton,Drag,1394,604
81.248,81.248,NoButton,Drag,1394,605
81.252,81.252,NoButton,Drag,1394,606
81.256,81.256,NoButton,Drag,1393,607
81.26,81.26,NoButton,Drag,1393,607
81.264,81.264,NoButton,Drag,1392,609
81.268,81.268,NoButton,Drag,1391,610
81.272,81.272,NoButton,Drag,1391,610
81.276,81.276,NoButton,Drag,1390,611
81.28,81.28,NoButton,Drag,1390,613
81.284,81.284,NoButton,Drag,1389,614
81.288,81.288,NoButton,Drag,1389,615
81.293,81.293,NoButton,Drag,1388,616
81.296,81.296,NoButton,Drag,1388,617
81.3,81.3,NoButton,Drag,1388,618
81.304,81.304,NoButton,Drag,1388,619
81.308,81.308,NoButton,Drag,1388,619
81.312,81.312,NoButton,Drag,1388,620
81.316,81.316,NoButton,Drag,1388,621
81.32,81.32,NoButton,Drag,1388,622
81.324,81.324,NoButton,Drag,1388,622
81.328,81.328,NoButton,Drag,1388,623
81.332,81.332,NoButton,Drag,1388,624
81.336,81.336,NoButton,Drag,1388,625
81.34,81.34,NoButton,Drag,1388,626
81.344,81.344,NoButton,Drag,1388,627
81.348,81.348,NoButton,Drag,1388,628
81.352,81.352,NoButton,Drag,1388,629
81.356,81.356,NoButton,Drag,1388,629
81.36,81.36,NoButton,Drag,1388,630
81.364,81.364,NoButton,Drag,1389,631
81.368,81.368,NoButton,Drag,1389,632
81.372,81.372,NoButton,Drag,1389,633
81.376,81.376,NoButton,Drag,1390,633
81.38,81.38,NoButton,Drag,1390,634
81.388,81.388,NoButton,Drag,1390,635
81.408,81.408,NoButton,Drag,1390,636
81.482,81.482,NoButton,Drag,1390,637
82.121,82.121,Left,Released,1390,637
82.457,82.457,NoButton,Drag,1390,636
82.46,82.46,NoButton,Drag,1386,633
82.469,82.469,NoButton,Drag,1374,618
82.487,82.487,NoButton,Drag,1354,601
82.503,82.503,NoButton,Drag,1350,600
82.558,82.558,NoButton,Drag,1350,600
82.561,82.561,NoButton,Drag,1351,601
82.569,82.569,NoButton,Drag,1352,607
82.586,82.586,NoButton,Drag,1355,627
82.603,82.603,NoButton,Drag,1356,652
82.621,82.621,NoButton,Drag,1357,675
82.636,82.636,NoButton,Drag,1359,692
82.654,82.654,NoButton,Drag,1364,707
82.671,82.671,NoButton,Drag,1370,721
82.687,82.687,NoButton,Drag,1375,728
82.704,82.704,NoButton,Drag,1380,732
82.721,82.721,NoButton,Drag,1383,733
82.738,82.738,NoButton,Drag,1385,734
82.754,82.754,NoButton,Drag,1386,733
82.771,82.771,NoButton,Drag,1387,730
82.787,82.787,NoButton,Drag,1389,726
82.804,82.804,NoButton,Drag,1392,720
82.821,82.821,NoButton,Drag,1396,714
82.838,82.838,NoButton,Drag,1399,707
82.855,82.855,NoButton,Drag,1402,700
82.871,82.871,NoButton,Drag,1405,696
82.889,82.889,NoButton,Drag,1406,692
82.907,82.907,NoButton,Drag,1406,688
82.923,82.923,NoButton,Drag,1405,685
82.939,82.939,NoButton,Drag,1405,684
82.956,82.956,NoButton,Drag,1403,682
82.973,82.973,NoButton,Drag,1403,681
82.989,82.989,NoButton,Drag,1402,680
83.006,83.006,NoButton,Drag,1401,677
83.023,83.023,NoButton,Drag,1399,675
83.04,83.04,NoButton,Drag,1397,672
83.057,83.057,NoButton,Drag,1395,670
83.073,83.073,NoButton,Drag,1394,668
83.09,83.09,NoButton,Drag,1392,665
83.107,83.107,NoButton,Drag,1390,661
83.123,83.123,NoButton,Drag,1387,657
83.143,83.143,NoButton,Drag,1383,652
83.16,83.16,NoButton,Drag,1381,650
83.177,83.177,NoButton,Drag,1379,647
83.193,83.193,NoButton,Drag,1377,645
83.211,83.211,NoButton,Drag,1377,644
83.227,83.227,NoButton,Drag,1376,644
83.237,83.237,Left,Pressed,1376,644
83.312,83.312,NoButton,Drag,1376,644
83.316,83.316,NoButton,Drag,1376,645
83.32,83.32,NoButton,Drag,1376,645
83.324,83.324,NoButton,Drag,1376,645
83.328,83.328,NoButton,Drag,1376,646
83.332,83.332,NoButton,Drag,1376,647
83.336,83.336,NoButton,Drag,1376,647
83.341,83.341,NoButton,Drag,1375,648
83.344,83.344,NoButton,Drag,1375,649
83.348,83.348,NoButton,Drag,1374,650
83.352,83.352,NoButton,Drag,1374,652
83.356,83.356,NoButton,Drag,1373,653
83.36,83.36,NoButton,Drag,1372,655
83.368,83.368,NoButton,Drag,1371,657
83.368,83.368,NoButton,Drag,1370,659
83.372,83.372,NoButton,Drag,1370,661
83.376,83.376,NoButton,Drag,1369,664
83.384,83.384,NoButton,Drag,1368,666
83.385,83.385,NoButton,Drag,1367,669
83.388,83.388,NoButton,Drag,1366,673
83.392,83.392,NoButton,Drag,1365,676
83.4,83.4,NoButton,Drag,1364,679
83.401,83.401,NoButton,Drag,1363,682
83.404,83.404,NoButton,Drag,1362,686
83.408,83.408,NoButton,Drag,1361,690
83.412,83.412,NoButton,Drag,1360,694
83.416,83.416,NoButton,Drag,1359,698
83.42,83.42,NoButton,Drag,1358,703
83.424,83.424,NoButton,Drag,1357,707
83.428,83.428,NoButton,Drag,1356,712
83.432,83.432,NoButton,Drag,1355,716
83.436,83.436,NoButton,Drag,1354,720
83.44,83.44,NoButton,Drag,1353,724
83.444,83.444,NoButton,Drag,1352,727
83.448,83.448,NoButton,Drag,1351,730
83.452,83.452,NoButton,Drag,1350,734
83.456,83.456,NoButton,Drag,1349,737
83.46,83.46,NoButton,Drag,1348,740
83.464,83.464,NoButton,Drag,1348,743
83.468,83.468,NoButton,Drag,1347,745
83.472,83.472,NoButton,Drag,1346,748
83.476,83.476,NoButton,Drag,1346,751
83.48,83.48,NoButton,Drag,1345,753
83.484,83.484,NoButton,Drag,1345,754
83.488,83.488,NoButton,Drag,1344,756
83.492,83.492,NoButton,Drag,1344,758
83.497,83.497,NoButton,Drag,1343,759
83.5,83.5,NoButton,Drag,1343,760
83.504,83.504,NoButton,Drag,1343,760
83.508,83.508,NoButton,Drag,1343,761
83.565,83.565,NoButton,Drag,1342,760
83.568,83.568,NoButton,Drag,1342,760
83.572,83.572,NoButton,Drag,1342,760
83.576,83.576,NoButton,Drag,1342,759
83.581,83.581,NoButton,Drag,1342,759
83.585,83.585,Left,Released,1342,759
83.586,83.586,NoButton,Drag,1341,758
83.599,83.599,NoButton,Drag,1339,756
83.616,83.616,NoButton,Drag,1332,750
83.632,83.632,NoButton,Drag,1320,744
83.649,83.649,NoButton,Drag,1297,738
83.666,83.666,NoButton,Drag,1267,733
83.682,83.682,NoButton,Drag,1225,727
83.699,83.699,NoButton,Drag,1168,723
83.715,83.715,NoButton,Drag,1095,719
83.732,83.732,NoButton,Drag,994,709
83.749,83.749,NoButton,Drag,905,699
83.766,83.766,NoButton,Drag,822,688
83.783,83.783,NoButton,Drag,726,673
83.799,83.799,NoButton,Drag,655,660
83.816,83.816,NoButton,Drag,594,645
83.832,83.832,NoButton,Drag,543,628
83.849,83.849,NoButton,Drag,504,616
83.866,83.866,NoButton,Drag,483,606
83.883,83.883,NoButton,Drag,472,600
83.899,83.899,NoButton,Drag,471,599
83.923,83.923,NoButton,Drag,471,599
83.933,83.933,NoButton,Drag,471,599
83.949,83.949,NoButton,Drag,472,598
83.966,83.966,NoButton,Drag,473,597
83.983,83.983,NoButton,Drag,475,596
83.999,83.999,NoButton,Drag,477,594
84.016,84.016,NoButton,Drag,479,593
84.034,84.034,NoButton,Drag,480,592
84.091,84.091,NoButton,Drag,480,592
84.1,84.1,NoButton,Drag,479,593
84.116,84.116,NoButton,Drag,475,597
84.133,84.133,NoButton,Drag,468,602
84.15,84.15,NoButton,Drag,459,606
84.167,84.167,NoButton,Drag,445,612
84.183,84.183,NoButton,Drag,435,615
84.201,84.201,NoButton,Drag,428,617
84.217,84.217,NoButton,Drag,426,618
84.262,84.262,NoButton,Drag,425,618
84.266,84.266,NoButton,Drag,425,618
84.27,84.27,NoButton,Drag,425,618
84.284,84.284,NoButton,Drag,424,619
84.301,84.301,NoButton,Drag,421,620
84.317,84.317,NoButton,Drag,419,621
84.334,84.334,NoButton,Drag,417,622
84.351,84.351,NoButton,Drag,414,623
84.367,84.367,NoButton,Drag,411,624
84.384,84.384,NoButton,Drag,409,624
84.401,84.401,NoButton,Drag,405,623
84.417,84.417,NoButton,Drag,404,623
84.434,84.434,NoButton,Drag,403,622
84.451,84.451,NoButton,Drag,401,621
84.467,84.467,NoButton,Drag,400,620
84.483,84.483,NoButton,Drag,399,618
84.501,84.501,NoButton,Drag,398,617
84.517,84.517,NoButton,Drag,397,616
84.534,84.534,NoButton,Drag,396,615
84.55,84.55,NoButton,Drag,396,615
84.567,84.567,NoButton,Drag,395,614
84.584,84.584,NoButton,Drag,395,614
84.641,84.641,Left,Pressed,395,614
84.713,84.713,NoButton,Drag,394,614
84.749,84.749,NoButton,Drag,394,613
84.752,84.752,NoButton,Drag,395,613
84.756,84.756,NoButton,Drag,395,613
84.76,84.76,NoButton,Drag,395,613
84.764,84.764,NoButton,Drag,396,613
84.769,84.769,NoButton,Drag,397,612
84.772,84.772,NoButton,Drag,398,612
84.776,84.776,NoButton,Drag,399,612
84.78,84.78,NoButton,Drag,400,612
84.788,84.788,NoButton,Drag,402,611
84.788,84.788,NoButton,Drag,404,611
84.793,84.793,NoButton,Drag,406,610
84.796,84.796,NoButton,Drag,409,610
84.801,84.801,NoButton,Drag,412,609
84.804,84.804,NoButton,Drag,416,609
84.808,84.808,NoButton,Drag,421,609
84.812,84.812,NoButton,Drag,426,609
84.816,84.816,NoButton,Drag,432,609
84.82,84.82,NoButton,Drag,439,609
84.824,84.824,NoButton,Drag,446,609
84.828,84.828,NoButton,Drag,455,610
84.832,84.832,NoButton,Drag,464,612
84.836,84.836,NoButton,Drag,474,613
84.84,84.84,NoButton,Drag,484,615
84.844,84.844,NoButton,Drag,494,617
84.848,84.848,NoButton,Drag,505,619
84.852,84.852,NoButton,Drag,516,621
84.856,84.856,NoButton,Drag,528,624
84.86,84.86,NoButton,Drag,540,627
84.864,84.864,NoButton,Drag,552,630
84.869,84.869,NoButton,Drag,565,634
84.872,84.872,NoButton,Drag,578,637
84.876,84.876,NoButton,Drag,590,641
84.878,84.878,NoButton,Drag,602,644
84.882,84.882,NoButton,Drag,614,648
84.886,84.886,NoButton,Drag,626,651
84.89,84.89,NoButton,Drag,638,654
84.894,84.894,NoButton,Drag,650,658
84.898,84.898,NoButton,Drag,663,661
84.902,84.902,NoButton,Drag,676,664
84.906,84.906,NoButton,Drag,691,667
84.91,84.91,NoButton,Drag,706,671
84.914,84.914,NoButton,Drag,722,674
84.919,84.919,NoButton,Drag,738,679
84.922,84.922,NoButton,Drag,755,682
84.926,84.926,NoButton,Drag,773,686
84.93,84.93,NoButton,Drag,790,691
84.935,84.935,NoButton,Drag,807,695
84.938,84.938,NoButton,Drag,826,700
84.942,84.942,NoButton,Drag,843,705
84.948,84.948,NoButton,Drag,862,711
84.95,84.95,NoButton,Drag,883,718
84.954,84.954,NoButton,Drag,902,724
84.958,84.958,NoButton,Drag,920,729
84.962,84.962,NoButton,Drag,939,735
84.966,84.966,NoButton,Drag,957,739
84.97,84.97,NoButton,Drag,974,744
84.974,84.974,NoButton,Drag,993,749
84.978,84.978,NoButton,Drag,1011,754
84.982,84.982,NoButton,Drag,1029,759
84.988,84.988,NoButton,Drag,1047,765
84.99,84.99,NoButton,Drag,1066,770
84.994,84.994,NoButton,Drag,1084,774
84.998,84.998,NoButton,Drag,1102,778
85.004,85.004,NoButton,Drag,1119,782
85.006,85.006,NoButton,Drag,1136,786
85.01,85.01,NoButton,Drag,1153,791
85.014,85.014,NoButton,Drag,1171,795
85.018,85.018,NoButton,Drag,1189,799
85.022,85.022,NoButton,Drag,1208,804
85.026,85.026,NoButton,Drag,1225,808
85.03,85.03,NoButton,Drag,1242,812
85.035,85.035,NoButton,Drag,1259,817
85.038,85.038,NoButton,Drag,1275,820
85.042,85.042,NoButton,Drag,1290,824
85.046,85.046,NoButton,Drag,1306,829
85.05,85.05,NoButton,Drag,1321,832
85.054,85.054,NoButton,Drag,1336,835
85.058,85.058,NoButton,Drag,1350,839
85.062,85.062,NoButton,Drag,1363,842
85.066,85.066,NoButton,Drag,1374,845
85.07,85.07,NoButton,Drag,1386,848
85.074,85.074,NoButton,Drag,1397,851
85.078,85.078,NoButton,Drag,1407,854
85.082,85.082,NoButton,Drag,1415,856
85.086,85.086,NoButton,Drag,1423,858
85.09,85.09,NoButton,Drag,1431,860
85.094,85.094,NoButton,Drag,1438,861
85.098,85.098,NoButton,Drag,1439,863
85.102,85.102,NoButton,Drag,1439,865
85.106,85.106,NoButton,Drag,1439,866
85.11,85.11,NoButton,Drag,1439,867
85.114,85.114,NoButton,Drag,1439,868
85.118,85.118,NoButton,Drag,1439,869
85.122,85.122,NoButton,Drag,1439,870
85.126,85.126,NoButton,Drag,1439,870
85.13,85.13,NoButton,Drag,1439,871
85.135,85.135,NoButton,Drag,1439,871
85.138,85.138,NoButton,Drag,1439,871
85.142,85.142,NoButton,Drag,1439,871
85.146,85.146,NoButton,Drag,1439,872
85.15,85.15,NoButton,Drag,1439,872
85.154,85.154,NoButton,Drag,1439,872
85.202,85.202,NoButton,Drag,1439,872
85.206,85.206,NoButton,Drag,1439,872
85.21,85.21,NoButton,Drag,1439,871
85.215,85.215,NoButton,Drag,1439,871
85.218,85.218,NoButton,Drag,1439,870
85.222,85.222,NoButton,Drag,1439,869
85.226,85.226,NoButton,Drag,1439,869
85.23,85.23,NoButton,Drag,1439,868
85.235,85.235,NoButton,Drag,1439,866
85.238,85.238,NoButton,Drag,1439,865
85.242,85.242,NoButton,Drag,1439,864
85.246,85.246,NoButton,Drag,1439,862
85.25,85.25,NoButton,Drag,1439,860
85.254,85.254,NoButton,Drag,1439,858
85.258,85.258,NoButton,Drag,1439,856
85.262,85.262,NoButton,Drag,1439,854
85.266,85.266,NoButton,Drag,1439,852
85.27,85.27,NoButton,Drag,1439,850
85.274,85.274,NoButton,Drag,1439,847
85.278,85.278,NoButton,Drag,1439,845
85.282,85.282,NoButton,Drag,1439,843
85.286,85.286,NoButton,Drag,1439,841
85.29,85.29,NoButton,Drag,1439,839
85.294,85.294,NoButton,Drag,1439,837
85.298,85.298,NoButton,Drag,1439,835
85.302,85.302,NoButton,Drag,1439,833
85.306,85.306,NoButton,Drag,1439,831
85.31,85.31,NoButton,Drag,1439,829
85.314,85.314,NoButton,Drag,1438,826
85.318,85.318,NoButton,Drag,1437,824
85.322,85.322,NoButton,Drag,1437,823
85.326,85.326,NoButton,Drag,1436,821
85.33,85.33,NoButton,Drag,1436,819
85.335,85.335,NoButton,Drag,1435,817
85.338,85.338,NoButton,Drag,1434,815
85.342,85.342,NoButton,Drag,1434,814
85.346,85.346,NoButton,Drag,1433,812
85.35,85.35,NoButton,Drag,1432,810
85.354,85.354,NoButton,Drag,1431,809
85.358,85.358,NoButton,Drag,1430,808
85.362,85.362,NoButton,Drag,1429,806
85.366,85.366,NoButton,Drag,1428,805
85.37,85.37,NoButton,Drag,1427,803
85.374,85.374,NoButton,Drag,1425,802
85.378,85.378,NoButton,Drag,1424,801
85.382,85.382,NoButton,Drag,1423,800
85.386,85.386,NoButton,Drag,1422,800
85.39,85.39,NoButton,Drag,1422,799
85.394,85.394,NoButton,Drag,1420,798
85.398,85.398,NoButton,Drag,1420,798
85.402,85.402,NoButton,Drag,1419,798
85.406,85.406,NoButton,Drag,1418,797
85.41,85.41,NoButton,Drag,1417,796
85.414,85.414,NoButton,Drag,1416,796
85.418,85.418,NoButton,Drag,1414,796
85.422,85.422,NoButton,Drag,1413,795
85.426,85.426,NoButton,Drag,1412,794
85.43,85.43,NoButton,Drag,1411,794
85.435,85.435,NoButton,Drag,1411,794
85.438,85.438,NoButton,Drag,1409,793
85.442,85.442,NoButton,Drag,1408,792
85.446,85.446,NoButton,Drag,1407,792
85.45,85.45,NoButton,Drag,1405,791
85.454,85.454,NoButton,Drag,1404,791
85.458,85.458,NoButton,Drag,1402,790
85.462,85.462,NoButton,Drag,1400,789
85.464,85.464,NoButton,Drag,1398,789
85.468,85.468,NoButton,Drag,1396,788
85.472,85.472,NoButton,Drag,1394,787
85.476,85.476,NoButton,Drag,1392,786
85.48,85.48,NoButton,Drag,1389,786
85.485,85.485,NoButton,Drag,1387,785
85.488,85.488,NoButton,Drag,1385,784
85.492,85.492,NoButton,Drag,1384,783
85.496,85.496,NoButton,Drag,1381,782
85.5,85.5,NoButton,Drag,1379,781
85.504,85.504,NoButton,Drag,1376,780
85.508,85.508,NoButton,Drag,1374,779
85.512,85.512,NoButton,Drag,1372,778
85.516,85.516,NoButton,Drag,1370,777
85.52,85.52,NoButton,Drag,1368,776
85.524,85.524,NoButton,Drag,1366,775
85.528,85.528,NoButton,Drag,1365,774
85.532,85.532,NoButton,Drag,1363,773
85.536,85.536,NoButton,Drag,1362,772
85.54,85.54,NoButton,Drag,1360,771
85.544,85.544,NoButton,Drag,1359,770
85.55,85.55,NoButton,Drag,1358,769
85.552,85.552,NoButton,Drag,1358,769
85.556,85.556,NoButton,Drag,1357,768
85.56,85.56,NoButton,Drag,1357,768
85.564,85.564,NoButton,Drag,1356,767
85.568,85.568,NoButton,Drag,1356,767
85.572,85.572,NoButton,Drag,1356,766
85.576,85.576,NoButton,Drag,1356,766
85.58,85.58,NoButton,Drag,1355,765
85.585,85.585,NoButton,Drag,1355,765
85.588,85.588,NoButton,Drag,1354,764
85.592,85.592,NoButton,Drag,1354,764
85.596,85.596,NoButton,Drag,1354,763
85.6,85.6,NoButton,Drag,1354,763
85.604,85.604,NoButton,Drag,1353,762
85.608,85.608,NoButton,Drag,1353,762
85.612,85.612,NoButton,Drag,1353,762
85.616,85.616,NoButton,Drag,1353,761
85.62,85.62,NoButton,Drag,1353,761
85.624,85.624,NoButton,Drag,1353,761
85.628,85.628,NoButton,Drag,1353,761
85.632,85.632,NoButton,Drag,1353,760
85.636,85.636,NoButton,Drag,1353,759
85.64,85.64,NoButton,Drag,1352,759
85.644,85.644,NoButton,Drag,1352,759
85.648,85.648,NoButton,Drag,1352,758
85.652,85.652,NoButton,Drag,1352,758
85.656,85.656,NoButton,Drag,1352,758
85.66,85.66,NoButton,Drag,1352,758
85.664,85.664,NoButton,Drag,1352,757
85.668,85.668,NoButton,Drag,1352,757
85.672,85.672,NoButton,Drag,1352,757
85.676,85.676,NoButton,Drag,1351,757
85.68,85.68,NoButton,Drag,1351,756
85.685,85.685,NoButton,Drag,1351,756
85.688,85.688,NoButton,Drag,1351,756
85.692,85.692,NoButton,Drag,1350,755
85.696,85.696,NoButton,Drag,1350,755
85.7,85.7,NoButton,Drag,1350,755
85.704,85.704,NoButton,Drag,1349,754
85.708,85.708,NoButton,Drag,1349,754
85.712,85.712,Left,Released,1349,754
85.713,85.713,NoButton,Drag,1349,754
85.72,85.72,NoButton,Drag,1349,754
85.737,85.737,NoButton,Drag,1348,753
85.753,85.753,NoButton,Drag,1348,752
85.771,85.771,NoButton,Drag,1347,752
85.786,85.786,NoButton,Drag,1347,752
85.803,85.803,NoButton,Drag,1345,752
85.82,85.82,NoButton,Drag,1341,755
85.837,85.837,NoButton,Drag,1329,762
85.853,85.853,NoButton,Drag,1313,765
85.87,85.87,NoButton,Drag,1292,766
85.887,85.887,NoButton,Drag,1262,763
85.903,85.903,NoButton,Drag,1218,752
85.92,85.92,NoButton,Drag,1162,733
85.937,85.937,NoButton,Drag,1069,698
85.954,85.954,NoButton,Drag,990,667
85.97,85.97,NoButton,Drag,908,637
85.986,85.986,NoButton,Drag,827,603
86.004,86.004,NoButton,Drag,747,567
86.02,86.02,NoButton,Drag,641,520
86.038,86.038,NoButton,Drag,557,487
86.054,86.054,NoButton,Drag,476,457
86.07,86.07,NoButton,Drag,383,426
86.087,86.087,NoButton,Drag,330,408
86.104,86.104,NoButton,Drag,290,396
86.121,86.121,NoButton,Drag,264,388
86.137,86.137,NoButton,Drag,251,383
86.154,86.154,NoButton,Drag,248,381
86.171,86.171,NoButton,Drag,248,381
86.187,86.187,NoButton,Drag,248,380
86.204,86.204,NoButton,Drag,248,379
86.22,86.22,NoButton,Drag,249,378
86.237,86.237,NoButton,Drag,252,377
86.254,86.254,NoButton,Drag,256,376
86.271,86.271,NoButton,Drag,257,376
86.295,86.295,NoButton,Drag,258,376
86.304,86.304,NoButton,Drag,258,376
86.322,86.322,NoButton,Drag,259,379
86.338,86.338,NoButton,Drag,258,386
86.354,86.354,NoButton,Drag,255,399
86.371,86.371,NoButton,Drag,251,411
86.387,86.387,NoButton,Drag,245,425
86.405,86.405,NoButton,Drag,238,436
86.421,86.421,NoButton,Drag,232,446
86.438,86.438,NoButton,Drag,225,454
86.455,86.455,NoButton,Drag,220,462
86.471,86.471,NoButton,Drag,216,467
86.488,86.488,NoButton,Drag,213,471
86.504,86.504,NoButton,Drag,208,474
86.522,86.522,NoButton,Drag,203,477
86.538,86.538,NoButton,Drag,199,479
86.554,86.554,NoButton,Drag,192,481
86.571,86.571,NoButton,Drag,189,482
86.588,86.588,NoButton,Drag,185,482
86.604,86.604,NoButton,Drag,181,482
86.621,86.621,NoButton,Drag,180,481
86.676,86.676,NoButton,Drag,180,481
86.684,86.684,NoButton,Drag,180,481
86.692,86.692,NoButton,Drag,179,481
86.704,86.704,NoButton,Drag,179,482
86.722,86.722,NoButton,Drag,178,482
86.738,86.738,NoButton,Drag,177,483
86.754,86.754,NoButton,Drag,176,484
86.771,86.771,NoButton,Drag,174,485
86.788,86.788,NoButton,Drag,171,487
86.805,86.805,NoButton,Drag,165,489
86.821,86.821,NoButton,Drag,161,491
86.838,86.838,NoButton,Drag,158,493
86.855,86.855,NoButton,Drag,154,495
86.871,86.871,NoButton,Drag,150,496
86.889,86.889,NoButton,Drag,147,498
86.906,86.906,NoButton,Drag,145,498
86.923,86.923,NoButton,Drag,145,498
86.985,86.985,Left,Pressed,145,498
87.02,87.02,NoButton,Drag,145,498
87.144,87.144,NoButton,Drag,145,498
87.148,87.148,NoButton,Drag,146,498
87.152,87.152,NoButton,Drag,147,498
87.156,87.156,NoButton,Drag,148,497
87.16,87.16,NoButton,Drag,149,496
87.164,87.164,NoButton,Drag,151,495
87.168,87.168,NoButton,Drag,153,494
87.172,87.172,NoButton,Drag,156,492
87.178,87.178,NoButton,Drag,159,491
87.18,87.18,NoButton,Drag,163,490
87.182,87.182,NoButton,Drag,166,487
87.186,87.186,NoButton,Drag,171,486
87.19,87.19,NoButton,Drag,176,484
87.196,87.196,NoButton,Drag,181,482
87.198,87.198,NoButton,Drag,185,480
87.202,87.202,NoButton,Drag,190,479
87.206,87.206,NoButton,Drag,196,477
87.212,87.212,NoButton,Drag,201,475
87.214,87.214,NoButton,Drag,207,474
87.218,87.218,NoButton,Drag,213,472
87.222,87.222,NoButton,Drag,219,470
87.228,87.228,NoButton,Drag,225,469
87.23,87.23,NoButton,Drag,232,467
87.234,87.234,NoButton,Drag,238,467
87.238,87.238,NoButton,Drag,246,465
87.242,87.242,NoButton,Drag,254,464
87.246,87.246,NoButton,Drag,264,463
87.25,87.25,NoButton,Drag,273,462
87.254,87.254,NoButton,Drag,282,462
87.258,87.258,NoButton,Drag,290,461
87.262,87.262,NoButton,Drag,300,460
87.266,87.266,NoButton,Drag,311,460
87.27,87.27,NoButton,Drag,322,460
87.274,87.274,NoButton,Drag,332,460
87.278,87.278,NoButton,Drag,343,460
87.282,87.282,NoButton,Drag,355,460
87.286,87.286,NoButton,Drag,367,460
87.29,87.29,NoButton,Drag,379,460
87.294,87.294,NoButton,Drag,392,460
87.298,87.298,NoButton,Drag,404,460
87.302,87.302,NoButton,Drag,417,460
87.306,87.306,NoButton,Drag,429,460
87.311,87.311,NoButton,Drag,442,460
87.314,87.314,NoButton,Drag,452,460
87.318,87.318,NoButton,Drag,465,460
87.322,87.322,NoButton,Drag,476,460
87.327,87.327,NoButton,Drag,487,460
87.33,87.33,NoButton,Drag,498,460
87.334,87.334,NoButton,Drag,508,460
87.338,87.338,NoButton,Drag,518,460
87.342,87.342,NoButton,Drag,527,460
87.346,87.346,NoButton,Drag,537,460
87.35,87.35,NoButton,Drag,547,461
87.354,87.354,NoButton,Drag,556,462
87.358,87.358,NoButton,Drag,566,463
87.362,87.362,NoButton,Drag,578,464
87.366,87.366,NoButton,Drag,590,465
87.37,87.37,NoButton,Drag,600,467
87.374,87.374,NoButton,Drag,612,469
87.378,87.378,NoButton,Drag,624,471
87.382,87.382,NoButton,Drag,636,473
87.386,87.386,NoButton,Drag,649,474
87.39,87.39,NoButton,Drag,663,477
87.394,87.394,NoButton,Drag,677,479
87.398,87.398,NoButton,Drag,691,482
87.402,87.402,NoButton,Drag,704,484
87.406,87.406,NoButton,Drag,719,487
87.41,87.41,NoButton,Drag,733,490
87.414,87.414,NoButton,Drag,747,493
87.418,87.418,NoButton,Drag,761,496
87.422,87.422,NoButton,Drag,774,498
87.427,87.427,NoButton,Drag,787,501
87.43,87.43,NoButton,Drag,801,505
87.434,87.434,NoButton,Drag,814,509
87.438,87.438,NoButton,Drag,827,513
87.442,87.442,NoButton,Drag,842,517
87.446,87.446,NoButton,Drag,856,521
87.45,87.45,NoButton,Drag,870,525
87.454,87.454,NoButton,Drag,884,529
87.458,87.458,NoButton,Drag,899,534
87.462,87.462,NoButton,Drag,913,538
87.466,87.466,NoButton,Drag,927,542
87.47,87.47,NoButton,Drag,941,547
87.474,87.474,NoButton,Drag,954,552
87.478,87.478,NoButton,Drag,967,556
87.482,87.482,NoButton,Drag,981,561
87.486,87.486,NoButton,Drag,992,565
87.49,87.49,NoButton,Drag,1004,569
87.494,87.494,NoButton,Drag,1017,574
87.498,87.498,NoButton,Drag,1031,578
87.502,87.502,NoButton,Drag,1043,583
87.506,87.506,NoButton,Drag,1055,587
87.51,87.51,NoButton,Drag,1067,592
87.514,87.514,NoButton,Drag,1078,596
87.518,87.518,NoButton,Drag,1088,600
87.522,87.522,NoButton,Drag,1098,605
87.527,87.527,NoButton,Drag,1106,609
87.53,87.53,NoButton,Drag,1115,613
87.534,87.534,NoButton,Drag,1122,616
87.538,87.538,NoButton,Drag,1130,621
87.542,87.542,NoButton,Drag,1136,624
87.546,87.546,NoButton,Drag,1143,629
87.55,87.55,NoButton,Drag,1150,633
87.554,87.554,NoButton,Drag,1156,637
87.558,87.558,NoButton,Drag,1161,640
87.562,87.562,NoButton,Drag,1166,643
87.566,87.566,NoButton,Drag,1170,647
87.57,87.57,NoButton,Drag,1174,650
87.574,87.574,NoButton,Drag,1178,653
87.578,87.578,NoButton,Drag,1182,656
87.582,87.582,NoButton,Drag,1185,659
87.586,87.586,NoButton,Drag,1189,662
87.59,87.59,NoButton,Drag,1192,665
87.594,87.594,NoButton,Drag,1195,667
87.598,87.598,NoButton,Drag,1197,670
87.602,87.602,NoButton,Drag,1200,673
87.606,87.606,NoButton,Drag,1203,676
87.611,87.611,NoButton,Drag,1206,678
87.614,87.614,NoButton,Drag,1209,682
87.618,87.618,NoButton,Drag,1211,685
87.622,87.622,NoButton,Drag,1214,688
87.627,87.627,NoButton,Drag,1216,691
87.63,87.63,NoButton,Drag,1219,694
87.634,87.634,NoButton,Drag,1222,696
87.638,87.638,NoButton,Drag,1225,699
87.642,87.642,NoButton,Drag,1228,702
87.646,87.646,NoButton,Drag,1230,704
87.65,87.65,NoButton,Drag,1232,707
87.654,87.654,NoButton,Drag,1235,710
87.658,87.658,NoButton,Drag,1238,712
87.662,87.662,NoButton,Drag,1240,715
87.666,87.666,NoButton,Drag,1243,718
87.67,87.67,NoButton,Drag,1246,721
87.674,87.674,NoButton,Drag,1248,723
87.678,87.678,NoButton,Drag,1251,725
87.682,87.682,NoButton,Drag,1254,728
87.686,87.686,NoButton,Drag,1257,730
87.69,87.69,NoButton,Drag,1261,732
87.694,87.694,NoButton,Drag,1264,734
87.698,87.698,NoButton,Drag,1267,736
87.702,87.702,NoButton,Drag,1271,738
87.706,87.706,NoButton,Drag,1275,740
87.71,87.71,NoButton,Drag,1279,742
87.714,87.714,NoButton,Drag,1283,745
87.718,87.718,NoButton,Drag,1288,746
87.722,87.722,NoButton,Drag,1293,747
87.727,87.727,NoButton,Drag,1297,749
87.73,87.73,NoButton,Drag,1301,750
87.734,87.734,NoButton,Drag,1305,751
87.738,87.738,NoButton,Drag,1309,752
87.742,87.742,NoButton,Drag,1312,753
87.746,87.746,NoButton,Drag,1315,754
87.75,87.75,NoButton,Drag,1318,754
87.754,87.754,NoButton,Drag,1321,755
87.758,87.758,NoButton,Drag,1323,755
87.761,87.761,NoButton,Drag,1324,756
87.764,87.764,NoButton,Drag,1325,756
87.768,87.768,NoButton,Drag,1327,756
87.772,87.772,NoButton,Drag,1328,756
87.816,87.816,NoButton,Drag,1328,756
87.844,87.844,NoButton,Drag,1328,756
87.856,87.856,NoButton,Drag,1328,756
87.868,87.868,NoButton,Drag,1328,756
87.872,87.872,NoButton,Drag,1328,755
87.877,87.877,NoButton,Drag,1329,755
87.88,87.88,NoButton,Drag,1329,755
87.884,87.884,NoButton,Drag,1329,754
87.888,87.888,NoButton,Drag,1329,754
87.892,87.892,NoButton,Drag,1329,753
87.896,87.896,NoButton,Drag,1329,753
87.9,87.9,NoButton,Drag,1330,752
87.904,87.904,NoButton,Drag,1330,751
87.908,87.908,NoButton,Drag,1330,751
87.912,87.912,NoButton,Drag,1330,750
87.916,87.916,NoButton,Drag,1330,749
87.92,87.92,NoButton,Drag,1330,748
87.925,87.925,NoButton,Drag,1330,747
87.929,87.929,NoButton,Drag,1330,746
87.932,87.932,NoButton,Drag,1330,745
87.936,87.936,NoButton,Drag,1330,744
87.94,87.94,NoButton,Drag,1330,742
87.945,87.945,NoButton,Drag,1330,742
87.948,87.948,NoButton,Drag,1330,740
87.952,87.952,NoButton,Drag,1330,739
87.956,87.956,NoButton,Drag,1330,738
87.96,87.96,NoButton,Drag,1330,738
87.964,87.964,NoButton,Drag,1329,737
87.968,87.968,NoButton,Drag,1329,736
87.972,87.972,NoButton,Drag,1329,735
87.976,87.976,NoButton,Drag,1329,735
87.98,87.98,NoButton,Drag,1328,734
87.984,87.984,NoButton,Drag,1328,734
87.988,87.988,NoButton,Drag,1328,733
87.992,87.992,NoButton,Drag,1327,732
87.996,87.996,NoButton,Drag,1326,731
88.001,88.001,Left,Released,1326,731
88.001,88.001,NoButton,Drag,1326,730
88.014,88.014,NoButton,Drag,1321,726
88.03,88.03,NoButton,Drag,1311,718
88.047,88.047,NoButton,Drag,1295,711
88.064,88.064,NoButton,Drag,1271,706
88.08,88.08,NoButton,Drag,1237,706
88.098,88.098,NoButton,Drag,1176,705
88.113,88.113,NoButton,Drag,1122,703
88.13,88.13,NoButton,Drag,1067,700
88.147,88.147,NoButton,Drag,1008,692
88.163,88.163,NoButton,Drag,952,682
88.181,88.181,NoButton,Drag,886,667
88.197,88.197,NoButton,Drag,838,651
88.214,88.214,NoButton,Drag,791,636
88.231,88.231,NoButton,Drag,742,620
88.247,88.247,NoButton,Drag,691,602
88.264,88.264,NoButton,Drag,642,585
88.28,88.28,NoButton,Drag,586,567
88.297,88.297,NoButton,Drag,548,555
88.314,88.314,NoButton,Drag,520,544
88.33,88.33,NoButton,Drag,494,536
88.348,88.348,NoButton,Drag,470,527
88.364,88.364,NoButton,Drag,455,519
88.38,88.38,NoButton,Drag,444,511
88.397,88.397,NoButton,Drag,435,504
88.414,88.414,NoButton,Drag,429,498
88.431,88.431,NoButton,Drag,422,491
88.447,88.447,NoButton,Drag,416,485
88.465,88.465,NoButton,Drag,411,480
88.481,88.481,NoButton,Drag,408,478
88.498,88.498,NoButton,Drag,406,477
88.514,88.514,NoButton,Drag,404,476
88.531,88.531,NoButton,Drag,402,475
88.548,88.548,NoButton,Drag,399,475
88.564,88.564,NoButton,Drag,396,475
88.581,88.581,NoButton,Drag,391,475
88.598,88.598,NoButton,Drag,387,475
88.614,88.614,NoButton,Drag,384,476
88.631,88.631,NoButton,Drag,381,476
88.647,88.647,NoButton,Drag,378,477
88.665,88.665,NoButton,Drag,373,476
88.681,88.681,NoButton,Drag,371,476
88.698,88.698,NoButton,Drag,368,476
88.714,88.714,NoButton,Drag,365,476
88.731,88.731,NoButton,Drag,362,476
88.748,88.748,NoButton,Drag,360,476
88.764,88.764,NoButton,Drag,357,476
88.781,88.781,NoButton,Drag,356,476
88.799,88.799,Left,Pressed,356,476
88.85,88.85,NoButton,Drag,356,476
88.854,88.854,NoButton,Drag,356,476
88.87,88.87,NoButton,Drag,356,477
88.961,88.961,NoButton,Drag,356,477
88.968,88.968,NoButton,Drag,356,477
88.976,88.976,NoButton,Drag,356,477
88.98,88.98,NoButton,Drag,356,478
88.984,88.984,NoButton,Drag,357,478
88.988,88.988,NoButton,Drag,358,478
88.992,88.992,NoButton,Drag,359,478
88.996,88.996,NoButton,Drag,360,478
89,89,NoButton,Drag,361,478
89.004,89.004,NoButton,Drag,362,478
89.008,89.008,NoButton,Drag,364,478
89.012,89.012,NoButton,Drag,366,478
89.016,89.016,NoButton,Drag,368,478
89.022,89.022,NoButton,Drag,370,478
89.024,89.024,NoButton,Drag,372,477
89.028,89.028,NoButton,Drag,374,477
89.032,89.032,NoButton,Drag,377,476
89.036,89.036,NoButton,Drag,380,476
89.04,89.04,NoButton,Drag,382,475
89.044,89.044,NoButton,Drag,385,475
89.048,89.048,NoButton,Drag,388,475
89.052,89.052,NoButton,Drag,392,474
89.056,89.056,NoButton,Drag,395,474
89.06,89.06,NoButton,Drag,399,473
89.064,89.064,NoButton,Drag,403,473
89.068,89.068,NoButton,Drag,407,472
89.072,89.072,NoButton,Drag,412,472
89.076,89.076,NoButton,Drag,417,471
89.08,89.08,NoButton,Drag,422,471
89.084,89.084,NoButton,Drag,429,471
89.088,89.088,NoButton,Drag,436,471
89.092,89.092,NoButton,Drag,444,471
89.096,89.096,NoButton,Drag,453,471
89.1,89.1,NoButton,Drag,461,471
89.104,89.104,NoButton,Drag,471,471
89.108,89.108,NoButton,Drag,481,472
89.112,89.112,NoButton,Drag,491,474
89.116,89.116,NoButton,Drag,501,475
89.12,89.12,NoButton,Drag,510,476
89.124,89.124,NoButton,Drag,520,478
89.128,89.128,NoButton,Drag,529,480
89.132,89.132,NoButton,Drag,538,481
89.136,89.136,NoButton,Drag,548,483
89.14,89.14,NoButton,Drag,557,484
89.144,89.144,NoButton,Drag,564,486
89.148,89.148,NoButton,Drag,573,488
89.152,89.152,NoButton,Drag,581,490
89.156,89.156,NoButton,Drag,588,491
89.16,89.16,NoButton,Drag,596,493
89.164,89.164,NoButton,Drag,604,495
89.168,89.168,NoButton,Drag,611,496
89.172,89.172,NoButton,Drag,617,498
89.176,89.176,NoButton,Drag,624,500
89.18,89.18,NoButton,Drag,632,502
89.184,89.184,NoButton,Drag,640,504
89.188,89.188,NoButton,Drag,649,505
89.192,89.192,NoButton,Drag,658,507
89.196,89.196,NoButton,Drag,667,509
89.2,89.2,NoButton,Drag,677,512
89.204,89.204,NoButton,Drag,686,513
89.208,89.208,NoButton,Drag,696,516
89.212,89.212,NoButton,Drag,707,517
89.216,89.216,NoButton,Drag,718,519
89.22,89.22,NoButton,Drag,727,520
89.224,89.224,NoButton,Drag,736,521
89.228,89.228,NoButton,Drag,746,522
89.232,89.232,NoButton,Drag,755,522
89.236,89.236,NoButton,Drag,764,523
89.24,89.24,NoButton,Drag,771,524
89.244,89.244,NoButton,Drag,777,524
89.248,89.248,NoButton,Drag,783,524
89.252,89.252,NoButton,Drag,788,525
89.256,89.256,NoButton,Drag,792,525
89.26,89.26,NoButton,Drag,795,525
89.264,89.264,NoButton,Drag,798,526
89.268,89.268,NoButton,Drag,799,526
89.272,89.272,NoButton,Drag,800,526
89.296,89.296,NoButton,Drag,801,526
89.3,89.3,NoButton,Drag,801,526
89.304,89.304,NoButton,Drag,801,527
89.308,89.308,NoButton,Drag,801,527
89.312,89.312,NoButton,Drag,801,527
89.316,89.316,NoButton,Drag,801,527
89.32,89.32,NoButton,Drag,800,528
89.324,89.324,NoButton,Drag,800,528
89.328,89.328,NoButton,Drag,799,528
89.332,89.332,NoButton,Drag,797,528
89.336,89.336,NoButton,Drag,796,529
89.34,89.34,NoButton,Drag,794,529
89.344,89.344,NoButton,Drag,792,530
89.348,89.348,NoButton,Drag,789,531
89.352,89.352,NoButton,Drag,785,532
89.356,89.356,NoButton,Drag,781,533
89.36,89.36,NoButton,Drag,776,533
89.364,89.364,NoButton,Drag,771,533
89.369,89.369,Left,Released,771,533
89.369,89.369,NoButton,Drag,765,534
89.382,89.382,NoButton,Drag,744,534
89.402,89.402,NoButton,Drag,703,535
89.419,89.419,NoButton,Drag,667,535
89.436,89.436,NoButton,Drag,634,534
89.452,89.452,NoButton,Drag,598,529
89.468,89.468,NoButton,Drag,557,520
89.485,89.485,NoButton,Drag,528,513
89.502,89.502,NoButton,Drag,503,506
89.519,89.519,NoButton,Drag,474,497
89.535,89.535,NoButton,Drag,456,491
89.552,89.552,NoButton,Drag,444,487
89.569,89.569,NoButton,Drag,436,484
89.585,89.585,NoButton,Drag,432,483
89.602,89.602,NoButton,Drag,430,482
89.723,89.723,NoButton,Drag,430,482
89.731,89.731,NoButton,Drag,429,481
89.738,89.738,NoButton,Drag,429,480
89.751,89.751,NoButton,Drag,427,480
89.767,89.767,NoButton,Drag,424,479
89.784,89.784,NoButton,Drag,416,479
89.8,89.8,NoButton,Drag,404,478
89.817,89.817,NoButton,Drag,389,478
89.834,89.834,NoButton,Drag,371,478
89.851,89.851,NoButton,Drag,350,477
89.868,89.868,NoButton,Drag,337,477
89.884,89.884,NoButton,Drag,329,477
89.901,89.901,NoButton,Drag,328,476
89.917,89.917,NoButton,Drag,327,476
90.023,90.023,NoButton,Drag,327,475
90.043,90.043,NoButton,Drag,327,475
90.045,90.045,Left,Pressed,327,475
90.055,90.055,NoButton,Drag,328,475
90.064,90.064,NoButton,Drag,328,475
90.12,90.12,NoButton,Drag,328,475
90.128,90.128,NoButton,Drag,328,475
90.141,90.141,NoButton,Drag,328,475
90.148,90.148,NoButton,Drag,329,475
90.156,90.156,NoButton,Drag,329,475
90.16,90.16,NoButton,Drag,329,475
90.164,90.164,NoButton,Drag,329,475
90.168,90.168,NoButton,Drag,330,476
90.172,90.172,NoButton,Drag,330,476
90.176,90.176,NoButton,Drag,330,476
90.18,90.18,NoButton,Drag,331,476
90.184,90.184,NoButton,Drag,332,476
90.188,90.188,NoButton,Drag,332,477
90.192,90.192,NoButton,Drag,334,477
90.196,90.196,NoButton,Drag,335,477
90.2,90.2,NoButton,Drag,337,478
90.204,90.204,NoButton,Drag,339,478
90.208,90.208,NoButton,Drag,342,479
90.212,90.212,NoButton,Drag,345,480
90.216,90.216,NoButton,Drag,348,480
90.22,90.22,NoButton,Drag,353,481
90.225,90.225,NoButton,Drag,358,482
90.228,90.228,NoButton,Drag,364,483
90.232,90.232,NoButton,Drag,372,483
90.236,90.236,NoButton,Drag,380,483
90.241,90.241,NoButton,Drag,389,484
90.244,90.244,NoButton,Drag,400,484
90.248,90.248,NoButton,Drag,411,485
90.252,90.252,NoButton,Drag,424,486
90.256,90.256,NoButton,Drag,439,488
90.26,90.26,NoButton,Drag,454,488
90.264,90.264,NoButton,Drag,470,489
90.268,90.268,NoButton,Drag,487,490
90.272,90.272,NoButton,Drag,506,490
90.276,90.276,NoButton,Drag,523,491
90.28,90.28,NoButton,Drag,541,493
90.284,90.284,NoButton,Drag,561,493
90.288,90.288,NoButton,Drag,580,494
90.292,90.292,NoButton,Drag,601,496
90.296,90.296,NoButton,Drag,623,499
90.3,90.3,NoButton,Drag,644,500
90.304,90.304,NoButton,Drag,667,501
90.308,90.308,NoButton,Drag,690,504
90.312,90.312,NoButton,Drag,713,506
90.316,90.316,NoButton,Drag,734,508
90.32,90.32,NoButton,Drag,759,510
90.325,90.325,NoButton,Drag,783,514
90.328,90.328,NoButton,Drag,806,516
90.332,90.332,NoButton,Drag,831,518
90.336,90.336,NoButton,Drag,856,521
90.34,90.34,NoButton,Drag,879,523
90.344,90.344,NoButton,Drag,901,526
90.348,90.348,NoButton,Drag,925,528
90.352,90.352,NoButton,Drag,948,530
90.356,90.356,NoButton,Drag,969,531
90.36,90.36,NoButton,Drag,990,533
90.364,90.364,NoButton,Drag,1011,535
90.368,90.368,NoButton,Drag,1031,535
90.372,90.372,NoButton,Drag,1050,536
90.376,90.376,NoButton,Drag,1070,538
90.38,90.38,NoButton,Drag,1090,538
90.384,90.384,NoButton,Drag,1107,539
90.388,90.388,NoButton,Drag,1123,540
90.392,90.392,NoButton,Drag,1138,540
90.396,90.396,NoButton,Drag,1151,541
90.4,90.4,NoButton,Drag,1162,542
90.404,90.404,NoButton,Drag,1171,542
90.408,90.408,NoButton,Drag,1180,543
90.412,90.412,NoButton,Drag,1188,543
90.416,90.416,NoButton,Drag,1195,543
90.42,90.42,NoButton,Drag,1202,544
90.425,90.425,NoButton,Drag,1207,544
90.428,90.428,NoButton,Drag,1212,545
90.432,90.432,NoButton,Drag,1216,545
90.436,90.436,NoButton,Drag,1220,545
90.44,90.44,NoButton,Drag,1223,545
90.444,90.444,NoButton,Drag,1227,546
90.448,90.448,NoButton,Drag,1231,546
90.452,90.452,NoButton,Drag,1234,546
90.456,90.456,NoButton,Drag,1237,546
90.46,90.46,NoButton,Drag,1240,546
90.464,90.464,NoButton,Drag,1243,546
90.468,90.468,NoButton,Drag,1246,546
90.472,90.472,NoButton,Drag,1249,546
90.476,90.476,NoButton,Drag,1252,546
90.48,90.48,NoButton,Drag,1254,546
90.484,90.484,NoButton,Drag,1257,546
90.488,90.488,NoButton,Drag,1260,546
90.492,90.492,NoButton,Drag,1262,546
90.496,90.496,NoButton,Drag,1263,546
90.5,90.5,NoButton,Drag,1265,546
90.504,90.504,NoButton,Drag,1267,545
90.508,90.508,NoButton,Drag,1268,545
90.512,90.512,NoButton,Drag,1269,545
90.516,90.516,NoButton,Drag,1270,544
90.52,90.52,NoButton,Drag,1271,544
90.525,90.525,NoButton,Drag,1271,544
90.528,90.528,NoButton,Drag,1272,544
90.532,90.532,NoButton,Drag,1273,544
90.536,90.536,NoButton,Drag,1273,543
90.541,90.541,NoButton,Drag,1273,543
90.544,90.544,NoButton,Drag,1274,543
90.548,90.548,NoButton,Drag,1274,543
90.552,90.552,NoButton,Drag,1274,543
90.556,90.556,NoButton,Drag,1274,542
90.56,90.56,NoButton,Drag,1275,542
90.564,90.564,NoButton,Drag,1275,542
90.568,90.568,NoButton,Drag,1276,542
90.572,90.572,NoButton,Drag,1277,541
90.576,90.576,NoButton,Drag,1277,541
90.58,90.58,NoButton,Drag,1278,540
90.584,90.584,NoButton,Drag,1279,540
90.588,90.588,NoButton,Drag,1280,539
90.592,90.592,NoButton,Drag,1281,538
90.596,90.596,NoButton,Drag,1282,538
90.6,90.6,NoButton,Drag,1283,537
90.604,90.604,NoButton,Drag,1284,536
90.608,90.608,NoButton,Drag,1286,535
90.612,90.612,NoButton,Drag,1288,534
90.616,90.616,NoButton,Drag,1289,533
90.62,90.62,NoButton,Drag,1291,532
90.625,90.625,NoButton,Drag,1292,530
90.628,90.628,NoButton,Drag,1294,529
90.632,90.632,NoButton,Drag,1295,528
90.636,90.636,NoButton,Drag,1297,527
90.638,90.638,NoButton,Drag,1298,525
90.642,90.642,NoButton,Drag,1299,524
90.646,90.646,NoButton,Drag,1301,523
90.65,90.65,NoButton,Drag,1301,522
90.654,90.654,NoButton,Drag,1302,521
90.658,90.658,NoButton,Drag,1303,520
90.662,90.662,NoButton,Drag,1304,518
90.666,90.666,NoButton,Drag,1305,517
90.67,90.67,NoButton,Drag,1306,516
90.675,90.675,NoButton,Drag,1307,515
90.678,90.678,NoButton,Drag,1308,514
90.682,90.682,NoButton,Drag,1308,512
90.686,90.686,NoButton,Drag,1309,511
90.69,90.69,NoButton,Drag,1310,510
90.694,90.694,NoButton,Drag,1311,509
90.698,90.698,NoButton,Drag,1312,508
90.702,90.702,NoButton,Drag,1313,506
90.706,90.706,NoButton,Drag,1313,505
90.71,90.71,NoButton,Drag,1314,503
90.714,90.714,NoButton,Drag,1315,502
90.718,90.718,NoButton,Drag,1316,500
90.722,90.722,NoButton,Drag,1317,498
90.726,90.726,NoButton,Drag,1317,497
90.73,90.73,NoButton,Drag,1318,495
90.734,90.734,NoButton,Drag,1319,493
90.738,90.738,NoButton,Drag,1319,492
90.742,90.742,NoButton,Drag,1319,490
90.746,90.746,NoButton,Drag,1319,489
90.75,90.75,NoButton,Drag,1320,487
90.754,90.754,NoButton,Drag,1320,486
90.758,90.758,NoButton,Drag,1321,484
90.762,90.762,NoButton,Drag,1321,482
90.766,90.766,NoButton,Drag,1322,481
90.77,90.77,NoButton,Drag,1322,480
90.775,90.775,NoButton,Drag,1323,478
90.778,90.778,NoButton,Drag,1323,477
90.782,90.782,NoButton,Drag,1323,476
90.786,90.786,NoButton,Drag,1324,475
90.79,90.79,NoButton,Drag,1324,473
90.794,90.794,NoButton,Drag,1324,472
90.798,90.798,NoButton,Drag,1324,471
90.802,90.802,NoButton,Drag,1324,470
90.806,90.806,NoButton,Drag,1324,469
90.81,90.81,NoButton,Drag,1324,468
90.814,90.814,NoButton,Drag,1324,466
90.818,90.818,NoButton,Drag,1324,465
90.822,90.822,NoButton,Drag,1324,464
90.826,90.826,NoButton,Drag,1324,463
90.83,90.83,NoButton,Drag,1324,462
90.834,90.834,NoButton,Drag,1324,461
90.838,90.838,NoButton,Drag,1324,460
90.842,90.842,NoButton,Drag,1324,459
90.846,90.846,NoButton,Drag,1324,459
90.85,90.85,NoButton,Drag,1324,458
90.854,90.854,NoButton,Drag,1324,458
90.858,90.858,NoButton,Drag,1324,457
90.862,90.862,NoButton,Drag,1324,456
90.866,90.866,NoButton,Drag,1324,456
90.87,90.87,NoButton,Drag,1323,455
90.875,90.875,NoButton,Drag,1323,455
90.878,90.878,NoButton,Drag,1323,454
90.882,90.882,NoButton,Drag,1322,454
90.886,90.886,NoButton,Drag,1322,453
90.89,90.89,NoButton,Drag,1321,453
90.894,90.894,Left,Released,1321,453
90.895,90.895,NoButton,Drag,1321,452
90.91,90.91,NoButton,Drag,1320,452
90.926,90.926,NoButton,Drag,1318,451
90.943,90.943,NoButton,Drag,1314,452
90.96,90.96,NoButton,Drag,1307,457
90.976,90.976,NoButton,Drag,1295,470
90.994,90.994,NoButton,Drag,1272,496
91.01,91.01,NoButton,Drag,1239,533
91.026,91.026,NoButton,Drag,1172,593
91.044,91.044,NoButton,Drag,1110,641
91.06,91.06,NoButton,Drag,1054,680
91.077,91.077,NoButton,Drag,1020,705
91.093,91.093,NoButton,Drag,994,724
91.11,91.11,NoButton,Drag,974,735
91.127,91.127,NoButton,Drag,948,744
91.143,91.143,NoButton,Drag,925,749
91.16,91.16,NoButton,Drag,901,750
91.177,91.177,NoButton,Drag,879,750
91.193,91.193,NoButton,Drag,859,747
91.21,91.21,NoButton,Drag,847,744
91.227,91.227,NoButton,Drag,833,739
91.243,91.243,NoButton,Drag,821,734
91.261,91.261,NoButton,Drag,811,729
91.277,91.277,NoButton,Drag,806,726
91.293,91.293,NoButton,Drag,804,725
91.31,91.31,NoButton,Drag,801,724
91.327,91.327,NoButton,Drag,800,723
91.344,91.344,NoButton,Drag,796,721
91.36,91.36,NoButton,Drag,791,721
91.377,91.377,NoButton,Drag,788,721
91.394,91.394,NoButton,Drag,784,721
91.41,91.41,NoButton,Drag,778,723
91.427,91.427,NoButton,Drag,771,724
91.444,91.444,NoButton,Drag,763,726
91.46,91.46,NoButton,Drag,749,726
91.477,91.477,NoButton,Drag,737,726
91.493,91.493,NoButton,Drag,725,726
91.511,91.511,NoButton,Drag,715,725
91.528,91.528,NoButton,Drag,704,723
91.544,91.544,NoButton,Drag,694,721
91.56,91.56,NoButton,Drag,684,718
91.577,91.577,NoButton,Drag,680,717
91.594,91.594,NoButton,Drag,678,716
91.611,91.611,NoButton,Drag,677,715
91.627,91.627,NoButton,Drag,675,714
91.644,91.644,NoButton,Drag,675,714
91.661,91.661,NoButton,Drag,674,714
91.717,91.717,Left,Pressed,674,714
91.725,91.725,NoButton,Drag,674,714
91.728,91.728,NoButton,Drag,675,714
91.732,91.732,NoButton,Drag,675,714
91.736,91.736,NoButton,Drag,675,713
91.74,91.74,NoButton,Drag,676,713
91.744,91.744,NoButton,Drag,676,713
91.748,91.748,NoButton,Drag,677,712
91.752,91.752,NoButton,Drag,677,712
91.756,91.756,NoButton,Drag,678,712
91.76,91.76,NoButton,Drag,678,712
91.764,91.764,NoButton,Drag,679,712
91.768,91.768,NoButton,Drag,679,712
91.772,91.772,NoButton,Drag,680,712
91.774,91.774,NoButton,Drag,680,711
91.778,91.778,NoButton,Drag,680,711
91.782,91.782,NoButton,Drag,681,711
91.79,91.79,NoButton,Drag,681,711
91.798,91.798,NoButton,Drag,681,711
91.846,91.846,NoButton,Drag,681,710
91.854,91.854,NoButton,Drag,682,710
91.858,91.858,NoButton,Drag,682,710
91.862,91.862,NoButton,Drag,682,710
91.866,91.866,NoButton,Drag,683,710
91.87,91.87,NoButton,Drag,683,710
91.874,91.874,NoButton,Drag,684,710
91.878,91.878,NoButton,Drag,684,710
91.882,91.882,NoButton,Drag,685,710
91.886,91.886,NoButton,Drag,686,710
91.89,91.89,NoButton,Drag,687,710
91.894,91.894,NoButton,Drag,688,709
91.898,91.898,NoButton,Drag,690,709
91.902,91.902,NoButton,Drag,692,709
91.906,91.906,NoButton,Drag,694,709
91.91,91.91,NoButton,Drag,697,709
91.914,91.914,NoButton,Drag,699,709
91.918,91.918,NoButton,Drag,702,709
91.922,91.922,NoButton,Drag,706,709
91.927,91.927,NoButton,Drag,709,709
91.93,91.93,NoButton,Drag,713,709
91.934,91.934,NoButton,Drag,717,709
91.938,91.938,NoButton,Drag,722,709
91.942,91.942,NoButton,Drag,726,709
91.946,91.946,NoButton,Drag,731,709
91.95,91.95,NoButton,Drag,736,709
91.954,91.954,NoButton,Drag,742,709
91.958,91.958,NoButton,Drag,748,708
91.962,91.962,NoButton,Drag,753,708
91.966,91.966,NoButton,Drag,759,708
91.97,91.97,NoButton,Drag,765,708
91.974,91.974,NoButton,Drag,771,708
91.978,91.978,NoButton,Drag,777,708
91.982,91.982,NoButton,Drag,782,707
91.986,91.986,NoButton,Drag,789,707
91.99,91.99,NoButton,Drag,795,706
91.994,91.994,NoButton,Drag,801,705
91.998,91.998,NoButton,Drag,808,704
92.002,92.002,NoButton,Drag,815,703
92.006,92.006,NoButton,Drag,822,702
92.01,92.01,NoButton,Drag,829,701
92.014,92.014,NoButton,Drag,837,699
92.018,92.018,NoButton,Drag,845,697
92.022,92.022,NoButton,Drag,853,695
92.027,92.027,NoButton,Drag,862,693
92.03,92.03,NoButton,Drag,871,691
92.034,92.034,NoButton,Drag,880,689
92.038,92.038,NoButton,Drag,888,687
92.042,92.042,NoButton,Drag,897,684
92.046,92.046,NoButton,Drag,905,682
92.05,92.05,NoButton,Drag,913,680
92.054,92.054,NoButton,Drag,921,678
92.058,92.058,NoButton,Drag,930,676
92.062,92.062,NoButton,Drag,939,673
92.066,92.066,NoButton,Drag,948,671
92.07,92.07,NoButton,Drag,957,668
92.074,92.074,NoButton,Drag,965,665
92.078,92.078,NoButton,Drag,974,662
92.082,92.082,NoButton,Drag,983,658
92.086,92.086,NoButton,Drag,993,655
92.09,92.09,NoButton,Drag,1002,652
92.094,92.094,NoButton,Drag,1011,649
92.098,92.098,NoButton,Drag,1021,645
92.102,92.102,NoButton,Drag,1031,641
92.106,92.106,NoButton,Drag,1041,637
92.11,92.11,NoButton,Drag,1050,633
92.114,92.114,NoButton,Drag,1059,630
92.118,92.118,NoButton,Drag,1068,626
92.122,92.122,NoButton,Drag,1078,622
92.127,92.127,NoButton,Drag,1087,618
92.13,92.13,NoButton,Drag,1095,615
92.134,92.134,NoButton,Drag,1103,611
92.138,92.138,NoButton,Drag,1112,607
92.142,92.142,NoButton,Drag,1119,603
92.146,92.146,NoButton,Drag,1126,600
92.15,92.15,NoButton,Drag,1135,596
92.154,92.154,NoButton,Drag,1142,591
92.158,92.158,NoButton,Drag,1149,588
92.162,92.162,NoButton,Drag,1156,583
92.166,92.166,NoButton,Drag,1163,579
92.17,92.17,NoButton,Drag,1170,576
92.174,92.174,NoButton,Drag,1176,572
92.178,92.178,NoButton,Drag,1183,568
92.182,92.182,NoButton,Drag,1190,563
92.186,92.186,NoButton,Drag,1197,559
92.19,92.19,NoButton,Drag,1204,555
92.194,92.194,NoButton,Drag,1210,552
92.198,92.198,NoButton,Drag,1217,547
92.202,92.202,NoButton,Drag,1224,543
92.206,92.206,NoButton,Drag,1231,539
92.21,92.21,NoButton,Drag,1236,535
92.214,92.214,NoButton,Drag,1243,531
92.218,92.218,NoButton,Drag,1250,527
92.222,92.222,NoButton,Drag,1257,523
92.227,92.227,NoButton,Drag,1263,520
92.23,92.23,NoButton,Drag,1268,516
92.234,92.234,NoButton,Drag,1274,513
92.238,92.238,NoButton,Drag,1278,510
92.242,92.242,NoButton,Drag,1283,507
92.246,92.246,NoButton,Drag,1287,504
92.25,92.25,NoButton,Drag,1291,502
92.254,92.254,NoButton,Drag,1295,498
92.258,92.258,NoButton,Drag,1299,496
92.262,92.262,NoButton,Drag,1303,493
92.266,92.266,NoButton,Drag,1306,491
92.27,92.27,NoButton,Drag,1309,488
92.274,92.274,NoButton,Drag,1312,486
92.278,92.278,NoButton,Drag,1314,484
92.282,92.282,NoButton,Drag,1316,482
92.286,92.286,NoButton,Drag,1318,480
92.29,92.29,NoButton,Drag,1321,478
92.294,92.294,NoButton,Drag,1323,476
92.298,92.298,NoButton,Drag,1325,474
92.302,92.302,NoButton,Drag,1327,473
92.306,92.306,NoButton,Drag,1329,471
92.31,92.31,NoButton,Drag,1331,470
92.314,92.314,NoButton,Drag,1333,468
92.318,92.318,NoButton,Drag,1335,466
92.322,92.322,NoButton,Drag,1336,465
92.327,92.327,NoButton,Drag,1337,464
92.33,92.33,NoButton,Drag,1339,463
92.334,92.334,NoButton,Drag,1340,462
92.338,92.338,NoButton,Drag,1341,460
92.342,92.342,NoButton,Drag,1342,459
92.346,92.346,NoButton,Drag,1343,458
92.35,92.35,NoButton,Drag,1343,457
92.354,92.354,NoButton,Drag,1344,456
92.356,92.356,NoButton,Drag,1344,455
92.36,92.36,NoButton,Drag,1345,455
92.364,92.364,NoButton,Drag,1345,454
92.368,92.368,NoButton,Drag,1345,454
92.372,92.372,NoButton,Drag,1345,453
92.377,92.377,NoButton,Drag,1345,453
92.38,92.38,NoButton,Drag,1345,453
92.384,92.384,NoButton,Drag,1345,452
92.396,92.396,NoButton,Drag,1346,452
92.525,92.525,Left,Released,1346,452
92.533,92.533,NoButton,Drag,1345,452
92.545,92.545,NoButton,Drag,1344,452
92.562,92.562,NoButton,Drag,1341,454
92.579,92.579,NoButton,Drag,1334,457
92.595,92.595,NoButton,Drag,1320,463
92.612,92.612,NoButton,Drag,1299,475
92.628,92.628,NoButton,Drag,1251,500
92.645,92.645,NoButton,Drag,1187,533
92.662,92.662,NoButton,Drag,1109,569
92.679,92.679,NoButton,Drag,1014,601
92.695,92.695,NoButton,Drag,910,626
92.712,92.712,NoButton,Drag,805,641
92.728,92.728,NoButton,Drag,697,646
92.746,92.746,NoButton,Drag,624,646
92.762,92.762,NoButton,Drag,567,644
92.778,92.778,NoButton,Drag,515,639
92.796,92.796,NoButton,Drag,469,634
92.812,92.812,NoButton,Drag,433,628
92.829,92.829,NoButton,Drag,401,624
92.845,92.845,NoButton,Drag,387,621
92.862,92.862,NoButton,Drag,380,621
92.879,92.879,NoButton,Drag,380,620
92.92,92.92,NoButton,Drag,380,621
92.922,92.922,NoButton,Drag,380,621
92.934,92.934,NoButton,Drag,379,622
92.951,92.951,NoButton,Drag,376,629
92.968,92.968,NoButton,Drag,371,636
92.985,92.985,NoButton,Drag,364,642
93.001,93.001,NoButton,Drag,357,649
93.018,93.018,NoButton,Drag,348,654
93.035,93.035,NoButton,Drag,337,660
93.052,93.052,NoButton,Drag,326,665
93.069,93.069,NoButton,Drag,316,669
93.085,93.085,NoButton,Drag,304,672
93.102,93.102,NoButton,Drag,293,675
93.119,93.119,NoButton,Drag,279,678
93.135,93.135,NoButton,Drag,270,680
93.155,93.155,NoButton,Drag,263,682
93.171,93.171,NoButton,Drag,259,683
93.188,93.188,NoButton,Drag,257,683
93.205,93.205,NoButton,Drag,257,683
93.222,93.222,NoButton,Drag,256,683
93.239,93.239,NoButton,Drag,255,684
93.255,93.255,NoButton,Drag,253,685
93.272,93.272,NoButton,Drag,251,686
93.289,93.289,NoButton,Drag,249,687
93.306,93.306,NoButton,Drag,248,688
93.322,93.322,NoButton,Drag,247,689
93.34,93.34,NoButton,Drag,246,689
93.363,93.363,Left,Pressed,246,689
93.398,93.398,NoButton,Drag,246,690
93.446,93.446,NoButton,Drag,246,690
93.503,93.503,NoButton,Drag,246,690
93.506,93.506,NoButton,Drag,247,690
93.508,93.508,NoButton,Drag,247,689
93.512,93.512,NoButton,Drag,248,689
93.516,93.516,NoButton,Drag,250,688
93.52,93.52,NoButton,Drag,252,688
93.524,93.524,NoButton,Drag,254,687
93.528,93.528,NoButton,Drag,256,686
93.532,93.532,NoButton,Drag,260,685
93.536,93.536,NoButton,Drag,264,683
93.54,93.54,NoButton,Drag,268,682
93.544,93.544,NoButton,Drag,273,681
93.548,93.548,NoButton,Drag,279,679
93.552,93.552,NoButton,Drag,285,677
93.556,93.556,NoButton,Drag,291,676
93.56,93.56,NoButton,Drag,298,673
93.564,93.564,NoButton,Drag,305,671
93.568,93.568,NoButton,Drag,314,669
93.572,93.572,NoButton,Drag,323,667
93.576,93.576,NoButton,Drag,332,665
93.58,93.58,NoButton,Drag,342,663
93.584,93.584,NoButton,Drag,353,661
93.588,93.588,NoButton,Drag,365,658
93.592,93.592,NoButton,Drag,377,656
93.596,93.596,NoButton,Drag,389,654
93.6,93.6,NoButton,Drag,402,653
93.605,93.605,NoButton,Drag,417,650
93.608,93.608,NoButton,Drag,430,649
93.612,93.612,NoButton,Drag,445,646
93.616,93.616,NoButton,Drag,461,644
93.62,93.62,NoButton,Drag,477,642
93.624,93.624,NoButton,Drag,493,640
93.628,93.628,NoButton,Drag,512,639
93.632,93.632,NoButton,Drag,530,638
93.636,93.636,NoButton,Drag,548,637
93.64,93.64,NoButton,Drag,566,636
93.644,93.644,NoButton,Drag,586,635
93.648,93.648,NoButton,Drag,606,634
93.652,93.652,NoButton,Drag,625,633
93.656,93.656,NoButton,Drag,645,631
93.66,93.66,NoButton,Drag,664,630
93.664,93.664,NoButton,Drag,685,629
93.668,93.668,NoButton,Drag,705,627
93.672,93.672,NoButton,Drag,724,627
93.676,93.676,NoButton,Drag,743,625
93.68,93.68,NoButton,Drag,763,624
93.684,93.684,NoButton,Drag,780,621
93.688,93.688,NoButton,Drag,797,619
93.692,93.692,NoButton,Drag,814,618
93.696,93.696,NoButton,Drag,832,616
93.7,93.7,NoButton,Drag,848,615
93.705,93.705,NoButton,Drag,865,613
93.708,93.708,NoButton,Drag,881,611
93.712,93.712,NoButton,Drag,898,609
93.716,93.716,NoButton,Drag,915,607
93.72,93.72,NoButton,Drag,931,606
93.724,93.724,NoButton,Drag,947,604
93.728,93.728,NoButton,Drag,964,604
93.732,93.732,NoButton,Drag,980,602
93.736,93.736,NoButton,Drag,996,600
93.74,93.74,NoButton,Drag,1012,597
93.744,93.744,NoButton,Drag,1025,595
93.748,93.748,NoButton,Drag,1039,593
93.752,93.752,NoButton,Drag,1054,591
93.756,93.756,NoButton,Drag,1067,589
93.76,93.76,NoButton,Drag,1081,587
93.764,93.764,NoButton,Drag,1093,586
93.768,93.768,NoButton,Drag,1105,583
93.772,93.772,NoButton,Drag,1117,581
93.776,93.776,NoButton,Drag,1127,579
93.78,93.78,NoButton,Drag,1138,577
93.784,93.784,NoButton,Drag,1148,574
93.788,93.788,NoButton,Drag,1158,572
93.792,93.792,NoButton,Drag,1167,570
93.796,93.796,NoButton,Drag,1175,568
93.8,93.8,NoButton,Drag,1182,566
93.805,93.805,NoButton,Drag,1190,564
93.808,93.808,NoButton,Drag,1196,563
93.812,93.812,NoButton,Drag,1202,561
93.816,93.816,NoButton,Drag,1209,559
93.82,93.82,NoButton,Drag,1215,557
93.824,93.824,NoButton,Drag,1222,555
93.828,93.828,NoButton,Drag,1229,553
93.832,93.832,NoButton,Drag,1236,551
93.836,93.836,NoButton,Drag,1244,548
93.84,93.84,NoButton,Drag,1251,546
93.844,93.844,NoButton,Drag,1257,544
93.848,93.848,NoButton,Drag,1265,542
93.852,93.852,NoButton,Drag,1272,540
93.856,93.856,NoButton,Drag,1278,538
93.86,93.86,NoButton,Drag,1285,536
93.864,93.864,NoButton,Drag,1291,534
93.868,93.868,NoButton,Drag,1297,532
93.872,93.872,NoButton,Drag,1304,530
93.876,93.876,NoButton,Drag,1310,529
93.88,93.88,NoButton,Drag,1315,527
93.884,93.884,NoButton,Drag,1321,525
93.888,93.888,NoButton,Drag,1326,524
93.892,93.892,NoButton,Drag,1330,523
93.896,93.896,NoButton,Drag,1334,521
93.9,93.9,NoButton,Drag,1338,520
93.905,93.905,NoButton,Drag,1343,518
93.908,93.908,NoButton,Drag,1346,517
93.912,93.912,NoButton,Drag,1350,516
93.916,93.916,NoButton,Drag,1353,514
93.92,93.92,NoButton,Drag,1355,513
93.924,93.924,NoButton,Drag,1357,511
93.928,93.928,NoButton,Drag,1360,510
93.932,93.932,NoButton,Drag,1361,509
93.936,93.936,NoButton,Drag,1363,508
93.94,93.94,NoButton,Drag,1365,507
93.944,93.944,NoButton,Drag,1366,506
93.948,93.948,NoButton,Drag,1367,505
93.952,93.952,NoButton,Drag,1368,505
93.956,93.956,NoButton,Drag,1368,504
93.96,93.96,NoButton,Drag,1369,503
93.964,93.964,NoButton,Drag,1369,503
93.968,93.968,NoButton,Drag,1370,503
93.972,93.972,NoButton,Drag,1370,502
93.98,93.98,NoButton,Drag,1370,502
93.984,93.984,NoButton,Drag,1370,502
93.988,93.988,NoButton,Drag,1370,502
93.996,93.996,NoButton,Drag,1370,501
94.004,94.004,NoButton,Drag,1370,501
94.032,94.032,NoButton,Drag,1370,501
94.036,94.036,NoButton,Drag,1370,501
94.04,94.04,NoButton,Drag,1371,500
94.044,94.044,NoButton,Drag,1371,500
94.048,94.048,NoButton,Drag,1371,500
94.052,94.052,NoButton,Drag,1371,499
94.056,94.056,NoButton,Drag,1372,499
94.06,94.06,NoButton,Drag,1372,499
94.064,94.064,NoButton,Drag,1372,499
94.068,94.068,NoButton,Drag,1372,498
94.072,94.072,NoButton,Drag,1372,498
94.084,94.084,NoButton,Drag,1372,498
94.086,94.086,NoButton,Drag,1372,498
94.162,94.162,NoButton,Drag,1372,498
94.167,94.167,Left,Released,1372,498
94.168,94.168,NoButton,Drag,1372,498
94.174,94.174,NoButton,Drag,1371,498
94.19,94.19,NoButton,Drag,1368,499
94.208,94.208,NoButton,Drag,1356,504
94.224,94.224,NoButton,Drag,1336,514
94.241,94.241,NoButton,Drag,1296,529
94.257,94.257,NoButton,Drag,1245,548
94.274,94.274,NoButton,Drag,1170,575
94.291,94.291,NoButton,Drag,1109,592
94.308,94.308,NoButton,Drag,1045,602
94.325,94.325,NoButton,Drag,985,605
94.342,94.342,NoButton,Drag,918,605
94.358,94.358,NoButton,Drag,827,605
94.375,94.375,NoButton,Drag,753,602
94.392,94.392,NoButton,Drag,682,597
94.409,94.409,NoButton,Drag,608,591
94.426,94.426,NoButton,Drag,538,584
94.442,94.442,NoButton,Drag,462,574
94.459,94.459,NoButton,Drag,412,566
94.476,94.476,NoButton,Drag,376,559
94.492,94.492,NoButton,Drag,350,553
94.509,94.509,NoButton,Drag,331,548
94.526,94.526,NoButton,Drag,316,545
94.543,94.543,NoButton,Drag,305,542
94.559,94.559,NoButton,Drag,302,541
94.577,94.577,NoButton,Drag,302,541
94.66,94.66,NoButton,Drag,302,541
94.666,94.666,NoButton,Drag,302,541
94.676,94.676,NoButton,Drag,301,541
94.693,94.693,NoButton,Drag,298,542
94.711,94.711,NoButton,Drag,294,543
94.727,94.727,NoButton,Drag,288,545
94.744,94.744,NoButton,Drag,278,548
94.76,94.76,NoButton,Drag,264,552
94.778,94.778,NoButton,Drag,250,556
94.794,94.794,NoButton,Drag,236,559
94.811,94.811,NoButton,Drag,225,562
94.828,94.828,NoButton,Drag,215,565
94.844,94.844,NoButton,Drag,206,568
94.862,94.862,NoButton,Drag,200,570
94.878,94.878,NoButton,Drag,197,572
94.894,94.894,NoButton,Drag,196,573
94.911,94.911,NoButton,Drag,195,574
94.928,94.928,NoButton,Drag,194,574
94.944,94.944,NoButton,Drag,193,575
94.961,94.961,NoButton,Drag,191,576
94.978,94.978,NoButton,Drag,190,577
94.995,94.995,NoButton,Drag,188,578
95.011,95.011,NoButton,Drag,186,580
95.028,95.028,NoButton,Drag,183,581
95.045,95.045,NoButton,Drag,181,583
95.062,95.062,NoButton,Drag,177,584
95.079,95.079,NoButton,Drag,173,586
95.095,95.095,NoButton,Drag,169,589
95.112,95.112,NoButton,Drag,163,592
95.129,95.129,NoButton,Drag,157,595
95.146,95.146,NoButton,Drag,151,598
95.163,95.163,NoButton,Drag,147,601
95.179,95.179,NoButton,Drag,145,602
95.226,95.226,NoButton,Drag,145,602
95.25,95.25,NoButton,Drag,145,602
95.343,95.343,Left,Pressed,145,602
95.358,95.358,NoButton,Drag,145,602
95.362,95.362,NoButton,Drag,145,602
95.366,95.366,NoButton,Drag,145,602
95.37,95.37,NoButton,Drag,146,602
95.375,95.375,NoButton,Drag,146,603
95.378,95.378,NoButton,Drag,146,603
95.382,95.382,NoButton,Drag,147,603
95.402,95.402,NoButton,Drag,147,603
95.447,95.447,NoButton,Drag,147,603
95.458,95.458,NoButton,Drag,148,603
95.462,95.462,NoButton,Drag,148,603
95.466,95.466,NoButton,Drag,148,604
95.47,95.47,NoButton,Drag,149,604
95.474,95.474,NoButton,Drag,149,604
95.478,95.478,NoButton,Drag,150,604
95.482,95.482,NoButton,Drag,151,604
95.486,95.486,NoButton,Drag,151,604
95.49,95.49,NoButton,Drag,152,604
95.494,95.494,NoButton,Drag,153,604
95.498,95.498,NoButton,Drag,155,604
95.502,95.502,NoButton,Drag,157,604
95.506,95.506,NoButton,Drag,159,604
95.51,95.51,NoButton,Drag,162,603
95.514,95.514,NoButton,Drag,166,602
95.518,95.518,NoButton,Drag,169,601
95.522,95.522,NoButton,Drag,173,600
95.527,95.527,NoButton,Drag,178,600
95.53,95.53,NoButton,Drag,184,598
95.534,95.534,NoButton,Drag,189,597
95.538,95.538,NoButton,Drag,196,596
95.543,95.543,NoButton,Drag,203,595
95.546,95.546,NoButton,Drag,210,594
95.55,95.55,NoButton,Drag,217,593
95.554,95.554,NoButton,Drag,226,592
95.558,95.558,NoButton,Drag,234,591
95.562,95.562,NoButton,Drag,243,590
95.566,95.566,NoButton,Drag,252,590
95.57,95.57,NoButton,Drag,260,589
95.574,95.574,NoButton,Drag,269,589
95.578,95.578,NoButton,Drag,281,588
95.582,95.582,NoButton,Drag,293,588
95.586,95.586,NoButton,Drag,304,587
95.59,95.59,NoButton,Drag,317,586
95.594,95.594,NoButton,Drag,331,586
95.598,95.598,NoButton,Drag,345,586
95.602,95.602,NoButton,Drag,359,586
95.606,95.606,NoButton,Drag,374,586
95.61,95.61,NoButton,Drag,390,586
95.614,95.614,NoButton,Drag,406,586
95.618,95.618,NoButton,Drag,424,586
95.622,95.622,NoButton,Drag,442,585
95.626,95.626,NoButton,Drag,458,585
95.63,95.63,NoButton,Drag,477,585
95.634,95.634,NoButton,Drag,495,585
95.638,95.638,NoButton,Drag,514,585
95.642,95.642,NoButton,Drag,531,585
95.646,95.646,NoButton,Drag,549,585
95.65,95.65,NoButton,Drag,569,584
95.654,95.654,NoButton,Drag,588,583
95.658,95.658,NoButton,Drag,606,583
95.662,95.662,NoButton,Drag,626,582
95.666,95.666,NoButton,Drag,647,581
95.67,95.67,NoButton,Drag,667,580
95.674,95.674,NoButton,Drag,687,580
95.678,95.678,NoButton,Drag,705,579
95.682,95.682,NoButton,Drag,724,578
95.686,95.686,NoButton,Drag,742,577
95.69,95.69,NoButton,Drag,758,577
95.694,95.694,NoButton,Drag,773,575
95.698,95.698,NoButton,Drag,788,575
95.702,95.702,NoButton,Drag,803,574
95.706,95.706,NoButton,Drag,817,573
95.71,95.71,NoButton,Drag,829,571
95.714,95.714,NoButton,Drag,842,569
95.718,95.718,NoButton,Drag,855,567
95.722,95.722,NoButton,Drag,866,566
95.727,95.727,NoButton,Drag,878,564
95.73,95.73,NoButton,Drag,890,563
95.734,95.734,NoButton,Drag,901,561
95.738,95.738,NoButton,Drag,913,559
95.742,95.742,NoButton,Drag,926,558
95.746,95.746,NoButton,Drag,939,556
95.75,95.75,NoButton,Drag,951,554
95.754,95.754,NoButton,Drag,963,553
95.758,95.758,NoButton,Drag,975,551
95.762,95.762,NoButton,Drag,985,549
95.766,95.766,NoButton,Drag,996,547
95.77,95.77,NoButton,Drag,1006,546
95.774,95.774,NoButton,Drag,1016,544
95.778,95.778,NoButton,Drag,1024,543
95.782,95.782,NoButton,Drag,1032,541
95.786,95.786,NoButton,Drag,1039,539
95.79,95.79,NoButton,Drag,1045,538
95.794,95.794,NoButton,Drag,1050,537
95.798,95.798,NoButton,Drag,1054,535
95.802,95.802,NoButton,Drag,1058,535
95.806,95.806,NoButton,Drag,1062,534
95.808,95.808,NoButton,Drag,1065,533
95.812,95.812,NoButton,Drag,1067,532
95.816,95.816,NoButton,Drag,1070,531
95.82,95.82,NoButton,Drag,1072,531
95.824,95.824,NoButton,Drag,1073,531
95.828,95.828,NoButton,Drag,1075,530
95.832,95.832,NoButton,Drag,1075,530
95.836,95.836,NoButton,Drag,1076,529
95.84,95.84,NoButton,Drag,1077,529
95.844,95.844,NoButton,Drag,1078,529
95.848,95.848,NoButton,Drag,1078,528
95.852,95.852,NoButton,Drag,1079,528
95.856,95.856,NoButton,Drag,1079,527
95.86,95.86,NoButton,Drag,1080,527
95.864,95.864,NoButton,Drag,1081,527
95.868,95.868,NoButton,Drag,1081,526
95.872,95.872,NoButton,Drag,1082,526
95.876,95.876,NoButton,Drag,1083,525
95.88,95.88,NoButton,Drag,1084,525
95.884,95.884,NoButton,Drag,1085,524
95.888,95.888,NoButton,Drag,1086,523
95.892,95.892,NoButton,Drag,1088,522
95.896,95.896,NoButton,Drag,1089,521
95.9,95.9,NoButton,Drag,1090,521
95.904,95.904,NoButton,Drag,1092,520
95.908,95.908,NoButton,Drag,1094,519
95.912,95.912,NoButton,Drag,1096,518
95.916,95.916,NoButton,Drag,1098,517
95.92,95.92,NoButton,Drag,1101,516
95.924,95.924,NoButton,Drag,1104,515
95.928,95.928,NoButton,Drag,1107,514
95.932,95.932,NoButton,Drag,1110,513
95.936,95.936,NoButton,Drag,1113,512
95.94,95.94,NoButton,Drag,1117,510
95.944,95.944,NoButton,Drag,1121,509
95.948,95.948,NoButton,Drag,1125,507
95.952,95.952,NoButton,Drag,1130,506
95.956,95.956,NoButton,Drag,1134,505
95.96,95.96,NoButton,Drag,1138,504
95.964,95.964,NoButton,Drag,1142,502
95.968,95.968,NoButton,Drag,1147,501
95.972,95.972,NoButton,Drag,1152,500
95.976,95.976,NoButton,Drag,1156,498
95.98,95.98,NoButton,Drag,1161,497
95.984,95.984,NoButton,Drag,1166,495
95.988,95.988,NoButton,Drag,1170,493
95.992,95.992,NoButton,Drag,1174,492
95.996,95.996,NoButton,Drag,1179,491
96,96,NoButton,Drag,1182,490
96.004,96.004,NoButton,Drag,1187,488
96.008,96.008,NoButton,Drag,1191,487
96.012,96.012,NoButton,Drag,1195,486
96.016,96.016,NoButton,Drag,1199,485
96.02,96.02,NoButton,Drag,1203,483
96.024,96.024,NoButton,Drag,1207,482
96.028,96.028,NoButton,Drag,1211,481
96.032,96.032,NoButton,Drag,1216,480
96.036,96.036,NoButton,Drag,1219,479
96.04,96.04,NoButton,Drag,1223,477
96.044,96.044,NoButton,Drag,1228,477
96.048,96.048,NoButton,Drag,1232,475
96.052,96.052,NoButton,Drag,1236,474
96.056,96.056,NoButton,Drag,1240,473
96.06,96.06,NoButton,Drag,1244,471
96.064,96.064,NoButton,Drag,1248,471
96.068,96.068,NoButton,Drag,1252,470
96.072,96.072,NoButton,Drag,1255,469
96.076,96.076,NoButton,Drag,1258,468
96.08,96.08,NoButton,Drag,1262,467
96.084,96.084,NoButton,Drag,1264,466
96.088,96.088,NoButton,Drag,1267,466
96.092,96.092,NoButton,Drag,1269,465
96.096,96.096,NoButton,Drag,1270,464
96.1,96.1,NoButton,Drag,1272,463
96.104,96.104,NoButton,Drag,1273,463
96.108,96.108,NoButton,Drag,1275,462
96.112,96.112,NoButton,Drag,1275,461
96.116,96.116,NoButton,Drag,1276,461
96.12,96.12,NoButton,Drag,1277,460
96.128,96.128,NoButton,Drag,1277,460
96.325,96.325,Left,Released,1277,460
96.348,96.348,NoButton,Drag,1277,460
96.364,96.364,NoButton,Drag,1277,460
96.38,96.38,NoButton,Drag,1276,461
96.397,96.397,NoButton,Drag,1272,464
96.413,96.413,NoButton,Drag,1259,471
96.43,96.43,NoButton,Drag,1232,484
96.447,96.447,NoButton,Drag,1177,506
96.463,96.463,NoButton,Drag,1123,528
96.48,96.48,NoButton,Drag,1064,551
96.497,96.497,NoButton,Drag,1002,570
96.514,96.514,NoButton,Drag,937,583
96.531,96.531,NoButton,Drag,845,585
96.547,96.547,NoButton,Drag,769,585
96.564,96.564,NoButton,Drag,698,583
96.581,96.581,NoButton,Drag,636,574
96.598,96.598,NoButton,Drag,577,560
96.614,96.614,NoButton,Drag,522,546
96.631,96.631,NoButton,Drag,452,526
96.648,96.648,NoButton,Drag,402,509
96.666,96.666,NoButton,Drag,363,497
96.682,96.682,NoButton,Drag,339,489
96.699,96.699,NoButton,Drag,322,482
96.715,96.715,NoButton,Drag,318,479
96.732,96.732,NoButton,Drag,318,479
96.749,96.749,NoButton,Drag,317,479
96.767,96.767,NoButton,Drag,317,479
96.957,96.957,NoButton,Drag,317,479
96.96,96.96,NoButton,Drag,317,479
96.967,96.967,NoButton,Drag,317,480
96.984,96.984,NoButton,Drag,317,482
97.001,97.001,NoButton,Drag,315,486
97.017,97.017,NoButton,Drag,313,490
97.034,97.034,NoButton,Drag,311,492
97.052,97.052,NoButton,Drag,310,495
97.068,97.068,NoButton,Drag,309,497
97.085,97.085,NoButton,Drag,307,499
97.101,97.101,NoButton,Drag,307,501
97.118,97.118,NoButton,Drag,306,502
97.135,97.135,NoButton,Drag,306,503
97.297,97.297,Left,Pressed,306,503
97.302,97.302,NoButton,Drag,306,503
97.421,97.421,NoButton,Drag,306,503
97.424,97.424,NoButton,Drag,306,503
97.428,97.428,NoButton,Drag,306,504
97.432,97.432,NoButton,Drag,306,504
97.436,97.436,NoButton,Drag,307,504
97.44,97.44,NoButton,Drag,308,504
97.444,97.444,NoButton,Drag,309,505
97.448,97.448,NoButton,Drag,310,505
97.452,97.452,NoButton,Drag,311,505
97.457,97.457,NoButton,Drag,313,506
97.46,97.46,NoButton,Drag,315,506
97.464,97.464,NoButton,Drag,317,507
97.469,97.469,NoButton,Drag,320,507
97.473,97.473,NoButton,Drag,322,508
97.476,97.476,NoButton,Drag,326,509
97.48,97.48,NoButton,Drag,329,510
97.484,97.484,NoButton,Drag,332,511
97.488,97.488,NoButton,Drag,337,512
97.492,97.492,NoButton,Drag,341,513
97.496,97.496,NoButton,Drag,345,514
97.5,97.5,NoButton,Drag,351,515
97.504,97.504,NoButton,Drag,356,517
97.508,97.508,NoButton,Drag,362,519
97.512,97.512,NoButton,Drag,368,521
97.516,97.516,NoButton,Drag,374,522
97.52,97.52,NoButton,Drag,381,524
97.524,97.524,NoButton,Drag,387,526
97.528,97.528,NoButton,Drag,394,528
97.532,97.532,NoButton,Drag,402,531
97.536,97.536,NoButton,Drag,412,534
97.538,97.538,NoButton,Drag,422,537
97.542,97.542,NoButton,Drag,432,540
97.546,97.546,NoButton,Drag,443,544
97.55,97.55,NoButton,Drag,456,549
97.554,97.554,NoButton,Drag,469,553
97.558,97.558,NoButton,Drag,482,557
97.562,97.562,NoButton,Drag,495,562
97.566,97.566,NoButton,Drag,509,567
97.57,97.57,NoButton,Drag,523,572
97.574,97.574,NoButton,Drag,537,577
97.578,97.578,NoButton,Drag,550,582
97.582,97.582,NoButton,Drag,562,585
97.586,97.586,NoButton,Drag,576,590
97.59,97.59,NoButton,Drag,589,595
97.594,97.594,NoButton,Drag,602,599
97.598,97.598,NoButton,Drag,615,604
97.602,97.602,NoButton,Drag,628,608
97.607,97.607,NoButton,Drag,640,613
97.61,97.61,NoButton,Drag,654,618
97.614,97.614,NoButton,Drag,666,622
97.618,97.618,NoButton,Drag,680,627
97.623,97.623,NoButton,Drag,693,631
97.626,97.626,NoButton,Drag,706,636
97.63,97.63,NoButton,Drag,719,641
97.634,97.634,NoButton,Drag,732,646
97.638,97.638,NoButton,Drag,746,650
97.642,97.642,NoButton,Drag,759,655
97.646,97.646,NoButton,Drag,775,660
97.65,97.65,NoButton,Drag,788,664
97.654,97.654,NoButton,Drag,801,670
97.658,97.658,NoButton,Drag,815,674
97.662,97.662,NoButton,Drag,829,679
97.666,97.666,NoButton,Drag,843,684
97.67,97.67,NoButton,Drag,855,688
97.674,97.674,NoButton,Drag,868,691
97.678,97.678,NoButton,Drag,880,696
97.682,97.682,NoButton,Drag,893,700
97.686,97.686,NoButton,Drag,905,704
97.69,97.69,NoButton,Drag,918,707
97.694,97.694,NoButton,Drag,932,711
97.698,97.698,NoButton,Drag,945,714
97.702,97.702,NoButton,Drag,957,717
97.706,97.706,NoButton,Drag,970,720
97.71,97.71,NoButton,Drag,982,723
97.714,97.714,NoButton,Drag,993,725
97.718,97.718,NoButton,Drag,1004,727
97.722,97.722,NoButton,Drag,1015,729
97.726,97.726,NoButton,Drag,1026,730
97.73,97.73,NoButton,Drag,1035,732
97.734,97.734,NoButton,Drag,1045,733
97.738,97.738,NoButton,Drag,1054,734
97.742,97.742,NoButton,Drag,1064,735
97.746,97.746,NoButton,Drag,1073,736
97.75,97.75,NoButton,Drag,1080,736
97.754,97.754,NoButton,Drag,1088,737
97.758,97.758,NoButton,Drag,1096,737
97.762,97.762,NoButton,Drag,1102,737
97.766,97.766,NoButton,Drag,1108,737
97.77,97.77,NoButton,Drag,1115,737
97.774,97.774,NoButton,Drag,1121,737
97.778,97.778,NoButton,Drag,1127,737
97.782,97.782,NoButton,Drag,1133,737
97.786,97.786,NoButton,Drag,1140,737
97.79,97.79,NoButton,Drag,1146,737
97.794,97.794,NoButton,Drag,1152,737
97.798,97.798,NoButton,Drag,1158,737
97.802,97.802,NoButton,Drag,1164,737
97.806,97.806,NoButton,Drag,1169,736
97.81,97.81,NoButton,Drag,1174,736
97.814,97.814,NoButton,Drag,1178,736
97.818,97.818,NoButton,Drag,1183,736
97.823,97.823,NoButton,Drag,1188,735
97.826,97.826,NoButton,Drag,1192,735
97.83,97.83,NoButton,Drag,1197,734
97.834,97.834,NoButton,Drag,1201,734
97.838,97.838,NoButton,Drag,1206,733
97.842,97.842,NoButton,Drag,1210,733
97.846,97.846,NoButton,Drag,1214,733
97.85,97.85,NoButton,Drag,1217,732
97.854,97.854,NoButton,Drag,1221,732
97.858,97.858,NoButton,Drag,1225,732
97.862,97.862,NoButton,Drag,1228,732
97.866,97.866,NoButton,Drag,1230,731
97.87,97.87,NoButton,Drag,1233,731
97.874,97.874,NoButton,Drag,1235,731
97.878,97.878,NoButton,Drag,1239,731
97.882,97.882,NoButton,Drag,1242,731
97.886,97.886,NoButton,Drag,1244,731
97.89,97.89,NoButton,Drag,1247,731
97.894,97.894,NoButton,Drag,1249,731
97.898,97.898,NoButton,Drag,1252,731
97.902,97.902,NoButton,Drag,1254,731
97.906,97.906,NoButton,Drag,1257,731
97.91,97.91,NoButton,Drag,1259,730
97.914,97.914,NoButton,Drag,1261,730
97.918,97.918,NoButton,Drag,1263,730
97.923,97.923,NoButton,Drag,1265,729
97.926,97.926,NoButton,Drag,1267,729
97.93,97.93,NoButton,Drag,1269,729
97.934,97.934,NoButton,Drag,1270,729
97.938,97.938,NoButton,Drag,1272,729
97.942,97.942,NoButton,Drag,1273,728
97.946,97.946,NoButton,Drag,1275,728
97.95,97.95,NoButton,Drag,1276,728
97.954,97.954,NoButton,Drag,1277,727
97.958,97.958,NoButton,Drag,1278,727
97.962,97.962,NoButton,Drag,1280,727
97.966,97.966,NoButton,Drag,1281,727
97.97,97.97,NoButton,Drag,1281,727
97.974,97.974,NoButton,Drag,1282,726
97.978,97.978,NoButton,Drag,1283,726
97.982,97.982,NoButton,Drag,1284,726
97.986,97.986,NoButton,Drag,1285,725
97.99,97.99,NoButton,Drag,1285,725
97.994,97.994,NoButton,Drag,1286,725
97.998,97.998,NoButton,Drag,1286,724
98.002,98.002,NoButton,Drag,1287,724
98.006,98.006,NoButton,Drag,1287,724
98.01,98.01,NoButton,Drag,1288,724
98.014,98.014,NoButton,Drag,1289,723
98.018,98.018,NoButton,Drag,1289,723
98.022,98.022,NoButton,Drag,1290,722
98.026,98.026,NoButton,Drag,1291,722
98.03,98.03,NoButton,Drag,1292,721
98.034,98.034,NoButton,Drag,1294,721
98.038,98.038,NoButton,Drag,1295,720
98.042,98.042,NoButton,Drag,1297,720
98.046,98.046,NoButton,Drag,1299,719
98.05,98.05,NoButton,Drag,1300,719
98.054,98.054,NoButton,Drag,1302,718
98.058,98.058,NoButton,Drag,1304,718
98.062,98.062,NoButton,Drag,1306,717
98.066,98.066,NoButton,Drag,1309,716
98.07,98.07,NoButton,Drag,1311,716
98.074,98.074,NoButton,Drag,1313,715
98.078,98.078,NoButton,Drag,1314,714
98.082,98.082,NoButton,Drag,1316,714
98.086,98.086,NoButton,Drag,1318,713
98.09,98.09,NoButton,Drag,1320,712
98.094,98.094,NoButton,Drag,1321,711
98.098,98.098,NoButton,Drag,1322,711
98.102,98.102,NoButton,Drag,1324,710
98.106,98.106,NoButton,Drag,1325,709
98.108,98.108,NoButton,Drag,1326,709
98.112,98.112,NoButton,Drag,1327,708
98.116,98.116,NoButton,Drag,1328,708
98.123,98.123,NoButton,Drag,1328,707
98.124,98.124,NoButton,Drag,1329,707
98.128,98.128,NoButton,Drag,1329,707
98.136,98.136,NoButton,Drag,1329,706
98.18,98.18,NoButton,Drag,1329,706
98.189,98.189,Left,Released,1329,706
98.19,98.19,NoButton,Drag,1329,705
98.192,98.192,NoButton,Drag,1329,705
98.208,98.208,NoButton,Drag,1328,704
98.225,98.225,NoButton,Drag,1326,704
98.242,98.242,NoButton,Drag,1320,706
98.259,98.259,NoButton,Drag,1311,712
98.275,98.275,NoButton,Drag,1296,721
98.292,98.292,NoButton,Drag,1279,733
98.309,98.309,NoButton,Drag,1250,749
98.325,98.325,NoButton,Drag,1220,761
98.342,98.342,NoButton,Drag,1179,774
98.359,98.359,NoButton,Drag,1128,788
98.377,98.377,NoButton,Drag,1058,798
98.392,98.392,NoButton,Drag,1002,800
98.409,98.409,NoButton,Drag,935,800
98.426,98.426,NoButton,Drag,864,800
98.443,98.443,NoButton,Drag,787,799
98.459,98.459,NoButton,Drag,716,794
98.476,98.476,NoButton,Drag,654,785
98.493,98.493,NoButton,Drag,587,772
98.51,98.51,NoButton,Drag,537,762
98.526,98.526,NoButton,Drag,493,751
98.543,98.543,NoButton,Drag,459,743
98.559,98.559,NoButton,Drag,438,738
98.576,98.576,NoButton,Drag,424,733
98.593,98.593,NoButton,Drag,419,731
98.61,98.61,NoButton,Drag,416,730
98.626,98.626,NoButton,Drag,412,730
98.644,98.644,NoButton,Drag,410,729
98.66,98.66,NoButton,Drag,408,729
98.775,98.775,NoButton,Drag,408,729
98.938,98.938,NoButton,Drag,408,729
98.942,98.942,NoButton,Drag,409,729
98.946,98.946,NoButton,Drag,409,729
98.961,98.961,NoButton,Drag,411,729
98.978,98.978,NoButton,Drag,415,730
98.995,98.995,NoButton,Drag,421,732
99.011,99.011,NoButton,Drag,427,733
99.028,99.028,NoButton,Drag,433,736
99.045,99.045,NoButton,Drag,438,739
99.062,99.062,NoButton,Drag,442,742
99.078,99.078,NoButton,Drag,445,745
99.095,99.095,NoButton,Drag,447,747
99.112,99.112,NoButton,Drag,448,748
99.128,99.128,NoButton,Drag,449,749
99.145,99.145,NoButton,Drag,449,749
99.161,99.161,NoButton,Drag,449,750
99.178,99.178,NoButton,Drag,449,751
99.194,99.194,NoButton,Drag,449,752
99.211,99.211,NoButton,Drag,449,753
99.228,99.228,NoButton,Drag,448,754
99.244,99.244,NoButton,Drag,448,756
99.261,99.261,NoButton,Drag,448,758
99.278,99.278,NoButton,Drag,448,759
99.295,99.295,NoButton,Drag,448,760
99.311,99.311,NoButton,Drag,448,762
99.328,99.328,NoButton,Drag,448,764
99.346,99.346,NoButton,Drag,448,764
99.363,99.363,NoButton,Drag,448,765
99.379,99.379,NoButton,Drag,448,765
99.393,99.393,NoButton,Drag,448,766
99.396,99.396,Left,Pressed,448,766
99.4,99.4,NoButton,Drag,448,766
99.448,99.448,NoButton,Drag,448,766
99.46,99.46,NoButton,Drag,449,766
99.549,99.549,NoButton,Drag,449,766
99.552,99.552,NoButton,Drag,449,766
99.556,99.556,NoButton,Drag,449,766
99.56,99.56,NoButton,Drag,450,766
99.564,99.564,NoButton,Drag,450,766
99.568,99.568,NoButton,Drag,451,765
99.572,99.572,NoButton,Drag,452,765
99.576,99.576,NoButton,Drag,453,765
99.58,99.58,NoButton,Drag,454,764
99.584,99.584,NoButton,Drag,456,764
99.588,99.588,NoButton,Drag,457,764
99.592,99.592,NoButton,Drag,459,763
99.596,99.596,NoButton,Drag,461,762
99.601,99.601,NoButton,Drag,462,762
99.604,99.604,NoButton,Drag,464,761
99.608,99.608,NoButton,Drag,466,760
99.612,99.612,NoButton,Drag,469,759
99.617,99.617,NoButton,Drag,471,759
99.62,99.62,NoButton,Drag,474,758
99.624,99.624,NoButton,Drag,478,757
99.628,99.628,NoButton,Drag,482,755
99.632,99.632,NoButton,Drag,487,754
99.636,99.636,NoButton,Drag,492,753
99.64,99.64,NoButton,Drag,496,752
99.644,99.644,NoButton,Drag,500,751
99.648,99.648,NoButton,Drag,506,750
99.652,99.652,NoButton,Drag,511,748
99.656,99.656,NoButton,Drag,517,747
99.66,99.66,NoButton,Drag,523,745
99.664,99.664,NoButton,Drag,529,744
99.668,99.668,NoButton,Drag,536,742
99.672,99.672,NoButton,Drag,542,741
99.676,99.676,NoButton,Drag,548,739
99.68,99.68,NoButton,Drag,555,738
99.684,99.684,NoButton,Drag,561,737
99.688,99.688,NoButton,Drag,567,735
99.692,99.692,NoButton,Drag,575,733
99.696,99.696,NoButton,Drag,582,732
99.701,99.701,NoButton,Drag,590,730
99.704,99.704,NoButton,Drag,597,729
99.708,99.708,NoButton,Drag,604,727
99.712,99.712,NoButton,Drag,612,726
99.716,99.716,NoButton,Drag,619,724
99.72,99.72,NoButton,Drag,626,722
99.724,99.724,NoButton,Drag,634,721
99.728,99.728,NoButton,Drag,640,719
99.732,99.732,NoButton,Drag,646,717
99.736,99.736,NoButton,Drag,653,716
99.74,99.74,NoButton,Drag,661,714
99.744,99.744,NoButton,Drag,668,712
99.748,99.748,NoButton,Drag,675,710
99.752,99.752,NoButton,Drag,681,709
99.756,99.756,NoButton,Drag,688,707
99.76,99.76,NoButton,Drag,694,705
99.764,99.764,NoButton,Drag,701,703
99.768,99.768,NoButton,Drag,708,702
99.772,99.772,NoButton,Drag,714,700
99.776,99.776,NoButton,Drag,721,699
99.78,99.78,NoButton,Drag,728,697
99.784,99.784,NoButton,Drag,734,696
99.788,99.788,NoButton,Drag,740,694
99.792,99.792,NoButton,Drag,747,692
99.796,99.796,NoButton,Drag,752,690
99.801,99.801,NoButton,Drag,759,689
99.804,99.804,NoButton,Drag,765,687
99.808,99.808,NoButton,Drag,772,686
99.812,99.812,NoButton,Drag,776,684
99.816,99.816,NoButton,Drag,782,683
99.82,99.82,NoButton,Drag,787,681
99.824,99.824,NoButton,Drag,791,680
99.828,99.828,NoButton,Drag,796,679
99.83,99.83,NoButton,Drag,801,678
99.834,99.834,NoButton,Drag,805,677
99.838,99.838,NoButton,Drag,809,676
99.842,99.842,NoButton,Drag,814,674
99.846,99.846,NoButton,Drag,818,673
99.851,99.851,NoButton,Drag,823,672
99.854,99.854,NoButton,Drag,827,671
99.858,99.858,NoButton,Drag,831,670
99.862,99.862,NoButton,Drag,836,668
99.866,99.866,NoButton,Drag,840,667
99.87,99.87,NoButton,Drag,844,666
99.874,99.874,NoButton,Drag,848,664
99.878,99.878,NoButton,Drag,852,663
99.882,99.882,NoButton,Drag,856,662
99.886,99.886,NoButton,Drag,861,660
99.89,99.89,NoButton,Drag,865,658
99.894,99.894,NoButton,Drag,870,656
99.898,99.898,NoButton,Drag,875,653
99.902,99.902,NoButton,Drag,879,651
99.906,99.906,NoButton,Drag,884,649
99.91,99.91,NoButton,Drag,890,646
99.914,99.914,NoButton,Drag,895,643
99.918,99.918,NoButton,Drag,901,640
99.922,99.922,NoButton,Drag,907,637
99.926,99.926,NoButton,Drag,913,633
99.93,99.93,NoButton,Drag,920,629
99.934,99.934,NoButton,Drag,926,625
99.94,99.94,NoButton,Drag,933,621
99.942,99.942,NoButton,Drag,941,616
99.946,99.946,NoButton,Drag,948,611
99.951,99.951,NoButton,Drag,956,606
99.956,99.956,NoButton,Drag,964,601
99.958,99.958,NoButton,Drag,974,595
99.962,99.962,NoButton,Drag,982,590
99.966,99.966,NoButton,Drag,992,584
99.97,99.97,NoButton,Drag,1002,579
99.974,99.974,NoButton,Drag,1012,573
99.978,99.978,NoButton,Drag,1021,567
99.982,99.982,NoButton,Drag,1032,561
99.986,99.986,NoButton,Drag,1042,554
99.99,99.99,NoButton,Drag,1053,548
99.994,99.994,NoButton,Drag,1064,540
99.998,99.998,NoButton,Drag,1076,532
100.002,100.002,NoButton,Drag,1086,525
100.006,100.006,NoButton,Drag,1097,517
100.01,100.01,NoButton,Drag,1108,510
100.014,100.014,NoButton,Drag,1119,502
100.018,100.018,NoButton,Drag,1129,495
100.022,100.022,NoButton,Drag,1139,488
100.026,100.026,NoButton,Drag,1149,480
100.03,100.03,NoButton,Drag,1157,473
100.034,100.034,NoButton,Drag,1166,466
100.038,100.038,NoButton,Drag,1174,458
100.042,100.042,NoButton,Drag,1182,450
100.046,100.046,NoButton,Drag,1189,443
100.051,100.051,NoButton,Drag,1197,436
100.054,100.054,NoButton,Drag,1203,430
100.058,100.058,NoButton,Drag,1209,424
100.062,100.062,NoButton,Drag,1215,417
100.066,100.066,NoButton,Drag,1221,411
100.07,100.07,NoButton,Drag,1226,406
100.074,100.074,NoButton,Drag,1230,402
100.078,100.078,NoButton,Drag,1233,398
100.082,100.082,NoButton,Drag,1236,393
100.086,100.086,NoButton,Drag,1239,389
100.09,100.09,NoButton,Drag,1241,385
100.094,100.094,NoButton,Drag,1243,381
100.098,100.098,NoButton,Drag,1245,377
100.102,100.102,NoButton,Drag,1246,373
100.106,100.106,NoButton,Drag,1247,370
100.11,100.11,NoButton,Drag,1248,365
100.114,100.114,NoButton,Drag,1249,362
100.118,100.118,NoButton,Drag,1250,359
100.122,100.122,NoButton,Drag,1251,355
100.126,100.126,NoButton,Drag,1252,351
100.13,100.13,NoButton,Drag,1252,347
100.134,100.134,NoButton,Drag,1252,343
100.138,100.138,NoButton,Drag,1252,340
100.142,100.142,NoButton,Drag,1252,336
100.146,100.146,NoButton,Drag,1252,333
100.151,100.151,NoButton,Drag,1252,329
100.154,100.154,NoButton,Drag,1252,326
100.158,100.158,NoButton,Drag,1252,322
100.162,100.162,NoButton,Drag,1251,319
100.166,100.166,NoButton,Drag,1251,316
100.17,100.17,NoButton,Drag,1250,313
100.174,100.174,NoButton,Drag,1249,310
100.178,100.178,NoButton,Drag,1249,307
100.182,100.182,NoButton,Drag,1248,304
100.186,100.186,NoButton,Drag,1247,302
100.19,100.19,NoButton,Drag,1246,298
100.194,100.194,NoButton,Drag,1246,296
100.198,100.198,NoButton,Drag,1245,294
100.202,100.202,NoButton,Drag,1245,292
100.206,100.206,NoButton,Drag,1244,290
100.21,100.21,NoButton,Drag,1244,288
100.214,100.214,NoButton,Drag,1243,287
100.218,100.218,NoButton,Drag,1243,286
100.222,100.222,NoButton,Drag,1243,285
100.226,100.226,NoButton,Drag,1242,285
100.23,100.23,NoButton,Drag,1242,284
100.234,100.234,NoButton,Drag,1242,283
100.238,100.238,NoButton,Drag,1242,283
100.242,100.242,NoButton,Drag,1242,283
100.246,100.246,NoButton,Drag,1242,282
100.251,100.251,NoButton,Drag,1242,282
100.35,100.35,NoButton,Drag,1242,282
100.354,100.354,NoButton,Drag,1242,282
100.358,100.358,NoButton,Drag,1242,281
100.362,100.362,NoButton,Drag,1242,281
100.366,100.366,NoButton,Drag,1242,281
100.37,100.37,NoButton,Drag,1242,281
100.374,100.374,NoButton,Drag,1242,280
100.378,100.378,NoButton,Drag,1242,280
100.382,100.382,NoButton,Drag,1242,279
100.386,100.386,NoButton,Drag,1243,279
100.39,100.39,NoButton,Drag,1243,278
100.394,100.394,NoButton,Drag,1243,278
100.398,100.398,NoButton,Drag,1243,277
100.403,100.403,NoButton,Drag,1244,276
100.406,100.406,NoButton,Drag,1244,276
100.408,100.408,NoButton,Drag,1245,275
100.412,100.412,NoButton,Drag,1245,273
100.416,100.416,NoButton,Drag,1246,272
100.42,100.42,NoButton,Drag,1247,271
100.424,100.424,NoButton,Drag,1248,270
100.428,100.428,NoButton,Drag,1248,268
100.432,100.432,NoButton,Drag,1249,266
100.436,100.436,NoButton,Drag,1250,265
100.44,100.44,NoButton,Drag,1251,263
100.444,100.444,NoButton,Drag,1253,261
100.45,100.45,NoButton,Drag,1254,259
100.453,100.453,NoButton,Drag,1254,258
100.456,100.456,NoButton,Drag,1256,256
100.46,100.46,NoButton,Drag,1256,254
100.464,100.464,NoButton,Drag,1257,252
100.468,100.468,NoButton,Drag,1258,250
100.472,100.472,NoButton,Drag,1259,249
100.476,100.476,NoButton,Drag,1259,247
100.48,100.48,NoButton,Drag,1260,246
100.484,100.484,NoButton,Drag,1260,245
100.488,100.488,NoButton,Drag,1261,244
100.492,100.492,NoButton,Drag,1261,242
100.496,100.496,NoButton,Drag,1261,242
100.5,100.5,NoButton,Drag,1262,241
100.504,100.504,NoButton,Drag,1262,240
100.508,100.508,NoButton,Drag,1262,239
100.512,100.512,NoButton,Drag,1262,238
100.516,100.516,NoButton,Drag,1262,238
100.52,100.52,NoButton,Drag,1262,237
100.524,100.524,NoButton,Drag,1262,236
100.528,100.528,NoButton,Drag,1262,236
100.532,100.532,NoButton,Drag,1262,235
100.536,100.536,NoButton,Drag,1262,234
100.54,100.54,NoButton,Drag,1262,234
100.544,100.544,NoButton,Drag,1262,233
100.548,100.548,NoButton,Drag,1262,233
100.553,100.553,NoButton,Drag,1262,233
100.556,100.556,NoButton,Drag,1262,232
100.56,100.56,NoButton,Drag,1262,232
100.564,100.564,NoButton,Drag,1262,231
100.568,100.568,NoButton,Drag,1262,231
100.572,100.572,NoButton,Drag,1262,231
100.576,100.576,NoButton,Drag,1262,230
100.58,100.58,NoButton,Drag,1262,230
100.588,100.588,NoButton,Drag,1262,230
100.596,100.596,NoButton,Drag,1262,229
100.6,100.6,NoButton,Drag,1262,229
100.673,100.673,NoButton,Drag,1262,229
100.717,100.717,Left,Released,1262,229
100.749,100.749,NoButton,Drag,1262,229
100.752,100.752,NoButton,Drag,1263,229
100.761,100.761,NoButton,Drag,1263,229
100.772,100.772,NoButton,Drag,1263,229
100.788,100.788,NoButton,Drag,1265,236
100.805,100.805,NoButton,Drag,1271,258
100.822,100.822,NoButton,Drag,1278,288
100.838,100.838,NoButton,Drag,1290,330
100.855,100.855,NoButton,Drag,1307,381
100.873,100.873,NoButton,Drag,1329,445
100.888,100.888,NoButton,Drag,1343,482
100.905,100.905,NoButton,Drag,1365,536
100.922,100.922,NoButton,Drag,1384,566
100.939,100.939,NoButton,Drag,1403,590
100.956,100.956,NoButton,Drag,1417,606
100.973,100.973,NoButton,Drag,1434,623
100.989,100.989,NoButton,Drag,1439,633
101.006,101.006,NoButton,Drag,1439,641
101.023,101.023,NoButton,Drag,1439,649
101.039,101.039,NoButton,Drag,1439,657
101.056,101.056,NoButton,Drag,1439,664
101.072,101.072,NoButton,Drag,1439,668
101.09,101.09,NoButton,Drag,1439,671
101.106,101.106,NoButton,Drag,1439,673
101.123,101.123,NoButton,Drag,1438,675
101.139,101.139,NoButton,Drag,1438,677
101.157,101.157,NoButton,Drag,1437,679
101.174,101.174,NoButton,Drag,1437,683
101.191,101.191,NoButton,Drag,1435,688
101.208,101.208,NoButton,Drag,1433,691
101.224,101.224,NoButton,Drag,1431,696
101.241,101.241,NoButton,Drag,1430,699
101.257,101.257,NoButton,Drag,1429,702
101.275,101.275,NoButton,Drag,1429,702
101.327,101.327,NoButton,Drag,1429,702
101.334,101.334,NoButton,Drag,1429,702
101.342,101.342,NoButton,Drag,1429,702
101.358,101.358,NoButton,Drag,1427,700
101.375,101.375,NoButton,Drag,1425,698
101.392,101.392,NoButton,Drag,1424,696
101.408,101.408,NoButton,Drag,1421,693
101.425,101.425,NoButton,Drag,1417,691
101.442,101.442,NoButton,Drag,1414,690
101.459,101.459,NoButton,Drag,1413,690
101.475,101.475,NoButton,Drag,1412,690
101.492,101.492,NoButton,Drag,1411,690
101.509,101.509,NoButton,Drag,1410,691
101.525,101.525,NoButton,Drag,1408,692
101.542,101.542,NoButton,Drag,1407,695
101.559,101.559,NoButton,Drag,1404,698
101.575,101.575,NoButton,Drag,1401,701
101.577,101.577,Left,Pressed,1401,701
101.578,101.578,NoButton,Drag,1401,702
101.58,101.58,NoButton,Drag,1400,703
101.584,101.584,NoButton,Drag,1399,704
101.588,101.588,NoButton,Drag,1399,705
101.592,101.592,NoButton,Drag,1398,706
101.596,101.596,NoButton,Drag,1397,707
101.6,101.6,NoButton,Drag,1396,708
101.604,101.604,NoButton,Drag,1394,709
101.608,101.608,NoButton,Drag,1393,710
101.612,101.612,NoButton,Drag,1392,711
101.616,101.616,NoButton,Drag,1390,712
101.62,101.62,NoButton,Drag,1388,714
101.624,101.624,NoButton,Drag,1387,715
101.628,101.628,NoButton,Drag,1385,716
101.632,101.632,NoButton,Drag,1383,718
101.636,101.636,NoButton,Drag,1380,719
101.64,101.64,NoButton,Drag,1379,720
101.644,101.644,NoButton,Drag,1377,722
101.648,101.648,NoButton,Drag,1374,723
101.652,101.652,NoButton,Drag,1373,725
101.656,101.656,NoButton,Drag,1371,726
101.66,101.66,NoButton,Drag,1369,727
101.664,101.664,NoButton,Drag,1367,728
101.668,101.668,NoButton,Drag,1366,728
101.672,101.672,NoButton,Drag,1364,729
101.676,101.676,NoButton,Drag,1363,730
101.68,101.68,NoButton,Drag,1362,731
101.684,101.684,NoButton,Drag,1360,731
101.689,101.689,Left,Released,1360,731
101.69,101.69,NoButton,Drag,1359,731
101.692,101.692,NoButton,Drag,1358,732
101.709,101.709,NoButton,Drag,1351,733
101.725,101.725,NoButton,Drag,1344,733
101.742,101.742,NoButton,Drag,1339,733
101.759,101.759,NoButton,Drag,1336,733
101.776,101.776,NoButton,Drag,1336,733
101.8,101.8,NoButton,Drag,1336,733
101.812,101.812,NoButton,Drag,1335,733
101.826,101.826,NoButton,Drag,1335,733
101.844,101.844,NoButton,Drag,1335,732
101.86,101.86,NoButton,Drag,1334,732
101.877,101.877,NoButton,Drag,1334,732
101.893,101.893,NoButton,Drag,1333,731
101.91,101.91,NoButton,Drag,1333,731
101.929,101.929,NoButton,Drag,1332,731
102.009,102.009,Left,Pressed,1332,731
102.057,102.057,NoButton,Drag,1332,730
102.064,102.064,NoButton,Drag,1333,730
102.072,102.072,NoButton,Drag,1333,730
102.076,102.076,NoButton,Drag,1333,730
102.08,102.08,NoButton,Drag,1333,729
102.084,102.084,NoButton,Drag,1333,728
102.089,102.089,NoButton,Drag,1333,728
102.092,102.092,NoButton,Drag,1334,726
102.096,102.096,NoButton,Drag,1334,725
102.1,102.1,NoButton,Drag,1335,723
102.105,102.105,NoButton,Drag,1335,721
102.108,102.108,NoButton,Drag,1336,719
102.112,102.112,NoButton,Drag,1336,716
102.116,102.116,NoButton,Drag,1337,713
102.12,102.12,NoButton,Drag,1338,710
102.124,102.124,NoButton,Drag,1338,707
102.128,102.128,NoButton,Drag,1339,704
102.132,102.132,NoButton,Drag,1340,700
102.136,102.136,NoButton,Drag,1341,696
102.14,102.14,NoButton,Drag,1342,692
102.142,102.142,NoButton,Drag,1343,688
102.146,102.146,NoButton,Drag,1344,684
102.15,102.15,NoButton,Drag,1345,679
102.155,102.155,NoButton,Drag,1346,674
102.158,102.158,NoButton,Drag,1347,669
102.162,102.162,NoButton,Drag,1349,663
102.166,102.166,NoButton,Drag,1350,657
102.17,102.17,NoButton,Drag,1352,652
102.174,102.174,NoButton,Drag,1353,646
102.178,102.178,NoButton,Drag,1354,640
102.182,102.182,NoButton,Drag,1356,634
102.186,102.186,NoButton,Drag,1358,627
102.19,102.19,NoButton,Drag,1360,621
102.194,102.194,NoButton,Drag,1362,613
102.198,102.198,NoButton,Drag,1364,605
102.202,102.202,NoButton,Drag,1366,597
102.206,102.206,NoButton,Drag,1367,589
102.21,102.21,NoButton,Drag,1369,581
102.214,102.214,NoButton,Drag,1371,573
102.218,102.218,NoButton,Drag,1372,565
102.222,102.222,NoButton,Drag,1374,556
102.226,102.226,NoButton,Drag,1375,547
102.23,102.23,NoButton,Drag,1377,539
102.234,102.234,NoButton,Drag,1378,530
102.239,102.239,NoButton,Drag,1379,521
102.242,102.242,NoButton,Drag,1379,512
102.246,102.246,NoButton,Drag,1380,504
102.25,102.25,NoButton,Drag,1380,496
102.255,102.255,NoButton,Drag,1380,488
102.258,102.258,NoButton,Drag,1380,480
102.262,102.262,NoButton,Drag,1380,472
102.266,102.266,NoButton,Drag,1380,464
102.27,102.27,NoButton,Drag,1380,456
102.275,102.275,NoButton,Drag,1380,449
102.278,102.278,NoButton,Drag,1380,442
102.282,102.282,NoButton,Drag,1380,435
102.286,102.286,NoButton,Drag,1380,429
102.29,102.29,NoButton,Drag,1380,422
102.294,102.294,NoButton,Drag,1380,416
102.298,102.298,NoButton,Drag,1379,409
102.302,102.302,NoButton,Drag,1378,404
102.306,102.306,NoButton,Drag,1377,397
102.31,102.31,NoButton,Drag,1376,392
102.314,102.314,NoButton,Drag,1375,385
102.318,102.318,NoButton,Drag,1373,380
102.322,102.322,NoButton,Drag,1372,374
102.326,102.326,NoButton,Drag,1370,368
102.33,102.33,NoButton,Drag,1369,363
102.334,102.334,NoButton,Drag,1368,359
102.338,102.338,NoButton,Drag,1366,354
102.342,102.342,NoButton,Drag,1365,349
102.346,102.346,NoButton,Drag,1364,345
102.35,102.35,NoButton,Drag,1363,341
102.355,102.355,NoButton,Drag,1362,336
102.358,102.358,NoButton,Drag,1361,332
102.362,102.362,NoButton,Drag,1360,328
102.366,102.366,NoButton,Drag,1359,324
102.37,102.37,NoButton,Drag,1358,320
102.374,102.374,NoButton,Drag,1357,317
102.378,102.378,NoButton,Drag,1356,312
102.382,102.382,NoButton,Drag,1355,309
102.386,102.386,NoButton,Drag,1354,306
102.39,102.39,NoButton,Drag,1353,303
102.394,102.394,NoButton,Drag,1352,299
102.398,102.398,NoButton,Drag,1351,296
102.402,102.402,NoButton,Drag,1351,293
102.406,102.406,NoButton,Drag,1350,290
102.41,102.41,NoButton,Drag,1349,286
102.414,102.414,NoButton,Drag,1348,283
102.418,102.418,NoButton,Drag,1347,281
102.422,102.422,NoButton,Drag,1347,278
102.426,102.426,NoButton,Drag,1346,275
102.43,102.43,NoButton,Drag,1345,272
102.434,102.434,NoButton,Drag,1345,270
102.438,102.438,NoButton,Drag,1344,268
102.442,102.442,NoButton,Drag,1343,266
102.446,102.446,NoButton,Drag,1343,264
102.45,102.45,NoButton,Drag,1342,262
102.455,102.455,NoButton,Drag,1342,259
102.458,102.458,NoButton,Drag,1341,258
102.462,102.462,NoButton,Drag,1341,256
102.466,102.466,NoButton,Drag,1340,254
102.47,102.47,NoButton,Drag,1340,252
102.474,102.474,NoButton,Drag,1339,251
102.478,102.478,NoButton,Drag,1339,250
102.482,102.482,NoButton,Drag,1338,249
102.486,102.486,NoButton,Drag,1338,248
102.49,102.49,NoButton,Drag,1338,247
102.494,102.494,NoButton,Drag,1338,247
102.498,102.498,NoButton,Drag,1337,247
102.502,102.502,NoButton,Drag,1337,246
102.506,102.506,NoButton,Drag,1337,246
102.51,102.51,NoButton,Drag,1337,246
102.514,102.514,NoButton,Drag,1337,246
102.518,102.518,NoButton,Drag,1337,245
102.651,102.651,Left,Released,1337,245
102.652,102.652,NoButton,Drag,1336,245
102.682,102.682,NoButton,Drag,1336,245
102.686,102.686,NoButton,Drag,1336,246
102.69,102.69,NoButton,Drag,1336,246
102.707,102.707,NoButton,Drag,1335,250
102.724,102.724,NoButton,Drag,1332,258
102.741,102.741,NoButton,Drag,1326,270
102.758,102.758,NoButton,Drag,1319,281
102.775,102.775,NoButton,Drag,1310,294
102.791,102.791,NoButton,Drag,1294,310
102.807,102.807,NoButton,Drag,1277,325
102.824,102.824,NoButton,Drag,1247,343
102.841,102.841,NoButton,Drag,1214,358
102.858,102.858,NoButton,Drag,1168,374
102.875,102.875,NoButton,Drag,1113,391
102.891,102.891,NoButton,Drag,1045,404
102.909,102.909,NoButton,Drag,949,410
102.926,102.926,NoButton,Drag,856,410
102.942,102.942,NoButton,Drag,762,406
102.96,102.96,NoButton,Drag,671,393
102.976,102.976,NoButton,Drag,590,372
102.993,102.993,NoButton,Drag,498,341
103.009,103.009,NoButton,Drag,440,317
103.027,103.027,NoButton,Drag,384,293
103.042,103.042,NoButton,Drag,334,272
103.06,103.06,NoButton,Drag,285,254
103.076,103.076,NoButton,Drag,227,231
103.093,103.093,NoButton,Drag,183,213
103.109,103.109,NoButton,Drag,141,196
103.126,103.126,NoButton,Drag,99,181
103.143,103.143,NoButton,Drag,57,168
103.16,103.16,NoButton,Drag,6,154
103.177,103.177,NoButton,Drag,0,144
103.193,103.193,NoButton,Drag,0,137
103.211,103.211,NoButton,Drag,0,132
103.227,103.227,NoButton,Drag,0,128
103.244,103.244,NoButton,Drag,0,127
103.281,103.281,NoButton,Drag,0,127
103.315,103.315,NoButton,Drag,0,127
103.322,103.322,NoButton,Drag,0,127
103.328,103.328,NoButton,Drag,0,127
103.344,103.344,NoButton,Drag,1,127
103.361,103.361,NoButton,Drag,3,126
103.378,103.378,NoButton,Drag,5,126
103.394,103.394,NoButton,Drag,6,126
103.411,103.411,NoButton,Drag,7,126
103.428,103.428,NoButton,Drag,9,127
103.445,103.445,NoButton,Drag,11,130
103.462,103.462,NoButton,Drag,15,134
103.478,103.478,NoButton,Drag,19,141
103.495,103.495,NoButton,Drag,26,150
103.511,103.511,NoButton,Drag,31,158
103.529,103.529,NoButton,Drag,36,165
103.545,103.545,NoButton,Drag,41,171
103.562,103.562,NoButton,Drag,46,177
103.578,103.578,NoButton,Drag,50,183
103.595,103.595,NoButton,Drag,52,187
103.611,103.611,NoButton,Drag,54,190
103.628,103.628,NoButton,Drag,56,191
103.631,103.631,Left,Pressed,56,191
103.632,103.632,NoButton,Drag,56,192
103.634,103.634,NoButton,Drag,56,192
103.638,103.638,NoButton,Drag,56,192
103.659,103.659,NoButton,Drag,56,192
103.751,103.751,NoButton,Drag,57,192
103.762,103.762,NoButton,Drag,57,192
103.77,103.77,NoButton,Drag,57,192
103.774,103.774,NoButton,Drag,57,192
103.778,103.778,NoButton,Drag,58,192
103.782,103.782,NoButton,Drag,58,192
103.786,103.786,NoButton,Drag,59,192
103.79,103.79,NoButton,Drag,59,192
103.794,103.794,NoButton,Drag,60,192
103.798,103.798,NoButton,Drag,61,192
103.803,103.803,NoButton,Drag,61,192
103.806,103.806,NoButton,Drag,63,192
103.81,103.81,NoButton,Drag,64,192
103.814,103.814,NoButton,Drag,66,192
103.818,103.818,NoButton,Drag,68,191
103.822,103.822,NoButton,Drag,70,191
103.826,103.826,NoButton,Drag,73,191
103.83,103.83,NoButton,Drag,77,191
103.834,103.834,NoButton,Drag,81,191
103.838,103.838,NoButton,Drag,87,190
103.842,103.842,NoButton,Drag,93,190
103.846,103.846,NoButton,Drag,100,189
103.85,103.85,NoButton,Drag,108,189
103.854,103.854,NoButton,Drag,117,189
103.858,103.858,NoButton,Drag,127,189
103.86,103.86,NoButton,Drag,139,189
103.864,103.864,NoButton,Drag,151,188
103.868,103.868,NoButton,Drag,165,188
103.872,103.872,NoButton,Drag,178,188
103.876,103.876,NoButton,Drag,193,187
103.88,103.88,NoButton,Drag,208,187
103.884,103.884,NoButton,Drag,222,187
103.888,103.888,NoButton,Drag,236,187
103.892,103.892,NoButton,Drag,254,187
103.896,103.896,NoButton,Drag,270,186
103.9,103.9,NoButton,Drag,288,186
103.904,103.904,NoButton,Drag,307,186
103.908,103.908,NoButton,Drag,326,186
103.912,103.912,NoButton,Drag,345,186
103.916,103.916,NoButton,Drag,363,185
103.92,103.92,NoButton,Drag,383,185
103.924,103.924,NoButton,Drag,402,185
103.928,103.928,NoButton,Drag,420,185
103.932,103.932,NoButton,Drag,440,185
103.936,103.936,NoButton,Drag,460,184
103.94,103.94,NoButton,Drag,478,184
103.944,103.944,NoButton,Drag,498,183
103.948,103.948,NoButton,Drag,519,182
103.953,103.953,NoButton,Drag,540,182
103.956,103.956,NoButton,Drag,563,181
103.96,103.96,NoButton,Drag,585,180
103.964,103.964,NoButton,Drag,606,180
103.968,103.968,NoButton,Drag,627,180
103.972,103.972,NoButton,Drag,648,180
103.976,103.976,NoButton,Drag,669,179
103.98,103.98,NoButton,Drag,688,179
103.984,103.984,NoButton,Drag,708,179
103.988,103.988,NoButton,Drag,727,179
103.992,103.992,NoButton,Drag,745,178
103.996,103.996,NoButton,Drag,763,177
104,104,NoButton,Drag,780,177
104.004,104.004,NoButton,Drag,799,177
104.008,104.008,NoButton,Drag,815,177
104.012,104.012,NoButton,Drag,831,177
104.016,104.016,NoButton,Drag,846,177
104.02,104.02,NoButton,Drag,860,177
104.024,104.024,NoButton,Drag,874,177
104.028,104.028,NoButton,Drag,887,177
104.032,104.032,NoButton,Drag,900,177
104.036,104.036,NoButton,Drag,911,176
104.04,104.04,NoButton,Drag,921,176
104.044,104.044,NoButton,Drag,931,176
104.048,104.048,NoButton,Drag,940,176
104.053,104.053,NoButton,Drag,949,176
104.056,104.056,NoButton,Drag,957,176
104.06,104.06,NoButton,Drag,964,176
104.064,104.064,NoButton,Drag,971,176
104.068,104.068,NoButton,Drag,977,176
104.072,104.072,NoButton,Drag,982,176
104.076,104.076,NoButton,Drag,987,176
104.08,104.08,NoButton,Drag,992,176
104.084,104.084,NoButton,Drag,995,176
104.088,104.088,NoButton,Drag,999,176
104.092,104.092,NoButton,Drag,1002,176
104.096,104.096,NoButton,Drag,1005,176
104.1,104.1,NoButton,Drag,1007,176
104.104,104.104,NoButton,Drag,1009,176
104.108,104.108,NoButton,Drag,1011,176
104.112,104.112,NoButton,Drag,1013,177
104.116,104.116,NoButton,Drag,1014,177
104.12,104.12,NoButton,Drag,1016,177
104.124,104.124,NoButton,Drag,1017,177
104.128,104.128,NoButton,Drag,1018,177
104.132,104.132,NoButton,Drag,1018,177
104.136,104.136,NoButton,Drag,1019,178
104.14,104.14,NoButton,Drag,1020,178
104.144,104.144,NoButton,Drag,1020,178
104.148,104.148,NoButton,Drag,1021,178
104.153,104.153,NoButton,Drag,1022,178
104.156,104.156,NoButton,Drag,1022,178
104.16,104.16,NoButton,Drag,1023,178
104.164,104.164,NoButton,Drag,1023,179
104.168,104.168,NoButton,Drag,1024,179
104.172,104.172,NoButton,Drag,1025,179
104.176,104.176,NoButton,Drag,1026,179
104.18,104.18,NoButton,Drag,1028,179
104.184,104.184,NoButton,Drag,1029,179
104.188,104.188,NoButton,Drag,1031,179
104.192,104.192,NoButton,Drag,1033,179
104.196,104.196,NoButton,Drag,1035,179
104.2,104.2,NoButton,Drag,1038,179
104.204,104.204,NoButton,Drag,1041,179
104.208,104.208,NoButton,Drag,1044,179
104.212,104.212,NoButton,Drag,1048,179
104.216,104.216,NoButton,Drag,1053,179
104.22,104.22,NoButton,Drag,1058,179
104.224,104.224,NoButton,Drag,1062,179
104.228,104.228,NoButton,Drag,1068,179
104.232,104.232,NoButton,Drag,1075,179
104.236,104.236,NoButton,Drag,1081,178
104.24,104.24,NoButton,Drag,1087,178
104.244,104.244,NoButton,Drag,1092,178
104.248,104.248,NoButton,Drag,1098,177
104.253,104.253,NoButton,Drag,1103,177
104.256,104.256,NoButton,Drag,1107,176
104.26,104.26,NoButton,Drag,1112,176
104.264,104.264,NoButton,Drag,1116,176
104.268,104.268,NoButton,Drag,1120,175
104.272,104.272,NoButton,Drag,1123,175
104.276,104.276,NoButton,Drag,1126,175
104.28,104.28,NoButton,Drag,1129,174
104.284,104.284,NoButton,Drag,1131,174
104.288,104.288,NoButton,Drag,1133,174
104.292,104.292,NoButton,Drag,1136,174
104.296,104.296,NoButton,Drag,1137,174
104.3,104.3,NoButton,Drag,1139,173
104.304,104.304,NoButton,Drag,1140,173
104.308,104.308,NoButton,Drag,1141,173
104.312,104.312,NoButton,Drag,1142,173
104.316,104.316,NoButton,Drag,1143,173
104.32,104.32,NoButton,Drag,1144,173
104.324,104.324,NoButton,Drag,1144,173
104.328,104.328,NoButton,Drag,1145,173
104.332,104.332,NoButton,Drag,1146,173
104.336,104.336,NoButton,Drag,1147,173
104.34,104.34,NoButton,Drag,1149,173
104.344,104.344,NoButton,Drag,1150,173
104.348,104.348,NoButton,Drag,1151,174
104.353,104.353,NoButton,Drag,1154,174
104.356,104.356,NoButton,Drag,1156,174
104.36,104.36,NoButton,Drag,1159,175
104.364,104.364,NoButton,Drag,1161,175
104.368,104.368,NoButton,Drag,1164,176
104.372,104.372,NoButton,Drag,1167,177
104.376,104.376,NoButton,Drag,1170,177
104.38,104.38,NoButton,Drag,1173,178
104.384,104.384,NoButton,Drag,1176,178
104.388,104.388,NoButton,Drag,1179,178
104.392,104.392,NoButton,Drag,1182,179
104.396,104.396,NoButton,Drag,1186,180
104.4,104.4,NoButton,Drag,1189,180
104.404,104.404,NoButton,Drag,1192,181
104.408,104.408,NoButton,Drag,1196,182
104.412,104.412,NoButton,Drag,1200,182
104.416,104.416,NoButton,Drag,1203,183
104.42,104.42,NoButton,Drag,1207,183
104.424,104.424,NoButton,Drag,1211,183
104.428,104.428,NoButton,Drag,1214,183
104.432,104.432,NoButton,Drag,1219,183
104.436,104.436,NoButton,Drag,1222,183
104.44,104.44,NoButton,Drag,1226,183
104.442,104.442,NoButton,Drag,1229,183
104.446,104.446,NoButton,Drag,1232,183
104.45,104.45,NoButton,Drag,1234,183
104.454,104.454,NoButton,Drag,1236,183
104.458,104.458,NoButton,Drag,1239,183
104.462,104.462,NoButton,Drag,1241,183
104.466,104.466,NoButton,Drag,1242,183
104.47,104.47,NoButton,Drag,1243,183
104.474,104.474,NoButton,Drag,1244,183
104.478,104.478,NoButton,Drag,1245,183
104.482,104.482,NoButton,Drag,1246,183
104.486,104.486,NoButton,Drag,1246,183
104.49,104.49,NoButton,Drag,1247,183
104.498,104.498,NoButton,Drag,1247,183
104.503,104.503,NoButton,Drag,1247,183
104.506,104.506,NoButton,Drag,1247,183
104.51,104.51,NoButton,Drag,1247,183
104.514,104.514,NoButton,Drag,1248,183
104.518,104.518,NoButton,Drag,1248,183
104.522,104.522,NoButton,Drag,1248,183
104.526,104.526,NoButton,Drag,1249,183
104.53,104.53,NoButton,Drag,1249,183
104.534,104.534,NoButton,Drag,1250,183
104.538,104.538,NoButton,Drag,1251,183
104.542,104.542,NoButton,Drag,1252,184
104.546,104.546,NoButton,Drag,1254,184
104.55,104.55,NoButton,Drag,1255,184
104.554,104.554,NoButton,Drag,1257,185
104.558,104.558,NoButton,Drag,1259,185
104.562,104.562,NoButton,Drag,1261,185
104.566,104.566,NoButton,Drag,1264,185
104.57,104.57,NoButton,Drag,1267,185
104.574,104.574,NoButton,Drag,1269,185
104.578,104.578,NoButton,Drag,1271,185
104.582,104.582,NoButton,Drag,1273,185
104.586,104.586,NoButton,Drag,1276,185
104.59,104.59,NoButton,Drag,1278,185
104.594,104.594,NoButton,Drag,1280,185
104.598,104.598,NoButton,Drag,1283,185
104.603,104.603,NoButton,Drag,1285,185
104.606,104.606,NoButton,Drag,1287,185
104.61,104.61,NoButton,Drag,1289,185
104.614,104.614,NoButton,Drag,1290,185
104.618,104.618,NoButton,Drag,1291,185
104.622,104.622,NoButton,Drag,1291,185
104.642,104.642,NoButton,Drag,1292,185
104.678,104.678,NoButton,Drag,1292,185
104.687,104.687,NoButton,Drag,1292,185
104.69,104.69,NoButton,Drag,1292,185
104.712,104.712,Left,Released,1292,185
104.851,104.851,NoButton,Drag,1292,185
104.855,104.855,NoButton,Drag,1291,185
104.858,104.858,NoButton,Drag,1291,185
104.871,104.871,NoButton,Drag,1289,185
104.889,104.889,NoButton,Drag,1281,187
104.904,104.904,NoButton,Drag,1270,190
104.922,104.922,NoButton,Drag,1252,194
104.938,104.938,NoButton,Drag,1228,199
104.955,104.955,NoButton,Drag,1186,208
104.972,104.972,NoButton,Drag,1148,213
104.988,104.988,NoButton,Drag,1109,221
105.005,105.005,NoButton,Drag,1065,225
105.022,105.022,NoButton,Drag,1009,229
105.038,105.038,NoButton,Drag,964,229
105.055,105.055,NoButton,Drag,921,229
105.073,105.073,NoButton,Drag,873,225
105.089,105.089,NoButton,Drag,840,222
105.105,105.105,NoButton,Drag,808,216
105.122,105.122,NoButton,Drag,779,210
105.139,105.139,NoButton,Drag,751,205
105.157,105.157,NoButton,Drag,718,197
105.173,105.173,NoButton,Drag,693,191
105.19,105.19,NoButton,Drag,671,185
105.206,105.206,NoButton,Drag,645,179
105.224,105.224,NoButton,Drag,614,173
105.24,105.24,NoButton,Drag,577,164
105.257,105.257,NoButton,Drag,527,151
105.274,105.274,NoButton,Drag,480,139
105.29,105.29,NoButton,Drag,431,127
105.307,105.307,NoButton,Drag,381,113
105.323,105.323,NoButton,Drag,334,97
105.34,105.34,NoButton,Drag,291,83
105.357,105.357,NoButton,Drag,245,69
105.373,105.373,NoButton,Drag,218,59
105.39,105.39,NoButton,Drag,197,52
105.406,105.406,NoButton,Drag,185,47
105.423,105.423,NoButton,Drag,182,45
105.489,105.489,NoButton,Drag,182,45
105.509,105.509,NoButton,Drag,182,45
105.524,105.524,NoButton,Drag,183,45
105.54,105.54,NoButton,Drag,183,45
105.557,105.557,NoButton,Drag,186,47
105.573,105.573,NoButton,Drag,188,49
105.59,105.59,NoButton,Drag,192,51
105.607,105.607,NoButton,Drag,199,56
105.623,105.623,NoButton,Drag,209,62
105.64,105.64,NoButton,Drag,221,69
105.656,105.656,NoButton,Drag,233,75
105.672,105.672,NoButton,Drag,247,82
105.69,105.69,NoButton,Drag,258,88
105.706,105.706,NoButton,Drag,264,91
105.723,105.723,NoButton,Drag,267,93
105.74,105.74,NoButton,Drag,268,93
105.756,105.756,NoButton,Drag,268,93
105.773,105.773,NoButton,Drag,268,94
105.79,105.79,NoButton,Drag,267,94
105.807,105.807,NoButton,Drag,265,94
105.823,105.823,NoButton,Drag,263,94
105.841,105.841,NoButton,Drag,261,94
105.857,105.857,NoButton,Drag,260,94
105.874,105.874,NoButton,Drag,259,94
105.891,105.891,NoButton,Drag,255,95
105.907,105.907,NoButton,Drag,252,95
105.923,105.923,NoButton,Drag,249,96
105.939,105.939,NoButton,Drag,247,96
105.956,105.956,NoButton,Drag,246,96
105.973,105.973,NoButton,Drag,246,96
106.015,106.015,Left,Pressed,246,96
106.099,106.099,NoButton,Drag,245,96
106.102,106.102,NoButton,Drag,245,96
106.106,106.106,NoButton,Drag,245,96
106.111,106.111,NoButton,Drag,246,97
106.114,106.114,NoButton,Drag,246,97
106.118,106.118,NoButton,Drag,246,98
106.122,106.122,NoButton,Drag,247,99
106.126,106.126,NoButton,Drag,248,100
106.13,106.13,NoButton,Drag,249,101
106.134,106.134,NoButton,Drag,250,103
106.138,106.138,NoButton,Drag,252,105
106.142,106.142,NoButton,Drag,255,107
106.146,106.146,NoButton,Drag,258,110
106.151,106.151,NoButton,Drag,261,113
106.154,106.154,NoButton,Drag,265,117
106.158,106.158,NoButton,Drag,269,120
106.162,106.162,NoButton,Drag,274,125
106.166,106.166,NoButton,Drag,281,130
106.168,106.168,NoButton,Drag,288,134
106.172,106.172,NoButton,Drag,295,140
106.176,106.176,NoButton,Drag,302,146
106.18,106.18,NoButton,Drag,310,152
106.185,106.185,NoButton,Drag,318,158
106.188,106.188,NoButton,Drag,326,165
106.192,106.192,NoButton,Drag,336,173
106.196,106.196,NoButton,Drag,346,181
106.2,106.2,NoButton,Drag,358,189
106.206,106.206,NoButton,Drag,371,198
106.208,106.208,NoButton,Drag,383,207
106.212,106.212,NoButton,Drag,396,216
106.216,106.216,NoButton,Drag,410,226
106.22,106.22,NoButton,Drag,426,236
106.224,106.224,NoButton,Drag,442,247
106.228,106.228,NoButton,Drag,459,257
106.232,106.232,NoButton,Drag,477,269
106.236,106.236,NoButton,Drag,494,280
106.24,106.24,NoButton,Drag,513,291
106.244,106.244,NoButton,Drag,532,302
106.248,106.248,NoButton,Drag,551,314
106.252,106.252,NoButton,Drag,570,327
106.258,106.258,NoButton,Drag,591,339
106.26,106.26,NoButton,Drag,613,352
106.264,106.264,NoButton,Drag,632,362
106.268,106.268,NoButton,Drag,652,374
106.272,106.272,NoButton,Drag,673,385
106.276,106.276,NoButton,Drag,693,396
106.28,106.28,NoButton,Drag,713,406
106.285,106.285,NoButton,Drag,735,417
106.288,106.288,NoButton,Drag,755,427
106.292,106.292,NoButton,Drag,775,438
106.296,106.296,NoButton,Drag,795,448
106.301,106.301,NoButton,Drag,814,458
106.304,106.304,NoButton,Drag,832,468
106.308,106.308,NoButton,Drag,851,479
106.312,106.312,NoButton,Drag,870,489
106.316,106.316,NoButton,Drag,886,498
106.32,106.32,NoButton,Drag,901,507
106.324,106.324,NoButton,Drag,918,516
106.328,106.328,NoButton,Drag,931,524
106.332,106.332,NoButton,Drag,945,533
106.336,106.336,NoButton,Drag,959,542
106.34,106.34,NoButton,Drag,973,550
106.344,106.344,NoButton,Drag,986,557
106.348,106.348,NoButton,Drag,999,564
106.352,106.352,NoButton,Drag,1013,571
106.356,106.356,NoButton,Drag,1024,576
106.36,106.36,NoButton,Drag,1036,582
106.364,106.364,NoButton,Drag,1047,587
106.368,106.368,NoButton,Drag,1058,592
106.372,106.372,NoButton,Drag,1067,596
106.376,106.376,NoButton,Drag,1074,600
106.38,106.38,NoButton,Drag,1082,604
106.384,106.384,NoButton,Drag,1088,607
106.388,106.388,NoButton,Drag,1093,609
106.392,106.392,NoButton,Drag,1098,612
106.396,106.396,NoButton,Drag,1102,614
106.401,106.401,NoButton,Drag,1107,616
106.404,106.404,NoButton,Drag,1112,618
106.408,106.408,NoButton,Drag,1116,620
106.412,106.412,NoButton,Drag,1120,622
106.416,106.416,NoButton,Drag,1123,624
106.42,106.42,NoButton,Drag,1127,625
106.424,106.424,NoButton,Drag,1131,626
106.428,106.428,NoButton,Drag,1134,627
106.432,106.432,NoButton,Drag,1137,628
106.436,106.436,NoButton,Drag,1141,629
106.44,106.44,NoButton,Drag,1143,629
106.444,106.444,NoButton,Drag,1146,630
106.448,106.448,NoButton,Drag,1148,631
106.452,106.452,NoButton,Drag,1150,632
106.456,106.456,NoButton,Drag,1152,632
106.46,106.46,NoButton,Drag,1155,633
106.464,106.464,NoButton,Drag,1156,633
106.468,106.468,NoButton,Drag,1158,633
106.472,106.472,NoButton,Drag,1159,634
106.476,106.476,NoButton,Drag,1161,634
106.48,106.48,NoButton,Drag,1162,634
106.484,106.484,NoButton,Drag,1164,635
106.488,106.488,NoButton,Drag,1165,635
106.492,106.492,NoButton,Drag,1166,635
106.496,106.496,NoButton,Drag,1167,636
106.501,106.501,NoButton,Drag,1168,636
106.504,106.504,NoButton,Drag,1169,637
106.508,106.508,NoButton,Drag,1171,638
106.512,106.512,NoButton,Drag,1172,638
106.516,106.516,NoButton,Drag,1173,639
106.52,106.52,NoButton,Drag,1175,639
106.524,106.524,NoButton,Drag,1177,640
106.528,106.528,NoButton,Drag,1179,640
106.532,106.532,NoButton,Drag,1181,641
106.536,106.536,NoButton,Drag,1183,642
106.54,106.54,NoButton,Drag,1186,642
106.544,106.544,NoButton,Drag,1189,643
106.548,106.548,NoButton,Drag,1193,644
106.552,106.552,NoButton,Drag,1197,645
106.556,106.556,NoButton,Drag,1201,646
106.56,106.56,NoButton,Drag,1205,648
106.564,106.564,NoButton,Drag,1209,649
106.568,106.568,NoButton,Drag,1214,650
106.572,106.572,NoButton,Drag,1218,651
106.576,106.576,NoButton,Drag,1223,653
106.58,106.58,NoButton,Drag,1227,653
106.584,106.584,NoButton,Drag,1231,655
106.588,106.588,NoButton,Drag,1236,656
106.592,106.592,NoButton,Drag,1241,657
106.596,106.596,NoButton,Drag,1245,659
106.601,106.601,NoButton,Drag,1250,660
106.604,106.604,NoButton,Drag,1255,661
106.608,106.608,NoButton,Drag,1260,663
106.612,106.612,NoButton,Drag,1264,664
106.616,106.616,NoButton,Drag,1269,665
106.62,106.62,NoButton,Drag,1274,666
106.624,106.624,NoButton,Drag,1278,668
106.628,106.628,NoButton,Drag,1283,669
106.632,106.632,NoButton,Drag,1287,670
106.636,106.636,NoButton,Drag,1291,671
106.64,106.64,NoButton,Drag,1295,671
106.644,106.644,NoButton,Drag,1299,672
106.648,106.648,NoButton,Drag,1302,673
106.652,106.652,NoButton,Drag,1305,674
106.656,106.656,NoButton,Drag,1309,675
106.66,106.66,NoButton,Drag,1312,675
106.664,106.664,NoButton,Drag,1315,676
106.668,106.668,NoButton,Drag,1317,676
106.672,106.672,NoButton,Drag,1320,677
106.676,106.676,NoButton,Drag,1322,678
106.68,106.68,NoButton,Drag,1325,678
106.684,106.684,NoButton,Drag,1326,679
106.688,106.688,NoButton,Drag,1328,679
106.692,106.692,NoButton,Drag,1329,679
106.696,106.696,NoButton,Drag,1332,680
106.701,106.701,NoButton,Drag,1333,681
106.704,106.704,NoButton,Drag,1335,681
106.708,106.708,NoButton,Drag,1336,681
106.712,106.712,NoButton,Drag,1339,682
106.716,106.716,NoButton,Drag,1341,682
106.72,106.72,NoButton,Drag,1342,683
106.724,106.724,NoButton,Drag,1344,684
106.728,106.728,NoButton,Drag,1346,684
106.73,106.73,NoButton,Drag,1349,685
106.734,106.734,NoButton,Drag,1351,685
106.738,106.738,NoButton,Drag,1353,686
106.742,106.742,NoButton,Drag,1355,687
106.746,106.746,NoButton,Drag,1357,687
106.751,106.751,NoButton,Drag,1359,688
106.754,106.754,NoButton,Drag,1361,688
106.758,106.758,NoButton,Drag,1363,689
106.762,106.762,NoButton,Drag,1365,689
106.766,106.766,NoButton,Drag,1366,690
106.77,106.77,NoButton,Drag,1368,690
106.774,106.774,NoButton,Drag,1370,690
106.778,106.778,NoButton,Drag,1371,691
106.782,106.782,NoButton,Drag,1373,691
106.786,106.786,NoButton,Drag,1374,692
106.79,106.79,NoButton,Drag,1376,692
106.794,106.794,NoButton,Drag,1377,692
106.798,106.798,NoButton,Drag,1379,693
106.802,106.802,NoButton,Drag,1381,693
106.806,106.806,NoButton,Drag,1383,693
106.81,106.81,NoButton,Drag,1385,694
106.814,106.814,NoButton,Drag,1387,694
106.818,106.818,NoButton,Drag,1388,695
106.822,106.822,NoButton,Drag,1389,695
106.826,106.826,NoButton,Drag,1391,695
106.83,106.83,NoButton,Drag,1393,695
106.834,106.834,NoButton,Drag,1395,696
106.838,106.838,NoButton,Drag,1396,696
106.842,106.842,NoButton,Drag,1398,696
106.846,106.846,NoButton,Drag,1400,697
106.851,106.851,NoButton,Drag,1401,697
106.854,106.854,NoButton,Drag,1403,697
106.858,106.858,NoButton,Drag,1404,697
106.862,106.862,NoButton,Drag,1405,697
106.866,106.866,NoButton,Drag,1406,698
106.87,106.87,NoButton,Drag,1406,698
106.874,106.874,NoButton,Drag,1407,698
106.938,106.938,NoButton,Drag,1407,698
106.942,106.942,NoButton,Drag,1407,698
106.95,106.95,NoButton,Drag,1407,697
106.958,106.958,NoButton,Drag,1407,697
106.963,106.963,Left,Released,1407,697
106.964,106.964,NoButton,Drag,1406,696
106.97,106.97,NoButton,Drag,1406,696
106.986,106.986,NoButton,Drag,1404,694
107.003,107.003,NoButton,Drag,1402,693
107.019,107.019,NoButton,Drag,1399,691
107.037,107.037,NoButton,Drag,1396,690
107.053,107.053,NoButton,Drag,1389,688
107.07,107.07,NoButton,Drag,1376,685
107.086,107.086,NoButton,Drag,1356,682
107.103,107.103,NoButton,Drag,1326,680
107.119,107.119,NoButton,Drag,1301,677
107.137,107.137,NoButton,Drag,1281,676
107.154,107.154,NoButton,Drag,1262,675
107.169,107.169,NoButton,Drag,1243,673
107.186,107.186,NoButton,Drag,1216,673
107.203,107.203,NoButton,Drag,1192,672
107.219,107.219,NoButton,Drag,1167,669
107.236,107.236,NoButton,Drag,1142,664
107.253,107.253,NoButton,Drag,1116,657
107.269,107.269,NoButton,Drag,1095,651
107.286,107.286,NoButton,Drag,1079,646
107.304,107.304,NoButton,Drag,1074,645
107.32,107.32,NoButton,Drag,1072,644
107.337,107.337,NoButton,Drag,1071,642
107.353,107.353,NoButton,Drag,1070,641
107.37,107.37,NoButton,Drag,1068,639
107.386,107.386,NoButton,Drag,1062,634
107.404,107.404,NoButton,Drag,1052,625
107.42,107.42,NoButton,Drag,1039,610
107.437,107.437,NoButton,Drag,1016,586
107.453,107.453,NoButton,Drag,995,558
107.47,107.47,NoButton,Drag,973,527
107.488,107.488,NoButton,Drag,949,494
107.504,107.504,NoButton,Drag,927,461
107.52,107.52,NoButton,Drag,901,419
107.537,107.537,NoButton,Drag,883,388
107.554,107.554,NoButton,Drag,869,361
107.571,107.571,NoButton,Drag,856,337
107.587,107.587,NoButton,Drag,844,312
107.604,107.604,NoButton,Drag,834,292
107.621,107.621,NoButton,Drag,821,271
107.638,107.638,NoButton,Drag,814,257
107.654,107.654,NoButton,Drag,809,246
107.671,107.671,NoButton,Drag,806,235
107.688,107.688,NoButton,Drag,804,226
107.704,107.704,NoButton,Drag,803,219
107.721,107.721,NoButton,Drag,803,212
107.738,107.738,NoButton,Drag,803,210
107.754,107.754,NoButton,Drag,803,209
107.772,107.772,NoButton,Drag,803,209
107.876,107.876,Left,Pressed,803,209
108.039,108.039,Left,Released,803,209
108.059,108.059,NoButton,Drag,802,209
108.089,108.089,NoButton,Drag,801,211
108.106,108.106,NoButton,Drag,798,213
108.122,108.122,NoButton,Drag,794,217
108.138,108.138,NoButton,Drag,788,221
108.155,108.155,NoButton,Drag,780,225
108.171,108.171,NoButton,Drag,770,228
108.189,108.189,NoButton,Drag,756,232
108.206,108.206,NoButton,Drag,740,237
108.223,108.223,NoButton,Drag,719,242
108.239,108.239,NoButton,Drag,702,246
108.255,108.255,NoButton,Drag,682,250
108.272,108.272,NoButton,Drag,657,254
108.289,108.289,NoButton,Drag,624,257
108.305,108.305,NoButton,Drag,593,260
108.323,108.323,NoButton,Drag,559,261
108.339,108.339,NoButton,Drag,536,261
108.356,108.356,NoButton,Drag,516,261
108.373,108.373,NoButton,Drag,497,261
108.389,108.389,NoButton,Drag,477,261
108.401,108.401,NoButton,Drag,462,259
108.417,108.417,NoButton,Drag,443,257
108.434,108.434,NoButton,Drag,427,256
108.451,108.451,NoButton,Drag,412,254
108.468,108.468,NoButton,Drag,404,252
108.485,108.485,NoButton,Drag,401,249
108.501,108.501,NoButton,Drag,400,246
108.518,108.518,NoButton,Drag,399,241
108.535,108.535,NoButton,Drag,399,230
108.551,108.551,NoButton,Drag,403,215
108.569,108.569,NoButton,Drag,409,196
108.585,108.585,NoButton,Drag,413,182
108.601,108.601,NoButton,Drag,416,171
108.618,108.618,NoButton,Drag,419,162
108.636,108.636,NoButton,Drag,423,153
108.652,108.652,NoButton,Drag,426,147
108.666,108.666,NoButton,Drag,427,142
108.683,108.683,NoButton,Drag,428,140
108.699,108.699,NoButton,Drag,428,138
108.716,108.716,NoButton,Drag,428,137
108.765,108.765,NoButton,Drag,428,137
108.786,108.786,Left,Pressed,428,137
108.787,108.787,NoButton,Drag,429,137
108.796,108.796,NoButton,Drag,429,137
108.804,108.804,NoButton,Drag,429,137
108.921,108.921,Left,Released,429,137
108.952,108.952,NoButton,Drag,429,137
108.96,108.96,NoButton,Drag,430,137
108.964,108.964,NoButton,Drag,430,137
108.981,108.981,NoButton,Drag,432,137
108.998,108.998,NoButton,Drag,435,137
109.015,109.015,NoButton,Drag,438,137
109.031,109.031,NoButton,Drag,442,137
109.047,109.047,NoButton,Drag,445,137
109.065,109.065,NoButton,Drag,448,137
109.081,109.081,NoButton,Drag,452,137
109.097,109.097,NoButton,Drag,457,137
109.114,109.114,NoButton,Drag,462,137
109.131,109.131,NoButton,Drag,470,137
109.147,109.147,NoButton,Drag,479,137
109.165,109.165,NoButton,Drag,489,137
109.181,109.181,NoButton,Drag,497,138
109.199,109.199,NoButton,Drag,505,138
109.216,109.216,NoButton,Drag,509,138
109.232,109.232,NoButton,Drag,511,138
109.311,109.311,Left,Pressed,511,138
109.331,109.331,NoButton,Drag,511,138
109.463,109.463,Left,Released,511,138
109.47,109.47,NoButton,Drag,511,138
109.474,109.474,NoButton,Drag,511,138
109.483,109.483,NoButton,Drag,512,139
109.5,109.5,NoButton,Drag,513,140
109.517,109.517,NoButton,Drag,516,142
109.534,109.534,NoButton,Drag,521,145
109.55,109.55,NoButton,Drag,528,149
109.567,109.567,NoButton,Drag,538,152
109.584,109.584,NoButton,Drag,548,156
109.6,109.6,NoButton,Drag,557,159
109.617,109.617,NoButton,Drag,567,163
109.634,109.634,NoButton,Drag,577,165
109.65,109.65,NoButton,Drag,589,169
109.668,109.668,NoButton,Drag,601,172
109.684,109.684,NoButton,Drag,613,174
109.701,109.701,NoButton,Drag,624,175
109.717,109.717,NoButton,Drag,628,175
109.734,109.734,NoButton,Drag,629,175
109.78,109.78,NoButton,Drag,629,175
109.788,109.788,NoButton,Drag,629,175
109.801,109.801,NoButton,Drag,631,175
109.818,109.818,NoButton,Drag,635,173
109.835,109.835,NoButton,Drag,644,172
109.852,109.852,NoButton,Drag,660,171
109.868,109.868,NoButton,Drag,691,171
109.885,109.885,NoButton,Drag,718,171
109.901,109.901,NoButton,Drag,742,172
109.919,109.919,NoButton,Drag,760,175
109.936,109.936,NoButton,Drag,773,178
109.953,109.953,NoButton,Drag,784,182
109.97,109.97,NoButton,Drag,789,186
109.985,109.985,NoButton,Drag,792,188
110.002,110.002,NoButton,Drag,793,190
110.019,110.019,NoButton,Drag,794,192
110.036,110.036,NoButton,Drag,795,194
110.052,110.052,NoButton,Drag,796,197
110.069,110.069,NoButton,Drag,796,199
110.086,110.086,NoButton,Drag,796,202
110.103,110.103,NoButton,Drag,796,204
110.12,110.12,NoButton,Drag,796,206
110.136,110.136,NoButton,Drag,796,209
110.153,110.153,NoButton,Drag,797,212
110.17,110.17,NoButton,Drag,798,215
110.186,110.186,NoButton,Drag,799,218
110.204,110.204,NoButton,Drag,800,220
110.219,110.219,NoButton,Drag,800,220
110.237,110.237,NoButton,Drag,801,221
110.291,110.291,Left,Pressed,801,221
110.451,110.451,Left,Released,801,221
110.475,110.475,NoButton,Drag,801,221
110.478,110.478,NoButton,Drag,801,221
110.487,110.487,NoButton,Drag,801,221
110.503,110.503,NoButton,Drag,801,222
110.519,110.519,NoButton,Drag,801,224
110.536,110.536,NoButton,Drag,801,226
110.554,110.554,NoButton,Drag,801,228
110.57,110.57,NoButton,Drag,801,231
110.587,110.587,NoButton,Drag,801,232
110.604,110.604,NoButton,Drag,802,234
110.621,110.621,NoButton,Drag,803,235
110.637,110.637,NoButton,Drag,803,236
110.647,110.647,Left,Pressed,803,236
110.785,110.785,Left,Released,803,236
110.837,110.837,NoButton,Drag,803,236
110.841,110.841,NoButton,Drag,802,236
110.855,110.855,NoButton,Drag,801,237
110.87,110.87,NoButton,Drag,798,238
110.888,110.888,NoButton,Drag,793,243
110.904,110.904,NoButton,Drag,784,249
110.925,110.925,NoButton,Drag,767,261
110.941,110.941,NoButton,Drag,756,269
110.959,110.959,NoButton,Drag,747,276
110.975,110.975,NoButton,Drag,740,283
110.992,110.992,NoButton,Drag,736,288
111.009,111.009,NoButton,Drag,731,295
111.025,111.025,NoButton,Drag,726,300
111.042,111.042,NoButton,Drag,722,305
111.059,111.059,NoButton,Drag,718,310
111.075,111.075,NoButton,Drag,714,315
111.092,111.092,NoButton,Drag,708,322
111.109,111.109,NoButton,Drag,698,330
111.125,111.125,NoButton,Drag,688,337
111.143,111.143,NoButton,Drag,677,343
111.158,111.158,NoButton,Drag,664,348
111.178,111.178,NoButton,Drag,644,353
111.195,111.195,NoButton,Drag,625,356
111.212,111.212,NoButton,Drag,608,358
111.229,111.229,NoButton,Drag,587,358
111.246,111.246,NoButton,Drag,571,359
111.263,111.263,NoButton,Drag,553,359
111.279,111.279,NoButton,Drag,534,359
111.295,111.295,NoButton,Drag,511,359
111.312,111.312,NoButton,Drag,482,355
111.33,111.33,NoButton,Drag,466,351
111.345,111.345,NoButton,Drag,455,348
111.362,111.362,NoButton,Drag,452,346
111.379,111.379,NoButton,Drag,451,345
111.395,111.395,NoButton,Drag,451,344
111.414,111.414,NoButton,Drag,450,343
111.431,111.431,NoButton,Drag,450,341
111.447,111.447,NoButton,Drag,451,339
111.465,111.465,NoButton,Drag,451,338
111.48,111.48,NoButton,Drag,451,338
111.497,111.497,NoButton,Drag,451,337
111.514,111.514,NoButton,Drag,451,337
111.567,111.567,NoButton,Drag,451,337
111.57,111.57,NoButton,Drag,451,337
111.581,111.581,NoButton,Drag,451,338
111.598,111.598,NoButton,Drag,450,342
111.614,111.614,NoButton,Drag,449,348
111.631,111.631,NoButton,Drag,447,355
111.647,111.647,NoButton,Drag,446,359
111.665,111.665,NoButton,Drag,445,362
111.681,111.681,NoButton,Drag,445,364
111.698,111.698,NoButton,Drag,445,365
111.723,111.723,Left,Pressed,445,365
111.823,111.823,NoButton,Drag,444,365
111.865,111.865,Left,Released,444,365
111.94,111.94,NoButton,Drag,444,365
111.944,111.944,NoButton,Drag,444,365
111.949,111.949,NoButton,Drag,444,365
111.957,111.957,NoButton,Drag,444,365
111.966,111.966,Left,Pressed,444,365
111.967,111.967,NoButton,Drag,444,367
111.968,111.968,NoButton,Drag,444,367
111.972,111.972,NoButton,Drag,444,367
111.98,111.98,NoButton,Drag,444,368
112.016,112.016,NoButton,Drag,444,368
112.081,112.081,Left,Released,444,368
112.089,112.089,NoButton,Drag,444,368
112.092,112.092,NoButton,Drag,444,368
112.099,112.099,NoButton,Drag,444,369
112.116,112.116,NoButton,Drag,445,369
112.133,112.133,NoButton,Drag,446,369
112.149,112.149,NoButton,Drag,448,367
112.169,112.169,NoButton,Drag,454,364
112.186,112.186,NoButton,Drag,462,361
112.203,112.203,NoButton,Drag,473,358
112.22,112.22,NoButton,Drag,488,355
112.235,112.235,NoButton,Drag,506,353
112.252,112.252,NoButton,Drag,530,352
112.269,112.269,NoButton,Drag,571,351
112.286,112.286,NoButton,Drag,609,351
112.303,112.303,NoButton,Drag,645,353
112.319,112.319,NoButton,Drag,679,354
112.336,112.336,NoButton,Drag,711,358
112.353,112.353,NoButton,Drag,740,363
112.369,112.369,NoButton,Drag,752,367
112.387,112.387,NoButton,Drag,755,369
112.403,112.403,NoButton,Drag,754,372
112.424,112.424,NoButton,Drag,734,379
112.441,112.441,NoButton,Drag,655,384
112.457,112.457,NoButton,Drag,523,384
112.474,112.474,NoButton,Drag,385,380
112.491,112.491,NoButton,Drag,293,367
112.508,112.508,NoButton,Drag,281,364
112.524,112.524,NoButton,Drag,282,360
112.541,112.541,NoButton,Drag,309,340
112.558,112.558,NoButton,Drag,385,303
112.575,112.575,NoButton,Drag,546,246
112.591,112.591,NoButton,Drag,670,200
112.608,112.608,NoButton,Drag,760,157
112.625,112.625,NoButton,Drag,820,127
112.642,112.642,NoButton,Drag,839,112
112.658,112.658,NoButton,Drag,839,107
112.676,112.676,NoButton,Drag,820,99
112.693,112.693,NoButton,Drag,775,90
112.71,112.71,NoButton,Drag,706,87
112.726,112.726,NoButton,Drag,643,85
112.743,112.743,NoButton,Drag,611,83
112.759,112.759,NoButton,Drag,611,83
112.777,112.777,NoButton,Drag,621,77
112.794,112.794,NoButton,Drag,668,56
112.81,112.81,NoButton,Drag,753,20
112.826,112.826,NoButton,Drag,851,0
112.843,112.843,NoButton,Drag,937,0
112.859,112.859,NoButton,Drag,948,0
112.877,112.877,NoButton,Drag,940,0
112.894,112.894,NoButton,Drag,904,0
112.91,112.91,NoButton,Drag,815,4
112.927,112.927,NoButton,Drag,637,12
112.944,112.944,NoButton,Drag,522,34
112.96,112.96,NoButton,Drag,473,52
112.978,112.978,NoButton,Drag,467,60
112.993,112.993,NoButton,Drag,482,71
113.01,113.01,NoButton,Drag,534,83
113.027,113.027,NoButton,Drag,645,86
113.044,113.044,NoButton,Drag,739,86
113.061,113.061,NoButton,Drag,826,94
113.077,113.077,NoButton,Drag,850,102
113.095,113.095,NoButton,Drag,852,109
113.111,113.111,NoButton,Drag,840,122
113.128,113.128,NoButton,Drag,804,140
113.144,113.144,NoButton,Drag,751,162
113.161,113.161,NoButton,Drag,693,183
113.177,113.177,NoButton,Drag,678,192
113.194,113.194,NoButton,Drag,678,195
113.211,113.211,NoButton,Drag,690,202
113.228,113.228,NoButton,Drag,729,207
113.244,113.244,NoButton,Drag,795,204
113.261,113.261,NoButton,Drag,881,196
113.277,113.277,NoButton,Drag,927,193
113.295,113.295,NoButton,Drag,942,194
113.311,113.311,NoButton,Drag,942,197
113.328,113.328,NoButton,Drag,927,204
113.345,113.345,NoButton,Drag,864,218
113.361,113.361,NoButton,Drag,788,232
113.377,113.377,NoButton,Drag,710,244
113.395,113.395,NoButton,Drag,657,254
113.412,113.412,NoButton,Drag,636,260
113.427,113.427,NoButton,Drag,634,261
113.444,113.444,NoButton,Drag,641,264
113.461,113.461,NoButton,Drag,668,267
113.478,113.478,NoButton,Drag,719,267
113.495,113.495,NoButton,Drag,769,267
113.511,113.511,NoButton,Drag,801,268
113.528,113.528,NoButton,Drag,810,272
113.544,113.544,NoButton,Drag,810,276
113.561,113.561,NoButton,Drag,795,289
113.578,113.578,NoButton,Drag,756,305
113.594,113.594,NoButton,Drag,692,327
113.611,113.611,NoButton,Drag,628,347
113.628,113.628,NoButton,Drag,581,363
113.645,113.645,NoButton,Drag,571,370
113.662,113.662,NoButton,Drag,572,374
113.677,113.677,NoButton,Drag,596,385
113.694,113.694,NoButton,Drag,656,393
113.711,113.711,NoButton,Drag,783,394
113.728,113.728,NoButton,Drag,868,393
113.744,113.744,NoButton,Drag,921,392
113.761,113.761,NoButton,Drag,936,392
113.778,113.778,NoButton,Drag,935,395
113.794,113.794,NoButton,Drag,899,404
113.811,113.811,NoButton,Drag,812,415
113.828,113.828,NoButton,Drag,678,419
113.845,113.845,NoButton,Drag,533,424
113.861,113.861,NoButton,Drag,435,428
113.878,113.878,NoButton,Drag,391,431
113.895,113.895,NoButton,Drag,388,432
113.912,113.912,NoButton,Drag,406,432
113.927,113.927,NoButton,Drag,467,431
113.944,113.944,NoButton,Drag,574,416
113.961,113.961,NoButton,Drag,692,401
113.978,113.978,NoButton,Drag,784,393
113.995,113.995,NoButton,Drag,844,386
114.012,114.012,NoButton,Drag,851,385
114.028,114.028,NoButton,Drag,848,385
114.044,114.044,NoButton,Drag,829,384
114.061,114.061,NoButton,Drag,778,383
114.078,114.078,NoButton,Drag,701,383
114.095,114.095,NoButton,Drag,606,382
114.111,114.111,NoButton,Drag,558,381
114.129,114.129,NoButton,Drag,540,380
114.145,114.145,NoButton,Drag,539,380
114.161,114.161,NoButton,Drag,539,380
114.178,114.178,NoButton,Drag,543,378
114.194,114.194,NoButton,Drag,562,376
114.211,114.211,NoButton,Drag,632,376
114.228,114.228,NoButton,Drag,704,375
114.244,114.244,NoButton,Drag,775,373
114.261,114.261,NoButton,Drag,806,372
114.278,114.278,NoButton,Drag,823,372
114.295,114.295,NoButton,Drag,828,373
114.311,114.311,NoButton,Drag,828,375
114.328,114.328,NoButton,Drag,816,382
114.344,114.344,NoButton,Drag,752,398
114.361,114.361,NoButton,Drag,650,414
114.378,114.378,NoButton,Drag,543,430
114.395,114.395,NoButton,Drag,462,441
114.411,114.411,NoButton,Drag,412,448
114.428,114.428,NoButton,Drag,385,451
114.444,114.444,NoButton,Drag,376,452
114.461,114.461,NoButton,Drag,376,452
114.478,114.478,NoButton,Drag,384,452
114.495,114.495,NoButton,Drag,417,449
114.511,114.511,NoButton,Drag,483,445
114.528,114.528,NoButton,Drag,556,442
114.544,114.544,NoButton,Drag,612,441
114.561,114.561,NoButton,Drag,629,442
114.579,114.579,NoButton,Drag,633,444
114.595,114.595,NoButton,Drag,633,447
114.612,114.612,NoButton,Drag,621,458
114.628,114.628,NoButton,Drag,583,471
114.645,114.645,NoButton,Drag,515,488
114.662,114.662,NoButton,Drag,470,499
114.677,114.677,NoButton,Drag,446,505
114.695,114.695,NoButton,Drag,438,507
114.711,114.711,NoButton,Drag,438,508
114.728,114.728,NoButton,Drag,444,510
114.744,114.744,NoButton,Drag,492,513
114.761,114.761,NoButton,Drag,578,513
114.778,114.778,NoButton,Drag,692,510
114.794,114.794,NoButton,Drag,826,499
114.811,114.811,NoButton,Drag,909,492
114.828,114.828,NoButton,Drag,970,487
114.845,114.845,NoButton,Drag,1003,485
114.862,114.862,NoButton,Drag,1017,484
114.878,114.878,NoButton,Drag,1019,483
114.93,114.93,NoButton,Drag,1019,483
114.934,114.934,NoButton,Drag,1020,483
114.945,114.945,NoButton,Drag,1020,482
114.96,114.96,NoButton,Drag,1020,481
114.978,114.978,NoButton,Drag,1022,478
114.995,114.995,NoButton,Drag,1025,475
115.011,115.011,NoButton,Drag,1026,472
115.027,115.027,NoButton,Drag,1029,468
115.044,115.044,NoButton,Drag,1033,464
115.061,115.061,NoButton,Drag,1038,461
115.078,115.078,NoButton,Drag,1041,458
115.095,115.095,NoButton,Drag,1041,457
115.146,115.146,NoButton,Drag,1041,457
115.154,115.154,NoButton,Drag,1041,457
115.162,115.162,NoButton,Drag,1041,457
115.178,115.178,NoButton,Drag,1041,456
115.194,115.194,NoButton,Drag,1039,456
115.211,115.211,NoButton,Drag,1036,456
115.228,115.228,NoButton,Drag,1032,456
115.244,115.244,NoButton,Drag,1030,458
115.261,115.261,NoButton,Drag,1028,459
115.278,115.278,NoButton,Drag,1027,459
115.294,115.294,NoButton,Drag,1027,460
115.312,115.312,NoButton,Drag,1026,460
115.328,115.328,NoButton,Drag,1025,460
115.344,115.344,NoButton,Drag,1025,460
115.365,115.365,Left,Pressed,1025,460
115.44,115.44,NoButton,Drag,1025,460
115.46,115.46,NoButton,Drag,1025,460
115.464,115.464,NoButton,Drag,1024,460
115.472,115.472,NoButton,Drag,1024,459
115.476,115.476,NoButton,Drag,1024,459
115.48,115.48,NoButton,Drag,1024,459
115.484,115.484,NoButton,Drag,1024,459
115.488,115.488,NoButton,Drag,1023,459
115.492,115.492,NoButton,Drag,1023,458
115.497,115.497,Left,Released,1023,458
115.5,115.5,NoButton,Drag,1023,458
115.512,115.512,NoButton,Drag,1022,458
115.529,115.529,NoButton,Drag,1021,457
115.545,115.545,NoButton,Drag,1019,456
115.564,115.564,NoButton,Drag,1015,456
115.58,115.58,NoButton,Drag,1007,456
115.597,115.597,NoButton,Drag,998,456
115.614,115.614,NoButton,Drag,987,456
115.631,115.631,NoButton,Drag,969,457
115.647,115.647,NoButton,Drag,941,457
115.665,115.665,NoButton,Drag,898,458
115.68,115.68,NoButton,Drag,832,458
115.699,115.699,NoButton,Drag,783,459
115.715,115.715,NoButton,Drag,747,460
115.732,115.732,NoButton,Drag,727,460
115.748,115.748,NoButton,Drag,721,460
115.765,115.765,NoButton,Drag,721,459
115.782,115.782,NoButton,Drag,720,459
115.812,115.812,NoButton,Drag,720,459
115.816,115.816,NoButton,Drag,720,459
115.832,115.832,NoButton,Drag,716,459
115.849,115.849,NoButton,Drag,701,463
115.866,115.866,NoButton,Drag,683,468
115.884,115.884,NoButton,Drag,658,472
115.899,115.899,NoButton,Drag,631,476
115.916,115.916,NoButton,Drag,603,480
115.933,115.933,NoButton,Drag,590,482
115.95,115.95,NoButton,Drag,583,482
115.967,115.967,NoButton,Drag,582,483
116.091,116.091,NoButton,Drag,582,483
116.098,116.098,NoButton,Drag,581,483
116.102,116.102,NoButton,Drag,581,483
116.117,116.117,NoButton,Drag,581,484
116.134,116.134,NoButton,Drag,578,486
116.15,116.15,NoButton,Drag,571,491
116.167,116.167,NoButton,Drag,562,495
116.183,116.183,NoButton,Drag,549,498
116.2,116.2,NoButton,Drag,531,503
116.217,116.217,NoButton,Drag,508,505
116.234,116.234,NoButton,Drag,481,506
116.251,116.251,NoButton,Drag,441,506
116.268,116.268,NoButton,Drag,407,506
116.284,116.284,NoButton,Drag,378,506
116.301,116.301,NoButton,Drag,357,504
116.317,116.317,NoButton,Drag,349,503
116.342,116.342,NoButton,Drag,350,503
116.351,116.351,NoButton,Drag,353,503
116.368,116.368,NoButton,Drag,375,503
116.384,116.384,NoButton,Drag,439,505
116.401,116.401,NoButton,Drag,554,505
116.418,116.418,NoButton,Drag,692,503
116.434,116.434,NoButton,Drag,820,503
116.451,116.451,NoButton,Drag,936,502
116.467,116.467,NoButton,Drag,1001,502
116.484,116.484,NoButton,Drag,1041,502
116.501,116.501,NoButton,Drag,1059,503
116.518,116.518,NoButton,Drag,1060,503
116.534,116.534,NoButton,Drag,1060,504
116.552,116.552,NoButton,Drag,1055,509
116.568,116.568,NoButton,Drag,1037,515
116.585,116.585,NoButton,Drag,986,526
116.602,116.602,NoButton,Drag,926,533
116.619,116.619,NoButton,Drag,861,536
116.635,116.635,NoButton,Drag,801,538
116.652,116.652,NoButton,Drag,740,538
116.665,116.665,NoButton,Drag,684,534
116.682,116.682,NoButton,Drag,628,530
116.699,116.699,NoButton,Drag,584,525
116.716,116.716,NoButton,Drag,547,522
116.732,116.732,NoButton,Drag,522,520
116.749,116.749,NoButton,Drag,505,519
116.766,116.766,NoButton,Drag,500,519
116.783,116.783,NoButton,Drag,499,519
116.808,116.808,NoButton,Drag,500,519
116.816,116.816,NoButton,Drag,500,519
116.832,116.832,NoButton,Drag,513,522
116.849,116.849,NoButton,Drag,543,524
116.866,116.866,NoButton,Drag,598,524
116.883,116.883,NoButton,Drag,670,524
116.899,116.899,NoButton,Drag,753,524
116.916,116.916,NoButton,Drag,840,524
116.932,116.932,NoButton,Drag,921,524
116.948,116.948,NoButton,Drag,976,524
116.965,116.965,NoButton,Drag,1011,527
116.981,116.981,NoButton,Drag,1019,529
116.998,116.998,NoButton,Drag,1020,529
117.015,117.015,NoButton,Drag,1020,530
117.032,117.032,NoButton,Drag,1018,532
117.048,117.048,NoButton,Drag,1014,534
117.065,117.065,NoButton,Drag,1007,536
117.081,117.081,NoButton,Drag,1000,538
117.098,117.098,NoButton,Drag,991,540
117.115,117.115,NoButton,Drag,985,542
117.132,117.132,NoButton,Drag,976,544
117.148,117.148,NoButton,Drag,965,547
117.166,117.166,NoButton,Drag,951,551
117.182,117.182,NoButton,Drag,936,555
117.198,117.198,NoButton,Drag,925,558
117.214,117.214,NoButton,Drag,918,559
117.231,117.231,NoButton,Drag,917,559
117.303,117.303,Left,Pressed,917,559
117.422,117.422,NoButton,Drag,917,559
117.427,117.427,Left,Released,917,559
117.43,117.43,NoButton,Drag,917,559
117.434,117.434,NoButton,Drag,917,560
117.449,117.449,NoButton,Drag,915,561
117.465,117.465,NoButton,Drag,912,563
117.482,117.482,NoButton,Drag,908,565
117.498,117.498,NoButton,Drag,904,568
117.515,117.515,NoButton,Drag,902,571
117.532,117.532,NoButton,Drag,901,572
117.549,117.549,NoButton,Drag,901,572
117.57,117.57,NoButton,Drag,901,572
117.582,117.582,NoButton,Drag,900,572
117.598,117.598,NoButton,Drag,900,573
117.615,117.615,NoButton,Drag,900,574
117.632,117.632,Left,Pressed,900,574
117.633,117.633,NoButton,Drag,900,574
117.749,117.749,Left,Released,900,574
117.766,117.766,NoButton,Drag,899,575
117.768,117.768,NoButton,Drag,899,575
117.783,117.783,NoButton,Drag,899,576
117.799,117.799,NoButton,Drag,897,577
117.816,117.816,NoButton,Drag,892,580
117.833,117.833,NoButton,Drag,886,584
117.849,117.849,NoButton,Drag,878,586
117.867,117.867,NoButton,Drag,871,589
117.884,117.884,NoButton,Drag,864,593
117.9,117.9,NoButton,Drag,858,597
117.917,117.917,NoButton,Drag,850,602
117.933,117.933,NoButton,Drag,844,606
117.951,117.951,NoButton,Drag,838,609
117.967,117.967,NoButton,Drag,833,613
117.984,117.984,NoButton,Drag,829,616
118.001,118.001,NoButton,Drag,824,619
118.017,118.017,NoButton,Drag,819,621
118.034,118.034,NoButton,Drag,815,623
118.051,118.051,NoButton,Drag,810,624
118.067,118.067,NoButton,Drag,808,624
118.084,118.084,NoButton,Drag,807,624
118.187,118.187,Left,Pressed,807,624
118.224,118.224,NoButton,Drag,806,624
118.259,118.259,NoButton,Drag,806,624
118.278,118.278,NoButton,Drag,806,624
118.287,118.287,Left,Released,806,624
118.29,118.29,NoButton,Drag,806,624
118.342,118.342,NoButton,Drag,806,624
118.358,118.358,NoButton,Drag,805,624
118.37,118.37,NoButton,Drag,805,624
118.386,118.386,NoButton,Drag,803,625
118.403,118.403,NoButton,Drag,799,628
118.42,118.42,NoButton,Drag,793,632
118.437,118.437,NoButton,Drag,789,635
118.453,118.453,NoButton,Drag,786,638
118.47,118.47,NoButton,Drag,782,640
118.487,118.487,NoButton,Drag,780,642
118.505,118.505,NoButton,Drag,779,643
118.521,118.521,NoButton,Drag,779,643
118.537,118.537,NoButton,Drag,779,643
118.554,118.554,NoButton,Drag,778,643
118.594,118.594,NoButton,Drag,778,642
118.598,118.598,NoButton,Drag,779,642
118.604,118.604,NoButton,Drag,779,642
118.621,118.621,NoButton,Drag,780,640
118.638,118.638,NoButton,Drag,782,639
118.654,118.654,NoButton,Drag,785,635
118.667,118.667,NoButton,Drag,788,633
118.684,118.684,NoButton,Drag,790,631
118.701,118.701,NoButton,Drag,791,630
118.816,118.816,Scroll,Up,791,630
118.833,118.833,Scroll,Up,791,630
118.852,118.852,Scroll,Up,791,630
118.876,118.876,Scroll,Up,791,630
118.924,118.924,Scroll,Up,791,630
119.021,119.021,NoButton,Drag,792,630
119.024,119.024,NoButton,Drag,792,629
119.034,119.034,NoButton,Drag,792,629
119.05,119.05,NoButton,Drag,792,628
119.066,119.066,NoButton,Drag,792,628
119.083,119.083,NoButton,Drag,793,627
119.1,119.1,NoButton,Drag,793,626
119.117,119.117,NoButton,Drag,794,625
119.133,119.133,NoButton,Drag,794,624
119.15,119.15,NoButton,Drag,794,624
119.167,119.167,NoButton,Drag,795,624
119.293,119.293,NoButton,Drag,795,624
119.351,119.351,Scroll,Down,795,624
119.382,119.382,Scroll,Down,795,624
119.418,119.418,Scroll,Down,795,624
119.454,119.454,Scroll,Down,795,624
119.555,119.555,NoButton,Drag,795,624
119.698,119.698,NoButton,Drag,795,623
119.706,119.706,NoButton,Drag,795,623
119.718,119.718,NoButton,Drag,796,623
119.727,119.727,NoButton,Drag,796,623
119.744,119.744,NoButton,Drag,796,622
119.76,119.76,NoButton,Drag,797,620
119.777,119.777,NoButton,Drag,799,618
119.794,119.794,NoButton,Drag,801,613
119.811,119.811,NoButton,Drag,805,606
119.828,119.828,NoButton,Drag,809,599
119.845,119.845,NoButton,Drag,815,590
119.86,119.86,NoButton,Drag,820,581
119.878,119.878,NoButton,Drag,824,571
119.894,119.894,NoButton,Drag,828,562
119.911,119.911,NoButton,Drag,830,552
119.927,119.927,NoButton,Drag,832,546
119.945,119.945,NoButton,Drag,834,540
119.962,119.962,NoButton,Drag,834,536
119.978,119.978,NoButton,Drag,834,531
119.995,119.995,NoButton,Drag,834,528
120.012,120.012,NoButton,Drag,833,526
120.028,120.028,NoButton,Drag,833,524
120.045,120.045,NoButton,Drag,832,521
120.062,120.062,NoButton,Drag,831,519
120.078,120.078,NoButton,Drag,830,517
120.095,120.095,NoButton,Drag,829,515
120.112,120.112,NoButton,Drag,828,513
120.128,120.128,NoButton,Drag,827,512
120.146,120.146,NoButton,Drag,826,510
120.161,120.161,NoButton,Drag,825,510
120.179,120.179,NoButton,Drag,824,509
120.196,120.196,NoButton,Drag,821,508
120.213,120.213,NoButton,Drag,819,508
120.23,120.23,NoButton,Drag,816,507
120.246,120.246,NoButton,Drag,814,506
120.263,120.263,NoButton,Drag,811,505
120.28,120.28,NoButton,Drag,809,504
120.297,120.297,NoButton,Drag,809,503
120.382,120.382,Left,Pressed,809,503
120.457,120.457,Left,Released,809,503
120.603,120.603,NoButton,Drag,809,503
120.607,120.607,NoButton,Drag,809,503
120.615,120.615,NoButton,Drag,809,502
120.631,120.631,NoButton,Drag,809,502
120.649,120.649,NoButton,Drag,808,501
120.664,120.664,NoButton,Drag,808,500
120.682,120.682,NoButton,Drag,808,499
120.698,120.698,NoButton,Drag,808,498
120.714,120.714,NoButton,Drag,808,498
120.731,120.731,NoButton,Drag,808,497
120.75,120.75,NoButton,Drag,807,497
120.764,120.764,NoButton,Drag,807,497
120.782,120.782,NoButton,Drag,803,500
120.798,120.798,NoButton,Drag,794,504
120.815,120.815,NoButton,Drag,775,511
120.831,120.831,NoButton,Drag,759,517
120.849,120.849,NoButton,Drag,739,522
120.865,120.865,NoButton,Drag,720,528
120.881,120.881,NoButton,Drag,703,532
120.899,120.899,NoButton,Drag,688,536
120.915,120.915,NoButton,Drag,681,538
120.933,120.933,NoButton,Drag,678,539
120.95,120.95,NoButton,Drag,678,539
120.966,120.966,NoButton,Drag,677,540
120.983,120.983,NoButton,Drag,677,541
120.999,120.999,NoButton,Drag,677,543
121.016,121.016,NoButton,Drag,677,544
121.033,121.033,NoButton,Drag,677,545
121.049,121.049,NoButton,Drag,677,547
121.066,121.066,NoButton,Drag,677,548
121.083,121.083,NoButton,Drag,677,550
121.1,121.1,NoButton,Drag,677,553
121.116,121.116,NoButton,Drag,677,557
121.133,121.133,NoButton,Drag,675,562
121.15,121.15,NoButton,Drag,672,569
121.166,121.166,NoButton,Drag,669,577
121.187,121.187,NoButton,Drag,665,585
121.204,121.204,NoButton,Drag,663,591
121.22,121.22,NoButton,Drag,660,597
121.237,121.237,NoButton,Drag,657,601
121.254,121.254,NoButton,Drag,656,604
121.271,121.271,NoButton,Drag,655,606
121.288,121.288,NoButton,Drag,655,607
121.305,121.305,NoButton,Drag,655,607
121.413,121.413,Left,Pressed,655,607
121.537,121.537,Left,Released,655,607
121.585,121.585,NoButton,Drag,655,607
121.588,121.588,NoButton,Drag,654,607
121.592,121.592,NoButton,Drag,654,607
121.608,121.608,NoButton,Drag,653,608
121.625,121.625,NoButton,Drag,648,610
121.641,121.641,NoButton,Drag,646,612
121.658,121.658,NoButton,Drag,643,613
121.675,121.675,NoButton,Drag,641,614
121.693,121.693,NoButton,Drag,641,614
121.711,121.711,NoButton,Drag,641,615
121.859,121.859,NoButton,Drag,640,615
121.862,121.862,NoButton,Drag,640,615
121.877,121.877,NoButton,Drag,640,616
121.894,121.894,NoButton,Drag,639,618
121.911,121.911,NoButton,Drag,638,621
121.927,121.927,NoButton,Drag,638,625
121.945,121.945,NoButton,Drag,638,628
121.962,121.962,NoButton,Drag,638,631
121.979,121.979,NoButton,Drag,639,634
121.995,121.995,NoButton,Drag,639,636
122.013,122.013,NoButton,Drag,640,637
122.029,122.029,NoButton,Drag,640,638
122.067,122.067,NoButton,Drag,640,638
122.087,122.087,NoButton,Drag,640,638
122.096,122.096,NoButton,Drag,641,638
122.113,122.113,NoButton,Drag,641,638
122.115,122.115,Left,Pressed,641,638
122.116,122.116,NoButton,Drag,641,638
122.118,122.118,NoButton,Drag,641,638
122.122,122.122,NoButton,Drag,641,639
122.126,122.126,NoButton,Drag,641,639
122.13,122.13,NoButton,Drag,641,639
122.134,122.134,NoButton,Drag,641,639
122.138,122.138,NoButton,Drag,642,639
122.142,122.142,NoButton,Drag,642,640
122.154,122.154,NoButton,Drag,642,640
122.207,122.207,NoButton,Drag,642,640
122.233,122.233,Left,Released,642,640
122.238,122.238,NoButton,Drag,642,640
122.247,122.247,NoButton,Drag,642,640
122.251,122.251,NoButton,Drag,642,640
122.263,122.263,NoButton,Drag,644,639
122.28,122.28,NoButton,Drag,645,638
122.297,122.297,NoButton,Drag,649,636
122.313,122.313,NoButton,Drag,654,632
122.33,122.33,NoButton,Drag,661,627
122.347,122.347,NoButton,Drag,669,622
122.363,122.363,NoButton,Drag,680,616
122.381,122.381,NoButton,Drag,694,607
122.397,122.397,NoButton,Drag,705,600
122.414,122.414,NoButton,Drag,713,593
122.431,122.431,NoButton,Drag,720,587
122.448,122.448,NoButton,Drag,726,581
122.464,122.464,NoButton,Drag,732,576
122.481,122.481,NoButton,Drag,739,568
122.497,122.497,NoButton,Drag,744,561
122.514,122.514,NoButton,Drag,749,556
122.531,122.531,NoButton,Drag,751,554
122.582,122.582,NoButton,Drag,751,553
122.601,122.601,NoButton,Drag,751,554
122.614,122.614,NoButton,Drag,749,555
122.632,122.632,NoButton,Drag,746,557
122.648,122.648,NoButton,Drag,743,559
122.664,122.664,NoButton,Drag,741,560
122.693,122.693,NoButton,Drag,741,560
122.705,122.705,NoButton,Drag,741,560
122.718,122.718,NoButton,Drag,741,560
122.735,122.735,NoButton,Drag,741,559
122.752,122.752,NoButton,Drag,741,555
122.769,122.769,NoButton,Drag,744,548
122.785,122.785,NoButton,Drag,749,541
122.802,122.802,NoButton,Drag,754,534
122.819,122.819,NoButton,Drag,759,527
122.835,122.835,NoButton,Drag,763,521
122.853,122.853,NoButton,Drag,764,519
122.869,122.869,NoButton,Drag,765,517
122.886,122.886,NoButton,Drag,767,515
122.902,122.902,NoButton,Drag,768,512
122.919,122.919,NoButton,Drag,771,508
122.938,122.938,NoButton,Drag,773,505
122.955,122.955,NoButton,Drag,775,502
122.972,122.972,NoButton,Drag,777,500
122.988,122.988,NoButton,Drag,778,497
123.004,123.004,NoButton,Drag,779,496
123.021,123.021,NoButton,Drag,779,495
123.039,123.039,NoButton,Drag,779,495
123.096,123.096,Left,Pressed,779,495
123.215,123.215,Left,Released,779,495
123.267,123.267,NoButton,Drag,779,495
123.274,123.274,NoButton,Drag,779,495
123.288,123.288,NoButton,Drag,779,496
123.305,123.305,NoButton,Drag,779,496
123.321,123.321,NoButton,Drag,778,497
123.338,123.338,NoButton,Drag,778,498
123.354,123.354,NoButton,Drag,777,500
123.371,123.371,NoButton,Drag,773,504
123.387,123.387,NoButton,Drag,767,509
123.404,123.404,NoButton,Drag,761,515
123.421,123.421,NoButton,Drag,756,519
123.437,123.437,NoButton,Drag,754,521
123.549,123.549,NoButton,Drag,753,521
123.553,123.553,NoButton,Drag,753,522
123.557,123.557,NoButton,Drag,753,522
123.573,123.573,NoButton,Drag,751,525
123.589,123.589,NoButton,Drag,746,533
123.605,123.605,NoButton,Drag,739,542
123.623,123.623,NoButton,Drag,732,551
123.64,123.64,NoButton,Drag,724,560
123.656,123.656,NoButton,Drag,717,568
123.673,123.673,NoButton,Drag,710,577
123.691,123.691,NoButton,Drag,704,582
123.707,123.707,NoButton,Drag,700,587
123.724,123.724,NoButton,Drag,697,591
123.74,123.74,NoButton,Drag,692,596
123.757,123.757,NoButton,Drag,688,599
123.774,123.774,NoButton,Drag,683,602
123.79,123.79,NoButton,Drag,679,605
123.807,123.807,NoButton,Drag,675,608
123.824,123.824,NoButton,Drag,670,610
123.841,123.841,NoButton,Drag,664,613
123.857,123.857,NoButton,Drag,660,615
123.874,123.874,NoButton,Drag,658,616
123.964,123.964,NoButton,Drag,657,616
123.968,123.968,NoButton,Drag,657,616
123.974,123.974,NoButton,Drag,657,617
123.991,123.991,NoButton,Drag,656,617
124.008,124.008,NoButton,Drag,655,618
124.024,124.024,NoButton,Drag,654,619
124.041,124.041,NoButton,Drag,654,620
124.058,124.058,NoButton,Drag,653,622
124.075,124.075,NoButton,Drag,650,624
124.091,124.091,NoButton,Drag,650,625
124.109,124.109,NoButton,Drag,649,626
124.125,124.125,NoButton,Drag,649,626
124.142,124.142,NoButton,Drag,648,627
124.158,124.158,NoButton,Drag,648,628
124.175,124.175,NoButton,Drag,647,629
124.19,124.19,NoButton,Drag,647,630
124.206,124.206,NoButton,Drag,647,631
124.223,124.223,NoButton,Drag,647,632
124.24,124.24,NoButton,Drag,646,632
124.257,124.257,NoButton,Drag,646,633
124.274,124.274,NoButton,Drag,646,633
124.29,124.29,NoButton,Drag,646,635
124.307,124.307,NoButton,Drag,646,636
124.324,124.324,NoButton,Drag,646,636
124.341,124.341,NoButton,Drag,645,637
124.357,124.357,NoButton,Drag,645,637
124.373,124.373,NoButton,Drag,645,638
124.39,124.39,NoButton,Drag,645,639
124.407,124.407,NoButton,Drag,645,640
124.424,124.424,NoButton,Drag,645,640
124.439,124.439,NoButton,Drag,645,641
124.456,124.456,NoButton,Drag,645,641
124.463,124.463,NoButton,Drag,645,641
124.472,124.472,Left,Pressed,645,641
124.473,124.473,NoButton,Drag,646,642
124.474,124.474,NoButton,Drag,646,642
124.478,124.478,NoButton,Drag,646,642
124.49,124.49,NoButton,Drag,646,642
124.494,124.494,NoButton,Drag,646,643
124.502,124.502,NoButton,Drag,646,643
124.518,124.518,NoButton,Drag,646,643
124.605,124.605,NoButton,Drag,646,643
124.632,124.632,NoButton,Drag,647,644
124.641,124.641,Left,Released,647,644
124.642,124.642,NoButton,Drag,647,644
124.656,124.656,NoButton,Drag,647,644
124.673,124.673,NoButton,Drag,648,644
124.689,124.689,NoButton,Drag,649,644
124.705,124.705,NoButton,Drag,651,644
124.722,124.722,NoButton,Drag,653,645
124.738,124.738,NoButton,Drag,657,647
124.755,124.755,NoButton,Drag,661,648
124.773,124.773,NoButton,Drag,668,651
124.789,124.789,NoButton,Drag,674,654
124.806,124.806,NoButton,Drag,679,656
124.822,124.822,NoButton,Drag,683,659
124.838,124.838,NoButton,Drag,687,661
124.856,124.856,NoButton,Drag,692,664
124.873,124.873,NoButton,Drag,695,667
124.889,124.889,NoButton,Drag,696,669
124.906,124.906,NoButton,Drag,698,672
124.923,124.923,NoButton,Drag,700,675
124.939,124.939,NoButton,Drag,702,679
124.957,124.957,NoButton,Drag,705,683
124.974,124.974,NoButton,Drag,707,687
124.991,124.991,NoButton,Drag,709,691
125.007,125.007,NoButton,Drag,711,694
125.024,125.024,NoButton,Drag,713,697
125.041,125.041,NoButton,Drag,715,698
125.057,125.057,NoButton,Drag,717,699
125.075,125.075,NoButton,Drag,720,700
125.091,125.091,NoButton,Drag,721,700
125.108,125.108,NoButton,Drag,722,701
125.124,125.124,NoButton,Drag,723,701
125.141,125.141,NoButton,Drag,725,701
125.158,125.158,NoButton,Drag,728,701
125.175,125.175,NoButton,Drag,731,701
125.192,125.192,NoButton,Drag,733,701
125.21,125.21,NoButton,Drag,734,701
125.283,125.283,NoButton,Drag,734,701
125.299,125.299,NoButton,Drag,734,701
125.311,125.311,Left,Pressed,734,701
125.312,125.312,NoButton,Drag,734,701
125.314,125.314,NoButton,Drag,734,701
125.318,125.318,NoButton,Drag,735,701
125.322,125.322,NoButton,Drag,735,701
125.33,125.33,NoButton,Drag,735,701
125.426,125.426,NoButton,Drag,735,701
125.434,125.434,NoButton,Drag,735,701
125.442,125.442,NoButton,Drag,735,702
125.446,125.446,NoButton,Drag,735,702
125.45,125.45,NoButton,Drag,735,702
125.458,125.458,NoButton,Drag,735,702
125.462,125.462,NoButton,Drag,735,702
125.47,125.47,NoButton,Drag,735,703
125.475,125.475,Left,Released,735,703
125.476,125.476,NoButton,Drag,735,703
125.478,125.478,NoButton,Drag,735,703
125.494,125.494,NoButton,Drag,735,704
125.51,125.51,NoButton,Drag,733,706
125.527,125.527,NoButton,Drag,728,710
125.543,125.543,NoButton,Drag,723,713
125.56,125.56,NoButton,Drag,719,716
125.577,125.577,NoButton,Drag,712,720
125.593,125.593,NoButton,Drag,704,723
125.61,125.61,NoButton,Drag,693,726
125.627,125.627,NoButton,Drag,677,731
125.643,125.643,NoButton,Drag,662,734
125.66,125.66,NoButton,Drag,648,736
125.677,125.677,NoButton,Drag,635,736
125.694,125.694,NoButton,Drag,625,736
125.711,125.711,NoButton,Drag,620,735
125.728,125.728,NoButton,Drag,619,734
125.744,125.744,NoButton,Drag,619,732
125.761,125.761,NoButton,Drag,622,726
125.778,125.778,NoButton,Drag,632,714
125.795,125.795,NoButton,Drag,647,700
125.811,125.811,NoButton,Drag,662,688
125.828,125.828,NoButton,Drag,673,680
125.845,125.845,NoButton,Drag,677,677
125.861,125.861,NoButton,Drag,678,676
125.878,125.878,NoButton,Drag,679,675
125.895,125.895,NoButton,Drag,681,674
125.912,125.912,NoButton,Drag,682,673
125.928,125.928,NoButton,Drag,683,673
125.972,125.972,NoButton,Drag,683,673
125.976,125.976,NoButton,Drag,683,673
125.98,125.98,NoButton,Drag,683,673
125.996,125.996,NoButton,Drag,684,675
126.012,126.012,NoButton,Drag,682,682
126.029,126.029,NoButton,Drag,677,689
126.046,126.046,NoButton,Drag,671,696
126.062,126.062,NoButton,Drag,664,701
126.079,126.079,NoButton,Drag,655,708
126.095,126.095,NoButton,Drag,645,713
126.112,126.112,NoButton,Drag,627,720
126.13,126.13,NoButton,Drag,608,726
126.146,126.146,NoButton,Drag,584,735
126.163,126.163,NoButton,Drag,558,746
126.179,126.179,NoButton,Drag,536,756
126.195,126.195,NoButton,Drag,524,762
126.213,126.213,NoButton,Drag,513,769
126.229,126.229,NoButton,Drag,508,773
126.246,126.246,NoButton,Drag,507,776
126.263,126.263,NoButton,Drag,507,778
126.28,126.28,NoButton,Drag,507,778
126.31,126.31,NoButton,Drag,507,779
126.327,126.327,NoButton,Drag,507,779
126.33,126.33,NoButton,Drag,507,779
126.346,126.346,NoButton,Drag,505,780
126.363,126.363,NoButton,Drag,503,782
126.38,126.38,NoButton,Drag,499,784
126.397,126.397,NoButton,Drag,496,786
126.413,126.413,NoButton,Drag,492,787
126.43,126.43,NoButton,Drag,485,789
126.446,126.446,NoButton,Drag,476,791
126.463,126.463,NoButton,Drag,471,793
126.479,126.479,NoButton,Drag,469,794
126.497,126.497,NoButton,Drag,466,795
126.514,126.514,NoButton,Drag,464,797
126.529,126.529,NoButton,Drag,462,799
126.546,126.546,NoButton,Drag,461,802
126.563,126.563,NoButton,Drag,461,804
126.58,126.58,NoButton,Drag,461,806
126.597,126.597,NoButton,Drag,461,808
126.613,126.613,NoButton,Drag,462,810
126.63,126.63,NoButton,Drag,463,811
126.648,126.648,NoButton,Drag,463,812
126.664,126.664,NoButton,Drag,464,813
126.68,126.68,NoButton,Drag,464,814
126.697,126.697,NoButton,Drag,464,815
126.713,126.713,NoButton,Drag,464,818
126.73,126.73,NoButton,Drag,464,822
126.746,126.746,NoButton,Drag,465,828
126.763,126.763,NoButton,Drag,465,833
126.78,126.78,NoButton,Drag,464,839
126.797,126.797,NoButton,Drag,464,845
126.813,126.813,NoButton,Drag,464,851
126.815,126.815,Left,Pressed,464,851
126.815,126.815,NoButton,Drag,464,853
126.818,126.818,NoButton,Drag,464,854
126.822,126.822,NoButton,Drag,464,855
126.826,126.826,NoButton,Drag,464,857
126.83,126.83,NoButton,Drag,464,858
126.834,126.834,NoButton,Drag,464,859
126.838,126.838,NoButton,Drag,464,860
126.842,126.842,NoButton,Drag,464,862
126.846,126.846,NoButton,Drag,464,863
126.85,126.85,NoButton,Drag,465,863
126.854,126.854,NoButton,Drag,465,864
126.858,126.858,NoButton,Drag,465,865
126.862,126.862,NoButton,Drag,465,865
126.866,126.866,NoButton,Drag,465,866
126.87,126.87,NoButton,Drag,465,866
126.872,126.872,NoButton,Drag,465,867
126.876,126.876,NoButton,Drag,465,867
126.88,126.88,NoButton,Drag,465,867
126.888,126.888,NoButton,Drag,465,868
126.892,126.892,NoButton,Drag,466,868
126.9,126.9,NoButton,Drag,466,868
126.949,126.949,Left,Released,466,868
126.964,126.964,NoButton,Drag,466,868
127.008,127.008,NoButton,Drag,466,868
127.016,127.016,NoButton,Drag,466,868
127.031,127.031,NoButton,Drag,466,868
127.048,127.048,NoButton,Drag,466,867
127.065,127.065,NoButton,Drag,467,866
127.082,127.082,NoButton,Drag,468,866
127.099,127.099,NoButton,Drag,468,866
127.115,127.115,NoButton,Drag,468,866
127.132,127.132,NoButton,Drag,468,866
127.152,127.152,NoButton,Drag,469,865
127.165,127.165,NoButton,Drag,469,865
127.182,127.182,NoButton,Drag,469,865
127.199,127.199,NoButton,Drag,470,865
127.215,127.215,NoButton,Drag,471,865
127.221,127.221,NoButton,Drag,472,866
127.232,127.232,Left,Pressed,472,866
127.233,127.233,NoButton,Drag,472,866
127.236,127.236,NoButton,Drag,473,866
127.248,127.248,NoButton,Drag,473,866
127.324,127.324,NoButton,Drag,473,866
127.329,127.329,Left,Released,473,866
