record timestamp,client timestamp,button,state,x,y
0.104,0.104,NoButton,Drag,422,709
0.336,0.336,NoButton,Drag,422,734
0.337,0.337,NoButton,Drag,422,734
0.351,0.351,NoButton,Drag,422,734
0.69,0.69,NoButton,Drag,422,734
0.693,0.693,NoButton,Drag,422,734
0.701,0.701,NoButton,Drag,421,735
0.717,0.717,NoButton,Drag,415,740
0.733,0.733,NoButton,Drag,395,755
0.752,0.752,NoButton,Drag,364,776
0.769,0.769,NoButton,Drag,345,788
0.786,0.786,NoButton,Drag,343,790
0.803,0.803,NoButton,Drag,347,785
0.819,0.819,NoButton,Drag,360,772
0.836,0.836,NoButton,Drag,392,740
0.853,0.853,NoButton,Drag,422,711
0.869,0.869,NoButton,Drag,454,683
0.886,0.886,NoButton,Drag,505,651
0.903,0.903,NoButton,Drag,577,616
0.919,0.919,NoButton,Drag,654,582
0.936,0.936,NoButton,Drag,755,552
0.952,0.952,NoButton,Drag,824,538
0.969,0.969,NoButton,Drag,883,534
0.986,0.986,NoButton,Drag,937,536
1.006,1.006,NoButton,Drag,1000,548
1.023,1.023,NoButton,Drag,1060,570
1.04,1.04,NoButton,Drag,1097,595
1.057,1.057,NoButton,Drag,1126,621
1.074,1.074,NoButton,Drag,1140,639
1.089,1.089,NoButton,Drag,1143,649
1.107,1.107,NoButton,Drag,1142,657
1.124,1.124,NoButton,Drag,1141,662
1.14,1.14,NoButton,Drag,1141,664
1.157,1.157,NoButton,Drag,1141,665
1.179,1.179,NoButton,Drag,1141,665
1.191,1.191,NoButton,Drag,1141,665
1.207,1.207,NoButton,Drag,1142,665
1.224,1.224,NoButton,Drag,1143,665
1.24,1.24,NoButton,Drag,1145,664
1.257,1.257,NoButton,Drag,1149,664
1.274,1.274,NoButton,Drag,1159,663
1.292,1.292,NoButton,Drag,1170,663
1.309,1.309,NoButton,Drag,1183,666
1.325,1.325,NoButton,Drag,1201,671
1.342,1.342,NoButton,Drag,1213,677
1.359,1.359,NoButton,Drag,1223,683
1.376,1.376,NoButton,Drag,1231,690
1.392,1.392,NoButton,Drag,1237,697
1.409,1.409,NoButton,Drag,1241,704
1.425,1.425,NoButton,Drag,1244,709
1.442,1.442,NoButton,Drag,1245,714
1.459,1.459,NoButton,Drag,1245,717
1.475,1.475,NoButton,Drag,1245,719
1.492,1.492,NoButton,Drag,1246,720
1.562,1.562,NoButton,Drag,1246,720
1.573,1.573,NoButton,Drag,1246,720
1.577,1.577,NoButton,Drag,1246,719
1.592,1.592,NoButton,Drag,1247,716
1.608,1.608,NoButton,Drag,1251,701
1.625,1.625,NoButton,Drag,1257,681
1.642,1.642,NoButton,Drag,1260,675
1.956,1.956,NoButton,Drag,1259,675
1.961,1.961,NoButton,Drag,1258,673
1.977,1.977,NoButton,Drag,1251,668
1.995,1.995,NoButton,Drag,1245,667
2.011,2.011,NoButton,Drag,1243,665
2.028,2.028,NoButton,Drag,1236,650
2.045,2.045,NoButton,Drag,1229,630
2.061,2.061,NoButton,Drag,1223,607
2.078,2.078,NoButton,Drag,1223,581
2.094,2.094,NoButton,Drag,1227,556
2.111,2.111,NoButton,Drag,1235,528
2.128,2.128,NoButton,Drag,1242,512
2.145,2.145,NoButton,Drag,1249,502
2.161,2.161,NoButton,Drag,1255,491
2.178,2.178,NoButton,Drag,1259,483
2.194,2.194,NoButton,Drag,1262,476
2.211,2.211,NoButton,Drag,1264,473
2.23,2.23,NoButton,Drag,1265,471
2.284,2.284,NoButton,Drag,1265,471
2.287,2.287,NoButton,Drag,1265,471
2.296,2.296,NoButton,Drag,1265,470
2.313,2.313,NoButton,Drag,1267,469
2.329,2.329,NoButton,Drag,1269,468
2.347,2.347,NoButton,Drag,1271,466
2.364,2.364,NoButton,Drag,1273,465
2.38,2.38,NoButton,Drag,1273,465
2.397,2.397,NoButton,Drag,1274,464
2.414,2.414,NoButton,Drag,1275,466
2.43,2.43,NoButton,Drag,1280,474
2.446,2.446,NoButton,Drag,1286,492
2.464,2.464,NoButton,Drag,1293,511
2.478,2.478,NoButton,Drag,1301,536
2.495,2.495,NoButton,Drag,1308,562
2.511,2.511,NoButton,Drag,1314,592
2.529,2.529,NoButton,Drag,1318,617
2.545,2.545,NoButton,Drag,1319,641
2.561,2.561,NoButton,Drag,1321,663
2.577,2.577,NoButton,Drag,1324,689
2.593,2.593,NoButton,Drag,1325,706
2.61,2.61,NoButton,Drag,1325,718
2.627,2.627,NoButton,Drag,1325,727
2.644,2.644,NoButton,Drag,1325,733
2.66,2.66,NoButton,Drag,1325,737
2.677,2.677,NoButton,Drag,1325,742
2.694,2.694,NoButton,Drag,1325,745
2.71,2.71,NoButton,Drag,1324,748
2.728,2.728,NoButton,Drag,1323,751
2.744,2.744,NoButton,Drag,1322,752
2.76,2.76,NoButton,Drag,1321,753
2.777,2.777,NoButton,Drag,1320,754
2.794,2.794,NoButton,Drag,1318,756
2.811,2.811,NoButton,Drag,1317,757
2.828,2.828,NoButton,Drag,1315,757
2.844,2.844,NoButton,Drag,1314,757
2.861,2.861,NoButton,Drag,1313,757
2.877,2.877,NoButton,Drag,1312,757
2.894,2.894,NoButton,Drag,1311,756
2.911,2.911,NoButton,Drag,1310,755
2.927,2.927,NoButton,Drag,1309,755
2.945,2.945,NoButton,Drag,1308,753
2.96,2.96,NoButton,Drag,1307,752
2.975,2.975,NoButton,Drag,1306,750
2.991,2.991,NoButton,Drag,1304,749
3.008,3.008,NoButton,Drag,1301,747
3.025,3.025,NoButton,Drag,1297,746
3.041,3.041,NoButton,Drag,1294,746
3.058,3.058,NoButton,Drag,1292,745
3.075,3.075,NoButton,Drag,1291,745
3.16,3.16,NoButton,Drag,1290,745
3.215,3.215,NoButton,Drag,1290,745
3.219,3.219,NoButton,Drag,1290,745
3.224,3.224,NoButton,Drag,1290,745
3.24,3.24,NoButton,Drag,1288,745
3.257,3.257,NoButton,Drag,1287,746
3.273,3.273,NoButton,Drag,1284,747
3.291,3.291,NoButton,Drag,1281,748
3.307,3.307,NoButton,Drag,1279,749
3.324,3.324,NoButton,Drag,1278,749
3.367,3.367,NoButton,Drag,1278,750
3.372,3.372,Left,Pressed,1278,750
3.375,3.375,NoButton,Drag,1278,750
3.383,3.383,NoButton,Drag,1277,750
3.387,3.387,NoButton,Drag,1277,750
3.404,3.404,NoButton,Drag,1277,751
3.451,3.451,NoButton,Drag,1277,751
3.488,3.488,NoButton,Drag,1277,750
3.495,3.495,NoButton,Drag,1277,750
3.499,3.499,NoButton,Drag,1277,750
3.508,3.508,NoButton,Drag,1277,749
3.512,3.512,Left,Released,1277,749
3.513,3.513,NoButton,Drag,1276,749
3.524,3.524,NoButton,Drag,1276,748
3.54,3.54,NoButton,Drag,1275,746
3.556,3.556,NoButton,Drag,1274,746
3.574,3.574,NoButton,Drag,1273,745
3.589,3.589,NoButton,Drag,1272,745
3.607,3.607,NoButton,Drag,1270,746
3.623,3.623,NoButton,Drag,1268,747
3.64,3.64,NoButton,Drag,1267,748
3.656,3.656,NoButton,Drag,1266,749
3.674,3.674,NoButton,Drag,1266,749
3.774,3.774,Left,Pressed,1266,749
3.798,3.798,NoButton,Drag,1266,750
3.932,3.932,NoButton,Drag,1267,747
3.933,3.933,Left,Released,1267,747
3.934,3.934,NoButton,Drag,1267,746
3.948,3.948,NoButton,Drag,1267,745
4.026,4.026,NoButton,Drag,1266,744
4.034,4.034,NoButton,Drag,1266,744
4.045,4.045,NoButton,Drag,1266,743
4.068,4.068,NoButton,Drag,1267,742
4.079,4.079,NoButton,Drag,1267,742
4.092,4.092,NoButton,Drag,1267,741
4.108,4.108,NoButton,Drag,1267,741
4.124,4.124,NoButton,Drag,1267,740
4.141,4.141,NoButton,Drag,1267,740
4.159,4.159,NoButton,Drag,1267,740
4.174,4.174,NoButton,Drag,1267,740
4.191,4.191,NoButton,Drag,1266,738
4.208,4.208,NoButton,Drag,1264,737
4.225,4.225,NoButton,Drag,1261,734
4.243,4.243,NoButton,Drag,1254,728
4.259,4.259,NoButton,Drag,1244,719
4.275,4.275,NoButton,Drag,1227,706
4.292,4.292,NoButton,Drag,1215,695
4.308,4.308,NoButton,Drag,1209,683
4.326,4.326,NoButton,Drag,1208,671
4.348,4.348,NoButton,Drag,1217,647
4.365,4.365,NoButton,Drag,1240,613
4.377,4.377,NoButton,Drag,1257,588
4.395,4.395,NoButton,Drag,1282,551
4.409,4.409,NoButton,Drag,1304,511
4.426,4.426,NoButton,Drag,1318,480
4.442,4.442,NoButton,Drag,1326,456
4.462,4.462,NoButton,Drag,1331,432
4.476,4.476,NoButton,Drag,1331,420
4.492,4.492,NoButton,Drag,1331,410
4.514,4.514,NoButton,Drag,1331,399
4.529,4.529,NoButton,Drag,1331,393
4.546,4.546,NoButton,Drag,1331,389
4.562,4.562,NoButton,Drag,1328,386
4.579,4.579,NoButton,Drag,1324,383
4.596,4.596,NoButton,Drag,1315,376
4.612,4.612,NoButton,Drag,1305,370
4.628,4.628,NoButton,Drag,1294,365
4.645,4.645,NoButton,Drag,1284,359
4.662,4.662,NoButton,Drag,1276,355
4.679,4.679,NoButton,Drag,1266,350
4.695,4.695,NoButton,Drag,1262,348
4.712,4.712,NoButton,Drag,1260,347
4.793,4.793,NoButton,Drag,1260,347
4.797,4.797,NoButton,Drag,1260,347
4.813,4.813,NoButton,Drag,1258,348
4.83,4.83,NoButton,Drag,1255,349
4.846,4.846,NoButton,Drag,1250,351
4.863,4.863,NoButton,Drag,1242,353
4.88,4.88,NoButton,Drag,1230,354
4.897,4.897,NoButton,Drag,1215,355
4.913,4.913,NoButton,Drag,1205,354
4.93,4.93,NoButton,Drag,1201,353
4.947,4.947,NoButton,Drag,1200,352
4.963,4.963,NoButton,Drag,1200,351
4.981,4.981,NoButton,Drag,1201,349
4.997,4.997,NoButton,Drag,1202,346
5.014,5.014,NoButton,Drag,1205,343
5.034,5.034,NoButton,Drag,1206,340
5.056,5.056,NoButton,Drag,1208,337
5.065,5.065,NoButton,Drag,1208,337
5.081,5.081,NoButton,Drag,1209,336
5.098,5.098,NoButton,Drag,1210,335
5.114,5.114,NoButton,Drag,1210,334
5.13,5.13,NoButton,Drag,1210,334
5.131,5.131,Left,Pressed,1210,334
5.133,5.133,NoButton,Drag,1210,333
5.25,5.25,Left,Released,1210,333
5.27,5.27,NoButton,Drag,1210,333
5.277,5.277,NoButton,Drag,1210,333
5.282,5.282,NoButton,Drag,1210,333
5.3,5.3,NoButton,Drag,1210,332
5.317,5.317,NoButton,Drag,1208,331
5.332,5.332,NoButton,Drag,1207,331
5.349,5.349,NoButton,Drag,1206,331
5.366,5.366,NoButton,Drag,1204,331
5.382,5.382,NoButton,Drag,1201,332
5.399,5.399,NoButton,Drag,1195,334
5.416,5.416,NoButton,Drag,1189,336
5.432,5.432,NoButton,Drag,1179,339
5.45,5.45,NoButton,Drag,1168,342
5.466,5.466,NoButton,Drag,1155,346
5.482,5.482,NoButton,Drag,1141,349
5.501,5.501,NoButton,Drag,1122,351
5.518,5.518,NoButton,Drag,1103,351
5.534,5.534,NoButton,Drag,1081,351
5.551,5.551,NoButton,Drag,1057,347
5.568,5.568,NoButton,Drag,1024,339
5.585,5.585,NoButton,Drag,991,330
5.601,5.601,NoButton,Drag,955,320
5.618,5.618,NoButton,Drag,919,310
5.634,5.634,NoButton,Drag,884,301
5.651,5.651,NoButton,Drag,856,293
5.668,5.668,NoButton,Drag,824,287
5.685,5.685,NoButton,Drag,800,285
5.702,5.702,NoButton,Drag,779,283
5.719,5.719,NoButton,Drag,759,281
5.735,5.735,NoButton,Drag,738,281
5.752,5.752,NoButton,Drag,705,281
5.769,5.769,NoButton,Drag,670,283
5.785,5.785,NoButton,Drag,631,288
5.802,5.802,NoButton,Drag,589,297
5.819,5.819,NoButton,Drag,545,307
5.836,5.836,NoButton,Drag,492,321
5.852,5.852,NoButton,Drag,459,329
5.869,5.869,NoButton,Drag,432,336
5.886,5.886,NoButton,Drag,405,344
5.902,5.902,NoButton,Drag,385,349
5.92,5.92,NoButton,Drag,363,356
5.936,5.936,NoButton,Drag,344,361
5.952,5.952,NoButton,Drag,324,366
5.969,5.969,NoButton,Drag,299,372
5.987,5.987,NoButton,Drag,264,379
6.003,6.003,NoButton,Drag,227,386
6.021,6.021,NoButton,Drag,183,392
6.036,6.036,NoButton,Drag,131,396
6.053,6.053,NoButton,Drag,55,399
6.07,6.07,NoButton,Drag,0,401
6.087,6.087,NoButton,Drag,0,401
6.104,6.104,NoButton,Drag,0,396
6.121,6.121,NoButton,Drag,0,382
6.137,6.137,NoButton,Drag,0,367
6.154,6.154,NoButton,Drag,0,354
6.17,6.17,NoButton,Drag,0,348
6.187,6.187,NoButton,Drag,3,341
6.204,6.204,NoButton,Drag,15,328
6.22,6.22,NoButton,Drag,36,312
6.237,6.237,NoButton,Drag,70,288
6.254,6.254,NoButton,Drag,91,273
6.271,6.271,NoButton,Drag,115,253
6.287,6.287,NoButton,Drag,125,241
6.304,6.304,NoButton,Drag,129,234
6.321,6.321,NoButton,Drag,130,228
6.337,6.337,NoButton,Drag,129,223
6.354,6.354,NoButton,Drag,129,220
6.371,6.371,NoButton,Drag,129,218
6.388,6.388,NoButton,Drag,128,215
6.404,6.404,NoButton,Drag,128,210
6.421,6.421,NoButton,Drag,127,203
6.437,6.437,NoButton,Drag,126,196
6.455,6.455,NoButton,Drag,124,188
6.471,6.471,NoButton,Drag,121,180
6.488,6.488,NoButton,Drag,118,173
6.505,6.505,NoButton,Drag,117,171
6.521,6.521,NoButton,Drag,116,169
6.538,6.538,NoButton,Drag,116,168
6.554,6.554,NoButton,Drag,116,168
6.599,6.599,NoButton,Drag,116,168
6.603,6.603,NoButton,Drag,116,168
6.607,6.607,NoButton,Drag,116,167
6.621,6.621,NoButton,Drag,115,167
6.637,6.637,NoButton,Drag,115,166
6.654,6.654,NoButton,Drag,114,164
6.671,6.671,NoButton,Drag,113,163
6.687,6.687,NoButton,Drag,111,160
6.705,6.705,NoButton,Drag,110,157
6.721,6.721,NoButton,Drag,109,153
6.738,6.738,NoButton,Drag,108,149
6.755,6.755,NoButton,Drag,105,142
6.771,6.771,NoButton,Drag,103,135
6.788,6.788,NoButton,Drag,99,125
6.805,6.805,NoButton,Drag,95,119
6.821,6.821,NoButton,Drag,91,114
6.839,6.839,NoButton,Drag,89,112
6.854,6.854,NoButton,Drag,89,111
6.871,6.871,NoButton,Drag,88,111
6.93,6.93,Left,Pressed,88,111
7.098,7.098,Left,Released,88,111
7.142,7.142,NoButton,Drag,88,111
7.145,7.145,NoButton,Drag,88,111
7.154,7.154,NoButton,Drag,87,111
7.172,7.172,NoButton,Drag,85,112
7.188,7.188,NoButton,Drag,83,114
7.205,7.205,NoButton,Drag,80,115
7.221,7.221,NoButton,Drag,77,116
7.237,7.237,NoButton,Drag,75,117
7.254,7.254,NoButton,Drag,75,117
7.271,7.271,NoButton,Drag,74,117
7.334,7.334,Left,Pressed,74,117
7.462,7.462,Left,Released,74,117
7.502,7.502,NoButton,Drag,74,117
7.525,7.525,NoButton,Drag,74,117
7.537,7.537,NoButton,Drag,74,118
7.541,7.541,NoButton,Drag,74,118
7.555,7.555,NoButton,Drag,74,118
7.572,7.572,NoButton,Drag,74,120
7.589,7.589,NoButton,Drag,75,121
7.606,7.606,NoButton,Drag,75,123
7.623,7.623,NoButton,Drag,77,126
7.638,7.638,NoButton,Drag,78,129
7.655,7.655,NoButton,Drag,80,133
7.672,7.672,NoButton,Drag,85,139
7.689,7.689,NoButton,Drag,90,143
7.705,7.705,NoButton,Drag,98,148
7.722,7.722,NoButton,Drag,106,154
7.742,7.742,NoButton,Drag,120,163
7.759,7.759,NoButton,Drag,133,170
7.775,7.775,NoButton,Drag,151,179
7.792,7.792,NoButton,Drag,166,185
7.809,7.809,NoButton,Drag,181,191
7.825,7.825,NoButton,Drag,196,195
7.843,7.843,NoButton,Drag,211,198
7.859,7.859,NoButton,Drag,223,202
7.876,7.876,NoButton,Drag,237,204
7.893,7.893,NoButton,Drag,248,204
7.909,7.909,NoButton,Drag,256,204
7.926,7.926,NoButton,Drag,264,204
7.943,7.943,NoButton,Drag,271,203
7.959,7.959,NoButton,Drag,278,202
7.976,7.976,NoButton,Drag,287,202
7.995,7.995,NoButton,Drag,297,202
8.012,8.012,NoButton,Drag,306,202
8.028,8.028,NoButton,Drag,316,202
8.046,8.046,NoButton,Drag,329,202
8.063,8.063,NoButton,Drag,344,204
8.079,8.079,NoButton,Drag,359,205
8.095,8.095,NoButton,Drag,381,209
8.112,8.112,NoButton,Drag,403,213
8.129,8.129,NoButton,Drag,433,217
8.145,8.145,NoButton,Drag,457,221
8.162,8.162,NoButton,Drag,477,225
8.178,8.178,NoButton,Drag,494,229
8.195,8.195,NoButton,Drag,507,232
8.212,8.212,NoButton,Drag,515,234
8.229,8.229,NoButton,Drag,520,237
8.245,8.245,NoButton,Drag,523,240
8.264,8.264,NoButton,Drag,524,242
8.28,8.28,NoButton,Drag,524,244
8.297,8.297,NoButton,Drag,524,245
8.313,8.313,NoButton,Drag,524,248
8.33,8.33,NoButton,Drag,525,249
8.347,8.347,NoButton,Drag,525,249
8.363,8.363,NoButton,Drag,525,249
8.381,8.381,NoButton,Drag,526,249
8.397,8.397,NoButton,Drag,529,249
8.414,8.414,NoButton,Drag,537,247
8.431,8.431,NoButton,Drag,547,244
8.448,8.448,NoButton,Drag,561,240
8.464,8.464,NoButton,Drag,576,236
8.48,8.48,NoButton,Drag,590,233
8.497,8.497,NoButton,Drag,604,229
8.515,8.515,NoButton,Drag,611,227
8.531,8.531,NoButton,Drag,613,227
8.586,8.586,Left,Pressed,613,227
8.587,8.587,NoButton,Drag,613,227
8.589,8.589,NoButton,Drag,613,227
8.593,8.593,NoButton,Drag,614,227
8.597,8.597,NoButton,Drag,614,227
8.609,8.609,NoButton,Drag,614,227
8.613,8.613,NoButton,Drag,614,227
8.694,8.694,NoButton,Drag,614,227
8.712,8.712,Left,Released,614,227
8.713,8.713,NoButton,Drag,614,227
8.908,8.908,NoButton,Drag,615,227
8.915,8.915,NoButton,Drag,615,226
8.932,8.932,NoButton,Drag,617,226
8.949,8.949,NoButton,Drag,623,224
8.965,8.965,NoButton,Drag,643,219
8.982,8.982,NoButton,Drag,676,215
8.998,8.998,NoButton,Drag,712,215
9.015,9.015,NoButton,Drag,749,221
9.031,9.031,NoButton,Drag,801,237
9.048,9.048,NoButton,Drag,843,255
9.065,9.065,NoButton,Drag,880,276
9.081,9.081,NoButton,Drag,910,295
9.098,9.098,NoButton,Drag,937,315
9.116,9.116,NoButton,Drag,963,338
9.131,9.131,NoButton,Drag,980,355
9.148,9.148,NoButton,Drag,997,371
9.165,9.165,NoButton,Drag,1011,387
9.182,9.182,NoButton,Drag,1026,403
9.198,9.198,NoButton,Drag,1038,418
9.215,9.215,NoButton,Drag,1048,432
9.231,9.231,NoButton,Drag,1060,450
9.248,9.248,NoButton,Drag,1070,464
9.265,9.265,NoButton,Drag,1079,476
9.281,9.281,NoButton,Drag,1090,492
9.298,9.298,NoButton,Drag,1097,503
9.314,9.314,NoButton,Drag,1105,514
9.331,9.331,NoButton,Drag,1113,525
9.348,9.348,NoButton,Drag,1119,538
9.364,9.364,NoButton,Drag,1125,549
9.381,9.381,NoButton,Drag,1130,566
9.398,9.398,NoButton,Drag,1134,579
9.415,9.415,NoButton,Drag,1137,590
9.432,9.432,NoButton,Drag,1142,610
9.448,9.448,NoButton,Drag,1146,626
9.465,9.465,NoButton,Drag,1154,642
9.481,9.481,NoButton,Drag,1167,662
9.497,9.497,NoButton,Drag,1176,673
9.513,9.513,NoButton,Drag,1192,689
9.53,9.53,NoButton,Drag,1204,699
9.538,9.538,NoButton,Drag,1207,702
9.547,9.547,Left,Pressed,1207,702
9.547,9.547,NoButton,Drag,1215,708
9.549,9.549,NoButton,Drag,1218,710
9.553,9.553,NoButton,Drag,1221,712
9.557,9.557,NoButton,Drag,1223,714
9.561,9.561,NoButton,Drag,1225,716
9.565,9.565,NoButton,Drag,1227,718
9.569,9.569,NoButton,Drag,1229,720
9.573,9.573,NoButton,Drag,1231,722
9.577,9.577,NoButton,Drag,1233,724
9.581,9.581,NoButton,Drag,1235,725
9.585,9.585,NoButton,Drag,1237,727
9.589,9.589,NoButton,Drag,1239,729
9.593,9.593,NoButton,Drag,1241,730
9.597,9.597,NoButton,Drag,1242,732
9.601,9.601,NoButton,Drag,1244,733
9.605,9.605,NoButton,Drag,1245,735
9.609,9.609,NoButton,Drag,1246,736
9.613,9.613,NoButton,Drag,1248,737
9.617,9.617,NoButton,Drag,1249,738
9.621,9.621,NoButton,Drag,1250,739
9.625,9.625,NoButton,Drag,1251,740
9.629,9.629,NoButton,Drag,1252,741
9.633,9.633,NoButton,Drag,1253,742
9.637,9.637,NoButton,Drag,1254,742
9.641,9.641,NoButton,Drag,1254,743
9.645,9.645,NoButton,Drag,1255,743
9.649,9.649,NoButton,Drag,1256,743
9.653,9.653,Left,Released,1256,743
9.654,9.654,NoButton,Drag,1256,744
9.662,9.662,NoButton,Drag,1257,744
9.679,9.679,NoButton,Drag,1257,745
9.696,9.696,NoButton,Drag,1258,745
9.713,9.713,NoButton,Drag,1258,744
9.729,9.729,NoButton,Drag,1258,744
9.746,9.746,NoButton,Drag,1257,743
9.763,9.763,NoButton,Drag,1257,742
9.779,9.779,NoButton,Drag,1257,741
9.796,9.796,NoButton,Drag,1257,740
9.812,9.812,NoButton,Drag,1256,737
9.829,9.829,NoButton,Drag,1256,734
9.846,9.846,NoButton,Drag,1257,731
9.863,9.863,NoButton,Drag,1257,728
9.879,9.879,NoButton,Drag,1257,724
9.896,9.896,NoButton,Drag,1257,721
9.912,9.912,NoButton,Drag,1257,718
9.929,9.929,NoButton,Drag,1257,716
9.946,9.946,NoButton,Drag,1257,716
9.975,9.975,NoButton,Drag,1257,716
9.987,9.987,NoButton,Drag,1257,716
9.992,9.992,Left,Pressed,1257,716
9.999,9.999,NoButton,Drag,1257,716
10.007,10.007,NoButton,Drag,1258,716
10.011,10.011,NoButton,Drag,1258,716
10.023,10.023,NoButton,Drag,1258,716
10.059,10.059,NoButton,Drag,1258,716
10.079,10.079,NoButton,Drag,1258,717
10.095,10.095,NoButton,Drag,1257,717
10.1,10.1,Left,Released,1257,717
10.1,10.1,NoButton,Drag,1257,717
10.111,10.111,NoButton,Drag,1256,716
10.128,10.128,NoButton,Drag,1254,715
10.146,10.146,NoButton,Drag,1252,715
10.162,10.162,NoButton,Drag,1248,715
10.179,10.179,NoButton,Drag,1243,715
10.195,10.195,NoButton,Drag,1237,715
10.212,10.212,NoButton,Drag,1233,716
10.229,10.229,NoButton,Drag,1231,716
10.257,10.257,NoButton,Drag,1231,717
10.269,10.269,NoButton,Drag,1231,717
10.279,10.279,NoButton,Drag,1231,717
10.286,10.286,Left,Pressed,1231,717
10.287,10.287,NoButton,Drag,1231,718
10.293,10.293,NoButton,Drag,1232,718
10.374,10.374,NoButton,Drag,1231,718
10.391,10.391,NoButton,Drag,1231,717
10.398,10.398,Left,Released,1231,717
10.401,10.401,NoButton,Drag,1231,717
10.413,10.413,NoButton,Drag,1231,717
10.429,10.429,NoButton,Drag,1231,716
10.445,10.445,NoButton,Drag,1231,715
10.462,10.462,NoButton,Drag,1231,714
10.478,10.478,NoButton,Drag,1231,713
10.496,10.496,NoButton,Drag,1231,713
10.512,10.512,NoButton,Drag,1231,711
10.53,10.53,NoButton,Drag,1232,709
10.546,10.546,NoButton,Drag,1232,707
10.563,10.563,NoButton,Drag,1233,704
10.58,10.58,NoButton,Drag,1234,700
10.596,10.596,NoButton,Drag,1235,695
10.612,10.612,NoButton,Drag,1236,691
10.629,10.629,NoButton,Drag,1235,685
10.646,10.646,NoButton,Drag,1233,680
10.663,10.663,NoButton,Drag,1229,676
10.679,10.679,NoButton,Drag,1215,670
10.696,10.696,NoButton,Drag,1196,665
10.713,10.713,NoButton,Drag,1170,663
10.729,10.729,NoButton,Drag,1134,663
10.745,10.745,NoButton,Drag,1096,664
10.763,10.763,NoButton,Drag,1051,667
10.779,10.779,NoButton,Drag,1002,673
10.795,10.795,NoButton,Drag,955,679
10.812,10.812,NoButton,Drag,898,690
10.829,10.829,NoButton,Drag,854,700
10.846,10.846,NoButton,Drag,812,711
10.862,10.862,NoButton,Drag,768,721
10.879,10.879,NoButton,Drag,722,731
10.895,10.895,NoButton,Drag,668,745
10.912,10.912,NoButton,Drag,628,754
10.929,10.929,NoButton,Drag,595,762
10.945,10.945,NoButton,Drag,570,768
10.962,10.962,NoButton,Drag,550,774
10.979,10.979,NoButton,Drag,532,780
10.995,10.995,NoButton,Drag,515,787
11.012,11.012,NoButton,Drag,499,797
11.028,11.028,NoButton,Drag,490,803
11.045,11.045,NoButton,Drag,482,809
11.062,11.062,NoButton,Drag,471,817
11.079,11.079,NoButton,Drag,457,825
11.095,11.095,NoButton,Drag,444,832
11.112,11.112,NoButton,Drag,427,839
11.129,11.129,NoButton,Drag,413,842
11.145,11.145,NoButton,Drag,400,846
11.162,11.162,NoButton,Drag,388,849
11.179,11.179,NoButton,Drag,375,851
11.195,11.195,NoButton,Drag,368,851
11.212,11.212,NoButton,Drag,367,851
11.229,11.229,NoButton,Drag,361,851
11.245,11.245,NoButton,Drag,360,850
11.261,11.261,NoButton,Drag,358,849
11.279,11.279,NoButton,Drag,356,848
11.294,11.294,NoButton,Drag,354,847
11.311,11.311,NoButton,Drag,354,846
11.329,11.329,NoButton,Drag,354,846
11.345,11.345,NoButton,Drag,354,845
11.362,11.362,NoButton,Drag,354,845
11.378,11.378,NoButton,Drag,353,845
11.395,11.395,NoButton,Drag,350,845
11.411,11.411,NoButton,Drag,344,846
11.429,11.429,NoButton,Drag,336,846
11.445,11.445,NoButton,Drag,326,847
11.462,11.462,NoButton,Drag,315,848
11.479,11.479,NoButton,Drag,302,848
11.495,11.495,NoButton,Drag,292,848
11.511,11.511,NoButton,Drag,282,847
11.528,11.528,NoButton,Drag,276,846
11.545,11.545,NoButton,Drag,270,844
11.561,11.561,NoButton,Drag,267,844
11.579,11.579,NoButton,Drag,266,843
11.595,11.595,NoButton,Drag,266,843
11.652,11.652,NoButton,Drag,266,843
11.659,11.659,NoButton,Drag,266,842
11.665,11.665,NoButton,Drag,266,842
11.679,11.679,NoButton,Drag,266,842
11.695,11.695,NoButton,Drag,266,841
11.711,11.711,NoButton,Drag,266,839
11.728,11.728,NoButton,Drag,266,838
11.745,11.745,NoButton,Drag,267,837
11.761,11.761,NoButton,Drag,268,835
11.834,11.834,NoButton,Drag,269,833
11.838,11.838,NoButton,Drag,272,830
11.853,11.853,NoButton,Drag,272,830
11.865,11.865,Left,Pressed,272,830
11.872,11.872,NoButton,Drag,273,830
11.881,11.881,NoButton,Drag,273,830
11.896,11.896,NoButton,Drag,273,830
11.914,11.914,NoButton,Drag,273,830
11.968,11.968,NoButton,Drag,274,830
11.977,11.977,NoButton,Drag,274,830
12.029,12.029,Left,Released,274,830
12.03,12.03,NoButton,Drag,274,830
12.069,12.069,NoButton,Drag,274,830
12.081,12.081,NoButton,Drag,274,831
12.092,12.092,NoButton,Drag,274,831
12.113,12.113,NoButton,Drag,274,831
12.129,12.129,NoButton,Drag,274,831
12.149,12.149,NoButton,Drag,274,832
12.169,12.169,NoButton,Drag,274,832
12.197,12.197,NoButton,Drag,274,832
12.275,12.275,NoButton,Drag,273,832
12.323,12.323,NoButton,Drag,273,832
12.327,12.327,NoButton,Drag,273,831
12.34,12.34,NoButton,Drag,273,831
12.357,12.357,NoButton,Drag,273,830
12.373,12.373,NoButton,Drag,274,829
12.39,12.39,NoButton,Drag,274,828
12.407,12.407,NoButton,Drag,274,827
12.423,12.423,NoButton,Drag,274,827
12.439,12.439,NoButton,Drag,274,826
12.457,12.457,NoButton,Drag,274,826
12.473,12.473,NoButton,Drag,274,825
12.49,12.49,NoButton,Drag,274,825
12.628,12.628,NoButton,Drag,275,825
12.639,12.639,NoButton,Drag,275,825
12.655,12.655,NoButton,Drag,276,824
12.672,12.672,NoButton,Drag,277,823
12.688,12.688,NoButton,Drag,278,822
12.705,12.705,NoButton,Drag,281,819
12.722,12.722,NoButton,Drag,283,816
12.739,12.739,NoButton,Drag,287,812
12.756,12.756,NoButton,Drag,292,805
12.773,12.773,NoButton,Drag,298,798
12.792,12.792,NoButton,Drag,305,788
12.807,12.807,NoButton,Drag,311,783
12.823,12.823,NoButton,Drag,320,774
12.84,12.84,NoButton,Drag,326,767
12.857,12.857,NoButton,Drag,332,761
12.878,12.878,NoButton,Drag,340,753
12.891,12.891,NoButton,Drag,344,748
12.907,12.907,NoButton,Drag,348,745
12.923,12.923,NoButton,Drag,350,743
12.94,12.94,NoButton,Drag,352,741
12.957,12.957,NoButton,Drag,352,741
12.974,12.974,NoButton,Drag,352,741
12.991,12.991,NoButton,Drag,353,741
13.009,13.009,NoButton,Drag,353,741
13.037,13.037,NoButton,Drag,353,741
13.042,13.042,NoButton,Drag,353,740
13.059,13.059,NoButton,Drag,354,740
13.076,13.076,NoButton,Drag,354,740
13.092,13.092,NoButton,Drag,355,740
13.11,13.11,NoButton,Drag,358,738
13.126,13.126,NoButton,Drag,360,737
13.142,13.142,NoButton,Drag,362,735
13.159,13.159,NoButton,Drag,364,733
13.175,13.175,NoButton,Drag,366,732
13.192,13.192,NoButton,Drag,368,730
13.209,13.209,NoButton,Drag,369,729
13.226,13.226,NoButton,Drag,371,727
13.242,13.242,NoButton,Drag,373,726
13.262,13.262,NoButton,Drag,375,724
13.279,13.279,NoButton,Drag,377,723
13.295,13.295,NoButton,Drag,378,722
13.313,13.313,NoButton,Drag,379,720
13.328,13.328,NoButton,Drag,381,718
13.345,13.345,NoButton,Drag,382,716
13.362,13.362,NoButton,Drag,384,714
13.378,13.378,NoButton,Drag,385,712
13.395,13.395,NoButton,Drag,387,709
13.413,13.413,NoButton,Drag,388,707
13.429,13.429,NoButton,Drag,389,705
13.446,13.446,NoButton,Drag,390,704
13.462,13.462,NoButton,Drag,390,703
13.479,13.479,NoButton,Drag,389,703
13.503,13.503,NoButton,Drag,389,702
13.515,13.515,NoButton,Drag,389,702
13.531,13.531,NoButton,Drag,388,702
13.547,13.547,NoButton,Drag,385,702
13.563,13.563,NoButton,Drag,380,704
13.58,13.58,NoButton,Drag,373,706
13.597,13.597,NoButton,Drag,363,708
13.614,13.614,NoButton,Drag,349,712
13.631,13.631,NoButton,Drag,334,715
13.648,13.648,NoButton,Drag,317,719
13.664,13.664,NoButton,Drag,302,721
13.68,13.68,NoButton,Drag,292,722
13.697,13.697,NoButton,Drag,285,722
13.715,13.715,NoButton,Drag,283,721
13.745,13.745,NoButton,Drag,283,721
13.747,13.747,NoButton,Drag,283,721
13.766,13.766,NoButton,Drag,283,720
13.782,13.782,NoButton,Drag,284,718
13.799,13.799,NoButton,Drag,285,716
13.816,13.816,NoButton,Drag,286,712
13.833,13.833,NoButton,Drag,287,708
13.85,13.85,NoButton,Drag,288,704
13.866,13.866,NoButton,Drag,289,700
13.884,13.884,NoButton,Drag,290,694
13.906,13.906,NoButton,Drag,291,690
13.92,13.92,NoButton,Drag,291,686
13.938,13.938,NoButton,Drag,291,683
13.953,13.953,NoButton,Drag,291,680
13.974,13.974,NoButton,Drag,292,676
13.984,13.984,NoButton,Drag,292,674
14.005,14.005,NoButton,Drag,292,672
14.022,14.022,NoButton,Drag,292,671
14.033,14.033,NoButton,Drag,292,671
14.05,14.05,NoButton,Drag,292,670
14.067,14.067,NoButton,Drag,293,669
14.083,14.083,NoButton,Drag,293,668
14.1,14.1,NoButton,Drag,294,667
14.118,14.118,NoButton,Drag,296,665
14.138,14.138,NoButton,Drag,300,662
14.151,14.151,NoButton,Drag,303,659
14.172,14.172,NoButton,Drag,310,655
14.186,14.186,NoButton,Drag,315,653
14.203,14.203,NoButton,Drag,324,647
14.211,14.211,NoButton,Drag,327,646
14.218,14.218,Left,Pressed,327,646
14.219,14.219,NoButton,Drag,332,643
14.222,14.222,NoButton,Drag,333,642
14.225,14.225,NoButton,Drag,334,641
14.229,14.229,NoButton,Drag,335,640
14.234,14.234,NoButton,Drag,337,639
14.237,14.237,NoButton,Drag,338,638
14.241,14.241,NoButton,Drag,339,637
14.245,14.245,NoButton,Drag,340,636
14.249,14.249,NoButton,Drag,340,636
14.253,14.253,NoButton,Drag,341,635
14.257,14.257,NoButton,Drag,342,634
14.262,14.262,NoButton,Drag,343,633
14.265,14.265,NoButton,Drag,343,633
14.269,14.269,NoButton,Drag,344,632
14.273,14.273,NoButton,Drag,345,632
14.277,14.277,NoButton,Drag,345,631
14.282,14.282,NoButton,Drag,346,630
14.285,14.285,NoButton,Drag,346,630
14.289,14.289,NoButton,Drag,347,629
14.293,14.293,NoButton,Drag,347,629
14.297,14.297,NoButton,Drag,347,628
14.301,14.301,NoButton,Drag,348,627
14.305,14.305,NoButton,Drag,348,627
14.309,14.309,NoButton,Drag,349,626
14.313,14.313,NoButton,Drag,349,626
14.321,14.321,NoButton,Drag,349,625
14.325,14.325,NoButton,Drag,350,625
14.329,14.329,NoButton,Drag,350,624
14.334,14.334,Left,Released,350,624
14.334,14.334,NoButton,Drag,350,624
14.351,14.351,NoButton,Drag,351,622
14.367,14.367,NoButton,Drag,352,621
14.384,14.384,NoButton,Drag,353,619
14.401,14.401,NoButton,Drag,354,617
14.417,14.417,NoButton,Drag,355,616
14.434,14.434,NoButton,Drag,356,615
14.451,14.451,NoButton,Drag,356,614
14.467,14.467,NoButton,Drag,357,613
14.485,14.485,NoButton,Drag,359,612
14.501,14.501,NoButton,Drag,361,610
14.518,14.518,NoButton,Drag,364,608
14.535,14.535,NoButton,Drag,368,604
14.552,14.552,NoButton,Drag,373,600
14.568,14.568,NoButton,Drag,376,597
14.585,14.585,NoButton,Drag,379,594
14.601,14.601,NoButton,Drag,381,592
14.618,14.618,NoButton,Drag,383,590
14.635,14.635,NoButton,Drag,384,589
14.652,14.652,NoButton,Drag,385,588
14.668,14.668,NoButton,Drag,385,587
14.685,14.685,NoButton,Drag,385,587
14.701,14.701,NoButton,Drag,385,587
14.719,14.719,NoButton,Drag,386,586
14.735,14.735,NoButton,Drag,386,586
14.744,14.744,NoButton,Drag,386,586
14.752,14.752,Left,Pressed,386,586
14.752,14.752,NoButton,Drag,387,586
14.759,14.759,NoButton,Drag,387,586
14.763,14.763,NoButton,Drag,387,586
14.779,14.779,NoButton,Drag,387,586
14.896,14.896,Left,Released,387,586
14.903,14.903,NoButton,Drag,387,586
14.911,14.911,NoButton,Drag,387,585
15.221,15.221,NoButton,Drag,388,585
15.233,15.233,NoButton,Drag,388,585
15.241,15.241,NoButton,Drag,388,585
15.254,15.254,NoButton,Drag,388,585
15.271,15.271,NoButton,Drag,389,585
15.288,15.288,NoButton,Drag,390,585
15.305,15.305,NoButton,Drag,394,584
15.321,15.321,NoButton,Drag,400,582
15.338,15.338,NoButton,Drag,410,579
15.354,15.354,NoButton,Drag,422,576
15.371,15.371,NoButton,Drag,435,572
15.388,15.388,NoButton,Drag,449,569
15.405,15.405,NoButton,Drag,462,566
15.421,15.421,NoButton,Drag,476,562
15.438,15.438,NoButton,Drag,485,559
15.454,15.454,NoButton,Drag,491,557
15.471,15.471,NoButton,Drag,495,556
15.488,15.488,NoButton,Drag,497,555
15.505,15.505,NoButton,Drag,497,555
15.524,15.524,NoButton,Drag,497,554
15.65,15.65,NoButton,Drag,497,555
15.653,15.653,NoButton,Drag,497,555
15.657,15.657,NoButton,Drag,497,555
15.674,15.674,NoButton,Drag,495,557
15.691,15.691,NoButton,Drag,491,559
15.707,15.707,NoButton,Drag,486,564
15.724,15.724,NoButton,Drag,477,570
15.74,15.74,NoButton,Drag,468,576
15.758,15.758,NoButton,Drag,459,581
15.774,15.774,NoButton,Drag,452,585
15.791,15.791,NoButton,Drag,450,586
15.831,15.831,NoButton,Drag,450,586
15.847,15.847,NoButton,Drag,450,586
15.858,15.858,NoButton,Drag,451,586
15.875,15.875,NoButton,Drag,453,584
15.891,15.891,NoButton,Drag,456,579
15.908,15.908,NoButton,Drag,459,576
15.925,15.925,NoButton,Drag,463,570
15.941,15.941,NoButton,Drag,466,566
15.958,15.958,NoButton,Drag,469,562
15.975,15.975,NoButton,Drag,472,559
15.992,15.992,NoButton,Drag,475,555
16.009,16.009,NoButton,Drag,479,552
16.026,16.026,NoButton,Drag,482,550
16.042,16.042,NoButton,Drag,486,548
16.059,16.059,NoButton,Drag,490,545
16.075,16.075,NoButton,Drag,495,542
16.092,16.092,NoButton,Drag,498,540
16.109,16.109,NoButton,Drag,501,537
16.125,16.125,NoButton,Drag,503,535
16.142,16.142,NoButton,Drag,505,533
16.159,16.159,NoButton,Drag,507,531
16.176,16.176,NoButton,Drag,510,529
16.192,16.192,NoButton,Drag,513,527
16.209,16.209,NoButton,Drag,514,526
16.226,16.226,NoButton,Drag,515,526
16.242,16.242,NoButton,Drag,516,526
16.256,16.256,NoButton,Drag,518,526
16.273,16.273,NoButton,Drag,519,526
16.29,16.29,NoButton,Drag,520,528
16.307,16.307,NoButton,Drag,522,529
16.323,16.323,NoButton,Drag,524,532
16.34,16.34,NoButton,Drag,527,535
16.357,16.357,NoButton,Drag,530,539
16.374,16.374,NoButton,Drag,535,543
16.39,16.39,NoButton,Drag,539,545
16.407,16.407,NoButton,Drag,541,546
16.423,16.423,NoButton,Drag,542,547
16.44,16.44,NoButton,Drag,544,548
16.457,16.457,NoButton,Drag,545,548
16.474,16.474,NoButton,Drag,547,548
16.49,16.49,NoButton,Drag,548,548
16.504,16.504,NoButton,Drag,549,548
16.521,16.521,NoButton,Drag,550,548
16.538,16.538,NoButton,Drag,552,547
16.554,16.554,NoButton,Drag,554,547
16.571,16.571,NoButton,Drag,557,546
16.588,16.588,NoButton,Drag,559,545
16.605,16.605,NoButton,Drag,561,544
16.621,16.621,NoButton,Drag,563,543
16.637,16.637,NoButton,Drag,565,543
16.654,16.654,NoButton,Drag,565,543
16.671,16.671,NoButton,Drag,566,543
16.686,16.686,Left,Pressed,566,543
16.687,16.687,NoButton,Drag,566,543
16.693,16.693,NoButton,Drag,566,543
16.697,16.697,NoButton,Drag,566,543
16.705,16.705,NoButton,Drag,567,543
16.713,16.713,NoButton,Drag,567,543
16.717,16.717,NoButton,Drag,567,543
16.725,16.725,NoButton,Drag,567,543
16.844,16.844,Left,Released,567,543
16.964,16.964,NoButton,Drag,567,543
16.988,16.988,NoButton,Drag,568,543
16.995,16.995,NoButton,Drag,568,543
17.003,17.003,NoButton,Drag,568,543
17.02,17.02,NoButton,Drag,571,542
17.037,17.037,NoButton,Drag,576,541
17.054,17.054,NoButton,Drag,582,540
17.069,17.069,NoButton,Drag,591,537
17.086,17.086,NoButton,Drag,602,535
17.103,17.103,NoButton,Drag,613,532
17.12,17.12,NoButton,Drag,622,529
17.136,17.136,NoButton,Drag,626,528
17.154,17.154,NoButton,Drag,627,527
17.17,17.17,NoButton,Drag,627,527
17.187,17.187,NoButton,Drag,626,526
17.203,17.203,NoButton,Drag,620,526
17.22,17.22,NoButton,Drag,612,525
17.237,17.237,NoButton,Drag,601,525
17.255,17.255,NoButton,Drag,590,525
17.271,17.271,NoButton,Drag,575,527
17.288,17.288,NoButton,Drag,560,530
17.305,17.305,NoButton,Drag,543,532
17.321,17.321,NoButton,Drag,522,534
17.338,17.338,NoButton,Drag,500,535
17.355,17.355,NoButton,Drag,477,535
17.371,17.371,NoButton,Drag,446,535
17.389,17.389,NoButton,Drag,422,532
17.405,17.405,NoButton,Drag,397,529
17.421,17.421,NoButton,Drag,371,524
17.439,17.439,NoButton,Drag,354,520
17.455,17.455,NoButton,Drag,342,516
17.472,17.472,NoButton,Drag,335,512
17.489,17.489,NoButton,Drag,332,510
17.503,17.503,NoButton,Drag,331,507
17.52,17.52,NoButton,Drag,330,505
17.536,17.536,NoButton,Drag,330,502
17.553,17.553,NoButton,Drag,330,498
17.569,17.569,NoButton,Drag,331,492
17.585,17.585,NoButton,Drag,332,485
17.602,17.602,NoButton,Drag,332,478
17.619,17.619,NoButton,Drag,330,471
17.636,17.636,NoButton,Drag,329,464
17.653,17.653,NoButton,Drag,327,459
17.67,17.67,NoButton,Drag,326,454
17.685,17.685,NoButton,Drag,325,452
17.702,17.702,NoButton,Drag,325,450
17.72,17.72,NoButton,Drag,324,449
17.854,17.854,Left,Pressed,324,449
17.89,17.89,NoButton,Drag,324,449
17.905,17.905,NoButton,Drag,324,448
17.909,17.909,NoButton,Drag,324,448
17.917,17.917,NoButton,Drag,324,447
17.921,17.921,NoButton,Drag,324,447
17.925,17.925,NoButton,Drag,324,447
17.929,17.929,NoButton,Drag,324,446
17.933,17.933,NoButton,Drag,324,446
17.937,17.937,NoButton,Drag,324,446
17.941,17.941,NoButton,Drag,324,445
17.945,17.945,NoButton,Drag,324,445
17.95,17.95,Left,Released,324,445
17.95,17.95,NoButton,Drag,324,444
17.953,17.953,NoButton,Drag,324,443
17.968,17.968,NoButton,Drag,323,441
17.985,17.985,NoButton,Drag,322,439
18.002,18.002,NoButton,Drag,319,437
18.019,18.019,NoButton,Drag,317,435
18.035,18.035,NoButton,Drag,313,432
18.052,18.052,NoButton,Drag,311,430
18.068,18.068,NoButton,Drag,309,429
18.086,18.086,NoButton,Drag,308,429
18.102,18.102,NoButton,Drag,307,428
18.119,18.119,NoButton,Drag,306,428
18.165,18.165,NoButton,Drag,306,428
18.183,18.183,NoButton,Drag,306,428
18.191,18.191,NoButton,Drag,306,428
18.202,18.202,NoButton,Drag,305,428
18.218,18.218,NoButton,Drag,304,428
18.236,18.236,NoButton,Drag,301,427
18.253,18.253,NoButton,Drag,299,425
18.269,18.269,NoButton,Drag,295,422
18.285,18.285,NoButton,Drag,290,419
18.301,18.301,NoButton,Drag,285,415
18.319,18.319,NoButton,Drag,282,414
18.335,18.335,NoButton,Drag,280,411
18.352,18.352,NoButton,Drag,278,409
18.368,18.368,NoButton,Drag,277,407
18.385,18.385,NoButton,Drag,276,406
18.401,18.401,NoButton,Drag,276,405
18.416,18.416,NoButton,Drag,275,405
18.419,18.419,Left,Pressed,275,405
18.503,18.503,NoButton,Drag,275,405
18.54,18.54,NoButton,Drag,275,405
18.554,18.554,Left,Released,275,405
18.57,18.57,NoButton,Drag,275,405
18.601,18.601,NoButton,Drag,275,405
18.609,18.609,NoButton,Drag,276,405
18.626,18.626,NoButton,Drag,276,405
18.642,18.642,NoButton,Drag,277,405
18.658,18.658,NoButton,Drag,277,405
18.676,18.676,NoButton,Drag,277,406
18.693,18.693,NoButton,Drag,278,407
18.708,18.708,NoButton,Drag,280,407
18.725,18.725,NoButton,Drag,281,407
18.742,18.742,NoButton,Drag,285,407
18.757,18.757,NoButton,Drag,291,406
18.774,18.774,NoButton,Drag,309,403
18.79,18.79,NoButton,Drag,337,400
18.807,18.807,NoButton,Drag,379,395
18.823,18.823,NoButton,Drag,438,389
18.84,18.84,NoButton,Drag,512,376
18.857,18.857,NoButton,Drag,595,363
18.873,18.873,NoButton,Drag,728,338
18.89,18.89,NoButton,Drag,849,316
18.907,18.907,NoButton,Drag,961,293
18.923,18.923,NoButton,Drag,1054,270
18.94,18.94,NoButton,Drag,1132,249
18.957,18.957,NoButton,Drag,1207,229
18.974,18.974,NoButton,Drag,1279,209
18.99,18.99,NoButton,Drag,1327,194
19.006,19.006,NoButton,Drag,1363,183
19.023,19.023,NoButton,Drag,1392,173
19.04,19.04,NoButton,Drag,1417,164
19.057,19.057,NoButton,Drag,1439,154
19.073,19.073,NoButton,Drag,1439,143
19.09,19.09,NoButton,Drag,1439,135
19.107,19.107,NoButton,Drag,1439,129
19.123,19.123,NoButton,Drag,1439,125
19.139,19.139,NoButton,Drag,1439,122
19.157,19.157,NoButton,Drag,1439,121
19.173,19.173,NoButton,Drag,1439,120
19.19,19.19,NoButton,Drag,1439,119
19.207,19.207,NoButton,Drag,1437,117
19.224,19.224,NoButton,Drag,1434,114
19.239,19.239,NoButton,Drag,1428,111
19.256,19.256,NoButton,Drag,1419,108
19.273,19.273,NoButton,Drag,1407,106
19.289,19.289,NoButton,Drag,1393,103
19.306,19.306,NoButton,Drag,1379,101
19.324,19.324,NoButton,Drag,1362,98
19.339,19.339,NoButton,Drag,1353,96
19.357,19.357,NoButton,Drag,1348,95
19.456,19.456,NoButton,Drag,1348,95
19.459,19.459,NoButton,Drag,1348,95
19.474,19.474,NoButton,Drag,1347,95
19.49,19.49,NoButton,Drag,1345,95
19.506,19.506,NoButton,Drag,1341,96
19.523,19.523,NoButton,Drag,1337,97
19.54,19.54,NoButton,Drag,1333,98
19.556,19.556,NoButton,Drag,1326,99
19.573,19.573,NoButton,Drag,1315,101
19.59,19.59,NoButton,Drag,1303,104
19.607,19.607,NoButton,Drag,1292,106
19.623,19.623,NoButton,Drag,1284,108
19.64,19.64,NoButton,Drag,1284,107
19.667,19.667,NoButton,Drag,1283,107
19.682,19.682,Left,Pressed,1283,107
19.704,19.704,NoButton,Drag,1283,107
19.723,19.723,NoButton,Drag,1283,107
19.733,19.733,NoButton,Drag,1283,107
19.745,19.745,NoButton,Drag,1283,107
19.753,19.753,NoButton,Drag,1283,107
19.765,19.765,NoButton,Drag,1283,106
19.781,19.781,NoButton,Drag,1283,106
19.802,19.802,Left,Released,1283,106
19.918,19.918,NoButton,Drag,1282,106
19.925,19.925,NoButton,Drag,1282,106
19.929,19.929,NoButton,Drag,1282,106
19.941,19.941,NoButton,Drag,1280,108
19.958,19.958,NoButton,Drag,1275,113
19.975,19.975,NoButton,Drag,1266,120
19.992,19.992,NoButton,Drag,1255,128
20.009,20.009,NoButton,Drag,1239,140
20.026,20.026,NoButton,Drag,1223,149
20.043,20.043,NoButton,Drag,1204,159
20.059,20.059,NoButton,Drag,1182,171
20.076,20.076,NoButton,Drag,1156,183
20.093,20.093,NoButton,Drag,1131,194
20.11,20.11,NoButton,Drag,1095,206
20.127,20.127,NoButton,Drag,1060,217
20.143,20.143,NoButton,Drag,1019,229
20.16,20.16,NoButton,Drag,978,239
20.176,20.176,NoButton,Drag,940,247
20.193,20.193,NoButton,Drag,896,255
20.21,20.21,NoButton,Drag,865,260
20.226,20.226,NoButton,Drag,833,265
20.243,20.243,NoButton,Drag,802,270
20.261,20.261,NoButton,Drag,762,275
20.278,20.278,NoButton,Drag,730,277
20.295,20.295,NoButton,Drag,699,277
20.311,20.311,NoButton,Drag,667,277
20.328,20.328,NoButton,Drag,649,273
20.345,20.345,NoButton,Drag,634,270
20.362,20.362,NoButton,Drag,622,264
20.378,20.378,NoButton,Drag,613,260
20.395,20.395,NoButton,Drag,607,254
20.412,20.412,NoButton,Drag,602,246
20.428,20.428,NoButton,Drag,597,239
20.446,20.446,NoButton,Drag,593,233
20.462,20.462,NoButton,Drag,587,227
20.478,20.478,NoButton,Drag,583,221
20.495,20.495,NoButton,Drag,578,215
20.517,20.517,NoButton,Drag,576,212
20.534,20.534,NoButton,Drag,575,210
20.55,20.55,NoButton,Drag,573,208
20.567,20.567,NoButton,Drag,572,207
20.583,20.583,NoButton,Drag,569,206
20.6,20.6,NoButton,Drag,566,205
20.617,20.617,NoButton,Drag,562,204
20.634,20.634,NoButton,Drag,556,204
20.651,20.651,NoButton,Drag,548,203
20.667,20.667,NoButton,Drag,541,203
20.684,20.684,NoButton,Drag,532,203
20.701,20.701,NoButton,Drag,528,203
20.717,20.717,NoButton,Drag,526,203
20.734,20.734,NoButton,Drag,526,203
20.75,20.75,NoButton,Drag,526,203
20.767,20.767,NoButton,Drag,525,202
20.787,20.787,NoButton,Drag,525,201
20.803,20.803,NoButton,Drag,524,199
20.82,20.82,NoButton,Drag,523,197
20.837,20.837,NoButton,Drag,521,194
20.854,20.854,NoButton,Drag,520,191
20.87,20.87,NoButton,Drag,520,187
20.886,20.886,NoButton,Drag,519,183
20.903,20.903,NoButton,Drag,520,178
20.92,20.92,NoButton,Drag,520,174
20.937,20.937,NoButton,Drag,520,171
20.953,20.953,NoButton,Drag,519,169
20.97,20.97,NoButton,Drag,519,168
20.986,20.986,NoButton,Drag,519,167
21.027,21.027,NoButton,Drag,519,167
21.082,21.082,NoButton,Drag,518,167
21.085,21.085,NoButton,Drag,518,167
21.089,21.089,NoButton,Drag,518,167
21.105,21.105,NoButton,Drag,517,167
21.121,21.121,NoButton,Drag,516,166
21.138,21.138,NoButton,Drag,515,166
21.154,21.154,NoButton,Drag,514,166
21.171,21.171,NoButton,Drag,513,165
21.188,21.188,NoButton,Drag,512,164
21.205,21.205,NoButton,Drag,512,164
21.221,21.221,NoButton,Drag,512,163
21.234,21.234,NoButton,Drag,512,163
21.238,21.238,Left,Pressed,512,163
21.238,21.238,NoButton,Drag,512,162
21.241,21.241,NoButton,Drag,512,162
21.245,21.245,NoButton,Drag,513,161
21.249,21.249,NoButton,Drag,513,161
21.253,21.253,NoButton,Drag,513,161
21.257,21.257,NoButton,Drag,513,160
21.261,21.261,NoButton,Drag,514,160
21.265,21.265,NoButton,Drag,514,160
21.269,21.269,NoButton,Drag,514,159
21.273,21.273,NoButton,Drag,514,159
21.277,21.277,NoButton,Drag,514,159
21.281,21.281,NoButton,Drag,514,159
21.289,21.289,NoButton,Drag,514,158
21.293,21.293,NoButton,Drag,514,158
21.301,21.301,NoButton,Drag,514,158
21.325,21.325,NoButton,Drag,514,158
21.36,21.36,Left,Released,514,158
21.427,21.427,NoButton,Drag,515,157
21.431,21.431,NoButton,Drag,515,157
21.439,21.439,NoButton,Drag,515,157
21.456,21.456,NoButton,Drag,516,157
21.472,21.472,NoButton,Drag,517,158
21.488,21.488,NoButton,Drag,518,159
21.506,21.506,NoButton,Drag,518,160
21.52,21.52,NoButton,Drag,518,161
21.537,21.537,NoButton,Drag,516,164
21.554,21.554,NoButton,Drag,515,168
21.571,21.571,NoButton,Drag,514,172
21.587,21.587,NoButton,Drag,512,179
21.604,21.604,NoButton,Drag,508,188
21.621,21.621,NoButton,Drag,499,203
21.638,21.638,NoButton,Drag,483,226
21.654,21.654,NoButton,Drag,464,253
21.671,21.671,NoButton,Drag,435,292
21.688,21.688,NoButton,Drag,407,329
21.703,21.703,NoButton,Drag,376,368
21.72,21.72,NoButton,Drag,341,406
21.737,21.737,NoButton,Drag,302,446
21.754,21.754,NoButton,Drag,252,491
21.771,21.771,NoButton,Drag,175,550
21.787,21.787,NoButton,Drag,101,598
21.805,21.805,NoButton,Drag,23,640
21.821,21.821,NoButton,Drag,0,682
21.838,21.838,NoButton,Drag,0,719
21.854,21.854,NoButton,Drag,0,753
21.871,21.871,NoButton,Drag,0,777
21.888,21.888,NoButton,Drag,0,786
21.905,21.905,NoButton,Drag,0,789
21.922,21.922,NoButton,Drag,0,790
21.938,21.938,NoButton,Drag,0,790
21.954,21.954,NoButton,Drag,0,789
21.971,21.971,NoButton,Drag,4,786
21.988,21.988,NoButton,Drag,10,784
22.005,22.005,NoButton,Drag,17,781
22.023,22.023,NoButton,Drag,25,779
22.039,22.039,NoButton,Drag,30,778
22.055,22.055,NoButton,Drag,36,777
22.073,22.073,NoButton,Drag,43,777
22.089,22.089,NoButton,Drag,52,779
22.105,22.105,NoButton,Drag,65,782
22.122,22.122,NoButton,Drag,77,784
22.14,22.14,NoButton,Drag,89,787
22.156,22.156,NoButton,Drag,99,789
22.172,22.172,NoButton,Drag,104,792
22.189,22.189,NoButton,Drag,106,793
22.206,22.206,NoButton,Drag,107,794
22.222,22.222,NoButton,Drag,107,794
22.241,22.241,NoButton,Drag,107,794
22.256,22.256,NoButton,Drag,106,794
22.272,22.272,NoButton,Drag,103,794
22.289,22.289,NoButton,Drag,99,794
22.306,22.306,NoButton,Drag,95,795
22.322,22.322,NoButton,Drag,93,795
22.339,22.339,NoButton,Drag,92,796
22.402,22.402,NoButton,Drag,92,796
22.418,22.418,Left,Pressed,92,796
22.419,22.419,NoButton,Drag,91,795
22.453,22.453,NoButton,Drag,91,795
22.485,22.485,NoButton,Drag,91,795
22.489,22.489,NoButton,Drag,91,795
22.493,22.493,NoButton,Drag,91,795
22.501,22.501,NoButton,Drag,90,795
22.503,22.503,NoButton,Drag,90,795
22.507,22.507,NoButton,Drag,90,794
22.515,22.515,NoButton,Drag,90,794
22.52,22.52,Left,Released,90,794
22.52,22.52,NoButton,Drag,90,794
22.527,22.527,NoButton,Drag,90,794
22.54,22.54,NoButton,Drag,90,793
22.556,22.556,NoButton,Drag,90,793
22.573,22.573,NoButton,Drag,90,792
22.59,22.59,NoButton,Drag,90,791
22.606,22.606,NoButton,Drag,90,791
22.716,22.716,NoButton,Drag,90,790
22.719,22.719,NoButton,Drag,91,790
22.724,22.724,NoButton,Drag,91,790
22.74,22.74,NoButton,Drag,93,789
22.756,22.756,NoButton,Drag,96,786
22.773,22.773,NoButton,Drag,101,781
22.791,22.791,NoButton,Drag,109,775
22.807,22.807,NoButton,Drag,124,766
22.824,22.824,NoButton,Drag,151,748
22.841,22.841,NoButton,Drag,180,731
22.857,22.857,NoButton,Drag,210,714
22.873,22.873,NoButton,Drag,239,694
22.891,22.891,NoButton,Drag,273,669
22.907,22.907,NoButton,Drag,295,653
22.924,22.924,NoButton,Drag,313,639
22.941,22.941,NoButton,Drag,328,628
22.957,22.957,NoButton,Drag,337,619
22.973,22.973,NoButton,Drag,346,611
22.991,22.991,NoButton,Drag,352,602
23.007,23.007,NoButton,Drag,360,592
23.025,23.025,NoButton,Drag,367,582
23.041,23.041,NoButton,Drag,375,571
23.057,23.057,NoButton,Drag,382,561
23.074,23.074,NoButton,Drag,392,545
23.091,23.091,NoButton,Drag,400,534
23.108,23.108,NoButton,Drag,405,524
23.124,23.124,NoButton,Drag,408,518
23.141,23.141,NoButton,Drag,408,514
23.158,23.158,NoButton,Drag,408,510
23.175,23.175,NoButton,Drag,408,509
23.192,23.192,NoButton,Drag,407,508
23.208,23.208,NoButton,Drag,407,507
23.224,23.224,NoButton,Drag,407,507
23.241,23.241,NoButton,Drag,407,507
23.258,23.258,NoButton,Drag,407,505
23.273,23.273,NoButton,Drag,407,505
23.289,23.289,NoButton,Drag,407,502
23.305,23.305,NoButton,Drag,406,499
23.322,23.322,NoButton,Drag,404,495
23.339,23.339,NoButton,Drag,401,490
23.355,23.355,NoButton,Drag,397,485
23.373,23.373,NoButton,Drag,394,481
23.389,23.389,NoButton,Drag,393,478
23.406,23.406,NoButton,Drag,392,477
23.422,23.422,NoButton,Drag,391,476
23.489,23.489,NoButton,Drag,390,476
23.497,23.497,NoButton,Drag,390,476
23.505,23.505,NoButton,Drag,390,476
23.521,23.521,NoButton,Drag,387,478
23.538,23.538,NoButton,Drag,383,480
23.555,23.555,NoButton,Drag,381,481
23.571,23.571,NoButton,Drag,378,482
23.589,23.589,NoButton,Drag,377,483
23.604,23.604,NoButton,Drag,375,483
23.622,23.622,NoButton,Drag,374,483
23.68,23.68,Left,Pressed,374,483
23.708,23.708,NoButton,Drag,374,483
23.723,23.723,NoButton,Drag,374,483
23.739,23.739,NoButton,Drag,374,483
23.752,23.752,NoButton,Drag,373,483
23.755,23.755,NoButton,Drag,373,483
23.772,23.772,NoButton,Drag,373,483
23.784,23.784,Left,Released,373,483
23.787,23.787,NoButton,Drag,373,483
23.804,23.804,NoButton,Drag,373,483
23.835,23.835,NoButton,Drag,373,483
23.843,23.843,NoButton,Drag,372,483
23.891,23.891,NoButton,Drag,372,483
23.911,23.911,NoButton,Drag,372,483
23.921,23.921,NoButton,Drag,372,483
23.939,23.939,NoButton,Drag,372,484
23.955,23.955,NoButton,Drag,371,486
23.972,23.972,NoButton,Drag,371,489
23.988,23.988,NoButton,Drag,371,492
24.006,24.006,NoButton,Drag,372,495
24.026,24.026,NoButton,Drag,377,499
24.042,24.042,NoButton,Drag,382,502
24.059,24.059,NoButton,Drag,391,502
24.075,24.075,NoButton,Drag,405,501
24.092,24.092,NoButton,Drag,433,494
24.108,24.108,NoButton,Drag,471,483
24.125,24.125,NoButton,Drag,520,465
24.141,24.141,NoButton,Drag,577,443
24.158,24.158,NoButton,Drag,643,417
24.175,24.175,NoButton,Drag,737,375
24.192,24.192,NoButton,Drag,815,338
24.208,24.208,NoButton,Drag,895,302
24.225,24.225,NoButton,Drag,993,254
24.242,24.242,NoButton,Drag,1058,222
24.258,24.258,NoButton,Drag,1109,195
24.276,24.276,NoButton,Drag,1146,171
24.294,24.294,NoButton,Drag,1181,146
24.311,24.311,NoButton,Drag,1203,128
24.327,24.327,NoButton,Drag,1219,112
24.343,24.343,NoButton,Drag,1229,101
24.36,24.36,NoButton,Drag,1234,93
24.377,24.377,NoButton,Drag,1235,86
24.394,24.394,NoButton,Drag,1236,80
24.411,24.411,NoButton,Drag,1234,75
24.427,24.427,NoButton,Drag,1232,72
24.444,24.444,NoButton,Drag,1229,69
24.461,24.461,NoButton,Drag,1227,67
24.477,24.477,NoButton,Drag,1224,65
24.494,24.494,NoButton,Drag,1219,62
24.51,24.51,NoButton,Drag,1217,60
24.529,24.529,NoButton,Drag,1214,59
24.545,24.545,NoButton,Drag,1210,57
24.562,24.562,NoButton,Drag,1205,56
24.579,24.579,NoButton,Drag,1197,56
24.596,24.596,NoButton,Drag,1188,56
24.612,24.612,NoButton,Drag,1179,59
24.629,24.629,NoButton,Drag,1167,62
24.645,24.645,NoButton,Drag,1149,69
24.663,24.663,NoButton,Drag,1137,74
24.679,24.679,NoButton,Drag,1128,78
24.695,24.695,NoButton,Drag,1121,80
24.713,24.713,NoButton,Drag,1116,82
24.729,24.729,NoButton,Drag,1109,84
24.746,24.746,NoButton,Drag,1104,85
24.763,24.763,NoButton,Drag,1100,85
24.78,24.78,NoButton,Drag,1096,85
24.797,24.797,NoButton,Drag,1094,84
24.813,24.813,NoButton,Drag,1094,84
24.847,24.847,NoButton,Drag,1094,84
24.855,24.855,NoButton,Drag,1094,84
24.867,24.867,NoButton,Drag,1094,84
24.879,24.879,NoButton,Drag,1094,83
24.897,24.897,NoButton,Drag,1093,82
24.914,24.914,NoButton,Drag,1092,82
24.929,24.929,NoButton,Drag,1090,81
24.947,24.947,NoButton,Drag,1088,81
24.963,24.963,NoButton,Drag,1083,81
24.98,24.98,NoButton,Drag,1074,82
24.997,24.997,NoButton,Drag,1066,83
25.013,25.013,NoButton,Drag,1059,84
25.03,25.03,NoButton,Drag,1055,84
25.046,25.046,NoButton,Drag,1052,84
25.063,25.063,NoButton,Drag,1052,84
25.087,25.087,NoButton,Drag,1052,84
25.128,25.128,Left,Pressed,1052,84
25.216,25.216,NoButton,Drag,1052,84
25.231,25.231,NoButton,Drag,1051,84
25.239,25.239,Left,Released,1051,84
25.243,25.243,NoButton,Drag,1051,83
25.247,25.247,NoButton,Drag,1051,83
25.263,25.263,NoButton,Drag,1051,83
25.28,25.28,NoButton,Drag,1050,83
25.296,25.296,NoButton,Drag,1049,83
25.313,25.313,NoButton,Drag,1048,84
25.33,25.33,NoButton,Drag,1047,85
25.346,25.346,NoButton,Drag,1045,86
25.363,25.363,NoButton,Drag,1043,88
25.38,25.38,NoButton,Drag,1040,91
25.397,25.397,NoButton,Drag,1037,95
25.413,25.413,NoButton,Drag,1032,103
25.43,25.43,NoButton,Drag,1024,113
25.448,25.448,NoButton,Drag,1012,126
25.463,25.463,NoButton,Drag,996,142
25.481,25.481,NoButton,Drag,975,163
25.497,25.497,NoButton,Drag,950,188
25.516,25.516,NoButton,Drag,914,221
25.533,25.533,NoButton,Drag,881,251
25.549,25.549,NoButton,Drag,840,287
25.566,25.566,NoButton,Drag,808,316
25.583,25.583,NoButton,Drag,779,345
25.6,25.6,NoButton,Drag,755,370
25.617,25.617,NoButton,Drag,738,392
25.633,25.633,NoButton,Drag,726,411
25.65,25.65,NoButton,Drag,713,436
25.666,25.666,NoButton,Drag,704,452
25.683,25.683,NoButton,Drag,694,468
25.7,25.7,NoButton,Drag,685,483
25.717,25.717,NoButton,Drag,673,497
25.733,25.733,NoButton,Drag,659,513
25.751,25.751,NoButton,Drag,639,532
25.766,25.766,NoButton,Drag,624,548
25.785,25.785,NoButton,Drag,609,562
25.801,25.801,NoButton,Drag,595,577
25.818,25.818,NoButton,Drag,585,588
25.835,25.835,NoButton,Drag,576,599
25.852,25.852,NoButton,Drag,567,609
25.868,25.868,NoButton,Drag,558,619
25.885,25.885,NoButton,Drag,549,629
25.901,25.901,NoButton,Drag,539,641
25.918,25.918,NoButton,Drag,532,649
25.935,25.935,NoButton,Drag,524,658
25.951,25.951,NoButton,Drag,515,667
25.968,25.968,NoButton,Drag,507,676
25.985,25.985,NoButton,Drag,503,683
26.002,26.002,NoButton,Drag,501,687
26.019,26.019,NoButton,Drag,500,692
26.036,26.036,NoButton,Drag,500,693
26.053,26.053,NoButton,Drag,501,694
26.091,26.091,NoButton,Drag,501,694
26.099,26.099,NoButton,Drag,501,694
26.103,26.103,NoButton,Drag,501,694
26.12,26.12,NoButton,Drag,502,693
26.136,26.136,NoButton,Drag,503,692
26.153,26.153,NoButton,Drag,503,691
26.168,26.168,NoButton,Drag,503,691
26.17,26.17,Left,Pressed,503,691
26.279,26.279,NoButton,Drag,503,691
26.288,26.288,Left,Released,503,691
26.291,26.291,NoButton,Drag,504,691
26.303,26.303,NoButton,Drag,504,691
26.32,26.32,NoButton,Drag,505,690
26.336,26.336,NoButton,Drag,505,689
26.353,26.353,NoButton,Drag,508,688
26.37,26.37,NoButton,Drag,511,686
26.387,26.387,NoButton,Drag,516,684
26.403,26.403,NoButton,Drag,523,682
26.42,26.42,NoButton,Drag,531,679
26.436,26.436,NoButton,Drag,540,676
26.453,26.453,NoButton,Drag,546,672
26.47,26.47,NoButton,Drag,551,669
26.487,26.487,NoButton,Drag,553,668
26.533,26.533,NoButton,Drag,553,668
26.537,26.537,NoButton,Drag,553,668
26.541,26.541,NoButton,Drag,553,668
26.555,26.555,NoButton,Drag,555,667
26.571,26.571,NoButton,Drag,559,666
26.589,26.589,NoButton,Drag,564,664
26.605,26.605,NoButton,Drag,572,661
26.621,26.621,NoButton,Drag,585,654
26.638,26.638,NoButton,Drag,599,649
26.655,26.655,NoButton,Drag,615,640
26.671,26.671,NoButton,Drag,630,630
26.688,26.688,NoButton,Drag,641,622
26.705,26.705,NoButton,Drag,650,614
26.721,26.721,NoButton,Drag,657,605
26.739,26.739,NoButton,Drag,661,598
26.754,26.754,NoButton,Drag,663,591
26.772,26.772,NoButton,Drag,665,583
26.789,26.789,NoButton,Drag,665,577
26.805,26.805,NoButton,Drag,665,570
26.822,26.822,NoButton,Drag,665,566
26.838,26.838,NoButton,Drag,666,563
26.855,26.855,NoButton,Drag,667,559
26.872,26.872,NoButton,Drag,667,556
26.889,26.889,NoButton,Drag,667,554
26.905,26.905,NoButton,Drag,667,553
26.922,26.922,NoButton,Drag,666,552
26.939,26.939,NoButton,Drag,666,552
26.956,26.956,NoButton,Drag,665,551
26.973,26.973,NoButton,Drag,665,551
26.989,26.989,NoButton,Drag,665,551
27.006,27.006,NoButton,Drag,664,549
27.023,27.023,NoButton,Drag,663,549
27.04,27.04,NoButton,Drag,662,548
27.062,27.062,Left,Pressed,662,548
27.097,27.097,NoButton,Drag,662,548
27.105,27.105,NoButton,Drag,662,548
27.117,27.117,NoButton,Drag,662,548
27.119,27.119,NoButton,Drag,662,548
27.127,27.127,NoButton,Drag,662,547
27.131,27.131,NoButton,Drag,662,547
27.135,27.135,NoButton,Drag,661,547
27.139,27.139,NoButton,Drag,661,547
27.143,27.143,NoButton,Drag,661,546
27.147,27.147,NoButton,Drag,661,546
27.151,27.151,NoButton,Drag,661,546
27.155,27.155,NoButton,Drag,660,545
27.159,27.159,NoButton,Drag,660,545
27.163,27.163,NoButton,Drag,660,545
27.172,27.172,Left,Released,660,545
27.173,27.173,NoButton,Drag,660,544
27.188,27.188,NoButton,Drag,660,544
27.191,27.191,NoButton,Drag,660,544
27.207,27.207,NoButton,Drag,660,544
27.224,27.224,NoButton,Drag,659,544
27.241,27.241,NoButton,Drag,659,543
27.257,27.257,NoButton,Drag,659,543
27.274,27.274,NoButton,Drag,659,542
27.29,27.29,NoButton,Drag,658,542
27.307,27.307,NoButton,Drag,658,542
27.392,27.392,NoButton,Drag,659,541
27.396,27.396,NoButton,Drag,660,541
27.407,27.407,NoButton,Drag,662,541
27.424,27.424,NoButton,Drag,677,537
27.441,27.441,NoButton,Drag,695,532
27.457,27.457,NoButton,Drag,717,525
27.473,27.473,NoButton,Drag,742,518
27.491,27.491,NoButton,Drag,773,510
27.507,27.507,NoButton,Drag,810,500
27.521,27.521,NoButton,Drag,847,492
27.538,27.538,NoButton,Drag,881,485
27.554,27.554,NoButton,Drag,913,480
27.571,27.571,NoButton,Drag,940,477
27.588,27.588,NoButton,Drag,967,475
27.605,27.605,NoButton,Drag,986,474
27.621,27.621,NoButton,Drag,1001,474
27.638,27.638,NoButton,Drag,1013,475
27.655,27.655,NoButton,Drag,1022,475
27.671,27.671,NoButton,Drag,1024,476
27.689,27.689,NoButton,Drag,1025,476
27.705,27.705,NoButton,Drag,1025,476
27.721,27.721,NoButton,Drag,1025,477
27.738,27.738,NoButton,Drag,1021,479
27.755,27.755,NoButton,Drag,1017,480
27.77,27.77,NoButton,Drag,1010,481
27.786,27.786,NoButton,Drag,1001,484
27.804,27.804,NoButton,Drag,989,487
27.82,27.82,NoButton,Drag,977,489
27.837,27.837,NoButton,Drag,967,491
27.853,27.853,NoButton,Drag,957,493
27.87,27.87,NoButton,Drag,954,493
27.887,27.887,NoButton,Drag,953,493
27.903,27.903,NoButton,Drag,952,493
27.92,27.92,NoButton,Drag,952,492
27.937,27.937,NoButton,Drag,952,492
27.953,27.953,NoButton,Drag,952,490
27.97,27.97,NoButton,Drag,952,490
27.988,27.988,NoButton,Drag,951,489
28.004,28.004,NoButton,Drag,951,488
28.017,28.017,NoButton,Drag,951,487
28.033,28.033,NoButton,Drag,951,486
28.05,28.05,NoButton,Drag,951,485
28.067,28.067,NoButton,Drag,952,484
28.084,28.084,NoButton,Drag,952,483
28.101,28.101,NoButton,Drag,953,482
28.117,28.117,NoButton,Drag,953,482
28.133,28.133,NoButton,Drag,953,481
28.162,28.162,Left,Pressed,953,481
28.194,28.194,NoButton,Drag,954,481
28.28,28.28,Left,Released,954,481
28.355,28.355,NoButton,Drag,954,481
28.376,28.376,NoButton,Drag,954,481
28.379,28.379,NoButton,Drag,954,481
28.391,28.391,NoButton,Drag,954,480
28.397,28.397,NoButton,Drag,954,480
28.413,28.413,NoButton,Drag,954,479
28.43,28.43,NoButton,Drag,955,478
28.447,28.447,NoButton,Drag,956,478
28.464,28.464,NoButton,Drag,956,477
28.48,28.48,NoButton,Drag,956,477
28.499,28.499,NoButton,Drag,956,477
28.515,28.515,NoButton,Drag,956,477
28.531,28.531,NoButton,Drag,948,479
28.547,28.547,NoButton,Drag,932,485
28.564,28.564,NoButton,Drag,919,489
28.581,28.581,NoButton,Drag,901,493
28.598,28.598,NoButton,Drag,876,495
28.614,28.614,NoButton,Drag,843,497
28.631,28.631,NoButton,Drag,797,497
28.648,28.648,NoButton,Drag,722,497
28.665,28.665,NoButton,Drag,655,496
28.681,28.681,NoButton,Drag,583,495
28.698,28.698,NoButton,Drag,508,490
28.715,28.715,NoButton,Drag,430,483
28.731,28.731,NoButton,Drag,353,475
28.748,28.748,NoButton,Drag,277,461
28.765,28.765,NoButton,Drag,232,450
28.782,28.782,NoButton,Drag,201,441
28.799,28.799,NoButton,Drag,182,432
28.816,28.816,NoButton,Drag,171,424
28.833,28.833,NoButton,Drag,170,423
28.858,28.858,NoButton,Drag,170,422
28.907,28.907,NoButton,Drag,175,418
28.91,28.91,NoButton,Drag,176,417
28.918,28.918,NoButton,Drag,176,417
28.941,28.941,NoButton,Drag,183,414
28.973,28.973,NoButton,Drag,193,410
28.99,28.99,NoButton,Drag,208,402
28.991,28.991,NoButton,Drag,211,400
28.999,28.999,NoButton,Drag,217,396
29.016,29.016,NoButton,Drag,233,387
29.034,29.034,NoButton,Drag,260,378
29.051,29.051,NoButton,Drag,283,371
29.068,29.068,NoButton,Drag,312,363
29.085,29.085,NoButton,Drag,351,351
29.102,29.102,NoButton,Drag,416,328
29.118,29.118,NoButton,Drag,483,305
29.134,29.134,NoButton,Drag,559,278
29.151,29.151,NoButton,Drag,638,248
29.216,29.216,NoButton,Drag,733,215
29.217,29.217,NoButton,Drag,1106,89
29.218,29.218,NoButton,Drag,1139,78
29.235,29.235,NoButton,Drag,1271,29
29.252,29.252,NoButton,Drag,1407,0
29.269,29.269,NoButton,Drag,1439,0
29.286,29.286,NoButton,Drag,1439,0
29.302,29.302,NoButton,Drag,1439,0
29.319,29.319,NoButton,Drag,1439,0
29.335,29.335,NoButton,Drag,1439,0
29.352,29.352,NoButton,Drag,1439,0
29.369,29.369,NoButton,Drag,1439,0
29.386,29.386,NoButton,Drag,1439,0
29.402,29.402,NoButton,Drag,1434,0
29.419,29.419,NoButton,Drag,1417,0
29.436,29.436,NoButton,Drag,1370,0
29.453,29.453,NoButton,Drag,1321,0
29.469,29.469,NoButton,Drag,1271,0
29.486,29.486,NoButton,Drag,1220,0
29.503,29.503,NoButton,Drag,1154,1
29.519,29.519,NoButton,Drag,1099,1
29.536,29.536,NoButton,Drag,1047,0
29.552,29.552,NoButton,Drag,1002,0
29.57,29.57,NoButton,Drag,968,0
29.586,29.586,NoButton,Drag,943,0
29.603,29.603,NoButton,Drag,926,0
29.62,29.62,NoButton,Drag,909,5
29.636,29.636,NoButton,Drag,897,11
29.653,29.653,NoButton,Drag,883,21
29.67,29.67,NoButton,Drag,867,33
29.687,29.687,NoButton,Drag,848,50
29.703,29.703,NoButton,Drag,824,70
29.72,29.72,NoButton,Drag,787,102
29.736,29.736,NoButton,Drag,756,129
29.753,29.753,NoButton,Drag,721,159
29.77,29.77,NoButton,Drag,678,191
29.786,29.786,NoButton,Drag,629,226
29.803,29.803,NoButton,Drag,562,271
29.819,29.819,NoButton,Drag,502,312
29.837,29.837,NoButton,Drag,445,348
29.853,29.853,NoButton,Drag,391,381
29.87,29.87,NoButton,Drag,347,407
29.887,29.887,NoButton,Drag,318,425
29.904,29.904,NoButton,Drag,293,440
29.92,29.92,NoButton,Drag,278,447
29.949,29.949,NoButton,Drag,263,452
29.96,29.96,NoButton,Drag,252,454
29.972,29.972,NoButton,Drag,243,456
29.988,29.988,NoButton,Drag,236,456
30.003,30.003,NoButton,Drag,222,456
30.02,30.02,NoButton,Drag,210,454
30.037,30.037,NoButton,Drag,196,451
30.053,30.053,NoButton,Drag,175,445
30.07,30.07,NoButton,Drag,160,438
30.087,30.087,NoButton,Drag,147,430
30.103,30.103,NoButton,Drag,137,423
30.12,30.12,NoButton,Drag,131,415
30.137,30.137,NoButton,Drag,129,404
30.153,30.153,NoButton,Drag,130,392
30.171,30.171,NoButton,Drag,134,377
30.187,30.187,NoButton,Drag,139,364
30.203,30.203,NoButton,Drag,147,350
30.22,30.22,NoButton,Drag,156,336
30.237,30.237,NoButton,Drag,166,321
30.254,30.254,NoButton,Drag,179,306
30.27,30.27,NoButton,Drag,191,293
30.286,30.286,NoButton,Drag,203,279
30.303,30.303,NoButton,Drag,214,268
30.32,30.32,NoButton,Drag,220,261
30.337,30.337,NoButton,Drag,222,257
30.354,30.354,NoButton,Drag,222,256
30.371,30.371,NoButton,Drag,222,256
30.387,30.387,NoButton,Drag,221,256
30.404,30.404,NoButton,Drag,218,256
30.421,30.421,NoButton,Drag,216,257
30.437,30.437,NoButton,Drag,212,261
30.454,30.454,NoButton,Drag,201,271
30.471,30.471,NoButton,Drag,184,285
30.487,30.487,NoButton,Drag,161,302
30.504,30.504,NoButton,Drag,132,322
30.52,30.52,NoButton,Drag,92,347
30.537,30.537,NoButton,Drag,40,374
30.554,30.554,NoButton,Drag,0,416
30.57,30.57,NoButton,Drag,0,452
30.587,30.587,NoButton,Drag,0,486
30.603,30.603,NoButton,Drag,0,527
30.62,30.62,NoButton,Drag,0,563
30.636,30.636,NoButton,Drag,0,603
30.653,30.653,NoButton,Drag,0,642
30.67,30.67,NoButton,Drag,0,680
30.687,30.687,NoButton,Drag,0,711
30.704,30.704,NoButton,Drag,0,736
30.72,30.72,NoButton,Drag,0,751
30.737,30.737,NoButton,Drag,0,758
30.754,30.754,NoButton,Drag,0,759
30.771,30.771,NoButton,Drag,0,757
30.787,30.787,NoButton,Drag,0,756
30.803,30.803,NoButton,Drag,0,749
30.82,30.82,NoButton,Drag,7,740
30.837,30.837,NoButton,Drag,20,725
30.854,30.854,NoButton,Drag,35,709
30.87,30.87,NoButton,Drag,46,693
30.887,30.887,NoButton,Drag,53,680
30.904,30.904,NoButton,Drag,61,663
30.92,30.92,NoButton,Drag,65,650
30.942,30.942,NoButton,Drag,73,633
30.956,30.956,NoButton,Drag,77,623
30.975,30.975,NoButton,Drag,86,606
30.992,30.992,NoButton,Drag,96,591
31.006,31.006,NoButton,Drag,110,576
31.022,31.022,NoButton,Drag,125,560
31.038,31.038,NoButton,Drag,144,543
31.054,31.054,NoButton,Drag,167,523
31.07,31.07,NoButton,Drag,181,516
31.087,31.087,NoButton,Drag,188,513
31.103,31.103,NoButton,Drag,195,509
31.121,31.121,NoButton,Drag,197,507
31.138,31.138,NoButton,Drag,198,507
31.173,31.173,NoButton,Drag,198,506
31.177,31.177,NoButton,Drag,198,506
31.188,31.188,NoButton,Drag,199,506
31.206,31.206,NoButton,Drag,201,506
31.221,31.221,NoButton,Drag,204,506
31.237,31.237,NoButton,Drag,212,510
31.254,31.254,NoButton,Drag,225,522
31.27,31.27,NoButton,Drag,249,539
31.287,31.287,NoButton,Drag,295,558
31.303,31.303,NoButton,Drag,359,580
31.32,31.32,NoButton,Drag,433,595
31.337,31.337,NoButton,Drag,442,596
31.553,31.553,NoButton,Drag,465,589
31.557,31.557,NoButton,Drag,519,571
31.57,31.57,NoButton,Drag,746,508
31.587,31.587,NoButton,Drag,997,440
31.603,31.603,NoButton,Drag,1169,387
31.62,31.62,NoButton,Drag,1309,336
31.637,31.637,NoButton,Drag,1404,290
31.654,31.654,NoButton,Drag,1439,243
31.67,31.67,NoButton,Drag,1439,208
31.687,31.687,NoButton,Drag,1439,182
31.704,31.704,NoButton,Drag,1439,159
31.72,31.72,NoButton,Drag,1432,140
31.737,31.737,NoButton,Drag,1424,126
31.753,31.753,NoButton,Drag,1415,114
31.77,31.77,NoButton,Drag,1407,101
31.791,31.791,NoButton,Drag,1396,83
31.807,31.807,NoButton,Drag,1383,63
31.824,31.824,NoButton,Drag,1370,46
31.841,31.841,NoButton,Drag,1353,29
31.858,31.858,NoButton,Drag,1334,13
31.874,31.874,NoButton,Drag,1313,0
31.891,31.891,NoButton,Drag,1284,0
31.908,31.908,NoButton,Drag,1231,0
31.924,31.924,NoButton,Drag,1184,0
31.941,31.941,NoButton,Drag,1129,0
31.957,31.957,NoButton,Drag,1074,0
31.975,31.975,NoButton,Drag,1019,0
31.991,31.991,NoButton,Drag,962,0
32.008,32.008,NoButton,Drag,896,0
32.027,32.027,NoButton,Drag,840,0
32.044,32.044,NoButton,Drag,803,0
32.06,32.06,NoButton,Drag,766,0
32.077,32.077,NoButton,Drag,732,4
32.094,32.094,NoButton,Drag,705,8
32.111,32.111,NoButton,Drag,674,15
32.127,32.127,NoButton,Drag,655,21
32.144,32.144,NoButton,Drag,637,27
32.161,32.161,NoButton,Drag,617,35
32.177,32.177,NoButton,Drag,586,47
32.195,32.195,NoButton,Drag,542,66
32.211,32.211,NoButton,Drag,487,90
32.228,32.228,NoButton,Drag,411,127
32.245,32.245,NoButton,Drag,358,152
32.262,32.262,NoButton,Drag,313,171
32.278,32.278,NoButton,Drag,278,187
32.296,32.296,NoButton,Drag,252,200
32.313,32.313,NoButton,Drag,244,206
32.33,32.33,NoButton,Drag,242,208
32.347,32.347,NoButton,Drag,242,208
32.363,32.363,NoButton,Drag,242,209
32.397,32.397,NoButton,Drag,242,208
32.401,32.401,NoButton,Drag,242,208
32.413,32.413,NoButton,Drag,242,207
32.43,32.43,NoButton,Drag,243,204
32.447,32.447,NoButton,Drag,243,199
32.464,32.464,NoButton,Drag,243,193
32.481,32.481,NoButton,Drag,242,185
32.497,32.497,NoButton,Drag,236,176
32.513,32.513,NoButton,Drag,226,166
32.531,32.531,NoButton,Drag,216,162
32.547,32.547,NoButton,Drag,208,160
32.564,32.564,NoButton,Drag,202,160
32.581,32.581,NoButton,Drag,197,161
32.597,32.597,NoButton,Drag,191,164
32.615,32.615,NoButton,Drag,185,167
32.632,32.632,NoButton,Drag,176,172
32.648,32.648,NoButton,Drag,164,179
32.665,32.665,NoButton,Drag,150,185
32.681,32.681,NoButton,Drag,135,191
32.698,32.698,NoButton,Drag,119,196
32.714,32.714,NoButton,Drag,111,198
32.732,32.732,NoButton,Drag,109,199
32.766,32.766,NoButton,Drag,109,199
32.773,32.773,NoButton,Drag,109,198
32.781,32.781,NoButton,Drag,109,198
32.798,32.798,NoButton,Drag,110,198
32.815,32.815,NoButton,Drag,110,197
32.831,32.831,NoButton,Drag,110,197
32.852,32.852,Left,Pressed,110,197
32.872,32.872,NoButton,Drag,110,197
32.903,32.903,NoButton,Drag,110,197
32.988,32.988,Left,Released,110,197
33.015,33.015,NoButton,Drag,111,197
33.023,33.023,NoButton,Drag,111,197
33.033,33.033,NoButton,Drag,111,196
33.05,33.05,NoButton,Drag,112,196
33.067,33.067,NoButton,Drag,116,195
33.083,33.083,NoButton,Drag,124,195
33.1,33.1,NoButton,Drag,135,195
33.117,33.117,NoButton,Drag,147,196
33.134,33.134,NoButton,Drag,158,199
33.151,33.151,NoButton,Drag,169,202
33.167,33.167,NoButton,Drag,181,205
33.184,33.184,NoButton,Drag,197,207
33.2,33.2,NoButton,Drag,211,209
33.218,33.218,NoButton,Drag,228,211
33.234,33.234,NoButton,Drag,246,215
33.251,33.251,NoButton,Drag,261,219
33.267,33.267,NoButton,Drag,273,225
33.285,33.285,NoButton,Drag,286,236
33.304,33.304,NoButton,Drag,296,250
33.321,33.321,NoButton,Drag,300,265
33.338,33.338,NoButton,Drag,303,282
33.354,33.354,NoButton,Drag,303,302
33.371,33.371,NoButton,Drag,302,321
33.387,33.387,NoButton,Drag,300,344
33.404,33.404,NoButton,Drag,300,360
33.421,33.421,NoButton,Drag,302,375
33.437,33.437,NoButton,Drag,307,391
33.455,33.455,NoButton,Drag,312,402
33.471,33.471,NoButton,Drag,318,412
33.487,33.487,NoButton,Drag,323,422
33.504,33.504,NoButton,Drag,325,432
33.521,33.521,NoButton,Drag,329,444
33.538,33.538,NoButton,Drag,331,452
33.555,33.555,NoButton,Drag,334,461
33.571,33.571,NoButton,Drag,337,469
33.588,33.588,NoButton,Drag,341,476
33.605,33.605,NoButton,Drag,345,482
33.621,33.621,NoButton,Drag,348,488
33.638,33.638,NoButton,Drag,355,494
33.655,33.655,NoButton,Drag,361,499
33.672,33.672,NoButton,Drag,368,503
33.689,33.689,NoButton,Drag,375,507
33.705,33.705,NoButton,Drag,379,509
33.721,33.721,NoButton,Drag,382,514
33.738,33.738,NoButton,Drag,385,518
33.756,33.756,NoButton,Drag,388,523
33.772,33.772,NoButton,Drag,391,528
33.789,33.789,NoButton,Drag,395,532
33.806,33.806,NoButton,Drag,400,537
33.822,33.822,NoButton,Drag,405,540
33.84,33.84,NoButton,Drag,410,543
33.856,33.856,NoButton,Drag,416,545
33.873,33.873,NoButton,Drag,421,547
33.889,33.889,NoButton,Drag,425,548
33.906,33.906,NoButton,Drag,425,549
33.925,33.925,NoButton,Drag,426,549
33.939,33.939,NoButton,Drag,426,550
33.956,33.956,NoButton,Drag,427,551
33.972,33.972,NoButton,Drag,428,552
33.99,33.99,NoButton,Drag,429,553
34.006,34.006,NoButton,Drag,430,554
34.092,34.092,NoButton,Drag,430,554
34.099,34.099,NoButton,Drag,430,554
34.107,34.107,NoButton,Drag,431,554
34.124,34.124,NoButton,Drag,432,553
34.14,34.14,NoButton,Drag,433,552
34.157,34.157,NoButton,Drag,434,552
34.174,34.174,NoButton,Drag,436,551
34.19,34.19,NoButton,Drag,439,550
34.207,34.207,NoButton,Drag,443,549
34.223,34.223,NoButton,Drag,449,549
34.24,34.24,NoButton,Drag,453,549
34.257,34.257,NoButton,Drag,456,549
34.273,34.273,NoButton,Drag,458,549
34.29,34.29,NoButton,Drag,458,549
34.315,34.315,NoButton,Drag,458,549
34.339,34.339,NoButton,Drag,459,549
34.347,34.347,NoButton,Drag,459,549
34.357,34.357,NoButton,Drag,460,549
34.373,34.373,NoButton,Drag,462,548
34.39,34.39,NoButton,Drag,465,547
34.407,34.407,NoButton,Drag,469,546
34.423,34.423,NoButton,Drag,474,545
34.44,34.44,NoButton,Drag,478,544
34.457,34.457,NoButton,Drag,481,543
34.473,34.473,NoButton,Drag,481,543
34.553,34.553,NoButton,Drag,482,543
34.555,34.555,NoButton,Drag,482,543
34.563,34.563,NoButton,Drag,482,543
34.572,34.572,NoButton,Drag,482,543
34.574,34.574,Left,Pressed,482,543
34.574,34.574,NoButton,Drag,483,543
34.575,34.575,NoButton,Drag,483,543
34.579,34.579,NoButton,Drag,483,543
34.587,34.587,NoButton,Drag,484,543
34.595,34.595,NoButton,Drag,484,543
34.601,34.601,NoButton,Drag,484,543
34.726,34.726,Left,Released,484,543
34.858,34.858,NoButton,Drag,484,543
34.865,34.865,NoButton,Drag,485,543
34.869,34.869,NoButton,Drag,485,543
34.877,34.877,NoButton,Drag,486,543
34.894,34.894,NoButton,Drag,488,546
34.91,34.91,NoButton,Drag,492,548
34.927,34.927,NoButton,Drag,498,550
34.944,34.944,NoButton,Drag,507,552
34.96,34.96,NoButton,Drag,520,552
34.977,34.977,NoButton,Drag,546,548
34.994,34.994,NoButton,Drag,575,541
35.01,35.01,NoButton,Drag,613,529
35.032,35.032,NoButton,Drag,670,509
35.048,35.048,NoButton,Drag,716,493
35.065,35.065,NoButton,Drag,780,471
35.082,35.082,NoButton,Drag,832,452
35.099,35.099,NoButton,Drag,883,434
35.116,35.116,NoButton,Drag,934,415
35.133,35.133,NoButton,Drag,981,394
35.149,35.149,NoButton,Drag,1022,373
35.166,35.166,NoButton,Drag,1060,350
35.183,35.183,NoButton,Drag,1087,335
35.199,35.199,NoButton,Drag,1111,323
35.216,35.216,NoButton,Drag,1141,309
35.232,35.232,NoButton,Drag,1160,299
35.25,35.25,NoButton,Drag,1177,291
35.266,35.266,NoButton,Drag,1190,286
35.286,35.286,NoButton,Drag,1203,283
35.303,35.303,NoButton,Drag,1211,281
35.319,35.319,NoButton,Drag,1217,279
35.337,35.337,NoButton,Drag,1219,279
35.353,35.353,NoButton,Drag,1221,279
35.37,35.37,NoButton,Drag,1222,280
35.386,35.386,NoButton,Drag,1225,281
35.403,35.403,NoButton,Drag,1231,283
35.419,35.419,NoButton,Drag,1241,286
35.436,35.436,NoButton,Drag,1249,289
35.454,35.454,NoButton,Drag,1256,292
35.47,35.47,NoButton,Drag,1261,295
35.486,35.486,NoButton,Drag,1263,297
35.503,35.503,NoButton,Drag,1265,301
35.52,35.52,NoButton,Drag,1265,305
35.542,35.542,NoButton,Drag,1264,310
35.558,35.558,NoButton,Drag,1264,313
35.575,35.575,NoButton,Drag,1263,317
35.591,35.591,NoButton,Drag,1262,320
35.608,35.608,NoButton,Drag,1261,324
35.624,35.624,NoButton,Drag,1258,328
35.642,35.642,NoButton,Drag,1254,332
35.658,35.658,NoButton,Drag,1252,335
35.675,35.675,NoButton,Drag,1251,337
35.692,35.692,NoButton,Drag,1251,338
35.696,35.696,Left,Pressed,1251,338
35.697,35.697,NoButton,Drag,1251,338
35.699,35.699,NoButton,Drag,1251,338
35.707,35.707,NoButton,Drag,1251,338
35.773,35.773,NoButton,Drag,1251,339
35.81,35.81,Left,Released,1251,339
35.811,35.811,NoButton,Drag,1250,338
35.877,35.877,NoButton,Drag,1250,338
35.881,35.881,NoButton,Drag,1250,338
35.895,35.895,NoButton,Drag,1249,338
35.912,35.912,NoButton,Drag,1246,340
35.928,35.928,NoButton,Drag,1243,342
35.945,35.945,NoButton,Drag,1240,345
35.961,35.961,NoButton,Drag,1234,348
35.978,35.978,NoButton,Drag,1229,350
35.995,35.995,NoButton,Drag,1219,353
36.012,36.012,NoButton,Drag,1207,356
36.029,36.029,NoButton,Drag,1190,361
36.047,36.047,NoButton,Drag,1161,365
36.064,36.064,NoButton,Drag,1129,367
36.08,36.08,NoButton,Drag,1089,367
36.097,36.097,NoButton,Drag,1036,367
36.114,36.114,NoButton,Drag,959,367
36.13,36.13,NoButton,Drag,889,363
36.147,36.147,NoButton,Drag,815,352
36.164,36.164,NoButton,Drag,741,338
36.181,36.181,NoButton,Drag,674,323
36.197,36.197,NoButton,Drag,620,309
36.214,36.214,NoButton,Drag,562,291
36.231,36.231,NoButton,Drag,526,280
36.247,36.247,NoButton,Drag,496,271
36.264,36.264,NoButton,Drag,472,262
36.281,36.281,NoButton,Drag,451,253
36.299,36.299,NoButton,Drag,426,242
36.315,36.315,NoButton,Drag,404,231
36.332,36.332,NoButton,Drag,376,219
36.348,36.348,NoButton,Drag,355,211
36.365,36.365,NoButton,Drag,338,204
36.382,36.382,NoButton,Drag,328,199
36.398,36.398,NoButton,Drag,324,195
36.415,36.415,NoButton,Drag,323,194
36.432,36.432,NoButton,Drag,323,191
36.449,36.449,NoButton,Drag,326,187
36.465,36.465,NoButton,Drag,329,182
36.482,36.482,NoButton,Drag,333,179
36.499,36.499,NoButton,Drag,336,177
36.515,36.515,NoButton,Drag,339,175
36.533,36.533,NoButton,Drag,341,173
36.55,36.55,NoButton,Drag,342,173
36.566,36.566,NoButton,Drag,344,172
36.583,36.583,NoButton,Drag,347,172
36.6,36.6,NoButton,Drag,352,171
36.616,36.616,NoButton,Drag,356,171
36.633,36.633,NoButton,Drag,362,169
36.65,36.65,NoButton,Drag,369,167
36.667,36.667,NoButton,Drag,374,166
36.683,36.683,NoButton,Drag,381,164
36.7,36.7,NoButton,Drag,385,163
36.717,36.717,NoButton,Drag,388,162
36.733,36.733,NoButton,Drag,390,160
36.75,36.75,NoButton,Drag,391,159
36.767,36.767,NoButton,Drag,393,159
36.784,36.784,NoButton,Drag,393,158
36.801,36.801,NoButton,Drag,394,158
36.812,36.812,Left,Pressed,394,158
36.876,36.876,NoButton,Drag,394,158
36.918,36.918,Left,Released,394,158
36.965,36.965,NoButton,Drag,394,158
36.973,36.973,NoButton,Drag,394,158
36.977,36.977,NoButton,Drag,395,158
36.985,36.985,NoButton,Drag,395,158
37.001,37.001,NoButton,Drag,396,159
37.017,37.017,NoButton,Drag,398,161
37.034,37.034,NoButton,Drag,400,164
37.05,37.05,NoButton,Drag,403,168
37.068,37.068,NoButton,Drag,406,173
37.084,37.084,NoButton,Drag,411,179
37.101,37.101,NoButton,Drag,416,185
37.117,37.117,NoButton,Drag,423,191
37.134,37.134,NoButton,Drag,429,198
37.151,37.151,NoButton,Drag,430,203
37.168,37.168,NoButton,Drag,426,211
37.184,37.184,NoButton,Drag,417,220
37.201,37.201,NoButton,Drag,405,229
37.217,37.217,NoButton,Drag,385,239
37.234,37.234,NoButton,Drag,362,246
37.251,37.251,NoButton,Drag,328,254
37.268,37.268,NoButton,Drag,299,260
37.285,37.285,NoButton,Drag,277,265
37.302,37.302,NoButton,Drag,256,268
37.318,37.318,NoButton,Drag,240,269
37.335,37.335,NoButton,Drag,225,269
37.352,37.352,NoButton,Drag,209,268
37.369,37.369,NoButton,Drag,197,266
37.385,37.385,NoButton,Drag,186,265
37.402,37.402,NoButton,Drag,176,265
37.418,37.418,NoButton,Drag,164,265
37.436,37.436,NoButton,Drag,151,264
37.452,37.452,NoButton,Drag,139,264
37.469,37.469,NoButton,Drag,127,266
37.485,37.485,NoButton,Drag,122,267
37.502,37.502,NoButton,Drag,118,268
37.519,37.519,NoButton,Drag,114,269
37.536,37.536,NoButton,Drag,109,272
37.553,37.553,NoButton,Drag,107,273
37.569,37.569,NoButton,Drag,104,275
37.587,37.587,NoButton,Drag,102,276
37.603,37.603,NoButton,Drag,97,279
37.62,37.62,NoButton,Drag,89,284
37.636,37.636,NoButton,Drag,81,287
37.653,37.653,NoButton,Drag,77,289
37.67,37.67,NoButton,Drag,76,290
37.686,37.686,NoButton,Drag,76,290
37.739,37.739,NoButton,Drag,75,290
37.767,37.767,NoButton,Drag,75,290
37.783,37.783,NoButton,Drag,75,289
37.808,37.808,Left,Pressed,75,289
37.828,37.828,NoButton,Drag,75,289
37.884,37.884,NoButton,Drag,75,289
37.892,37.892,NoButton,Drag,75,289
37.899,37.899,NoButton,Drag,75,288
37.903,37.903,NoButton,Drag,75,288
37.911,37.911,NoButton,Drag,75,288
37.915,37.915,NoButton,Drag,75,288
37.923,37.923,NoButton,Drag,75,287
37.928,37.928,Left,Released,75,287
37.928,37.928,NoButton,Drag,75,287
37.937,37.937,NoButton,Drag,75,287
37.954,37.954,NoButton,Drag,75,286
37.97,37.97,NoButton,Drag,75,285
37.986,37.986,NoButton,Drag,75,285
38.003,38.003,NoButton,Drag,75,285
38.031,38.031,NoButton,Drag,75,285
38.049,38.049,NoButton,Drag,75,285
38.061,38.061,NoButton,Drag,75,284
38.073,38.073,NoButton,Drag,75,284
38.091,38.091,NoButton,Drag,75,284
38.107,38.107,NoButton,Drag,75,283
38.123,38.123,NoButton,Drag,76,282
38.14,38.14,NoButton,Drag,76,282
38.157,38.157,NoButton,Drag,77,281
38.174,38.174,NoButton,Drag,77,281
38.191,38.191,NoButton,Drag,77,281
38.207,38.207,NoButton,Drag,77,280
38.225,38.225,NoButton,Drag,78,280
38.241,38.241,NoButton,Drag,79,279
38.257,38.257,NoButton,Drag,82,278
38.274,38.274,NoButton,Drag,87,277
38.289,38.289,NoButton,Drag,95,276
38.306,38.306,NoButton,Drag,105,275
38.323,38.323,NoButton,Drag,114,274
38.34,38.34,NoButton,Drag,124,274
38.357,38.357,NoButton,Drag,135,274
38.373,38.373,NoButton,Drag,150,274
38.39,38.39,NoButton,Drag,163,274
38.407,38.407,NoButton,Drag,176,274
38.423,38.423,NoButton,Drag,188,274
38.439,38.439,NoButton,Drag,200,274
38.457,38.457,NoButton,Drag,213,274
38.474,38.474,NoButton,Drag,230,274
38.49,38.49,NoButton,Drag,243,274
38.507,38.507,NoButton,Drag,256,274
38.523,38.523,NoButton,Drag,268,274
38.54,38.54,NoButton,Drag,279,273
38.556,38.556,NoButton,Drag,288,273
38.572,38.572,NoButton,Drag,296,273
38.589,38.589,NoButton,Drag,306,273
38.606,38.606,NoButton,Drag,311,273
38.622,38.622,NoButton,Drag,317,273
38.639,38.639,NoButton,Drag,324,272
38.657,38.657,NoButton,Drag,328,272
38.673,38.673,NoButton,Drag,331,272
38.69,38.69,NoButton,Drag,333,272
38.706,38.706,NoButton,Drag,333,272
38.764,38.764,NoButton,Drag,334,271
38.767,38.767,NoButton,Drag,334,271
38.773,38.773,NoButton,Drag,335,271
38.79,38.79,NoButton,Drag,336,271
38.807,38.807,NoButton,Drag,340,270
38.824,38.824,NoButton,Drag,343,270
38.84,38.84,NoButton,Drag,347,268
38.857,38.857,NoButton,Drag,350,268
38.874,38.874,NoButton,Drag,351,268
38.89,38.89,NoButton,Drag,351,267
38.96,38.96,NoButton,Drag,351,267
38.971,38.971,NoButton,Drag,352,267
38.975,38.975,NoButton,Drag,352,267
38.99,38.99,NoButton,Drag,352,266
39.007,39.007,NoButton,Drag,352,265
39.023,39.023,NoButton,Drag,354,263
39.04,39.04,NoButton,Drag,354,262
39.057,39.057,NoButton,Drag,354,261
39.074,39.074,NoButton,Drag,354,261
39.16,39.16,NoButton,Drag,354,261
39.168,39.168,NoButton,Drag,355,260
39.174,39.174,NoButton,Drag,355,260
39.191,39.191,NoButton,Drag,355,259
39.207,39.207,NoButton,Drag,356,256
39.223,39.223,NoButton,Drag,359,254
39.24,39.24,NoButton,Drag,367,249
39.257,39.257,NoButton,Drag,382,244
39.274,39.274,NoButton,Drag,415,235
39.291,39.291,NoButton,Drag,455,223
39.308,39.308,NoButton,Drag,498,210
39.325,39.325,NoButton,Drag,544,197
39.341,39.341,NoButton,Drag,599,181
39.358,39.358,NoButton,Drag,642,170
39.375,39.375,NoButton,Drag,681,164
39.391,39.391,NoButton,Drag,716,160
39.408,39.408,NoButton,Drag,743,160
39.424,39.424,NoButton,Drag,764,160
39.442,39.442,NoButton,Drag,785,161
39.458,39.458,NoButton,Drag,803,164
39.475,39.475,NoButton,Drag,818,169
39.492,39.492,NoButton,Drag,831,172
39.509,39.509,NoButton,Drag,843,175
39.525,39.525,NoButton,Drag,852,178
39.545,39.545,NoButton,Drag,858,180
39.561,39.561,NoButton,Drag,862,182
39.578,39.578,NoButton,Drag,864,183
39.596,39.596,NoButton,Drag,867,184
39.612,39.612,NoButton,Drag,869,184
39.629,39.629,NoButton,Drag,870,184
39.645,39.645,NoButton,Drag,874,185
39.662,39.662,NoButton,Drag,880,186
39.679,39.679,NoButton,Drag,888,187
39.695,39.695,NoButton,Drag,899,188
39.713,39.713,NoButton,Drag,912,188
39.729,39.729,NoButton,Drag,928,188
39.745,39.745,NoButton,Drag,943,188
39.762,39.762,NoButton,Drag,958,188
39.779,39.779,NoButton,Drag,975,188
39.797,39.797,NoButton,Drag,994,188
39.814,39.814,NoButton,Drag,1007,188
39.83,39.83,NoButton,Drag,1016,188
39.847,39.847,NoButton,Drag,1021,188
39.863,39.863,NoButton,Drag,1022,188
39.881,39.881,NoButton,Drag,1023,188
39.898,39.898,NoButton,Drag,1023,188
40.047,40.047,NoButton,Drag,1023,188
40.055,40.055,NoButton,Drag,1023,188
40.064,40.064,NoButton,Drag,1024,188
40.081,40.081,NoButton,Drag,1026,186
40.098,40.098,NoButton,Drag,1030,183
40.114,40.114,NoButton,Drag,1036,179
40.131,40.131,NoButton,Drag,1041,174
40.148,40.148,NoButton,Drag,1048,169
40.164,40.164,NoButton,Drag,1052,164
40.181,40.181,NoButton,Drag,1056,160
40.198,40.198,NoButton,Drag,1058,157
40.215,40.215,NoButton,Drag,1059,155
40.232,40.232,NoButton,Drag,1059,155
40.26,40.26,Left,Pressed,1059,155
40.366,40.366,Left,Released,1059,155
40.393,40.393,NoButton,Drag,1059,155
40.437,40.437,NoButton,Drag,1059,155
40.441,40.441,NoButton,Drag,1059,155
40.449,40.449,NoButton,Drag,1059,155
40.466,40.466,NoButton,Drag,1058,157
40.483,40.483,NoButton,Drag,1057,159
40.499,40.499,NoButton,Drag,1055,162
40.516,40.516,NoButton,Drag,1052,165
40.533,40.533,NoButton,Drag,1047,170
40.551,40.551,NoButton,Drag,1038,177
40.568,40.568,NoButton,Drag,1029,183
40.585,40.585,NoButton,Drag,1018,190
40.601,40.601,NoButton,Drag,1007,197
40.618,40.618,NoButton,Drag,992,206
40.634,40.634,NoButton,Drag,977,213
40.651,40.651,NoButton,Drag,961,220
40.667,40.667,NoButton,Drag,943,227
40.685,40.685,NoButton,Drag,926,236
40.701,40.701,NoButton,Drag,908,246
40.718,40.718,NoButton,Drag,886,258
40.735,40.735,NoButton,Drag,869,267
40.751,40.751,NoButton,Drag,852,274
40.769,40.769,NoButton,Drag,834,282
40.785,40.785,NoButton,Drag,817,290
40.804,40.804,NoButton,Drag,796,301
40.82,40.82,NoButton,Drag,782,309
40.837,40.837,NoButton,Drag,769,317
40.854,40.854,NoButton,Drag,754,325
40.87,40.87,NoButton,Drag,742,332
40.887,40.887,NoButton,Drag,731,338
40.903,40.903,NoButton,Drag,721,344
40.92,40.92,NoButton,Drag,712,349
40.937,40.937,NoButton,Drag,703,355
40.954,40.954,NoButton,Drag,696,360
40.97,40.97,NoButton,Drag,690,363
40.988,40.988,NoButton,Drag,685,366
41.004,41.004,NoButton,Drag,681,368
41.02,41.02,NoButton,Drag,679,369
41.039,41.039,NoButton,Drag,678,369
41.116,41.116,NoButton,Drag,678,369
41.172,41.172,NoButton,Drag,677,369
41.192,41.192,NoButton,Drag,677,369
41.205,41.205,NoButton,Drag,677,369
41.223,41.223,NoButton,Drag,677,368
41.239,41.239,NoButton,Drag,676,368
41.256,41.256,NoButton,Drag,672,368
41.272,41.272,NoButton,Drag,669,369
41.29,41.29,NoButton,Drag,666,369
41.306,41.306,NoButton,Drag,661,370
41.324,41.324,NoButton,Drag,655,370
41.34,41.34,NoButton,Drag,649,370
41.356,41.356,NoButton,Drag,643,370
41.373,41.373,NoButton,Drag,638,370
41.39,41.39,NoButton,Drag,632,370
41.407,41.407,NoButton,Drag,624,370
41.423,41.423,NoButton,Drag,613,371
41.44,41.44,NoButton,Drag,601,372
41.457,41.457,NoButton,Drag,589,373
41.474,41.474,NoButton,Drag,575,374
41.49,41.49,NoButton,Drag,560,378
41.507,41.507,NoButton,Drag,544,380
41.523,41.523,NoButton,Drag,524,385
41.54,41.54,NoButton,Drag,507,389
41.557,41.557,NoButton,Drag,483,396
41.573,41.573,NoButton,Drag,459,402
41.59,41.59,NoButton,Drag,435,409
41.607,41.607,NoButton,Drag,410,415
41.623,41.623,NoButton,Drag,386,422
41.641,41.641,NoButton,Drag,362,428
41.657,41.657,NoButton,Drag,341,434
41.674,41.674,NoButton,Drag,318,441
41.691,41.691,NoButton,Drag,304,445
41.707,41.707,NoButton,Drag,293,448
41.724,41.724,NoButton,Drag,285,451
41.741,41.741,NoButton,Drag,284,452
41.757,41.757,NoButton,Drag,284,452
41.774,41.774,NoButton,Drag,283,454
41.792,41.792,NoButton,Drag,286,456
41.809,41.809,NoButton,Drag,294,457
41.825,41.825,NoButton,Drag,320,459
41.842,41.842,NoButton,Drag,354,460
41.859,41.859,NoButton,Drag,396,460
41.876,41.876,NoButton,Drag,454,460
41.893,41.893,NoButton,Drag,526,459
41.909,41.909,NoButton,Drag,602,457
41.926,41.926,NoButton,Drag,706,451
41.943,41.943,NoButton,Drag,786,446
41.96,41.96,NoButton,Drag,858,440
41.976,41.976,NoButton,Drag,923,438
41.993,41.993,NoButton,Drag,985,436
42.009,42.009,NoButton,Drag,1037,436
42.026,42.026,NoButton,Drag,1090,436
42.044,42.044,NoButton,Drag,1127,436
42.06,42.06,NoButton,Drag,1158,436
42.076,42.076,NoButton,Drag,1181,436
42.093,42.093,NoButton,Drag,1199,437
42.109,42.109,NoButton,Drag,1205,437
42.126,42.126,NoButton,Drag,1206,437
42.163,42.163,NoButton,Drag,1206,438
42.171,42.171,NoButton,Drag,1206,438
42.177,42.177,NoButton,Drag,1206,438
42.193,42.193,NoButton,Drag,1209,439
42.211,42.211,NoButton,Drag,1213,440
42.227,42.227,NoButton,Drag,1220,440
42.243,42.243,NoButton,Drag,1228,441
42.26,42.26,NoButton,Drag,1236,441
42.277,42.277,NoButton,Drag,1246,441
42.294,42.294,NoButton,Drag,1257,441
42.31,42.31,NoButton,Drag,1273,441
42.327,42.327,NoButton,Drag,1291,441
42.343,42.343,NoButton,Drag,1314,441
42.36,42.36,NoButton,Drag,1331,441
42.377,42.377,NoButton,Drag,1345,441
42.394,42.394,NoButton,Drag,1358,442
42.41,42.41,NoButton,Drag,1369,444
42.427,42.427,NoButton,Drag,1377,446
42.444,42.444,NoButton,Drag,1386,448
42.46,42.46,NoButton,Drag,1391,451
42.477,42.477,NoButton,Drag,1396,454
42.494,42.494,NoButton,Drag,1399,456
42.511,42.511,NoButton,Drag,1401,459
42.527,42.527,NoButton,Drag,1403,461
42.544,42.544,NoButton,Drag,1403,463
42.561,42.561,NoButton,Drag,1403,465
42.577,42.577,NoButton,Drag,1403,467
42.593,42.593,NoButton,Drag,1403,469
42.611,42.611,NoButton,Drag,1403,471
42.627,42.627,NoButton,Drag,1401,474
42.644,42.644,NoButton,Drag,1398,476
42.66,42.66,NoButton,Drag,1394,479
42.677,42.677,NoButton,Drag,1389,481
42.694,42.694,NoButton,Drag,1387,483
42.71,42.71,NoButton,Drag,1384,485
42.727,42.727,NoButton,Drag,1381,487
42.745,42.745,NoButton,Drag,1378,488
42.761,42.761,NoButton,Drag,1375,490
42.777,42.777,NoButton,Drag,1373,491
42.789,42.789,NoButton,Drag,1373,492
42.807,42.807,NoButton,Drag,1372,492
42.824,42.824,NoButton,Drag,1372,493
42.84,42.84,NoButton,Drag,1372,493
42.858,42.858,Left,Pressed,1372,493
42.898,42.898,NoButton,Drag,1372,493
42.913,42.913,NoButton,Drag,1371,493
42.925,42.925,NoButton,Drag,1371,493
42.937,42.937,NoButton,Drag,1371,493
42.945,42.945,NoButton,Drag,1371,493
42.949,42.949,NoButton,Drag,1370,492
42.961,42.961,NoButton,Drag,1370,492
42.965,42.965,NoButton,Drag,1370,492
42.974,42.974,Left,Released,1370,492
42.974,42.974,NoButton,Drag,1370,492
42.988,42.988,NoButton,Drag,1369,491
43.004,43.004,NoButton,Drag,1369,490
43.022,43.022,NoButton,Drag,1368,489
43.037,43.037,NoButton,Drag,1367,488
43.053,43.053,NoButton,Drag,1366,488
43.069,43.069,NoButton,Drag,1363,487
43.086,43.086,NoButton,Drag,1358,487
43.103,43.103,NoButton,Drag,1349,487
43.119,43.119,NoButton,Drag,1341,489
43.136,43.136,NoButton,Drag,1330,491
43.153,43.153,NoButton,Drag,1318,493
43.169,43.169,NoButton,Drag,1297,497
43.187,43.187,NoButton,Drag,1272,499
43.203,43.203,NoButton,Drag,1238,502
43.22,43.22,NoButton,Drag,1200,506
43.236,43.236,NoButton,Drag,1154,510
43.253,43.253,NoButton,Drag,1087,514
43.27,43.27,NoButton,Drag,1027,515
43.286,43.286,NoButton,Drag,955,517
43.303,43.303,NoButton,Drag,880,517
43.319,43.319,NoButton,Drag,782,517
43.336,43.336,NoButton,Drag,707,517
43.352,43.352,NoButton,Drag,632,517
43.369,43.369,NoButton,Drag,558,514
43.387,43.387,NoButton,Drag,492,513
43.403,43.403,NoButton,Drag,438,513
43.419,43.419,NoButton,Drag,386,512
43.437,43.437,NoButton,Drag,351,512
43.453,43.453,NoButton,Drag,327,511
43.47,43.47,NoButton,Drag,311,510
43.486,43.486,NoButton,Drag,301,509
43.503,43.503,NoButton,Drag,294,509
43.52,43.52,NoButton,Drag,290,509
43.536,43.536,NoButton,Drag,288,509
43.552,43.552,NoButton,Drag,287,510
43.57,43.57,NoButton,Drag,286,511
43.587,43.587,NoButton,Drag,285,511
43.603,43.603,NoButton,Drag,285,512
43.619,43.619,NoButton,Drag,284,513
43.637,43.637,NoButton,Drag,283,513
43.653,43.653,NoButton,Drag,282,513
43.683,43.683,NoButton,Drag,282,514
43.688,43.688,NoButton,Drag,282,514
43.703,43.703,NoButton,Drag,281,514
43.72,43.72,NoButton,Drag,277,514
43.737,43.737,NoButton,Drag,268,514
43.753,43.753,NoButton,Drag,256,514
43.771,43.771,NoButton,Drag,243,511
43.787,43.787,NoButton,Drag,227,507
43.803,43.803,NoButton,Drag,210,502
43.819,43.819,NoButton,Drag,182,495
43.837,43.837,NoButton,Drag,162,490
43.853,43.853,NoButton,Drag,144,486
43.87,43.87,NoButton,Drag,125,481
43.886,43.886,NoButton,Drag,111,477
43.903,43.903,NoButton,Drag,97,473
43.919,43.919,NoButton,Drag,85,470
43.936,43.936,NoButton,Drag,74,467
43.953,43.953,NoButton,Drag,65,465
43.97,43.97,NoButton,Drag,60,463
43.986,43.986,NoButton,Drag,57,464
44.003,44.003,NoButton,Drag,56,464
44.061,44.061,NoButton,Drag,56,464
44.069,44.069,NoButton,Drag,56,464
44.087,44.087,NoButton,Drag,57,461
44.103,44.103,NoButton,Drag,60,459
44.12,44.12,NoButton,Drag,64,455
44.137,44.137,NoButton,Drag,67,452
44.153,44.153,NoButton,Drag,71,447
44.17,44.17,NoButton,Drag,74,444
44.186,44.186,NoButton,Drag,78,441
44.204,44.204,NoButton,Drag,84,437
44.22,44.22,NoButton,Drag,90,433
44.236,44.236,NoButton,Drag,95,430
44.253,44.253,NoButton,Drag,97,428
44.27,44.27,NoButton,Drag,97,427
44.287,44.287,NoButton,Drag,98,427
44.304,44.304,NoButton,Drag,98,427
44.322,44.322,NoButton,Drag,98,426
44.337,44.337,NoButton,Drag,98,426
44.382,44.382,NoButton,Drag,98,426
44.389,44.389,NoButton,Drag,98,426
44.407,44.407,NoButton,Drag,99,425
44.422,44.422,NoButton,Drag,99,425
44.438,44.438,NoButton,Drag,99,424
44.455,44.455,NoButton,Drag,99,424
44.471,44.471,NoButton,Drag,99,421
44.488,44.488,NoButton,Drag,99,420
44.505,44.505,NoButton,Drag,99,419
44.548,44.548,Left,Pressed,99,419
44.595,44.595,NoButton,Drag,99,419
44.611,44.611,NoButton,Drag,99,418
44.619,44.619,NoButton,Drag,99,418
44.631,44.631,NoButton,Drag,99,418
44.635,44.635,NoButton,Drag,99,418
44.716,44.716,Left,Released,99,418
44.924,44.924,NoButton,Drag,99,418
44.927,44.927,NoButton,Drag,99,418
44.938,44.938,NoButton,Drag,99,419
44.955,44.955,NoButton,Drag,100,422
44.971,44.971,NoButton,Drag,105,426
44.988,44.988,NoButton,Drag,113,430
45.005,45.005,NoButton,Drag,124,433
45.021,45.021,NoButton,Drag,143,434
45.038,45.038,NoButton,Drag,165,434
45.055,45.055,NoButton,Drag,196,433
45.072,45.072,NoButton,Drag,233,429
45.089,45.089,NoButton,Drag,273,424
45.105,45.105,NoButton,Drag,313,419
45.122,45.122,NoButton,Drag,363,415
45.139,45.139,NoButton,Drag,403,410
45.155,45.155,NoButton,Drag,442,406
45.173,45.173,NoButton,Drag,481,399
45.189,45.189,NoButton,Drag,516,394
45.205,45.205,NoButton,Drag,555,387
45.222,45.222,NoButton,Drag,581,381
45.239,45.239,NoButton,Drag,606,375
45.255,45.255,NoButton,Drag,630,369
45.273,45.273,NoButton,Drag,649,364
45.289,45.289,NoButton,Drag,665,361
45.306,45.306,NoButton,Drag,683,356
45.323,45.323,NoButton,Drag,694,353
45.339,45.339,NoButton,Drag,703,350
45.356,45.356,NoButton,Drag,709,348
45.373,45.373,NoButton,Drag,714,345
45.389,45.389,NoButton,Drag,719,343
45.406,45.406,NoButton,Drag,726,340
45.423,45.423,NoButton,Drag,732,337
45.439,45.439,NoButton,Drag,738,333
45.456,45.456,NoButton,Drag,744,330
45.473,45.473,NoButton,Drag,750,327
45.489,45.489,NoButton,Drag,760,322
45.506,45.506,NoButton,Drag,766,318
45.523,45.523,NoButton,Drag,773,314
45.539,45.539,NoButton,Drag,781,309
45.557,45.557,NoButton,Drag,790,303
45.575,45.575,NoButton,Drag,801,298
45.592,45.592,NoButton,Drag,809,293
45.609,45.609,NoButton,Drag,816,289
45.626,45.626,NoButton,Drag,825,285
45.643,45.643,NoButton,Drag,834,281
45.659,45.659,NoButton,Drag,843,277
45.676,45.676,NoButton,Drag,851,273
45.693,45.693,NoButton,Drag,857,271
45.709,45.709,NoButton,Drag,864,269
45.726,45.726,NoButton,Drag,870,268
45.743,45.743,NoButton,Drag,877,266
45.76,45.76,NoButton,Drag,883,264
45.776,45.776,NoButton,Drag,888,264
45.795,45.795,NoButton,Drag,894,262
45.811,45.811,NoButton,Drag,898,262
45.827,45.827,NoButton,Drag,905,261
45.845,45.845,NoButton,Drag,911,260
45.861,45.861,NoButton,Drag,916,259
45.878,45.878,NoButton,Drag,919,258
45.894,45.894,NoButton,Drag,922,258
45.911,45.911,NoButton,Drag,923,257
45.928,45.928,NoButton,Drag,925,257
45.945,45.945,NoButton,Drag,926,256
45.962,45.962,NoButton,Drag,927,256
45.979,45.979,NoButton,Drag,927,255
46.003,46.003,NoButton,Drag,927,255
46.011,46.011,NoButton,Drag,928,255
46.028,46.028,NoButton,Drag,928,254
46.056,46.056,NoButton,Drag,929,253
46.123,46.123,NoButton,Drag,929,252
46.125,46.125,Left,Pressed,929,252
46.126,46.126,NoButton,Drag,929,252
46.231,46.231,Left,Released,929,252
46.297,46.297,NoButton,Drag,929,252
46.302,46.302,NoButton,Drag,929,253
46.312,46.312,NoButton,Drag,929,253
46.328,46.328,NoButton,Drag,928,255
46.345,46.345,NoButton,Drag,926,257
46.362,46.362,NoButton,Drag,924,261
46.378,46.378,NoButton,Drag,921,265
46.395,46.395,NoButton,Drag,917,269
46.414,46.414,NoButton,Drag,913,273
46.431,46.431,NoButton,Drag,908,277
46.446,46.446,NoButton,Drag,903,281
46.466,46.466,NoButton,Drag,897,286
46.483,46.483,NoButton,Drag,889,290
46.496,46.496,NoButton,Drag,881,296
46.513,46.513,NoButton,Drag,872,301
46.53,46.53,NoButton,Drag,861,307
46.545,46.545,NoButton,Drag,852,313
46.562,46.562,NoButton,Drag,842,318
46.58,46.58,NoButton,Drag,830,324
46.597,46.597,NoButton,Drag,818,331
46.617,46.617,NoButton,Drag,800,339
46.631,46.631,NoButton,Drag,784,345
46.646,46.646,NoButton,Drag,768,350
46.662,46.662,NoButton,Drag,749,356
46.679,46.679,NoButton,Drag,730,361
46.696,46.696,NoButton,Drag,702,369
46.712,46.712,NoButton,Drag,682,375
46.729,46.729,NoButton,Drag,660,380
46.746,46.746,NoButton,Drag,635,386
46.763,46.763,NoButton,Drag,607,390
46.779,46.779,NoButton,Drag,568,395
46.797,46.797,NoButton,Drag,532,397
46.813,46.813,NoButton,Drag,494,399
46.83,46.83,NoButton,Drag,451,400
46.847,46.847,NoButton,Drag,401,400
46.864,46.864,NoButton,Drag,332,400
46.881,46.881,NoButton,Drag,278,398
46.897,46.897,NoButton,Drag,228,394
46.914,46.914,NoButton,Drag,182,389
46.931,46.931,NoButton,Drag,143,382
46.947,46.947,NoButton,Drag,100,374
46.964,46.964,NoButton,Drag,73,368
46.981,46.981,NoButton,Drag,56,364
46.997,46.997,NoButton,Drag,46,360
47.015,47.015,NoButton,Drag,44,358
47.031,47.031,NoButton,Drag,42,356
47.048,47.048,NoButton,Drag,41,354
47.064,47.064,NoButton,Drag,41,353
47.081,47.081,NoButton,Drag,41,352
47.098,47.098,NoButton,Drag,41,350
47.114,47.114,NoButton,Drag,42,347
47.131,47.131,NoButton,Drag,46,342
47.148,47.148,NoButton,Drag,50,337
47.165,47.165,NoButton,Drag,54,331
47.181,47.181,NoButton,Drag,58,325
47.201,47.201,NoButton,Drag,63,318
47.223,47.223,NoButton,Drag,68,312
47.239,47.239,NoButton,Drag,72,308
47.251,47.251,NoButton,Drag,76,304
47.266,47.266,NoButton,Drag,81,297
47.282,47.282,NoButton,Drag,83,293
47.298,47.298,NoButton,Drag,85,289
47.315,47.315,NoButton,Drag,87,284
47.332,47.332,NoButton,Drag,90,278
47.348,47.348,NoButton,Drag,93,271
47.365,47.365,NoButton,Drag,95,263
47.382,47.382,NoButton,Drag,99,252
47.399,47.399,NoButton,Drag,102,242
47.416,47.416,NoButton,Drag,102,232
47.432,47.432,NoButton,Drag,102,223
47.449,47.449,NoButton,Drag,102,214
47.465,47.465,NoButton,Drag,102,206
47.482,47.482,NoButton,Drag,102,198
47.498,47.498,NoButton,Drag,101,191
47.515,47.515,NoButton,Drag,99,185
47.532,47.532,NoButton,Drag,97,180
47.55,47.55,NoButton,Drag,97,176
47.565,47.565,NoButton,Drag,96,175
47.582,47.582,NoButton,Drag,95,171
47.598,47.598,NoButton,Drag,95,171
47.615,47.615,NoButton,Drag,94,170
47.631,47.631,NoButton,Drag,94,169
47.648,47.648,NoButton,Drag,94,169
47.665,47.665,NoButton,Drag,94,169
47.682,47.682,NoButton,Drag,94,168
47.71,47.71,Left,Pressed,94,168
47.832,47.832,Left,Released,94,168
47.996,47.996,NoButton,Drag,94,168
48.007,48.007,NoButton,Drag,93,168
48.015,48.015,NoButton,Drag,93,168
48.032,48.032,NoButton,Drag,93,169
48.049,48.049,NoButton,Drag,92,170
48.066,48.066,NoButton,Drag,91,171
48.083,48.083,NoButton,Drag,90,172
48.099,48.099,NoButton,Drag,89,174
48.116,48.116,NoButton,Drag,88,176
48.133,48.133,NoButton,Drag,87,177
48.149,48.149,NoButton,Drag,87,180
48.166,48.166,NoButton,Drag,86,182
48.183,48.183,NoButton,Drag,86,184
48.2,48.2,NoButton,Drag,86,186
48.221,48.221,NoButton,Drag,86,187
48.239,48.239,NoButton,Drag,86,188
48.256,48.256,NoButton,Drag,86,188
48.269,48.269,NoButton,Drag,86,188
48.289,48.289,NoButton,Drag,86,188
48.303,48.303,NoButton,Drag,86,189
48.36,48.36,NoButton,Drag,86,189
48.435,48.435,NoButton,Drag,86,189
48.886,48.886,NoButton,Drag,86,190
48.889,48.889,NoButton,Drag,86,190
48.902,48.902,NoButton,Drag,86,192
48.918,48.918,NoButton,Drag,86,194
48.935,48.935,NoButton,Drag,88,197
48.951,48.951,NoButton,Drag,92,202
48.968,48.968,NoButton,Drag,96,207
48.985,48.985,NoButton,Drag,102,212
49.002,49.002,NoButton,Drag,113,219
49.018,49.018,NoButton,Drag,124,226
49.035,49.035,NoButton,Drag,141,235
49.052,49.052,NoButton,Drag,166,248
49.069,49.069,NoButton,Drag,192,257
49.086,49.086,NoButton,Drag,224,267
49.102,49.102,NoButton,Drag,261,278
49.119,49.119,NoButton,Drag,310,289
49.136,49.136,NoButton,Drag,348,299
49.153,49.153,NoButton,Drag,387,308
49.169,49.169,NoButton,Drag,426,317
49.186,49.186,NoButton,Drag,459,324
49.203,49.203,NoButton,Drag,485,331
49.22,49.22,NoButton,Drag,515,339
49.236,49.236,NoButton,Drag,532,346
49.253,49.253,NoButton,Drag,544,353
49.27,49.27,NoButton,Drag,551,360
49.288,49.288,NoButton,Drag,555,368
49.304,49.304,NoButton,Drag,558,380
49.321,49.321,NoButton,Drag,559,391
49.338,49.338,NoButton,Drag,560,404
49.354,49.354,NoButton,Drag,560,418
49.371,49.371,NoButton,Drag,557,437
49.388,49.388,NoButton,Drag,553,451
49.405,49.405,NoButton,Drag,548,465
49.421,49.421,NoButton,Drag,540,477
49.439,49.439,NoButton,Drag,531,490
49.455,49.455,NoButton,Drag,521,503
49.472,49.472,NoButton,Drag,511,518
49.488,49.488,NoButton,Drag,506,527
49.505,49.505,NoButton,Drag,502,536
49.522,49.522,NoButton,Drag,500,544
49.538,49.538,NoButton,Drag,498,552
49.557,49.557,NoButton,Drag,496,560
49.574,49.574,NoButton,Drag,495,566
49.589,49.589,NoButton,Drag,495,571
49.607,49.607,NoButton,Drag,495,574
49.623,49.623,NoButton,Drag,494,578
49.639,49.639,NoButton,Drag,491,581
49.657,49.657,NoButton,Drag,489,585
49.674,49.674,NoButton,Drag,487,589
49.69,49.69,NoButton,Drag,487,593
49.707,49.707,NoButton,Drag,486,596
49.724,49.724,NoButton,Drag,485,600
49.74,49.74,NoButton,Drag,485,604
49.757,49.757,NoButton,Drag,485,607
49.774,49.774,NoButton,Drag,485,611
49.79,49.79,NoButton,Drag,485,615
49.807,49.807,NoButton,Drag,485,618
49.824,49.824,NoButton,Drag,485,621
49.841,49.841,NoButton,Drag,485,623
49.857,49.857,NoButton,Drag,485,624
49.874,49.874,NoButton,Drag,485,625
49.893,49.893,NoButton,Drag,485,625
49.909,49.909,NoButton,Drag,486,625
49.924,49.924,NoButton,Drag,486,624
49.941,49.941,NoButton,Drag,486,623
49.957,49.957,NoButton,Drag,488,622
49.974,49.974,NoButton,Drag,489,621
49.978,49.978,Left,Pressed,489,621
49.981,49.981,NoButton,Drag,490,621
49.985,49.985,NoButton,Drag,490,621
49.989,49.989,NoButton,Drag,490,621
49.997,49.997,NoButton,Drag,490,621
50.005,50.005,NoButton,Drag,491,620
50.017,50.017,NoButton,Drag,491,620
50.029,50.029,NoButton,Drag,491,620
50.033,50.033,NoButton,Drag,491,620
50.038,50.038,NoButton,Drag,491,620
50.061,50.061,NoButton,Drag,491,619
50.114,50.114,NoButton,Drag,491,619
50.141,50.141,NoButton,Drag,490,619
50.144,50.144,Left,Released,490,619
50.149,50.149,NoButton,Drag,490,619
50.167,50.167,NoButton,Drag,490,619
50.174,50.174,NoButton,Drag,490,619
50.191,50.191,NoButton,Drag,490,618
50.207,50.207,NoButton,Drag,493,616
50.224,50.224,NoButton,Drag,495,615
50.241,50.241,NoButton,Drag,496,614
50.267,50.267,NoButton,Drag,497,613
50.275,50.275,NoButton,Drag,497,613
50.291,50.291,NoButton,Drag,497,612
50.308,50.308,NoButton,Drag,498,610
50.324,50.324,NoButton,Drag,500,607
50.342,50.342,NoButton,Drag,505,602
50.358,50.358,NoButton,Drag,512,596
50.374,50.374,NoButton,Drag,523,586
50.392,50.392,NoButton,Drag,542,569
50.408,50.408,NoButton,Drag,558,553
50.425,50.425,NoButton,Drag,576,534
50.442,50.442,NoButton,Drag,593,510
50.458,50.458,NoButton,Drag,609,483
50.475,50.475,NoButton,Drag,623,459
50.492,50.492,NoButton,Drag,637,430
50.508,50.508,NoButton,Drag,646,409
50.525,50.525,NoButton,Drag,652,391
50.542,50.542,NoButton,Drag,656,376
50.555,50.555,NoButton,Drag,660,366
50.572,50.572,NoButton,Drag,668,350
50.589,50.589,NoButton,Drag,674,340
50.605,50.605,NoButton,Drag,681,329
50.622,50.622,NoButton,Drag,688,318
50.639,50.639,NoButton,Drag,694,309
50.655,50.655,NoButton,Drag,701,300
50.672,50.672,NoButton,Drag,705,294
50.689,50.689,NoButton,Drag,710,287
50.706,50.706,NoButton,Drag,715,281
50.722,50.722,NoButton,Drag,722,272
50.739,50.739,NoButton,Drag,729,265
50.755,50.755,NoButton,Drag,738,256
50.773,50.773,NoButton,Drag,747,249
50.789,50.789,NoButton,Drag,756,242
50.804,50.804,NoButton,Drag,765,236
50.821,50.821,NoButton,Drag,775,231
50.839,50.839,NoButton,Drag,782,229
50.855,50.855,NoButton,Drag,787,227
50.872,50.872,NoButton,Drag,789,227
50.934,50.934,NoButton,Drag,789,227
50.945,50.945,NoButton,Drag,789,227
50.955,50.955,NoButton,Drag,790,227
50.972,50.972,NoButton,Drag,791,227
50.988,50.988,NoButton,Drag,791,227
51.014,51.014,Left,Pressed,791,227
51.13,51.13,NoButton,Drag,792,227
51.15,51.15,Left,Released,792,227
51.165,51.165,NoButton,Drag,792,227
51.185,51.185,NoButton,Drag,792,227
51.189,51.189,NoButton,Drag,792,227
51.205,51.205,NoButton,Drag,792,226
51.224,51.224,NoButton,Drag,793,225
51.238,51.238,NoButton,Drag,795,224
51.254,51.254,NoButton,Drag,797,223
51.272,51.272,NoButton,Drag,801,222
51.288,51.288,NoButton,Drag,807,221
51.304,51.304,NoButton,Drag,813,219
51.323,51.323,NoButton,Drag,820,218
51.339,51.339,NoButton,Drag,827,216
51.355,51.355,NoButton,Drag,832,214
51.372,51.372,NoButton,Drag,835,213
51.388,51.388,NoButton,Drag,835,213
51.408,51.408,NoButton,Drag,836,213
51.436,51.436,Left,Pressed,836,213
51.532,51.532,Left,Released,836,213
51.587,51.587,NoButton,Drag,835,213
51.591,51.591,NoButton,Drag,835,213
51.604,51.604,NoButton,Drag,834,213
51.62,51.62,NoButton,Drag,833,214
51.637,51.637,NoButton,Drag,831,216
51.653,51.653,NoButton,Drag,829,218
51.67,51.67,NoButton,Drag,827,221
51.687,51.687,NoButton,Drag,822,224
51.704,51.704,NoButton,Drag,815,230
51.72,51.72,NoButton,Drag,806,236
51.737,51.737,NoButton,Drag,795,243
51.754,51.754,NoButton,Drag,783,250
51.771,51.771,NoButton,Drag,770,257
51.787,51.787,NoButton,Drag,754,266
51.804,51.804,NoButton,Drag,740,274
51.821,51.821,NoButton,Drag,726,281
51.838,51.838,NoButton,Drag,712,289
51.854,51.854,NoButton,Drag,698,297
51.871,51.871,NoButton,Drag,686,303
51.888,51.888,NoButton,Drag,672,312
51.904,51.904,NoButton,Drag,660,318
51.921,51.921,NoButton,Drag,646,324
51.938,51.938,NoButton,Drag,626,332
51.955,51.955,NoButton,Drag,610,339
51.971,51.971,NoButton,Drag,592,345
51.988,51.988,NoButton,Drag,574,351
52.005,52.005,NoButton,Drag,557,356
52.021,52.021,NoButton,Drag,540,361
52.038,52.038,NoButton,Drag,516,368
52.054,52.054,NoButton,Drag,498,373
52.071,52.071,NoButton,Drag,481,377
52.088,52.088,NoButton,Drag,464,382
52.105,52.105,NoButton,Drag,449,386
52.121,52.121,NoButton,Drag,435,391
52.138,52.138,NoButton,Drag,426,395
52.155,52.155,NoButton,Drag,416,401
52.171,52.171,NoButton,Drag,408,406
52.188,52.188,NoButton,Drag,401,413
52.205,52.205,NoButton,Drag,397,418
52.222,52.222,NoButton,Drag,393,426
52.238,52.238,NoButton,Drag,391,434
52.255,52.255,NoButton,Drag,389,444
52.271,52.271,NoButton,Drag,389,457
52.288,52.288,NoButton,Drag,391,471
52.305,52.305,NoButton,Drag,394,484
52.321,52.321,NoButton,Drag,399,502
52.338,52.338,NoButton,Drag,404,517
52.355,52.355,NoButton,Drag,411,530
52.371,52.371,NoButton,Drag,420,543
52.388,52.388,NoButton,Drag,429,555
52.405,52.405,NoButton,Drag,437,566
52.422,52.422,NoButton,Drag,448,578
52.438,52.438,NoButton,Drag,456,587
52.455,52.455,NoButton,Drag,466,597
52.472,52.472,NoButton,Drag,474,602
52.489,52.489,NoButton,Drag,482,608
52.505,52.505,NoButton,Drag,490,612
52.522,52.522,NoButton,Drag,499,615
52.538,52.538,NoButton,Drag,509,618
52.555,52.555,NoButton,Drag,519,620
52.572,52.572,NoButton,Drag,533,621
52.588,52.588,NoButton,Drag,544,621
52.606,52.606,NoButton,Drag,555,621
52.622,52.622,NoButton,Drag,563,621
52.639,52.639,NoButton,Drag,569,621
52.655,52.655,NoButton,Drag,575,620
52.673,52.673,NoButton,Drag,578,620
52.691,52.691,NoButton,Drag,579,620
52.705,52.705,NoButton,Drag,579,620
52.722,52.722,NoButton,Drag,579,622
52.739,52.739,NoButton,Drag,577,624
52.755,52.755,NoButton,Drag,572,629
52.772,52.772,NoButton,Drag,569,632
52.789,52.789,NoButton,Drag,565,636
52.805,52.805,NoButton,Drag,562,639
52.822,52.822,NoButton,Drag,559,642
52.838,52.838,NoButton,Drag,556,646
52.855,52.855,NoButton,Drag,553,648
52.873,52.873,NoButton,Drag,552,649
52.889,52.889,NoButton,Drag,550,651
52.906,52.906,NoButton,Drag,550,652
52.922,52.922,NoButton,Drag,550,652
52.939,52.939,NoButton,Drag,550,653
52.956,52.956,NoButton,Drag,549,653
52.973,52.973,NoButton,Drag,548,654
52.989,52.989,NoButton,Drag,548,654
53.053,53.053,NoButton,Drag,548,654
53.057,53.057,NoButton,Drag,549,655
53.922,53.922,NoButton,Drag,548,654
53.923,53.923,NoButton,Drag,548,655
53.927,53.927,NoButton,Drag,547,655
53.943,53.943,NoButton,Drag,545,656
53.96,53.96,NoButton,Drag,532,661
53.977,53.977,NoButton,Drag,510,674
53.993,53.993,NoButton,Drag,479,696
54.011,54.011,NoButton,Drag,443,724
54.027,54.027,NoButton,Drag,405,752
54.043,54.043,NoButton,Drag,359,786
54.062,54.062,NoButton,Drag,306,825
54.079,54.079,NoButton,Drag,277,849
54.095,54.095,NoButton,Drag,255,866
54.112,54.112,NoButton,Drag,243,875
54.129,54.129,NoButton,Drag,240,878
54.145,54.145,NoButton,Drag,239,878
54.162,54.162,NoButton,Drag,239,879
54.179,54.179,NoButton,Drag,239,879
54.196,54.196,NoButton,Drag,240,879
54.212,54.212,NoButton,Drag,241,877
54.229,54.229,NoButton,Drag,246,874
54.245,54.245,NoButton,Drag,256,866
54.262,54.262,NoButton,Drag,268,856
54.279,54.279,NoButton,Drag,284,845
54.295,54.295,NoButton,Drag,300,832
54.314,54.314,NoButton,Drag,321,818
54.331,54.331,NoButton,Drag,338,807
54.347,54.347,NoButton,Drag,355,796
54.364,54.364,NoButton,Drag,372,789
54.381,54.381,NoButton,Drag,390,784
54.398,54.398,NoButton,Drag,411,779
54.414,54.414,NoButton,Drag,427,775
54.431,54.431,NoButton,Drag,445,771
54.448,54.448,NoButton,Drag,459,769
54.465,54.465,NoButton,Drag,471,769
54.481,54.481,NoButton,Drag,478,768
54.498,54.498,NoButton,Drag,482,768
54.515,54.515,NoButton,Drag,482,768
54.532,54.532,NoButton,Drag,483,768
54.548,54.548,NoButton,Drag,483,768
54.562,54.562,NoButton,Drag,483,767
54.579,54.579,NoButton,Drag,484,766
54.595,54.595,NoButton,Drag,485,764
54.613,54.613,NoButton,Drag,487,761
54.629,54.629,NoButton,Drag,490,757
54.645,54.645,NoButton,Drag,494,750
54.663,54.663,NoButton,Drag,497,742
54.679,54.679,NoButton,Drag,500,734
54.696,54.696,NoButton,Drag,502,726
54.712,54.712,NoButton,Drag,503,718
54.729,54.729,NoButton,Drag,505,711
54.746,54.746,NoButton,Drag,506,706
54.763,54.763,NoButton,Drag,506,705
54.779,54.779,NoButton,Drag,506,705
54.792,54.792,Left,Pressed,506,705
54.928,54.928,NoButton,Drag,506,705
54.936,54.936,Left,Released,506,705
55.035,55.035,NoButton,Drag,506,705
55.039,55.039,NoButton,Drag,506,705
55.045,55.045,NoButton,Drag,505,705
55.061,55.061,NoButton,Drag,504,707
55.077,55.077,NoButton,Drag,503,709
55.095,55.095,NoButton,Drag,501,711
55.111,55.111,NoButton,Drag,500,714
55.127,55.127,NoButton,Drag,497,718
55.144,55.144,NoButton,Drag,495,720
55.161,55.161,NoButton,Drag,492,723
55.178,55.178,NoButton,Drag,490,726
55.195,55.195,NoButton,Drag,488,729
55.211,55.211,NoButton,Drag,487,731
55.228,55.228,NoButton,Drag,486,733
55.232,55.232,Left,Pressed,486,733
55.235,55.235,NoButton,Drag,486,733
55.255,55.255,NoButton,Drag,486,733
55.329,55.329,NoButton,Drag,485,733
55.349,55.349,NoButton,Drag,485,733
55.373,55.373,NoButton,Drag,485,733
55.382,55.382,Left,Released,485,733
55.606,55.606,NoButton,Drag,485,733
55.646,55.646,NoButton,Drag,484,733
55.669,55.669,NoButton,Drag,484,733
55.681,55.681,NoButton,Drag,484,733
55.706,55.706,NoButton,Drag,484,733
55.717,55.717,NoButton,Drag,483,733
55.731,55.731,NoButton,Drag,483,732
55.748,55.748,NoButton,Drag,482,731
55.764,55.764,NoButton,Drag,482,730
55.781,55.781,NoButton,Drag,480,727
55.798,55.798,NoButton,Drag,478,723
55.815,55.815,NoButton,Drag,473,716
55.832,55.832,NoButton,Drag,464,708
55.848,55.848,NoButton,Drag,453,700
55.865,55.865,NoButton,Drag,441,692
55.882,55.882,NoButton,Drag,425,683
55.898,55.898,NoButton,Drag,411,678
55.916,55.916,NoButton,Drag,391,673
55.932,55.932,NoButton,Drag,375,670
55.949,55.949,NoButton,Drag,358,669
55.965,55.965,NoButton,Drag,340,669
55.982,55.982,NoButton,Drag,325,669
55.999,55.999,NoButton,Drag,310,669
56.016,56.016,NoButton,Drag,291,669
56.032,56.032,NoButton,Drag,271,669
56.049,56.049,NoButton,Drag,248,669
56.067,56.067,NoButton,Drag,223,670
56.084,56.084,NoButton,Drag,193,670
56.1,56.1,NoButton,Drag,173,670
56.118,56.118,NoButton,Drag,155,670
56.135,56.135,NoButton,Drag,141,669
56.151,56.151,NoButton,Drag,130,667
56.167,56.167,NoButton,Drag,123,665
56.184,56.184,NoButton,Drag,120,664
56.203,56.203,NoButton,Drag,120,664
56.218,56.218,NoButton,Drag,120,663
56.235,56.235,NoButton,Drag,119,662
56.251,56.251,NoButton,Drag,119,659
56.268,56.268,NoButton,Drag,120,656
56.284,56.284,NoButton,Drag,121,652
56.301,56.301,NoButton,Drag,123,649
56.316,56.316,NoButton,Drag,126,645
56.331,56.331,NoButton,Drag,128,642
56.348,56.348,NoButton,Drag,131,638
56.364,56.364,NoButton,Drag,133,635
56.382,56.382,NoButton,Drag,134,633
56.399,56.399,NoButton,Drag,135,631
56.415,56.415,NoButton,Drag,135,630
56.432,56.432,NoButton,Drag,135,629
56.449,56.449,NoButton,Drag,136,629
56.466,56.466,Left,Pressed,136,629
56.494,56.494,NoButton,Drag,136,629
56.497,56.497,NoButton,Drag,136,629
56.618,56.618,Left,Released,136,629
56.785,56.785,NoButton,Drag,136,629
56.789,56.789,NoButton,Drag,136,629
56.796,56.796,NoButton,Drag,136,630
56.814,56.814,NoButton,Drag,135,632
56.83,56.83,NoButton,Drag,134,633
56.848,56.848,NoButton,Drag,134,635
56.864,56.864,NoButton,Drag,134,638
56.881,56.881,NoButton,Drag,135,641
56.897,56.897,NoButton,Drag,137,644
56.914,56.914,NoButton,Drag,141,648
56.93,56.93,NoButton,Drag,147,652
56.947,56.947,NoButton,Drag,156,657
56.964,56.964,NoButton,Drag,168,661
56.98,56.98,NoButton,Drag,186,666
56.998,56.998,NoButton,Drag,217,671
57.014,57.014,NoButton,Drag,249,675
57.031,57.031,NoButton,Drag,285,675
57.047,57.047,NoButton,Drag,330,675
57.066,57.066,NoButton,Drag,366,675
57.083,57.083,NoButton,Drag,402,672
57.099,57.099,NoButton,Drag,433,670
57.116,57.116,NoButton,Drag,464,668
57.133,57.133,NoButton,Drag,483,667
57.149,57.149,NoButton,Drag,500,667
57.166,57.166,NoButton,Drag,512,667
57.183,57.183,NoButton,Drag,520,667
57.199,57.199,NoButton,Drag,525,667
57.216,57.216,NoButton,Drag,530,667
57.233,57.233,NoButton,Drag,531,667
57.288,57.288,NoButton,Drag,532,667
57.292,57.292,NoButton,Drag,532,667
57.3,57.3,NoButton,Drag,533,667
57.319,57.319,NoButton,Drag,536,667
57.335,57.335,NoButton,Drag,542,667
57.352,57.352,NoButton,Drag,554,667
57.369,57.369,NoButton,Drag,568,666
57.385,57.385,NoButton,Drag,583,663
57.402,57.402,NoButton,Drag,600,659
57.418,57.418,NoButton,Drag,618,655
57.435,57.435,NoButton,Drag,640,649
57.452,57.452,NoButton,Drag,671,642
57.469,57.469,NoButton,Drag,693,637
57.486,57.486,NoButton,Drag,710,632
57.502,57.502,NoButton,Drag,724,629
57.519,57.519,NoButton,Drag,733,626
57.535,57.535,NoButton,Drag,737,624
57.552,57.552,NoButton,Drag,738,623
57.569,57.569,NoButton,Drag,738,621
57.586,57.586,NoButton,Drag,737,618
57.603,57.603,NoButton,Drag,733,612
57.62,57.62,NoButton,Drag,723,604
57.637,57.637,NoButton,Drag,711,597
57.653,57.653,NoButton,Drag,700,590
57.67,57.67,NoButton,Drag,685,583
57.687,57.687,NoButton,Drag,673,579
57.703,57.703,NoButton,Drag,660,575
57.72,57.72,NoButton,Drag,648,574
57.736,57.736,NoButton,Drag,637,573
57.753,57.753,NoButton,Drag,626,573
57.77,57.77,NoButton,Drag,613,573
57.787,57.787,NoButton,Drag,604,573
57.803,57.803,NoButton,Drag,597,575
57.822,57.822,NoButton,Drag,587,575
57.839,57.839,NoButton,Drag,579,576
57.855,57.855,NoButton,Drag,572,576
57.872,57.872,NoButton,Drag,565,576
57.889,57.889,NoButton,Drag,558,576
57.905,57.905,NoButton,Drag,553,576
57.922,57.922,NoButton,Drag,550,576
57.954,57.954,NoButton,Drag,550,576
57.961,57.961,NoButton,Drag,550,576
57.972,57.972,NoButton,Drag,550,575
57.989,57.989,NoButton,Drag,550,574
58.006,58.006,NoButton,Drag,550,572
58.022,58.022,NoButton,Drag,550,570
58.039,58.039,NoButton,Drag,550,568
58.055,58.055,NoButton,Drag,550,566
58.073,58.073,NoButton,Drag,551,564
58.089,58.089,NoButton,Drag,552,562
58.106,58.106,NoButton,Drag,553,560
58.123,58.123,NoButton,Drag,554,558
58.139,58.139,NoButton,Drag,555,557
58.156,58.156,NoButton,Drag,556,556
58.173,58.173,NoButton,Drag,557,556
58.19,58.19,NoButton,Drag,557,556
58.196,58.196,Left,Pressed,557,556
58.336,58.336,Left,Released,557,556
58.575,58.575,NoButton,Drag,557,556
58.584,58.584,NoButton,Drag,557,556
58.592,58.592,NoButton,Drag,556,556
58.608,58.608,NoButton,Drag,556,557
58.625,58.625,NoButton,Drag,554,558
58.643,58.643,NoButton,Drag,553,559
58.659,58.659,NoButton,Drag,551,560
58.675,58.675,NoButton,Drag,550,560
58.692,58.692,NoButton,Drag,547,561
58.709,58.709,NoButton,Drag,543,561
58.726,58.726,NoButton,Drag,537,560
58.743,58.743,NoButton,Drag,531,558
58.759,58.759,NoButton,Drag,525,555
58.776,58.776,NoButton,Drag,519,551
58.793,58.793,NoButton,Drag,516,547
58.809,58.809,NoButton,Drag,514,544
58.826,58.826,NoButton,Drag,514,538
58.844,58.844,NoButton,Drag,514,533
58.861,58.861,NoButton,Drag,514,526
58.877,58.877,NoButton,Drag,516,518
58.894,58.894,NoButton,Drag,519,509
58.911,58.911,NoButton,Drag,522,500
58.928,58.928,NoButton,Drag,526,490
58.945,58.945,NoButton,Drag,534,477
58.961,58.961,NoButton,Drag,542,463
58.978,58.978,NoButton,Drag,556,444
58.995,58.995,NoButton,Drag,570,427
59.012,59.012,NoButton,Drag,586,410
59.028,59.028,NoButton,Drag,605,392
59.046,59.046,NoButton,Drag,627,373
59.061,59.061,NoButton,Drag,649,356
59.081,59.081,NoButton,Drag,676,339
59.097,59.097,NoButton,Drag,694,327
59.114,59.114,NoButton,Drag,714,316
59.13,59.13,NoButton,Drag,727,309
59.147,59.147,NoButton,Drag,738,305
59.163,59.163,NoButton,Drag,747,301
59.181,59.181,NoButton,Drag,753,299
59.197,59.197,NoButton,Drag,755,299
59.233,59.233,NoButton,Drag,755,299
59.241,59.241,NoButton,Drag,755,298
59.247,59.247,NoButton,Drag,755,298
59.264,59.264,NoButton,Drag,755,297
59.281,59.281,NoButton,Drag,754,296
59.297,59.297,NoButton,Drag,752,294
59.315,59.315,NoButton,Drag,749,287
59.332,59.332,NoButton,Drag,747,277
59.348,59.348,NoButton,Drag,745,267
59.365,59.365,NoButton,Drag,745,256
59.382,59.382,NoButton,Drag,745,246
59.398,59.398,NoButton,Drag,747,235
59.415,59.415,NoButton,Drag,750,226
59.432,59.432,NoButton,Drag,752,215
59.448,59.448,NoButton,Drag,754,208
59.465,59.465,NoButton,Drag,756,203
59.482,59.482,NoButton,Drag,757,199
59.499,59.499,NoButton,Drag,757,196
59.515,59.515,NoButton,Drag,757,194
59.533,59.533,NoButton,Drag,757,194
59.576,59.576,Left,Pressed,757,194
59.672,59.672,Left,Released,757,194
59.673,59.673,NoButton,Drag,757,194
59.675,59.675,NoButton,Drag,756,194
59.686,59.686,NoButton,Drag,756,195
59.702,59.702,NoButton,Drag,755,197
59.719,59.719,NoButton,Drag,754,201
59.735,59.735,NoButton,Drag,753,206
59.752,59.752,NoButton,Drag,751,211
59.769,59.769,NoButton,Drag,749,216
59.785,59.785,NoButton,Drag,746,221
59.802,59.802,NoButton,Drag,742,226
59.819,59.819,NoButton,Drag,739,230
59.836,59.836,NoButton,Drag,736,234
59.852,59.852,NoButton,Drag,735,235
59.87,59.87,NoButton,Drag,735,236
59.942,59.942,Left,Pressed,735,236
60.01,60.01,Left,Released,735,236
60.105,60.105,NoButton,Drag,735,236
60.113,60.113,NoButton,Drag,735,236
60.121,60.121,NoButton,Drag,734,236
60.137,60.137,NoButton,Drag,734,238
60.154,60.154,NoButton,Drag,734,239
60.17,60.17,NoButton,Drag,734,241
60.188,60.188,NoButton,Drag,735,244
60.205,60.205,NoButton,Drag,736,247
60.221,60.221,NoButton,Drag,738,252
60.237,60.237,NoButton,Drag,738,258
60.254,60.254,NoButton,Drag,736,264
60.272,60.272,NoButton,Drag,733,269
60.288,60.288,NoButton,Drag,727,274
60.304,60.304,NoButton,Drag,720,278
60.324,60.324,NoButton,Drag,708,283
60.341,60.341,NoButton,Drag,694,285
60.357,60.357,NoButton,Drag,676,286
60.374,60.374,NoButton,Drag,654,285
60.391,60.391,NoButton,Drag,637,280
60.408,60.408,NoButton,Drag,621,275
60.424,60.424,NoButton,Drag,607,271
60.441,60.441,NoButton,Drag,596,265
60.458,60.458,NoButton,Drag,583,258
60.475,60.475,NoButton,Drag,576,254
60.491,60.491,NoButton,Drag,573,251
60.508,60.508,NoButton,Drag,569,247
60.525,60.525,NoButton,Drag,566,245
60.542,60.542,NoButton,Drag,563,242
60.558,60.558,NoButton,Drag,557,239
60.575,60.575,NoButton,Drag,551,235
60.594,60.594,NoButton,Drag,542,230
60.61,60.61,NoButton,Drag,536,226
60.627,60.627,NoButton,Drag,529,222
60.644,60.644,NoButton,Drag,522,217
60.661,60.661,NoButton,Drag,515,213
60.677,60.677,NoButton,Drag,508,209
60.694,60.694,NoButton,Drag,503,206
60.711,60.711,NoButton,Drag,499,203
60.728,60.728,NoButton,Drag,496,201
60.744,60.744,NoButton,Drag,496,200
60.761,60.761,NoButton,Drag,496,199
60.778,60.778,NoButton,Drag,495,197
60.794,60.794,NoButton,Drag,495,195
60.811,60.811,NoButton,Drag,494,193
60.83,60.83,NoButton,Drag,494,191
60.846,60.846,NoButton,Drag,493,190
60.863,60.863,NoButton,Drag,492,188
60.879,60.879,NoButton,Drag,491,187
60.897,60.897,NoButton,Drag,491,186
60.913,60.913,NoButton,Drag,490,185
60.93,60.93,NoButton,Drag,490,184
60.946,60.946,NoButton,Drag,489,183
60.964,60.964,NoButton,Drag,489,182
60.98,60.98,NoButton,Drag,488,181
60.996,60.996,NoButton,Drag,488,180
61.014,61.014,NoButton,Drag,487,179
61.031,61.031,NoButton,Drag,487,177
61.046,61.046,NoButton,Drag,486,174
61.064,61.064,NoButton,Drag,486,172
61.08,61.08,NoButton,Drag,486,169
61.097,61.097,NoButton,Drag,486,166
61.114,61.114,NoButton,Drag,486,164
61.131,61.131,NoButton,Drag,486,162
61.148,61.148,NoButton,Drag,486,161
61.182,61.182,Left,Pressed,486,161
61.183,61.183,NoButton,Drag,486,161
61.229,61.229,NoButton,Drag,486,161
61.245,61.245,NoButton,Drag,486,161
61.257,61.257,NoButton,Drag,485,161
61.295,61.295,Left,Released,485,161
61.296,61.296,NoButton,Drag,485,161
61.309,61.309,NoButton,Drag,485,161
61.315,61.315,NoButton,Drag,485,161
61.33,61.33,NoButton,Drag,484,163
61.347,61.347,NoButton,Drag,484,166
61.364,61.364,NoButton,Drag,483,171
61.381,61.381,NoButton,Drag,483,176
61.397,61.397,NoButton,Drag,483,183
61.414,61.414,NoButton,Drag,483,194
61.431,61.431,NoButton,Drag,484,205
61.448,61.448,NoButton,Drag,485,216
61.464,61.464,NoButton,Drag,486,230
61.481,61.481,NoButton,Drag,488,245
61.497,61.497,NoButton,Drag,489,265
61.514,61.514,NoButton,Drag,490,282
61.531,61.531,NoButton,Drag,491,301
61.548,61.548,NoButton,Drag,493,317
61.564,61.564,NoButton,Drag,495,335
61.582,61.582,NoButton,Drag,501,356
61.599,61.599,NoButton,Drag,506,373
61.615,61.615,NoButton,Drag,511,390
61.632,61.632,NoButton,Drag,520,409
61.649,61.649,NoButton,Drag,527,424
61.666,61.666,NoButton,Drag,534,439
61.682,61.682,NoButton,Drag,541,454
61.699,61.699,NoButton,Drag,548,468
61.715,61.715,NoButton,Drag,556,486
61.733,61.733,NoButton,Drag,564,500
61.749,61.749,NoButton,Drag,572,514
61.766,61.766,NoButton,Drag,580,527
61.782,61.782,NoButton,Drag,591,537
61.799,61.799,NoButton,Drag,603,546
61.817,61.817,NoButton,Drag,621,557
61.834,61.834,NoButton,Drag,636,562
61.851,61.851,NoButton,Drag,653,567
61.867,61.867,NoButton,Drag,668,570
61.884,61.884,NoButton,Drag,687,571
61.9,61.9,NoButton,Drag,701,571
61.917,61.917,NoButton,Drag,715,571
61.934,61.934,NoButton,Drag,728,569
61.951,61.951,NoButton,Drag,740,566
61.968,61.968,NoButton,Drag,753,563
61.984,61.984,NoButton,Drag,764,560
62,62,NoButton,Drag,775,557
62.017,62.017,NoButton,Drag,787,552
62.034,62.034,NoButton,Drag,798,546
62.051,62.051,NoButton,Drag,810,539
62.067,62.067,NoButton,Drag,828,526
62.084,62.084,NoButton,Drag,844,511
62.102,62.102,NoButton,Drag,862,493
62.118,62.118,NoButton,Drag,883,467
62.134,62.134,NoButton,Drag,905,438
62.151,62.151,NoButton,Drag,936,396
62.168,62.168,NoButton,Drag,967,356
62.184,62.184,NoButton,Drag,1000,312
62.201,62.201,NoButton,Drag,1041,257
62.218,62.218,NoButton,Drag,1073,217
62.235,62.235,NoButton,Drag,1105,181
62.252,62.252,NoButton,Drag,1134,150
62.269,62.269,NoButton,Drag,1162,121
62.285,62.285,NoButton,Drag,1187,90
62.302,62.302,NoButton,Drag,1201,72
62.318,62.318,NoButton,Drag,1213,56
62.335,62.335,NoButton,Drag,1223,41
62.352,62.352,NoButton,Drag,1230,30
62.369,62.369,NoButton,Drag,1236,22
62.385,62.385,NoButton,Drag,1239,16
62.401,62.401,NoButton,Drag,1242,12
62.418,62.418,NoButton,Drag,1245,11
62.435,62.435,NoButton,Drag,1249,10
62.451,62.451,NoButton,Drag,1257,10
62.469,62.469,NoButton,Drag,1266,11
62.485,62.485,NoButton,Drag,1274,12
62.502,62.502,NoButton,Drag,1282,15
62.519,62.519,NoButton,Drag,1289,20
62.536,62.536,NoButton,Drag,1297,25
62.552,62.552,NoButton,Drag,1308,33
62.569,62.569,NoButton,Drag,1319,42
62.585,62.585,NoButton,Drag,1330,50
62.601,62.601,NoButton,Drag,1342,63
62.618,62.618,NoButton,Drag,1350,72
62.635,62.635,NoButton,Drag,1354,79
62.651,62.651,NoButton,Drag,1356,87
62.668,62.668,NoButton,Drag,1358,93
62.685,62.685,NoButton,Drag,1361,99
62.701,62.701,NoButton,Drag,1365,105
62.719,62.719,NoButton,Drag,1368,109
62.735,62.735,NoButton,Drag,1369,111
62.752,62.752,NoButton,Drag,1370,113
62.851,62.851,NoButton,Drag,1370,113
62.896,62.896,Left,Pressed,1370,113
62.976,62.976,NoButton,Drag,1371,113
63,63,Left,Released,1371,113
63.164,63.164,NoButton,Drag,1371,113
63.167,63.167,NoButton,Drag,1371,114
63.171,63.171,NoButton,Drag,1371,114
63.186,63.186,NoButton,Drag,1369,114
63.202,63.202,NoButton,Drag,1367,116
63.219,63.219,NoButton,Drag,1362,120
63.235,63.235,NoButton,Drag,1353,127
63.253,63.253,NoButton,Drag,1342,135
63.269,63.269,NoButton,Drag,1328,146
63.286,63.286,NoButton,Drag,1308,157
63.303,63.303,NoButton,Drag,1284,169
63.318,63.318,NoButton,Drag,1250,185
63.336,63.336,NoButton,Drag,1216,197
63.352,63.352,NoButton,Drag,1185,208
63.369,63.369,NoButton,Drag,1158,216
63.385,63.385,NoButton,Drag,1127,225
63.402,63.402,NoButton,Drag,1103,230
63.418,63.418,NoButton,Drag,1088,234
63.436,63.436,NoButton,Drag,1084,234
63.452,63.452,NoButton,Drag,1084,233
63.469,63.469,NoButton,Drag,1086,227
63.486,63.486,NoButton,Drag,1102,209
63.502,63.502,NoButton,Drag,1131,185
63.519,63.519,NoButton,Drag,1172,158
63.535,63.535,NoButton,Drag,1217,132
63.552,63.552,NoButton,Drag,1258,108
63.57,63.57,NoButton,Drag,1296,83
63.587,63.587,NoButton,Drag,1318,66
63.603,63.603,NoButton,Drag,1334,54
63.62,63.62,NoButton,Drag,1344,46
63.637,63.637,NoButton,Drag,1349,41
63.653,63.653,NoButton,Drag,1351,38
63.67,63.67,NoButton,Drag,1351,37
63.701,63.701,NoButton,Drag,1351,37
63.782,63.782,NoButton,Drag,1352,37
63.801,63.801,NoButton,Drag,1352,37
63.805,63.805,NoButton,Drag,1352,37
63.82,63.82,NoButton,Drag,1352,38
63.836,63.836,NoButton,Drag,1352,40
63.853,63.853,NoButton,Drag,1353,43
63.87,63.87,NoButton,Drag,1355,49
63.887,63.887,NoButton,Drag,1356,54
63.903,63.903,NoButton,Drag,1357,59
63.92,63.92,NoButton,Drag,1359,65
63.937,63.937,NoButton,Drag,1359,71
63.954,63.954,NoButton,Drag,1358,76
63.97,63.97,NoButton,Drag,1357,82
63.987,63.987,NoButton,Drag,1355,88
64.003,64.003,NoButton,Drag,1354,94
64.02,64.02,NoButton,Drag,1353,98
64.038,64.038,NoButton,Drag,1353,100
64.053,64.053,NoButton,Drag,1353,102
64.069,64.069,NoButton,Drag,1353,103
64.086,64.086,NoButton,Drag,1353,103
64.103,64.103,NoButton,Drag,1354,104
64.119,64.119,NoButton,Drag,1355,104
64.136,64.136,NoButton,Drag,1357,103
64.153,64.153,NoButton,Drag,1358,102
64.17,64.17,NoButton,Drag,1359,100
64.187,64.187,NoButton,Drag,1360,98
64.203,64.203,NoButton,Drag,1362,96
64.22,64.22,NoButton,Drag,1363,94
64.237,64.237,NoButton,Drag,1365,93
64.253,64.253,NoButton,Drag,1366,92
64.271,64.271,NoButton,Drag,1367,92
64.287,64.287,NoButton,Drag,1367,92
64.304,64.304,NoButton,Drag,1368,92
64.32,64.32,NoButton,Drag,1369,92
64.337,64.337,NoButton,Drag,1371,93
64.352,64.352,NoButton,Drag,1372,94
64.353,64.353,Left,Pressed,1372,94
64.354,64.354,NoButton,Drag,1373,94
64.355,64.355,NoButton,Drag,1373,94
64.359,64.359,NoButton,Drag,1373,94
64.363,64.363,NoButton,Drag,1374,95
64.367,64.367,NoButton,Drag,1374,95
64.371,64.371,NoButton,Drag,1375,95
64.375,64.375,NoButton,Drag,1375,95
64.379,64.379,NoButton,Drag,1376,96
64.383,64.383,NoButton,Drag,1376,96
64.387,64.387,NoButton,Drag,1376,96
64.391,64.391,NoButton,Drag,1377,96
64.395,64.395,NoButton,Drag,1377,96
64.452,64.452,Left,Released,1377,96
64.453,64.453,NoButton,Drag,1377,96
64.471,64.471,NoButton,Drag,1377,95
64.487,64.487,NoButton,Drag,1377,95
64.505,64.505,NoButton,Drag,1377,95
64.569,64.569,NoButton,Drag,1377,95
64.573,64.573,NoButton,Drag,1377,95
64.587,64.587,NoButton,Drag,1377,96
64.603,64.603,NoButton,Drag,1376,98
64.621,64.621,NoButton,Drag,1374,101
64.637,64.637,NoButton,Drag,1370,106
64.653,64.653,NoButton,Drag,1361,114
64.67,64.67,NoButton,Drag,1349,120
64.687,64.687,NoButton,Drag,1330,127
64.703,64.703,NoButton,Drag,1304,134
64.721,64.721,NoButton,Drag,1271,141
64.737,64.737,NoButton,Drag,1232,151
64.753,64.753,NoButton,Drag,1165,160
64.77,64.77,NoButton,Drag,1102,169
64.788,64.788,NoButton,Drag,1034,182
64.804,64.804,NoButton,Drag,962,197
64.821,64.821,NoButton,Drag,892,213
64.838,64.838,NoButton,Drag,809,234
64.856,64.856,NoButton,Drag,752,251
64.872,64.872,NoButton,Drag,702,266
64.889,64.889,NoButton,Drag,657,279
64.905,64.905,NoButton,Drag,621,290
64.922,64.922,NoButton,Drag,591,300
64.939,64.939,NoButton,Drag,573,307
64.956,64.956,NoButton,Drag,560,313
64.973,64.973,NoButton,Drag,551,319
64.989,64.989,NoButton,Drag,542,325
65.005,65.005,NoButton,Drag,534,334
65.022,65.022,NoButton,Drag,529,341
65.039,65.039,NoButton,Drag,524,350
65.056,65.056,NoButton,Drag,515,362
65.074,65.074,NoButton,Drag,507,372
65.091,65.091,NoButton,Drag,500,381
65.107,65.107,NoButton,Drag,492,394
65.124,65.124,NoButton,Drag,485,402
65.141,65.141,NoButton,Drag,478,413
65.157,65.157,NoButton,Drag,470,425
65.174,65.174,NoButton,Drag,462,436
65.191,65.191,NoButton,Drag,454,445
65.208,65.208,NoButton,Drag,444,457
65.225,65.225,NoButton,Drag,436,466
65.242,65.242,NoButton,Drag,427,474
65.259,65.259,NoButton,Drag,417,481
65.275,65.275,NoButton,Drag,408,487
65.292,65.292,NoButton,Drag,400,491
65.308,65.308,NoButton,Drag,395,494
65.326,65.326,NoButton,Drag,392,497
65.342,65.342,NoButton,Drag,388,499
65.359,65.359,NoButton,Drag,384,501
65.375,65.375,NoButton,Drag,380,503
65.392,65.392,NoButton,Drag,378,504
65.409,65.409,NoButton,Drag,378,505
65.426,65.426,NoButton,Drag,378,505
65.463,65.463,NoButton,Drag,378,505
65.467,65.467,NoButton,Drag,377,505
65.476,65.476,NoButton,Drag,377,506
65.493,65.493,NoButton,Drag,375,507
65.509,65.509,NoButton,Drag,373,508
65.526,65.526,NoButton,Drag,371,509
65.543,65.543,NoButton,Drag,370,510
65.559,65.559,NoButton,Drag,368,511
65.576,65.576,NoButton,Drag,367,512
65.592,65.592,NoButton,Drag,366,512
65.609,65.609,NoButton,Drag,365,512
65.626,65.626,NoButton,Drag,365,513
65.794,65.794,Left,Pressed,365,513
65.886,65.886,NoButton,Drag,365,513
65.905,65.905,NoButton,Drag,364,512
65.922,65.922,Left,Released,364,512
65.926,65.926,NoButton,Drag,364,512
65.934,65.934,NoButton,Drag,364,512
65.944,65.944,NoButton,Drag,364,512
65.96,65.96,NoButton,Drag,364,511
65.978,65.978,NoButton,Drag,363,510
65.994,65.994,NoButton,Drag,363,509
66.01,66.01,NoButton,Drag,363,509
66.027,66.027,NoButton,Drag,363,509
66.045,66.045,NoButton,Drag,362,509
66.06,66.06,NoButton,Drag,362,508
66.073,66.073,NoButton,Drag,362,508
66.09,66.09,NoButton,Drag,359,507
66.106,66.106,NoButton,Drag,356,506
66.123,66.123,NoButton,Drag,351,505
66.14,66.14,NoButton,Drag,345,503
66.157,66.157,NoButton,Drag,344,503
66.174,66.174,NoButton,Drag,343,503
66.212,66.212,Left,Pressed,343,503
66.216,66.216,NoButton,Drag,343,503
66.22,66.22,NoButton,Drag,343,503
66.235,66.235,NoButton,Drag,342,503
66.239,66.239,NoButton,Drag,342,503
66.252,66.252,NoButton,Drag,342,503
66.259,66.259,NoButton,Drag,342,503
66.264,66.264,NoButton,Drag,341,503
66.272,66.272,NoButton,Drag,341,503
66.296,66.296,NoButton,Drag,341,503
66.304,66.304,NoButton,Drag,341,502
66.32,66.32,Left,Released,341,502
66.327,66.327,NoButton,Drag,341,502
66.352,66.352,NoButton,Drag,341,502
66.424,66.424,NoButton,Drag,341,502
66.46,66.46,NoButton,Drag,342,502
66.468,66.468,NoButton,Drag,342,502
66.476,66.476,NoButton,Drag,342,502
66.491,66.491,NoButton,Drag,342,502
66.536,66.536,NoButton,Drag,342,502
66.548,66.548,NoButton,Drag,342,502
66.556,66.556,NoButton,Drag,342,503
66.574,66.574,NoButton,Drag,342,504
66.591,66.591,NoButton,Drag,342,506
66.607,66.607,NoButton,Drag,342,508
66.624,66.624,NoButton,Drag,342,511
66.641,66.641,NoButton,Drag,342,516
66.657,66.657,NoButton,Drag,342,521
66.674,66.674,NoButton,Drag,342,526
66.691,66.691,NoButton,Drag,343,531
66.707,66.707,NoButton,Drag,345,535
66.724,66.724,NoButton,Drag,351,540
66.741,66.741,NoButton,Drag,356,543
66.758,66.758,NoButton,Drag,360,544
66.774,66.774,NoButton,Drag,362,544
66.791,66.791,NoButton,Drag,362,544
66.813,66.813,NoButton,Drag,362,544
66.825,66.825,NoButton,Drag,362,543
66.84,66.84,NoButton,Drag,362,541
66.856,66.856,NoButton,Drag,363,537
66.873,66.873,NoButton,Drag,364,533
66.889,66.889,NoButton,Drag,365,530
66.906,66.906,NoButton,Drag,365,526
66.924,66.924,NoButton,Drag,365,523
66.939,66.939,NoButton,Drag,365,521
66.956,66.956,NoButton,Drag,365,519
66.973,66.973,NoButton,Drag,366,516
66.99,66.99,NoButton,Drag,366,514
67.006,67.006,NoButton,Drag,366,512
67.024,67.024,NoButton,Drag,366,511
67.04,67.04,NoButton,Drag,366,510
67.057,67.057,NoButton,Drag,366,510
67.074,67.074,NoButton,Drag,366,509
67.086,67.086,Left,Pressed,366,509
67.206,67.206,Left,Released,366,509
67.234,67.234,NoButton,Drag,366,509
67.253,67.253,NoButton,Drag,366,509
67.265,67.265,NoButton,Drag,366,509
67.275,67.275,NoButton,Drag,365,509
67.292,67.292,NoButton,Drag,364,509
67.309,67.309,NoButton,Drag,364,509
67.325,67.325,NoButton,Drag,363,509
67.342,67.342,NoButton,Drag,362,509
67.391,67.391,NoButton,Drag,362,509
67.419,67.419,NoButton,Drag,362,509
67.427,67.427,NoButton,Drag,362,509
67.442,67.442,NoButton,Drag,361,510
67.459,67.459,NoButton,Drag,361,510
67.476,67.476,NoButton,Drag,360,510
67.492,67.492,NoButton,Drag,360,511
67.509,67.509,NoButton,Drag,359,512
67.526,67.526,NoButton,Drag,359,512
67.542,67.542,NoButton,Drag,358,513
67.576,67.576,Left,Pressed,358,513
67.652,67.652,NoButton,Drag,358,513
67.668,67.668,NoButton,Drag,358,513
67.68,67.68,NoButton,Drag,358,513
67.687,67.687,NoButton,Drag,357,513
67.692,67.692,Left,Released,357,513
67.695,67.695,NoButton,Drag,357,513
67.708,67.708,NoButton,Drag,357,512
67.724,67.724,NoButton,Drag,357,512
67.741,67.741,NoButton,Drag,357,512
67.757,67.757,NoButton,Drag,356,511
67.774,67.774,NoButton,Drag,356,511
67.79,67.79,NoButton,Drag,356,511
67.807,67.807,NoButton,Drag,356,510
67.824,67.824,NoButton,Drag,355,510
67.84,67.84,NoButton,Drag,355,510
67.857,67.857,NoButton,Drag,355,510
67.874,67.874,NoButton,Drag,355,510
67.891,67.891,NoButton,Drag,355,509
67.907,67.907,NoButton,Drag,355,509
67.923,67.923,NoButton,Drag,355,509
67.941,67.941,NoButton,Drag,355,508
67.957,67.957,NoButton,Drag,357,507
67.974,67.974,NoButton,Drag,367,504
67.99,67.99,NoButton,Drag,379,500
68.007,68.007,NoButton,Drag,400,497
68.023,68.023,NoButton,Drag,433,495
68.04,68.04,NoButton,Drag,471,491
68.057,68.057,NoButton,Drag,518,483
68.075,68.075,NoButton,Drag,554,477
68.091,68.091,NoButton,Drag,590,471
68.107,68.107,NoButton,Drag,624,465
68.124,68.124,NoButton,Drag,657,460
68.14,68.14,NoButton,Drag,689,455
68.157,68.157,NoButton,Drag,725,452
68.174,68.174,NoButton,Drag,771,451
68.191,68.191,NoButton,Drag,806,450
68.207,68.207,NoButton,Drag,842,449
68.224,68.224,NoButton,Drag,873,447
68.24,68.24,NoButton,Drag,899,445
68.257,68.257,NoButton,Drag,920,445
68.274,68.274,NoButton,Drag,937,445
68.291,68.291,NoButton,Drag,946,444
68.308,68.308,NoButton,Drag,952,444
68.324,68.324,NoButton,Drag,953,444
68.34,68.34,NoButton,Drag,953,444
68.39,68.39,NoButton,Drag,953,444
68.462,68.462,NoButton,Drag,954,444
68.491,68.491,NoButton,Drag,954,444
68.495,68.495,NoButton,Drag,954,444
68.508,68.508,NoButton,Drag,956,445
68.524,68.524,NoButton,Drag,965,446
68.542,68.542,NoButton,Drag,983,447
68.558,68.558,NoButton,Drag,1007,447
68.574,68.574,NoButton,Drag,1032,446
68.592,68.592,NoButton,Drag,1055,442
68.609,68.609,NoButton,Drag,1072,438
68.625,68.625,NoButton,Drag,1088,434
68.643,68.643,NoButton,Drag,1103,431
68.659,68.659,NoButton,Drag,1115,428
68.675,68.675,NoButton,Drag,1129,424
68.692,68.692,NoButton,Drag,1140,422
68.709,68.709,NoButton,Drag,1149,421
68.726,68.726,NoButton,Drag,1156,421
68.743,68.743,NoButton,Drag,1161,421
68.759,68.759,NoButton,Drag,1164,421
68.783,68.783,NoButton,Drag,1164,421
68.803,68.803,NoButton,Drag,1164,421
68.809,68.809,NoButton,Drag,1164,421
68.827,68.827,NoButton,Drag,1161,422
68.842,68.842,NoButton,Drag,1159,423
68.859,68.859,NoButton,Drag,1156,424
68.876,68.876,NoButton,Drag,1153,424
68.893,68.893,NoButton,Drag,1152,424
68.909,68.909,NoButton,Drag,1152,424
68.926,68.926,NoButton,Drag,1151,425
68.943,68.943,NoButton,Drag,1148,425
68.96,68.96,NoButton,Drag,1142,426
68.976,68.976,NoButton,Drag,1134,428
68.993,68.993,NoButton,Drag,1124,429
69.01,69.01,NoButton,Drag,1113,431
69.027,69.027,NoButton,Drag,1107,433
69.044,69.044,NoButton,Drag,1104,434
69.06,69.06,NoButton,Drag,1104,434
69.079,69.079,NoButton,Drag,1103,436
69.08,69.08,Left,Pressed,1103,436
69.081,69.081,NoButton,Drag,1103,436
69.082,69.082,NoButton,Drag,1103,436
69.085,69.085,NoButton,Drag,1103,437
69.089,69.089,NoButton,Drag,1103,437
69.093,69.093,NoButton,Drag,1103,437
69.097,69.097,NoButton,Drag,1102,437
69.101,69.101,NoButton,Drag,1102,438
69.166,69.166,NoButton,Drag,1102,438
69.189,69.189,NoButton,Drag,1102,438
69.209,69.209,NoButton,Drag,1102,438
69.214,69.214,Left,Released,1102,438
69.221,69.221,NoButton,Drag,1102,437
69.249,69.249,NoButton,Drag,1101,437
69.253,69.253,NoButton,Drag,1101,437
69.266,69.266,NoButton,Drag,1101,437
69.282,69.282,NoButton,Drag,1101,436
69.299,69.299,NoButton,Drag,1101,436
69.322,69.322,NoButton,Drag,1101,436
69.35,69.35,NoButton,Drag,1101,436
69.37,69.37,NoButton,Drag,1100,436
69.439,69.439,NoButton,Drag,1100,436
69.442,69.442,NoButton,Drag,1100,436
69.45,69.45,NoButton,Drag,1099,436
69.467,69.467,NoButton,Drag,1096,438
69.484,69.484,NoButton,Drag,1089,440
69.5,69.5,NoButton,Drag,1072,445
69.517,69.517,NoButton,Drag,1048,451
69.534,69.534,NoButton,Drag,1003,461
69.55,69.55,NoButton,Drag,959,473
69.568,69.568,NoButton,Drag,912,486
69.584,69.584,NoButton,Drag,868,499
69.602,69.602,NoButton,Drag,824,508
69.619,69.619,NoButton,Drag,800,514
69.636,69.636,NoButton,Drag,780,518
69.653,69.653,NoButton,Drag,769,520
69.67,69.67,NoButton,Drag,760,520
69.686,69.686,NoButton,Drag,752,519
69.702,69.702,NoButton,Drag,746,518
69.719,69.719,NoButton,Drag,739,516
69.736,69.736,NoButton,Drag,727,513
69.753,69.753,NoButton,Drag,714,509
69.769,69.769,NoButton,Drag,699,505
69.786,69.786,NoButton,Drag,681,501
69.803,69.803,NoButton,Drag,668,498
69.82,69.82,NoButton,Drag,659,495
69.838,69.838,NoButton,Drag,657,494
69.854,69.854,NoButton,Drag,657,494
69.87,69.87,NoButton,Drag,656,494
69.887,69.887,NoButton,Drag,655,493
69.904,69.904,NoButton,Drag,655,492
69.92,69.92,NoButton,Drag,654,492
69.937,69.937,NoButton,Drag,654,491
69.955,69.955,NoButton,Drag,654,488
69.97,69.97,NoButton,Drag,656,486
69.987,69.987,NoButton,Drag,659,482
70.004,70.004,NoButton,Drag,665,478
70.021,70.021,NoButton,Drag,671,475
70.038,70.038,NoButton,Drag,678,472
70.055,70.055,NoButton,Drag,684,469
70.071,70.071,NoButton,Drag,690,467
70.088,70.088,NoButton,Drag,694,465
70.107,70.107,NoButton,Drag,695,465
70.124,70.124,NoButton,Drag,695,465
70.14,70.14,NoButton,Drag,695,465
70.141,70.141,Left,Pressed,695,465
70.151,70.151,NoButton,Drag,696,465
70.163,70.163,NoButton,Drag,696,465
70.171,70.171,NoButton,Drag,696,465
70.179,70.179,NoButton,Drag,696,465
70.187,70.187,NoButton,Drag,697,465
70.197,70.197,NoButton,Drag,697,465
70.274,70.274,Left,Released,697,465
70.293,70.293,NoButton,Drag,697,465
70.313,70.313,NoButton,Drag,697,465
70.357,70.357,NoButton,Drag,697,465
70.369,70.369,NoButton,Drag,697,466
70.376,70.376,NoButton,Drag,697,466
70.393,70.393,NoButton,Drag,696,467
70.41,70.41,NoButton,Drag,695,469
70.427,70.427,NoButton,Drag,692,471
70.444,70.444,NoButton,Drag,690,473
70.46,70.46,NoButton,Drag,687,476
70.477,70.477,NoButton,Drag,686,477
70.493,70.493,NoButton,Drag,686,477
70.511,70.511,NoButton,Drag,686,477
70.541,70.541,NoButton,Drag,685,477
70.549,70.549,NoButton,Drag,685,477
70.561,70.561,NoButton,Drag,685,476
70.577,70.577,NoButton,Drag,684,474
70.595,70.595,NoButton,Drag,681,466
70.612,70.612,NoButton,Drag,675,454
70.628,70.628,NoButton,Drag,667,438
70.645,70.645,NoButton,Drag,655,420
70.662,70.662,NoButton,Drag,642,398
70.679,70.679,NoButton,Drag,635,381
70.696,70.696,NoButton,Drag,630,365
70.712,70.712,NoButton,Drag,628,350
70.729,70.729,NoButton,Drag,626,338
70.745,70.745,NoButton,Drag,624,327
70.763,70.763,NoButton,Drag,622,320
70.779,70.779,NoButton,Drag,619,313
70.795,70.795,NoButton,Drag,615,306
70.812,70.812,NoButton,Drag,610,300
70.829,70.829,NoButton,Drag,605,293
70.847,70.847,NoButton,Drag,598,286
70.863,70.863,NoButton,Drag,591,279
70.879,70.879,NoButton,Drag,583,271
70.896,70.896,NoButton,Drag,577,264
70.913,70.913,NoButton,Drag,572,257
70.93,70.93,NoButton,Drag,568,250
70.947,70.947,NoButton,Drag,565,241
70.963,70.963,NoButton,Drag,562,230
70.98,70.98,NoButton,Drag,559,218
70.997,70.997,NoButton,Drag,558,209
71.014,71.014,NoButton,Drag,558,199
71.031,71.031,NoButton,Drag,558,190
71.047,71.047,NoButton,Drag,558,182
71.064,71.064,NoButton,Drag,558,172
71.081,71.081,NoButton,Drag,558,166
71.098,71.098,NoButton,Drag,558,161
71.115,71.115,NoButton,Drag,558,158
71.131,71.131,NoButton,Drag,558,156
71.148,71.148,NoButton,Drag,558,156
71.164,71.164,NoButton,Drag,558,156
71.176,71.176,NoButton,Drag,557,156
71.182,71.182,Left,Pressed,557,156
71.182,71.182,NoButton,Drag,557,156
71.183,71.183,NoButton,Drag,557,156
71.191,71.191,NoButton,Drag,556,156
71.199,71.199,NoButton,Drag,556,156
71.203,71.203,NoButton,Drag,556,156
71.215,71.215,NoButton,Drag,556,156
71.219,71.219,NoButton,Drag,556,156
71.223,71.223,NoButton,Drag,555,156
71.231,71.231,NoButton,Drag,555,157
71.235,71.235,NoButton,Drag,555,157
71.24,71.24,Left,Released,555,157
71.24,71.24,NoButton,Drag,555,157
71.248,71.248,NoButton,Drag,555,158
71.265,71.265,NoButton,Drag,555,160
71.282,71.282,NoButton,Drag,554,163
71.299,71.299,NoButton,Drag,554,165
71.315,71.315,NoButton,Drag,554,168
71.331,71.331,NoButton,Drag,554,170
71.348,71.348,NoButton,Drag,554,172
71.365,71.365,NoButton,Drag,554,173
71.381,71.381,NoButton,Drag,554,174
71.399,71.399,NoButton,Drag,554,174
71.558,71.558,Left,Pressed,554,174
71.642,71.642,Left,Released,554,174
71.658,71.658,NoButton,Drag,554,175
71.669,71.669,NoButton,Drag,554,175
71.673,71.673,NoButton,Drag,554,175
71.682,71.682,NoButton,Drag,554,175
71.698,71.698,NoButton,Drag,555,176
71.715,71.715,NoButton,Drag,555,176
71.731,71.731,NoButton,Drag,555,176
71.749,71.749,NoButton,Drag,555,177
71.765,71.765,NoButton,Drag,556,178
71.782,71.782,NoButton,Drag,557,179
71.798,71.798,NoButton,Drag,558,181
71.815,71.815,NoButton,Drag,560,185
71.832,71.832,NoButton,Drag,562,188
71.849,71.849,NoButton,Drag,566,193
71.866,71.866,NoButton,Drag,576,201
71.882,71.882,NoButton,Drag,589,210
71.899,71.899,NoButton,Drag,604,222
71.916,71.916,NoButton,Drag,629,237
71.933,71.933,NoButton,Drag,652,249
71.95,71.95,NoButton,Drag,676,261
71.967,71.967,NoButton,Drag,699,272
71.983,71.983,NoButton,Drag,723,281
72,72,NoButton,Drag,754,293
72.016,72.016,NoButton,Drag,778,301
72.033,72.033,NoButton,Drag,801,310
72.051,72.051,NoButton,Drag,821,319
72.067,72.067,NoButton,Drag,836,328
72.082,72.082,NoButton,Drag,848,337
72.098,72.098,NoButton,Drag,856,345
72.115,72.115,NoButton,Drag,859,352
72.131,72.131,NoButton,Drag,861,359
72.148,72.148,NoButton,Drag,862,369
72.165,72.165,NoButton,Drag,862,376
72.181,72.181,NoButton,Drag,860,382
72.198,72.198,NoButton,Drag,858,389
72.215,72.215,NoButton,Drag,856,395
72.231,72.231,NoButton,Drag,852,403
72.248,72.248,NoButton,Drag,848,409
72.265,72.265,NoButton,Drag,845,414
72.282,72.282,NoButton,Drag,841,419
72.298,72.298,NoButton,Drag,836,424
72.315,72.315,NoButton,Drag,832,428
72.33,72.33,NoButton,Drag,828,431
72.347,72.347,NoButton,Drag,827,433
72.364,72.364,NoButton,Drag,826,435
72.381,72.381,NoButton,Drag,825,436
72.398,72.398,NoButton,Drag,825,436
72.414,72.414,NoButton,Drag,824,436
72.432,72.432,NoButton,Drag,824,437
72.448,72.448,NoButton,Drag,823,437
72.464,72.464,NoButton,Drag,823,437
72.53,72.53,NoButton,Drag,823,437
72.533,72.533,NoButton,Drag,822,437
72.538,72.538,NoButton,Drag,822,437
72.549,72.549,NoButton,Drag,822,438
72.565,72.565,NoButton,Drag,820,438
72.58,72.58,NoButton,Drag,820,438
72.597,72.597,NoButton,Drag,820,439
72.617,72.617,NoButton,Drag,820,439
72.622,72.622,Left,Pressed,820,439
72.718,72.718,NoButton,Drag,819,439
72.737,72.737,NoButton,Drag,819,439
72.75,72.75,NoButton,Drag,819,439
72.778,72.778,NoButton,Drag,819,439
72.79,72.79,Left,Released,819,439
72.795,72.795,NoButton,Drag,818,439
72.814,72.814,NoButton,Drag,818,439
72.83,72.83,NoButton,Drag,818,439
72.998,72.998,Left,Pressed,818,439
73.08,73.08,NoButton,Drag,818,439
73.088,73.088,Left,Released,818,439
73.108,73.108,NoButton,Drag,817,439
73.168,73.168,NoButton,Drag,817,439
73.2,73.2,NoButton,Drag,817,438
73.22,73.22,NoButton,Drag,817,438
73.224,73.224,NoButton,Drag,817,438
73.243,73.243,NoButton,Drag,817,438
73.254,73.254,NoButton,Drag,817,438
73.287,73.287,NoButton,Drag,816,437
73.331,73.331,NoButton,Drag,816,437
73.335,73.335,NoButton,Drag,816,437
73.355,73.355,NoButton,Drag,816,437
73.556,73.556,NoButton,Drag,816,437
73.583,73.583,NoButton,Drag,816,437
73.806,73.806,NoButton,Drag,816,437
73.813,73.813,NoButton,Drag,816,437
73.829,73.829,NoButton,Drag,816,438
73.845,73.845,NoButton,Drag,816,439
73.861,73.861,NoButton,Drag,816,440
73.878,73.878,NoButton,Drag,816,441
73.895,73.895,NoButton,Drag,816,442
73.912,73.912,NoButton,Drag,816,443
73.929,73.929,NoButton,Drag,816,443
73.945,73.945,NoButton,Drag,816,444
73.962,73.962,NoButton,Drag,816,444
73.979,73.979,NoButton,Drag,816,445
73.996,73.996,NoButton,Drag,816,445
74.013,74.013,NoButton,Drag,817,445
74.029,74.029,NoButton,Drag,817,446
74.15,74.15,NoButton,Drag,816,445
74.198,74.198,NoButton,Drag,816,445
74.205,74.205,NoButton,Drag,816,445
74.224,74.224,NoButton,Drag,816,445
74.231,74.231,NoButton,Drag,816,444
74.247,74.247,NoButton,Drag,815,444
74.262,74.262,NoButton,Drag,815,444
74.279,74.279,NoButton,Drag,815,443
74.296,74.296,NoButton,Drag,815,443
74.312,74.312,NoButton,Drag,814,442
74.416,74.416,NoButton,Drag,814,443
74.419,74.419,NoButton,Drag,814,443
74.428,74.428,NoButton,Drag,814,443
74.446,74.446,NoButton,Drag,814,445
74.463,74.463,NoButton,Drag,814,446
74.479,74.479,NoButton,Drag,814,447
74.496,74.496,NoButton,Drag,814,448
74.513,74.513,NoButton,Drag,814,449
74.529,74.529,NoButton,Drag,813,449
74.545,74.545,NoButton,Drag,812,450
74.562,74.562,NoButton,Drag,810,450
74.579,74.579,NoButton,Drag,807,451
74.596,74.596,NoButton,Drag,801,451
74.614,74.614,NoButton,Drag,792,449
74.63,74.63,NoButton,Drag,780,446
74.646,74.646,NoButton,Drag,765,442
74.663,74.663,NoButton,Drag,745,436
74.68,74.68,NoButton,Drag,715,427
74.697,74.697,NoButton,Drag,691,415
74.713,74.713,NoButton,Drag,671,403
74.73,74.73,NoButton,Drag,654,390
74.747,74.747,NoButton,Drag,641,378
74.763,74.763,NoButton,Drag,623,362
74.781,74.781,NoButton,Drag,612,352
74.797,74.797,NoButton,Drag,602,343
74.815,74.815,NoButton,Drag,593,336
74.831,74.831,NoButton,Drag,582,329
74.844,74.844,NoButton,Drag,577,325
74.86,74.86,NoButton,Drag,570,321
74.877,74.877,NoButton,Drag,562,317
74.893,74.893,NoButton,Drag,554,314
74.911,74.911,NoButton,Drag,547,311
74.927,74.927,NoButton,Drag,543,309
74.944,74.944,NoButton,Drag,540,308
74.96,74.96,NoButton,Drag,538,306
74.978,74.978,NoButton,Drag,534,304
74.994,74.994,NoButton,Drag,532,302
75.011,75.011,NoButton,Drag,530,300
75.027,75.027,NoButton,Drag,528,298
75.044,75.044,NoButton,Drag,526,295
75.061,75.061,NoButton,Drag,524,293
75.078,75.078,NoButton,Drag,522,290
75.091,75.091,NoButton,Drag,521,288
75.107,75.107,NoButton,Drag,519,285
75.125,75.125,NoButton,Drag,517,283
75.141,75.141,NoButton,Drag,516,281
75.158,75.158,NoButton,Drag,515,280
75.175,75.175,NoButton,Drag,515,279
75.191,75.191,NoButton,Drag,515,279
75.211,75.211,Left,Pressed,515,279
75.222,75.222,NoButton,Drag,515,279
75.238,75.238,NoButton,Drag,515,279
75.245,75.245,NoButton,Drag,514,279
75.253,75.253,NoButton,Drag,514,279
75.257,75.257,NoButton,Drag,514,278
75.261,75.261,NoButton,Drag,514,278
75.281,75.281,NoButton,Drag,514,278
75.348,75.348,Left,Released,514,278
75.38,75.38,NoButton,Drag,513,278
75.412,75.412,NoButton,Drag,513,278
75.424,75.424,NoButton,Drag,513,278
75.447,75.447,NoButton,Drag,513,278
75.459,75.459,NoButton,Drag,512,278
75.472,75.472,NoButton,Drag,512,278
75.489,75.489,NoButton,Drag,512,278
75.506,75.506,NoButton,Drag,511,278
75.522,75.522,NoButton,Drag,510,279
75.539,75.539,NoButton,Drag,510,279
75.555,75.555,NoButton,Drag,509,281
75.573,75.573,NoButton,Drag,508,282
75.589,75.589,NoButton,Drag,507,283
75.606,75.606,NoButton,Drag,506,285
75.623,75.623,NoButton,Drag,506,286
75.639,75.639,NoButton,Drag,505,287
75.656,75.656,NoButton,Drag,505,289
75.673,75.673,NoButton,Drag,504,290
75.689,75.689,NoButton,Drag,504,293
75.707,75.707,NoButton,Drag,503,295
75.724,75.724,NoButton,Drag,502,300
75.739,75.739,NoButton,Drag,500,304
75.756,75.756,NoButton,Drag,499,311
75.773,75.773,NoButton,Drag,496,320
75.79,75.79,NoButton,Drag,491,332
75.807,75.807,NoButton,Drag,483,350
75.824,75.824,NoButton,Drag,474,365
75.84,75.84,NoButton,Drag,464,382
75.857,75.857,NoButton,Drag,453,400
75.874,75.874,NoButton,Drag,439,420
75.89,75.89,NoButton,Drag,424,443
75.907,75.907,NoButton,Drag,405,469
75.924,75.924,NoButton,Drag,378,500
75.94,75.94,NoButton,Drag,351,530
75.957,75.957,NoButton,Drag,324,559
75.974,75.974,NoButton,Drag,296,595
75.99,75.99,NoButton,Drag,278,618
76.007,76.007,NoButton,Drag,264,636
76.024,76.024,NoButton,Drag,254,654
76.041,76.041,NoButton,Drag,247,669
76.057,76.057,NoButton,Drag,244,681
76.074,76.074,NoButton,Drag,240,695
76.09,76.09,NoButton,Drag,238,705
76.107,76.107,NoButton,Drag,235,716
76.124,76.124,NoButton,Drag,232,727
76.14,76.14,NoButton,Drag,230,737
76.157,76.157,NoButton,Drag,229,747
76.174,76.174,NoButton,Drag,227,761
76.191,76.191,NoButton,Drag,227,771
76.208,76.208,NoButton,Drag,227,781
76.224,76.224,NoButton,Drag,230,791
76.241,76.241,NoButton,Drag,234,800
76.257,76.257,NoButton,Drag,239,808
76.274,76.274,NoButton,Drag,243,812
76.291,76.291,NoButton,Drag,247,815
76.308,76.308,NoButton,Drag,249,816
76.325,76.325,NoButton,Drag,250,816
76.341,76.341,NoButton,Drag,251,816
76.358,76.358,NoButton,Drag,252,816
76.374,76.374,NoButton,Drag,254,814
76.392,76.392,NoButton,Drag,256,812
76.408,76.408,NoButton,Drag,258,808
76.424,76.424,NoButton,Drag,262,802
76.441,76.441,NoButton,Drag,266,795
76.458,76.458,NoButton,Drag,273,785
76.474,76.474,NoButton,Drag,278,778
76.492,76.492,NoButton,Drag,280,773
76.508,76.508,NoButton,Drag,282,769
76.525,76.525,NoButton,Drag,282,767
76.541,76.541,NoButton,Drag,282,766
76.635,76.635,NoButton,Drag,282,766
76.656,76.656,NoButton,Drag,283,766
76.675,76.675,NoButton,Drag,283,766
76.683,76.683,NoButton,Drag,283,766
76.691,76.691,NoButton,Drag,283,767
76.708,76.708,NoButton,Drag,280,768
76.725,76.725,NoButton,Drag,279,769
76.741,76.741,NoButton,Drag,278,770
76.759,76.759,NoButton,Drag,277,770
76.774,76.774,NoButton,Drag,276,770
76.792,76.792,NoButton,Drag,276,770
76.808,76.808,NoButton,Drag,276,771
76.825,76.825,NoButton,Drag,275,770
76.841,76.841,NoButton,Drag,275,770
76.858,76.858,NoButton,Drag,275,770
76.875,76.875,NoButton,Drag,274,771
76.891,76.891,NoButton,Drag,274,771
76.907,76.907,NoButton,Drag,273,771
76.924,76.924,NoButton,Drag,273,772
76.928,76.928,Left,Pressed,273,772
76.931,76.931,NoButton,Drag,273,772
77.012,77.012,NoButton,Drag,273,772
77.056,77.056,NoButton,Drag,273,772
77.06,77.06,Left,Released,273,772
77.061,77.061,NoButton,Drag,272,772
77.093,77.093,NoButton,Drag,272,772
77.109,77.109,NoButton,Drag,272,772
77.125,77.125,NoButton,Drag,272,772
77.141,77.141,NoButton,Drag,272,772
77.158,77.158,NoButton,Drag,272,771
77.175,77.175,NoButton,Drag,272,771
77.192,77.192,NoButton,Drag,272,770
77.209,77.209,NoButton,Drag,272,770
77.225,77.225,NoButton,Drag,273,770
77.242,77.242,NoButton,Drag,275,769
77.259,77.259,NoButton,Drag,279,767
77.275,77.275,NoButton,Drag,286,765
77.293,77.293,NoButton,Drag,296,761
77.309,77.309,NoButton,Drag,310,755
77.325,77.325,NoButton,Drag,332,744
77.338,77.338,NoButton,Drag,348,735
77.355,77.355,NoButton,Drag,367,722
77.372,77.372,NoButton,Drag,385,709
77.389,77.389,NoButton,Drag,402,694
77.405,77.405,NoButton,Drag,417,678
77.421,77.421,NoButton,Drag,432,659
77.438,77.438,NoButton,Drag,442,641
77.456,77.456,NoButton,Drag,451,625
77.472,77.472,NoButton,Drag,461,606
77.488,77.488,NoButton,Drag,471,585
77.505,77.505,NoButton,Drag,480,563
77.522,77.522,NoButton,Drag,488,535
77.538,77.538,NoButton,Drag,494,515
77.556,77.556,NoButton,Drag,497,499
77.573,77.573,NoButton,Drag,498,485
77.586,77.586,NoButton,Drag,498,473
77.602,77.602,NoButton,Drag,498,462
77.618,77.618,NoButton,Drag,497,453
77.635,77.635,NoButton,Drag,497,445
77.652,77.652,NoButton,Drag,495,436
77.669,77.669,NoButton,Drag,494,431
77.686,77.686,NoButton,Drag,493,426
77.702,77.702,NoButton,Drag,492,421
77.719,77.719,NoButton,Drag,491,418
77.735,77.735,NoButton,Drag,490,413
77.753,77.753,NoButton,Drag,489,409
77.769,77.769,NoButton,Drag,489,405
77.785,77.785,NoButton,Drag,489,400
77.803,77.803,NoButton,Drag,489,394
77.819,77.819,NoButton,Drag,489,384
77.836,77.836,NoButton,Drag,489,375
77.852,77.852,NoButton,Drag,489,363
77.87,77.87,NoButton,Drag,489,352
77.887,77.887,NoButton,Drag,489,341
77.903,77.903,NoButton,Drag,489,328
77.92,77.92,NoButton,Drag,489,315
77.936,77.936,NoButton,Drag,489,305
77.953,77.953,NoButton,Drag,489,299
77.97,77.97,NoButton,Drag,489,296
77.986,77.986,NoButton,Drag,489,294
78.004,78.004,NoButton,Drag,489,294
78.02,78.02,NoButton,Drag,491,293
78.036,78.036,NoButton,Drag,495,294
78.053,78.053,NoButton,Drag,501,296
78.071,78.071,NoButton,Drag,506,299
78.087,78.087,NoButton,Drag,512,302
78.102,78.102,NoButton,Drag,519,307
78.119,78.119,NoButton,Drag,527,312
78.136,78.136,NoButton,Drag,537,320
78.152,78.152,NoButton,Drag,545,326
78.169,78.169,NoButton,Drag,552,332
78.186,78.186,NoButton,Drag,556,337
78.202,78.202,NoButton,Drag,560,341
78.219,78.219,NoButton,Drag,561,343
78.236,78.236,NoButton,Drag,561,344
78.253,78.253,NoButton,Drag,561,345
78.273,78.273,NoButton,Drag,561,345
78.287,78.287,NoButton,Drag,561,345
78.386,78.386,NoButton,Drag,562,345
78.394,78.394,NoButton,Drag,562,345
78.402,78.402,NoButton,Drag,562,345
78.419,78.419,NoButton,Drag,564,345
78.435,78.435,NoButton,Drag,566,345
78.452,78.452,NoButton,Drag,569,345
78.469,78.469,NoButton,Drag,571,346
78.486,78.486,NoButton,Drag,574,346
78.503,78.503,NoButton,Drag,574,347
78.569,78.569,NoButton,Drag,575,347
78.573,78.573,NoButton,Drag,575,347
78.585,78.585,NoButton,Drag,575,347
78.602,78.602,NoButton,Drag,577,346
78.618,78.618,NoButton,Drag,579,345
78.636,78.636,NoButton,Drag,580,345
78.653,78.653,NoButton,Drag,581,345
78.669,78.669,NoButton,Drag,581,345
78.685,78.685,NoButton,Drag,582,345
78.75,78.75,Left,Pressed,582,345
78.782,78.782,NoButton,Drag,582,345
78.86,78.86,Left,Released,582,345
79.012,79.012,NoButton,Drag,582,345
79.035,79.035,NoButton,Drag,582,345
79.043,79.043,NoButton,Drag,582,345
79.055,79.055,NoButton,Drag,582,345
79.072,79.072,NoButton,Drag,582,346
79.088,79.088,NoButton,Drag,582,347
79.104,79.104,NoButton,Drag,581,349
79.12,79.12,NoButton,Drag,580,350
79.137,79.137,NoButton,Drag,579,352
79.154,79.154,NoButton,Drag,577,354
79.17,79.17,NoButton,Drag,575,357
79.187,79.187,NoButton,Drag,573,361
79.204,79.204,NoButton,Drag,569,367
79.22,79.22,NoButton,Drag,566,371
79.238,79.238,NoButton,Drag,565,373
79.254,79.254,NoButton,Drag,565,376
79.271,79.271,NoButton,Drag,565,378
79.288,79.288,NoButton,Drag,566,380
79.305,79.305,NoButton,Drag,567,382
79.321,79.321,NoButton,Drag,568,384
79.338,79.338,NoButton,Drag,569,386
79.355,79.355,NoButton,Drag,570,389
79.372,79.372,NoButton,Drag,571,394
79.388,79.388,NoButton,Drag,572,398
79.404,79.404,NoButton,Drag,573,403
79.421,79.421,NoButton,Drag,573,409
79.438,79.438,NoButton,Drag,573,414
79.454,79.454,NoButton,Drag,572,419
79.471,79.471,NoButton,Drag,571,425
79.489,79.489,NoButton,Drag,569,432
79.505,79.505,NoButton,Drag,567,440
79.522,79.522,NoButton,Drag,561,451
79.539,79.539,NoButton,Drag,556,460
79.555,79.555,NoButton,Drag,553,469
79.573,79.573,NoButton,Drag,548,477
79.589,79.589,NoButton,Drag,545,485
79.602,79.602,NoButton,Drag,542,494
79.62,79.62,NoButton,Drag,539,502
79.637,79.637,NoButton,Drag,535,511
79.652,79.652,NoButton,Drag,533,518
79.669,79.669,NoButton,Drag,531,526
79.686,79.686,NoButton,Drag,529,531
79.704,79.704,NoButton,Drag,528,536
79.72,79.72,NoButton,Drag,527,539
79.736,79.736,NoButton,Drag,526,542
79.753,79.753,NoButton,Drag,526,545
79.77,79.77,NoButton,Drag,525,548
79.787,79.787,NoButton,Drag,524,551
79.803,79.803,NoButton,Drag,523,553
79.82,79.82,NoButton,Drag,522,555
79.837,79.837,NoButton,Drag,521,557
79.852,79.852,NoButton,Drag,520,558
79.868,79.868,NoButton,Drag,519,559
79.885,79.885,NoButton,Drag,518,560
79.902,79.902,NoButton,Drag,518,562
79.919,79.919,NoButton,Drag,517,562
79.935,79.935,NoButton,Drag,517,563
79.952,79.952,NoButton,Drag,516,563
79.969,79.969,NoButton,Drag,516,564
79.986,79.986,NoButton,Drag,516,565
80.002,80.002,NoButton,Drag,515,566
80.019,80.019,NoButton,Drag,515,566
80.035,80.035,NoButton,Drag,514,567
80.052,80.052,NoButton,Drag,514,568
80.069,80.069,NoButton,Drag,514,569
80.086,80.086,NoButton,Drag,514,569
80.102,80.102,NoButton,Drag,513,570
80.118,80.118,NoButton,Drag,513,570
80.135,80.135,NoButton,Drag,512,570
80.152,80.152,NoButton,Drag,512,571
80.169,80.169,NoButton,Drag,511,571
80.617,80.617,NoButton,Drag,511,571
80.634,80.634,NoButton,Drag,511,571
80.642,80.642,NoButton,Drag,511,571
80.652,80.652,NoButton,Drag,510,571
80.668,80.668,NoButton,Drag,510,572
80.685,80.685,NoButton,Drag,510,572
80.701,80.701,NoButton,Drag,509,572
80.718,80.718,NoButton,Drag,509,572
80.734,80.734,NoButton,Drag,508,572
80.752,80.752,NoButton,Drag,507,573
80.768,80.768,NoButton,Drag,506,573
80.785,80.785,NoButton,Drag,504,573
80.801,80.801,NoButton,Drag,502,574
80.818,80.818,NoButton,Drag,499,575
80.835,80.835,NoButton,Drag,496,575
80.852,80.852,NoButton,Drag,493,576
80.869,80.869,NoButton,Drag,489,577
80.886,80.886,NoButton,Drag,484,579
80.902,80.902,NoButton,Drag,483,579
81.03,81.03,NoButton,Drag,483,579
81.034,81.034,NoButton,Drag,483,579
81.038,81.038,NoButton,Drag,483,578
81.053,81.053,NoButton,Drag,483,576
81.069,81.069,NoButton,Drag,484,573
81.086,81.086,NoButton,Drag,485,569
81.104,81.104,NoButton,Drag,486,563
81.121,81.121,NoButton,Drag,488,559
81.137,81.137,NoButton,Drag,489,555
81.155,81.155,NoButton,Drag,490,552
81.171,81.171,NoButton,Drag,491,549
81.187,81.187,NoButton,Drag,492,547
81.205,81.205,NoButton,Drag,492,545
81.222,81.222,NoButton,Drag,492,545
81.236,81.236,Left,Pressed,492,545
81.38,81.38,Left,Released,492,545
81.411,81.411,NoButton,Drag,492,545
81.443,81.443,NoButton,Drag,492,545
81.448,81.448,NoButton,Drag,492,545
81.454,81.454,NoButton,Drag,492,545
81.47,81.47,NoButton,Drag,492,547
81.487,81.487,NoButton,Drag,491,550
81.504,81.504,NoButton,Drag,489,555
81.52,81.52,NoButton,Drag,487,559
81.537,81.537,NoButton,Drag,485,563
81.553,81.553,NoButton,Drag,484,567
81.571,81.571,NoButton,Drag,483,572
81.587,81.587,NoButton,Drag,482,576
81.604,81.604,NoButton,Drag,483,582
81.621,81.621,NoButton,Drag,490,589
81.637,81.637,NoButton,Drag,508,597
81.654,81.654,NoButton,Drag,543,605
81.671,81.671,NoButton,Drag,588,613
81.688,81.688,NoButton,Drag,622,616
81.704,81.704,NoButton,Drag,650,620
81.721,81.721,NoButton,Drag,675,625
81.737,81.737,NoButton,Drag,697,629
81.754,81.754,NoButton,Drag,716,634
81.771,81.771,NoButton,Drag,727,637
81.788,81.788,NoButton,Drag,736,639
81.804,81.804,NoButton,Drag,741,642
81.821,81.821,NoButton,Drag,746,644
81.837,81.837,NoButton,Drag,751,648
81.856,81.856,NoButton,Drag,756,651
81.872,81.872,NoButton,Drag,760,654
81.889,81.889,NoButton,Drag,763,656
81.905,81.905,NoButton,Drag,764,658
81.922,81.922,NoButton,Drag,765,660
81.939,81.939,NoButton,Drag,764,663
81.955,81.955,NoButton,Drag,763,666
81.972,81.972,NoButton,Drag,763,670
81.989,81.989,NoButton,Drag,763,674
82.006,82.006,NoButton,Drag,764,679
82.022,82.022,NoButton,Drag,767,684
82.04,82.04,NoButton,Drag,773,689
82.056,82.056,NoButton,Drag,781,694
82.073,82.073,NoButton,Drag,787,697
82.09,82.09,NoButton,Drag,794,702
82.106,82.106,NoButton,Drag,797,705
82.123,82.123,NoButton,Drag,800,707
82.139,82.139,NoButton,Drag,803,709
82.157,82.157,NoButton,Drag,806,711
82.175,82.175,NoButton,Drag,808,714
82.19,82.19,NoButton,Drag,811,716
82.207,82.207,NoButton,Drag,812,718
82.224,82.224,NoButton,Drag,814,720
82.24,82.24,NoButton,Drag,816,723
82.257,82.257,NoButton,Drag,818,725
82.273,82.273,NoButton,Drag,822,727
82.29,82.29,NoButton,Drag,825,730
82.307,82.307,NoButton,Drag,828,733
82.324,82.324,NoButton,Drag,833,738
82.34,82.34,NoButton,Drag,836,742
82.357,82.357,NoButton,Drag,839,744
82.373,82.373,NoButton,Drag,841,747
82.39,82.39,NoButton,Drag,842,749
82.407,82.407,NoButton,Drag,843,750
82.424,82.424,NoButton,Drag,843,752
82.44,82.44,NoButton,Drag,843,754
82.458,82.458,NoButton,Drag,845,755
82.473,82.473,NoButton,Drag,846,756
82.491,82.491,NoButton,Drag,847,757
82.507,82.507,NoButton,Drag,846,757
82.524,82.524,NoButton,Drag,847,757
82.532,82.532,Left,Pressed,847,757
82.535,82.535,NoButton,Drag,847,757
82.559,82.559,NoButton,Drag,847,757
82.564,82.564,NoButton,Drag,847,757
82.571,82.571,NoButton,Drag,846,756
82.615,82.615,NoButton,Drag,846,756
82.643,82.643,NoButton,Drag,846,756
82.659,82.659,NoButton,Drag,846,757
82.663,82.663,Left,Released,846,757
82.683,82.683,NoButton,Drag,846,757
82.723,82.723,NoButton,Drag,845,757
82.747,82.747,NoButton,Drag,845,757
82.757,82.757,NoButton,Drag,845,757
82.774,82.774,NoButton,Drag,845,756
82.809,82.809,NoButton,Drag,844,756
82.817,82.817,NoButton,Drag,844,756
82.825,82.825,NoButton,Drag,844,755
82.841,82.841,NoButton,Drag,843,755
82.857,82.857,NoButton,Drag,842,754
82.874,82.874,NoButton,Drag,839,754
82.89,82.89,NoButton,Drag,837,753
82.907,82.907,NoButton,Drag,832,753
82.924,82.924,NoButton,Drag,826,751
82.941,82.941,NoButton,Drag,816,749
82.957,82.957,NoButton,Drag,807,749
82.974,82.974,NoButton,Drag,799,751
82.991,82.991,NoButton,Drag,791,751
83.007,83.007,NoButton,Drag,781,749
83.024,83.024,NoButton,Drag,773,749
83.041,83.041,NoButton,Drag,764,747
83.057,83.057,NoButton,Drag,753,746
83.074,83.074,NoButton,Drag,745,745
83.092,83.092,NoButton,Drag,737,745
83.108,83.108,NoButton,Drag,728,745
83.125,83.125,NoButton,Drag,719,745
83.142,83.142,NoButton,Drag,706,744
83.159,83.159,NoButton,Drag,694,743
83.175,83.175,NoButton,Drag,683,743
83.192,83.192,NoButton,Drag,671,743
83.209,83.209,NoButton,Drag,662,743
83.225,83.225,NoButton,Drag,652,743
83.242,83.242,NoButton,Drag,647,741
83.259,83.259,NoButton,Drag,642,740
83.276,83.276,NoButton,Drag,639,739
83.292,83.292,NoButton,Drag,637,737
83.309,83.309,NoButton,Drag,635,736
83.326,83.326,NoButton,Drag,633,732
83.342,83.342,NoButton,Drag,632,727
83.359,83.359,NoButton,Drag,630,717
83.379,83.379,NoButton,Drag,627,708
83.395,83.395,NoButton,Drag,623,695
83.412,83.412,NoButton,Drag,618,684
83.429,83.429,NoButton,Drag,611,675
83.446,83.446,NoButton,Drag,605,665
83.462,83.462,NoButton,Drag,597,654
83.478,83.478,NoButton,Drag,584,641
83.495,83.495,NoButton,Drag,566,625
83.512,83.512,NoButton,Drag,548,613
83.529,83.529,NoButton,Drag,531,602
83.546,83.546,NoButton,Drag,508,591
83.562,83.562,NoButton,Drag,481,579
83.579,83.579,NoButton,Drag,454,568
83.596,83.596,NoButton,Drag,420,557
83.613,83.613,NoButton,Drag,395,549
83.631,83.631,NoButton,Drag,371,542
83.647,83.647,NoButton,Drag,350,536
83.663,83.663,NoButton,Drag,329,531
83.68,83.68,NoButton,Drag,316,528
83.697,83.697,NoButton,Drag,304,524
83.714,83.714,NoButton,Drag,294,521
83.731,83.731,NoButton,Drag,285,517
83.747,83.747,NoButton,Drag,278,514
83.764,83.764,NoButton,Drag,270,509
83.78,83.78,NoButton,Drag,266,506
83.798,83.798,NoButton,Drag,263,503
83.814,83.814,NoButton,Drag,260,498
83.831,83.831,NoButton,Drag,257,492
83.847,83.847,NoButton,Drag,255,482
83.864,83.864,NoButton,Drag,253,473
83.882,83.882,NoButton,Drag,252,463
83.898,83.898,NoButton,Drag,251,448
83.915,83.915,NoButton,Drag,250,436
83.932,83.932,NoButton,Drag,250,424
83.948,83.948,NoButton,Drag,250,414
83.964,83.964,NoButton,Drag,249,405
83.981,83.981,NoButton,Drag,247,396
83.998,83.998,NoButton,Drag,246,388
84.015,84.015,NoButton,Drag,245,384
84.032,84.032,NoButton,Drag,243,381
84.049,84.049,NoButton,Drag,242,379
84.066,84.066,NoButton,Drag,242,378
84.109,84.109,NoButton,Drag,242,378
84.117,84.117,NoButton,Drag,241,378
84.132,84.132,NoButton,Drag,241,378
84.149,84.149,NoButton,Drag,240,380
84.165,84.165,NoButton,Drag,237,382
84.182,84.182,NoButton,Drag,234,386
84.199,84.199,NoButton,Drag,230,389
84.215,84.215,NoButton,Drag,227,393
84.232,84.232,NoButton,Drag,224,395
84.249,84.249,NoButton,Drag,223,397
84.265,84.265,NoButton,Drag,222,398
84.283,84.283,NoButton,Drag,221,399
84.298,84.298,NoButton,Drag,221,399
84.315,84.315,NoButton,Drag,221,399
84.33,84.33,Left,Pressed,221,399
84.47,84.47,NoButton,Drag,220,399
84.484,84.484,Left,Released,220,399
84.576,84.576,NoButton,Drag,221,399
84.583,84.583,NoButton,Drag,221,399
84.599,84.599,NoButton,Drag,221,399
84.628,84.628,NoButton,Drag,221,399
84.648,84.648,NoButton,Drag,221,399
84.668,84.668,NoButton,Drag,221,398
84.68,84.68,NoButton,Drag,222,398
84.687,84.687,NoButton,Drag,222,398
84.699,84.699,NoButton,Drag,222,398
84.715,84.715,NoButton,Drag,222,397
84.732,84.732,NoButton,Drag,223,396
84.75,84.75,NoButton,Drag,224,396
84.766,84.766,NoButton,Drag,225,395
84.783,84.783,NoButton,Drag,226,395
84.799,84.799,NoButton,Drag,228,395
84.816,84.816,NoButton,Drag,230,394
84.833,84.833,NoButton,Drag,231,394
84.836,84.836,Left,Pressed,231,394
84.837,84.837,NoButton,Drag,231,394
84.843,84.843,NoButton,Drag,231,394
84.876,84.876,NoButton,Drag,232,394
84.883,84.883,NoButton,Drag,232,393
84.948,84.948,Left,Released,232,393
85.058,85.058,NoButton,Drag,232,393
85.066,85.066,NoButton,Drag,232,393
85.069,85.069,NoButton,Drag,233,394
85.082,85.082,NoButton,Drag,233,394
85.1,85.1,NoButton,Drag,234,395
85.115,85.115,NoButton,Drag,236,398
85.133,85.133,NoButton,Drag,238,400
85.148,85.148,NoButton,Drag,241,402
85.165,85.165,NoButton,Drag,244,403
85.182,85.182,NoButton,Drag,250,403
85.199,85.199,NoButton,Drag,255,403
85.215,85.215,NoButton,Drag,264,402
85.232,85.232,NoButton,Drag,276,399
85.249,85.249,NoButton,Drag,288,393
85.266,85.266,NoButton,Drag,304,382
85.282,85.282,NoButton,Drag,318,371
85.3,85.3,NoButton,Drag,333,357
85.315,85.315,NoButton,Drag,345,343
85.333,85.333,NoButton,Drag,355,329
85.349,85.349,NoButton,Drag,361,314
85.368,85.368,NoButton,Drag,367,292
85.383,85.383,NoButton,Drag,369,273
85.4,85.4,NoButton,Drag,369,254
85.417,85.417,NoButton,Drag,369,235
85.434,85.434,NoButton,Drag,367,213
85.45,85.45,NoButton,Drag,364,199
85.468,85.468,NoButton,Drag,359,184
85.484,85.484,NoButton,Drag,354,171
85.501,85.501,NoButton,Drag,348,160
85.518,85.518,NoButton,Drag,343,149
85.534,85.534,NoButton,Drag,341,145
85.551,85.551,NoButton,Drag,338,142
85.567,85.567,NoButton,Drag,337,141
85.584,85.584,NoButton,Drag,336,141
85.599,85.599,NoButton,Drag,335,141
85.616,85.616,NoButton,Drag,335,141
85.632,85.632,NoButton,Drag,335,141
85.649,85.649,NoButton,Drag,335,141
85.666,85.666,NoButton,Drag,334,141
85.682,85.682,NoButton,Drag,333,142
85.699,85.699,NoButton,Drag,333,142
85.716,85.716,NoButton,Drag,333,143
85.733,85.733,NoButton,Drag,333,143
85.8,85.8,NoButton,Drag,333,143
85.803,85.803,NoButton,Drag,333,143
85.816,85.816,NoButton,Drag,333,142
85.833,85.833,NoButton,Drag,332,141
85.849,85.849,NoButton,Drag,332,138
85.864,85.864,NoButton,Drag,331,137
85.881,85.881,NoButton,Drag,331,134
85.898,85.898,NoButton,Drag,331,132
85.914,85.914,NoButton,Drag,330,130
85.931,85.931,NoButton,Drag,330,128
85.948,85.948,NoButton,Drag,330,126
85.965,85.965,NoButton,Drag,330,125
85.991,85.991,NoButton,Drag,330,125
86.02,86.02,Left,Pressed,330,125
86.06,86.06,NoButton,Drag,330,125
86.068,86.068,NoButton,Drag,330,125
86.075,86.075,NoButton,Drag,329,125
86.08,86.08,NoButton,Drag,329,125
86.088,86.088,NoButton,Drag,329,125
86.095,86.095,NoButton,Drag,329,125
86.103,86.103,NoButton,Drag,328,125
86.107,86.107,NoButton,Drag,328,125
86.111,86.111,NoButton,Drag,328,125
86.124,86.124,NoButton,Drag,328,125
86.146,86.146,Left,Released,328,125
86.155,86.155,NoButton,Drag,327,125
86.164,86.164,NoButton,Drag,327,125
86.176,86.176,NoButton,Drag,327,125
86.193,86.193,NoButton,Drag,327,126
86.21,86.21,NoButton,Drag,327,126
86.226,86.226,NoButton,Drag,327,127
86.243,86.243,NoButton,Drag,327,127
86.259,86.259,NoButton,Drag,326,128
86.276,86.276,NoButton,Drag,326,129
86.293,86.293,NoButton,Drag,326,131
86.31,86.31,NoButton,Drag,325,135
86.326,86.326,NoButton,Drag,325,138
86.342,86.342,NoButton,Drag,325,142
86.354,86.354,NoButton,Drag,325,146
86.37,86.37,NoButton,Drag,325,151
86.387,86.387,NoButton,Drag,325,156
86.404,86.404,NoButton,Drag,325,161
86.421,86.421,NoButton,Drag,325,166
86.437,86.437,NoButton,Drag,326,171
86.454,86.454,NoButton,Drag,326,177
86.471,86.471,NoButton,Drag,326,181
86.488,86.488,NoButton,Drag,326,186
86.505,86.505,NoButton,Drag,327,190
86.521,86.521,NoButton,Drag,328,195
86.537,86.537,NoButton,Drag,330,201
86.554,86.554,NoButton,Drag,331,206
86.571,86.571,NoButton,Drag,332,211
86.587,86.587,NoButton,Drag,334,217
86.602,86.602,NoButton,Drag,335,222
86.618,86.618,NoButton,Drag,336,227
86.635,86.635,NoButton,Drag,338,232
86.652,86.652,NoButton,Drag,339,237
86.669,86.669,NoButton,Drag,340,241
86.685,86.685,NoButton,Drag,342,246
86.702,86.702,NoButton,Drag,344,252
86.719,86.719,NoButton,Drag,346,257
86.736,86.736,NoButton,Drag,349,262
86.752,86.752,NoButton,Drag,352,267
86.769,86.769,NoButton,Drag,356,274
86.785,86.785,NoButton,Drag,359,278
86.803,86.803,NoButton,Drag,362,283
86.819,86.819,NoButton,Drag,365,287
86.835,86.835,NoButton,Drag,367,290
86.851,86.851,NoButton,Drag,368,291
86.867,86.867,NoButton,Drag,370,293
86.884,86.884,NoButton,Drag,371,295
86.901,86.901,NoButton,Drag,371,296
86.918,86.918,NoButton,Drag,372,296
86.935,86.935,NoButton,Drag,372,296
87.092,87.092,NoButton,Drag,372,296
87.112,87.112,NoButton,Drag,373,296
87.119,87.119,NoButton,Drag,373,296
87.135,87.135,NoButton,Drag,374,297
87.151,87.151,NoButton,Drag,379,299
87.167,87.167,NoButton,Drag,387,304
87.184,87.184,NoButton,Drag,401,313
87.2,87.2,NoButton,Drag,419,324
87.218,87.218,NoButton,Drag,447,340
87.234,87.234,NoButton,Drag,482,359
87.251,87.251,NoButton,Drag,518,379
87.267,87.267,NoButton,Drag,569,412
87.284,87.284,NoButton,Drag,611,442
87.301,87.301,NoButton,Drag,651,473
87.317,87.317,NoButton,Drag,687,502
87.334,87.334,NoButton,Drag,729,541
87.351,87.351,NoButton,Drag,761,571
87.366,87.366,NoButton,Drag,792,601
87.384,87.384,NoButton,Drag,821,630
87.4,87.4,NoButton,Drag,844,655
87.417,87.417,NoButton,Drag,862,675
87.434,87.434,NoButton,Drag,880,696
87.451,87.451,NoButton,Drag,896,712
87.467,87.467,NoButton,Drag,912,728
87.485,87.485,NoButton,Drag,925,741
87.5,87.5,NoButton,Drag,932,750
87.517,87.517,NoButton,Drag,935,754
87.534,87.534,NoButton,Drag,937,758
87.551,87.551,NoButton,Drag,937,761
87.567,87.567,NoButton,Drag,935,763
87.585,87.585,NoButton,Drag,933,765
87.601,87.601,NoButton,Drag,928,766
87.618,87.618,NoButton,Drag,918,766
87.635,87.635,NoButton,Drag,906,765
87.652,87.652,NoButton,Drag,888,763
87.669,87.669,NoButton,Drag,866,759
87.685,87.685,NoButton,Drag,837,757
87.701,87.701,NoButton,Drag,792,754
87.718,87.718,NoButton,Drag,756,752
87.735,87.735,NoButton,Drag,720,752
87.752,87.752,NoButton,Drag,684,752
87.768,87.768,NoButton,Drag,657,751
87.785,87.785,NoButton,Drag,639,751
87.802,87.802,NoButton,Drag,623,750
87.818,87.818,NoButton,Drag,616,748
87.836,87.836,NoButton,Drag,613,748
87.853,87.853,NoButton,Drag,613,748
87.869,87.869,NoButton,Drag,612,747
87.886,87.886,NoButton,Drag,612,747
87.902,87.902,NoButton,Drag,612,746
87.919,87.919,NoButton,Drag,612,744
87.936,87.936,NoButton,Drag,615,741
87.952,87.952,NoButton,Drag,617,739
87.969,87.969,NoButton,Drag,621,736
87.985,87.985,NoButton,Drag,627,732
88.002,88.002,NoButton,Drag,631,729
88.019,88.019,NoButton,Drag,634,725
88.036,88.036,NoButton,Drag,636,722
88.053,88.053,NoButton,Drag,635,720
88.069,88.069,NoButton,Drag,635,719
88.086,88.086,NoButton,Drag,634,718
88.103,88.103,NoButton,Drag,633,717
88.12,88.12,NoButton,Drag,632,717
88.136,88.136,NoButton,Drag,632,716
88.153,88.153,NoButton,Drag,632,715
88.169,88.169,NoButton,Drag,633,712
88.186,88.186,NoButton,Drag,636,708
88.203,88.203,NoButton,Drag,642,704
88.219,88.219,NoButton,Drag,651,700
88.236,88.236,NoButton,Drag,669,695
88.253,88.253,NoButton,Drag,687,691
88.269,88.269,NoButton,Drag,710,687
88.286,88.286,NoButton,Drag,736,685
88.302,88.302,NoButton,Drag,767,681
88.32,88.32,NoButton,Drag,807,676
88.336,88.336,NoButton,Drag,834,670
88.353,88.353,NoButton,Drag,858,663
88.369,88.369,NoButton,Drag,874,659
88.386,88.386,NoButton,Drag,881,657
88.403,88.403,NoButton,Drag,884,656
88.419,88.419,NoButton,Drag,884,656
88.439,88.439,NoButton,Drag,884,656
88.453,88.453,NoButton,Drag,881,657
88.469,88.469,NoButton,Drag,874,659
88.486,88.486,NoButton,Drag,864,663
88.503,88.503,NoButton,Drag,856,665
88.52,88.52,NoButton,Drag,847,667
88.536,88.536,NoButton,Drag,836,670
88.553,88.553,NoButton,Drag,826,672
88.569,88.569,NoButton,Drag,815,675
88.586,88.586,NoButton,Drag,810,676
88.604,88.604,NoButton,Drag,807,678
88.62,88.62,NoButton,Drag,806,679
88.636,88.636,NoButton,Drag,805,681
88.653,88.653,NoButton,Drag,803,682
88.669,88.669,NoButton,Drag,801,686
88.686,88.686,NoButton,Drag,798,689
88.703,88.703,NoButton,Drag,796,692
88.719,88.719,NoButton,Drag,792,696
88.737,88.737,NoButton,Drag,787,700
88.753,88.753,NoButton,Drag,781,704
88.77,88.77,NoButton,Drag,773,708
88.786,88.786,NoButton,Drag,766,710
88.803,88.803,NoButton,Drag,757,714
88.821,88.821,NoButton,Drag,744,717
88.837,88.837,NoButton,Drag,726,720
88.853,88.853,NoButton,Drag,714,723
88.869,88.869,NoButton,Drag,706,724
88.887,88.887,NoButton,Drag,703,725
88.921,88.921,NoButton,Drag,702,725
88.929,88.929,NoButton,Drag,702,725
88.936,88.936,NoButton,Drag,703,724
88.952,88.952,NoButton,Drag,705,723
88.969,88.969,NoButton,Drag,707,721
88.986,88.986,NoButton,Drag,709,720
89.002,89.002,NoButton,Drag,710,719
89.045,89.045,NoButton,Drag,710,719
89.059,89.059,NoButton,Drag,710,718
89.069,89.069,NoButton,Drag,710,718
89.087,89.087,NoButton,Drag,710,718
89.115,89.115,NoButton,Drag,710,718
89.128,89.128,Left,Pressed,710,718
89.24,89.24,NoButton,Drag,710,717
89.243,89.243,NoButton,Drag,709,717
89.251,89.251,NoButton,Drag,709,717
89.256,89.256,NoButton,Drag,709,717
89.26,89.26,Left,Released,709,717
89.263,89.263,NoButton,Drag,709,716
89.27,89.27,NoButton,Drag,708,716
89.287,89.287,NoButton,Drag,708,716
89.304,89.304,NoButton,Drag,707,715
89.321,89.321,NoButton,Drag,707,714
89.337,89.337,NoButton,Drag,706,714
89.352,89.352,NoButton,Drag,706,713
89.369,89.369,NoButton,Drag,705,713
89.385,89.385,NoButton,Drag,705,712
89.402,89.402,NoButton,Drag,704,711
89.419,89.419,NoButton,Drag,703,710
89.435,89.435,NoButton,Drag,703,709
89.452,89.452,NoButton,Drag,702,707
89.469,89.469,NoButton,Drag,700,705
89.485,89.485,NoButton,Drag,699,702
89.502,89.502,NoButton,Drag,697,700
89.519,89.519,NoButton,Drag,694,698
89.535,89.535,NoButton,Drag,686,693
89.552,89.552,NoButton,Drag,678,689
89.569,89.569,NoButton,Drag,670,687
89.585,89.585,NoButton,Drag,668,686
89.611,89.611,NoButton,Drag,668,686
89.615,89.615,NoButton,Drag,668,685
89.632,89.632,NoButton,Drag,673,684
89.648,89.648,NoButton,Drag,685,681
89.665,89.665,NoButton,Drag,706,677
89.682,89.682,NoButton,Drag,748,671
89.698,89.698,NoButton,Drag,784,664
89.715,89.715,NoButton,Drag,814,659
89.732,89.732,NoButton,Drag,839,655
89.749,89.749,NoButton,Drag,858,652
89.765,89.765,NoButton,Drag,875,651
89.782,89.782,NoButton,Drag,893,651
89.799,89.799,NoButton,Drag,906,652
89.815,89.815,NoButton,Drag,916,655
89.833,89.833,NoButton,Drag,926,659
89.849,89.849,NoButton,Drag,937,666
89.864,89.864,NoButton,Drag,949,672
89.88,89.88,NoButton,Drag,958,679
89.897,89.897,NoButton,Drag,966,684
89.913,89.913,NoButton,Drag,970,688
89.93,89.93,NoButton,Drag,971,691
89.947,89.947,NoButton,Drag,971,694
89.964,89.964,NoButton,Drag,971,695
89.98,89.98,NoButton,Drag,971,696
89.997,89.997,NoButton,Drag,972,697
90.014,90.014,NoButton,Drag,972,697
90.063,90.063,NoButton,Drag,972,698
90.065,90.065,NoButton,Drag,972,698
90.08,90.08,NoButton,Drag,973,698
90.097,90.097,NoButton,Drag,975,700
90.113,90.113,NoButton,Drag,978,701
90.129,90.129,NoButton,Drag,982,703
90.146,90.146,NoButton,Drag,987,705
90.162,90.162,NoButton,Drag,990,707
90.18,90.18,NoButton,Drag,993,709
90.197,90.197,NoButton,Drag,996,711
90.212,90.212,NoButton,Drag,1001,715
90.23,90.23,NoButton,Drag,1004,717
90.246,90.246,NoButton,Drag,1009,720
90.263,90.263,NoButton,Drag,1015,723
90.279,90.279,NoButton,Drag,1026,730
90.296,90.296,NoButton,Drag,1037,734
90.313,90.313,NoButton,Drag,1047,737
90.33,90.33,NoButton,Drag,1054,738
90.347,90.347,NoButton,Drag,1059,740
90.364,90.364,NoButton,Drag,1061,741
90.379,90.379,NoButton,Drag,1061,741
90.395,90.395,NoButton,Drag,1061,741
90.412,90.412,NoButton,Drag,1062,742
90.429,90.429,NoButton,Drag,1064,743
90.445,90.445,NoButton,Drag,1067,745
90.463,90.463,NoButton,Drag,1070,747
90.479,90.479,NoButton,Drag,1072,748
90.496,90.496,NoButton,Drag,1073,748
90.513,90.513,NoButton,Drag,1073,748
90.53,90.53,NoButton,Drag,1074,749
90.546,90.546,NoButton,Drag,1074,750
90.563,90.563,NoButton,Drag,1074,750
90.579,90.579,NoButton,Drag,1074,750
90.584,90.584,Left,Pressed,1074,750
90.607,90.607,NoButton,Drag,1075,750
90.68,90.68,Left,Released,1075,750
90.696,90.696,NoButton,Drag,1074,750
90.707,90.707,NoButton,Drag,1074,750
90.715,90.715,NoButton,Drag,1074,750
90.727,90.727,NoButton,Drag,1074,750
90.735,90.735,NoButton,Drag,1073,750
90.75,90.75,NoButton,Drag,1073,750
90.767,90.767,NoButton,Drag,1071,750
90.783,90.783,NoButton,Drag,1070,750
90.8,90.8,NoButton,Drag,1068,750
90.817,90.817,NoButton,Drag,1064,751
90.833,90.833,NoButton,Drag,1056,753
90.85,90.85,NoButton,Drag,1045,754
90.867,90.867,NoButton,Drag,1034,756
90.883,90.883,NoButton,Drag,1025,758
90.901,90.901,NoButton,Drag,1017,760
90.917,90.917,NoButton,Drag,1010,761
90.934,90.934,NoButton,Drag,999,763
90.951,90.951,NoButton,Drag,988,763
90.967,90.967,NoButton,Drag,971,763
90.984,90.984,NoButton,Drag,944,763
91,91,NoButton,Drag,906,762
91.017,91.017,NoButton,Drag,843,757
91.034,91.034,NoButton,Drag,788,753
91.051,91.051,NoButton,Drag,721,748
91.068,91.068,NoButton,Drag,649,745
91.085,91.085,NoButton,Drag,576,742
91.101,91.101,NoButton,Drag,512,741
91.117,91.117,NoButton,Drag,444,740
91.134,91.134,NoButton,Drag,399,740
91.151,91.151,NoButton,Drag,362,740
91.168,91.168,NoButton,Drag,335,740
91.184,91.184,NoButton,Drag,312,740
91.201,91.201,NoButton,Drag,293,740
91.217,91.217,NoButton,Drag,275,738
91.234,91.234,NoButton,Drag,264,737
91.251,91.251,NoButton,Drag,257,735
91.268,91.268,NoButton,Drag,255,734
91.285,91.285,NoButton,Drag,254,732
91.301,91.301,NoButton,Drag,254,730
91.317,91.317,NoButton,Drag,256,724
91.335,91.335,NoButton,Drag,260,717
91.351,91.351,NoButton,Drag,264,708
91.367,91.367,NoButton,Drag,271,695
91.384,91.384,NoButton,Drag,276,683
91.402,91.402,NoButton,Drag,282,671
91.418,91.418,NoButton,Drag,288,656
91.434,91.434,NoButton,Drag,293,642
91.451,91.451,NoButton,Drag,297,628
91.468,91.468,NoButton,Drag,299,610
91.485,91.485,NoButton,Drag,299,596
91.502,91.502,NoButton,Drag,297,582
91.518,91.518,NoButton,Drag,294,569
91.535,91.535,NoButton,Drag,289,556
91.551,91.551,NoButton,Drag,283,545
91.568,91.568,NoButton,Drag,275,531
91.585,91.585,NoButton,Drag,271,522
91.602,91.602,NoButton,Drag,268,513
91.618,91.618,NoButton,Drag,265,504
91.635,91.635,NoButton,Drag,263,495
91.651,91.651,NoButton,Drag,261,487
91.668,91.668,NoButton,Drag,261,476
91.684,91.684,NoButton,Drag,260,468
91.702,91.702,NoButton,Drag,260,460
91.718,91.718,NoButton,Drag,260,451
91.735,91.735,NoButton,Drag,261,442
91.751,91.751,NoButton,Drag,262,433
91.768,91.768,NoButton,Drag,265,422
91.785,91.785,NoButton,Drag,267,413
91.801,91.801,NoButton,Drag,269,406
91.818,91.818,NoButton,Drag,270,400
91.835,91.835,NoButton,Drag,270,395
91.851,91.851,NoButton,Drag,270,390
91.867,91.867,NoButton,Drag,270,388
91.885,91.885,NoButton,Drag,270,387
91.901,91.901,NoButton,Drag,271,386
91.962,91.962,Left,Pressed,271,386
91.97,91.97,NoButton,Drag,271,386
91.993,91.993,NoButton,Drag,271,386
92.005,92.005,NoButton,Drag,272,386
92.017,92.017,NoButton,Drag,272,386
92.022,92.022,NoButton,Drag,272,386
92.029,92.029,NoButton,Drag,272,386
92.033,92.033,NoButton,Drag,272,386
92.037,92.037,NoButton,Drag,273,387
92.041,92.041,NoButton,Drag,273,387
92.045,92.045,NoButton,Drag,273,387
92.049,92.049,NoButton,Drag,273,387
92.053,92.053,NoButton,Drag,274,388
92.058,92.058,Left,Released,274,388
92.058,92.058,NoButton,Drag,274,388
92.067,92.067,NoButton,Drag,275,388
92.084,92.084,NoButton,Drag,278,391
92.101,92.101,NoButton,Drag,282,395
92.118,92.118,NoButton,Drag,287,400
92.134,92.134,NoButton,Drag,291,402
92.152,92.152,NoButton,Drag,293,404
92.168,92.168,NoButton,Drag,294,404
92.238,92.238,NoButton,Drag,294,404
92.278,92.278,Left,Pressed,294,404
92.358,92.358,Left,Released,294,404
92.402,92.402,NoButton,Drag,294,404
92.418,92.418,NoButton,Drag,294,404
92.43,92.43,NoButton,Drag,295,404
92.438,92.438,NoButton,Drag,295,405
92.455,92.455,NoButton,Drag,295,405
92.472,92.472,NoButton,Drag,296,405
92.488,92.488,NoButton,Drag,296,406
92.505,92.505,NoButton,Drag,297,407
92.521,92.521,NoButton,Drag,298,408
92.538,92.538,NoButton,Drag,300,409
92.555,92.555,NoButton,Drag,302,411
92.571,92.571,NoButton,Drag,307,413
92.59,92.59,NoButton,Drag,313,414
92.607,92.607,NoButton,Drag,321,415
92.624,92.624,NoButton,Drag,334,415
92.641,92.641,NoButton,Drag,348,413
92.657,92.657,NoButton,Drag,362,406
92.674,92.674,NoButton,Drag,381,397
92.691,92.691,NoButton,Drag,403,384
92.707,92.707,NoButton,Drag,434,364
92.724,92.724,NoButton,Drag,461,345
92.741,92.741,NoButton,Drag,488,324
92.758,92.758,NoButton,Drag,516,300
92.775,92.775,NoButton,Drag,543,274
92.791,92.791,NoButton,Drag,572,250
92.808,92.808,NoButton,Drag,603,219
92.825,92.825,NoButton,Drag,626,195
92.842,92.842,NoButton,Drag,646,170
92.858,92.858,NoButton,Drag,665,147
92.874,92.874,NoButton,Drag,679,130
92.891,92.891,NoButton,Drag,693,109
92.908,92.908,NoButton,Drag,701,95
92.925,92.925,NoButton,Drag,707,85
92.942,92.942,NoButton,Drag,711,77
92.958,92.958,NoButton,Drag,712,72
92.975,92.975,NoButton,Drag,713,69
92.992,92.992,NoButton,Drag,713,68
93.048,93.048,NoButton,Drag,713,68
93.13,93.13,NoButton,Drag,713,68
93.133,93.133,NoButton,Drag,713,69
93.142,93.142,NoButton,Drag,713,70
93.159,93.159,NoButton,Drag,713,74
93.176,93.176,NoButton,Drag,713,81
93.192,93.192,NoButton,Drag,713,89
93.209,93.209,NoButton,Drag,713,97
93.225,93.225,NoButton,Drag,714,110
93.242,93.242,NoButton,Drag,716,121
93.259,93.259,NoButton,Drag,718,130
93.276,93.276,NoButton,Drag,720,138
93.292,93.292,NoButton,Drag,721,142
93.309,93.309,NoButton,Drag,722,145
93.594,93.594,NoButton,Drag,722,145
93.597,93.597,NoButton,Drag,722,145
93.61,93.61,NoButton,Drag,722,147
93.627,93.627,NoButton,Drag,723,149
93.643,93.643,NoButton,Drag,723,150
93.66,93.66,NoButton,Drag,724,152
93.677,93.677,NoButton,Drag,724,153
93.693,93.693,NoButton,Drag,724,154
93.71,93.71,NoButton,Drag,724,155
93.728,93.728,NoButton,Drag,725,157
93.743,93.743,NoButton,Drag,725,157
93.76,93.76,NoButton,Drag,725,158
93.777,93.777,NoButton,Drag,725,160
93.794,93.794,NoButton,Drag,726,162
93.81,93.81,NoButton,Drag,726,163
93.827,93.827,NoButton,Drag,727,165
93.844,93.844,NoButton,Drag,727,167
93.86,93.86,NoButton,Drag,727,169
93.877,93.877,NoButton,Drag,728,170
93.894,93.894,NoButton,Drag,728,170
93.911,93.911,NoButton,Drag,728,171
93.927,93.927,NoButton,Drag,728,171
94.08,94.08,NoButton,Drag,728,171
94.1,94.1,NoButton,Drag,728,171
94.144,94.144,NoButton,Drag,728,172
94.16,94.16,NoButton,Drag,728,172
94.192,94.192,NoButton,Drag,728,172
94.274,94.274,NoButton,Drag,728,172
94.281,94.281,NoButton,Drag,728,173
94.295,94.295,NoButton,Drag,728,173
94.311,94.311,NoButton,Drag,728,174
94.329,94.329,NoButton,Drag,728,174
94.345,94.345,NoButton,Drag,727,175
94.362,94.362,NoButton,Drag,727,175
94.378,94.378,NoButton,Drag,727,176
94.434,94.434,NoButton,Drag,726,176
94.65,94.65,NoButton,Drag,726,176
94.722,94.722,NoButton,Drag,726,176
94.725,94.725,NoButton,Drag,726,176
94.73,94.73,NoButton,Drag,726,177
94.746,94.746,NoButton,Drag,726,177
94.769,94.769,NoButton,Drag,726,178
94.948,94.948,Left,Pressed,726,178
95.056,95.056,Left,Released,726,178
95.18,95.18,NoButton,Drag,726,178
95.26,95.26,NoButton,Drag,726,178
95.263,95.263,NoButton,Drag,726,178
95.28,95.28,NoButton,Drag,725,179
95.298,95.298,NoButton,Drag,723,180
95.313,95.313,NoButton,Drag,721,182
95.33,95.33,NoButton,Drag,719,184
95.347,95.347,NoButton,Drag,715,186
95.365,95.365,NoButton,Drag,710,190
95.381,95.381,NoButton,Drag,702,194
95.398,95.398,NoButton,Drag,693,200
95.415,95.415,NoButton,Drag,682,206
95.432,95.432,NoButton,Drag,668,212
95.449,95.449,NoButton,Drag,654,217
95.465,95.465,NoButton,Drag,633,225
95.482,95.482,NoButton,Drag,615,231
95.499,95.499,NoButton,Drag,598,236
95.516,95.516,NoButton,Drag,580,240
95.532,95.532,NoButton,Drag,564,245
95.549,95.549,NoButton,Drag,548,249
95.565,95.565,NoButton,Drag,529,254
95.582,95.582,NoButton,Drag,515,257
95.599,95.599,NoButton,Drag,503,261
95.615,95.615,NoButton,Drag,494,263
95.632,95.632,NoButton,Drag,487,265
95.649,95.649,NoButton,Drag,483,266
95.665,95.665,NoButton,Drag,481,266
95.842,95.842,NoButton,Drag,481,266
95.849,95.849,NoButton,Drag,481,265
95.865,95.865,NoButton,Drag,480,264
95.882,95.882,NoButton,Drag,479,259
95.899,95.899,NoButton,Drag,477,251
95.916,95.916,NoButton,Drag,475,241
95.932,95.932,NoButton,Drag,473,229
95.949,95.949,NoButton,Drag,473,217
95.966,95.966,NoButton,Drag,473,202
95.982,95.982,NoButton,Drag,476,193
95.999,95.999,NoButton,Drag,478,184
96.016,96.016,NoButton,Drag,479,180
96.032,96.032,NoButton,Drag,479,178
96.049,96.049,NoButton,Drag,479,178
96.092,96.092,NoButton,Drag,480,178
96.156,96.156,NoButton,Drag,480,177
96.163,96.163,NoButton,Drag,480,177
96.168,96.168,NoButton,Drag,480,177
96.182,96.182,NoButton,Drag,480,176
96.199,96.199,NoButton,Drag,480,175
96.216,96.216,NoButton,Drag,481,172
96.232,96.232,NoButton,Drag,482,169
96.249,96.249,NoButton,Drag,483,165
96.265,96.265,NoButton,Drag,483,161
96.282,96.282,NoButton,Drag,484,158
96.299,96.299,NoButton,Drag,484,154
96.316,96.316,NoButton,Drag,484,148
96.332,96.332,NoButton,Drag,485,145
96.349,96.349,NoButton,Drag,485,142
96.365,96.365,NoButton,Drag,485,140
96.382,96.382,NoButton,Drag,485,139
96.399,96.399,NoButton,Drag,485,138
96.415,96.415,NoButton,Drag,485,137
96.431,96.431,NoButton,Drag,485,136
96.448,96.448,NoButton,Drag,485,136
96.522,96.522,Left,Pressed,485,136
96.534,96.534,NoButton,Drag,485,136
96.641,96.641,NoButton,Drag,485,136
96.649,96.649,NoButton,Drag,486,136
96.657,96.657,NoButton,Drag,486,136
96.665,96.665,NoButton,Drag,486,136
96.669,96.669,NoButton,Drag,487,136
96.674,96.674,NoButton,Drag,487,136
96.677,96.677,NoButton,Drag,488,136
96.681,96.681,NoButton,Drag,489,137
96.685,96.685,NoButton,Drag,490,137
96.689,96.689,NoButton,Drag,492,137
96.693,96.693,NoButton,Drag,493,137
96.697,96.697,NoButton,Drag,495,138
96.701,96.701,NoButton,Drag,497,138
96.705,96.705,NoButton,Drag,501,139
96.709,96.709,NoButton,Drag,504,140
96.713,96.713,NoButton,Drag,508,141
96.717,96.717,NoButton,Drag,512,141
96.721,96.721,NoButton,Drag,517,142
96.725,96.725,NoButton,Drag,522,142
96.729,96.729,NoButton,Drag,527,142
96.733,96.733,NoButton,Drag,533,143
96.738,96.738,NoButton,Drag,539,143
96.741,96.741,NoButton,Drag,546,143
96.745,96.745,NoButton,Drag,555,144
96.749,96.749,NoButton,Drag,563,144
96.753,96.753,NoButton,Drag,572,144
96.757,96.757,NoButton,Drag,583,145
96.761,96.761,NoButton,Drag,592,145
96.765,96.765,NoButton,Drag,602,146
96.769,96.769,NoButton,Drag,613,146
96.773,96.773,NoButton,Drag,624,147
96.777,96.777,NoButton,Drag,634,148
96.781,96.781,NoButton,Drag,645,149
96.785,96.785,NoButton,Drag,655,149
96.789,96.789,NoButton,Drag,664,149
96.793,96.793,NoButton,Drag,673,150
96.797,96.797,NoButton,Drag,682,150
96.801,96.801,NoButton,Drag,691,150
96.805,96.805,NoButton,Drag,700,150
96.809,96.809,NoButton,Drag,709,150
96.813,96.813,NoButton,Drag,718,150
96.817,96.817,NoButton,Drag,726,150
96.822,96.822,NoButton,Drag,735,150
96.825,96.825,NoButton,Drag,744,150
96.829,96.829,NoButton,Drag,753,151
96.833,96.833,NoButton,Drag,762,151
96.838,96.838,NoButton,Drag,771,151
96.841,96.841,NoButton,Drag,779,151
96.845,96.845,NoButton,Drag,789,151
96.849,96.849,NoButton,Drag,798,151
96.853,96.853,NoButton,Drag,807,152
96.857,96.857,NoButton,Drag,816,152
96.861,96.861,NoButton,Drag,825,152
96.865,96.865,NoButton,Drag,834,152
96.869,96.869,NoButton,Drag,844,152
96.873,96.873,NoButton,Drag,854,152
96.877,96.877,NoButton,Drag,863,153
96.881,96.881,NoButton,Drag,872,153
96.885,96.885,NoButton,Drag,882,153
96.889,96.889,NoButton,Drag,892,153
96.893,96.893,NoButton,Drag,902,153
96.897,96.897,NoButton,Drag,911,153
96.901,96.901,NoButton,Drag,920,153
96.905,96.905,NoButton,Drag,931,153
96.909,96.909,NoButton,Drag,942,154
96.913,96.913,NoButton,Drag,952,154
96.917,96.917,NoButton,Drag,964,154
96.921,96.921,NoButton,Drag,975,154
96.925,96.925,NoButton,Drag,987,154
96.929,96.929,NoButton,Drag,999,154
96.933,96.933,NoButton,Drag,1012,154
96.938,96.938,NoButton,Drag,1023,154
96.941,96.941,NoButton,Drag,1034,155
96.945,96.945,NoButton,Drag,1046,155
96.949,96.949,NoButton,Drag,1057,155
96.953,96.953,NoButton,Drag,1067,155
96.957,96.957,NoButton,Drag,1078,156
96.961,96.961,NoButton,Drag,1087,156
96.965,96.965,NoButton,Drag,1096,156
96.969,96.969,NoButton,Drag,1105,156
96.973,96.973,NoButton,Drag,1113,156
96.977,96.977,NoButton,Drag,1120,156
96.981,96.981,NoButton,Drag,1127,156
96.985,96.985,NoButton,Drag,1133,156
96.989,96.989,NoButton,Drag,1139,156
96.993,96.993,NoButton,Drag,1144,156
96.997,96.997,NoButton,Drag,1149,156
97.001,97.001,NoButton,Drag,1153,156
97.005,97.005,NoButton,Drag,1157,156
97.009,97.009,NoButton,Drag,1160,156
97.013,97.013,NoButton,Drag,1163,156
97.017,97.017,NoButton,Drag,1166,156
97.022,97.022,NoButton,Drag,1167,156
97.025,97.025,NoButton,Drag,1169,156
97.029,97.029,NoButton,Drag,1170,156
97.033,97.033,NoButton,Drag,1171,156
97.038,97.038,NoButton,Drag,1171,156
97.041,97.041,NoButton,Drag,1172,156
97.057,97.057,NoButton,Drag,1172,156
97.101,97.101,NoButton,Drag,1172,156
97.105,97.105,NoButton,Drag,1173,156
97.107,97.107,NoButton,Drag,1173,156
97.111,97.111,NoButton,Drag,1174,156
97.115,97.115,NoButton,Drag,1175,156
97.119,97.119,NoButton,Drag,1176,156
97.123,97.123,NoButton,Drag,1177,156
97.127,97.127,NoButton,Drag,1178,156
97.131,97.131,NoButton,Drag,1180,156
97.135,97.135,NoButton,Drag,1181,156
97.139,97.139,NoButton,Drag,1183,157
97.143,97.143,NoButton,Drag,1185,157
97.147,97.147,NoButton,Drag,1187,157
97.151,97.151,NoButton,Drag,1189,158
97.155,97.155,NoButton,Drag,1192,159
97.159,97.159,NoButton,Drag,1195,160
97.163,97.163,NoButton,Drag,1197,160
97.167,97.167,NoButton,Drag,1201,161
97.172,97.172,NoButton,Drag,1203,162
97.175,97.175,NoButton,Drag,1206,163
97.179,97.179,NoButton,Drag,1209,163
97.183,97.183,NoButton,Drag,1211,164
97.188,97.188,NoButton,Drag,1214,165
97.191,97.191,NoButton,Drag,1217,165
97.195,97.195,NoButton,Drag,1219,166
97.199,97.199,NoButton,Drag,1221,167
97.203,97.203,NoButton,Drag,1224,168
97.207,97.207,NoButton,Drag,1226,168
97.211,97.211,NoButton,Drag,1228,169
97.215,97.215,NoButton,Drag,1231,170
97.219,97.219,NoButton,Drag,1233,170
97.223,97.223,NoButton,Drag,1235,171
97.227,97.227,NoButton,Drag,1238,172
97.231,97.231,NoButton,Drag,1240,173
97.235,97.235,NoButton,Drag,1242,173
97.239,97.239,NoButton,Drag,1245,174
97.243,97.243,NoButton,Drag,1247,175
97.247,97.247,NoButton,Drag,1249,176
97.251,97.251,NoButton,Drag,1251,177
97.255,97.255,NoButton,Drag,1253,179
97.259,97.259,NoButton,Drag,1255,179
97.263,97.263,NoButton,Drag,1257,180
97.267,97.267,NoButton,Drag,1259,181
97.271,97.271,NoButton,Drag,1261,182
97.275,97.275,NoButton,Drag,1263,183
97.279,97.279,NoButton,Drag,1266,184
97.283,97.283,NoButton,Drag,1267,185
97.288,97.288,NoButton,Drag,1269,186
97.291,97.291,NoButton,Drag,1270,187
97.295,97.295,NoButton,Drag,1272,187
97.299,97.299,NoButton,Drag,1273,188
97.303,97.303,NoButton,Drag,1273,188
97.307,97.307,NoButton,Drag,1274,189
97.311,97.311,NoButton,Drag,1275,190
97.315,97.315,NoButton,Drag,1275,190
97.319,97.319,NoButton,Drag,1276,190
97.323,97.323,NoButton,Drag,1276,190
97.387,97.387,NoButton,Drag,1276,190
97.456,97.456,Left,Released,1276,190
97.58,97.58,Left,Pressed,1276,190
97.63,97.63,Left,Released,1276,190
97.651,97.651,NoButton,Drag,1276,191
97.659,97.659,NoButton,Drag,1276,191
97.674,97.674,NoButton,Drag,1276,192
97.691,97.691,NoButton,Drag,1271,195
97.707,97.707,NoButton,Drag,1265,198
97.723,97.723,NoButton,Drag,1253,202
97.741,97.741,NoButton,Drag,1238,206
97.757,97.757,NoButton,Drag,1219,210
97.774,97.774,NoButton,Drag,1189,219
97.791,97.791,NoButton,Drag,1156,227
97.807,97.807,NoButton,Drag,1119,237
97.824,97.824,NoButton,Drag,1075,249
97.841,97.841,NoButton,Drag,1030,264
97.857,97.857,NoButton,Drag,977,281
97.874,97.874,NoButton,Drag,932,295
97.892,97.892,NoButton,Drag,888,309
97.909,97.909,NoButton,Drag,843,324
97.925,97.925,NoButton,Drag,793,339
97.945,97.945,NoButton,Drag,758,349
97.961,97.961,NoButton,Drag,729,356
97.978,97.978,NoButton,Drag,697,365
97.994,97.994,NoButton,Drag,677,370
98.011,98.011,NoButton,Drag,660,375
98.027,98.027,NoButton,Drag,645,378
98.044,98.044,NoButton,Drag,637,381
98.061,98.061,NoButton,Drag,631,381
98.078,98.078,NoButton,Drag,628,381
98.094,98.094,NoButton,Drag,627,381
98.111,98.111,NoButton,Drag,627,381
98.128,98.128,NoButton,Drag,626,381
98.144,98.144,NoButton,Drag,625,379
98.161,98.161,NoButton,Drag,621,377
98.178,98.178,NoButton,Drag,613,372
98.195,98.195,NoButton,Drag,604,365
98.212,98.212,NoButton,Drag,593,358
98.227,98.227,NoButton,Drag,583,351
98.245,98.245,NoButton,Drag,572,344
98.261,98.261,NoButton,Drag,564,339
98.278,98.278,NoButton,Drag,558,335
98.294,98.294,NoButton,Drag,555,333
98.311,98.311,NoButton,Drag,554,331
98.328,98.328,NoButton,Drag,553,330
98.345,98.345,NoButton,Drag,552,330
98.361,98.361,NoButton,Drag,552,329
98.379,98.379,NoButton,Drag,551,329
98.396,98.396,NoButton,Drag,551,328
98.413,98.413,NoButton,Drag,550,327
98.429,98.429,NoButton,Drag,549,326
98.446,98.446,NoButton,Drag,546,324
98.463,98.463,NoButton,Drag,542,322
98.479,98.479,NoButton,Drag,536,320
98.496,98.496,NoButton,Drag,528,318
98.513,98.513,NoButton,Drag,522,316
98.529,98.529,NoButton,Drag,518,316
98.547,98.547,NoButton,Drag,516,315
98.563,98.563,NoButton,Drag,515,315
98.579,98.579,NoButton,Drag,515,315
98.597,98.597,NoButton,Drag,515,315
98.614,98.614,NoButton,Drag,513,315
98.631,98.631,NoButton,Drag,511,315
98.647,98.647,NoButton,Drag,507,316
98.664,98.664,NoButton,Drag,501,316
98.68,98.68,NoButton,Drag,497,316
98.697,98.697,NoButton,Drag,491,314
98.714,98.714,NoButton,Drag,488,313
98.731,98.731,NoButton,Drag,486,312
98.747,98.747,NoButton,Drag,484,310
98.764,98.764,NoButton,Drag,482,308
98.781,98.781,NoButton,Drag,480,306
98.797,98.797,NoButton,Drag,479,305
98.814,98.814,NoButton,Drag,476,304
98.831,98.831,NoButton,Drag,474,303
98.848,98.848,NoButton,Drag,473,302
98.865,98.865,NoButton,Drag,472,301
98.88,98.88,NoButton,Drag,471,301
98.897,98.897,NoButton,Drag,469,299
98.914,98.914,NoButton,Drag,467,299
98.931,98.931,NoButton,Drag,464,298
98.948,98.948,NoButton,Drag,459,297
98.964,98.964,NoButton,Drag,452,296
98.981,98.981,NoButton,Drag,444,294
98.997,98.997,NoButton,Drag,433,292
99.014,99.014,NoButton,Drag,426,290
99.031,99.031,NoButton,Drag,420,289
99.048,99.048,NoButton,Drag,418,289
99.121,99.121,NoButton,Drag,418,288
99.141,99.141,NoButton,Drag,418,288
99.169,99.169,NoButton,Drag,418,288
99.173,99.173,NoButton,Drag,418,288
99.181,99.181,NoButton,Drag,418,287
99.198,99.198,NoButton,Drag,418,286
99.216,99.216,NoButton,Drag,418,284
99.232,99.232,NoButton,Drag,420,282
99.248,99.248,NoButton,Drag,421,280
99.265,99.265,NoButton,Drag,421,279
99.282,99.282,NoButton,Drag,421,278
99.298,99.298,NoButton,Drag,421,277
99.316,99.316,NoButton,Drag,421,277
99.365,99.365,NoButton,Drag,422,276
99.4,99.4,Left,Pressed,422,276
99.552,99.552,NoButton,Drag,422,276
99.559,99.559,NoButton,Drag,422,276
99.568,99.568,NoButton,Drag,422,276
99.571,99.571,NoButton,Drag,423,276
99.575,99.575,NoButton,Drag,423,276
99.579,99.579,NoButton,Drag,423,276
99.583,99.583,NoButton,Drag,424,276
99.587,99.587,NoButton,Drag,425,277
99.591,99.591,NoButton,Drag,426,277
99.595,99.595,NoButton,Drag,426,277
99.599,99.599,NoButton,Drag,428,277
99.603,99.603,NoButton,Drag,429,278
99.607,99.607,NoButton,Drag,431,278
99.611,99.611,NoButton,Drag,433,278
99.615,99.615,NoButton,Drag,435,279
99.619,99.619,NoButton,Drag,437,280
99.623,99.623,NoButton,Drag,440,280
99.627,99.627,NoButton,Drag,443,281
99.631,99.631,NoButton,Drag,447,281
99.635,99.635,NoButton,Drag,450,282
99.639,99.639,NoButton,Drag,454,282
99.643,99.643,NoButton,Drag,458,283
99.647,99.647,NoButton,Drag,462,283
99.651,99.651,NoButton,Drag,466,283
99.655,99.655,NoButton,Drag,470,283
99.659,99.659,NoButton,Drag,474,284
99.663,99.663,NoButton,Drag,479,284
99.667,99.667,NoButton,Drag,484,284
99.671,99.671,NoButton,Drag,489,285
99.675,99.675,NoButton,Drag,494,285
99.679,99.679,NoButton,Drag,499,285
99.683,99.683,NoButton,Drag,504,285
99.687,99.687,NoButton,Drag,509,285
99.691,99.691,NoButton,Drag,514,286
99.695,99.695,NoButton,Drag,518,286
99.699,99.699,NoButton,Drag,523,286
99.704,99.704,NoButton,Drag,528,286
99.707,99.707,NoButton,Drag,532,286
99.711,99.711,NoButton,Drag,537,287
99.715,99.715,NoButton,Drag,542,287
99.719,99.719,NoButton,Drag,546,287
99.723,99.723,NoButton,Drag,550,288
99.727,99.727,NoButton,Drag,553,288
99.731,99.731,NoButton,Drag,557,288
99.735,99.735,NoButton,Drag,561,289
99.739,99.739,NoButton,Drag,565,290
99.743,99.743,NoButton,Drag,569,290
99.747,99.747,NoButton,Drag,573,291
99.751,99.751,NoButton,Drag,577,292
99.755,99.755,NoButton,Drag,580,292
99.759,99.759,NoButton,Drag,583,293
99.763,99.763,NoButton,Drag,586,294
99.767,99.767,NoButton,Drag,590,294
99.771,99.771,NoButton,Drag,593,295
99.775,99.775,NoButton,Drag,596,295
99.779,99.779,NoButton,Drag,599,296
99.783,99.783,NoButton,Drag,603,297
99.787,99.787,NoButton,Drag,606,297
99.791,99.791,NoButton,Drag,609,298
99.795,99.795,NoButton,Drag,612,299
99.799,99.799,NoButton,Drag,616,300
99.804,99.804,NoButton,Drag,620,301
99.807,99.807,NoButton,Drag,623,301
99.811,99.811,NoButton,Drag,627,302
99.815,99.815,NoButton,Drag,630,303
99.819,99.819,NoButton,Drag,635,304
99.823,99.823,NoButton,Drag,638,305
99.827,99.827,NoButton,Drag,643,307
99.831,99.831,NoButton,Drag,647,308
99.835,99.835,NoButton,Drag,651,308
99.839,99.839,NoButton,Drag,655,310
99.843,99.843,NoButton,Drag,659,311
99.847,99.847,NoButton,Drag,664,312
99.851,99.851,NoButton,Drag,669,313
99.855,99.855,NoButton,Drag,674,315
99.859,99.859,NoButton,Drag,679,316
99.863,99.863,NoButton,Drag,684,317
99.867,99.867,NoButton,Drag,689,319
99.871,99.871,NoButton,Drag,696,320
99.875,99.875,NoButton,Drag,702,322
99.879,99.879,NoButton,Drag,708,323
99.883,99.883,NoButton,Drag,714,325
99.887,99.887,NoButton,Drag,721,326
99.891,99.891,NoButton,Drag,728,329
99.895,99.895,NoButton,Drag,736,330
99.899,99.899,NoButton,Drag,744,332
99.904,99.904,NoButton,Drag,753,334
99.907,99.907,NoButton,Drag,761,336
99.911,99.911,NoButton,Drag,771,338
99.915,99.915,NoButton,Drag,781,340
99.919,99.919,NoButton,Drag,791,342
99.923,99.923,NoButton,Drag,800,344
99.927,99.927,NoButton,Drag,809,346
99.931,99.931,NoButton,Drag,819,349
99.935,99.935,NoButton,Drag,829,351
99.939,99.939,NoButton,Drag,838,353
99.943,99.943,NoButton,Drag,847,355
99.947,99.947,NoButton,Drag,857,357
99.951,99.951,NoButton,Drag,868,360
99.955,99.955,NoButton,Drag,878,362
99.959,99.959,NoButton,Drag,887,364
99.963,99.963,NoButton,Drag,898,367
99.967,99.967,NoButton,Drag,908,369
99.971,99.971,NoButton,Drag,918,371
99.975,99.975,NoButton,Drag,928,374
99.977,99.977,NoButton,Drag,938,376
99.981,99.981,NoButton,Drag,949,378
99.985,99.985,NoButton,Drag,959,381
99.989,99.989,NoButton,Drag,969,383
99.993,99.993,NoButton,Drag,979,385
99.997,99.997,NoButton,Drag,989,387
100.001,100.001,NoButton,Drag,998,389
100.005,100.005,NoButton,Drag,1008,391
100.009,100.009,NoButton,Drag,1018,393
100.013,100.013,NoButton,Drag,1028,394
100.017,100.017,NoButton,Drag,1036,396
100.021,100.021,NoButton,Drag,1046,398
100.025,100.025,NoButton,Drag,1056,399
100.029,100.029,NoButton,Drag,1065,400
100.033,100.033,NoButton,Drag,1074,402
100.037,100.037,NoButton,Drag,1083,402
100.041,100.041,NoButton,Drag,1092,403
100.045,100.045,NoButton,Drag,1102,403
100.049,100.049,NoButton,Drag,1111,404
100.054,100.054,NoButton,Drag,1121,404
100.057,100.057,NoButton,Drag,1129,406
100.061,100.061,NoButton,Drag,1138,406
100.065,100.065,NoButton,Drag,1147,407
100.069,100.069,NoButton,Drag,1156,407
100.073,100.073,NoButton,Drag,1164,408
100.077,100.077,NoButton,Drag,1172,409
100.081,100.081,NoButton,Drag,1180,409
100.085,100.085,NoButton,Drag,1188,410
100.089,100.089,NoButton,Drag,1195,411
100.093,100.093,NoButton,Drag,1201,412
100.097,100.097,NoButton,Drag,1209,412
100.101,100.101,NoButton,Drag,1216,413
100.105,100.105,NoButton,Drag,1223,413
100.109,100.109,NoButton,Drag,1229,414
100.113,100.113,NoButton,Drag,1236,414
100.117,100.117,NoButton,Drag,1242,415
100.121,100.121,NoButton,Drag,1248,416
100.125,100.125,NoButton,Drag,1254,416
100.129,100.129,NoButton,Drag,1260,417
100.133,100.133,NoButton,Drag,1265,418
100.137,100.137,NoButton,Drag,1270,418
100.141,100.141,NoButton,Drag,1275,419
100.145,100.145,NoButton,Drag,1279,419
100.149,100.149,NoButton,Drag,1283,419
100.154,100.154,NoButton,Drag,1287,419
100.157,100.157,NoButton,Drag,1291,419
100.161,100.161,NoButton,Drag,1294,419
100.165,100.165,NoButton,Drag,1298,420
100.169,100.169,NoButton,Drag,1301,420
100.173,100.173,NoButton,Drag,1304,420
100.177,100.177,NoButton,Drag,1307,420
100.181,100.181,NoButton,Drag,1309,420
100.185,100.185,NoButton,Drag,1311,420
100.189,100.189,NoButton,Drag,1313,420
100.193,100.193,NoButton,Drag,1315,420
100.197,100.197,NoButton,Drag,1316,420
100.201,100.201,NoButton,Drag,1317,420
100.205,100.205,NoButton,Drag,1318,420
100.209,100.209,NoButton,Drag,1319,420
100.213,100.213,NoButton,Drag,1320,420
100.217,100.217,NoButton,Drag,1321,420
100.221,100.221,NoButton,Drag,1322,420
100.225,100.225,NoButton,Drag,1322,420
100.229,100.229,NoButton,Drag,1323,420
100.233,100.233,NoButton,Drag,1323,420
100.237,100.237,NoButton,Drag,1323,421
100.261,100.261,NoButton,Drag,1323,421
100.267,100.267,NoButton,Drag,1324,421
100.269,100.269,NoButton,Drag,1324,421
100.273,100.273,NoButton,Drag,1324,421
100.277,100.277,NoButton,Drag,1324,422
100.281,100.281,NoButton,Drag,1325,422
100.285,100.285,NoButton,Drag,1325,422
100.289,100.289,NoButton,Drag,1325,423
100.293,100.293,NoButton,Drag,1325,423
100.297,100.297,NoButton,Drag,1326,423
100.301,100.301,NoButton,Drag,1326,424
100.305,100.305,NoButton,Drag,1326,424
100.309,100.309,NoButton,Drag,1327,425
100.313,100.313,NoButton,Drag,1327,426
100.317,100.317,NoButton,Drag,1328,427
100.321,100.321,NoButton,Drag,1328,428
100.325,100.325,NoButton,Drag,1329,429
100.329,100.329,NoButton,Drag,1329,430
100.333,100.333,NoButton,Drag,1330,431
100.337,100.337,NoButton,Drag,1330,432
100.341,100.341,NoButton,Drag,1331,433
100.345,100.345,NoButton,Drag,1332,435
100.349,100.349,NoButton,Drag,1333,437
100.354,100.354,NoButton,Drag,1334,438
100.357,100.357,NoButton,Drag,1335,440
100.361,100.361,NoButton,Drag,1336,442
100.365,100.365,NoButton,Drag,1336,445
100.369,100.369,NoButton,Drag,1337,447
100.373,100.373,NoButton,Drag,1338,449
100.377,100.377,NoButton,Drag,1339,451
100.381,100.381,NoButton,Drag,1339,454
100.385,100.385,NoButton,Drag,1340,456
100.389,100.389,NoButton,Drag,1341,459
100.393,100.393,NoButton,Drag,1342,462
100.397,100.397,NoButton,Drag,1342,465
100.401,100.401,NoButton,Drag,1343,468
100.405,100.405,NoButton,Drag,1344,470
100.409,100.409,NoButton,Drag,1345,473
100.413,100.413,NoButton,Drag,1345,476
100.417,100.417,NoButton,Drag,1346,479
100.421,100.421,NoButton,Drag,1347,482
100.425,100.425,NoButton,Drag,1347,485
100.429,100.429,NoButton,Drag,1348,488
100.433,100.433,NoButton,Drag,1349,491
100.437,100.437,NoButton,Drag,1350,494
100.441,100.441,NoButton,Drag,1351,497
100.445,100.445,NoButton,Drag,1352,500
100.449,100.449,NoButton,Drag,1352,504
100.454,100.454,NoButton,Drag,1353,507
100.457,100.457,NoButton,Drag,1354,510
100.461,100.461,NoButton,Drag,1355,514
100.465,100.465,NoButton,Drag,1355,517
100.469,100.469,NoButton,Drag,1356,520
100.473,100.473,NoButton,Drag,1357,524
100.477,100.477,NoButton,Drag,1358,527
100.481,100.481,NoButton,Drag,1358,530
100.485,100.485,NoButton,Drag,1359,534
100.489,100.489,NoButton,Drag,1360,537
100.493,100.493,NoButton,Drag,1361,540
100.497,100.497,NoButton,Drag,1361,543
100.501,100.501,NoButton,Drag,1362,546
100.505,100.505,NoButton,Drag,1363,549
100.509,100.509,NoButton,Drag,1363,552
100.513,100.513,NoButton,Drag,1364,556
100.517,100.517,NoButton,Drag,1365,559
100.521,100.521,NoButton,Drag,1365,562
100.525,100.525,NoButton,Drag,1366,565
100.529,100.529,NoButton,Drag,1367,568
100.533,100.533,NoButton,Drag,1367,571
100.537,100.537,NoButton,Drag,1368,574
100.541,100.541,NoButton,Drag,1368,576
100.543,100.543,NoButton,Drag,1369,579
100.547,100.547,NoButton,Drag,1370,582
100.551,100.551,NoButton,Drag,1371,585
100.555,100.555,NoButton,Drag,1371,588
100.559,100.559,NoButton,Drag,1372,591
100.565,100.565,NoButton,Drag,1373,594
100.567,100.567,NoButton,Drag,1373,596
100.571,100.571,NoButton,Drag,1374,599
100.575,100.575,NoButton,Drag,1375,602
100.579,100.579,NoButton,Drag,1375,605
100.583,100.583,NoButton,Drag,1376,608
100.587,100.587,NoButton,Drag,1377,611
100.591,100.591,NoButton,Drag,1377,614
100.595,100.595,NoButton,Drag,1378,617
100.599,100.599,NoButton,Drag,1378,620
100.604,100.604,NoButton,Drag,1379,623
100.607,100.607,NoButton,Drag,1379,626
100.611,100.611,NoButton,Drag,1380,629
100.615,100.615,NoButton,Drag,1380,632
100.619,100.619,NoButton,Drag,1380,635
100.623,100.623,NoButton,Drag,1380,637
100.627,100.627,NoButton,Drag,1380,640
100.631,100.631,NoButton,Drag,1380,643
100.635,100.635,NoButton,Drag,1380,646
100.639,100.639,NoButton,Drag,1380,649
100.643,100.643,NoButton,Drag,1380,652
100.647,100.647,NoButton,Drag,1380,655
100.651,100.651,NoButton,Drag,1380,657
100.655,100.655,NoButton,Drag,1381,660
100.659,100.659,NoButton,Drag,1381,663
100.663,100.663,NoButton,Drag,1381,666
100.667,100.667,NoButton,Drag,1381,668
100.671,100.671,NoButton,Drag,1381,671
100.675,100.675,NoButton,Drag,1381,673
100.679,100.679,NoButton,Drag,1381,675
100.683,100.683,NoButton,Drag,1380,678
100.687,100.687,NoButton,Drag,1380,680
100.691,100.691,NoButton,Drag,1380,682
100.695,100.695,NoButton,Drag,1379,685
100.699,100.699,NoButton,Drag,1379,687
100.704,100.704,NoButton,Drag,1378,689
100.707,100.707,NoButton,Drag,1378,691
100.711,100.711,NoButton,Drag,1377,693
100.715,100.715,NoButton,Drag,1377,695
100.719,100.719,NoButton,Drag,1377,697
100.723,100.723,NoButton,Drag,1376,698
100.727,100.727,NoButton,Drag,1376,700
100.731,100.731,NoButton,Drag,1376,702
100.735,100.735,NoButton,Drag,1375,703
100.739,100.739,NoButton,Drag,1375,704
100.743,100.743,NoButton,Drag,1375,706
100.747,100.747,NoButton,Drag,1374,707
100.751,100.751,NoButton,Drag,1374,709
100.755,100.755,NoButton,Drag,1373,710
100.759,100.759,NoButton,Drag,1373,712
100.763,100.763,NoButton,Drag,1373,713
100.767,100.767,NoButton,Drag,1372,714
100.771,100.771,NoButton,Drag,1372,715
100.775,100.775,NoButton,Drag,1372,716
100.779,100.779,NoButton,Drag,1371,718
100.783,100.783,NoButton,Drag,1371,719
100.787,100.787,NoButton,Drag,1370,720
100.791,100.791,NoButton,Drag,1370,721
100.795,100.795,NoButton,Drag,1369,723
100.799,100.799,NoButton,Drag,1369,724
100.804,100.804,NoButton,Drag,1368,725
100.807,100.807,NoButton,Drag,1367,726
100.811,100.811,NoButton,Drag,1366,728
100.815,100.815,NoButton,Drag,1366,729
100.819,100.819,NoButton,Drag,1365,730
100.823,100.823,NoButton,Drag,1364,731
100.827,100.827,NoButton,Drag,1363,733
100.831,100.831,NoButton,Drag,1362,734
100.835,100.835,NoButton,Drag,1361,735
100.839,100.839,NoButton,Drag,1360,737
100.843,100.843,NoButton,Drag,1359,738
100.847,100.847,NoButton,Drag,1358,739
100.851,100.851,NoButton,Drag,1357,740
100.855,100.855,NoButton,Drag,1356,741
100.859,100.859,NoButton,Drag,1355,742
100.863,100.863,NoButton,Drag,1354,743
100.867,100.867,NoButton,Drag,1353,744
100.871,100.871,NoButton,Drag,1352,745
100.875,100.875,NoButton,Drag,1351,746
100.879,100.879,NoButton,Drag,1350,747
100.883,100.883,NoButton,Drag,1349,747
100.887,100.887,NoButton,Drag,1348,748
100.891,100.891,NoButton,Drag,1348,748
100.895,100.895,NoButton,Drag,1347,749
100.899,100.899,NoButton,Drag,1347,750
100.904,100.904,NoButton,Drag,1346,750
100.907,100.907,NoButton,Drag,1345,750
100.911,100.911,NoButton,Drag,1345,751
100.915,100.915,NoButton,Drag,1344,751
100.919,100.919,NoButton,Drag,1344,751
100.923,100.923,NoButton,Drag,1343,751
100.927,100.927,NoButton,Drag,1342,751
100.931,100.931,NoButton,Drag,1342,751
100.935,100.935,NoButton,Drag,1342,751
100.939,100.939,NoButton,Drag,1342,751
100.943,100.943,NoButton,Drag,1341,751
100.975,100.975,NoButton,Drag,1341,751
100.999,100.999,NoButton,Drag,1341,751
101.003,101.003,NoButton,Drag,1341,751
101.015,101.015,NoButton,Drag,1341,751
101.019,101.019,NoButton,Drag,1340,750
101.023,101.023,NoButton,Drag,1340,750
101.027,101.027,NoButton,Drag,1340,750
101.031,101.031,NoButton,Drag,1339,750
101.035,101.035,NoButton,Drag,1339,749
101.039,101.039,NoButton,Drag,1338,748
101.043,101.043,NoButton,Drag,1337,748
101.047,101.047,NoButton,Drag,1337,748
101.051,101.051,NoButton,Drag,1337,747
101.055,101.055,NoButton,Drag,1336,747
101.059,101.059,NoButton,Drag,1336,747
101.063,101.063,NoButton,Drag,1335,746
101.067,101.067,NoButton,Drag,1334,746
101.071,101.071,NoButton,Drag,1334,746
101.075,101.075,NoButton,Drag,1333,745
101.079,101.079,NoButton,Drag,1332,744
101.083,101.083,NoButton,Drag,1332,744
101.087,101.087,NoButton,Drag,1332,744
101.092,101.092,Left,Released,1332,744
101.092,101.092,NoButton,Drag,1331,743
101.106,101.106,NoButton,Drag,1327,741
101.122,101.122,NoButton,Drag,1323,739
101.139,101.139,NoButton,Drag,1321,738
101.155,101.155,NoButton,Drag,1318,737
101.172,101.172,NoButton,Drag,1316,736
101.189,101.189,NoButton,Drag,1313,736
101.205,101.205,NoButton,Drag,1310,734
101.222,101.222,NoButton,Drag,1304,732
101.239,101.239,NoButton,Drag,1294,727
101.256,101.256,NoButton,Drag,1281,721
101.273,101.273,NoButton,Drag,1262,714
101.289,101.289,NoButton,Drag,1238,704
101.305,101.305,NoButton,Drag,1198,687
101.322,101.322,NoButton,Drag,1156,671
101.339,101.339,NoButton,Drag,1109,652
101.356,101.356,NoButton,Drag,1061,632
101.372,101.372,NoButton,Drag,1014,610
101.389,101.389,NoButton,Drag,969,588
101.406,101.406,NoButton,Drag,915,561
101.423,101.423,NoButton,Drag,874,542
101.44,101.44,NoButton,Drag,832,520
101.456,101.456,NoButton,Drag,794,500
101.472,101.472,NoButton,Drag,763,482
101.489,101.489,NoButton,Drag,736,467
101.506,101.506,NoButton,Drag,706,454
101.523,101.523,NoButton,Drag,684,446
101.54,101.54,NoButton,Drag,662,440
101.556,101.556,NoButton,Drag,644,435
101.573,101.573,NoButton,Drag,629,432
101.589,101.589,NoButton,Drag,614,427
101.606,101.606,NoButton,Drag,605,425
101.622,101.622,NoButton,Drag,598,423
101.64,101.64,NoButton,Drag,593,420
101.656,101.656,NoButton,Drag,589,418
101.673,101.673,NoButton,Drag,585,413
101.69,101.69,NoButton,Drag,580,405
101.706,101.706,NoButton,Drag,577,398
101.723,101.723,NoButton,Drag,575,390
101.739,101.739,NoButton,Drag,571,377
101.756,101.756,NoButton,Drag,569,368
101.773,101.773,NoButton,Drag,567,358
101.79,101.79,NoButton,Drag,567,348
101.806,101.806,NoButton,Drag,567,339
101.824,101.824,NoButton,Drag,567,328
101.84,101.84,NoButton,Drag,568,323
101.857,101.857,NoButton,Drag,569,320
101.873,101.873,NoButton,Drag,570,319
101.89,101.89,NoButton,Drag,570,318
101.907,101.907,NoButton,Drag,571,318
101.924,101.924,NoButton,Drag,573,319
101.939,101.939,NoButton,Drag,575,322
101.956,101.956,NoButton,Drag,581,328
101.974,101.974,NoButton,Drag,589,335
101.99,101.99,NoButton,Drag,598,345
102.007,102.007,NoButton,Drag,605,355
102.024,102.024,NoButton,Drag,616,366
102.04,102.04,NoButton,Drag,622,373
102.057,102.057,NoButton,Drag,626,377
102.074,102.074,NoButton,Drag,629,378
102.09,102.09,NoButton,Drag,630,379
102.173,102.173,NoButton,Drag,630,379
102.211,102.211,NoButton,Drag,630,379
102.223,102.223,NoButton,Drag,631,379
102.241,102.241,NoButton,Drag,630,379
102.253,102.253,NoButton,Drag,630,379
102.257,102.257,NoButton,Drag,630,379
102.274,102.274,NoButton,Drag,629,378
102.29,102.29,NoButton,Drag,629,378
102.342,102.342,Left,Pressed,629,378
102.409,102.409,NoButton,Drag,629,378
102.413,102.413,NoButton,Drag,629,378
102.417,102.417,NoButton,Drag,630,379
102.421,102.421,NoButton,Drag,630,379
102.425,102.425,NoButton,Drag,630,379
102.429,102.429,NoButton,Drag,631,380
102.433,102.433,NoButton,Drag,632,380
102.438,102.438,NoButton,Drag,632,381
102.441,102.441,NoButton,Drag,633,381
102.445,102.445,NoButton,Drag,635,382
102.449,102.449,NoButton,Drag,636,383
102.453,102.453,NoButton,Drag,637,384
102.457,102.457,NoButton,Drag,639,385
102.461,102.461,NoButton,Drag,641,386
102.467,102.467,NoButton,Drag,643,388
102.469,102.469,NoButton,Drag,646,389
102.473,102.473,NoButton,Drag,649,391
102.477,102.477,NoButton,Drag,653,393
102.481,102.481,NoButton,Drag,657,395
102.485,102.485,NoButton,Drag,661,397
102.49,102.49,NoButton,Drag,666,399
102.493,102.493,NoButton,Drag,672,402
102.497,102.497,NoButton,Drag,678,405
102.501,102.501,NoButton,Drag,684,408
102.506,102.506,NoButton,Drag,691,411
102.509,102.509,NoButton,Drag,699,415
102.513,102.513,NoButton,Drag,708,418
102.517,102.517,NoButton,Drag,718,421
102.521,102.521,NoButton,Drag,728,424
102.525,102.525,NoButton,Drag,739,429
102.529,102.529,NoButton,Drag,749,432
102.533,102.533,NoButton,Drag,760,437
102.537,102.537,NoButton,Drag,773,441
102.541,102.541,NoButton,Drag,785,446
102.545,102.545,NoButton,Drag,798,451
102.549,102.549,NoButton,Drag,812,456
102.553,102.553,NoButton,Drag,824,461
102.557,102.557,NoButton,Drag,837,467
102.561,102.561,NoButton,Drag,850,471
102.565,102.565,NoButton,Drag,862,476
102.569,102.569,NoButton,Drag,875,480
102.573,102.573,NoButton,Drag,888,485
102.577,102.577,NoButton,Drag,901,489
102.581,102.581,NoButton,Drag,914,494
102.585,102.585,NoButton,Drag,927,498
102.59,102.59,NoButton,Drag,941,503
102.593,102.593,NoButton,Drag,953,508
102.597,102.597,NoButton,Drag,967,512
102.601,102.601,NoButton,Drag,983,518
102.606,102.606,NoButton,Drag,997,523
102.609,102.609,NoButton,Drag,1012,528
102.613,102.613,NoButton,Drag,1029,533
102.617,102.617,NoButton,Drag,1044,537
102.621,102.621,NoButton,Drag,1058,541
102.625,102.625,NoButton,Drag,1072,546
102.629,102.629,NoButton,Drag,1086,551
102.633,102.633,NoButton,Drag,1098,554
102.637,102.637,NoButton,Drag,1109,558
102.641,102.641,NoButton,Drag,1121,562
102.645,102.645,NoButton,Drag,1132,565
102.649,102.649,NoButton,Drag,1142,569
102.653,102.653,NoButton,Drag,1153,573
102.657,102.657,NoButton,Drag,1162,575
102.661,102.661,NoButton,Drag,1171,578
102.665,102.665,NoButton,Drag,1180,581
102.669,102.669,NoButton,Drag,1187,583
102.673,102.673,NoButton,Drag,1193,585
102.677,102.677,NoButton,Drag,1200,587
102.681,102.681,NoButton,Drag,1206,589
102.685,102.685,NoButton,Drag,1212,590
102.69,102.69,NoButton,Drag,1216,592
102.693,102.693,NoButton,Drag,1220,594
102.697,102.697,NoButton,Drag,1224,595
102.701,102.701,NoButton,Drag,1227,597
102.705,102.705,NoButton,Drag,1230,598
102.709,102.709,NoButton,Drag,1232,599
102.713,102.713,NoButton,Drag,1234,601
102.717,102.717,NoButton,Drag,1237,602
102.721,102.721,NoButton,Drag,1239,603
102.725,102.725,NoButton,Drag,1240,604
102.729,102.729,NoButton,Drag,1242,606
102.733,102.733,NoButton,Drag,1244,607
102.737,102.737,NoButton,Drag,1246,608
102.741,102.741,NoButton,Drag,1247,609
102.745,102.745,NoButton,Drag,1249,611
102.749,102.749,NoButton,Drag,1251,612
102.753,102.753,NoButton,Drag,1252,613
102.757,102.757,NoButton,Drag,1255,615
102.761,102.761,NoButton,Drag,1257,616
102.765,102.765,NoButton,Drag,1260,618
102.769,102.769,NoButton,Drag,1262,620
102.773,102.773,NoButton,Drag,1264,622
102.777,102.777,NoButton,Drag,1267,624
102.781,102.781,NoButton,Drag,1270,625
102.785,102.785,NoButton,Drag,1273,627
102.79,102.79,NoButton,Drag,1276,629
102.793,102.793,NoButton,Drag,1279,631
102.797,102.797,NoButton,Drag,1282,633
102.801,102.801,NoButton,Drag,1285,635
102.806,102.806,NoButton,Drag,1288,637
102.809,102.809,NoButton,Drag,1290,639
102.813,102.813,NoButton,Drag,1293,640
102.815,102.815,NoButton,Drag,1295,642
102.819,102.819,NoButton,Drag,1297,644
102.823,102.823,NoButton,Drag,1299,645
102.827,102.827,NoButton,Drag,1301,647
102.831,102.831,NoButton,Drag,1303,649
102.835,102.835,NoButton,Drag,1305,650
102.84,102.84,NoButton,Drag,1306,652
102.843,102.843,NoButton,Drag,1308,653
102.847,102.847,NoButton,Drag,1309,654
102.851,102.851,NoButton,Drag,1310,655
102.856,102.856,NoButton,Drag,1312,657
102.859,102.859,NoButton,Drag,1313,658
102.863,102.863,NoButton,Drag,1314,660
102.867,102.867,NoButton,Drag,1316,662
102.871,102.871,NoButton,Drag,1317,663
102.875,102.875,NoButton,Drag,1318,665
102.879,102.879,NoButton,Drag,1320,667
102.883,102.883,NoButton,Drag,1322,668
102.887,102.887,NoButton,Drag,1323,670
102.891,102.891,NoButton,Drag,1325,672
102.895,102.895,NoButton,Drag,1327,673
102.899,102.899,NoButton,Drag,1328,675
102.903,102.903,NoButton,Drag,1330,677
102.907,102.907,NoButton,Drag,1332,679
102.911,102.911,NoButton,Drag,1334,681
102.915,102.915,NoButton,Drag,1336,683
102.919,102.919,NoButton,Drag,1338,685
102.923,102.923,NoButton,Drag,1340,687
102.927,102.927,NoButton,Drag,1343,689
102.931,102.931,NoButton,Drag,1345,691
102.935,102.935,NoButton,Drag,1347,692
102.94,102.94,NoButton,Drag,1349,694
102.943,102.943,NoButton,Drag,1351,696
102.947,102.947,NoButton,Drag,1352,697
102.951,102.951,NoButton,Drag,1354,698
102.955,102.955,NoButton,Drag,1356,700
102.959,102.959,NoButton,Drag,1357,701
102.963,102.963,NoButton,Drag,1359,703
102.967,102.967,NoButton,Drag,1361,704
102.971,102.971,NoButton,Drag,1362,705
102.975,102.975,NoButton,Drag,1364,707
102.979,102.979,NoButton,Drag,1365,708
102.983,102.983,NoButton,Drag,1367,710
102.987,102.987,NoButton,Drag,1368,711
102.991,102.991,NoButton,Drag,1370,712
102.995,102.995,NoButton,Drag,1371,713
102.999,102.999,NoButton,Drag,1372,715
103.003,103.003,NoButton,Drag,1374,716
103.007,103.007,NoButton,Drag,1375,717
103.011,103.011,NoButton,Drag,1376,719
103.015,103.015,NoButton,Drag,1378,720
103.019,103.019,NoButton,Drag,1379,721
103.023,103.023,NoButton,Drag,1380,722
103.027,103.027,NoButton,Drag,1381,723
103.031,103.031,NoButton,Drag,1382,724
103.035,103.035,NoButton,Drag,1383,725
103.04,103.04,NoButton,Drag,1384,726
103.043,103.043,NoButton,Drag,1385,727
103.047,103.047,NoButton,Drag,1385,727
103.051,103.051,NoButton,Drag,1386,728
103.055,103.055,NoButton,Drag,1387,729
103.059,103.059,NoButton,Drag,1387,729
103.063,103.063,NoButton,Drag,1387,730
103.067,103.067,NoButton,Drag,1387,730
103.071,103.071,NoButton,Drag,1388,731
103.075,103.075,NoButton,Drag,1388,731
103.079,103.079,NoButton,Drag,1388,732
103.083,103.083,NoButton,Drag,1389,732
103.087,103.087,NoButton,Drag,1389,733
103.095,103.095,NoButton,Drag,1389,734
103.099,103.099,NoButton,Drag,1389,734
103.103,103.103,NoButton,Drag,1389,735
103.107,103.107,NoButton,Drag,1390,735
103.111,103.111,NoButton,Drag,1390,735
103.115,103.115,NoButton,Drag,1390,736
103.119,103.119,NoButton,Drag,1390,736
103.123,103.123,NoButton,Drag,1390,736
103.127,103.127,NoButton,Drag,1390,737
103.131,103.131,NoButton,Drag,1390,737
103.135,103.135,NoButton,Drag,1390,737
103.14,103.14,NoButton,Drag,1390,738
103.143,103.143,NoButton,Drag,1390,738
103.147,103.147,NoButton,Drag,1390,738
103.151,103.151,NoButton,Drag,1390,738
103.156,103.156,NoButton,Drag,1391,739
103.159,103.159,NoButton,Drag,1391,739
103.163,103.163,NoButton,Drag,1391,739
103.167,103.167,NoButton,Drag,1391,739
103.171,103.171,NoButton,Drag,1391,740
103.179,103.179,NoButton,Drag,1391,740
103.183,103.183,NoButton,Drag,1391,740
103.187,103.187,NoButton,Drag,1391,740
103.195,103.195,NoButton,Drag,1391,741
103.199,103.199,NoButton,Drag,1391,741
103.203,103.203,NoButton,Drag,1391,741
103.207,103.207,NoButton,Drag,1391,741
103.211,103.211,NoButton,Drag,1391,742
103.215,103.215,NoButton,Drag,1391,742
103.223,103.223,NoButton,Drag,1391,742
103.227,103.227,NoButton,Drag,1391,742
103.231,103.231,NoButton,Drag,1391,743
103.251,103.251,NoButton,Drag,1391,743
103.328,103.328,NoButton,Drag,1391,743
103.347,103.347,NoButton,Drag,1390,743
103.351,103.351,NoButton,Drag,1390,742
103.363,103.363,NoButton,Drag,1390,742
103.367,103.367,NoButton,Drag,1390,742
103.371,103.371,NoButton,Drag,1389,742
103.38,103.38,NoButton,Drag,1389,741
103.383,103.383,NoButton,Drag,1389,741
103.385,103.385,NoButton,Drag,1388,741
103.389,103.389,NoButton,Drag,1388,741
103.397,103.397,Left,Released,1388,741
103.401,103.401,NoButton,Drag,1388,740
103.412,103.412,NoButton,Drag,1387,740
103.431,103.431,NoButton,Drag,1386,739
103.448,103.448,NoButton,Drag,1386,739
103.473,103.473,NoButton,Drag,1386,739
103.485,103.485,NoButton,Drag,1385,738
103.621,103.621,NoButton,Drag,1385,738
103.633,103.633,NoButton,Drag,1385,738
103.648,103.648,NoButton,Drag,1385,738
103.674,103.674,NoButton,Drag,1385,738
103.694,103.694,NoButton,Drag,1384,738
103.705,103.705,NoButton,Drag,1384,738
103.715,103.715,NoButton,Drag,1384,738
103.731,103.731,NoButton,Drag,1383,737
103.748,103.748,NoButton,Drag,1380,737
103.765,103.765,NoButton,Drag,1374,737
103.781,103.781,NoButton,Drag,1361,736
103.798,103.798,NoButton,Drag,1341,736
103.815,103.815,NoButton,Drag,1309,734
103.831,103.831,NoButton,Drag,1268,732
103.848,103.848,NoButton,Drag,1216,728
103.865,103.865,NoButton,Drag,1156,724
103.881,103.881,NoButton,Drag,1067,714
103.899,103.899,NoButton,Drag,993,702
103.915,103.915,NoButton,Drag,923,691
103.932,103.932,NoButton,Drag,866,676
103.949,103.949,NoButton,Drag,817,660
103.965,103.965,NoButton,Drag,765,643
103.982,103.982,NoButton,Drag,736,629
103.999,103.999,NoButton,Drag,710,616
104.015,104.015,NoButton,Drag,685,601
104.032,104.032,NoButton,Drag,670,589
104.049,104.049,NoButton,Drag,656,578
104.065,104.065,NoButton,Drag,644,566
104.083,104.083,NoButton,Drag,636,555
104.099,104.099,NoButton,Drag,629,545
104.115,104.115,NoButton,Drag,623,533
104.132,104.132,NoButton,Drag,620,523
104.15,104.15,NoButton,Drag,617,513
104.167,104.167,NoButton,Drag,615,504
104.183,104.183,NoButton,Drag,612,492
104.201,104.201,NoButton,Drag,609,483
104.217,104.217,NoButton,Drag,607,475
104.233,104.233,NoButton,Drag,604,466
104.251,104.251,NoButton,Drag,599,458
104.267,104.267,NoButton,Drag,592,447
104.284,104.284,NoButton,Drag,582,431
104.3,104.3,NoButton,Drag,572,418
104.317,104.317,NoButton,Drag,563,404
104.333,104.333,NoButton,Drag,554,389
104.351,104.351,NoButton,Drag,546,376
104.367,104.367,NoButton,Drag,540,363
104.385,104.385,NoButton,Drag,535,348
104.401,104.401,NoButton,Drag,530,337
104.418,104.418,NoButton,Drag,526,329
104.435,104.435,NoButton,Drag,522,322
104.452,104.452,NoButton,Drag,517,315
104.468,104.468,NoButton,Drag,513,309
104.485,104.485,NoButton,Drag,507,305
104.502,104.502,NoButton,Drag,502,301
104.518,104.518,NoButton,Drag,499,300
104.535,104.535,NoButton,Drag,496,299
104.552,104.552,NoButton,Drag,492,298
104.568,104.568,NoButton,Drag,489,298
104.585,104.585,NoButton,Drag,484,298
104.602,104.602,NoButton,Drag,480,297
104.618,104.618,NoButton,Drag,478,297
104.635,104.635,NoButton,Drag,477,296
104.652,104.652,NoButton,Drag,477,296
104.669,104.669,NoButton,Drag,476,295
104.686,104.686,NoButton,Drag,474,293
104.703,104.703,NoButton,Drag,472,292
104.719,104.719,NoButton,Drag,470,290
104.736,104.736,NoButton,Drag,468,289
104.752,104.752,NoButton,Drag,466,286
104.769,104.769,NoButton,Drag,463,282
104.786,104.786,NoButton,Drag,461,279
104.803,104.803,NoButton,Drag,460,275
104.82,104.82,NoButton,Drag,459,270
104.836,104.836,NoButton,Drag,458,263
104.853,104.853,NoButton,Drag,457,257
104.869,104.869,NoButton,Drag,456,248
104.886,104.886,NoButton,Drag,456,241
104.903,104.903,NoButton,Drag,456,234
104.919,104.919,NoButton,Drag,457,227
104.936,104.936,NoButton,Drag,459,222
104.952,104.952,NoButton,Drag,460,216
104.969,104.969,NoButton,Drag,462,212
104.986,104.986,NoButton,Drag,464,210
105.003,105.003,NoButton,Drag,466,210
105.019,105.019,NoButton,Drag,468,213
105.037,105.037,NoButton,Drag,471,220
105.053,105.053,NoButton,Drag,473,229
105.069,105.069,NoButton,Drag,474,231
105.308,105.308,NoButton,Drag,474,231
105.312,105.312,NoButton,Drag,474,232
105.32,105.32,NoButton,Drag,475,233
105.337,105.337,NoButton,Drag,475,234
105.391,105.391,NoButton,Drag,474,234
105.411,105.411,NoButton,Drag,474,234
105.42,105.42,NoButton,Drag,474,234
105.437,105.437,NoButton,Drag,472,235
105.454,105.454,NoButton,Drag,469,236
105.47,105.47,NoButton,Drag,465,238
105.486,105.486,NoButton,Drag,460,241
105.503,105.503,NoButton,Drag,454,244
105.52,105.52,NoButton,Drag,443,249
105.536,105.536,NoButton,Drag,435,253
105.553,105.553,NoButton,Drag,424,256
105.57,105.57,NoButton,Drag,413,260
105.587,105.587,NoButton,Drag,402,263
105.603,105.603,NoButton,Drag,391,266
105.621,105.621,NoButton,Drag,380,269
105.637,105.637,NoButton,Drag,373,269
105.655,105.655,NoButton,Drag,368,269
105.671,105.671,NoButton,Drag,367,268
105.688,105.688,NoButton,Drag,365,268
105.704,105.704,NoButton,Drag,365,267
105.721,105.721,NoButton,Drag,364,264
105.738,105.738,NoButton,Drag,364,261
105.755,105.755,NoButton,Drag,363,255
105.772,105.772,NoButton,Drag,363,249
105.788,105.788,NoButton,Drag,363,244
105.804,105.804,NoButton,Drag,364,239
105.821,105.821,NoButton,Drag,365,235
105.838,105.838,NoButton,Drag,367,232
105.855,105.855,NoButton,Drag,368,230
105.872,105.872,NoButton,Drag,369,229
105.892,105.892,NoButton,Drag,369,229
105.909,105.909,NoButton,Drag,370,229
105.925,105.925,NoButton,Drag,371,229
105.942,105.942,NoButton,Drag,373,229
105.959,105.959,NoButton,Drag,375,230
105.975,105.975,NoButton,Drag,377,232
105.992,105.992,NoButton,Drag,381,235
106.008,106.008,NoButton,Drag,385,238
106.025,106.025,NoButton,Drag,390,242
106.042,106.042,NoButton,Drag,394,246
106.06,106.06,NoButton,Drag,396,248
106.076,106.076,NoButton,Drag,397,249
106.093,106.093,NoButton,Drag,397,250
106.185,106.185,NoButton,Drag,397,250
106.272,106.272,Left,Pressed,397,250
106.392,106.392,NoButton,Drag,397,250
106.395,106.395,NoButton,Drag,398,250
106.404,106.404,NoButton,Drag,398,250
106.407,106.407,NoButton,Drag,398,250
106.411,106.411,NoButton,Drag,398,250
106.415,106.415,NoButton,Drag,399,250
106.419,106.419,NoButton,Drag,399,250
106.423,106.423,NoButton,Drag,400,250
106.427,106.427,NoButton,Drag,401,250
106.431,106.431,NoButton,Drag,402,250
106.435,106.435,NoButton,Drag,403,251
106.439,106.439,NoButton,Drag,404,251
106.443,106.443,NoButton,Drag,405,251
106.447,106.447,NoButton,Drag,408,252
106.451,106.451,NoButton,Drag,410,252
106.455,106.455,NoButton,Drag,413,252
106.459,106.459,NoButton,Drag,416,253
106.463,106.463,NoButton,Drag,419,253
106.467,106.467,NoButton,Drag,423,254
106.471,106.471,NoButton,Drag,427,254
106.475,106.475,NoButton,Drag,430,255
106.479,106.479,NoButton,Drag,435,255
106.483,106.483,NoButton,Drag,439,256
106.487,106.487,NoButton,Drag,444,257
106.491,106.491,NoButton,Drag,448,258
106.495,106.495,NoButton,Drag,454,258
106.499,106.499,NoButton,Drag,460,258
106.503,106.503,NoButton,Drag,465,259
106.507,106.507,NoButton,Drag,471,261
106.511,106.511,NoButton,Drag,477,262
106.515,106.515,NoButton,Drag,483,263
106.52,106.52,NoButton,Drag,489,264
106.523,106.523,NoButton,Drag,495,265
106.527,106.527,NoButton,Drag,501,266
106.531,106.531,NoButton,Drag,508,267
106.535,106.535,NoButton,Drag,513,268
106.539,106.539,NoButton,Drag,520,270
106.543,106.543,NoButton,Drag,526,271
106.547,106.547,NoButton,Drag,533,272
106.551,106.551,NoButton,Drag,540,274
106.555,106.555,NoButton,Drag,546,275
106.559,106.559,NoButton,Drag,553,277
106.563,106.563,NoButton,Drag,560,278
106.567,106.567,NoButton,Drag,569,280
106.571,106.571,NoButton,Drag,577,282
106.575,106.575,NoButton,Drag,585,285
106.579,106.579,NoButton,Drag,593,287
106.583,106.583,NoButton,Drag,601,289
106.587,106.587,NoButton,Drag,610,291
106.591,106.591,NoButton,Drag,619,294
106.595,106.595,NoButton,Drag,629,296
106.599,106.599,NoButton,Drag,637,299
106.603,106.603,NoButton,Drag,646,301
106.607,106.607,NoButton,Drag,656,304
106.611,106.611,NoButton,Drag,666,307
106.615,106.615,NoButton,Drag,677,310
106.62,106.62,NoButton,Drag,687,314
106.623,106.623,NoButton,Drag,698,318
106.627,106.627,NoButton,Drag,708,321
106.631,106.631,NoButton,Drag,719,325
106.635,106.635,NoButton,Drag,730,328
106.639,106.639,NoButton,Drag,740,332
106.643,106.643,NoButton,Drag,751,335
106.647,106.647,NoButton,Drag,761,338
106.651,106.651,NoButton,Drag,771,342
106.655,106.655,NoButton,Drag,781,346
106.659,106.659,NoButton,Drag,792,350
106.663,106.663,NoButton,Drag,803,353
106.667,106.667,NoButton,Drag,813,357
106.671,106.671,NoButton,Drag,823,361
106.675,106.675,NoButton,Drag,832,364
106.679,106.679,NoButton,Drag,841,368
106.683,106.683,NoButton,Drag,851,371
106.687,106.687,NoButton,Drag,860,375
106.691,106.691,NoButton,Drag,868,379
106.695,106.695,NoButton,Drag,876,382
106.699,106.699,NoButton,Drag,884,386
106.703,106.703,NoButton,Drag,890,389
106.707,106.707,NoButton,Drag,897,393
106.711,106.711,NoButton,Drag,904,396
106.715,106.715,NoButton,Drag,910,400
106.72,106.72,NoButton,Drag,917,404
106.723,106.723,NoButton,Drag,924,408
106.727,106.727,NoButton,Drag,931,412
106.731,106.731,NoButton,Drag,937,416
106.735,106.735,NoButton,Drag,943,420
106.739,106.739,NoButton,Drag,949,424
106.743,106.743,NoButton,Drag,955,427
106.747,106.747,NoButton,Drag,961,431
106.751,106.751,NoButton,Drag,966,434
106.755,106.755,NoButton,Drag,971,437
106.759,106.759,NoButton,Drag,976,441
106.763,106.763,NoButton,Drag,980,444
106.767,106.767,NoButton,Drag,985,448
106.771,106.771,NoButton,Drag,989,451
106.775,106.775,NoButton,Drag,993,454
106.779,106.779,NoButton,Drag,997,458
106.783,106.783,NoButton,Drag,1001,461
106.787,106.787,NoButton,Drag,1005,464
106.791,106.791,NoButton,Drag,1009,468
106.795,106.795,NoButton,Drag,1012,472
106.799,106.799,NoButton,Drag,1016,475
106.803,106.803,NoButton,Drag,1020,479
106.807,106.807,NoButton,Drag,1023,482
106.811,106.811,NoButton,Drag,1027,485
106.815,106.815,NoButton,Drag,1030,489
106.82,106.82,NoButton,Drag,1034,492
106.823,106.823,NoButton,Drag,1038,496
106.827,106.827,NoButton,Drag,1041,499
106.829,106.829,NoButton,Drag,1044,503
106.833,106.833,NoButton,Drag,1047,506
106.837,106.837,NoButton,Drag,1050,509
106.841,106.841,NoButton,Drag,1053,513
106.845,106.845,NoButton,Drag,1056,515
106.849,106.849,NoButton,Drag,1058,518
106.853,106.853,NoButton,Drag,1061,522
106.857,106.857,NoButton,Drag,1063,524
106.861,106.861,NoButton,Drag,1065,527
106.865,106.865,NoButton,Drag,1067,530
106.87,106.87,NoButton,Drag,1070,534
106.873,106.873,NoButton,Drag,1072,537
106.877,106.877,NoButton,Drag,1074,540
106.881,106.881,NoButton,Drag,1076,544
106.885,106.885,NoButton,Drag,1078,547
106.889,106.889,NoButton,Drag,1079,551
106.893,106.893,NoButton,Drag,1081,554
106.897,106.897,NoButton,Drag,1083,557
106.901,106.901,NoButton,Drag,1084,560
106.905,106.905,NoButton,Drag,1086,563
106.909,106.909,NoButton,Drag,1087,566
106.913,106.913,NoButton,Drag,1089,569
106.917,106.917,NoButton,Drag,1090,572
106.921,106.921,NoButton,Drag,1091,575
106.925,106.925,NoButton,Drag,1092,578
106.929,106.929,NoButton,Drag,1093,581
106.933,106.933,NoButton,Drag,1094,585
106.937,106.937,NoButton,Drag,1095,588
106.941,106.941,NoButton,Drag,1096,591
106.945,106.945,NoButton,Drag,1097,594
106.949,106.949,NoButton,Drag,1097,597
106.953,106.953,NoButton,Drag,1098,600
106.957,106.957,NoButton,Drag,1099,603
106.961,106.961,NoButton,Drag,1100,606
106.965,106.965,NoButton,Drag,1101,608
106.97,106.97,NoButton,Drag,1101,611
106.973,106.973,NoButton,Drag,1102,614
106.977,106.977,NoButton,Drag,1103,616
106.981,106.981,NoButton,Drag,1104,619
106.985,106.985,NoButton,Drag,1105,621
106.989,106.989,NoButton,Drag,1106,624
106.993,106.993,NoButton,Drag,1107,626
106.997,106.997,NoButton,Drag,1109,629
107.001,107.001,NoButton,Drag,1110,632
107.005,107.005,NoButton,Drag,1111,634
107.009,107.009,NoButton,Drag,1113,636
107.013,107.013,NoButton,Drag,1115,639
107.017,107.017,NoButton,Drag,1116,641
107.021,107.021,NoButton,Drag,1118,643
107.025,107.025,NoButton,Drag,1119,646
107.029,107.029,NoButton,Drag,1121,648
107.033,107.033,NoButton,Drag,1123,651
107.037,107.037,NoButton,Drag,1125,654
107.041,107.041,NoButton,Drag,1127,655
107.045,107.045,NoButton,Drag,1128,658
107.049,107.049,NoButton,Drag,1130,660
107.053,107.053,NoButton,Drag,1132,662
107.057,107.057,NoButton,Drag,1134,664
107.061,107.061,NoButton,Drag,1136,667
107.065,107.065,NoButton,Drag,1139,669
107.07,107.07,NoButton,Drag,1140,671
107.073,107.073,NoButton,Drag,1143,673
107.077,107.077,NoButton,Drag,1145,675
107.081,107.081,NoButton,Drag,1147,677
107.085,107.085,NoButton,Drag,1149,679
107.089,107.089,NoButton,Drag,1151,681
107.093,107.093,NoButton,Drag,1153,682
107.097,107.097,NoButton,Drag,1155,684
107.101,107.101,NoButton,Drag,1157,685
107.105,107.105,NoButton,Drag,1160,687
107.109,107.109,NoButton,Drag,1162,689
107.113,107.113,NoButton,Drag,1164,690
107.117,107.117,NoButton,Drag,1166,692
107.121,107.121,NoButton,Drag,1168,693
107.125,107.125,NoButton,Drag,1170,695
107.129,107.129,NoButton,Drag,1172,696
107.133,107.133,NoButton,Drag,1174,697
107.137,107.137,NoButton,Drag,1176,698
107.141,107.141,NoButton,Drag,1178,699
107.145,107.145,NoButton,Drag,1180,700
107.149,107.149,NoButton,Drag,1182,701
107.153,107.153,NoButton,Drag,1184,702
107.157,107.157,NoButton,Drag,1186,703
107.161,107.161,NoButton,Drag,1188,704
107.165,107.165,NoButton,Drag,1190,705
107.17,107.17,NoButton,Drag,1192,705
107.173,107.173,NoButton,Drag,1193,706
107.177,107.177,NoButton,Drag,1196,707
107.181,107.181,NoButton,Drag,1198,707
107.185,107.185,NoButton,Drag,1200,708
107.189,107.189,NoButton,Drag,1202,708
107.193,107.193,NoButton,Drag,1204,709
107.197,107.197,NoButton,Drag,1207,710
107.201,107.201,NoButton,Drag,1210,711
107.205,107.205,NoButton,Drag,1212,712
107.209,107.209,NoButton,Drag,1215,713
107.213,107.213,NoButton,Drag,1217,713
107.217,107.217,NoButton,Drag,1219,714
107.221,107.221,NoButton,Drag,1221,715
107.225,107.225,NoButton,Drag,1224,715
107.229,107.229,NoButton,Drag,1226,716
107.233,107.233,NoButton,Drag,1229,717
107.237,107.237,NoButton,Drag,1231,717
107.241,107.241,NoButton,Drag,1233,718
107.245,107.245,NoButton,Drag,1235,719
107.249,107.249,NoButton,Drag,1237,719
107.253,107.253,NoButton,Drag,1239,720
107.257,107.257,NoButton,Drag,1241,720
107.261,107.261,NoButton,Drag,1243,720
107.265,107.265,NoButton,Drag,1244,720
107.27,107.27,NoButton,Drag,1246,721
107.273,107.273,NoButton,Drag,1247,721
107.277,107.277,NoButton,Drag,1248,721
107.281,107.281,NoButton,Drag,1249,721
107.285,107.285,NoButton,Drag,1250,721
107.289,107.289,NoButton,Drag,1251,721
107.293,107.293,NoButton,Drag,1252,721
107.297,107.297,NoButton,Drag,1252,721
107.301,107.301,NoButton,Drag,1253,721
107.305,107.305,NoButton,Drag,1254,721
107.309,107.309,NoButton,Drag,1255,721
107.313,107.313,NoButton,Drag,1255,721
107.317,107.317,NoButton,Drag,1256,721
107.321,107.321,NoButton,Drag,1256,720
107.325,107.325,NoButton,Drag,1257,720
107.329,107.329,NoButton,Drag,1257,720
107.333,107.333,NoButton,Drag,1258,720
107.337,107.337,NoButton,Drag,1258,719
107.341,107.341,NoButton,Drag,1259,719
107.345,107.345,NoButton,Drag,1259,719
107.349,107.349,NoButton,Drag,1260,719
107.354,107.354,NoButton,Drag,1261,718
107.357,107.357,NoButton,Drag,1261,718
107.361,107.361,NoButton,Drag,1262,718
107.365,107.365,NoButton,Drag,1262,717
107.37,107.37,NoButton,Drag,1263,717
107.373,107.373,NoButton,Drag,1264,717
107.377,107.377,NoButton,Drag,1264,716
107.381,107.381,NoButton,Drag,1265,716
107.385,107.385,NoButton,Drag,1265,715
107.389,107.389,NoButton,Drag,1266,715
107.393,107.393,NoButton,Drag,1267,715
107.397,107.397,NoButton,Drag,1267,714
107.401,107.401,NoButton,Drag,1268,714
107.405,107.405,NoButton,Drag,1268,714
107.409,107.409,NoButton,Drag,1269,713
107.411,107.411,NoButton,Drag,1270,712
107.415,107.415,NoButton,Drag,1271,712
107.42,107.42,NoButton,Drag,1272,712
107.423,107.423,NoButton,Drag,1272,711
107.427,107.427,NoButton,Drag,1273,711
107.431,107.431,NoButton,Drag,1274,711
107.435,107.435,NoButton,Drag,1275,710
107.439,107.439,NoButton,Drag,1276,710
107.443,107.443,NoButton,Drag,1277,710
107.447,107.447,NoButton,Drag,1278,709
107.451,107.451,NoButton,Drag,1279,709
107.457,107.457,NoButton,Drag,1280,709
107.459,107.459,NoButton,Drag,1281,708
107.463,107.463,NoButton,Drag,1282,708
107.467,107.467,NoButton,Drag,1284,708
107.471,107.471,NoButton,Drag,1285,707
107.475,107.475,NoButton,Drag,1285,707
107.479,107.479,NoButton,Drag,1286,707
107.483,107.483,NoButton,Drag,1288,707
107.487,107.487,NoButton,Drag,1288,706
107.491,107.491,NoButton,Drag,1289,706
107.495,107.495,NoButton,Drag,1290,706
107.499,107.499,NoButton,Drag,1291,706
107.503,107.503,NoButton,Drag,1292,706
107.507,107.507,NoButton,Drag,1293,705
107.511,107.511,NoButton,Drag,1293,705
107.515,107.515,NoButton,Drag,1294,705
107.52,107.52,NoButton,Drag,1294,705
107.523,107.523,NoButton,Drag,1295,705
107.527,107.527,NoButton,Drag,1295,705
107.531,107.531,NoButton,Drag,1295,705
107.567,107.567,NoButton,Drag,1295,705
107.595,107.595,NoButton,Drag,1296,705
107.599,107.599,NoButton,Drag,1296,705
107.603,107.603,NoButton,Drag,1296,705
107.607,107.607,NoButton,Drag,1296,705
107.611,107.611,NoButton,Drag,1296,705
107.615,107.615,NoButton,Drag,1297,705
107.62,107.62,NoButton,Drag,1297,705
107.623,107.623,NoButton,Drag,1298,705
107.631,107.631,NoButton,Drag,1298,705
107.764,107.764,Left,Released,1298,705
107.768,107.768,NoButton,Drag,1298,704
107.775,107.775,NoButton,Drag,1297,704
107.789,107.789,NoButton,Drag,1297,704
107.805,107.805,NoButton,Drag,1297,703
107.821,107.821,NoButton,Drag,1296,703
107.838,107.838,NoButton,Drag,1294,702
107.855,107.855,NoButton,Drag,1290,702
107.871,107.871,NoButton,Drag,1277,702
107.888,107.888,NoButton,Drag,1266,702
107.906,107.906,NoButton,Drag,1254,703
107.922,107.922,NoButton,Drag,1240,705
107.939,107.939,NoButton,Drag,1221,707
107.955,107.955,NoButton,Drag,1193,707
107.972,107.972,NoButton,Drag,1144,707
107.988,107.988,NoButton,Drag,1101,707
108.005,108.005,NoButton,Drag,1057,706
108.022,108.022,NoButton,Drag,1010,703
108.039,108.039,NoButton,Drag,977,698
108.055,108.055,NoButton,Drag,950,693
108.072,108.072,NoButton,Drag,924,687
108.089,108.089,NoButton,Drag,900,680
108.105,108.105,NoButton,Drag,873,672
108.122,108.122,NoButton,Drag,850,667
108.139,108.139,NoButton,Drag,825,660
108.155,108.155,NoButton,Drag,801,654
108.172,108.172,NoButton,Drag,776,648
108.189,108.189,NoButton,Drag,750,643
108.205,108.205,NoButton,Drag,721,638
108.222,108.222,NoButton,Drag,702,634
108.239,108.239,NoButton,Drag,686,630
108.256,108.256,NoButton,Drag,671,626
108.273,108.273,NoButton,Drag,660,623
108.289,108.289,NoButton,Drag,652,619
108.305,108.305,NoButton,Drag,645,615
108.322,108.322,NoButton,Drag,643,613
108.339,108.339,NoButton,Drag,642,609
108.356,108.356,NoButton,Drag,640,604
108.43,108.43,NoButton,Drag,637,593
108.434,108.434,NoButton,Drag,634,568
108.44,108.44,NoButton,Drag,634,564
108.455,108.455,NoButton,Drag,636,558
108.472,108.472,NoButton,Drag,638,552
108.489,108.489,NoButton,Drag,640,547
108.505,108.505,NoButton,Drag,642,544
108.522,108.522,NoButton,Drag,643,542
108.539,108.539,NoButton,Drag,643,542
108.592,108.592,NoButton,Drag,643,542
108.651,108.651,NoButton,Drag,643,542
108.66,108.66,Left,Pressed,643,542
108.828,108.828,NoButton,Drag,643,542
108.835,108.835,NoButton,Drag,643,542
108.851,108.851,NoButton,Drag,643,542
108.859,108.859,NoButton,Drag,643,543
108.968,108.968,NoButton,Drag,644,543
108.971,108.971,NoButton,Drag,644,543
108.98,108.98,NoButton,Drag,644,543
108.983,108.983,NoButton,Drag,644,543
108.987,108.987,NoButton,Drag,645,543
108.991,108.991,NoButton,Drag,646,543
108.995,108.995,NoButton,Drag,646,542
108.999,108.999,NoButton,Drag,647,542
109.003,109.003,NoButton,Drag,648,541
109.007,109.007,NoButton,Drag,649,540
109.011,109.011,NoButton,Drag,651,539
109.015,109.015,NoButton,Drag,652,538
109.02,109.02,NoButton,Drag,655,537
109.023,109.023,NoButton,Drag,657,535
109.027,109.027,NoButton,Drag,660,533
109.031,109.031,NoButton,Drag,662,531
109.035,109.035,NoButton,Drag,666,529
109.039,109.039,NoButton,Drag,669,526
109.043,109.043,NoButton,Drag,673,523
109.047,109.047,NoButton,Drag,678,521
109.051,109.051,NoButton,Drag,682,517
109.055,109.055,NoButton,Drag,688,514
109.059,109.059,NoButton,Drag,694,511
109.063,109.063,NoButton,Drag,700,506
109.067,109.067,NoButton,Drag,707,503
109.071,109.071,NoButton,Drag,714,499
109.075,109.075,NoButton,Drag,723,493
109.079,109.079,NoButton,Drag,731,489
109.083,109.083,NoButton,Drag,740,484
109.087,109.087,NoButton,Drag,749,479
109.091,109.091,NoButton,Drag,761,473
109.095,109.095,NoButton,Drag,771,468
109.099,109.099,NoButton,Drag,782,463
109.103,109.103,NoButton,Drag,794,458
109.107,109.107,NoButton,Drag,807,452
109.111,109.111,NoButton,Drag,818,447
109.115,109.115,NoButton,Drag,830,441
109.12,109.12,NoButton,Drag,843,434
109.123,109.123,NoButton,Drag,854,429
109.127,109.127,NoButton,Drag,867,422
109.131,109.131,NoButton,Drag,879,415
109.133,109.133,NoButton,Drag,891,408
109.137,109.137,NoButton,Drag,902,403
109.141,109.141,NoButton,Drag,914,396
109.145,109.145,NoButton,Drag,924,390
109.149,109.149,NoButton,Drag,935,383
109.153,109.153,NoButton,Drag,945,376
109.157,109.157,NoButton,Drag,955,369
109.161,109.161,NoButton,Drag,964,362
109.165,109.165,NoButton,Drag,972,355
109.17,109.17,NoButton,Drag,980,348
109.173,109.173,NoButton,Drag,988,341
109.177,109.177,NoButton,Drag,996,334
109.181,109.181,NoButton,Drag,1004,327
109.185,109.185,NoButton,Drag,1011,320
109.189,109.189,NoButton,Drag,1019,313
109.193,109.193,NoButton,Drag,1026,306
109.197,109.197,NoButton,Drag,1034,299
109.201,109.201,NoButton,Drag,1040,292
109.205,109.205,NoButton,Drag,1048,284
109.209,109.209,NoButton,Drag,1056,277
109.213,109.213,NoButton,Drag,1062,270
109.217,109.217,NoButton,Drag,1070,262
109.221,109.221,NoButton,Drag,1078,255
109.225,109.225,NoButton,Drag,1085,248
109.229,109.229,NoButton,Drag,1093,240
109.233,109.233,NoButton,Drag,1101,233
109.237,109.237,NoButton,Drag,1108,226
109.241,109.241,NoButton,Drag,1115,220
109.245,109.245,NoButton,Drag,1122,212
109.249,109.249,NoButton,Drag,1130,204
109.253,109.253,NoButton,Drag,1137,197
109.257,109.257,NoButton,Drag,1144,191
109.261,109.261,NoButton,Drag,1152,184
109.265,109.265,NoButton,Drag,1158,177
109.27,109.27,NoButton,Drag,1166,170
109.273,109.273,NoButton,Drag,1173,164
109.277,109.277,NoButton,Drag,1181,158
109.281,109.281,NoButton,Drag,1187,152
109.285,109.285,NoButton,Drag,1194,147
109.289,109.289,NoButton,Drag,1201,142
109.293,109.293,NoButton,Drag,1207,137
109.297,109.297,NoButton,Drag,1214,132
109.301,109.301,NoButton,Drag,1220,127
109.305,109.305,NoButton,Drag,1226,122
109.309,109.309,NoButton,Drag,1232,118
109.313,109.313,NoButton,Drag,1237,115
109.317,109.317,NoButton,Drag,1241,111
109.321,109.321,NoButton,Drag,1246,107
109.325,109.325,NoButton,Drag,1250,103
109.329,109.329,NoButton,Drag,1254,100
109.333,109.333,NoButton,Drag,1258,97
109.337,109.337,NoButton,Drag,1263,94
109.341,109.341,NoButton,Drag,1267,91
109.345,109.345,NoButton,Drag,1271,88
109.349,109.349,NoButton,Drag,1274,85
109.353,109.353,NoButton,Drag,1277,82
109.357,109.357,NoButton,Drag,1281,80
109.361,109.361,NoButton,Drag,1284,77
109.365,109.365,NoButton,Drag,1287,75
109.37,109.37,NoButton,Drag,1290,73
109.373,109.373,NoButton,Drag,1292,71
109.377,109.377,NoButton,Drag,1295,70
109.381,109.381,NoButton,Drag,1297,68
109.385,109.385,NoButton,Drag,1300,67
109.389,109.389,NoButton,Drag,1302,65
109.393,109.393,NoButton,Drag,1305,64
109.397,109.397,NoButton,Drag,1306,63
109.401,109.401,NoButton,Drag,1308,62
109.405,109.405,NoButton,Drag,1309,61
109.409,109.409,NoButton,Drag,1311,60
109.413,109.413,NoButton,Drag,1313,59
109.417,109.417,NoButton,Drag,1314,59
109.421,109.421,NoButton,Drag,1316,58
109.425,109.425,NoButton,Drag,1317,58
109.429,109.429,NoButton,Drag,1318,58
109.433,109.433,NoButton,Drag,1319,57
109.437,109.437,NoButton,Drag,1321,57
109.441,109.441,NoButton,Drag,1322,57
109.445,109.445,NoButton,Drag,1323,57
109.449,109.449,NoButton,Drag,1324,57
109.453,109.453,NoButton,Drag,1325,57
109.457,109.457,NoButton,Drag,1326,57
109.461,109.461,NoButton,Drag,1326,57
109.465,109.465,NoButton,Drag,1327,57
109.47,109.47,NoButton,Drag,1327,57
109.473,109.473,NoButton,Drag,1327,57
109.477,109.477,NoButton,Drag,1328,57
109.481,109.481,NoButton,Drag,1328,58
109.485,109.485,NoButton,Drag,1329,58
109.493,109.493,NoButton,Drag,1329,58
109.497,109.497,NoButton,Drag,1329,59
109.501,109.501,NoButton,Drag,1330,59
109.505,109.505,NoButton,Drag,1330,60
109.509,109.509,NoButton,Drag,1330,60
109.513,109.513,NoButton,Drag,1331,61
109.517,109.517,NoButton,Drag,1331,61
109.521,109.521,NoButton,Drag,1331,62
109.525,109.525,NoButton,Drag,1332,63
109.529,109.529,NoButton,Drag,1332,64
109.533,109.533,NoButton,Drag,1332,64
109.537,109.537,NoButton,Drag,1333,65
109.541,109.541,NoButton,Drag,1334,66
109.545,109.545,NoButton,Drag,1334,67
109.549,109.549,NoButton,Drag,1335,68
109.553,109.553,NoButton,Drag,1335,69
109.557,109.557,NoButton,Drag,1335,71
109.561,109.561,NoButton,Drag,1336,72
109.565,109.565,NoButton,Drag,1336,74
109.57,109.57,NoButton,Drag,1337,76
109.573,109.573,NoButton,Drag,1337,77
109.577,109.577,NoButton,Drag,1337,78
109.581,109.581,NoButton,Drag,1338,80
109.585,109.585,NoButton,Drag,1338,82
109.589,109.589,NoButton,Drag,1339,83
109.593,109.593,NoButton,Drag,1339,84
109.597,109.597,NoButton,Drag,1339,85
109.601,109.601,NoButton,Drag,1340,87
109.605,109.605,NoButton,Drag,1340,89
109.609,109.609,NoButton,Drag,1340,90
109.613,109.613,NoButton,Drag,1340,92
109.617,109.617,NoButton,Drag,1340,93
109.621,109.621,NoButton,Drag,1340,94
109.625,109.625,NoButton,Drag,1340,96
109.629,109.629,NoButton,Drag,1340,97
109.633,109.633,NoButton,Drag,1340,99
109.637,109.637,NoButton,Drag,1340,100
109.641,109.641,NoButton,Drag,1340,101
109.645,109.645,NoButton,Drag,1340,102
109.649,109.649,NoButton,Drag,1340,103
109.653,109.653,NoButton,Drag,1340,105
109.657,109.657,NoButton,Drag,1340,106
109.661,109.661,NoButton,Drag,1340,107
109.665,109.665,NoButton,Drag,1340,108
109.67,109.67,NoButton,Drag,1340,110
109.673,109.673,NoButton,Drag,1340,111
109.677,109.677,NoButton,Drag,1340,112
109.681,109.681,NoButton,Drag,1340,114
109.685,109.685,NoButton,Drag,1340,115
109.689,109.689,NoButton,Drag,1340,117
109.693,109.693,NoButton,Drag,1339,118
109.697,109.697,NoButton,Drag,1339,119
109.699,109.699,NoButton,Drag,1339,120
109.703,109.703,NoButton,Drag,1339,121
109.707,109.707,NoButton,Drag,1339,123
109.711,109.711,NoButton,Drag,1338,124
109.715,109.715,NoButton,Drag,1338,126
109.72,109.72,NoButton,Drag,1338,127
109.723,109.723,NoButton,Drag,1337,128
109.727,109.727,NoButton,Drag,1337,129
109.731,109.731,NoButton,Drag,1337,130
109.735,109.735,NoButton,Drag,1336,132
109.739,109.739,NoButton,Drag,1336,133
109.743,109.743,NoButton,Drag,1336,134
109.747,109.747,NoButton,Drag,1336,135
109.751,109.751,NoButton,Drag,1336,137
109.755,109.755,NoButton,Drag,1335,138
109.759,109.759,NoButton,Drag,1335,139
109.763,109.763,NoButton,Drag,1335,140
109.767,109.767,NoButton,Drag,1334,141
109.771,109.771,NoButton,Drag,1334,142
109.775,109.775,NoButton,Drag,1334,143
109.779,109.779,NoButton,Drag,1334,144
109.783,109.783,NoButton,Drag,1333,145
109.787,109.787,NoButton,Drag,1333,146
109.791,109.791,NoButton,Drag,1333,147
109.795,109.795,NoButton,Drag,1333,147
109.799,109.799,NoButton,Drag,1333,148
109.803,109.803,NoButton,Drag,1332,148
109.807,109.807,NoButton,Drag,1332,149
109.811,109.811,NoButton,Drag,1332,149
109.815,109.815,NoButton,Drag,1332,150
109.82,109.82,NoButton,Drag,1332,150
109.823,109.823,NoButton,Drag,1332,150
109.831,109.831,NoButton,Drag,1332,151
109.835,109.835,NoButton,Drag,1332,151
109.839,109.839,NoButton,Drag,1332,151
109.847,109.847,NoButton,Drag,1332,151
109.855,109.855,NoButton,Drag,1332,152
109.871,109.871,NoButton,Drag,1332,152
109.883,109.883,NoButton,Drag,1332,152
109.895,109.895,NoButton,Drag,1332,152
109.899,109.899,NoButton,Drag,1332,153
109.903,109.903,NoButton,Drag,1332,153
109.911,109.911,NoButton,Drag,1332,153
109.92,109.92,NoButton,Drag,1332,153
109.923,109.923,NoButton,Drag,1332,154
109.927,109.927,NoButton,Drag,1332,154
109.931,109.931,NoButton,Drag,1332,154
109.939,109.939,NoButton,Drag,1332,155
109.947,109.947,NoButton,Drag,1332,155
109.955,109.955,NoButton,Drag,1332,155
109.959,109.959,NoButton,Drag,1332,155
109.967,109.967,NoButton,Drag,1332,156
109.975,109.975,NoButton,Drag,1332,156
109.979,109.979,NoButton,Drag,1332,156
109.987,109.987,NoButton,Drag,1332,156
109.991,109.991,NoButton,Drag,1332,157
109.995,109.995,NoButton,Drag,1332,157
110.003,110.003,NoButton,Drag,1332,157
110.007,110.007,NoButton,Drag,1332,157
110.011,110.011,NoButton,Drag,1332,157
110.015,110.015,NoButton,Drag,1332,158
110.02,110.02,NoButton,Drag,1332,158
110.027,110.027,NoButton,Drag,1332,158
110.031,110.031,NoButton,Drag,1332,158
110.035,110.035,NoButton,Drag,1332,159
110.039,110.039,NoButton,Drag,1332,159
110.043,110.043,NoButton,Drag,1332,160
110.047,110.047,NoButton,Drag,1332,160
110.051,110.051,NoButton,Drag,1332,160
110.067,110.067,NoButton,Drag,1332,160
110.171,110.171,NoButton,Drag,1331,160
110.192,110.192,Left,Released,1331,160
110.208,110.208,NoButton,Drag,1331,160
110.274,110.274,NoButton,Drag,1331,160
110.277,110.277,NoButton,Drag,1331,160
110.288,110.288,NoButton,Drag,1330,161
110.305,110.305,NoButton,Drag,1326,163
110.322,110.322,NoButton,Drag,1317,169
110.339,110.339,NoButton,Drag,1305,177
110.355,110.355,NoButton,Drag,1289,187
110.372,110.372,NoButton,Drag,1264,202
110.389,110.389,NoButton,Drag,1237,219
110.406,110.406,NoButton,Drag,1191,244
110.424,110.424,NoButton,Drag,1150,268
110.44,110.44,NoButton,Drag,1113,292
110.457,110.457,NoButton,Drag,1082,313
110.474,110.474,NoButton,Drag,1047,337
110.49,110.49,NoButton,Drag,1023,356
110.506,110.506,NoButton,Drag,1005,372
110.523,110.523,NoButton,Drag,990,388
110.54,110.54,NoButton,Drag,976,401
110.557,110.557,NoButton,Drag,967,414
110.574,110.574,NoButton,Drag,954,428
110.59,110.59,NoButton,Drag,943,440
110.607,110.607,NoButton,Drag,930,454
110.623,110.623,NoButton,Drag,917,466
110.641,110.641,NoButton,Drag,903,476
110.657,110.657,NoButton,Drag,886,487
110.674,110.674,NoButton,Drag,865,500
110.691,110.691,NoButton,Drag,844,511
110.707,110.707,NoButton,Drag,820,523
110.724,110.724,NoButton,Drag,794,534
110.74,110.74,NoButton,Drag,768,545
110.757,110.757,NoButton,Drag,736,556
110.774,110.774,NoButton,Drag,714,565
110.791,110.791,NoButton,Drag,696,571
110.808,110.808,NoButton,Drag,680,578
110.824,110.824,NoButton,Drag,667,584
110.841,110.841,NoButton,Drag,654,589
110.857,110.857,NoButton,Drag,643,595
110.874,110.874,NoButton,Drag,638,599
110.892,110.892,NoButton,Drag,634,601
110.908,110.908,NoButton,Drag,632,603
110.926,110.926,NoButton,Drag,631,604
110.942,110.942,NoButton,Drag,630,605
110.959,110.959,NoButton,Drag,629,606
111.028,111.028,NoButton,Drag,629,606
111.044,111.044,NoButton,Drag,629,606
111.059,111.059,NoButton,Drag,629,605
111.075,111.075,NoButton,Drag,628,602
111.092,111.092,NoButton,Drag,625,598
111.109,111.109,NoButton,Drag,623,594
111.126,111.126,NoButton,Drag,617,585
111.142,111.142,NoButton,Drag,611,577
111.159,111.159,NoButton,Drag,607,571
111.176,111.176,NoButton,Drag,604,567
111.192,111.192,NoButton,Drag,603,566
111.209,111.209,NoButton,Drag,603,565
111.226,111.226,NoButton,Drag,603,564
111.243,111.243,NoButton,Drag,603,564
111.259,111.259,NoButton,Drag,602,564
111.276,111.276,NoButton,Drag,602,563
111.292,111.292,NoButton,Drag,601,562
111.309,111.309,NoButton,Drag,601,562
111.326,111.326,NoButton,Drag,601,561
111.343,111.343,NoButton,Drag,600,561
111.359,111.359,NoButton,Drag,599,560
111.377,111.377,NoButton,Drag,599,559
111.392,111.392,NoButton,Drag,598,558
111.409,111.409,NoButton,Drag,597,557
111.426,111.426,NoButton,Drag,596,555
111.443,111.443,NoButton,Drag,596,555
111.46,111.46,NoButton,Drag,595,554
111.47,111.47,Left,Pressed,595,554
111.57,111.57,NoButton,Drag,595,554
111.573,111.573,NoButton,Drag,596,553
111.577,111.577,NoButton,Drag,596,553
111.582,111.582,NoButton,Drag,596,553
111.585,111.585,NoButton,Drag,597,552
111.589,111.589,NoButton,Drag,597,552
111.593,111.593,NoButton,Drag,598,551
111.597,111.597,NoButton,Drag,599,551
111.601,111.601,NoButton,Drag,600,550
111.605,111.605,NoButton,Drag,601,549
111.609,111.609,NoButton,Drag,602,548
111.613,111.613,NoButton,Drag,604,547
111.617,111.617,NoButton,Drag,605,546
111.622,111.622,NoButton,Drag,607,545
111.625,111.625,NoButton,Drag,609,543
111.629,111.629,NoButton,Drag,612,542
111.633,111.633,NoButton,Drag,615,540
111.637,111.637,NoButton,Drag,617,538
111.641,111.641,NoButton,Drag,620,536
111.645,111.645,NoButton,Drag,624,534
111.649,111.649,NoButton,Drag,628,531
111.653,111.653,NoButton,Drag,632,529
111.657,111.657,NoButton,Drag,636,526
111.661,111.661,NoButton,Drag,642,523
111.665,111.665,NoButton,Drag,647,520
111.669,111.669,NoButton,Drag,654,516
111.673,111.673,NoButton,Drag,660,513
111.677,111.677,NoButton,Drag,667,510
111.681,111.681,NoButton,Drag,676,506
111.685,111.685,NoButton,Drag,685,502
111.689,111.689,NoButton,Drag,694,498
111.693,111.693,NoButton,Drag,703,493
111.697,111.697,NoButton,Drag,714,489
111.701,111.701,NoButton,Drag,725,485
111.705,111.705,NoButton,Drag,737,480
111.709,111.709,NoButton,Drag,750,476
111.713,111.713,NoButton,Drag,761,471
111.717,111.717,NoButton,Drag,774,466
111.722,111.722,NoButton,Drag,787,461
111.725,111.725,NoButton,Drag,800,455
111.729,111.729,NoButton,Drag,814,449
111.733,111.733,NoButton,Drag,830,442
111.737,111.737,NoButton,Drag,845,435
111.741,111.741,NoButton,Drag,860,429
111.745,111.745,NoButton,Drag,875,422
111.749,111.749,NoButton,Drag,892,415
111.753,111.753,NoButton,Drag,908,408
111.757,111.757,NoButton,Drag,924,401
111.761,111.761,NoButton,Drag,938,395
111.765,111.765,NoButton,Drag,951,389
111.769,111.769,NoButton,Drag,966,384
111.773,111.773,NoButton,Drag,981,378
111.777,111.777,NoButton,Drag,994,373
111.781,111.781,NoButton,Drag,1007,367
111.785,111.785,NoButton,Drag,1021,362
111.789,111.789,NoButton,Drag,1035,356
111.793,111.793,NoButton,Drag,1047,351
111.797,111.797,NoButton,Drag,1060,347
111.801,111.801,NoButton,Drag,1074,342
111.805,111.805,NoButton,Drag,1086,338
111.809,111.809,NoButton,Drag,1098,333
111.813,111.813,NoButton,Drag,1109,329
111.817,111.817,NoButton,Drag,1119,325
111.822,111.822,NoButton,Drag,1130,321
111.825,111.825,NoButton,Drag,1140,317
111.829,111.829,NoButton,Drag,1148,313
111.833,111.833,NoButton,Drag,1155,309
111.837,111.837,NoButton,Drag,1163,305
111.841,111.841,NoButton,Drag,1171,301
111.845,111.845,NoButton,Drag,1177,298
111.849,111.849,NoButton,Drag,1184,294
111.853,111.853,NoButton,Drag,1191,291
111.857,111.857,NoButton,Drag,1196,288
111.861,111.861,NoButton,Drag,1201,285
111.865,111.865,NoButton,Drag,1206,283
111.869,111.869,NoButton,Drag,1211,280
111.873,111.873,NoButton,Drag,1215,278
111.877,111.877,NoButton,Drag,1219,275
111.881,111.881,NoButton,Drag,1222,273
111.885,111.885,NoButton,Drag,1226,271
111.889,111.889,NoButton,Drag,1229,269
111.893,111.893,NoButton,Drag,1232,267
111.897,111.897,NoButton,Drag,1235,265
111.901,111.901,NoButton,Drag,1237,264
111.905,111.905,NoButton,Drag,1240,262
111.909,111.909,NoButton,Drag,1242,260
111.913,111.913,NoButton,Drag,1244,259
111.917,111.917,NoButton,Drag,1246,258
111.922,111.922,NoButton,Drag,1247,257
111.925,111.925,NoButton,Drag,1249,256
111.929,111.929,NoButton,Drag,1250,255
111.933,111.933,NoButton,Drag,1252,254
111.937,111.937,NoButton,Drag,1253,253
111.941,111.941,NoButton,Drag,1254,252
111.945,111.945,NoButton,Drag,1254,252
111.949,111.949,NoButton,Drag,1255,251
111.953,111.953,NoButton,Drag,1256,250
111.957,111.957,NoButton,Drag,1257,249
111.961,111.961,NoButton,Drag,1257,248
111.965,111.965,NoButton,Drag,1258,248
111.969,111.969,NoButton,Drag,1258,247
111.973,111.973,NoButton,Drag,1258,247
111.977,111.977,NoButton,Drag,1259,246
111.981,111.981,NoButton,Drag,1260,245
111.985,111.985,NoButton,Drag,1260,245
111.989,111.989,NoButton,Drag,1260,244
111.993,111.993,NoButton,Drag,1261,243
111.997,111.997,NoButton,Drag,1262,243
112.001,112.001,NoButton,Drag,1262,242
112.003,112.003,NoButton,Drag,1263,242
112.007,112.007,NoButton,Drag,1263,241
112.011,112.011,NoButton,Drag,1264,241
112.015,112.015,NoButton,Drag,1264,240
112.019,112.019,NoButton,Drag,1265,240
112.023,112.023,NoButton,Drag,1265,239
112.027,112.027,NoButton,Drag,1265,239
112.031,112.031,NoButton,Drag,1266,239
112.035,112.035,NoButton,Drag,1266,239
112.039,112.039,NoButton,Drag,1267,238
112.043,112.043,NoButton,Drag,1267,238
112.047,112.047,NoButton,Drag,1267,238
112.051,112.051,NoButton,Drag,1268,237
112.055,112.055,NoButton,Drag,1268,237
112.059,112.059,NoButton,Drag,1268,237
112.063,112.063,NoButton,Drag,1269,237
112.067,112.067,NoButton,Drag,1269,236
112.072,112.072,NoButton,Drag,1269,236
112.075,112.075,NoButton,Drag,1270,236
112.079,112.079,NoButton,Drag,1270,235
112.085,112.085,NoButton,Drag,1271,235
112.087,112.087,NoButton,Drag,1271,235
112.091,112.091,NoButton,Drag,1272,234
112.095,112.095,NoButton,Drag,1272,234
112.099,112.099,NoButton,Drag,1273,233
112.103,112.103,NoButton,Drag,1273,233
112.107,112.107,NoButton,Drag,1274,233
112.111,112.111,NoButton,Drag,1274,232
112.115,112.115,NoButton,Drag,1275,232
112.119,112.119,NoButton,Drag,1276,231
112.123,112.123,NoButton,Drag,1277,231
112.127,112.127,NoButton,Drag,1277,231
112.131,112.131,NoButton,Drag,1278,230
112.135,112.135,NoButton,Drag,1279,229
112.139,112.139,NoButton,Drag,1280,229
112.143,112.143,NoButton,Drag,1281,229
112.147,112.147,NoButton,Drag,1282,228
112.151,112.151,NoButton,Drag,1283,228
112.155,112.155,NoButton,Drag,1284,227
112.159,112.159,NoButton,Drag,1285,227
112.163,112.163,NoButton,Drag,1286,226
112.167,112.167,NoButton,Drag,1288,226
112.172,112.172,NoButton,Drag,1288,225
112.175,112.175,NoButton,Drag,1289,225
112.179,112.179,NoButton,Drag,1290,224
112.183,112.183,NoButton,Drag,1292,224
112.187,112.187,NoButton,Drag,1293,224
112.191,112.191,NoButton,Drag,1293,224
112.195,112.195,NoButton,Drag,1294,223
112.199,112.199,NoButton,Drag,1295,223
112.203,112.203,NoButton,Drag,1296,223
112.207,112.207,NoButton,Drag,1297,222
112.211,112.211,NoButton,Drag,1298,222
112.215,112.215,NoButton,Drag,1299,222
112.219,112.219,NoButton,Drag,1299,222
112.223,112.223,NoButton,Drag,1300,222
112.227,112.227,NoButton,Drag,1301,221
112.231,112.231,NoButton,Drag,1301,221
112.235,112.235,NoButton,Drag,1302,221
112.239,112.239,NoButton,Drag,1302,221
112.243,112.243,NoButton,Drag,1303,221
112.247,112.247,NoButton,Drag,1303,221
112.251,112.251,NoButton,Drag,1303,221
112.255,112.255,NoButton,Drag,1304,221
112.259,112.259,NoButton,Drag,1304,221
112.263,112.263,NoButton,Drag,1304,221
112.267,112.267,NoButton,Drag,1304,221
112.275,112.275,NoButton,Drag,1305,221
112.295,112.295,NoButton,Drag,1305,221
112.618,112.618,Left,Released,1305,221
112.669,112.669,NoButton,Drag,1305,221
112.677,112.677,NoButton,Drag,1305,221
112.681,112.681,NoButton,Drag,1305,222
112.691,112.691,NoButton,Drag,1305,222
112.709,112.709,NoButton,Drag,1305,223
112.725,112.725,NoButton,Drag,1305,223
112.742,112.742,NoButton,Drag,1305,224
112.758,112.758,NoButton,Drag,1304,224
112.775,112.775,NoButton,Drag,1304,224
112.792,112.792,NoButton,Drag,1304,225
112.809,112.809,NoButton,Drag,1304,225
112.921,112.921,NoButton,Drag,1304,225
112.925,112.925,NoButton,Drag,1304,225
112.929,112.929,NoButton,Drag,1304,225
112.943,112.943,NoButton,Drag,1303,226
112.96,112.96,NoButton,Drag,1302,227
112.977,112.977,NoButton,Drag,1300,228
112.993,112.993,NoButton,Drag,1296,231
113.01,113.01,NoButton,Drag,1291,234
113.028,113.028,NoButton,Drag,1284,237
113.043,113.043,NoButton,Drag,1275,243
113.06,113.06,NoButton,Drag,1264,249
113.077,113.077,NoButton,Drag,1252,257
113.094,113.094,NoButton,Drag,1235,267
113.111,113.111,NoButton,Drag,1219,277
113.128,113.128,NoButton,Drag,1202,288
113.144,113.144,NoButton,Drag,1183,298
113.161,113.161,NoButton,Drag,1153,313
113.178,113.178,NoButton,Drag,1126,325
113.196,113.196,NoButton,Drag,1086,341
113.211,113.211,NoButton,Drag,1045,355
113.228,113.228,NoButton,Drag,1002,368
113.245,113.245,NoButton,Drag,961,380
113.262,113.262,NoButton,Drag,925,391
113.279,113.279,NoButton,Drag,895,399
113.295,113.295,NoButton,Drag,870,406
113.311,113.311,NoButton,Drag,846,414
113.328,113.328,NoButton,Drag,833,419
113.345,113.345,NoButton,Drag,821,423
113.361,113.361,NoButton,Drag,810,428
113.378,113.378,NoButton,Drag,800,432
113.395,113.395,NoButton,Drag,790,436
113.414,113.414,NoButton,Drag,776,440
113.43,113.43,NoButton,Drag,762,443
113.446,113.446,NoButton,Drag,748,447
113.463,113.463,NoButton,Drag,730,451
113.48,113.48,NoButton,Drag,715,452
113.497,113.497,NoButton,Drag,700,452
113.514,113.514,NoButton,Drag,685,452
113.531,113.531,NoButton,Drag,670,452
113.547,113.547,NoButton,Drag,648,449
113.563,113.563,NoButton,Drag,632,447
113.58,113.58,NoButton,Drag,616,444
113.597,113.597,NoButton,Drag,600,443
113.614,113.614,NoButton,Drag,584,442
113.63,113.63,NoButton,Drag,568,442
113.648,113.648,NoButton,Drag,551,442
113.665,113.665,NoButton,Drag,540,442
113.682,113.682,NoButton,Drag,532,442
113.699,113.699,NoButton,Drag,527,443
113.715,113.715,NoButton,Drag,524,444
113.732,113.732,NoButton,Drag,522,444
113.81,113.81,NoButton,Drag,521,444
113.821,113.821,NoButton,Drag,521,444
113.832,113.832,NoButton,Drag,521,444
113.849,113.849,NoButton,Drag,520,444
113.865,113.865,NoButton,Drag,520,444
113.882,113.882,NoButton,Drag,518,444
113.899,113.899,NoButton,Drag,516,444
113.915,113.915,NoButton,Drag,513,444
113.933,113.933,NoButton,Drag,510,444
113.949,113.949,NoButton,Drag,502,442
113.966,113.966,NoButton,Drag,487,440
113.983,113.983,NoButton,Drag,472,438
113.999,113.999,NoButton,Drag,458,436
114.015,114.015,NoButton,Drag,445,433
114.032,114.032,NoButton,Drag,432,429
114.049,114.049,NoButton,Drag,423,426
114.066,114.066,NoButton,Drag,422,425
114.083,114.083,NoButton,Drag,421,424
114.1,114.1,NoButton,Drag,421,422
114.116,114.116,NoButton,Drag,421,420
114.133,114.133,NoButton,Drag,422,417
114.15,114.15,NoButton,Drag,423,413
114.166,114.166,NoButton,Drag,423,411
114.183,114.183,NoButton,Drag,425,409
114.2,114.2,NoButton,Drag,427,407
114.216,114.216,NoButton,Drag,428,405
114.233,114.233,NoButton,Drag,429,403
114.249,114.249,NoButton,Drag,432,400
114.266,114.266,NoButton,Drag,434,398
114.284,114.284,NoButton,Drag,436,396
114.3,114.3,NoButton,Drag,439,394
114.316,114.316,NoButton,Drag,441,392
114.333,114.333,NoButton,Drag,442,391
114.35,114.35,NoButton,Drag,443,390
114.366,114.366,NoButton,Drag,444,390
114.383,114.383,NoButton,Drag,445,389
114.399,114.399,NoButton,Drag,446,388
114.415,114.415,NoButton,Drag,448,387
114.432,114.432,NoButton,Drag,449,387
114.472,114.472,Left,Pressed,449,387
114.495,114.495,NoButton,Drag,449,387
114.571,114.571,NoButton,Drag,449,387
114.587,114.587,NoButton,Drag,449,387
114.595,114.595,NoButton,Drag,450,387
114.599,114.599,NoButton,Drag,450,387
114.603,114.603,NoButton,Drag,450,387
114.607,114.607,NoButton,Drag,450,387
114.611,114.611,NoButton,Drag,451,387
114.615,114.615,NoButton,Drag,452,388
114.619,114.619,NoButton,Drag,452,388
114.623,114.623,NoButton,Drag,454,388
114.627,114.627,NoButton,Drag,455,388
114.634,114.634,NoButton,Drag,456,389
114.635,114.635,NoButton,Drag,458,389
114.639,114.639,NoButton,Drag,460,390
114.643,114.643,NoButton,Drag,463,391
114.647,114.647,NoButton,Drag,466,392
114.651,114.651,NoButton,Drag,470,393
114.655,114.655,NoButton,Drag,474,393
114.659,114.659,NoButton,Drag,478,394
114.663,114.663,NoButton,Drag,483,395
114.667,114.667,NoButton,Drag,489,395
114.671,114.671,NoButton,Drag,496,396
114.675,114.675,NoButton,Drag,504,396
114.679,114.679,NoButton,Drag,513,396
114.683,114.683,NoButton,Drag,522,397
114.687,114.687,NoButton,Drag,531,397
114.691,114.691,NoButton,Drag,542,398
114.695,114.695,NoButton,Drag,554,399
114.699,114.699,NoButton,Drag,566,399
114.703,114.703,NoButton,Drag,580,399
114.707,114.707,NoButton,Drag,595,400
114.711,114.711,NoButton,Drag,610,400
114.715,114.715,NoButton,Drag,626,401
114.719,114.719,NoButton,Drag,644,401
114.723,114.723,NoButton,Drag,662,401
114.727,114.727,NoButton,Drag,681,402
114.732,114.732,NoButton,Drag,701,403
114.735,114.735,NoButton,Drag,720,403
114.739,114.739,NoButton,Drag,740,403
114.743,114.743,NoButton,Drag,759,404
114.747,114.747,NoButton,Drag,780,404
114.751,114.751,NoButton,Drag,800,404
114.755,114.755,NoButton,Drag,820,405
114.759,114.759,NoButton,Drag,841,406
114.763,114.763,NoButton,Drag,860,407
114.767,114.767,NoButton,Drag,879,407
114.771,114.771,NoButton,Drag,899,407
114.775,114.775,NoButton,Drag,918,408
114.779,114.779,NoButton,Drag,937,408
114.783,114.783,NoButton,Drag,957,408
114.787,114.787,NoButton,Drag,976,409
114.791,114.791,NoButton,Drag,994,410
114.795,114.795,NoButton,Drag,1011,410
114.799,114.799,NoButton,Drag,1027,410
114.803,114.803,NoButton,Drag,1041,410
114.807,114.807,NoButton,Drag,1055,410
114.811,114.811,NoButton,Drag,1067,411
114.815,114.815,NoButton,Drag,1077,411
114.819,114.819,NoButton,Drag,1088,411
114.823,114.823,NoButton,Drag,1098,411
114.827,114.827,NoButton,Drag,1107,412
114.832,114.832,NoButton,Drag,1115,413
114.835,114.835,NoButton,Drag,1123,413
114.839,114.839,NoButton,Drag,1131,413
114.843,114.843,NoButton,Drag,1137,414
114.847,114.847,NoButton,Drag,1143,414
114.851,114.851,NoButton,Drag,1148,415
114.855,114.855,NoButton,Drag,1153,415
114.859,114.859,NoButton,Drag,1158,416
114.863,114.863,NoButton,Drag,1161,417
114.867,114.867,NoButton,Drag,1165,418
114.871,114.871,NoButton,Drag,1169,418
114.875,114.875,NoButton,Drag,1172,419
114.877,114.877,NoButton,Drag,1174,420
114.882,114.882,NoButton,Drag,1177,421
114.885,114.885,NoButton,Drag,1179,421
114.889,114.889,NoButton,Drag,1182,422
114.893,114.893,NoButton,Drag,1184,422
114.897,114.897,NoButton,Drag,1186,423
114.901,114.901,NoButton,Drag,1187,423
114.905,114.905,NoButton,Drag,1189,424
114.909,114.909,NoButton,Drag,1191,424
114.913,114.913,NoButton,Drag,1192,425
114.917,114.917,NoButton,Drag,1193,425
114.921,114.921,NoButton,Drag,1195,426
114.925,114.925,NoButton,Drag,1196,427
114.929,114.929,NoButton,Drag,1198,428
114.933,114.933,NoButton,Drag,1199,428
114.937,114.937,NoButton,Drag,1200,428
114.941,114.941,NoButton,Drag,1201,429
114.945,114.945,NoButton,Drag,1202,430
114.949,114.949,NoButton,Drag,1203,430
114.953,114.953,NoButton,Drag,1204,431
114.957,114.957,NoButton,Drag,1205,431
114.961,114.961,NoButton,Drag,1206,432
114.965,114.965,NoButton,Drag,1206,432
114.969,114.969,NoButton,Drag,1207,433
114.973,114.973,NoButton,Drag,1208,433
114.977,114.977,NoButton,Drag,1209,433
114.982,114.982,NoButton,Drag,1209,434
114.985,114.985,NoButton,Drag,1210,434
114.989,114.989,NoButton,Drag,1210,434
114.993,114.993,NoButton,Drag,1211,435
114.997,114.997,NoButton,Drag,1212,435
115.001,115.001,NoButton,Drag,1213,435
115.005,115.005,NoButton,Drag,1213,435
115.009,115.009,NoButton,Drag,1214,436
115.013,115.013,NoButton,Drag,1215,436
115.017,115.017,NoButton,Drag,1216,436
115.021,115.021,NoButton,Drag,1218,436
115.025,115.025,NoButton,Drag,1219,436
115.029,115.029,NoButton,Drag,1220,436
115.033,115.033,NoButton,Drag,1222,436
115.037,115.037,NoButton,Drag,1224,436
115.041,115.041,NoButton,Drag,1225,436
115.045,115.045,NoButton,Drag,1227,436
115.049,115.049,NoButton,Drag,1230,436
115.053,115.053,NoButton,Drag,1232,436
115.057,115.057,NoButton,Drag,1234,436
115.061,115.061,NoButton,Drag,1236,436
115.065,115.065,NoButton,Drag,1238,436
115.069,115.069,NoButton,Drag,1241,436
115.073,115.073,NoButton,Drag,1244,436
115.077,115.077,NoButton,Drag,1246,436
115.082,115.082,NoButton,Drag,1248,436
115.085,115.085,NoButton,Drag,1250,436
115.089,115.089,NoButton,Drag,1252,436
115.093,115.093,NoButton,Drag,1254,436
115.097,115.097,NoButton,Drag,1257,436
115.101,115.101,NoButton,Drag,1259,436
115.105,115.105,NoButton,Drag,1260,436
115.109,115.109,NoButton,Drag,1262,436
115.113,115.113,NoButton,Drag,1264,436
115.117,115.117,NoButton,Drag,1265,436
115.121,115.121,NoButton,Drag,1267,436
115.125,115.125,NoButton,Drag,1268,436
115.129,115.129,NoButton,Drag,1270,436
115.133,115.133,NoButton,Drag,1272,436
115.137,115.137,NoButton,Drag,1273,436
115.141,115.141,NoButton,Drag,1275,436
115.145,115.145,NoButton,Drag,1277,436
115.149,115.149,NoButton,Drag,1278,436
115.153,115.153,NoButton,Drag,1279,436
115.157,115.157,NoButton,Drag,1281,436
115.161,115.161,NoButton,Drag,1282,436
115.165,115.165,NoButton,Drag,1284,436
115.169,115.169,NoButton,Drag,1285,436
115.173,115.173,NoButton,Drag,1286,436
115.177,115.177,NoButton,Drag,1288,436
115.182,115.182,NoButton,Drag,1289,436
115.185,115.185,NoButton,Drag,1291,436
115.189,115.189,NoButton,Drag,1292,436
115.193,115.193,NoButton,Drag,1293,436
115.197,115.197,NoButton,Drag,1295,436
115.201,115.201,NoButton,Drag,1296,436
115.205,115.205,NoButton,Drag,1297,436
115.209,115.209,NoButton,Drag,1298,437
115.213,115.213,NoButton,Drag,1299,437
115.217,115.217,NoButton,Drag,1300,437
115.221,115.221,NoButton,Drag,1301,437
115.225,115.225,NoButton,Drag,1301,437
115.229,115.229,NoButton,Drag,1302,438
115.233,115.233,NoButton,Drag,1302,438
115.237,115.237,NoButton,Drag,1303,438
115.241,115.241,NoButton,Drag,1303,438
115.285,115.285,NoButton,Drag,1303,438
115.305,115.305,NoButton,Drag,1303,438
115.309,115.309,NoButton,Drag,1304,438
115.313,115.313,NoButton,Drag,1304,438
115.321,115.321,NoButton,Drag,1304,438
115.325,115.325,NoButton,Drag,1304,439
115.333,115.333,NoButton,Drag,1304,439
115.337,115.337,NoButton,Drag,1304,439
115.447,115.447,Left,Released,1304,439
115.471,115.471,NoButton,Drag,1304,439
115.484,115.484,NoButton,Drag,1304,439
115.5,115.5,NoButton,Drag,1302,438
115.517,115.517,NoButton,Drag,1301,438
115.534,115.534,NoButton,Drag,1299,438
115.55,115.55,NoButton,Drag,1297,438
115.568,115.568,NoButton,Drag,1291,440
115.586,115.586,NoButton,Drag,1285,441
115.6,115.6,NoButton,Drag,1277,444
115.617,115.617,NoButton,Drag,1266,446
115.635,115.635,NoButton,Drag,1253,449
115.65,115.65,NoButton,Drag,1237,453
115.667,115.667,NoButton,Drag,1219,458
115.684,115.684,NoButton,Drag,1191,465
115.701,115.701,NoButton,Drag,1166,471
115.718,115.718,NoButton,Drag,1142,476
115.738,115.738,NoButton,Drag,1114,483
115.755,115.755,NoButton,Drag,1096,486
115.77,115.77,NoButton,Drag,1081,490
115.788,115.788,NoButton,Drag,1068,493
115.802,115.802,NoButton,Drag,1057,496
115.817,115.817,NoButton,Drag,1046,498
115.834,115.834,NoButton,Drag,1036,500
115.851,115.851,NoButton,Drag,1024,502
115.867,115.867,NoButton,Drag,1007,504
115.884,115.884,NoButton,Drag,992,506
115.901,115.901,NoButton,Drag,976,508
115.919,115.919,NoButton,Drag,956,510
115.936,115.936,NoButton,Drag,928,515
115.954,115.954,NoButton,Drag,903,518
115.97,115.97,NoButton,Drag,879,521
115.993,115.993,NoButton,Drag,848,524
116.006,116.006,NoButton,Drag,823,527
116.02,116.02,NoButton,Drag,794,531
116.037,116.037,NoButton,Drag,759,536
116.053,116.053,NoButton,Drag,725,538
116.069,116.069,NoButton,Drag,693,541
116.086,116.086,NoButton,Drag,659,544
116.102,116.102,NoButton,Drag,640,546
116.119,116.119,NoButton,Drag,627,547
116.136,116.136,NoButton,Drag,619,548
116.153,116.153,NoButton,Drag,616,548
116.17,116.17,NoButton,Drag,615,548
116.187,116.187,NoButton,Drag,615,548
116.203,116.203,NoButton,Drag,615,548
116.294,116.294,NoButton,Drag,614,548
116.297,116.297,NoButton,Drag,614,548
116.304,116.304,NoButton,Drag,614,548
116.32,116.32,NoButton,Drag,610,548
116.336,116.336,NoButton,Drag,603,548
116.353,116.353,NoButton,Drag,591,548
116.37,116.37,NoButton,Drag,566,547
116.387,116.387,NoButton,Drag,539,546
116.403,116.403,NoButton,Drag,509,545
116.426,116.426,NoButton,Drag,470,543
116.451,116.451,NoButton,Drag,431,540
116.467,116.467,NoButton,Drag,411,536
116.483,116.483,NoButton,Drag,398,533
116.494,116.494,NoButton,Drag,393,531
116.51,116.51,NoButton,Drag,391,530
116.526,116.526,NoButton,Drag,390,529
116.539,116.539,NoButton,Drag,390,529
116.553,116.553,NoButton,Drag,390,528
116.57,116.57,NoButton,Drag,390,528
116.588,116.588,NoButton,Drag,390,527
116.603,116.603,NoButton,Drag,391,525
116.621,116.621,NoButton,Drag,391,522
116.637,116.637,NoButton,Drag,392,519
116.653,116.653,NoButton,Drag,393,514
116.67,116.67,NoButton,Drag,393,509
116.687,116.687,NoButton,Drag,393,502
116.704,116.704,NoButton,Drag,393,496
116.72,116.72,NoButton,Drag,392,492
116.737,116.737,NoButton,Drag,391,490
116.753,116.753,NoButton,Drag,389,488
116.77,116.77,NoButton,Drag,388,487
116.787,116.787,NoButton,Drag,387,487
116.804,116.804,NoButton,Drag,385,486
116.82,116.82,NoButton,Drag,383,486
116.838,116.838,NoButton,Drag,380,486
116.854,116.854,NoButton,Drag,377,486
116.871,116.871,NoButton,Drag,373,486
116.887,116.887,NoButton,Drag,369,485
116.901,116.901,NoButton,Drag,365,485
116.918,116.918,NoButton,Drag,360,484
116.934,116.934,NoButton,Drag,355,482
116.951,116.951,NoButton,Drag,351,481
116.968,116.968,NoButton,Drag,346,480
116.984,116.984,NoButton,Drag,343,479
117.001,117.001,NoButton,Drag,338,478
117.017,117.017,NoButton,Drag,335,477
117.034,117.034,NoButton,Drag,331,476
117.051,117.051,NoButton,Drag,328,476
117.068,117.068,NoButton,Drag,325,476
117.085,117.085,NoButton,Drag,323,476
117.102,117.102,NoButton,Drag,323,476
117.234,117.234,NoButton,Drag,323,476
117.278,117.278,Left,Pressed,323,476
117.279,117.279,NoButton,Drag,323,476
117.41,117.41,NoButton,Drag,323,476
117.413,117.413,NoButton,Drag,323,476
117.417,117.417,NoButton,Drag,323,476
117.421,117.421,NoButton,Drag,324,476
117.425,117.425,NoButton,Drag,324,477
117.429,117.429,NoButton,Drag,325,477
117.433,117.433,NoButton,Drag,326,477
117.437,117.437,NoButton,Drag,326,477
117.441,117.441,NoButton,Drag,328,477
117.446,117.446,NoButton,Drag,329,478
117.449,117.449,NoButton,Drag,330,478
117.453,117.453,NoButton,Drag,332,478
117.457,117.457,NoButton,Drag,334,479
117.461,117.461,NoButton,Drag,336,479
117.465,117.465,NoButton,Drag,339,480
117.469,117.469,NoButton,Drag,342,481
117.473,117.473,NoButton,Drag,345,481
117.477,117.477,NoButton,Drag,348,482
117.481,117.481,NoButton,Drag,352,482
117.485,117.485,NoButton,Drag,356,483
117.489,117.489,NoButton,Drag,360,483
117.493,117.493,NoButton,Drag,365,484
117.497,117.497,NoButton,Drag,370,484
117.501,117.501,NoButton,Drag,375,485
117.506,117.506,NoButton,Drag,381,486
117.509,117.509,NoButton,Drag,387,486
117.513,117.513,NoButton,Drag,392,487
117.517,117.517,NoButton,Drag,399,488
117.521,117.521,NoButton,Drag,406,489
117.525,117.525,NoButton,Drag,412,489
117.529,117.529,NoButton,Drag,419,490
117.533,117.533,NoButton,Drag,427,491
117.537,117.537,NoButton,Drag,434,492
117.541,117.541,NoButton,Drag,442,493
117.545,117.545,NoButton,Drag,450,495
117.549,117.549,NoButton,Drag,458,496
117.553,117.553,NoButton,Drag,467,497
117.557,117.557,NoButton,Drag,475,499
117.561,117.561,NoButton,Drag,484,500
117.565,117.565,NoButton,Drag,493,501
117.569,117.569,NoButton,Drag,502,503
117.573,117.573,NoButton,Drag,511,504
117.577,117.577,NoButton,Drag,519,506
117.581,117.581,NoButton,Drag,528,507
117.585,117.585,NoButton,Drag,537,509
117.589,117.589,NoButton,Drag,546,511
117.593,117.593,NoButton,Drag,556,513
117.597,117.597,NoButton,Drag,565,514
117.601,117.601,NoButton,Drag,573,515
117.606,117.606,NoButton,Drag,582,517
117.61,117.61,NoButton,Drag,591,519
117.613,117.613,NoButton,Drag,600,520
117.617,117.617,NoButton,Drag,609,523
117.621,117.621,NoButton,Drag,618,524
117.625,117.625,NoButton,Drag,627,526
117.629,117.629,NoButton,Drag,635,528
117.633,117.633,NoButton,Drag,645,529
117.637,117.637,NoButton,Drag,654,530
117.641,117.641,NoButton,Drag,663,531
117.645,117.645,NoButton,Drag,672,533
117.649,117.649,NoButton,Drag,681,535
117.653,117.653,NoButton,Drag,688,537
117.657,117.657,NoButton,Drag,697,538
117.661,117.661,NoButton,Drag,705,539
117.665,117.665,NoButton,Drag,712,540
117.669,117.669,NoButton,Drag,720,541
117.673,117.673,NoButton,Drag,727,542
117.677,117.677,NoButton,Drag,733,543
117.681,117.681,NoButton,Drag,740,545
117.685,117.685,NoButton,Drag,746,546
117.689,117.689,NoButton,Drag,752,548
117.693,117.693,NoButton,Drag,759,549
117.697,117.697,NoButton,Drag,765,550
117.701,117.701,NoButton,Drag,771,551
117.706,117.706,NoButton,Drag,777,552
117.709,117.709,NoButton,Drag,783,554
117.713,117.713,NoButton,Drag,788,555
117.717,117.717,NoButton,Drag,794,556
117.719,117.719,NoButton,Drag,800,557
117.723,117.723,NoButton,Drag,805,558
117.727,117.727,NoButton,Drag,809,559
117.731,117.731,NoButton,Drag,814,561
117.735,117.735,NoButton,Drag,818,562
117.739,117.739,NoButton,Drag,823,563
117.743,117.743,NoButton,Drag,827,564
117.747,117.747,NoButton,Drag,832,565
117.751,117.751,NoButton,Drag,836,566
117.756,117.756,NoButton,Drag,840,568
117.759,117.759,NoButton,Drag,845,568
117.763,117.763,NoButton,Drag,849,569
117.767,117.767,NoButton,Drag,853,570
117.771,117.771,NoButton,Drag,856,571
117.776,117.776,NoButton,Drag,860,572
117.779,117.779,NoButton,Drag,863,573
117.783,117.783,NoButton,Drag,866,574
117.787,117.787,NoButton,Drag,869,575
117.791,117.791,NoButton,Drag,872,575
117.795,117.795,NoButton,Drag,875,576
117.799,117.799,NoButton,Drag,878,577
117.803,117.803,NoButton,Drag,880,577
117.807,117.807,NoButton,Drag,883,578
117.811,117.811,NoButton,Drag,885,579
117.815,117.815,NoButton,Drag,887,579
117.819,117.819,NoButton,Drag,889,579
117.823,117.823,NoButton,Drag,891,580
117.827,117.827,NoButton,Drag,893,580
117.831,117.831,NoButton,Drag,895,581
117.835,117.835,NoButton,Drag,896,581
117.84,117.84,NoButton,Drag,898,581
117.843,117.843,NoButton,Drag,900,582
117.847,117.847,NoButton,Drag,901,582
117.851,117.851,NoButton,Drag,903,583
117.856,117.856,NoButton,Drag,905,583
117.859,117.859,NoButton,Drag,906,584
117.865,117.865,NoButton,Drag,908,584
117.867,117.867,NoButton,Drag,910,584
117.871,117.871,NoButton,Drag,912,585
117.875,117.875,NoButton,Drag,914,585
117.879,117.879,NoButton,Drag,916,585
117.883,117.883,NoButton,Drag,918,586
117.887,117.887,NoButton,Drag,920,586
117.891,117.891,NoButton,Drag,923,586
117.895,117.895,NoButton,Drag,925,586
117.899,117.899,NoButton,Drag,928,586
117.903,117.903,NoButton,Drag,930,586
117.907,117.907,NoButton,Drag,933,586
117.911,117.911,NoButton,Drag,935,586
117.915,117.915,NoButton,Drag,938,586
117.919,117.919,NoButton,Drag,941,586
117.923,117.923,NoButton,Drag,944,586
117.927,117.927,NoButton,Drag,948,586
117.931,117.931,NoButton,Drag,952,586
117.935,117.935,NoButton,Drag,955,586
117.939,117.939,NoButton,Drag,959,586
117.943,117.943,NoButton,Drag,963,585
117.947,117.947,NoButton,Drag,966,585
117.951,117.951,NoButton,Drag,971,584
117.956,117.956,NoButton,Drag,975,583
117.959,117.959,NoButton,Drag,980,582
117.963,117.963,NoButton,Drag,984,581
117.967,117.967,NoButton,Drag,989,580
117.971,117.971,NoButton,Drag,994,580
117.975,117.975,NoButton,Drag,998,579
117.979,117.979,NoButton,Drag,1003,578
117.983,117.983,NoButton,Drag,1008,577
117.987,117.987,NoButton,Drag,1013,576
117.991,117.991,NoButton,Drag,1017,575
117.995,117.995,NoButton,Drag,1022,574
117.999,117.999,NoButton,Drag,1027,573
118.003,118.003,NoButton,Drag,1031,572
118.007,118.007,NoButton,Drag,1036,571
118.011,118.011,NoButton,Drag,1041,570
118.015,118.015,NoButton,Drag,1045,568
118.019,118.019,NoButton,Drag,1050,568
118.023,118.023,NoButton,Drag,1054,566
118.027,118.027,NoButton,Drag,1059,565
118.031,118.031,NoButton,Drag,1063,565
118.035,118.035,NoButton,Drag,1067,564
118.039,118.039,NoButton,Drag,1071,562
118.043,118.043,NoButton,Drag,1075,561
118.047,118.047,NoButton,Drag,1080,560
118.051,118.051,NoButton,Drag,1084,559
118.056,118.056,NoButton,Drag,1088,559
118.059,118.059,NoButton,Drag,1092,558
118.063,118.063,NoButton,Drag,1096,557
118.067,118.067,NoButton,Drag,1099,556
118.071,118.071,NoButton,Drag,1103,555
118.075,118.075,NoButton,Drag,1107,554
118.079,118.079,NoButton,Drag,1110,553
118.083,118.083,NoButton,Drag,1113,552
118.087,118.087,NoButton,Drag,1116,551
118.091,118.091,NoButton,Drag,1119,550
118.095,118.095,NoButton,Drag,1122,549
118.099,118.099,NoButton,Drag,1125,549
118.103,118.103,NoButton,Drag,1128,548
118.107,118.107,NoButton,Drag,1131,547
118.111,118.111,NoButton,Drag,1134,546
118.115,118.115,NoButton,Drag,1137,546
118.119,118.119,NoButton,Drag,1140,545
118.123,118.123,NoButton,Drag,1142,544
118.127,118.127,NoButton,Drag,1145,543
118.131,118.131,NoButton,Drag,1148,543
118.135,118.135,NoButton,Drag,1151,542
118.139,118.139,NoButton,Drag,1153,541
118.143,118.143,NoButton,Drag,1156,540
118.147,118.147,NoButton,Drag,1158,540
118.151,118.151,NoButton,Drag,1161,539
118.156,118.156,NoButton,Drag,1163,538
118.159,118.159,NoButton,Drag,1166,537
118.163,118.163,NoButton,Drag,1169,537
118.167,118.167,NoButton,Drag,1171,536
118.171,118.171,NoButton,Drag,1174,535
118.175,118.175,NoButton,Drag,1176,535
118.179,118.179,NoButton,Drag,1178,534
118.183,118.183,NoButton,Drag,1181,533
118.187,118.187,NoButton,Drag,1184,533
118.191,118.191,NoButton,Drag,1186,532
118.195,118.195,NoButton,Drag,1188,531
118.199,118.199,NoButton,Drag,1191,531
118.203,118.203,NoButton,Drag,1193,530
118.207,118.207,NoButton,Drag,1196,529
118.211,118.211,NoButton,Drag,1198,529
118.215,118.215,NoButton,Drag,1200,528
118.219,118.219,NoButton,Drag,1202,527
118.223,118.223,NoButton,Drag,1204,527
118.227,118.227,NoButton,Drag,1206,526
118.231,118.231,NoButton,Drag,1209,525
118.235,118.235,NoButton,Drag,1211,525
118.239,118.239,NoButton,Drag,1212,524
118.243,118.243,NoButton,Drag,1214,524
118.247,118.247,NoButton,Drag,1216,523
118.251,118.251,NoButton,Drag,1217,522
118.256,118.256,NoButton,Drag,1219,522
118.259,118.259,NoButton,Drag,1220,521
118.263,118.263,NoButton,Drag,1221,520
118.267,118.267,NoButton,Drag,1222,520
118.271,118.271,NoButton,Drag,1223,519
118.275,118.275,NoButton,Drag,1224,519
118.279,118.279,NoButton,Drag,1225,518
118.283,118.283,NoButton,Drag,1226,518
118.287,118.287,NoButton,Drag,1226,518
118.289,118.289,NoButton,Drag,1227,517
118.293,118.293,NoButton,Drag,1227,517
118.297,118.297,NoButton,Drag,1228,517
118.301,118.301,NoButton,Drag,1228,516
118.306,118.306,NoButton,Drag,1228,516
118.309,118.309,NoButton,Drag,1228,516
118.313,118.313,NoButton,Drag,1229,516
118.317,118.317,NoButton,Drag,1229,516
118.321,118.321,NoButton,Drag,1229,516
118.325,118.325,NoButton,Drag,1229,515
118.333,118.333,NoButton,Drag,1229,515
118.337,118.337,NoButton,Drag,1230,515
118.341,118.341,NoButton,Drag,1230,515
118.345,118.345,NoButton,Drag,1230,515
118.353,118.353,NoButton,Drag,1230,514
118.361,118.361,NoButton,Drag,1230,514
118.365,118.365,NoButton,Drag,1230,514
118.369,118.369,NoButton,Drag,1230,514
118.373,118.373,NoButton,Drag,1230,514
118.377,118.377,NoButton,Drag,1230,513
118.381,118.381,NoButton,Drag,1230,513
118.385,118.385,NoButton,Drag,1231,513
118.393,118.393,NoButton,Drag,1231,513
118.397,118.397,NoButton,Drag,1231,512
118.401,118.401,NoButton,Drag,1231,512
118.406,118.406,NoButton,Drag,1232,512
118.409,118.409,NoButton,Drag,1232,512
118.413,118.413,NoButton,Drag,1232,511
118.417,118.417,NoButton,Drag,1232,511
118.421,118.421,NoButton,Drag,1232,511
118.425,118.425,NoButton,Drag,1233,511
118.429,118.429,NoButton,Drag,1233,510
118.433,118.433,NoButton,Drag,1233,510
118.437,118.437,NoButton,Drag,1233,510
118.441,118.441,NoButton,Drag,1234,510
118.445,118.445,NoButton,Drag,1234,510
118.449,118.449,NoButton,Drag,1234,509
118.453,118.453,NoButton,Drag,1234,509
118.457,118.457,NoButton,Drag,1235,509
118.461,118.461,NoButton,Drag,1235,509
118.465,118.465,NoButton,Drag,1236,508
118.469,118.469,NoButton,Drag,1236,508
118.473,118.473,NoButton,Drag,1237,508
118.477,118.477,NoButton,Drag,1237,508
118.481,118.481,NoButton,Drag,1238,507
118.485,118.485,NoButton,Drag,1238,507
118.489,118.489,NoButton,Drag,1239,507
118.493,118.493,NoButton,Drag,1239,506
118.497,118.497,NoButton,Drag,1240,506
118.501,118.501,NoButton,Drag,1241,506
118.506,118.506,NoButton,Drag,1242,506
118.509,118.509,NoButton,Drag,1242,505
118.513,118.513,NoButton,Drag,1244,505
118.517,118.517,NoButton,Drag,1245,505
118.521,118.521,NoButton,Drag,1246,504
118.525,118.525,NoButton,Drag,1247,504
118.529,118.529,NoButton,Drag,1248,504
118.533,118.533,NoButton,Drag,1249,504
118.537,118.537,NoButton,Drag,1251,503
118.541,118.541,NoButton,Drag,1252,503
118.545,118.545,NoButton,Drag,1254,502
118.549,118.549,NoButton,Drag,1256,502
118.553,118.553,NoButton,Drag,1257,501
118.557,118.557,NoButton,Drag,1258,501
118.561,118.561,NoButton,Drag,1260,501
118.565,118.565,NoButton,Drag,1261,500
118.569,118.569,NoButton,Drag,1262,500
118.573,118.573,NoButton,Drag,1263,499
118.577,118.577,NoButton,Drag,1265,499
118.581,118.581,NoButton,Drag,1265,499
118.585,118.585,NoButton,Drag,1266,499
118.589,118.589,NoButton,Drag,1267,498
118.593,118.593,NoButton,Drag,1268,498
118.597,118.597,NoButton,Drag,1269,498
118.601,118.601,NoButton,Drag,1269,498
118.606,118.606,NoButton,Drag,1270,498
118.613,118.613,NoButton,Drag,1270,497
118.617,118.617,NoButton,Drag,1271,497
118.625,118.625,NoButton,Drag,1271,497
118.629,118.629,NoButton,Drag,1271,497
118.633,118.633,NoButton,Drag,1272,497
118.645,118.645,NoButton,Drag,1272,497
118.657,118.657,NoButton,Drag,1272,497
118.661,118.661,NoButton,Drag,1272,497
118.669,118.669,NoButton,Drag,1273,497
118.677,118.677,NoButton,Drag,1273,497
118.685,118.685,NoButton,Drag,1273,497
118.69,118.69,NoButton,Drag,1273,497
118.697,118.697,NoButton,Drag,1274,497
118.705,118.705,NoButton,Drag,1274,497
118.717,118.717,NoButton,Drag,1274,497
118.729,118.729,NoButton,Drag,1274,496
118.834,118.834,NoButton,Drag,1275,496
119.694,119.694,Left,Released,1275,496
119.721,119.721,NoButton,Drag,1275,496
119.754,119.754,NoButton,Drag,1274,496
119.765,119.765,NoButton,Drag,1274,496
119.774,119.774,NoButton,Drag,1274,496
119.791,119.791,NoButton,Drag,1272,496
119.808,119.808,NoButton,Drag,1271,497
119.825,119.825,NoButton,Drag,1267,498
119.841,119.841,NoButton,Drag,1260,500
119.858,119.858,NoButton,Drag,1248,504
119.875,119.875,NoButton,Drag,1234,508
119.892,119.892,NoButton,Drag,1214,515
119.911,119.911,NoButton,Drag,1184,523
119.928,119.928,NoButton,Drag,1154,532
119.944,119.944,NoButton,Drag,1114,544
119.96,119.96,NoButton,Drag,1071,559
119.977,119.977,NoButton,Drag,1013,577
119.994,119.994,NoButton,Drag,968,592
120.011,120.011,NoButton,Drag,922,607
120.027,120.027,NoButton,Drag,875,623
120.044,120.044,NoButton,Drag,818,641
120.061,120.061,NoButton,Drag,773,655
120.078,120.078,NoButton,Drag,735,666
120.094,120.094,NoButton,Drag,706,674
120.111,120.111,NoButton,Drag,678,682
120.127,120.127,NoButton,Drag,650,688
120.144,120.144,NoButton,Drag,620,695
120.16,120.16,NoButton,Drag,604,699
120.179,120.179,NoButton,Drag,594,701
120.196,120.196,NoButton,Drag,593,702
120.231,120.231,NoButton,Drag,593,702
120.247,120.247,NoButton,Drag,592,702
120.264,120.264,NoButton,Drag,592,702
120.28,120.28,NoButton,Drag,592,701
120.296,120.296,NoButton,Drag,592,700
120.314,120.314,NoButton,Drag,592,700
120.33,120.33,NoButton,Drag,592,699
120.346,120.346,NoButton,Drag,592,697
120.364,120.364,NoButton,Drag,593,695
120.379,120.379,NoButton,Drag,593,692
120.396,120.396,NoButton,Drag,593,689
120.414,120.414,NoButton,Drag,592,688
120.431,120.431,NoButton,Drag,590,686
120.447,120.447,NoButton,Drag,589,684
120.464,120.464,NoButton,Drag,588,683
120.481,120.481,NoButton,Drag,587,683
120.498,120.498,NoButton,Drag,587,683
120.515,120.515,NoButton,Drag,587,682
120.531,120.531,NoButton,Drag,586,682
120.547,120.547,NoButton,Drag,584,681
120.564,120.564,NoButton,Drag,581,681
120.581,120.581,NoButton,Drag,575,681
120.597,120.597,NoButton,Drag,564,682
120.615,120.615,NoButton,Drag,556,682
120.631,120.631,NoButton,Drag,549,682
120.648,120.648,NoButton,Drag,542,682
120.665,120.665,NoButton,Drag,534,683
120.681,120.681,NoButton,Drag,525,683
120.698,120.698,NoButton,Drag,519,683
120.715,120.715,NoButton,Drag,515,683
120.732,120.732,NoButton,Drag,514,683
120.822,120.822,NoButton,Drag,514,682
120.833,120.833,NoButton,Drag,514,682
120.848,120.848,NoButton,Drag,514,682
120.866,120.866,NoButton,Drag,514,681
120.882,120.882,NoButton,Drag,513,681
120.898,120.898,NoButton,Drag,512,680
120.917,120.917,NoButton,Drag,511,679
120.934,120.934,NoButton,Drag,510,679
120.95,120.95,NoButton,Drag,509,678
120.968,120.968,NoButton,Drag,507,677
120.984,120.984,NoButton,Drag,506,677
121,121,NoButton,Drag,505,676
121.018,121.018,NoButton,Drag,505,676
121.034,121.034,NoButton,Drag,504,675
121.051,121.051,NoButton,Drag,503,675
121.068,121.068,NoButton,Drag,503,675
121.083,121.083,NoButton,Drag,502,675
121.101,121.101,NoButton,Drag,501,675
121.118,121.118,NoButton,Drag,501,675
121.164,121.164,Left,Pressed,501,675
121.284,121.284,NoButton,Drag,501,675
121.287,121.287,NoButton,Drag,501,675
121.291,121.291,NoButton,Drag,502,675
121.295,121.295,NoButton,Drag,503,675
121.299,121.299,NoButton,Drag,503,676
121.303,121.303,NoButton,Drag,504,676
121.307,121.307,NoButton,Drag,505,676
121.311,121.311,NoButton,Drag,507,676
121.315,121.315,NoButton,Drag,508,676
121.319,121.319,NoButton,Drag,510,676
121.323,121.323,NoButton,Drag,512,676
121.327,121.327,NoButton,Drag,514,676
121.331,121.331,NoButton,Drag,517,677
121.336,121.336,NoButton,Drag,519,677
121.339,121.339,NoButton,Drag,522,677
121.343,121.343,NoButton,Drag,525,678
121.347,121.347,NoButton,Drag,529,678
121.351,121.351,NoButton,Drag,532,678
121.355,121.355,NoButton,Drag,537,678
121.359,121.359,NoButton,Drag,542,678
121.363,121.363,NoButton,Drag,546,679
121.367,121.367,NoButton,Drag,550,679
121.371,121.371,NoButton,Drag,556,680
121.375,121.375,NoButton,Drag,561,680
121.379,121.379,NoButton,Drag,566,680
121.386,121.386,NoButton,Drag,572,681
121.387,121.387,NoButton,Drag,578,681
121.391,121.391,NoButton,Drag,584,682
121.395,121.395,NoButton,Drag,590,682
121.399,121.399,NoButton,Drag,597,683
121.403,121.403,NoButton,Drag,604,683
121.407,121.407,NoButton,Drag,612,684
121.411,121.411,NoButton,Drag,620,685
121.415,121.415,NoButton,Drag,628,685
121.419,121.419,NoButton,Drag,637,686
121.423,121.423,NoButton,Drag,646,686
121.427,121.427,NoButton,Drag,654,687
121.431,121.431,NoButton,Drag,663,688
121.436,121.436,NoButton,Drag,671,690
121.439,121.439,NoButton,Drag,680,691
121.443,121.443,NoButton,Drag,689,692
121.447,121.447,NoButton,Drag,698,693
121.451,121.451,NoButton,Drag,707,694
121.455,121.455,NoButton,Drag,716,695
121.459,121.459,NoButton,Drag,725,696
121.463,121.463,NoButton,Drag,734,697
121.467,121.467,NoButton,Drag,743,699
121.471,121.471,NoButton,Drag,753,701
121.475,121.475,NoButton,Drag,762,702
121.479,121.479,NoButton,Drag,771,705
121.483,121.483,NoButton,Drag,782,706
121.487,121.487,NoButton,Drag,792,708
121.491,121.491,NoButton,Drag,801,710
121.495,121.495,NoButton,Drag,810,712
121.499,121.499,NoButton,Drag,821,713
121.503,121.503,NoButton,Drag,830,714
121.507,121.507,NoButton,Drag,839,716
121.511,121.511,NoButton,Drag,848,717
121.515,121.515,NoButton,Drag,856,718
121.519,121.519,NoButton,Drag,863,718
121.523,121.523,NoButton,Drag,870,719
121.527,121.527,NoButton,Drag,876,719
121.531,121.531,NoButton,Drag,883,720
121.536,121.536,NoButton,Drag,889,720
121.539,121.539,NoButton,Drag,895,720
121.543,121.543,NoButton,Drag,902,721
121.547,121.547,NoButton,Drag,908,721
121.551,121.551,NoButton,Drag,915,721
121.555,121.555,NoButton,Drag,921,721
121.559,121.559,NoButton,Drag,927,721
121.563,121.563,NoButton,Drag,934,721
121.567,121.567,NoButton,Drag,940,721
121.571,121.571,NoButton,Drag,947,721
121.575,121.575,NoButton,Drag,953,721
121.579,121.579,NoButton,Drag,959,721
121.583,121.583,NoButton,Drag,965,721
121.587,121.587,NoButton,Drag,971,721
121.591,121.591,NoButton,Drag,977,721
121.595,121.595,NoButton,Drag,982,721
121.599,121.599,NoButton,Drag,987,721
121.603,121.603,NoButton,Drag,992,721
121.607,121.607,NoButton,Drag,997,721
121.611,121.611,NoButton,Drag,1002,721
121.615,121.615,NoButton,Drag,1006,721
121.619,121.619,NoButton,Drag,1011,721
121.623,121.623,NoButton,Drag,1015,721
121.627,121.627,NoButton,Drag,1019,721
121.631,121.631,NoButton,Drag,1023,721
121.636,121.636,NoButton,Drag,1026,721
121.639,121.639,NoButton,Drag,1030,721
121.643,121.643,NoButton,Drag,1033,721
121.647,121.647,NoButton,Drag,1036,721
121.651,121.651,NoButton,Drag,1039,721
121.655,121.655,NoButton,Drag,1042,721
121.659,121.659,NoButton,Drag,1044,721
121.663,121.663,NoButton,Drag,1047,721
121.667,121.667,NoButton,Drag,1050,721
121.671,121.671,NoButton,Drag,1052,721
121.675,121.675,NoButton,Drag,1055,721
121.679,121.679,NoButton,Drag,1058,721
121.683,121.683,NoButton,Drag,1060,721
121.687,121.687,NoButton,Drag,1063,721
121.691,121.691,NoButton,Drag,1065,721
121.695,121.695,NoButton,Drag,1067,721
121.699,121.699,NoButton,Drag,1069,721
121.703,121.703,NoButton,Drag,1071,721
121.707,121.707,NoButton,Drag,1073,721
121.711,121.711,NoButton,Drag,1075,721
121.715,121.715,NoButton,Drag,1077,721
121.723,121.723,NoButton,Drag,1078,721
121.723,121.723,NoButton,Drag,1080,722
121.727,121.727,NoButton,Drag,1082,722
121.731,121.731,NoButton,Drag,1083,722
121.736,121.736,NoButton,Drag,1084,722
121.739,121.739,NoButton,Drag,1086,722
121.741,121.741,NoButton,Drag,1087,722
121.745,121.745,NoButton,Drag,1089,722
121.751,121.751,NoButton,Drag,1090,723
121.753,121.753,NoButton,Drag,1091,723
121.757,121.757,NoButton,Drag,1092,723
121.761,121.761,NoButton,Drag,1093,724
121.765,121.765,NoButton,Drag,1095,724
121.769,121.769,NoButton,Drag,1096,724
121.773,121.773,NoButton,Drag,1098,725
121.777,121.777,NoButton,Drag,1099,725
121.781,121.781,NoButton,Drag,1100,725
121.786,121.786,NoButton,Drag,1102,726
121.789,121.789,NoButton,Drag,1104,726
121.793,121.793,NoButton,Drag,1106,727
121.797,121.797,NoButton,Drag,1108,727
121.801,121.801,NoButton,Drag,1110,727
121.805,121.805,NoButton,Drag,1112,728
121.809,121.809,NoButton,Drag,1115,729
121.813,121.813,NoButton,Drag,1117,729
121.817,121.817,NoButton,Drag,1119,730
121.821,121.821,NoButton,Drag,1122,731
121.825,121.825,NoButton,Drag,1124,731
121.829,121.829,NoButton,Drag,1127,732
121.833,121.833,NoButton,Drag,1130,732
121.837,121.837,NoButton,Drag,1133,733
121.841,121.841,NoButton,Drag,1136,734
121.845,121.845,NoButton,Drag,1139,734
121.849,121.849,NoButton,Drag,1143,735
121.853,121.853,NoButton,Drag,1146,735
121.857,121.857,NoButton,Drag,1149,736
121.861,121.861,NoButton,Drag,1152,736
121.865,121.865,NoButton,Drag,1156,736
121.869,121.869,NoButton,Drag,1159,736
121.873,121.873,NoButton,Drag,1162,736
121.877,121.877,NoButton,Drag,1165,737
121.881,121.881,NoButton,Drag,1169,737
121.886,121.886,NoButton,Drag,1172,737
121.889,121.889,NoButton,Drag,1175,737
121.893,121.893,NoButton,Drag,1178,737
121.897,121.897,NoButton,Drag,1182,737
121.901,121.901,NoButton,Drag,1185,737
121.905,121.905,NoButton,Drag,1189,737
121.909,121.909,NoButton,Drag,1193,737
121.913,121.913,NoButton,Drag,1196,737
121.917,121.917,NoButton,Drag,1199,737
121.921,121.921,NoButton,Drag,1203,737
121.925,121.925,NoButton,Drag,1207,737
121.929,121.929,NoButton,Drag,1210,738
121.933,121.933,NoButton,Drag,1214,738
121.937,121.937,NoButton,Drag,1218,738
121.941,121.941,NoButton,Drag,1221,738
121.945,121.945,NoButton,Drag,1225,738
121.949,121.949,NoButton,Drag,1228,738
121.953,121.953,NoButton,Drag,1231,738
121.957,121.957,NoButton,Drag,1234,738
121.961,121.961,NoButton,Drag,1238,738
121.965,121.965,NoButton,Drag,1241,738
121.969,121.969,NoButton,Drag,1244,737
121.973,121.973,NoButton,Drag,1246,737
121.977,121.977,NoButton,Drag,1249,736
121.981,121.981,NoButton,Drag,1252,736
121.986,121.986,NoButton,Drag,1254,735
121.989,121.989,NoButton,Drag,1257,735
121.993,121.993,NoButton,Drag,1259,735
121.997,121.997,NoButton,Drag,1260,734
122.001,122.001,NoButton,Drag,1262,734
122.005,122.005,NoButton,Drag,1263,734
122.009,122.009,NoButton,Drag,1265,734
122.013,122.013,NoButton,Drag,1266,734
122.017,122.017,NoButton,Drag,1267,733
122.021,122.021,NoButton,Drag,1268,733
122.025,122.025,NoButton,Drag,1269,733
122.029,122.029,NoButton,Drag,1269,733
122.033,122.033,NoButton,Drag,1270,733
122.037,122.037,NoButton,Drag,1270,733
122.041,122.041,NoButton,Drag,1270,733
122.181,122.181,NoButton,Drag,1270,733
122.189,122.189,NoButton,Drag,1271,733
122.193,122.193,NoButton,Drag,1271,733
122.197,122.197,NoButton,Drag,1271,732
122.201,122.201,NoButton,Drag,1272,732
122.205,122.205,NoButton,Drag,1272,732
122.209,122.209,NoButton,Drag,1273,732
122.213,122.213,NoButton,Drag,1274,732
122.217,122.217,NoButton,Drag,1275,732
122.222,122.222,NoButton,Drag,1276,732
122.225,122.225,NoButton,Drag,1277,732
122.229,122.229,NoButton,Drag,1279,731
122.233,122.233,NoButton,Drag,1281,731
122.237,122.237,NoButton,Drag,1283,731
122.241,122.241,NoButton,Drag,1285,731
122.245,122.245,NoButton,Drag,1287,730
122.249,122.249,NoButton,Drag,1290,730
122.253,122.253,NoButton,Drag,1292,730
122.257,122.257,NoButton,Drag,1294,729
122.261,122.261,NoButton,Drag,1296,729
122.265,122.265,NoButton,Drag,1298,728
122.269,122.269,NoButton,Drag,1300,728
122.273,122.273,NoButton,Drag,1302,727
122.277,122.277,NoButton,Drag,1305,727
122.281,122.281,NoButton,Drag,1306,726
122.285,122.285,NoButton,Drag,1308,726
122.289,122.289,NoButton,Drag,1309,726
122.293,122.293,NoButton,Drag,1310,725
122.297,122.297,NoButton,Drag,1312,725
122.301,122.301,NoButton,Drag,1312,725
122.305,122.305,NoButton,Drag,1313,724
122.313,122.313,NoButton,Drag,1313,724
122.327,122.327,NoButton,Drag,1314,724
122.331,122.331,NoButton,Drag,1314,724
122.347,122.347,NoButton,Drag,1314,724
122.388,122.388,NoButton,Drag,1314,724
122.672,122.672,NoButton,Drag,1314,724
122.679,122.679,NoButton,Drag,1314,724
122.683,122.683,NoButton,Drag,1314,723
122.691,122.691,NoButton,Drag,1314,723
122.7,122.7,Left,Released,1314,723
122.701,122.701,NoButton,Drag,1314,723
122.708,122.708,NoButton,Drag,1314,723
122.724,122.724,NoButton,Drag,1313,722
122.742,122.742,NoButton,Drag,1313,721
122.759,122.759,NoButton,Drag,1312,720
122.775,122.775,NoButton,Drag,1311,720
122.792,122.792,NoButton,Drag,1311,719
122.901,122.901,NoButton,Drag,1311,719
122.913,122.913,NoButton,Drag,1310,719
122.925,122.925,NoButton,Drag,1310,719
122.942,122.942,NoButton,Drag,1309,719
122.959,122.959,NoButton,Drag,1306,719
122.976,122.976,NoButton,Drag,1299,718
122.992,122.992,NoButton,Drag,1288,717
123.009,123.009,NoButton,Drag,1270,716
123.025,123.025,NoButton,Drag,1236,716
123.042,123.042,NoButton,Drag,1197,716
123.059,123.059,NoButton,Drag,1146,716
123.076,123.076,NoButton,Drag,1091,720
123.092,123.092,NoButton,Drag,1031,725
123.109,123.109,NoButton,Drag,965,730
123.125,123.125,NoButton,Drag,881,735
123.143,123.143,NoButton,Drag,813,739
123.159,123.159,NoButton,Drag,753,741
123.176,123.176,NoButton,Drag,698,741
123.193,123.193,NoButton,Drag,645,741
123.209,123.209,NoButton,Drag,600,739
123.226,123.226,NoButton,Drag,555,732
123.242,123.242,NoButton,Drag,528,726
123.259,123.259,NoButton,Drag,505,721
123.276,123.276,NoButton,Drag,488,717
123.293,123.293,NoButton,Drag,474,713
123.309,123.309,NoButton,Drag,457,709
123.326,123.326,NoButton,Drag,445,706
123.343,123.343,NoButton,Drag,433,703
123.36,123.36,NoButton,Drag,423,702
123.377,123.377,NoButton,Drag,413,701
123.393,123.393,NoButton,Drag,402,701
123.41,123.41,NoButton,Drag,386,701
123.427,123.427,NoButton,Drag,369,701
123.445,123.445,NoButton,Drag,352,700
123.461,123.461,NoButton,Drag,331,699
123.477,123.477,NoButton,Drag,313,697
123.495,123.495,NoButton,Drag,297,694
123.511,123.511,NoButton,Drag,282,692
123.528,123.528,NoButton,Drag,266,687
123.544,123.544,NoButton,Drag,254,683
123.562,123.562,NoButton,Drag,247,680
123.578,123.578,NoButton,Drag,242,677
123.594,123.594,NoButton,Drag,241,676
123.611,123.611,NoButton,Drag,240,675
123.627,123.627,NoButton,Drag,240,674
123.645,123.645,NoButton,Drag,240,673
123.661,123.661,NoButton,Drag,240,671
123.678,123.678,NoButton,Drag,241,669
123.695,123.695,NoButton,Drag,242,668
123.712,123.712,NoButton,Drag,242,667
123.729,123.729,NoButton,Drag,243,666
123.745,123.745,NoButton,Drag,243,665
123.762,123.762,NoButton,Drag,244,665
123.778,123.778,NoButton,Drag,245,664
123.795,123.795,NoButton,Drag,245,664
123.812,123.812,NoButton,Drag,246,664
123.828,123.828,NoButton,Drag,247,663
123.846,123.846,NoButton,Drag,251,663
123.862,123.862,NoButton,Drag,256,664
123.879,123.879,NoButton,Drag,263,666
123.895,123.895,NoButton,Drag,270,666
123.912,123.912,NoButton,Drag,279,667
123.928,123.928,NoButton,Drag,284,667
123.946,123.946,NoButton,Drag,287,669
123.952,123.952,NoButton,Drag,287,669
123.963,123.963,Left,Pressed,287,669
123.963,123.963,NoButton,Drag,288,669
123.967,123.967,NoButton,Drag,288,669
123.971,123.971,NoButton,Drag,288,669
123.975,123.975,NoButton,Drag,288,669
123.979,123.979,NoButton,Drag,288,669
123.983,123.983,NoButton,Drag,288,670
123.987,123.987,NoButton,Drag,289,670
123.995,123.995,NoButton,Drag,289,670
124.09,124.09,NoButton,Drag,289,670
124.097,124.097,NoButton,Drag,289,670
124.101,124.101,NoButton,Drag,290,670
124.105,124.105,NoButton,Drag,290,670
124.109,124.109,NoButton,Drag,291,670
124.113,124.113,NoButton,Drag,292,670
124.117,124.117,NoButton,Drag,293,670
124.121,124.121,NoButton,Drag,294,669
124.125,124.125,NoButton,Drag,297,669
124.129,124.129,NoButton,Drag,299,669
124.133,124.133,NoButton,Drag,301,668
124.137,124.137,NoButton,Drag,304,667
124.141,124.141,NoButton,Drag,308,667
124.145,124.145,NoButton,Drag,312,666
124.149,124.149,NoButton,Drag,316,665
124.153,124.153,NoButton,Drag,321,664
124.157,124.157,NoButton,Drag,326,662
124.161,124.161,NoButton,Drag,331,661
124.165,124.165,NoButton,Drag,338,659
124.169,124.169,NoButton,Drag,344,658
124.173,124.173,NoButton,Drag,351,656
124.177,124.177,NoButton,Drag,360,654
124.181,124.181,NoButton,Drag,368,652
124.185,124.185,NoButton,Drag,378,650
124.189,124.189,NoButton,Drag,389,647
124.193,124.193,NoButton,Drag,400,644
124.197,124.197,NoButton,Drag,411,642
124.201,124.201,NoButton,Drag,423,639
124.205,124.205,NoButton,Drag,436,636
124.209,124.209,NoButton,Drag,447,633
124.213,124.213,NoButton,Drag,460,631
124.217,124.217,NoButton,Drag,474,627
124.221,124.221,NoButton,Drag,486,624
124.225,124.225,NoButton,Drag,500,621
124.229,124.229,NoButton,Drag,515,618
124.233,124.233,NoButton,Drag,530,615
124.237,124.237,NoButton,Drag,545,611
124.242,124.242,NoButton,Drag,561,608
124.245,124.245,NoButton,Drag,576,605
124.249,124.249,NoButton,Drag,592,602
124.253,124.253,NoButton,Drag,609,598
124.257,124.257,NoButton,Drag,625,594
124.261,124.261,NoButton,Drag,640,591
124.265,124.265,NoButton,Drag,657,588
124.269,124.269,NoButton,Drag,673,585
124.273,124.273,NoButton,Drag,689,583
124.277,124.277,NoButton,Drag,704,580
124.281,124.281,NoButton,Drag,719,577
124.285,124.285,NoButton,Drag,733,574
124.289,124.289,NoButton,Drag,748,571
124.293,124.293,NoButton,Drag,763,569
124.297,124.297,NoButton,Drag,777,567
124.301,124.301,NoButton,Drag,792,563
124.305,124.305,NoButton,Drag,806,560
124.309,124.309,NoButton,Drag,819,557
124.313,124.313,NoButton,Drag,832,555
124.317,124.317,NoButton,Drag,846,552
124.321,124.321,NoButton,Drag,858,550
124.325,124.325,NoButton,Drag,871,546
124.329,124.329,NoButton,Drag,884,544
124.333,124.333,NoButton,Drag,898,541
124.337,124.337,NoButton,Drag,908,538
124.342,124.342,NoButton,Drag,920,536
124.345,124.345,NoButton,Drag,931,533
124.349,124.349,NoButton,Drag,941,530
124.353,124.353,NoButton,Drag,951,528
124.357,124.357,NoButton,Drag,962,525
124.361,124.361,NoButton,Drag,971,523
124.365,124.365,NoButton,Drag,980,521
124.369,124.369,NoButton,Drag,989,518
124.373,124.373,NoButton,Drag,997,516
124.377,124.377,NoButton,Drag,1005,515
124.381,124.381,NoButton,Drag,1012,513
124.385,124.385,NoButton,Drag,1019,511
124.389,124.389,NoButton,Drag,1027,510
124.393,124.393,NoButton,Drag,1033,508
124.397,124.397,NoButton,Drag,1039,506
124.401,124.401,NoButton,Drag,1046,505
124.405,124.405,NoButton,Drag,1052,503
124.409,124.409,NoButton,Drag,1059,502
124.413,124.413,NoButton,Drag,1064,500
124.417,124.417,NoButton,Drag,1070,499
124.421,124.421,NoButton,Drag,1075,498
124.425,124.425,NoButton,Drag,1080,496
124.429,124.429,NoButton,Drag,1085,495
124.433,124.433,NoButton,Drag,1089,494
124.437,124.437,NoButton,Drag,1093,492
124.442,124.442,NoButton,Drag,1098,491
124.445,124.445,NoButton,Drag,1102,490
124.449,124.449,NoButton,Drag,1106,489
124.453,124.453,NoButton,Drag,1110,488
124.457,124.457,NoButton,Drag,1115,487
124.461,124.461,NoButton,Drag,1118,485
124.465,124.465,NoButton,Drag,1123,485
124.469,124.469,NoButton,Drag,1127,483
124.473,124.473,NoButton,Drag,1131,483
124.477,124.477,NoButton,Drag,1134,481
124.481,124.481,NoButton,Drag,1138,480
124.485,124.485,NoButton,Drag,1142,480
124.489,124.489,NoButton,Drag,1145,478
124.493,124.493,NoButton,Drag,1149,477
124.497,124.497,NoButton,Drag,1152,476
124.501,124.501,NoButton,Drag,1156,475
124.505,124.505,NoButton,Drag,1159,474
124.509,124.509,NoButton,Drag,1162,473
124.513,124.513,NoButton,Drag,1165,473
124.517,124.517,NoButton,Drag,1168,472
124.521,124.521,NoButton,Drag,1172,471
124.525,124.525,NoButton,Drag,1176,470
124.529,124.529,NoButton,Drag,1179,469
124.533,124.533,NoButton,Drag,1182,468
124.537,124.537,NoButton,Drag,1186,467
124.542,124.542,NoButton,Drag,1189,466
124.545,124.545,NoButton,Drag,1193,465
124.549,124.549,NoButton,Drag,1196,465
124.553,124.553,NoButton,Drag,1200,463
124.557,124.557,NoButton,Drag,1203,462
124.561,124.561,NoButton,Drag,1207,462
124.565,124.565,NoButton,Drag,1210,461
124.569,124.569,NoButton,Drag,1213,460
124.573,124.573,NoButton,Drag,1216,459
124.577,124.577,NoButton,Drag,1220,458
124.581,124.581,NoButton,Drag,1223,457
124.585,124.585,NoButton,Drag,1226,457
124.589,124.589,NoButton,Drag,1229,456
124.593,124.593,NoButton,Drag,1233,455
124.597,124.597,NoButton,Drag,1236,454
124.601,124.601,NoButton,Drag,1239,453
124.603,124.603,NoButton,Drag,1242,453
124.607,124.607,NoButton,Drag,1246,452
124.611,124.611,NoButton,Drag,1249,451
124.615,124.615,NoButton,Drag,1252,450
124.619,124.619,NoButton,Drag,1255,450
124.623,124.623,NoButton,Drag,1258,449
124.627,124.627,NoButton,Drag,1262,448
124.631,124.631,NoButton,Drag,1265,448
124.635,124.635,NoButton,Drag,1268,447
124.639,124.639,NoButton,Drag,1272,446
124.643,124.643,NoButton,Drag,1275,446
124.647,124.647,NoButton,Drag,1279,446
124.651,124.651,NoButton,Drag,1282,445
124.655,124.655,NoButton,Drag,1286,445
124.659,124.659,NoButton,Drag,1289,445
124.663,124.663,NoButton,Drag,1292,445
124.667,124.667,NoButton,Drag,1296,444
124.671,124.671,NoButton,Drag,1299,444
124.675,124.675,NoButton,Drag,1302,443
124.679,124.679,NoButton,Drag,1305,443
124.683,124.683,NoButton,Drag,1307,442
124.687,124.687,NoButton,Drag,1311,442
124.692,124.692,NoButton,Drag,1313,442
124.695,124.695,NoButton,Drag,1315,442
124.699,124.699,NoButton,Drag,1317,442
124.703,124.703,NoButton,Drag,1319,442
124.707,124.707,NoButton,Drag,1321,442
124.711,124.711,NoButton,Drag,1322,442
124.715,124.715,NoButton,Drag,1323,442
124.719,124.719,NoButton,Drag,1325,442
124.723,124.723,NoButton,Drag,1326,442
124.727,124.727,NoButton,Drag,1326,442
124.731,124.731,NoButton,Drag,1327,442
124.735,124.735,NoButton,Drag,1328,442
124.739,124.739,NoButton,Drag,1329,442
124.743,124.743,NoButton,Drag,1330,442
124.747,124.747,NoButton,Drag,1330,442
124.751,124.751,NoButton,Drag,1331,443
124.755,124.755,NoButton,Drag,1332,443
124.759,124.759,NoButton,Drag,1333,443
124.763,124.763,NoButton,Drag,1334,443
124.767,124.767,NoButton,Drag,1335,443
124.771,124.771,NoButton,Drag,1336,444
124.775,124.775,NoButton,Drag,1336,444
124.779,124.779,NoButton,Drag,1337,444
124.783,124.783,NoButton,Drag,1338,445
124.787,124.787,NoButton,Drag,1339,445
124.792,124.792,NoButton,Drag,1340,445
124.795,124.795,NoButton,Drag,1340,445
124.799,124.799,NoButton,Drag,1341,446
124.803,124.803,NoButton,Drag,1342,446
124.807,124.807,NoButton,Drag,1342,446
124.811,124.811,NoButton,Drag,1343,447
124.815,124.815,NoButton,Drag,1343,447
124.819,124.819,NoButton,Drag,1343,447
124.912,124.912,Left,Released,1343,447
124.943,124.943,NoButton,Drag,1343,447
124.947,124.947,NoButton,Drag,1342,447
124.96,124.96,NoButton,Drag,1339,448
124.977,124.977,NoButton,Drag,1332,450
124.994,124.994,NoButton,Drag,1322,453
125.011,125.011,NoButton,Drag,1311,458
125.027,125.027,NoButton,Drag,1296,465
125.043,125.043,NoButton,Drag,1270,477
125.061,125.061,NoButton,Drag,1243,487
125.077,125.077,NoButton,Drag,1210,498
125.094,125.094,NoButton,Drag,1175,510
125.111,125.111,NoButton,Drag,1140,520
125.127,125.127,NoButton,Drag,1103,530
125.144,125.144,NoButton,Drag,1049,544
125.161,125.161,NoButton,Drag,1005,555
125.177,125.177,NoButton,Drag,954,568
125.194,125.194,NoButton,Drag,884,584
125.211,125.211,NoButton,Drag,824,595
125.228,125.228,NoButton,Drag,755,607
125.244,125.244,NoButton,Drag,685,619
125.261,125.261,NoButton,Drag,619,629
125.277,125.277,NoButton,Drag,564,637
125.294,125.294,NoButton,Drag,505,646
125.311,125.311,NoButton,Drag,462,652
125.327,125.327,NoButton,Drag,426,656
125.344,125.344,NoButton,Drag,394,658
125.361,125.361,NoButton,Drag,369,660
125.377,125.377,NoButton,Drag,348,660
125.394,125.394,NoButton,Drag,328,662
125.411,125.411,NoButton,Drag,314,663
125.427,125.427,NoButton,Drag,303,666
125.444,125.444,NoButton,Drag,294,668
125.46,125.46,NoButton,Drag,288,669
125.477,125.477,NoButton,Drag,283,670
125.494,125.494,NoButton,Drag,279,672
125.511,125.511,NoButton,Drag,277,672
125.527,125.527,NoButton,Drag,273,674
125.544,125.544,NoButton,Drag,268,675
125.561,125.561,NoButton,Drag,262,677
125.577,125.577,NoButton,Drag,253,680
125.594,125.594,NoButton,Drag,244,682
125.611,125.611,NoButton,Drag,233,684
125.627,125.627,NoButton,Drag,221,687
125.644,125.644,NoButton,Drag,207,690
125.661,125.661,NoButton,Drag,194,692
125.678,125.678,NoButton,Drag,178,693
125.695,125.695,NoButton,Drag,167,694
125.711,125.711,NoButton,Drag,158,694
125.728,125.728,NoButton,Drag,152,694
125.745,125.745,NoButton,Drag,148,694
125.762,125.762,NoButton,Drag,142,694
125.778,125.778,NoButton,Drag,139,693
125.795,125.795,NoButton,Drag,135,693
125.811,125.811,NoButton,Drag,133,693
125.828,125.828,NoButton,Drag,133,693
125.845,125.845,NoButton,Drag,132,693
125.9,125.9,Left,Pressed,132,693
125.943,125.943,NoButton,Drag,132,693
126.268,126.268,NoButton,Drag,132,693
126.272,126.272,NoButton,Drag,132,693
126.276,126.276,NoButton,Drag,133,693
126.28,126.28,NoButton,Drag,133,693
126.283,126.283,NoButton,Drag,133,693
126.287,126.287,NoButton,Drag,133,693
126.291,126.291,NoButton,Drag,134,693
126.295,126.295,NoButton,Drag,135,693
126.3,126.3,NoButton,Drag,135,693
126.303,126.303,NoButton,Drag,136,693
126.307,126.307,NoButton,Drag,136,693
126.311,126.311,NoButton,Drag,137,694
126.317,126.317,NoButton,Drag,138,694
126.32,126.32,NoButton,Drag,138,694
126.323,126.323,NoButton,Drag,139,694
126.327,126.327,NoButton,Drag,140,694
126.329,126.329,NoButton,Drag,141,694
126.333,126.333,NoButton,Drag,143,694
126.337,126.337,NoButton,Drag,144,695
126.341,126.341,NoButton,Drag,146,695
126.345,126.345,NoButton,Drag,147,695
126.349,126.349,NoButton,Drag,149,695
126.353,126.353,NoButton,Drag,151,695
126.357,126.357,NoButton,Drag,152,695
126.361,126.361,NoButton,Drag,154,695
126.365,126.365,NoButton,Drag,156,695
126.369,126.369,NoButton,Drag,158,696
126.373,126.373,NoButton,Drag,160,696
126.377,126.377,NoButton,Drag,162,696
126.381,126.381,NoButton,Drag,164,696
126.385,126.385,NoButton,Drag,166,696
126.389,126.389,NoButton,Drag,169,696
126.393,126.393,NoButton,Drag,172,696
126.397,126.397,NoButton,Drag,174,696
126.401,126.401,NoButton,Drag,177,696
126.405,126.405,NoButton,Drag,179,696
126.409,126.409,NoButton,Drag,182,696
126.413,126.413,NoButton,Drag,185,696
126.417,126.417,NoButton,Drag,188,696
126.421,126.421,NoButton,Drag,191,696
126.425,126.425,NoButton,Drag,194,696
126.429,126.429,NoButton,Drag,196,696
126.433,126.433,NoButton,Drag,200,696
126.437,126.437,NoButton,Drag,203,696
126.441,126.441,NoButton,Drag,206,696
126.445,126.445,NoButton,Drag,209,695
126.449,126.449,NoButton,Drag,212,695
126.453,126.453,NoButton,Drag,215,695
126.457,126.457,NoButton,Drag,218,695
126.461,126.461,NoButton,Drag,221,695
126.465,126.465,NoButton,Drag,224,695
126.47,126.47,NoButton,Drag,228,694
126.473,126.473,NoButton,Drag,232,694
126.477,126.477,NoButton,Drag,235,693
126.481,126.481,NoButton,Drag,239,693
126.485,126.485,NoButton,Drag,243,693
126.489,126.489,NoButton,Drag,246,693
126.493,126.493,NoButton,Drag,250,693
126.497,126.497,NoButton,Drag,254,693
126.501,126.501,NoButton,Drag,258,692
126.505,126.505,NoButton,Drag,262,692
126.509,126.509,NoButton,Drag,266,691
126.513,126.513,NoButton,Drag,270,691
126.517,126.517,NoButton,Drag,275,690
126.521,126.521,NoButton,Drag,279,690
126.525,126.525,NoButton,Drag,283,690
126.529,126.529,NoButton,Drag,288,689
126.533,126.533,NoButton,Drag,293,689
126.537,126.537,NoButton,Drag,298,688
126.541,126.541,NoButton,Drag,304,688
126.545,126.545,NoButton,Drag,309,687
126.549,126.549,NoButton,Drag,316,686
126.553,126.553,NoButton,Drag,322,686
126.557,126.557,NoButton,Drag,329,685
126.561,126.561,NoButton,Drag,336,684
126.565,126.565,NoButton,Drag,343,683
126.57,126.57,NoButton,Drag,351,681
126.573,126.573,NoButton,Drag,360,680
126.577,126.577,NoButton,Drag,369,678
126.581,126.581,NoButton,Drag,377,677
126.585,126.585,NoButton,Drag,387,676
126.589,126.589,NoButton,Drag,397,674
126.593,126.593,NoButton,Drag,407,672
126.597,126.597,NoButton,Drag,416,671
126.601,126.601,NoButton,Drag,426,669
126.605,126.605,NoButton,Drag,436,668
126.609,126.609,NoButton,Drag,446,666
126.613,126.613,NoButton,Drag,455,664
126.617,126.617,NoButton,Drag,466,662
126.621,126.621,NoButton,Drag,477,661
126.625,126.625,NoButton,Drag,488,659
126.629,126.629,NoButton,Drag,501,657
126.633,126.633,NoButton,Drag,513,655
126.637,126.637,NoButton,Drag,526,652
126.641,126.641,NoButton,Drag,538,650
126.645,126.645,NoButton,Drag,552,647
126.649,126.649,NoButton,Drag,567,645
126.653,126.653,NoButton,Drag,581,643
126.657,126.657,NoButton,Drag,596,641
126.661,126.661,NoButton,Drag,611,639
126.665,126.665,NoButton,Drag,624,635
126.67,126.67,NoButton,Drag,639,633
126.673,126.673,NoButton,Drag,654,630
126.677,126.677,NoButton,Drag,670,627
126.681,126.681,NoButton,Drag,686,624
126.685,126.685,NoButton,Drag,702,621
126.689,126.689,NoButton,Drag,720,619
126.693,126.693,NoButton,Drag,738,616
126.697,126.697,NoButton,Drag,755,612
126.701,126.701,NoButton,Drag,773,609
126.705,126.705,NoButton,Drag,791,606
126.709,126.709,NoButton,Drag,807,603
126.713,126.713,NoButton,Drag,824,601
126.717,126.717,NoButton,Drag,842,596
126.721,126.721,NoButton,Drag,856,593
126.725,126.725,NoButton,Drag,871,589
126.729,126.729,NoButton,Drag,886,585
126.733,126.733,NoButton,Drag,900,582
126.737,126.737,NoButton,Drag,913,579
126.741,126.741,NoButton,Drag,925,576
126.745,126.745,NoButton,Drag,938,573
126.749,126.749,NoButton,Drag,951,569
126.753,126.753,NoButton,Drag,963,566
126.757,126.757,NoButton,Drag,975,563
126.761,126.761,NoButton,Drag,987,560
126.765,126.765,NoButton,Drag,1000,557
126.77,126.77,NoButton,Drag,1011,554
126.773,126.773,NoButton,Drag,1022,551
126.777,126.777,NoButton,Drag,1033,548
126.781,126.781,NoButton,Drag,1043,545
126.785,126.785,NoButton,Drag,1053,543
126.789,126.789,NoButton,Drag,1064,540
126.793,126.793,NoButton,Drag,1074,537
126.797,126.797,NoButton,Drag,1082,535
126.801,126.801,NoButton,Drag,1090,533
126.805,126.805,NoButton,Drag,1099,531
126.809,126.809,NoButton,Drag,1107,529
126.813,126.813,NoButton,Drag,1115,527
126.817,126.817,NoButton,Drag,1123,525
126.821,126.821,NoButton,Drag,1130,523
126.825,126.825,NoButton,Drag,1136,522
126.829,126.829,NoButton,Drag,1142,520
126.833,126.833,NoButton,Drag,1150,519
126.837,126.837,NoButton,Drag,1156,517
126.841,126.841,NoButton,Drag,1162,515
126.845,126.845,NoButton,Drag,1169,514
126.849,126.849,NoButton,Drag,1175,512
126.853,126.853,NoButton,Drag,1181,510
126.857,126.857,NoButton,Drag,1188,508
126.861,126.861,NoButton,Drag,1194,507
126.865,126.865,NoButton,Drag,1200,505
126.87,126.87,NoButton,Drag,1206,503
126.873,126.873,NoButton,Drag,1211,502
126.877,126.877,NoButton,Drag,1216,500
126.881,126.881,NoButton,Drag,1221,499
126.885,126.885,NoButton,Drag,1226,498
126.889,126.889,NoButton,Drag,1230,496
126.893,126.893,NoButton,Drag,1235,495
126.897,126.897,NoButton,Drag,1240,494
126.901,126.901,NoButton,Drag,1244,492
126.905,126.905,NoButton,Drag,1248,491
126.909,126.909,NoButton,Drag,1251,490
126.911,126.911,NoButton,Drag,1255,489
126.915,126.915,NoButton,Drag,1259,488
126.92,126.92,NoButton,Drag,1262,487
126.923,126.923,NoButton,Drag,1264,486
126.927,126.927,NoButton,Drag,1266,484
126.931,126.931,NoButton,Drag,1269,483
126.935,126.935,NoButton,Drag,1271,482
126.939,126.939,NoButton,Drag,1273,481
126.943,126.943,NoButton,Drag,1275,481
126.947,126.947,NoButton,Drag,1276,480
126.951,126.951,NoButton,Drag,1278,479
126.955,126.955,NoButton,Drag,1279,479
126.959,126.959,NoButton,Drag,1280,478
126.963,126.963,NoButton,Drag,1281,478
126.967,126.967,NoButton,Drag,1281,477
126.971,126.971,NoButton,Drag,1282,477
126.975,126.975,NoButton,Drag,1282,477
126.979,126.979,NoButton,Drag,1283,477
126.983,126.983,NoButton,Drag,1283,476
127.184,127.184,NoButton,Drag,1283,476
127.195,127.195,NoButton,Drag,1283,476
127.203,127.203,NoButton,Drag,1283,476
127.211,127.211,NoButton,Drag,1283,475
127.215,127.215,NoButton,Drag,1282,475
127.22,127.22,Left,Released,1282,475
127.223,127.223,NoButton,Drag,1282,475
127.239,127.239,NoButton,Drag,1282,475
127.255,127.255,NoButton,Drag,1281,474
127.271,127.271,NoButton,Drag,1279,474
127.289,127.289,NoButton,Drag,1275,473
127.306,127.306,NoButton,Drag,1267,473
127.322,127.322,NoButton,Drag,1255,476
127.339,127.339,NoButton,Drag,1234,481
127.355,127.355,NoButton,Drag,1204,489
127.372,127.372,NoButton,Drag,1151,501
127.389,127.389,NoButton,Drag,1095,513
127.405,127.405,NoButton,Drag,1026,523
127.422,127.422,NoButton,Drag,951,531
127.439,127.439,NoButton,Drag,856,540
127.457,127.457,NoButton,Drag,778,544
127.473,127.473,NoButton,Drag,700,547
127.489,127.489,NoButton,Drag,610,549
127.507,127.507,NoButton,Drag,552,551
127.524,127.524,NoButton,Drag,502,552
127.54,127.54,NoButton,Drag,465,552
127.556,127.556,NoButton,Drag,434,552
127.573,127.573,NoButton,Drag,412,552
127.59,127.59,NoButton,Drag,394,549
127.607,127.607,NoButton,Drag,386,547
127.623,127.623,NoButton,Drag,384,545
127.64,127.64,NoButton,Drag,382,543
127.656,127.656,NoButton,Drag,381,541
127.673,127.673,NoButton,Drag,381,538
127.691,127.691,NoButton,Drag,380,535
127.707,127.707,NoButton,Drag,379,533
127.723,127.723,NoButton,Drag,379,530
127.741,127.741,NoButton,Drag,379,529
127.757,127.757,NoButton,Drag,378,526
127.774,127.774,NoButton,Drag,377,522
127.791,127.791,NoButton,Drag,376,520
127.807,127.807,NoButton,Drag,375,515
127.824,127.824,NoButton,Drag,374,512
127.841,127.841,NoButton,Drag,374,509
127.857,127.857,NoButton,Drag,372,505
127.875,127.875,NoButton,Drag,370,501
127.89,127.89,NoButton,Drag,368,497
127.907,127.907,NoButton,Drag,367,493
127.924,127.924,NoButton,Drag,365,490
127.94,127.94,NoButton,Drag,364,485
127.957,127.957,NoButton,Drag,364,477
127.974,127.974,NoButton,Drag,364,471
127.991,127.991,NoButton,Drag,364,465
128.007,128.007,NoButton,Drag,365,460
128.025,128.025,NoButton,Drag,365,456
128.041,128.041,NoButton,Drag,364,452
128.058,128.058,NoButton,Drag,362,449
128.074,128.074,NoButton,Drag,360,447
128.091,128.091,NoButton,Drag,359,445
128.107,128.107,NoButton,Drag,357,444
128.124,128.124,NoButton,Drag,357,443
128.142,128.142,NoButton,Drag,356,443
128.158,128.158,NoButton,Drag,356,443
128.228,128.228,NoButton,Drag,356,443
128.231,128.231,NoButton,Drag,356,443
128.241,128.241,NoButton,Drag,355,443
128.258,128.258,NoButton,Drag,355,442
128.275,128.275,NoButton,Drag,353,442
128.291,128.291,NoButton,Drag,351,441
128.308,128.308,NoButton,Drag,349,439
128.324,128.324,NoButton,Drag,347,438
128.341,128.341,NoButton,Drag,347,437
128.358,128.358,NoButton,Drag,346,435
128.375,128.375,NoButton,Drag,346,433
128.392,128.392,NoButton,Drag,346,430
128.408,128.408,NoButton,Drag,345,428
128.425,128.425,NoButton,Drag,345,426
128.441,128.441,NoButton,Drag,344,425
128.457,128.457,NoButton,Drag,343,424
128.474,128.474,NoButton,Drag,342,423
128.492,128.492,NoButton,Drag,342,422
128.511,128.511,NoButton,Drag,341,422
128.524,128.524,NoButton,Drag,341,422
128.542,128.542,NoButton,Drag,341,424
128.558,128.558,NoButton,Drag,341,429
128.575,128.575,NoButton,Drag,341,439
128.592,128.592,NoButton,Drag,342,456
128.609,128.609,NoButton,Drag,344,475
128.625,128.625,NoButton,Drag,346,494
128.641,128.641,NoButton,Drag,346,496
128.814,128.814,NoButton,Drag,346,496
128.817,128.817,NoButton,Drag,347,496
128.825,128.825,NoButton,Drag,348,495
128.841,128.841,NoButton,Drag,358,489
128.859,128.859,NoButton,Drag,370,482
128.875,128.875,NoButton,Drag,379,475
128.891,128.891,NoButton,Drag,388,468
128.908,128.908,NoButton,Drag,392,463
128.928,128.928,NoButton,Drag,394,460
128.945,128.945,NoButton,Drag,394,457
128.962,128.962,NoButton,Drag,394,453
128.979,128.979,NoButton,Drag,393,451
128.995,128.995,NoButton,Drag,393,448
129.012,129.012,NoButton,Drag,392,445
129.028,129.028,NoButton,Drag,391,443
129.045,129.045,NoButton,Drag,391,441
129.062,129.062,NoButton,Drag,390,440
129.079,129.079,NoButton,Drag,389,438
129.095,129.095,NoButton,Drag,387,437
129.112,129.112,NoButton,Drag,386,436
129.129,129.129,NoButton,Drag,384,434
129.145,129.145,NoButton,Drag,381,432
129.164,129.164,NoButton,Drag,377,431
129.18,129.18,NoButton,Drag,375,429
129.197,129.197,NoButton,Drag,372,427
129.214,129.214,NoButton,Drag,369,425
129.23,129.23,NoButton,Drag,364,422
129.247,129.247,NoButton,Drag,359,419
129.263,129.263,NoButton,Drag,353,415
129.28,129.28,NoButton,Drag,346,412
129.297,129.297,NoButton,Drag,339,410
129.314,129.314,NoButton,Drag,333,408
129.33,129.33,NoButton,Drag,331,406
129.347,129.347,NoButton,Drag,330,405
129.364,129.364,NoButton,Drag,328,404
129.381,129.381,NoButton,Drag,328,404
129.398,129.398,NoButton,Drag,328,403
129.414,129.414,NoButton,Drag,328,403
129.455,129.455,NoButton,Drag,327,403
129.464,129.464,NoButton,Drag,327,403
129.471,129.471,NoButton,Drag,327,403
129.482,129.482,NoButton,Drag,327,403
129.536,129.536,Left,Pressed,327,403
129.647,129.647,NoButton,Drag,327,402
129.652,129.652,NoButton,Drag,327,402
129.655,129.655,NoButton,Drag,327,402
129.659,129.659,NoButton,Drag,328,402
129.663,129.663,NoButton,Drag,328,402
129.667,129.667,NoButton,Drag,328,402
129.671,129.671,NoButton,Drag,329,401
129.675,129.675,NoButton,Drag,329,401
129.679,129.679,NoButton,Drag,330,401
129.683,129.683,NoButton,Drag,330,401
129.688,129.688,NoButton,Drag,331,401
129.691,129.691,NoButton,Drag,332,400
129.695,129.695,NoButton,Drag,333,400
129.699,129.699,NoButton,Drag,334,400
129.703,129.703,NoButton,Drag,335,399
129.707,129.707,NoButton,Drag,337,399
129.711,129.711,NoButton,Drag,338,399
129.715,129.715,NoButton,Drag,340,398
129.719,129.719,NoButton,Drag,342,398
129.723,129.723,NoButton,Drag,344,397
129.727,129.727,NoButton,Drag,347,397
129.731,129.731,NoButton,Drag,350,396
129.735,129.735,NoButton,Drag,352,396
129.739,129.739,NoButton,Drag,355,395
129.743,129.743,NoButton,Drag,358,395
129.747,129.747,NoButton,Drag,361,394
129.751,129.751,NoButton,Drag,365,394
129.755,129.755,NoButton,Drag,369,393
129.759,129.759,NoButton,Drag,373,393
129.763,129.763,NoButton,Drag,376,392
129.767,129.767,NoButton,Drag,380,392
129.771,129.771,NoButton,Drag,384,392
129.775,129.775,NoButton,Drag,387,391
129.779,129.779,NoButton,Drag,392,391
129.783,129.783,NoButton,Drag,396,390
129.788,129.788,NoButton,Drag,401,390
129.789,129.789,NoButton,Drag,405,390
129.793,129.793,NoButton,Drag,410,389
129.797,129.797,NoButton,Drag,414,389
129.801,129.801,NoButton,Drag,420,388
129.805,129.805,NoButton,Drag,425,388
129.809,129.809,NoButton,Drag,430,388
129.813,129.813,NoButton,Drag,435,388
129.817,129.817,NoButton,Drag,442,387
129.821,129.821,NoButton,Drag,448,386
129.825,129.825,NoButton,Drag,454,386
129.829,129.829,NoButton,Drag,460,385
129.833,129.833,NoButton,Drag,467,385
129.838,129.838,NoButton,Drag,472,385
129.841,129.841,NoButton,Drag,478,384
129.845,129.845,NoButton,Drag,484,384
129.849,129.849,NoButton,Drag,490,384
129.854,129.854,NoButton,Drag,496,383
129.857,129.857,NoButton,Drag,503,383
129.861,129.861,NoButton,Drag,509,383
129.865,129.865,NoButton,Drag,516,383
129.869,129.869,NoButton,Drag,523,382
129.873,129.873,NoButton,Drag,530,381
129.877,129.877,NoButton,Drag,538,380
129.881,129.881,NoButton,Drag,545,380
129.885,129.885,NoButton,Drag,552,379
129.889,129.889,NoButton,Drag,559,378
129.893,129.893,NoButton,Drag,567,378
129.897,129.897,NoButton,Drag,575,377
129.901,129.901,NoButton,Drag,582,376
129.905,129.905,NoButton,Drag,590,375
129.909,129.909,NoButton,Drag,598,374
129.913,129.913,NoButton,Drag,605,373
129.917,129.917,NoButton,Drag,613,373
129.921,129.921,NoButton,Drag,621,372
129.925,129.925,NoButton,Drag,628,371
129.929,129.929,NoButton,Drag,637,370
129.933,129.933,NoButton,Drag,644,369
129.938,129.938,NoButton,Drag,651,369
129.941,129.941,NoButton,Drag,659,368
129.945,129.945,NoButton,Drag,666,367
129.949,129.949,NoButton,Drag,673,365
129.954,129.954,NoButton,Drag,681,364
129.957,129.957,NoButton,Drag,688,363
129.961,129.961,NoButton,Drag,696,363
129.965,129.965,NoButton,Drag,704,363
129.969,129.969,NoButton,Drag,712,362
129.973,129.973,NoButton,Drag,719,362
129.977,129.977,NoButton,Drag,725,361
129.983,129.983,NoButton,Drag,732,360
129.985,129.985,NoButton,Drag,739,359
129.989,129.989,NoButton,Drag,747,359
129.993,129.993,NoButton,Drag,755,359
129.997,129.997,NoButton,Drag,763,358
130.001,130.001,NoButton,Drag,771,357
130.005,130.005,NoButton,Drag,779,356
130.009,130.009,NoButton,Drag,788,355
130.013,130.013,NoButton,Drag,796,354
130.017,130.017,NoButton,Drag,805,354
130.021,130.021,NoButton,Drag,815,353
130.025,130.025,NoButton,Drag,823,353
130.029,130.029,NoButton,Drag,832,352
130.033,130.033,NoButton,Drag,841,351
130.038,130.038,NoButton,Drag,849,351
130.041,130.041,NoButton,Drag,858,350
130.045,130.045,NoButton,Drag,866,349
130.049,130.049,NoButton,Drag,875,348
130.054,130.054,NoButton,Drag,884,348
130.057,130.057,NoButton,Drag,893,347
130.061,130.061,NoButton,Drag,902,347
130.065,130.065,NoButton,Drag,910,346
130.069,130.069,NoButton,Drag,919,345
130.073,130.073,NoButton,Drag,928,344
130.077,130.077,NoButton,Drag,936,343
130.081,130.081,NoButton,Drag,945,343
130.085,130.085,NoButton,Drag,954,342
130.089,130.089,NoButton,Drag,962,340
130.093,130.093,NoButton,Drag,971,339
130.097,130.097,NoButton,Drag,979,337
130.101,130.101,NoButton,Drag,988,336
130.105,130.105,NoButton,Drag,997,335
130.109,130.109,NoButton,Drag,1005,333
130.113,130.113,NoButton,Drag,1014,331
130.117,130.117,NoButton,Drag,1023,330
130.121,130.121,NoButton,Drag,1032,328
130.125,130.125,NoButton,Drag,1041,326
130.129,130.129,NoButton,Drag,1049,325
130.133,130.133,NoButton,Drag,1057,323
130.138,130.138,NoButton,Drag,1066,322
130.141,130.141,NoButton,Drag,1073,319
130.145,130.145,NoButton,Drag,1081,318
130.149,130.149,NoButton,Drag,1089,316
130.154,130.154,NoButton,Drag,1097,314
130.157,130.157,NoButton,Drag,1104,312
130.161,130.161,NoButton,Drag,1112,310
130.165,130.165,NoButton,Drag,1120,308
130.169,130.169,NoButton,Drag,1127,307
130.173,130.173,NoButton,Drag,1133,305
130.177,130.177,NoButton,Drag,1140,303
130.181,130.181,NoButton,Drag,1147,302
130.185,130.185,NoButton,Drag,1153,300
130.189,130.189,NoButton,Drag,1159,299
130.193,130.193,NoButton,Drag,1165,298
130.197,130.197,NoButton,Drag,1170,296
130.201,130.201,NoButton,Drag,1175,295
130.205,130.205,NoButton,Drag,1181,293
130.209,130.209,NoButton,Drag,1185,292
130.213,130.213,NoButton,Drag,1190,291
130.217,130.217,NoButton,Drag,1194,290
130.221,130.221,NoButton,Drag,1198,289
130.225,130.225,NoButton,Drag,1202,288
130.229,130.229,NoButton,Drag,1206,287
130.233,130.233,NoButton,Drag,1210,285
130.238,130.238,NoButton,Drag,1213,285
130.241,130.241,NoButton,Drag,1216,284
130.245,130.245,NoButton,Drag,1219,283
130.249,130.249,NoButton,Drag,1221,282
130.253,130.253,NoButton,Drag,1224,282
130.257,130.257,NoButton,Drag,1226,281
130.261,130.261,NoButton,Drag,1228,281
130.265,130.265,NoButton,Drag,1230,280
130.269,130.269,NoButton,Drag,1232,280
130.273,130.273,NoButton,Drag,1234,279
130.277,130.277,NoButton,Drag,1235,279
130.281,130.281,NoButton,Drag,1236,278
130.285,130.285,NoButton,Drag,1238,278
130.289,130.289,NoButton,Drag,1239,278
130.293,130.293,NoButton,Drag,1240,277
130.297,130.297,NoButton,Drag,1240,277
130.301,130.301,NoButton,Drag,1241,277
130.305,130.305,NoButton,Drag,1241,277
130.309,130.309,NoButton,Drag,1242,277
130.313,130.313,NoButton,Drag,1242,277
130.317,130.317,NoButton,Drag,1242,276
130.329,130.329,NoButton,Drag,1243,276
130.333,130.333,NoButton,Drag,1243,276
130.338,130.338,NoButton,Drag,1243,276
130.367,130.367,NoButton,Drag,1243,276
130.383,130.383,NoButton,Drag,1243,276
130.388,130.388,NoButton,Drag,1244,275
130.395,130.395,NoButton,Drag,1244,275
130.404,130.404,NoButton,Drag,1244,275
130.407,130.407,NoButton,Drag,1244,274
130.411,130.411,NoButton,Drag,1245,274
130.415,130.415,NoButton,Drag,1245,274
130.419,130.419,NoButton,Drag,1246,274
130.423,130.423,NoButton,Drag,1247,273
130.427,130.427,NoButton,Drag,1248,273
130.431,130.431,NoButton,Drag,1249,272
130.435,130.435,NoButton,Drag,1249,272
130.439,130.439,NoButton,Drag,1251,272
130.443,130.443,NoButton,Drag,1252,271
130.447,130.447,NoButton,Drag,1253,271
130.451,130.451,NoButton,Drag,1254,270
130.455,130.455,NoButton,Drag,1256,270
130.459,130.459,NoButton,Drag,1257,270
130.463,130.463,NoButton,Drag,1258,269
130.467,130.467,NoButton,Drag,1259,269
130.471,130.471,NoButton,Drag,1260,268
130.475,130.475,NoButton,Drag,1262,268
130.479,130.479,NoButton,Drag,1263,268
130.483,130.483,NoButton,Drag,1264,267
130.487,130.487,NoButton,Drag,1265,267
130.491,130.491,NoButton,Drag,1266,267
130.495,130.495,NoButton,Drag,1267,266
130.499,130.499,NoButton,Drag,1269,266
130.504,130.504,NoButton,Drag,1270,266
130.507,130.507,NoButton,Drag,1270,265
130.511,130.511,NoButton,Drag,1271,265
130.515,130.515,NoButton,Drag,1272,265
130.519,130.519,NoButton,Drag,1273,265
130.523,130.523,NoButton,Drag,1274,264
130.527,130.527,NoButton,Drag,1274,264
130.531,130.531,NoButton,Drag,1275,264
130.535,130.535,NoButton,Drag,1275,264
130.539,130.539,NoButton,Drag,1276,264
130.543,130.543,NoButton,Drag,1276,263
130.547,130.547,NoButton,Drag,1276,263
130.551,130.551,NoButton,Drag,1277,263
130.555,130.555,NoButton,Drag,1277,263
130.559,130.559,NoButton,Drag,1277,263
130.563,130.563,NoButton,Drag,1277,263
130.639,130.639,NoButton,Drag,1278,263
130.647,130.647,NoButton,Drag,1278,262
130.651,130.651,NoButton,Drag,1278,262
130.655,130.655,NoButton,Drag,1278,262
130.667,130.667,NoButton,Drag,1278,262
130.675,130.675,NoButton,Drag,1279,262
130.679,130.679,NoButton,Drag,1279,262
130.683,130.683,NoButton,Drag,1279,262
130.691,130.691,NoButton,Drag,1279,261
130.695,130.695,NoButton,Drag,1280,261
130.699,130.699,NoButton,Drag,1280,261
130.703,130.703,NoButton,Drag,1280,261
130.707,130.707,NoButton,Drag,1280,261
130.711,130.711,NoButton,Drag,1281,261
130.715,130.715,NoButton,Drag,1281,261
130.719,130.719,NoButton,Drag,1281,260
130.724,130.724,NoButton,Drag,1281,260
130.727,130.727,NoButton,Drag,1282,260
130.731,130.731,NoButton,Drag,1282,260
130.735,130.735,NoButton,Drag,1282,260
130.74,130.74,NoButton,Drag,1282,259
130.743,130.743,NoButton,Drag,1283,259
130.747,130.747,NoButton,Drag,1283,259
130.751,130.751,NoButton,Drag,1284,259
130.755,130.755,NoButton,Drag,1284,259
130.759,130.759,NoButton,Drag,1284,258
130.763,130.763,NoButton,Drag,1284,258
130.767,130.767,NoButton,Drag,1285,258
130.771,130.771,NoButton,Drag,1285,258
130.775,130.775,NoButton,Drag,1285,258
130.779,130.779,NoButton,Drag,1285,258
130.868,130.868,NoButton,Drag,1285,258
130.875,130.875,NoButton,Drag,1286,258
130.879,130.879,NoButton,Drag,1286,258
130.883,130.883,NoButton,Drag,1286,257
130.887,130.887,NoButton,Drag,1286,257
130.892,130.892,NoButton,Drag,1287,257
130.895,130.895,NoButton,Drag,1287,257
130.899,130.899,NoButton,Drag,1287,257
130.903,130.903,NoButton,Drag,1287,257
130.907,130.907,NoButton,Drag,1288,257
130.911,130.911,NoButton,Drag,1288,256
130.915,130.915,NoButton,Drag,1288,256
130.92,130.92,NoButton,Drag,1289,256
130.923,130.923,NoButton,Drag,1289,256
130.927,130.927,NoButton,Drag,1290,256
130.931,130.931,NoButton,Drag,1290,256
130.933,130.933,NoButton,Drag,1290,255
130.937,130.937,NoButton,Drag,1291,255
130.941,130.941,NoButton,Drag,1292,255
130.945,130.945,NoButton,Drag,1292,255
130.949,130.949,NoButton,Drag,1292,255
130.953,130.953,NoButton,Drag,1293,255
130.957,130.957,NoButton,Drag,1293,255
130.961,130.961,NoButton,Drag,1293,254
130.965,130.965,NoButton,Drag,1294,254
130.97,130.97,NoButton,Drag,1294,254
130.973,130.973,NoButton,Drag,1294,254
130.977,130.977,NoButton,Drag,1294,254
130.981,130.981,NoButton,Drag,1295,254
131.013,131.013,NoButton,Drag,1295,253
131.161,131.161,NoButton,Drag,1295,253
131.182,131.182,Left,Released,1295,253
131.183,131.183,NoButton,Drag,1294,253
131.207,131.207,NoButton,Drag,1294,253
131.221,131.221,NoButton,Drag,1294,252
131.238,131.238,NoButton,Drag,1292,252
131.255,131.255,NoButton,Drag,1289,252
131.272,131.272,NoButton,Drag,1285,252
131.288,131.288,NoButton,Drag,1279,252
131.305,131.305,NoButton,Drag,1274,253
131.321,131.321,NoButton,Drag,1269,255
131.338,131.338,NoButton,Drag,1265,257
131.355,131.355,NoButton,Drag,1262,259
131.372,131.372,NoButton,Drag,1256,262
131.388,131.388,NoButton,Drag,1248,265
131.405,131.405,NoButton,Drag,1233,271
131.421,131.421,NoButton,Drag,1220,275
131.439,131.439,NoButton,Drag,1206,279
131.455,131.455,NoButton,Drag,1193,285
131.472,131.472,NoButton,Drag,1177,290
131.489,131.489,NoButton,Drag,1161,297
131.505,131.505,NoButton,Drag,1140,304
131.522,131.522,NoButton,Drag,1125,309
131.539,131.539,NoButton,Drag,1110,313
131.555,131.555,NoButton,Drag,1097,317
131.572,131.572,NoButton,Drag,1084,320
131.589,131.589,NoButton,Drag,1077,322
131.606,131.606,NoButton,Drag,1070,324
131.622,131.622,NoButton,Drag,1066,325
131.639,131.639,NoButton,Drag,1062,325
131.655,131.655,NoButton,Drag,1058,325
131.672,131.672,NoButton,Drag,1055,325
131.688,131.688,NoButton,Drag,1052,324
131.706,131.706,NoButton,Drag,1045,323
131.722,131.722,NoButton,Drag,1034,321
131.739,131.739,NoButton,Drag,1017,320
131.755,131.755,NoButton,Drag,994,319
131.772,131.772,NoButton,Drag,956,318
131.789,131.789,NoButton,Drag,924,315
131.806,131.806,NoButton,Drag,897,311
131.822,131.822,NoButton,Drag,873,305
131.839,131.839,NoButton,Drag,852,298
131.855,131.855,NoButton,Drag,840,292
131.872,131.872,NoButton,Drag,827,283
131.889,131.889,NoButton,Drag,814,274
131.905,131.905,NoButton,Drag,804,266
131.922,131.922,NoButton,Drag,796,260
131.939,131.939,NoButton,Drag,792,256
131.955,131.955,NoButton,Drag,790,253
131.972,131.972,NoButton,Drag,789,252
131.989,131.989,NoButton,Drag,789,251
132.006,132.006,NoButton,Drag,788,250
132.022,132.022,NoButton,Drag,787,249
132.039,132.039,NoButton,Drag,786,248
132.056,132.056,NoButton,Drag,786,247
132.072,132.072,NoButton,Drag,785,246
132.089,132.089,NoButton,Drag,784,245
132.106,132.106,NoButton,Drag,784,242
132.123,132.123,NoButton,Drag,783,240
132.139,132.139,NoButton,Drag,782,234
132.157,132.157,NoButton,Drag,781,226
132.173,132.173,NoButton,Drag,779,218
132.189,132.189,NoButton,Drag,776,209
132.206,132.206,NoButton,Drag,774,199
132.223,132.223,NoButton,Drag,773,193
132.239,132.239,NoButton,Drag,772,191
132.256,132.256,NoButton,Drag,772,191
132.406,132.406,NoButton,Drag,772,191
132.409,132.409,NoButton,Drag,772,191
132.422,132.422,NoButton,Drag,773,192
132.44,132.44,NoButton,Drag,773,192
132.456,132.456,NoButton,Drag,773,193
132.473,132.473,NoButton,Drag,773,194
132.489,132.489,NoButton,Drag,774,194
132.506,132.506,NoButton,Drag,774,195
132.523,132.523,NoButton,Drag,775,197
132.539,132.539,NoButton,Drag,776,199
132.557,132.557,NoButton,Drag,776,199
132.572,132.572,NoButton,Drag,777,201
132.59,132.59,NoButton,Drag,777,201
132.606,132.606,NoButton,Drag,777,202
132.648,132.648,Left,Pressed,777,202
132.784,132.784,Left,Released,777,202
132.86,132.86,NoButton,Drag,777,202
132.876,132.876,NoButton,Drag,777,202
132.891,132.891,NoButton,Drag,777,202
132.908,132.908,NoButton,Drag,775,202
132.924,132.924,NoButton,Drag,773,203
132.942,132.942,NoButton,Drag,769,205
132.958,132.958,NoButton,Drag,765,207
132.975,132.975,NoButton,Drag,759,211
132.992,132.992,NoButton,Drag,750,216
133.009,133.009,NoButton,Drag,741,220
133.025,133.025,NoButton,Drag,731,225
133.042,133.042,NoButton,Drag,721,229
133.059,133.059,NoButton,Drag,709,234
133.075,133.075,NoButton,Drag,695,238
133.092,133.092,NoButton,Drag,679,243
133.108,133.108,NoButton,Drag,665,247
133.126,133.126,NoButton,Drag,655,250
133.142,133.142,NoButton,Drag,646,252
133.158,133.158,NoButton,Drag,638,255
133.175,133.175,NoButton,Drag,630,257
133.195,133.195,NoButton,Drag,621,259
133.211,133.211,NoButton,Drag,611,262
133.227,133.227,NoButton,Drag,606,264
133.244,133.244,NoButton,Drag,601,267
133.261,133.261,NoButton,Drag,595,270
133.277,133.277,NoButton,Drag,588,275
133.294,133.294,NoButton,Drag,580,280
133.31,133.31,NoButton,Drag,570,286
133.328,133.328,NoButton,Drag,558,294
133.344,133.344,NoButton,Drag,545,303
133.361,133.361,NoButton,Drag,530,312
133.378,133.378,NoButton,Drag,509,326
133.394,133.394,NoButton,Drag,491,337
133.41,133.41,NoButton,Drag,475,347
133.429,133.429,NoButton,Drag,460,354
133.445,133.445,NoButton,Drag,450,358
133.462,133.462,NoButton,Drag,448,358
133.481,133.481,NoButton,Drag,448,358
133.496,133.496,NoButton,Drag,448,358
133.511,133.511,NoButton,Drag,448,356
133.529,133.529,NoButton,Drag,448,355
133.545,133.545,NoButton,Drag,449,352
133.562,133.562,NoButton,Drag,451,345
133.578,133.578,NoButton,Drag,455,338
133.596,133.596,NoButton,Drag,462,326
133.613,133.613,NoButton,Drag,474,310
133.629,133.629,NoButton,Drag,489,289
133.646,133.646,NoButton,Drag,512,258
133.662,133.662,NoButton,Drag,539,229
133.68,133.68,NoButton,Drag,569,199
133.696,133.696,NoButton,Drag,598,169
133.712,133.712,NoButton,Drag,629,137
133.729,133.729,NoButton,Drag,659,106
133.745,133.745,NoButton,Drag,694,69
133.763,133.763,NoButton,Drag,721,39
133.779,133.779,NoButton,Drag,748,9
133.796,133.796,NoButton,Drag,780,0
133.813,133.813,NoButton,Drag,796,0
133.829,133.829,NoButton,Drag,819,0
133.846,133.846,NoButton,Drag,834,0
133.863,133.863,NoButton,Drag,845,0
133.879,133.879,NoButton,Drag,853,0
133.896,133.896,NoButton,Drag,860,0
133.913,133.913,NoButton,Drag,865,0
133.929,133.929,NoButton,Drag,868,0
133.946,133.946,NoButton,Drag,872,0
133.963,133.963,NoButton,Drag,875,0
133.979,133.979,NoButton,Drag,878,0
133.996,133.996,NoButton,Drag,882,0
134.013,134.013,NoButton,Drag,885,0
134.029,134.029,NoButton,Drag,887,0
134.046,134.046,NoButton,Drag,888,0
134.063,134.063,NoButton,Drag,888,0
134.079,134.079,NoButton,Drag,888,0
134.096,134.096,NoButton,Drag,884,1
134.113,134.113,NoButton,Drag,878,6
134.13,134.13,NoButton,Drag,870,13
134.147,134.147,NoButton,Drag,858,23
134.163,134.163,NoButton,Drag,839,39
134.18,134.18,NoButton,Drag,819,55
134.197,134.197,NoButton,Drag,795,71
134.213,134.213,NoButton,Drag,771,86
134.23,134.23,NoButton,Drag,749,99
134.247,134.247,NoButton,Drag,732,110
134.263,134.263,NoButton,Drag,720,118
134.28,134.28,NoButton,Drag,718,121
134.297,134.297,NoButton,Drag,716,124
134.314,134.314,NoButton,Drag,715,125
134.331,134.331,NoButton,Drag,715,126
134.347,134.347,NoButton,Drag,714,126
134.363,134.363,NoButton,Drag,714,127
134.38,134.38,NoButton,Drag,714,128
134.398,134.398,NoButton,Drag,714,129
134.413,134.413,NoButton,Drag,714,129
134.431,134.431,NoButton,Drag,714,129
134.51,134.51,NoButton,Drag,714,129
134.554,134.554,Left,Pressed,714,129
134.642,134.642,NoButton,Drag,714,129
134.645,134.645,NoButton,Drag,715,128
134.649,134.649,NoButton,Drag,716,127
134.653,134.653,NoButton,Drag,717,125
134.657,134.657,NoButton,Drag,719,123
134.661,134.661,NoButton,Drag,721,120
134.666,134.666,Left,Released,721,120
134.666,134.666,NoButton,Drag,724,117
134.681,134.681,NoButton,Drag,736,101
134.697,134.697,NoButton,Drag,762,63
134.714,134.714,NoButton,Drag,817,0
134.73,134.73,NoButton,Drag,872,0
134.747,134.747,NoButton,Drag,935,0
134.764,134.764,NoButton,Drag,985,0
134.78,134.78,NoButton,Drag,1022,0
134.798,134.798,NoButton,Drag,1064,0
134.815,134.815,NoButton,Drag,1089,0
134.831,134.831,NoButton,Drag,1108,0
134.847,134.847,NoButton,Drag,1118,0
134.865,134.865,NoButton,Drag,1120,0
134.881,134.881,NoButton,Drag,1128,0
134.898,134.898,NoButton,Drag,1145,0
134.915,134.915,NoButton,Drag,1169,0
134.931,134.931,NoButton,Drag,1203,0
134.947,134.947,NoButton,Drag,1246,0
134.964,134.964,NoButton,Drag,1280,0
134.981,134.981,NoButton,Drag,1307,0
134.997,134.997,NoButton,Drag,1326,0
135.015,135.015,NoButton,Drag,1342,0
135.031,135.031,NoButton,Drag,1357,0
135.048,135.048,NoButton,Drag,1375,0
135.064,135.064,NoButton,Drag,1384,0
135.081,135.081,NoButton,Drag,1388,0
135.098,135.098,NoButton,Drag,1389,0
135.114,135.114,NoButton,Drag,1387,0
135.131,135.131,NoButton,Drag,1376,0
135.148,135.148,NoButton,Drag,1339,0
135.164,135.164,NoButton,Drag,1291,8
135.18,135.18,NoButton,Drag,1239,22
135.196,135.196,NoButton,Drag,1194,37
135.213,135.213,NoButton,Drag,1167,46
135.231,135.231,NoButton,Drag,1137,58
135.247,135.247,NoButton,Drag,1097,73
135.264,135.264,NoButton,Drag,1045,92
135.28,135.28,NoButton,Drag,999,106
135.298,135.298,NoButton,Drag,958,116
135.314,135.314,NoButton,Drag,920,121
135.331,135.331,NoButton,Drag,884,122
135.347,135.347,NoButton,Drag,856,122
135.363,135.363,NoButton,Drag,825,122
135.381,135.381,NoButton,Drag,808,122
135.397,135.397,NoButton,Drag,797,123
135.414,135.414,NoButton,Drag,789,125
135.43,135.43,NoButton,Drag,782,131
135.447,135.447,NoButton,Drag,773,141
135.463,135.463,NoButton,Drag,767,149
135.48,135.48,NoButton,Drag,756,166
135.497,135.497,NoButton,Drag,746,180
135.513,135.513,NoButton,Drag,733,195
135.53,135.53,NoButton,Drag,714,216
135.547,135.547,NoButton,Drag,695,235
135.563,135.563,NoButton,Drag,672,257
135.58,135.58,NoButton,Drag,647,280
135.597,135.597,NoButton,Drag,619,304
135.614,135.614,NoButton,Drag,586,331
135.63,135.63,NoButton,Drag,558,353
135.647,135.647,NoButton,Drag,531,374
135.663,135.663,NoButton,Drag,511,392
135.679,135.679,NoButton,Drag,495,408
135.697,135.697,NoButton,Drag,480,422
135.713,135.713,NoButton,Drag,471,431
135.73,135.73,NoButton,Drag,464,438
135.747,135.747,NoButton,Drag,461,442
135.763,135.763,NoButton,Drag,460,444
135.78,135.78,NoButton,Drag,461,445
135.797,135.797,NoButton,Drag,464,445
135.813,135.813,NoButton,Drag,470,442
135.83,135.83,NoButton,Drag,482,436
135.846,135.846,NoButton,Drag,494,431
135.864,135.864,NoButton,Drag,507,427
135.879,135.879,NoButton,Drag,522,423
135.897,135.897,NoButton,Drag,538,416
135.913,135.913,NoButton,Drag,559,411
135.93,135.93,NoButton,Drag,574,408
135.946,135.946,NoButton,Drag,584,407
135.963,135.963,NoButton,Drag,590,409
135.98,135.98,NoButton,Drag,593,413
135.996,135.996,NoButton,Drag,594,419
136.013,136.013,NoButton,Drag,596,426
136.03,136.03,NoButton,Drag,602,433
136.046,136.046,NoButton,Drag,611,441
136.063,136.063,NoButton,Drag,625,449
136.08,136.08,NoButton,Drag,644,457
136.097,136.097,NoButton,Drag,675,470
136.113,136.113,NoButton,Drag,712,484
136.13,136.13,NoButton,Drag,752,505
136.147,136.147,NoButton,Drag,788,534
136.163,136.163,NoButton,Drag,820,565
136.179,136.179,NoButton,Drag,858,608
136.196,136.196,NoButton,Drag,882,650
136.213,136.213,NoButton,Drag,900,696
136.23,136.23,NoButton,Drag,909,743
136.247,136.247,NoButton,Drag,912,796
136.263,136.263,NoButton,Drag,908,854
136.28,136.28,NoButton,Drag,894,899
136.297,136.297,NoButton,Drag,884,899
136.313,136.313,NoButton,Drag,876,899
136.33,136.33,NoButton,Drag,859,899
136.347,136.347,NoButton,Drag,828,899
136.363,136.363,NoButton,Drag,787,899
136.38,136.38,NoButton,Drag,736,899
136.396,136.396,NoButton,Drag,692,899
136.413,136.413,NoButton,Drag,642,899
136.43,136.43,NoButton,Drag,598,899
136.446,136.446,NoButton,Drag,567,899
136.463,136.463,NoButton,Drag,550,899
136.48,136.48,NoButton,Drag,546,899
136.499,136.499,NoButton,Drag,546,899
136.513,136.513,NoButton,Drag,546,898
136.53,136.53,NoButton,Drag,552,891
136.546,136.546,NoButton,Drag,573,874
136.563,136.563,NoButton,Drag,613,846
136.579,136.579,NoButton,Drag,688,801
136.596,136.596,NoButton,Drag,753,756
136.613,136.613,NoButton,Drag,822,700
136.63,136.63,NoButton,Drag,894,636
136.646,136.646,NoButton,Drag,969,562
136.663,136.663,NoButton,Drag,1048,469
136.68,136.68,NoButton,Drag,1090,403
136.696,136.696,NoButton,Drag,1122,351
136.713,136.713,NoButton,Drag,1143,312
136.73,136.73,NoButton,Drag,1162,276
136.746,136.746,NoButton,Drag,1171,252
136.763,136.763,NoButton,Drag,1178,231
136.78,136.78,NoButton,Drag,1182,213
136.796,136.796,NoButton,Drag,1183,196
136.813,136.813,NoButton,Drag,1180,180
136.83,136.83,NoButton,Drag,1172,161
136.846,136.846,NoButton,Drag,1162,149
136.863,136.863,NoButton,Drag,1151,138
136.879,136.879,NoButton,Drag,1145,133
136.897,136.897,NoButton,Drag,1143,132
136.913,136.913,NoButton,Drag,1143,132
136.945,136.945,NoButton,Drag,1143,132
136.949,136.949,NoButton,Drag,1143,132
136.963,136.963,NoButton,Drag,1144,134
136.98,136.98,NoButton,Drag,1148,139
136.996,136.996,NoButton,Drag,1152,145
137.013,137.013,NoButton,Drag,1155,148
137.11,137.11,NoButton,Drag,1155,148
137.118,137.118,NoButton,Drag,1155,148
137.131,137.131,NoButton,Drag,1155,148
137.147,137.147,NoButton,Drag,1154,149
137.163,137.163,NoButton,Drag,1149,153
137.18,137.18,NoButton,Drag,1138,161
137.197,137.197,NoButton,Drag,1122,172
137.213,137.213,NoButton,Drag,1098,180
137.23,137.23,NoButton,Drag,1074,181
137.247,137.247,NoButton,Drag,1051,177
137.263,137.263,NoButton,Drag,1030,166
137.28,137.28,NoButton,Drag,1017,158
137.297,137.297,NoButton,Drag,1006,151
137.314,137.314,NoButton,Drag,995,146
137.331,137.331,NoButton,Drag,985,142
137.347,137.347,NoButton,Drag,975,139
137.363,137.363,NoButton,Drag,964,137
137.38,137.38,NoButton,Drag,955,137
137.397,137.397,NoButton,Drag,944,140
137.413,137.413,NoButton,Drag,926,144
137.431,137.431,NoButton,Drag,902,151
137.447,137.447,NoButton,Drag,870,159
137.464,137.464,NoButton,Drag,822,172
137.48,137.48,NoButton,Drag,782,181
137.498,137.498,NoButton,Drag,742,190
137.514,137.514,NoButton,Drag,703,195
137.531,137.531,NoButton,Drag,671,197
137.547,137.547,NoButton,Drag,650,197
137.564,137.564,NoButton,Drag,638,196
137.581,137.581,NoButton,Drag,633,195
137.597,137.597,NoButton,Drag,632,195
137.615,137.615,NoButton,Drag,632,195
137.631,137.631,NoButton,Drag,632,194
137.647,137.647,NoButton,Drag,631,190
137.664,137.664,NoButton,Drag,628,185
137.681,137.681,NoButton,Drag,625,177
137.697,137.697,NoButton,Drag,623,169
137.714,137.714,NoButton,Drag,621,159
137.731,137.731,NoButton,Drag,619,151
137.747,137.747,NoButton,Drag,619,140
137.764,137.764,NoButton,Drag,619,132
137.781,137.781,NoButton,Drag,619,126
137.798,137.798,NoButton,Drag,618,123
137.814,137.814,NoButton,Drag,618,120
137.831,137.831,NoButton,Drag,617,118
137.848,137.848,NoButton,Drag,617,117
137.864,137.864,NoButton,Drag,616,116
137.881,137.881,NoButton,Drag,614,115
137.897,137.897,NoButton,Drag,612,113
137.914,137.914,NoButton,Drag,608,113
137.93,137.93,NoButton,Drag,600,112
137.947,137.947,NoButton,Drag,589,111
137.964,137.964,NoButton,Drag,575,111
137.981,137.981,NoButton,Drag,569,110
138.001,138.001,NoButton,Drag,568,110
138.014,138.014,NoButton,Drag,567,110
138.031,138.031,NoButton,Drag,567,110
138.048,138.048,NoButton,Drag,566,110
138.064,138.064,NoButton,Drag,566,110
138.089,138.089,NoButton,Drag,566,110
138.098,138.098,NoButton,Drag,566,110
138.137,138.137,NoButton,Drag,566,111
138.145,138.145,NoButton,Drag,566,111
138.153,138.153,NoButton,Drag,566,111
138.164,138.164,NoButton,Drag,566,111
138.181,138.181,NoButton,Drag,566,112
138.197,138.197,NoButton,Drag,566,113
138.214,138.214,NoButton,Drag,566,113
138.231,138.231,NoButton,Drag,566,114
138.247,138.247,NoButton,Drag,566,114
138.322,138.322,NoButton,Drag,567,114
138.427,138.427,NoButton,Drag,567,114
138.431,138.431,NoButton,Drag,567,114
138.447,138.447,NoButton,Drag,568,114
138.464,138.464,NoButton,Drag,570,115
138.481,138.481,NoButton,Drag,572,115
138.497,138.497,NoButton,Drag,574,116
138.514,138.514,NoButton,Drag,576,116
138.531,138.531,NoButton,Drag,578,116
138.547,138.547,NoButton,Drag,579,116
138.564,138.564,NoButton,Drag,579,116
138.632,138.632,NoButton,Drag,579,116
138.635,138.635,NoButton,Drag,579,116
138.647,138.647,NoButton,Drag,580,117
138.664,138.664,NoButton,Drag,581,118
138.683,138.683,NoButton,Drag,581,119
138.699,138.699,NoButton,Drag,582,122
138.716,138.716,NoButton,Drag,579,124
138.733,138.733,NoButton,Drag,572,128
138.75,138.75,NoButton,Drag,563,137
138.766,138.766,NoButton,Drag,555,147
138.783,138.783,NoButton,Drag,548,160
138.799,138.799,NoButton,Drag,546,172
138.816,138.816,NoButton,Drag,549,181
138.833,138.833,NoButton,Drag,557,187
138.849,138.849,NoButton,Drag,570,193
138.866,138.866,NoButton,Drag,588,198
138.882,138.882,NoButton,Drag,606,208
138.899,138.899,NoButton,Drag,627,222
138.917,138.917,NoButton,Drag,645,232
138.935,138.935,NoButton,Drag,662,239
138.952,138.952,NoButton,Drag,685,242
138.968,138.968,NoButton,Drag,703,241
138.985,138.985,NoButton,Drag,718,237
139.002,139.002,NoButton,Drag,730,231
139.019,139.019,NoButton,Drag,737,224
139.034,139.034,NoButton,Drag,741,218
139.052,139.052,NoButton,Drag,743,212
139.068,139.068,NoButton,Drag,743,205
139.085,139.085,NoButton,Drag,742,198
139.101,139.101,NoButton,Drag,738,195
139.118,139.118,NoButton,Drag,733,190
139.135,139.135,NoButton,Drag,730,187
139.151,139.151,NoButton,Drag,726,185
139.168,139.168,NoButton,Drag,721,181
139.185,139.185,NoButton,Drag,718,178
139.202,139.202,NoButton,Drag,714,176
139.219,139.219,NoButton,Drag,711,175
139.235,139.235,NoButton,Drag,710,174
139.252,139.252,NoButton,Drag,708,173
139.269,139.269,NoButton,Drag,706,172
139.285,139.285,NoButton,Drag,703,171
139.302,139.302,NoButton,Drag,698,170
139.318,139.318,NoButton,Drag,690,168
139.335,139.335,NoButton,Drag,680,167
139.352,139.352,NoButton,Drag,674,167
139.369,139.369,NoButton,Drag,672,167
139.385,139.385,NoButton,Drag,670,167
139.403,139.403,NoButton,Drag,669,167
139.419,139.419,NoButton,Drag,669,167
139.51,139.51,NoButton,Drag,669,167
139.523,139.523,NoButton,Drag,669,167
139.536,139.536,NoButton,Drag,669,166
139.552,139.552,NoButton,Drag,669,165
139.57,139.57,NoButton,Drag,671,164
139.586,139.586,NoButton,Drag,673,162
139.603,139.603,NoButton,Drag,674,162
139.619,139.619,NoButton,Drag,675,161
139.636,139.636,NoButton,Drag,677,161
139.653,139.653,NoButton,Drag,678,161
139.669,139.669,NoButton,Drag,679,162
139.685,139.685,NoButton,Drag,680,163
139.702,139.702,NoButton,Drag,680,164
139.719,139.719,NoButton,Drag,680,166
139.736,139.736,NoButton,Drag,679,169
139.752,139.752,NoButton,Drag,676,173
139.769,139.769,NoButton,Drag,671,178
139.787,139.787,NoButton,Drag,664,183
139.802,139.802,NoButton,Drag,657,187
139.819,139.819,NoButton,Drag,649,190
139.837,139.837,NoButton,Drag,642,193
139.853,139.853,NoButton,Drag,637,197
139.87,139.87,NoButton,Drag,632,200
139.886,139.886,NoButton,Drag,628,203
139.903,139.903,NoButton,Drag,625,205
139.92,139.92,NoButton,Drag,625,206
139.943,139.943,NoButton,Drag,624,206
139.955,139.955,NoButton,Drag,624,206
139.97,139.97,NoButton,Drag,624,206
139.986,139.986,NoButton,Drag,624,206
140.002,140.002,NoButton,Drag,623,206
140.019,140.019,NoButton,Drag,622,206
140.036,140.036,NoButton,Drag,621,205
140.053,140.053,NoButton,Drag,621,205
140.069,140.069,NoButton,Drag,621,204
140.086,140.086,NoButton,Drag,621,204
140.102,140.102,NoButton,Drag,621,202
140.12,140.12,NoButton,Drag,621,200
140.137,140.137,NoButton,Drag,622,199
140.153,140.153,NoButton,Drag,624,196
140.169,140.169,NoButton,Drag,629,191
140.183,140.183,NoButton,Drag,633,188
140.2,140.2,NoButton,Drag,641,182
140.217,140.217,NoButton,Drag,651,172
140.233,140.233,NoButton,Drag,666,157
140.25,140.25,NoButton,Drag,686,138
140.267,140.267,NoButton,Drag,703,126
140.283,140.283,NoButton,Drag,727,115
140.3,140.3,NoButton,Drag,758,107
140.317,140.317,NoButton,Drag,794,105
140.333,140.333,NoButton,Drag,840,107
140.35,140.35,NoButton,Drag,879,118
140.366,140.366,NoButton,Drag,919,136
140.383,140.383,NoButton,Drag,962,166
140.4,140.4,NoButton,Drag,1013,202
140.417,140.417,NoButton,Drag,1077,250
140.432,140.432,NoButton,Drag,1133,302
140.449,140.449,NoButton,Drag,1177,356
140.465,140.465,NoButton,Drag,1215,411
140.482,140.482,NoButton,Drag,1247,478
140.498,140.498,NoButton,Drag,1258,534
140.515,140.515,NoButton,Drag,1253,593
140.532,140.532,NoButton,Drag,1231,657
140.549,140.549,NoButton,Drag,1197,730
140.565,140.565,NoButton,Drag,1158,805
140.582,140.582,NoButton,Drag,1084,899
140.599,140.599,NoButton,Drag,995,899
140.616,140.616,NoButton,Drag,900,899
140.632,140.632,NoButton,Drag,803,899
140.649,140.649,NoButton,Drag,706,899
140.665,140.665,NoButton,Drag,565,899
140.681,140.681,NoButton,Drag,411,899
140.699,140.699,NoButton,Drag,247,899
140.714,140.714,NoButton,Drag,123,899
140.731,140.731,NoButton,Drag,55,899
140.748,140.748,NoButton,Drag,32,899
140.764,140.764,NoButton,Drag,30,899
140.781,140.781,NoButton,Drag,30,899
141.378,141.378,NoButton,Drag,30,899
141.482,141.482,NoButton,Drag,30,899
142.742,142.742,NoButton,Drag,29,899
142.743,142.743,NoButton,Drag,27,899
142.754,142.754,NoButton,Drag,20,899
142.771,142.771,NoButton,Drag,0,891
142.788,142.788,NoButton,Drag,0,863
142.805,142.805,NoButton,Drag,0,826
142.821,142.821,NoButton,Drag,0,783
142.838,142.838,NoButton,Drag,0,736
142.855,142.855,NoButton,Drag,0,688
142.871,142.871,NoButton,Drag,0,643
142.888,142.888,NoButton,Drag,0,594
142.905,142.905,NoButton,Drag,0,556
142.921,142.921,NoButton,Drag,0,517
142.94,142.94,NoButton,Drag,0,474
142.957,142.957,NoButton,Drag,0,447
142.974,142.974,NoButton,Drag,0,413
142.99,142.99,NoButton,Drag,0,386
143.007,143.007,NoButton,Drag,0,360
143.024,143.024,NoButton,Drag,0,337
143.04,143.04,NoButton,Drag,0,316
143.057,143.057,NoButton,Drag,0,298
143.074,143.074,NoButton,Drag,0,278
143.09,143.09,NoButton,Drag,0,261
143.107,143.107,NoButton,Drag,0,247
143.124,143.124,NoButton,Drag,0,241
143.14,143.14,NoButton,Drag,1,238
143.157,143.157,NoButton,Drag,4,229
143.174,143.174,NoButton,Drag,15,195
143.193,143.193,NoButton,Drag,33,147
143.21,143.21,NoButton,Drag,53,86
143.226,143.226,NoButton,Drag,63,49
143.244,143.244,NoButton,Drag,65,29
143.26,143.26,NoButton,Drag,64,16
143.276,143.276,NoButton,Drag,62,7
143.293,143.293,NoButton,Drag,60,0
143.31,143.31,NoButton,Drag,56,0
143.326,143.326,NoButton,Drag,52,0
143.343,143.343,NoButton,Drag,50,0
143.359,143.359,NoButton,Drag,48,0
143.377,143.377,NoButton,Drag,46,0
143.393,143.393,NoButton,Drag,43,0
143.41,143.41,NoButton,Drag,37,0
143.427,143.427,NoButton,Drag,31,0
143.443,143.443,NoButton,Drag,26,0
143.461,143.461,NoButton,Drag,21,0
143.478,143.478,NoButton,Drag,12,0
143.494,143.494,NoButton,Drag,0,0
143.512,143.512,NoButton,Drag,0,0
143.528,143.528,NoButton,Drag,0,0
143.544,143.544,NoButton,Drag,0,0
143.561,143.561,NoButton,Drag,0,0
143.578,143.578,NoButton,Drag,0,0
143.595,143.595,NoButton,Drag,1,0
143.611,143.611,NoButton,Drag,5,0
143.628,143.628,NoButton,Drag,14,0
143.644,143.644,NoButton,Drag,22,0
143.661,143.661,NoButton,Drag,27,0
143.678,143.678,NoButton,Drag,28,0
143.695,143.695,NoButton,Drag,28,0
143.712,143.712,NoButton,Drag,23,0
143.729,143.729,NoButton,Drag,13,0
143.745,143.745,NoButton,Drag,0,0
143.762,143.762,NoButton,Drag,0,0
143.779,143.779,NoButton,Drag,0,0
143.795,143.795,NoButton,Drag,0,0
143.812,143.812,NoButton,Drag,0,0
143.828,143.828,NoButton,Drag,0,0
143.845,143.845,NoButton,Drag,0,0
143.862,143.862,NoButton,Drag,0,0
143.879,143.879,NoButton,Drag,3,0
143.896,143.896,NoButton,Drag,13,0
143.912,143.912,NoButton,Drag,23,0
143.928,143.928,NoButton,Drag,36,0
143.945,143.945,NoButton,Drag,53,0
143.962,143.962,NoButton,Drag,74,0
143.979,143.979,NoButton,Drag,98,0
143.996,143.996,NoButton,Drag,126,0
144.012,144.012,NoButton,Drag,144,3
144.029,144.029,NoButton,Drag,159,8
144.045,144.045,NoButton,Drag,167,14
144.062,144.062,NoButton,Drag,170,19
144.079,144.079,NoButton,Drag,169,26
144.096,144.096,NoButton,Drag,166,34
144.113,144.113,NoButton,Drag,159,40
144.129,144.129,NoButton,Drag,153,45
144.146,144.146,NoButton,Drag,149,48
144.163,144.163,NoButton,Drag,149,49
144.18,144.18,NoButton,Drag,150,51
144.195,144.195,NoButton,Drag,155,54
144.213,144.213,NoButton,Drag,166,57
144.229,144.229,NoButton,Drag,182,61
144.246,144.246,NoButton,Drag,206,62
144.262,144.262,NoButton,Drag,229,63
144.279,144.279,NoButton,Drag,253,64
144.297,144.297,NoButton,Drag,285,65
144.313,144.313,NoButton,Drag,318,66
144.33,144.33,NoButton,Drag,353,67
144.346,144.346,NoButton,Drag,373,67
144.363,144.363,NoButton,Drag,387,69
144.38,144.38,NoButton,Drag,393,70
144.396,144.396,NoButton,Drag,395,71
144.412,144.412,NoButton,Drag,395,71
144.43,144.43,NoButton,Drag,395,71
144.446,144.446,NoButton,Drag,395,72
144.462,144.462,NoButton,Drag,395,73
144.479,144.479,NoButton,Drag,395,75
144.496,144.496,NoButton,Drag,396,77
144.513,144.513,NoButton,Drag,397,81
144.529,144.529,NoButton,Drag,398,88
144.546,144.546,NoButton,Drag,399,93
144.562,144.562,NoButton,Drag,400,98
144.579,144.579,NoButton,Drag,400,104
144.596,144.596,NoButton,Drag,400,109
144.612,144.612,NoButton,Drag,401,114
144.629,144.629,NoButton,Drag,403,120
144.646,144.646,NoButton,Drag,404,123
144.663,144.663,NoButton,Drag,406,127
144.679,144.679,NoButton,Drag,409,130
144.696,144.696,NoButton,Drag,412,132
144.713,144.713,NoButton,Drag,413,133
144.729,144.729,NoButton,Drag,415,135
144.746,144.746,NoButton,Drag,416,136
144.763,144.763,NoButton,Drag,417,138
144.779,144.779,NoButton,Drag,418,139
144.796,144.796,NoButton,Drag,418,140
144.813,144.813,NoButton,Drag,419,141
144.83,144.83,NoButton,Drag,419,141
144.847,144.847,NoButton,Drag,419,141
144.863,144.863,NoButton,Drag,419,141
144.879,144.879,NoButton,Drag,419,142
144.896,144.896,NoButton,Drag,420,142
144.913,144.913,NoButton,Drag,420,142
144.93,144.93,NoButton,Drag,421,143
144.944,144.944,NoButton,Drag,421,143
144.947,144.947,Left,Pressed,421,143
144.947,144.947,NoButton,Drag,421,143
145.04,145.04,Left,Released,421,143
145.067,145.067,NoButton,Drag,421,143
145.071,145.071,NoButton,Drag,421,143
145.079,145.079,NoButton,Drag,421,143
145.096,145.096,NoButton,Drag,421,141
145.113,145.113,NoButton,Drag,423,139
145.129,145.129,NoButton,Drag,428,138
145.146,145.146,NoButton,Drag,434,137
145.163,145.163,NoButton,Drag,442,136
145.18,145.18,NoButton,Drag,451,136
145.196,145.196,NoButton,Drag,462,136
145.212,145.212,NoButton,Drag,473,135
145.23,145.23,NoButton,Drag,482,135
145.246,145.246,NoButton,Drag,494,134
145.263,145.263,NoButton,Drag,505,133
145.279,145.279,NoButton,Drag,515,133
145.296,145.296,NoButton,Drag,523,132
145.312,145.312,NoButton,Drag,529,131
145.329,145.329,NoButton,Drag,535,131
145.346,145.346,NoButton,Drag,539,130
145.363,145.363,NoButton,Drag,541,130
145.413,145.413,NoButton,Drag,541,130
145.421,145.421,NoButton,Drag,541,130
145.433,145.433,NoButton,Drag,541,130
145.446,145.446,NoButton,Drag,542,130
145.463,145.463,NoButton,Drag,543,130
145.48,145.48,NoButton,Drag,543,131
145.497,145.497,NoButton,Drag,543,131
145.513,145.513,NoButton,Drag,544,132
145.531,145.531,NoButton,Drag,544,132
145.547,145.547,NoButton,Drag,544,133
145.563,145.563,NoButton,Drag,545,133
145.58,145.58,NoButton,Drag,545,134
145.597,145.597,NoButton,Drag,545,135
145.613,145.613,NoButton,Drag,545,136
145.63,145.63,NoButton,Drag,545,137
145.648,145.648,NoButton,Drag,545,137
145.664,145.664,NoButton,Drag,545,137
145.681,145.681,NoButton,Drag,545,138
145.698,145.698,NoButton,Drag,545,138
145.713,145.713,NoButton,Drag,545,139
145.731,145.731,NoButton,Drag,545,139
145.747,145.747,NoButton,Drag,545,140
145.754,145.754,NoButton,Drag,545,141
145.765,145.765,Left,Pressed,545,141
145.765,145.765,NoButton,Drag,545,141
145.777,145.777,NoButton,Drag,545,141
145.852,145.852,Left,Released,545,141
145.876,145.876,NoButton,Drag,545,141
145.884,145.884,NoButton,Drag,545,141
145.899,145.899,NoButton,Drag,545,140
145.916,145.916,NoButton,Drag,546,139
145.932,145.932,NoButton,Drag,547,138
145.949,145.949,NoButton,Drag,551,138
145.966,145.966,NoButton,Drag,559,138
145.982,145.982,NoButton,Drag,567,138
145.999,145.999,NoButton,Drag,580,138
146.016,146.016,NoButton,Drag,604,139
146.033,146.033,NoButton,Drag,629,140
146.049,146.049,NoButton,Drag,658,141
146.066,146.066,NoButton,Drag,690,142
146.083,146.083,NoButton,Drag,723,142
146.099,146.099,NoButton,Drag,758,143
146.116,146.116,NoButton,Drag,789,144
146.132,146.132,NoButton,Drag,808,145
146.149,146.149,NoButton,Drag,819,147
146.166,146.166,NoButton,Drag,824,149
146.184,146.184,NoButton,Drag,825,149
146.199,146.199,NoButton,Drag,825,150
146.218,146.218,NoButton,Drag,825,152
146.235,146.235,NoButton,Drag,825,155
146.251,146.251,NoButton,Drag,824,159
146.268,146.268,NoButton,Drag,821,165
146.284,146.284,NoButton,Drag,819,170
146.301,146.301,NoButton,Drag,815,174
146.318,146.318,NoButton,Drag,811,180
146.334,146.334,NoButton,Drag,805,186
146.351,146.351,NoButton,Drag,794,194
146.368,146.368,NoButton,Drag,781,201
146.385,146.385,NoButton,Drag,764,206
146.402,146.402,NoButton,Drag,738,213
146.418,146.418,NoButton,Drag,714,218
146.435,146.435,NoButton,Drag,689,221
146.452,146.452,NoButton,Drag,662,223
146.468,146.468,NoButton,Drag,637,226
146.485,146.485,NoButton,Drag,614,227
146.502,146.502,NoButton,Drag,583,231
146.518,146.518,NoButton,Drag,565,233
146.535,146.535,NoButton,Drag,548,235
146.552,146.552,NoButton,Drag,535,237
146.569,146.569,NoButton,Drag,524,238
146.585,146.585,NoButton,Drag,514,240
146.602,146.602,NoButton,Drag,508,241
146.62,146.62,NoButton,Drag,503,241
146.635,146.635,NoButton,Drag,497,241
146.653,146.653,NoButton,Drag,490,241
146.669,146.669,NoButton,Drag,483,241
146.686,146.686,NoButton,Drag,474,241
146.703,146.703,NoButton,Drag,467,241
146.72,146.72,NoButton,Drag,460,241
146.736,146.736,NoButton,Drag,454,241
146.753,146.753,NoButton,Drag,448,241
146.769,146.769,NoButton,Drag,443,241
146.786,146.786,NoButton,Drag,442,241
146.83,146.83,NoButton,Drag,442,241
146.881,146.881,NoButton,Drag,442,241
146.889,146.889,NoButton,Drag,442,241
146.903,146.903,NoButton,Drag,443,241
146.919,146.919,NoButton,Drag,445,241
146.936,146.936,NoButton,Drag,447,241
146.953,146.953,NoButton,Drag,452,241
146.969,146.969,NoButton,Drag,457,241
146.986,146.986,NoButton,Drag,462,241
147.003,147.003,NoButton,Drag,469,241
147.02,147.02,NoButton,Drag,477,241
147.037,147.037,NoButton,Drag,483,241
147.054,147.054,NoButton,Drag,489,241
147.07,147.07,NoButton,Drag,495,241
147.087,147.087,NoButton,Drag,500,241
147.103,147.103,NoButton,Drag,505,241
147.12,147.12,NoButton,Drag,510,241
147.136,147.136,NoButton,Drag,514,241
147.154,147.154,NoButton,Drag,516,241
147.17,147.17,NoButton,Drag,518,240
147.186,147.186,NoButton,Drag,520,240
147.203,147.203,NoButton,Drag,523,240
147.22,147.22,NoButton,Drag,526,240
147.236,147.236,NoButton,Drag,530,240
147.253,147.253,NoButton,Drag,533,239
147.27,147.27,NoButton,Drag,538,239
147.287,147.287,NoButton,Drag,542,239
147.303,147.303,NoButton,Drag,547,239
147.32,147.32,NoButton,Drag,553,238
147.337,147.337,NoButton,Drag,559,238
147.353,147.353,NoButton,Drag,565,238
147.37,147.37,NoButton,Drag,570,238
147.386,147.386,NoButton,Drag,575,238
147.403,147.403,NoButton,Drag,581,238
147.42,147.42,NoButton,Drag,584,238
147.437,147.437,NoButton,Drag,588,237
147.453,147.453,NoButton,Drag,589,237
147.47,147.47,NoButton,Drag,591,237
147.486,147.486,NoButton,Drag,592,236
147.503,147.503,NoButton,Drag,593,236
147.52,147.52,NoButton,Drag,594,236
147.536,147.536,NoButton,Drag,594,236
147.553,147.553,NoButton,Drag,596,236
147.57,147.57,NoButton,Drag,599,236
147.587,147.587,NoButton,Drag,601,236
147.603,147.603,NoButton,Drag,605,236
147.619,147.619,NoButton,Drag,610,236
147.636,147.636,NoButton,Drag,616,235
147.653,147.653,NoButton,Drag,623,235
147.67,147.67,NoButton,Drag,633,234
147.687,147.687,NoButton,Drag,641,233
147.702,147.702,NoButton,Drag,649,232
147.719,147.719,NoButton,Drag,658,232
147.737,147.737,NoButton,Drag,666,232
147.753,147.753,NoButton,Drag,674,231
147.769,147.769,NoButton,Drag,683,229
147.786,147.786,NoButton,Drag,689,228
147.803,147.803,NoButton,Drag,693,227
147.82,147.82,NoButton,Drag,697,227
147.837,147.837,NoButton,Drag,700,227
147.853,147.853,NoButton,Drag,704,226
147.87,147.87,NoButton,Drag,707,225
147.886,147.886,NoButton,Drag,711,225
147.903,147.903,NoButton,Drag,714,225
147.919,147.919,NoButton,Drag,717,225
147.936,147.936,NoButton,Drag,722,225
147.953,147.953,NoButton,Drag,727,225
147.969,147.969,NoButton,Drag,734,225
147.987,147.987,NoButton,Drag,739,225
148.003,148.003,NoButton,Drag,744,225
148.02,148.02,NoButton,Drag,749,224
148.037,148.037,NoButton,Drag,754,224
148.053,148.053,NoButton,Drag,761,223
148.069,148.069,NoButton,Drag,767,221
148.086,148.086,NoButton,Drag,771,221
148.103,148.103,NoButton,Drag,775,220
148.119,148.119,NoButton,Drag,780,218
148.137,148.137,NoButton,Drag,785,218
148.153,148.153,NoButton,Drag,790,217
148.17,148.17,NoButton,Drag,797,216
148.186,148.186,NoButton,Drag,805,215
148.203,148.203,NoButton,Drag,816,215
148.219,148.219,NoButton,Drag,831,215
148.236,148.236,NoButton,Drag,841,214
148.253,148.253,NoButton,Drag,850,213
148.27,148.27,NoButton,Drag,856,213
148.286,148.286,NoButton,Drag,858,213
148.307,148.307,NoButton,Drag,858,213
148.319,148.319,NoButton,Drag,858,215
148.337,148.337,NoButton,Drag,851,219
148.354,148.354,NoButton,Drag,839,225
148.37,148.37,NoButton,Drag,821,234
148.387,148.387,NoButton,Drag,798,243
148.403,148.403,NoButton,Drag,773,250
148.42,148.42,NoButton,Drag,742,259
148.436,148.436,NoButton,Drag,716,266
148.453,148.453,NoButton,Drag,681,275
148.469,148.469,NoButton,Drag,642,279
148.486,148.486,NoButton,Drag,599,280
148.502,148.502,NoButton,Drag,561,280
148.519,148.519,NoButton,Drag,522,281
148.537,148.537,NoButton,Drag,502,281
148.553,148.553,NoButton,Drag,491,280
148.569,148.569,NoButton,Drag,486,279
148.587,148.587,NoButton,Drag,486,279
148.681,148.681,NoButton,Drag,486,279
148.689,148.689,NoButton,Drag,486,279
148.703,148.703,NoButton,Drag,487,278
148.719,148.719,NoButton,Drag,489,276
148.736,148.736,NoButton,Drag,493,275
148.753,148.753,NoButton,Drag,499,273
148.769,148.769,NoButton,Drag,510,271
148.786,148.786,NoButton,Drag,519,269
148.803,148.803,NoButton,Drag,537,267
148.82,148.82,NoButton,Drag,556,265
148.836,148.836,NoButton,Drag,571,261
148.853,148.853,NoButton,Drag,591,258
148.869,148.869,NoButton,Drag,616,255
148.886,148.886,NoButton,Drag,633,254
148.903,148.903,NoButton,Drag,646,252
148.92,148.92,NoButton,Drag,657,251
148.937,148.937,NoButton,Drag,666,249
148.953,148.953,NoButton,Drag,673,248
148.97,148.97,NoButton,Drag,681,248
148.987,148.987,NoButton,Drag,686,248
149.004,149.004,NoButton,Drag,689,247
149.02,149.02,NoButton,Drag,693,247
149.037,149.037,NoButton,Drag,699,247
149.053,149.053,NoButton,Drag,704,246
149.07,149.07,NoButton,Drag,710,246
149.087,149.087,NoButton,Drag,718,245
149.104,149.104,NoButton,Drag,726,245
149.12,149.12,NoButton,Drag,733,243
149.137,149.137,NoButton,Drag,740,241
149.153,149.153,NoButton,Drag,749,239
149.17,149.17,NoButton,Drag,755,238
149.187,149.187,NoButton,Drag,762,237
149.204,149.204,NoButton,Drag,769,236
149.221,149.221,NoButton,Drag,774,235
149.238,149.238,NoButton,Drag,778,234
149.255,149.255,NoButton,Drag,781,233
149.272,149.272,NoButton,Drag,784,233
149.288,149.288,NoButton,Drag,786,232
149.305,149.305,NoButton,Drag,787,232
149.321,149.321,NoButton,Drag,789,232
149.338,149.338,NoButton,Drag,790,232
149.355,149.355,NoButton,Drag,792,231
149.372,149.372,NoButton,Drag,793,231
149.389,149.389,NoButton,Drag,795,231
149.406,149.406,NoButton,Drag,797,230
149.422,149.422,NoButton,Drag,798,230
149.439,149.439,NoButton,Drag,800,230
149.455,149.455,NoButton,Drag,802,231
149.473,149.473,NoButton,Drag,804,231
149.49,149.49,NoButton,Drag,806,232
149.506,149.506,NoButton,Drag,809,233
149.523,149.523,NoButton,Drag,812,234
149.539,149.539,NoButton,Drag,814,234
149.557,149.557,NoButton,Drag,815,234
149.573,149.573,NoButton,Drag,815,234
149.616,149.616,NoButton,Drag,815,234
149.644,149.644,Left,Pressed,815,234
149.659,149.659,NoButton,Drag,816,234
149.675,149.675,NoButton,Drag,816,234
149.764,149.764,Left,Released,816,234
149.825,149.825,NoButton,Drag,816,234
149.829,149.829,NoButton,Drag,815,234
149.84,149.84,NoButton,Drag,814,234
149.856,149.856,NoButton,Drag,811,235
149.873,149.873,NoButton,Drag,804,238
149.889,149.889,NoButton,Drag,797,241
149.907,149.907,NoButton,Drag,789,245
149.923,149.923,NoButton,Drag,777,248
149.938,149.938,NoButton,Drag,763,253
149.956,149.956,NoButton,Drag,745,257
149.972,149.972,NoButton,Drag,724,263
149.989,149.989,NoButton,Drag,700,269
150.005,150.005,NoButton,Drag,669,276
150.022,150.022,NoButton,Drag,638,282
150.038,150.038,NoButton,Drag,602,287
150.055,150.055,NoButton,Drag,566,291
150.073,150.073,NoButton,Drag,532,293
150.089,150.089,NoButton,Drag,500,294
150.105,150.105,NoButton,Drag,471,295
150.122,150.122,NoButton,Drag,452,295
150.14,150.14,NoButton,Drag,438,295
150.155,150.155,NoButton,Drag,428,295
150.172,150.172,NoButton,Drag,424,295
150.189,150.189,NoButton,Drag,423,294
150.206,150.206,NoButton,Drag,423,294
150.253,150.253,NoButton,Drag,422,294
150.281,150.281,NoButton,Drag,422,294
150.335,150.335,NoButton,Drag,422,293
150.341,150.341,NoButton,Drag,422,293
150.357,150.357,NoButton,Drag,422,293
150.374,150.374,NoButton,Drag,422,292
150.39,150.39,NoButton,Drag,424,291
150.406,150.406,NoButton,Drag,427,290
150.423,150.423,NoButton,Drag,431,289
150.44,150.44,NoButton,Drag,439,288
150.458,150.458,NoButton,Drag,448,287
150.474,150.474,NoButton,Drag,458,287
150.491,150.491,NoButton,Drag,469,287
150.507,150.507,NoButton,Drag,485,287
150.524,150.524,NoButton,Drag,499,286
150.541,150.541,NoButton,Drag,512,285
150.557,150.557,NoButton,Drag,524,285
150.575,150.575,NoButton,Drag,536,285
150.591,150.591,NoButton,Drag,547,285
150.607,150.607,NoButton,Drag,557,285
150.624,150.624,NoButton,Drag,564,285
150.642,150.642,NoButton,Drag,570,285
150.658,150.658,NoButton,Drag,575,285
150.675,150.675,NoButton,Drag,579,285
150.691,150.691,NoButton,Drag,583,285
150.708,150.708,NoButton,Drag,587,284
150.725,150.725,NoButton,Drag,590,284
150.741,150.741,NoButton,Drag,593,283
150.758,150.758,NoButton,Drag,597,282
150.775,150.775,NoButton,Drag,600,282
150.791,150.791,NoButton,Drag,604,281
150.809,150.809,NoButton,Drag,609,281
150.825,150.825,NoButton,Drag,615,281
150.842,150.842,NoButton,Drag,621,280
150.859,150.859,NoButton,Drag,626,280
150.875,150.875,NoButton,Drag,633,280
150.891,150.891,NoButton,Drag,641,280
150.908,150.908,NoButton,Drag,646,279
150.926,150.926,NoButton,Drag,650,279
150.94,150.94,NoButton,Drag,654,279
150.957,150.957,NoButton,Drag,656,279
150.974,150.974,NoButton,Drag,659,279
150.991,150.991,NoButton,Drag,661,279
151.007,151.007,NoButton,Drag,661,279
151.038,151.038,NoButton,Drag,661,279
151.061,151.061,NoButton,Drag,661,279
151.073,151.073,NoButton,Drag,661,280
151.077,151.077,NoButton,Drag,661,280
151.09,151.09,NoButton,Drag,661,280
151.107,151.107,NoButton,Drag,660,282
151.123,151.123,NoButton,Drag,657,285
151.141,151.141,NoButton,Drag,651,288
151.157,151.157,NoButton,Drag,643,291
151.174,151.174,NoButton,Drag,625,296
151.19,151.19,NoButton,Drag,608,300
151.206,151.206,NoButton,Drag,591,305
151.224,151.224,NoButton,Drag,575,309
151.24,151.24,NoButton,Drag,563,312
151.256,151.256,NoButton,Drag,553,315
151.273,151.273,NoButton,Drag,546,318
151.29,151.29,NoButton,Drag,538,321
151.307,151.307,NoButton,Drag,531,323
151.323,151.323,NoButton,Drag,527,324
151.34,151.34,NoButton,Drag,522,327
151.357,151.357,NoButton,Drag,518,329
151.374,151.374,NoButton,Drag,515,331
151.39,151.39,NoButton,Drag,511,332
151.407,151.407,NoButton,Drag,508,333
151.423,151.423,NoButton,Drag,502,335
151.44,151.44,NoButton,Drag,496,336
151.457,151.457,NoButton,Drag,491,337
151.473,151.473,NoButton,Drag,486,339
151.489,151.489,NoButton,Drag,477,341
151.506,151.506,NoButton,Drag,470,343
151.522,151.522,NoButton,Drag,465,344
151.539,151.539,NoButton,Drag,462,346
151.556,151.556,NoButton,Drag,460,347
151.573,151.573,NoButton,Drag,459,348
151.589,151.589,NoButton,Drag,458,348
151.607,151.607,NoButton,Drag,457,349
151.623,151.623,NoButton,Drag,456,350
151.639,151.639,NoButton,Drag,455,351
151.656,151.656,NoButton,Drag,453,352
151.674,151.674,NoButton,Drag,451,352
151.689,151.689,NoButton,Drag,450,353
151.707,151.707,NoButton,Drag,448,353
151.724,151.724,NoButton,Drag,446,355
151.741,151.741,NoButton,Drag,443,355
151.757,151.757,NoButton,Drag,440,356
151.775,151.775,NoButton,Drag,434,356
151.791,151.791,NoButton,Drag,427,356
151.808,151.808,NoButton,Drag,417,356
151.824,151.824,NoButton,Drag,410,355
151.841,151.841,NoButton,Drag,405,354
151.857,151.857,NoButton,Drag,401,353
151.874,151.874,NoButton,Drag,400,353
151.891,151.891,NoButton,Drag,400,353
151.908,151.908,NoButton,Drag,400,353
151.98,151.98,NoButton,Drag,400,353
151.988,151.988,NoButton,Drag,400,352
151.995,151.995,NoButton,Drag,400,352
152.008,152.008,NoButton,Drag,400,351
152.024,152.024,NoButton,Drag,402,350
152.041,152.041,NoButton,Drag,407,349
152.058,152.058,NoButton,Drag,415,349
152.075,152.075,NoButton,Drag,425,349
152.091,152.091,NoButton,Drag,440,349
152.108,152.108,NoButton,Drag,451,348
152.125,152.125,NoButton,Drag,464,348
152.141,152.141,NoButton,Drag,479,348
152.159,152.159,NoButton,Drag,489,348
152.175,152.175,NoButton,Drag,501,348
152.192,152.192,NoButton,Drag,508,348
152.209,152.209,NoButton,Drag,513,347
152.225,152.225,NoButton,Drag,517,346
152.242,152.242,NoButton,Drag,520,345
152.258,152.258,NoButton,Drag,521,345
152.276,152.276,NoButton,Drag,522,345
152.292,152.292,NoButton,Drag,523,344
152.309,152.309,NoButton,Drag,526,344
152.325,152.325,NoButton,Drag,531,343
152.342,152.342,NoButton,Drag,537,343
152.358,152.358,NoButton,Drag,542,342
152.375,152.375,NoButton,Drag,547,341
152.391,152.391,NoButton,Drag,553,340
152.409,152.409,NoButton,Drag,560,339
152.425,152.425,NoButton,Drag,563,339
152.444,152.444,NoButton,Drag,569,337
152.459,152.459,NoButton,Drag,573,337
152.476,152.476,NoButton,Drag,576,337
152.493,152.493,NoButton,Drag,578,336
152.51,152.51,NoButton,Drag,582,335
152.526,152.526,NoButton,Drag,584,335
152.543,152.543,NoButton,Drag,586,335
152.56,152.56,NoButton,Drag,589,335
152.578,152.578,NoButton,Drag,592,335
152.593,152.593,NoButton,Drag,596,335
152.611,152.611,NoButton,Drag,598,334
152.627,152.627,NoButton,Drag,602,334
152.644,152.644,NoButton,Drag,605,334
152.66,152.66,NoButton,Drag,609,333
152.678,152.678,NoButton,Drag,614,332
152.693,152.693,NoButton,Drag,617,331
152.711,152.711,NoButton,Drag,621,331
152.727,152.727,NoButton,Drag,624,331
152.744,152.744,NoButton,Drag,629,330
152.761,152.761,NoButton,Drag,632,330
152.777,152.777,NoButton,Drag,636,330
152.794,152.794,NoButton,Drag,640,330
152.81,152.81,NoButton,Drag,643,330
152.827,152.827,NoButton,Drag,646,329
152.844,152.844,NoButton,Drag,650,328
152.861,152.861,NoButton,Drag,653,328
152.877,152.877,NoButton,Drag,656,328
152.894,152.894,NoButton,Drag,660,328
152.911,152.911,NoButton,Drag,663,328
152.927,152.927,NoButton,Drag,667,327
152.944,152.944,NoButton,Drag,670,326
152.961,152.961,NoButton,Drag,673,326
152.977,152.977,NoButton,Drag,676,326
152.994,152.994,NoButton,Drag,679,326
153.011,153.011,NoButton,Drag,682,325
153.028,153.028,NoButton,Drag,686,324
153.045,153.045,NoButton,Drag,690,324
153.061,153.061,NoButton,Drag,694,324
153.078,153.078,NoButton,Drag,698,323
153.094,153.094,NoButton,Drag,702,323
153.111,153.111,NoButton,Drag,705,323
153.127,153.127,NoButton,Drag,710,323
153.144,153.144,NoButton,Drag,715,323
153.161,153.161,NoButton,Drag,721,323
153.178,153.178,NoButton,Drag,727,323
153.194,153.194,NoButton,Drag,734,323
153.211,153.211,NoButton,Drag,742,323
153.227,153.227,NoButton,Drag,752,323
153.245,153.245,NoButton,Drag,760,324
153.261,153.261,NoButton,Drag,770,324
153.277,153.277,NoButton,Drag,786,326
153.295,153.295,NoButton,Drag,804,328
153.311,153.311,NoButton,Drag,823,329
153.327,153.327,NoButton,Drag,839,329
153.344,153.344,NoButton,Drag,855,330
153.361,153.361,NoButton,Drag,869,330
153.378,153.378,NoButton,Drag,883,330
153.394,153.394,NoButton,Drag,892,330
153.411,153.411,NoButton,Drag,897,330
153.428,153.428,NoButton,Drag,900,330
153.444,153.444,NoButton,Drag,901,330
153.495,153.495,NoButton,Drag,901,330
153.501,153.501,NoButton,Drag,902,330
153.512,153.512,NoButton,Drag,902,330
153.528,153.528,NoButton,Drag,904,331
153.545,153.545,NoButton,Drag,906,331
153.561,153.561,NoButton,Drag,909,331
153.578,153.578,NoButton,Drag,915,332
153.595,153.595,NoButton,Drag,919,332
153.611,153.611,NoButton,Drag,922,333
153.628,153.628,NoButton,Drag,924,333
153.644,153.644,NoButton,Drag,924,333
153.661,153.661,NoButton,Drag,924,334
153.678,153.678,NoButton,Drag,924,334
153.694,153.694,NoButton,Drag,921,336
153.711,153.711,NoButton,Drag,913,338
153.727,153.727,NoButton,Drag,899,341
153.744,153.744,NoButton,Drag,880,344
153.761,153.761,NoButton,Drag,858,348
153.778,153.778,NoButton,Drag,827,353
153.795,153.795,NoButton,Drag,800,358
153.811,153.811,NoButton,Drag,773,364
153.828,153.828,NoButton,Drag,745,370
153.844,153.844,NoButton,Drag,711,375
153.861,153.861,NoButton,Drag,686,379
153.878,153.878,NoButton,Drag,660,382
153.894,153.894,NoButton,Drag,634,384
153.911,153.911,NoButton,Drag,610,386
153.928,153.928,NoButton,Drag,578,387
153.945,153.945,NoButton,Drag,554,387
153.962,153.962,NoButton,Drag,529,387
153.977,153.977,NoButton,Drag,506,387
153.994,153.994,NoButton,Drag,486,385
154.011,154.011,NoButton,Drag,471,384
154.028,154.028,NoButton,Drag,457,384
154.045,154.045,NoButton,Drag,450,383
154.061,154.061,NoButton,Drag,447,383
154.077,154.077,NoButton,Drag,445,382
154.095,154.095,NoButton,Drag,445,382
154.152,154.152,NoButton,Drag,445,382
154.163,154.163,NoButton,Drag,445,382
154.178,154.178,NoButton,Drag,445,382
154.195,154.195,NoButton,Drag,446,381
154.256,154.256,NoButton,Drag,446,381
154.263,154.263,NoButton,Drag,446,381
154.281,154.281,NoButton,Drag,447,380
154.297,154.297,NoButton,Drag,447,379
154.314,154.314,NoButton,Drag,447,377
154.331,154.331,NoButton,Drag,446,376
154.347,154.347,NoButton,Drag,446,374
154.365,154.365,NoButton,Drag,445,373
154.381,154.381,NoButton,Drag,445,373
154.398,154.398,NoButton,Drag,445,372
154.474,154.474,Left,Pressed,445,372
154.59,154.59,Left,Released,445,372
154.806,154.806,NoButton,Drag,445,372
154.813,154.813,NoButton,Drag,445,373
154.824,154.824,NoButton,Drag,445,373
154.84,154.84,NoButton,Drag,445,374
154.857,154.857,NoButton,Drag,445,374
154.874,154.874,NoButton,Drag,445,375
154.89,154.89,NoButton,Drag,445,376
154.906,154.906,NoButton,Drag,444,377
154.924,154.924,NoButton,Drag,444,378
154.94,154.94,NoButton,Drag,444,378
154.96,154.96,NoButton,Drag,444,379
154.977,154.977,NoButton,Drag,444,379
155.348,155.348,NoButton,Drag,444,380
155.351,155.351,NoButton,Drag,444,380
155.363,155.363,NoButton,Drag,445,380
155.38,155.38,NoButton,Drag,446,381
155.397,155.397,NoButton,Drag,448,381
155.414,155.414,NoButton,Drag,450,381
155.43,155.43,NoButton,Drag,453,381
155.447,155.447,NoButton,Drag,457,382
155.462,155.462,NoButton,Drag,463,382
155.479,155.479,NoButton,Drag,471,382
155.495,155.495,NoButton,Drag,479,382
155.512,155.512,NoButton,Drag,491,382
155.528,155.528,NoButton,Drag,503,382
155.545,155.545,NoButton,Drag,516,382
155.562,155.562,NoButton,Drag,535,382
155.579,155.579,NoButton,Drag,550,382
155.595,155.595,NoButton,Drag,564,382
155.613,155.613,NoButton,Drag,578,382
155.629,155.629,NoButton,Drag,590,382
155.645,155.645,NoButton,Drag,602,382
155.662,155.662,NoButton,Drag,615,382
155.68,155.68,NoButton,Drag,624,382
155.696,155.696,NoButton,Drag,632,382
155.712,155.712,NoButton,Drag,639,382
155.729,155.729,NoButton,Drag,646,382
155.746,155.746,NoButton,Drag,654,382
155.763,155.763,NoButton,Drag,659,382
155.779,155.779,NoButton,Drag,664,382
155.797,155.797,NoButton,Drag,669,381
155.813,155.813,NoButton,Drag,674,381
155.83,155.83,NoButton,Drag,679,381
155.846,155.846,NoButton,Drag,683,381
155.863,155.863,NoButton,Drag,687,381
155.88,155.88,NoButton,Drag,692,380
155.897,155.897,NoButton,Drag,696,380
155.913,155.913,NoButton,Drag,701,380
155.93,155.93,NoButton,Drag,708,380
155.946,155.946,NoButton,Drag,714,380
155.967,155.967,NoButton,Drag,723,380
155.983,155.983,NoButton,Drag,730,380
155.999,155.999,NoButton,Drag,738,380
156.017,156.017,NoButton,Drag,745,380
156.033,156.033,NoButton,Drag,752,380
156.049,156.049,NoButton,Drag,759,380
156.066,156.066,NoButton,Drag,761,380
156.13,156.13,NoButton,Drag,761,380
156.131,156.131,NoButton,Drag,760,380
156.135,156.135,NoButton,Drag,759,380
156.149,156.149,NoButton,Drag,755,381
156.167,156.167,NoButton,Drag,747,382
156.183,156.183,NoButton,Drag,736,384
156.201,156.201,NoButton,Drag,719,388
156.217,156.217,NoButton,Drag,701,392
156.234,156.234,NoButton,Drag,680,397
156.251,156.251,NoButton,Drag,654,402
156.268,156.268,NoButton,Drag,616,408
156.285,156.285,NoButton,Drag,592,413
156.301,156.301,NoButton,Drag,568,416
156.318,156.318,NoButton,Drag,548,419
156.335,156.335,NoButton,Drag,530,422
156.351,156.351,NoButton,Drag,513,425
156.368,156.368,NoButton,Drag,493,427
156.385,156.385,NoButton,Drag,478,428
156.402,156.402,NoButton,Drag,466,428
156.419,156.419,NoButton,Drag,455,429
156.435,156.435,NoButton,Drag,444,429
156.452,156.452,NoButton,Drag,431,429
156.469,156.469,NoButton,Drag,424,430
156.485,156.485,NoButton,Drag,418,432
156.502,156.502,NoButton,Drag,415,432
156.519,156.519,NoButton,Drag,415,432
156.535,156.535,NoButton,Drag,415,432
156.552,156.552,NoButton,Drag,415,432
156.569,156.569,NoButton,Drag,415,433
156.585,156.585,NoButton,Drag,416,433
156.602,156.602,NoButton,Drag,419,433
156.619,156.619,NoButton,Drag,422,433
156.636,156.636,NoButton,Drag,428,433
156.652,156.652,NoButton,Drag,434,432
156.669,156.669,NoButton,Drag,440,432
156.686,156.686,NoButton,Drag,446,432
156.702,156.702,NoButton,Drag,455,432
156.719,156.719,NoButton,Drag,463,432
156.735,156.735,NoButton,Drag,471,432
156.752,156.752,NoButton,Drag,479,432
156.768,156.768,NoButton,Drag,487,432
156.785,156.785,NoButton,Drag,494,432
156.802,156.802,NoButton,Drag,505,432
156.819,156.819,NoButton,Drag,512,432
156.835,156.835,NoButton,Drag,520,432
156.852,156.852,NoButton,Drag,528,432
156.868,156.868,NoButton,Drag,536,432
156.885,156.885,NoButton,Drag,544,431
156.902,156.902,NoButton,Drag,554,431
156.919,156.919,NoButton,Drag,563,431
156.935,156.935,NoButton,Drag,573,431
156.952,156.952,NoButton,Drag,583,431
156.969,156.969,NoButton,Drag,592,430
156.985,156.985,NoButton,Drag,601,430
157.001,157.001,NoButton,Drag,612,430
157.019,157.019,NoButton,Drag,620,430
157.035,157.035,NoButton,Drag,627,430
157.052,157.052,NoButton,Drag,634,430
157.069,157.069,NoButton,Drag,640,430
157.085,157.085,NoButton,Drag,647,430
157.102,157.102,NoButton,Drag,655,430
157.118,157.118,NoButton,Drag,660,430
157.135,157.135,NoButton,Drag,665,430
157.152,157.152,NoButton,Drag,670,430
157.168,157.168,NoButton,Drag,674,429
157.185,157.185,NoButton,Drag,677,428
157.202,157.202,NoButton,Drag,678,428
157.219,157.219,NoButton,Drag,678,428
157.254,157.254,NoButton,Drag,679,428
157.34,157.34,NoButton,Drag,678,428
157.343,157.343,NoButton,Drag,678,428
157.352,157.352,NoButton,Drag,678,428
157.369,157.369,NoButton,Drag,675,429
157.386,157.386,NoButton,Drag,672,430
157.402,157.402,NoButton,Drag,667,431
157.419,157.419,NoButton,Drag,662,433
157.436,157.436,NoButton,Drag,654,435
157.452,157.452,NoButton,Drag,647,436
157.469,157.469,NoButton,Drag,639,439
157.486,157.486,NoButton,Drag,629,441
157.502,157.502,NoButton,Drag,619,444
157.519,157.519,NoButton,Drag,608,447
157.536,157.536,NoButton,Drag,597,449
157.552,157.552,NoButton,Drag,588,452
157.569,157.569,NoButton,Drag,581,453
157.586,157.586,NoButton,Drag,577,455
157.603,157.603,NoButton,Drag,574,456
157.619,157.619,NoButton,Drag,573,456
157.636,157.636,NoButton,Drag,572,457
157.653,157.653,NoButton,Drag,570,458
157.669,157.669,NoButton,Drag,568,459
157.687,157.687,NoButton,Drag,566,460
157.703,157.703,NoButton,Drag,563,461
157.719,157.719,NoButton,Drag,558,462
157.736,157.736,NoButton,Drag,550,464
157.753,157.753,NoButton,Drag,542,464
157.769,157.769,NoButton,Drag,532,466
157.787,157.787,NoButton,Drag,520,467
157.802,157.802,NoButton,Drag,509,468
157.819,157.819,NoButton,Drag,493,469
157.836,157.836,NoButton,Drag,481,469
157.853,157.853,NoButton,Drag,467,469
157.869,157.869,NoButton,Drag,453,469
157.886,157.886,NoButton,Drag,437,469
157.903,157.903,NoButton,Drag,425,469
157.92,157.92,NoButton,Drag,415,469
157.933,157.933,NoButton,Drag,409,469
157.948,157.948,NoButton,Drag,403,469
157.965,157.965,NoButton,Drag,398,469
157.983,157.983,NoButton,Drag,398,469
157.999,157.999,NoButton,Drag,398,470
158.015,158.015,NoButton,Drag,397,470
158.032,158.032,NoButton,Drag,397,470
158.049,158.049,NoButton,Drag,398,470
158.066,158.066,NoButton,Drag,400,470
158.082,158.082,NoButton,Drag,403,469
158.099,158.099,NoButton,Drag,406,469
158.116,158.116,NoButton,Drag,411,469
158.132,158.132,NoButton,Drag,417,468
158.149,158.149,NoButton,Drag,425,468
158.166,158.166,NoButton,Drag,438,468
158.182,158.182,NoButton,Drag,450,468
158.199,158.199,NoButton,Drag,464,467
158.213,158.213,NoButton,Drag,475,467
158.231,158.231,NoButton,Drag,494,467
158.247,158.247,NoButton,Drag,509,465
158.264,158.264,NoButton,Drag,522,465
158.281,158.281,NoButton,Drag,534,464
158.297,158.297,NoButton,Drag,545,463
158.313,158.313,NoButton,Drag,554,463
158.33,158.33,NoButton,Drag,563,462
158.347,158.347,NoButton,Drag,569,462
158.363,158.363,NoButton,Drag,574,462
158.38,158.38,NoButton,Drag,578,461
158.397,158.397,NoButton,Drag,581,461
158.414,158.414,NoButton,Drag,584,461
158.43,158.43,NoButton,Drag,587,461
158.447,158.447,NoButton,Drag,590,461
158.462,158.462,NoButton,Drag,595,461
158.479,158.479,NoButton,Drag,599,461
158.496,158.496,NoButton,Drag,606,461
158.513,158.513,NoButton,Drag,613,461
158.529,158.529,NoButton,Drag,620,461
158.546,158.546,NoButton,Drag,628,461
158.563,158.563,NoButton,Drag,636,461
158.579,158.579,NoButton,Drag,643,461
158.596,158.596,NoButton,Drag,653,461
158.612,158.612,NoButton,Drag,661,461
158.63,158.63,NoButton,Drag,669,461
158.646,158.646,NoButton,Drag,676,461
158.663,158.663,NoButton,Drag,683,461
158.679,158.679,NoButton,Drag,690,461
158.696,158.696,NoButton,Drag,696,461
158.712,158.712,NoButton,Drag,702,461
158.729,158.729,NoButton,Drag,706,461
158.746,158.746,NoButton,Drag,710,460
158.762,158.762,NoButton,Drag,714,460
158.779,158.779,NoButton,Drag,718,460
158.796,158.796,NoButton,Drag,723,460
158.813,158.813,NoButton,Drag,727,460
158.829,158.829,NoButton,Drag,730,460
158.847,158.847,NoButton,Drag,733,460
158.863,158.863,NoButton,Drag,736,460
158.879,158.879,NoButton,Drag,738,460
158.896,158.896,NoButton,Drag,740,460
158.913,158.913,NoButton,Drag,743,460
158.929,158.929,NoButton,Drag,745,460
158.946,158.946,NoButton,Drag,748,460
158.962,158.962,NoButton,Drag,750,459
158.979,158.979,NoButton,Drag,752,458
158.996,158.996,NoButton,Drag,756,458
159.012,159.012,NoButton,Drag,759,457
159.029,159.029,NoButton,Drag,763,457
159.046,159.046,NoButton,Drag,768,455
159.063,159.063,NoButton,Drag,771,454
159.079,159.079,NoButton,Drag,775,453
159.096,159.096,NoButton,Drag,778,451
159.113,159.113,NoButton,Drag,782,449
159.13,159.13,NoButton,Drag,787,446
159.146,159.146,NoButton,Drag,792,445
159.163,159.163,NoButton,Drag,799,443
159.179,159.179,NoButton,Drag,806,441
159.196,159.196,NoButton,Drag,813,440
159.213,159.213,NoButton,Drag,821,438
159.229,159.229,NoButton,Drag,830,437
159.246,159.246,NoButton,Drag,844,437
159.262,159.262,NoButton,Drag,855,436
159.28,159.28,NoButton,Drag,867,436
159.297,159.297,NoButton,Drag,879,436
159.313,159.313,NoButton,Drag,890,436
159.33,159.33,NoButton,Drag,902,436
159.346,159.346,NoButton,Drag,908,436
159.363,159.363,NoButton,Drag,913,436
159.38,159.38,NoButton,Drag,918,436
159.397,159.397,NoButton,Drag,921,436
159.413,159.413,NoButton,Drag,925,436
159.429,159.429,NoButton,Drag,928,437
159.446,159.446,NoButton,Drag,929,437
159.463,159.463,NoButton,Drag,931,437
159.49,159.49,NoButton,Drag,931,437
159.497,159.497,NoButton,Drag,931,437
159.513,159.513,NoButton,Drag,932,438
159.529,159.529,NoButton,Drag,933,439
159.546,159.546,NoButton,Drag,935,440
159.563,159.563,NoButton,Drag,937,440
159.579,159.579,NoButton,Drag,939,441
159.596,159.596,NoButton,Drag,940,441
159.613,159.613,NoButton,Drag,940,441
159.63,159.63,NoButton,Drag,941,441
159.647,159.647,NoButton,Drag,942,441
159.664,159.664,NoButton,Drag,942,441
159.68,159.68,NoButton,Drag,942,441
159.696,159.696,NoButton,Drag,943,442
159.712,159.712,NoButton,Drag,943,442
159.73,159.73,NoButton,Drag,944,442
159.746,159.746,NoButton,Drag,945,442
159.763,159.763,NoButton,Drag,945,443
159.779,159.779,NoButton,Drag,946,443
159.796,159.796,NoButton,Drag,947,444
159.812,159.812,NoButton,Drag,948,445
159.82,159.82,NoButton,Drag,949,445
159.83,159.83,Left,Pressed,949,445
159.831,159.831,NoButton,Drag,950,446
159.832,159.832,NoButton,Drag,950,446
159.839,159.839,NoButton,Drag,950,446
159.867,159.867,NoButton,Drag,950,446
159.875,159.875,NoButton,Drag,951,446
159.931,159.931,NoButton,Drag,950,446
159.94,159.94,Left,Released,950,446
159.951,159.951,NoButton,Drag,950,446
159.975,159.975,NoButton,Drag,950,446
160.024,160.024,NoButton,Drag,950,446
160.039,160.039,NoButton,Drag,949,446
160.051,160.051,NoButton,Drag,949,446
160.063,160.063,NoButton,Drag,949,446
160.08,160.08,NoButton,Drag,949,448
160.096,160.096,NoButton,Drag,949,449
160.113,160.113,NoButton,Drag,949,451
160.129,160.129,NoButton,Drag,949,452
160.146,160.146,NoButton,Drag,949,453
160.163,160.163,NoButton,Drag,949,454
160.18,160.18,NoButton,Drag,950,455
160.197,160.197,NoButton,Drag,950,455
160.213,160.213,NoButton,Drag,950,456
160.229,160.229,NoButton,Drag,950,456
160.246,160.246,NoButton,Drag,950,457
160.263,160.263,NoButton,Drag,950,457
160.322,160.322,NoButton,Drag,950,457
160.33,160.33,NoButton,Drag,950,456
160.346,160.346,NoButton,Drag,950,456
160.351,160.351,Left,Pressed,950,456
160.351,160.351,NoButton,Drag,950,456
160.438,160.438,Left,Released,950,456
160.453,160.453,NoButton,Drag,950,456
160.465,160.465,NoButton,Drag,950,456
160.48,160.48,NoButton,Drag,949,456
160.497,160.497,NoButton,Drag,948,455
160.514,160.514,NoButton,Drag,947,455
160.531,160.531,NoButton,Drag,946,455
160.547,160.547,NoButton,Drag,943,456
160.564,160.564,NoButton,Drag,937,457
160.58,160.58,NoButton,Drag,928,461
160.597,160.597,NoButton,Drag,916,467
160.614,160.614,NoButton,Drag,890,481
160.631,160.631,NoButton,Drag,859,496
160.647,160.647,NoButton,Drag,821,513
160.665,160.665,NoButton,Drag,778,530
160.681,160.681,NoButton,Drag,734,545
160.698,160.698,NoButton,Drag,683,561
160.714,160.714,NoButton,Drag,651,570
160.729,160.729,NoButton,Drag,630,574
160.746,160.746,NoButton,Drag,597,582
160.763,160.763,NoButton,Drag,576,586
160.779,160.779,NoButton,Drag,557,589
160.796,160.796,NoButton,Drag,546,589
160.813,160.813,NoButton,Drag,539,588
160.829,160.829,NoButton,Drag,538,587
160.846,160.846,NoButton,Drag,537,587
160.863,160.863,NoButton,Drag,537,586
160.88,160.88,NoButton,Drag,537,585
160.896,160.896,NoButton,Drag,537,583
160.914,160.914,NoButton,Drag,538,581
160.93,160.93,NoButton,Drag,539,578
160.947,160.947,NoButton,Drag,542,575
160.963,160.963,NoButton,Drag,544,571
160.982,160.982,NoButton,Drag,547,566
160.998,160.998,NoButton,Drag,549,563
161.015,161.015,NoButton,Drag,551,561
161.032,161.032,NoButton,Drag,552,558
161.049,161.049,NoButton,Drag,552,556
161.065,161.065,NoButton,Drag,551,555
161.082,161.082,NoButton,Drag,550,554
161.098,161.098,NoButton,Drag,549,553
161.116,161.116,NoButton,Drag,547,552
161.132,161.132,NoButton,Drag,544,552
161.149,161.149,NoButton,Drag,540,552
161.165,161.165,NoButton,Drag,533,552
161.182,161.182,NoButton,Drag,525,552
161.199,161.199,NoButton,Drag,517,552
161.217,161.217,NoButton,Drag,506,552
161.233,161.233,NoButton,Drag,496,552
161.249,161.249,NoButton,Drag,486,552
161.267,161.267,NoButton,Drag,476,552
161.283,161.283,NoButton,Drag,468,551
161.3,161.3,NoButton,Drag,461,550
161.317,161.317,NoButton,Drag,456,549
161.333,161.333,NoButton,Drag,453,548
161.351,161.351,NoButton,Drag,450,548
161.366,161.366,NoButton,Drag,448,547
161.384,161.384,NoButton,Drag,447,546
161.401,161.401,NoButton,Drag,447,546
161.437,161.437,NoButton,Drag,447,546
161.45,161.45,NoButton,Drag,447,545
161.467,161.467,NoButton,Drag,447,544
161.484,161.484,NoButton,Drag,449,543
161.5,161.5,NoButton,Drag,453,542
161.517,161.517,NoButton,Drag,462,540
161.534,161.534,NoButton,Drag,479,540
161.55,161.55,NoButton,Drag,495,540
161.567,161.567,NoButton,Drag,514,538
161.584,161.584,NoButton,Drag,532,537
161.6,161.6,NoButton,Drag,548,536
161.617,161.617,NoButton,Drag,565,534
161.634,161.634,NoButton,Drag,582,532
161.651,161.651,NoButton,Drag,593,531
161.668,161.668,NoButton,Drag,603,529
161.685,161.685,NoButton,Drag,612,527
161.701,161.701,NoButton,Drag,621,527
161.717,161.717,NoButton,Drag,631,526
161.734,161.734,NoButton,Drag,642,524
161.751,161.751,NoButton,Drag,651,523
161.768,161.768,NoButton,Drag,659,522
161.784,161.784,NoButton,Drag,668,520
161.801,161.801,NoButton,Drag,677,518
161.817,161.817,NoButton,Drag,687,516
161.834,161.834,NoButton,Drag,695,514
161.851,161.851,NoButton,Drag,704,512
161.867,161.867,NoButton,Drag,713,511
161.884,161.884,NoButton,Drag,720,510
161.901,161.901,NoButton,Drag,725,509
161.917,161.917,NoButton,Drag,730,508
161.934,161.934,NoButton,Drag,734,507
161.951,161.951,NoButton,Drag,738,507
161.968,161.968,NoButton,Drag,744,507
161.985,161.985,NoButton,Drag,750,506
162.002,162.002,NoButton,Drag,755,505
162.018,162.018,NoButton,Drag,761,504
162.035,162.035,NoButton,Drag,767,503
162.052,162.052,NoButton,Drag,775,502
162.068,162.068,NoButton,Drag,781,501
162.085,162.085,NoButton,Drag,789,501
162.102,162.102,NoButton,Drag,797,501
162.119,162.119,NoButton,Drag,807,501
162.135,162.135,NoButton,Drag,820,501
162.152,162.152,NoButton,Drag,835,501
162.168,162.168,NoButton,Drag,847,501
162.185,162.185,NoButton,Drag,858,501
162.202,162.202,NoButton,Drag,867,501
162.219,162.219,NoButton,Drag,876,501
162.235,162.235,NoButton,Drag,883,501
162.252,162.252,NoButton,Drag,892,501
162.269,162.269,NoButton,Drag,897,500
162.285,162.285,NoButton,Drag,903,500
162.302,162.302,NoButton,Drag,908,499
162.319,162.319,NoButton,Drag,915,499
162.335,162.335,NoButton,Drag,922,499
162.352,162.352,NoButton,Drag,930,499
162.369,162.369,NoButton,Drag,936,499
162.385,162.385,NoButton,Drag,942,499
162.402,162.402,NoButton,Drag,944,498
162.419,162.419,NoButton,Drag,945,498
162.461,162.461,NoButton,Drag,944,498
162.465,162.465,NoButton,Drag,944,498
162.469,162.469,NoButton,Drag,943,498
162.485,162.485,NoButton,Drag,938,499
162.502,162.502,NoButton,Drag,922,501
162.519,162.519,NoButton,Drag,905,503
162.535,162.535,NoButton,Drag,884,508
162.552,162.552,NoButton,Drag,862,515
162.569,162.569,NoButton,Drag,842,521
162.586,162.586,NoButton,Drag,819,528
162.602,162.602,NoButton,Drag,797,535
162.619,162.619,NoButton,Drag,774,541
162.635,162.635,NoButton,Drag,750,548
162.652,162.652,NoButton,Drag,723,552
162.669,162.669,NoButton,Drag,696,557
162.686,162.686,NoButton,Drag,656,561
162.703,162.703,NoButton,Drag,624,563
162.718,162.718,NoButton,Drag,597,564
162.735,162.735,NoButton,Drag,572,564
162.752,162.752,NoButton,Drag,555,564
162.769,162.769,NoButton,Drag,542,564
162.785,162.785,NoButton,Drag,531,564
162.802,162.802,NoButton,Drag,525,564
162.819,162.819,NoButton,Drag,521,564
162.836,162.836,NoButton,Drag,520,564
162.862,162.862,NoButton,Drag,520,565
162.91,162.91,NoButton,Drag,520,565
162.914,162.914,NoButton,Drag,519,565
162.919,162.919,NoButton,Drag,519,564
162.937,162.937,NoButton,Drag,514,564
162.952,162.952,NoButton,Drag,507,564
162.97,162.97,NoButton,Drag,494,564
162.986,162.986,NoButton,Drag,484,564
163.003,163.003,NoButton,Drag,472,563
163.02,163.02,NoButton,Drag,464,562
163.037,163.037,NoButton,Drag,459,562
163.053,163.053,NoButton,Drag,454,562
163.07,163.07,NoButton,Drag,451,561
163.087,163.087,NoButton,Drag,450,561
163.104,163.104,NoButton,Drag,448,561
163.12,163.12,NoButton,Drag,447,560
163.137,163.137,NoButton,Drag,445,560
163.153,163.153,NoButton,Drag,443,559
163.17,163.17,NoButton,Drag,440,559
163.187,163.187,NoButton,Drag,438,558
163.231,163.231,NoButton,Drag,439,558
163.235,163.235,NoButton,Drag,439,558
163.239,163.239,NoButton,Drag,440,558
163.254,163.254,NoButton,Drag,444,558
163.271,163.271,NoButton,Drag,453,558
163.288,163.288,NoButton,Drag,465,558
163.304,163.304,NoButton,Drag,476,558
163.321,163.321,NoButton,Drag,485,558
163.337,163.337,NoButton,Drag,494,558
163.354,163.354,NoButton,Drag,503,557
163.371,163.371,NoButton,Drag,510,556
163.387,163.387,NoButton,Drag,515,555
163.404,163.404,NoButton,Drag,520,554
163.421,163.421,NoButton,Drag,524,554
163.437,163.437,NoButton,Drag,530,554
163.454,163.454,NoButton,Drag,536,554
163.473,163.473,NoButton,Drag,545,554
163.489,163.489,NoButton,Drag,551,554
163.506,163.506,NoButton,Drag,557,553
163.523,163.523,NoButton,Drag,564,553
163.539,163.539,NoButton,Drag,571,553
163.556,163.556,NoButton,Drag,580,553
163.572,163.572,NoButton,Drag,587,553
163.589,163.589,NoButton,Drag,594,553
163.606,163.606,NoButton,Drag,603,553
163.622,163.622,NoButton,Drag,609,553
163.64,163.64,NoButton,Drag,615,553
163.656,163.656,NoButton,Drag,619,552
163.672,163.672,NoButton,Drag,621,552
163.689,163.689,NoButton,Drag,622,552
163.754,163.754,NoButton,Drag,621,552
163.757,163.757,NoButton,Drag,621,552
163.774,163.774,NoButton,Drag,617,555
163.79,163.79,NoButton,Drag,609,558
163.807,163.807,NoButton,Drag,597,561
163.824,163.824,NoButton,Drag,580,566
163.84,163.84,NoButton,Drag,563,571
163.857,163.857,NoButton,Drag,544,576
163.874,163.874,NoButton,Drag,520,582
163.89,163.89,NoButton,Drag,504,586
163.906,163.906,NoButton,Drag,492,589
163.924,163.924,NoButton,Drag,484,592
163.94,163.94,NoButton,Drag,478,594
163.957,163.957,NoButton,Drag,473,596
163.974,163.974,NoButton,Drag,469,598
163.991,163.991,NoButton,Drag,466,599
164.007,164.007,NoButton,Drag,464,600
164.025,164.025,NoButton,Drag,464,600
164.041,164.041,NoButton,Drag,464,600
164.057,164.057,NoButton,Drag,463,601
164.074,164.074,NoButton,Drag,462,601
164.091,164.091,NoButton,Drag,458,602
164.108,164.108,NoButton,Drag,455,602
164.124,164.124,NoButton,Drag,452,601
164.141,164.141,NoButton,Drag,451,601
164.215,164.215,NoButton,Drag,451,601
164.227,164.227,NoButton,Drag,451,601
164.241,164.241,NoButton,Drag,451,600
164.26,164.26,NoButton,Drag,451,600
164.276,164.276,NoButton,Drag,451,600
164.311,164.311,NoButton,Drag,451,600
164.315,164.315,NoButton,Drag,451,600
164.324,164.324,NoButton,Drag,452,599
164.342,164.342,NoButton,Drag,456,598
164.358,164.358,NoButton,Drag,462,597
164.375,164.375,NoButton,Drag,468,596
164.391,164.391,NoButton,Drag,475,595
164.408,164.408,NoButton,Drag,484,594
164.425,164.425,NoButton,Drag,491,594
164.442,164.442,NoButton,Drag,501,594
164.459,164.459,NoButton,Drag,513,594
164.475,164.475,NoButton,Drag,527,595
164.492,164.492,NoButton,Drag,548,596
164.509,164.509,NoButton,Drag,563,596
164.525,164.525,NoButton,Drag,575,596
164.542,164.542,NoButton,Drag,585,596
164.559,164.559,NoButton,Drag,594,595
164.576,164.576,NoButton,Drag,603,593
164.592,164.592,NoButton,Drag,610,593
164.609,164.609,NoButton,Drag,615,592
164.626,164.626,NoButton,Drag,621,591
164.643,164.643,NoButton,Drag,627,590
164.659,164.659,NoButton,Drag,634,589
164.675,164.675,NoButton,Drag,644,587
164.692,164.692,NoButton,Drag,652,585
164.71,164.71,NoButton,Drag,662,584
164.725,164.725,NoButton,Drag,669,584
164.744,164.744,NoButton,Drag,676,583
164.761,164.761,NoButton,Drag,685,582
164.777,164.777,NoButton,Drag,693,581
164.794,164.794,NoButton,Drag,704,581
164.81,164.81,NoButton,Drag,712,580
164.827,164.827,NoButton,Drag,719,580
164.843,164.843,NoButton,Drag,727,580
164.861,164.861,NoButton,Drag,733,581
164.877,164.877,NoButton,Drag,738,581
164.894,164.894,NoButton,Drag,744,581
164.911,164.911,NoButton,Drag,748,581
164.928,164.928,NoButton,Drag,751,581
164.945,164.945,NoButton,Drag,753,580
164.961,164.961,NoButton,Drag,756,579
164.977,164.977,NoButton,Drag,761,579
164.996,164.996,NoButton,Drag,766,578
165.012,165.012,NoButton,Drag,771,578
165.029,165.029,NoButton,Drag,780,577
165.046,165.046,NoButton,Drag,788,576
165.062,165.062,NoButton,Drag,795,576
165.079,165.079,NoButton,Drag,803,575
165.096,165.096,NoButton,Drag,812,573
165.112,165.112,NoButton,Drag,819,572
165.129,165.129,NoButton,Drag,826,571
165.146,165.146,NoButton,Drag,835,570
165.163,165.163,NoButton,Drag,842,569
165.18,165.18,NoButton,Drag,848,568
165.197,165.197,NoButton,Drag,853,568
165.212,165.212,NoButton,Drag,858,567
165.23,165.23,NoButton,Drag,862,567
165.247,165.247,NoButton,Drag,866,566
165.263,165.263,NoButton,Drag,870,565
165.28,165.28,NoButton,Drag,875,565
165.297,165.297,NoButton,Drag,881,565
165.314,165.314,NoButton,Drag,888,565
165.33,165.33,NoButton,Drag,896,565
165.347,165.347,NoButton,Drag,902,565
165.363,165.363,NoButton,Drag,908,565
165.38,165.38,NoButton,Drag,912,565
165.397,165.397,NoButton,Drag,914,565
165.413,165.413,NoButton,Drag,914,565
165.491,165.491,NoButton,Drag,914,565
165.495,165.495,NoButton,Drag,914,565
165.499,165.499,NoButton,Drag,914,565
165.514,165.514,NoButton,Drag,913,566
165.531,165.531,NoButton,Drag,912,566
165.547,165.547,NoButton,Drag,911,567
165.564,165.564,NoButton,Drag,910,569
165.581,165.581,NoButton,Drag,908,570
165.597,165.597,NoButton,Drag,906,572
165.614,165.614,NoButton,Drag,904,574
165.631,165.631,NoButton,Drag,903,576
165.647,165.647,NoButton,Drag,902,577
165.665,165.665,NoButton,Drag,901,578
165.681,165.681,NoButton,Drag,901,578
165.698,165.698,NoButton,Drag,900,579
165.714,165.714,NoButton,Drag,900,579
165.731,165.731,NoButton,Drag,899,580
165.748,165.748,NoButton,Drag,899,580
165.764,165.764,Left,Pressed,899,580
165.82,165.82,NoButton,Drag,899,580
165.836,165.836,NoButton,Drag,899,580
165.848,165.848,NoButton,Drag,899,580
165.862,165.862,Left,Released,899,580
165.874,165.874,NoButton,Drag,898,580
165.882,165.882,NoButton,Drag,898,580
165.899,165.899,NoButton,Drag,897,579
165.915,165.915,NoButton,Drag,897,578
165.932,165.932,NoButton,Drag,896,577
165.949,165.949,NoButton,Drag,895,576
165.97,165.97,NoButton,Drag,894,576
165.982,165.982,NoButton,Drag,893,575
165.999,165.999,NoButton,Drag,886,573
166.017,166.017,NoButton,Drag,881,573
166.033,166.033,NoButton,Drag,877,573
166.049,166.049,NoButton,Drag,868,573
166.066,166.066,NoButton,Drag,848,571
166.083,166.083,NoButton,Drag,828,568
166.1,166.1,NoButton,Drag,791,564
166.116,166.116,NoButton,Drag,746,559
166.132,166.132,NoButton,Drag,698,554
166.149,166.149,NoButton,Drag,638,545
166.166,166.166,NoButton,Drag,593,537
166.183,166.183,NoButton,Drag,550,526
166.199,166.199,NoButton,Drag,510,516
166.221,166.221,NoButton,Drag,476,507
166.237,166.237,NoButton,Drag,458,503
166.253,166.253,NoButton,Drag,442,499
166.27,166.27,NoButton,Drag,436,497
166.288,166.288,NoButton,Drag,434,497
166.304,166.304,NoButton,Drag,434,496
166.354,166.354,NoButton,Drag,434,496
166.377,166.377,NoButton,Drag,434,496
166.451,166.451,NoButton,Drag,434,496
166.455,166.455,NoButton,Drag,434,496
166.474,166.474,NoButton,Drag,434,497
166.49,166.49,NoButton,Drag,433,498
166.507,166.507,NoButton,Drag,433,499
166.523,166.523,NoButton,Drag,433,499
166.54,166.54,NoButton,Drag,433,500
166.556,166.556,Scroll,Up,433,500
166.632,166.632,Scroll,Up,433,500
166.731,166.731,NoButton,Drag,433,499
166.743,166.743,NoButton,Drag,432,499
166.759,166.759,NoButton,Drag,432,499
166.775,166.775,NoButton,Drag,432,498
166.792,166.792,NoButton,Drag,431,498
166.823,166.823,NoButton,Drag,431,497
166.912,166.912,NoButton,Drag,431,497
166.931,166.931,NoButton,Drag,431,497
166.951,166.951,NoButton,Drag,431,497
166.998,166.998,Scroll,Down,431,497
167.026,167.026,Scroll,Down,431,497
167.029,167.029,NoButton,Drag,431,496
167.066,167.066,Scroll,Down,431,496
167.167,167.167,NoButton,Drag,431,496
167.202,167.202,NoButton,Drag,431,496
167.205,167.205,NoButton,Drag,431,496
167.221,167.221,NoButton,Drag,431,496
167.233,167.233,NoButton,Drag,431,495
167.25,167.25,NoButton,Drag,431,494
167.267,167.267,NoButton,Drag,431,494
167.31,167.31,NoButton,Drag,431,494
167.317,167.317,NoButton,Drag,431,493
167.333,167.333,NoButton,Drag,431,493
167.362,167.362,NoButton,Drag,431,493
167.373,167.373,NoButton,Drag,432,493
167.385,167.385,NoButton,Drag,432,492
167.401,167.401,NoButton,Drag,432,492
167.417,167.417,NoButton,Drag,432,492
167.434,167.434,NoButton,Drag,432,491
167.45,167.45,NoButton,Drag,433,491
167.51,167.51,NoButton,Drag,433,491
167.518,167.518,NoButton,Drag,433,491
167.522,167.522,NoButton,Drag,433,491
167.538,167.538,NoButton,Drag,433,491
167.567,167.567,NoButton,Drag,434,491
167.571,167.571,NoButton,Drag,434,490
167.585,167.585,NoButton,Drag,434,490
167.603,167.603,NoButton,Drag,434,489
167.62,167.62,NoButton,Drag,435,488
167.636,167.636,NoButton,Drag,435,488
167.654,167.654,NoButton,Drag,435,487
167.671,167.671,NoButton,Drag,435,486
167.688,167.688,NoButton,Drag,435,484
167.703,167.703,NoButton,Drag,434,483
167.721,167.721,NoButton,Drag,433,482
167.737,167.737,NoButton,Drag,433,482
167.754,167.754,NoButton,Drag,432,480
167.77,167.77,NoButton,Drag,432,479
167.787,167.787,NoButton,Drag,431,477
167.804,167.804,NoButton,Drag,429,474
167.821,167.821,NoButton,Drag,426,473
167.837,167.837,NoButton,Drag,423,472
167.855,167.855,NoButton,Drag,420,471
167.871,167.871,NoButton,Drag,418,470
167.887,167.887,NoButton,Drag,417,470
167.904,167.904,NoButton,Drag,417,470
167.921,167.921,NoButton,Drag,416,470
167.955,167.955,NoButton,Drag,416,470
167.979,167.979,NoButton,Drag,416,471
167.999,167.999,NoButton,Drag,417,471
168.003,168.003,NoButton,Drag,417,471
168.019,168.019,NoButton,Drag,418,471
168.035,168.035,NoButton,Drag,422,471
168.052,168.052,NoButton,Drag,431,470
168.068,168.068,NoButton,Drag,443,469
168.085,168.085,NoButton,Drag,458,468
168.102,168.102,NoButton,Drag,477,468
168.119,168.119,NoButton,Drag,495,467
168.135,168.135,NoButton,Drag,521,467
168.152,168.152,NoButton,Drag,542,467
168.168,168.168,NoButton,Drag,564,466
168.185,168.185,NoButton,Drag,588,464
168.202,168.202,NoButton,Drag,604,464
168.218,168.218,NoButton,Drag,617,463
168.235,168.235,NoButton,Drag,629,462
168.252,168.252,NoButton,Drag,638,461
168.268,168.268,NoButton,Drag,643,460
168.285,168.285,NoButton,Drag,648,459
168.301,168.301,NoButton,Drag,653,458
168.318,168.318,NoButton,Drag,656,457
168.335,168.335,NoButton,Drag,659,457
168.352,168.352,NoButton,Drag,662,456
168.368,168.368,NoButton,Drag,666,455
168.384,168.384,NoButton,Drag,671,454
168.401,168.401,NoButton,Drag,677,454
168.418,168.418,NoButton,Drag,683,453
168.435,168.435,NoButton,Drag,688,452
168.452,168.452,NoButton,Drag,693,451
168.468,168.468,NoButton,Drag,698,450
168.486,168.486,NoButton,Drag,704,449
168.502,168.502,NoButton,Drag,708,448
168.519,168.519,NoButton,Drag,712,447
168.535,168.535,NoButton,Drag,716,447
168.553,168.553,NoButton,Drag,719,447
168.569,168.569,NoButton,Drag,722,447
168.586,168.586,NoButton,Drag,727,447
168.603,168.603,NoButton,Drag,731,447
168.619,168.619,NoButton,Drag,735,447
168.637,168.637,NoButton,Drag,739,447
168.652,168.652,NoButton,Drag,744,447
168.669,168.669,NoButton,Drag,753,447
168.686,168.686,NoButton,Drag,762,448
168.703,168.703,NoButton,Drag,772,450
168.72,168.72,NoButton,Drag,783,451
168.737,168.737,NoButton,Drag,789,452
168.753,168.753,NoButton,Drag,794,453
168.771,168.771,NoButton,Drag,797,454
168.787,168.787,NoButton,Drag,801,455
168.803,168.803,NoButton,Drag,803,457
168.82,168.82,NoButton,Drag,805,458
168.838,168.838,NoButton,Drag,807,459
168.854,168.854,NoButton,Drag,807,459
168.871,168.871,NoButton,Drag,807,459
168.891,168.891,NoButton,Drag,808,459
169.032,169.032,Left,Pressed,808,459
169.036,169.036,NoButton,Drag,808,459
169.116,169.116,Left,Released,808,459
169.128,169.128,NoButton,Drag,808,459
169.137,169.137,NoButton,Drag,807,459
169.154,169.154,NoButton,Drag,808,458
169.171,169.171,NoButton,Drag,809,457
169.188,169.188,NoButton,Drag,811,456
169.204,169.204,NoButton,Drag,814,455
169.221,169.221,NoButton,Drag,818,454
169.239,169.239,NoButton,Drag,823,453
169.255,169.255,NoButton,Drag,829,453
169.272,169.272,NoButton,Drag,837,452
169.288,169.288,NoButton,Drag,844,451
169.305,169.305,NoButton,Drag,851,451
169.322,169.322,NoButton,Drag,859,451
169.339,169.339,NoButton,Drag,866,451
169.356,169.356,NoButton,Drag,873,451
169.372,169.372,NoButton,Drag,880,450
169.389,169.389,NoButton,Drag,888,450
169.406,169.406,NoButton,Drag,896,450
169.422,169.422,NoButton,Drag,903,450
169.439,169.439,NoButton,Drag,908,450
169.455,169.455,NoButton,Drag,912,450
169.474,169.474,NoButton,Drag,916,450
169.49,169.49,NoButton,Drag,920,450
169.507,169.507,NoButton,Drag,923,449
169.524,169.524,NoButton,Drag,927,449
169.54,169.54,NoButton,Drag,931,449
169.557,169.557,NoButton,Drag,935,449
169.574,169.574,NoButton,Drag,941,449
169.591,169.591,NoButton,Drag,945,449
169.607,169.607,NoButton,Drag,950,450
169.624,169.624,NoButton,Drag,955,450
169.64,169.64,NoButton,Drag,960,451
169.657,169.657,NoButton,Drag,963,452
169.674,169.674,NoButton,Drag,965,452
169.691,169.691,NoButton,Drag,966,452
169.707,169.707,NoButton,Drag,967,453
169.725,169.725,NoButton,Drag,968,454
169.741,169.741,NoButton,Drag,968,454
169.758,169.758,NoButton,Drag,968,455
169.775,169.775,NoButton,Drag,968,457
169.792,169.792,NoButton,Drag,968,460
169.809,169.809,NoButton,Drag,966,463
169.825,169.825,NoButton,Drag,959,468
169.841,169.841,NoButton,Drag,945,476
169.858,169.858,NoButton,Drag,928,481
169.875,169.875,NoButton,Drag,910,487
169.892,169.892,NoButton,Drag,888,494
169.908,169.908,NoButton,Drag,871,499
169.925,169.925,NoButton,Drag,858,502
169.941,169.941,NoButton,Drag,836,506
169.958,169.958,NoButton,Drag,817,509
169.975,169.975,NoButton,Drag,798,510
169.992,169.992,NoButton,Drag,777,511
170.009,170.009,NoButton,Drag,764,514
170.025,170.025,NoButton,Drag,754,517
170.043,170.043,NoButton,Drag,744,519
170.059,170.059,NoButton,Drag,732,521
170.076,170.076,NoButton,Drag,715,525
170.092,170.092,NoButton,Drag,699,526
170.109,170.109,NoButton,Drag,683,526
170.125,170.125,NoButton,Drag,668,526
170.143,170.143,NoButton,Drag,653,526
170.159,170.159,NoButton,Drag,638,526
170.175,170.175,NoButton,Drag,619,526
170.193,170.193,NoButton,Drag,605,527
170.209,170.209,NoButton,Drag,592,527
170.225,170.225,NoButton,Drag,581,527
170.242,170.242,NoButton,Drag,573,527
170.259,170.259,NoButton,Drag,565,527
170.275,170.275,NoButton,Drag,555,527
170.293,170.293,NoButton,Drag,547,527
170.309,170.309,NoButton,Drag,540,527
170.326,170.326,NoButton,Drag,533,526
170.343,170.343,NoButton,Drag,525,525
170.359,170.359,NoButton,Drag,518,523
170.376,170.376,NoButton,Drag,508,523
170.393,170.393,NoButton,Drag,500,522
170.409,170.409,NoButton,Drag,490,522
170.426,170.426,NoButton,Drag,478,522
170.443,170.443,NoButton,Drag,469,522
170.459,170.459,NoButton,Drag,460,522
170.476,170.476,NoButton,Drag,451,522
170.492,170.492,NoButton,Drag,441,522
170.509,170.509,NoButton,Drag,432,520
170.525,170.525,NoButton,Drag,420,517
170.543,170.543,NoButton,Drag,410,515
170.559,170.559,NoButton,Drag,400,512
170.576,170.576,NoButton,Drag,390,510
170.592,170.592,NoButton,Drag,379,507
170.61,170.61,NoButton,Drag,367,503
170.626,170.626,NoButton,Drag,360,501
170.642,170.642,NoButton,Drag,357,501
170.66,170.66,NoButton,Drag,356,501
170.706,170.706,NoButton,Drag,357,500
170.709,170.709,NoButton,Drag,357,500
170.725,170.725,NoButton,Drag,359,500
170.743,170.743,NoButton,Drag,363,499
170.76,170.76,NoButton,Drag,369,499
170.776,170.776,NoButton,Drag,380,498
170.792,170.792,NoButton,Drag,393,498
170.809,170.809,NoButton,Drag,409,500
170.826,170.826,NoButton,Drag,431,501
170.843,170.843,NoButton,Drag,449,502
170.859,170.859,NoButton,Drag,465,503
170.875,170.875,NoButton,Drag,482,505
170.893,170.893,NoButton,Drag,498,507
170.909,170.909,NoButton,Drag,519,509
170.926,170.926,NoButton,Drag,536,513
170.943,170.943,NoButton,Drag,554,516
170.959,170.959,NoButton,Drag,571,518
170.975,170.975,NoButton,Drag,584,520
170.992,170.992,NoButton,Drag,595,521
171.009,171.009,NoButton,Drag,605,521
171.026,171.026,NoButton,Drag,609,522
171.042,171.042,NoButton,Drag,611,523
171.063,171.063,NoButton,Drag,611,523
171.087,171.087,NoButton,Drag,611,523
171.093,171.093,NoButton,Drag,611,523
171.11,171.11,NoButton,Drag,611,524
171.126,171.126,NoButton,Drag,609,526
171.142,171.142,NoButton,Drag,606,528
171.159,171.159,NoButton,Drag,599,532
171.176,171.176,NoButton,Drag,589,535
171.193,171.193,NoButton,Drag,577,538
171.21,171.21,NoButton,Drag,561,542
171.227,171.227,NoButton,Drag,544,546
171.243,171.243,NoButton,Drag,523,550
171.26,171.26,NoButton,Drag,508,554
171.277,171.277,NoButton,Drag,495,557
171.293,171.293,NoButton,Drag,482,561
171.311,171.311,NoButton,Drag,471,563
171.327,171.327,NoButton,Drag,463,565
171.343,171.343,NoButton,Drag,456,567
171.36,171.36,NoButton,Drag,453,567
171.378,171.378,NoButton,Drag,452,568
171.507,171.507,NoButton,Drag,452,568
171.511,171.511,NoButton,Drag,452,568
171.527,171.527,NoButton,Drag,454,568
171.544,171.544,NoButton,Drag,457,567
171.561,171.561,NoButton,Drag,461,566
171.577,171.577,NoButton,Drag,466,566
171.594,171.594,NoButton,Drag,475,566
171.611,171.611,NoButton,Drag,482,565
171.627,171.627,NoButton,Drag,490,565
171.644,171.644,NoButton,Drag,499,565
171.661,171.661,NoButton,Drag,508,565
171.678,171.678,NoButton,Drag,520,565
171.694,171.694,NoButton,Drag,529,565
171.711,171.711,NoButton,Drag,536,565
171.728,171.728,NoButton,Drag,543,565
171.744,171.744,NoButton,Drag,550,565
171.761,171.761,NoButton,Drag,558,565
171.778,171.778,NoButton,Drag,563,565
171.795,171.795,NoButton,Drag,568,565
171.811,171.811,NoButton,Drag,575,565
171.828,171.828,NoButton,Drag,581,565
171.845,171.845,NoButton,Drag,588,565
171.862,171.862,NoButton,Drag,596,565
171.879,171.879,NoButton,Drag,603,565
171.895,171.895,NoButton,Drag,609,565
171.912,171.912,NoButton,Drag,616,565
171.929,171.929,NoButton,Drag,622,565
171.945,171.945,NoButton,Drag,629,565
171.962,171.962,NoButton,Drag,636,565
171.98,171.98,NoButton,Drag,645,565
171.996,171.996,NoButton,Drag,650,565
172.013,172.013,NoButton,Drag,657,565
172.03,172.03,NoButton,Drag,663,565
172.046,172.046,NoButton,Drag,667,564
172.064,172.064,NoButton,Drag,672,564
172.08,172.08,NoButton,Drag,676,564
172.096,172.096,NoButton,Drag,679,563
172.113,172.113,NoButton,Drag,685,563
172.13,172.13,NoButton,Drag,690,562
172.148,172.148,NoButton,Drag,695,562
172.164,172.164,NoButton,Drag,701,562
172.181,172.181,NoButton,Drag,706,562
172.197,172.197,NoButton,Drag,710,562
172.214,172.214,NoButton,Drag,714,562
172.231,172.231,NoButton,Drag,718,562
172.247,172.247,NoButton,Drag,724,562
172.264,172.264,NoButton,Drag,728,562
172.281,172.281,NoButton,Drag,732,562
172.298,172.298,NoButton,Drag,735,562
172.315,172.315,NoButton,Drag,738,562
172.331,172.331,NoButton,Drag,742,562
172.348,172.348,NoButton,Drag,746,562
172.365,172.365,NoButton,Drag,750,562
172.381,172.381,NoButton,Drag,754,562
172.398,172.398,NoButton,Drag,759,562
172.415,172.415,NoButton,Drag,763,562
172.431,172.431,NoButton,Drag,768,562
172.448,172.448,NoButton,Drag,774,561
172.465,172.465,NoButton,Drag,777,561
172.481,172.481,NoButton,Drag,781,561
172.498,172.498,NoButton,Drag,783,560
172.515,172.515,NoButton,Drag,786,560
172.531,172.531,NoButton,Drag,788,560
172.548,172.548,NoButton,Drag,792,560
172.565,172.565,NoButton,Drag,797,560
172.581,172.581,NoButton,Drag,802,560
172.598,172.598,NoButton,Drag,807,560
172.614,172.614,NoButton,Drag,810,560
172.631,172.631,NoButton,Drag,816,560
172.648,172.648,NoButton,Drag,821,560
172.664,172.664,NoButton,Drag,826,559
172.682,172.682,NoButton,Drag,830,558
172.699,172.699,NoButton,Drag,836,557
172.715,172.715,NoButton,Drag,841,556
172.731,172.731,NoButton,Drag,846,556
172.748,172.748,NoButton,Drag,851,554
172.765,172.765,NoButton,Drag,855,553
172.781,172.781,NoButton,Drag,860,552
172.798,172.798,NoButton,Drag,864,551
172.815,172.815,NoButton,Drag,869,550
172.832,172.832,NoButton,Drag,876,549
172.849,172.849,NoButton,Drag,884,547
172.865,172.865,NoButton,Drag,891,547
172.882,172.882,NoButton,Drag,900,546
172.898,172.898,NoButton,Drag,906,545
172.915,172.915,NoButton,Drag,910,545
172.933,172.933,NoButton,Drag,911,545
172.962,172.962,NoButton,Drag,911,545
172.965,172.965,NoButton,Drag,911,546
172.981,172.981,NoButton,Drag,905,547
172.998,172.998,NoButton,Drag,894,550
173.014,173.014,NoButton,Drag,878,554
173.032,173.032,NoButton,Drag,862,562
173.049,173.049,NoButton,Drag,848,568
173.066,173.066,NoButton,Drag,835,573
173.081,173.081,NoButton,Drag,828,578
173.099,173.099,NoButton,Drag,821,580
173.115,173.115,NoButton,Drag,817,582
173.132,173.132,NoButton,Drag,814,583
173.149,173.149,NoButton,Drag,812,585
173.165,173.165,NoButton,Drag,811,585
173.183,173.183,NoButton,Drag,811,585
173.199,173.199,NoButton,Drag,810,585
173.215,173.215,NoButton,Drag,808,585
173.231,173.231,NoButton,Drag,807,585
173.261,173.261,NoButton,Drag,807,584
173.265,173.265,NoButton,Drag,807,584
173.282,173.282,NoButton,Drag,805,584
173.298,173.298,NoButton,Drag,804,584
173.315,173.315,NoButton,Drag,802,584
173.332,173.332,NoButton,Drag,802,584
173.348,173.348,NoButton,Drag,801,583
173.403,173.403,NoButton,Drag,800,583
173.411,173.411,NoButton,Drag,800,584
173.459,173.459,NoButton,Drag,800,584
173.556,173.556,NoButton,Drag,800,584
173.563,173.563,NoButton,Drag,799,583
173.571,173.571,NoButton,Drag,799,583
173.582,173.582,NoButton,Drag,798,583
173.6,173.6,NoButton,Drag,798,582
173.616,173.616,NoButton,Drag,797,581
173.633,173.633,NoButton,Drag,796,580
173.65,173.65,NoButton,Drag,795,579
173.666,173.666,NoButton,Drag,794,578
173.671,173.671,Scroll,Down,794,578
173.683,173.683,NoButton,Drag,794,578
173.7,173.7,NoButton,Drag,794,578
173.74,173.74,Scroll,Down,794,578
173.779,173.779,Scroll,Down,794,578
173.808,173.808,NoButton,Drag,794,578
173.811,173.811,NoButton,Drag,794,577
173.828,173.828,NoButton,Drag,793,577
173.844,173.844,NoButton,Drag,793,576
173.862,173.862,NoButton,Drag,793,576
173.878,173.878,NoButton,Drag,792,575
173.894,173.894,Scroll,Down,791,574
173.894,173.894,NoButton,Drag,791,574
173.911,173.911,NoButton,Drag,790,573
173.927,173.927,NoButton,Drag,788,572
173.944,173.944,NoButton,Drag,787,571
173.961,173.961,NoButton,Drag,785,570
173.977,173.977,NoButton,Drag,783,569
173.994,173.994,NoButton,Drag,782,568
174.012,174.012,NoButton,Drag,781,567
174.028,174.028,NoButton,Drag,780,566
174.045,174.045,NoButton,Drag,779,565
174.061,174.061,NoButton,Drag,778,564
174.078,174.078,NoButton,Drag,777,563
174.094,174.094,NoButton,Drag,776,563
174.112,174.112,NoButton,Drag,774,562
174.128,174.128,NoButton,Drag,771,562
174.144,174.144,NoButton,Drag,767,561
174.161,174.161,NoButton,Drag,759,560
174.178,174.178,NoButton,Drag,752,560
174.195,174.195,NoButton,Drag,746,559
174.211,174.211,NoButton,Drag,742,558
174.228,174.228,NoButton,Drag,741,558
174.245,174.245,NoButton,Drag,739,558
174.262,174.262,NoButton,Drag,739,558
174.279,174.279,NoButton,Drag,739,558
174.314,174.314,Scroll,Down,739,558
174.362,174.362,Scroll,Down,739,558
174.445,174.445,NoButton,Drag,739,558
174.449,174.449,NoButton,Drag,739,558
174.461,174.461,NoButton,Drag,739,557
174.478,174.478,NoButton,Drag,738,556
174.496,174.496,NoButton,Drag,738,554
174.513,174.513,NoButton,Drag,739,553
174.529,174.529,NoButton,Drag,740,552
174.546,174.546,NoButton,Drag,741,550
174.563,174.563,NoButton,Drag,744,548
174.579,174.579,NoButton,Drag,748,546
174.596,174.596,NoButton,Drag,751,543
174.613,174.613,NoButton,Drag,754,541
174.63,174.63,NoButton,Drag,757,539
174.646,174.646,NoButton,Drag,760,535
174.663,174.663,NoButton,Drag,763,532
174.68,174.68,NoButton,Drag,765,528
174.696,174.696,NoButton,Drag,768,525
174.713,174.713,NoButton,Drag,769,523
174.73,174.73,NoButton,Drag,771,520
174.747,174.747,NoButton,Drag,772,518
174.764,174.764,NoButton,Drag,774,516
174.781,174.781,NoButton,Drag,774,515
174.798,174.798,NoButton,Drag,775,513
174.814,174.814,NoButton,Drag,775,511
174.831,174.831,NoButton,Drag,776,509
174.847,174.847,NoButton,Drag,777,507
174.864,174.864,NoButton,Drag,777,504
174.881,174.881,NoButton,Drag,778,501
174.897,174.897,NoButton,Drag,779,498
174.914,174.914,NoButton,Drag,779,497
174.931,174.931,NoButton,Drag,779,496
174.947,174.947,NoButton,Drag,780,495
174.964,174.964,NoButton,Drag,780,494
174.983,174.983,NoButton,Drag,780,493
174.999,174.999,NoButton,Drag,780,492
175.016,175.016,NoButton,Drag,781,492
175.032,175.032,NoButton,Drag,781,491
175.049,175.049,NoButton,Drag,782,489
175.066,175.066,NoButton,Drag,784,487
175.082,175.082,NoButton,Drag,786,486
175.1,175.1,NoButton,Drag,789,485
175.116,175.116,NoButton,Drag,791,483
175.133,175.133,NoButton,Drag,794,482
175.15,175.15,NoButton,Drag,797,480
175.166,175.166,NoButton,Drag,799,478
175.183,175.183,NoButton,Drag,800,477
175.2,175.2,NoButton,Drag,801,476
175.217,175.217,NoButton,Drag,802,475
175.233,175.233,NoButton,Drag,802,474
175.25,175.25,NoButton,Drag,802,472
175.267,175.267,NoButton,Drag,802,471
175.284,175.284,NoButton,Drag,802,470
175.301,175.301,NoButton,Drag,802,469
175.317,175.317,NoButton,Drag,801,468
175.334,175.334,NoButton,Drag,801,467
175.35,175.35,NoButton,Drag,801,466
175.367,175.367,NoButton,Drag,800,464
175.384,175.384,NoButton,Drag,800,463
175.401,175.401,NoButton,Drag,800,463
175.418,175.418,NoButton,Drag,799,462
175.53,175.53,Left,Pressed,799,462
175.61,175.61,NoButton,Drag,799,462
175.613,175.613,NoButton,Drag,799,462
175.616,175.616,Left,Released,799,462
175.616,175.616,NoButton,Drag,799,461
175.619,175.619,NoButton,Drag,799,461
175.634,175.634,NoButton,Drag,799,460
175.651,175.651,NoButton,Drag,798,458
175.667,175.667,NoButton,Drag,798,457
175.684,175.684,NoButton,Drag,798,456
175.701,175.701,NoButton,Drag,798,456
175.717,175.717,NoButton,Drag,799,455
175.734,175.734,NoButton,Drag,799,455
175.751,175.751,NoButton,Drag,799,455
175.78,175.78,NoButton,Drag,799,454
175.787,175.787,NoButton,Drag,799,454
175.852,175.852,NoButton,Drag,799,454
175.855,175.855,NoButton,Drag,799,454
175.868,175.868,NoButton,Drag,800,453
175.884,175.884,NoButton,Drag,801,453
175.902,175.902,NoButton,Drag,802,452
175.918,175.918,NoButton,Drag,803,451
175.971,175.971,NoButton,Drag,803,451
175.983,175.983,NoButton,Drag,803,451
175.996,175.996,Left,Pressed,803,451
175.997,175.997,NoButton,Drag,803,451
176.003,176.003,NoButton,Drag,804,451
176.08,176.08,Left,Released,804,451
176.119,176.119,NoButton,Drag,804,451
176.123,176.123,NoButton,Drag,804,451
176.133,176.133,NoButton,Drag,805,451
176.15,176.15,NoButton,Drag,807,450
176.167,176.167,NoButton,Drag,811,449
176.183,176.183,NoButton,Drag,818,448
176.201,176.201,NoButton,Drag,825,448
176.217,176.217,NoButton,Drag,835,448
176.233,176.233,NoButton,Drag,847,448
176.25,176.25,NoButton,Drag,863,448
176.267,176.267,NoButton,Drag,874,447
176.284,176.284,NoButton,Drag,887,446
176.3,176.3,NoButton,Drag,898,445
176.317,176.317,NoButton,Drag,910,445
176.333,176.333,NoButton,Drag,923,445
176.35,176.35,NoButton,Drag,931,445
176.367,176.367,NoButton,Drag,936,446
176.384,176.384,NoButton,Drag,938,447
176.401,176.401,NoButton,Drag,939,447
176.417,176.417,NoButton,Drag,939,448
176.434,176.434,NoButton,Drag,938,452
176.451,176.451,NoButton,Drag,935,456
176.467,176.467,NoButton,Drag,927,464
176.484,176.484,NoButton,Drag,909,473
176.501,176.501,NoButton,Drag,885,481
176.519,176.519,NoButton,Drag,849,492
176.535,176.535,NoButton,Drag,816,500
176.551,176.551,NoButton,Drag,786,508
176.568,176.568,NoButton,Drag,756,516
176.585,176.585,NoButton,Drag,722,524
176.601,176.601,NoButton,Drag,672,526
176.619,176.619,NoButton,Drag,630,524
176.635,176.635,NoButton,Drag,594,523
176.652,176.652,NoButton,Drag,571,523
176.668,176.668,NoButton,Drag,563,523
176.685,176.685,NoButton,Drag,562,524
176.702,176.702,NoButton,Drag,562,524
176.749,176.749,NoButton,Drag,562,524
176.753,176.753,NoButton,Drag,562,524
176.768,176.768,NoButton,Drag,565,524
176.785,176.785,NoButton,Drag,570,525
176.802,176.802,NoButton,Drag,575,527
176.819,176.819,NoButton,Drag,580,527
176.835,176.835,NoButton,Drag,584,527
176.852,176.852,NoButton,Drag,584,527
176.869,176.869,NoButton,Drag,584,527
176.885,176.885,NoButton,Drag,584,527
176.903,176.903,NoButton,Drag,585,528
176.919,176.919,NoButton,Drag,582,530
176.936,176.936,NoButton,Drag,575,534
176.953,176.953,NoButton,Drag,566,538
176.969,176.969,NoButton,Drag,553,542
176.985,176.985,NoButton,Drag,540,545
177.002,177.002,NoButton,Drag,529,548
177.019,177.019,NoButton,Drag,521,551
177.036,177.036,NoButton,Drag,514,552
177.053,177.053,NoButton,Drag,512,552
177.07,177.07,NoButton,Drag,512,552
177.086,177.086,NoButton,Drag,512,553
177.103,177.103,NoButton,Drag,512,554
177.119,177.119,NoButton,Drag,512,554
177.137,177.137,NoButton,Drag,512,554
177.153,177.153,NoButton,Drag,511,555
177.283,177.283,NoButton,Drag,511,555
177.303,177.303,NoButton,Drag,511,555
177.315,177.315,NoButton,Drag,511,555
177.357,177.357,NoButton,Drag,511,555
177.361,177.361,NoButton,Drag,511,555
177.369,177.369,NoButton,Drag,512,555
177.386,177.386,NoButton,Drag,513,555
177.403,177.403,NoButton,Drag,515,555
177.42,177.42,NoButton,Drag,518,555
177.436,177.436,NoButton,Drag,522,555
177.453,177.453,NoButton,Drag,529,555
177.47,177.47,NoButton,Drag,535,554
177.486,177.486,NoButton,Drag,540,552
177.503,177.503,NoButton,Drag,545,550
177.52,177.52,NoButton,Drag,551,547
177.537,177.537,NoButton,Drag,560,543
177.553,177.553,NoButton,Drag,573,537
177.57,177.57,NoButton,Drag,585,534
177.587,177.587,NoButton,Drag,596,531
177.604,177.604,NoButton,Drag,604,529
177.62,177.62,NoButton,Drag,610,528
177.637,177.637,NoButton,Drag,615,526
177.654,177.654,NoButton,Drag,621,525
177.67,177.67,NoButton,Drag,626,524
177.688,177.688,NoButton,Drag,631,523
177.704,177.704,NoButton,Drag,639,522
177.72,177.72,NoButton,Drag,649,520
177.739,177.739,NoButton,Drag,667,519
177.755,177.755,NoButton,Drag,680,518
177.772,177.772,NoButton,Drag,691,516
177.788,177.788,NoButton,Drag,701,514
177.805,177.805,NoButton,Drag,710,512
177.822,177.822,NoButton,Drag,720,509
177.838,177.838,NoButton,Drag,728,508
177.856,177.856,NoButton,Drag,734,508
177.873,177.873,NoButton,Drag,740,508
177.889,177.889,NoButton,Drag,747,508
177.906,177.906,NoButton,Drag,758,508
177.922,177.922,NoButton,Drag,770,510
177.938,177.938,NoButton,Drag,783,514
177.955,177.955,NoButton,Drag,803,517
177.972,177.972,NoButton,Drag,819,520
177.992,177.992,NoButton,Drag,842,521
178.009,178.009,NoButton,Drag,862,522
178.026,178.026,NoButton,Drag,878,523
178.042,178.042,NoButton,Drag,889,523
178.059,178.059,NoButton,Drag,902,524
178.076,178.076,NoButton,Drag,913,524
178.093,178.093,NoButton,Drag,921,523
178.109,178.109,NoButton,Drag,927,521
178.126,178.126,NoButton,Drag,934,520
178.143,178.143,NoButton,Drag,941,518
178.159,178.159,NoButton,Drag,949,516
178.176,178.176,NoButton,Drag,955,514
178.193,178.193,NoButton,Drag,959,513
178.209,178.209,NoButton,Drag,962,512
178.226,178.226,NoButton,Drag,964,512
178.244,178.244,NoButton,Drag,966,512
178.261,178.261,NoButton,Drag,966,512
178.352,178.352,NoButton,Drag,966,512
178.364,178.364,NoButton,Drag,966,512
178.378,178.378,NoButton,Drag,965,513
178.395,178.395,NoButton,Drag,960,514
178.411,178.411,NoButton,Drag,947,518
178.428,178.428,NoButton,Drag,930,521
178.445,178.445,NoButton,Drag,910,526
178.462,178.462,NoButton,Drag,886,532
178.478,178.478,NoButton,Drag,862,537
178.496,178.496,NoButton,Drag,834,543
178.512,178.512,NoButton,Drag,810,545
178.529,178.529,NoButton,Drag,790,547
178.546,178.546,NoButton,Drag,773,550
178.562,178.562,NoButton,Drag,763,551
178.579,178.579,NoButton,Drag,756,551
178.596,178.596,NoButton,Drag,749,552
178.613,178.613,NoButton,Drag,743,552
178.629,178.629,NoButton,Drag,739,552
178.646,178.646,NoButton,Drag,735,552
178.663,178.663,NoButton,Drag,731,553
178.679,178.679,NoButton,Drag,727,554
178.696,178.696,NoButton,Drag,722,554
178.713,178.713,NoButton,Drag,716,554
178.729,178.729,NoButton,Drag,709,554
178.746,178.746,NoButton,Drag,697,555
178.763,178.763,NoButton,Drag,685,555
178.779,178.779,NoButton,Drag,673,555
178.796,178.796,NoButton,Drag,661,555
178.813,178.813,NoButton,Drag,651,556
178.83,178.83,NoButton,Drag,638,557
178.846,178.846,NoButton,Drag,628,558
178.864,178.864,NoButton,Drag,618,560
178.88,178.88,NoButton,Drag,608,562
178.896,178.896,NoButton,Drag,598,564
178.913,178.913,NoButton,Drag,589,566
178.93,178.93,NoButton,Drag,576,568
178.946,178.946,NoButton,Drag,565,568
178.964,178.964,NoButton,Drag,556,568
178.981,178.981,NoButton,Drag,550,569
178.993,178.993,NoButton,Drag,545,570
179.01,179.01,NoButton,Drag,538,570
179.026,179.026,NoButton,Drag,532,570
179.044,179.044,NoButton,Drag,526,571
179.06,179.06,NoButton,Drag,519,571
179.077,179.077,NoButton,Drag,508,571
179.093,179.093,NoButton,Drag,500,570
179.11,179.11,NoButton,Drag,492,568
179.127,179.127,NoButton,Drag,484,566
179.143,179.143,NoButton,Drag,475,563
179.16,179.16,NoButton,Drag,469,561
179.178,179.178,NoButton,Drag,467,561
179.207,179.207,NoButton,Drag,467,561
179.223,179.223,NoButton,Drag,467,560
179.227,179.227,NoButton,Drag,467,560
179.243,179.243,NoButton,Drag,468,559
179.258,179.258,NoButton,Drag,472,559
179.275,179.275,NoButton,Drag,477,558
179.292,179.292,NoButton,Drag,486,558
179.308,179.308,NoButton,Drag,497,558
179.326,179.326,NoButton,Drag,507,559
179.342,179.342,NoButton,Drag,516,560
179.359,179.359,NoButton,Drag,525,561
179.375,179.375,NoButton,Drag,538,564
179.392,179.392,NoButton,Drag,549,566
179.409,179.409,NoButton,Drag,559,568
179.426,179.426,NoButton,Drag,567,570
179.443,179.443,NoButton,Drag,573,570
179.459,179.459,NoButton,Drag,577,570
179.476,179.476,NoButton,Drag,580,570
179.491,179.491,NoButton,Drag,580,570
179.532,179.532,NoButton,Drag,581,570
179.535,179.535,NoButton,Drag,581,570
179.541,179.541,NoButton,Drag,581,570
179.558,179.558,NoButton,Drag,583,570
179.574,179.574,NoButton,Drag,586,570
179.592,179.592,NoButton,Drag,590,570
179.608,179.608,NoButton,Drag,593,570
179.625,179.625,NoButton,Drag,594,570
179.658,179.658,Left,Pressed,594,570
179.798,179.798,NoButton,Drag,594,570
179.805,179.805,NoButton,Drag,595,569
179.809,179.809,NoButton,Drag,595,569
179.813,179.813,NoButton,Drag,595,569
179.818,179.818,Left,Released,595,569
179.819,179.819,NoButton,Drag,596,569
179.825,179.825,NoButton,Drag,596,568
179.841,179.841,NoButton,Drag,597,567
179.858,179.858,NoButton,Drag,599,565
179.875,179.875,NoButton,Drag,600,563
179.891,179.891,NoButton,Drag,603,562
179.908,179.908,NoButton,Drag,605,562
179.925,179.925,NoButton,Drag,608,562
179.941,179.941,NoButton,Drag,615,563
179.958,179.958,NoButton,Drag,623,565
179.975,179.975,NoButton,Drag,632,567
179.993,179.993,NoButton,Drag,642,569
180.009,180.009,NoButton,Drag,649,571
180.026,180.026,NoButton,Drag,658,571
180.042,180.042,NoButton,Drag,665,573
180.059,180.059,NoButton,Drag,673,575
180.076,180.076,NoButton,Drag,682,577
180.093,180.093,NoButton,Drag,693,580
180.109,180.109,NoButton,Drag,704,583
180.126,180.126,NoButton,Drag,717,586
180.143,180.143,NoButton,Drag,728,588
180.159,180.159,NoButton,Drag,739,589
180.177,180.177,NoButton,Drag,752,589
180.193,180.193,NoButton,Drag,763,590
180.21,180.21,NoButton,Drag,777,590
180.227,180.227,NoButton,Drag,786,591
180.239,180.239,NoButton,Drag,793,591
180.256,180.256,NoButton,Drag,806,591
180.273,180.273,NoButton,Drag,815,591
180.289,180.289,NoButton,Drag,824,591
180.306,180.306,NoButton,Drag,832,591
180.323,180.323,NoButton,Drag,840,591
180.339,180.339,NoButton,Drag,848,591
180.356,180.356,NoButton,Drag,856,591
180.373,180.373,NoButton,Drag,864,591
180.389,180.389,NoButton,Drag,873,591
180.407,180.407,NoButton,Drag,881,591
180.424,180.424,NoButton,Drag,889,591
180.44,180.44,NoButton,Drag,893,590
180.456,180.456,NoButton,Drag,895,590
180.474,180.474,NoButton,Drag,895,590
180.49,180.49,NoButton,Drag,896,590
180.535,180.535,NoButton,Drag,895,590
180.539,180.539,NoButton,Drag,895,590
180.554,180.554,NoButton,Drag,892,590
180.571,180.571,NoButton,Drag,884,592
180.588,180.588,NoButton,Drag,864,593
180.605,180.605,NoButton,Drag,839,594
180.621,180.621,NoButton,Drag,804,594
180.638,180.638,NoButton,Drag,765,594
180.655,180.655,NoButton,Drag,729,594
180.672,180.672,NoButton,Drag,683,594
180.688,180.688,NoButton,Drag,651,594
180.705,180.705,NoButton,Drag,626,594
180.722,180.722,NoButton,Drag,606,594
180.739,180.739,NoButton,Drag,590,594
180.754,180.754,NoButton,Drag,580,594
180.771,180.771,NoButton,Drag,573,594
180.787,180.787,NoButton,Drag,568,594
180.804,180.804,NoButton,Drag,564,594
180.821,180.821,NoButton,Drag,559,594
180.838,180.838,NoButton,Drag,553,594
180.854,180.854,NoButton,Drag,547,594
180.871,180.871,NoButton,Drag,540,594
180.888,180.888,NoButton,Drag,532,594
180.904,180.904,NoButton,Drag,523,594
180.92,180.92,NoButton,Drag,514,594
180.938,180.938,NoButton,Drag,503,594
180.954,180.954,NoButton,Drag,495,594
180.972,180.972,NoButton,Drag,488,594
180.987,180.987,NoButton,Drag,482,594
181.003,181.003,NoButton,Drag,476,595
181.02,181.02,NoButton,Drag,471,596
181.037,181.037,NoButton,Drag,467,597
181.053,181.053,NoButton,Drag,461,598
181.07,181.07,NoButton,Drag,457,600
181.087,181.087,NoButton,Drag,454,601
181.104,181.104,NoButton,Drag,452,602
181.12,181.12,NoButton,Drag,451,603
181.137,181.137,NoButton,Drag,449,604
181.154,181.154,NoButton,Drag,446,605
181.171,181.171,NoButton,Drag,445,606
181.188,181.188,NoButton,Drag,443,607
181.204,181.204,NoButton,Drag,442,608
181.221,181.221,NoButton,Drag,442,609
181.237,181.237,NoButton,Drag,442,610
181.254,181.254,NoButton,Drag,442,611
181.271,181.271,NoButton,Drag,443,612
181.288,181.288,NoButton,Drag,444,613
181.305,181.305,NoButton,Drag,448,615
181.321,181.321,NoButton,Drag,453,616
181.338,181.338,NoButton,Drag,462,617
181.355,181.355,NoButton,Drag,469,619
181.371,181.371,NoButton,Drag,477,621
181.389,181.389,NoButton,Drag,487,623
181.405,181.405,NoButton,Drag,494,624
181.421,181.421,NoButton,Drag,501,625
181.438,181.438,NoButton,Drag,508,627
181.455,181.455,NoButton,Drag,515,627
181.471,181.471,NoButton,Drag,523,627
181.489,181.489,NoButton,Drag,530,627
181.505,181.505,NoButton,Drag,536,627
181.521,181.521,NoButton,Drag,541,627
181.539,181.539,NoButton,Drag,547,627
181.555,181.555,NoButton,Drag,552,626
181.572,181.572,NoButton,Drag,559,625
181.588,181.588,NoButton,Drag,564,624
181.605,181.605,NoButton,Drag,570,624
181.622,181.622,NoButton,Drag,575,624
181.639,181.639,NoButton,Drag,579,624
181.655,181.655,NoButton,Drag,583,624
181.672,181.672,NoButton,Drag,587,624
181.689,181.689,NoButton,Drag,589,624
181.706,181.706,NoButton,Drag,592,624
181.723,181.723,NoButton,Drag,593,624
181.739,181.739,NoButton,Drag,595,624
181.756,181.756,NoButton,Drag,596,624
181.772,181.772,NoButton,Drag,596,624
181.819,181.819,NoButton,Drag,596,624
181.859,181.859,NoButton,Drag,596,624
181.867,181.867,NoButton,Drag,597,624
181.966,181.966,NoButton,Drag,597,624
181.973,181.973,NoButton,Drag,597,624
181.989,181.989,NoButton,Drag,600,624
182.006,182.006,NoButton,Drag,607,625
182.022,182.022,NoButton,Drag,615,626
182.039,182.039,NoButton,Drag,622,626
182.055,182.055,NoButton,Drag,626,626
182.073,182.073,NoButton,Drag,629,625
182.089,182.089,NoButton,Drag,629,625
182.105,182.105,NoButton,Drag,630,625
182.17,182.17,NoButton,Drag,630,625
182.177,182.177,NoButton,Drag,630,625
182.189,182.189,NoButton,Drag,630,624
182.206,182.206,NoButton,Drag,630,623
182.223,182.223,NoButton,Drag,632,621
182.24,182.24,NoButton,Drag,633,619
182.256,182.256,NoButton,Drag,634,617
182.272,182.272,NoButton,Drag,636,614
182.289,182.289,NoButton,Drag,638,610
182.305,182.305,NoButton,Drag,639,608
182.322,182.322,NoButton,Drag,640,607
182.339,182.339,NoButton,Drag,640,607
182.394,182.394,NoButton,Drag,640,607
182.434,182.434,Left,Pressed,640,607
182.576,182.576,Left,Released,640,607
182.577,182.577,NoButton,Drag,640,607
182.591,182.591,NoButton,Drag,640,606
182.607,182.607,NoButton,Drag,639,605
182.624,182.624,NoButton,Drag,638,605
182.639,182.639,NoButton,Drag,636,605
182.656,182.656,NoButton,Drag,632,606
182.674,182.674,NoButton,Drag,629,608
182.69,182.69,NoButton,Drag,626,611
182.707,182.707,NoButton,Drag,621,614
182.724,182.724,NoButton,Drag,614,618
182.74,182.74,NoButton,Drag,607,622
182.758,182.758,NoButton,Drag,597,625
182.775,182.775,NoButton,Drag,584,628
182.791,182.791,NoButton,Drag,564,632
182.808,182.808,NoButton,Drag,546,633
182.826,182.826,NoButton,Drag,530,636
182.841,182.841,NoButton,Drag,518,639
182.858,182.858,NoButton,Drag,510,641
182.875,182.875,NoButton,Drag,501,643
182.891,182.891,NoButton,Drag,492,645
182.909,182.909,NoButton,Drag,486,647
182.925,182.925,NoButton,Drag,481,648
182.942,182.942,NoButton,Drag,478,650
182.959,182.959,NoButton,Drag,474,651
182.975,182.975,NoButton,Drag,470,654
182.992,182.992,NoButton,Drag,468,655
183.009,183.009,NoButton,Drag,466,656
183.029,183.029,NoButton,Drag,465,657
183.063,183.063,NoButton,Drag,465,657
183.075,183.075,NoButton,Drag,465,658
183.087,183.087,NoButton,Drag,465,658
183.094,183.094,NoButton,Drag,466,658
183.112,183.112,NoButton,Drag,467,658
183.128,183.128,NoButton,Drag,471,658
183.145,183.145,NoButton,Drag,476,658
183.161,183.161,NoButton,Drag,483,658
183.178,183.178,NoButton,Drag,490,658
183.196,183.196,NoButton,Drag,497,658
183.211,183.211,NoButton,Drag,505,658
183.228,183.228,NoButton,Drag,513,658
183.234,183.234,NoButton,Drag,515,658
183.246,183.246,Left,Pressed,515,658
183.247,183.247,NoButton,Drag,525,659
183.249,183.249,NoButton,Drag,527,659
183.253,183.253,NoButton,Drag,529,660
183.257,183.257,NoButton,Drag,531,660
183.261,183.261,NoButton,Drag,534,660
183.265,183.265,NoButton,Drag,536,661
183.269,183.269,NoButton,Drag,538,661
183.273,183.273,NoButton,Drag,540,661
183.277,183.277,NoButton,Drag,542,661
183.281,183.281,NoButton,Drag,544,661
183.285,183.285,NoButton,Drag,546,662
183.289,183.289,NoButton,Drag,548,662
183.293,183.293,NoButton,Drag,550,662
183.297,183.297,NoButton,Drag,551,662
183.301,183.301,NoButton,Drag,553,662
183.305,183.305,NoButton,Drag,555,662
183.309,183.309,NoButton,Drag,556,662
183.313,183.313,NoButton,Drag,558,662
183.317,183.317,NoButton,Drag,560,662
183.321,183.321,NoButton,Drag,561,662
183.325,183.325,NoButton,Drag,563,662
183.329,183.329,NoButton,Drag,565,663
183.333,183.333,NoButton,Drag,566,663
183.337,183.337,NoButton,Drag,568,663
183.341,183.341,NoButton,Drag,569,663
183.345,183.345,NoButton,Drag,571,663
183.349,183.349,NoButton,Drag,572,663
183.353,183.353,NoButton,Drag,573,663
183.357,183.357,NoButton,Drag,574,663
183.361,183.361,NoButton,Drag,576,663
183.365,183.365,NoButton,Drag,577,663
183.369,183.369,NoButton,Drag,578,663
183.373,183.373,NoButton,Drag,579,663
183.377,183.377,NoButton,Drag,580,663
183.381,183.381,NoButton,Drag,581,663
183.385,183.385,NoButton,Drag,583,663
183.389,183.389,NoButton,Drag,584,663
183.393,183.393,NoButton,Drag,585,663
183.397,183.397,NoButton,Drag,586,663
183.401,183.401,NoButton,Drag,587,663
183.405,183.405,NoButton,Drag,588,663
183.409,183.409,NoButton,Drag,590,663
183.413,183.413,NoButton,Drag,591,663
183.417,183.417,NoButton,Drag,592,663
183.421,183.421,NoButton,Drag,593,663
183.425,183.425,NoButton,Drag,594,663
183.429,183.429,NoButton,Drag,596,663
183.433,183.433,NoButton,Drag,597,662
183.437,183.437,NoButton,Drag,599,662
183.442,183.442,Left,Released,599,662
183.442,183.442,NoButton,Drag,600,662
183.447,183.447,NoButton,Drag,601,661
183.464,183.464,NoButton,Drag,607,660
183.481,183.481,NoButton,Drag,613,659
183.497,183.497,NoButton,Drag,618,658
183.514,183.514,NoButton,Drag,624,656
183.531,183.531,NoButton,Drag,628,656
183.547,183.547,NoButton,Drag,632,656
183.563,183.563,NoButton,Drag,637,656
183.581,183.581,NoButton,Drag,643,654
183.597,183.597,NoButton,Drag,648,654
183.614,183.614,NoButton,Drag,652,654
183.63,183.63,NoButton,Drag,655,654
183.647,183.647,NoButton,Drag,659,654
183.664,183.664,NoButton,Drag,662,655
183.681,183.681,NoButton,Drag,666,655
183.698,183.698,NoButton,Drag,669,655
183.715,183.715,NoButton,Drag,674,656
183.732,183.732,NoButton,Drag,681,656
183.747,183.747,NoButton,Drag,687,656
183.766,183.766,NoButton,Drag,693,656
183.783,183.783,NoButton,Drag,699,656
183.8,183.8,NoButton,Drag,706,656
183.817,183.817,NoButton,Drag,710,656
183.833,183.833,NoButton,Drag,714,656
183.85,183.85,NoButton,Drag,717,655
183.867,183.867,NoButton,Drag,720,655
183.883,183.883,NoButton,Drag,722,655
183.9,183.9,NoButton,Drag,724,655
183.916,183.916,NoButton,Drag,727,655
183.933,183.933,NoButton,Drag,728,656
183.95,183.95,NoButton,Drag,729,657
183.968,183.968,NoButton,Drag,730,659
183.984,183.984,NoButton,Drag,731,660
184.001,184.001,NoButton,Drag,732,662
184.018,184.018,NoButton,Drag,733,664
184.034,184.034,NoButton,Drag,734,666
184.051,184.051,NoButton,Drag,735,667
184.068,184.068,NoButton,Drag,735,668
184.085,184.085,NoButton,Drag,735,668
184.102,184.102,NoButton,Drag,736,669
184.119,184.119,NoButton,Drag,737,670
184.134,184.134,NoButton,Drag,738,671
184.151,184.151,NoButton,Drag,739,672
184.168,184.168,NoButton,Drag,740,672
184.185,184.185,NoButton,Drag,741,672
184.202,184.202,NoButton,Drag,742,672
184.218,184.218,NoButton,Drag,742,672
184.235,184.235,NoButton,Drag,743,672
184.252,184.252,NoButton,Drag,743,670
184.268,184.268,NoButton,Drag,744,670
184.285,184.285,NoButton,Drag,745,669
184.302,184.302,NoButton,Drag,745,667
184.318,184.318,NoButton,Drag,746,666
184.335,184.335,NoButton,Drag,746,665
184.351,184.351,NoButton,Drag,746,664
184.369,184.369,NoButton,Drag,747,664
184.401,184.401,NoButton,Drag,747,664
184.425,184.425,NoButton,Drag,747,664
184.458,184.458,Left,Pressed,747,664
184.546,184.546,Left,Released,747,664
184.573,184.573,NoButton,Drag,747,663
184.581,184.581,NoButton,Drag,747,663
184.589,184.589,NoButton,Drag,746,663
184.602,184.602,NoButton,Drag,746,663
184.619,184.619,NoButton,Drag,746,662
184.635,184.635,NoButton,Drag,746,662
184.71,184.71,NoButton,Drag,746,662
184.714,184.714,NoButton,Drag,745,662
184.718,184.718,NoButton,Drag,745,662
184.735,184.735,NoButton,Drag,744,662
184.754,184.754,NoButton,Drag,743,663
184.771,184.771,NoButton,Drag,741,664
184.787,184.787,NoButton,Drag,739,665
184.805,184.805,NoButton,Drag,737,666
184.821,184.821,NoButton,Drag,735,666
184.838,184.838,NoButton,Drag,733,668
184.854,184.854,NoButton,Drag,731,669
184.871,184.871,NoButton,Drag,731,669
184.888,184.888,NoButton,Drag,730,669
184.907,184.907,NoButton,Drag,730,670
184.935,184.935,NoButton,Drag,730,670
184.939,184.939,NoButton,Drag,731,670
184.954,184.954,NoButton,Drag,732,670
184.971,184.971,NoButton,Drag,734,669
184.988,184.988,NoButton,Drag,737,668
185.007,185.007,NoButton,Drag,741,667
185.024,185.024,NoButton,Drag,743,666
185.04,185.04,NoButton,Drag,745,665
185.057,185.057,NoButton,Drag,746,664
185.074,185.074,NoButton,Drag,748,664
185.091,185.091,NoButton,Drag,749,663
185.107,185.107,NoButton,Drag,749,663
185.192,185.192,NoButton,Drag,749,663
185.195,185.195,NoButton,Drag,749,663
185.207,185.207,NoButton,Drag,748,664
185.225,185.225,NoButton,Drag,743,665
185.241,185.241,NoButton,Drag,735,666
185.261,185.261,NoButton,Drag,723,668
185.278,185.278,NoButton,Drag,716,671
185.294,185.294,NoButton,Drag,710,674
185.311,185.311,NoButton,Drag,705,678
185.328,185.328,NoButton,Drag,697,683
185.345,185.345,NoButton,Drag,688,686
185.362,185.362,NoButton,Drag,675,689
185.378,185.378,NoButton,Drag,663,692
185.394,185.394,NoButton,Drag,651,695
185.412,185.412,NoButton,Drag,638,698
185.429,185.429,NoButton,Drag,626,701
185.445,185.445,NoButton,Drag,614,704
185.461,185.461,NoButton,Drag,601,707
185.478,185.478,NoButton,Drag,592,709
185.495,185.495,NoButton,Drag,584,711
185.515,185.515,NoButton,Drag,575,713
185.532,185.532,NoButton,Drag,567,713
185.548,185.548,NoButton,Drag,557,713
185.565,185.565,NoButton,Drag,546,711
185.582,185.582,NoButton,Drag,530,707
185.598,185.598,NoButton,Drag,516,703
185.615,185.615,NoButton,Drag,503,700
185.632,185.632,NoButton,Drag,496,699
185.649,185.649,NoButton,Drag,495,699
185.665,185.665,NoButton,Drag,495,699
185.682,185.682,NoButton,Drag,496,702
185.698,185.698,NoButton,Drag,503,706
185.715,185.715,NoButton,Drag,519,710
185.732,185.732,NoButton,Drag,545,716
185.748,185.748,NoButton,Drag,570,722
185.765,185.765,NoButton,Drag,596,725
185.781,185.781,NoButton,Drag,615,725
185.798,185.798,NoButton,Drag,633,725
185.815,185.815,NoButton,Drag,642,725
185.831,185.831,NoButton,Drag,651,724
185.848,185.848,NoButton,Drag,659,724
185.865,185.865,NoButton,Drag,665,724
185.881,185.881,NoButton,Drag,668,725
185.899,185.899,NoButton,Drag,670,726
185.916,185.916,NoButton,Drag,671,726
185.932,185.932,NoButton,Drag,671,727
185.949,185.949,NoButton,Drag,672,728
185.975,185.975,NoButton,Drag,672,728
185.982,185.982,NoButton,Drag,672,728
185.998,185.998,NoButton,Drag,669,729
186.015,186.015,NoButton,Drag,664,730
186.031,186.031,NoButton,Drag,655,733
186.048,186.048,NoButton,Drag,646,735
186.064,186.064,NoButton,Drag,640,739
186.082,186.082,NoButton,Drag,633,741
186.098,186.098,NoButton,Drag,622,744
186.114,186.114,NoButton,Drag,612,744
186.131,186.131,NoButton,Drag,600,745
186.148,186.148,NoButton,Drag,582,745
186.165,186.165,NoButton,Drag,572,745
186.181,186.181,NoButton,Drag,566,747
186.199,186.199,NoButton,Drag,562,748
186.215,186.215,NoButton,Drag,558,749
186.231,186.231,NoButton,Drag,551,750
186.248,186.248,NoButton,Drag,545,749
186.264,186.264,NoButton,Drag,538,746
186.281,186.281,NoButton,Drag,533,744
186.297,186.297,NoButton,Drag,525,742
186.315,186.315,NoButton,Drag,519,740
186.331,186.331,NoButton,Drag,516,739
186.348,186.348,NoButton,Drag,512,737
186.364,186.364,NoButton,Drag,511,737
186.399,186.399,NoButton,Drag,511,737
186.403,186.403,NoButton,Drag,511,737
186.415,186.415,NoButton,Drag,513,737
186.432,186.432,NoButton,Drag,523,737
186.448,186.448,NoButton,Drag,539,739
186.465,186.465,NoButton,Drag,560,742
186.482,186.482,NoButton,Drag,579,747
186.498,186.498,NoButton,Drag,592,750
186.515,186.515,NoButton,Drag,605,753
186.531,186.531,NoButton,Drag,611,754
186.549,186.549,NoButton,Drag,612,754
186.565,186.565,NoButton,Drag,612,754
186.582,186.582,NoButton,Drag,609,755
186.599,186.599,NoButton,Drag,606,756
186.615,186.615,NoButton,Drag,602,757
186.632,186.632,NoButton,Drag,598,758
186.649,186.649,NoButton,Drag,591,760
186.666,186.666,NoButton,Drag,587,761
186.682,186.682,NoButton,Drag,584,761
186.698,186.698,NoButton,Drag,576,765
186.716,186.716,NoButton,Drag,571,767
186.733,186.733,NoButton,Drag,569,769
186.748,186.748,NoButton,Drag,566,773
186.765,186.765,NoButton,Drag,565,774
186.782,186.782,NoButton,Drag,564,775
186.958,186.958,NoButton,Drag,564,775
187.104,187.104,NoButton,Drag,565,775
187.107,187.107,NoButton,Drag,565,775
187.116,187.116,NoButton,Drag,565,776
187.139,187.139,NoButton,Drag,565,776
187.167,187.167,NoButton,Drag,565,776
187.171,187.171,NoButton,Drag,565,776
187.408,187.408,NoButton,Drag,566,776
187.65,187.65,NoButton,Drag,566,777
187.682,187.682,NoButton,Drag,566,777
187.685,187.685,NoButton,Drag,566,777
187.73,187.73,NoButton,Drag,566,775
187.733,187.733,NoButton,Drag,566,771
187.749,187.749,NoButton,Drag,555,740
187.765,187.765,NoButton,Drag,530,650
187.782,187.782,NoButton,Drag,519,602
187.8,187.8,NoButton,Drag,518,581
187.816,187.816,NoButton,Drag,518,559
187.833,187.833,NoButton,Drag,518,543
187.849,187.849,NoButton,Drag,516,532
187.865,187.865,NoButton,Drag,516,523
187.882,187.882,NoButton,Drag,516,520
187.913,187.913,NoButton,Drag,516,520
187.925,187.925,NoButton,Drag,516,520
187.932,187.932,NoButton,Drag,515,520
187.95,187.95,NoButton,Drag,512,528
187.966,187.966,NoButton,Drag,506,541
187.983,187.983,NoButton,Drag,497,558
187.999,187.999,NoButton,Drag,489,576
188.017,188.017,NoButton,Drag,484,593
188.034,188.034,NoButton,Drag,478,617
188.051,188.051,NoButton,Drag,473,635
188.067,188.067,NoButton,Drag,469,651
188.085,188.085,NoButton,Drag,466,663
188.1,188.1,NoButton,Drag,466,671
188.118,188.118,NoButton,Drag,467,680
188.134,188.134,NoButton,Drag,469,686
188.15,188.15,NoButton,Drag,472,692
188.168,188.168,NoButton,Drag,476,698
188.184,188.184,NoButton,Drag,482,706
188.201,188.201,NoButton,Drag,489,715
188.218,188.218,NoButton,Drag,497,726
188.235,188.235,NoButton,Drag,503,733
188.253,188.253,NoButton,Drag,509,741
188.269,188.269,NoButton,Drag,512,747
188.286,188.286,NoButton,Drag,515,753
188.303,188.303,NoButton,Drag,516,759
188.32,188.32,NoButton,Drag,517,765
188.337,188.337,NoButton,Drag,517,770
188.354,188.354,NoButton,Drag,516,775
188.371,188.371,NoButton,Drag,515,781
188.387,188.387,NoButton,Drag,513,786
188.404,188.404,NoButton,Drag,511,793
188.42,188.42,NoButton,Drag,508,798
188.437,188.437,NoButton,Drag,506,802
188.453,188.453,NoButton,Drag,504,806
188.47,188.47,NoButton,Drag,500,810
188.488,188.488,NoButton,Drag,497,814
188.506,188.506,NoButton,Drag,494,818
188.523,188.523,NoButton,Drag,491,821
188.539,188.539,NoButton,Drag,489,824
188.556,188.556,NoButton,Drag,485,827
188.573,188.573,NoButton,Drag,484,829
188.589,188.589,NoButton,Drag,483,829
188.605,188.605,NoButton,Drag,483,830
188.736,188.736,NoButton,Drag,483,830
188.739,188.739,NoButton,Drag,483,830
188.757,188.757,NoButton,Drag,482,828
188.773,188.773,NoButton,Drag,481,827
188.79,188.79,NoButton,Drag,480,826
188.813,188.813,NoButton,Drag,480,826
188.834,188.834,Left,Pressed,480,826
188.958,188.958,Left,Released,480,826
