record timestamp,client timestamp,button,state,x,y
0.103,0.103,NoButton,Move,387,703
0.328,0.328,NoButton,Move,387,728
0.339,0.339,NoButton,Move,378,721
0.356,0.356,NoButton,Move,378,720
0.372,0.372,NoButton,Move,378,720
0.389,0.389,NoButton,Move,378,720
0.405,0.405,NoButton,Move,378,719
0.422,0.422,NoButton,Move,378,719
0.438,0.438,NoButton,Move,377,718
0.455,0.455,NoButton,Move,377,717
0.472,0.472,NoButton,Move,377,716
0.488,0.488,NoButton,Move,377,715
0.505,0.505,NoButton,Move,377,714
0.522,0.522,NoButton,Move,377,713
0.538,0.538,NoButton,Move,377,711
0.556,0.556,NoButton,Move,379,708
0.572,0.572,NoButton,Move,381,705
0.588,0.588,NoButton,Move,385,700
0.605,0.605,NoButton,Move,391,694
0.623,0.623,NoButton,Move,401,687
0.639,0.639,NoButton,Move,415,681
0.655,0.655,NoButton,Move,430,675
0.672,0.672,NoButton,Move,446,671
0.689,0.689,NoButton,Move,461,667
0.705,0.705,NoButton,Move,479,661
0.722,0.722,NoButton,Move,496,657
0.739,0.739,NoButton,Move,514,654
0.755,0.755,NoButton,Move,536,654
0.772,0.772,NoButton,Move,560,655
0.789,0.789,NoButton,Move,585,660
0.805,0.805,NoButton,Move,615,668
0.822,0.822,NoButton,Move,639,675
0.838,0.838,NoButton,Move,663,683
0.855,0.855,NoButton,Move,693,692
0.872,0.872,NoButton,Move,725,698
0.889,0.889,NoButton,Move,767,701
0.906,0.906,NoButton,Move,802,701
0.922,0.922,NoButton,Move,839,701
0.938,0.938,NoButton,Move,877,699
0.955,0.955,NoButton,Move,926,693
0.972,0.972,NoButton,Move,964,686
0.989,0.989,NoButton,Move,995,679
1.006,1.006,NoButton,Move,1020,672
1.022,1.022,NoButton,Move,1045,665
1.038,1.038,NoButton,Move,1066,659
1.055,1.055,NoButton,Move,1087,654
1.071,1.071,NoButton,Move,1099,652
1.088,1.088,NoButton,Move,1105,651
1.106,1.106,NoButton,Move,1106,650
1.131,1.131,NoButton,Move,1106,650
1.139,1.139,NoButton,Move,1106,651
1.155,1.155,NoButton,Move,1106,654
1.172,1.172,NoButton,Move,1105,659
1.189,1.189,NoButton,Move,1105,667
1.206,1.206,NoButton,Move,1107,680
1.222,1.222,NoButton,Move,1112,697
1.238,1.238,NoButton,Move,1121,714
1.255,1.255,NoButton,Move,1136,736
1.272,1.272,NoButton,Move,1149,751
1.288,1.288,NoButton,Move,1157,762
1.305,1.305,NoButton,Move,1162,769
1.322,1.322,NoButton,Move,1164,771
1.339,1.339,NoButton,Move,1164,772
1.537,1.537,NoButton,Move,1164,772
1.545,1.545,NoButton,Move,1163,772
1.555,1.555,NoButton,Move,1163,771
1.572,1.572,NoButton,Move,1158,770
1.588,1.588,NoButton,Move,1150,768
1.605,1.605,NoButton,Move,1138,765
1.622,1.622,NoButton,Move,1131,763
1.639,1.639,NoButton,Move,1127,762
1.656,1.656,NoButton,Move,1127,762
1.762,1.762,Left,Pressed,1127,762
1.797,1.797,NoButton,Drag,1127,762
1.869,1.869,Left,Released,1127,762
1.957,1.957,NoButton,Move,1126,762
1.961,1.961,NoButton,Move,1126,762
1.972,1.972,NoButton,Move,1126,762
1.988,1.988,NoButton,Move,1125,762
2.005,2.005,NoButton,Move,1122,762
2.022,2.022,NoButton,Move,1119,762
2.039,2.039,NoButton,Move,1115,761
2.055,2.055,NoButton,Move,1110,759
2.072,2.072,NoButton,Move,1102,757
2.088,2.088,NoButton,Move,1091,752
2.106,2.106,NoButton,Move,1077,744
2.123,2.123,NoButton,Move,1057,732
2.138,2.138,NoButton,Move,1033,718
2.155,2.155,NoButton,Move,998,694
2.172,2.172,NoButton,Move,960,665
2.189,2.189,NoButton,Move,915,633
2.206,2.206,NoButton,Move,863,598
2.222,2.222,NoButton,Move,807,563
2.238,2.238,NoButton,Move,747,526
2.255,2.255,NoButton,Move,677,483
2.273,2.273,NoButton,Move,635,455
2.288,2.288,NoButton,Move,608,435
2.305,2.305,NoButton,Move,587,419
2.322,2.322,NoButton,Move,569,405
2.338,2.338,NoButton,Move,551,393
2.355,2.355,NoButton,Move,530,379
2.372,2.372,NoButton,Move,514,371
2.388,2.388,NoButton,Move,503,365
2.405,2.405,NoButton,Move,495,360
2.422,2.422,NoButton,Move,492,357
2.438,2.438,NoButton,Move,490,355
2.455,2.455,NoButton,Move,489,351
2.472,2.472,NoButton,Move,489,345
2.489,2.489,NoButton,Move,490,334
2.505,2.505,NoButton,Move,494,320
2.521,2.521,NoButton,Move,498,304
2.538,2.538,NoButton,Move,503,284
2.555,2.555,NoButton,Move,509,260
2.572,2.572,NoButton,Move,514,239
2.589,2.589,NoButton,Move,518,221
2.605,2.605,NoButton,Move,522,203
2.622,2.622,NoButton,Move,524,183
2.638,2.638,NoButton,Move,525,167
2.655,2.655,NoButton,Move,525,153
2.672,2.672,NoButton,Move,525,138
2.688,2.688,NoButton,Move,525,124
2.705,2.705,NoButton,Move,525,110
2.722,2.722,NoButton,Move,525,101
2.738,2.738,NoButton,Move,525,96
2.755,2.755,NoButton,Move,525,95
2.772,2.772,NoButton,Move,525,95
2.849,2.849,NoButton,Move,525,95
2.853,2.853,NoButton,Move,525,95
2.857,2.857,NoButton,Move,525,95
2.872,2.872,NoButton,Move,525,98
2.889,2.889,NoButton,Move,526,104
2.905,2.905,NoButton,Move,528,112
2.922,2.922,NoButton,Move,531,121
2.939,2.939,NoButton,Move,531,132
2.955,2.955,NoButton,Move,531,143
2.972,2.972,NoButton,Move,531,151
2.988,2.988,NoButton,Move,531,158
3.005,3.005,NoButton,Move,529,163
3.022,3.022,NoButton,Move,529,164
3.129,3.129,Left,Pressed,529,164
3.231,3.231,Left,Released,529,164
3.259,3.259,NoButton,Move,529,164
3.291,3.291,NoButton,Move,529,164
3.307,3.307,NoButton,Move,529,164
3.322,3.322,NoButton,Move,528,166
3.338,3.338,NoButton,Move,528,169
3.355,3.355,NoButton,Move,525,179
3.372,3.372,NoButton,Move,523,186
3.388,3.388,NoButton,Move,520,193
3.406,3.406,NoButton,Move,517,200
3.422,3.422,NoButton,Move,513,207
3.438,3.438,NoButton,Move,511,214
3.455,3.455,NoButton,Move,511,219
3.472,3.472,NoButton,Move,514,223
3.489,3.489,NoButton,Move,522,228
3.505,3.505,NoButton,Move,538,232
3.522,3.522,NoButton,Move,561,237
3.538,3.538,NoButton,Move,586,241
3.555,3.555,NoButton,Move,617,244
3.572,3.572,NoButton,Move,635,247
3.589,3.589,NoButton,Move,650,249
3.606,3.606,NoButton,Move,661,252
3.622,3.622,NoButton,Move,671,254
3.638,3.638,NoButton,Move,681,257
3.655,3.655,NoButton,Move,691,261
3.671,3.671,NoButton,Move,698,264
3.688,3.688,NoButton,Move,704,267
3.706,3.706,NoButton,Move,709,270
3.722,3.722,NoButton,Move,713,272
3.738,3.738,NoButton,Move,715,273
3.755,3.755,NoButton,Move,719,276
3.772,3.772,NoButton,Move,723,278
3.788,3.788,NoButton,Move,726,280
3.806,3.806,NoButton,Move,730,283
3.822,3.822,NoButton,Move,732,286
3.839,3.839,NoButton,Move,737,288
3.856,3.856,NoButton,Move,744,293
3.872,3.872,NoButton,Move,757,301
3.888,3.888,NoButton,Move,772,307
3.905,3.905,NoButton,Move,787,312
3.922,3.922,NoButton,Move,797,315
3.938,3.938,NoButton,Move,803,316
3.955,3.955,NoButton,Move,806,317
4.013,4.013,NoButton,Move,806,317
4.037,4.037,NoButton,Move,806,317
4.041,4.041,NoButton,Move,806,317
4.094,4.094,NoButton,Move,805,317
4.105,4.105,NoButton,Move,805,317
4.154,4.154,Left,Pressed,805,317
4.169,4.169,NoButton,Drag,805,317
4.181,4.181,NoButton,Drag,805,317
4.241,4.241,NoButton,Drag,805,318
4.277,4.277,Left,Released,805,318
4.297,4.297,NoButton,Move,805,318
4.305,4.305,NoButton,Move,805,318
4.309,4.309,NoButton,Move,805,318
4.322,4.322,NoButton,Move,805,320
4.338,4.338,NoButton,Move,803,325
4.355,4.355,NoButton,Move,798,335
4.372,4.372,NoButton,Move,794,346
4.389,4.389,NoButton,Move,789,361
4.406,4.406,NoButton,Move,784,378
4.422,4.422,NoButton,Move,779,394
4.438,4.438,NoButton,Move,775,411
4.455,4.455,NoButton,Move,769,432
4.472,4.472,NoButton,Move,765,449
4.488,4.488,NoButton,Move,759,468
4.506,4.506,NoButton,Move,752,490
4.522,4.522,NoButton,Move,746,515
4.538,4.538,NoButton,Move,739,541
4.555,4.555,NoButton,Move,733,580
4.571,4.571,NoButton,Move,738,606
4.588,4.588,NoButton,Move,755,631
4.605,4.605,NoButton,Move,780,649
4.622,4.622,NoButton,Move,809,662
4.638,4.638,NoButton,Move,845,669
4.655,4.655,NoButton,Move,890,670
4.672,4.672,NoButton,Move,928,664
4.689,4.689,NoButton,Move,967,654
4.706,4.706,NoButton,Move,1000,644
4.722,4.722,NoButton,Move,1025,638
4.738,4.738,NoButton,Move,1045,632
4.755,4.755,NoButton,Move,1060,628
4.772,4.772,NoButton,Move,1065,627
4.789,4.789,NoButton,Move,1067,626
4.806,4.806,NoButton,Move,1070,626
4.822,4.822,NoButton,Move,1075,628
4.838,4.838,NoButton,Move,1082,634
4.855,4.855,NoButton,Move,1094,641
4.872,4.872,NoButton,Move,1102,646
4.888,4.888,NoButton,Move,1106,650
4.905,4.905,NoButton,Move,1110,652
4.922,4.922,NoButton,Move,1111,653
4.938,4.938,NoButton,Move,1112,654
4.955,4.955,NoButton,Move,1112,655
4.972,4.972,NoButton,Move,1112,655
4.989,4.989,NoButton,Move,1112,656
5.005,5.005,NoButton,Move,1112,656
5.006,5.006,Left,Pressed,1112,656
5.117,5.117,Left,Released,1112,656
5.153,5.153,NoButton,Move,1112,656
5.157,5.157,NoButton,Move,1112,656
5.161,5.161,NoButton,Move,1111,657
5.172,5.172,NoButton,Move,1110,657
5.188,5.188,NoButton,Move,1107,658
5.205,5.205,NoButton,Move,1102,661
5.222,5.222,NoButton,Move,1096,666
5.239,5.239,NoButton,Move,1087,673
5.256,5.256,NoButton,Move,1076,684
5.272,5.272,NoButton,Move,1062,693
5.288,5.288,NoButton,Move,1051,700
5.305,5.305,NoButton,Move,1035,708
5.322,5.322,NoButton,Move,1026,711
5.338,5.338,NoButton,Move,1014,713
5.356,5.356,NoButton,Move,996,713
5.372,5.372,NoButton,Move,968,709
5.388,5.388,NoButton,Move,930,701
5.406,5.406,NoButton,Move,875,688
5.422,5.422,NoButton,Move,828,674
5.439,5.439,NoButton,Move,781,660
5.456,5.456,NoButton,Move,729,641
5.472,5.472,NoButton,Move,676,623
5.488,5.488,NoButton,Move,626,606
5.505,5.505,NoButton,Move,573,590
5.522,5.522,NoButton,Move,542,582
5.538,5.538,NoButton,Move,518,575
5.555,5.555,NoButton,Move,494,568
5.572,5.572,NoButton,Move,477,564
5.589,5.589,NoButton,Move,462,561
5.606,5.606,NoButton,Move,449,558
5.622,5.622,NoButton,Move,439,555
5.638,5.638,NoButton,Move,428,552
5.655,5.655,NoButton,Move,413,549
5.672,5.672,NoButton,Move,399,545
5.689,5.689,NoButton,Move,386,541
5.706,5.706,NoButton,Move,375,538
5.722,5.722,NoButton,Move,366,534
5.738,5.738,NoButton,Move,359,531
5.755,5.755,NoButton,Move,352,526
5.773,5.773,NoButton,Move,349,523
5.789,5.789,NoButton,Move,342,516
5.805,5.805,NoButton,Move,334,508
5.822,5.822,NoButton,Move,324,500
5.838,5.838,NoButton,Move,315,490
5.856,5.856,NoButton,Move,302,478
5.872,5.872,NoButton,Move,292,470
5.888,5.888,NoButton,Move,281,462
5.905,5.905,NoButton,Move,270,454
5.922,5.922,NoButton,Move,261,449
5.938,5.938,NoButton,Move,255,445
5.955,5.955,NoButton,Move,253,445
5.973,5.973,NoButton,Move,253,445
6.003,6.003,NoButton,Move,253,445
6.011,6.011,NoButton,Move,252,445
6.023,6.023,NoButton,Move,252,445
6.039,6.039,NoButton,Move,252,446
6.056,6.056,NoButton,Move,252,446
6.072,6.072,NoButton,Move,252,447
6.088,6.088,NoButton,Move,252,447
6.097,6.097,NoButton,Move,252,448
6.106,6.106,Left,Pressed,252,448
6.106,6.106,NoButton,Drag,252,448
6.109,6.109,NoButton,Drag,252,448
6.113,6.113,NoButton,Drag,252,448
6.205,6.205,NoButton,Drag,252,449
6.213,6.213,Left,Released,252,449
6.245,6.245,NoButton,Move,252,449
6.255,6.255,NoButton,Move,252,449
6.273,6.273,NoButton,Move,253,449
6.288,6.288,NoButton,Move,255,449
6.305,6.305,NoButton,Move,258,449
6.322,6.322,NoButton,Move,261,450
6.339,6.339,NoButton,Move,266,453
6.355,6.355,NoButton,Move,272,457
6.371,6.371,NoButton,Move,281,461
6.388,6.388,NoButton,Move,292,464
6.405,6.405,NoButton,Move,306,467
6.422,6.422,NoButton,Move,320,471
6.438,6.438,NoButton,Move,340,473
6.456,6.456,NoButton,Move,365,474
6.472,6.472,NoButton,Move,395,474
6.488,6.488,NoButton,Move,430,472
6.505,6.505,NoButton,Move,480,462
6.522,6.522,NoButton,Move,525,448
6.538,6.538,NoButton,Move,574,430
6.556,6.556,NoButton,Move,626,409
6.572,6.572,NoButton,Move,673,388
6.588,6.588,NoButton,Move,708,365
6.605,6.605,NoButton,Move,747,332
6.622,6.622,NoButton,Move,774,308
6.638,6.638,NoButton,Move,797,286
6.655,6.655,NoButton,Move,819,264
6.672,6.672,NoButton,Move,832,250
6.689,6.689,NoButton,Move,841,239
6.705,6.705,NoButton,Move,846,233
6.722,6.722,NoButton,Move,848,230
6.738,6.738,NoButton,Move,848,229
6.779,6.779,NoButton,Move,848,229
6.783,6.783,NoButton,Move,848,228
6.789,6.789,NoButton,Move,848,228
6.806,6.806,NoButton,Move,850,227
6.822,6.822,NoButton,Move,852,225
6.838,6.838,NoButton,Move,855,223
6.855,6.855,NoButton,Move,858,221
6.872,6.872,NoButton,Move,864,217
6.888,6.888,NoButton,Move,871,213
6.906,6.906,NoButton,Move,882,206
6.922,6.922,NoButton,Move,895,198
6.938,6.938,NoButton,Move,908,190
6.955,6.955,NoButton,Move,920,182
6.972,6.972,NoButton,Move,926,176
6.988,6.988,NoButton,Move,929,173
7.006,7.006,NoButton,Move,930,172
7.022,7.022,NoButton,Move,930,172
7.136,7.136,Left,Pressed,930,172
7.139,7.139,NoButton,Drag,930,172
7.253,7.253,Left,Released,930,172
7.285,7.285,NoButton,Move,930,172
7.289,7.289,NoButton,Move,930,172
7.293,7.293,NoButton,Move,929,172
7.305,7.305,NoButton,Move,928,174
7.322,7.322,NoButton,Move,924,179
7.338,7.338,NoButton,Move,919,187
7.355,7.355,NoButton,Move,913,199
7.372,7.372,NoButton,Move,907,211
7.388,7.388,NoButton,Move,902,224
7.405,7.405,NoButton,Move,896,239
7.421,7.421,NoButton,Move,891,249
7.438,7.438,NoButton,Move,887,256
7.455,7.455,NoButton,Move,883,263
7.472,7.472,NoButton,Move,878,271
7.489,7.489,NoButton,Move,873,279
7.505,7.505,NoButton,Move,869,291
7.521,7.521,NoButton,Move,867,305
7.538,7.538,NoButton,Move,867,323
7.555,7.555,NoButton,Move,872,345
7.572,7.572,NoButton,Move,879,373
7.588,7.588,NoButton,Move,893,402
7.605,7.605,NoButton,Move,916,439
7.621,7.621,NoButton,Move,941,470
7.639,7.639,NoButton,Move,967,499
7.656,7.656,NoButton,Move,994,527
7.672,7.672,NoButton,Move,1016,551
7.688,7.688,NoButton,Move,1035,569
7.705,7.705,NoButton,Move,1057,586
7.721,7.721,NoButton,Move,1075,598
7.739,7.739,NoButton,Move,1094,610
7.755,7.755,NoButton,Move,1112,621
7.772,7.772,NoButton,Move,1133,634
7.788,7.788,NoButton,Move,1150,645
7.805,7.805,NoButton,Move,1166,657
7.821,7.821,NoButton,Move,1181,669
7.838,7.838,NoButton,Move,1195,683
7.855,7.855,NoButton,Move,1204,697
7.872,7.872,NoButton,Move,1208,708
7.889,7.889,NoButton,Move,1209,719
7.905,7.905,NoButton,Move,1208,728
7.922,7.922,NoButton,Move,1206,737
7.938,7.938,NoButton,Move,1202,744
7.955,7.955,NoButton,Move,1195,753
7.972,7.972,NoButton,Move,1188,759
7.988,7.988,NoButton,Move,1181,764
8.005,8.005,NoButton,Move,1175,766
8.022,8.022,NoButton,Move,1168,768
8.038,8.038,NoButton,Move,1163,769
8.055,8.055,NoButton,Move,1158,769
8.072,8.072,NoButton,Move,1155,769
8.089,8.089,NoButton,Move,1151,767
8.106,8.106,NoButton,Move,1148,763
8.122,8.122,NoButton,Move,1142,758
8.138,8.138,NoButton,Move,1133,749
8.155,8.155,NoButton,Move,1123,739
8.171,8.171,NoButton,Move,1116,732
8.189,8.189,NoButton,Move,1114,730
8.205,8.205,NoButton,Move,1113,728
8.222,8.222,NoButton,Move,1113,726
8.238,8.238,NoButton,Move,1113,724
8.255,8.255,NoButton,Move,1113,722
8.272,8.272,NoButton,Move,1113,721
8.288,8.288,NoButton,Move,1113,720
8.305,8.305,NoButton,Move,1113,719
8.322,8.322,NoButton,Move,1112,719
8.338,8.338,NoButton,Move,1112,718
8.356,8.356,NoButton,Move,1111,717
8.372,8.372,NoButton,Move,1111,716
8.389,8.389,NoButton,Move,1110,715
8.405,8.405,NoButton,Move,1109,713
8.422,8.422,NoButton,Move,1107,711
8.439,8.439,NoButton,Move,1105,709
8.456,8.456,NoButton,Move,1104,707
8.472,8.472,NoButton,Move,1104,706
8.489,8.489,NoButton,Move,1104,706
8.505,8.505,NoButton,Move,1104,705
8.549,8.549,NoButton,Move,1104,705
8.569,8.569,Left,Pressed,1104,705
8.585,8.585,NoButton,Drag,1104,705
8.693,8.693,Left,Released,1104,705
8.765,8.765,NoButton,Move,1103,705
8.773,8.773,NoButton,Move,1103,704
8.777,8.777,NoButton,Move,1103,704
8.788,8.788,NoButton,Move,1103,703
8.805,8.805,NoButton,Move,1103,701
8.822,8.822,NoButton,Move,1102,696
8.838,8.838,NoButton,Move,1102,688
8.856,8.856,NoButton,Move,1102,678
8.872,8.872,NoButton,Move,1102,664
8.888,8.888,NoButton,Move,1102,648
8.905,8.905,NoButton,Move,1097,625
8.921,8.921,NoButton,Move,1092,604
8.938,8.938,NoButton,Move,1084,585
8.955,8.955,NoButton,Move,1069,563
8.972,8.972,NoButton,Move,1051,544
8.989,8.989,NoButton,Move,1025,525
9.005,9.005,NoButton,Move,985,507
9.021,9.021,NoButton,Move,923,480
9.038,9.038,NoButton,Move,849,449
9.055,9.055,NoButton,Move,751,408
9.072,9.072,NoButton,Move,670,373
9.088,9.088,NoButton,Move,591,340
9.105,9.105,NoButton,Move,513,309
9.122,9.122,NoButton,Move,441,282
9.138,9.138,NoButton,Move,379,256
9.155,9.155,NoButton,Move,312,230
9.171,9.171,NoButton,Move,267,215
9.189,9.189,NoButton,Move,230,201
9.206,9.206,NoButton,Move,204,190
9.221,9.221,NoButton,Move,184,179
9.238,9.238,NoButton,Move,168,171
9.255,9.255,NoButton,Move,155,162
9.272,9.272,NoButton,Move,147,156
9.288,9.288,NoButton,Move,142,152
9.306,9.306,NoButton,Move,140,150
9.322,9.322,NoButton,Move,140,149
9.339,9.339,NoButton,Move,140,148
9.355,9.355,NoButton,Move,140,146
9.371,9.371,NoButton,Move,142,142
9.389,9.389,NoButton,Move,145,139
9.405,9.405,NoButton,Move,148,136
9.422,9.422,NoButton,Move,153,134
9.438,9.438,NoButton,Move,160,133
9.456,9.456,NoButton,Move,170,133
9.471,9.471,NoButton,Move,179,136
9.488,9.488,NoButton,Move,187,138
9.505,9.505,NoButton,Move,196,143
9.522,9.522,NoButton,Move,200,147
9.539,9.539,NoButton,Move,203,150
9.555,9.555,NoButton,Move,204,151
9.572,9.572,NoButton,Move,204,152
9.589,9.589,NoButton,Move,203,152
9.641,9.641,NoButton,Move,203,153
9.653,9.653,NoButton,Move,203,153
9.661,9.661,NoButton,Move,204,153
9.671,9.671,NoButton,Move,205,154
9.689,9.689,NoButton,Move,209,155
9.705,9.705,NoButton,Move,218,157
9.722,9.722,NoButton,Move,229,159
9.739,9.739,NoButton,Move,241,161
9.755,9.755,NoButton,Move,251,161
9.772,9.772,NoButton,Move,258,162
9.788,9.788,NoButton,Move,262,163
9.805,9.805,NoButton,Move,266,163
9.823,9.823,NoButton,Move,267,163
9.838,9.838,NoButton,Move,267,164
9.856,9.856,NoButton,Move,267,165
9.872,9.872,NoButton,Move,268,166
9.888,9.888,NoButton,Move,269,169
9.905,9.905,NoButton,Move,270,171
9.922,9.922,NoButton,Move,271,173
9.938,9.938,NoButton,Move,272,174
9.955,9.955,NoButton,Move,272,174
9.972,9.972,NoButton,Move,272,175
9.989,9.989,NoButton,Move,272,176
10.005,10.005,NoButton,Move,272,177
10.022,10.022,NoButton,Move,272,177
10.057,10.057,NoButton,Move,272,177
10.061,10.061,NoButton,Move,272,178
10.068,10.068,Left,Pressed,272,178
10.181,10.181,Left,Released,272,178
10.231,10.231,NoButton,Move,272,178
10.239,10.239,NoButton,Move,272,178
10.243,10.243,NoButton,Move,272,178
10.255,10.255,NoButton,Move,273,178
10.271,10.271,NoButton,Move,276,180
10.289,10.289,NoButton,Move,282,183
10.306,10.306,NoButton,Move,290,186
10.322,10.322,NoButton,Move,302,189
10.338,10.338,NoButton,Move,316,192
10.355,10.355,NoButton,Move,339,196
10.371,10.371,NoButton,Move,361,198
10.388,10.388,NoButton,Move,390,200
10.405,10.405,NoButton,Move,423,203
10.422,10.422,NoButton,Move,452,207
10.438,10.438,NoButton,Move,475,212
10.455,10.455,NoButton,Move,491,218
10.472,10.472,NoButton,Move,496,222
10.489,10.489,NoButton,Move,495,227
10.506,10.506,NoButton,Move,488,236
10.522,10.522,NoButton,Move,472,251
10.538,10.538,NoButton,Move,444,271
10.555,10.555,NoButton,Move,389,307
10.571,10.571,NoButton,Move,337,339
10.589,10.589,NoButton,Move,286,372
10.605,10.605,NoButton,Move,251,403
10.622,10.622,NoButton,Move,222,431
10.639,10.639,NoButton,Move,200,458
10.655,10.655,NoButton,Move,191,472
10.672,10.672,NoButton,Move,188,483
10.688,10.688,NoButton,Move,186,491
10.705,10.705,NoButton,Move,184,499
10.722,10.722,NoButton,Move,184,504
10.738,10.738,NoButton,Move,184,508
10.755,10.755,NoButton,Move,184,512
10.772,10.772,NoButton,Move,185,514
10.788,10.788,NoButton,Move,187,519
10.805,10.805,NoButton,Move,186,528
10.822,10.822,NoButton,Move,185,535
10.839,10.839,NoButton,Move,185,545
10.855,10.855,NoButton,Move,185,557
10.871,10.871,NoButton,Move,187,569
10.888,10.888,NoButton,Move,190,582
10.905,10.905,NoButton,Move,195,599
10.922,10.922,NoButton,Move,199,610
10.938,10.938,NoButton,Move,203,621
10.955,10.955,NoButton,Move,209,631
10.972,10.972,NoButton,Move,215,640
10.989,10.989,NoButton,Move,223,652
11.005,11.005,NoButton,Move,229,659
11.022,11.022,NoButton,Move,233,665
11.039,11.039,NoButton,Move,236,669
11.055,11.055,NoButton,Move,239,673
11.072,11.072,NoButton,Move,240,676
11.088,11.088,NoButton,Move,242,678
11.105,11.105,NoButton,Move,243,680
11.123,11.123,NoButton,Move,243,680
11.171,11.171,NoButton,Move,243,680
11.204,11.204,Left,Pressed,243,680
11.205,11.205,NoButton,Drag,243,680
11.323,11.323,Left,Released,243,680
11.332,11.332,NoButton,Move,244,680
11.339,11.339,NoButton,Move,243,680
11.355,11.355,NoButton,Move,244,680
11.372,11.372,NoButton,Move,244,679
11.388,11.388,NoButton,Move,246,677
11.405,11.405,NoButton,Move,248,675
11.422,11.422,NoButton,Move,252,671
11.438,11.438,NoButton,Move,256,666
11.455,11.455,NoButton,Move,262,660
11.472,11.472,NoButton,Move,264,655
11.488,11.488,NoButton,Move,267,651
11.505,11.505,NoButton,Move,270,647
11.521,11.521,NoButton,Move,274,642
11.538,11.538,NoButton,Move,281,637
11.555,11.555,NoButton,Move,297,628
11.572,11.572,NoButton,Move,318,621
11.588,11.588,NoButton,Move,344,614
11.605,11.605,NoButton,Move,383,605
11.622,11.622,NoButton,Move,430,594
11.638,11.638,NoButton,Move,484,583
11.655,11.655,NoButton,Move,555,572
11.672,11.672,NoButton,Move,616,568
11.688,11.688,NoButton,Move,679,568
11.706,11.706,NoButton,Move,738,568
11.722,11.722,NoButton,Move,807,568
11.739,11.739,NoButton,Move,855,568
11.756,11.756,NoButton,Move,901,573
11.772,11.772,NoButton,Move,943,579
11.788,11.788,NoButton,Move,983,587
11.805,11.805,NoButton,Move,1033,599
11.822,11.822,NoButton,Move,1071,611
11.839,11.839,NoButton,Move,1106,622
11.855,11.855,NoButton,Move,1141,635
11.871,11.871,NoButton,Move,1174,650
11.888,11.888,NoButton,Move,1207,665
11.905,11.905,NoButton,Move,1240,680
11.922,11.922,NoButton,Move,1263,690
11.938,11.938,NoButton,Move,1279,698
11.956,11.956,NoButton,Move,1290,704
11.972,11.972,NoButton,Move,1296,709
11.988,11.988,NoButton,Move,1299,712
12.005,12.005,NoButton,Move,1299,713
12.022,12.022,NoButton,Move,1299,714
12.039,12.039,NoButton,Move,1298,714
12.055,12.055,NoButton,Move,1295,714
12.072,12.072,NoButton,Move,1290,714
12.088,12.088,NoButton,Move,1280,711
12.105,12.105,NoButton,Move,1263,705
12.122,12.122,NoButton,Move,1247,700
12.138,12.138,NoButton,Move,1233,696
12.155,12.155,NoButton,Move,1219,693
12.172,12.172,NoButton,Move,1205,689
12.188,12.188,NoButton,Move,1192,686
12.205,12.205,NoButton,Move,1176,684
12.221,12.221,NoButton,Move,1166,683
12.238,12.238,NoButton,Move,1157,683
12.256,12.256,NoButton,Move,1151,683
12.272,12.272,NoButton,Move,1146,683
12.288,12.288,NoButton,Move,1143,683
12.305,12.305,NoButton,Move,1142,683
12.322,12.322,NoButton,Move,1142,683
12.339,12.339,NoButton,Move,1141,683
12.355,12.355,NoButton,Move,1141,683
12.372,12.372,NoButton,Move,1141,683
12.388,12.388,NoButton,Move,1139,682
12.406,12.406,NoButton,Move,1137,680
12.422,12.422,NoButton,Move,1133,678
12.438,12.438,NoButton,Move,1127,674
12.455,12.455,NoButton,Move,1118,667
12.472,12.472,NoButton,Move,1110,662
12.488,12.488,NoButton,Move,1102,657
12.505,12.505,NoButton,Move,1095,652
12.522,12.522,NoButton,Move,1092,650
12.538,12.538,NoButton,Move,1089,648
12.555,12.555,NoButton,Move,1089,648
12.604,12.604,Left,Pressed,1089,648
12.703,12.703,Left,Released,1089,648
12.771,12.771,NoButton,Move,1088,648
12.779,12.779,NoButton,Move,1088,648
12.789,12.789,NoButton,Move,1087,648
12.805,12.805,NoButton,Move,1085,648
12.822,12.822,NoButton,Move,1082,648
12.838,12.838,NoButton,Move,1078,649
12.855,12.855,NoButton,Move,1072,649
12.872,12.872,NoButton,Move,1066,649
12.888,12.888,NoButton,Move,1060,649
12.905,12.905,NoButton,Move,1052,648
12.921,12.921,NoButton,Move,1044,646
12.938,12.938,NoButton,Move,1033,644
12.955,12.955,NoButton,Move,1021,640
12.972,12.972,NoButton,Move,1007,634
12.988,12.988,NoButton,Move,991,628
13.005,13.005,NoButton,Move,969,614
13.021,13.021,NoButton,Move,952,602
13.039,13.039,NoButton,Move,936,590
13.055,13.055,NoButton,Move,919,578
13.072,13.072,NoButton,Move,904,563
13.088,13.088,NoButton,Move,891,550
13.105,13.105,NoButton,Move,882,538
13.121,13.121,NoButton,Move,877,529
13.138,13.138,NoButton,Move,873,521
13.155,13.155,NoButton,Move,871,513
13.172,13.172,NoButton,Move,867,507
13.188,13.188,NoButton,Move,864,502
13.205,13.205,NoButton,Move,862,498
13.222,13.222,NoButton,Move,860,494
13.239,13.239,NoButton,Move,859,492
13.255,13.255,NoButton,Move,858,489
13.272,13.272,NoButton,Move,856,487
13.289,13.289,NoButton,Move,855,485
13.305,13.305,NoButton,Move,855,484
13.322,13.322,NoButton,Move,855,482
13.338,13.338,NoButton,Move,854,481
13.355,13.355,NoButton,Move,854,480
13.372,13.372,NoButton,Move,854,479
13.388,13.388,NoButton,Move,854,477
13.405,13.405,NoButton,Move,854,475
13.421,13.421,NoButton,Move,854,472
13.438,13.438,NoButton,Move,854,469
13.455,13.455,NoButton,Move,853,466
13.472,13.472,NoButton,Move,853,463
13.488,13.488,NoButton,Move,852,459
13.505,13.505,NoButton,Move,849,454
13.521,13.521,NoButton,Move,847,449
13.538,13.538,NoButton,Move,844,444
13.555,13.555,NoButton,Move,842,440
13.571,13.571,NoButton,Move,842,438
13.589,13.589,NoButton,Move,842,438
13.606,13.606,NoButton,Move,842,438
13.639,13.639,NoButton,Move,842,437
13.668,13.668,Left,Pressed,842,437
13.703,13.703,NoButton,Drag,842,437
13.775,13.775,NoButton,Drag,842,437
13.871,13.871,Left,Released,842,437
13.939,13.939,NoButton,Move,842,437
13.947,13.947,NoButton,Move,841,437
14.081,14.081,NoButton,Move,841,437
14.093,14.093,NoButton,Move,841,437
14.105,14.105,NoButton,Move,840,438
14.121,14.121,NoButton,Move,837,438
14.138,14.138,NoButton,Move,832,440
14.155,14.155,NoButton,Move,824,442
14.172,14.172,NoButton,Move,809,446
14.188,14.188,NoButton,Move,792,450
14.205,14.205,NoButton,Move,762,457
14.221,14.221,NoButton,Move,738,463
14.239,14.239,NoButton,Move,713,469
14.256,14.256,NoButton,Move,690,476
14.272,14.272,NoButton,Move,674,480
14.288,14.288,NoButton,Move,662,485
14.305,14.305,NoButton,Move,652,490
14.322,14.322,NoButton,Move,646,493
14.339,14.339,NoButton,Move,643,496
14.355,14.355,NoButton,Move,641,498
14.372,14.372,NoButton,Move,640,498
14.388,14.388,NoButton,Move,640,498
14.409,14.409,NoButton,Move,640,498
14.422,14.422,NoButton,Move,639,498
14.438,14.438,NoButton,Move,638,498
14.456,14.456,NoButton,Move,636,498
14.472,14.472,NoButton,Move,631,498
14.488,14.488,NoButton,Move,624,496
14.505,14.505,NoButton,Move,610,495
14.521,14.521,NoButton,Move,598,493
14.538,14.538,NoButton,Move,588,492
14.555,14.555,NoButton,Move,581,491
14.572,14.572,NoButton,Move,575,490
14.588,14.588,NoButton,Move,570,489
14.605,14.605,NoButton,Move,566,489
14.622,14.622,NoButton,Move,564,488
14.638,14.638,NoButton,Move,563,488
14.655,14.655,NoButton,Move,562,488
14.735,14.735,NoButton,Move,562,488
14.763,14.763,Left,Pressed,562,488
14.767,14.767,NoButton,Drag,562,488
14.791,14.791,NoButton,Drag,562,488
14.803,14.803,NoButton,Drag,562,488
14.835,14.835,NoButton,Drag,562,487
14.843,14.843,NoButton,Drag,562,487
14.855,14.855,Left,Released,562,487
14.859,14.859,NoButton,Move,562,487
14.867,14.867,NoButton,Move,562,487
14.871,14.871,NoButton,Move,562,487
14.889,14.889,NoButton,Move,561,486
14.905,14.905,NoButton,Move,559,486
14.921,14.921,NoButton,Move,556,485
14.938,14.938,NoButton,Move,552,485
14.955,14.955,NoButton,Move,545,485
14.972,14.972,NoButton,Move,540,484
14.988,14.988,NoButton,Move,535,484
15.005,15.005,NoButton,Move,533,484
15.022,15.022,NoButton,Move,532,484
15.038,15.038,NoButton,Move,532,484
15.056,15.056,NoButton,Move,531,484
15.112,15.112,Left,Pressed,531,484
15.135,15.135,NoButton,Drag,531,484
15.155,15.155,NoButton,Drag,531,484
15.167,15.167,NoButton,Drag,532,484
15.193,15.193,Left,Released,532,484
15.389,15.389,NoButton,Move,531,484
15.393,15.393,NoButton,Move,531,484
15.405,15.405,NoButton,Move,530,484
15.421,15.421,NoButton,Move,528,483
15.438,15.438,NoButton,Move,524,481
15.455,15.455,NoButton,Move,515,478
15.472,15.472,NoButton,Move,498,473
15.488,15.488,NoButton,Move,475,467
15.505,15.505,NoButton,Move,443,459
15.522,15.522,NoButton,Move,419,453
15.539,15.539,NoButton,Move,399,448
15.555,15.555,NoButton,Move,380,443
15.572,15.572,NoButton,Move,362,440
15.588,15.588,NoButton,Move,346,436
15.605,15.605,NoButton,Move,332,432
15.622,15.622,NoButton,Move,323,429
15.639,15.639,NoButton,Move,315,428
15.655,15.655,NoButton,Move,309,426
15.672,15.672,NoButton,Move,305,425
15.688,15.688,NoButton,Move,302,424
15.705,15.705,NoButton,Move,300,422
15.721,15.721,NoButton,Move,297,421
15.738,15.738,NoButton,Move,293,419
15.755,15.755,NoButton,Move,288,416
15.772,15.772,NoButton,Move,283,412
15.788,15.788,NoButton,Move,278,409
15.805,15.805,NoButton,Move,275,407
15.822,15.822,NoButton,Move,272,404
15.838,15.838,NoButton,Move,267,401
15.855,15.855,NoButton,Move,262,397
15.871,15.871,NoButton,Move,258,395
15.888,15.888,NoButton,Move,255,392
15.905,15.905,NoButton,Move,253,389
15.922,15.922,NoButton,Move,251,386
15.938,15.938,NoButton,Move,249,385
15.955,15.955,NoButton,Move,246,382
15.972,15.972,NoButton,Move,243,381
15.988,15.988,NoButton,Move,241,379
16.005,16.005,NoButton,Move,240,379
16.021,16.021,NoButton,Move,239,378
16.038,16.038,NoButton,Move,238,378
16.055,16.055,NoButton,Move,237,378
16.071,16.071,NoButton,Move,234,379
16.089,16.089,NoButton,Move,229,380
16.106,16.106,NoButton,Move,222,382
16.122,16.122,NoButton,Move,213,385
16.138,16.138,NoButton,Move,204,387
16.155,16.155,NoButton,Move,188,391
16.171,16.171,NoButton,Move,174,395
16.188,16.188,NoButton,Move,160,399
16.206,16.206,NoButton,Move,147,402
16.222,16.222,NoButton,Move,137,405
16.238,16.238,NoButton,Move,130,406
16.255,16.255,NoButton,Move,123,407
16.271,16.271,NoButton,Move,120,407
16.289,16.289,NoButton,Move,118,407
16.307,16.307,NoButton,Move,118,407
16.325,16.325,NoButton,Move,117,407
16.341,16.341,NoButton,Move,117,407
16.355,16.355,NoButton,Move,117,407
16.372,16.372,NoButton,Move,117,406
16.388,16.388,NoButton,Move,117,405
16.405,16.405,NoButton,Move,118,402
16.422,16.422,NoButton,Move,119,399
16.439,16.439,NoButton,Move,120,397
16.455,16.455,NoButton,Move,122,395
16.472,16.472,NoButton,Move,122,394
16.489,16.489,NoButton,Move,123,394
16.505,16.505,NoButton,Move,123,394
16.537,16.537,NoButton,Move,123,394
16.541,16.541,NoButton,Move,123,394
16.569,16.569,Left,Pressed,123,394
16.577,16.577,NoButton,Drag,123,393
16.593,16.593,NoButton,Drag,124,393
16.597,16.597,NoButton,Drag,124,393
16.698,16.698,Left,Released,124,393
16.737,16.737,NoButton,Move,124,393
16.741,16.741,NoButton,Move,124,393
16.749,16.749,NoButton,Move,124,393
16.755,16.755,NoButton,Move,125,393
16.772,16.772,NoButton,Move,127,394
16.788,16.788,NoButton,Move,131,394
16.805,16.805,NoButton,Move,139,394
16.821,16.821,NoButton,Move,147,395
16.838,16.838,NoButton,Move,158,397
16.856,16.856,NoButton,Move,169,399
16.872,16.872,NoButton,Move,179,401
16.888,16.888,NoButton,Move,190,404
16.905,16.905,NoButton,Move,204,409
16.922,16.922,NoButton,Move,220,414
16.938,16.938,NoButton,Move,242,421
16.955,16.955,NoButton,Move,282,435
16.972,16.972,NoButton,Move,325,449
16.988,16.988,NoButton,Move,379,465
17.005,17.005,NoButton,Move,443,482
17.022,17.022,NoButton,Move,516,501
17.038,17.038,NoButton,Move,591,517
17.055,17.055,NoButton,Move,669,532
17.071,17.071,NoButton,Move,724,544
17.089,17.089,NoButton,Move,775,552
17.105,17.105,NoButton,Move,815,556
17.122,17.122,NoButton,Move,839,557
17.138,17.138,NoButton,Move,853,558
17.155,17.155,NoButton,Move,860,558
17.172,17.172,NoButton,Move,862,557
17.189,17.189,NoButton,Move,863,557
17.205,17.205,NoButton,Move,863,557
17.221,17.221,NoButton,Move,863,556
17.238,17.238,NoButton,Move,862,555
17.255,17.255,NoButton,Move,861,552
17.272,17.272,NoButton,Move,861,548
17.289,17.289,NoButton,Move,861,541
17.305,17.305,NoButton,Move,863,531
17.321,17.321,NoButton,Move,864,521
17.338,17.338,NoButton,Move,866,510
17.355,17.355,NoButton,Move,867,492
17.371,17.371,NoButton,Move,864,477
17.388,17.388,NoButton,Move,860,460
17.406,17.406,NoButton,Move,854,445
17.421,17.421,NoButton,Move,845,433
17.438,17.438,NoButton,Move,837,421
17.455,17.455,NoButton,Move,830,408
17.471,17.471,NoButton,Move,825,400
17.488,17.488,NoButton,Move,821,394
17.505,17.505,NoButton,Move,819,391
17.522,17.522,NoButton,Move,819,390
17.538,17.538,NoButton,Move,819,390
17.556,17.556,NoButton,Move,819,389
17.571,17.571,NoButton,Move,819,388
17.588,17.588,NoButton,Move,819,388
17.605,17.605,NoButton,Move,820,387
17.621,17.621,NoButton,Move,821,385
17.638,17.638,NoButton,Move,822,383
17.655,17.655,NoButton,Move,824,379
17.672,17.672,NoButton,Move,827,376
17.688,17.688,NoButton,Move,829,373
17.705,17.705,NoButton,Move,831,370
17.721,17.721,NoButton,Move,832,366
17.738,17.738,NoButton,Move,833,363
17.755,17.755,NoButton,Move,834,359
17.772,17.772,NoButton,Move,835,355
17.788,17.788,NoButton,Move,836,351
17.805,17.805,NoButton,Move,837,346
17.821,17.821,NoButton,Move,838,342
17.838,17.838,NoButton,Move,839,338
17.855,17.855,NoButton,Move,840,334
17.872,17.872,NoButton,Move,840,331
17.888,17.888,NoButton,Move,840,328
17.905,17.905,NoButton,Move,841,326
17.922,17.922,NoButton,Move,841,326
17.945,17.945,NoButton,Move,841,326
17.977,17.977,Left,Pressed,841,326
17.981,17.981,NoButton,Drag,842,326
18.005,18.005,NoButton,Drag,842,325
18.068,18.068,Left,Released,842,325
18.151,18.151,NoButton,Move,841,325
18.159,18.159,NoButton,Move,841,326
18.163,18.163,NoButton,Move,841,326
18.171,18.171,NoButton,Move,840,327
18.189,18.189,NoButton,Move,837,332
18.205,18.205,NoButton,Move,834,339
18.222,18.222,NoButton,Move,829,348
18.238,18.238,NoButton,Move,826,354
18.255,18.255,NoButton,Move,822,361
18.271,18.271,NoButton,Move,818,366
18.288,18.288,NoButton,Move,814,371
18.306,18.306,NoButton,Move,807,377
18.322,18.322,NoButton,Move,797,383
18.338,18.338,NoButton,Move,782,388
18.355,18.355,NoButton,Move,754,394
18.372,18.372,NoButton,Move,721,396
18.389,18.389,NoButton,Move,682,396
18.405,18.405,NoButton,Move,634,390
18.422,18.422,NoButton,Move,586,379
18.438,18.438,NoButton,Move,537,365
18.455,18.455,NoButton,Move,485,346
18.471,18.471,NoButton,Move,452,331
18.488,18.488,NoButton,Move,427,318
18.505,18.505,NoButton,Move,410,307
18.522,18.522,NoButton,Move,396,298
18.539,18.539,NoButton,Move,384,291
18.555,18.555,NoButton,Move,380,289
18.571,18.571,NoButton,Move,379,288
18.589,18.589,NoButton,Move,378,288
18.606,18.606,NoButton,Move,376,289
18.622,18.622,NoButton,Move,373,291
18.638,18.638,NoButton,Move,368,294
18.655,18.655,NoButton,Move,363,296
18.672,18.672,NoButton,Move,357,298
18.688,18.688,NoButton,Move,350,300
18.705,18.705,NoButton,Move,343,301
18.721,18.721,NoButton,Move,341,302
18.739,18.739,NoButton,Move,341,302
18.797,18.797,NoButton,Move,340,302
18.809,18.809,NoButton,Move,340,302
18.823,18.823,NoButton,Move,340,301
18.838,18.838,NoButton,Move,339,301
18.855,18.855,NoButton,Move,339,300
18.872,18.872,NoButton,Move,338,298
18.888,18.888,NoButton,Move,337,296
18.905,18.905,NoButton,Move,336,294
18.921,18.921,NoButton,Move,334,291
18.938,18.938,NoButton,Move,332,288
18.955,18.955,NoButton,Move,331,286
18.972,18.972,NoButton,Move,329,284
18.988,18.988,NoButton,Move,328,282
19.005,19.005,NoButton,Move,326,279
19.022,19.022,NoButton,Move,325,279
19.038,19.038,NoButton,Move,324,278
19.055,19.055,NoButton,Move,324,278
19.129,19.129,NoButton,Move,324,278
19.133,19.133,NoButton,Move,324,277
19.139,19.139,NoButton,Move,324,277
19.155,19.155,NoButton,Move,326,275
19.172,19.172,NoButton,Move,330,275
19.188,19.188,NoButton,Move,335,283
19.205,19.205,NoButton,Move,338,288
19.487,19.487,NoButton,Move,339,288
19.503,19.503,NoButton,Move,339,289
19.511,19.511,NoButton,Move,340,289
19.521,19.521,NoButton,Move,339,290
19.538,19.538,NoButton,Move,335,290
19.555,19.555,NoButton,Move,324,292
19.572,19.572,NoButton,Move,315,290
19.588,19.588,NoButton,Move,305,284
19.605,19.605,NoButton,Move,293,274
19.621,19.621,NoButton,Move,274,260
19.638,19.638,NoButton,Move,248,243
19.655,19.655,NoButton,Move,215,223
19.671,19.671,NoButton,Move,191,210
19.688,19.688,NoButton,Move,173,199
19.706,19.706,NoButton,Move,161,191
19.722,19.722,NoButton,Move,152,185
19.738,19.738,NoButton,Move,148,183
19.756,19.756,NoButton,Move,147,182
19.797,19.797,NoButton,Move,147,182
19.801,19.801,NoButton,Move,147,182
19.805,19.805,NoButton,Move,148,182
19.821,19.821,NoButton,Move,149,183
19.838,19.838,NoButton,Move,152,184
19.855,19.855,NoButton,Move,156,187
19.871,19.871,NoButton,Move,161,190
19.888,19.888,NoButton,Move,166,195
19.905,19.905,NoButton,Move,171,200
19.921,19.921,NoButton,Move,176,206
19.938,19.938,NoButton,Move,181,211
19.955,19.955,NoButton,Move,186,216
19.971,19.971,NoButton,Move,191,221
19.988,19.988,NoButton,Move,197,226
20.005,20.005,NoButton,Move,203,233
20.022,20.022,NoButton,Move,207,236
20.039,20.039,NoButton,Move,211,240
20.055,20.055,NoButton,Move,217,244
20.072,20.072,NoButton,Move,222,246
20.088,20.088,NoButton,Move,228,249
20.105,20.105,NoButton,Move,238,252
20.121,20.121,NoButton,Move,246,254
20.139,20.139,NoButton,Move,256,257
20.155,20.155,NoButton,Move,266,260
20.171,20.171,NoButton,Move,274,263
20.188,20.188,NoButton,Move,279,266
20.205,20.205,NoButton,Move,284,269
20.222,20.222,NoButton,Move,286,271
20.238,20.238,NoButton,Move,287,273
20.255,20.255,NoButton,Move,288,274
20.272,20.272,NoButton,Move,289,276
20.288,20.288,NoButton,Move,289,277
20.305,20.305,NoButton,Move,289,277
20.384,20.384,Left,Pressed,289,277
20.495,20.495,Left,Released,289,277
20.543,20.543,NoButton,Move,289,278
20.547,20.547,NoButton,Move,289,278
20.555,20.555,NoButton,Move,289,279
20.571,20.571,NoButton,Move,285,283
20.589,20.589,NoButton,Move,280,292
20.606,20.606,NoButton,Move,271,304
20.622,20.622,NoButton,Move,262,322
20.639,20.639,NoButton,Move,251,349
20.655,20.655,NoButton,Move,245,373
20.671,20.671,NoButton,Move,237,403
20.688,20.688,NoButton,Move,229,437
20.705,20.705,NoButton,Move,222,470
20.722,20.722,NoButton,Move,220,502
20.738,20.738,NoButton,Move,220,534
20.755,20.755,NoButton,Move,224,563
20.771,20.771,NoButton,Move,230,577
20.788,20.788,NoButton,Move,237,584
20.805,20.805,NoButton,Move,244,586
20.822,20.822,NoButton,Move,254,581
20.839,20.839,NoButton,Move,277,562
20.855,20.855,NoButton,Move,306,534
20.871,20.871,NoButton,Move,340,502
20.888,20.888,NoButton,Move,376,470
20.905,20.905,NoButton,Move,416,432
20.922,20.922,NoButton,Move,468,375
20.938,20.938,NoButton,Move,531,300
20.955,20.955,NoButton,Move,572,243
20.972,20.972,NoButton,Move,609,190
20.988,20.988,NoButton,Move,644,137
21.005,21.005,NoButton,Move,678,84
21.021,21.021,NoButton,Move,694,54
21.038,21.038,NoButton,Move,703,29
21.055,21.055,NoButton,Move,709,10
21.072,21.072,NoButton,Move,711,0
21.088,21.088,NoButton,Move,711,0
21.105,21.105,NoButton,Move,709,0
21.121,21.121,NoButton,Move,707,0
21.138,21.138,NoButton,Move,707,0
21.156,21.156,NoButton,Move,707,0
21.171,21.171,NoButton,Move,706,0
21.188,21.188,NoButton,Move,703,3
21.205,21.205,NoButton,Move,696,11
21.221,21.221,NoButton,Move,689,22
21.239,21.239,NoButton,Move,681,35
21.255,21.255,NoButton,Move,673,51
21.272,21.272,NoButton,Move,666,68
21.288,21.288,NoButton,Move,660,84
21.305,21.305,NoButton,Move,655,101
21.321,21.321,NoButton,Move,651,110
21.338,21.338,NoButton,Move,648,117
21.355,21.355,NoButton,Move,646,121
21.372,21.372,NoButton,Move,645,123
21.417,21.417,NoButton,Move,644,123
21.429,21.429,NoButton,Move,644,123
21.439,21.439,NoButton,Move,644,122
21.455,21.455,NoButton,Move,643,120
21.472,21.472,NoButton,Move,642,117
21.488,21.488,NoButton,Move,641,114
21.506,21.506,NoButton,Move,640,110
21.521,21.521,NoButton,Move,639,108
21.538,21.538,NoButton,Move,639,106
21.555,21.555,NoButton,Move,638,104
21.572,21.572,NoButton,Move,638,104
21.588,21.588,NoButton,Move,638,103
21.668,21.668,Left,Pressed,638,103
21.755,21.755,Left,Released,638,103
21.783,21.783,NoButton,Move,638,103
21.787,21.787,NoButton,Move,638,104
21.791,21.791,NoButton,Move,637,104
21.805,21.805,NoButton,Move,636,107
21.822,21.822,NoButton,Move,634,113
21.838,21.838,NoButton,Move,630,121
21.855,21.855,NoButton,Move,626,135
21.872,21.872,NoButton,Move,622,148
21.888,21.888,NoButton,Move,617,165
21.905,21.905,NoButton,Move,612,184
21.922,21.922,NoButton,Move,606,203
21.938,21.938,NoButton,Move,601,223
21.955,21.955,NoButton,Move,596,247
21.972,21.972,NoButton,Move,593,265
21.988,21.988,NoButton,Move,592,283
22.005,22.005,NoButton,Move,589,301
22.022,22.022,NoButton,Move,587,316
22.039,22.039,NoButton,Move,582,330
22.055,22.055,NoButton,Move,572,347
22.071,22.071,NoButton,Move,558,364
22.088,22.088,NoButton,Move,539,382
22.105,22.105,NoButton,Move,507,406
22.121,22.121,NoButton,Move,478,425
22.138,22.138,NoButton,Move,436,447
22.155,22.155,NoButton,Move,386,472
22.172,22.172,NoButton,Move,336,496
22.188,22.188,NoButton,Move,290,518
22.205,22.205,NoButton,Move,253,543
22.222,22.222,NoButton,Move,225,565
22.238,22.238,NoButton,Move,197,586
22.255,22.255,NoButton,Move,170,605
22.271,22.271,NoButton,Move,143,622
22.288,22.288,NoButton,Move,118,636
22.305,22.305,NoButton,Move,94,644
22.321,22.321,NoButton,Move,82,647
22.339,22.339,NoButton,Move,73,648
22.355,22.355,NoButton,Move,69,647
22.371,22.371,NoButton,Move,66,645
22.388,22.388,NoButton,Move,66,644
22.405,22.405,NoButton,Move,65,641
22.421,22.421,NoButton,Move,65,638
22.439,22.439,NoButton,Move,65,633
22.455,22.455,NoButton,Move,65,627
22.472,22.472,NoButton,Move,66,621
22.488,22.488,NoButton,Move,67,616
22.505,22.505,NoButton,Move,67,606
22.522,22.522,NoButton,Move,66,599
22.538,22.538,NoButton,Move,66,593
22.554,22.554,NoButton,Move,66,588
22.572,22.572,NoButton,Move,66,584
22.588,22.588,NoButton,Move,67,581
22.605,22.605,NoButton,Move,69,577
22.622,22.622,NoButton,Move,71,575
22.638,22.638,NoButton,Move,72,573
22.655,22.655,NoButton,Move,73,572
22.671,22.671,NoButton,Move,74,571
22.689,22.689,NoButton,Move,75,570
22.705,22.705,NoButton,Move,77,569
22.721,22.721,NoButton,Move,79,567
22.738,22.738,NoButton,Move,81,565
22.755,22.755,NoButton,Move,83,564
22.772,22.772,NoButton,Move,84,562
22.788,22.788,NoButton,Move,85,561
22.805,22.805,NoButton,Move,87,558
22.822,22.822,NoButton,Move,88,556
22.838,22.838,NoButton,Move,89,556
22.855,22.855,NoButton,Move,90,556
22.872,22.872,NoButton,Move,90,555
22.876,22.876,Left,Pressed,90,555
22.991,22.991,Left,Released,90,555
23.115,23.115,NoButton,Move,90,556
23.119,23.119,NoButton,Move,90,556
23.123,23.123,NoButton,Move,91,556
23.138,23.138,NoButton,Move,92,556
23.156,23.156,NoButton,Move,96,557
23.172,23.172,NoButton,Move,102,556
23.188,23.188,NoButton,Move,110,553
23.205,23.205,NoButton,Move,125,549
23.221,23.221,NoButton,Move,142,545
23.239,23.239,NoButton,Move,165,541
23.255,23.255,NoButton,Move,190,539
23.272,23.272,NoButton,Move,215,538
23.288,23.288,NoButton,Move,240,538
23.305,23.305,NoButton,Move,272,544
23.321,23.321,NoButton,Move,298,551
23.338,23.338,NoButton,Move,323,559
23.355,23.355,NoButton,Move,350,572
23.371,23.371,NoButton,Move,379,587
23.388,23.388,NoButton,Move,414,605
23.405,23.405,NoButton,Move,453,623
23.421,23.421,NoButton,Move,505,645
23.438,23.438,NoButton,Move,542,657
23.455,23.455,NoButton,Move,568,664
23.472,23.472,NoButton,Move,590,670
23.488,23.488,NoButton,Move,603,673
23.505,23.505,NoButton,Move,609,673
23.529,23.529,NoButton,Move,609,673
23.538,23.538,NoButton,Move,609,673
23.555,23.555,NoButton,Move,609,672
23.572,23.572,NoButton,Move,609,669
23.588,23.588,NoButton,Move,609,667
23.605,23.605,NoButton,Move,609,664
23.622,23.622,NoButton,Move,609,661
23.639,23.639,NoButton,Move,609,657
23.655,23.655,NoButton,Move,610,653
23.671,23.671,NoButton,Move,611,649
23.688,23.688,NoButton,Move,613,644
23.705,23.705,NoButton,Move,618,636
23.721,23.721,NoButton,Move,623,630
23.738,23.738,NoButton,Move,630,625
23.755,23.755,NoButton,Move,638,619
23.772,23.772,NoButton,Move,645,616
23.788,23.788,NoButton,Move,650,613
23.805,23.805,NoButton,Move,655,612
23.822,23.822,NoButton,Move,660,611
23.838,23.838,NoButton,Move,665,611
23.855,23.855,NoButton,Move,670,611
23.872,23.872,NoButton,Move,674,611
23.889,23.889,NoButton,Move,676,611
23.906,23.906,NoButton,Move,676,611
23.959,23.959,NoButton,Move,677,611
23.991,23.991,NoButton,Move,677,611
24.007,24.007,NoButton,Move,677,611
24.022,24.022,NoButton,Move,677,611
24.039,24.039,NoButton,Move,678,611
24.055,24.055,NoButton,Move,678,611
24.072,24.072,NoButton,Move,677,611
24.099,24.099,NoButton,Move,677,611
24.119,24.119,NoButton,Move,677,610
24.176,24.176,Left,Pressed,677,610
24.279,24.279,Left,Released,677,610
24.341,24.341,NoButton,Move,677,610
24.349,24.349,NoButton,Move,677,610
24.357,24.357,NoButton,Move,677,610
24.372,24.372,NoButton,Move,676,611
24.389,24.389,NoButton,Move,675,612
24.405,24.405,NoButton,Move,671,613
24.422,24.422,NoButton,Move,666,614
24.438,24.438,NoButton,Move,659,614
24.456,24.456,NoButton,Move,650,614
24.472,24.472,NoButton,Move,639,612
24.488,24.488,NoButton,Move,630,609
24.505,24.505,NoButton,Move,625,607
24.521,24.521,NoButton,Move,625,606
24.539,24.539,NoButton,Move,625,604
24.555,24.555,NoButton,Move,625,600
24.571,24.571,NoButton,Move,627,592
24.588,24.588,NoButton,Move,634,581
24.605,24.605,NoButton,Move,646,564
24.622,24.622,NoButton,Move,657,547
24.639,24.639,NoButton,Move,668,529
24.656,24.656,NoButton,Move,679,508
24.672,24.672,NoButton,Move,689,486
24.688,24.688,NoButton,Move,697,462
24.705,24.705,NoButton,Move,706,432
24.721,24.721,NoButton,Move,712,411
24.739,24.739,NoButton,Move,719,388
24.755,24.755,NoButton,Move,728,363
24.771,24.771,NoButton,Move,739,338
24.788,24.788,NoButton,Move,750,311
24.805,24.805,NoButton,Move,762,287
24.821,24.821,NoButton,Move,776,258
24.838,24.838,NoButton,Move,786,238
24.855,24.855,NoButton,Move,795,217
24.872,24.872,NoButton,Move,805,195
24.888,24.888,NoButton,Move,812,177
24.905,24.905,NoButton,Move,818,162
24.922,24.922,NoButton,Move,823,148
24.938,24.938,NoButton,Move,827,135
24.955,24.955,NoButton,Move,831,120
24.971,24.971,NoButton,Move,835,110
24.989,24.989,NoButton,Move,839,103
25.005,25.005,NoButton,Move,843,97
25.022,25.022,NoButton,Move,847,91
25.038,25.038,NoButton,Move,850,87
25.055,25.055,NoButton,Move,854,84
25.071,25.071,NoButton,Move,858,82
25.088,25.088,NoButton,Move,864,81
25.105,25.105,NoButton,Move,870,81
25.122,25.122,NoButton,Move,878,82
25.138,25.138,NoButton,Move,884,83
25.155,25.155,NoButton,Move,890,85
25.171,25.171,NoButton,Move,893,87
25.188,25.188,NoButton,Move,897,91
25.205,25.205,NoButton,Move,903,96
25.222,25.222,NoButton,Move,910,101
25.238,25.238,NoButton,Move,915,107
25.255,25.255,NoButton,Move,919,112
25.271,25.271,NoButton,Move,920,116
25.288,25.288,NoButton,Move,920,119
25.305,25.305,NoButton,Move,920,122
25.322,25.322,NoButton,Move,920,125
25.338,25.338,NoButton,Move,920,126
25.355,25.355,NoButton,Move,918,128
25.371,25.371,NoButton,Move,916,130
25.389,25.389,NoButton,Move,912,131
25.405,25.405,NoButton,Move,906,133
25.422,25.422,NoButton,Move,899,135
25.438,25.438,NoButton,Move,889,138
25.455,25.455,NoButton,Move,881,141
25.472,25.472,NoButton,Move,877,143
25.488,25.488,NoButton,Move,877,144
25.55,25.55,Left,Pressed,877,144
25.674,25.674,Left,Released,877,144
25.675,25.675,NoButton,Move,877,144
25.737,25.737,NoButton,Move,876,144
25.749,25.749,NoButton,Move,876,144
25.756,25.756,NoButton,Move,876,144
25.772,25.772,NoButton,Move,875,145
25.788,25.788,NoButton,Move,874,149
25.805,25.805,NoButton,Move,871,155
25.822,25.822,NoButton,Move,864,164
25.839,25.839,NoButton,Move,857,172
25.855,25.855,NoButton,Move,848,182
25.872,25.872,NoButton,Move,838,191
25.888,25.888,NoButton,Move,829,202
25.905,25.905,NoButton,Move,818,218
25.921,25.921,NoButton,Move,814,232
25.939,25.939,NoButton,Move,813,247
25.956,25.956,NoButton,Move,819,265
25.972,25.972,NoButton,Move,833,289
25.988,25.988,NoButton,Move,857,315
26.005,26.005,NoButton,Move,892,343
26.022,26.022,NoButton,Move,919,361
26.038,26.038,NoButton,Move,948,377
26.055,26.055,NoButton,Move,979,391
26.071,26.071,NoButton,Move,1003,399
26.089,26.089,NoButton,Move,1025,405
26.105,26.105,NoButton,Move,1046,411
26.121,26.121,NoButton,Move,1064,415
26.138,26.138,NoButton,Move,1078,419
26.155,26.155,NoButton,Move,1094,423
26.171,26.171,NoButton,Move,1106,428
26.188,26.188,NoButton,Move,1117,435
26.205,26.205,NoButton,Move,1129,443
26.222,26.222,NoButton,Move,1139,453
26.238,26.238,NoButton,Move,1147,466
26.255,26.255,NoButton,Move,1157,484
26.272,26.272,NoButton,Move,1162,502
26.288,26.288,NoButton,Move,1165,522
26.305,26.305,NoButton,Move,1165,546
26.322,26.322,NoButton,Move,1163,570
26.338,26.338,NoButton,Move,1161,593
26.355,26.355,NoButton,Move,1161,620
26.371,26.371,NoButton,Move,1161,640
26.388,26.388,NoButton,Move,1161,658
26.405,26.405,NoButton,Move,1163,672
26.422,26.422,NoButton,Move,1166,685
26.438,26.438,NoButton,Move,1169,694
26.455,26.455,NoButton,Move,1173,701
26.472,26.472,NoButton,Move,1175,704
26.488,26.488,NoButton,Move,1176,705
26.523,26.523,NoButton,Move,1176,705
26.538,26.538,NoButton,Move,1176,705
26.555,26.555,NoButton,Move,1177,705
26.571,26.571,NoButton,Move,1179,702
26.588,26.588,NoButton,Move,1181,700
26.604,26.604,NoButton,Move,1182,697
26.622,26.622,NoButton,Move,1183,692
26.638,26.638,NoButton,Move,1184,687
26.655,26.655,NoButton,Move,1185,680
26.672,26.672,NoButton,Move,1185,670
26.688,26.688,NoButton,Move,1182,660
26.705,26.705,NoButton,Move,1179,648
26.721,26.721,NoButton,Move,1177,641
26.739,26.739,NoButton,Move,1176,635
26.755,26.755,NoButton,Move,1175,633
26.771,26.771,NoButton,Move,1175,632
26.789,26.789,NoButton,Move,1175,631
26.825,26.825,NoButton,Move,1175,631
26.857,26.857,Left,Pressed,1175,631
26.961,26.961,Left,Released,1175,631
26.997,26.997,NoButton,Move,1175,631
27.001,27.001,NoButton,Move,1174,631
27.005,27.005,NoButton,Move,1174,631
27.022,27.022,NoButton,Move,1172,630
27.039,27.039,NoButton,Move,1168,629
27.055,27.055,NoButton,Move,1160,628
27.071,27.071,NoButton,Move,1151,627
27.088,27.088,NoButton,Move,1142,626
27.105,27.105,NoButton,Move,1135,625
27.121,27.121,NoButton,Move,1130,624
27.139,27.139,NoButton,Move,1126,622
27.156,27.156,NoButton,Move,1118,620
27.171,27.171,NoButton,Move,1104,615
27.189,27.189,NoButton,Move,1089,609
27.205,27.205,NoButton,Move,1072,604
27.221,27.221,NoButton,Move,1049,598
27.238,27.238,NoButton,Move,1024,593
27.255,27.255,NoButton,Move,989,591
27.272,27.272,NoButton,Move,963,594
27.288,27.288,NoButton,Move,946,599
27.306,27.306,NoButton,Move,936,606
27.322,27.322,NoButton,Move,928,615
27.338,27.338,NoButton,Move,922,627
27.355,27.355,NoButton,Move,916,648
27.371,27.371,NoButton,Move,909,670
27.389,27.389,NoButton,Move,903,695
27.405,27.405,NoButton,Move,897,721
27.421,27.421,NoButton,Move,891,746
27.438,27.438,NoButton,Move,885,769
27.455,27.455,NoButton,Move,878,791
27.471,27.471,NoButton,Move,873,805
27.488,27.488,NoButton,Move,870,818
27.505,27.505,NoButton,Move,867,830
27.522,27.522,NoButton,Move,866,841
27.539,27.539,NoButton,Move,866,853
27.555,27.555,NoButton,Move,866,862
27.571,27.571,NoButton,Move,866,868
27.589,27.589,NoButton,Move,866,874
27.605,27.605,NoButton,Move,865,879
27.622,27.622,NoButton,Move,863,882
27.638,27.638,NoButton,Move,862,884
27.655,27.655,NoButton,Move,860,885
27.672,27.672,NoButton,Move,859,885
27.689,27.689,NoButton,Move,859,885
27.723,27.723,NoButton,Move,858,885
27.737,27.737,NoButton,Move,858,885
27.741,27.741,NoButton,Move,858,884
27.755,27.755,NoButton,Move,858,884
27.772,27.772,NoButton,Move,858,883
27.788,27.788,NoButton,Move,859,882
27.805,27.805,NoButton,Move,859,881
27.818,27.818,NoButton,Move,859,881
27.821,27.821,Left,Pressed,859,881
27.822,27.822,NoButton,Drag,859,881
27.833,27.833,NoButton,Drag,859,881
27.886,27.886,NoButton,Drag,859,880
27.909,27.909,NoButton,Drag,859,880
27.917,27.917,NoButton,Drag,859,880
27.925,27.925,NoButton,Drag,859,879
27.933,27.933,NoButton,Drag,859,879
27.937,27.937,NoButton,Drag,859,879
27.941,27.941,NoButton,Drag,859,879
27.945,27.945,NoButton,Drag,859,878
27.949,27.949,Left,Released,859,878
27.95,27.95,NoButton,Move,859,878
27.955,27.955,NoButton,Move,859,878
27.972,27.972,NoButton,Move,859,877
27.988,27.988,NoButton,Move,859,877
28.005,28.005,NoButton,Move,858,876
28.022,28.022,NoButton,Move,858,875
28.039,28.039,NoButton,Move,858,875
28.055,28.055,NoButton,Move,858,875
28.072,28.072,NoButton,Move,858,875
28.089,28.089,NoButton,Move,857,874
28.105,28.105,NoButton,Move,857,874
28.122,28.122,NoButton,Move,857,873
28.138,28.138,NoButton,Move,857,873
28.156,28.156,NoButton,Move,857,873
28.171,28.171,NoButton,Move,857,872
28.23,28.23,Left,Pressed,857,872
28.302,28.302,Left,Released,857,872
28.303,28.303,NoButton,Move,857,872
28.309,28.309,NoButton,Move,857,872
28.321,28.321,NoButton,Move,857,871
28.338,28.338,NoButton,Move,856,870
28.355,28.355,NoButton,Move,856,870
28.371,28.371,NoButton,Move,855,869
28.388,28.388,NoButton,Move,855,868
28.406,28.406,NoButton,Move,854,867
28.422,28.422,NoButton,Move,853,866
28.438,28.438,NoButton,Move,853,865
28.455,28.455,NoButton,Move,851,862
28.472,28.472,NoButton,Move,848,860
28.488,28.488,NoButton,Move,846,856
28.505,28.505,NoButton,Move,842,850
28.522,28.522,NoButton,Move,836,840
28.538,28.538,NoButton,Move,828,828
28.555,28.555,NoButton,Move,817,812
28.571,28.571,NoButton,Move,799,785
28.589,28.589,NoButton,Move,783,762
28.605,28.605,NoButton,Move,765,735
28.622,28.622,NoButton,Move,740,704
28.638,28.638,NoButton,Move,709,672
28.655,28.655,NoButton,Move,671,631
28.671,28.671,NoButton,Move,640,596
28.689,28.689,NoButton,Move,609,563
28.705,28.705,NoButton,Move,578,532
28.722,28.722,NoButton,Move,548,501
28.738,28.738,NoButton,Move,517,470
28.755,28.755,NoButton,Move,476,431
28.771,28.771,NoButton,Move,443,402
28.789,28.789,NoButton,Move,410,377
28.805,28.805,NoButton,Move,382,357
28.821,28.821,NoButton,Move,357,339
28.838,28.838,NoButton,Move,334,324
28.855,28.855,NoButton,Move,312,310
28.871,28.871,NoButton,Move,298,301
28.888,28.888,NoButton,Move,287,295
28.905,28.905,NoButton,Move,282,291
28.922,28.922,NoButton,Move,282,290
28.938,28.938,NoButton,Move,282,289
28.955,28.955,NoButton,Move,281,287
28.972,28.972,NoButton,Move,282,283
28.988,28.988,NoButton,Move,285,279
29.005,29.005,NoButton,Move,291,271
29.021,29.021,NoButton,Move,299,264
29.039,29.039,NoButton,Move,307,258
29.055,29.055,NoButton,Move,315,250
29.072,29.072,NoButton,Move,325,241
29.088,29.088,NoButton,Move,334,234
29.105,29.105,NoButton,Move,342,228
29.121,29.121,NoButton,Move,353,221
29.139,29.139,NoButton,Move,362,219
29.155,29.155,NoButton,Move,372,217
29.172,29.172,NoButton,Move,384,217
29.188,29.188,NoButton,Move,398,220
29.205,29.205,NoButton,Move,416,225
29.221,29.221,NoButton,Move,432,231
29.239,29.239,NoButton,Move,446,239
29.255,29.255,NoButton,Move,460,247
29.272,29.272,NoButton,Move,468,253
29.288,29.288,NoButton,Move,474,258
29.305,29.305,NoButton,Move,481,264
29.321,29.321,NoButton,Move,486,268
29.339,29.339,NoButton,Move,491,272
29.355,29.355,NoButton,Move,494,274
29.372,29.372,NoButton,Move,498,275
29.388,29.388,NoButton,Move,501,276
29.405,29.405,NoButton,Move,504,276
29.421,29.421,NoButton,Move,506,274
29.439,29.439,NoButton,Move,507,272
29.456,29.456,NoButton,Move,509,270
29.471,29.471,NoButton,Move,512,266
29.489,29.489,NoButton,Move,513,263
29.505,29.505,NoButton,Move,515,260
29.521,29.521,NoButton,Move,516,257
29.538,29.538,NoButton,Move,517,256
29.555,29.555,NoButton,Move,517,255
29.571,29.571,NoButton,Move,518,253
29.588,29.588,NoButton,Move,518,252
29.605,29.605,NoButton,Move,519,252
29.622,29.622,NoButton,Move,519,252
29.672,29.672,NoButton,Move,519,252
29.676,29.676,Left,Pressed,519,252
29.683,29.683,NoButton,Drag,520,252
29.691,29.691,NoButton,Drag,520,252
29.739,29.739,NoButton,Drag,520,252
29.811,29.811,Left,Released,520,252
29.831,29.831,NoButton,Move,520,252
29.843,29.843,NoButton,Move,520,252
29.855,29.855,NoButton,Move,520,252
29.872,29.872,NoButton,Move,521,254
29.889,29.889,NoButton,Move,523,256
29.905,29.905,NoButton,Move,528,259
29.921,29.921,NoButton,Move,533,262
29.938,29.938,NoButton,Move,540,264
29.954,29.954,NoButton,Move,547,265
29.971,29.971,NoButton,Move,554,265
29.988,29.988,NoButton,Move,556,265
30.005,30.005,NoButton,Move,556,265
30.039,30.039,NoButton,Move,556,265
30.049,30.049,NoButton,Move,556,265
30.057,30.057,NoButton,Move,556,265
30.072,30.072,NoButton,Move,556,264
30.088,30.088,NoButton,Move,555,263
30.106,30.106,NoButton,Move,555,263
30.121,30.121,NoButton,Move,554,262
30.138,30.138,NoButton,Move,554,262
30.156,30.156,NoButton,Move,554,262
30.172,30.172,NoButton,Move,553,262
30.188,30.188,NoButton,Move,553,261
30.205,30.205,NoButton,Move,553,261
30.237,30.237,NoButton,Move,553,261
30.245,30.245,NoButton,Move,553,261
30.289,30.289,NoButton,Move,553,261
30.305,30.305,NoButton,Move,552,261
30.326,30.326,Left,Pressed,552,261
30.405,30.405,NoButton,Drag,552,260
30.409,30.409,NoButton,Drag,552,260
30.413,30.413,NoButton,Drag,552,260
30.417,30.417,NoButton,Drag,552,260
30.421,30.421,Left,Released,552,260
30.422,30.422,NoButton,Move,552,259
30.438,30.438,NoButton,Move,551,259
30.455,30.455,NoButton,Move,550,258
30.472,30.472,NoButton,Move,548,258
30.488,30.488,NoButton,Move,547,258
30.505,30.505,NoButton,Move,545,257
30.522,30.522,NoButton,Move,544,257
30.539,30.539,NoButton,Move,543,257
30.623,30.623,NoButton,Move,543,257
30.627,30.627,NoButton,Move,543,257
30.643,30.643,NoButton,Move,543,257
30.655,30.655,NoButton,Move,543,257
30.672,30.672,NoButton,Move,542,257
30.688,30.688,NoButton,Move,542,256
30.705,30.705,NoButton,Move,542,256
30.722,30.722,NoButton,Move,542,256
30.739,30.739,NoButton,Move,541,256
30.772,30.772,Left,Pressed,541,256
30.871,30.871,Left,Released,541,256
30.923,30.923,NoButton,Move,541,256
30.935,30.935,NoButton,Move,541,256
30.943,30.943,NoButton,Move,541,256
30.955,30.955,NoButton,Move,540,257
30.971,30.971,NoButton,Move,537,258
30.988,30.988,NoButton,Move,534,261
31.005,31.005,NoButton,Move,532,263
31.021,31.021,NoButton,Move,531,264
31.038,31.038,NoButton,Move,530,265
31.056,31.056,NoButton,Move,530,265
31.071,31.071,NoButton,Move,529,266
31.088,31.088,NoButton,Move,529,268
31.105,31.105,NoButton,Move,531,271
31.121,31.121,NoButton,Move,537,276
31.138,31.138,NoButton,Move,548,281
31.155,31.155,NoButton,Move,565,286
31.171,31.171,NoButton,Move,589,291
31.188,31.188,NoButton,Move,612,297
31.205,31.205,NoButton,Move,637,300
31.221,31.221,NoButton,Move,670,305
31.238,31.238,NoButton,Move,705,305
31.255,31.255,NoButton,Move,742,308
31.271,31.271,NoButton,Move,784,313
31.288,31.288,NoButton,Move,830,320
31.305,31.305,NoButton,Move,890,334
31.321,31.321,NoButton,Move,941,348
31.338,31.338,NoButton,Move,994,362
31.356,31.356,NoButton,Move,1052,378
31.372,31.372,NoButton,Move,1110,394
31.388,31.388,NoButton,Move,1164,410
31.404,31.404,NoButton,Move,1215,427
31.421,31.421,NoButton,Move,1272,445
31.438,31.438,NoButton,Move,1311,459
31.455,31.455,NoButton,Move,1341,473
31.472,31.472,NoButton,Move,1359,485
31.488,31.488,NoButton,Move,1369,493
31.505,31.505,NoButton,Move,1373,503
31.521,31.521,NoButton,Move,1374,511
31.538,31.538,NoButton,Move,1374,519
31.549,31.549,NoButton,Move,1374,523
31.555,31.555,Left,Pressed,1374,523
31.555,31.555,NoButton,Drag,1374,526
31.557,31.557,NoButton,Drag,1373,527
31.561,31.561,NoButton,Drag,1373,528
31.565,31.565,NoButton,Drag,1372,529
31.569,31.569,NoButton,Drag,1372,530
31.573,31.573,NoButton,Drag,1372,531
31.577,31.577,NoButton,Drag,1371,531
31.581,31.581,NoButton,Drag,1371,531
31.585,31.585,NoButton,Drag,1371,532
31.589,31.589,NoButton,Drag,1371,532
31.609,31.609,NoButton,Drag,1371,532
31.621,31.621,Left,Released,1371,532
31.669,31.669,NoButton,Move,1370,532
31.677,31.677,NoButton,Move,1370,532
31.681,31.681,NoButton,Move,1370,531
31.688,31.688,NoButton,Move,1370,531
31.705,31.705,NoButton,Move,1369,529
31.722,31.722,NoButton,Move,1369,528
31.738,31.738,NoButton,Move,1369,528
31.899,31.899,NoButton,Move,1369,528
31.903,31.903,NoButton,Move,1368,528
31.907,31.907,NoButton,Move,1368,528
31.922,31.922,NoButton,Move,1366,528
31.938,31.938,NoButton,Move,1360,529
31.954,31.954,NoButton,Move,1346,529
31.971,31.971,NoButton,Move,1309,527
31.989,31.989,NoButton,Move,1256,524
32.005,32.005,NoButton,Move,1171,521
32.022,32.022,NoButton,Move,1053,517
32.038,32.038,NoButton,Move,911,514
32.054,32.054,NoButton,Move,757,511
32.071,32.071,NoButton,Move,565,506
32.088,32.088,NoButton,Move,430,503
32.105,32.105,NoButton,Move,327,501
32.122,32.122,NoButton,Move,253,501
32.138,32.138,NoButton,Move,202,499
32.155,32.155,NoButton,Move,164,497
32.171,32.171,NoButton,Move,124,492
32.189,32.189,NoButton,Move,97,486
32.205,32.205,NoButton,Move,75,481
32.222,32.222,NoButton,Move,57,476
32.238,32.238,NoButton,Move,44,471
32.255,32.255,NoButton,Move,35,466
32.271,32.271,NoButton,Move,34,465
32.288,32.288,NoButton,Move,34,465
32.305,32.305,NoButton,Move,34,462
32.321,32.321,NoButton,Move,34,458
32.338,32.338,NoButton,Move,35,454
32.354,32.354,NoButton,Move,37,447
32.371,32.371,NoButton,Move,38,440
32.388,32.388,NoButton,Move,40,432
32.404,32.404,NoButton,Move,42,424
32.421,32.421,NoButton,Move,45,414
32.438,32.438,NoButton,Move,47,405
32.454,32.454,NoButton,Move,52,396
32.472,32.472,NoButton,Move,59,386
32.488,32.488,NoButton,Move,67,377
32.504,32.504,NoButton,Move,78,368
32.521,32.521,NoButton,Move,91,357
32.538,32.538,NoButton,Move,100,351
32.555,32.555,NoButton,Move,109,345
32.572,32.572,NoButton,Move,118,339
32.588,32.588,NoButton,Move,125,334
32.605,32.605,NoButton,Move,132,329
32.621,32.621,NoButton,Move,136,326
32.639,32.639,NoButton,Move,138,324
32.655,32.655,NoButton,Move,139,322
32.671,32.671,NoButton,Move,140,322
32.689,32.689,NoButton,Move,140,321
32.705,32.705,NoButton,Move,140,320
32.721,32.721,NoButton,Move,141,319
32.739,32.739,NoButton,Move,142,317
32.755,32.755,NoButton,Move,144,315
32.772,32.772,NoButton,Move,145,313
32.788,32.788,NoButton,Move,147,311
32.805,32.805,NoButton,Move,149,308
32.821,32.821,NoButton,Move,152,306
32.839,32.839,NoButton,Move,155,302
32.855,32.855,NoButton,Move,157,299
32.872,32.872,NoButton,Move,160,296
32.888,32.888,NoButton,Move,162,292
32.905,32.905,NoButton,Move,166,288
32.921,32.921,NoButton,Move,169,284
32.939,32.939,NoButton,Move,173,279
32.955,32.955,NoButton,Move,175,277
32.971,32.971,NoButton,Move,178,275
32.988,32.988,NoButton,Move,179,274
33.035,33.035,NoButton,Move,179,273
33.043,33.043,NoButton,Move,179,273
33.047,33.047,Left,Pressed,179,273
33.111,33.111,Left,Released,179,273
33.203,33.203,NoButton,Move,179,274
33.207,33.207,NoButton,Move,179,274
33.211,33.211,NoButton,Move,179,274
33.221,33.221,NoButton,Move,179,275
33.238,33.238,NoButton,Move,180,278
33.254,33.254,NoButton,Move,183,282
33.271,33.271,NoButton,Move,188,289
33.288,33.288,NoButton,Move,192,293
33.306,33.306,NoButton,Move,197,297
33.322,33.322,NoButton,Move,204,300
33.338,33.338,NoButton,Move,215,302
33.355,33.355,NoButton,Move,235,303
33.371,33.371,NoButton,Move,257,302
33.388,33.388,NoButton,Move,284,296
33.405,33.405,NoButton,Move,324,287
33.421,33.421,NoButton,Move,372,277
33.438,33.438,NoButton,Move,424,264
33.455,33.455,NoButton,Move,506,245
33.471,33.471,NoButton,Move,575,231
33.488,33.488,NoButton,Move,643,215
33.505,33.505,NoButton,Move,708,200
33.521,33.521,NoButton,Move,777,184
33.539,33.539,NoButton,Move,826,171
33.555,33.555,NoButton,Move,870,160
33.572,33.572,NoButton,Move,907,151
33.588,33.588,NoButton,Move,935,144
33.605,33.605,NoButton,Move,964,138
33.621,33.621,NoButton,Move,982,134
33.639,33.639,NoButton,Move,995,130
33.655,33.655,NoButton,Move,1006,128
33.671,33.671,NoButton,Move,1013,126
33.688,33.688,NoButton,Move,1019,125
33.705,33.705,NoButton,Move,1024,124
33.721,33.721,NoButton,Move,1026,124
33.738,33.738,NoButton,Move,1026,124
33.769,33.769,NoButton,Move,1026,124
33.777,33.777,NoButton,Move,1026,124
33.788,33.788,NoButton,Move,1027,124
33.805,33.805,NoButton,Move,1028,127
33.821,33.821,NoButton,Move,1031,133
33.838,33.838,NoButton,Move,1034,139
33.855,33.855,NoButton,Move,1037,145
33.872,33.872,NoButton,Move,1042,150
33.888,33.888,NoButton,Move,1046,155
33.904,33.904,NoButton,Move,1050,159
33.921,33.921,NoButton,Move,1057,164
33.939,33.939,NoButton,Move,1061,168
33.955,33.955,NoButton,Move,1065,170
33.971,33.971,NoButton,Move,1067,170
33.988,33.988,NoButton,Move,1068,171
34.005,34.005,NoButton,Move,1068,171
34.047,34.047,NoButton,Move,1069,171
34.055,34.055,NoButton,Move,1069,171
34.071,34.071,NoButton,Move,1070,171
34.075,34.075,Left,Pressed,1070,171
34.076,34.076,NoButton,Drag,1070,171
34.079,34.079,NoButton,Drag,1070,171
34.083,34.083,NoButton,Drag,1070,171
34.087,34.087,NoButton,Drag,1070,172
34.095,34.095,NoButton,Drag,1071,172
34.191,34.191,Left,Released,1071,172
34.263,34.263,NoButton,Move,1071,172
34.267,34.267,NoButton,Move,1071,172
34.271,34.271,NoButton,Move,1070,172
34.288,34.288,NoButton,Move,1069,175
34.304,34.304,NoButton,Move,1068,179
34.322,34.322,NoButton,Move,1066,185
34.338,34.338,NoButton,Move,1064,192
34.355,34.355,NoButton,Move,1060,202
34.371,34.371,NoButton,Move,1055,211
34.389,34.389,NoButton,Move,1048,222
34.405,34.405,NoButton,Move,1040,233
34.421,34.421,NoButton,Move,1028,247
34.438,34.438,NoButton,Move,1013,261
34.455,34.455,NoButton,Move,980,281
34.471,34.471,NoButton,Move,936,301
34.489,34.489,NoButton,Move,877,327
34.505,34.505,NoButton,Move,799,361
34.522,34.522,NoButton,Move,720,394
34.538,34.538,NoButton,Move,631,425
34.555,34.555,NoButton,Move,507,463
34.571,34.571,NoButton,Move,418,493
34.588,34.588,NoButton,Move,340,520
34.605,34.605,NoButton,Move,267,546
34.622,34.622,NoButton,Move,220,562
34.639,34.639,NoButton,Move,182,572
34.656,34.656,NoButton,Move,155,578
34.672,34.672,NoButton,Move,132,578
34.688,34.688,NoButton,Move,117,578
34.704,34.704,NoButton,Move,109,576
34.722,34.722,NoButton,Move,107,575
34.738,34.738,NoButton,Move,107,574
34.755,34.755,NoButton,Move,107,572
34.771,34.771,NoButton,Move,108,568
34.788,34.788,NoButton,Move,109,563
34.804,34.804,NoButton,Move,111,557
34.821,34.821,NoButton,Move,113,547
34.839,34.839,NoButton,Move,115,538
34.854,34.854,NoButton,Move,118,528
34.871,34.871,NoButton,Move,121,518
34.888,34.888,NoButton,Move,123,507
34.904,34.904,NoButton,Move,126,496
34.921,34.921,NoButton,Move,126,481
34.939,34.939,NoButton,Move,126,469
34.955,34.955,NoButton,Move,126,460
34.972,34.972,NoButton,Move,124,453
34.988,34.988,NoButton,Move,122,448
35.005,35.005,NoButton,Move,120,445
35.021,35.021,NoButton,Move,119,444
35.093,35.093,NoButton,Move,119,444
35.101,35.101,NoButton,Move,119,444
35.105,35.105,NoButton,Move,119,444
35.121,35.121,NoButton,Move,118,445
35.138,35.138,NoButton,Move,118,445
35.155,35.155,NoButton,Move,118,446
35.187,35.187,NoButton,Move,117,445
35.199,35.199,NoButton,Move,117,445
35.207,35.207,NoButton,Move,117,445
35.222,35.222,NoButton,Move,116,444
35.238,35.238,NoButton,Move,115,443
35.254,35.254,NoButton,Move,114,442
35.271,35.271,NoButton,Move,112,441
35.288,35.288,NoButton,Move,111,440
35.304,35.304,NoButton,Move,109,438
35.322,35.322,NoButton,Move,108,438
35.338,35.338,NoButton,Move,108,437
35.508,35.508,Left,Pressed,108,437
35.587,35.587,Left,Released,108,437
35.639,35.639,NoButton,Move,107,437
35.651,35.651,NoButton,Move,107,437
35.659,35.659,NoButton,Move,107,437
35.671,35.671,NoButton,Move,106,437
35.688,35.688,NoButton,Move,105,438
35.705,35.705,NoButton,Move,103,439
35.721,35.721,NoButton,Move,101,441
35.738,35.738,NoButton,Move,99,443
35.755,35.755,NoButton,Move,97,445
35.772,35.772,NoButton,Move,94,448
35.788,35.788,NoButton,Move,91,451
35.804,35.804,NoButton,Move,88,454
35.821,35.821,NoButton,Move,85,456
35.838,35.838,NoButton,Move,85,457
35.962,35.962,Left,Pressed,85,457
36.037,36.037,NoButton,Drag,84,457
36.058,36.058,Left,Released,84,457
36.058,36.058,NoButton,Move,84,457
36.061,36.061,NoButton,Move,84,456
36.072,36.072,NoButton,Move,84,456
36.093,36.093,NoButton,Move,84,456
36.149,36.149,NoButton,Move,84,456
36.165,36.165,NoButton,Move,84,455
36.181,36.181,NoButton,Move,84,455
36.188,36.188,NoButton,Move,84,455
36.205,36.205,NoButton,Move,84,454
36.222,36.222,NoButton,Move,84,453
36.239,36.239,NoButton,Move,85,452
36.255,36.255,NoButton,Move,85,450
36.271,36.271,NoButton,Move,86,448
36.288,36.288,NoButton,Move,87,447
36.306,36.306,NoButton,Move,87,445
36.322,36.322,NoButton,Move,88,445
36.338,36.338,NoButton,Move,88,444
36.356,36.356,NoButton,Move,88,444
36.391,36.391,Left,Pressed,88,444
36.471,36.471,Left,Released,88,444
36.767,36.767,NoButton,Move,88,444
36.771,36.771,NoButton,Move,88,444
36.775,36.775,NoButton,Move,88,445
36.789,36.789,NoButton,Move,88,448
36.805,36.805,NoButton,Move,87,453
36.822,36.822,NoButton,Move,85,461
36.838,36.838,NoButton,Move,82,473
36.855,36.855,NoButton,Move,76,493
36.871,36.871,NoButton,Move,71,512
36.888,36.888,NoButton,Move,65,535
36.905,36.905,NoButton,Move,58,565
36.921,36.921,NoButton,Move,53,592
36.939,36.939,NoButton,Move,49,620
36.955,36.955,NoButton,Move,48,646
36.972,36.972,NoButton,Move,48,672
36.988,36.988,NoButton,Move,48,696
37.005,37.005,NoButton,Move,48,721
37.022,37.022,NoButton,Move,48,738
37.038,37.038,NoButton,Move,48,752
37.055,37.055,NoButton,Move,49,761
37.072,37.072,NoButton,Move,50,768
37.088,37.088,NoButton,Move,50,773
37.105,37.105,NoButton,Move,51,776
37.122,37.122,NoButton,Move,52,777
37.138,37.138,NoButton,Move,52,777
37.266,37.266,Left,Pressed,52,777
37.281,37.281,NoButton,Drag,52,777
37.325,37.325,NoButton,Drag,52,777
37.381,37.381,Left,Released,52,777
37.385,37.385,NoButton,Move,53,777
37.393,37.393,NoButton,Move,53,777
37.429,37.429,NoButton,Move,53,777
37.437,37.437,NoButton,Move,53,777
37.445,37.445,NoButton,Move,53,776
37.455,37.455,NoButton,Move,53,776
37.471,37.471,NoButton,Move,52,775
37.488,37.488,NoButton,Move,52,774
37.505,37.505,NoButton,Move,52,774
37.522,37.522,NoButton,Move,52,772
37.538,37.538,NoButton,Move,53,771
37.555,37.555,NoButton,Move,55,769
37.572,37.572,NoButton,Move,59,765
37.588,37.588,NoButton,Move,65,760
37.604,37.604,NoButton,Move,73,753
37.622,37.622,NoButton,Move,87,742
37.638,37.638,NoButton,Move,105,728
37.655,37.655,NoButton,Move,137,704
37.671,37.671,NoButton,Move,164,683
37.688,37.688,NoButton,Move,192,661
37.704,37.704,NoButton,Move,225,635
37.721,37.721,NoButton,Move,261,606
37.738,37.738,NoButton,Move,298,575
37.755,37.755,NoButton,Move,346,536
37.771,37.771,NoButton,Move,382,506
37.788,37.788,NoButton,Move,415,477
37.805,37.805,NoButton,Move,449,448
37.821,37.821,NoButton,Move,479,422
37.838,37.838,NoButton,Move,503,403
37.854,37.854,NoButton,Move,518,390
37.871,37.871,NoButton,Move,529,380
37.888,37.888,NoButton,Move,531,376
37.905,37.905,NoButton,Move,532,374
37.921,37.921,NoButton,Move,532,373
37.938,37.938,NoButton,Move,532,372
37.999,37.999,NoButton,Move,533,372
38.007,38.007,NoButton,Move,533,372
38.021,38.021,NoButton,Move,534,371
38.038,38.038,NoButton,Move,535,369
38.055,38.055,NoButton,Move,541,366
38.072,38.072,NoButton,Move,547,363
38.088,38.088,NoButton,Move,556,360
38.105,38.105,NoButton,Move,569,354
38.121,38.121,NoButton,Move,579,348
38.138,38.138,NoButton,Move,589,342
38.154,38.154,NoButton,Move,598,335
38.171,38.171,NoButton,Move,606,329
38.188,38.188,NoButton,Move,614,322
38.205,38.205,NoButton,Move,623,313
38.221,38.221,NoButton,Move,631,306
38.239,38.239,NoButton,Move,638,300
38.255,38.255,NoButton,Move,644,296
38.271,38.271,NoButton,Move,649,292
38.288,38.288,NoButton,Move,652,290
38.304,38.304,NoButton,Move,652,290
38.393,38.393,NoButton,Move,653,290
38.441,38.441,NoButton,Move,653,290
38.445,38.445,NoButton,Move,653,290
38.461,38.461,NoButton,Move,653,290
38.471,38.471,NoButton,Move,654,290
38.473,38.473,Left,Pressed,654,290
38.569,38.569,Left,Released,654,290
38.651,38.651,NoButton,Move,654,290
38.655,38.655,NoButton,Move,654,290
38.659,38.659,NoButton,Move,653,291
38.671,38.671,NoButton,Move,653,292
38.688,38.688,NoButton,Move,652,296
38.705,38.705,NoButton,Move,649,300
38.721,38.721,NoButton,Move,646,305
38.738,38.738,NoButton,Move,644,309
38.754,38.754,NoButton,Move,643,312
38.771,38.771,NoButton,Move,642,313
38.789,38.789,NoButton,Move,641,314
38.805,38.805,NoButton,Move,641,315
38.821,38.821,NoButton,Move,640,317
38.838,38.838,NoButton,Move,638,320
38.855,38.855,NoButton,Move,633,328
38.871,38.871,NoButton,Move,627,339
38.888,38.888,NoButton,Move,618,355
38.904,38.904,NoButton,Move,607,377
38.922,38.922,NoButton,Move,596,408
38.938,38.938,NoButton,Move,585,446
38.954,38.954,NoButton,Move,576,489
38.971,38.971,NoButton,Move,568,549
38.988,38.988,NoButton,Move,563,599
39.005,39.005,NoButton,Move,563,647
39.021,39.021,NoButton,Move,562,693
39.038,39.038,NoButton,Move,562,731
39.055,39.055,NoButton,Move,563,761
39.071,39.071,NoButton,Move,566,777
39.089,39.089,NoButton,Move,569,786
39.104,39.104,NoButton,Move,572,790
39.122,39.122,NoButton,Move,575,793
39.138,39.138,NoButton,Move,581,794
39.155,39.155,NoButton,Move,589,794
39.171,39.171,NoButton,Move,604,790
39.188,39.188,NoButton,Move,615,787
39.205,39.205,NoButton,Move,624,785
39.221,39.221,NoButton,Move,633,781
39.238,39.238,NoButton,Move,636,779
39.255,39.255,NoButton,Move,637,778
39.302,39.302,NoButton,Move,637,778
39.313,39.313,NoButton,Move,637,777
39.345,39.345,NoButton,Move,637,778
39.349,39.349,NoButton,Move,637,778
39.355,39.355,NoButton,Move,637,778
39.372,39.372,NoButton,Move,638,780
39.388,39.388,NoButton,Move,641,782
39.404,39.404,NoButton,Move,646,786
39.421,39.421,NoButton,Move,652,792
39.439,39.439,NoButton,Move,657,797
39.455,39.455,NoButton,Move,663,801
39.471,39.471,NoButton,Move,668,804
39.489,39.489,NoButton,Move,669,805
39.505,39.505,NoButton,Move,670,805
39.522,39.522,NoButton,Move,670,805
39.53,39.53,Left,Pressed,670,805
39.535,39.535,NoButton,Drag,670,805
39.537,39.537,NoButton,Drag,670,805
39.541,39.541,NoButton,Drag,670,805
39.613,39.613,NoButton,Drag,671,805
39.625,39.625,NoButton,Drag,671,805
39.633,39.633,NoButton,Drag,671,805
39.645,39.645,NoButton,Drag,671,804
39.649,39.649,NoButton,Drag,671,804
39.653,39.653,Left,Released,671,804
39.654,39.654,NoButton,Move,671,804
39.657,39.657,NoButton,Move,671,803
39.672,39.672,NoButton,Move,670,802
39.688,39.688,NoButton,Move,670,801
39.704,39.704,NoButton,Move,671,799
39.721,39.721,NoButton,Move,670,798
39.738,39.738,NoButton,Move,670,796
39.754,39.754,NoButton,Move,671,793
39.772,39.772,NoButton,Move,673,789
39.788,39.788,NoButton,Move,678,778
39.805,39.805,NoButton,Move,686,767
39.821,39.821,NoButton,Move,695,752
39.838,39.838,NoButton,Move,707,733
39.854,39.854,NoButton,Move,719,711
39.871,39.871,NoButton,Move,737,677
39.889,39.889,NoButton,Move,750,646
39.904,39.904,NoButton,Move,762,611
39.922,39.922,NoButton,Move,773,574
39.938,39.938,NoButton,Move,782,535
39.955,39.955,NoButton,Move,791,497
39.971,39.971,NoButton,Move,794,459
39.988,39.988,NoButton,Move,794,435
40.005,40.005,NoButton,Move,793,417
40.021,40.021,NoButton,Move,790,404
40.038,40.038,NoButton,Move,786,397
40.055,40.055,NoButton,Move,785,396
40.071,40.071,NoButton,Move,783,396
40.088,40.088,NoButton,Move,781,397
40.105,40.105,NoButton,Move,775,402
40.121,40.121,NoButton,Move,766,414
40.138,40.138,NoButton,Move,755,432
40.154,40.154,NoButton,Move,743,457
40.171,40.171,NoButton,Move,723,498
40.188,40.188,NoButton,Move,705,540
40.205,40.205,NoButton,Move,682,583
40.222,40.222,NoButton,Move,657,626
40.238,40.238,NoButton,Move,630,666
40.254,40.254,NoButton,Move,603,699
40.271,40.271,NoButton,Move,571,733
40.289,40.289,NoButton,Move,553,752
40.305,40.305,NoButton,Move,539,768
40.322,40.322,NoButton,Move,529,778
40.338,40.338,NoButton,Move,522,785
40.354,40.354,NoButton,Move,517,790
40.372,40.372,NoButton,Move,514,791
40.388,40.388,NoButton,Move,513,792
40.405,40.405,NoButton,Move,513,792
40.422,40.422,NoButton,Move,512,790
40.438,40.438,NoButton,Move,509,787
40.455,40.455,NoButton,Move,507,782
40.472,40.472,NoButton,Move,502,775
40.488,40.488,NoButton,Move,496,766
40.504,40.504,NoButton,Move,489,756
40.522,40.522,NoButton,Move,481,744
40.538,40.538,NoButton,Move,475,735
40.555,40.555,NoButton,Move,470,727
40.571,40.571,NoButton,Move,466,720
40.588,40.588,NoButton,Move,464,717
40.605,40.605,NoButton,Move,464,716
40.621,40.621,NoButton,Move,464,716
40.662,40.662,Left,Pressed,464,716
40.777,40.777,Left,Released,464,716
40.921,40.921,NoButton,Move,464,715
40.933,40.933,NoButton,Move,464,715
40.938,40.938,NoButton,Move,464,715
40.954,40.954,NoButton,Move,465,713
40.972,40.972,NoButton,Move,469,707
40.988,40.988,NoButton,Move,470,703
41.004,41.004,NoButton,Move,472,698
41.021,41.021,NoButton,Move,471,692
41.038,41.038,NoButton,Move,466,683
41.054,41.054,NoButton,Move,456,674
41.071,41.071,NoButton,Move,438,661
41.089,41.089,NoButton,Move,416,654
41.105,41.105,NoButton,Move,391,648
41.122,41.122,NoButton,Move,359,642
41.138,41.138,NoButton,Move,328,637
41.154,41.154,NoButton,Move,301,635
41.171,41.171,NoButton,Move,272,635
41.188,41.188,NoButton,Move,254,635
41.204,41.204,NoButton,Move,239,635
41.221,41.221,NoButton,Move,229,633
41.238,41.238,NoButton,Move,222,631
41.254,41.254,NoButton,Move,216,629
41.271,41.271,NoButton,Move,210,626
41.289,41.289,NoButton,Move,206,624
41.305,41.305,NoButton,Move,201,622
41.321,41.321,NoButton,Move,197,618
41.338,41.338,NoButton,Move,194,617
41.355,41.355,NoButton,Move,194,617
41.395,41.395,NoButton,Move,194,616
41.399,41.399,Left,Pressed,194,616
41.439,41.439,NoButton,Drag,194,616
41.455,41.455,NoButton,Drag,193,616
41.475,41.475,NoButton,Drag,193,616
41.487,41.487,NoButton,Drag,193,615
41.493,41.493,NoButton,Drag,193,615
41.497,41.497,Left,Released,193,615
41.498,41.498,NoButton,Move,192,615
41.505,41.505,NoButton,Move,192,615
41.521,41.521,NoButton,Move,192,614
41.538,41.538,NoButton,Move,192,614
41.555,41.555,NoButton,Move,192,613
41.572,41.572,NoButton,Move,192,613
41.589,41.589,NoButton,Move,192,613
41.604,41.604,NoButton,Move,192,613
41.621,41.621,NoButton,Move,190,612
41.639,41.639,NoButton,Move,188,612
41.655,41.655,NoButton,Move,184,612
41.671,41.671,NoButton,Move,181,612
41.688,41.688,NoButton,Move,178,612
41.704,41.704,NoButton,Move,177,612
41.722,41.722,NoButton,Move,177,612
41.738,41.738,NoButton,Move,176,612
41.755,41.755,NoButton,Move,175,611
41.771,41.771,NoButton,Move,174,610
41.788,41.788,NoButton,Move,174,610
41.804,41.804,NoButton,Move,173,608
41.821,41.821,NoButton,Move,171,607
41.839,41.839,NoButton,Move,170,606
41.861,41.861,NoButton,Move,170,606
41.889,41.889,Left,Pressed,170,606
41.961,41.961,Left,Released,170,606
41.965,41.965,NoButton,Move,170,606
41.972,41.972,NoButton,Move,170,606
41.988,41.988,NoButton,Move,170,605
42.005,42.005,NoButton,Move,170,605
42.021,42.021,NoButton,Move,170,604
42.038,42.038,NoButton,Move,170,603
42.054,42.054,NoButton,Move,170,603
42.072,42.072,NoButton,Move,170,602
42.088,42.088,NoButton,Move,171,602
42.105,42.105,NoButton,Move,173,601
42.121,42.121,NoButton,Move,175,600
42.138,42.138,NoButton,Move,178,599
42.154,42.154,NoButton,Move,184,596
42.171,42.171,NoButton,Move,192,593
42.188,42.188,NoButton,Move,199,589
42.205,42.205,NoButton,Move,203,586
42.221,42.221,NoButton,Move,206,583
42.238,42.238,NoButton,Move,208,579
42.254,42.254,NoButton,Move,208,573
42.271,42.271,NoButton,Move,206,559
42.288,42.288,NoButton,Move,200,541
42.305,42.305,NoButton,Move,191,519
42.322,42.322,NoButton,Move,177,492
42.338,42.338,NoButton,Move,163,460
42.354,42.354,NoButton,Move,153,426
42.371,42.371,NoButton,Move,148,387
42.388,42.388,NoButton,Move,148,355
42.405,42.405,NoButton,Move,150,319
42.422,42.422,NoButton,Move,155,283
42.438,42.438,NoButton,Move,162,246
42.454,42.454,NoButton,Move,170,210
42.471,42.471,NoButton,Move,180,173
42.489,42.489,NoButton,Move,186,149
42.505,42.505,NoButton,Move,190,128
42.522,42.522,NoButton,Move,193,109
42.538,42.538,NoButton,Move,194,94
42.554,42.554,NoButton,Move,194,83
42.571,42.571,NoButton,Move,194,74
42.589,42.589,NoButton,Move,194,70
42.604,42.604,NoButton,Move,194,67
42.621,42.621,NoButton,Move,195,67
42.669,42.669,NoButton,Move,195,67
42.681,42.681,NoButton,Move,195,67
42.688,42.688,NoButton,Move,195,68
42.705,42.705,NoButton,Move,196,72
42.721,42.721,NoButton,Move,197,81
42.739,42.739,NoButton,Move,199,92
42.754,42.754,NoButton,Move,200,105
42.771,42.771,NoButton,Move,201,118
42.788,42.788,NoButton,Move,201,130
42.805,42.805,NoButton,Move,201,142
42.821,42.821,NoButton,Move,200,150
42.838,42.838,NoButton,Move,199,155
42.855,42.855,NoButton,Move,198,159
42.872,42.872,NoButton,Move,196,162
42.888,42.888,NoButton,Move,194,163
42.905,42.905,NoButton,Move,192,164
42.921,42.921,NoButton,Move,191,165
42.938,42.938,NoButton,Move,191,165
42.961,42.961,NoButton,Move,190,165
42.972,42.972,NoButton,Move,190,165
42.988,42.988,NoButton,Move,190,164
43.004,43.004,NoButton,Move,188,164
43.021,43.021,NoButton,Move,184,164
43.038,43.038,NoButton,Move,179,165
43.054,43.054,NoButton,Move,175,166
43.071,43.071,NoButton,Move,173,167
43.088,43.088,NoButton,Move,171,167
43.105,43.105,NoButton,Move,170,168
43.122,43.122,NoButton,Move,169,168
43.195,43.195,Left,Pressed,169,168
43.299,43.299,Left,Released,169,168
43.311,43.311,NoButton,Move,169,168
43.339,43.339,NoButton,Move,169,168
43.351,43.351,NoButton,Move,169,168
43.359,43.359,NoButton,Move,168,168
43.371,43.371,NoButton,Move,168,169
43.389,43.389,NoButton,Move,167,170
43.405,43.405,NoButton,Move,166,173
43.421,43.421,NoButton,Move,166,178
43.438,43.438,NoButton,Move,167,186
43.454,43.454,NoButton,Move,170,194
43.471,43.471,NoButton,Move,177,204
43.488,43.488,NoButton,Move,185,210
43.505,43.505,NoButton,Move,194,216
43.521,43.521,NoButton,Move,203,220
43.538,43.538,NoButton,Move,214,223
43.554,43.554,NoButton,Move,228,226
43.571,43.571,NoButton,Move,242,229
43.589,43.589,NoButton,Move,251,232
43.605,43.605,NoButton,Move,256,234
43.621,43.621,NoButton,Move,257,235
43.638,43.638,NoButton,Move,257,240
43.654,43.654,NoButton,Move,257,248
43.671,43.671,NoButton,Move,252,265
43.688,43.688,NoButton,Move,248,282
43.704,43.704,NoButton,Move,240,302
43.721,43.721,NoButton,Move,230,326
43.738,43.738,NoButton,Move,218,351
43.754,43.754,NoButton,Move,206,378
43.771,43.771,NoButton,Move,191,409
43.788,43.788,NoButton,Move,180,435
43.804,43.804,NoButton,Move,169,456
43.821,43.821,NoButton,Move,161,473
43.838,43.838,NoButton,Move,155,491
43.855,43.855,NoButton,Move,153,503
43.872,43.872,NoButton,Move,153,511
43.888,43.888,NoButton,Move,153,519
43.904,43.904,NoButton,Move,153,525
43.921,43.921,NoButton,Move,153,534
43.939,43.939,NoButton,Move,153,542
43.955,43.955,NoButton,Move,153,551
43.971,43.971,NoButton,Move,155,562
43.988,43.988,NoButton,Move,156,574
44.004,44.004,NoButton,Move,156,587
44.021,44.021,NoButton,Move,156,603
44.038,44.038,NoButton,Move,156,614
44.055,44.055,NoButton,Move,156,624
44.072,44.072,NoButton,Move,154,634
44.088,44.088,NoButton,Move,152,641
44.104,44.104,NoButton,Move,151,648
44.121,44.121,NoButton,Move,149,653
44.138,44.138,NoButton,Move,149,656
44.155,44.155,NoButton,Move,148,659
44.172,44.172,NoButton,Move,148,661
44.188,44.188,NoButton,Move,147,663
44.205,44.205,NoButton,Move,146,666
44.221,44.221,NoButton,Move,146,668
44.238,44.238,NoButton,Move,146,669
44.285,44.285,Left,Pressed,146,669
44.313,44.313,NoButton,Drag,146,668
44.337,44.337,NoButton,Drag,146,668
44.361,44.361,NoButton,Drag,146,668
44.373,44.373,NoButton,Drag,146,668
44.387,44.387,NoButton,Drag,146,668
44.391,44.391,Left,Released,146,668
44.392,44.392,NoButton,Move,146,667
44.405,44.405,NoButton,Move,145,667
44.421,44.421,NoButton,Move,145,667
44.438,44.438,NoButton,Move,145,666
44.454,44.454,NoButton,Move,146,665
44.471,44.471,NoButton,Move,147,663
44.488,44.488,NoButton,Move,148,661
44.505,44.505,NoButton,Move,151,659
44.521,44.521,NoButton,Move,154,657
44.538,44.538,NoButton,Move,157,655
44.554,44.554,NoButton,Move,159,652
44.571,44.571,NoButton,Move,163,648
44.588,44.588,NoButton,Move,169,642
44.605,44.605,NoButton,Move,179,633
44.622,44.622,NoButton,Move,195,619
44.638,44.638,NoButton,Move,216,602
44.654,44.654,NoButton,Move,244,582
44.671,44.671,NoButton,Move,300,544
44.689,44.689,NoButton,Move,357,508
44.705,44.705,NoButton,Move,420,469
44.721,44.721,NoButton,Move,491,429
44.738,44.738,NoButton,Move,569,385
44.755,44.755,NoButton,Move,654,331
44.771,44.771,NoButton,Move,714,290
44.788,44.788,NoButton,Move,770,253
44.805,44.805,NoButton,Move,818,218
44.821,44.821,NoButton,Move,855,186
44.838,44.838,NoButton,Move,885,158
44.854,44.854,NoButton,Move,914,132
44.871,44.871,NoButton,Move,941,110
44.888,44.888,NoButton,Move,960,96
44.905,44.905,NoButton,Move,977,84
44.921,44.921,NoButton,Move,990,74
44.938,44.938,NoButton,Move,1002,66
44.954,44.954,NoButton,Move,1013,59
44.971,44.971,NoButton,Move,1019,54
44.988,44.988,NoButton,Move,1023,51
45.005,45.005,NoButton,Move,1024,50
45.021,45.021,NoButton,Move,1024,49
45.038,45.038,NoButton,Move,1024,49
45.055,45.055,NoButton,Move,1023,48
45.072,45.072,NoButton,Move,1022,48
45.088,45.088,NoButton,Move,1021,49
45.104,45.104,NoButton,Move,1020,51
45.121,45.121,NoButton,Move,1018,57
45.139,45.139,NoButton,Move,1018,63
45.155,45.155,NoButton,Move,1018,70
45.171,45.171,NoButton,Move,1019,76
45.188,45.188,NoButton,Move,1021,81
45.205,45.205,NoButton,Move,1025,88
45.221,45.221,NoButton,Move,1028,92
45.238,45.238,NoButton,Move,1031,95
45.254,45.254,NoButton,Move,1032,95
45.285,45.285,NoButton,Move,1032,95
45.309,45.309,NoButton,Move,1032,95
45.313,45.313,NoButton,Move,1033,95
45.321,45.321,NoButton,Move,1033,95
45.339,45.339,NoButton,Move,1034,94
45.355,45.355,NoButton,Move,1036,93
45.372,45.372,NoButton,Move,1037,92
45.388,45.388,NoButton,Move,1038,92
45.41,45.41,Left,Pressed,1038,92
45.511,45.511,Left,Released,1038,92
45.547,45.547,NoButton,Move,1037,92
45.554,45.554,NoButton,Move,1037,92
45.571,45.571,NoButton,Move,1034,95
45.588,45.588,NoButton,Move,1030,101
45.605,45.605,NoButton,Move,1024,109
45.622,45.622,NoButton,Move,1016,121
45.638,45.638,NoButton,Move,1005,136
45.654,45.654,NoButton,Move,995,153
45.671,45.671,NoButton,Move,984,173
45.688,45.688,NoButton,Move,973,189
45.705,45.705,NoButton,Move,960,206
45.721,45.721,NoButton,Move,945,222
45.738,45.738,NoButton,Move,930,238
45.755,45.755,NoButton,Move,914,257
45.771,45.771,NoButton,Move,908,269
45.789,45.789,NoButton,Move,908,275
45.804,45.804,NoButton,Move,912,279
45.822,45.822,NoButton,Move,921,279
45.838,45.838,NoButton,Move,937,275
45.854,45.854,NoButton,Move,959,266
45.871,45.871,NoButton,Move,995,245
45.888,45.888,NoButton,Move,1028,223
45.905,45.905,NoButton,Move,1064,196
45.922,45.922,NoButton,Move,1103,165
45.938,45.938,NoButton,Move,1140,133
45.954,45.954,NoButton,Move,1175,104
45.971,45.971,NoButton,Move,1215,68
45.988,45.988,NoButton,Move,1244,43
46.005,46.005,NoButton,Move,1263,24
46.022,46.022,NoButton,Move,1278,9
46.038,46.038,NoButton,Move,1288,0
46.055,46.055,NoButton,Move,1299,0
46.071,46.071,NoButton,Move,1306,0
46.088,46.088,NoButton,Move,1310,0
46.104,46.104,NoButton,Move,1311,0
46.122,46.122,NoButton,Move,1311,0
46.139,46.139,NoButton,Move,1312,0
46.154,46.154,NoButton,Move,1312,1
46.172,46.172,NoButton,Move,1315,4
46.188,46.188,NoButton,Move,1318,10
46.204,46.204,NoButton,Move,1322,17
46.221,46.221,NoButton,Move,1330,26
46.239,46.239,NoButton,Move,1336,35
46.255,46.255,NoButton,Move,1343,45
46.271,46.271,NoButton,Move,1350,55
46.288,46.288,NoButton,Move,1358,65
46.304,46.304,NoButton,Move,1366,76
46.321,46.321,NoButton,Move,1376,88
46.339,46.339,NoButton,Move,1384,95
46.354,46.354,NoButton,Move,1390,99
46.371,46.371,NoButton,Move,1392,101
46.388,46.388,NoButton,Move,1393,101
46.429,46.429,NoButton,Move,1393,101
46.441,46.441,NoButton,Move,1393,101
46.455,46.455,NoButton,Move,1394,101
46.471,46.471,NoButton,Move,1394,100
46.488,46.488,NoButton,Move,1394,100
46.504,46.504,NoButton,Move,1394,99
46.522,46.522,NoButton,Move,1394,99
46.538,46.538,NoButton,Move,1394,98
46.555,46.555,NoButton,Move,1395,98
46.558,46.558,Left,Pressed,1395,98
46.558,46.558,NoButton,Drag,1395,98
46.569,46.569,NoButton,Drag,1395,97
46.573,46.573,NoButton,Drag,1395,97
46.581,46.581,NoButton,Drag,1395,97
46.601,46.601,NoButton,Drag,1395,97
46.651,46.651,Left,Released,1395,97
46.669,46.669,NoButton,Move,1394,97
46.673,46.673,NoButton,Move,1394,97
46.675,46.675,NoButton,Move,1394,97
46.689,46.689,NoButton,Move,1393,97
46.705,46.705,NoButton,Move,1390,98
46.721,46.721,NoButton,Move,1385,100
46.738,46.738,NoButton,Move,1377,103
46.755,46.755,NoButton,Move,1363,113
46.771,46.771,NoButton,Move,1350,123
46.788,46.788,NoButton,Move,1338,135
46.805,46.805,NoButton,Move,1326,147
46.822,46.822,NoButton,Move,1316,160
46.838,46.838,NoButton,Move,1305,174
46.854,46.854,NoButton,Move,1291,190
46.871,46.871,NoButton,Move,1268,212
46.888,46.888,NoButton,Move,1246,233
46.904,46.904,NoButton,Move,1225,255
46.921,46.921,NoButton,Move,1206,279
46.938,46.938,NoButton,Move,1197,300
46.954,46.954,NoButton,Move,1194,318
46.971,46.971,NoButton,Move,1197,335
46.988,46.988,NoButton,Move,1206,344
47.005,47.005,NoButton,Move,1207,345
47.031,47.031,NoButton,Move,1207,345
47.038,47.038,NoButton,Move,1208,346
47.054,47.054,NoButton,Move,1208,346
47.072,47.072,NoButton,Move,1208,346
47.091,47.091,NoButton,Move,1209,346
47.105,47.105,NoButton,Move,1210,346
47.122,47.122,NoButton,Move,1214,343
47.138,47.138,NoButton,Move,1216,341
47.155,47.155,NoButton,Move,1217,339
47.171,47.171,NoButton,Move,1218,339
47.188,47.188,NoButton,Move,1218,338
47.205,47.205,NoButton,Move,1219,338
47.231,47.231,NoButton,Move,1219,338
47.243,47.243,NoButton,Move,1219,338
47.255,47.255,NoButton,Move,1219,339
47.271,47.271,NoButton,Move,1219,343
47.288,47.288,NoButton,Move,1219,348
47.305,47.305,NoButton,Move,1221,355
47.321,47.321,NoButton,Move,1223,361
47.337,47.337,NoButton,Move,1226,366
47.354,47.354,NoButton,Move,1229,372
47.371,47.371,NoButton,Move,1234,377
47.388,47.388,NoButton,Move,1240,383
47.404,47.404,NoButton,Move,1247,387
47.422,47.422,NoButton,Move,1254,392
47.439,47.439,NoButton,Move,1258,394
47.455,47.455,NoButton,Move,1260,395
47.471,47.471,NoButton,Move,1262,396
47.489,47.489,NoButton,Move,1262,396
47.504,47.504,NoButton,Move,1262,396
47.521,47.521,NoButton,Move,1263,396
47.539,47.539,NoButton,Move,1263,396
47.555,47.555,NoButton,Move,1262,395
47.571,47.571,NoButton,Move,1257,394
47.588,47.588,NoButton,Move,1242,393
47.605,47.605,NoButton,Move,1226,392
47.622,47.622,NoButton,Move,1223,392
47.851,47.851,NoButton,Move,1222,391
47.855,47.855,NoButton,Move,1222,390
47.871,47.871,NoButton,Move,1225,386
47.888,47.888,NoButton,Move,1230,385
47.905,47.905,NoButton,Move,1235,383
47.921,47.921,NoButton,Move,1241,383
47.938,47.938,NoButton,Move,1253,383
47.954,47.954,NoButton,Move,1270,383
47.971,47.971,NoButton,Move,1291,384
47.988,47.988,NoButton,Move,1304,385
48.005,48.005,NoButton,Move,1313,386
48.021,48.021,NoButton,Move,1318,386
48.038,48.038,NoButton,Move,1321,386
48.055,48.055,NoButton,Move,1322,386
48.124,48.124,NoButton,Move,1322,386
48.155,48.155,NoButton,Move,1322,386
48.163,48.163,NoButton,Move,1322,386
48.171,48.171,NoButton,Move,1322,386
48.188,48.188,NoButton,Move,1320,386
48.205,48.205,NoButton,Move,1317,386
48.221,48.221,NoButton,Move,1314,386
48.238,48.238,NoButton,Move,1311,387
48.254,48.254,NoButton,Move,1309,388
48.272,48.272,NoButton,Move,1308,389
48.288,48.288,NoButton,Move,1307,390
48.305,48.305,NoButton,Move,1307,391
48.321,48.321,NoButton,Move,1306,392
48.338,48.338,NoButton,Move,1305,393
48.355,48.355,NoButton,Move,1304,394
48.371,48.371,NoButton,Move,1303,395
48.388,48.388,NoButton,Move,1301,396
48.405,48.405,NoButton,Move,1298,398
48.422,48.422,NoButton,Move,1295,399
48.439,48.439,NoButton,Move,1292,400
48.454,48.454,NoButton,Move,1289,400
48.472,48.472,NoButton,Move,1286,401
48.488,48.488,NoButton,Move,1283,401
48.504,48.504,NoButton,Move,1280,401
48.522,48.522,NoButton,Move,1274,401
48.538,48.538,NoButton,Move,1268,401
48.555,48.555,NoButton,Move,1263,401
48.572,48.572,NoButton,Move,1259,401
48.589,48.589,NoButton,Move,1259,400
48.698,48.698,NoButton,Move,1259,400
48.709,48.709,NoButton,Move,1259,400
48.725,48.725,NoButton,Move,1259,400
48.738,48.738,NoButton,Move,1259,400
48.755,48.755,NoButton,Move,1259,399
48.771,48.771,NoButton,Move,1259,399
48.789,48.789,NoButton,Move,1260,399
48.805,48.805,NoButton,Move,1261,399
48.821,48.821,NoButton,Move,1261,398
48.861,48.861,NoButton,Move,1261,398
48.869,48.869,NoButton,Move,1261,398
48.873,48.873,NoButton,Move,1261,398
48.888,48.888,NoButton,Move,1262,397
48.905,48.905,NoButton,Move,1262,396
48.922,48.922,NoButton,Move,1262,396
48.939,48.939,NoButton,Move,1263,395
48.965,48.965,NoButton,Move,1263,395
48.972,48.972,Left,Pressed,1263,395
49.007,49.007,NoButton,Drag,1263,395
49.079,49.079,NoButton,Drag,1263,395
49.083,49.083,Left,Released,1263,395
49.084,49.084,NoButton,Move,1263,395
49.088,49.088,NoButton,Move,1263,394
49.105,49.105,NoButton,Move,1262,394
49.122,49.122,NoButton,Move,1262,393
49.138,49.138,NoButton,Move,1261,392
49.154,49.154,NoButton,Move,1259,392
49.171,49.171,NoButton,Move,1256,392
49.188,49.188,NoButton,Move,1254,393
49.205,49.205,NoButton,Move,1251,395
49.222,49.222,NoButton,Move,1247,398
49.238,49.238,NoButton,Move,1243,401
49.255,49.255,NoButton,Move,1237,406
49.271,49.271,NoButton,Move,1231,411
49.288,49.288,NoButton,Move,1221,417
49.305,49.305,NoButton,Move,1216,421
49.321,49.321,NoButton,Move,1207,424
49.338,49.338,NoButton,Move,1198,425
49.354,49.354,NoButton,Move,1175,430
49.372,49.372,NoButton,Move,1145,433
49.388,49.388,NoButton,Move,1115,433
49.405,49.405,NoButton,Move,1081,431
49.422,49.422,NoButton,Move,1047,422
49.438,49.438,NoButton,Move,1016,413
49.454,49.454,NoButton,Move,989,400
49.471,49.471,NoButton,Move,956,379
49.488,49.488,NoButton,Move,934,362
49.504,49.504,NoButton,Move,916,346
49.521,49.521,NoButton,Move,900,330
49.538,49.538,NoButton,Move,885,314
49.554,49.554,NoButton,Move,870,298
49.571,49.571,NoButton,Move,853,279
49.588,49.588,NoButton,Move,840,266
49.604,49.604,NoButton,Move,826,253
49.621,49.621,NoButton,Move,807,238
49.638,49.638,NoButton,Move,791,227
49.655,49.655,NoButton,Move,776,219
49.672,49.672,NoButton,Move,764,213
49.688,49.688,NoButton,Move,752,208
49.705,49.705,NoButton,Move,741,204
49.721,49.721,NoButton,Move,734,203
49.738,49.738,NoButton,Move,732,202
49.755,49.755,NoButton,Move,731,201
49.821,49.821,NoButton,Move,731,201
49.829,49.829,NoButton,Move,731,201
49.838,49.838,NoButton,Move,731,201
49.855,49.855,NoButton,Move,731,200
49.871,49.871,NoButton,Move,731,198
49.888,49.888,NoButton,Move,731,196
49.904,49.904,NoButton,Move,732,193
49.921,49.921,NoButton,Move,732,187
49.938,49.938,NoButton,Move,732,181
49.955,49.955,NoButton,Move,732,175
49.971,49.971,NoButton,Move,734,169
49.988,49.988,NoButton,Move,735,164
50.004,50.004,NoButton,Move,736,161
50.021,50.021,NoButton,Move,737,158
50.038,50.038,NoButton,Move,737,158
50.054,50.054,NoButton,Move,737,158
50.058,50.058,Left,Pressed,737,158
50.065,50.065,NoButton,Drag,737,158
50.077,50.077,NoButton,Drag,737,158
50.176,50.176,Left,Released,737,158
50.231,50.231,NoButton,Move,737,158
50.235,50.235,NoButton,Move,737,158
50.239,50.239,NoButton,Move,737,159
50.255,50.255,NoButton,Move,737,161
50.272,50.272,NoButton,Move,736,167
50.288,50.288,NoButton,Move,734,172
50.305,50.305,NoButton,Move,733,178
50.322,50.322,NoButton,Move,732,182
50.338,50.338,NoButton,Move,731,184
50.355,50.355,NoButton,Move,730,186
50.415,50.415,Left,Pressed,730,186
50.507,50.507,Left,Released,730,186
50.599,50.599,NoButton,Move,730,186
50.607,50.607,NoButton,Move,730,186
50.611,50.611,NoButton,Move,730,186
50.621,50.621,NoButton,Move,730,187
50.638,50.638,NoButton,Move,729,190
50.654,50.654,NoButton,Move,728,192
50.671,50.671,NoButton,Move,727,195
50.688,50.688,NoButton,Move,726,197
50.705,50.705,NoButton,Move,726,199
50.721,50.721,NoButton,Move,725,200
50.738,50.738,NoButton,Move,724,201
50.754,50.754,NoButton,Move,721,202
50.772,50.772,NoButton,Move,717,203
50.788,50.788,NoButton,Move,712,203
50.804,50.804,NoButton,Move,704,201
50.821,50.821,NoButton,Move,693,197
50.838,50.838,NoButton,Move,681,191
50.854,50.854,NoButton,Move,663,182
50.872,50.872,NoButton,Move,642,169
50.888,50.888,NoButton,Move,615,154
50.904,50.904,NoButton,Move,588,137
50.921,50.921,NoButton,Move,551,114
50.938,50.938,NoButton,Move,522,96
50.955,50.955,NoButton,Move,488,78
50.972,50.972,NoButton,Move,451,63
50.988,50.988,NoButton,Move,415,51
51.004,51.004,NoButton,Move,386,43
51.021,51.021,NoButton,Move,354,37
51.037,51.037,NoButton,Move,335,34
51.054,51.054,NoButton,Move,320,34
51.071,51.071,NoButton,Move,310,34
51.088,51.088,NoButton,Move,304,35
51.104,51.104,NoButton,Move,301,37
51.122,51.122,NoButton,Move,299,38
51.138,51.138,NoButton,Move,298,39
51.154,51.154,NoButton,Move,297,40
51.172,51.172,NoButton,Move,297,43
51.188,51.188,NoButton,Move,296,46
51.205,51.205,NoButton,Move,295,50
51.221,51.221,NoButton,Move,295,53
51.238,51.238,NoButton,Move,297,58
51.255,51.255,NoButton,Move,298,61
51.271,51.271,NoButton,Move,300,63
51.288,51.288,NoButton,Move,301,68
51.305,51.305,NoButton,Move,301,71
51.321,51.321,NoButton,Move,302,75
51.338,51.338,NoButton,Move,303,80
51.354,51.354,NoButton,Move,304,85
51.371,51.371,NoButton,Move,305,92
51.387,51.387,NoButton,Move,307,98
51.405,51.405,NoButton,Move,309,103
51.422,51.422,NoButton,Move,312,107
51.437,51.437,NoButton,Move,314,111
51.454,51.454,NoButton,Move,316,114
51.471,51.471,NoButton,Move,320,118
51.488,51.488,NoButton,Move,323,120
51.504,51.504,NoButton,Move,327,122
51.521,51.521,NoButton,Move,331,124
51.538,51.538,NoButton,Move,333,125
51.554,51.554,NoButton,Move,335,126
51.572,51.572,NoButton,Move,337,126
51.589,51.589,NoButton,Move,337,126
51.605,51.605,NoButton,Move,337,126
51.621,51.621,NoButton,Move,337,125
51.624,51.624,Left,Pressed,337,125
51.627,51.627,NoButton,Drag,337,125
51.643,51.643,NoButton,Drag,337,125
51.671,51.671,NoButton,Drag,337,125
51.751,51.751,Left,Released,337,125
51.791,51.791,NoButton,Move,337,124
51.949,51.949,NoButton,Move,337,124
51.957,51.957,NoButton,Move,337,124
51.972,51.972,NoButton,Move,337,123
51.988,51.988,NoButton,Move,338,122
52.004,52.004,NoButton,Move,342,120
52.021,52.021,NoButton,Move,357,118
52.038,52.038,NoButton,Move,381,118
52.055,52.055,NoButton,Move,420,119
52.071,52.071,NoButton,Move,470,127
52.088,52.088,NoButton,Move,528,138
52.104,52.104,NoButton,Move,596,153
52.121,52.121,NoButton,Move,687,176
52.137,52.137,NoButton,Move,761,193
52.154,52.154,NoButton,Move,835,209
52.171,52.171,NoButton,Move,904,225
52.187,52.187,NoButton,Move,959,240
52.204,52.204,NoButton,Move,1006,255
52.221,52.221,NoButton,Move,1056,267
52.238,52.238,NoButton,Move,1084,274
52.255,52.255,NoButton,Move,1105,280
52.271,52.271,NoButton,Move,1121,284
52.288,52.288,NoButton,Move,1132,288
52.304,52.304,NoButton,Move,1140,292
52.321,52.321,NoButton,Move,1151,298
52.339,52.339,NoButton,Move,1159,304
52.355,52.355,NoButton,Move,1166,308
52.371,52.371,NoButton,Move,1170,310
52.388,52.388,NoButton,Move,1170,311
52.425,52.425,NoButton,Move,1171,311
52.429,52.429,NoButton,Move,1171,311
52.438,52.438,NoButton,Move,1171,310
52.454,52.454,NoButton,Move,1173,308
52.471,52.471,NoButton,Move,1175,304
52.488,52.488,NoButton,Move,1177,299
52.505,52.505,NoButton,Move,1179,293
52.522,52.522,NoButton,Move,1180,289
52.538,52.538,NoButton,Move,1181,284
52.554,52.554,NoButton,Move,1182,279
52.571,52.571,NoButton,Move,1184,272
52.588,52.588,NoButton,Move,1185,268
52.605,52.605,NoButton,Move,1186,265
52.621,52.621,NoButton,Move,1187,262
52.638,52.638,NoButton,Move,1187,260
52.655,52.655,NoButton,Move,1187,260
52.691,52.691,NoButton,Move,1187,259
52.723,52.723,Left,Pressed,1187,259
52.731,52.731,NoButton,Drag,1187,259
52.847,52.847,Left,Released,1187,259
52.883,52.883,NoButton,Move,1187,259
52.891,52.891,NoButton,Move,1187,259
52.895,52.895,NoButton,Move,1187,259
52.905,52.905,NoButton,Move,1186,259
52.921,52.921,NoButton,Move,1181,260
52.938,52.938,NoButton,Move,1174,264
52.954,52.954,NoButton,Move,1164,268
52.971,52.971,NoButton,Move,1150,272
52.988,52.988,NoButton,Move,1137,277
53.004,53.004,NoButton,Move,1121,281
53.022,53.022,NoButton,Move,1097,288
53.038,53.038,NoButton,Move,1078,293
53.055,53.055,NoButton,Move,1058,299
53.072,53.072,NoButton,Move,1039,305
53.088,53.088,NoButton,Move,1020,310
53.105,53.105,NoButton,Move,1001,315
53.121,53.121,NoButton,Move,990,319
53.138,53.138,NoButton,Move,980,322
53.154,53.154,NoButton,Move,971,325
53.171,53.171,NoButton,Move,964,326
53.188,53.188,NoButton,Move,959,325
53.204,53.204,NoButton,Move,953,323
53.222,53.222,NoButton,Move,942,316
53.238,53.238,NoButton,Move,928,307
53.255,53.255,NoButton,Move,907,293
53.272,53.272,NoButton,Move,878,275
53.288,53.288,NoButton,Move,840,253
53.304,53.304,NoButton,Move,793,228
53.321,53.321,NoButton,Move,731,199
53.338,53.338,NoButton,Move,675,172
53.355,53.355,NoButton,Move,619,143
53.372,53.372,NoButton,Move,565,119
53.388,53.388,NoButton,Move,518,101
53.404,53.404,NoButton,Move,474,83
53.421,53.421,NoButton,Move,433,67
53.438,53.438,NoButton,Move,410,60
53.455,53.455,NoButton,Move,391,54
53.471,53.471,NoButton,Move,380,52
53.488,53.488,NoButton,Move,376,51
53.587,53.587,NoButton,Move,375,51
53.603,53.603,NoButton,Move,375,51
53.611,53.611,NoButton,Move,375,52
53.621,53.621,NoButton,Move,375,52
53.638,53.638,NoButton,Move,376,53
53.655,53.655,NoButton,Move,377,55
53.671,53.671,NoButton,Move,378,58
53.687,53.687,NoButton,Move,380,61
53.705,53.705,NoButton,Move,383,65
53.721,53.721,NoButton,Move,386,70
53.738,53.738,NoButton,Move,388,74
53.754,53.754,NoButton,Move,390,78
53.771,53.771,NoButton,Move,392,83
53.788,53.788,NoButton,Move,393,87
53.805,53.805,NoButton,Move,393,89
53.822,53.822,NoButton,Move,394,90
53.838,53.838,NoButton,Move,394,90
53.848,53.848,Left,Pressed,394,90
53.848,53.848,NoButton,Drag,394,90
53.943,53.943,Left,Released,394,90
53.951,53.951,NoButton,Move,394,90
53.975,53.975,NoButton,Move,394,90
54.007,54.007,NoButton,Move,393,90
54.015,54.015,NoButton,Move,393,90
54.021,54.021,NoButton,Move,393,90
54.038,54.038,NoButton,Move,392,93
54.054,54.054,NoButton,Move,390,100
54.071,54.071,NoButton,Move,389,112
54.089,54.089,NoButton,Move,389,124
54.104,54.104,NoButton,Move,389,137
54.121,54.121,NoButton,Move,389,153
54.138,54.138,NoButton,Move,389,168
54.155,54.155,NoButton,Move,389,190
54.172,54.172,NoButton,Move,390,207
54.188,54.188,NoButton,Move,394,222
54.204,54.204,NoButton,Move,399,233
54.221,54.221,NoButton,Move,406,241
54.239,54.239,NoButton,Move,411,245
54.255,54.255,NoButton,Move,415,246
54.271,54.271,NoButton,Move,422,246
54.288,54.288,NoButton,Move,430,245
54.304,54.304,NoButton,Move,439,243
54.321,54.321,NoButton,Move,449,239
54.337,54.337,NoButton,Move,456,234
54.354,54.354,NoButton,Move,462,230
54.371,54.371,NoButton,Move,469,226
54.388,54.388,NoButton,Move,476,221
54.404,54.404,NoButton,Move,483,217
54.421,54.421,NoButton,Move,491,214
54.438,54.438,NoButton,Move,497,212
54.455,54.455,NoButton,Move,503,211
54.471,54.471,NoButton,Move,507,210
54.488,54.488,NoButton,Move,510,210
54.504,54.504,NoButton,Move,513,210
54.521,54.521,NoButton,Move,516,211
54.538,54.538,NoButton,Move,518,212
54.554,54.554,NoButton,Move,520,214
54.571,54.571,NoButton,Move,522,216
54.588,54.588,NoButton,Move,525,220
54.604,54.604,NoButton,Move,529,224
54.621,54.621,NoButton,Move,535,231
54.638,54.638,NoButton,Move,539,235
54.655,54.655,NoButton,Move,541,237
54.671,54.671,NoButton,Move,542,238
54.688,54.688,NoButton,Move,542,238
54.704,54.704,NoButton,Move,543,238
54.722,54.722,NoButton,Move,543,238
54.738,54.738,NoButton,Move,544,239
54.754,54.754,NoButton,Move,545,240
54.843,54.843,Left,Pressed,545,240
54.847,54.847,NoButton,Drag,545,240
54.939,54.939,NoButton,Drag,545,240
54.947,54.947,NoButton,Drag,545,240
54.963,54.963,Left,Released,545,240
54.967,54.967,NoButton,Move,545,240
55.159,55.159,NoButton,Move,545,240
55.179,55.179,NoButton,Move,545,240
55.204,55.204,NoButton,Move,545,240
55.254,55.254,Left,Pressed,545,240
55.259,55.259,NoButton,Drag,546,240
55.321,55.321,NoButton,Drag,546,240
55.337,55.337,Left,Released,546,240
55.338,55.338,NoButton,Move,546,240
55.345,55.345,NoButton,Move,547,240
55.355,55.355,NoButton,Move,547,240
55.371,55.371,NoButton,Move,549,240
55.388,55.388,NoButton,Move,550,240
55.405,55.405,NoButton,Move,552,240
55.421,55.421,NoButton,Move,557,243
55.437,55.437,NoButton,Move,560,243
55.454,55.454,NoButton,Move,563,244
55.471,55.471,NoButton,Move,566,244
55.488,55.488,NoButton,Move,568,245
55.504,55.504,NoButton,Move,570,246
55.521,55.521,NoButton,Move,572,247
55.538,55.538,NoButton,Move,574,248
55.555,55.555,NoButton,Move,575,249
55.571,55.571,NoButton,Move,576,249
55.589,55.589,NoButton,Move,577,249
55.604,55.604,NoButton,Move,577,249
55.621,55.621,NoButton,Move,578,249
55.638,55.638,NoButton,Move,578,249
55.646,55.646,NoButton,Move,578,249
55.655,55.655,Left,Pressed,578,249
55.655,55.655,NoButton,Drag,579,249
55.677,55.677,NoButton,Drag,579,248
55.721,55.721,Left,Released,579,248
55.761,55.761,NoButton,Move,578,248
55.769,55.769,NoButton,Move,578,248
55.777,55.777,NoButton,Move,578,248
55.788,55.788,NoButton,Move,578,249
55.804,55.804,NoButton,Move,576,250
55.821,55.821,NoButton,Move,572,253
55.838,55.838,NoButton,Move,566,258
55.854,55.854,NoButton,Move,562,262
55.871,55.871,NoButton,Move,554,270
55.888,55.888,NoButton,Move,548,277
55.905,55.905,NoButton,Move,542,282
55.921,55.921,NoButton,Move,538,288
55.938,55.938,NoButton,Move,535,294
55.954,55.954,NoButton,Move,534,299
55.971,55.971,NoButton,Move,535,308
55.987,55.987,NoButton,Move,538,314
56.004,56.004,NoButton,Move,545,319
56.022,56.022,NoButton,Move,555,325
56.038,56.038,NoButton,Move,569,331
56.054,56.054,NoButton,Move,581,336
56.071,56.071,NoButton,Move,586,338
56.088,56.088,NoButton,Move,588,340
56.104,56.104,NoButton,Move,591,341
56.122,56.122,NoButton,Move,597,344
56.137,56.137,NoButton,Move,603,347
56.155,56.155,NoButton,Move,612,352
56.171,56.171,NoButton,Move,627,358
56.188,56.188,NoButton,Move,640,362
56.204,56.204,NoButton,Move,653,365
56.221,56.221,NoButton,Move,665,368
56.238,56.238,NoButton,Move,674,372
56.254,56.254,NoButton,Move,683,374
56.271,56.271,NoButton,Move,693,376
56.287,56.287,NoButton,Move,701,376
56.304,56.304,NoButton,Move,709,375
56.321,56.321,NoButton,Move,718,375
56.338,56.338,NoButton,Move,725,375
56.354,56.354,NoButton,Move,737,374
56.371,56.371,NoButton,Move,752,374
56.388,56.388,NoButton,Move,774,374
56.404,56.404,NoButton,Move,798,373
56.422,56.422,NoButton,Move,823,372
56.438,56.438,NoButton,Move,849,372
56.454,56.454,NoButton,Move,881,372
56.471,56.471,NoButton,Move,904,372
56.487,56.487,NoButton,Move,920,374
56.504,56.504,NoButton,Move,928,375
56.521,56.521,NoButton,Move,931,376
56.537,56.537,NoButton,Move,931,378
56.555,56.555,NoButton,Move,931,381
56.572,56.572,NoButton,Move,931,384
56.588,56.588,NoButton,Move,925,388
56.604,56.604,NoButton,Move,913,392
56.621,56.621,NoButton,Move,901,395
56.949,56.949,NoButton,Move,900,396
56.953,56.953,NoButton,Move,900,397
56.957,56.957,NoButton,Move,901,397
56.972,56.972,NoButton,Move,903,406
56.988,56.988,NoButton,Move,904,423
57.004,57.004,NoButton,Move,901,439
57.021,57.021,NoButton,Move,902,464
57.038,57.038,NoButton,Move,914,504
57.054,57.054,NoButton,Move,932,553
57.071,57.071,NoButton,Move,955,612
57.088,57.088,NoButton,Move,967,655
57.105,57.105,NoButton,Move,977,690
57.121,57.121,NoButton,Move,983,716
57.138,57.138,NoButton,Move,990,741
57.155,57.155,NoButton,Move,997,764
57.171,57.171,NoButton,Move,1007,786
57.188,57.188,NoButton,Move,1012,798
57.205,57.205,NoButton,Move,1013,805
57.222,57.222,NoButton,Move,1014,808
57.295,57.295,NoButton,Move,1014,807
57.299,57.299,NoButton,Move,1014,806
57.305,57.305,NoButton,Move,1014,804
57.322,57.322,NoButton,Move,1014,792
57.338,57.338,NoButton,Move,1013,774
57.354,57.354,NoButton,Move,1012,755
57.371,57.371,NoButton,Move,1011,728
57.387,57.387,NoButton,Move,1010,704
57.404,57.404,NoButton,Move,1007,681
57.421,57.421,NoButton,Move,1002,656
57.438,57.438,NoButton,Move,996,634
57.454,57.454,NoButton,Move,990,613
57.471,57.471,NoButton,Move,984,590
57.488,57.488,NoButton,Move,980,575
57.505,57.505,NoButton,Move,977,562
57.521,57.521,NoButton,Move,974,550
57.538,57.538,NoButton,Move,972,537
57.554,57.554,NoButton,Move,970,527
57.571,57.571,NoButton,Move,966,518
57.588,57.588,NoButton,Move,964,513
57.604,57.604,NoButton,Move,963,511
57.621,57.621,NoButton,Move,962,509
57.638,57.638,NoButton,Move,962,508
57.73,57.73,Left,Pressed,962,508
57.731,57.731,NoButton,Drag,962,508
57.834,57.834,Left,Released,962,508
57.849,57.849,NoButton,Move,962,508
57.937,57.937,NoButton,Move,962,508
57.941,57.941,NoButton,Move,962,508
57.955,57.955,NoButton,Move,961,510
57.972,57.972,NoButton,Move,960,515
57.988,57.988,NoButton,Move,958,520
58.004,58.004,NoButton,Move,957,524
58.021,58.021,NoButton,Move,957,528
58.038,58.038,NoButton,Move,957,531
58.055,58.055,NoButton,Move,957,532
58.071,58.071,NoButton,Move,957,533
58.088,58.088,NoButton,Move,955,536
58.104,58.104,NoButton,Move,947,540
58.121,58.121,NoButton,Move,926,546
58.138,58.138,NoButton,Move,895,549
58.154,58.154,NoButton,Move,851,549
58.171,58.171,NoButton,Move,791,549
58.188,58.188,NoButton,Move,701,549
58.204,58.204,NoButton,Move,627,546
58.221,58.221,NoButton,Move,564,539
58.238,58.238,NoButton,Move,516,529
58.254,58.254,NoButton,Move,478,522
58.271,58.271,NoButton,Move,450,515
58.288,58.288,NoButton,Move,439,512
58.305,58.305,NoButton,Move,435,510
58.321,58.321,NoButton,Move,434,509
58.339,58.339,NoButton,Move,434,509
58.354,58.354,NoButton,Move,433,509
58.371,58.371,NoButton,Move,433,507
58.388,58.388,NoButton,Move,432,506
58.405,58.405,NoButton,Move,432,506
58.431,58.431,NoButton,Move,432,506
58.439,58.439,NoButton,Move,432,505
58.454,58.454,NoButton,Move,432,505
58.471,58.471,NoButton,Move,432,503
58.488,58.488,NoButton,Move,433,501
58.505,58.505,NoButton,Move,434,499
58.522,58.522,NoButton,Move,436,496
58.538,58.538,NoButton,Move,438,493
58.554,58.554,NoButton,Move,439,491
58.571,58.571,NoButton,Move,440,489
58.588,58.588,NoButton,Move,440,488
58.605,58.605,NoButton,Move,440,488
58.656,58.656,Left,Pressed,440,488
58.667,58.667,NoButton,Drag,440,488
58.754,58.754,Left,Released,440,488
58.865,58.865,NoButton,Move,440,488
58.869,58.869,NoButton,Move,440,488
58.877,58.877,NoButton,Move,440,488
58.888,58.888,NoButton,Move,440,489
58.904,58.904,NoButton,Move,442,489
58.921,58.921,NoButton,Move,446,489
58.938,58.938,NoButton,Move,451,489
58.954,58.954,NoButton,Move,457,487
58.972,58.972,NoButton,Move,465,483
58.988,58.988,NoButton,Move,481,476
59.004,59.004,NoButton,Move,505,463
59.021,59.021,NoButton,Move,549,441
59.038,59.038,NoButton,Move,598,421
59.055,59.055,NoButton,Move,662,393
59.071,59.071,NoButton,Move,739,361
59.088,59.088,NoButton,Move,826,328
59.104,59.104,NoButton,Move,930,297
59.121,59.121,NoButton,Move,1058,267
59.138,59.138,NoButton,Move,1143,247
59.155,59.155,NoButton,Move,1217,229
59.172,59.172,NoButton,Move,1273,216
59.188,59.188,NoButton,Move,1318,208
59.205,59.205,NoButton,Move,1355,203
59.221,59.221,NoButton,Move,1372,202
59.238,59.238,NoButton,Move,1377,202
59.255,59.255,NoButton,Move,1378,202
59.295,59.295,NoButton,Move,1377,202
59.297,59.297,NoButton,Move,1377,203
59.304,59.304,NoButton,Move,1377,203
59.321,59.321,NoButton,Move,1371,203
59.337,59.337,NoButton,Move,1362,202
59.355,59.355,NoButton,Move,1349,199
59.371,59.371,NoButton,Move,1334,195
59.388,59.388,NoButton,Move,1319,190
59.405,59.405,NoButton,Move,1302,185
59.421,59.421,NoButton,Move,1285,180
59.437,59.437,NoButton,Move,1265,174
59.454,59.454,NoButton,Move,1240,167
59.471,59.471,NoButton,Move,1209,160
59.487,59.487,NoButton,Move,1189,155
59.504,59.504,NoButton,Move,1171,150
59.522,59.522,NoButton,Move,1154,147
59.539,59.539,NoButton,Move,1141,144
59.554,59.554,NoButton,Move,1131,142
59.571,59.571,NoButton,Move,1120,139
59.587,59.587,NoButton,Move,1114,139
59.604,59.604,NoButton,Move,1110,139
59.621,59.621,NoButton,Move,1107,139
59.638,59.638,NoButton,Move,1105,139
59.654,59.654,NoButton,Move,1103,140
59.671,59.671,NoButton,Move,1101,140
59.688,59.688,NoButton,Move,1099,141
59.705,59.705,NoButton,Move,1097,142
59.721,59.721,NoButton,Move,1096,142
59.738,59.738,NoButton,Move,1094,143
59.754,59.754,NoButton,Move,1088,145
59.771,59.771,NoButton,Move,1076,149
59.788,59.788,NoButton,Move,1062,152
59.805,59.805,NoButton,Move,1050,156
59.821,59.821,NoButton,Move,1040,157
59.838,59.838,NoButton,Move,1035,159
59.854,59.854,NoButton,Move,1031,159
59.871,59.871,NoButton,Move,1028,159
59.888,59.888,NoButton,Move,1025,160
59.904,59.904,NoButton,Move,1022,161
59.921,59.921,NoButton,Move,1021,161
59.982,59.982,Left,Pressed,1021,161
60.029,60.029,NoButton,Drag,1021,161
60.045,60.045,NoButton,Drag,1021,160
60.051,60.051,NoButton,Drag,1021,160
60.053,60.053,NoButton,Drag,1021,160
60.057,60.057,NoButton,Drag,1021,159
60.061,60.061,NoButton,Drag,1021,159
60.065,60.065,Left,Released,1021,159
60.066,60.066,NoButton,Move,1020,159
60.071,60.071,NoButton,Move,1020,158
60.088,60.088,NoButton,Move,1020,156
60.105,60.105,NoButton,Move,1020,156
60.121,60.121,NoButton,Move,1020,156
60.138,60.138,NoButton,Move,1020,155
60.155,60.155,NoButton,Move,1021,154
60.171,60.171,NoButton,Move,1022,154
60.188,60.188,NoButton,Move,1024,153
60.205,60.205,NoButton,Move,1026,153
60.221,60.221,NoButton,Move,1029,153
60.237,60.237,NoButton,Move,1030,154
60.254,60.254,NoButton,Move,1031,154
60.271,60.271,NoButton,Move,1032,155
60.288,60.288,NoButton,Move,1032,157
60.304,60.304,NoButton,Move,1033,159
60.321,60.321,NoButton,Move,1034,161
60.338,60.338,NoButton,Move,1033,164
60.354,60.354,NoButton,Move,1029,170
60.372,60.372,NoButton,Move,1018,181
60.388,60.388,NoButton,Move,998,195
60.404,60.404,NoButton,Move,962,216
60.421,60.421,NoButton,Move,881,256
60.437,60.437,NoButton,Move,796,293
60.455,60.455,NoButton,Move,687,336
60.471,60.471,NoButton,Move,514,397
60.488,60.488,NoButton,Move,390,444
60.504,60.504,NoButton,Move,301,483
60.521,60.521,NoButton,Move,221,523
60.538,60.538,NoButton,Move,160,555
60.554,60.554,NoButton,Move,125,580
60.571,60.571,NoButton,Move,94,610
60.588,60.588,NoButton,Move,73,637
60.604,60.604,NoButton,Move,55,661
60.621,60.621,NoButton,Move,40,681
60.638,60.638,NoButton,Move,25,698
60.654,60.654,NoButton,Move,13,712
60.671,60.671,NoButton,Move,0,727
60.688,60.688,NoButton,Move,0,734
60.705,60.705,NoButton,Move,0,738
60.721,60.721,NoButton,Move,0,740
60.738,60.738,NoButton,Move,0,742
60.755,60.755,NoButton,Move,1,743
60.771,60.771,NoButton,Move,4,744
60.787,60.787,NoButton,Move,9,744
60.805,60.805,NoButton,Move,15,744
60.821,60.821,NoButton,Move,23,744
60.837,60.837,NoButton,Move,34,744
60.854,60.854,NoButton,Move,48,744
60.871,60.871,NoButton,Move,67,744
60.888,60.888,NoButton,Move,81,744
60.904,60.904,NoButton,Move,94,744
60.921,60.921,NoButton,Move,106,744
60.938,60.938,NoButton,Move,117,744
60.954,60.954,NoButton,Move,130,744
60.971,60.971,NoButton,Move,147,744
60.988,60.988,NoButton,Move,162,744
61.004,61.004,NoButton,Move,173,744
61.021,61.021,NoButton,Move,179,744
61.038,61.038,NoButton,Move,180,744
61.149,61.149,NoButton,Move,180,744
61.153,61.153,NoButton,Move,180,744
61.157,61.157,NoButton,Move,181,744
61.171,61.171,NoButton,Move,183,743
61.188,61.188,NoButton,Move,187,742
61.204,61.204,NoButton,Move,194,739
61.221,61.221,NoButton,Move,201,733
61.237,61.237,NoButton,Move,208,728
61.254,61.254,NoButton,Move,216,719
61.271,61.271,NoButton,Move,225,710
61.288,61.288,NoButton,Move,233,703
61.304,61.304,NoButton,Move,241,696
61.321,61.321,NoButton,Move,252,688
61.338,61.338,NoButton,Move,260,683
61.354,61.354,NoButton,Move,266,680
61.372,61.372,NoButton,Move,271,679
61.388,61.388,NoButton,Move,274,678
61.404,61.404,NoButton,Move,277,678
61.421,61.421,NoButton,Move,281,679
61.438,61.438,NoButton,Move,283,681
61.455,61.455,NoButton,Move,284,683
61.471,61.471,NoButton,Move,285,683
61.488,61.488,NoButton,Move,285,684
61.505,61.505,NoButton,Move,285,686
61.521,61.521,NoButton,Move,286,687
61.538,61.538,NoButton,Move,286,689
61.555,61.555,NoButton,Move,286,690
61.572,61.572,NoButton,Move,286,691
61.588,61.588,NoButton,Move,286,692
61.604,61.604,NoButton,Move,285,693
61.622,61.622,NoButton,Move,282,694
61.638,61.638,NoButton,Move,279,695
61.655,61.655,NoButton,Move,275,695
61.672,61.672,NoButton,Move,269,695
61.688,61.688,NoButton,Move,265,695
61.776,61.776,Left,Pressed,265,695
61.779,61.779,NoButton,Drag,265,695
61.867,61.867,NoButton,Drag,265,695
61.895,61.895,Left,Released,265,695
61.935,61.935,NoButton,Move,264,695
61.951,61.951,NoButton,Move,264,696
61.959,61.959,NoButton,Move,264,696
61.971,61.971,NoButton,Move,264,696
61.987,61.987,NoButton,Move,264,698
62.004,62.004,NoButton,Move,264,700
62.021,62.021,NoButton,Move,264,703
62.037,62.037,NoButton,Move,266,707
62.054,62.054,NoButton,Move,268,710
62.071,62.071,NoButton,Move,273,716
62.087,62.087,NoButton,Move,278,720
62.104,62.104,NoButton,Move,284,724
62.121,62.121,NoButton,Move,290,726
62.137,62.137,NoButton,Move,297,728
62.154,62.154,NoButton,Move,303,728
62.171,62.171,NoButton,Move,308,727
62.188,62.188,NoButton,Move,310,725
62.204,62.204,NoButton,Move,312,722
62.221,62.221,NoButton,Move,316,713
62.237,62.237,NoButton,Move,320,701
62.254,62.254,NoButton,Move,324,686
62.271,62.271,NoButton,Move,332,666
62.287,62.287,NoButton,Move,342,645
62.304,62.304,NoButton,Move,355,619
62.322,62.322,NoButton,Move,376,586
62.337,62.337,NoButton,Move,392,559
62.355,62.355,NoButton,Move,405,538
62.371,62.371,NoButton,Move,416,520
62.388,62.388,NoButton,Move,425,505
62.404,62.404,NoButton,Move,431,493
62.421,62.421,NoButton,Move,436,482
62.438,62.438,NoButton,Move,437,477
62.455,62.455,NoButton,Move,439,474
62.472,62.472,NoButton,Move,439,474
62.613,62.613,NoButton,Move,439,473
62.617,62.617,NoButton,Move,439,473
62.621,62.621,NoButton,Move,439,473
62.637,62.637,NoButton,Move,440,469
62.655,62.655,NoButton,Move,442,464
62.672,62.672,NoButton,Move,444,454
62.688,62.688,NoButton,Move,446,443
62.704,62.704,NoButton,Move,449,432
62.721,62.721,NoButton,Move,452,416
62.738,62.738,NoButton,Move,454,405
62.754,62.754,NoButton,Move,456,394
62.771,62.771,NoButton,Move,459,382
62.787,62.787,NoButton,Move,461,374
62.804,62.804,NoButton,Move,462,369
62.821,62.821,NoButton,Move,463,365
62.838,62.838,NoButton,Move,464,363
62.871,62.871,NoButton,Move,464,363
62.876,62.876,Left,Pressed,464,363
62.895,62.895,NoButton,Drag,464,363
62.98,62.98,Left,Released,464,363
63.067,63.067,NoButton,Move,464,363
63.071,63.071,NoButton,Move,464,363
63.088,63.088,NoButton,Move,463,365
63.105,63.105,NoButton,Move,462,369
63.122,63.122,NoButton,Move,459,373
63.138,63.138,NoButton,Move,456,378
63.154,63.154,NoButton,Move,452,384
63.171,63.171,NoButton,Move,447,392
63.188,63.188,NoButton,Move,443,398
63.205,63.205,NoButton,Move,439,404
63.221,63.221,NoButton,Move,437,411
63.238,63.238,NoButton,Move,435,419
63.254,63.254,NoButton,Move,433,428
63.271,63.271,NoButton,Move,434,445
63.288,63.288,NoButton,Move,440,462
63.305,63.305,NoButton,Move,452,486
63.321,63.321,NoButton,Move,475,514
63.338,63.338,NoButton,Move,505,544
63.355,63.355,NoButton,Move,555,579
63.371,63.371,NoButton,Move,604,601
63.388,63.388,NoButton,Move,657,620
63.404,63.404,NoButton,Move,718,635
63.421,63.421,NoButton,Move,800,642
63.437,63.437,NoButton,Move,866,643
63.454,63.454,NoButton,Move,930,643
63.472,63.472,NoButton,Move,994,642
63.488,63.488,NoButton,Move,1052,642
63.504,63.504,NoButton,Move,1105,640
63.521,63.521,NoButton,Move,1167,640
63.537,63.537,NoButton,Move,1211,642
63.554,63.554,NoButton,Move,1252,648
63.571,63.571,NoButton,Move,1293,658
63.587,63.587,NoButton,Move,1327,670
63.604,63.604,NoButton,Move,1356,684
63.621,63.621,NoButton,Move,1384,701
63.637,63.637,NoButton,Move,1401,715
63.655,63.655,NoButton,Move,1416,729
63.671,63.671,NoButton,Move,1431,743
63.688,63.688,NoButton,Move,1439,752
63.704,63.704,NoButton,Move,1439,757
63.721,63.721,NoButton,Move,1439,758
63.738,63.738,NoButton,Move,1439,758
63.754,63.754,NoButton,Move,1439,758
63.772,63.772,NoButton,Move,1438,758
63.787,63.787,NoButton,Move,1436,756
63.804,63.804,NoButton,Move,1430,751
63.821,63.821,NoButton,Move,1420,740
63.838,63.838,NoButton,Move,1410,732
63.854,63.854,NoButton,Move,1401,724
63.871,63.871,NoButton,Move,1394,719
63.888,63.888,NoButton,Move,1386,714
63.904,63.904,NoButton,Move,1378,709
63.921,63.921,NoButton,Move,1366,700
63.937,63.937,NoButton,Move,1354,694
63.954,63.954,NoButton,Move,1342,687
63.971,63.971,NoButton,Move,1324,679
63.987,63.987,NoButton,Move,1308,673
64.005,64.005,NoButton,Move,1291,668
64.021,64.021,NoButton,Move,1275,663
64.037,64.037,NoButton,Move,1260,658
64.054,64.054,NoButton,Move,1244,652
64.071,64.071,NoButton,Move,1229,646
64.088,64.088,NoButton,Move,1219,641
64.105,64.105,NoButton,Move,1212,637
64.122,64.122,NoButton,Move,1208,635
64.151,64.151,NoButton,Move,1208,635
64.159,64.159,NoButton,Move,1208,634
64.171,64.171,NoButton,Move,1208,634
64.196,64.196,Left,Pressed,1208,634
64.315,64.315,Left,Released,1208,634
64.371,64.371,NoButton,Move,1208,634
64.383,64.383,NoButton,Move,1208,634
64.387,64.387,NoButton,Move,1208,634
64.405,64.405,NoButton,Move,1207,637
64.421,64.421,NoButton,Move,1205,642
64.438,64.438,NoButton,Move,1202,648
64.454,64.454,NoButton,Move,1197,655
64.471,64.471,NoButton,Move,1189,665
64.487,64.487,NoButton,Move,1180,674
64.504,64.504,NoButton,Move,1170,682
64.521,64.521,NoButton,Move,1159,691
64.538,64.538,NoButton,Move,1146,698
64.554,64.554,NoButton,Move,1133,704
64.572,64.572,NoButton,Move,1099,710
64.587,64.587,NoButton,Move,1051,712
64.604,64.604,NoButton,Move,984,711
64.621,64.621,NoButton,Move,880,693
64.637,64.637,NoButton,Move,770,670
64.654,64.654,NoButton,Move,636,631
64.671,64.671,NoButton,Move,499,587
64.688,64.688,NoButton,Move,390,542
64.704,64.704,NoButton,Move,303,500
64.721,64.721,NoButton,Move,236,452
64.738,64.738,NoButton,Move,208,418
64.755,64.755,NoButton,Move,193,381
64.771,64.771,NoButton,Move,183,342
64.788,64.788,NoButton,Move,182,299
64.804,64.804,NoButton,Move,186,258
64.821,64.821,NoButton,Move,201,204
64.838,64.838,NoButton,Move,214,164
64.855,64.855,NoButton,Move,224,132
64.871,64.871,NoButton,Move,234,105
64.888,64.888,NoButton,Move,243,83
64.904,64.904,NoButton,Move,249,65
64.921,64.921,NoButton,Move,254,47
64.938,64.938,NoButton,Move,258,39
64.955,64.955,NoButton,Move,260,34
64.971,64.971,NoButton,Move,262,32
64.988,64.988,NoButton,Move,262,32
65.005,65.005,NoButton,Move,263,32
65.021,65.021,NoButton,Move,267,32
65.037,65.037,NoButton,Move,275,36
65.055,65.055,NoButton,Move,286,45
65.071,65.071,NoButton,Move,304,63
65.087,65.087,NoButton,Move,319,78
65.105,65.105,NoButton,Move,331,92
65.121,65.121,NoButton,Move,339,104
65.138,65.138,NoButton,Move,344,112
65.154,65.154,NoButton,Move,347,119
65.171,65.171,NoButton,Move,348,124
65.188,65.188,NoButton,Move,348,128
65.204,65.204,NoButton,Move,347,131
65.221,65.221,NoButton,Move,344,134
65.237,65.237,NoButton,Move,339,137
65.254,65.254,NoButton,Move,335,139
65.271,65.271,NoButton,Move,332,141
65.287,65.287,NoButton,Move,330,142
65.311,65.311,NoButton,Move,330,142
65.321,65.321,NoButton,Move,330,143
65.338,65.338,NoButton,Move,328,144
65.354,65.354,NoButton,Move,326,145
65.371,65.371,NoButton,Move,323,147
65.387,65.387,NoButton,Move,322,148
65.405,65.405,NoButton,Move,321,149
65.421,65.421,NoButton,Move,321,150
65.438,65.438,NoButton,Move,321,150
65.454,65.454,NoButton,Move,320,151
65.491,65.491,Left,Pressed,320,151
65.605,65.605,Left,Released,320,151
65.657,65.657,NoButton,Move,321,151
65.661,65.661,NoButton,Move,321,151
65.672,65.672,NoButton,Move,321,151
65.688,65.688,NoButton,Move,322,151
65.704,65.704,NoButton,Move,322,153
65.721,65.721,NoButton,Move,323,161
65.737,65.737,NoButton,Move,325,169
65.754,65.754,NoButton,Move,328,179
65.771,65.771,NoButton,Move,331,188
65.788,65.788,NoButton,Move,333,196
65.804,65.804,NoButton,Move,335,205
65.821,65.821,NoButton,Move,338,219
65.837,65.837,NoButton,Move,342,232
65.855,65.855,NoButton,Move,348,248
65.872,65.872,NoButton,Move,357,264
65.888,65.888,NoButton,Move,368,280
65.905,65.905,NoButton,Move,387,299
65.921,65.921,NoButton,Move,405,314
65.938,65.938,NoButton,Move,430,330
65.954,65.954,NoButton,Move,456,345
65.971,65.971,NoButton,Move,481,357
65.988,65.988,NoButton,Move,504,365
66.004,66.004,NoButton,Move,527,372
66.021,66.021,NoButton,Move,553,378
66.038,66.038,NoButton,Move,571,379
66.054,66.054,NoButton,Move,582,379
66.072,66.072,NoButton,Move,588,378
66.088,66.088,NoButton,Move,589,378
66.104,66.104,NoButton,Move,590,377
66.121,66.121,NoButton,Move,591,375
66.138,66.138,NoButton,Move,592,372
66.154,66.154,NoButton,Move,593,368
66.171,66.171,NoButton,Move,594,366
66.188,66.188,NoButton,Move,595,363
66.204,66.204,NoButton,Move,597,360
66.221,66.221,NoButton,Move,598,359
66.238,66.238,NoButton,Move,598,359
66.303,66.303,NoButton,Move,598,359
66.319,66.319,NoButton,Move,598,358
66.327,66.327,NoButton,Move,598,358
66.337,66.337,NoButton,Move,598,358
66.354,66.354,NoButton,Move,597,356
66.371,66.371,NoButton,Move,596,354
66.388,66.388,NoButton,Move,594,352
66.404,66.404,NoButton,Move,593,351
66.421,66.421,NoButton,Move,593,350
66.438,66.438,NoButton,Move,593,350
66.454,66.454,NoButton,Move,592,349
66.471,66.471,NoButton,Move,592,347
66.487,66.487,NoButton,Move,592,346
66.504,66.504,NoButton,Move,592,346
66.522,66.522,NoButton,Move,592,346
66.537,66.537,NoButton,Move,592,345
66.555,66.555,NoButton,Move,592,345
66.556,66.556,Left,Pressed,592,345
66.699,66.699,Left,Released,592,345
66.751,66.751,NoButton,Move,592,345
66.771,66.771,NoButton,Move,591,345
66.775,66.775,NoButton,Move,591,345
66.788,66.788,NoButton,Move,590,346
66.804,66.804,NoButton,Move,588,350
66.821,66.821,NoButton,Move,583,356
66.838,66.838,NoButton,Move,579,362
66.854,66.854,NoButton,Move,573,368
66.871,66.871,NoButton,Move,567,372
66.887,66.887,NoButton,Move,559,378
66.904,66.904,NoButton,Move,550,383
66.921,66.921,NoButton,Move,535,390
66.937,66.937,NoButton,Move,517,396
66.954,66.954,NoButton,Move,489,404
66.972,66.972,NoButton,Move,450,412
66.988,66.988,NoButton,Move,406,418
67.004,67.004,NoButton,Move,362,420
67.021,67.021,NoButton,Move,316,420
67.037,67.037,NoButton,Move,290,415
67.054,67.054,NoButton,Move,272,410
67.072,67.072,NoButton,Move,258,404
67.088,67.088,NoButton,Move,248,397
67.104,67.104,NoButton,Move,243,389
67.121,67.121,NoButton,Move,238,378
67.137,67.137,NoButton,Move,236,365
67.154,67.154,NoButton,Move,234,351
67.171,67.171,NoButton,Move,231,336
67.188,67.188,NoButton,Move,231,321
67.204,67.204,NoButton,Move,229,308
67.221,67.221,NoButton,Move,229,296
67.237,67.237,NoButton,Move,230,290
67.255,67.255,NoButton,Move,231,286
67.272,67.272,NoButton,Move,232,283
67.288,67.288,NoButton,Move,233,282
67.304,67.304,NoButton,Move,234,281
67.321,67.321,NoButton,Move,236,279
67.337,67.337,NoButton,Move,237,278
67.354,67.354,NoButton,Move,239,276
67.371,67.371,NoButton,Move,241,275
67.387,67.387,NoButton,Move,242,274
67.405,67.405,NoButton,Move,243,272
67.421,67.421,NoButton,Move,245,270
67.438,67.438,NoButton,Move,247,268
67.454,67.454,NoButton,Move,251,265
67.471,67.471,NoButton,Move,257,262
67.487,67.487,NoButton,Move,263,261
67.503,67.503,NoButton,Move,267,260
67.504,67.504,Left,Pressed,267,260
67.504,67.504,NoButton,Drag,268,260
67.506,67.506,NoButton,Drag,269,259
67.511,67.511,NoButton,Drag,269,259
67.515,67.515,NoButton,Drag,270,259
67.643,67.643,Left,Released,270,259
67.699,67.699,NoButton,Move,270,259
67.711,67.711,NoButton,Move,270,259
67.721,67.721,NoButton,Move,270,260
67.738,67.738,NoButton,Move,270,261
67.754,67.754,NoButton,Move,270,264
67.771,67.771,NoButton,Move,270,270
67.787,67.787,NoButton,Move,270,276
67.804,67.804,NoButton,Move,270,283
67.822,67.822,NoButton,Move,268,290
67.838,67.838,NoButton,Move,266,299
67.854,67.854,NoButton,Move,264,306
67.871,67.871,NoButton,Move,262,312
67.887,67.887,NoButton,Move,261,315
67.905,67.905,NoButton,Move,261,315
67.969,67.969,NoButton,Move,261,315
67.973,67.973,NoButton,Move,261,314
67.988,67.988,NoButton,Move,262,312
68.004,68.004,NoButton,Move,262,308
68.021,68.021,NoButton,Move,264,302
68.037,68.037,NoButton,Move,265,299
68.054,68.054,NoButton,Move,266,296
68.072,68.072,NoButton,Move,266,296
68.129,68.129,Left,Pressed,266,296
68.19,68.19,Left,Released,266,296
68.291,68.291,NoButton,Move,266,296
68.325,68.325,NoButton,Move,266,296
68.329,68.329,NoButton,Move,266,296
68.338,68.338,NoButton,Move,266,297
68.354,68.354,NoButton,Move,265,299
68.371,68.371,NoButton,Move,264,301
68.388,68.388,NoButton,Move,262,305
68.404,68.404,NoButton,Move,262,308
68.422,68.422,NoButton,Move,263,312
68.438,68.438,NoButton,Move,268,316
68.454,68.454,NoButton,Move,275,319
68.472,68.472,NoButton,Move,286,321
68.488,68.488,NoButton,Move,302,322
68.504,68.504,NoButton,Move,320,321
68.521,68.521,NoButton,Move,346,315
68.538,68.538,NoButton,Move,370,309
68.555,68.555,NoButton,Move,402,300
68.571,68.571,NoButton,Move,427,293
68.588,68.588,NoButton,Move,452,284
68.605,68.605,NoButton,Move,477,278
68.621,68.621,NoButton,Move,497,272
68.638,68.638,NoButton,Move,515,266
68.654,68.654,NoButton,Move,533,262
68.671,68.671,NoButton,Move,554,258
68.688,68.688,NoButton,Move,566,256
68.704,68.704,NoButton,Move,573,256
68.722,68.722,NoButton,Move,575,256
68.738,68.738,NoButton,Move,576,256
68.799,68.799,NoButton,Move,576,256
68.807,68.807,NoButton,Move,576,256
68.822,68.822,NoButton,Move,576,256
68.838,68.838,NoButton,Move,577,256
68.854,68.854,NoButton,Move,578,255
68.871,68.871,NoButton,Move,580,253
68.887,68.887,NoButton,Move,583,250
68.905,68.905,NoButton,Move,588,246
68.921,68.921,NoButton,Move,593,241
68.937,68.937,NoButton,Move,599,236
68.954,68.954,NoButton,Move,603,230
68.971,68.971,NoButton,Move,608,223
68.988,68.988,NoButton,Move,613,216
69.004,69.004,NoButton,Move,617,210
69.021,69.021,NoButton,Move,622,205
69.038,69.038,NoButton,Move,625,200
69.055,69.055,NoButton,Move,627,198
69.071,69.071,NoButton,Move,628,196
69.088,69.088,NoButton,Move,628,196
69.133,69.133,NoButton,Move,628,196
69.138,69.138,Left,Pressed,628,196
69.229,69.229,Left,Released,628,196
69.253,69.253,NoButton,Move,628,196
69.265,69.265,NoButton,Move,628,196
69.273,69.273,NoButton,Move,628,195
69.305,69.305,NoButton,Move,628,195
69.325,69.325,NoButton,Move,628,196
69.338,69.338,NoButton,Move,627,197
69.355,69.355,NoButton,Move,627,199
69.371,69.371,NoButton,Move,626,203
69.388,69.388,NoButton,Move,625,206
69.404,69.404,NoButton,Move,625,208
69.422,69.422,NoButton,Move,625,209
69.438,69.438,NoButton,Move,624,209
69.454,69.454,NoButton,Move,624,209
69.471,69.471,NoButton,Move,623,210
69.488,69.488,NoButton,Move,622,211
69.505,69.505,NoButton,Move,620,213
69.521,69.521,NoButton,Move,616,215
69.537,69.537,NoButton,Move,611,219
69.555,69.555,NoButton,Move,601,225
69.572,69.572,NoButton,Move,588,234
69.588,69.588,NoButton,Move,567,247
69.604,69.604,NoButton,Move,539,261
69.621,69.621,NoButton,Move,489,279
69.637,69.637,NoButton,Move,446,293
69.654,69.654,NoButton,Move,405,304
69.672,69.672,NoButton,Move,368,310
69.687,69.687,NoButton,Move,334,312
69.705,69.705,NoButton,Move,313,310
69.721,69.721,NoButton,Move,296,307
69.737,69.737,NoButton,Move,286,303
69.754,69.754,NoButton,Move,282,300
69.771,69.771,NoButton,Move,281,298
69.787,69.787,NoButton,Move,281,295
69.804,69.804,NoButton,Move,282,290
69.821,69.821,NoButton,Move,284,283
69.838,69.838,NoButton,Move,288,275
69.854,69.854,NoButton,Move,294,266
69.871,69.871,NoButton,Move,301,256
69.887,69.887,NoButton,Move,307,248
69.904,69.904,NoButton,Move,313,242
69.921,69.921,NoButton,Move,319,235
69.937,69.937,NoButton,Move,326,229
69.954,69.954,NoButton,Move,333,223
69.971,69.971,NoButton,Move,341,218
69.987,69.987,NoButton,Move,349,213
70.005,70.005,NoButton,Move,355,211
70.021,70.021,NoButton,Move,362,208
70.037,70.037,NoButton,Move,368,207
70.055,70.055,NoButton,Move,378,204
70.071,70.071,NoButton,Move,386,201
70.087,70.087,NoButton,Move,394,199
70.104,70.104,NoButton,Move,401,197
70.122,70.122,NoButton,Move,405,196
70.137,70.137,NoButton,Move,407,196
70.155,70.155,NoButton,Move,407,195
70.171,70.171,NoButton,Move,408,195
70.187,70.187,NoButton,Move,408,193
70.204,70.204,NoButton,Move,409,191
70.221,70.221,NoButton,Move,409,187
70.238,70.238,NoButton,Move,408,185
70.254,70.254,NoButton,Move,407,182
70.272,70.272,NoButton,Move,407,179
70.287,70.287,NoButton,Move,407,177
70.304,70.304,NoButton,Move,407,175
70.321,70.321,NoButton,Move,407,174
70.341,70.341,NoButton,Move,407,173
70.429,70.429,Left,Pressed,407,173
70.485,70.485,NoButton,Drag,408,173
70.493,70.493,NoButton,Drag,408,173
70.501,70.501,NoButton,Drag,408,173
70.505,70.505,NoButton,Drag,409,174
70.509,70.509,NoButton,Drag,409,174
70.513,70.513,NoButton,Drag,410,174
70.517,70.517,NoButton,Drag,411,175
70.521,70.521,NoButton,Drag,411,175
70.525,70.525,NoButton,Drag,413,176
70.529,70.529,NoButton,Drag,414,177
70.533,70.533,NoButton,Drag,416,178
70.537,70.537,NoButton,Drag,419,179
70.541,70.541,NoButton,Drag,423,180
70.545,70.545,NoButton,Drag,427,181
70.549,70.549,NoButton,Drag,433,182
70.553,70.553,NoButton,Drag,438,183
70.557,70.557,NoButton,Drag,445,185
70.561,70.561,NoButton,Drag,453,187
70.565,70.565,NoButton,Drag,462,189
70.569,70.569,NoButton,Drag,472,190
70.573,70.573,NoButton,Drag,484,192
70.577,70.577,NoButton,Drag,497,194
70.581,70.581,NoButton,Drag,511,196
70.585,70.585,NoButton,Drag,524,197
70.589,70.589,NoButton,Drag,539,198
70.593,70.593,NoButton,Drag,556,200
70.597,70.597,NoButton,Drag,574,200
70.601,70.601,NoButton,Drag,592,200
70.605,70.605,NoButton,Drag,611,201
70.609,70.609,NoButton,Drag,630,202
70.613,70.613,NoButton,Drag,654,203
70.617,70.617,NoButton,Drag,678,203
70.621,70.621,NoButton,Drag,705,203
70.625,70.625,NoButton,Drag,730,204
70.629,70.629,NoButton,Drag,759,204
70.633,70.633,NoButton,Drag,788,204
70.637,70.637,NoButton,Drag,818,204
70.641,70.641,NoButton,Drag,852,204
70.645,70.645,NoButton,Drag,885,204
70.649,70.649,NoButton,Drag,918,204
70.653,70.653,NoButton,Drag,953,205
70.657,70.657,NoButton,Drag,990,206
70.661,70.661,NoButton,Drag,1026,206
70.665,70.665,NoButton,Drag,1060,206
70.669,70.669,NoButton,Drag,1093,206
70.673,70.673,NoButton,Drag,1126,206
70.677,70.677,NoButton,Drag,1158,206
70.681,70.681,NoButton,Drag,1188,206
70.685,70.685,NoButton,Drag,1216,206
70.689,70.689,NoButton,Drag,1240,206
70.693,70.693,NoButton,Drag,1262,206
70.697,70.697,NoButton,Drag,1285,206
70.701,70.701,NoButton,Drag,1306,206
70.705,70.705,NoButton,Drag,1324,206
70.709,70.709,NoButton,Drag,1341,206
70.712,70.712,NoButton,Drag,1359,205
70.717,70.717,NoButton,Drag,1374,204
70.721,70.721,NoButton,Drag,1387,204
70.725,70.725,NoButton,Drag,1400,203
70.729,70.729,NoButton,Drag,1412,202
70.733,70.733,NoButton,Drag,1422,202
70.737,70.737,NoButton,Drag,1430,202
70.741,70.741,NoButton,Drag,1438,201
70.745,70.745,NoButton,Drag,1439,201
70.749,70.749,NoButton,Drag,1439,201
70.753,70.753,NoButton,Drag,1439,201
70.757,70.757,NoButton,Drag,1439,201
70.761,70.761,NoButton,Drag,1439,201
70.765,70.765,NoButton,Drag,1439,201
70.769,70.769,NoButton,Drag,1439,201
70.773,70.773,NoButton,Drag,1439,201
70.777,70.777,NoButton,Drag,1439,201
70.781,70.781,NoButton,Drag,1439,201
70.785,70.785,NoButton,Drag,1439,201
70.789,70.789,NoButton,Drag,1439,201
70.919,70.919,NoButton,Drag,1439,201
70.935,70.935,NoButton,Drag,1439,200
70.943,70.943,NoButton,Drag,1439,200
70.947,70.947,NoButton,Drag,1439,200
70.951,70.951,NoButton,Drag,1439,200
70.955,70.955,NoButton,Drag,1439,200
70.959,70.959,NoButton,Drag,1438,199
70.967,70.967,NoButton,Drag,1438,199
70.971,70.971,NoButton,Drag,1437,199
70.975,70.975,NoButton,Drag,1437,199
70.979,70.979,NoButton,Drag,1437,199
70.983,70.983,NoButton,Drag,1436,198
70.987,70.987,NoButton,Drag,1436,198
70.991,70.991,NoButton,Drag,1435,198
70.995,70.995,NoButton,Drag,1434,198
70.999,70.999,NoButton,Drag,1434,198
71.003,71.003,NoButton,Drag,1433,198
71.007,71.007,NoButton,Drag,1431,198
71.011,71.011,NoButton,Drag,1430,198
71.015,71.015,NoButton,Drag,1429,198
71.019,71.019,NoButton,Drag,1427,198
71.023,71.023,NoButton,Drag,1426,198
71.027,71.027,NoButton,Drag,1424,198
71.031,71.031,NoButton,Drag,1422,198
71.035,71.035,NoButton,Drag,1421,198
71.039,71.039,NoButton,Drag,1419,198
71.043,71.043,NoButton,Drag,1417,199
71.047,71.047,NoButton,Drag,1414,199
71.051,71.051,NoButton,Drag,1412,199
71.055,71.055,NoButton,Drag,1409,200
71.059,71.059,NoButton,Drag,1407,200
71.063,71.063,NoButton,Drag,1405,201
71.067,71.067,NoButton,Drag,1403,201
71.071,71.071,NoButton,Drag,1401,201
71.075,71.075,NoButton,Drag,1399,202
71.079,71.079,NoButton,Drag,1398,202
71.083,71.083,NoButton,Drag,1397,203
71.087,71.087,NoButton,Drag,1395,203
71.091,71.091,NoButton,Drag,1394,203
71.095,71.095,NoButton,Drag,1394,204
71.099,71.099,NoButton,Drag,1393,204
71.103,71.103,NoButton,Drag,1392,204
71.107,71.107,NoButton,Drag,1391,204
71.111,71.111,NoButton,Drag,1390,204
71.115,71.115,NoButton,Drag,1390,205
71.119,71.119,NoButton,Drag,1389,205
71.123,71.123,NoButton,Drag,1389,205
71.127,71.127,NoButton,Drag,1388,205
71.131,71.131,NoButton,Drag,1388,205
71.135,71.135,NoButton,Drag,1387,205
71.139,71.139,NoButton,Drag,1386,205
71.143,71.143,NoButton,Drag,1386,206
71.147,71.147,NoButton,Drag,1385,206
71.151,71.151,NoButton,Drag,1385,206
71.155,71.155,NoButton,Drag,1384,207
71.159,71.159,NoButton,Drag,1383,207
71.163,71.163,NoButton,Drag,1382,207
71.167,71.167,NoButton,Drag,1380,207
71.171,71.171,NoButton,Drag,1379,208
71.175,71.175,NoButton,Drag,1378,208
71.179,71.179,NoButton,Drag,1376,208
71.183,71.183,NoButton,Drag,1375,209
71.187,71.187,NoButton,Drag,1373,209
71.191,71.191,NoButton,Drag,1372,210
71.195,71.195,NoButton,Drag,1371,210
71.199,71.199,NoButton,Drag,1369,210
71.203,71.203,NoButton,Drag,1367,211
71.207,71.207,NoButton,Drag,1366,211
71.211,71.211,NoButton,Drag,1364,211
71.215,71.215,NoButton,Drag,1363,212
71.219,71.219,NoButton,Drag,1361,212
71.223,71.223,NoButton,Drag,1360,213
71.227,71.227,NoButton,Drag,1359,213
71.231,71.231,NoButton,Drag,1357,213
71.235,71.235,NoButton,Drag,1357,213
71.239,71.239,NoButton,Drag,1356,214
71.243,71.243,NoButton,Drag,1355,214
71.247,71.247,NoButton,Drag,1354,214
71.251,71.251,NoButton,Drag,1353,215
71.255,71.255,NoButton,Drag,1352,215
71.259,71.259,NoButton,Drag,1351,215
71.263,71.263,NoButton,Drag,1351,215
71.267,71.267,NoButton,Drag,1350,215
71.328,71.328,NoButton,Drag,1350,215
71.339,71.339,Left,Released,1350,215
71.343,71.343,NoButton,Move,1350,215
71.354,71.354,NoButton,Move,1349,215
71.371,71.371,NoButton,Move,1349,214
71.387,71.387,NoButton,Move,1348,213
71.405,71.405,NoButton,Move,1346,212
71.421,71.421,NoButton,Move,1344,212
71.438,71.438,NoButton,Move,1340,213
71.454,71.454,NoButton,Move,1335,217
71.471,71.471,NoButton,Move,1322,225
71.488,71.488,NoButton,Move,1303,238
71.504,71.504,NoButton,Move,1271,257
71.521,71.521,NoButton,Move,1196,293
71.537,71.537,NoButton,Move,1116,332
71.555,71.555,NoButton,Move,1036,370
71.572,71.572,NoButton,Move,954,401
71.588,71.588,NoButton,Move,861,428
71.605,71.605,NoButton,Move,764,450
71.621,71.621,NoButton,Move,660,476
71.637,71.637,NoButton,Move,601,491
71.655,71.655,NoButton,Move,562,502
71.671,71.671,NoButton,Move,540,507
71.688,71.688,NoButton,Move,528,511
71.704,71.704,NoButton,Move,520,514
71.721,71.721,NoButton,Move,515,516
71.737,71.737,NoButton,Move,514,516
71.765,71.765,NoButton,Move,514,516
71.771,71.771,NoButton,Move,514,516
71.788,71.788,NoButton,Move,512,516
71.804,71.804,NoButton,Move,509,515
71.821,71.821,NoButton,Move,503,513
71.838,71.838,NoButton,Move,496,509
71.854,71.854,NoButton,Move,489,505
71.871,71.871,NoButton,Move,483,500
71.888,71.888,NoButton,Move,481,497
71.904,71.904,NoButton,Move,477,492
71.921,71.921,NoButton,Move,471,485
71.938,71.938,NoButton,Move,466,478
71.955,71.955,NoButton,Move,459,471
71.971,71.971,NoButton,Move,454,466
71.988,71.988,NoButton,Move,449,462
72.005,72.005,NoButton,Move,442,457
72.021,72.021,NoButton,Move,436,453
72.037,72.037,NoButton,Move,429,449
72.054,72.054,NoButton,Move,421,447
72.071,72.071,NoButton,Move,413,445
72.087,72.087,NoButton,Move,405,443
72.104,72.104,NoButton,Move,403,442
72.121,72.121,NoButton,Move,401,442
72.137,72.137,NoButton,Move,400,442
72.26,72.26,Left,Pressed,400,442
72.447,72.447,NoButton,Drag,401,442
72.455,72.455,NoButton,Drag,401,442
72.459,72.459,NoButton,Drag,401,442
72.463,72.463,NoButton,Drag,401,442
72.467,72.467,NoButton,Drag,402,442
72.471,72.471,NoButton,Drag,402,443
72.475,72.475,NoButton,Drag,402,443
72.479,72.479,NoButton,Drag,403,443
72.483,72.483,NoButton,Drag,403,443
72.487,72.487,NoButton,Drag,403,444
72.491,72.491,NoButton,Drag,404,444
72.495,72.495,NoButton,Drag,404,445
72.5,72.5,NoButton,Drag,405,445
72.503,72.503,NoButton,Drag,406,445
72.507,72.507,NoButton,Drag,407,446
72.511,72.511,NoButton,Drag,408,446
72.515,72.515,NoButton,Drag,409,446
72.519,72.519,NoButton,Drag,410,447
72.523,72.523,NoButton,Drag,411,447
72.527,72.527,NoButton,Drag,413,448
72.531,72.531,NoButton,Drag,414,448
72.535,72.535,NoButton,Drag,415,449
72.539,72.539,NoButton,Drag,416,449
72.543,72.543,NoButton,Drag,417,449
72.547,72.547,NoButton,Drag,418,449
72.551,72.551,NoButton,Drag,420,450
72.555,72.555,NoButton,Drag,421,450
72.559,72.559,NoButton,Drag,422,450
72.563,72.563,NoButton,Drag,423,451
72.567,72.567,NoButton,Drag,424,451
72.569,72.569,NoButton,Drag,425,451
72.573,72.573,NoButton,Drag,427,452
72.577,72.577,NoButton,Drag,428,452
72.581,72.581,NoButton,Drag,429,452
72.585,72.585,NoButton,Drag,430,452
72.589,72.589,NoButton,Drag,431,453
72.593,72.593,NoButton,Drag,433,453
72.597,72.597,NoButton,Drag,434,453
72.601,72.601,NoButton,Drag,436,454
72.605,72.605,NoButton,Drag,438,454
72.611,72.611,NoButton,Drag,440,454
72.613,72.613,NoButton,Drag,441,454
72.617,72.617,NoButton,Drag,443,454
72.623,72.623,NoButton,Drag,445,454
72.627,72.627,NoButton,Drag,447,454
72.629,72.629,NoButton,Drag,449,455
72.633,72.633,NoButton,Drag,451,455
72.637,72.637,NoButton,Drag,453,455
72.641,72.641,NoButton,Drag,455,455
72.645,72.645,NoButton,Drag,457,455
72.649,72.649,NoButton,Drag,459,455
72.653,72.653,NoButton,Drag,461,455
72.657,72.657,NoButton,Drag,463,455
72.661,72.661,NoButton,Drag,465,455
72.665,72.665,NoButton,Drag,467,455
72.669,72.669,NoButton,Drag,468,455
72.673,72.673,NoButton,Drag,470,455
72.679,72.679,NoButton,Drag,472,455
72.681,72.681,NoButton,Drag,474,455
72.689,72.689,NoButton,Drag,476,455
72.691,72.691,NoButton,Drag,478,455
72.693,72.693,NoButton,Drag,480,455
72.699,72.699,NoButton,Drag,482,455
72.707,72.707,NoButton,Drag,484,455
72.709,72.709,NoButton,Drag,487,455
72.723,72.723,NoButton,Drag,490,455
72.725,72.725,NoButton,Drag,497,455
72.727,72.727,NoButton,Drag,501,454
72.731,72.731,NoButton,Drag,504,454
72.735,72.735,NoButton,Drag,507,454
72.739,72.739,NoButton,Drag,511,453
72.743,72.743,NoButton,Drag,514,453
72.747,72.747,NoButton,Drag,517,452
72.751,72.751,NoButton,Drag,519,451
72.755,72.755,NoButton,Drag,522,450
72.759,72.759,NoButton,Drag,526,450
72.763,72.763,NoButton,Drag,529,449
72.767,72.767,NoButton,Drag,532,448
72.771,72.771,NoButton,Drag,535,447
72.775,72.775,NoButton,Drag,538,446
72.779,72.779,NoButton,Drag,541,445
72.783,72.783,NoButton,Drag,545,444
72.787,72.787,NoButton,Drag,548,444
72.791,72.791,NoButton,Drag,552,442
72.795,72.795,NoButton,Drag,555,441
72.799,72.799,NoButton,Drag,558,441
72.803,72.803,NoButton,Drag,562,440
72.807,72.807,NoButton,Drag,566,438
72.811,72.811,NoButton,Drag,569,437
72.815,72.815,NoButton,Drag,574,436
72.819,72.819,NoButton,Drag,577,434
72.822,72.822,NoButton,Drag,582,432
72.827,72.827,NoButton,Drag,585,431
72.831,72.831,NoButton,Drag,590,429
72.835,72.835,NoButton,Drag,594,428
72.839,72.839,NoButton,Drag,598,426
72.843,72.843,NoButton,Drag,602,425
72.847,72.847,NoButton,Drag,607,424
72.851,72.851,NoButton,Drag,612,422
72.855,72.855,NoButton,Drag,616,421
72.859,72.859,NoButton,Drag,620,420
72.863,72.863,NoButton,Drag,625,418
72.867,72.867,NoButton,Drag,629,417
72.871,72.871,NoButton,Drag,633,415
72.875,72.875,NoButton,Drag,637,413
72.879,72.879,NoButton,Drag,642,412
72.883,72.883,NoButton,Drag,647,410
72.887,72.887,NoButton,Drag,653,408
72.891,72.891,NoButton,Drag,659,405
72.895,72.895,NoButton,Drag,665,403
72.899,72.899,NoButton,Drag,671,402
72.903,72.903,NoButton,Drag,677,400
72.907,72.907,NoButton,Drag,683,398
72.911,72.911,NoButton,Drag,689,396
72.915,72.915,NoButton,Drag,697,394
72.919,72.919,NoButton,Drag,705,391
72.923,72.923,NoButton,Drag,712,389
72.927,72.927,NoButton,Drag,721,386
72.931,72.931,NoButton,Drag,730,383
72.935,72.935,NoButton,Drag,740,380
72.939,72.939,NoButton,Drag,750,378
72.943,72.943,NoButton,Drag,759,375
72.947,72.947,NoButton,Drag,769,372
72.951,72.951,NoButton,Drag,779,370
72.955,72.955,NoButton,Drag,789,367
72.959,72.959,NoButton,Drag,799,364
72.963,72.963,NoButton,Drag,809,361
72.967,72.967,NoButton,Drag,820,357
72.971,72.971,NoButton,Drag,831,354
72.975,72.975,NoButton,Drag,842,351
72.979,72.979,NoButton,Drag,853,348
72.983,72.983,NoButton,Drag,864,344
72.987,72.987,NoButton,Drag,874,341
72.991,72.991,NoButton,Drag,886,338
72.995,72.995,NoButton,Drag,898,335
72.999,72.999,NoButton,Drag,910,332
73.003,73.003,NoButton,Drag,923,329
73.007,73.007,NoButton,Drag,936,325
73.011,73.011,NoButton,Drag,950,323
73.013,73.013,NoButton,Drag,964,319
73.016,73.016,NoButton,Drag,977,316
73.021,73.021,NoButton,Drag,992,314
73.025,73.025,NoButton,Drag,1007,311
73.029,73.029,NoButton,Drag,1022,307
73.033,73.033,NoButton,Drag,1038,304
73.037,73.037,NoButton,Drag,1055,301
73.041,73.041,NoButton,Drag,1072,298
73.045,73.045,NoButton,Drag,1090,295
73.049,73.049,NoButton,Drag,1107,291
73.053,73.053,NoButton,Drag,1125,288
73.057,73.057,NoButton,Drag,1143,285
73.061,73.061,NoButton,Drag,1161,282
73.065,73.065,NoButton,Drag,1181,278
73.069,73.069,NoButton,Drag,1198,274
73.073,73.073,NoButton,Drag,1217,270
73.077,73.077,NoButton,Drag,1236,265
73.081,73.081,NoButton,Drag,1252,261
73.085,73.085,NoButton,Drag,1270,257
73.089,73.089,NoButton,Drag,1288,252
73.093,73.093,NoButton,Drag,1307,248
73.097,73.097,NoButton,Drag,1323,244
73.101,73.101,NoButton,Drag,1338,241
73.105,73.105,NoButton,Drag,1352,238
73.109,73.109,NoButton,Drag,1366,234
73.113,73.113,NoButton,Drag,1379,230
73.117,73.117,NoButton,Drag,1392,227
73.121,73.121,NoButton,Drag,1403,224
73.125,73.125,NoButton,Drag,1414,220
73.129,73.129,NoButton,Drag,1425,218
73.133,73.133,NoButton,Drag,1435,215
73.137,73.137,NoButton,Drag,1439,213
73.141,73.141,NoButton,Drag,1439,211
73.145,73.145,NoButton,Drag,1439,209
73.149,73.149,NoButton,Drag,1439,208
73.153,73.153,NoButton,Drag,1439,206
73.157,73.157,NoButton,Drag,1439,204
73.161,73.161,NoButton,Drag,1439,203
73.165,73.165,NoButton,Drag,1439,202
73.169,73.169,NoButton,Drag,1439,201
73.173,73.173,NoButton,Drag,1439,200
73.177,73.177,NoButton,Drag,1439,200
73.181,73.181,NoButton,Drag,1439,199
73.185,73.185,NoButton,Drag,1439,198
73.189,73.189,NoButton,Drag,1439,198
73.261,73.261,NoButton,Drag,1439,198
73.265,73.265,NoButton,Drag,1439,198
73.273,73.273,NoButton,Drag,1439,197
73.281,73.281,NoButton,Drag,1438,197
73.285,73.285,NoButton,Drag,1438,197
73.289,73.289,NoButton,Drag,1437,197
73.293,73.293,NoButton,Drag,1437,197
73.297,73.297,NoButton,Drag,1436,197
73.301,73.301,NoButton,Drag,1435,197
73.305,73.305,NoButton,Drag,1435,197
73.309,73.309,NoButton,Drag,1434,197
73.313,73.313,NoButton,Drag,1433,197
73.319,73.319,NoButton,Drag,1432,197
73.321,73.321,NoButton,Drag,1430,197
73.325,73.325,NoButton,Drag,1429,197
73.329,73.329,NoButton,Drag,1428,198
73.333,73.333,NoButton,Drag,1427,198
73.337,73.337,NoButton,Drag,1426,198
73.341,73.341,NoButton,Drag,1425,199
73.345,73.345,NoButton,Drag,1423,199
73.349,73.349,NoButton,Drag,1422,200
73.353,73.353,NoButton,Drag,1421,200
73.357,73.357,NoButton,Drag,1420,201
73.361,73.361,NoButton,Drag,1419,202
73.365,73.365,NoButton,Drag,1418,202
73.369,73.369,NoButton,Drag,1417,203
73.373,73.373,NoButton,Drag,1416,203
73.377,73.377,NoButton,Drag,1414,204
73.381,73.381,NoButton,Drag,1413,205
73.385,73.385,NoButton,Drag,1411,206
73.389,73.389,NoButton,Drag,1410,206
73.393,73.393,NoButton,Drag,1409,207
73.397,73.397,NoButton,Drag,1407,207
73.401,73.401,NoButton,Drag,1406,208
73.405,73.405,NoButton,Drag,1405,209
73.409,73.409,NoButton,Drag,1404,209
73.413,73.413,NoButton,Drag,1402,210
73.417,73.417,NoButton,Drag,1402,210
73.421,73.421,NoButton,Drag,1401,210
73.425,73.425,NoButton,Drag,1400,211
73.429,73.429,NoButton,Drag,1400,211
73.433,73.433,NoButton,Drag,1399,211
73.437,73.437,NoButton,Drag,1398,212
73.441,73.441,NoButton,Drag,1398,212
73.445,73.445,NoButton,Drag,1397,212
73.449,73.449,NoButton,Drag,1397,212
73.453,73.453,NoButton,Drag,1396,212
73.457,73.457,NoButton,Drag,1396,212
73.461,73.461,NoButton,Drag,1395,212
73.465,73.465,NoButton,Drag,1395,213
73.469,73.469,NoButton,Drag,1394,213
73.473,73.473,NoButton,Drag,1393,213
73.477,73.477,NoButton,Drag,1393,213
73.481,73.481,NoButton,Drag,1392,213
73.484,73.484,NoButton,Drag,1391,213
73.489,73.489,NoButton,Drag,1391,213
73.493,73.493,NoButton,Drag,1390,213
73.497,73.497,NoButton,Drag,1390,213
73.501,73.501,NoButton,Drag,1389,213
73.505,73.505,NoButton,Drag,1388,213
73.509,73.509,NoButton,Drag,1387,213
73.513,73.513,NoButton,Drag,1387,213
73.517,73.517,NoButton,Drag,1386,213
73.521,73.521,NoButton,Drag,1385,213
73.525,73.525,NoButton,Drag,1385,213
73.529,73.529,NoButton,Drag,1384,213
73.533,73.533,NoButton,Drag,1384,213
73.537,73.537,NoButton,Drag,1383,213
73.541,73.541,NoButton,Drag,1383,213
73.545,73.545,NoButton,Drag,1383,213
73.549,73.549,NoButton,Drag,1382,213
73.553,73.553,NoButton,Drag,1381,213
73.561,73.561,Left,Released,1381,213
73.562,73.562,NoButton,Move,1381,212
73.571,73.571,NoButton,Move,1380,212
73.587,73.587,NoButton,Move,1379,211
73.605,73.605,NoButton,Move,1378,211
73.621,73.621,NoButton,Move,1377,211
73.638,73.638,NoButton,Move,1375,211
73.654,73.654,NoButton,Move,1374,212
73.671,73.671,NoButton,Move,1371,216
73.688,73.688,NoButton,Move,1367,223
73.705,73.705,NoButton,Move,1358,234
73.721,73.721,NoButton,Move,1342,247
73.738,73.738,NoButton,Move,1317,264
73.755,73.755,NoButton,Move,1268,289
73.771,73.771,NoButton,Move,1208,317
73.787,73.787,NoButton,Move,1132,346
73.804,73.804,NoButton,Move,1040,371
73.821,73.821,NoButton,Move,922,395
73.838,73.838,NoButton,Move,794,413
73.854,73.854,NoButton,Move,674,424
73.871,73.871,NoButton,Move,547,431
73.888,73.888,NoButton,Move,466,435
73.905,73.905,NoButton,Move,395,438
73.921,73.921,NoButton,Move,336,439
73.938,73.938,NoButton,Move,287,439
73.954,73.954,NoButton,Move,249,439
73.971,73.971,NoButton,Move,216,440
73.987,73.987,NoButton,Move,199,440
74.004,74.004,NoButton,Move,188,440
74.021,74.021,NoButton,Move,182,440
74.038,74.038,NoButton,Move,181,440
74.099,74.099,NoButton,Move,181,440
74.104,74.104,NoButton,Move,181,440
74.121,74.121,NoButton,Move,184,439
74.138,74.138,NoButton,Move,189,438
74.154,74.154,NoButton,Move,198,437
74.171,74.171,NoButton,Move,209,437
74.187,74.187,NoButton,Move,218,436
74.204,74.204,NoButton,Move,229,436
74.221,74.221,NoButton,Move,247,436
74.237,74.237,NoButton,Move,265,436
74.254,74.254,NoButton,Move,283,436
74.27,74.27,NoButton,Move,299,436
74.288,74.288,NoButton,Move,311,436
74.304,74.304,NoButton,Move,320,436
74.321,74.321,NoButton,Move,328,436
74.337,74.337,NoButton,Move,335,436
74.355,74.355,NoButton,Move,342,437
74.371,74.371,NoButton,Move,348,439
74.387,74.387,NoButton,Move,353,440
74.404,74.404,NoButton,Move,359,441
74.421,74.421,NoButton,Move,365,444
74.438,74.438,NoButton,Move,369,445
74.455,74.455,NoButton,Move,372,447
74.472,74.472,NoButton,Move,373,447
74.558,74.558,Left,Pressed,373,447
74.573,74.573,NoButton,Drag,373,447
74.581,74.581,NoButton,Drag,374,447
74.585,74.585,NoButton,Drag,374,447
74.597,74.597,NoButton,Drag,374,447
74.601,74.601,NoButton,Drag,374,448
74.609,74.609,NoButton,Drag,375,448
74.617,74.617,NoButton,Drag,375,448
74.625,74.625,NoButton,Drag,375,448
74.641,74.641,NoButton,Drag,375,448
74.661,74.661,NoButton,Drag,376,448
74.673,74.673,NoButton,Drag,376,448
74.681,74.681,NoButton,Drag,376,448
74.689,74.689,NoButton,Drag,376,448
74.693,74.693,NoButton,Drag,377,448
74.697,74.697,NoButton,Drag,377,448
74.701,74.701,NoButton,Drag,377,447
74.705,74.705,NoButton,Drag,378,447
74.709,74.709,NoButton,Drag,378,447
74.713,74.713,NoButton,Drag,379,447
74.717,74.717,NoButton,Drag,381,446
74.721,74.721,NoButton,Drag,382,446
74.725,74.725,NoButton,Drag,383,445
74.729,74.729,NoButton,Drag,386,445
74.733,74.733,NoButton,Drag,388,443
74.737,74.737,NoButton,Drag,391,443
74.741,74.741,NoButton,Drag,394,441
74.743,74.743,NoButton,Drag,398,440
74.747,74.747,NoButton,Drag,403,438
74.751,74.751,NoButton,Drag,408,437
74.755,74.755,NoButton,Drag,414,436
74.759,74.759,NoButton,Drag,421,434
74.763,74.763,NoButton,Drag,428,431
74.767,74.767,NoButton,Drag,436,429
74.771,74.771,NoButton,Drag,446,425
74.775,74.775,NoButton,Drag,456,422
74.779,74.779,NoButton,Drag,467,419
74.783,74.783,NoButton,Drag,477,415
74.787,74.787,NoButton,Drag,489,412
74.791,74.791,NoButton,Drag,501,408
74.795,74.795,NoButton,Drag,513,403
74.799,74.799,NoButton,Drag,525,400
74.803,74.803,NoButton,Drag,538,395
74.807,74.807,NoButton,Drag,552,390
74.811,74.811,NoButton,Drag,566,386
74.815,74.815,NoButton,Drag,580,381
74.819,74.819,NoButton,Drag,596,376
74.823,74.823,NoButton,Drag,612,370
74.827,74.827,NoButton,Drag,626,365
74.831,74.831,NoButton,Drag,642,360
74.835,74.835,NoButton,Drag,660,355
74.839,74.839,NoButton,Drag,677,349
74.843,74.843,NoButton,Drag,695,343
74.847,74.847,NoButton,Drag,712,337
74.851,74.851,NoButton,Drag,728,332
74.855,74.855,NoButton,Drag,743,326
74.859,74.859,NoButton,Drag,761,320
74.863,74.863,NoButton,Drag,778,314
74.867,74.867,NoButton,Drag,793,309
74.871,74.871,NoButton,Drag,808,304
74.875,74.875,NoButton,Drag,824,298
74.879,74.879,NoButton,Drag,838,293
74.883,74.883,NoButton,Drag,852,289
74.887,74.887,NoButton,Drag,866,284
74.891,74.891,NoButton,Drag,881,279
74.895,74.895,NoButton,Drag,894,275
74.899,74.899,NoButton,Drag,907,270
74.903,74.903,NoButton,Drag,920,265
74.907,74.907,NoButton,Drag,932,262
74.911,74.911,NoButton,Drag,943,258
74.915,74.915,NoButton,Drag,957,254
74.919,74.919,NoButton,Drag,968,250
74.923,74.923,NoButton,Drag,979,246
74.927,74.927,NoButton,Drag,991,243
74.931,74.931,NoButton,Drag,1001,239
74.935,74.935,NoButton,Drag,1010,236
74.939,74.939,NoButton,Drag,1019,234
74.943,74.943,NoButton,Drag,1026,232
74.947,74.947,NoButton,Drag,1033,231
74.951,74.951,NoButton,Drag,1039,229
74.955,74.955,NoButton,Drag,1045,227
74.959,74.959,NoButton,Drag,1049,225
74.963,74.963,NoButton,Drag,1054,223
74.967,74.967,NoButton,Drag,1057,222
74.971,74.971,NoButton,Drag,1060,221
74.975,74.975,NoButton,Drag,1062,220
74.979,74.979,NoButton,Drag,1064,219
74.983,74.983,NoButton,Drag,1066,219
74.987,74.987,NoButton,Drag,1067,218
74.991,74.991,NoButton,Drag,1067,218
75.044,75.044,NoButton,Drag,1067,218
75.047,75.047,NoButton,Drag,1066,218
75.051,75.051,NoButton,Drag,1065,218
75.055,75.055,NoButton,Drag,1064,219
75.059,75.059,NoButton,Drag,1061,219
75.063,75.063,NoButton,Drag,1058,220
75.067,75.067,NoButton,Drag,1054,221
75.071,75.071,NoButton,Drag,1049,222
75.075,75.075,NoButton,Drag,1044,224
75.079,75.079,NoButton,Drag,1037,226
75.083,75.083,NoButton,Drag,1029,228
75.087,75.087,NoButton,Drag,1020,232
75.091,75.091,NoButton,Drag,1010,235
75.095,75.095,NoButton,Drag,999,239
75.099,75.099,NoButton,Drag,986,243
75.103,75.103,NoButton,Drag,974,248
75.107,75.107,NoButton,Drag,961,253
75.111,75.111,Left,Released,961,253
75.112,75.112,NoButton,Move,947,259
75.121,75.121,NoButton,Move,919,270
75.138,75.138,NoButton,Move,857,298
75.155,75.155,NoButton,Move,767,341
75.171,75.171,NoButton,Move,694,375
75.187,75.187,NoButton,Move,617,411
75.205,75.205,NoButton,Move,546,441
75.221,75.221,NoButton,Move,489,463
75.238,75.238,NoButton,Move,442,479
75.254,75.254,NoButton,Move,410,489
75.271,75.271,NoButton,Move,385,496
75.287,75.287,NoButton,Move,375,499
75.304,75.304,NoButton,Move,371,500
75.322,75.322,NoButton,Move,369,501
75.337,75.337,NoButton,Move,369,501
75.355,75.355,NoButton,Move,369,500
75.371,75.371,NoButton,Move,368,499
75.387,75.387,NoButton,Move,366,498
75.404,75.404,NoButton,Move,363,497
75.421,75.421,NoButton,Move,356,494
75.437,75.437,NoButton,Move,354,494
75.454,75.454,NoButton,Move,353,494
75.471,75.471,NoButton,Move,353,493
75.487,75.487,NoButton,Move,353,493
75.505,75.505,NoButton,Move,352,493
75.521,75.521,NoButton,Move,352,493
75.537,75.537,NoButton,Move,353,492
75.554,75.554,NoButton,Move,355,491
75.57,75.57,NoButton,Move,357,489
75.588,75.588,NoButton,Move,360,487
75.604,75.604,NoButton,Move,362,485
75.621,75.621,NoButton,Move,366,483
75.637,75.637,NoButton,Move,369,480
75.655,75.655,NoButton,Move,372,478
75.671,75.671,NoButton,Move,376,475
75.688,75.688,NoButton,Move,380,472
75.704,75.704,NoButton,Move,383,470
75.721,75.721,NoButton,Move,385,468
75.738,75.738,NoButton,Move,385,468
75.785,75.785,Left,Pressed,385,468
75.829,75.829,NoButton,Drag,386,468
75.865,75.865,NoButton,Drag,386,467
75.869,75.869,NoButton,Drag,386,467
75.877,75.877,NoButton,Drag,387,467
75.881,75.881,NoButton,Drag,387,467
75.885,75.885,NoButton,Drag,388,467
75.889,75.889,NoButton,Drag,389,467
75.893,75.893,NoButton,Drag,391,466
75.897,75.897,NoButton,Drag,393,466
75.899,75.899,NoButton,Drag,396,465
75.903,75.903,NoButton,Drag,399,464
75.907,75.907,NoButton,Drag,402,464
75.911,75.911,NoButton,Drag,407,463
75.915,75.915,NoButton,Drag,411,461
75.919,75.919,NoButton,Drag,416,460
75.923,75.923,NoButton,Drag,422,459
75.927,75.927,NoButton,Drag,429,457
75.931,75.931,NoButton,Drag,438,455
75.935,75.935,NoButton,Drag,446,453
75.939,75.939,NoButton,Drag,456,450
75.943,75.943,NoButton,Drag,467,447
75.947,75.947,NoButton,Drag,478,444
75.951,75.951,NoButton,Drag,489,441
75.955,75.955,NoButton,Drag,501,437
75.959,75.959,NoButton,Drag,514,433
75.963,75.963,NoButton,Drag,526,429
75.967,75.967,NoButton,Drag,540,426
75.971,75.971,NoButton,Drag,554,422
75.975,75.975,NoButton,Drag,568,418
75.981,75.981,NoButton,Drag,582,414
75.983,75.983,NoButton,Drag,598,409
75.987,75.987,NoButton,Drag,615,404
75.991,75.991,NoButton,Drag,632,401
75.995,75.995,NoButton,Drag,649,397
75.999,75.999,NoButton,Drag,666,393
76.003,76.003,NoButton,Drag,685,388
76.007,76.007,NoButton,Drag,703,384
76.011,76.011,NoButton,Drag,723,379
76.015,76.015,NoButton,Drag,742,375
76.019,76.019,NoButton,Drag,760,371
76.023,76.023,NoButton,Drag,780,366
76.027,76.027,NoButton,Drag,798,362
76.031,76.031,NoButton,Drag,817,358
76.035,76.035,NoButton,Drag,835,353
76.039,76.039,NoButton,Drag,854,349
76.043,76.043,NoButton,Drag,873,344
76.047,76.047,NoButton,Drag,893,339
76.051,76.051,NoButton,Drag,913,334
76.055,76.055,NoButton,Drag,932,329
76.059,76.059,NoButton,Drag,950,324
76.063,76.063,NoButton,Drag,968,319
76.067,76.067,NoButton,Drag,985,315
76.071,76.071,NoButton,Drag,999,311
76.075,76.075,NoButton,Drag,1013,307
76.079,76.079,NoButton,Drag,1025,304
76.083,76.083,NoButton,Drag,1038,300
76.087,76.087,NoButton,Drag,1050,296
76.091,76.091,NoButton,Drag,1062,292
76.095,76.095,NoButton,Drag,1073,289
76.099,76.099,NoButton,Drag,1083,286
76.103,76.103,NoButton,Drag,1093,283
76.107,76.107,NoButton,Drag,1100,280
76.111,76.111,NoButton,Drag,1107,278
76.115,76.115,NoButton,Drag,1113,276
76.119,76.119,NoButton,Drag,1118,275
76.123,76.123,NoButton,Drag,1123,273
76.127,76.127,NoButton,Drag,1127,272
76.131,76.131,NoButton,Drag,1131,270
76.135,76.135,NoButton,Drag,1134,268
76.139,76.139,NoButton,Drag,1137,267
76.143,76.143,NoButton,Drag,1139,266
76.147,76.147,NoButton,Drag,1142,265
76.151,76.151,NoButton,Drag,1144,264
76.155,76.155,NoButton,Drag,1146,263
76.159,76.159,NoButton,Drag,1147,262
76.163,76.163,NoButton,Drag,1149,261
76.167,76.167,NoButton,Drag,1150,261
76.171,76.171,NoButton,Drag,1151,260
76.175,76.175,NoButton,Drag,1151,260
76.183,76.183,NoButton,Drag,1152,259
76.191,76.191,NoButton,Drag,1152,259
76.211,76.211,NoButton,Drag,1152,259
76.223,76.223,NoButton,Drag,1152,259
76.299,76.299,NoButton,Drag,1153,259
76.303,76.303,NoButton,Drag,1153,259
76.307,76.307,NoButton,Drag,1153,258
76.311,76.311,NoButton,Drag,1154,258
76.315,76.315,NoButton,Drag,1154,258
76.319,76.319,NoButton,Drag,1154,257
76.323,76.323,NoButton,Drag,1154,257
76.327,76.327,NoButton,Drag,1155,256
76.331,76.331,NoButton,Drag,1155,255
76.335,76.335,NoButton,Drag,1155,255
76.339,76.339,NoButton,Drag,1156,253
76.343,76.343,NoButton,Drag,1157,252
76.347,76.347,NoButton,Drag,1158,251
76.351,76.351,NoButton,Drag,1160,250
76.355,76.355,NoButton,Drag,1161,248
76.359,76.359,NoButton,Drag,1162,247
76.363,76.363,NoButton,Drag,1164,246
76.367,76.367,NoButton,Drag,1165,244
76.371,76.371,NoButton,Drag,1167,243
76.375,76.375,NoButton,Drag,1169,241
76.379,76.379,NoButton,Drag,1171,240
76.383,76.383,NoButton,Drag,1173,238
76.387,76.387,NoButton,Drag,1176,237
76.391,76.391,NoButton,Drag,1178,235
76.395,76.395,NoButton,Drag,1180,233
76.399,76.399,NoButton,Drag,1182,232
76.403,76.403,NoButton,Drag,1184,231
76.407,76.407,NoButton,Drag,1187,229
76.411,76.411,NoButton,Drag,1190,227
76.415,76.415,NoButton,Drag,1192,225
76.419,76.419,NoButton,Drag,1195,224
76.423,76.423,NoButton,Drag,1197,222
76.427,76.427,NoButton,Drag,1200,220
76.431,76.431,NoButton,Drag,1202,218
76.435,76.435,NoButton,Drag,1205,217
76.439,76.439,NoButton,Drag,1207,215
76.443,76.443,NoButton,Drag,1209,214
76.447,76.447,NoButton,Drag,1211,212
76.451,76.451,NoButton,Drag,1213,211
76.455,76.455,NoButton,Drag,1215,210
76.459,76.459,NoButton,Drag,1217,209
76.463,76.463,NoButton,Drag,1218,208
76.467,76.467,NoButton,Drag,1219,207
76.471,76.471,NoButton,Drag,1221,206
76.475,76.475,NoButton,Drag,1222,205
76.476,76.476,NoButton,Drag,1222,204
76.481,76.481,NoButton,Drag,1223,204
76.485,76.485,NoButton,Drag,1224,204
76.489,76.489,NoButton,Drag,1224,203
76.493,76.493,NoButton,Drag,1225,203
76.497,76.497,NoButton,Drag,1225,203
76.501,76.501,NoButton,Drag,1225,202
76.593,76.593,Left,Released,1225,202
76.641,76.641,NoButton,Move,1225,203
76.645,76.645,NoButton,Move,1225,203
76.655,76.655,NoButton,Move,1224,204
76.671,76.671,NoButton,Move,1221,206
76.688,76.688,NoButton,Move,1216,211
76.704,76.704,NoButton,Move,1207,219
76.721,76.721,NoButton,Move,1195,230
76.737,76.737,NoButton,Move,1169,253
76.754,76.754,NoButton,Move,1139,278
76.771,76.771,NoButton,Move,1092,311
76.787,76.787,NoButton,Move,1021,350
76.804,76.804,NoButton,Move,937,392
76.821,76.821,NoButton,Move,833,444
76.837,76.837,NoButton,Move,753,484
76.854,76.854,NoButton,Move,677,519
76.871,76.871,NoButton,Move,631,538
76.888,76.888,NoButton,Move,612,547
76.905,76.905,NoButton,Move,607,550
76.921,76.921,NoButton,Move,607,551
76.937,76.937,NoButton,Move,607,551
76.955,76.955,NoButton,Move,607,551
76.971,76.971,NoButton,Move,608,551
76.988,76.988,NoButton,Move,609,550
77.005,77.005,NoButton,Move,609,549
77.021,77.021,NoButton,Move,608,548
77.037,77.037,NoButton,Move,607,546
77.054,77.054,NoButton,Move,604,545
77.071,77.071,NoButton,Move,601,544
77.088,77.088,NoButton,Move,600,543
77.115,77.115,NoButton,Move,600,543
77.121,77.121,NoButton,Move,600,543
77.138,77.138,NoButton,Move,600,542
77.154,77.154,NoButton,Move,601,539
77.17,77.17,NoButton,Move,603,536
77.187,77.187,NoButton,Move,609,529
77.205,77.205,NoButton,Move,616,521
77.221,77.221,NoButton,Move,626,510
77.237,77.237,NoButton,Move,641,496
77.254,77.254,NoButton,Move,660,479
77.271,77.271,NoButton,Move,694,453
77.287,77.287,NoButton,Move,729,429
77.305,77.305,NoButton,Move,777,397
77.321,77.321,NoButton,Move,838,361
77.338,77.338,NoButton,Move,909,324
77.354,77.354,NoButton,Move,985,287
77.371,77.371,NoButton,Move,1071,244
77.387,77.387,NoButton,Move,1129,220
77.405,77.405,NoButton,Move,1172,202
77.421,77.421,NoButton,Move,1203,190
77.438,77.438,NoButton,Move,1224,180
77.454,77.454,NoButton,Move,1239,173
77.471,77.471,NoButton,Move,1253,167
77.487,77.487,NoButton,Move,1261,163
77.505,77.505,NoButton,Move,1268,160
77.52,77.52,NoButton,Move,1272,158
77.538,77.538,NoButton,Move,1273,157
77.637,77.637,NoButton,Move,1273,158
77.641,77.641,NoButton,Move,1273,158
77.654,77.654,NoButton,Move,1272,159
77.671,77.671,NoButton,Move,1269,162
77.687,77.687,NoButton,Move,1265,167
77.704,77.704,NoButton,Move,1261,174
77.721,77.721,NoButton,Move,1257,182
77.737,77.737,NoButton,Move,1255,190
77.754,77.754,NoButton,Move,1253,197
77.771,77.771,NoButton,Move,1249,204
77.787,77.787,NoButton,Move,1246,208
77.804,77.804,NoButton,Move,1243,212
77.821,77.821,NoButton,Move,1242,213
77.838,77.838,NoButton,Move,1242,213
77.897,77.897,NoButton,Move,1242,213
77.905,77.905,NoButton,Move,1242,213
77.921,77.921,NoButton,Move,1242,212
77.937,77.937,NoButton,Move,1242,211
77.955,77.955,NoButton,Move,1242,210
77.97,77.97,NoButton,Move,1242,210
77.97,77.97,Left,Pressed,1242,210
77.973,77.973,NoButton,Drag,1242,210
77.977,77.977,NoButton,Drag,1242,209
77.981,77.981,NoButton,Drag,1242,209
78.001,78.001,NoButton,Drag,1242,209
78.049,78.049,NoButton,Drag,1242,209
78.057,78.057,NoButton,Drag,1242,208
78.061,78.061,NoButton,Drag,1243,208
78.065,78.065,NoButton,Drag,1243,208
78.069,78.069,NoButton,Drag,1243,208
78.073,78.073,NoButton,Drag,1244,208
78.078,78.078,NoButton,Drag,1245,208
78.081,78.081,NoButton,Drag,1246,208
78.085,78.085,NoButton,Drag,1246,207
78.089,78.089,NoButton,Drag,1248,207
78.093,78.093,NoButton,Drag,1249,207
78.097,78.097,NoButton,Drag,1250,207
78.101,78.101,NoButton,Drag,1252,207
78.105,78.105,NoButton,Drag,1253,207
78.109,78.109,NoButton,Drag,1255,207
78.113,78.113,NoButton,Drag,1258,207
78.117,78.117,NoButton,Drag,1260,207
78.121,78.121,NoButton,Drag,1262,206
78.125,78.125,NoButton,Drag,1264,206
78.129,78.129,NoButton,Drag,1267,206
78.133,78.133,NoButton,Drag,1269,206
78.137,78.137,NoButton,Drag,1272,206
78.141,78.141,NoButton,Drag,1275,206
78.145,78.145,NoButton,Drag,1277,206
78.149,78.149,NoButton,Drag,1280,207
78.153,78.153,NoButton,Drag,1282,207
78.157,78.157,NoButton,Drag,1285,207
78.161,78.161,NoButton,Drag,1287,207
78.165,78.165,NoButton,Drag,1290,207
78.169,78.169,NoButton,Drag,1292,207
78.173,78.173,NoButton,Drag,1294,207
78.177,78.177,NoButton,Drag,1296,207
78.181,78.181,NoButton,Drag,1298,207
78.185,78.185,NoButton,Drag,1300,207
78.189,78.189,NoButton,Drag,1301,207
78.193,78.193,NoButton,Drag,1302,207
78.197,78.197,NoButton,Drag,1304,207
78.201,78.201,NoButton,Drag,1305,207
78.205,78.205,NoButton,Drag,1305,207
78.207,78.207,NoButton,Drag,1306,207
78.211,78.211,NoButton,Drag,1307,207
78.215,78.215,NoButton,Drag,1307,207
78.231,78.231,NoButton,Drag,1307,207
78.283,78.283,Left,Released,1307,207
78.307,78.307,NoButton,Move,1307,207
78.322,78.322,NoButton,Move,1306,207
78.337,78.337,NoButton,Move,1301,208
78.354,78.354,NoButton,Move,1295,210
78.37,78.37,NoButton,Move,1286,213
78.387,78.387,NoButton,Move,1268,223
78.405,78.405,NoButton,Move,1246,238
78.421,78.421,NoButton,Move,1215,259
78.437,78.437,NoButton,Move,1169,286
78.454,78.454,NoButton,Move,1109,320
78.471,78.471,NoButton,Move,1027,361
78.488,78.488,NoButton,Move,973,385
78.505,78.505,NoButton,Move,924,406
78.521,78.521,NoButton,Move,891,423
78.538,78.538,NoButton,Move,867,437
78.554,78.554,NoButton,Move,850,446
78.571,78.571,NoButton,Move,835,456
78.588,78.588,NoButton,Move,826,462
78.605,78.605,NoButton,Move,817,467
78.621,78.621,NoButton,Move,809,473
78.637,78.637,NoButton,Move,800,479
78.654,78.654,NoButton,Move,790,485
78.671,78.671,NoButton,Move,771,495
78.688,78.688,NoButton,Move,747,506
78.704,78.704,NoButton,Move,708,520
78.721,78.721,NoButton,Move,663,536
78.737,78.737,NoButton,Move,621,551
78.754,78.754,NoButton,Move,589,560
78.771,78.771,NoButton,Move,566,566
78.788,78.788,NoButton,Move,559,567
78.805,78.805,NoButton,Move,559,567
78.82,78.82,NoButton,Move,558,567
78.837,78.837,NoButton,Move,558,564
78.854,78.854,NoButton,Move,559,556
78.872,78.872,NoButton,Move,562,547
78.887,78.887,NoButton,Move,564,536
78.904,78.904,NoButton,Move,567,527
78.92,78.92,NoButton,Move,567,516
78.937,78.937,NoButton,Move,568,506
78.955,78.955,NoButton,Move,569,498
78.971,78.971,NoButton,Move,571,493
78.988,78.988,NoButton,Move,574,488
79.004,79.004,NoButton,Move,576,486
79.021,79.021,NoButton,Move,580,484
79.038,79.038,NoButton,Move,584,483
79.055,79.055,NoButton,Move,587,483
79.071,79.071,NoButton,Move,591,483
79.087,79.087,NoButton,Move,597,483
79.104,79.104,NoButton,Move,605,483
79.12,79.12,NoButton,Move,614,483
79.137,79.137,NoButton,Move,625,484
79.155,79.155,NoButton,Move,632,485
79.171,79.171,NoButton,Move,637,485
79.188,79.188,NoButton,Move,639,485
79.205,79.205,NoButton,Move,639,485
79.221,79.221,NoButton,Move,640,485
79.237,79.237,NoButton,Move,640,485
79.254,79.254,NoButton,Move,640,484
79.271,79.271,NoButton,Move,641,483
79.288,79.288,NoButton,Move,642,481
79.304,79.304,NoButton,Move,643,479
79.321,79.321,NoButton,Move,644,478
79.337,79.337,NoButton,Move,645,476
79.355,79.355,NoButton,Move,646,475
79.371,79.371,NoButton,Move,647,473
79.387,79.387,NoButton,Move,648,472
79.407,79.407,Left,Pressed,648,472
79.439,79.439,NoButton,Drag,648,472
79.511,79.511,NoButton,Drag,648,472
79.519,79.519,NoButton,Drag,649,472
79.527,79.527,NoButton,Drag,649,472
79.531,79.531,NoButton,Drag,649,472
79.536,79.536,NoButton,Drag,650,472
79.539,79.539,NoButton,Drag,650,472
79.543,79.543,NoButton,Drag,651,472
79.547,79.547,NoButton,Drag,652,472
79.551,79.551,NoButton,Drag,654,473
79.555,79.555,NoButton,Drag,656,473
79.559,79.559,NoButton,Drag,658,474
79.563,79.563,NoButton,Drag,661,475
79.567,79.567,NoButton,Drag,664,475
79.571,79.571,NoButton,Drag,667,476
79.575,79.575,NoButton,Drag,671,477
79.579,79.579,NoButton,Drag,674,478
79.583,79.583,NoButton,Drag,679,479
79.587,79.587,NoButton,Drag,684,480
79.591,79.591,NoButton,Drag,689,482
79.595,79.595,NoButton,Drag,695,483
79.599,79.599,NoButton,Drag,701,484
79.603,79.603,NoButton,Drag,708,485
79.607,79.607,NoButton,Drag,714,487
79.611,79.611,NoButton,Drag,721,488
79.615,79.615,NoButton,Drag,729,490
79.619,79.619,NoButton,Drag,737,491
79.623,79.623,NoButton,Drag,746,493
79.627,79.627,NoButton,Drag,755,494
79.631,79.631,NoButton,Drag,764,495
79.635,79.635,NoButton,Drag,773,496
79.639,79.639,NoButton,Drag,782,497
79.643,79.643,NoButton,Drag,791,498
79.647,79.647,NoButton,Drag,800,499
79.651,79.651,NoButton,Drag,809,500
79.655,79.655,NoButton,Drag,819,500
79.659,79.659,NoButton,Drag,828,501
79.663,79.663,NoButton,Drag,836,501
79.667,79.667,NoButton,Drag,846,503
79.671,79.671,NoButton,Drag,855,504
79.675,79.675,NoButton,Drag,864,505
79.679,79.679,NoButton,Drag,874,505
79.683,79.683,NoButton,Drag,883,506
79.687,79.687,NoButton,Drag,892,506
79.691,79.691,NoButton,Drag,902,507
79.695,79.695,NoButton,Drag,911,508
79.699,79.699,NoButton,Drag,920,510
79.703,79.703,NoButton,Drag,928,511
79.707,79.707,NoButton,Drag,938,513
79.711,79.711,NoButton,Drag,947,514
79.715,79.715,NoButton,Drag,956,517
79.719,79.719,NoButton,Drag,965,518
79.723,79.723,NoButton,Drag,974,520
79.727,79.727,NoButton,Drag,982,523
79.731,79.731,NoButton,Drag,990,525
79.735,79.735,NoButton,Drag,999,527
79.739,79.739,NoButton,Drag,1008,529
79.743,79.743,NoButton,Drag,1016,531
79.747,79.747,NoButton,Drag,1023,533
79.751,79.751,NoButton,Drag,1030,535
79.755,79.755,NoButton,Drag,1038,537
79.759,79.759,NoButton,Drag,1045,539
79.763,79.763,NoButton,Drag,1052,542
79.767,79.767,NoButton,Drag,1058,543
79.771,79.771,NoButton,Drag,1065,546
79.775,79.775,NoButton,Drag,1073,549
79.779,79.779,NoButton,Drag,1080,551
79.783,79.783,NoButton,Drag,1086,554
79.787,79.787,NoButton,Drag,1092,557
79.791,79.791,NoButton,Drag,1099,560
79.795,79.795,NoButton,Drag,1105,563
79.799,79.799,NoButton,Drag,1112,566
79.803,79.803,NoButton,Drag,1117,569
79.807,79.807,NoButton,Drag,1123,573
79.811,79.811,NoButton,Drag,1129,576
79.815,79.815,NoButton,Drag,1135,579
79.819,79.819,NoButton,Drag,1140,583
79.823,79.823,NoButton,Drag,1146,587
79.827,79.827,NoButton,Drag,1152,591
79.831,79.831,NoButton,Drag,1158,595
79.835,79.835,NoButton,Drag,1164,600
79.839,79.839,NoButton,Drag,1170,604
79.843,79.843,NoButton,Drag,1175,609
79.847,79.847,NoButton,Drag,1181,613
79.851,79.851,NoButton,Drag,1186,617
79.855,79.855,NoButton,Drag,1191,622
79.859,79.859,NoButton,Drag,1196,628
79.863,79.863,NoButton,Drag,1201,633
79.867,79.867,NoButton,Drag,1206,638
79.871,79.871,NoButton,Drag,1211,643
79.875,79.875,NoButton,Drag,1216,648
79.879,79.879,NoButton,Drag,1221,653
79.883,79.883,NoButton,Drag,1226,658
79.887,79.887,NoButton,Drag,1230,662
79.891,79.891,NoButton,Drag,1234,666
79.895,79.895,NoButton,Drag,1238,671
79.899,79.899,NoButton,Drag,1241,675
79.903,79.903,NoButton,Drag,1245,679
79.907,79.907,NoButton,Drag,1248,682
79.911,79.911,NoButton,Drag,1252,686
79.915,79.915,NoButton,Drag,1256,690
79.919,79.919,NoButton,Drag,1260,694
79.923,79.923,NoButton,Drag,1263,698
79.927,79.927,NoButton,Drag,1267,702
79.931,79.931,NoButton,Drag,1270,705
79.933,79.933,NoButton,Drag,1273,708
79.937,79.937,NoButton,Drag,1275,711
79.941,79.941,NoButton,Drag,1278,714
79.944,79.944,NoButton,Drag,1280,716
79.949,79.949,NoButton,Drag,1282,718
79.953,79.953,NoButton,Drag,1284,720
79.957,79.957,NoButton,Drag,1286,721
79.961,79.961,NoButton,Drag,1287,722
79.965,79.965,NoButton,Drag,1289,724
79.969,79.969,NoButton,Drag,1290,725
79.973,79.973,NoButton,Drag,1291,726
79.977,79.977,NoButton,Drag,1292,727
79.981,79.981,NoButton,Drag,1293,728
79.985,79.985,NoButton,Drag,1293,728
79.989,79.989,NoButton,Drag,1294,728
80.065,80.065,NoButton,Drag,1294,728
80.073,80.073,NoButton,Drag,1294,728
80.077,80.077,Left,Released,1294,728
80.078,80.078,NoButton,Move,1294,727
80.089,80.089,NoButton,Move,1293,725
80.105,80.105,NoButton,Move,1292,722
80.121,80.121,NoButton,Move,1284,713
80.137,80.137,NoButton,Move,1272,705
80.154,80.154,NoButton,Move,1247,697
80.171,80.171,NoButton,Move,1204,685
80.187,80.187,NoButton,Move,1141,673
80.204,80.204,NoButton,Move,1064,661
80.221,80.221,NoButton,Move,985,651
80.238,80.238,NoButton,Move,893,641
80.255,80.255,NoButton,Move,843,632
80.271,80.271,NoButton,Move,809,624
80.288,80.288,NoButton,Move,780,617
80.304,80.304,NoButton,Move,750,610
80.321,80.321,NoButton,Move,708,601
80.337,80.337,NoButton,Move,677,594
80.354,80.354,NoButton,Move,645,587
80.371,80.371,NoButton,Move,609,581
80.388,80.388,NoButton,Move,573,574
80.404,80.404,NoButton,Move,536,566
80.421,80.421,NoButton,Move,488,555
80.437,80.437,NoButton,Move,453,549
80.455,80.455,NoButton,Move,428,544
80.471,80.471,NoButton,Move,413,540
80.488,80.488,NoButton,Move,404,538
80.504,80.504,NoButton,Move,398,537
80.521,80.521,NoButton,Move,398,536
80.591,80.591,NoButton,Move,398,536
80.615,80.615,NoButton,Move,398,536
80.627,80.627,NoButton,Move,398,536
80.637,80.637,NoButton,Move,398,536
80.654,80.654,NoButton,Move,399,535
80.671,80.671,NoButton,Move,402,535
80.687,80.687,NoButton,Move,405,536
80.704,80.704,NoButton,Move,409,537
80.721,80.721,NoButton,Move,414,539
80.738,80.738,NoButton,Move,419,541
80.754,80.754,NoButton,Move,426,546
80.771,80.771,NoButton,Move,434,551
80.787,80.787,NoButton,Move,441,556
80.804,80.804,NoButton,Move,447,561
80.821,80.821,NoButton,Move,455,565
80.838,80.838,NoButton,Move,461,570
80.854,80.854,NoButton,Move,466,573
80.87,80.87,NoButton,Move,469,576
80.888,80.888,NoButton,Move,471,577
80.905,80.905,Left,Pressed,471,577
80.905,80.905,NoButton,Drag,472,578
80.907,80.907,NoButton,Drag,472,578
80.911,80.911,NoButton,Drag,472,578
80.915,80.915,NoButton,Drag,473,578
80.919,80.919,NoButton,Drag,473,578
80.923,80.923,NoButton,Drag,473,578
80.927,80.927,NoButton,Drag,474,578
80.931,80.931,NoButton,Drag,474,579
80.935,80.935,NoButton,Drag,474,579
80.939,80.939,NoButton,Drag,474,579
80.943,80.943,NoButton,Drag,475,579
80.951,80.951,NoButton,Drag,475,579
80.959,80.959,NoButton,Drag,475,579
81.003,81.003,NoButton,Drag,475,579
81.011,81.011,NoButton,Drag,476,579
81.015,81.015,NoButton,Drag,476,579
81.019,81.019,NoButton,Drag,476,578
81.023,81.023,NoButton,Drag,476,578
81.027,81.027,NoButton,Drag,477,578
81.031,81.031,NoButton,Drag,477,578
81.035,81.035,NoButton,Drag,478,577
81.039,81.039,NoButton,Drag,478,577
81.043,81.043,NoButton,Drag,479,577
81.047,81.047,NoButton,Drag,479,576
81.051,81.051,NoButton,Drag,480,576
81.055,81.055,NoButton,Drag,481,576
81.059,81.059,NoButton,Drag,483,575
81.063,81.063,NoButton,Drag,484,575
81.067,81.067,NoButton,Drag,485,575
81.071,81.071,NoButton,Drag,486,574
81.075,81.075,NoButton,Drag,488,574
81.079,81.079,NoButton,Drag,489,574
81.083,81.083,NoButton,Drag,490,573
81.087,81.087,NoButton,Drag,492,573
81.089,81.089,NoButton,Drag,493,572
81.093,81.093,NoButton,Drag,495,572
81.097,81.097,NoButton,Drag,496,572
81.101,81.101,NoButton,Drag,498,572
81.105,81.105,NoButton,Drag,499,571
81.109,81.109,NoButton,Drag,501,571
81.113,81.113,NoButton,Drag,503,571
81.117,81.117,NoButton,Drag,505,570
81.121,81.121,NoButton,Drag,507,570
81.125,81.125,NoButton,Drag,509,570
81.129,81.129,NoButton,Drag,511,570
81.133,81.133,NoButton,Drag,513,570
81.137,81.137,NoButton,Drag,516,570
81.141,81.141,NoButton,Drag,518,570
81.145,81.145,NoButton,Drag,521,570
81.149,81.149,NoButton,Drag,523,570
81.153,81.153,NoButton,Drag,527,571
81.157,81.157,NoButton,Drag,530,572
81.161,81.161,NoButton,Drag,533,572
81.165,81.165,NoButton,Drag,536,573
81.169,81.169,NoButton,Drag,540,574
81.173,81.173,NoButton,Drag,544,575
81.177,81.177,NoButton,Drag,548,576
81.181,81.181,NoButton,Drag,553,577
81.185,81.185,NoButton,Drag,557,578
81.189,81.189,NoButton,Drag,562,580
81.193,81.193,NoButton,Drag,567,581
81.197,81.197,NoButton,Drag,572,582
81.201,81.201,NoButton,Drag,576,583
81.205,81.205,NoButton,Drag,582,585
81.209,81.209,NoButton,Drag,588,586
81.213,81.213,NoButton,Drag,593,587
81.217,81.217,NoButton,Drag,600,589
81.221,81.221,NoButton,Drag,606,590
81.225,81.225,NoButton,Drag,613,592
81.229,81.229,NoButton,Drag,618,593
81.233,81.233,NoButton,Drag,625,595
81.237,81.237,NoButton,Drag,631,597
81.241,81.241,NoButton,Drag,637,598
81.245,81.245,NoButton,Drag,643,600
81.249,81.249,NoButton,Drag,651,602
81.253,81.253,NoButton,Drag,658,604
81.257,81.257,NoButton,Drag,666,606
81.261,81.261,NoButton,Drag,674,608
81.265,81.265,NoButton,Drag,682,610
81.269,81.269,NoButton,Drag,690,612
81.273,81.273,NoButton,Drag,699,615
81.277,81.277,NoButton,Drag,707,617
81.281,81.281,NoButton,Drag,716,619
81.285,81.285,NoButton,Drag,725,621
81.289,81.289,NoButton,Drag,733,623
81.293,81.293,NoButton,Drag,742,626
81.297,81.297,NoButton,Drag,750,628
81.301,81.301,NoButton,Drag,759,630
81.305,81.305,NoButton,Drag,768,632
81.309,81.309,NoButton,Drag,777,634
81.313,81.313,NoButton,Drag,786,636
81.317,81.317,NoButton,Drag,794,639
81.321,81.321,NoButton,Drag,802,641
81.325,81.325,NoButton,Drag,810,643
81.329,81.329,NoButton,Drag,818,645
81.333,81.333,NoButton,Drag,826,646
81.337,81.337,NoButton,Drag,833,648
81.341,81.341,NoButton,Drag,840,650
81.345,81.345,NoButton,Drag,846,652
81.349,81.349,NoButton,Drag,853,653
81.353,81.353,NoButton,Drag,859,655
81.357,81.357,NoButton,Drag,866,656
81.361,81.361,NoButton,Drag,873,658
81.365,81.365,NoButton,Drag,879,660
81.369,81.369,NoButton,Drag,885,661
81.373,81.373,NoButton,Drag,892,663
81.377,81.377,NoButton,Drag,898,664
81.381,81.381,NoButton,Drag,905,666
81.385,81.385,NoButton,Drag,913,668
81.389,81.389,NoButton,Drag,921,669
81.393,81.393,NoButton,Drag,928,671
81.397,81.397,NoButton,Drag,936,672
81.401,81.401,NoButton,Drag,945,674
81.405,81.405,NoButton,Drag,953,675
81.409,81.409,NoButton,Drag,960,676
81.413,81.413,NoButton,Drag,969,677
81.417,81.417,NoButton,Drag,977,678
81.421,81.421,NoButton,Drag,985,679
81.425,81.425,NoButton,Drag,993,679
81.429,81.429,NoButton,Drag,1001,680
81.433,81.433,NoButton,Drag,1008,680
81.437,81.437,NoButton,Drag,1016,681
81.441,81.441,NoButton,Drag,1023,681
81.445,81.445,NoButton,Drag,1030,681
81.449,81.449,NoButton,Drag,1037,681
81.453,81.453,NoButton,Drag,1044,682
81.457,81.457,NoButton,Drag,1051,682
81.461,81.461,NoButton,Drag,1058,682
81.465,81.465,NoButton,Drag,1065,682
81.469,81.469,NoButton,Drag,1071,682
81.473,81.473,NoButton,Drag,1078,682
81.477,81.477,NoButton,Drag,1084,682
81.481,81.481,NoButton,Drag,1090,682
81.485,81.485,NoButton,Drag,1097,681
81.489,81.489,NoButton,Drag,1103,681
81.493,81.493,NoButton,Drag,1110,680
81.497,81.497,NoButton,Drag,1116,679
81.501,81.501,NoButton,Drag,1122,678
81.505,81.505,NoButton,Drag,1129,677
81.509,81.509,NoButton,Drag,1135,677
81.513,81.513,NoButton,Drag,1141,676
81.517,81.517,NoButton,Drag,1146,675
81.521,81.521,NoButton,Drag,1151,675
81.525,81.525,NoButton,Drag,1155,674
81.529,81.529,NoButton,Drag,1158,673
81.533,81.533,NoButton,Drag,1161,673
81.537,81.537,NoButton,Drag,1164,672
81.541,81.541,NoButton,Drag,1168,671
81.545,81.545,NoButton,Drag,1171,671
81.549,81.549,NoButton,Drag,1174,671
81.553,81.553,NoButton,Drag,1177,670
81.557,81.557,NoButton,Drag,1179,670
81.56,81.56,NoButton,Drag,1182,669
81.565,81.565,NoButton,Drag,1185,669
81.569,81.569,NoButton,Drag,1187,669
81.573,81.573,NoButton,Drag,1189,668
81.577,81.577,NoButton,Drag,1192,668
81.581,81.581,NoButton,Drag,1194,668
81.585,81.585,NoButton,Drag,1196,668
81.589,81.589,NoButton,Drag,1198,668
81.593,81.593,NoButton,Drag,1200,668
81.597,81.597,NoButton,Drag,1203,668
81.601,81.601,NoButton,Drag,1205,668
81.605,81.605,NoButton,Drag,1207,668
81.609,81.609,NoButton,Drag,1209,668
81.613,81.613,NoButton,Drag,1211,668
81.617,81.617,NoButton,Drag,1213,668
81.621,81.621,NoButton,Drag,1214,668
81.625,81.625,NoButton,Drag,1216,668
81.629,81.629,NoButton,Drag,1217,668
81.633,81.633,NoButton,Drag,1218,668
81.637,81.637,NoButton,Drag,1219,668
81.641,81.641,NoButton,Drag,1220,668
81.645,81.645,NoButton,Drag,1220,668
81.649,81.649,NoButton,Drag,1221,668
81.653,81.653,NoButton,Drag,1221,668
81.657,81.657,NoButton,Drag,1222,668
81.661,81.661,NoButton,Drag,1222,669
81.663,81.663,NoButton,Drag,1222,669
81.667,81.667,NoButton,Drag,1222,669
81.671,81.671,NoButton,Drag,1223,669
81.675,81.675,NoButton,Drag,1223,669
81.679,81.679,NoButton,Drag,1223,669
81.683,81.683,NoButton,Drag,1224,669
81.687,81.687,NoButton,Drag,1224,670
81.691,81.691,NoButton,Drag,1225,670
81.695,81.695,NoButton,Drag,1225,670
81.701,81.701,NoButton,Drag,1226,671
81.703,81.703,NoButton,Drag,1226,671
81.707,81.707,NoButton,Drag,1227,671
81.711,81.711,NoButton,Drag,1227,672
81.715,81.715,NoButton,Drag,1228,672
81.719,81.719,NoButton,Drag,1229,673
81.723,81.723,NoButton,Drag,1230,673
81.727,81.727,NoButton,Drag,1231,674
81.731,81.731,NoButton,Drag,1231,674
81.735,81.735,NoButton,Drag,1232,675
81.739,81.739,NoButton,Drag,1233,675
81.743,81.743,NoButton,Drag,1233,676
81.747,81.747,NoButton,Drag,1234,676
81.751,81.751,NoButton,Drag,1234,677
81.755,81.755,NoButton,Drag,1235,677
81.759,81.759,NoButton,Drag,1235,678
81.763,81.763,NoButton,Drag,1236,679
81.767,81.767,NoButton,Drag,1236,680
81.771,81.771,NoButton,Drag,1237,680
81.775,81.775,NoButton,Drag,1237,681
81.779,81.779,NoButton,Drag,1238,682
81.783,81.783,NoButton,Drag,1238,683
81.787,81.787,NoButton,Drag,1239,684
81.791,81.791,NoButton,Drag,1239,685
81.795,81.795,NoButton,Drag,1240,686
81.799,81.799,NoButton,Drag,1241,686
81.803,81.803,NoButton,Drag,1241,687
81.807,81.807,NoButton,Drag,1242,688
81.811,81.811,NoButton,Drag,1242,688
81.815,81.815,NoButton,Drag,1243,689
81.819,81.819,NoButton,Drag,1243,689
81.823,81.823,NoButton,Drag,1243,689
81.827,81.827,NoButton,Drag,1243,690
81.831,81.831,NoButton,Drag,1243,690
81.835,81.835,NoButton,Drag,1244,690
81.844,81.844,Left,Released,1244,690
81.845,81.845,NoButton,Move,1244,691
81.855,81.855,NoButton,Move,1244,691
81.887,81.887,NoButton,Move,1244,691
81.891,81.891,NoButton,Move,1243,691
81.904,81.904,NoButton,Move,1240,692
81.921,81.921,NoButton,Move,1228,694
81.938,81.938,NoButton,Move,1198,701
81.954,81.954,NoButton,Move,1149,716
81.97,81.97,NoButton,Move,1074,739
81.987,81.987,NoButton,Move,969,773
82.004,82.004,NoButton,Move,895,798
82.021,82.021,NoButton,Move,843,819
82.037,82.037,NoButton,Move,811,835
82.054,82.054,NoButton,Move,785,851
82.071,82.071,NoButton,Move,754,869
82.087,82.087,NoButton,Move,728,887
82.104,82.104,NoButton,Move,704,899
82.121,82.121,NoButton,Move,685,899
82.138,82.138,NoButton,Move,669,899
82.154,82.154,NoButton,Move,658,899
82.17,82.17,NoButton,Move,651,899
82.187,82.187,NoButton,Move,644,899
82.205,82.205,NoButton,Move,641,899
82.221,82.221,NoButton,Move,639,899
82.237,82.237,NoButton,Move,636,898
82.255,82.255,NoButton,Move,634,896
82.293,82.293,NoButton,Move,634,896
82.297,82.297,NoButton,Move,634,896
82.304,82.304,NoButton,Move,634,896
82.32,82.32,NoButton,Move,637,894
82.337,82.337,NoButton,Move,645,892
82.355,82.355,NoButton,Move,651,890
82.371,82.371,NoButton,Move,656,888
82.387,82.387,NoButton,Move,660,888
82.404,82.404,NoButton,Move,662,887
82.421,82.421,NoButton,Move,666,886
82.437,82.437,NoButton,Move,670,883
82.454,82.454,NoButton,Move,675,876
82.471,82.471,NoButton,Move,681,866
82.488,82.488,NoButton,Move,683,854
82.504,82.504,NoButton,Move,685,844
82.52,82.52,NoButton,Move,685,833
82.537,82.537,NoButton,Move,684,820
82.555,82.555,NoButton,Move,683,812
82.571,82.571,NoButton,Move,681,808
82.588,82.588,NoButton,Move,680,806
82.604,82.604,NoButton,Move,678,805
82.621,82.621,NoButton,Move,670,803
82.637,82.637,NoButton,Move,659,801
82.654,82.654,NoButton,Move,647,798
82.671,82.671,NoButton,Move,633,795
82.688,82.688,NoButton,Move,619,788
82.704,82.704,NoButton,Move,606,780
82.721,82.721,NoButton,Move,592,769
82.738,82.738,NoButton,Move,583,759
82.754,82.754,NoButton,Move,579,752
82.771,82.771,NoButton,Move,577,746
82.787,82.787,NoButton,Move,576,741
82.804,82.804,NoButton,Move,576,737
82.821,82.821,NoButton,Move,577,731
82.837,82.837,NoButton,Move,578,726
82.854,82.854,NoButton,Move,579,721
82.87,82.87,NoButton,Move,580,717
82.887,82.887,NoButton,Move,580,713
82.904,82.904,NoButton,Move,580,710
82.921,82.921,NoButton,Move,579,708
82.938,82.938,NoButton,Move,578,706
82.954,82.954,NoButton,Move,574,701
82.971,82.971,NoButton,Move,565,694
82.987,82.987,NoButton,Move,554,687
83.004,83.004,NoButton,Move,542,682
83.021,83.021,NoButton,Move,530,679
83.037,83.037,NoButton,Move,519,677
83.054,83.054,NoButton,Move,510,676
83.071,83.071,NoButton,Move,505,676
83.088,83.088,NoButton,Move,505,676
83.111,83.111,NoButton,Move,505,676
83.121,83.121,NoButton,Move,505,677
83.315,83.315,NoButton,Move,505,677
83.319,83.319,NoButton,Move,505,677
83.323,83.323,NoButton,Move,505,677
83.338,83.338,NoButton,Move,506,677
83.355,83.355,NoButton,Move,507,677
83.371,83.371,NoButton,Move,508,677
83.388,83.388,NoButton,Move,509,678
83.404,83.404,NoButton,Move,510,679
83.421,83.421,NoButton,Move,511,680
83.438,83.438,NoButton,Move,511,680
83.454,83.454,NoButton,Move,511,681
83.477,83.477,NoButton,Move,512,681
83.488,83.488,NoButton,Move,512,681
83.509,83.509,NoButton,Move,512,681
83.581,83.581,NoButton,Move,512,681
83.598,83.598,Left,Pressed,512,681
83.601,83.601,NoButton,Drag,512,681
83.609,83.609,NoButton,Drag,513,681
83.618,83.618,NoButton,Drag,513,681
83.633,83.633,NoButton,Drag,513,681
83.649,83.649,NoButton,Drag,513,681
83.661,83.661,NoButton,Drag,513,681
83.665,83.665,NoButton,Drag,513,682
83.669,83.669,NoButton,Drag,513,682
83.673,83.673,NoButton,Drag,514,682
83.677,83.677,NoButton,Drag,514,682
83.681,83.681,NoButton,Drag,514,683
83.685,83.685,NoButton,Drag,514,683
83.689,83.689,NoButton,Drag,515,684
83.693,83.693,NoButton,Drag,515,685
83.697,83.697,NoButton,Drag,516,686
83.701,83.701,NoButton,Drag,517,687
83.705,83.705,NoButton,Drag,518,688
83.709,83.709,NoButton,Drag,519,689
83.713,83.713,NoButton,Drag,521,691
83.717,83.717,NoButton,Drag,523,692
83.721,83.721,NoButton,Drag,526,694
83.725,83.725,NoButton,Drag,528,696
83.729,83.729,NoButton,Drag,532,698
83.733,83.733,NoButton,Drag,535,700
83.737,83.737,NoButton,Drag,539,703
83.741,83.741,NoButton,Drag,544,705
83.745,83.745,NoButton,Drag,550,708
83.749,83.749,NoButton,Drag,555,711
83.753,83.753,NoButton,Drag,562,714
83.757,83.757,NoButton,Drag,571,718
83.761,83.761,NoButton,Drag,580,721
83.765,83.765,NoButton,Drag,591,725
83.769,83.769,NoButton,Drag,602,728
83.773,83.773,NoButton,Drag,614,732
83.777,83.777,NoButton,Drag,626,736
83.781,83.781,NoButton,Drag,638,739
83.785,83.785,NoButton,Drag,653,743
83.789,83.789,NoButton,Drag,668,747
83.793,83.793,NoButton,Drag,684,751
83.797,83.797,NoButton,Drag,703,756
83.801,83.801,NoButton,Drag,720,761
83.805,83.805,NoButton,Drag,738,763
83.809,83.809,NoButton,Drag,757,767
83.813,83.813,NoButton,Drag,777,770
83.817,83.817,NoButton,Drag,795,773
83.821,83.821,NoButton,Drag,816,776
83.825,83.825,NoButton,Drag,836,779
83.829,83.829,NoButton,Drag,856,782
83.833,83.833,NoButton,Drag,877,784
83.837,83.837,NoButton,Drag,898,786
83.841,83.841,NoButton,Drag,919,786
83.845,83.845,NoButton,Drag,940,787
83.849,83.849,NoButton,Drag,961,788
83.853,83.853,NoButton,Drag,982,789
83.857,83.857,NoButton,Drag,1001,789
83.861,83.861,NoButton,Drag,1021,789
83.865,83.865,NoButton,Drag,1040,789
83.869,83.869,NoButton,Drag,1059,789
83.873,83.873,NoButton,Drag,1079,789
83.877,83.877,NoButton,Drag,1098,789
83.881,83.881,NoButton,Drag,1118,789
83.885,83.885,NoButton,Drag,1137,789
83.889,83.889,NoButton,Drag,1155,789
83.893,83.893,NoButton,Drag,1174,789
83.897,83.897,NoButton,Drag,1190,787
83.901,83.901,NoButton,Drag,1207,785
83.905,83.905,NoButton,Drag,1223,783
83.909,83.909,NoButton,Drag,1238,780
83.913,83.913,NoButton,Drag,1254,777
83.917,83.917,NoButton,Drag,1271,773
83.921,83.921,NoButton,Drag,1287,770
83.925,83.925,NoButton,Drag,1302,766
83.929,83.929,NoButton,Drag,1316,763
83.933,83.933,NoButton,Drag,1330,760
83.937,83.937,NoButton,Drag,1341,756
83.941,83.941,NoButton,Drag,1354,752
83.945,83.945,NoButton,Drag,1367,748
83.949,83.949,NoButton,Drag,1378,745
83.953,83.953,NoButton,Drag,1389,741
83.957,83.957,NoButton,Drag,1399,738
83.961,83.961,NoButton,Drag,1409,735
83.965,83.965,NoButton,Drag,1417,733
83.969,83.969,NoButton,Drag,1425,730
83.971,83.971,NoButton,Drag,1432,726
83.975,83.975,NoButton,Drag,1439,724
83.979,83.979,NoButton,Drag,1439,722
83.983,83.983,NoButton,Drag,1439,720
83.987,83.987,NoButton,Drag,1439,718
83.991,83.991,NoButton,Drag,1439,716
83.995,83.995,NoButton,Drag,1439,714
83.999,83.999,NoButton,Drag,1439,713
84.003,84.003,NoButton,Drag,1439,711
84.007,84.007,NoButton,Drag,1439,710
84.011,84.011,NoButton,Drag,1439,708
84.015,84.015,NoButton,Drag,1439,707
84.021,84.021,NoButton,Drag,1439,707
84.023,84.023,NoButton,Drag,1439,706
84.027,84.027,NoButton,Drag,1439,705
84.031,84.031,NoButton,Drag,1439,705
84.035,84.035,NoButton,Drag,1439,704
84.039,84.039,NoButton,Drag,1439,704
84.043,84.043,NoButton,Drag,1439,704
84.107,84.107,Left,Released,1439,704
84.139,84.139,NoButton,Move,1439,704
84.143,84.143,NoButton,Move,1439,704
84.154,84.154,NoButton,Move,1438,704
84.171,84.171,NoButton,Move,1431,704
84.187,84.187,NoButton,Move,1420,705
84.205,84.205,NoButton,Move,1403,709
84.221,84.221,NoButton,Move,1383,715
84.238,84.238,NoButton,Move,1365,720
84.254,84.254,NoButton,Move,1350,726
84.27,84.27,NoButton,Move,1335,732
84.288,84.288,NoButton,Move,1321,739
84.305,84.305,NoButton,Move,1314,742
84.32,84.32,NoButton,Move,1311,744
84.339,84.339,NoButton,Move,1311,744
84.355,84.355,NoButton,Move,1311,744
84.447,84.447,NoButton,Move,1311,744
84.463,84.463,NoButton,Move,1311,744
84.471,84.471,NoButton,Move,1311,743
84.487,84.487,NoButton,Move,1311,743
84.523,84.523,NoButton,Move,1311,743
84.531,84.531,NoButton,Move,1311,743
84.537,84.537,NoButton,Move,1312,743
84.555,84.555,NoButton,Move,1313,743
84.571,84.571,NoButton,Move,1316,743
84.588,84.588,NoButton,Move,1320,741
84.604,84.604,NoButton,Move,1328,740
84.62,84.62,NoButton,Move,1338,737
84.638,84.638,NoButton,Move,1357,732
84.654,84.654,NoButton,Move,1374,727
84.671,84.671,NoButton,Move,1393,720
84.688,84.688,NoButton,Move,1411,713
84.704,84.704,NoButton,Move,1425,706
84.72,84.72,NoButton,Move,1435,699
84.737,84.737,NoButton,Move,1439,694
84.755,84.755,NoButton,Move,1439,692
84.771,84.771,NoButton,Move,1439,691
85.029,85.029,NoButton,Move,1439,691
85.223,85.223,Left,Pressed,1439,691
85.227,85.227,NoButton,Drag,1437,697
85.232,85.232,NoButton,Drag,1436,698
85.235,85.235,NoButton,Drag,1435,699
85.239,85.239,NoButton,Drag,1434,700
85.243,85.243,NoButton,Drag,1433,701
85.247,85.247,NoButton,Drag,1432,702
85.251,85.251,NoButton,Drag,1431,702
85.255,85.255,NoButton,Drag,1430,703
85.259,85.259,NoButton,Drag,1428,704
85.263,85.263,NoButton,Drag,1427,705
85.267,85.267,NoButton,Drag,1426,706
85.271,85.271,NoButton,Drag,1424,707
85.275,85.275,NoButton,Drag,1423,709
85.279,85.279,NoButton,Drag,1422,710
85.283,85.283,NoButton,Drag,1420,711
85.287,85.287,NoButton,Drag,1419,712
85.291,85.291,NoButton,Drag,1417,713
85.295,85.295,NoButton,Drag,1416,714
85.299,85.299,NoButton,Drag,1414,716
85.304,85.304,NoButton,Drag,1413,717
85.307,85.307,NoButton,Drag,1411,718
85.311,85.311,NoButton,Drag,1410,719
85.315,85.315,NoButton,Drag,1408,720
85.321,85.321,NoButton,Drag,1407,722
85.323,85.323,NoButton,Drag,1406,723
85.327,85.327,NoButton,Drag,1405,724
85.331,85.331,NoButton,Drag,1403,725
85.335,85.335,NoButton,Drag,1401,727
85.339,85.339,NoButton,Drag,1400,728
85.343,85.343,NoButton,Drag,1398,729
85.347,85.347,NoButton,Drag,1397,730
85.351,85.351,NoButton,Drag,1395,731
85.355,85.355,NoButton,Drag,1394,732
85.359,85.359,NoButton,Drag,1392,733
85.363,85.363,NoButton,Drag,1391,734
85.367,85.367,NoButton,Drag,1389,735
85.371,85.371,NoButton,Drag,1388,735
85.375,85.375,NoButton,Drag,1386,736
85.379,85.379,NoButton,Drag,1385,737
85.383,85.383,NoButton,Drag,1384,738
85.387,85.387,NoButton,Drag,1382,738
85.391,85.391,NoButton,Drag,1381,739
85.395,85.395,NoButton,Drag,1380,739
85.399,85.399,NoButton,Drag,1379,740
85.403,85.403,NoButton,Drag,1378,740
85.407,85.407,NoButton,Drag,1378,740
85.411,85.411,NoButton,Drag,1377,740
85.415,85.415,NoButton,Drag,1376,741
85.419,85.419,NoButton,Drag,1375,741
85.423,85.423,NoButton,Drag,1374,741
85.427,85.427,NoButton,Drag,1373,742
85.431,85.431,NoButton,Drag,1372,742
85.435,85.435,NoButton,Drag,1372,742
85.439,85.439,NoButton,Drag,1371,742
85.443,85.443,NoButton,Drag,1371,742
85.447,85.447,NoButton,Drag,1370,742
85.451,85.451,NoButton,Drag,1369,742
85.455,85.455,NoButton,Drag,1368,742
85.459,85.459,NoButton,Drag,1367,742
85.463,85.463,NoButton,Drag,1366,742
85.467,85.467,NoButton,Drag,1365,742
85.471,85.471,NoButton,Drag,1365,742
85.475,85.475,NoButton,Drag,1364,742
85.479,85.479,NoButton,Drag,1363,742
85.487,85.487,NoButton,Drag,1363,742
85.503,85.503,NoButton,Drag,1363,742
85.595,85.595,NoButton,Drag,1363,742
85.599,85.599,NoButton,Drag,1362,741
85.604,85.604,NoButton,Drag,1362,741
85.607,85.607,Left,Released,1362,741
85.608,85.608,NoButton,Move,1362,741
85.621,85.621,NoButton,Move,1361,740
85.638,85.638,NoButton,Move,1359,739
85.654,85.654,NoButton,Move,1356,737
85.671,85.671,NoButton,Move,1351,735
85.687,85.687,NoButton,Move,1343,733
85.704,85.704,NoButton,Move,1332,733
85.72,85.72,NoButton,Move,1325,733
85.738,85.738,NoButton,Move,1318,734
85.755,85.755,NoButton,Move,1314,736
85.771,85.771,NoButton,Move,1313,737
85.788,85.788,NoButton,Move,1313,738
85.804,85.804,NoButton,Move,1313,739
85.82,85.82,NoButton,Move,1313,740
85.837,85.837,NoButton,Move,1314,741
85.855,85.855,NoButton,Move,1315,742
85.871,85.871,NoButton,Move,1315,742
85.888,85.888,NoButton,Move,1315,743
85.904,85.904,NoButton,Move,1315,744
85.92,85.92,NoButton,Move,1314,745
85.937,85.937,NoButton,Move,1309,748
85.954,85.954,NoButton,Move,1299,753
85.971,85.971,NoButton,Move,1280,758
85.988,85.988,NoButton,Move,1246,767
86.004,86.004,NoButton,Move,1191,778
86.02,86.02,NoButton,Move,1109,786
86.038,86.038,NoButton,Move,967,794
86.055,86.055,NoButton,Move,831,796
86.071,86.071,NoButton,Move,698,796
86.088,86.088,NoButton,Move,592,797
86.104,86.104,NoButton,Move,506,797
86.12,86.12,NoButton,Move,431,796
86.137,86.137,NoButton,Move,355,791
86.154,86.154,NoButton,Move,311,784
86.17,86.17,NoButton,Move,282,778
86.187,86.187,NoButton,Move,257,772
86.204,86.204,NoButton,Move,237,767
86.22,86.22,NoButton,Move,220,763
86.237,86.237,NoButton,Move,207,760
86.254,86.254,NoButton,Move,197,757
86.27,86.27,NoButton,Move,187,755
86.287,86.287,NoButton,Move,175,754
86.305,86.305,NoButton,Move,165,754
86.321,86.321,NoButton,Move,156,754
86.338,86.338,NoButton,Move,148,754
86.354,86.354,NoButton,Move,141,754
86.37,86.37,NoButton,Move,136,754
86.388,86.388,NoButton,Move,131,754
86.404,86.404,NoButton,Move,129,754
86.421,86.421,NoButton,Move,127,754
86.437,86.437,NoButton,Move,126,754
86.454,86.454,NoButton,Move,124,753
86.47,86.47,NoButton,Move,123,753
86.487,86.487,NoButton,Move,121,752
86.505,86.505,NoButton,Move,120,751
86.521,86.521,NoButton,Move,118,749
86.538,86.538,NoButton,Move,116,748
86.554,86.554,NoButton,Move,115,747
86.57,86.57,NoButton,Move,113,746
86.587,86.587,NoButton,Move,111,745
86.605,86.605,NoButton,Move,110,744
86.621,86.621,NoButton,Move,109,743
86.637,86.637,NoButton,Move,108,743
86.654,86.654,NoButton,Move,107,742
86.732,86.732,Left,Pressed,107,742
86.813,86.813,NoButton,Drag,107,742
86.817,86.817,NoButton,Drag,108,742
86.821,86.821,NoButton,Drag,108,742
86.827,86.827,NoButton,Drag,109,742
86.829,86.829,NoButton,Drag,110,742
86.833,86.833,NoButton,Drag,111,743
86.837,86.837,NoButton,Drag,112,743
86.841,86.841,NoButton,Drag,114,743
86.845,86.845,NoButton,Drag,116,744
86.849,86.849,NoButton,Drag,119,744
86.853,86.853,NoButton,Drag,123,745
86.857,86.857,NoButton,Drag,126,746
86.861,86.861,NoButton,Drag,131,747
86.865,86.865,NoButton,Drag,136,748
86.869,86.869,NoButton,Drag,141,749
86.873,86.873,NoButton,Drag,147,750
86.877,86.877,NoButton,Drag,154,752
86.881,86.881,NoButton,Drag,162,754
86.885,86.885,NoButton,Drag,170,756
86.888,86.888,NoButton,Drag,179,758
86.893,86.893,NoButton,Drag,189,761
86.897,86.897,NoButton,Drag,198,763
86.901,86.901,NoButton,Drag,209,766
86.907,86.907,NoButton,Drag,221,769
86.908,86.908,NoButton,Drag,232,773
86.913,86.913,NoButton,Drag,243,776
86.917,86.917,NoButton,Drag,256,779
86.921,86.921,NoButton,Drag,268,783
86.925,86.925,NoButton,Drag,279,786
86.929,86.929,NoButton,Drag,291,790
86.933,86.933,NoButton,Drag,305,794
86.937,86.937,NoButton,Drag,317,798
86.941,86.941,NoButton,Drag,330,801
86.945,86.945,NoButton,Drag,344,805
86.949,86.949,NoButton,Drag,360,809
86.953,86.953,NoButton,Drag,375,814
86.957,86.957,NoButton,Drag,392,819
86.961,86.961,NoButton,Drag,407,824
86.965,86.965,NoButton,Drag,423,828
86.969,86.969,NoButton,Drag,441,833
86.973,86.973,NoButton,Drag,459,838
86.977,86.977,NoButton,Drag,476,843
86.981,86.981,NoButton,Drag,494,849
86.985,86.985,NoButton,Drag,512,854
86.989,86.989,NoButton,Drag,530,859
86.993,86.993,NoButton,Drag,547,864
86.997,86.997,NoButton,Drag,564,869
87.001,87.001,NoButton,Drag,582,874
87.005,87.005,NoButton,Drag,598,879
87.009,87.009,NoButton,Drag,615,884
87.013,87.013,NoButton,Drag,631,889
87.017,87.017,NoButton,Drag,646,894
87.021,87.021,NoButton,Drag,662,899
87.025,87.025,NoButton,Drag,679,899
87.029,87.029,NoButton,Drag,695,899
87.033,87.033,NoButton,Drag,713,899
87.037,87.037,NoButton,Drag,729,899
87.041,87.041,NoButton,Drag,746,899
87.045,87.045,NoButton,Drag,763,899
87.049,87.049,NoButton,Drag,779,899
87.053,87.053,NoButton,Drag,796,899
87.057,87.057,NoButton,Drag,811,899
87.061,87.061,NoButton,Drag,827,899
87.065,87.065,NoButton,Drag,842,899
87.069,87.069,NoButton,Drag,858,899
87.073,87.073,NoButton,Drag,874,899
87.077,87.077,NoButton,Drag,890,899
87.081,87.081,NoButton,Drag,907,899
87.085,87.085,NoButton,Drag,923,899
87.089,87.089,NoButton,Drag,937,899
87.093,87.093,NoButton,Drag,952,899
87.097,87.097,NoButton,Drag,967,899
87.101,87.101,NoButton,Drag,982,899
87.105,87.105,NoButton,Drag,997,899
87.109,87.109,NoButton,Drag,1011,899
87.113,87.113,NoButton,Drag,1025,899
87.117,87.117,NoButton,Drag,1038,899
87.121,87.121,NoButton,Drag,1051,899
87.125,87.125,NoButton,Drag,1065,899
87.129,87.129,NoButton,Drag,1079,899
87.133,87.133,NoButton,Drag,1094,899
87.137,87.137,NoButton,Drag,1107,899
87.141,87.141,NoButton,Drag,1121,899
87.145,87.145,NoButton,Drag,1134,899
87.149,87.149,NoButton,Drag,1147,899
87.153,87.153,NoButton,Drag,1158,899
87.157,87.157,NoButton,Drag,1170,899
87.161,87.161,NoButton,Drag,1181,898
87.165,87.165,NoButton,Drag,1191,896
87.169,87.169,NoButton,Drag,1200,895
87.173,87.173,NoButton,Drag,1209,893
87.177,87.177,NoButton,Drag,1218,892
87.181,87.181,NoButton,Drag,1226,890
87.185,87.185,NoButton,Drag,1233,888
87.189,87.189,NoButton,Drag,1239,887
87.193,87.193,NoButton,Drag,1245,886
87.197,87.197,NoButton,Drag,1250,884
87.201,87.201,NoButton,Drag,1254,883
87.205,87.205,NoButton,Drag,1257,882
87.209,87.209,NoButton,Drag,1260,881
87.213,87.213,NoButton,Drag,1263,881
87.217,87.217,NoButton,Drag,1266,879
87.221,87.221,NoButton,Drag,1268,879
87.225,87.225,NoButton,Drag,1270,878
87.229,87.229,NoButton,Drag,1272,877
87.233,87.233,NoButton,Drag,1274,876
87.237,87.237,NoButton,Drag,1275,875
87.241,87.241,NoButton,Drag,1277,874
87.245,87.245,NoButton,Drag,1278,873
87.249,87.249,NoButton,Drag,1279,873
87.252,87.252,NoButton,Drag,1279,872
87.257,87.257,NoButton,Drag,1280,872
87.261,87.261,NoButton,Drag,1281,871
87.265,87.265,NoButton,Drag,1281,871
87.269,87.269,NoButton,Drag,1281,870
87.273,87.273,NoButton,Drag,1282,870
87.277,87.277,NoButton,Drag,1282,869
87.281,87.281,NoButton,Drag,1282,869
87.285,87.285,NoButton,Drag,1282,869
87.289,87.289,NoButton,Drag,1283,868
87.293,87.293,NoButton,Drag,1283,868
87.297,87.297,NoButton,Drag,1283,867
87.301,87.301,NoButton,Drag,1283,867
87.305,87.305,NoButton,Drag,1283,866
87.309,87.309,NoButton,Drag,1283,865
87.313,87.313,NoButton,Drag,1283,865
87.317,87.317,NoButton,Drag,1283,864
87.321,87.321,NoButton,Drag,1284,863
87.325,87.325,NoButton,Drag,1284,862
87.329,87.329,NoButton,Drag,1285,861
87.333,87.333,NoButton,Drag,1286,860
87.337,87.337,NoButton,Drag,1286,859
87.341,87.341,NoButton,Drag,1287,858
87.345,87.345,NoButton,Drag,1288,856
87.349,87.349,NoButton,Drag,1288,855
87.353,87.353,NoButton,Drag,1289,854
87.357,87.357,NoButton,Drag,1290,852
87.361,87.361,NoButton,Drag,1291,851
87.365,87.365,NoButton,Drag,1292,850
87.369,87.369,NoButton,Drag,1293,848
87.373,87.373,NoButton,Drag,1294,847
87.375,87.375,NoButton,Drag,1295,845
87.379,87.379,NoButton,Drag,1296,844
87.383,87.383,NoButton,Drag,1298,842
87.387,87.387,NoButton,Drag,1299,840
87.393,87.393,NoButton,Drag,1299,839
87.397,87.397,NoButton,Drag,1300,837
87.399,87.399,NoButton,Drag,1302,836
87.403,87.403,NoButton,Drag,1303,834
87.407,87.407,NoButton,Drag,1304,833
87.411,87.411,NoButton,Drag,1305,831
87.415,87.415,NoButton,Drag,1306,829
87.419,87.419,NoButton,Drag,1307,828
87.423,87.423,NoButton,Drag,1308,827
87.427,87.427,NoButton,Drag,1309,825
87.431,87.431,NoButton,Drag,1310,823
87.435,87.435,NoButton,Drag,1311,822
87.439,87.439,NoButton,Drag,1312,820
87.443,87.443,NoButton,Drag,1313,818
87.447,87.447,NoButton,Drag,1314,817
87.451,87.451,NoButton,Drag,1316,815
87.455,87.455,NoButton,Drag,1317,813
87.459,87.459,NoButton,Drag,1318,812
87.463,87.463,NoButton,Drag,1319,810
87.467,87.467,NoButton,Drag,1319,808
87.471,87.471,NoButton,Drag,1320,807
87.475,87.475,NoButton,Drag,1321,805
87.479,87.479,NoButton,Drag,1322,803
87.483,87.483,NoButton,Drag,1323,802
87.489,87.489,NoButton,Drag,1323,800
87.491,87.491,NoButton,Drag,1324,798
87.495,87.495,NoButton,Drag,1324,797
87.499,87.499,NoButton,Drag,1324,796
87.503,87.503,NoButton,Drag,1325,794
87.507,87.507,NoButton,Drag,1325,793
87.511,87.511,NoButton,Drag,1326,791
87.515,87.515,NoButton,Drag,1326,790
87.519,87.519,NoButton,Drag,1326,788
87.523,87.523,NoButton,Drag,1326,787
87.527,87.527,NoButton,Drag,1327,786
87.531,87.531,NoButton,Drag,1327,785
87.535,87.535,NoButton,Drag,1327,783
87.539,87.539,NoButton,Drag,1328,782
87.543,87.543,NoButton,Drag,1328,780
87.547,87.547,NoButton,Drag,1328,779
87.551,87.551,NoButton,Drag,1329,778
87.555,87.555,NoButton,Drag,1329,777
87.559,87.559,NoButton,Drag,1329,776
87.563,87.563,NoButton,Drag,1329,774
87.567,87.567,NoButton,Drag,1329,773
87.571,87.571,Left,Released,1329,773
87.572,87.572,NoButton,Move,1329,773
87.588,87.588,NoButton,Move,1329,770
87.605,87.605,NoButton,Move,1329,768
87.621,87.621,NoButton,Move,1329,768
87.638,87.638,NoButton,Move,1328,767
87.654,87.654,NoButton,Move,1328,766
87.67,87.67,NoButton,Move,1325,766
87.687,87.687,NoButton,Move,1314,771
87.705,87.705,NoButton,Move,1294,784
87.72,87.72,NoButton,Move,1264,803
87.738,87.738,NoButton,Move,1218,828
87.754,87.754,NoButton,Move,1164,853
87.77,87.77,NoButton,Move,1102,880
87.787,87.787,NoButton,Move,1015,899
87.804,87.804,NoButton,Move,942,899
87.821,87.821,NoButton,Move,868,899
87.837,87.837,NoButton,Move,787,899
87.854,87.854,NoButton,Move,711,899
87.87,87.87,NoButton,Move,638,899
87.887,87.887,NoButton,Move,570,899
87.905,87.905,NoButton,Move,529,899
87.921,87.921,NoButton,Move,500,895
87.938,87.938,NoButton,Move,479,890
87.955,87.955,NoButton,Move,465,885
87.971,87.971,NoButton,Move,462,883
87.987,87.987,NoButton,Move,462,883
88.004,88.004,NoButton,Move,462,881
88.02,88.02,NoButton,Move,462,879
88.037,88.037,NoButton,Move,463,875
88.054,88.054,NoButton,Move,464,872
88.071,88.071,NoButton,Move,465,870
88.088,88.088,NoButton,Move,467,868
88.104,88.104,NoButton,Move,467,867
88.121,88.121,NoButton,Move,468,866
88.137,88.137,NoButton,Move,468,864
88.155,88.155,NoButton,Move,469,863
88.171,88.171,NoButton,Move,469,862
88.187,88.187,NoButton,Move,470,861
88.205,88.205,NoButton,Move,470,861
88.22,88.22,NoButton,Move,471,859
88.237,88.237,NoButton,Move,472,857
88.254,88.254,NoButton,Move,474,855
88.271,88.271,NoButton,Move,476,854
88.288,88.288,NoButton,Move,478,853
88.304,88.304,NoButton,Move,478,853
88.385,88.385,NoButton,Move,478,852
88.409,88.409,NoButton,Move,478,852
88.429,88.429,NoButton,Move,478,852
88.445,88.445,NoButton,Move,479,852
88.5,88.5,Left,Pressed,479,852
88.543,88.543,NoButton,Drag,479,852
88.555,88.555,NoButton,Drag,479,851
88.611,88.611,NoButton,Drag,479,851
88.615,88.615,NoButton,Drag,479,851
88.619,88.619,NoButton,Drag,480,851
88.623,88.623,NoButton,Drag,480,851
88.627,88.627,NoButton,Drag,480,851
88.631,88.631,NoButton,Drag,481,851
88.635,88.635,NoButton,Drag,482,851
88.639,88.639,NoButton,Drag,483,851
88.643,88.643,NoButton,Drag,484,851
88.647,88.647,NoButton,Drag,486,851
88.651,88.651,NoButton,Drag,488,851
88.655,88.655,NoButton,Drag,491,851
88.659,88.659,NoButton,Drag,493,851
88.663,88.663,NoButton,Drag,496,851
88.667,88.667,NoButton,Drag,499,851
88.671,88.671,NoButton,Drag,502,850
88.675,88.675,NoButton,Drag,506,850
88.679,88.679,NoButton,Drag,510,849
88.683,88.683,NoButton,Drag,514,848
88.687,88.687,NoButton,Drag,519,847
88.691,88.691,NoButton,Drag,523,846
88.695,88.695,NoButton,Drag,528,845
88.699,88.699,NoButton,Drag,533,844
88.703,88.703,NoButton,Drag,539,843
88.707,88.707,NoButton,Drag,545,842
88.711,88.711,NoButton,Drag,551,840
88.715,88.715,NoButton,Drag,557,839
88.719,88.719,NoButton,Drag,564,837
88.723,88.723,NoButton,Drag,570,836
88.727,88.727,NoButton,Drag,576,834
88.731,88.731,NoButton,Drag,582,832
88.735,88.735,NoButton,Drag,590,830
88.739,88.739,NoButton,Drag,597,828
88.743,88.743,NoButton,Drag,605,826
88.747,88.747,NoButton,Drag,613,824
88.751,88.751,NoButton,Drag,621,822
88.755,88.755,NoButton,Drag,630,820
88.759,88.759,NoButton,Drag,639,818
88.763,88.763,NoButton,Drag,649,815
88.767,88.767,NoButton,Drag,659,812
88.771,88.771,NoButton,Drag,668,809
88.775,88.775,NoButton,Drag,679,806
88.779,88.779,NoButton,Drag,689,803
88.783,88.783,NoButton,Drag,699,800
88.787,88.787,NoButton,Drag,709,796
88.791,88.791,NoButton,Drag,719,792
88.795,88.795,NoButton,Drag,728,789
88.799,88.799,NoButton,Drag,736,786
88.803,88.803,NoButton,Drag,746,783
88.807,88.807,NoButton,Drag,754,780
88.811,88.811,NoButton,Drag,761,776
88.815,88.815,NoButton,Drag,769,773
88.819,88.819,NoButton,Drag,775,769
88.823,88.823,NoButton,Drag,782,766
88.827,88.827,NoButton,Drag,789,762
88.831,88.831,NoButton,Drag,796,759
88.835,88.835,NoButton,Drag,803,756
88.839,88.839,NoButton,Drag,809,752
88.843,88.843,NoButton,Drag,816,749
88.847,88.847,NoButton,Drag,823,745
88.851,88.851,NoButton,Drag,829,742
88.855,88.855,NoButton,Drag,834,739
88.859,88.859,NoButton,Drag,840,736
88.863,88.863,NoButton,Drag,845,733
88.867,88.867,NoButton,Drag,851,730
88.871,88.871,NoButton,Drag,856,727
88.875,88.875,NoButton,Drag,860,724
88.879,88.879,NoButton,Drag,865,722
88.883,88.883,NoButton,Drag,870,718
88.887,88.887,NoButton,Drag,873,716
88.891,88.891,NoButton,Drag,878,713
88.895,88.895,NoButton,Drag,882,711
88.899,88.899,NoButton,Drag,885,709
88.903,88.903,NoButton,Drag,888,706
88.907,88.907,NoButton,Drag,891,704
88.911,88.911,NoButton,Drag,894,702
88.915,88.915,NoButton,Drag,896,700
88.919,88.919,NoButton,Drag,897,699
88.923,88.923,NoButton,Drag,899,698
88.927,88.927,NoButton,Drag,900,697
88.931,88.931,NoButton,Drag,901,696
88.935,88.935,NoButton,Drag,902,695
88.939,88.939,NoButton,Drag,902,695
88.959,88.959,NoButton,Drag,902,695
88.999,88.999,NoButton,Drag,902,695
89.003,89.003,NoButton,Drag,901,695
89.007,89.007,NoButton,Drag,900,695
89.011,89.011,Left,Released,900,695
89.012,89.012,NoButton,Move,899,695
89.021,89.021,NoButton,Move,894,696
89.037,89.037,NoButton,Move,882,700
89.054,89.054,NoButton,Move,866,710
89.07,89.07,NoButton,Move,848,721
89.087,89.087,NoButton,Move,830,735
89.104,89.104,NoButton,Move,820,742
89.12,89.12,NoButton,Move,814,747
89.137,89.137,NoButton,Move,808,753
89.154,89.154,NoButton,Move,803,756
89.171,89.171,NoButton,Move,799,759
89.187,89.187,NoButton,Move,793,761
89.204,89.204,NoButton,Move,784,764
89.22,89.22,NoButton,Move,772,766
89.237,89.237,NoButton,Move,753,769
89.255,89.255,NoButton,Move,735,770
89.27,89.27,NoButton,Move,715,770
89.287,89.287,NoButton,Move,694,770
89.304,89.304,NoButton,Move,674,770
89.321,89.321,NoButton,Move,651,770
89.337,89.337,NoButton,Move,633,769
89.354,89.354,NoButton,Move,614,769
89.371,89.371,NoButton,Move,595,769
89.387,89.387,NoButton,Move,578,769
89.404,89.404,NoButton,Move,561,770
89.42,89.42,NoButton,Move,543,773
89.438,89.438,NoButton,Move,523,777
89.455,89.455,NoButton,Move,513,780
89.471,89.471,NoButton,Move,508,781
89.488,89.488,NoButton,Move,507,781
89.509,89.509,NoButton,Move,506,782
89.529,89.529,NoButton,Move,506,782
89.545,89.545,NoButton,Move,506,782
89.561,89.561,NoButton,Move,506,782
89.679,89.679,NoButton,Move,506,783
89.683,89.683,NoButton,Move,506,783
89.687,89.687,NoButton,Move,506,783
89.704,89.704,NoButton,Move,507,785
89.721,89.721,NoButton,Move,508,789
89.737,89.737,NoButton,Move,509,793
89.754,89.754,NoButton,Move,509,796
89.77,89.77,NoButton,Move,509,799
89.787,89.787,NoButton,Move,509,802
89.805,89.805,NoButton,Move,509,804
89.821,89.821,NoButton,Move,509,805
89.837,89.837,NoButton,Move,508,807
89.854,89.854,NoButton,Move,508,809
89.87,89.87,NoButton,Move,507,810
89.888,89.888,NoButton,Move,507,810
89.903,89.903,Left,Pressed,507,810
90.007,90.007,NoButton,Drag,508,810
90.011,90.011,NoButton,Drag,508,810
90.015,90.015,NoButton,Drag,508,810
90.019,90.019,NoButton,Drag,509,810
90.023,90.023,NoButton,Drag,510,809
90.027,90.027,NoButton,Drag,510,808
90.031,90.031,NoButton,Drag,512,808
90.035,90.035,NoButton,Drag,514,807
90.039,90.039,NoButton,Drag,515,806
90.043,90.043,NoButton,Drag,517,805
90.047,90.047,NoButton,Drag,521,804
90.051,90.051,NoButton,Drag,524,803
90.055,90.055,NoButton,Drag,527,802
90.059,90.059,NoButton,Drag,532,801
90.063,90.063,NoButton,Drag,537,799
90.067,90.067,NoButton,Drag,542,797
90.071,90.071,NoButton,Drag,548,796
90.075,90.075,NoButton,Drag,554,794
90.079,90.079,NoButton,Drag,561,791
90.083,90.083,NoButton,Drag,570,789
90.087,90.087,NoButton,Drag,579,786
90.091,90.091,NoButton,Drag,588,783
90.095,90.095,NoButton,Drag,599,780
90.099,90.099,NoButton,Drag,609,777
90.103,90.103,NoButton,Drag,620,774
90.107,90.107,NoButton,Drag,632,770
90.111,90.111,NoButton,Drag,642,767
90.115,90.115,NoButton,Drag,653,763
90.119,90.119,NoButton,Drag,665,760
90.123,90.123,NoButton,Drag,677,756
90.127,90.127,NoButton,Drag,689,752
90.131,90.131,NoButton,Drag,701,748
90.135,90.135,NoButton,Drag,713,744
90.139,90.139,NoButton,Drag,726,740
90.143,90.143,NoButton,Drag,738,735
90.147,90.147,NoButton,Drag,750,731
90.151,90.151,NoButton,Drag,763,727
90.155,90.155,NoButton,Drag,775,722
90.159,90.159,NoButton,Drag,788,718
90.163,90.163,NoButton,Drag,802,712
90.167,90.167,NoButton,Drag,817,707
90.171,90.171,NoButton,Drag,830,702
90.175,90.175,NoButton,Drag,843,698
90.179,90.179,NoButton,Drag,857,692
90.183,90.183,NoButton,Drag,869,688
90.187,90.187,NoButton,Drag,882,683
90.191,90.191,NoButton,Drag,897,677
90.195,90.195,NoButton,Drag,910,673
90.199,90.199,NoButton,Drag,923,667
90.203,90.203,NoButton,Drag,936,662
90.207,90.207,NoButton,Drag,949,657
90.211,90.211,NoButton,Drag,962,652
90.215,90.215,NoButton,Drag,974,647
90.219,90.219,NoButton,Drag,985,643
90.223,90.223,NoButton,Drag,996,639
90.227,90.227,NoButton,Drag,1006,635
90.231,90.231,NoButton,Drag,1015,630
90.235,90.235,NoButton,Drag,1024,625
90.239,90.239,NoButton,Drag,1032,622
90.243,90.243,NoButton,Drag,1039,618
90.247,90.247,NoButton,Drag,1047,614
90.251,90.251,NoButton,Drag,1053,611
90.255,90.255,NoButton,Drag,1061,607
90.259,90.259,NoButton,Drag,1068,603
90.261,90.261,NoButton,Drag,1075,598
90.265,90.265,NoButton,Drag,1082,594
90.269,90.269,NoButton,Drag,1089,590
90.273,90.273,NoButton,Drag,1095,586
90.277,90.277,NoButton,Drag,1101,582
90.281,90.281,NoButton,Drag,1107,579
90.285,90.285,NoButton,Drag,1113,575
90.289,90.289,NoButton,Drag,1119,572
90.293,90.293,NoButton,Drag,1124,568
90.297,90.297,NoButton,Drag,1129,565
90.301,90.301,NoButton,Drag,1134,562
90.305,90.305,NoButton,Drag,1138,559
90.309,90.309,NoButton,Drag,1143,556
90.313,90.313,NoButton,Drag,1148,553
90.317,90.317,NoButton,Drag,1151,551
90.321,90.321,NoButton,Drag,1155,547
90.325,90.325,NoButton,Drag,1159,545
90.329,90.329,NoButton,Drag,1162,542
90.333,90.333,NoButton,Drag,1166,540
90.337,90.337,NoButton,Drag,1169,537
90.341,90.341,NoButton,Drag,1173,535
90.345,90.345,NoButton,Drag,1176,532
90.349,90.349,NoButton,Drag,1180,529
90.353,90.353,NoButton,Drag,1184,526
90.357,90.357,NoButton,Drag,1187,524
90.361,90.361,NoButton,Drag,1191,521
90.365,90.365,NoButton,Drag,1194,519
90.369,90.369,NoButton,Drag,1198,516
90.373,90.373,NoButton,Drag,1202,513
90.377,90.377,NoButton,Drag,1205,511
90.381,90.381,NoButton,Drag,1209,508
90.385,90.385,NoButton,Drag,1212,506
90.389,90.389,NoButton,Drag,1216,504
90.393,90.393,NoButton,Drag,1220,501
90.397,90.397,NoButton,Drag,1223,498
90.401,90.401,NoButton,Drag,1227,496
90.405,90.405,NoButton,Drag,1231,494
90.409,90.409,NoButton,Drag,1234,492
90.413,90.413,NoButton,Drag,1238,489
90.417,90.417,NoButton,Drag,1241,487
90.421,90.421,NoButton,Drag,1245,484
90.425,90.425,NoButton,Drag,1248,483
90.429,90.429,NoButton,Drag,1250,481
90.433,90.433,NoButton,Drag,1253,479
90.437,90.437,NoButton,Drag,1255,478
90.441,90.441,NoButton,Drag,1257,476
90.445,90.445,NoButton,Drag,1260,475
90.449,90.449,NoButton,Drag,1262,473
90.453,90.453,NoButton,Drag,1264,472
90.457,90.457,NoButton,Drag,1266,470
90.461,90.461,NoButton,Drag,1269,469
90.465,90.465,NoButton,Drag,1271,468
90.469,90.469,NoButton,Drag,1272,467
90.473,90.473,NoButton,Drag,1274,465
90.477,90.477,NoButton,Drag,1276,464
90.481,90.481,NoButton,Drag,1278,463
90.485,90.485,NoButton,Drag,1280,462
90.489,90.489,NoButton,Drag,1283,461
90.493,90.493,NoButton,Drag,1285,459
90.497,90.497,NoButton,Drag,1288,458
90.501,90.501,NoButton,Drag,1290,457
90.505,90.505,NoButton,Drag,1292,457
90.509,90.509,NoButton,Drag,1294,456
90.513,90.513,NoButton,Drag,1297,455
90.517,90.517,NoButton,Drag,1299,454
90.521,90.521,NoButton,Drag,1301,452
90.525,90.525,NoButton,Drag,1302,452
90.529,90.529,NoButton,Drag,1304,451
90.533,90.533,NoButton,Drag,1305,450
90.537,90.537,NoButton,Drag,1307,450
90.541,90.541,NoButton,Drag,1308,449
90.545,90.545,NoButton,Drag,1309,448
90.549,90.549,NoButton,Drag,1310,448
90.553,90.553,NoButton,Drag,1311,448
90.557,90.557,NoButton,Drag,1311,447
90.565,90.565,NoButton,Drag,1312,447
90.589,90.589,Left,Released,1312,447
90.613,90.613,NoButton,Move,1312,447
90.621,90.621,NoButton,Move,1312,447
90.637,90.637,NoButton,Move,1311,447
90.654,90.654,NoButton,Move,1304,448
90.67,90.67,NoButton,Move,1289,457
90.687,90.687,NoButton,Move,1260,474
90.704,90.704,NoButton,Move,1218,497
90.72,90.72,NoButton,Move,1166,524
90.737,90.737,NoButton,Move,1094,562
90.755,90.755,NoButton,Move,1035,591
90.771,90.771,NoButton,Move,980,616
90.787,90.787,NoButton,Move,933,634
90.804,90.804,NoButton,Move,905,645
90.82,90.82,NoButton,Move,886,651
90.838,90.838,NoButton,Move,875,654
90.855,90.855,NoButton,Move,871,654
90.87,90.87,NoButton,Move,869,654
90.887,90.887,NoButton,Move,865,653
90.904,90.904,NoButton,Move,858,650
90.92,90.92,NoButton,Move,845,646
90.937,90.937,NoButton,Move,828,642
90.954,90.954,NoButton,Move,806,637
90.97,90.97,NoButton,Move,781,633
90.987,90.987,NoButton,Move,743,628
91.004,91.004,NoButton,Move,717,624
91.021,91.021,NoButton,Move,695,620
91.037,91.037,NoButton,Move,682,616
91.054,91.054,NoButton,Move,678,614
91.07,91.07,NoButton,Move,678,613
91.087,91.087,NoButton,Move,677,611
91.105,91.105,NoButton,Move,677,608
91.121,91.121,NoButton,Move,678,603
91.138,91.138,NoButton,Move,679,598
91.154,91.154,NoButton,Move,681,592
91.171,91.171,NoButton,Move,684,585
91.187,91.187,NoButton,Move,687,579
91.204,91.204,NoButton,Move,689,574
91.22,91.22,NoButton,Move,690,571
91.237,91.237,NoButton,Move,693,567
91.254,91.254,NoButton,Move,695,564
91.27,91.27,NoButton,Move,698,562
91.287,91.287,NoButton,Move,701,559
91.305,91.305,NoButton,Move,702,558
91.339,91.339,NoButton,Move,702,558
91.405,91.405,Left,Pressed,702,558
91.406,91.406,NoButton,Drag,702,558
91.513,91.513,NoButton,Drag,702,558
91.521,91.521,NoButton,Drag,702,558
91.529,91.529,NoButton,Drag,703,558
91.533,91.533,NoButton,Drag,703,558
91.537,91.537,NoButton,Drag,704,558
91.541,91.541,NoButton,Drag,705,557
91.545,91.545,NoButton,Drag,706,557
91.549,91.549,NoButton,Drag,708,557
91.553,91.553,NoButton,Drag,710,557
91.557,91.557,NoButton,Drag,712,557
91.561,91.561,NoButton,Drag,714,557
91.565,91.565,NoButton,Drag,718,557
91.569,91.569,NoButton,Drag,721,557
91.573,91.573,NoButton,Drag,724,557
91.577,91.577,NoButton,Drag,728,557
91.581,91.581,NoButton,Drag,732,557
91.585,91.585,NoButton,Drag,737,556
91.589,91.589,NoButton,Drag,742,556
91.593,91.593,NoButton,Drag,748,556
91.597,91.597,NoButton,Drag,754,556
91.601,91.601,NoButton,Drag,760,556
91.605,91.605,NoButton,Drag,767,556
91.609,91.609,NoButton,Drag,774,555
91.613,91.613,NoButton,Drag,782,555
91.617,91.617,NoButton,Drag,791,555
91.621,91.621,NoButton,Drag,800,555
91.625,91.625,NoButton,Drag,809,554
91.629,91.629,NoButton,Drag,819,554
91.633,91.633,NoButton,Drag,828,554
91.637,91.637,NoButton,Drag,840,554
91.641,91.641,NoButton,Drag,852,554
91.645,91.645,NoButton,Drag,863,553
91.649,91.649,NoButton,Drag,876,552
91.653,91.653,NoButton,Drag,889,551
91.657,91.657,NoButton,Drag,901,551
91.661,91.661,NoButton,Drag,915,551
91.665,91.665,NoButton,Drag,929,551
91.669,91.669,NoButton,Drag,943,550
91.673,91.673,NoButton,Drag,958,550
91.677,91.677,NoButton,Drag,974,549
91.681,91.681,NoButton,Drag,990,548
91.685,91.685,NoButton,Drag,1007,548
91.688,91.688,NoButton,Drag,1026,547
91.693,91.693,NoButton,Drag,1045,546
91.697,91.697,NoButton,Drag,1063,546
91.701,91.701,NoButton,Drag,1080,545
91.705,91.705,NoButton,Drag,1097,545
91.709,91.709,NoButton,Drag,1113,544
91.713,91.713,NoButton,Drag,1129,543
91.716,91.716,NoButton,Drag,1143,543
91.721,91.721,NoButton,Drag,1158,541
91.725,91.725,NoButton,Drag,1172,541
91.729,91.729,NoButton,Drag,1185,539
91.733,91.733,NoButton,Drag,1199,538
91.737,91.737,NoButton,Drag,1211,537
91.741,91.741,NoButton,Drag,1223,535
91.745,91.745,NoButton,Drag,1234,534
91.749,91.749,NoButton,Drag,1244,533
91.753,91.753,NoButton,Drag,1254,533
91.757,91.757,NoButton,Drag,1263,532
91.761,91.761,NoButton,Drag,1272,531
91.765,91.765,NoButton,Drag,1281,530
91.769,91.769,NoButton,Drag,1289,529
91.773,91.773,NoButton,Drag,1297,528
91.777,91.777,NoButton,Drag,1304,528
91.781,91.781,NoButton,Drag,1310,528
91.785,91.785,NoButton,Drag,1316,527
91.789,91.789,NoButton,Drag,1322,526
91.793,91.793,NoButton,Drag,1328,525
91.797,91.797,NoButton,Drag,1332,524
91.801,91.801,NoButton,Drag,1336,523
91.805,91.805,NoButton,Drag,1339,523
91.809,91.809,NoButton,Drag,1341,522
91.813,91.813,NoButton,Drag,1343,522
91.817,91.817,NoButton,Drag,1345,521
91.821,91.821,NoButton,Drag,1346,521
91.825,91.825,NoButton,Drag,1346,521
91.829,91.829,NoButton,Drag,1347,521
91.861,91.861,Left,Released,1347,521
91.913,91.913,NoButton,Move,1346,521
91.917,91.917,NoButton,Move,1346,521
91.921,91.921,NoButton,Move,1345,522
91.937,91.937,NoButton,Move,1338,527
91.955,91.955,NoButton,Move,1327,537
91.971,91.971,NoButton,Move,1312,551
91.987,91.987,NoButton,Move,1291,568
92.004,92.004,NoButton,Move,1274,582
92.021,92.021,NoButton,Move,1256,595
92.038,92.038,NoButton,Move,1231,612
92.054,92.054,NoButton,Move,1195,628
92.07,92.07,NoButton,Move,1147,646
92.087,92.087,NoButton,Move,1083,665
92.104,92.104,NoButton,Move,1029,678
92.121,92.121,NoButton,Move,976,685
92.138,92.138,NoButton,Move,924,686
92.154,92.154,NoButton,Move,866,687
92.171,92.171,NoButton,Move,799,679
92.187,92.187,NoButton,Move,750,668
92.204,92.204,NoButton,Move,702,654
92.22,92.22,NoButton,Move,656,638
92.238,92.238,NoButton,Move,610,622
92.254,92.254,NoButton,Move,563,605
92.27,92.27,NoButton,Move,514,587
92.287,92.287,NoButton,Move,450,562
92.305,92.305,NoButton,Move,397,540
92.321,92.321,NoButton,Move,341,516
92.337,92.337,NoButton,Move,291,496
92.354,92.354,NoButton,Move,244,479
92.37,92.37,NoButton,Move,202,462
92.387,92.387,NoButton,Move,159,441
92.404,92.404,NoButton,Move,135,426
92.421,92.421,NoButton,Move,122,414
92.437,92.437,NoButton,Move,117,407
92.454,92.454,NoButton,Move,116,401
92.471,92.471,NoButton,Move,118,393
92.487,92.487,NoButton,Move,121,386
92.504,92.504,NoButton,Move,128,379
92.52,92.52,NoButton,Move,138,372
92.537,92.537,NoButton,Move,151,365
92.555,92.555,NoButton,Move,174,359
92.571,92.571,NoButton,Move,195,354
92.588,92.588,NoButton,Move,218,351
92.604,92.604,NoButton,Move,241,350
92.62,92.62,NoButton,Move,260,350
92.637,92.637,NoButton,Move,281,351
92.654,92.654,NoButton,Move,297,354
92.67,92.67,NoButton,Move,311,357
92.687,92.687,NoButton,Move,324,361
92.705,92.705,NoButton,Move,337,364
92.72,92.72,NoButton,Move,346,366
92.738,92.738,NoButton,Move,353,368
92.755,92.755,NoButton,Move,354,369
92.781,92.781,NoButton,Move,354,369
92.945,92.945,NoButton,Move,354,369
92.953,92.953,NoButton,Move,354,369
92.957,92.957,NoButton,Move,355,369
92.97,92.97,NoButton,Move,355,368
92.987,92.987,NoButton,Move,357,366
93.004,93.004,NoButton,Move,360,363
93.02,93.02,NoButton,Move,365,360
93.038,93.038,NoButton,Move,372,357
93.054,93.054,NoButton,Move,379,354
93.071,93.071,NoButton,Move,385,352
93.088,93.088,NoButton,Move,388,351
93.104,93.104,NoButton,Move,390,350
93.121,93.121,NoButton,Move,390,350
93.137,93.137,NoButton,Move,390,350
93.155,93.155,NoButton,Move,391,350
93.187,93.187,NoButton,Move,391,350
93.211,93.211,NoButton,Move,391,350
93.223,93.223,Left,Pressed,391,350
93.231,93.231,NoButton,Drag,391,350
93.251,93.251,NoButton,Drag,392,350
93.283,93.283,NoButton,Drag,392,350
93.295,93.295,NoButton,Drag,392,350
93.299,93.299,NoButton,Drag,392,350
93.303,93.303,NoButton,Drag,393,350
93.307,93.307,NoButton,Drag,393,350
93.311,93.311,NoButton,Drag,394,350
93.315,93.315,NoButton,Drag,394,350
93.319,93.319,NoButton,Drag,395,350
93.323,93.323,NoButton,Drag,396,351
93.327,93.327,NoButton,Drag,398,351
93.331,93.331,NoButton,Drag,399,351
93.335,93.335,NoButton,Drag,401,352
93.339,93.339,NoButton,Drag,403,352
93.343,93.343,NoButton,Drag,407,352
93.347,93.347,NoButton,Drag,410,352
93.351,93.351,NoButton,Drag,414,352
93.355,93.355,NoButton,Drag,419,352
93.359,93.359,NoButton,Drag,424,353
93.363,93.363,NoButton,Drag,429,353
93.367,93.367,NoButton,Drag,434,353
93.371,93.371,NoButton,Drag,440,353
93.375,93.375,NoButton,Drag,446,354
93.379,93.379,NoButton,Drag,454,354
93.383,93.383,NoButton,Drag,462,354
93.387,93.387,NoButton,Drag,470,354
93.391,93.391,NoButton,Drag,479,354
93.395,93.395,NoButton,Drag,488,355
93.399,93.399,NoButton,Drag,499,355
93.403,93.403,NoButton,Drag,509,355
93.407,93.407,NoButton,Drag,521,355
93.411,93.411,NoButton,Drag,533,355
93.415,93.415,NoButton,Drag,546,355
93.419,93.419,NoButton,Drag,559,355
93.423,93.423,NoButton,Drag,573,356
93.427,93.427,NoButton,Drag,587,356
93.431,93.431,NoButton,Drag,601,358
93.434,93.434,NoButton,Drag,616,359
93.439,93.439,NoButton,Drag,630,360
93.443,93.443,NoButton,Drag,647,361
93.447,93.447,NoButton,Drag,664,362
93.451,93.451,NoButton,Drag,681,362
93.455,93.455,NoButton,Drag,698,364
93.459,93.459,NoButton,Drag,716,365
93.463,93.463,NoButton,Drag,733,366
93.467,93.467,NoButton,Drag,750,367
93.471,93.471,NoButton,Drag,767,368
93.475,93.475,NoButton,Drag,783,370
93.479,93.479,NoButton,Drag,801,371
93.483,93.483,NoButton,Drag,818,372
93.487,93.487,NoButton,Drag,834,374
93.491,93.491,NoButton,Drag,850,375
93.495,93.495,NoButton,Drag,866,377
93.499,93.499,NoButton,Drag,883,377
93.503,93.503,NoButton,Drag,898,379
93.507,93.507,NoButton,Drag,913,381
93.511,93.511,NoButton,Drag,927,384
93.515,93.515,NoButton,Drag,941,387
93.519,93.519,NoButton,Drag,954,389
93.523,93.523,NoButton,Drag,967,390
93.527,93.527,NoButton,Drag,980,392
93.531,93.531,NoButton,Drag,992,395
93.535,93.535,NoButton,Drag,1005,397
93.539,93.539,NoButton,Drag,1017,400
93.543,93.543,NoButton,Drag,1028,402
93.547,93.547,NoButton,Drag,1039,405
93.551,93.551,NoButton,Drag,1050,407
93.555,93.555,NoButton,Drag,1060,409
93.559,93.559,NoButton,Drag,1069,411
93.563,93.563,NoButton,Drag,1077,412
93.567,93.567,NoButton,Drag,1085,414
93.571,93.571,NoButton,Drag,1092,415
93.575,93.575,NoButton,Drag,1098,417
93.579,93.579,NoButton,Drag,1104,418
93.583,93.583,NoButton,Drag,1109,419
93.587,93.587,NoButton,Drag,1114,421
93.591,93.591,NoButton,Drag,1118,422
93.595,93.595,NoButton,Drag,1122,423
93.599,93.599,NoButton,Drag,1126,424
93.603,93.603,NoButton,Drag,1129,425
93.607,93.607,NoButton,Drag,1133,425
93.611,93.611,NoButton,Drag,1136,427
93.615,93.615,NoButton,Drag,1140,428
93.619,93.619,NoButton,Drag,1143,429
93.623,93.623,NoButton,Drag,1145,430
93.627,93.627,NoButton,Drag,1148,431
93.631,93.631,NoButton,Drag,1151,432
93.635,93.635,NoButton,Drag,1155,434
93.639,93.639,NoButton,Drag,1158,435
93.643,93.643,NoButton,Drag,1161,436
93.647,93.647,NoButton,Drag,1165,438
93.651,93.651,NoButton,Drag,1168,439
93.655,93.655,NoButton,Drag,1172,440
93.659,93.659,NoButton,Drag,1175,441
93.663,93.663,NoButton,Drag,1178,442
93.667,93.667,NoButton,Drag,1181,443
93.671,93.671,NoButton,Drag,1183,445
93.675,93.675,NoButton,Drag,1186,445
93.679,93.679,NoButton,Drag,1188,446
93.683,93.683,NoButton,Drag,1191,447
93.687,93.687,NoButton,Drag,1193,448
93.691,93.691,NoButton,Drag,1195,448
93.695,93.695,NoButton,Drag,1197,449
93.699,93.699,NoButton,Drag,1199,450
93.703,93.703,NoButton,Drag,1201,451
93.707,93.707,NoButton,Drag,1204,451
93.711,93.711,NoButton,Drag,1205,452
93.713,93.713,NoButton,Drag,1207,453
93.717,93.717,NoButton,Drag,1209,453
93.721,93.721,NoButton,Drag,1211,454
93.725,93.725,NoButton,Drag,1214,454
93.729,93.729,NoButton,Drag,1216,454
93.733,93.733,NoButton,Drag,1218,455
93.737,93.737,NoButton,Drag,1220,455
93.741,93.741,NoButton,Drag,1222,456
93.745,93.745,NoButton,Drag,1225,457
93.749,93.749,NoButton,Drag,1228,457
93.753,93.753,NoButton,Drag,1230,457
93.757,93.757,NoButton,Drag,1232,458
93.761,93.761,NoButton,Drag,1235,458
93.765,93.765,NoButton,Drag,1237,459
93.769,93.769,NoButton,Drag,1239,459
93.773,93.773,NoButton,Drag,1241,459
93.777,93.777,NoButton,Drag,1242,459
93.781,93.781,NoButton,Drag,1244,459
93.785,93.785,NoButton,Drag,1245,459
93.789,93.789,NoButton,Drag,1247,459
93.793,93.793,NoButton,Drag,1249,459
93.797,93.797,NoButton,Drag,1250,459
93.801,93.801,NoButton,Drag,1252,459
93.805,93.805,NoButton,Drag,1253,459
93.809,93.809,NoButton,Drag,1254,459
93.813,93.813,NoButton,Drag,1255,459
93.817,93.817,NoButton,Drag,1256,459
93.821,93.821,NoButton,Drag,1256,459
93.825,93.825,NoButton,Drag,1257,459
93.829,93.829,NoButton,Drag,1257,459
93.869,93.869,Left,Released,1257,459
93.901,93.901,NoButton,Move,1257,459
93.913,93.913,NoButton,Move,1258,459
93.917,93.917,NoButton,Move,1258,459
93.925,93.925,NoButton,Move,1258,459
93.937,93.937,NoButton,Move,1259,459
94.029,94.029,NoButton,Move,1258,459
94.033,94.033,NoButton,Move,1258,459
94.037,94.037,NoButton,Move,1258,459
94.054,94.054,NoButton,Move,1253,458
94.071,94.071,NoButton,Move,1241,457
94.087,94.087,NoButton,Move,1219,456
94.103,94.103,NoButton,Move,1184,461
94.121,94.121,NoButton,Move,1122,472
94.137,94.137,NoButton,Move,1055,480
94.155,94.155,NoButton,Move,981,485
94.171,94.171,NoButton,Move,905,487
94.188,94.188,NoButton,Move,827,488
94.204,94.204,NoButton,Move,736,487
94.22,94.22,NoButton,Move,633,482
94.237,94.237,NoButton,Move,522,468
94.254,94.254,NoButton,Move,443,449
94.271,94.271,NoButton,Move,365,428
94.287,94.287,NoButton,Move,282,401
94.304,94.304,NoButton,Move,229,381
94.32,94.32,NoButton,Move,181,363
94.337,94.337,NoButton,Move,146,346
94.354,94.354,NoButton,Move,118,330
94.37,94.37,NoButton,Move,98,318
94.387,94.387,NoButton,Move,86,308
94.404,94.404,NoButton,Move,83,305
94.421,94.421,NoButton,Move,83,303
94.437,94.437,NoButton,Move,83,302
94.454,94.454,NoButton,Move,83,300
94.47,94.47,NoButton,Move,84,300
94.487,94.487,NoButton,Move,85,300
94.504,94.504,NoButton,Move,87,299
94.52,94.52,NoButton,Move,90,299
94.537,94.537,NoButton,Move,95,299
94.554,94.554,NoButton,Move,102,300
94.57,94.57,NoButton,Move,110,301
94.587,94.587,NoButton,Move,121,302
94.604,94.604,NoButton,Move,131,304
94.62,94.62,NoButton,Move,142,306
94.637,94.637,NoButton,Move,153,308
94.654,94.654,NoButton,Move,164,310
94.67,94.67,NoButton,Move,174,312
94.687,94.687,NoButton,Move,180,314
94.705,94.705,NoButton,Move,182,315
94.731,94.731,NoButton,Move,182,315
94.799,94.799,NoButton,Move,183,315
94.819,94.819,NoButton,Move,183,315
94.823,94.823,NoButton,Move,183,315
94.837,94.837,NoButton,Move,184,314
94.854,94.854,NoButton,Move,184,314
94.871,94.871,NoButton,Move,184,313
94.901,94.901,NoButton,Move,184,313
94.93,94.93,Left,Pressed,184,313
94.933,94.933,NoButton,Drag,184,313
94.945,94.945,NoButton,Drag,185,313
94.949,94.949,NoButton,Drag,185,313
94.953,94.953,NoButton,Drag,185,313
94.957,94.957,NoButton,Drag,185,313
94.961,94.961,NoButton,Drag,186,313
94.965,94.965,NoButton,Drag,186,313
94.969,94.969,NoButton,Drag,187,313
94.973,94.973,NoButton,Drag,188,313
94.977,94.977,NoButton,Drag,189,313
94.981,94.981,NoButton,Drag,191,313
94.985,94.985,NoButton,Drag,193,313
94.989,94.989,NoButton,Drag,195,313
94.993,94.993,NoButton,Drag,198,313
94.997,94.997,NoButton,Drag,202,313
95.001,95.001,NoButton,Drag,206,313
95.005,95.005,NoButton,Drag,210,313
95.009,95.009,NoButton,Drag,215,313
95.013,95.013,NoButton,Drag,220,313
95.017,95.017,NoButton,Drag,226,313
95.021,95.021,NoButton,Drag,231,313
95.025,95.025,NoButton,Drag,238,313
95.029,95.029,NoButton,Drag,244,313
95.033,95.033,NoButton,Drag,251,313
95.037,95.037,NoButton,Drag,259,313
95.041,95.041,NoButton,Drag,267,314
95.045,95.045,NoButton,Drag,275,314
95.049,95.049,NoButton,Drag,284,315
95.053,95.053,NoButton,Drag,292,316
95.057,95.057,NoButton,Drag,302,317
95.061,95.061,NoButton,Drag,312,318
95.065,95.065,NoButton,Drag,322,320
95.069,95.069,NoButton,Drag,333,321
95.073,95.073,NoButton,Drag,346,323
95.077,95.077,NoButton,Drag,358,325
95.081,95.081,NoButton,Drag,371,327
95.085,95.085,NoButton,Drag,386,330
95.089,95.089,NoButton,Drag,402,332
95.093,95.093,NoButton,Drag,417,334
95.097,95.097,NoButton,Drag,433,336
95.101,95.101,NoButton,Drag,450,338
95.105,95.105,NoButton,Drag,467,340
95.109,95.109,NoButton,Drag,486,343
95.113,95.113,NoButton,Drag,504,345
95.117,95.117,NoButton,Drag,522,348
95.121,95.121,NoButton,Drag,540,350
95.125,95.125,NoButton,Drag,560,352
95.129,95.129,NoButton,Drag,578,354
95.133,95.133,NoButton,Drag,597,356
95.137,95.137,NoButton,Drag,615,358
95.141,95.141,NoButton,Drag,635,359
95.145,95.145,NoButton,Drag,654,361
95.149,95.149,NoButton,Drag,672,362
95.153,95.153,NoButton,Drag,691,364
95.157,95.157,NoButton,Drag,709,366
95.161,95.161,NoButton,Drag,728,368
95.165,95.165,NoButton,Drag,746,369
95.169,95.169,NoButton,Drag,766,371
95.173,95.173,NoButton,Drag,784,372
95.177,95.177,NoButton,Drag,802,374
95.181,95.181,NoButton,Drag,820,376
95.185,95.185,NoButton,Drag,838,377
95.189,95.189,NoButton,Drag,856,379
95.193,95.193,NoButton,Drag,873,380
95.197,95.197,NoButton,Drag,888,382
95.201,95.201,NoButton,Drag,904,384
95.205,95.205,NoButton,Drag,919,386
95.209,95.209,NoButton,Drag,934,388
95.213,95.213,NoButton,Drag,946,390
95.217,95.217,NoButton,Drag,960,392
95.221,95.221,NoButton,Drag,974,394
95.225,95.225,NoButton,Drag,987,396
95.229,95.229,NoButton,Drag,998,397
95.233,95.233,NoButton,Drag,1010,399
95.237,95.237,NoButton,Drag,1023,400
95.241,95.241,NoButton,Drag,1034,402
95.245,95.245,NoButton,Drag,1045,403
95.249,95.249,NoButton,Drag,1057,406
95.253,95.253,NoButton,Drag,1067,408
95.257,95.257,NoButton,Drag,1076,409
95.261,95.261,NoButton,Drag,1085,410
95.265,95.265,NoButton,Drag,1094,411
95.269,95.269,NoButton,Drag,1102,413
95.273,95.273,NoButton,Drag,1109,414
95.277,95.277,NoButton,Drag,1116,415
95.281,95.281,NoButton,Drag,1122,416
95.285,95.285,NoButton,Drag,1128,417
95.289,95.289,NoButton,Drag,1134,418
95.293,95.293,NoButton,Drag,1140,419
95.297,95.297,NoButton,Drag,1145,421
95.301,95.301,NoButton,Drag,1150,422
95.305,95.305,NoButton,Drag,1154,422
95.309,95.309,NoButton,Drag,1158,423
95.313,95.313,NoButton,Drag,1162,425
95.317,95.317,NoButton,Drag,1166,425
95.321,95.321,NoButton,Drag,1169,426
95.325,95.325,NoButton,Drag,1171,427
95.329,95.329,NoButton,Drag,1173,428
95.333,95.333,NoButton,Drag,1176,428
95.337,95.337,NoButton,Drag,1178,429
95.341,95.341,NoButton,Drag,1180,429
95.345,95.345,NoButton,Drag,1181,430
95.349,95.349,NoButton,Drag,1183,430
95.353,95.353,NoButton,Drag,1184,431
95.357,95.357,NoButton,Drag,1186,431
95.361,95.361,NoButton,Drag,1187,432
95.365,95.365,NoButton,Drag,1188,432
95.369,95.369,NoButton,Drag,1190,433
95.373,95.373,NoButton,Drag,1191,433
95.377,95.377,NoButton,Drag,1193,434
95.381,95.381,NoButton,Drag,1195,434
95.385,95.385,NoButton,Drag,1196,435
95.389,95.389,NoButton,Drag,1198,435
95.393,95.393,NoButton,Drag,1200,436
95.397,95.397,NoButton,Drag,1201,436
95.401,95.401,NoButton,Drag,1203,437
95.405,95.405,NoButton,Drag,1205,437
95.409,95.409,NoButton,Drag,1207,438
95.413,95.413,NoButton,Drag,1208,438
95.417,95.417,NoButton,Drag,1210,439
95.421,95.421,NoButton,Drag,1212,439
95.425,95.425,NoButton,Drag,1213,439
95.429,95.429,NoButton,Drag,1214,440
95.433,95.433,NoButton,Drag,1216,440
95.437,95.437,NoButton,Drag,1217,441
95.439,95.439,NoButton,Drag,1219,441
95.443,95.443,NoButton,Drag,1220,441
95.447,95.447,NoButton,Drag,1221,442
95.453,95.453,NoButton,Drag,1223,442
95.455,95.455,NoButton,Drag,1224,443
95.459,95.459,NoButton,Drag,1225,443
95.463,95.463,NoButton,Drag,1226,444
95.467,95.467,NoButton,Drag,1227,444
95.471,95.471,NoButton,Drag,1228,445
95.475,95.475,NoButton,Drag,1229,445
95.479,95.479,NoButton,Drag,1230,446
95.483,95.483,NoButton,Drag,1232,446
95.487,95.487,NoButton,Drag,1233,447
95.491,95.491,NoButton,Drag,1235,448
95.495,95.495,NoButton,Drag,1237,448
95.499,95.499,NoButton,Drag,1238,449
95.503,95.503,NoButton,Drag,1240,449
95.507,95.507,NoButton,Drag,1242,450
95.511,95.511,NoButton,Drag,1244,452
95.515,95.515,NoButton,Drag,1247,453
95.519,95.519,NoButton,Drag,1250,454
95.523,95.523,NoButton,Drag,1252,455
95.527,95.527,NoButton,Drag,1255,456
95.531,95.531,NoButton,Drag,1257,456
95.537,95.537,NoButton,Drag,1260,457
95.539,95.539,NoButton,Drag,1262,458
95.543,95.543,NoButton,Drag,1265,459
95.547,95.547,NoButton,Drag,1267,460
95.551,95.551,NoButton,Drag,1269,460
95.555,95.555,NoButton,Drag,1271,461
95.559,95.559,NoButton,Drag,1273,462
95.563,95.563,NoButton,Drag,1275,462
95.567,95.567,NoButton,Drag,1277,463
95.571,95.571,NoButton,Drag,1278,463
95.575,95.575,NoButton,Drag,1279,463
95.579,95.579,NoButton,Drag,1280,464
95.583,95.583,NoButton,Drag,1281,464
95.587,95.587,NoButton,Drag,1282,464
95.591,95.591,NoButton,Drag,1283,464
95.599,95.599,NoButton,Drag,1283,464
95.623,95.623,Left,Released,1283,464
95.655,95.655,NoButton,Move,1283,464
95.659,95.659,NoButton,Move,1282,464
95.67,95.67,NoButton,Move,1281,464
95.687,95.687,NoButton,Move,1270,464
95.704,95.704,NoButton,Move,1252,467
95.721,95.721,NoButton,Move,1227,474
95.738,95.738,NoButton,Move,1192,485
95.754,95.754,NoButton,Move,1147,500
95.771,95.771,NoButton,Move,1084,524
95.787,95.787,NoButton,Move,1030,544
95.805,95.805,NoButton,Move,978,564
95.821,95.821,NoButton,Move,931,583
95.837,95.837,NoButton,Move,898,598
95.854,95.854,NoButton,Move,877,609
95.87,95.87,NoButton,Move,860,618
95.888,95.888,NoButton,Move,845,627
95.904,95.904,NoButton,Move,836,632
95.921,95.921,NoButton,Move,827,636
95.938,95.938,NoButton,Move,819,639
95.954,95.954,NoButton,Move,812,641
95.97,95.97,NoButton,Move,805,642
95.987,95.987,NoButton,Move,794,645
96.004,96.004,NoButton,Move,782,646
96.021,96.021,NoButton,Move,762,646
96.037,96.037,NoButton,Move,742,647
96.055,96.055,NoButton,Move,717,647
96.07,96.07,NoButton,Move,692,647
96.087,96.087,NoButton,Move,667,647
96.104,96.104,NoButton,Move,642,647
96.12,96.12,NoButton,Move,618,647
96.137,96.137,NoButton,Move,594,647
96.154,96.154,NoButton,Move,583,647
96.171,96.171,NoButton,Move,578,647
96.187,96.187,NoButton,Move,577,647
96.353,96.353,Left,Pressed,577,647
96.509,96.509,NoButton,Drag,577,647
96.517,96.517,NoButton,Drag,577,647
96.521,96.521,NoButton,Drag,578,647
96.525,96.525,NoButton,Drag,578,647
96.529,96.529,NoButton,Drag,578,647
96.533,96.533,NoButton,Drag,578,647
96.537,96.537,NoButton,Drag,579,647
96.541,96.541,NoButton,Drag,579,647
96.545,96.545,NoButton,Drag,580,647
96.549,96.549,NoButton,Drag,580,647
96.553,96.553,NoButton,Drag,581,647
96.557,96.557,NoButton,Drag,582,647
96.561,96.561,NoButton,Drag,582,647
96.565,96.565,NoButton,Drag,583,648
96.569,96.569,NoButton,Drag,583,648
96.573,96.573,NoButton,Drag,584,648
96.577,96.577,NoButton,Drag,584,648
96.581,96.581,NoButton,Drag,585,649
96.583,96.583,NoButton,Drag,585,649
96.587,96.587,NoButton,Drag,585,649
96.591,96.591,NoButton,Drag,585,649
96.595,96.595,NoButton,Drag,586,649
96.603,96.603,NoButton,Drag,586,649
96.607,96.607,NoButton,Drag,586,650
96.611,96.611,NoButton,Drag,586,650
96.615,96.615,NoButton,Drag,586,650
96.619,96.619,NoButton,Drag,586,650
96.623,96.623,NoButton,Drag,587,650
96.627,96.627,NoButton,Drag,587,650
96.635,96.635,NoButton,Drag,587,650
96.727,96.727,NoButton,Drag,587,651
96.731,96.731,Left,Released,587,651
96.799,96.799,NoButton,Move,587,651
96.807,96.807,NoButton,Move,588,651
96.821,96.821,NoButton,Move,588,651
96.837,96.837,NoButton,Move,589,652
96.854,96.854,NoButton,Move,590,653
96.871,96.871,NoButton,Move,591,654
96.888,96.888,NoButton,Move,591,654
96.943,96.943,NoButton,Move,591,655
96.999,96.999,NoButton,Move,592,655
97.003,97.003,NoButton,Move,592,655
97.007,97.007,NoButton,Move,592,655
97.021,97.021,NoButton,Move,593,655
97.038,97.038,NoButton,Move,595,656
97.054,97.054,NoButton,Move,597,656
97.071,97.071,NoButton,Move,598,657
97.087,97.087,NoButton,Move,600,658
97.104,97.104,NoButton,Move,602,658
97.12,97.12,NoButton,Move,603,659
97.121,97.121,Left,Pressed,603,659
97.121,97.121,NoButton,Drag,604,659
97.123,97.123,NoButton,Drag,604,659
97.127,97.127,NoButton,Drag,605,659
97.131,97.131,NoButton,Drag,605,660
97.135,97.135,NoButton,Drag,606,660
97.141,97.141,NoButton,Drag,606,660
97.143,97.143,NoButton,Drag,607,660
97.147,97.147,NoButton,Drag,608,660
97.152,97.152,NoButton,Drag,609,661
97.155,97.155,NoButton,Drag,609,661
97.159,97.159,NoButton,Drag,609,661
97.161,97.161,NoButton,Drag,610,661
97.165,97.165,NoButton,Drag,610,661
97.169,97.169,NoButton,Drag,610,661
97.205,97.205,NoButton,Drag,611,661
97.213,97.213,NoButton,Drag,611,661
97.225,97.225,NoButton,Drag,611,661
97.233,97.233,NoButton,Drag,611,661
97.237,97.237,NoButton,Drag,612,661
97.241,97.241,NoButton,Drag,612,661
97.245,97.245,NoButton,Drag,612,661
97.249,97.249,NoButton,Drag,613,661
97.253,97.253,NoButton,Drag,613,660
97.257,97.257,NoButton,Drag,614,660
97.261,97.261,NoButton,Drag,615,660
97.265,97.265,NoButton,Drag,615,659
97.269,97.269,NoButton,Drag,616,658
97.273,97.273,NoButton,Drag,617,658
97.277,97.277,NoButton,Drag,618,657
97.281,97.281,NoButton,Drag,619,656
97.285,97.285,NoButton,Drag,620,656
97.289,97.289,NoButton,Drag,622,655
97.293,97.293,NoButton,Drag,623,654
97.297,97.297,NoButton,Drag,624,653
97.302,97.302,NoButton,Drag,626,652
97.305,97.305,NoButton,Drag,627,651
97.309,97.309,NoButton,Drag,629,650
97.313,97.313,NoButton,Drag,631,649
97.317,97.317,NoButton,Drag,632,647
97.321,97.321,NoButton,Drag,635,646
97.325,97.325,NoButton,Drag,637,645
97.329,97.329,NoButton,Drag,640,643
97.333,97.333,NoButton,Drag,642,641
97.337,97.337,NoButton,Drag,644,640
97.341,97.341,NoButton,Drag,647,638
97.345,97.345,NoButton,Drag,649,637
97.349,97.349,NoButton,Drag,652,635
97.353,97.353,NoButton,Drag,655,633
97.357,97.357,NoButton,Drag,658,631
97.361,97.361,NoButton,Drag,661,629
97.365,97.365,NoButton,Drag,665,627
97.369,97.369,NoButton,Drag,668,625
97.373,97.373,NoButton,Drag,672,623
97.377,97.377,NoButton,Drag,676,620
97.381,97.381,NoButton,Drag,680,617
97.385,97.385,NoButton,Drag,684,615
97.389,97.389,NoButton,Drag,688,613
97.393,97.393,NoButton,Drag,692,610
97.397,97.397,NoButton,Drag,696,608
97.401,97.401,NoButton,Drag,699,605
97.405,97.405,NoButton,Drag,703,603
97.409,97.409,NoButton,Drag,707,600
97.413,97.413,NoButton,Drag,711,597
97.417,97.417,NoButton,Drag,716,594
97.421,97.421,NoButton,Drag,720,591
97.425,97.425,NoButton,Drag,724,589
97.429,97.429,NoButton,Drag,728,586
97.433,97.433,NoButton,Drag,732,583
97.437,97.437,NoButton,Drag,736,580
97.441,97.441,NoButton,Drag,741,576
97.445,97.445,NoButton,Drag,745,573
97.449,97.449,NoButton,Drag,749,570
97.453,97.453,NoButton,Drag,753,566
97.457,97.457,NoButton,Drag,757,563
97.461,97.461,NoButton,Drag,762,559
97.465,97.465,NoButton,Drag,766,556
97.469,97.469,NoButton,Drag,771,552
97.473,97.473,NoButton,Drag,775,548
97.477,97.477,NoButton,Drag,779,544
97.481,97.481,NoButton,Drag,784,539
97.485,97.485,NoButton,Drag,789,535
97.489,97.489,NoButton,Drag,794,531
97.493,97.493,NoButton,Drag,798,526
97.497,97.497,NoButton,Drag,802,521
97.501,97.501,NoButton,Drag,808,516
97.505,97.505,NoButton,Drag,812,512
97.509,97.509,NoButton,Drag,817,508
97.513,97.513,NoButton,Drag,822,502
97.517,97.517,NoButton,Drag,827,497
97.521,97.521,NoButton,Drag,833,492
97.525,97.525,NoButton,Drag,839,485
97.529,97.529,NoButton,Drag,845,480
97.533,97.533,NoButton,Drag,851,474
97.537,97.537,NoButton,Drag,858,468
97.541,97.541,NoButton,Drag,864,462
97.545,97.545,NoButton,Drag,871,456
97.549,97.549,NoButton,Drag,877,450
97.553,97.553,NoButton,Drag,884,444
97.557,97.557,NoButton,Drag,891,438
97.561,97.561,NoButton,Drag,898,432
97.565,97.565,NoButton,Drag,906,425
97.569,97.569,NoButton,Drag,912,419
97.573,97.573,NoButton,Drag,920,412
97.577,97.577,NoButton,Drag,927,405
97.581,97.581,NoButton,Drag,934,398
97.585,97.585,NoButton,Drag,940,392
97.589,97.589,NoButton,Drag,947,385
97.593,97.593,NoButton,Drag,955,378
97.597,97.597,NoButton,Drag,961,372
97.601,97.601,NoButton,Drag,969,365
97.605,97.605,NoButton,Drag,976,359
97.609,97.609,NoButton,Drag,983,354
97.613,97.613,NoButton,Drag,990,348
97.617,97.617,NoButton,Drag,997,342
97.621,97.621,NoButton,Drag,1004,336
97.625,97.625,NoButton,Drag,1010,331
97.629,97.629,NoButton,Drag,1017,326
97.633,97.633,NoButton,Drag,1023,320
97.637,97.637,NoButton,Drag,1030,315
97.641,97.641,NoButton,Drag,1036,311
97.645,97.645,NoButton,Drag,1043,306
97.649,97.649,NoButton,Drag,1050,301
97.653,97.653,NoButton,Drag,1056,297
97.657,97.657,NoButton,Drag,1063,292
97.661,97.661,NoButton,Drag,1069,288
97.665,97.665,NoButton,Drag,1076,283
97.669,97.669,NoButton,Drag,1082,278
97.673,97.673,NoButton,Drag,1089,274
97.677,97.677,NoButton,Drag,1096,269
97.681,97.681,NoButton,Drag,1101,264
97.685,97.685,NoButton,Drag,1107,260
97.689,97.689,NoButton,Drag,1112,256
97.693,97.693,NoButton,Drag,1118,252
97.697,97.697,NoButton,Drag,1124,248
97.701,97.701,NoButton,Drag,1129,244
97.705,97.705,NoButton,Drag,1134,240
97.709,97.709,NoButton,Drag,1139,237
97.713,97.713,NoButton,Drag,1144,233
97.717,97.717,NoButton,Drag,1149,229
97.721,97.721,NoButton,Drag,1153,226
97.725,97.725,NoButton,Drag,1158,222
97.729,97.729,NoButton,Drag,1162,219
97.733,97.733,NoButton,Drag,1166,215
97.737,97.737,NoButton,Drag,1171,212
97.741,97.741,NoButton,Drag,1175,209
97.742,97.742,NoButton,Drag,1179,205
97.747,97.747,NoButton,Drag,1184,201
97.755,97.755,NoButton,Drag,1187,198
97.767,97.767,NoButton,Drag,1191,195
97.769,97.769,NoButton,Drag,1201,186
97.771,97.771,NoButton,Drag,1207,181
97.775,97.775,NoButton,Drag,1211,177
97.779,97.779,NoButton,Drag,1214,175
97.783,97.783,NoButton,Drag,1217,172
97.787,97.787,NoButton,Drag,1220,170
97.791,97.791,NoButton,Drag,1223,167
97.795,97.795,NoButton,Drag,1225,164
97.799,97.799,NoButton,Drag,1227,163
97.803,97.803,NoButton,Drag,1229,161
97.807,97.807,NoButton,Drag,1231,159
97.811,97.811,NoButton,Drag,1233,157
97.815,97.815,NoButton,Drag,1234,155
97.819,97.819,NoButton,Drag,1236,154
97.823,97.823,NoButton,Drag,1237,153
97.827,97.827,NoButton,Drag,1238,151
97.831,97.831,NoButton,Drag,1239,150
97.835,97.835,NoButton,Drag,1240,149
97.839,97.839,NoButton,Drag,1241,148
97.843,97.843,NoButton,Drag,1241,147
97.847,97.847,NoButton,Drag,1242,147
97.851,97.851,NoButton,Drag,1243,146
97.855,97.855,NoButton,Drag,1243,145
97.859,97.859,NoButton,Drag,1243,145
97.863,97.863,NoButton,Drag,1244,145
97.871,97.871,NoButton,Drag,1244,145
97.955,97.955,NoButton,Drag,1244,145
97.979,97.979,NoButton,Drag,1244,145
97.983,97.983,NoButton,Drag,1245,145
97.991,97.991,NoButton,Drag,1245,145
97.995,97.995,NoButton,Drag,1245,145
97.999,97.999,NoButton,Drag,1245,145
98.003,98.003,NoButton,Drag,1246,145
98.007,98.007,NoButton,Drag,1246,145
98.011,98.011,NoButton,Drag,1247,146
98.015,98.015,NoButton,Drag,1247,146
98.019,98.019,NoButton,Drag,1248,146
98.023,98.023,NoButton,Drag,1249,147
98.027,98.027,NoButton,Drag,1250,148
98.031,98.031,NoButton,Drag,1251,148
98.035,98.035,NoButton,Drag,1252,149
98.039,98.039,NoButton,Drag,1254,149
98.043,98.043,NoButton,Drag,1256,150
98.047,98.047,NoButton,Drag,1257,150
98.051,98.051,NoButton,Drag,1259,151
98.055,98.055,NoButton,Drag,1261,151
98.059,98.059,NoButton,Drag,1262,151
98.063,98.063,NoButton,Drag,1264,152
98.067,98.067,NoButton,Drag,1266,153
98.071,98.071,NoButton,Drag,1269,153
98.075,98.075,NoButton,Drag,1271,154
98.079,98.079,NoButton,Drag,1273,155
98.083,98.083,NoButton,Drag,1275,155
98.087,98.087,NoButton,Drag,1276,156
98.091,98.091,NoButton,Drag,1279,157
98.095,98.095,NoButton,Drag,1281,157
98.099,98.099,NoButton,Drag,1283,158
98.103,98.103,NoButton,Drag,1285,159
98.107,98.107,NoButton,Drag,1287,159
98.111,98.111,NoButton,Drag,1289,160
98.115,98.115,NoButton,Drag,1292,161
98.119,98.119,NoButton,Drag,1294,161
98.123,98.123,NoButton,Drag,1297,162
98.127,98.127,NoButton,Drag,1299,163
98.131,98.131,NoButton,Drag,1301,163
98.135,98.135,NoButton,Drag,1303,164
98.139,98.139,NoButton,Drag,1304,164
98.143,98.143,NoButton,Drag,1305,165
98.147,98.147,NoButton,Drag,1307,165
98.151,98.151,NoButton,Drag,1307,166
98.155,98.155,NoButton,Drag,1308,166
98.159,98.159,NoButton,Drag,1309,166
98.163,98.163,NoButton,Drag,1309,166
98.167,98.167,NoButton,Drag,1310,166
98.203,98.203,NoButton,Drag,1310,166
98.249,98.249,Left,Released,1310,166
98.349,98.349,NoButton,Move,1310,167
98.357,98.357,NoButton,Move,1310,167
98.361,98.361,NoButton,Move,1310,167
98.37,98.37,NoButton,Move,1309,169
98.387,98.387,NoButton,Move,1306,174
98.404,98.404,NoButton,Move,1300,182
98.42,98.42,NoButton,Move,1290,194
98.437,98.437,NoButton,Move,1271,214
98.454,98.454,NoButton,Move,1256,231
98.47,98.47,NoButton,Move,1239,247
98.487,98.487,NoButton,Move,1223,263
98.504,98.504,NoButton,Move,1208,278
98.52,98.52,NoButton,Move,1196,290
98.538,98.538,NoButton,Move,1183,303
98.554,98.554,NoButton,Move,1174,310
98.571,98.571,NoButton,Move,1167,314
98.587,98.587,NoButton,Move,1159,317
98.604,98.604,NoButton,Move,1151,319
98.62,98.62,NoButton,Move,1140,321
98.637,98.637,NoButton,Move,1121,322
98.654,98.654,NoButton,Move,1101,322
98.67,98.67,NoButton,Move,1077,322
98.687,98.687,NoButton,Move,1051,319
98.704,98.704,NoButton,Move,1027,314
98.721,98.721,NoButton,Move,1000,306
98.737,98.737,NoButton,Move,981,300
98.754,98.754,NoButton,Move,966,292
98.77,98.77,NoButton,Move,954,284
98.787,98.787,NoButton,Move,946,276
98.804,98.804,NoButton,Move,939,268
98.821,98.821,NoButton,Move,931,258
98.837,98.837,NoButton,Move,927,251
98.854,98.854,NoButton,Move,923,247
98.87,98.87,NoButton,Move,921,245
98.887,98.887,NoButton,Move,919,243
98.904,98.904,NoButton,Move,917,242
98.921,98.921,NoButton,Move,916,241
98.938,98.938,NoButton,Move,915,241
98.955,98.955,NoButton,Move,915,241
99.003,99.003,NoButton,Move,915,240
99.011,99.011,NoButton,Move,915,240
99.021,99.021,NoButton,Move,915,240
99.038,99.038,NoButton,Move,914,239
99.054,99.054,NoButton,Move,914,238
99.071,99.071,NoButton,Move,914,237
99.088,99.088,NoButton,Move,913,236
99.105,99.105,NoButton,Move,913,234
99.121,99.121,NoButton,Move,912,232
99.138,99.138,NoButton,Move,912,230
99.154,99.154,NoButton,Move,912,228
99.17,99.17,NoButton,Move,912,227
99.187,99.187,NoButton,Move,912,226
99.205,99.205,NoButton,Move,911,225
99.221,99.221,NoButton,Move,911,224
99.237,99.237,NoButton,Move,911,223
99.279,99.279,NoButton,Move,911,223
99.316,99.316,Left,Pressed,911,223
99.401,99.401,Left,Released,911,223
99.421,99.421,NoButton,Move,911,223
99.425,99.425,NoButton,Move,911,222
99.533,99.533,NoButton,Move,911,222
99.537,99.537,NoButton,Move,911,222
99.555,99.555,NoButton,Move,911,221
99.571,99.571,NoButton,Move,910,220
99.587,99.587,NoButton,Move,910,218
99.604,99.604,NoButton,Move,911,215
99.62,99.62,NoButton,Move,911,213
99.637,99.637,NoButton,Move,911,210
99.654,99.654,NoButton,Move,912,208
99.67,99.67,NoButton,Move,912,205
99.687,99.687,NoButton,Move,912,202
99.704,99.704,NoButton,Move,913,201
99.72,99.72,NoButton,Move,913,200
99.738,99.738,NoButton,Move,913,199
99.755,99.755,NoButton,Move,913,199
99.806,99.806,Left,Pressed,913,199
99.877,99.877,Left,Released,913,199
99.941,99.941,NoButton,Move,913,199
99.945,99.945,NoButton,Move,912,199
99.954,99.954,NoButton,Move,911,200
99.97,99.97,NoButton,Move,909,202
99.987,99.987,NoButton,Move,904,205
100.005,100.005,NoButton,Move,897,207
100.021,100.021,NoButton,Move,890,209
100.037,100.037,NoButton,Move,882,211
100.054,100.054,NoButton,Move,874,211
100.071,100.071,NoButton,Move,864,211
100.087,100.087,NoButton,Move,851,208
100.104,100.104,NoButton,Move,842,204
100.12,100.12,NoButton,Move,836,200
100.137,100.137,NoButton,Move,832,196
100.154,100.154,NoButton,Move,827,189
100.17,100.17,NoButton,Move,821,182
100.187,100.187,NoButton,Move,815,173
100.204,100.204,NoButton,Move,810,167
100.221,100.221,NoButton,Move,803,161
100.238,100.238,NoButton,Move,793,156
100.254,100.254,NoButton,Move,777,152
100.27,100.27,NoButton,Move,755,146
100.287,100.287,NoButton,Move,714,139
100.304,100.304,NoButton,Move,674,132
100.321,100.321,NoButton,Move,630,126
100.337,100.337,NoButton,Move,581,122
100.354,100.354,NoButton,Move,527,119
100.371,100.371,NoButton,Move,472,116
100.387,100.387,NoButton,Move,401,111
100.404,100.404,NoButton,Move,351,109
100.421,100.421,NoButton,Move,315,108
100.438,100.438,NoButton,Move,293,106
100.454,100.454,NoButton,Move,283,103
100.471,100.471,NoButton,Move,282,103
100.503,100.503,NoButton,Move,282,103
100.507,100.507,NoButton,Move,282,103
100.521,100.521,NoButton,Move,283,102
100.538,100.538,NoButton,Move,284,101
100.555,100.555,NoButton,Move,285,100
100.571,100.571,NoButton,Move,287,99
100.587,100.587,NoButton,Move,289,98
100.604,100.604,NoButton,Move,292,96
100.62,100.62,NoButton,Move,296,96
100.637,100.637,NoButton,Move,300,94
100.654,100.654,NoButton,Move,304,94
100.67,100.67,NoButton,Move,309,93
100.688,100.688,NoButton,Move,316,92
100.705,100.705,NoButton,Move,325,91
100.72,100.72,NoButton,Move,333,89
100.737,100.737,NoButton,Move,342,88
100.754,100.754,NoButton,Move,348,88
100.77,100.77,NoButton,Move,353,88
100.788,100.788,NoButton,Move,357,88
100.804,100.804,NoButton,Move,361,88
100.82,100.82,NoButton,Move,365,88
100.837,100.837,NoButton,Move,370,88
100.854,100.854,NoButton,Move,375,88
100.871,100.871,NoButton,Move,381,88
100.888,100.888,NoButton,Move,387,88
100.904,100.904,NoButton,Move,393,88
100.92,100.92,NoButton,Move,398,89
100.937,100.937,NoButton,Move,404,90
100.954,100.954,NoButton,Move,410,91
100.971,100.971,NoButton,Move,417,92
100.987,100.987,NoButton,Move,425,92
101.004,101.004,NoButton,Move,434,92
101.021,101.021,NoButton,Move,442,92
101.037,101.037,NoButton,Move,451,92
101.054,101.054,NoButton,Move,458,92
101.07,101.07,NoButton,Move,463,92
101.087,101.087,NoButton,Move,468,93
101.104,101.104,NoButton,Move,473,93
101.121,101.121,NoButton,Move,479,93
101.138,101.138,NoButton,Move,483,93
101.154,101.154,NoButton,Move,486,93
101.17,101.17,NoButton,Move,488,94
101.187,101.187,NoButton,Move,490,94
101.204,101.204,NoButton,Move,492,94
101.221,101.221,NoButton,Move,495,95
101.237,101.237,NoButton,Move,496,95
101.254,101.254,NoButton,Move,498,95
101.27,101.27,NoButton,Move,499,95
101.287,101.287,NoButton,Move,501,95
101.304,101.304,NoButton,Move,502,95
101.321,101.321,NoButton,Move,505,95
101.337,101.337,NoButton,Move,507,96
101.354,101.354,NoButton,Move,510,96
101.37,101.37,NoButton,Move,513,96
101.387,101.387,NoButton,Move,519,96
101.403,101.403,NoButton,Move,523,96
101.42,101.42,NoButton,Move,528,96
101.437,101.437,NoButton,Move,533,96
101.454,101.454,NoButton,Move,539,96
101.47,101.47,NoButton,Move,544,96
101.487,101.487,NoButton,Move,551,96
101.505,101.505,NoButton,Move,557,96
101.52,101.52,NoButton,Move,562,96
101.537,101.537,NoButton,Move,566,96
101.554,101.554,NoButton,Move,570,96
101.57,101.57,NoButton,Move,574,97
101.588,101.588,NoButton,Move,580,97
101.604,101.604,NoButton,Move,584,97
101.62,101.62,NoButton,Move,588,97
101.637,101.637,NoButton,Move,591,97
101.654,101.654,NoButton,Move,594,97
101.67,101.67,NoButton,Move,597,97
101.687,101.687,NoButton,Move,601,97
101.704,101.704,NoButton,Move,604,98
101.72,101.72,NoButton,Move,607,98
101.737,101.737,NoButton,Move,612,98
101.755,101.755,NoButton,Move,616,98
101.771,101.771,NoButton,Move,621,98
101.787,101.787,NoButton,Move,625,98
101.804,101.804,NoButton,Move,630,98
101.82,101.82,NoButton,Move,636,98
101.837,101.837,NoButton,Move,643,98
101.854,101.854,NoButton,Move,648,97
101.871,101.871,NoButton,Move,654,96
101.888,101.888,NoButton,Move,659,96
101.904,101.904,NoButton,Move,664,96
101.92,101.92,NoButton,Move,670,95
101.937,101.937,NoButton,Move,677,95
101.954,101.954,NoButton,Move,683,95
101.97,101.97,NoButton,Move,688,94
101.988,101.988,NoButton,Move,693,94
102.004,102.004,NoButton,Move,698,93
102.021,102.021,NoButton,Move,705,92
102.037,102.037,NoButton,Move,710,92
102.055,102.055,NoButton,Move,714,92
102.071,102.071,NoButton,Move,718,92
102.087,102.087,NoButton,Move,722,91
102.104,102.104,NoButton,Move,725,91
102.12,102.12,NoButton,Move,729,91
102.138,102.138,NoButton,Move,732,90
102.154,102.154,NoButton,Move,735,89
102.171,102.171,NoButton,Move,737,89
102.188,102.188,NoButton,Move,738,88
102.204,102.204,NoButton,Move,740,88
102.22,102.22,NoButton,Move,743,88
102.237,102.237,NoButton,Move,745,87
102.254,102.254,NoButton,Move,747,86
102.271,102.271,NoButton,Move,749,86
102.287,102.287,NoButton,Move,752,85
102.303,102.303,NoButton,Move,755,85
102.321,102.321,NoButton,Move,757,84
102.337,102.337,NoButton,Move,760,84
102.353,102.353,NoButton,Move,763,83
102.37,102.37,NoButton,Move,765,83
102.388,102.388,NoButton,Move,770,82
102.404,102.404,NoButton,Move,773,81
102.42,102.42,NoButton,Move,777,80
102.437,102.437,NoButton,Move,780,80
102.454,102.454,NoButton,Move,785,80
102.47,102.47,NoButton,Move,789,80
102.487,102.487,NoButton,Move,795,80
102.505,102.505,NoButton,Move,799,80
102.521,102.521,NoButton,Move,804,80
102.538,102.538,NoButton,Move,809,80
102.554,102.554,NoButton,Move,814,79
102.57,102.57,NoButton,Move,819,79
102.587,102.587,NoButton,Move,825,79
102.603,102.603,NoButton,Move,830,79
102.621,102.621,NoButton,Move,834,79
102.638,102.638,NoButton,Move,839,79
102.654,102.654,NoButton,Move,843,79
102.671,102.671,NoButton,Move,848,79
102.687,102.687,NoButton,Move,853,79
102.704,102.704,NoButton,Move,858,79
102.721,102.721,NoButton,Move,861,79
102.737,102.737,NoButton,Move,865,79
102.754,102.754,NoButton,Move,868,79
102.77,102.77,NoButton,Move,870,79
102.787,102.787,NoButton,Move,874,79
102.804,102.804,NoButton,Move,876,79
102.82,102.82,NoButton,Move,878,79
102.837,102.837,NoButton,Move,880,79
102.853,102.853,NoButton,Move,883,80
102.871,102.871,NoButton,Move,884,80
102.888,102.888,NoButton,Move,886,80
102.904,102.904,NoButton,Move,888,80
102.92,102.92,NoButton,Move,889,80
102.937,102.937,NoButton,Move,891,80
102.954,102.954,NoButton,Move,893,80
102.971,102.971,NoButton,Move,895,80
102.988,102.988,NoButton,Move,897,80
103.004,103.004,NoButton,Move,900,80
103.02,103.02,NoButton,Move,902,80
103.037,103.037,NoButton,Move,906,80
103.054,103.054,NoButton,Move,909,80
103.071,103.071,NoButton,Move,912,80
103.088,103.088,NoButton,Move,915,80
103.103,103.103,NoButton,Move,918,80
103.12,103.12,NoButton,Move,920,80
103.138,103.138,NoButton,Move,923,80
103.154,103.154,NoButton,Move,925,80
103.171,103.171,NoButton,Move,927,80
103.187,103.187,NoButton,Move,930,80
103.204,103.204,NoButton,Move,932,80
103.22,103.22,NoButton,Move,934,80
103.237,103.237,NoButton,Move,937,80
103.254,103.254,NoButton,Move,938,79
103.271,103.271,NoButton,Move,940,79
103.287,103.287,NoButton,Move,943,79
103.304,103.304,NoButton,Move,946,79
103.32,103.32,NoButton,Move,949,79
103.337,103.337,NoButton,Move,953,79
103.353,103.353,NoButton,Move,956,79
103.371,103.371,NoButton,Move,959,79
103.388,103.388,NoButton,Move,961,79
103.404,103.404,NoButton,Move,964,79
103.42,103.42,NoButton,Move,968,79
103.438,103.438,NoButton,Move,973,79
103.454,103.454,NoButton,Move,976,79
103.47,103.47,NoButton,Move,978,79
103.487,103.487,NoButton,Move,981,79
103.503,103.503,NoButton,Move,983,79
103.521,103.521,NoButton,Move,985,79
103.538,103.538,NoButton,Move,986,79
103.554,103.554,NoButton,Move,987,79
103.57,103.57,NoButton,Move,988,79
103.595,103.595,NoButton,Move,988,79
103.623,103.623,NoButton,Move,988,79
103.638,103.638,NoButton,Move,989,79
103.654,103.654,NoButton,Move,989,79
103.67,103.67,NoButton,Move,990,79
103.688,103.688,NoButton,Move,990,79
103.704,103.704,NoButton,Move,991,79
103.72,103.72,NoButton,Move,992,79
103.738,103.738,NoButton,Move,994,79
103.754,103.754,NoButton,Move,995,78
103.77,103.77,NoButton,Move,998,78
103.787,103.787,NoButton,Move,1000,78
103.804,103.804,NoButton,Move,1001,78
103.82,103.82,NoButton,Move,1003,78
103.838,103.838,NoButton,Move,1004,78
103.854,103.854,NoButton,Move,1006,78
103.87,103.87,NoButton,Move,1007,78
103.887,103.887,NoButton,Move,1010,78
103.903,103.903,NoButton,Move,1011,77
103.92,103.92,NoButton,Move,1013,77
103.938,103.938,NoButton,Move,1015,77
103.954,103.954,NoButton,Move,1016,77
103.971,103.971,NoButton,Move,1018,77
103.987,103.987,NoButton,Move,1020,77
104.004,104.004,NoButton,Move,1021,77
104.174,104.174,NoButton,Move,1021,77
104.193,104.193,NoButton,Move,1021,77
104.204,104.204,NoButton,Move,1021,77
104.22,104.22,NoButton,Move,1021,78
104.238,104.238,NoButton,Move,1020,80
104.254,104.254,NoButton,Move,1018,82
104.271,104.271,NoButton,Move,1013,85
104.288,104.288,NoButton,Move,1005,90
104.304,104.304,NoButton,Move,992,94
104.32,104.32,NoButton,Move,975,99
104.337,104.337,NoButton,Move,947,107
104.354,104.354,NoButton,Move,926,113
104.372,104.372,NoButton,Move,903,120
104.387,104.387,NoButton,Move,882,126
104.405,104.405,NoButton,Move,860,132
104.42,104.42,NoButton,Move,839,137
104.438,104.438,NoButton,Move,815,143
104.455,104.455,NoButton,Move,797,146
104.471,104.471,NoButton,Move,782,148
104.488,104.488,NoButton,Move,767,150
104.504,104.504,NoButton,Move,754,151
104.52,104.52,NoButton,Move,742,152
104.537,104.537,NoButton,Move,729,153
104.555,104.555,NoButton,Move,718,154
104.57,104.57,NoButton,Move,708,155
104.588,104.588,NoButton,Move,696,156
104.604,104.604,NoButton,Move,689,157
104.621,104.621,NoButton,Move,682,158
104.638,104.638,NoButton,Move,675,159
104.654,104.654,NoButton,Move,669,160
104.67,104.67,NoButton,Move,664,161
104.687,104.687,NoButton,Move,657,162
104.704,104.704,NoButton,Move,653,163
104.72,104.72,NoButton,Move,647,164
104.737,104.737,NoButton,Move,641,164
104.754,104.754,NoButton,Move,634,164
104.77,104.77,NoButton,Move,627,164
104.787,104.787,NoButton,Move,617,164
104.804,104.804,NoButton,Move,609,164
104.821,104.821,NoButton,Move,600,164
104.838,104.838,NoButton,Move,591,164
104.854,104.854,NoButton,Move,580,164
104.87,104.87,NoButton,Move,568,163
104.887,104.887,NoButton,Move,552,162
104.904,104.904,NoButton,Move,541,161
104.921,104.921,NoButton,Move,530,159
104.938,104.938,NoButton,Move,520,156
104.954,104.954,NoButton,Move,511,155
104.97,104.97,NoButton,Move,502,153
104.987,104.987,NoButton,Move,492,150
105.003,105.003,NoButton,Move,485,149
105.02,105.02,NoButton,Move,480,147
105.038,105.038,NoButton,Move,478,147
105.054,105.054,NoButton,Move,476,146
105.07,105.07,NoButton,Move,473,146
105.087,105.087,NoButton,Move,471,146
105.104,105.104,NoButton,Move,468,146
105.121,105.121,NoButton,Move,465,145
105.138,105.138,NoButton,Move,463,145
105.153,105.153,NoButton,Move,463,145
105.17,105.17,NoButton,Move,462,145
105.188,105.188,NoButton,Move,462,145
105.217,105.217,NoButton,Move,462,145
105.225,105.225,NoButton,Move,461,145
105.237,105.237,NoButton,Move,461,145
105.254,105.254,NoButton,Move,460,145
105.27,105.27,NoButton,Move,459,144
105.287,105.287,NoButton,Move,458,144
105.304,105.304,NoButton,Move,456,143
105.32,105.32,NoButton,Move,455,143
105.337,105.337,NoButton,Move,451,141
105.355,105.355,NoButton,Move,445,140
105.375,105.375,NoButton,Move,435,138
105.388,105.388,NoButton,Move,430,137
105.404,105.404,NoButton,Move,423,135
105.42,105.42,NoButton,Move,416,134
105.437,105.437,NoButton,Move,409,132
105.454,105.454,NoButton,Move,405,131
105.471,105.471,NoButton,Move,402,130
105.487,105.487,NoButton,Move,400,130
105.503,105.503,NoButton,Move,396,129
105.52,105.52,NoButton,Move,394,129
105.537,105.537,NoButton,Move,392,128
105.553,105.553,NoButton,Move,391,128
105.57,105.57,NoButton,Move,390,128
105.587,105.587,NoButton,Move,390,128
105.783,105.783,NoButton,Move,389,128
105.787,105.787,NoButton,Move,389,128
105.795,105.795,NoButton,Move,389,127
105.804,105.804,NoButton,Move,389,127
105.82,105.82,NoButton,Move,388,126
105.837,105.837,NoButton,Move,387,125
105.854,105.854,NoButton,Move,386,124
105.87,105.87,NoButton,Move,385,124
105.887,105.887,NoButton,Move,383,123
105.904,105.904,NoButton,Move,382,122
105.921,105.921,NoButton,Move,381,121
105.937,105.937,NoButton,Move,380,121
105.954,105.954,NoButton,Move,380,121
105.971,105.971,NoButton,Move,380,121
106.091,106.091,NoButton,Move,380,121
106.095,106.095,NoButton,Move,380,121
106.104,106.104,NoButton,Move,381,121
106.121,106.121,NoButton,Move,382,121
106.138,106.138,NoButton,Move,385,121
106.154,106.154,NoButton,Move,387,121
106.17,106.17,NoButton,Move,390,121
106.187,106.187,NoButton,Move,394,121
106.204,106.204,NoButton,Move,397,122
106.221,106.221,NoButton,Move,400,123
106.237,106.237,NoButton,Move,402,123
106.254,106.254,NoButton,Move,405,124
106.271,106.271,NoButton,Move,408,125
106.287,106.287,NoButton,Move,410,126
106.304,106.304,NoButton,Move,414,127
106.32,106.32,NoButton,Move,417,128
106.337,106.337,NoButton,Move,422,129
106.354,106.354,NoButton,Move,427,131
106.371,106.371,NoButton,Move,432,132
106.387,106.387,NoButton,Move,438,133
106.404,106.404,NoButton,Move,442,134
106.42,106.42,NoButton,Move,447,134
106.437,106.437,NoButton,Move,452,135
106.454,106.454,NoButton,Move,456,136
106.47,106.47,NoButton,Move,460,136
106.488,106.488,NoButton,Move,463,136
106.504,106.504,NoButton,Move,466,136
106.52,106.52,NoButton,Move,469,136
106.537,106.537,NoButton,Move,472,136
106.553,106.553,NoButton,Move,474,136
106.571,106.571,NoButton,Move,477,136
106.588,106.588,NoButton,Move,479,136
106.604,106.604,NoButton,Move,481,136
106.621,106.621,NoButton,Move,482,136
106.637,106.637,NoButton,Move,484,136
106.654,106.654,NoButton,Move,485,136
106.671,106.671,NoButton,Move,487,136
106.687,106.687,NoButton,Move,489,136
106.704,106.704,NoButton,Move,492,136
106.72,106.72,NoButton,Move,495,136
106.737,106.737,NoButton,Move,499,136
106.754,106.754,NoButton,Move,501,136
106.771,106.771,NoButton,Move,504,136
106.787,106.787,NoButton,Move,506,136
106.804,106.804,NoButton,Move,508,136
106.82,106.82,NoButton,Move,511,136
106.837,106.837,NoButton,Move,514,136
106.854,106.854,NoButton,Move,516,136
106.871,106.871,NoButton,Move,517,136
106.887,106.887,NoButton,Move,518,136
106.904,106.904,NoButton,Move,519,136
106.92,106.92,NoButton,Move,520,136
106.937,106.937,NoButton,Move,520,136
106.954,106.954,NoButton,Move,521,136
106.971,106.971,NoButton,Move,521,136
106.988,106.988,NoButton,Move,522,136
107.004,107.004,NoButton,Move,522,136
107.02,107.02,NoButton,Move,523,136
107.038,107.038,NoButton,Move,524,136
107.054,107.054,NoButton,Move,526,136
107.071,107.071,NoButton,Move,528,136
107.087,107.087,NoButton,Move,531,135
107.104,107.104,NoButton,Move,535,135
107.121,107.121,NoButton,Move,537,135
107.138,107.138,NoButton,Move,540,134
107.154,107.154,NoButton,Move,542,133
107.17,107.17,NoButton,Move,545,133
107.187,107.187,NoButton,Move,550,133
107.204,107.204,NoButton,Move,554,132
107.221,107.221,NoButton,Move,557,131
107.237,107.237,NoButton,Move,560,131
107.253,107.253,NoButton,Move,563,130
107.27,107.27,NoButton,Move,566,130
107.288,107.288,NoButton,Move,569,129
107.303,107.303,NoButton,Move,571,128
107.32,107.32,NoButton,Move,573,128
107.337,107.337,NoButton,Move,575,127
107.354,107.354,NoButton,Move,576,127
107.371,107.371,NoButton,Move,577,127
107.388,107.388,NoButton,Move,579,127
107.403,107.403,NoButton,Move,579,127
107.42,107.42,NoButton,Move,580,126
107.438,107.438,NoButton,Move,581,126
107.455,107.455,NoButton,Move,582,126
107.471,107.471,NoButton,Move,582,126
107.487,107.487,NoButton,Move,583,125
107.504,107.504,NoButton,Move,584,125
107.52,107.52,NoButton,Move,586,125
107.537,107.537,NoButton,Move,587,125
107.553,107.553,NoButton,Move,588,124
107.571,107.571,NoButton,Move,589,124
107.588,107.588,NoButton,Move,590,124
107.605,107.605,NoButton,Move,591,124
107.621,107.621,NoButton,Move,593,123
107.637,107.637,NoButton,Move,595,123
107.654,107.654,NoButton,Move,596,123
107.671,107.671,NoButton,Move,598,122
107.687,107.687,NoButton,Move,600,122
107.703,107.703,NoButton,Move,602,122
107.72,107.72,NoButton,Move,604,122
107.737,107.737,NoButton,Move,606,121
107.754,107.754,NoButton,Move,609,121
107.77,107.77,NoButton,Move,611,121
107.787,107.787,NoButton,Move,613,121
107.804,107.804,NoButton,Move,615,120
107.82,107.82,NoButton,Move,617,120
107.837,107.837,NoButton,Move,619,120
107.853,107.853,NoButton,Move,621,120
107.871,107.871,NoButton,Move,624,120
107.887,107.887,NoButton,Move,625,120
107.904,107.904,NoButton,Move,626,120
107.92,107.92,NoButton,Move,627,120
107.937,107.937,NoButton,Move,628,120
107.953,107.953,NoButton,Move,629,120
107.971,107.971,NoButton,Move,631,120
107.987,107.987,NoButton,Move,632,120
108.004,108.004,NoButton,Move,633,120
108.02,108.02,NoButton,Move,634,120
108.037,108.037,NoButton,Move,635,120
108.054,108.054,NoButton,Move,637,120
108.07,108.07,NoButton,Move,638,120
108.087,108.087,NoButton,Move,640,120
108.104,108.104,NoButton,Move,641,120
108.12,108.12,NoButton,Move,643,121
108.137,108.137,NoButton,Move,644,121
108.154,108.154,NoButton,Move,646,121
108.17,108.17,NoButton,Move,647,121
108.187,108.187,NoButton,Move,649,121
108.204,108.204,NoButton,Move,651,122
108.22,108.22,NoButton,Move,653,122
108.237,108.237,NoButton,Move,655,123
108.254,108.254,NoButton,Move,657,123
108.271,108.271,NoButton,Move,659,123
108.287,108.287,NoButton,Move,661,124
108.304,108.304,NoButton,Move,663,124
108.321,108.321,NoButton,Move,665,124
108.338,108.338,NoButton,Move,667,124
108.354,108.354,NoButton,Move,669,124
108.37,108.37,NoButton,Move,672,124
108.387,108.387,NoButton,Move,675,124
108.403,108.403,NoButton,Move,678,124
108.421,108.421,NoButton,Move,680,124
108.437,108.437,NoButton,Move,684,124
108.454,108.454,NoButton,Move,687,125
108.47,108.47,NoButton,Move,692,125
108.487,108.487,NoButton,Move,696,125
108.504,108.504,NoButton,Move,700,125
108.52,108.52,NoButton,Move,703,125
108.537,108.537,NoButton,Move,707,125
108.554,108.554,NoButton,Move,710,125
108.571,108.571,NoButton,Move,713,125
108.587,108.587,NoButton,Move,717,125
108.604,108.604,NoButton,Move,720,124
108.62,108.62,NoButton,Move,723,124
108.637,108.637,NoButton,Move,726,124
108.654,108.654,NoButton,Move,728,124
108.67,108.67,NoButton,Move,730,124
108.688,108.688,NoButton,Move,733,124
108.703,108.703,NoButton,Move,734,124
108.72,108.72,NoButton,Move,736,124
108.737,108.737,NoButton,Move,738,124
108.754,108.754,NoButton,Move,739,123
108.771,108.771,NoButton,Move,741,123
108.787,108.787,NoButton,Move,743,123
108.804,108.804,NoButton,Move,746,122
108.82,108.82,NoButton,Move,748,122
108.837,108.837,NoButton,Move,751,121
108.854,108.854,NoButton,Move,753,121
108.87,108.87,NoButton,Move,757,120
108.887,108.887,NoButton,Move,760,120
108.904,108.904,NoButton,Move,764,119
108.92,108.92,NoButton,Move,768,118
108.937,108.937,NoButton,Move,774,117
108.954,108.954,NoButton,Move,778,117
108.971,108.971,NoButton,Move,782,116
108.987,108.987,NoButton,Move,787,116
109.004,109.004,NoButton,Move,792,116
109.02,109.02,NoButton,Move,796,116
109.037,109.037,NoButton,Move,802,116
109.054,109.054,NoButton,Move,807,116
109.07,109.07,NoButton,Move,811,116
109.087,109.087,NoButton,Move,815,116
109.104,109.104,NoButton,Move,820,116
109.122,109.122,NoButton,Move,825,116
109.137,109.137,NoButton,Move,830,116
109.153,109.153,NoButton,Move,834,116
109.17,109.17,NoButton,Move,838,116
109.187,109.187,NoButton,Move,842,116
109.204,109.204,NoButton,Move,845,116
109.221,109.221,NoButton,Move,848,116
109.237,109.237,NoButton,Move,853,116
109.254,109.254,NoButton,Move,857,116
109.27,109.27,NoButton,Move,861,117
109.287,109.287,NoButton,Move,865,117
109.304,109.304,NoButton,Move,868,117
109.32,109.32,NoButton,Move,871,117
109.337,109.337,NoButton,Move,875,117
109.354,109.354,NoButton,Move,878,117
109.37,109.37,NoButton,Move,881,117
109.387,109.387,NoButton,Move,883,117
109.403,109.403,NoButton,Move,886,117
109.421,109.421,NoButton,Move,887,117
109.437,109.437,NoButton,Move,889,117
109.454,109.454,NoButton,Move,891,118
109.47,109.47,NoButton,Move,892,118
109.487,109.487,NoButton,Move,894,118
109.504,109.504,NoButton,Move,895,118
109.52,109.52,NoButton,Move,897,118
109.537,109.537,NoButton,Move,898,118
109.554,109.554,NoButton,Move,899,118
109.57,109.57,NoButton,Move,901,118
109.587,109.587,NoButton,Move,903,118
109.604,109.604,NoButton,Move,904,118
109.62,109.62,NoButton,Move,906,118
109.637,109.637,NoButton,Move,908,118
109.654,109.654,NoButton,Move,911,118
109.67,109.67,NoButton,Move,914,118
109.687,109.687,NoButton,Move,918,118
109.703,109.703,NoButton,Move,922,118
109.72,109.72,NoButton,Move,926,118
109.737,109.737,NoButton,Move,931,119
109.754,109.754,NoButton,Move,936,119
109.771,109.771,NoButton,Move,941,119
109.787,109.787,NoButton,Move,945,119
109.803,109.803,NoButton,Move,949,119
109.82,109.82,NoButton,Move,954,119
109.837,109.837,NoButton,Move,960,119
109.853,109.853,NoButton,Move,965,118
109.87,109.87,NoButton,Move,970,117
109.887,109.887,NoButton,Move,975,117
109.903,109.903,NoButton,Move,979,117
109.921,109.921,NoButton,Move,985,116
109.937,109.937,NoButton,Move,988,116
109.953,109.953,NoButton,Move,992,115
109.97,109.97,NoButton,Move,995,115
109.987,109.987,NoButton,Move,996,115
110.004,110.004,NoButton,Move,996,115
110.021,110.021,NoButton,Move,996,115
110.041,110.041,NoButton,Move,996,115
110.054,110.054,NoButton,Move,996,116
110.07,110.07,NoButton,Move,995,118
110.087,110.087,NoButton,Move,992,122
110.104,110.104,NoButton,Move,987,126
110.12,110.12,NoButton,Move,977,132
110.137,110.137,NoButton,Move,958,140
110.153,110.153,NoButton,Move,937,147
110.17,110.17,NoButton,Move,910,154
110.188,110.188,NoButton,Move,882,162
110.204,110.204,NoButton,Move,854,169
110.22,110.22,NoButton,Move,826,175
110.237,110.237,NoButton,Move,789,183
110.254,110.254,NoButton,Move,759,189
110.27,110.27,NoButton,Move,727,194
110.287,110.287,NoButton,Move,684,198
110.304,110.304,NoButton,Move,648,199
110.32,110.32,NoButton,Move,614,199
110.337,110.337,NoButton,Move,589,199
110.353,110.353,NoButton,Move,568,199
110.37,110.37,NoButton,Move,553,199
110.387,110.387,NoButton,Move,539,198
110.404,110.404,NoButton,Move,530,198
110.421,110.421,NoButton,Move,523,196
110.437,110.437,NoButton,Move,516,196
110.454,110.454,NoButton,Move,508,195
110.47,110.47,NoButton,Move,502,195
110.487,110.487,NoButton,Move,494,194
110.503,110.503,NoButton,Move,486,194
110.52,110.52,NoButton,Move,478,194
110.538,110.538,NoButton,Move,468,194
110.554,110.554,NoButton,Move,460,194
110.57,110.57,NoButton,Move,453,194
110.587,110.587,NoButton,Move,447,193
110.604,110.604,NoButton,Move,446,193
110.627,110.627,NoButton,Move,446,193
110.637,110.637,NoButton,Move,446,192
110.654,110.654,NoButton,Move,446,192
110.67,110.67,NoButton,Move,445,190
110.687,110.687,NoButton,Move,445,189
110.704,110.704,NoButton,Move,444,187
110.721,110.721,NoButton,Move,444,185
110.737,110.737,NoButton,Move,443,184
110.754,110.754,NoButton,Move,442,182
110.77,110.77,NoButton,Move,442,180
110.787,110.787,NoButton,Move,441,179
110.803,110.803,NoButton,Move,440,178
110.82,110.82,NoButton,Move,439,177
110.837,110.837,NoButton,Move,438,176
110.853,110.853,NoButton,Move,437,176
110.871,110.871,NoButton,Move,436,175
110.887,110.887,NoButton,Move,435,175
110.904,110.904,NoButton,Move,434,174
110.92,110.92,NoButton,Move,434,174
110.937,110.937,NoButton,Move,433,174
110.973,110.973,NoButton,Move,433,174
110.977,110.977,NoButton,Move,432,174
110.987,110.987,NoButton,Move,432,173
111.004,111.004,NoButton,Move,431,173
111.02,111.02,NoButton,Move,430,172
111.037,111.037,NoButton,Move,428,171
111.053,111.053,NoButton,Move,424,170
111.07,111.07,NoButton,Move,420,169
111.088,111.088,NoButton,Move,414,168
111.104,111.104,NoButton,Move,408,166
111.12,111.12,NoButton,Move,402,165
111.137,111.137,NoButton,Move,398,164
111.153,111.153,NoButton,Move,396,162
111.173,111.173,NoButton,Move,396,162
111.187,111.187,NoButton,Move,396,162
111.204,111.204,NoButton,Move,396,162
111.22,111.22,NoButton,Move,395,161
111.237,111.237,NoButton,Move,395,160
111.253,111.253,NoButton,Move,396,159
111.271,111.271,NoButton,Move,396,158
111.287,111.287,NoButton,Move,397,156
111.303,111.303,NoButton,Move,399,155
111.32,111.32,NoButton,Move,400,154
111.337,111.337,NoButton,Move,401,152
111.353,111.353,NoButton,Move,402,151
111.371,111.371,NoButton,Move,403,150
111.416,111.416,Left,Pressed,403,150
111.419,111.419,NoButton,Drag,403,150
111.439,111.439,NoButton,Drag,403,150
111.544,111.544,Left,Released,403,150
111.603,111.603,NoButton,Move,403,150
111.611,111.611,NoButton,Move,404,150
111.621,111.621,NoButton,Move,404,150
111.638,111.638,NoButton,Move,406,151
111.654,111.654,NoButton,Move,410,152
111.67,111.67,NoButton,Move,415,153
111.687,111.687,NoButton,Move,425,156
111.703,111.703,NoButton,Move,432,157
111.721,111.721,NoButton,Move,442,158
111.737,111.737,NoButton,Move,452,158
111.754,111.754,NoButton,Move,461,158
111.77,111.77,NoButton,Move,469,158
111.787,111.787,NoButton,Move,478,158
111.804,111.804,NoButton,Move,482,158
111.821,111.821,NoButton,Move,487,158
111.837,111.837,NoButton,Move,490,157
111.853,111.853,NoButton,Move,495,157
111.87,111.87,NoButton,Move,499,157
111.888,111.888,NoButton,Move,504,157
111.903,111.903,NoButton,Move,507,157
111.921,111.921,NoButton,Move,510,157
111.937,111.937,NoButton,Move,513,156
111.954,111.954,NoButton,Move,516,156
111.97,111.97,NoButton,Move,518,156
111.988,111.988,NoButton,Move,520,155
112.004,112.004,NoButton,Move,521,155
112.021,112.021,NoButton,Move,522,155
112.037,112.037,NoButton,Move,522,155
112.054,112.054,NoButton,Move,523,154
112.071,112.071,NoButton,Move,523,154
112.087,112.087,NoButton,Move,524,154
112.104,112.104,NoButton,Move,524,154
112.121,112.121,NoButton,Move,525,154
112.149,112.149,NoButton,Move,525,154
112.157,112.157,NoButton,Move,525,154
112.171,112.171,NoButton,Move,526,154
112.187,112.187,NoButton,Move,527,154
112.204,112.204,NoButton,Move,528,153
112.22,112.22,NoButton,Move,529,153
112.237,112.237,NoButton,Move,531,153
112.254,112.254,NoButton,Move,532,153
112.271,112.271,NoButton,Move,533,152
112.288,112.288,NoButton,Move,533,152
112.304,112.304,NoButton,Move,533,152
112.32,112.32,NoButton,Move,534,152
112.337,112.337,NoButton,Move,537,152
112.353,112.353,NoButton,Move,538,152
112.37,112.37,NoButton,Move,539,152
112.388,112.388,NoButton,Move,540,152
112.404,112.404,NoButton,Move,541,152
112.42,112.42,NoButton,Move,541,152
112.437,112.437,NoButton,Move,542,152
112.453,112.453,NoButton,Move,542,152
112.471,112.471,NoButton,Move,542,152
112.568,112.568,NoButton,Move,543,151
112.579,112.579,NoButton,Move,543,151
112.587,112.587,NoButton,Move,543,151
112.604,112.604,NoButton,Move,544,150
112.621,112.621,NoButton,Move,544,148
112.638,112.638,NoButton,Move,544,147
112.654,112.654,NoButton,Move,545,146
112.67,112.67,NoButton,Move,545,146
112.692,112.692,Left,Pressed,545,146
112.788,112.788,NoButton,Drag,545,145
112.803,112.803,Left,Released,545,145
112.867,112.867,NoButton,Move,545,145
112.883,112.883,NoButton,Move,546,145
112.891,112.891,NoButton,Move,546,145
112.904,112.904,NoButton,Move,546,145
112.92,112.92,NoButton,Move,547,145
112.938,112.938,NoButton,Move,549,146
112.954,112.954,NoButton,Move,552,146
112.97,112.97,NoButton,Move,555,147
112.987,112.987,NoButton,Move,559,147
113.004,113.004,NoButton,Move,563,147
113.021,113.021,NoButton,Move,566,147
113.038,113.038,NoButton,Move,569,147
113.053,113.053,NoButton,Move,573,147
113.07,113.07,NoButton,Move,576,147
113.087,113.087,NoButton,Move,579,147
113.104,113.104,NoButton,Move,581,147
113.12,113.12,NoButton,Move,584,147
113.137,113.137,NoButton,Move,588,147
113.154,113.154,NoButton,Move,592,147
113.17,113.17,NoButton,Move,596,147
113.188,113.188,NoButton,Move,600,147
113.204,113.204,NoButton,Move,604,147
113.22,113.22,NoButton,Move,608,147
113.237,113.237,NoButton,Move,613,147
113.254,113.254,NoButton,Move,618,147
113.271,113.271,NoButton,Move,623,147
113.288,113.288,NoButton,Move,628,147
113.303,113.303,NoButton,Move,632,146
113.32,113.32,NoButton,Move,635,146
113.338,113.338,NoButton,Move,640,146
113.353,113.353,NoButton,Move,644,146
113.37,113.37,NoButton,Move,647,145
113.387,113.387,NoButton,Move,651,145
113.403,113.403,NoButton,Move,654,145
113.42,113.42,NoButton,Move,657,144
113.437,113.437,NoButton,Move,661,144
113.454,113.454,NoButton,Move,665,144
113.471,113.471,NoButton,Move,669,144
113.488,113.488,NoButton,Move,673,144
113.504,113.504,NoButton,Move,678,144
113.52,113.52,NoButton,Move,682,144
113.537,113.537,NoButton,Move,688,144
113.554,113.554,NoButton,Move,694,144
113.571,113.571,NoButton,Move,699,144
113.588,113.588,NoButton,Move,705,144
113.604,113.604,NoButton,Move,710,144
113.62,113.62,NoButton,Move,716,144
113.637,113.637,NoButton,Move,724,144
113.654,113.654,NoButton,Move,730,144
113.671,113.671,NoButton,Move,736,144
113.688,113.688,NoButton,Move,743,144
113.703,113.703,NoButton,Move,749,144
113.72,113.72,NoButton,Move,753,144
113.738,113.738,NoButton,Move,759,144
113.754,113.754,NoButton,Move,764,144
113.77,113.77,NoButton,Move,768,144
113.787,113.787,NoButton,Move,774,144
113.804,113.804,NoButton,Move,778,144
113.821,113.821,NoButton,Move,782,144
113.837,113.837,NoButton,Move,786,144
113.854,113.854,NoButton,Move,789,145
113.87,113.87,NoButton,Move,794,145
113.887,113.887,NoButton,Move,800,145
113.904,113.904,NoButton,Move,804,145
113.921,113.921,NoButton,Move,809,145
113.937,113.937,NoButton,Move,813,145
113.954,113.954,NoButton,Move,817,145
113.97,113.97,NoButton,Move,821,145
113.987,113.987,NoButton,Move,827,145
114.004,114.004,NoButton,Move,832,145
114.021,114.021,NoButton,Move,837,145
114.038,114.038,NoButton,Move,840,145
114.054,114.054,NoButton,Move,843,145
114.071,114.071,NoButton,Move,844,145
114.087,114.087,NoButton,Move,844,145
114.107,114.107,NoButton,Move,845,145
114.12,114.12,NoButton,Move,845,145
114.137,114.137,NoButton,Move,845,146
114.154,114.154,NoButton,Move,843,149
114.17,114.17,NoButton,Move,839,152
114.188,114.188,NoButton,Move,826,160
114.204,114.204,NoButton,Move,808,170
114.221,114.221,NoButton,Move,783,181
114.237,114.237,NoButton,Move,744,194
114.254,114.254,NoButton,Move,702,207
114.27,114.27,NoButton,Move,660,218
114.288,114.288,NoButton,Move,615,228
114.303,114.303,NoButton,Move,587,232
114.32,114.32,NoButton,Move,566,234
114.337,114.337,NoButton,Move,545,235
114.353,114.353,NoButton,Move,531,235
114.371,114.371,NoButton,Move,520,235
114.388,114.388,NoButton,Move,511,235
114.405,114.405,NoButton,Move,503,235
114.421,114.421,NoButton,Move,499,235
114.438,114.438,NoButton,Move,497,235
114.454,114.454,NoButton,Move,495,235
114.47,114.47,NoButton,Move,492,236
114.487,114.487,NoButton,Move,489,236
114.504,114.504,NoButton,Move,483,238
114.52,114.52,NoButton,Move,477,240
114.537,114.537,NoButton,Move,469,242
114.554,114.554,NoButton,Move,460,245
114.571,114.571,NoButton,Move,448,247
114.587,114.587,NoButton,Move,436,250
114.604,114.604,NoButton,Move,425,253
114.62,114.62,NoButton,Move,415,255
114.637,114.637,NoButton,Move,407,255
114.654,114.654,NoButton,Move,404,255
114.671,114.671,NoButton,Move,404,255
114.688,114.688,NoButton,Move,404,255
114.704,114.704,NoButton,Move,403,254
114.721,114.721,NoButton,Move,402,254
114.737,114.737,NoButton,Move,401,253
114.754,114.754,NoButton,Move,399,251
114.77,114.77,NoButton,Move,398,251
114.788,114.788,NoButton,Move,397,250
114.804,114.804,NoButton,Move,394,250
114.82,114.82,NoButton,Move,391,248
114.837,114.837,NoButton,Move,389,247
114.854,114.854,NoButton,Move,388,247
114.871,114.871,NoButton,Move,388,247
114.888,114.888,NoButton,Move,388,247
114.904,114.904,NoButton,Move,388,246
114.92,114.92,NoButton,Move,388,245
114.937,114.937,NoButton,Move,388,244
114.954,114.954,NoButton,Move,388,243
114.97,114.97,NoButton,Move,389,242
114.987,114.987,NoButton,Move,392,240
115.004,115.004,NoButton,Move,394,239
115.021,115.021,NoButton,Move,396,238
115.037,115.037,NoButton,Move,398,237
115.054,115.054,NoButton,Move,399,236
115.071,115.071,NoButton,Move,400,235
115.087,115.087,NoButton,Move,402,234
115.104,115.104,NoButton,Move,404,233
115.121,115.121,NoButton,Move,405,233
115.137,115.137,NoButton,Move,406,233
115.154,115.154,NoButton,Move,408,232
115.171,115.171,NoButton,Move,409,232
115.187,115.187,NoButton,Move,413,231
115.204,115.204,NoButton,Move,416,230
115.221,115.221,NoButton,Move,421,229
115.237,115.237,NoButton,Move,426,228
115.254,115.254,NoButton,Move,432,227
115.27,115.27,NoButton,Move,438,227
115.287,115.287,NoButton,Move,446,227
115.304,115.304,NoButton,Move,452,227
115.321,115.321,NoButton,Move,458,225
115.337,115.337,NoButton,Move,465,225
115.353,115.353,NoButton,Move,470,224
115.37,115.37,NoButton,Move,474,223
115.387,115.387,NoButton,Move,480,222
115.403,115.403,NoButton,Move,484,222
115.42,115.42,NoButton,Move,489,222
115.437,115.437,NoButton,Move,494,222
115.453,115.453,NoButton,Move,498,222
115.47,115.47,NoButton,Move,502,222
115.487,115.487,NoButton,Move,505,222
115.504,115.504,NoButton,Move,508,222
115.52,115.52,NoButton,Move,510,222
115.537,115.537,NoButton,Move,512,222
115.554,115.554,NoButton,Move,513,223
115.57,115.57,NoButton,Move,515,223
115.587,115.587,NoButton,Move,517,224
115.604,115.604,NoButton,Move,521,224
115.62,115.62,NoButton,Move,523,225
115.637,115.637,NoButton,Move,525,225
115.653,115.653,NoButton,Move,528,226
115.67,115.67,NoButton,Move,531,226
115.688,115.688,NoButton,Move,534,226
115.704,115.704,NoButton,Move,537,227
115.72,115.72,NoButton,Move,541,227
115.737,115.737,NoButton,Move,544,228
115.754,115.754,NoButton,Move,547,228
115.77,115.77,NoButton,Move,549,228
115.788,115.788,NoButton,Move,552,228
115.804,115.804,NoButton,Move,554,228
115.821,115.821,NoButton,Move,556,228
115.837,115.837,NoButton,Move,559,228
115.854,115.854,NoButton,Move,562,228
115.871,115.871,NoButton,Move,563,228
115.887,115.887,NoButton,Move,564,228
115.904,115.904,NoButton,Move,566,228
115.921,115.921,NoButton,Move,569,228
115.937,115.937,NoButton,Move,572,227
115.954,115.954,NoButton,Move,574,227
115.97,115.97,NoButton,Move,577,226
115.987,115.987,NoButton,Move,580,225
116.004,116.004,NoButton,Move,583,224
116.02,116.02,NoButton,Move,586,224
116.037,116.037,NoButton,Move,591,222
116.054,116.054,NoButton,Move,596,221
116.07,116.07,NoButton,Move,601,220
116.087,116.087,NoButton,Move,605,220
116.104,116.104,NoButton,Move,610,220
116.12,116.12,NoButton,Move,613,220
116.138,116.138,NoButton,Move,617,219
116.154,116.154,NoButton,Move,620,219
116.17,116.17,NoButton,Move,622,219
116.187,116.187,NoButton,Move,625,219
116.203,116.203,NoButton,Move,626,218
116.221,116.221,NoButton,Move,628,218
116.237,116.237,NoButton,Move,629,218
116.254,116.254,NoButton,Move,631,218
116.27,116.27,NoButton,Move,633,218
116.287,116.287,NoButton,Move,635,218
116.304,116.304,NoButton,Move,636,218
116.32,116.32,NoButton,Move,637,218
116.337,116.337,NoButton,Move,638,218
116.354,116.354,NoButton,Move,640,217
116.37,116.37,NoButton,Move,642,217
116.387,116.387,NoButton,Move,646,217
116.403,116.403,NoButton,Move,649,217
116.42,116.42,NoButton,Move,652,216
116.437,116.437,NoButton,Move,655,215
116.454,116.454,NoButton,Move,658,215
116.47,116.47,NoButton,Move,661,214
116.487,116.487,NoButton,Move,665,214
116.503,116.503,NoButton,Move,670,214
116.521,116.521,NoButton,Move,674,213
116.537,116.537,NoButton,Move,678,213
116.554,116.554,NoButton,Move,680,213
116.571,116.571,NoButton,Move,684,212
116.587,116.587,NoButton,Move,687,212
116.604,116.604,NoButton,Move,690,211
116.62,116.62,NoButton,Move,693,211
116.637,116.637,NoButton,Move,697,211
116.654,116.654,NoButton,Move,699,211
116.671,116.671,NoButton,Move,701,211
116.687,116.687,NoButton,Move,704,211
116.704,116.704,NoButton,Move,706,211
116.72,116.72,NoButton,Move,709,211
116.737,116.737,NoButton,Move,712,210
116.753,116.753,NoButton,Move,716,210
116.771,116.771,NoButton,Move,718,210
116.787,116.787,NoButton,Move,721,210
116.804,116.804,NoButton,Move,725,210
116.82,116.82,NoButton,Move,728,210
116.837,116.837,NoButton,Move,732,210
116.854,116.854,NoButton,Move,736,210
116.871,116.871,NoButton,Move,739,210
116.888,116.888,NoButton,Move,742,209
116.904,116.904,NoButton,Move,745,209
116.92,116.92,NoButton,Move,749,209
116.937,116.937,NoButton,Move,752,209
116.954,116.954,NoButton,Move,754,209
116.971,116.971,NoButton,Move,756,209
116.987,116.987,NoButton,Move,757,208
117.003,117.003,NoButton,Move,760,208
117.02,117.02,NoButton,Move,762,208
117.037,117.037,NoButton,Move,764,208
117.054,117.054,NoButton,Move,766,208
117.071,117.071,NoButton,Move,769,208
117.087,117.087,NoButton,Move,771,208
117.103,117.103,NoButton,Move,774,208
117.12,117.12,NoButton,Move,777,208
117.137,117.137,NoButton,Move,780,207
117.154,117.154,NoButton,Move,783,207
117.17,117.17,NoButton,Move,785,207
117.187,117.187,NoButton,Move,789,207
117.203,117.203,NoButton,Move,792,207
117.22,117.22,NoButton,Move,795,207
117.237,117.237,NoButton,Move,798,207
117.254,117.254,NoButton,Move,802,207
117.27,117.27,NoButton,Move,805,207
117.287,117.287,NoButton,Move,809,207
117.304,117.304,NoButton,Move,811,207
117.321,117.321,NoButton,Move,813,207
117.337,117.337,NoButton,Move,814,207
117.354,117.354,NoButton,Move,817,207
117.37,117.37,NoButton,Move,819,207
117.387,117.387,NoButton,Move,821,207
117.404,117.404,NoButton,Move,822,207
117.42,117.42,NoButton,Move,822,207
117.437,117.437,NoButton,Move,823,207
117.453,117.453,NoButton,Move,824,207
117.47,117.47,NoButton,Move,825,207
117.487,117.487,NoButton,Move,826,207
117.503,117.503,NoButton,Move,827,207
117.521,117.521,NoButton,Move,827,207
117.538,117.538,NoButton,Move,828,207
117.553,117.553,NoButton,Move,830,207
117.57,117.57,NoButton,Move,832,207
117.587,117.587,NoButton,Move,835,207
117.604,117.604,NoButton,Move,837,207
117.621,117.621,NoButton,Move,840,207
117.638,117.638,NoButton,Move,842,207
117.653,117.653,NoButton,Move,845,207
117.67,117.67,NoButton,Move,849,207
117.688,117.688,NoButton,Move,852,207
117.704,117.704,NoButton,Move,854,206
117.72,117.72,NoButton,Move,856,206
117.737,117.737,NoButton,Move,859,206
117.754,117.754,NoButton,Move,861,206
117.771,117.771,NoButton,Move,863,206
117.787,117.787,NoButton,Move,865,206
117.803,117.803,NoButton,Move,867,205
117.82,117.82,NoButton,Move,869,205
117.837,117.837,NoButton,Move,871,205
117.853,117.853,NoButton,Move,872,205
117.871,117.871,NoButton,Move,874,204
117.888,117.888,NoButton,Move,876,204
117.904,117.904,NoButton,Move,878,204
117.92,117.92,NoButton,Move,880,203
117.937,117.937,NoButton,Move,882,203
117.953,117.953,NoButton,Move,883,203
117.971,117.971,NoButton,Move,885,203
117.987,117.987,NoButton,Move,887,203
118.004,118.004,NoButton,Move,889,203
118.02,118.02,NoButton,Move,890,203
118.037,118.037,NoButton,Move,893,203
118.053,118.053,NoButton,Move,895,203
118.071,118.071,NoButton,Move,897,203
118.087,118.087,NoButton,Move,899,203
118.103,118.103,NoButton,Move,900,203
118.12,118.12,NoButton,Move,902,203
118.137,118.137,NoButton,Move,905,203
118.153,118.153,NoButton,Move,908,203
118.17,118.17,NoButton,Move,910,203
118.187,118.187,NoButton,Move,912,202
118.203,118.203,NoButton,Move,914,202
118.22,118.22,NoButton,Move,915,202
118.237,118.237,NoButton,Move,917,202
118.254,118.254,NoButton,Move,919,202
118.27,118.27,NoButton,Move,921,202
118.287,118.287,NoButton,Move,923,202
118.304,118.304,NoButton,Move,924,202
118.32,118.32,NoButton,Move,925,202
118.338,118.338,NoButton,Move,926,201
118.354,118.354,NoButton,Move,927,201
118.37,118.37,NoButton,Move,928,201
118.387,118.387,NoButton,Move,930,200
118.404,118.404,NoButton,Move,931,200
118.42,118.42,NoButton,Move,933,200
118.437,118.437,NoButton,Move,934,200
118.453,118.453,NoButton,Move,936,199
118.47,118.47,NoButton,Move,937,199
118.487,118.487,NoButton,Move,940,199
118.503,118.503,NoButton,Move,942,198
118.521,118.521,NoButton,Move,944,198
118.537,118.537,NoButton,Move,946,198
118.554,118.554,NoButton,Move,948,197
118.57,118.57,NoButton,Move,949,197
118.587,118.587,NoButton,Move,952,197
118.603,118.603,NoButton,Move,955,196
118.621,118.621,NoButton,Move,958,196
118.638,118.638,NoButton,Move,961,195
118.653,118.653,NoButton,Move,963,195
118.67,118.67,NoButton,Move,965,194
118.687,118.687,NoButton,Move,969,194
118.703,118.703,NoButton,Move,972,193
118.72,118.72,NoButton,Move,976,193
118.737,118.737,NoButton,Move,978,193
118.754,118.754,NoButton,Move,981,193
118.77,118.77,NoButton,Move,984,193
118.787,118.787,NoButton,Move,987,192
118.803,118.803,NoButton,Move,990,192
118.82,118.82,NoButton,Move,992,192
118.837,118.837,NoButton,Move,995,192
118.854,118.854,NoButton,Move,997,192
118.871,118.871,NoButton,Move,999,192
118.888,118.888,NoButton,Move,1000,192
118.903,118.903,NoButton,Move,1001,192
118.92,118.92,NoButton,Move,1003,191
118.937,118.937,NoButton,Move,1004,191
118.953,118.953,NoButton,Move,1004,191
118.97,118.97,NoButton,Move,1005,191
118.988,118.988,NoButton,Move,1006,190
119.004,119.004,NoButton,Move,1007,190
119.021,119.021,NoButton,Move,1007,190
119.037,119.037,NoButton,Move,1008,190
119.054,119.054,NoButton,Move,1009,190
119.07,119.07,NoButton,Move,1010,190
119.087,119.087,NoButton,Move,1011,190
119.103,119.103,NoButton,Move,1012,190
119.157,119.157,NoButton,Move,1012,190
119.165,119.165,NoButton,Move,1012,190
119.17,119.17,NoButton,Move,1012,190
119.188,119.188,NoButton,Move,1010,192
119.204,119.204,NoButton,Move,1005,196
119.22,119.22,NoButton,Move,993,203
119.237,119.237,NoButton,Move,967,213
119.253,119.253,NoButton,Move,935,222
119.271,119.271,NoButton,Move,893,233
119.287,119.287,NoButton,Move,849,245
119.304,119.304,NoButton,Move,810,256
119.32,119.32,NoButton,Move,780,264
119.337,119.337,NoButton,Move,754,271
119.353,119.353,NoButton,Move,738,276
119.371,119.371,NoButton,Move,721,281
119.387,119.387,NoButton,Move,696,287
119.403,119.403,NoButton,Move,671,291
119.42,119.42,NoButton,Move,643,293
119.438,119.438,NoButton,Move,613,296
119.454,119.454,NoButton,Move,580,298
119.47,119.47,NoButton,Move,545,299
119.487,119.487,NoButton,Move,501,302
119.503,119.503,NoButton,Move,466,304
119.521,119.521,NoButton,Move,427,307
119.538,119.538,NoButton,Move,389,309
119.554,119.554,NoButton,Move,350,311
119.57,119.57,NoButton,Move,315,311
119.587,119.587,NoButton,Move,268,312
119.603,119.603,NoButton,Move,234,313
119.621,119.621,NoButton,Move,197,315
119.637,119.637,NoButton,Move,165,318
119.654,119.654,NoButton,Move,132,323
119.67,119.67,NoButton,Move,96,330
119.687,119.687,NoButton,Move,46,341
119.704,119.704,NoButton,Move,1,350
119.722,119.722,NoButton,Move,0,359
119.737,119.737,NoButton,Move,0,365
119.753,119.753,NoButton,Move,0,371
119.77,119.77,NoButton,Move,0,375
119.787,119.787,NoButton,Move,0,376
119.803,119.803,NoButton,Move,0,376
119.82,119.82,NoButton,Move,0,376
119.838,119.838,NoButton,Move,0,375
119.854,119.854,NoButton,Move,0,374
119.87,119.87,NoButton,Move,0,373
119.887,119.887,NoButton,Move,1,371
119.904,119.904,NoButton,Move,5,367
119.92,119.92,NoButton,Move,11,363
119.938,119.938,NoButton,Move,22,356
119.954,119.954,NoButton,Move,37,349
119.97,119.97,NoButton,Move,59,338
119.987,119.987,NoButton,Move,80,329
120.003,120.003,NoButton,Move,100,320
120.02,120.02,NoButton,Move,118,312
120.037,120.037,NoButton,Move,139,304
120.054,120.054,NoButton,Move,151,300
120.071,120.071,NoButton,Move,169,295
120.087,120.087,NoButton,Move,182,291
120.104,120.104,NoButton,Move,193,288
120.12,120.12,NoButton,Move,201,286
120.137,120.137,NoButton,Move,208,284
120.153,120.153,NoButton,Move,216,283
120.17,120.17,NoButton,Move,223,283
120.187,120.187,NoButton,Move,232,283
120.204,120.204,NoButton,Move,243,283
120.22,120.22,NoButton,Move,256,283
120.237,120.237,NoButton,Move,269,283
120.253,120.253,NoButton,Move,287,283
120.271,120.271,NoButton,Move,303,283
120.287,120.287,NoButton,Move,321,281
120.304,120.304,NoButton,Move,339,278
120.32,120.32,NoButton,Move,357,275
120.337,120.337,NoButton,Move,378,270
120.353,120.353,NoButton,Move,393,267
120.371,120.371,NoButton,Move,407,263
120.387,120.387,NoButton,Move,420,260
120.403,120.403,NoButton,Move,430,258
120.42,120.42,NoButton,Move,440,255
120.437,120.437,NoButton,Move,453,252
120.453,120.453,NoButton,Move,461,250
120.471,120.471,NoButton,Move,467,249
120.487,120.487,NoButton,Move,472,248
120.503,120.503,NoButton,Move,476,247
120.52,120.52,NoButton,Move,478,247
120.537,120.537,NoButton,Move,480,246
120.554,120.554,NoButton,Move,483,246
120.57,120.57,NoButton,Move,485,246
120.587,120.587,NoButton,Move,487,245
120.604,120.604,NoButton,Move,488,245
120.62,120.62,NoButton,Move,489,245
120.638,120.638,NoButton,Move,491,245
120.654,120.654,NoButton,Move,493,245
120.671,120.671,NoButton,Move,496,245
120.687,120.687,NoButton,Move,499,245
120.704,120.704,NoButton,Move,502,245
120.72,120.72,NoButton,Move,504,244
120.737,120.737,NoButton,Move,506,244
120.753,120.753,NoButton,Move,509,244
120.77,120.77,NoButton,Move,512,244
120.787,120.787,NoButton,Move,517,244
120.803,120.803,NoButton,Move,520,243
120.82,120.82,NoButton,Move,522,243
120.837,120.837,NoButton,Move,524,243
120.854,120.854,NoButton,Move,525,243
120.87,120.87,NoButton,Move,526,243
120.887,120.887,NoButton,Move,527,243
120.904,120.904,NoButton,Move,529,243
120.921,120.921,NoButton,Move,531,243
120.937,120.937,NoButton,Move,534,243
120.954,120.954,NoButton,Move,536,243
120.97,120.97,NoButton,Move,538,243
120.987,120.987,NoButton,Move,540,243
121.003,121.003,NoButton,Move,543,243
121.02,121.02,NoButton,Move,547,243
121.037,121.037,NoButton,Move,551,243
121.054,121.054,NoButton,Move,555,243
121.07,121.07,NoButton,Move,560,243
121.087,121.087,NoButton,Move,565,244
121.103,121.103,NoButton,Move,571,244
121.121,121.121,NoButton,Move,578,244
121.137,121.137,NoButton,Move,583,244
121.153,121.153,NoButton,Move,589,244
121.17,121.17,NoButton,Move,594,245
121.187,121.187,NoButton,Move,600,245
121.204,121.204,NoButton,Move,606,245
121.22,121.22,NoButton,Move,612,245
121.237,121.237,NoButton,Move,618,245
121.253,121.253,NoButton,Move,623,245
121.271,121.271,NoButton,Move,626,245
121.287,121.287,NoButton,Move,629,245
121.304,121.304,NoButton,Move,632,246
121.32,121.32,NoButton,Move,634,246
121.337,121.337,NoButton,Move,638,246
121.353,121.353,NoButton,Move,640,246
121.371,121.371,NoButton,Move,642,246
121.387,121.387,NoButton,Move,644,246
121.404,121.404,NoButton,Move,646,247
121.42,121.42,NoButton,Move,647,247
121.437,121.437,NoButton,Move,650,247
121.454,121.454,NoButton,Move,652,247
121.471,121.471,NoButton,Move,654,247
121.487,121.487,NoButton,Move,656,247
121.504,121.504,NoButton,Move,658,247
121.52,121.52,NoButton,Move,660,247
121.537,121.537,NoButton,Move,662,247
121.553,121.553,NoButton,Move,665,247
121.571,121.571,NoButton,Move,668,247
121.588,121.588,NoButton,Move,670,247
121.604,121.604,NoButton,Move,672,247
121.62,121.62,NoButton,Move,675,247
121.637,121.637,NoButton,Move,678,247
121.653,121.653,NoButton,Move,681,247
121.671,121.671,NoButton,Move,684,246
121.687,121.687,NoButton,Move,689,246
121.703,121.703,NoButton,Move,694,246
121.721,121.721,NoButton,Move,699,246
121.736,121.736,NoButton,Move,703,246
121.753,121.753,NoButton,Move,707,246
121.77,121.77,NoButton,Move,712,246
121.787,121.787,NoButton,Move,718,246
121.803,121.803,NoButton,Move,724,246
121.821,121.821,NoButton,Move,729,245
121.837,121.837,NoButton,Move,734,245
121.853,121.853,NoButton,Move,738,245
121.87,121.87,NoButton,Move,742,245
121.887,121.887,NoButton,Move,746,245
121.904,121.904,NoButton,Move,751,245
121.921,121.921,NoButton,Move,755,245
121.937,121.937,NoButton,Move,758,245
121.954,121.954,NoButton,Move,761,245
121.97,121.97,NoButton,Move,763,245
121.987,121.987,NoButton,Move,766,244
122.004,122.004,NoButton,Move,769,243
122.021,122.021,NoButton,Move,771,243
122.038,122.038,NoButton,Move,773,243
122.054,122.054,NoButton,Move,774,242
122.07,122.07,NoButton,Move,775,242
122.087,122.087,NoButton,Move,776,242
122.103,122.103,NoButton,Move,778,241
122.121,122.121,NoButton,Move,781,241
122.137,122.137,NoButton,Move,783,240
122.154,122.154,NoButton,Move,785,240
122.17,122.17,NoButton,Move,786,240
122.187,122.187,NoButton,Move,788,240
122.204,122.204,NoButton,Move,789,240
122.221,122.221,NoButton,Move,790,240
122.237,122.237,NoButton,Move,791,240
122.254,122.254,NoButton,Move,792,239
122.271,122.271,NoButton,Move,792,239
122.288,122.288,NoButton,Move,793,239
122.304,122.304,NoButton,Move,794,239
122.32,122.32,NoButton,Move,795,239
122.338,122.338,NoButton,Move,795,239
122.387,122.387,NoButton,Move,796,239
122.393,122.393,NoButton,Move,796,239
122.404,122.404,NoButton,Move,796,239
122.406,122.406,Left,Pressed,796,239
122.407,122.407,NoButton,Drag,797,239
122.409,122.409,NoButton,Drag,797,239
122.413,122.413,NoButton,Drag,797,239
122.421,122.421,NoButton,Drag,797,240
122.425,122.425,NoButton,Drag,798,240
122.429,122.429,NoButton,Drag,798,240
122.441,122.441,NoButton,Drag,798,240
122.494,122.494,NoButton,Drag,798,240
122.501,122.501,NoButton,Drag,798,240
122.505,122.505,Left,Released,798,240
122.506,122.506,NoButton,Move,798,239
122.52,122.52,NoButton,Move,798,239
122.537,122.537,NoButton,Move,798,238
122.557,122.557,NoButton,Move,798,238
122.571,122.571,NoButton,Move,797,238
122.588,122.588,NoButton,Move,792,240
122.604,122.604,NoButton,Move,785,245
122.62,122.62,NoButton,Move,776,252
122.637,122.637,NoButton,Move,760,266
122.653,122.653,NoButton,Move,744,281
122.671,122.671,NoButton,Move,722,300
122.687,122.687,NoButton,Move,696,321
122.704,122.704,NoButton,Move,657,348
122.721,122.721,NoButton,Move,588,385
122.737,122.737,NoButton,Move,534,412
122.753,122.753,NoButton,Move,433,463
122.77,122.77,NoButton,Move,349,504
122.787,122.787,NoButton,Move,231,548
122.804,122.804,NoButton,Move,78,598
122.82,122.82,NoButton,Move,0,648
122.837,122.837,NoButton,Move,0,713
122.854,122.854,NoButton,Move,0,760
122.87,122.87,NoButton,Move,0,807
122.887,122.887,NoButton,Move,0,858
122.904,122.904,NoButton,Move,0,899
122.921,122.921,NoButton,Move,0,899
122.937,122.937,NoButton,Move,0,899
122.979,122.979,NoButton,Move,0,899
122.983,122.983,NoButton,Move,0,899
122.987,122.987,NoButton,Move,0,899
123.003,123.003,NoButton,Move,0,893
123.021,123.021,NoButton,Move,0,884
123.037,123.037,NoButton,Move,0,876
123.054,123.054,NoButton,Move,0,870
123.07,123.07,NoButton,Move,0,864
123.087,123.087,NoButton,Move,3,852
123.104,123.104,NoButton,Move,10,842
123.12,123.12,NoButton,Move,17,832
123.137,123.137,NoButton,Move,25,823
123.154,123.154,NoButton,Move,32,813
123.17,123.17,NoButton,Move,37,806
123.187,123.187,NoButton,Move,41,801
123.204,123.204,NoButton,Move,46,794
123.221,123.221,NoButton,Move,48,790
123.237,123.237,NoButton,Move,51,786
123.254,123.254,NoButton,Move,52,784
123.27,123.27,NoButton,Move,53,781
123.287,123.287,NoButton,Move,54,779
123.303,123.303,NoButton,Move,54,778
123.321,123.321,NoButton,Move,54,777
123.337,123.337,NoButton,Move,55,777
123.354,123.354,NoButton,Move,55,776
123.37,123.37,NoButton,Move,55,775
123.387,123.387,NoButton,Move,55,774
123.404,123.404,NoButton,Move,55,773
123.421,123.421,NoButton,Move,56,770
123.437,123.437,NoButton,Move,57,765
123.453,123.453,NoButton,Move,59,759
123.471,123.471,NoButton,Move,61,751
123.488,123.488,NoButton,Move,66,740
123.503,123.503,NoButton,Move,73,725
123.52,123.52,NoButton,Move,82,707
123.537,123.537,NoButton,Move,95,682
123.554,123.554,NoButton,Move,111,650
123.571,123.571,NoButton,Move,123,622
123.588,123.588,NoButton,Move,134,595
123.604,123.604,NoButton,Move,142,569
123.62,123.62,NoButton,Move,150,544
123.637,123.637,NoButton,Move,159,518
123.654,123.654,NoButton,Move,165,500
123.671,123.671,NoButton,Move,169,484
123.688,123.688,NoButton,Move,174,471
123.703,123.703,NoButton,Move,179,460
123.72,123.72,NoButton,Move,182,454
123.737,123.737,NoButton,Move,183,451
123.754,123.754,NoButton,Move,182,450
123.771,123.771,NoButton,Move,175,455
123.787,123.787,NoButton,Move,175,456
126.415,126.415,NoButton,Move,172,457
126.417,126.417,NoButton,Move,167,460
126.42,126.42,NoButton,Move,161,463
126.437,126.437,NoButton,Move,137,479
126.454,126.454,NoButton,Move,124,494
126.47,126.47,NoButton,Move,121,505
126.487,126.487,NoButton,Move,123,515
126.504,126.504,NoButton,Move,128,532
126.52,126.52,NoButton,Move,130,549
126.537,126.537,NoButton,Move,129,567
126.554,126.554,NoButton,Move,117,608
126.57,126.57,NoButton,Move,95,648
126.587,126.587,NoButton,Move,56,702
126.604,126.604,NoButton,Move,21,753
126.621,126.621,NoButton,Move,0,792
126.638,126.638,NoButton,Move,0,822
126.654,126.654,NoButton,Move,0,845
126.671,126.671,NoButton,Move,0,860
126.687,126.687,NoButton,Move,0,869
126.704,126.704,NoButton,Move,0,870
126.721,126.721,NoButton,Move,0,871
126.737,126.737,NoButton,Move,5,868
126.754,126.754,NoButton,Move,21,861
126.771,126.771,NoButton,Move,56,850
126.788,126.788,NoButton,Move,114,832
126.803,126.803,NoButton,Move,168,819
126.82,126.82,NoButton,Move,228,807
126.837,126.837,NoButton,Move,299,798
126.854,126.854,NoButton,Move,354,791
126.87,126.87,NoButton,Move,402,783
126.887,126.887,NoButton,Move,440,777
126.904,126.904,NoButton,Move,464,773
126.92,126.92,NoButton,Move,479,770
126.936,126.936,NoButton,Move,491,767
126.954,126.954,NoButton,Move,498,766
126.97,126.97,NoButton,Move,500,765
126.987,126.987,NoButton,Move,501,765
127.004,127.004,NoButton,Move,501,765
127.021,127.021,NoButton,Move,502,764
127.037,127.037,NoButton,Move,503,764
127.054,127.054,NoButton,Move,507,763
127.07,127.07,NoButton,Move,512,762
127.087,127.087,NoButton,Move,519,761
127.104,127.104,NoButton,Move,529,761
127.12,127.12,NoButton,Move,546,761
127.137,127.137,NoButton,Move,569,761
127.154,127.154,NoButton,Move,599,761
127.171,127.171,NoButton,Move,624,761
127.188,127.188,NoButton,Move,649,759
127.204,127.204,NoButton,Move,669,756
127.221,127.221,NoButton,Move,684,753
127.237,127.237,NoButton,Move,693,751
127.253,127.253,NoButton,Move,695,750
127.289,127.289,NoButton,Move,695,750
127.309,127.309,NoButton,Move,696,750
127.325,127.325,NoButton,Move,696,750
127.345,127.345,NoButton,Move,696,750
127.353,127.353,NoButton,Move,696,750
127.37,127.37,NoButton,Move,697,750
127.387,127.387,NoButton,Move,697,750
127.403,127.403,NoButton,Move,697,750
127.421,127.421,NoButton,Move,697,751
127.438,127.438,NoButton,Move,697,751
127.454,127.454,NoButton,Move,697,751
127.47,127.47,NoButton,Move,697,752
127.487,127.487,NoButton,Move,697,752
127.503,127.503,NoButton,Move,697,752
127.531,127.531,NoButton,Move,697,753
127.583,127.583,NoButton,Move,697,753
127.599,127.599,NoButton,Move,697,753
127.607,127.607,NoButton,Move,697,753
127.62,127.62,NoButton,Move,698,754
127.637,127.637,NoButton,Move,698,754
127.653,127.653,NoButton,Move,698,754
127.67,127.67,NoButton,Move,698,755
127.687,127.687,NoButton,Move,699,755
127.704,127.704,NoButton,Move,699,756
127.72,127.72,NoButton,Move,699,756
127.738,127.738,NoButton,Move,700,756
127.754,127.754,NoButton,Move,700,756
127.776,127.776,NoButton,Move,700,757
127.791,127.791,NoButton,Move,700,757
127.819,127.819,NoButton,Move,700,757
127.839,127.839,NoButton,Move,700,757
127.903,127.903,NoButton,Move,700,757
127.943,127.943,NoButton,Move,700,758
127.947,127.947,NoButton,Move,701,758
128.037,128.037,NoButton,Move,701,758
128.289,128.289,NoButton,Move,700,758
128.305,128.305,NoButton,Move,700,758
128.321,128.321,NoButton,Move,700,758
128.337,128.337,NoButton,Move,700,758
128.354,128.354,NoButton,Move,699,758
128.373,128.373,NoButton,Move,699,758
128.387,128.387,NoButton,Move,699,757
128.403,128.403,NoButton,Move,698,757
128.42,128.42,NoButton,Move,698,757
128.437,128.437,NoButton,Move,698,756
128.454,128.454,NoButton,Move,698,756
128.471,128.471,NoButton,Move,698,755
128.487,128.487,NoButton,Move,698,754
128.503,128.503,NoButton,Move,698,753
128.521,128.521,NoButton,Move,698,753
128.537,128.537,NoButton,Move,698,752
128.554,128.554,NoButton,Move,698,752
128.57,128.57,NoButton,Move,698,751
128.587,128.587,NoButton,Move,698,750
128.604,128.604,NoButton,Move,697,749
128.621,128.621,NoButton,Move,697,749
128.639,128.639,NoButton,Move,697,749
128.654,128.654,NoButton,Move,697,748
128.67,128.67,NoButton,Move,697,748
128.687,128.687,NoButton,Move,697,748
128.783,128.783,NoButton,Move,697,748
128.827,128.827,NoButton,Move,696,748
128.875,128.875,NoButton,Move,696,748
128.883,128.883,NoButton,Move,696,748
128.887,128.887,NoButton,Move,696,748
128.904,128.904,NoButton,Move,695,748
128.92,128.92,NoButton,Move,695,749
128.937,128.937,NoButton,Move,695,749
128.954,128.954,NoButton,Move,694,749
128.971,128.971,NoButton,Move,693,750
128.987,128.987,NoButton,Move,693,750
129.003,129.003,NoButton,Move,692,751
129.021,129.021,NoButton,Move,692,751
129.037,129.037,NoButton,Move,691,751
129.054,129.054,NoButton,Move,691,752
129.07,129.07,NoButton,Move,691,752
129.087,129.087,NoButton,Move,690,752
129.103,129.103,NoButton,Move,690,753
129.205,129.205,NoButton,Move,690,753
129.213,129.213,NoButton,Move,690,753
129.22,129.22,NoButton,Move,689,753
129.237,129.237,NoButton,Move,688,754
129.254,129.254,NoButton,Move,684,757
129.27,129.27,NoButton,Move,678,761
129.287,129.287,NoButton,Move,669,766
129.303,129.303,NoButton,Move,656,771
129.32,129.32,NoButton,Move,638,776
129.337,129.337,NoButton,Move,616,783
129.353,129.353,NoButton,Move,600,788
129.37,129.37,NoButton,Move,591,793
129.387,129.387,NoButton,Move,589,794
129.404,129.404,NoButton,Move,588,795
129.42,129.42,NoButton,Move,587,796
129.436,129.436,NoButton,Move,587,798
129.454,129.454,NoButton,Move,592,805
129.471,129.471,NoButton,Move,600,811
129.487,129.487,NoButton,Move,613,818
129.504,129.504,NoButton,Move,627,826
129.52,129.52,NoButton,Move,637,830
129.537,129.537,NoButton,Move,641,832
129.553,129.553,NoButton,Move,642,832
129.57,129.57,NoButton,Move,643,831
129.587,129.587,NoButton,Move,644,830
129.604,129.604,NoButton,Move,648,824
129.62,129.62,NoButton,Move,655,812
129.637,129.637,NoButton,Move,661,792
129.653,129.653,NoButton,Move,667,762
129.67,129.67,NoButton,Move,669,738
129.687,129.687,NoButton,Move,673,718
129.704,129.704,NoButton,Move,679,701
129.72,129.72,NoButton,Move,689,684
129.737,129.737,NoButton,Move,697,673
129.754,129.754,NoButton,Move,704,665
129.771,129.771,NoButton,Move,707,662
129.788,129.788,NoButton,Move,708,661
129.803,129.803,NoButton,Move,708,661
129.947,129.947,NoButton,Move,708,660
129.967,129.967,NoButton,Move,708,660
129.971,129.971,NoButton,Move,708,661
129.987,129.987,NoButton,Move,707,661
130.004,130.004,NoButton,Move,706,662
130.021,130.021,NoButton,Move,705,664
130.037,130.037,NoButton,Move,702,666
130.054,130.054,NoButton,Move,697,672
130.07,130.07,NoButton,Move,683,682
130.087,130.087,NoButton,Move,652,697
130.103,130.103,NoButton,Move,589,719
130.12,130.12,NoButton,Move,525,739
130.137,130.137,NoButton,Move,456,759
130.153,130.153,NoButton,Move,374,781
130.171,130.171,NoButton,Move,271,806
130.186,130.186,NoButton,Move,131,828
130.203,130.203,NoButton,Move,0,844
130.22,130.22,NoButton,Move,0,855
130.237,130.237,NoButton,Move,0,865
130.254,130.254,NoButton,Move,0,868
130.27,130.27,NoButton,Move,0,868
130.287,130.287,NoButton,Move,1,869
130.304,130.304,NoButton,Move,10,871
130.32,130.32,NoButton,Move,25,875
130.336,130.336,NoButton,Move,49,880
130.353,130.353,NoButton,Move,90,887
130.37,130.37,NoButton,Move,126,891
130.387,130.387,NoButton,Move,152,895
130.404,130.404,NoButton,Move,168,899
130.421,130.421,NoButton,Move,174,899
130.438,130.438,NoButton,Move,175,899
130.454,130.454,NoButton,Move,176,899
130.47,130.47,NoButton,Move,176,899
130.487,130.487,NoButton,Move,175,899
130.504,130.504,NoButton,Move,173,899
130.52,130.52,NoButton,Move,168,899
130.537,130.537,NoButton,Move,163,899
130.554,130.554,NoButton,Move,154,899
130.571,130.571,NoButton,Move,147,899
130.587,130.587,NoButton,Move,140,899
130.604,130.604,NoButton,Move,135,899
130.62,130.62,NoButton,Move,130,899
130.637,130.637,NoButton,Move,126,899
130.654,130.654,NoButton,Move,123,899
130.671,130.671,NoButton,Move,120,899
130.687,130.687,NoButton,Move,119,899
130.704,130.704,NoButton,Move,120,899
130.721,130.721,NoButton,Move,122,899
130.737,130.737,NoButton,Move,127,899
130.754,130.754,NoButton,Move,134,899
130.771,130.771,NoButton,Move,143,899
130.787,130.787,NoButton,Move,153,899
130.803,130.803,NoButton,Move,166,899
130.821,130.821,NoButton,Move,182,899
130.837,130.837,NoButton,Move,201,899
130.854,130.854,NoButton,Move,225,899
130.871,130.871,NoButton,Move,246,899
130.888,130.888,NoButton,Move,264,899
130.904,130.904,NoButton,Move,268,899
131.382,131.382,NoButton,Move,436,822
131.383,131.383,NoButton,Move,436,822
131.387,131.387,NoButton,Move,449,811
131.403,131.403,NoButton,Move,478,788
131.42,131.42,NoButton,Move,505,767
131.437,131.437,NoButton,Move,531,747
131.453,131.453,NoButton,Move,545,738
131.471,131.471,NoButton,Move,552,733
131.487,131.487,NoButton,Move,554,731
131.53,131.53,NoButton,Move,554,731
131.561,131.561,NoButton,Move,554,731
131.577,131.577,NoButton,Move,554,731
131.601,131.601,NoButton,Move,554,730
131.621,131.621,NoButton,Move,554,730
131.753,131.753,NoButton,Move,553,730
131.761,131.761,NoButton,Move,553,731
131.771,131.771,NoButton,Move,553,731
131.787,131.787,NoButton,Move,553,731
131.804,131.804,NoButton,Move,553,732
131.82,131.82,NoButton,Move,553,732
131.837,131.837,NoButton,Move,553,733
131.853,131.853,NoButton,Move,552,733
131.87,131.87,NoButton,Move,552,734
131.887,131.887,NoButton,Move,551,734
131.921,131.921,NoButton,Move,551,734
131.937,131.937,NoButton,Move,550,734
131.953,131.953,NoButton,Move,549,734
131.97,131.97,NoButton,Move,544,738
131.986,131.986,NoButton,Move,533,749
132.004,132.004,NoButton,Move,525,758
133.095,133.095,NoButton,Move,525,762
133.097,133.097,NoButton,Move,525,776
133.104,133.104,NoButton,Move,525,796
133.12,133.12,NoButton,Move,508,899
133.137,133.137,NoButton,Move,494,899
133.154,133.154,NoButton,Move,486,899
133.171,133.171,NoButton,Move,485,899
133.187,133.187,NoButton,Move,492,899
133.203,133.203,NoButton,Move,508,899
133.22,133.22,NoButton,Move,524,899
133.237,133.237,NoButton,Move,535,899
133.254,133.254,NoButton,Move,546,899
133.271,133.271,NoButton,Move,553,899
133.287,133.287,NoButton,Move,561,899
133.304,133.304,NoButton,Move,569,899
133.32,133.32,NoButton,Move,574,899
133.337,133.337,NoButton,Move,578,899
133.353,133.353,NoButton,Move,579,899
133.37,133.37,NoButton,Move,579,899
133.412,133.412,NoButton,Move,579,899
133.92,133.92,NoButton,Move,1420,862
133.922,133.922,NoButton,Move,1439,862
133.937,133.937,NoButton,Move,1439,862
133.954,133.954,NoButton,Move,1439,861
133.971,133.971,NoButton,Move,1439,859
133.987,133.987,NoButton,Move,1439,846
134.004,134.004,NoButton,Move,1439,820
134.021,134.021,NoButton,Move,1439,780
134.037,134.037,NoButton,Move,1439,747
134.054,134.054,NoButton,Move,1439,735
134.07,134.07,NoButton,Move,1438,736
134.086,134.086,NoButton,Move,1437,738
134.109,134.109,NoButton,Move,1437,738
134.12,134.12,NoButton,Move,1437,737
134.137,134.137,NoButton,Move,1439,728
134.154,134.154,NoButton,Move,1439,713
134.17,134.17,NoButton,Move,1439,696
134.187,134.187,NoButton,Move,1439,682
134.203,134.203,NoButton,Move,1439,666
134.22,134.22,NoButton,Move,1438,657
134.237,134.237,NoButton,Move,1434,649
134.254,134.254,NoButton,Move,1421,637
134.27,134.27,NoButton,Move,1389,616
134.287,134.287,NoButton,Move,1313,574
134.303,134.303,NoButton,Move,1234,535
134.321,134.321,NoButton,Move,1156,495
134.337,134.337,NoButton,Move,1089,461
134.353,134.353,NoButton,Move,1045,435
134.37,134.37,NoButton,Move,1021,418
134.387,134.387,NoButton,Move,1009,407
134.403,134.403,NoButton,Move,1009,407
134.479,134.479,NoButton,Move,1009,407
134.487,134.487,NoButton,Move,1009,406
134.504,134.504,NoButton,Move,1008,406
134.521,134.521,NoButton,Move,1006,405
134.537,134.537,NoButton,Move,998,402
134.554,134.554,NoButton,Move,979,398
134.571,134.571,NoButton,Move,945,392
134.587,134.587,NoButton,Move,893,384
134.603,134.603,NoButton,Move,854,379
134.62,134.62,NoButton,Move,819,375
134.637,134.637,NoButton,Move,788,370
134.654,134.654,NoButton,Move,762,367
134.67,134.67,NoButton,Move,744,363
134.687,134.687,NoButton,Move,739,361
134.707,134.707,NoButton,Move,739,361
134.721,134.721,NoButton,Move,739,360
134.737,134.737,NoButton,Move,741,357
134.753,134.753,NoButton,Move,749,350
134.77,134.77,NoButton,Move,765,338
134.786,134.786,NoButton,Move,782,326
134.803,134.803,NoButton,Move,803,311
134.821,134.821,NoButton,Move,813,302
134.836,134.836,NoButton,Move,816,298
134.853,134.853,NoButton,Move,816,296
134.87,134.87,NoButton,Move,815,295
134.887,134.887,NoButton,Move,813,294
134.903,134.903,NoButton,Move,806,291
134.921,134.921,NoButton,Move,782,285
134.936,134.936,NoButton,Move,756,283
134.953,134.953,NoButton,Move,697,283
134.971,134.971,NoButton,Move,644,283
134.987,134.987,NoButton,Move,602,283
135.004,135.004,NoButton,Move,570,284
135.02,135.02,NoButton,Move,548,286
135.036,135.036,NoButton,Move,531,289
135.053,135.053,NoButton,Move,521,291
135.071,135.071,NoButton,Move,520,291
135.097,135.097,NoButton,Move,520,291
135.105,135.105,NoButton,Move,520,291
135.12,135.12,NoButton,Move,518,291
135.137,135.137,NoButton,Move,514,291
135.154,135.154,NoButton,Move,509,291
135.17,135.17,NoButton,Move,502,291
135.187,135.187,NoButton,Move,496,291
135.203,135.203,NoButton,Move,489,291
135.22,135.22,NoButton,Move,483,291
135.237,135.237,NoButton,Move,472,292
135.253,135.253,NoButton,Move,463,295
135.27,135.27,NoButton,Move,454,297
135.287,135.287,NoButton,Move,448,299
135.304,135.304,NoButton,Move,446,301
135.32,135.32,NoButton,Move,445,302
135.337,135.337,NoButton,Move,444,303
135.354,135.354,NoButton,Move,443,305
135.37,135.37,NoButton,Move,442,306
135.386,135.386,NoButton,Move,442,307
135.403,135.403,NoButton,Move,442,307
135.42,135.42,NoButton,Move,442,308
135.437,135.437,NoButton,Move,441,309
135.453,135.453,NoButton,Move,439,311
135.47,135.47,NoButton,Move,437,314
135.486,135.486,NoButton,Move,434,317
135.503,135.503,NoButton,Move,428,320
135.52,135.52,NoButton,Move,422,324
135.536,135.536,NoButton,Move,415,327
135.554,135.554,NoButton,Move,410,328
135.571,135.571,NoButton,Move,406,330
135.587,135.587,NoButton,Move,405,330
135.604,135.604,NoButton,Move,405,331
135.703,135.703,NoButton,Move,405,331
135.707,135.707,NoButton,Move,405,331
135.72,135.72,NoButton,Move,406,331
135.737,135.737,NoButton,Move,407,331
135.754,135.754,NoButton,Move,408,331
135.771,135.771,NoButton,Move,408,331
135.799,135.799,NoButton,Move,409,331
135.811,135.811,NoButton,Move,409,331
135.827,135.827,NoButton,Move,409,331
135.837,135.837,NoButton,Move,409,331
135.854,135.854,NoButton,Move,409,332
135.87,135.87,NoButton,Move,410,333
135.887,135.887,NoButton,Move,412,337
135.903,135.903,NoButton,Move,414,339
135.921,135.921,NoButton,Move,417,342
135.937,135.937,NoButton,Move,420,344
135.953,135.953,NoButton,Move,422,345
135.97,135.97,NoButton,Move,423,346
135.986,135.986,NoButton,Move,424,346
136.003,136.003,NoButton,Move,424,346
136.02,136.02,NoButton,Move,425,346
136.036,136.036,NoButton,Move,426,347
136.053,136.053,NoButton,Move,430,348
136.071,136.071,NoButton,Move,436,350
136.087,136.087,NoButton,Move,441,351
136.103,136.103,NoButton,Move,446,352
136.12,136.12,NoButton,Move,449,354
136.137,136.137,NoButton,Move,455,355
136.153,136.153,NoButton,Move,460,356
136.17,136.17,NoButton,Move,465,358
136.186,136.186,NoButton,Move,470,359
136.204,136.204,NoButton,Move,476,361
136.22,136.22,NoButton,Move,481,361
136.236,136.236,NoButton,Move,486,362
136.253,136.253,NoButton,Move,493,364
136.271,136.271,NoButton,Move,498,364
136.286,136.286,NoButton,Move,503,365
136.303,136.303,NoButton,Move,508,366
136.32,136.32,NoButton,Move,513,366
136.336,136.336,NoButton,Move,517,367
136.354,136.354,NoButton,Move,522,368
136.371,136.371,NoButton,Move,528,369
136.387,136.387,NoButton,Move,534,370
136.404,136.404,NoButton,Move,541,371
136.42,136.42,NoButton,Move,548,372
136.437,136.437,NoButton,Move,557,374
136.453,136.453,NoButton,Move,564,375
136.47,136.47,NoButton,Move,570,375
136.487,136.487,NoButton,Move,576,375
136.503,136.503,NoButton,Move,582,375
136.52,136.52,NoButton,Move,588,375
136.537,136.537,NoButton,Move,597,375
136.554,136.554,NoButton,Move,604,375
136.57,136.57,NoButton,Move,611,375
136.587,136.587,NoButton,Move,619,375
136.604,136.604,NoButton,Move,624,375
136.62,136.62,NoButton,Move,630,375
136.637,136.637,NoButton,Move,636,375
136.654,136.654,NoButton,Move,641,375
136.67,136.67,NoButton,Move,649,375
136.686,136.686,NoButton,Move,657,375
136.703,136.703,NoButton,Move,667,375
136.721,136.721,NoButton,Move,675,375
136.737,136.737,NoButton,Move,683,375
136.753,136.753,NoButton,Move,691,375
136.77,136.77,NoButton,Move,701,375
136.787,136.787,NoButton,Move,714,375
136.804,136.804,NoButton,Move,724,375
136.821,136.821,NoButton,Move,734,375
136.837,136.837,NoButton,Move,743,375
136.854,136.854,NoButton,Move,754,375
136.87,136.87,NoButton,Move,766,375
136.886,136.886,NoButton,Move,779,375
136.903,136.903,NoButton,Move,792,375
136.92,136.92,NoButton,Move,801,375
136.936,136.936,NoButton,Move,808,375
136.953,136.953,NoButton,Move,814,375
136.97,136.97,NoButton,Move,820,375
136.986,136.986,NoButton,Move,825,375
137.003,137.003,NoButton,Move,832,375
137.02,137.02,NoButton,Move,838,375
137.037,137.037,NoButton,Move,844,375
137.054,137.054,NoButton,Move,849,375
137.07,137.07,NoButton,Move,854,375
137.086,137.086,NoButton,Move,860,375
137.104,137.104,NoButton,Move,867,375
137.12,137.12,NoButton,Move,872,375
137.137,137.137,NoButton,Move,878,375
137.153,137.153,NoButton,Move,886,374
137.17,137.17,NoButton,Move,892,374
137.187,137.187,NoButton,Move,894,374
137.203,137.203,NoButton,Move,895,374
137.245,137.245,NoButton,Move,895,374
137.261,137.261,NoButton,Move,895,374
137.271,137.271,NoButton,Move,894,374
137.287,137.287,NoButton,Move,890,374
137.304,137.304,NoButton,Move,878,374
137.32,137.32,NoButton,Move,858,374
137.337,137.337,NoButton,Move,828,373
137.354,137.354,NoButton,Move,809,373
137.371,137.371,NoButton,Move,793,373
137.386,137.386,NoButton,Move,781,373
137.403,137.403,NoButton,Move,768,373
137.42,137.42,NoButton,Move,753,371
137.436,137.436,NoButton,Move,737,368
137.453,137.453,NoButton,Move,718,365
137.471,137.471,NoButton,Move,705,362
137.487,137.487,NoButton,Move,696,361
137.503,137.503,NoButton,Move,689,360
137.52,137.52,NoButton,Move,681,359
137.536,137.536,NoButton,Move,673,359
137.553,137.553,NoButton,Move,665,359
137.57,137.57,NoButton,Move,662,359
137.587,137.587,NoButton,Move,659,359
137.604,137.604,NoButton,Move,654,360
137.62,137.62,NoButton,Move,646,362
137.637,137.637,NoButton,Move,637,364
137.653,137.653,NoButton,Move,626,365
137.671,137.671,NoButton,Move,619,365
137.687,137.687,NoButton,Move,612,366
137.704,137.704,NoButton,Move,602,367
137.72,137.72,NoButton,Move,582,369
137.737,137.737,NoButton,Move,565,370
137.753,137.753,NoButton,Move,547,370
137.77,137.77,NoButton,Move,534,370
137.786,137.786,NoButton,Move,527,370
137.803,137.803,NoButton,Move,525,370
137.827,137.827,NoButton,Move,524,370
137.851,137.851,NoButton,Move,524,370
137.871,137.871,NoButton,Move,524,370
137.879,137.879,NoButton,Move,524,370
137.886,137.886,NoButton,Move,523,370
137.903,137.903,NoButton,Move,519,370
137.921,137.921,NoButton,Move,512,370
137.936,137.936,NoButton,Move,501,370
137.953,137.953,NoButton,Move,489,370
137.97,137.97,NoButton,Move,479,370
137.986,137.986,NoButton,Move,472,370
138.004,138.004,NoButton,Move,470,370
138.111,138.111,NoButton,Move,470,370
138.123,138.123,NoButton,Move,470,370
138.136,138.136,NoButton,Move,470,369
138.153,138.153,NoButton,Move,469,369
138.171,138.171,NoButton,Move,469,369
138.186,138.186,NoButton,Move,468,368
138.203,138.203,NoButton,Move,467,368
138.22,138.22,NoButton,Move,466,367
138.237,138.237,NoButton,Move,465,367
138.254,138.254,NoButton,Move,462,366
138.27,138.27,NoButton,Move,458,364
138.287,138.287,NoButton,Move,455,364
138.304,138.304,NoButton,Move,454,364
138.32,138.32,NoButton,Move,452,363
138.336,138.336,NoButton,Move,450,363
138.353,138.353,NoButton,Move,450,363
138.433,138.433,Left,Pressed,450,363
138.561,138.561,Left,Released,450,363
138.633,138.633,NoButton,Move,449,363
138.689,138.689,NoButton,Move,450,363
138.693,138.693,NoButton,Move,450,363
138.703,138.703,NoButton,Move,450,363
138.72,138.72,NoButton,Move,451,363
138.736,138.736,NoButton,Move,453,364
138.754,138.754,NoButton,Move,456,365
138.771,138.771,NoButton,Move,460,366
138.787,138.787,NoButton,Move,464,367
138.804,138.804,NoButton,Move,468,368
138.82,138.82,NoButton,Move,472,369
138.836,138.836,NoButton,Move,476,370
138.853,138.853,NoButton,Move,478,371
138.87,138.87,NoButton,Move,481,371
138.886,138.886,NoButton,Move,484,372
138.896,138.896,NoButton,Move,486,373
138.903,138.903,Left,Pressed,486,373
138.904,138.904,NoButton,Drag,488,373
138.907,138.907,NoButton,Drag,488,373
138.913,138.913,NoButton,Drag,489,373
138.915,138.915,NoButton,Drag,489,373
138.919,138.919,NoButton,Drag,489,373
138.923,138.923,NoButton,Drag,490,373
138.927,138.927,NoButton,Drag,491,374
138.931,138.931,NoButton,Drag,491,374
138.935,138.935,NoButton,Drag,491,374
138.939,138.939,NoButton,Drag,492,374
138.945,138.945,NoButton,Drag,492,374
138.947,138.947,NoButton,Drag,493,374
138.951,138.951,NoButton,Drag,493,374
138.955,138.955,NoButton,Drag,494,374
138.959,138.959,NoButton,Drag,494,374
138.963,138.963,NoButton,Drag,495,374
138.967,138.967,NoButton,Drag,495,375
138.971,138.971,NoButton,Drag,496,375
138.975,138.975,NoButton,Drag,497,375
138.979,138.979,NoButton,Drag,499,375
138.983,138.983,NoButton,Drag,499,376
138.987,138.987,NoButton,Drag,501,376
138.991,138.991,NoButton,Drag,502,376
138.995,138.995,NoButton,Drag,503,376
138.999,138.999,NoButton,Drag,504,377
139.003,139.003,NoButton,Drag,504,377
139.007,139.007,NoButton,Drag,505,377
139.011,139.011,NoButton,Drag,506,377
139.015,139.015,NoButton,Drag,507,377
139.019,139.019,NoButton,Drag,507,377
139.023,139.023,NoButton,Drag,508,377
139.027,139.027,Left,Released,508,377
139.028,139.028,NoButton,Move,508,377
139.037,139.037,NoButton,Move,509,377
139.054,139.054,NoButton,Move,509,377
139.07,139.07,NoButton,Move,509,377
139.087,139.087,NoButton,Move,510,377
139.103,139.103,NoButton,Move,512,377
139.121,139.121,NoButton,Move,515,377
139.137,139.137,NoButton,Move,518,377
139.154,139.154,NoButton,Move,522,377
139.17,139.17,NoButton,Move,525,377
139.188,139.188,NoButton,Move,529,377
139.203,139.203,NoButton,Move,532,377
139.221,139.221,NoButton,Move,535,377
139.237,139.237,NoButton,Move,538,377
139.254,139.254,NoButton,Move,539,377
139.271,139.271,NoButton,Move,539,377
139.287,139.287,NoButton,Move,539,377
139.304,139.304,NoButton,Move,539,377
139.32,139.32,NoButton,Move,540,377
139.337,139.337,NoButton,Move,543,376
139.353,139.353,NoButton,Move,546,376
139.37,139.37,NoButton,Move,548,376
139.386,139.386,NoButton,Move,550,376
139.403,139.403,NoButton,Move,551,376
139.42,139.42,NoButton,Move,552,376
139.437,139.437,NoButton,Move,554,376
139.453,139.453,NoButton,Move,556,376
139.47,139.47,NoButton,Move,559,376
139.487,139.487,NoButton,Move,560,376
139.503,139.503,NoButton,Move,562,376
139.52,139.52,NoButton,Move,563,376
139.536,139.536,NoButton,Move,565,376
139.553,139.553,NoButton,Move,567,376
139.57,139.57,NoButton,Move,571,376
139.587,139.587,NoButton,Move,574,376
139.603,139.603,NoButton,Move,576,376
139.62,139.62,NoButton,Move,578,376
139.637,139.637,NoButton,Move,578,376
139.653,139.653,NoButton,Move,578,376
139.677,139.677,NoButton,Move,579,376
139.697,139.697,NoButton,Move,579,376
139.709,139.709,NoButton,Move,579,376
139.72,139.72,NoButton,Move,580,376
139.736,139.736,NoButton,Move,582,376
139.754,139.754,NoButton,Move,586,376
139.771,139.771,NoButton,Move,589,376
139.787,139.787,NoButton,Move,593,377
139.804,139.804,NoButton,Move,596,377
139.82,139.82,NoButton,Move,598,377
139.837,139.837,NoButton,Move,601,377
139.853,139.853,NoButton,Move,604,377
139.87,139.87,NoButton,Move,606,377
139.886,139.886,NoButton,Move,608,378
139.904,139.904,NoButton,Move,609,378
139.92,139.92,NoButton,Move,609,378
139.936,139.936,NoButton,Move,610,378
139.953,139.953,NoButton,Move,612,378
139.971,139.971,NoButton,Move,615,379
139.987,139.987,NoButton,Move,619,379
140.003,140.003,NoButton,Move,622,380
140.02,140.02,NoButton,Move,625,380
140.036,140.036,NoButton,Move,628,380
140.053,140.053,NoButton,Move,630,380
140.07,140.07,NoButton,Move,634,380
140.087,140.087,NoButton,Move,639,380
140.103,140.103,NoButton,Move,646,380
140.121,140.121,NoButton,Move,651,381
140.137,140.137,NoButton,Move,658,381
140.153,140.153,NoButton,Move,664,381
140.171,140.171,NoButton,Move,672,382
140.186,140.186,NoButton,Move,677,382
140.203,140.203,NoButton,Move,685,382
140.22,140.22,NoButton,Move,689,382
140.236,140.236,NoButton,Move,694,382
140.253,140.253,NoButton,Move,697,382
140.27,140.27,NoButton,Move,700,382
140.286,140.286,NoButton,Move,703,382
140.303,140.303,NoButton,Move,708,382
140.32,140.32,NoButton,Move,711,382
140.337,140.337,NoButton,Move,715,382
140.353,140.353,NoButton,Move,718,382
140.37,140.37,NoButton,Move,722,382
140.386,140.386,NoButton,Move,727,382
140.403,140.403,NoButton,Move,732,383
140.421,140.421,NoButton,Move,736,383
140.436,140.436,NoButton,Move,739,383
140.453,140.453,NoButton,Move,741,383
140.47,140.47,NoButton,Move,744,383
140.487,140.487,NoButton,Move,748,383
140.504,140.504,NoButton,Move,751,383
140.52,140.52,NoButton,Move,754,384
140.536,140.536,NoButton,Move,758,384
140.553,140.553,NoButton,Move,762,385
140.57,140.57,NoButton,Move,765,385
140.586,140.586,NoButton,Move,769,385
140.603,140.603,NoButton,Move,773,385
140.62,140.62,NoButton,Move,777,385
140.636,140.636,NoButton,Move,781,385
140.653,140.653,NoButton,Move,784,385
140.671,140.671,NoButton,Move,786,385
140.686,140.686,NoButton,Move,788,385
140.703,140.703,NoButton,Move,790,385
140.72,140.72,NoButton,Move,793,385
140.736,140.736,NoButton,Move,798,385
140.753,140.753,NoButton,Move,805,385
140.771,140.771,NoButton,Move,810,385
140.787,140.787,NoButton,Move,817,385
140.803,140.803,NoButton,Move,825,385
140.82,140.82,NoButton,Move,834,385
140.837,140.837,NoButton,Move,843,385
140.853,140.853,NoButton,Move,855,384
140.87,140.87,NoButton,Move,863,384
140.887,140.887,NoButton,Move,868,384
140.904,140.904,NoButton,Move,869,384
140.965,140.965,NoButton,Move,869,384
140.969,140.969,NoButton,Move,869,384
140.973,140.973,NoButton,Move,868,385
140.987,140.987,NoButton,Move,866,386
141.003,141.003,NoButton,Move,855,389
141.02,141.02,NoButton,Move,836,394
141.036,141.036,NoButton,Move,814,398
141.053,141.053,NoButton,Move,784,401
141.07,141.07,NoButton,Move,760,401
141.086,141.086,NoButton,Move,738,401
141.103,141.103,NoButton,Move,720,401
141.12,141.12,NoButton,Move,703,400
141.136,141.136,NoButton,Move,687,397
141.153,141.153,NoButton,Move,669,392
141.171,141.171,NoButton,Move,655,389
141.186,141.186,NoButton,Move,642,385
141.203,141.203,NoButton,Move,625,382
141.221,141.221,NoButton,Move,610,379
141.237,141.237,NoButton,Move,592,376
141.254,141.254,NoButton,Move,576,374
141.27,141.27,NoButton,Move,566,373
141.286,141.286,NoButton,Move,562,373
141.303,141.303,NoButton,Move,560,373
141.321,141.321,NoButton,Move,557,373
141.337,141.337,NoButton,Move,552,373
141.353,141.353,NoButton,Move,547,374
141.37,141.37,NoButton,Move,542,375
141.386,141.386,NoButton,Move,538,376
141.403,141.403,NoButton,Move,533,377
141.421,141.421,NoButton,Move,528,378
141.436,141.436,NoButton,Move,520,379
141.454,141.454,NoButton,Move,511,381
141.47,141.47,NoButton,Move,502,383
141.486,141.486,NoButton,Move,495,385
141.503,141.503,NoButton,Move,490,387
141.521,141.521,NoButton,Move,488,388
141.537,141.537,NoButton,Move,485,390
141.554,141.554,NoButton,Move,483,392
141.57,141.57,NoButton,Move,483,393
141.587,141.587,NoButton,Move,482,394
141.604,141.604,NoButton,Move,482,395
141.62,141.62,NoButton,Move,483,396
141.636,141.636,NoButton,Move,484,397
141.653,141.653,NoButton,Move,485,398
141.67,141.67,NoButton,Move,486,398
141.686,141.686,NoButton,Move,489,399
141.703,141.703,NoButton,Move,493,400
141.72,141.72,NoButton,Move,496,401
141.736,141.736,NoButton,Move,499,402
141.753,141.753,NoButton,Move,500,402
141.771,141.771,NoButton,Move,501,402
141.825,141.825,NoButton,Move,501,402
141.833,141.833,NoButton,Move,501,402
141.837,141.837,NoButton,Move,501,402
141.854,141.854,NoButton,Move,503,403
141.871,141.871,NoButton,Move,504,403
141.886,141.886,NoButton,Move,506,403
141.903,141.903,NoButton,Move,508,404
141.92,141.92,NoButton,Move,510,405
141.937,141.937,NoButton,Move,513,406
141.953,141.953,NoButton,Move,516,406
141.97,141.97,NoButton,Move,518,407
141.986,141.986,NoButton,Move,520,408
142.004,142.004,NoButton,Move,523,408
142.02,142.02,NoButton,Move,526,409
142.036,142.036,NoButton,Move,529,409
142.053,142.053,NoButton,Move,533,409
142.07,142.07,NoButton,Move,538,409
142.087,142.087,NoButton,Move,541,409
142.104,142.104,NoButton,Move,544,409
142.12,142.12,NoButton,Move,548,409
142.136,142.136,NoButton,Move,551,409
142.153,142.153,NoButton,Move,555,410
142.171,142.171,NoButton,Move,560,410
142.187,142.187,NoButton,Move,564,410
142.204,142.204,NoButton,Move,568,410
142.22,142.22,NoButton,Move,572,410
142.237,142.237,NoButton,Move,576,410
142.254,142.254,NoButton,Move,581,410
142.271,142.271,NoButton,Move,585,410
142.287,142.287,NoButton,Move,590,410
142.303,142.303,NoButton,Move,595,410
142.32,142.32,NoButton,Move,602,410
142.337,142.337,NoButton,Move,608,410
142.354,142.354,NoButton,Move,615,410
142.37,142.37,NoButton,Move,622,410
142.387,142.387,NoButton,Move,632,410
142.403,142.403,NoButton,Move,641,410
142.421,142.421,NoButton,Move,650,410
142.437,142.437,NoButton,Move,656,410
142.453,142.453,NoButton,Move,661,410
142.47,142.47,NoButton,Move,666,410
142.486,142.486,NoButton,Move,671,410
142.503,142.503,NoButton,Move,678,410
142.52,142.52,NoButton,Move,683,411
142.537,142.537,NoButton,Move,687,411
142.553,142.553,NoButton,Move,690,411
142.57,142.57,NoButton,Move,693,411
142.586,142.586,NoButton,Move,696,411
142.603,142.603,NoButton,Move,704,412
142.62,142.62,NoButton,Move,712,412
142.637,142.637,NoButton,Move,719,413
142.653,142.653,NoButton,Move,725,414
142.67,142.67,NoButton,Move,730,415
142.686,142.686,NoButton,Move,734,415
142.703,142.703,NoButton,Move,742,416
142.72,142.72,NoButton,Move,749,416
142.737,142.737,NoButton,Move,756,417
142.753,142.753,NoButton,Move,762,418
142.77,142.77,NoButton,Move,767,418
142.786,142.786,NoButton,Move,772,418
142.803,142.803,NoButton,Move,777,419
142.82,142.82,NoButton,Move,781,419
142.836,142.836,NoButton,Move,785,419
142.854,142.854,NoButton,Move,788,419
142.87,142.87,NoButton,Move,789,419
142.886,142.886,NoButton,Move,790,419
142.941,142.941,NoButton,Move,790,419
142.945,142.945,NoButton,Move,790,420
142.953,142.953,NoButton,Move,790,420
142.97,142.97,NoButton,Move,787,423
142.987,142.987,NoButton,Move,779,429
143.004,143.004,NoButton,Move,764,435
143.02,143.02,NoButton,Move,746,441
143.036,143.036,NoButton,Move,726,447
143.053,143.053,NoButton,Move,700,454
143.07,143.07,NoButton,Move,681,459
143.087,143.087,NoButton,Move,664,463
143.103,143.103,NoButton,Move,651,466
143.12,143.12,NoButton,Move,639,467
143.136,143.136,NoButton,Move,630,467
143.153,143.153,NoButton,Move,620,467
143.171,143.171,NoButton,Move,612,465
143.187,143.187,NoButton,Move,603,463
143.203,143.203,NoButton,Move,594,461
143.22,143.22,NoButton,Move,584,460
143.236,143.236,NoButton,Move,577,458
143.253,143.253,NoButton,Move,572,457
143.27,143.27,NoButton,Move,571,457
143.325,143.325,NoButton,Move,571,457
143.337,143.337,NoButton,Move,571,457
143.353,143.353,NoButton,Move,570,457
143.371,143.371,NoButton,Move,567,457
143.387,143.387,NoButton,Move,560,459
143.403,143.403,NoButton,Move,545,461
143.42,143.42,NoButton,Move,526,464
143.436,143.436,NoButton,Move,507,468
143.453,143.453,NoButton,Move,486,471
143.47,143.47,NoButton,Move,472,473
143.486,143.486,NoButton,Move,461,475
143.504,143.504,NoButton,Move,452,477
143.521,143.521,NoButton,Move,448,478
143.536,143.536,NoButton,Move,448,478
143.631,143.631,NoButton,Move,448,478
143.635,143.635,NoButton,Move,448,478
143.639,143.639,NoButton,Move,449,478
143.653,143.653,NoButton,Move,451,477
143.67,143.67,NoButton,Move,454,476
143.686,143.686,NoButton,Move,458,475
143.703,143.703,NoButton,Move,463,474
143.72,143.72,NoButton,Move,468,474
143.737,143.737,NoButton,Move,473,474
143.754,143.754,NoButton,Move,478,474
143.77,143.77,NoButton,Move,482,474
143.787,143.787,NoButton,Move,485,474
143.804,143.804,NoButton,Move,485,474
143.82,143.82,NoButton,Move,486,474
143.837,143.837,NoButton,Move,487,474
143.853,143.853,NoButton,Move,488,474
143.87,143.87,NoButton,Move,490,474
143.886,143.886,NoButton,Move,494,474
143.903,143.903,NoButton,Move,499,474
143.92,143.92,NoButton,Move,504,474
143.936,143.936,NoButton,Move,508,474
143.954,143.954,NoButton,Move,511,474
143.97,143.97,NoButton,Move,514,474
143.987,143.987,NoButton,Move,520,474
144.003,144.003,NoButton,Move,524,474
144.021,144.021,NoButton,Move,529,474
144.036,144.036,NoButton,Move,532,474
144.053,144.053,NoButton,Move,535,475
144.07,144.07,NoButton,Move,536,475
144.087,144.087,NoButton,Move,537,475
144.104,144.104,NoButton,Move,539,475
144.12,144.12,NoButton,Move,542,475
144.136,144.136,NoButton,Move,545,475
144.154,144.154,NoButton,Move,547,475
144.171,144.171,NoButton,Move,549,475
144.187,144.187,NoButton,Move,551,475
144.204,144.204,NoButton,Move,554,475
144.22,144.22,NoButton,Move,557,475
144.236,144.236,NoButton,Move,560,475
144.253,144.253,NoButton,Move,564,475
144.27,144.27,NoButton,Move,567,475
144.286,144.286,NoButton,Move,569,475
144.304,144.304,NoButton,Move,572,475
144.32,144.32,NoButton,Move,576,475
144.336,144.336,NoButton,Move,581,475
144.353,144.353,NoButton,Move,588,475
144.37,144.37,NoButton,Move,592,476
144.387,144.387,NoButton,Move,597,477
144.404,144.404,NoButton,Move,600,477
144.421,144.421,NoButton,Move,605,478
144.436,144.436,NoButton,Move,607,478
144.453,144.453,NoButton,Move,610,478
144.47,144.47,NoButton,Move,612,478
144.487,144.487,NoButton,Move,615,478
144.504,144.504,NoButton,Move,618,478
144.52,144.52,NoButton,Move,622,478
144.536,144.536,NoButton,Move,625,478
144.553,144.553,NoButton,Move,630,478
144.57,144.57,NoButton,Move,634,478
144.586,144.586,NoButton,Move,639,478
144.603,144.603,NoButton,Move,644,478
144.62,144.62,NoButton,Move,648,478
144.637,144.637,NoButton,Move,654,478
144.653,144.653,NoButton,Move,657,478
144.67,144.67,NoButton,Move,661,478
144.686,144.686,NoButton,Move,665,478
144.703,144.703,NoButton,Move,670,478
144.72,144.72,NoButton,Move,675,478
144.736,144.736,NoButton,Move,680,478
144.753,144.753,NoButton,Move,685,478
144.77,144.77,NoButton,Move,691,478
144.786,144.786,NoButton,Move,697,478
144.803,144.803,NoButton,Move,703,478
144.82,144.82,NoButton,Move,707,478
144.836,144.836,NoButton,Move,711,478
144.853,144.853,NoButton,Move,715,478
144.87,144.87,NoButton,Move,719,478
144.887,144.887,NoButton,Move,721,478
144.903,144.903,NoButton,Move,724,478
144.92,144.92,NoButton,Move,727,478
144.937,144.937,NoButton,Move,731,478
144.954,144.954,NoButton,Move,735,478
144.969,144.969,NoButton,Move,739,478
144.986,144.986,NoButton,Move,742,478
145.003,145.003,NoButton,Move,747,478
145.02,145.02,NoButton,Move,752,478
145.037,145.037,NoButton,Move,757,477
145.053,145.053,NoButton,Move,762,477
145.071,145.071,NoButton,Move,769,477
145.086,145.086,NoButton,Move,776,477
145.103,145.103,NoButton,Move,787,476
145.12,145.12,NoButton,Move,797,476
145.137,145.137,NoButton,Move,807,475
145.153,145.153,NoButton,Move,816,475
145.17,145.17,NoButton,Move,824,475
145.186,145.186,NoButton,Move,831,474
145.203,145.203,NoButton,Move,841,473
145.22,145.22,NoButton,Move,847,472
145.236,145.236,NoButton,Move,853,472
145.253,145.253,NoButton,Move,859,471
145.27,145.27,NoButton,Move,864,471
145.286,145.286,NoButton,Move,868,470
145.303,145.303,NoButton,Move,873,469
145.32,145.32,NoButton,Move,877,469
145.336,145.336,NoButton,Move,880,468
145.353,145.353,NoButton,Move,883,468
145.37,145.37,NoButton,Move,885,468
145.387,145.387,NoButton,Move,887,468
145.404,145.404,NoButton,Move,889,467
145.42,145.42,NoButton,Move,893,467
145.437,145.437,NoButton,Move,896,466
145.453,145.453,NoButton,Move,899,465
145.471,145.471,NoButton,Move,901,465
145.487,145.487,NoButton,Move,902,464
145.503,145.503,NoButton,Move,905,463
145.519,145.519,NoButton,Move,907,463
145.536,145.536,NoButton,Move,909,462
145.553,145.553,NoButton,Move,913,461
145.57,145.57,NoButton,Move,917,460
145.586,145.586,NoButton,Move,921,459
145.603,145.603,NoButton,Move,925,458
145.62,145.62,NoButton,Move,930,457
145.636,145.636,NoButton,Move,937,457
145.653,145.653,NoButton,Move,944,457
145.67,145.67,NoButton,Move,948,457
145.687,145.687,NoButton,Move,949,457
145.703,145.703,NoButton,Move,949,457
145.776,145.776,Left,Pressed,949,457
145.815,145.815,NoButton,Drag,950,457
145.9,145.9,Left,Released,950,457
145.931,145.931,NoButton,Move,949,457
145.937,145.937,NoButton,Move,949,457
145.953,145.953,NoButton,Move,946,457
145.97,145.97,NoButton,Move,941,458
145.986,145.986,NoButton,Move,932,459
146.003,146.003,NoButton,Move,917,462
146.02,146.02,NoButton,Move,906,465
146.037,146.037,NoButton,Move,896,467
146.054,146.054,NoButton,Move,887,470
146.07,146.07,NoButton,Move,876,472
146.087,146.087,NoButton,Move,862,476
146.103,146.103,NoButton,Move,840,481
146.12,146.12,NoButton,Move,817,486
146.137,146.137,NoButton,Move,794,492
146.154,146.154,NoButton,Move,770,497
146.17,146.17,NoButton,Move,746,502
146.187,146.187,NoButton,Move,720,506
146.203,146.203,NoButton,Move,692,509
146.221,146.221,NoButton,Move,674,511
146.237,146.237,NoButton,Move,659,513
146.254,146.254,NoButton,Move,647,515
146.27,146.27,NoButton,Move,640,515
146.287,146.287,NoButton,Move,635,515
146.303,146.303,NoButton,Move,631,515
146.321,146.321,NoButton,Move,631,515
146.337,146.337,NoButton,Move,630,515
146.353,146.353,NoButton,Move,630,515
146.37,146.37,NoButton,Move,628,515
146.387,146.387,NoButton,Move,625,515
146.404,146.404,NoButton,Move,621,515
146.42,146.42,NoButton,Move,617,515
146.437,146.437,NoButton,Move,610,515
146.453,146.453,NoButton,Move,596,515
146.47,146.47,NoButton,Move,581,515
146.486,146.486,NoButton,Move,565,515
146.503,146.503,NoButton,Move,553,515
146.52,146.52,NoButton,Move,543,515
146.536,146.536,NoButton,Move,535,515
146.553,146.553,NoButton,Move,530,516
146.57,146.57,NoButton,Move,527,516
146.587,146.587,NoButton,Move,527,516
146.604,146.604,NoButton,Move,526,516
146.693,146.693,NoButton,Move,526,517
146.713,146.713,NoButton,Move,527,517
146.72,146.72,NoButton,Move,527,517
146.737,146.737,NoButton,Move,529,517
146.753,146.753,NoButton,Move,534,518
146.77,146.77,NoButton,Move,540,519
146.787,146.787,NoButton,Move,548,519
146.804,146.804,NoButton,Move,556,519
146.821,146.821,NoButton,Move,562,519
146.837,146.837,NoButton,Move,567,519
146.853,146.853,NoButton,Move,572,519
146.87,146.87,NoButton,Move,577,518
146.886,146.886,NoButton,Move,582,518
146.903,146.903,NoButton,Move,588,518
146.92,146.92,NoButton,Move,593,517
146.937,146.937,NoButton,Move,600,517
146.954,146.954,NoButton,Move,606,517
146.97,146.97,NoButton,Move,613,517
146.986,146.986,NoButton,Move,620,517
147.003,147.003,NoButton,Move,630,517
147.02,147.02,NoButton,Move,637,517
147.036,147.036,NoButton,Move,642,517
147.053,147.053,NoButton,Move,648,515
147.07,147.07,NoButton,Move,654,515
147.086,147.086,NoButton,Move,659,514
147.103,147.103,NoButton,Move,665,513
147.12,147.12,NoButton,Move,671,513
147.136,147.136,NoButton,Move,677,512
147.153,147.153,NoButton,Move,682,512
147.171,147.171,NoButton,Move,689,510
147.187,147.187,NoButton,Move,697,510
147.203,147.203,NoButton,Move,705,510
147.22,147.22,NoButton,Move,713,510
147.237,147.237,NoButton,Move,721,510
147.254,147.254,NoButton,Move,728,510
147.271,147.271,NoButton,Move,734,510
147.287,147.287,NoButton,Move,741,510
147.303,147.303,NoButton,Move,748,510
147.32,147.32,NoButton,Move,754,510
147.337,147.337,NoButton,Move,760,509
147.354,147.354,NoButton,Move,766,509
147.37,147.37,NoButton,Move,772,509
147.386,147.386,NoButton,Move,777,509
147.403,147.403,NoButton,Move,785,509
147.42,147.42,NoButton,Move,790,509
147.437,147.437,NoButton,Move,796,509
147.454,147.454,NoButton,Move,801,508
147.47,147.47,NoButton,Move,806,508
147.487,147.487,NoButton,Move,809,508
147.503,147.503,NoButton,Move,814,508
147.52,147.52,NoButton,Move,819,508
147.537,147.537,NoButton,Move,824,508
147.554,147.554,NoButton,Move,830,508
147.57,147.57,NoButton,Move,836,508
147.586,147.586,NoButton,Move,842,508
147.603,147.603,NoButton,Move,849,508
147.62,147.62,NoButton,Move,855,508
147.636,147.636,NoButton,Move,862,508
147.653,147.653,NoButton,Move,870,507
147.671,147.671,NoButton,Move,875,507
147.687,147.687,NoButton,Move,879,507
147.704,147.704,NoButton,Move,882,506
147.72,147.72,NoButton,Move,886,505
147.737,147.737,NoButton,Move,890,505
147.753,147.753,NoButton,Move,894,504
147.77,147.77,NoButton,Move,899,503
147.786,147.786,NoButton,Move,904,502
147.804,147.804,NoButton,Move,910,501
147.82,147.82,NoButton,Move,916,501
147.837,147.837,NoButton,Move,922,500
147.853,147.853,NoButton,Move,927,499
147.87,147.87,NoButton,Move,930,498
147.887,147.887,NoButton,Move,933,498
147.904,147.904,NoButton,Move,937,497
147.92,147.92,NoButton,Move,939,496
147.937,147.937,NoButton,Move,940,496
147.953,147.953,NoButton,Move,941,496
147.971,147.971,NoButton,Move,941,496
148.041,148.041,NoButton,Move,941,496
148.049,148.049,NoButton,Move,941,496
148.053,148.053,NoButton,Move,941,496
148.07,148.07,NoButton,Move,934,498
148.087,148.087,NoButton,Move,918,501
148.103,148.103,NoButton,Move,884,508
148.12,148.12,NoButton,Move,826,524
148.136,148.136,NoButton,Move,768,540
148.153,148.153,NoButton,Move,714,555
148.17,148.17,NoButton,Move,632,574
148.187,148.187,NoButton,Move,528,597
148.203,148.203,NoButton,Move,476,607
148.22,148.22,NoButton,Move,461,609
148.237,148.237,NoButton,Move,444,610
148.254,148.254,NoButton,Move,379,613
148.27,148.27,NoButton,Move,253,615
148.286,148.286,NoButton,Move,129,615
148.303,148.303,NoButton,Move,30,616
148.32,148.32,NoButton,Move,0,616
148.337,148.337,NoButton,Move,0,616
148.354,148.354,NoButton,Move,0,616
148.383,148.383,NoButton,Move,0,616
148.411,148.411,NoButton,Move,0,616
148.415,148.415,NoButton,Move,0,616
148.423,148.423,NoButton,Move,0,616
148.437,148.437,NoButton,Move,0,616
148.454,148.454,NoButton,Move,1,615
148.47,148.47,NoButton,Move,1,615
148.487,148.487,NoButton,Move,2,613
148.503,148.503,NoButton,Move,6,611
148.52,148.52,NoButton,Move,15,608
148.537,148.537,NoButton,Move,29,603
148.553,148.553,NoButton,Move,50,598
148.57,148.57,NoButton,Move,72,594
148.586,148.586,NoButton,Move,92,590
148.603,148.603,NoButton,Move,118,587
148.62,148.62,NoButton,Move,139,587
148.637,148.637,NoButton,Move,159,587
148.653,148.653,NoButton,Move,177,587
148.67,148.67,NoButton,Move,193,587
148.687,148.687,NoButton,Move,204,588
148.704,148.704,NoButton,Move,211,589
148.72,148.72,NoButton,Move,218,590
148.737,148.737,NoButton,Move,224,590
148.753,148.753,NoButton,Move,231,591
148.771,148.771,NoButton,Move,236,591
148.787,148.787,NoButton,Move,242,591
148.803,148.803,NoButton,Move,248,591
148.82,148.82,NoButton,Move,254,591
148.836,148.836,NoButton,Move,260,591
148.853,148.853,NoButton,Move,270,591
148.87,148.87,NoButton,Move,278,591
148.887,148.887,NoButton,Move,285,591
148.904,148.904,NoButton,Move,293,591
148.92,148.92,NoButton,Move,302,589
148.937,148.937,NoButton,Move,310,588
148.953,148.953,NoButton,Move,322,587
148.97,148.97,NoButton,Move,333,587
148.987,148.987,NoButton,Move,343,586
149.004,149.004,NoButton,Move,353,586
149.021,149.021,NoButton,Move,364,586
149.036,149.036,NoButton,Move,373,584
149.053,149.053,NoButton,Move,386,584
149.07,149.07,NoButton,Move,397,583
149.087,149.087,NoButton,Move,407,583
149.103,149.103,NoButton,Move,417,583
149.12,149.12,NoButton,Move,427,582
149.136,149.136,NoButton,Move,435,582
149.153,149.153,NoButton,Move,446,581
149.17,149.17,NoButton,Move,456,581
149.186,149.186,NoButton,Move,466,580
149.203,149.203,NoButton,Move,477,580
149.22,149.22,NoButton,Move,487,579
149.237,149.237,NoButton,Move,500,578
149.254,149.254,NoButton,Move,510,578
149.27,149.27,NoButton,Move,520,578
149.286,149.286,NoButton,Move,529,577
149.303,149.303,NoButton,Move,538,576
149.32,149.32,NoButton,Move,543,576
149.336,149.336,NoButton,Move,548,575
149.353,149.353,NoButton,Move,552,575
149.37,149.37,NoButton,Move,555,574
149.386,149.386,NoButton,Move,556,574
149.403,149.403,NoButton,Move,558,574
149.42,149.42,NoButton,Move,560,573
149.436,149.436,NoButton,Move,563,573
149.453,149.453,NoButton,Move,566,573
149.47,149.47,NoButton,Move,570,572
149.486,149.486,NoButton,Move,575,572
149.503,149.503,NoButton,Move,581,571
149.52,149.52,NoButton,Move,588,570
149.537,149.537,NoButton,Move,594,569
149.553,149.553,NoButton,Move,601,568
149.57,149.57,NoButton,Move,608,567
149.586,149.586,NoButton,Move,614,566
149.603,149.603,NoButton,Move,621,565
149.62,149.62,NoButton,Move,624,564
149.637,149.637,NoButton,Move,626,564
149.711,149.711,NoButton,Move,625,564
149.715,149.715,NoButton,Move,625,564
149.719,149.719,NoButton,Move,624,565
149.737,149.737,NoButton,Move,618,566
149.753,149.753,NoButton,Move,609,568
149.771,149.771,NoButton,Move,595,572
149.786,149.786,NoButton,Move,579,576
149.804,149.804,NoButton,Move,557,582
149.82,149.82,NoButton,Move,536,587
149.836,149.836,NoButton,Move,512,593
149.853,149.853,NoButton,Move,484,600
149.87,149.87,NoButton,Move,468,603
149.887,149.887,NoButton,Move,457,606
149.904,149.904,NoButton,Move,448,608
149.92,149.92,NoButton,Move,441,609
149.936,149.936,NoButton,Move,435,609
149.953,149.953,NoButton,Move,430,609
149.97,149.97,NoButton,Move,426,609
149.987,149.987,NoButton,Move,426,609
150.041,150.041,NoButton,Move,425,609
150.045,150.045,NoButton,Move,425,609
150.053,150.053,NoButton,Move,425,609
150.07,150.07,NoButton,Move,424,609
150.086,150.086,NoButton,Move,423,609
150.201,150.201,NoButton,Move,423,609
150.205,150.205,NoButton,Move,424,609
150.22,150.22,NoButton,Move,426,609
150.236,150.236,NoButton,Move,431,608
150.253,150.253,NoButton,Move,438,608
150.27,150.27,NoButton,Move,445,607
150.287,150.287,NoButton,Move,453,607
150.303,150.303,NoButton,Move,461,607
150.32,150.32,NoButton,Move,468,607
150.336,150.336,NoButton,Move,475,606
150.353,150.353,NoButton,Move,481,604
150.37,150.37,NoButton,Move,486,604
150.386,150.386,NoButton,Move,490,603
150.403,150.403,NoButton,Move,496,602
150.419,150.419,NoButton,Move,500,601
150.437,150.437,NoButton,Move,505,600
150.453,150.453,NoButton,Move,511,599
150.47,150.47,NoButton,Move,518,599
150.486,150.486,NoButton,Move,526,598
150.503,150.503,NoButton,Move,536,598
150.52,150.52,NoButton,Move,544,598
150.537,150.537,NoButton,Move,556,598
150.553,150.553,NoButton,Move,568,598
150.57,150.57,NoButton,Move,580,598
150.586,150.586,NoButton,Move,594,598
150.604,150.604,NoButton,Move,612,597
150.62,150.62,NoButton,Move,626,597
150.637,150.637,NoButton,Move,639,596
150.653,150.653,NoButton,Move,651,594
150.67,150.67,NoButton,Move,662,594
150.686,150.686,NoButton,Move,672,594
150.703,150.703,NoButton,Move,680,592
150.72,150.72,NoButton,Move,686,592
150.737,150.737,NoButton,Move,691,591
150.754,150.754,NoButton,Move,695,591
150.77,150.77,NoButton,Move,699,591
150.786,150.786,NoButton,Move,703,591
150.803,150.803,NoButton,Move,710,590
150.82,150.82,NoButton,Move,716,589
150.837,150.837,NoButton,Move,722,589
150.853,150.853,NoButton,Move,729,588
150.87,150.87,NoButton,Move,737,588
150.887,150.887,NoButton,Move,743,587
150.903,150.903,NoButton,Move,750,586
150.92,150.92,NoButton,Move,755,585
150.937,150.937,NoButton,Move,760,585
150.953,150.953,NoButton,Move,766,584
150.97,150.97,NoButton,Move,771,584
150.987,150.987,NoButton,Move,777,584
151.004,151.004,NoButton,Move,783,583
151.02,151.02,NoButton,Move,790,582
151.036,151.036,NoButton,Move,796,581
151.053,151.053,NoButton,Move,805,580
151.069,151.069,NoButton,Move,812,578
151.087,151.087,NoButton,Move,820,577
151.103,151.103,NoButton,Move,827,576
151.12,151.12,NoButton,Move,835,575
151.136,151.136,NoButton,Move,839,573
151.153,151.153,NoButton,Move,845,573
151.17,151.17,NoButton,Move,846,573
151.329,151.329,NoButton,Move,846,573
151.345,151.345,NoButton,Move,846,573
151.353,151.353,NoButton,Move,847,573
151.37,151.37,NoButton,Move,848,574
151.386,151.386,NoButton,Move,850,575
151.403,151.403,NoButton,Move,854,576
151.42,151.42,NoButton,Move,863,577
151.436,151.436,NoButton,Move,876,578
151.453,151.453,NoButton,Move,895,578
151.47,151.47,NoButton,Move,909,578
151.487,151.487,NoButton,Move,922,578
151.504,151.504,NoButton,Move,931,577
151.52,151.52,NoButton,Move,936,576
151.537,151.537,NoButton,Move,936,576
151.559,151.559,NoButton,Move,937,576
151.663,151.663,Left,Pressed,937,576
151.799,151.799,Left,Released,937,576
151.843,151.843,NoButton,Move,937,576
151.847,151.847,NoButton,Move,936,576
151.854,151.854,NoButton,Move,936,576
151.87,151.87,NoButton,Move,932,576
151.886,151.886,NoButton,Move,926,577
151.903,151.903,NoButton,Move,918,578
151.92,151.92,NoButton,Move,914,580
151.936,151.936,NoButton,Move,910,581
151.954,151.954,NoButton,Move,906,583
151.97,151.97,NoButton,Move,900,584
151.986,151.986,NoButton,Move,892,587
152.003,152.003,NoButton,Move,879,590
152.02,152.02,NoButton,Move,870,592
152.037,152.037,NoButton,Move,863,594
152.053,152.053,NoButton,Move,858,595
152.07,152.07,NoButton,Move,851,597
152.086,152.086,NoButton,Move,843,599
152.104,152.104,NoButton,Move,828,601
152.12,152.12,NoButton,Move,812,603
152.136,152.136,NoButton,Move,792,604
152.153,152.153,NoButton,Move,762,606
152.171,152.171,NoButton,Move,737,608
152.187,152.187,NoButton,Move,713,611
152.203,152.203,NoButton,Move,688,614
152.22,152.22,NoButton,Move,668,616
152.236,152.236,NoButton,Move,653,620
152.253,152.253,NoButton,Move,640,623
152.27,152.27,NoButton,Move,633,624
152.287,152.287,NoButton,Move,629,626
152.303,152.303,NoButton,Move,626,627
152.319,152.319,NoButton,Move,623,627
152.336,152.336,NoButton,Move,619,628
152.353,152.353,NoButton,Move,613,629
152.37,152.37,NoButton,Move,608,630
152.387,152.387,NoButton,Move,601,630
152.404,152.404,NoButton,Move,595,630
152.42,152.42,NoButton,Move,588,630
152.437,152.437,NoButton,Move,576,631
152.453,152.453,NoButton,Move,565,631
152.47,152.47,NoButton,Move,554,631
152.487,152.487,NoButton,Move,545,631
152.503,152.503,NoButton,Move,536,631
152.52,152.52,NoButton,Move,526,631
152.536,152.536,NoButton,Move,515,631
152.553,152.553,NoButton,Move,501,631
152.569,152.569,NoButton,Move,492,631
152.586,152.586,NoButton,Move,485,631
152.604,152.604,NoButton,Move,480,631
152.62,152.62,NoButton,Move,477,631
152.636,152.636,NoButton,Move,474,631
152.653,152.653,NoButton,Move,471,631
152.67,152.67,NoButton,Move,468,631
152.686,152.686,NoButton,Move,466,631
152.704,152.704,NoButton,Move,465,631
152.72,152.72,NoButton,Move,464,631
152.788,152.788,NoButton,Move,465,631
152.791,152.791,NoButton,Move,465,632
152.803,152.803,NoButton,Move,467,632
152.819,152.819,NoButton,Move,473,632
152.836,152.836,NoButton,Move,481,633
152.853,152.853,NoButton,Move,491,633
152.869,152.869,NoButton,Move,504,633
152.887,152.887,NoButton,Move,522,633
152.903,152.903,NoButton,Move,536,633
152.919,152.919,NoButton,Move,549,633
152.937,152.937,NoButton,Move,560,633
152.953,152.953,NoButton,Move,568,633
152.969,152.969,NoButton,Move,576,633
152.986,152.986,NoButton,Move,583,633
153.004,153.004,NoButton,Move,592,633
153.02,153.02,NoButton,Move,599,633
153.037,153.037,NoButton,Move,608,633
153.053,153.053,NoButton,Move,617,633
153.07,153.07,NoButton,Move,626,633
153.086,153.086,NoButton,Move,633,633
153.103,153.103,NoButton,Move,641,633
153.121,153.121,NoButton,Move,646,632
153.136,153.136,NoButton,Move,651,632
153.153,153.153,NoButton,Move,655,632
153.17,153.17,NoButton,Move,659,631
153.186,153.186,NoButton,Move,663,631
153.204,153.204,NoButton,Move,668,631
153.22,153.22,NoButton,Move,673,630
153.236,153.236,NoButton,Move,680,630
153.253,153.253,NoButton,Move,692,630
153.27,153.27,NoButton,Move,701,630
153.286,153.286,NoButton,Move,709,630
153.303,153.303,NoButton,Move,715,629
153.32,153.32,NoButton,Move,720,628
153.336,153.336,NoButton,Move,725,628
153.353,153.353,NoButton,Move,730,627
153.37,153.37,NoButton,Move,734,627
153.386,153.386,NoButton,Move,738,627
153.403,153.403,NoButton,Move,741,627
153.42,153.42,NoButton,Move,745,627
153.436,153.436,NoButton,Move,748,627
153.453,153.453,NoButton,Move,753,626
153.47,153.47,NoButton,Move,756,626
153.487,153.487,NoButton,Move,759,626
153.504,153.504,NoButton,Move,762,625
153.52,153.52,NoButton,Move,765,625
153.536,153.536,NoButton,Move,767,625
153.553,153.553,NoButton,Move,770,625
153.57,153.57,NoButton,Move,773,624
153.586,153.586,NoButton,Move,776,624
153.603,153.603,NoButton,Move,781,623
153.62,153.62,NoButton,Move,785,623
153.636,153.636,NoButton,Move,789,622
153.653,153.653,NoButton,Move,792,621
153.67,153.67,NoButton,Move,793,621
153.688,153.688,NoButton,Move,794,621
153.704,153.704,NoButton,Move,796,620
153.72,153.72,NoButton,Move,798,620
153.736,153.736,NoButton,Move,800,619
153.753,153.753,NoButton,Move,802,619
153.77,153.77,NoButton,Move,803,619
153.787,153.787,NoButton,Move,803,619
153.8,153.8,Left,Pressed,803,619
154.004,154.004,Left,Released,803,619
154.027,154.027,NoButton,Move,803,618
154.031,154.031,NoButton,Move,803,618
154.039,154.039,NoButton,Move,803,618
154.053,154.053,NoButton,Move,805,617
154.07,154.07,NoButton,Move,809,615
154.086,154.086,NoButton,Move,820,613
154.103,154.103,NoButton,Move,843,610
154.12,154.12,NoButton,Move,862,608
154.137,154.137,NoButton,Move,880,607
154.154,154.154,NoButton,Move,894,606
154.17,154.17,NoButton,Move,902,605
154.186,154.186,NoButton,Move,905,605
154.28,154.28,NoButton,Move,905,605
154.287,154.287,NoButton,Move,905,605
154.303,154.303,NoButton,Move,907,605
154.32,154.32,NoButton,Move,909,605
154.337,154.337,NoButton,Move,912,605
154.353,154.353,NoButton,Move,916,606
154.37,154.37,NoButton,Move,922,607
154.387,154.387,NoButton,Move,932,607
154.404,154.404,NoButton,Move,940,608
154.42,154.42,NoButton,Move,950,608
154.436,154.436,NoButton,Move,959,609
154.453,154.453,NoButton,Move,969,611
154.469,154.469,NoButton,Move,976,612
154.486,154.486,NoButton,Move,981,613
154.504,154.504,NoButton,Move,983,614
154.52,154.52,NoButton,Move,984,614
154.536,154.536,NoButton,Move,984,614
154.554,154.554,NoButton,Move,984,614
154.637,154.637,NoButton,Move,984,614
154.653,154.653,NoButton,Move,984,615
154.669,154.669,NoButton,Move,984,615
154.687,154.687,NoButton,Move,983,616
154.703,154.703,NoButton,Move,980,618
154.72,154.72,NoButton,Move,973,620
154.736,154.736,NoButton,Move,958,624
154.753,154.753,NoButton,Move,929,629
154.77,154.77,NoButton,Move,898,636
154.787,154.787,NoButton,Move,862,643
154.804,154.804,NoButton,Move,827,650
154.82,154.82,NoButton,Move,789,657
154.837,154.837,NoButton,Move,744,663
154.853,154.853,NoButton,Move,713,666
154.87,154.87,NoButton,Move,688,668
154.887,154.887,NoButton,Move,672,669
154.903,154.903,NoButton,Move,662,669
154.919,154.919,NoButton,Move,657,669
154.936,154.936,NoButton,Move,652,669
154.953,154.953,NoButton,Move,646,670
154.97,154.97,NoButton,Move,643,670
154.986,154.986,NoButton,Move,640,670
155.004,155.004,NoButton,Move,639,670
155.02,155.02,NoButton,Move,638,670
155.036,155.036,NoButton,Move,636,670
155.054,155.054,NoButton,Move,633,670
155.07,155.07,NoButton,Move,626,670
155.086,155.086,NoButton,Move,614,670
155.103,155.103,NoButton,Move,596,670
155.12,155.12,NoButton,Move,580,670
155.137,155.137,NoButton,Move,564,670
155.154,155.154,NoButton,Move,547,670
155.17,155.17,NoButton,Move,532,670
155.186,155.186,NoButton,Move,519,670
155.203,155.203,NoButton,Move,505,670
155.219,155.219,NoButton,Move,497,670
155.237,155.237,NoButton,Move,492,670
155.254,155.254,NoButton,Move,487,671
155.27,155.27,NoButton,Move,482,672
155.286,155.286,NoButton,Move,474,672
155.303,155.303,NoButton,Move,463,672
155.32,155.32,NoButton,Move,453,672
155.336,155.336,NoButton,Move,443,672
155.354,155.354,NoButton,Move,435,672
155.37,155.37,NoButton,Move,429,672
155.386,155.386,NoButton,Move,423,672
155.403,155.403,NoButton,Move,420,672
155.457,155.457,NoButton,Move,419,672
155.475,155.475,NoButton,Move,420,672
155.486,155.486,NoButton,Move,421,672
155.504,155.504,NoButton,Move,428,672
155.52,155.52,NoButton,Move,437,672
155.537,155.537,NoButton,Move,451,672
155.553,155.553,NoButton,Move,461,672
155.569,155.569,NoButton,Move,471,672
155.586,155.586,NoButton,Move,477,672
155.603,155.603,NoButton,Move,481,672
155.62,155.62,NoButton,Move,481,672
155.637,155.637,NoButton,Move,482,672
155.737,155.737,NoButton,Move,482,671
155.741,155.741,NoButton,Move,482,671
155.753,155.753,NoButton,Move,483,670
155.77,155.77,NoButton,Move,485,669
155.787,155.787,NoButton,Move,490,669
155.803,155.803,NoButton,Move,495,669
155.82,155.82,NoButton,Move,500,669
155.837,155.837,NoButton,Move,504,669
155.853,155.853,NoButton,Move,509,669
155.87,155.87,NoButton,Move,510,669
155.887,155.887,NoButton,Move,511,669
155.913,155.913,NoButton,Move,511,669
155.973,155.973,NoButton,Move,511,669
156.077,156.077,NoButton,Move,512,669
156.111,156.111,NoButton,Move,512,669
156.115,156.115,NoButton,Move,511,668
156.123,156.123,NoButton,Move,511,668
156.136,156.136,NoButton,Move,511,668
156.153,156.153,NoButton,Move,510,666
156.171,156.171,NoButton,Move,509,665
156.186,156.186,NoButton,Move,509,663
156.203,156.203,NoButton,Move,508,662
156.22,156.22,NoButton,Move,508,660
156.237,156.237,NoButton,Move,507,659
156.254,156.254,NoButton,Move,507,659
156.27,156.27,NoButton,Move,507,658
156.287,156.287,NoButton,Move,507,658
156.304,156.304,NoButton,Move,506,657
156.32,156.32,NoButton,Move,506,657
156.337,156.337,NoButton,Move,506,656
156.354,156.354,NoButton,Move,506,656
156.395,156.395,NoButton,Move,506,656
156.399,156.399,NoButton,Move,505,656
156.403,156.403,NoButton,Move,505,656
156.42,156.42,NoButton,Move,504,658
156.437,156.437,NoButton,Move,502,660
156.454,156.454,NoButton,Move,499,664
156.47,156.47,NoButton,Move,493,669
156.486,156.486,NoButton,Move,486,674
156.503,156.503,NoButton,Move,479,679
156.52,156.52,NoButton,Move,473,683
156.537,156.537,NoButton,Move,469,686
156.553,156.553,NoButton,Move,466,688
156.569,156.569,NoButton,Move,465,689
156.586,156.586,NoButton,Move,464,690
156.603,156.603,NoButton,Move,463,691
156.635,156.635,NoButton,Move,463,692
156.639,156.639,NoButton,Move,463,692
156.653,156.653,NoButton,Move,463,692
156.67,156.67,NoButton,Move,463,693
156.686,156.686,NoButton,Move,461,696
156.703,156.703,NoButton,Move,459,699
156.719,156.719,NoButton,Move,458,701
156.736,156.736,NoButton,Move,456,704
156.753,156.753,NoButton,Move,454,707
156.769,156.769,NoButton,Move,452,710
156.787,156.787,NoButton,Move,448,714
156.804,156.804,NoButton,Move,441,719
156.82,156.82,NoButton,Move,435,723
156.837,156.837,NoButton,Move,428,728
156.853,156.853,NoButton,Move,418,733
156.87,156.87,NoButton,Move,410,736
156.886,156.886,NoButton,Move,403,738
156.903,156.903,NoButton,Move,397,740
156.919,156.919,NoButton,Move,394,740
156.937,156.937,NoButton,Move,394,741
156.985,156.985,NoButton,Move,394,741
157.001,157.001,NoButton,Move,394,740
157.005,157.005,NoButton,Move,394,740
157.02,157.02,NoButton,Move,396,740
157.037,157.037,NoButton,Move,399,739
157.053,157.053,NoButton,Move,404,739
157.07,157.07,NoButton,Move,408,738
157.086,157.086,NoButton,Move,412,737
157.104,157.104,NoButton,Move,418,735
157.12,157.12,NoButton,Move,425,732
157.136,157.136,NoButton,Move,435,729
157.153,157.153,NoButton,Move,449,725
157.17,157.17,NoButton,Move,461,722
157.187,157.187,NoButton,Move,469,720
157.204,157.204,NoButton,Move,476,719
157.219,157.219,NoButton,Move,482,718
157.237,157.237,NoButton,Move,488,718
157.253,157.253,NoButton,Move,493,718
157.27,157.27,NoButton,Move,496,718
157.287,157.287,NoButton,Move,496,718
157.303,157.303,NoButton,Move,497,718
157.32,157.32,NoButton,Move,498,718
157.336,157.336,NoButton,Move,504,719
157.353,157.353,NoButton,Move,513,720
157.37,157.37,NoButton,Move,524,722
157.386,157.386,NoButton,Move,535,723
157.403,157.403,NoButton,Move,548,725
157.416,157.416,NoButton,Move,554,725
157.42,157.42,Left,Pressed,554,725
157.42,157.42,NoButton,Drag,560,725
157.423,157.423,NoButton,Drag,563,725
157.427,157.427,NoButton,Drag,565,725
157.431,157.431,NoButton,Drag,568,725
157.435,157.435,NoButton,Drag,571,725
157.439,157.439,NoButton,Drag,574,725
157.443,157.443,NoButton,Drag,576,725
157.447,157.447,NoButton,Drag,579,725
157.451,157.451,NoButton,Drag,581,725
157.455,157.455,NoButton,Drag,584,725
157.459,157.459,NoButton,Drag,586,725
157.463,157.463,NoButton,Drag,588,725
157.468,157.468,NoButton,Drag,590,725
157.471,157.471,NoButton,Drag,591,725
157.475,157.475,NoButton,Drag,593,725
157.479,157.479,NoButton,Drag,595,725
157.483,157.483,NoButton,Drag,596,725
157.487,157.487,NoButton,Drag,597,725
157.491,157.491,NoButton,Drag,598,725
157.495,157.495,NoButton,Drag,599,725
157.499,157.499,NoButton,Drag,599,724
157.503,157.503,NoButton,Drag,600,724
157.507,157.507,NoButton,Drag,600,724
157.511,157.511,NoButton,Drag,601,724
157.515,157.515,NoButton,Drag,602,724
157.519,157.519,NoButton,Drag,602,724
157.523,157.523,NoButton,Drag,603,724
157.527,157.527,NoButton,Drag,603,723
157.531,157.531,NoButton,Drag,604,723
157.535,157.535,NoButton,Drag,604,723
157.539,157.539,NoButton,Drag,605,723
157.543,157.543,NoButton,Drag,606,723
157.547,157.547,NoButton,Drag,606,723
157.551,157.551,NoButton,Drag,607,723
157.555,157.555,NoButton,Drag,608,723
157.559,157.559,NoButton,Drag,609,723
157.563,157.563,NoButton,Drag,611,723
157.567,157.567,NoButton,Drag,612,722
157.571,157.571,NoButton,Drag,614,722
157.575,157.575,NoButton,Drag,615,722
157.579,157.579,NoButton,Drag,617,722
157.583,157.583,NoButton,Drag,619,721
157.587,157.587,NoButton,Drag,621,720
157.591,157.591,NoButton,Drag,622,720
157.595,157.595,NoButton,Drag,624,719
157.599,157.599,NoButton,Drag,626,719
157.603,157.603,NoButton,Drag,627,719
157.607,157.607,NoButton,Drag,629,718
157.611,157.611,Left,Released,629,718
157.612,157.612,NoButton,Move,630,718
157.619,157.619,NoButton,Move,633,717
157.637,157.637,NoButton,Move,636,716
157.653,157.653,NoButton,Move,638,716
157.67,157.67,NoButton,Move,640,715
157.715,157.715,NoButton,Move,640,715
157.723,157.723,NoButton,Move,640,715
157.736,157.736,NoButton,Move,640,715
157.753,157.753,NoButton,Move,641,714
157.77,157.77,NoButton,Move,642,714
157.786,157.786,NoButton,Move,642,714
157.803,157.803,NoButton,Move,643,714
157.82,157.82,NoButton,Move,644,714
157.836,157.836,NoButton,Move,645,713
157.853,157.853,NoButton,Move,648,713
157.869,157.869,NoButton,Move,650,713
157.886,157.886,NoButton,Move,653,713
157.903,157.903,NoButton,Move,655,713
157.92,157.92,NoButton,Move,658,713
157.936,157.936,NoButton,Move,663,713
157.953,157.953,NoButton,Move,671,713
157.97,157.97,NoButton,Move,676,713
157.987,157.987,NoButton,Move,681,713
158.003,158.003,NoButton,Move,684,713
158.02,158.02,NoButton,Move,687,713
158.037,158.037,NoButton,Move,690,713
158.054,158.054,NoButton,Move,695,713
158.07,158.07,NoButton,Move,699,714
158.087,158.087,NoButton,Move,704,715
158.103,158.103,NoButton,Move,711,715
158.121,158.121,NoButton,Move,718,716
158.136,158.136,NoButton,Move,728,716
158.153,158.153,NoButton,Move,743,717
158.169,158.169,NoButton,Move,755,717
158.186,158.186,NoButton,Move,766,717
158.203,158.203,NoButton,Move,775,717
158.219,158.219,NoButton,Move,782,717
158.236,158.236,NoButton,Move,787,716
158.253,158.253,NoButton,Move,791,714
158.269,158.269,NoButton,Move,794,714
158.287,158.287,NoButton,Move,798,713
158.303,158.303,NoButton,Move,802,712
158.32,158.32,NoButton,Move,806,712
158.336,158.336,NoButton,Move,810,712
158.353,158.353,NoButton,Move,815,712
158.37,158.37,NoButton,Move,819,712
158.386,158.386,NoButton,Move,821,711
158.403,158.403,NoButton,Move,821,711
158.447,158.447,NoButton,Move,821,711
158.453,158.453,NoButton,Move,822,711
158.469,158.469,NoButton,Move,823,710
158.486,158.486,NoButton,Move,824,710
158.503,158.503,NoButton,Move,826,709
158.52,158.52,NoButton,Move,827,709
158.536,158.536,NoButton,Move,827,709
158.553,158.553,NoButton,Move,828,708
158.57,158.57,NoButton,Move,829,708
158.586,158.586,NoButton,Move,830,708
158.604,158.604,NoButton,Move,830,708
158.695,158.695,NoButton,Move,830,708
158.703,158.703,NoButton,Move,829,708
158.72,158.72,NoButton,Move,827,710
158.736,158.736,NoButton,Move,822,711
158.753,158.753,NoButton,Move,813,714
158.77,158.77,NoButton,Move,803,717
158.787,158.787,NoButton,Move,792,719
158.803,158.803,NoButton,Move,780,723
158.82,158.82,NoButton,Move,768,727
158.836,158.836,NoButton,Move,751,732
158.853,158.853,NoButton,Move,729,738
158.869,158.869,NoButton,Move,703,745
158.886,158.886,NoButton,Move,674,752
158.903,158.903,NoButton,Move,631,760
158.919,158.919,NoButton,Move,595,763
158.937,158.937,NoButton,Move,554,764
158.953,158.953,NoButton,Move,517,764
158.971,158.971,NoButton,Move,490,763
158.987,158.987,NoButton,Move,474,761
159.003,159.003,NoButton,Move,468,761
159.093,159.093,NoButton,Move,467,761
159.129,159.129,NoButton,Move,467,761
159.137,159.137,NoButton,Move,467,761
159.153,159.153,NoButton,Move,466,761
159.17,159.17,NoButton,Move,466,761
159.189,159.189,NoButton,Move,465,761
159.203,159.203,NoButton,Move,465,761
159.221,159.221,NoButton,Move,465,761
159.245,159.245,NoButton,Move,465,761
159.257,159.257,NoButton,Move,464,760
159.31,159.31,NoButton,Move,464,760
159.362,159.362,Scroll,Down,464,760
159.393,159.393,Scroll,Down,464,760
159.417,159.417,Scroll,Down,464,760
159.518,159.518,NoButton,Move,464,760
159.539,159.539,Scroll,Down,464,760
159.64,159.64,NoButton,Move,464,760
159.819,159.819,NoButton,Move,464,760
159.839,159.839,NoButton,Move,464,760
159.854,159.854,NoButton,Move,464,760
159.875,159.875,NoButton,Move,463,760
159.887,159.887,NoButton,Move,463,760
159.903,159.903,NoButton,Move,462,760
159.92,159.92,NoButton,Move,461,760
159.937,159.937,NoButton,Move,460,759
159.953,159.953,NoButton,Move,457,758
159.97,159.97,NoButton,Move,455,758
159.986,159.986,NoButton,Move,451,757
160.003,160.003,NoButton,Move,444,755
160.019,160.019,NoButton,Move,437,751
160.037,160.037,NoButton,Move,429,746
160.053,160.053,NoButton,Move,421,740
160.069,160.069,NoButton,Move,415,736
160.086,160.086,NoButton,Move,413,732
160.103,160.103,NoButton,Move,411,730
160.119,160.119,NoButton,Move,410,726
160.136,160.136,NoButton,Move,408,724
160.153,160.153,NoButton,Move,407,721
160.17,160.17,NoButton,Move,407,719
160.186,160.186,NoButton,Move,405,717
160.203,160.203,NoButton,Move,405,714
160.219,160.219,NoButton,Move,402,710
160.236,160.236,NoButton,Move,399,705
160.253,160.253,NoButton,Move,399,703
160.27,160.27,NoButton,Move,399,701
160.286,160.286,NoButton,Move,399,700
160.304,160.304,NoButton,Move,399,699
160.32,160.32,NoButton,Move,399,698
160.337,160.337,NoButton,Move,400,698
160.353,160.353,NoButton,Move,400,697
160.37,160.37,NoButton,Move,401,695
160.386,160.386,NoButton,Move,402,694
160.403,160.403,NoButton,Move,403,692
160.42,160.42,NoButton,Move,405,689
160.437,160.437,NoButton,Move,406,687
160.453,160.453,NoButton,Move,407,685
160.47,160.47,NoButton,Move,408,682
160.487,160.487,NoButton,Move,409,679
160.504,160.504,NoButton,Move,410,676
160.52,160.52,NoButton,Move,411,673
160.537,160.537,NoButton,Move,414,670
160.553,160.553,NoButton,Move,416,666
160.57,160.57,NoButton,Move,418,662
160.587,160.587,NoButton,Move,421,659
160.604,160.604,NoButton,Move,424,654
160.62,160.62,NoButton,Move,427,650
160.636,160.636,NoButton,Move,430,646
160.653,160.653,NoButton,Move,433,641
160.67,160.67,NoButton,Move,436,638
160.686,160.686,NoButton,Move,438,634
160.703,160.703,NoButton,Move,440,631
160.719,160.719,NoButton,Move,443,627
160.736,160.736,NoButton,Move,443,626
160.753,160.753,NoButton,Move,443,626
160.791,160.791,NoButton,Move,444,626
160.811,160.811,NoButton,Move,444,626
160.82,160.82,NoButton,Move,443,627
160.836,160.836,NoButton,Move,439,629
160.853,160.853,NoButton,Move,431,635
160.87,160.87,NoButton,Move,421,644
160.886,160.886,NoButton,Move,419,645
160.903,160.903,NoButton,Move,419,647
161.263,161.263,NoButton,Move,419,646
161.267,161.267,NoButton,Move,420,644
161.271,161.271,NoButton,Move,422,639
161.286,161.286,NoButton,Move,427,630
161.303,161.303,NoButton,Move,428,629
161.319,161.319,NoButton,Move,428,628
161.336,161.336,NoButton,Move,428,626
161.353,161.353,NoButton,Move,429,623
161.37,161.37,NoButton,Move,430,621
161.387,161.387,NoButton,Move,430,618
161.404,161.404,NoButton,Move,431,615
161.42,161.42,NoButton,Move,432,611
161.436,161.436,NoButton,Move,433,607
161.453,161.453,NoButton,Move,434,604
161.47,161.47,NoButton,Move,434,602
161.486,161.486,NoButton,Move,435,601
161.503,161.503,NoButton,Move,435,600
161.52,161.52,NoButton,Move,436,599
161.537,161.537,NoButton,Move,438,597
161.553,161.553,NoButton,Move,438,597
161.57,161.57,NoButton,Move,440,596
161.586,161.586,NoButton,Move,441,595
161.603,161.603,NoButton,Move,442,594
161.62,161.62,NoButton,Move,445,592
161.637,161.637,NoButton,Move,449,589
161.653,161.653,NoButton,Move,456,585
161.669,161.669,NoButton,Move,461,581
161.687,161.687,NoButton,Move,465,579
161.704,161.704,NoButton,Move,468,576
161.72,161.72,NoButton,Move,474,573
161.736,161.736,NoButton,Move,479,570
161.753,161.753,NoButton,Move,488,568
161.77,161.77,NoButton,Move,492,566
161.786,161.786,NoButton,Move,497,565
161.803,161.803,NoButton,Move,502,564
161.82,161.82,NoButton,Move,507,562
161.836,161.836,NoButton,Move,513,561
161.853,161.853,NoButton,Move,519,560
161.87,161.87,NoButton,Move,522,560
161.886,161.886,NoButton,Move,526,560
161.903,161.903,NoButton,Move,530,560
161.92,161.92,NoButton,Move,533,560
161.936,161.936,NoButton,Move,536,560
161.954,161.954,NoButton,Move,541,560
161.969,161.969,NoButton,Move,545,561
161.986,161.986,NoButton,Move,550,561
162.003,162.003,NoButton,Move,557,563
162.02,162.02,NoButton,Move,564,564
162.037,162.037,NoButton,Move,570,565
162.054,162.054,NoButton,Move,576,565
162.07,162.07,NoButton,Move,581,566
162.086,162.086,NoButton,Move,585,566
162.103,162.103,NoButton,Move,591,567
162.119,162.119,NoButton,Move,596,567
162.136,162.136,NoButton,Move,600,567
162.153,162.153,NoButton,Move,605,567
162.169,162.169,NoButton,Move,610,567
162.186,162.186,NoButton,Move,617,567
162.203,162.203,NoButton,Move,630,567
162.219,162.219,NoButton,Move,640,567
162.237,162.237,NoButton,Move,652,567
162.253,162.253,NoButton,Move,666,566
162.27,162.27,NoButton,Move,679,564
162.286,162.286,NoButton,Move,693,562
162.303,162.303,NoButton,Move,708,560
162.319,162.319,NoButton,Move,719,558
162.336,162.336,NoButton,Move,728,557
162.353,162.353,NoButton,Move,735,556
162.37,162.37,NoButton,Move,741,554
162.386,162.386,NoButton,Move,745,553
162.403,162.403,NoButton,Move,749,553
162.419,162.419,NoButton,Move,749,553
162.465,162.465,NoButton,Move,749,553
162.469,162.469,NoButton,Move,750,553
162.486,162.486,NoButton,Move,751,552
162.503,162.503,NoButton,Move,753,551
162.52,162.52,NoButton,Move,756,550
162.536,162.536,NoButton,Move,758,549
162.553,162.553,NoButton,Move,761,549
162.569,162.569,NoButton,Move,762,548
162.587,162.587,NoButton,Move,764,548
162.603,162.603,NoButton,Move,766,548
162.619,162.619,NoButton,Move,767,547
162.636,162.636,NoButton,Move,768,547
162.653,162.653,NoButton,Move,771,546
162.67,162.67,NoButton,Move,775,545
162.687,162.687,NoButton,Move,778,544
162.703,162.703,NoButton,Move,781,544
162.719,162.719,NoButton,Move,782,544
162.736,162.736,NoButton,Move,783,544
162.753,162.753,NoButton,Move,783,543
162.818,162.818,Left,Pressed,783,543
162.905,162.905,Left,Released,783,543
162.969,162.969,NoButton,Move,783,543
162.977,162.977,NoButton,Move,784,543
162.986,162.986,NoButton,Move,784,543
163.003,163.003,NoButton,Move,785,543
163.02,163.02,NoButton,Move,788,542
163.037,163.037,NoButton,Move,791,542
163.053,163.053,NoButton,Move,799,541
163.07,163.07,NoButton,Move,810,541
163.086,163.086,NoButton,Move,821,541
163.103,163.103,NoButton,Move,835,541
163.12,163.12,NoButton,Move,849,542
163.137,163.137,NoButton,Move,863,543
163.153,163.153,NoButton,Move,877,545
163.17,163.17,NoButton,Move,890,546
163.186,163.186,NoButton,Move,903,547
163.203,163.203,NoButton,Move,915,547
163.219,163.219,NoButton,Move,922,547
163.237,163.237,NoButton,Move,928,547
163.253,163.253,NoButton,Move,933,547
163.27,163.27,NoButton,Move,936,547
163.286,163.286,NoButton,Move,939,547
163.303,163.303,NoButton,Move,941,547
163.319,163.319,NoButton,Move,942,547
163.337,163.337,NoButton,Move,943,547
163.353,163.353,NoButton,Move,943,547
163.369,163.369,NoButton,Move,945,547
163.386,163.386,NoButton,Move,946,547
163.403,163.403,NoButton,Move,949,547
163.419,163.419,NoButton,Move,953,546
163.436,163.436,NoButton,Move,957,546
163.453,163.453,NoButton,Move,963,546
163.469,163.469,NoButton,Move,968,546
163.486,163.486,NoButton,Move,974,546
163.503,163.503,NoButton,Move,979,546
163.519,163.519,NoButton,Move,983,546
163.537,163.537,NoButton,Move,984,546
163.553,163.553,NoButton,Move,985,546
163.605,163.605,NoButton,Move,984,546
163.609,163.609,NoButton,Move,984,547
163.619,163.619,NoButton,Move,983,547
163.636,163.636,NoButton,Move,979,550
163.653,163.653,NoButton,Move,965,555
163.669,163.669,NoButton,Move,947,560
163.687,163.687,NoButton,Move,924,567
163.703,163.703,NoButton,Move,899,574
163.719,163.719,NoButton,Move,872,580
163.736,163.736,NoButton,Move,846,584
163.753,163.753,NoButton,Move,818,586
163.769,163.769,NoButton,Move,795,586
163.787,163.787,NoButton,Move,771,586
163.803,163.803,NoButton,Move,752,586
163.82,163.82,NoButton,Move,737,586
163.836,163.836,NoButton,Move,729,586
163.853,163.853,NoButton,Move,726,586
163.87,163.87,NoButton,Move,726,586
163.91,163.91,NoButton,Move,726,586
163.913,163.913,NoButton,Move,726,586
163.92,163.92,NoButton,Move,725,586
163.936,163.936,NoButton,Move,723,585
163.953,163.953,NoButton,Move,718,584
163.969,163.969,NoButton,Move,712,584
163.986,163.986,NoButton,Move,704,584
164.004,164.004,NoButton,Move,693,584
164.019,164.019,NoButton,Move,681,584
164.036,164.036,NoButton,Move,669,584
164.053,164.053,NoButton,Move,655,584
164.07,164.07,NoButton,Move,642,584
164.086,164.086,NoButton,Move,628,584
164.104,164.104,NoButton,Move,609,584
164.12,164.12,NoButton,Move,591,586
164.136,164.136,NoButton,Move,574,587
164.153,164.153,NoButton,Move,555,588
164.169,164.169,NoButton,Move,543,589
164.186,164.186,NoButton,Move,531,589
164.203,164.203,NoButton,Move,516,590
164.219,164.219,NoButton,Move,505,590
164.236,164.236,NoButton,Move,496,590
164.253,164.253,NoButton,Move,489,590
164.27,164.27,NoButton,Move,486,590
164.287,164.287,NoButton,Move,486,590
164.447,164.447,NoButton,Move,486,590
164.451,164.451,NoButton,Move,487,590
164.455,164.455,NoButton,Move,487,590
164.47,164.47,NoButton,Move,491,590
164.486,164.486,NoButton,Move,499,589
164.503,164.503,NoButton,Move,509,589
164.519,164.519,NoButton,Move,516,591
164.536,164.536,NoButton,Move,522,592
164.554,164.554,NoButton,Move,528,592
164.57,164.57,NoButton,Move,533,593
164.586,164.586,NoButton,Move,538,593
164.603,164.603,NoButton,Move,543,593
164.619,164.619,NoButton,Move,547,593
164.637,164.637,NoButton,Move,550,593
164.653,164.653,NoButton,Move,553,593
164.669,164.669,NoButton,Move,557,593
164.686,164.686,NoButton,Move,561,593
164.703,164.703,NoButton,Move,568,594
164.719,164.719,NoButton,Move,574,594
164.736,164.736,NoButton,Move,579,594
164.754,164.754,NoButton,Move,581,595
164.769,164.769,NoButton,Move,581,595
164.786,164.786,NoButton,Move,581,596
164.803,164.803,NoButton,Move,581,596
164.819,164.819,NoButton,Move,579,598
164.836,164.836,NoButton,Move,575,600
164.853,164.853,NoButton,Move,565,603
164.869,164.869,NoButton,Move,553,606
164.886,164.886,NoButton,Move,539,609
164.903,164.903,NoButton,Move,526,613
164.92,164.92,NoButton,Move,513,616
164.936,164.936,NoButton,Move,500,618
164.953,164.953,NoButton,Move,488,620
164.97,164.97,NoButton,Move,481,621
164.986,164.986,NoButton,Move,475,622
165.004,165.004,NoButton,Move,470,622
165.02,165.02,NoButton,Move,467,623
165.036,165.036,NoButton,Move,465,623
165.053,165.053,NoButton,Move,462,624
165.07,165.07,NoButton,Move,462,624
165.249,165.249,NoButton,Move,461,624
165.257,165.257,NoButton,Move,461,624
165.27,165.27,NoButton,Move,461,625
165.287,165.287,NoButton,Move,460,625
165.304,165.304,NoButton,Move,458,626
165.319,165.319,NoButton,Move,455,627
165.337,165.337,NoButton,Move,446,629
165.353,165.353,NoButton,Move,437,632
165.37,165.37,NoButton,Move,429,634
165.386,165.386,NoButton,Move,423,635
165.403,165.403,NoButton,Move,418,637
165.419,165.419,NoButton,Move,415,637
165.436,165.436,NoButton,Move,414,637
165.454,165.454,NoButton,Move,414,637
165.47,165.47,NoButton,Move,413,637
165.486,165.486,NoButton,Move,413,638
165.503,165.503,NoButton,Move,412,638
165.519,165.519,NoButton,Move,411,639
165.536,165.536,NoButton,Move,409,640
165.553,165.553,NoButton,Move,408,640
165.569,165.569,NoButton,Move,407,640
165.603,165.603,NoButton,Move,407,640
165.631,165.631,NoButton,Move,406,641
165.643,165.643,NoButton,Move,406,641
165.653,165.653,NoButton,Move,406,641
165.67,165.67,NoButton,Move,407,642
165.686,165.686,NoButton,Move,409,643
165.703,165.703,NoButton,Move,411,644
165.719,165.719,NoButton,Move,412,644
165.736,165.736,NoButton,Move,413,645
165.753,165.753,NoButton,Move,413,645
165.77,165.77,NoButton,Move,414,646
165.786,165.786,NoButton,Move,415,647
165.803,165.803,NoButton,Move,417,649
165.819,165.819,NoButton,Move,420,650
165.837,165.837,NoButton,Move,422,652
165.853,165.853,NoButton,Move,424,653
165.87,165.87,NoButton,Move,426,653
165.886,165.886,NoButton,Move,428,655
165.904,165.904,NoButton,Move,432,656
165.92,165.92,NoButton,Move,436,657
165.936,165.936,NoButton,Move,442,658
165.953,165.953,NoButton,Move,448,660
165.969,165.969,NoButton,Move,452,661
165.986,165.986,NoButton,Move,456,662
166.003,166.003,NoButton,Move,459,662
166.02,166.02,NoButton,Move,463,663
166.036,166.036,NoButton,Move,467,663
166.053,166.053,NoButton,Move,473,664
166.069,166.069,NoButton,Move,477,665
166.086,166.086,NoButton,Move,481,665
166.104,166.104,NoButton,Move,485,666
166.12,166.12,NoButton,Move,488,667
166.136,166.136,NoButton,Move,493,667
166.153,166.153,NoButton,Move,500,668
166.17,166.17,NoButton,Move,508,669
166.187,166.187,NoButton,Move,516,669
166.204,166.204,NoButton,Move,525,670
166.219,166.219,NoButton,Move,533,670
166.236,166.236,NoButton,Move,542,671
166.253,166.253,NoButton,Move,555,671
166.27,166.27,NoButton,Move,567,671
166.286,166.286,NoButton,Move,578,672
166.303,166.303,NoButton,Move,588,672
166.32,166.32,NoButton,Move,595,672
166.336,166.336,NoButton,Move,601,672
166.353,166.353,NoButton,Move,609,673
166.369,166.369,NoButton,Move,615,673
166.387,166.387,NoButton,Move,620,673
166.403,166.403,NoButton,Move,625,673
166.42,166.42,NoButton,Move,629,674
166.436,166.436,NoButton,Move,634,674
166.453,166.453,NoButton,Move,639,674
166.47,166.47,NoButton,Move,643,674
166.486,166.486,NoButton,Move,646,674
166.503,166.503,NoButton,Move,649,674
166.519,166.519,NoButton,Move,652,674
166.536,166.536,NoButton,Move,653,674
166.553,166.553,NoButton,Move,654,674
166.571,166.571,NoButton,Move,654,674
166.586,166.586,NoButton,Move,654,674
166.603,166.603,NoButton,Move,657,674
166.619,166.619,NoButton,Move,660,675
166.636,166.636,NoButton,Move,663,675
166.654,166.654,NoButton,Move,666,675
166.67,166.67,NoButton,Move,670,675
166.686,166.686,NoButton,Move,673,675
166.703,166.703,NoButton,Move,679,675
166.72,166.72,NoButton,Move,684,675
166.737,166.737,NoButton,Move,688,675
166.753,166.753,NoButton,Move,693,675
166.769,166.769,NoButton,Move,697,674
166.787,166.787,NoButton,Move,705,673
166.803,166.803,NoButton,Move,711,671
166.819,166.819,NoButton,Move,720,670
166.836,166.836,NoButton,Move,728,669
166.853,166.853,NoButton,Move,737,668
166.87,166.87,NoButton,Move,744,667
166.886,166.886,NoButton,Move,750,666
166.903,166.903,NoButton,Move,755,665
166.919,166.919,NoButton,Move,760,665
166.936,166.936,NoButton,Move,764,664
166.953,166.953,NoButton,Move,767,663
166.97,166.97,NoButton,Move,771,663
166.986,166.986,NoButton,Move,773,662
167.003,167.003,NoButton,Move,777,661
167.019,167.019,NoButton,Move,779,661
167.036,167.036,NoButton,Move,782,660
167.053,167.053,NoButton,Move,787,659
167.069,167.069,NoButton,Move,791,659
167.087,167.087,NoButton,Move,796,657
167.103,167.103,NoButton,Move,803,657
167.12,167.12,NoButton,Move,808,656
167.136,167.136,NoButton,Move,814,655
167.153,167.153,NoButton,Move,821,654
167.169,167.169,NoButton,Move,826,653
167.186,167.186,NoButton,Move,832,652
167.204,167.204,NoButton,Move,837,650
167.22,167.22,NoButton,Move,842,650
167.236,167.236,NoButton,Move,846,650
167.253,167.253,NoButton,Move,849,649
167.269,167.269,NoButton,Move,851,649
167.286,167.286,NoButton,Move,852,648
167.304,167.304,NoButton,Move,854,648
167.319,167.319,NoButton,Move,855,648
167.336,167.336,NoButton,Move,856,648
167.353,167.353,NoButton,Move,859,648
167.369,167.369,NoButton,Move,862,648
167.386,167.386,NoButton,Move,866,648
167.403,167.403,NoButton,Move,870,648
167.42,167.42,NoButton,Move,874,648
167.436,167.436,NoButton,Move,881,648
167.453,167.453,NoButton,Move,892,648
167.469,167.469,NoButton,Move,901,648
167.486,167.486,NoButton,Move,909,648
167.503,167.503,NoButton,Move,914,648
167.52,167.52,NoButton,Move,915,647
167.536,167.536,NoButton,Move,916,647
167.589,167.589,NoButton,Move,915,647
167.593,167.593,NoButton,Move,915,647
167.603,167.603,NoButton,Move,914,647
167.619,167.619,NoButton,Move,911,648
167.637,167.637,NoButton,Move,906,649
167.653,167.653,NoButton,Move,900,651
167.67,167.67,NoButton,Move,889,653
167.686,167.686,NoButton,Move,875,658
167.703,167.703,NoButton,Move,849,664
167.719,167.719,NoButton,Move,825,670
167.737,167.737,NoButton,Move,800,676
167.753,167.753,NoButton,Move,769,682
167.769,167.769,NoButton,Move,732,688
167.786,167.786,NoButton,Move,690,696
167.803,167.803,NoButton,Move,631,700
167.819,167.819,NoButton,Move,583,702
167.836,167.836,NoButton,Move,541,702
167.853,167.853,NoButton,Move,508,702
167.869,167.869,NoButton,Move,484,702
167.886,167.886,NoButton,Move,467,702
167.903,167.903,NoButton,Move,457,702
167.92,167.92,NoButton,Move,456,702
167.963,167.963,NoButton,Move,456,702
167.971,167.971,NoButton,Move,456,701
167.986,167.986,NoButton,Move,456,701
168.003,168.003,NoButton,Move,458,700
168.019,168.019,NoButton,Move,459,700
168.036,168.036,NoButton,Move,460,699
168.053,168.053,NoButton,Move,461,699
168.07,168.07,NoButton,Move,462,699
168.087,168.087,NoButton,Move,462,699
168.123,168.123,NoButton,Move,463,699
168.295,168.295,NoButton,Move,462,699
168.305,168.305,NoButton,Move,462,699
168.32,168.32,NoButton,Move,461,698
168.337,168.337,NoButton,Move,459,698
168.353,168.353,NoButton,Move,455,697
168.369,168.369,NoButton,Move,448,695
168.386,168.386,NoButton,Move,441,695
168.403,168.403,NoButton,Move,436,695
168.42,168.42,NoButton,Move,433,695
168.436,168.436,NoButton,Move,433,695
168.557,168.557,NoButton,Move,433,695
168.561,168.561,NoButton,Move,433,695
168.569,168.569,NoButton,Move,434,695
168.586,168.586,NoButton,Move,435,695
168.603,168.603,NoButton,Move,435,695
168.641,168.641,NoButton,Move,435,695
168.645,168.645,NoButton,Move,435,695
168.653,168.653,NoButton,Move,436,695
168.669,168.669,NoButton,Move,439,695
168.686,168.686,NoButton,Move,443,695
168.703,168.703,NoButton,Move,447,696
168.719,168.719,NoButton,Move,451,696
168.737,168.737,NoButton,Move,454,697
168.753,168.753,NoButton,Move,458,697
168.769,168.769,NoButton,Move,461,697
168.786,168.786,NoButton,Move,464,697
168.803,168.803,NoButton,Move,466,697
168.819,168.819,NoButton,Move,469,697
168.836,168.836,NoButton,Move,471,697
168.853,168.853,NoButton,Move,473,698
168.87,168.87,NoButton,Move,474,698
168.886,168.886,NoButton,Move,476,698
168.903,168.903,NoButton,Move,477,698
168.919,168.919,NoButton,Move,480,698
168.936,168.936,NoButton,Move,484,698
168.954,168.954,NoButton,Move,488,698
168.97,168.97,NoButton,Move,493,698
168.986,168.986,NoButton,Move,498,698
169.003,169.003,NoButton,Move,504,698
169.019,169.019,NoButton,Move,509,698
169.036,169.036,NoButton,Move,514,698
169.053,169.053,NoButton,Move,517,698
169.07,169.07,NoButton,Move,520,698
169.086,169.086,NoButton,Move,522,698
169.103,169.103,NoButton,Move,523,697
169.119,169.119,NoButton,Move,524,697
169.137,169.137,NoButton,Move,526,697
169.153,169.153,NoButton,Move,528,696
169.169,169.169,NoButton,Move,531,696
169.186,169.186,NoButton,Move,534,696
169.203,169.203,NoButton,Move,540,695
169.219,169.219,NoButton,Move,544,695
169.236,169.236,NoButton,Move,548,695
169.253,169.253,NoButton,Move,552,694
169.269,169.269,NoButton,Move,555,693
169.286,169.286,NoButton,Move,558,692
169.303,169.303,NoButton,Move,562,691
169.319,169.319,NoButton,Move,565,691
169.336,169.336,NoButton,Move,567,690
169.353,169.353,NoButton,Move,570,689
169.369,169.369,NoButton,Move,572,689
169.386,169.386,NoButton,Move,574,688
169.404,169.404,NoButton,Move,576,688
169.42,169.42,NoButton,Move,578,687
169.436,169.436,NoButton,Move,580,686
169.453,169.453,NoButton,Move,584,685
169.469,169.469,NoButton,Move,587,685
169.487,169.487,NoButton,Move,589,684
169.504,169.504,NoButton,Move,591,684
169.52,169.52,NoButton,Move,592,683
169.536,169.536,NoButton,Move,593,683
169.553,169.553,NoButton,Move,594,683
169.569,169.569,NoButton,Move,595,683
169.587,169.587,NoButton,Move,596,682
169.603,169.603,NoButton,Move,596,682
169.682,169.682,Left,Pressed,596,682
169.781,169.781,NoButton,Drag,597,682
169.785,169.785,NoButton,Drag,597,682
169.793,169.793,NoButton,Drag,597,682
169.797,169.797,NoButton,Drag,597,682
169.805,169.805,NoButton,Drag,597,682
169.809,169.809,NoButton,Drag,598,682
169.813,169.813,NoButton,Drag,598,682
169.821,169.821,Left,Released,598,682
169.822,169.822,NoButton,Move,598,682
169.836,169.836,NoButton,Move,598,681
169.853,169.853,NoButton,Move,599,681
169.869,169.869,NoButton,Move,600,680
169.887,169.887,NoButton,Move,602,679
169.903,169.903,NoButton,Move,605,678
169.919,169.919,NoButton,Move,610,677
169.937,169.937,NoButton,Move,614,675
169.953,169.953,NoButton,Move,618,674
169.97,169.97,NoButton,Move,621,673
169.986,169.986,NoButton,Move,624,673
170.003,170.003,NoButton,Move,628,672
170.019,170.019,NoButton,Move,633,672
170.037,170.037,NoButton,Move,636,672
170.053,170.053,NoButton,Move,639,671
170.069,170.069,NoButton,Move,639,671
170.163,170.163,NoButton,Move,639,671
170.167,170.167,NoButton,Move,639,671
170.171,170.171,NoButton,Move,638,671
170.186,170.186,NoButton,Move,638,671
170.203,170.203,NoButton,Move,637,671
170.391,170.391,NoButton,Move,637,671
170.411,170.411,Left,Pressed,637,671
170.529,170.529,Left,Released,637,671
170.621,170.621,NoButton,Move,637,671
170.625,170.625,NoButton,Move,637,671
170.636,170.636,NoButton,Move,638,670
170.653,170.653,NoButton,Move,640,670
170.669,170.669,NoButton,Move,642,669
170.686,170.686,NoButton,Move,646,668
170.704,170.704,NoButton,Move,650,667
170.72,170.72,NoButton,Move,655,667
170.737,170.737,NoButton,Move,661,667
170.753,170.753,NoButton,Move,671,667
170.769,170.769,NoButton,Move,679,667
170.786,170.786,NoButton,Move,685,667
170.804,170.804,NoButton,Move,691,667
170.819,170.819,NoButton,Move,694,667
170.836,170.836,NoButton,Move,697,667
170.853,170.853,NoButton,Move,700,667
170.87,170.87,NoButton,Move,702,667
170.887,170.887,NoButton,Move,705,667
170.903,170.903,NoButton,Move,706,667
170.92,170.92,NoButton,Move,709,667
170.936,170.936,NoButton,Move,713,668
170.953,170.953,NoButton,Move,721,668
170.969,170.969,NoButton,Move,729,668
170.986,170.986,NoButton,Move,737,668
171.003,171.003,NoButton,Move,744,668
171.02,171.02,NoButton,Move,751,668
171.036,171.036,NoButton,Move,758,668
171.053,171.053,NoButton,Move,766,668
171.07,171.07,NoButton,Move,772,668
171.087,171.087,NoButton,Move,778,668
171.102,171.102,NoButton,Move,781,668
171.119,171.119,NoButton,Move,784,668
171.136,171.136,NoButton,Move,786,668
171.153,171.153,NoButton,Move,787,668
171.17,171.17,NoButton,Move,787,668
171.187,171.187,NoButton,Move,788,669
171.203,171.203,NoButton,Move,788,669
171.22,171.22,NoButton,Move,789,669
171.255,171.255,NoButton,Move,789,669
171.267,171.267,NoButton,Move,789,669
171.271,171.271,NoButton,Move,789,669
171.286,171.286,NoButton,Move,790,669
171.303,171.303,NoButton,Move,792,669
171.319,171.319,NoButton,Move,793,669
171.336,171.336,NoButton,Move,793,669
171.353,171.353,NoButton,Move,794,669
171.37,171.37,NoButton,Move,796,670
171.386,171.386,NoButton,Move,797,670
171.403,171.403,NoButton,Move,799,670
171.42,171.42,NoButton,Move,800,670
171.437,171.437,NoButton,Move,802,671
171.453,171.453,NoButton,Move,804,671
171.47,171.47,NoButton,Move,805,671
171.486,171.486,NoButton,Move,808,671
171.503,171.503,NoButton,Move,811,671
171.519,171.519,NoButton,Move,813,671
171.537,171.537,NoButton,Move,816,671
171.553,171.553,NoButton,Move,818,671
171.57,171.57,NoButton,Move,820,671
171.586,171.586,NoButton,Move,822,671
171.603,171.603,NoButton,Move,824,671
171.619,171.619,NoButton,Move,826,671
171.636,171.636,NoButton,Move,829,671
171.653,171.653,NoButton,Move,833,671
171.67,171.67,NoButton,Move,837,671
171.686,171.686,NoButton,Move,840,671
171.703,171.703,NoButton,Move,845,671
171.72,171.72,NoButton,Move,849,671
171.736,171.736,NoButton,Move,854,671
171.753,171.753,NoButton,Move,860,671
171.77,171.77,NoButton,Move,865,671
171.786,171.786,NoButton,Move,869,671
171.803,171.803,NoButton,Move,872,671
171.82,171.82,NoButton,Move,875,671
171.836,171.836,NoButton,Move,878,671
171.853,171.853,NoButton,Move,882,671
171.869,171.869,NoButton,Move,885,671
171.886,171.886,NoButton,Move,888,671
171.903,171.903,NoButton,Move,891,672
171.92,171.92,NoButton,Move,894,671
171.936,171.936,NoButton,Move,896,671
171.953,171.953,NoButton,Move,899,671
171.97,171.97,NoButton,Move,902,671
171.986,171.986,NoButton,Move,904,671
172.004,172.004,NoButton,Move,908,671
172.02,172.02,NoButton,Move,911,671
172.036,172.036,NoButton,Move,914,671
172.053,172.053,NoButton,Move,919,671
172.07,172.07,NoButton,Move,925,671
172.086,172.086,NoButton,Move,931,672
172.103,172.103,NoButton,Move,937,672
172.12,172.12,NoButton,Move,943,672
172.136,172.136,NoButton,Move,949,673
172.153,172.153,NoButton,Move,957,673
172.169,172.169,NoButton,Move,966,674
172.187,172.187,NoButton,Move,973,675
172.203,172.203,NoButton,Move,980,675
172.219,172.219,NoButton,Move,987,675
172.237,172.237,NoButton,Move,992,675
172.253,172.253,NoButton,Move,997,675
172.269,172.269,NoButton,Move,999,675
172.286,172.286,NoButton,Move,1000,675
172.415,172.415,NoButton,Move,1000,675
172.419,172.419,NoButton,Move,1000,675
172.437,172.437,NoButton,Move,998,675
172.453,172.453,NoButton,Move,992,676
172.47,172.47,NoButton,Move,980,676
172.486,172.486,NoButton,Move,957,677
172.503,172.503,NoButton,Move,923,680
172.52,172.52,NoButton,Move,868,691
172.537,172.537,NoButton,Move,823,703
172.553,172.553,NoButton,Move,775,714
172.569,172.569,NoButton,Move,720,725
172.586,172.586,NoButton,Move,658,733
172.603,172.603,NoButton,Move,590,742
172.619,172.619,NoButton,Move,504,751
172.636,172.636,NoButton,Move,430,756
172.654,172.654,NoButton,Move,363,758
172.67,172.67,NoButton,Move,307,758
172.687,172.687,NoButton,Move,260,758
172.703,172.703,NoButton,Move,225,758
172.72,172.72,NoButton,Move,194,757
172.737,172.737,NoButton,Move,180,757
172.753,172.753,NoButton,Move,175,757
172.77,172.77,NoButton,Move,175,757
172.905,172.905,NoButton,Move,175,757
172.909,172.909,NoButton,Move,176,757
172.919,172.919,NoButton,Move,177,757
172.936,172.936,NoButton,Move,180,757
172.953,172.953,NoButton,Move,187,757
172.97,172.97,NoButton,Move,192,757
172.986,172.986,NoButton,Move,198,757
173.003,173.003,NoButton,Move,204,757
173.019,173.019,NoButton,Move,208,757
173.036,173.036,NoButton,Move,210,757
173.053,173.053,NoButton,Move,212,757
173.069,173.069,NoButton,Move,213,757
173.087,173.087,NoButton,Move,213,757
173.102,173.102,NoButton,Move,214,757
173.119,173.119,NoButton,Move,215,756
173.136,173.136,NoButton,Move,217,756
173.153,173.153,NoButton,Move,220,756
173.17,173.17,NoButton,Move,223,756
173.186,173.186,NoButton,Move,227,756
173.202,173.202,NoButton,Move,230,756
173.219,173.219,NoButton,Move,233,756
173.236,173.236,NoButton,Move,237,756
173.253,173.253,NoButton,Move,239,756
173.269,173.269,NoButton,Move,242,755
173.287,173.287,NoButton,Move,245,755
173.302,173.302,NoButton,Move,249,754
173.319,173.319,NoButton,Move,252,754
173.336,173.336,NoButton,Move,255,753
173.353,173.353,NoButton,Move,256,753
173.37,173.37,NoButton,Move,257,752
173.386,173.386,NoButton,Move,258,751
173.403,173.403,NoButton,Move,259,750
173.419,173.419,NoButton,Move,260,750
173.437,173.437,NoButton,Move,260,750
173.454,173.454,NoButton,Move,261,749
173.47,173.47,NoButton,Move,261,749
173.491,173.491,NoButton,Move,261,749
173.503,173.503,NoButton,Move,261,748
173.519,173.519,NoButton,Move,262,748
173.537,173.537,NoButton,Move,263,747
173.553,173.553,NoButton,Move,265,746
173.57,173.57,NoButton,Move,266,746
173.586,173.586,NoButton,Move,268,746
173.603,173.603,NoButton,Move,269,745
173.619,173.619,NoButton,Move,270,745
173.637,173.637,NoButton,Move,271,745
173.652,173.652,NoButton,Move,272,744
173.67,173.67,NoButton,Move,275,744
173.687,173.687,NoButton,Move,278,743
173.703,173.703,NoButton,Move,281,743
173.72,173.72,NoButton,Move,283,743
173.736,173.736,NoButton,Move,285,743
173.753,173.753,NoButton,Move,288,743
173.77,173.77,NoButton,Move,291,742
173.786,173.786,NoButton,Move,295,741
173.803,173.803,NoButton,Move,300,741
173.819,173.819,NoButton,Move,303,740
173.836,173.836,NoButton,Move,306,740
173.852,173.852,NoButton,Move,309,740
173.869,173.869,NoButton,Move,313,740
173.886,173.886,NoButton,Move,318,740
173.903,173.903,NoButton,Move,324,740
173.919,173.919,NoButton,Move,328,740
173.936,173.936,NoButton,Move,331,740
173.952,173.952,NoButton,Move,335,739
173.969,173.969,NoButton,Move,340,739
173.986,173.986,NoButton,Move,343,739
174.003,174.003,NoButton,Move,347,738
174.019,174.019,NoButton,Move,351,738
174.036,174.036,NoButton,Move,354,737
174.052,174.052,NoButton,Move,358,737
174.069,174.069,NoButton,Move,364,736
174.086,174.086,NoButton,Move,369,734
174.103,174.103,NoButton,Move,375,733
174.119,174.119,NoButton,Move,380,733
174.136,174.136,NoButton,Move,386,732
174.153,174.153,NoButton,Move,390,731
174.169,174.169,NoButton,Move,392,731
174.187,174.187,NoButton,Move,395,730
174.203,174.203,NoButton,Move,397,730
174.219,174.219,NoButton,Move,400,729
174.236,174.236,NoButton,Move,402,729
174.253,174.253,NoButton,Move,405,729
174.27,174.27,NoButton,Move,406,728
174.286,174.286,NoButton,Move,408,728
174.303,174.303,NoButton,Move,411,728
174.319,174.319,NoButton,Move,415,727
174.336,174.336,NoButton,Move,419,726
174.352,174.352,NoButton,Move,425,725
174.369,174.369,NoButton,Move,432,724
174.387,174.387,NoButton,Move,438,723
174.403,174.403,NoButton,Move,444,722
174.42,174.42,NoButton,Move,449,721
174.436,174.436,NoButton,Move,455,720
174.453,174.453,NoButton,Move,460,718
174.47,174.47,NoButton,Move,464,718
174.486,174.486,NoButton,Move,466,717
174.503,174.503,NoButton,Move,468,717
174.52,174.52,NoButton,Move,470,716
174.537,174.537,NoButton,Move,471,716
174.553,174.553,NoButton,Move,473,716
174.57,174.57,NoButton,Move,475,716
174.586,174.586,NoButton,Move,477,715
174.603,174.603,NoButton,Move,479,714
174.619,174.619,NoButton,Move,484,714
174.637,174.637,NoButton,Move,489,712
174.653,174.653,NoButton,Move,498,710
174.669,174.669,NoButton,Move,507,708
174.686,174.686,NoButton,Move,518,706
174.702,174.702,NoButton,Move,530,704
174.719,174.719,NoButton,Move,544,700
174.736,174.736,NoButton,Move,556,698
174.753,174.753,NoButton,Move,566,696
174.77,174.77,NoButton,Move,574,694
174.786,174.786,NoButton,Move,579,693
174.803,174.803,NoButton,Move,582,692
174.819,174.819,NoButton,Move,583,692
174.875,174.875,NoButton,Move,583,692
174.895,174.895,NoButton,Move,583,692
174.911,174.911,NoButton,Move,584,692
174.923,174.923,NoButton,Move,584,692
174.936,174.936,NoButton,Move,585,692
174.952,174.952,NoButton,Move,586,692
174.97,174.97,NoButton,Move,588,692
174.986,174.986,NoButton,Move,589,692
175.003,175.003,NoButton,Move,592,692
175.019,175.019,NoButton,Move,594,692
175.036,175.036,NoButton,Move,598,692
175.053,175.053,NoButton,Move,601,693
175.07,175.07,NoButton,Move,605,694
175.086,175.086,NoButton,Move,612,695
175.103,175.103,NoButton,Move,618,696
175.12,175.12,NoButton,Move,626,697
175.136,175.136,NoButton,Move,632,699
175.153,175.153,NoButton,Move,638,700
175.169,175.169,NoButton,Move,644,701
175.187,175.187,NoButton,Move,648,702
175.202,175.202,NoButton,Move,651,702
175.219,175.219,NoButton,Move,654,702
175.236,175.236,NoButton,Move,656,703
175.254,175.254,NoButton,Move,656,703
175.361,175.361,NoButton,Move,657,703
175.385,175.385,NoButton,Move,657,702
175.389,175.389,NoButton,Move,657,702
175.403,175.403,NoButton,Move,657,702
175.419,175.419,NoButton,Move,656,701
175.437,175.437,NoButton,Move,656,701
175.454,175.454,NoButton,Move,655,701
175.522,175.522,Left,Pressed,655,701
175.661,175.661,NoButton,Drag,655,701
175.665,175.665,NoButton,Drag,655,701
175.667,175.667,NoButton,Drag,655,701
175.671,175.671,NoButton,Drag,654,701
175.675,175.675,NoButton,Drag,653,701
175.679,175.679,NoButton,Drag,651,701
175.683,175.683,NoButton,Drag,650,702
175.687,175.687,NoButton,Drag,648,702
175.691,175.691,Left,Released,648,702
175.692,175.692,NoButton,Move,646,703
175.703,175.703,NoButton,Move,638,705
175.72,175.72,NoButton,Move,625,709
175.736,175.736,NoButton,Move,610,714
175.753,175.753,NoButton,Move,591,721
175.769,175.769,NoButton,Move,567,732
175.786,175.786,NoButton,Move,537,747
175.803,175.803,NoButton,Move,488,770
175.819,175.819,NoButton,Move,440,792
175.836,175.836,NoButton,Move,389,814
175.853,175.853,NoButton,Move,332,840
175.87,175.87,NoButton,Move,274,865
175.886,175.886,NoButton,Move,213,889
175.903,175.903,NoButton,Move,128,899
175.919,175.919,NoButton,Move,53,899
175.936,175.936,NoButton,Move,0,899
175.953,175.953,NoButton,Move,0,899
175.971,175.971,NoButton,Move,0,899
175.986,175.986,NoButton,Move,0,899
176.002,176.002,NoButton,Move,0,899
176.019,176.019,NoButton,Move,0,899
176.036,176.036,NoButton,Move,0,899
176.053,176.053,NoButton,Move,0,899
176.069,176.069,NoButton,Move,0,899
176.086,176.086,NoButton,Move,0,899
176.104,176.104,NoButton,Move,0,899
176.119,176.119,NoButton,Move,0,899
176.136,176.136,NoButton,Move,0,896
176.153,176.153,NoButton,Move,0,892
176.169,176.169,NoButton,Move,0,889
176.186,176.186,NoButton,Move,0,887
176.203,176.203,NoButton,Move,0,887
176.219,176.219,NoButton,Move,0,887
176.236,176.236,NoButton,Move,0,887
176.253,176.253,NoButton,Move,0,887
176.269,176.269,NoButton,Move,0,887
176.287,176.287,NoButton,Move,1,887
176.304,176.304,NoButton,Move,1,887
176.321,176.321,NoButton,Move,1,887
176.369,176.369,NoButton,Move,1,887
176.385,176.385,NoButton,Move,1,887
176.389,176.389,NoButton,Move,1,886
176.403,176.403,NoButton,Move,2,886
176.42,176.42,NoButton,Move,2,886
176.436,176.436,NoButton,Move,2,886
176.453,176.453,NoButton,Move,3,884
176.469,176.469,NoButton,Move,3,882
176.486,176.486,NoButton,Move,2,879
176.503,176.503,NoButton,Move,1,876
176.52,176.52,NoButton,Move,0,871
176.536,176.536,NoButton,Move,0,865
176.552,176.552,NoButton,Move,0,858
176.569,176.569,NoButton,Move,0,851
176.587,176.587,NoButton,Move,0,846
176.603,176.603,NoButton,Move,0,841
176.62,176.62,NoButton,Move,0,835
176.636,176.636,NoButton,Move,0,831
176.653,176.653,NoButton,Move,0,826
176.67,176.67,NoButton,Move,0,823
176.686,176.686,NoButton,Move,0,817
176.703,176.703,NoButton,Move,0,813
176.719,176.719,NoButton,Move,0,809
176.736,176.736,NoButton,Move,0,807
176.753,176.753,NoButton,Move,0,804
176.769,176.769,NoButton,Move,0,803
176.786,176.786,NoButton,Move,0,801
176.803,176.803,NoButton,Move,0,800
176.819,176.819,NoButton,Move,1,797
176.836,176.836,NoButton,Move,2,795
176.853,176.853,NoButton,Move,3,793
176.87,176.87,NoButton,Move,6,790
176.886,176.886,NoButton,Move,12,786
176.903,176.903,NoButton,Move,26,781
176.919,176.919,NoButton,Move,41,779
176.936,176.936,NoButton,Move,62,778
176.953,176.953,NoButton,Move,85,777
176.969,176.969,NoButton,Move,111,777
176.986,176.986,NoButton,Move,139,777
177.003,177.003,NoButton,Move,170,779
177.019,177.019,NoButton,Move,191,784
177.036,177.036,NoButton,Move,209,789
177.052,177.052,NoButton,Move,222,793
177.07,177.07,NoButton,Move,232,796
177.086,177.086,NoButton,Move,237,797
177.103,177.103,NoButton,Move,239,797
177.187,177.187,NoButton,Move,239,797
177.303,177.303,NoButton,Move,239,797
177.319,177.319,Scroll,Up,239,797
177.347,177.347,Scroll,Up,239,797
177.365,177.365,Scroll,Up,239,797
177.389,177.389,Scroll,Up,239,797
177.417,177.417,Scroll,Up,239,797
177.49,177.49,NoButton,Move,239,797
177.673,177.673,NoButton,Move,239,797
177.681,177.681,NoButton,Move,239,797
177.687,177.687,NoButton,Move,240,797
177.703,177.703,NoButton,Move,240,796
177.719,177.719,NoButton,Move,241,793
177.736,177.736,NoButton,Move,243,789
177.752,177.752,NoButton,Move,247,784
177.77,177.77,NoButton,Move,253,777
177.787,177.787,NoButton,Move,259,770
177.803,177.803,NoButton,Move,267,760
177.82,177.82,NoButton,Move,275,751
177.836,177.836,NoButton,Move,282,745
177.853,177.853,NoButton,Move,291,738
177.869,177.869,NoButton,Move,297,734
177.886,177.886,NoButton,Move,302,730
177.903,177.903,NoButton,Move,304,728
177.92,177.92,NoButton,Move,304,728
177.969,177.969,NoButton,Move,305,728
177.975,177.975,NoButton,Move,305,728
177.986,177.986,NoButton,Move,305,728
178.003,178.003,NoButton,Move,306,727
178.019,178.019,NoButton,Move,307,727
178.036,178.036,NoButton,Move,309,725
178.053,178.053,NoButton,Move,312,723
178.07,178.07,NoButton,Move,316,721
178.086,178.086,NoButton,Move,319,719
178.102,178.102,NoButton,Move,323,718
178.12,178.12,NoButton,Move,327,716
178.136,178.136,NoButton,Move,331,714
178.152,178.152,NoButton,Move,335,711
178.17,178.17,NoButton,Move,340,708
178.186,178.186,NoButton,Move,346,704
178.202,178.202,NoButton,Move,351,700
178.22,178.22,NoButton,Move,357,696
178.237,178.237,NoButton,Move,361,694
178.253,178.253,NoButton,Move,363,692
178.269,178.269,NoButton,Move,364,691
178.857,178.857,NoButton,Move,364,692
178.869,178.869,NoButton,Move,364,692
178.898,178.898,Scroll,Down,364,692
178.933,178.933,Scroll,Down,364,692
178.977,178.977,Scroll,Down,364,692
179.075,179.075,Scroll,Down,364,692
179.176,179.176,NoButton,Move,364,692
179.511,179.511,Scroll,Down,364,692
179.559,179.559,Scroll,Down,364,692
179.627,179.627,Scroll,Down,364,692
179.709,179.709,Scroll,Down,364,692
179.81,179.81,NoButton,Move,364,692
180.198,180.198,NoButton,Move,364,692
180.205,180.205,NoButton,Move,364,691
180.22,180.22,NoButton,Move,365,691
180.236,180.236,NoButton,Move,366,689
180.253,180.253,NoButton,Move,368,686
180.269,180.269,NoButton,Move,370,684
180.286,180.286,NoButton,Move,372,682
180.303,180.303,NoButton,Move,373,681
180.32,180.32,NoButton,Move,373,681
180.367,180.367,NoButton,Move,373,681
180.379,180.379,NoButton,Move,374,681
180.386,180.386,NoButton,Move,374,680
180.403,180.403,NoButton,Move,375,679
180.42,180.42,NoButton,Move,375,678
180.437,180.437,NoButton,Move,377,677
180.453,180.453,NoButton,Move,378,675
180.469,180.469,NoButton,Move,379,674
180.487,180.487,NoButton,Move,381,672
180.503,180.503,NoButton,Move,384,670
180.52,180.52,NoButton,Move,386,668
180.536,180.536,NoButton,Move,389,665
180.553,180.553,NoButton,Move,394,662
180.57,180.57,NoButton,Move,400,658
180.586,180.586,NoButton,Move,405,655
180.603,180.603,NoButton,Move,409,653
180.619,180.619,NoButton,Move,413,650
180.636,180.636,NoButton,Move,415,649
180.653,180.653,NoButton,Move,417,647
180.67,180.67,NoButton,Move,419,646
180.686,180.686,NoButton,Move,421,644
180.703,180.703,NoButton,Move,423,642
180.719,180.719,NoButton,Move,426,640
180.736,180.736,NoButton,Move,430,638
180.753,180.753,NoButton,Move,434,635
180.77,180.77,NoButton,Move,437,633
180.786,180.786,NoButton,Move,440,631
180.803,180.803,NoButton,Move,441,629
180.82,180.82,NoButton,Move,442,629
180.865,180.865,NoButton,Move,442,629
180.877,180.877,NoButton,Move,442,629
180.886,180.886,NoButton,Move,442,628
180.903,180.903,NoButton,Move,441,628
180.92,180.92,NoButton,Move,440,628
180.936,180.936,NoButton,Move,437,628
180.952,180.952,NoButton,Move,434,630
180.97,180.97,NoButton,Move,428,635
180.986,180.986,NoButton,Move,418,646
181.002,181.002,NoButton,Move,412,652
181.342,181.342,NoButton,Move,412,653
181.345,181.345,NoButton,Move,412,652
181.353,181.353,NoButton,Move,415,647
181.37,181.37,NoButton,Move,416,645
181.386,181.386,NoButton,Move,416,644
181.447,181.447,NoButton,Move,416,644
181.495,181.495,NoButton,Move,416,644
181.503,181.503,NoButton,Move,417,644
181.519,181.519,NoButton,Move,417,644
181.537,181.537,NoButton,Move,419,644
181.553,181.553,NoButton,Move,420,643
181.569,181.569,NoButton,Move,422,642
181.586,181.586,NoButton,Move,422,641
181.603,181.603,NoButton,Move,422,640
181.62,181.62,NoButton,Move,423,639
181.636,181.636,NoButton,Move,423,638
181.653,181.653,NoButton,Move,421,637
181.67,181.67,NoButton,Move,420,636
181.686,181.686,NoButton,Move,418,634
181.703,181.703,NoButton,Move,415,633
181.72,181.72,NoButton,Move,409,630
181.736,181.736,NoButton,Move,405,628
181.753,181.753,NoButton,Move,403,627
181.769,181.769,NoButton,Move,402,626
181.787,181.787,NoButton,Move,402,626
181.811,181.811,NoButton,Move,401,626
181.831,181.831,NoButton,Move,401,626
181.839,181.839,NoButton,Move,401,626
181.853,181.853,NoButton,Move,401,625
181.87,181.87,NoButton,Move,401,625
181.886,181.886,NoButton,Move,401,624
181.903,181.903,NoButton,Move,402,622
181.919,181.919,NoButton,Move,405,620
181.936,181.936,NoButton,Move,411,618
181.953,181.953,NoButton,Move,416,616
181.97,181.97,NoButton,Move,422,615
181.986,181.986,NoButton,Move,426,613
182.003,182.003,NoButton,Move,432,612
182.02,182.02,NoButton,Move,438,611
182.036,182.036,NoButton,Move,444,610
182.053,182.053,NoButton,Move,450,610
182.069,182.069,NoButton,Move,455,610
182.086,182.086,NoButton,Move,460,610
182.103,182.103,NoButton,Move,464,609
182.12,182.12,NoButton,Move,469,609
182.136,182.136,NoButton,Move,473,609
182.152,182.152,NoButton,Move,478,609
182.169,182.169,NoButton,Move,482,609
182.187,182.187,NoButton,Move,482,609
182.225,182.225,NoButton,Move,483,609
182.236,182.236,NoButton,Move,483,609
182.253,182.253,NoButton,Move,486,609
182.269,182.269,NoButton,Move,491,609
182.286,182.286,NoButton,Move,496,608
182.303,182.303,NoButton,Move,502,608
182.32,182.32,NoButton,Move,507,607
182.336,182.336,NoButton,Move,513,607
182.352,182.352,NoButton,Move,520,606
182.369,182.369,NoButton,Move,528,606
182.386,182.386,NoButton,Move,535,605
182.403,182.403,NoButton,Move,541,604
182.42,182.42,NoButton,Move,545,603
182.436,182.436,NoButton,Move,549,603
182.453,182.453,NoButton,Move,554,602
182.469,182.469,NoButton,Move,561,601
182.487,182.487,NoButton,Move,566,601
182.503,182.503,NoButton,Move,572,600
182.52,182.52,NoButton,Move,577,600
182.537,182.537,NoButton,Move,582,599
182.553,182.553,NoButton,Move,587,599
182.569,182.569,NoButton,Move,595,598
182.586,182.586,NoButton,Move,601,598
182.603,182.603,NoButton,Move,610,597
182.619,182.619,NoButton,Move,615,597
182.637,182.637,NoButton,Move,621,596
182.653,182.653,NoButton,Move,625,596
182.67,182.67,NoButton,Move,630,596
182.686,182.686,NoButton,Move,635,596
182.702,182.702,NoButton,Move,639,595
182.719,182.719,NoButton,Move,644,595
182.737,182.737,NoButton,Move,648,595
182.752,182.752,NoButton,Move,651,595
182.77,182.77,NoButton,Move,655,595
182.786,182.786,NoButton,Move,659,595
182.802,182.802,NoButton,Move,663,595
182.819,182.819,NoButton,Move,669,594
182.836,182.836,NoButton,Move,674,594
182.853,182.853,NoButton,Move,680,594
182.869,182.869,NoButton,Move,687,593
182.886,182.886,NoButton,Move,693,593
182.903,182.903,NoButton,Move,701,591
182.919,182.919,NoButton,Move,707,590
182.936,182.936,NoButton,Move,714,589
182.953,182.953,NoButton,Move,719,588
182.969,182.969,NoButton,Move,723,587
182.986,182.986,NoButton,Move,727,587
183.002,183.002,NoButton,Move,728,586
183.02,183.02,NoButton,Move,729,586
183.036,183.036,NoButton,Move,729,586
183.053,183.053,NoButton,Move,729,586
183.069,183.069,NoButton,Move,730,586
183.086,183.086,NoButton,Move,732,585
183.102,183.102,NoButton,Move,734,585
183.119,183.119,NoButton,Move,737,584
183.136,183.136,NoButton,Move,738,584
183.153,183.153,NoButton,Move,740,584
183.169,183.169,NoButton,Move,742,583
183.186,183.186,NoButton,Move,743,582
183.203,183.203,NoButton,Move,744,582
183.22,183.22,NoButton,Move,745,581
183.236,183.236,NoButton,Move,746,581
183.253,183.253,NoButton,Move,746,581
183.27,183.27,NoButton,Move,747,581
183.287,183.287,NoButton,Move,747,580
183.514,183.514,Left,Pressed,747,580
183.553,183.553,NoButton,Drag,747,580
183.565,183.565,NoButton,Drag,747,580
183.629,183.629,Left,Released,747,580
183.705,183.705,NoButton,Move,747,580
183.713,183.713,NoButton,Move,748,580
183.72,183.72,NoButton,Move,748,580
183.737,183.737,NoButton,Move,748,580
183.753,183.753,NoButton,Move,748,579
183.769,183.769,NoButton,Move,749,579
183.786,183.786,NoButton,Move,750,578
183.803,183.803,NoButton,Move,753,577
183.819,183.819,NoButton,Move,754,576
183.837,183.837,NoButton,Move,756,576
183.853,183.853,NoButton,Move,758,575
183.869,183.869,NoButton,Move,761,574
183.886,183.886,NoButton,Move,764,574
183.902,183.902,NoButton,Move,767,573
183.919,183.919,NoButton,Move,771,572
183.936,183.936,NoButton,Move,775,571
183.953,183.953,NoButton,Move,778,570
183.97,183.97,NoButton,Move,781,569
183.987,183.987,NoButton,Move,786,568
184.002,184.002,NoButton,Move,790,567
184.019,184.019,NoButton,Move,796,566
184.036,184.036,NoButton,Move,801,565
184.053,184.053,NoButton,Move,806,564
184.07,184.07,NoButton,Move,810,564
184.086,184.086,NoButton,Move,814,563
184.102,184.102,NoButton,Move,818,563
184.119,184.119,NoButton,Move,823,562
184.136,184.136,NoButton,Move,828,561
184.153,184.153,NoButton,Move,832,560
184.169,184.169,NoButton,Move,835,560
184.186,184.186,NoButton,Move,840,559
184.202,184.202,NoButton,Move,845,559
184.22,184.22,NoButton,Move,852,557
184.236,184.236,NoButton,Move,859,556
184.252,184.252,NoButton,Move,867,554
184.269,184.269,NoButton,Move,874,553
184.286,184.286,NoButton,Move,881,551
184.302,184.302,NoButton,Move,887,550
184.32,184.32,NoButton,Move,895,549
184.336,184.336,NoButton,Move,900,548
184.353,184.353,NoButton,Move,904,547
184.369,184.369,NoButton,Move,905,547
184.386,184.386,NoButton,Move,906,547
184.403,184.403,NoButton,Move,907,546
184.419,184.419,NoButton,Move,907,546
184.436,184.436,NoButton,Move,909,546
184.453,184.453,NoButton,Move,911,546
184.469,184.469,NoButton,Move,915,546
184.486,184.486,NoButton,Move,920,546
184.502,184.502,NoButton,Move,926,546
184.519,184.519,NoButton,Move,932,546
184.536,184.536,NoButton,Move,938,546
184.553,184.553,NoButton,Move,943,547
184.569,184.569,NoButton,Move,946,548
184.587,184.587,NoButton,Move,947,548
184.603,184.603,NoButton,Move,947,549
184.62,184.62,NoButton,Move,947,550
184.636,184.636,NoButton,Move,946,553
184.653,184.653,NoButton,Move,942,558
184.67,184.67,NoButton,Move,934,568
184.686,184.686,NoButton,Move,925,577
184.703,184.703,NoButton,Move,911,588
184.719,184.719,NoButton,Move,892,599
184.737,184.737,NoButton,Move,863,608
184.753,184.753,NoButton,Move,834,613
184.769,184.769,NoButton,Move,799,614
184.787,184.787,NoButton,Move,764,614
184.802,184.802,NoButton,Move,734,614
184.82,184.82,NoButton,Move,711,615
184.836,184.836,NoButton,Move,695,615
184.853,184.853,NoButton,Move,681,617
184.869,184.869,NoButton,Move,673,618
184.887,184.887,NoButton,Move,666,618
184.902,184.902,NoButton,Move,662,619
184.919,184.919,NoButton,Move,658,619
184.937,184.937,NoButton,Move,657,619
184.952,184.952,NoButton,Move,657,619
184.971,184.971,NoButton,Move,657,619
184.986,184.986,NoButton,Move,656,619
185.002,185.002,NoButton,Move,653,619
185.02,185.02,NoButton,Move,646,619
185.036,185.036,NoButton,Move,640,619
185.052,185.052,NoButton,Move,631,619
185.069,185.069,NoButton,Move,623,620
185.086,185.086,NoButton,Move,612,620
185.102,185.102,NoButton,Move,596,621
185.119,185.119,NoButton,Move,573,623
185.137,185.137,NoButton,Move,554,623
185.152,185.152,NoButton,Move,539,623
185.169,185.169,NoButton,Move,525,624
185.186,185.186,NoButton,Move,514,624
185.203,185.203,NoButton,Move,502,624
185.219,185.219,NoButton,Move,490,624
185.236,185.236,NoButton,Move,482,624
185.253,185.253,NoButton,Move,477,624
185.269,185.269,NoButton,Move,474,624
185.286,185.286,NoButton,Move,472,624
185.302,185.302,NoButton,Move,471,625
185.319,185.319,NoButton,Move,468,626
185.337,185.337,NoButton,Move,465,626
185.353,185.353,NoButton,Move,463,626
185.37,185.37,NoButton,Move,460,626
185.386,185.386,NoButton,Move,458,626
185.402,185.402,NoButton,Move,456,626
185.419,185.419,NoButton,Move,455,626
185.437,185.437,NoButton,Move,455,626
185.452,185.452,NoButton,Move,454,626
185.469,185.469,NoButton,Move,452,626
185.487,185.487,NoButton,Move,449,626
185.503,185.503,NoButton,Move,445,626
185.52,185.52,NoButton,Move,438,626
185.536,185.536,NoButton,Move,431,626
185.552,185.552,NoButton,Move,424,626
185.569,185.569,NoButton,Move,414,626
185.586,185.586,NoButton,Move,408,626
185.603,185.603,NoButton,Move,403,626
185.62,185.62,NoButton,Move,399,626
185.636,185.636,NoButton,Move,397,626
185.654,185.654,NoButton,Move,397,626
185.73,185.73,NoButton,Move,397,626
185.736,185.736,NoButton,Move,397,626
185.753,185.753,NoButton,Move,400,624
185.769,185.769,NoButton,Move,405,624
185.787,185.787,NoButton,Move,410,623
185.803,185.803,NoButton,Move,415,623
185.819,185.819,NoButton,Move,420,623
185.836,185.836,NoButton,Move,424,623
185.852,185.852,NoButton,Move,428,623
185.87,185.87,NoButton,Move,433,623
185.886,185.886,NoButton,Move,438,623
185.902,185.902,NoButton,Move,443,623
185.919,185.919,NoButton,Move,448,623
185.936,185.936,NoButton,Move,453,623
185.953,185.953,NoButton,Move,460,623
185.969,185.969,NoButton,Move,466,623
185.986,185.986,NoButton,Move,474,623
186.003,186.003,NoButton,Move,482,623
186.02,186.02,NoButton,Move,493,623
186.036,186.036,NoButton,Move,504,623
186.053,186.053,NoButton,Move,512,623
186.07,186.07,NoButton,Move,522,623
186.086,186.086,NoButton,Move,534,623
186.102,186.102,NoButton,Move,545,623
186.119,186.119,NoButton,Move,561,623
186.137,186.137,NoButton,Move,571,623
186.153,186.153,NoButton,Move,582,623
186.169,186.169,NoButton,Move,591,623
186.186,186.186,NoButton,Move,601,623
186.202,186.202,NoButton,Move,612,623
186.219,186.219,NoButton,Move,625,623
186.236,186.236,NoButton,Move,635,623
186.253,186.253,NoButton,Move,642,623
186.27,186.27,NoButton,Move,648,623
186.286,186.286,NoButton,Move,652,623
186.303,186.303,NoButton,Move,658,622
186.319,186.319,NoButton,Move,662,621
186.336,186.336,NoButton,Move,668,621
186.353,186.353,NoButton,Move,673,621
186.37,186.37,NoButton,Move,679,621
186.386,186.386,NoButton,Move,684,620
186.402,186.402,NoButton,Move,689,619
186.419,186.419,NoButton,Move,695,618
186.436,186.436,NoButton,Move,701,617
186.453,186.453,NoButton,Move,707,616
186.47,186.47,NoButton,Move,712,616
186.486,186.486,NoButton,Move,718,615
186.502,186.502,NoButton,Move,724,615
186.519,186.519,NoButton,Move,732,614
186.537,186.537,NoButton,Move,739,612
186.552,186.552,NoButton,Move,746,611
186.57,186.57,NoButton,Move,754,610
186.586,186.586,NoButton,Move,763,609
186.603,186.603,NoButton,Move,772,608
186.619,186.619,NoButton,Move,785,606
186.636,186.636,NoButton,Move,796,605
186.652,186.652,NoButton,Move,807,604
186.669,186.669,NoButton,Move,820,604
186.686,186.686,NoButton,Move,829,603
186.703,186.703,NoButton,Move,834,603
186.72,186.72,NoButton,Move,836,603
186.785,186.785,NoButton,Move,836,604
186.789,186.789,NoButton,Move,835,604
186.803,186.803,NoButton,Move,832,606
186.819,186.819,NoButton,Move,823,609
186.836,186.836,NoButton,Move,806,614
186.853,186.853,NoButton,Move,778,622
186.869,186.869,NoButton,Move,726,635
186.886,186.886,NoButton,Move,684,643
186.902,186.902,NoButton,Move,642,651
186.919,186.919,NoButton,Move,606,655
186.936,186.936,NoButton,Move,580,659
186.953,186.953,NoButton,Move,556,662
186.969,186.969,NoButton,Move,542,662
186.986,186.986,NoButton,Move,531,663
187.002,187.002,NoButton,Move,522,663
187.02,187.02,NoButton,Move,515,663
187.036,187.036,NoButton,Move,510,663
187.052,187.052,NoButton,Move,509,663
187.07,187.07,NoButton,Move,508,663
187.086,187.086,NoButton,Move,508,663
187.102,187.102,NoButton,Move,507,663
187.12,187.12,NoButton,Move,506,663
187.137,187.137,NoButton,Move,506,663
187.153,187.153,NoButton,Move,505,663
187.169,187.169,NoButton,Move,505,663
187.186,187.186,NoButton,Move,504,663
187.202,187.202,NoButton,Move,502,663
187.219,187.219,NoButton,Move,500,663
187.237,187.237,NoButton,Move,496,663
187.253,187.253,NoButton,Move,491,663
187.269,187.269,NoButton,Move,485,663
187.286,187.286,NoButton,Move,479,663
187.303,187.303,NoButton,Move,470,663
187.319,187.319,NoButton,Move,462,663
187.337,187.337,NoButton,Move,455,663
187.352,187.352,NoButton,Move,450,663
187.369,187.369,NoButton,Move,444,663
187.386,187.386,NoButton,Move,441,663
187.402,187.402,NoButton,Move,438,663
187.419,187.419,NoButton,Move,436,663
187.437,187.437,NoButton,Move,436,663
187.48,187.48,NoButton,Move,436,663
187.487,187.487,NoButton,Move,436,663
187.502,187.502,NoButton,Move,434,662
187.519,187.519,NoButton,Move,432,662
187.536,187.536,NoButton,Move,430,662
187.553,187.553,NoButton,Move,428,661
187.569,187.569,NoButton,Move,425,661
187.586,187.586,NoButton,Move,423,661
187.602,187.602,NoButton,Move,422,661
187.619,187.619,NoButton,Move,421,661
187.643,187.643,NoButton,Move,421,661
187.659,187.659,NoButton,Move,422,661
187.67,187.67,NoButton,Move,422,661
187.686,187.686,NoButton,Move,425,660
187.702,187.702,NoButton,Move,428,660
187.719,187.719,NoButton,Move,433,660
187.736,187.736,NoButton,Move,437,660
187.753,187.753,NoButton,Move,442,660
187.77,187.77,NoButton,Move,447,660
187.787,187.787,NoButton,Move,453,660
187.803,187.803,NoButton,Move,460,660
187.819,187.819,NoButton,Move,468,660
187.836,187.836,NoButton,Move,476,660
187.852,187.852,NoButton,Move,483,660
187.869,187.869,NoButton,Move,493,660
187.887,187.887,NoButton,Move,502,660
187.902,187.902,NoButton,Move,512,660
187.919,187.919,NoButton,Move,522,660
187.936,187.936,NoButton,Move,531,660
187.952,187.952,NoButton,Move,538,660
187.97,187.97,NoButton,Move,547,660
187.986,187.986,NoButton,Move,552,660
188.003,188.003,NoButton,Move,558,660
188.019,188.019,NoButton,Move,561,660
188.036,188.036,NoButton,Move,564,660
188.053,188.053,NoButton,Move,565,660
188.069,188.069,NoButton,Move,566,660
188.087,188.087,NoButton,Move,567,660
188.103,188.103,NoButton,Move,568,660
188.12,188.12,NoButton,Move,571,660
188.136,188.136,NoButton,Move,574,659
188.152,188.152,NoButton,Move,579,659
188.17,188.17,NoButton,Move,586,658
188.186,188.186,NoButton,Move,594,657
188.203,188.203,NoButton,Move,602,656
188.219,188.219,NoButton,Move,613,655
188.236,188.236,NoButton,Move,625,654
188.252,188.252,NoButton,Move,636,652
188.269,188.269,NoButton,Move,647,650
188.286,188.286,NoButton,Move,654,649
188.303,188.303,NoButton,Move,659,648
188.32,188.32,NoButton,Move,662,648
188.337,188.337,NoButton,Move,663,648
188.353,188.353,NoButton,Move,663,648
188.407,188.407,NoButton,Move,663,648
188.411,188.411,NoButton,Move,663,648
188.419,188.419,NoButton,Move,661,648
188.437,188.437,NoButton,Move,656,651
188.453,188.453,NoButton,Move,642,655
188.469,188.469,NoButton,Move,619,662
188.486,188.486,NoButton,Move,581,671
188.502,188.502,NoButton,Move,542,679
188.519,188.519,NoButton,Move,495,689
188.536,188.536,NoButton,Move,467,695
188.553,188.553,NoButton,Move,446,700
188.569,188.569,NoButton,Move,431,704
188.586,188.586,NoButton,Move,424,706
188.603,188.603,NoButton,Move,421,706
188.779,188.779,NoButton,Move,421,706
188.783,188.783,NoButton,Move,421,706
188.787,188.787,NoButton,Move,421,706
188.802,188.802,NoButton,Move,422,706
188.819,188.819,NoButton,Move,425,706
188.836,188.836,NoButton,Move,427,706
188.852,188.852,NoButton,Move,430,706
188.869,188.869,NoButton,Move,433,706
188.886,188.886,NoButton,Move,438,706
188.902,188.902,NoButton,Move,443,706
188.919,188.919,NoButton,Move,450,706
188.936,188.936,NoButton,Move,456,706
188.953,188.953,NoButton,Move,462,706
188.969,188.969,NoButton,Move,468,706
188.986,188.986,NoButton,Move,473,706
189.003,189.003,NoButton,Move,477,706
189.019,189.019,NoButton,Move,480,706
189.036,189.036,NoButton,Move,483,706
189.052,189.052,NoButton,Move,485,706
189.07,189.07,NoButton,Move,489,706
189.087,189.087,NoButton,Move,494,706
189.103,189.103,NoButton,Move,499,706
189.119,189.119,NoButton,Move,503,706
189.136,189.136,NoButton,Move,507,706
189.153,189.153,NoButton,Move,510,706
189.169,189.169,NoButton,Move,515,706
189.185,189.185,NoButton,Move,520,706
189.202,189.202,NoButton,Move,526,706
189.219,189.219,NoButton,Move,534,706
189.236,189.236,NoButton,Move,540,706
189.252,189.252,NoButton,Move,545,706
189.269,189.269,NoButton,Move,550,706
189.286,189.286,NoButton,Move,553,706
189.303,189.303,NoButton,Move,557,706
189.32,189.32,NoButton,Move,561,706
189.336,189.336,NoButton,Move,566,706
189.353,189.353,NoButton,Move,571,706
189.369,189.369,NoButton,Move,575,706
189.386,189.386,NoButton,Move,578,706
189.403,189.403,NoButton,Move,581,706
189.42,189.42,NoButton,Move,585,706
189.436,189.436,NoButton,Move,589,706
189.452,189.452,NoButton,Move,593,706
189.469,189.469,NoButton,Move,598,706
189.486,189.486,NoButton,Move,603,705
189.502,189.502,NoButton,Move,609,705
189.519,189.519,NoButton,Move,616,705
189.536,189.536,NoButton,Move,622,704
189.553,189.553,NoButton,Move,628,704
189.57,189.57,NoButton,Move,635,704
189.586,189.586,NoButton,Move,642,703
189.602,189.602,NoButton,Move,648,703
189.619,189.619,NoButton,Move,654,702
189.636,189.636,NoButton,Move,659,702
189.652,189.652,NoButton,Move,665,701
189.669,189.669,NoButton,Move,670,701
189.686,189.686,NoButton,Move,676,700
189.702,189.702,NoButton,Move,681,700
189.72,189.72,NoButton,Move,688,699
189.736,189.736,NoButton,Move,693,699
189.752,189.752,NoButton,Move,699,699
189.77,189.77,NoButton,Move,704,699
189.786,189.786,NoButton,Move,709,698
189.802,189.802,NoButton,Move,714,698
189.819,189.819,NoButton,Move,719,697
189.836,189.836,NoButton,Move,722,697
189.853,189.853,NoButton,Move,725,697
189.87,189.87,NoButton,Move,728,697
189.886,189.886,NoButton,Move,730,697
189.902,189.902,NoButton,Move,731,697
189.92,189.92,NoButton,Move,731,697
189.987,189.987,NoButton,Move,731,697
190.002,190.002,NoButton,Move,729,697
190.019,190.019,NoButton,Move,718,699
190.036,190.036,NoButton,Move,699,705
190.053,190.053,NoButton,Move,663,714
190.069,190.069,NoButton,Move,602,735
190.086,190.086,NoButton,Move,547,752
190.102,190.102,NoButton,Move,492,769
190.119,190.119,NoButton,Move,447,781
190.136,190.136,NoButton,Move,397,795
190.152,190.152,NoButton,Move,387,798
190.169,190.169,NoButton,Move,378,801
190.186,190.186,NoButton,Move,363,804
190.203,190.203,NoButton,Move,351,806
190.22,190.22,NoButton,Move,326,810
190.236,190.236,NoButton,Move,306,811
190.252,190.252,NoButton,Move,295,811
190.269,190.269,NoButton,Move,289,813
190.286,190.286,NoButton,Move,288,813
190.302,190.302,NoButton,Move,287,813
190.319,190.319,NoButton,Move,287,813
190.361,190.361,NoButton,Move,286,813
190.461,190.461,NoButton,Move,287,813
190.465,190.465,NoButton,Move,287,813
190.469,190.469,NoButton,Move,287,813
190.486,190.486,NoButton,Move,292,811
190.503,190.503,NoButton,Move,300,809
190.52,190.52,NoButton,Move,310,806
190.536,190.536,NoButton,Move,320,803
190.552,190.552,NoButton,Move,327,802
190.569,190.569,NoButton,Move,334,800
190.586,190.586,NoButton,Move,338,799
190.603,190.603,NoButton,Move,340,798
190.62,190.62,NoButton,Move,341,798
190.683,190.683,NoButton,Move,341,797
190.687,190.687,NoButton,Move,341,797
190.715,190.715,NoButton,Move,341,797
190.727,190.727,NoButton,Move,341,797
190.737,190.737,NoButton,Move,341,797
190.753,190.753,NoButton,Move,342,796
190.77,190.77,NoButton,Move,343,795
190.786,190.786,NoButton,Move,344,795
190.803,190.803,NoButton,Move,345,794
190.82,190.82,NoButton,Move,346,793
190.836,190.836,NoButton,Move,346,793
190.853,190.853,NoButton,Move,347,792
190.869,190.869,NoButton,Move,348,791
190.887,190.887,NoButton,Move,350,790
190.902,190.902,NoButton,Move,351,789
190.92,190.92,NoButton,Move,353,788
190.936,190.936,NoButton,Move,355,786
190.953,190.953,NoButton,Move,357,785
190.97,190.97,NoButton,Move,360,783
190.987,190.987,NoButton,Move,364,782
191.002,191.002,NoButton,Move,369,780
191.019,191.019,NoButton,Move,375,778
191.036,191.036,NoButton,Move,380,777
191.053,191.053,NoButton,Move,385,776
191.069,191.069,NoButton,Move,390,774
191.086,191.086,NoButton,Move,393,773
191.102,191.102,NoButton,Move,396,773
191.119,191.119,NoButton,Move,399,772
191.136,191.136,NoButton,Move,401,771
191.153,191.153,NoButton,Move,401,771
191.169,191.169,NoButton,Move,402,771
191.187,191.187,NoButton,Move,402,771
191.203,191.203,NoButton,Move,403,771
191.22,191.22,NoButton,Move,403,770
191.237,191.237,NoButton,Move,404,770
191.252,191.252,NoButton,Move,407,768
191.269,191.269,NoButton,Move,412,767
191.286,191.286,NoButton,Move,416,765
191.303,191.303,NoButton,Move,420,764
191.319,191.319,NoButton,Move,423,763
191.336,191.336,NoButton,Move,426,762
191.352,191.352,NoButton,Move,428,760
191.369,191.369,NoButton,Move,431,759
191.386,191.386,NoButton,Move,433,757
191.403,191.403,NoButton,Move,436,756
191.42,191.42,NoButton,Move,438,755
191.436,191.436,NoButton,Move,440,754
191.453,191.453,NoButton,Move,440,753
191.469,191.469,NoButton,Move,441,753
191.509,191.509,NoButton,Move,441,753
191.52,191.52,NoButton,Move,441,753
191.536,191.536,NoButton,Move,441,752
191.553,191.553,NoButton,Move,442,752
191.569,191.569,NoButton,Move,442,751
191.587,191.587,NoButton,Move,443,750
191.603,191.603,NoButton,Move,444,748
191.619,191.619,NoButton,Move,445,748
191.636,191.636,NoButton,Move,446,747
191.652,191.652,NoButton,Move,447,746
191.669,191.669,NoButton,Move,447,745
191.717,191.717,NoButton,Move,447,745
191.721,191.721,NoButton,Move,448,745
191.736,191.736,NoButton,Move,448,744
191.753,191.753,NoButton,Move,448,744
191.769,191.769,NoButton,Move,448,743
191.786,191.786,NoButton,Move,449,742
191.802,191.802,NoButton,Move,449,742
191.819,191.819,NoButton,Move,450,741
191.836,191.836,NoButton,Move,451,740
191.853,191.853,NoButton,Move,452,740
191.87,191.87,NoButton,Move,452,739
191.887,191.887,NoButton,Move,453,739
191.903,191.903,Left,Pressed,453,739
192.047,192.047,Left,Released,453,739
