record timestamp,client timestamp,button,state,x,y
0.032,0.032,NoButton,Move,577,579
0.049,0.049,NoButton,Move,576,562
0.062,0.062,NoButton,Move,577,558
0.081,0.081,NoButton,Move,577,553
0.096,0.096,NoButton,Move,579,547
0.113,0.113,NoButton,Move,579,545
0.129,0.129,NoButton,Move,580,543
0.146,0.146,NoButton,Move,580,543
0.264,0.264,NoButton,Move,580,542
0.296,0.296,NoButton,Move,580,543
0.3,0.3,NoButton,Move,580,543
0.312,0.312,NoButton,Move,580,544
0.329,0.329,NoButton,Move,581,545
0.346,0.346,NoButton,Move,582,546
0.362,0.362,NoButton,Move,584,548
0.379,0.379,NoButton,Move,585,550
0.396,0.396,NoButton,Move,586,551
0.413,0.413,NoButton,Move,587,551
0.43,0.43,NoButton,Move,587,551
0.446,0.446,NoButton,Move,588,551
0.462,0.462,NoButton,Move,591,546
0.479,0.479,NoButton,Move,598,537
0.496,0.496,NoButton,Move,606,524
0.512,0.512,NoButton,Move,614,510
0.529,0.529,NoButton,Move,624,493
0.545,0.545,NoButton,Move,637,475
0.562,0.562,NoButton,Move,657,450
0.578,0.578,NoButton,Move,674,430
0.595,0.595,NoButton,Move,692,411
0.612,0.612,NoButton,Move,715,388
0.628,0.628,NoButton,Move,742,362
0.646,0.646,NoButton,Move,769,337
0.662,0.662,NoButton,Move,803,309
0.678,0.678,NoButton,Move,830,289
0.696,0.696,NoButton,Move,856,271
0.712,0.712,NoButton,Move,884,254
0.729,0.729,NoButton,Move,911,239
0.746,0.746,NoButton,Move,930,229
0.762,0.762,NoButton,Move,947,220
0.779,0.779,NoButton,Move,952,217
0.796,0.796,NoButton,Move,954,216
0.846,0.846,NoButton,Move,954,216
0.858,0.858,NoButton,Move,954,216
0.862,0.862,NoButton,Move,954,216
0.879,0.879,NoButton,Move,953,217
0.895,0.895,NoButton,Move,952,218
0.912,0.912,NoButton,Move,950,219
0.929,0.929,NoButton,Move,946,221
0.946,0.946,NoButton,Move,939,221
0.962,0.962,NoButton,Move,923,221
0.978,0.978,NoButton,Move,905,221
0.995,0.995,NoButton,Move,889,221
1.012,1.012,NoButton,Move,874,220
1.029,1.029,NoButton,Move,868,219
1.064,1.064,NoButton,Move,868,219
1.072,1.072,NoButton,Move,868,218
1.08,1.08,NoButton,Move,868,218
1.096,1.096,NoButton,Move,868,217
1.112,1.112,NoButton,Move,869,215
1.129,1.129,NoButton,Move,870,213
1.146,1.146,NoButton,Move,871,212
1.162,1.162,NoButton,Move,871,210
1.179,1.179,NoButton,Move,871,209
1.196,1.196,NoButton,Move,871,209
1.276,1.276,NoButton,Move,872,209
1.301,1.301,Left,Pressed,872,209
1.308,1.308,NoButton,Drag,872,209
1.409,1.409,Left,Released,872,209
1.508,1.508,NoButton,Move,872,209
1.512,1.512,NoButton,Move,872,209
1.516,1.516,NoButton,Move,872,210
1.529,1.529,NoButton,Move,871,211
1.546,1.546,NoButton,Move,871,215
1.562,1.562,NoButton,Move,870,220
1.579,1.579,NoButton,Move,870,229
1.596,1.596,NoButton,Move,869,240
1.612,1.612,NoButton,Move,869,252
1.629,1.629,NoButton,Move,869,265
1.645,1.645,NoButton,Move,868,278
1.662,1.662,NoButton,Move,864,292
1.678,1.678,NoButton,Move,858,302
1.695,1.695,NoButton,Move,853,309
1.712,1.712,NoButton,Move,848,312
1.729,1.729,NoButton,Move,841,314
1.746,1.746,NoButton,Move,825,313
1.762,1.762,NoButton,Move,784,302
1.779,1.779,NoButton,Move,740,288
1.796,1.796,NoButton,Move,688,271
1.812,1.812,NoButton,Move,627,248
1.829,1.829,NoButton,Move,559,223
1.846,1.846,NoButton,Move,499,201
1.862,1.862,NoButton,Move,437,177
1.878,1.878,NoButton,Move,393,160
1.896,1.896,NoButton,Move,364,145
1.912,1.912,NoButton,Move,347,135
1.929,1.929,NoButton,Move,336,128
1.946,1.946,NoButton,Move,330,123
1.962,1.962,NoButton,Move,328,121
1.979,1.979,NoButton,Move,327,120
2.031,2.031,NoButton,Move,327,120
2.034,2.034,NoButton,Move,327,120
2.046,2.046,NoButton,Move,326,120
2.062,2.062,NoButton,Move,321,121
2.078,2.078,NoButton,Move,311,123
2.096,2.096,NoButton,Move,296,127
2.112,2.112,NoButton,Move,278,130
2.129,2.129,NoButton,Move,254,134
2.145,2.145,NoButton,Move,227,138
2.162,2.162,NoButton,Move,188,142
2.179,2.179,NoButton,Move,155,145
2.196,2.196,NoButton,Move,119,147
2.212,2.212,NoButton,Move,95,147
2.229,2.229,NoButton,Move,79,147
2.246,2.246,NoButton,Move,70,147
2.262,2.262,NoButton,Move,67,147
2.316,2.316,NoButton,Move,67,147
2.34,2.34,NoButton,Move,67,146
2.348,2.348,NoButton,Move,67,146
2.362,2.362,NoButton,Move,66,145
2.379,2.379,NoButton,Move,67,143
2.396,2.396,NoButton,Move,68,138
2.412,2.412,NoButton,Move,69,134
2.429,2.429,NoButton,Move,70,131
2.446,2.446,NoButton,Move,71,129
2.462,2.462,NoButton,Move,73,127
2.479,2.479,NoButton,Move,75,126
2.496,2.496,NoButton,Move,77,125
2.512,2.512,NoButton,Move,78,124
2.529,2.529,NoButton,Move,79,124
2.546,2.546,NoButton,Move,80,124
2.562,2.562,NoButton,Move,80,123
2.579,2.579,NoButton,Move,81,123
2.596,2.596,NoButton,Move,84,121
2.612,2.612,NoButton,Move,86,120
2.628,2.628,NoButton,Move,89,119
2.645,2.645,NoButton,Move,92,117
2.662,2.662,NoButton,Move,94,116
2.68,2.68,NoButton,Move,95,116
2.695,2.695,NoButton,Move,97,115
2.712,2.712,NoButton,Move,98,115
2.728,2.728,NoButton,Move,100,115
2.746,2.746,NoButton,Move,101,115
2.822,2.822,NoButton,Move,101,115
2.83,2.83,NoButton,Move,101,115
2.846,2.846,NoButton,Move,102,115
2.862,2.862,NoButton,Move,103,115
2.871,2.871,Left,Pressed,103,115
2.872,2.872,NoButton,Drag,103,115
2.882,2.882,NoButton,Drag,103,115
2.89,2.89,NoButton,Drag,103,115
2.962,2.962,Left,Released,103,115
2.966,2.966,NoButton,Move,103,116
3.01,3.01,NoButton,Move,104,116
3.014,3.014,NoButton,Move,104,116
3.029,3.029,NoButton,Move,104,116
3.046,3.046,NoButton,Move,104,117
3.062,3.062,NoButton,Move,104,118
3.078,3.078,NoButton,Move,104,120
3.096,3.096,NoButton,Move,104,124
3.112,3.112,NoButton,Move,105,129
3.129,3.129,NoButton,Move,105,137
3.146,3.146,NoButton,Move,105,147
3.162,3.162,NoButton,Move,105,163
3.178,3.178,NoButton,Move,106,179
3.196,3.196,NoButton,Move,107,201
3.213,3.213,NoButton,Move,109,225
3.228,3.228,NoButton,Move,113,249
3.246,3.246,NoButton,Move,120,281
3.262,3.262,NoButton,Move,127,306
3.279,3.279,NoButton,Move,138,334
3.296,3.296,NoButton,Move,150,366
3.312,3.312,NoButton,Move,167,401
3.328,3.328,NoButton,Move,183,427
3.345,3.345,NoButton,Move,198,449
3.362,3.362,NoButton,Move,215,467
3.378,3.378,NoButton,Move,229,482
3.395,3.395,NoButton,Move,241,494
3.412,3.412,NoButton,Move,253,504
3.428,3.428,NoButton,Move,262,511
3.446,3.446,NoButton,Move,272,518
3.462,3.462,NoButton,Move,281,524
3.478,3.478,NoButton,Move,290,531
3.495,3.495,NoButton,Move,300,538
3.512,3.512,NoButton,Move,316,548
3.528,3.528,NoButton,Move,329,559
3.545,3.545,NoButton,Move,345,571
3.562,3.562,NoButton,Move,363,583
3.579,3.579,NoButton,Move,381,594
3.596,3.596,NoButton,Move,397,605
3.612,3.612,NoButton,Move,419,618
3.629,3.629,NoButton,Move,436,628
3.646,3.646,NoButton,Move,450,637
3.662,3.662,NoButton,Move,463,645
3.679,3.679,NoButton,Move,475,652
3.696,3.696,NoButton,Move,485,658
3.712,3.712,NoButton,Move,497,665
3.728,3.728,NoButton,Move,505,670
3.746,3.746,NoButton,Move,513,674
3.763,3.763,NoButton,Move,519,679
3.779,3.779,NoButton,Move,525,681
3.796,3.796,NoButton,Move,532,685
3.812,3.812,NoButton,Move,536,688
3.828,3.828,NoButton,Move,542,692
3.845,3.845,NoButton,Move,546,697
3.862,3.862,NoButton,Move,552,704
3.878,3.878,NoButton,Move,562,712
3.895,3.895,NoButton,Move,571,720
3.912,3.912,NoButton,Move,583,728
3.929,3.929,NoButton,Move,595,735
3.945,3.945,NoButton,Move,609,740
3.962,3.962,NoButton,Move,629,746
3.979,3.979,NoButton,Move,644,749
3.996,3.996,NoButton,Move,655,750
4.012,4.012,NoButton,Move,666,751
4.028,4.028,NoButton,Move,676,751
4.046,4.046,NoButton,Move,684,751
4.062,4.062,NoButton,Move,691,751
4.079,4.079,NoButton,Move,696,752
4.096,4.096,NoButton,Move,702,753
4.112,4.112,NoButton,Move,709,755
4.129,4.129,NoButton,Move,718,757
4.146,4.146,NoButton,Move,730,759
4.162,4.162,NoButton,Move,739,760
4.179,4.179,NoButton,Move,749,763
4.196,4.196,NoButton,Move,760,765
4.212,4.212,NoButton,Move,771,768
4.229,4.229,NoButton,Move,780,769
4.246,4.246,NoButton,Move,787,771
4.262,4.262,NoButton,Move,792,772
4.279,4.279,NoButton,Move,793,772
4.296,4.296,NoButton,Move,793,772
4.346,4.346,NoButton,Move,793,772
4.354,4.354,NoButton,Move,794,772
4.362,4.362,NoButton,Move,794,771
4.378,4.378,NoButton,Move,794,770
4.396,4.396,NoButton,Move,794,768
4.412,4.412,NoButton,Move,793,766
4.429,4.429,NoButton,Move,792,764
4.445,4.445,NoButton,Move,791,761
4.462,4.462,NoButton,Move,790,759
4.478,4.478,NoButton,Move,789,758
4.496,4.496,NoButton,Move,789,758
4.512,4.512,NoButton,Move,789,757
4.529,4.529,NoButton,Move,789,757
4.545,4.545,NoButton,Move,789,756
4.562,4.562,NoButton,Move,789,756
4.579,4.579,NoButton,Move,789,755
4.596,4.596,NoButton,Move,788,755
4.632,4.632,Left,Pressed,788,755
4.701,4.701,NoButton,Drag,788,755
4.708,4.708,NoButton,Drag,788,754
4.712,4.712,NoButton,Drag,788,754
4.72,4.72,NoButton,Drag,788,754
4.725,4.725,Left,Released,788,754
4.726,4.726,NoButton,Move,788,753
4.734,4.734,NoButton,Move,788,753
4.746,4.746,NoButton,Move,788,753
4.762,4.762,NoButton,Move,788,752
4.779,4.779,NoButton,Move,788,751
4.795,4.795,NoButton,Move,787,749
4.813,4.813,NoButton,Move,782,747
4.829,4.829,NoButton,Move,776,744
4.846,4.846,NoButton,Move,769,741
4.862,4.862,NoButton,Move,762,739
4.879,4.879,NoButton,Move,759,737
4.896,4.896,NoButton,Move,758,736
4.913,4.913,NoButton,Move,758,736
4.929,4.929,NoButton,Move,758,733
4.946,4.946,NoButton,Move,757,728
4.962,4.962,NoButton,Move,755,720
4.978,4.978,NoButton,Move,752,711
4.996,4.996,NoButton,Move,744,700
5.013,5.013,NoButton,Move,737,691
5.029,5.029,NoButton,Move,728,684
5.046,5.046,NoButton,Move,718,678
5.062,5.062,NoButton,Move,704,672
5.078,5.078,NoButton,Move,694,669
5.095,5.095,NoButton,Move,686,667
5.112,5.112,NoButton,Move,679,665
5.129,5.129,NoButton,Move,671,663
5.146,5.146,NoButton,Move,664,659
5.162,5.162,NoButton,Move,656,655
5.179,5.179,NoButton,Move,650,651
5.196,5.196,NoButton,Move,642,646
5.212,5.212,NoButton,Move,635,641
5.229,5.229,NoButton,Move,628,636
5.246,5.246,NoButton,Move,620,630
5.262,5.262,NoButton,Move,614,625
5.278,5.278,NoButton,Move,610,620
5.295,5.295,NoButton,Move,608,618
5.312,5.312,NoButton,Move,607,616
5.329,5.329,NoButton,Move,606,615
5.346,5.346,NoButton,Move,606,614
5.362,5.362,NoButton,Move,605,613
5.378,5.378,NoButton,Move,605,611
5.396,5.396,NoButton,Move,604,610
5.412,5.412,NoButton,Move,604,607
5.428,5.428,NoButton,Move,603,605
5.446,5.446,NoButton,Move,602,602
5.462,5.462,NoButton,Move,601,600
5.479,5.479,NoButton,Move,599,598
5.496,5.496,NoButton,Move,599,596
5.513,5.513,NoButton,Move,598,594
5.529,5.529,NoButton,Move,597,592
5.545,5.545,NoButton,Move,596,591
5.562,5.562,NoButton,Move,595,591
5.64,5.64,NoButton,Move,595,590
5.644,5.644,NoButton,Move,595,590
5.648,5.648,NoButton,Move,595,590
5.662,5.662,NoButton,Move,595,589
5.679,5.679,NoButton,Move,595,589
5.696,5.696,NoButton,Move,595,588
5.712,5.712,NoButton,Move,594,586
5.729,5.729,NoButton,Move,594,586
5.804,5.804,NoButton,Move,594,586
5.812,5.812,NoButton,Move,593,585
5.828,5.828,NoButton,Move,593,585
5.836,5.836,NoButton,Move,593,585
5.846,5.846,NoButton,Move,593,585
5.862,5.862,NoButton,Move,593,584
5.879,5.879,NoButton,Move,592,583
5.896,5.896,NoButton,Move,592,582
5.912,5.912,NoButton,Move,590,580
5.929,5.929,NoButton,Move,589,579
5.946,5.946,NoButton,Move,589,579
6.021,6.021,Left,Pressed,589,579
6.123,6.123,Left,Released,589,579
6.174,6.174,NoButton,Move,588,578
6.178,6.178,NoButton,Move,588,578
6.186,6.186,NoButton,Move,588,578
6.196,6.196,NoButton,Move,588,578
6.212,6.212,NoButton,Move,587,577
6.229,6.229,NoButton,Move,586,576
6.246,6.246,NoButton,Move,584,575
6.262,6.262,NoButton,Move,582,573
6.279,6.279,NoButton,Move,580,571
6.296,6.296,NoButton,Move,578,570
6.312,6.312,NoButton,Move,576,569
6.329,6.329,NoButton,Move,574,568
6.346,6.346,NoButton,Move,568,567
6.362,6.362,NoButton,Move,554,564
6.379,6.379,NoButton,Move,537,562
6.396,6.396,NoButton,Move,514,561
6.412,6.412,NoButton,Move,489,560
6.428,6.428,NoButton,Move,462,559
6.445,6.445,NoButton,Move,439,559
6.462,6.462,NoButton,Move,417,561
6.478,6.478,NoButton,Move,403,564
6.496,6.496,NoButton,Move,392,567
6.512,6.512,NoButton,Move,382,570
6.529,6.529,NoButton,Move,374,572
6.545,6.545,NoButton,Move,367,573
6.562,6.562,NoButton,Move,360,574
6.578,6.578,NoButton,Move,354,574
6.596,6.596,NoButton,Move,346,574
6.612,6.612,NoButton,Move,337,573
6.628,6.628,NoButton,Move,327,570
6.645,6.645,NoButton,Move,314,566
6.662,6.662,NoButton,Move,295,561
6.679,6.679,NoButton,Move,271,556
6.695,6.695,NoButton,Move,247,551
6.712,6.712,NoButton,Move,226,546
6.728,6.728,NoButton,Move,216,544
6.746,6.746,NoButton,Move,213,543
6.82,6.82,NoButton,Move,212,543
6.824,6.824,NoButton,Move,212,543
6.829,6.829,NoButton,Move,212,544
6.846,6.846,NoButton,Move,211,544
6.862,6.862,NoButton,Move,210,545
6.879,6.879,NoButton,Move,209,545
6.896,6.896,NoButton,Move,208,546
6.912,6.912,NoButton,Move,205,547
6.928,6.928,NoButton,Move,201,549
6.946,6.946,NoButton,Move,195,550
6.962,6.962,NoButton,Move,187,552
6.979,6.979,NoButton,Move,180,554
6.996,6.996,NoButton,Move,174,555
7.012,7.012,NoButton,Move,172,555
7.084,7.084,Left,Pressed,172,555
7.216,7.216,Left,Released,172,555
7.302,7.302,NoButton,Move,172,555
7.33,7.33,NoButton,Move,171,556
7.35,7.35,NoButton,Move,171,556
7.386,7.386,NoButton,Move,171,556
7.39,7.39,NoButton,Move,171,556
7.398,7.398,NoButton,Move,171,556
7.412,7.412,NoButton,Move,171,557
7.429,7.429,NoButton,Move,171,561
7.446,7.446,NoButton,Move,172,566
7.462,7.462,NoButton,Move,176,572
7.478,7.478,NoButton,Move,183,577
7.495,7.495,NoButton,Move,193,582
7.512,7.512,NoButton,Move,208,585
7.53,7.53,NoButton,Move,230,588
7.546,7.546,NoButton,Move,263,590
7.562,7.562,NoButton,Move,323,592
7.578,7.578,NoButton,Move,381,592
7.596,7.596,NoButton,Move,447,590
7.612,7.612,NoButton,Move,516,586
7.628,7.628,NoButton,Move,574,581
7.646,7.646,NoButton,Move,616,576
7.662,7.662,NoButton,Move,647,572
7.678,7.678,NoButton,Move,659,569
7.695,7.695,NoButton,Move,664,568
7.712,7.712,NoButton,Move,665,568
7.729,7.729,NoButton,Move,665,568
7.745,7.745,NoButton,Move,666,568
7.762,7.762,NoButton,Move,670,567
7.778,7.778,NoButton,Move,675,567
7.795,7.795,NoButton,Move,684,567
7.812,7.812,NoButton,Move,694,566
7.828,7.828,NoButton,Move,703,565
7.845,7.845,NoButton,Move,710,563
7.862,7.862,NoButton,Move,715,560
7.878,7.878,NoButton,Move,717,558
7.896,7.896,NoButton,Move,719,554
7.912,7.912,NoButton,Move,722,550
7.929,7.929,NoButton,Move,725,545
7.946,7.946,NoButton,Move,728,540
7.962,7.962,NoButton,Move,732,535
7.978,7.978,NoButton,Move,736,529
7.995,7.995,NoButton,Move,740,524
8.012,8.012,NoButton,Move,745,518
8.029,8.029,NoButton,Move,750,514
8.045,8.045,NoButton,Move,753,510
8.062,8.062,NoButton,Move,757,506
8.079,8.079,NoButton,Move,761,502
8.096,8.096,NoButton,Move,764,500
8.112,8.112,NoButton,Move,769,496
8.128,8.128,NoButton,Move,772,494
8.146,8.146,NoButton,Move,775,492
8.162,8.162,NoButton,Move,777,490
8.179,8.179,NoButton,Move,780,488
8.195,8.195,NoButton,Move,783,486
8.212,8.212,NoButton,Move,787,483
8.228,8.228,NoButton,Move,790,481
8.246,8.246,NoButton,Move,793,479
8.262,8.262,NoButton,Move,796,477
8.278,8.278,NoButton,Move,800,475
8.296,8.296,NoButton,Move,804,473
8.312,8.312,NoButton,Move,808,470
8.328,8.328,NoButton,Move,811,467
8.345,8.345,NoButton,Move,814,465
8.362,8.362,NoButton,Move,817,463
8.378,8.378,NoButton,Move,818,462
8.396,8.396,NoButton,Move,818,462
8.412,8.412,NoButton,Move,818,462
8.43,8.43,NoButton,Move,818,462
8.462,8.462,NoButton,Move,819,462
8.466,8.466,NoButton,Move,819,462
8.479,8.479,NoButton,Move,819,461
8.496,8.496,NoButton,Move,819,461
8.554,8.554,NoButton,Move,819,461
8.559,8.559,Left,Pressed,819,461
8.562,8.562,NoButton,Drag,819,461
8.679,8.679,Left,Released,819,461
8.79,8.79,NoButton,Move,819,460
8.802,8.802,NoButton,Move,819,460
8.814,8.814,NoButton,Move,819,460
8.828,8.828,NoButton,Move,819,459
8.846,8.846,NoButton,Move,818,458
8.862,8.862,NoButton,Move,818,457
8.878,8.878,NoButton,Move,817,455
8.895,8.895,NoButton,Move,814,453
8.912,8.912,NoButton,Move,803,447
8.928,8.928,NoButton,Move,787,441
8.946,8.946,NoButton,Move,766,434
8.962,8.962,NoButton,Move,744,429
8.978,8.978,NoButton,Move,722,426
8.995,8.995,NoButton,Move,697,425
9.012,9.012,NoButton,Move,669,429
9.028,9.028,NoButton,Move,651,435
9.045,9.045,NoButton,Move,637,443
9.062,9.062,NoButton,Move,625,453
9.079,9.079,NoButton,Move,613,464
9.096,9.096,NoButton,Move,600,476
9.112,9.112,NoButton,Move,581,495
9.128,9.128,NoButton,Move,565,510
9.146,9.146,NoButton,Move,550,525
9.162,9.162,NoButton,Move,534,541
9.179,9.179,NoButton,Move,519,557
9.196,9.196,NoButton,Move,503,572
9.212,9.212,NoButton,Move,484,591
9.228,9.228,NoButton,Move,470,603
9.245,9.245,NoButton,Move,458,614
9.262,9.262,NoButton,Move,445,624
9.278,9.278,NoButton,Move,433,632
9.296,9.296,NoButton,Move,421,639
9.312,9.312,NoButton,Move,405,647
9.328,9.328,NoButton,Move,394,650
9.345,9.345,NoButton,Move,384,653
9.362,9.362,NoButton,Move,374,656
9.379,9.379,NoButton,Move,364,657
9.395,9.395,NoButton,Move,352,658
9.412,9.412,NoButton,Move,337,659
9.429,9.429,NoButton,Move,325,660
9.446,9.446,NoButton,Move,314,660
9.462,9.462,NoButton,Move,305,662
9.479,9.479,NoButton,Move,296,664
9.495,9.495,NoButton,Move,292,665
9.512,9.512,NoButton,Move,291,665
9.528,9.528,NoButton,Move,290,666
9.546,9.546,NoButton,Move,288,668
9.562,9.562,NoButton,Move,287,672
9.578,9.578,NoButton,Move,285,674
9.595,9.595,NoButton,Move,283,678
9.612,9.612,NoButton,Move,280,681
9.629,9.629,NoButton,Move,277,684
9.646,9.646,NoButton,Move,273,689
9.662,9.662,NoButton,Move,266,695
9.679,9.679,NoButton,Move,260,701
9.696,9.696,NoButton,Move,253,707
9.712,9.712,NoButton,Move,246,714
9.729,9.729,NoButton,Move,239,720
9.746,9.746,NoButton,Move,233,726
9.762,9.762,NoButton,Move,226,731
9.778,9.778,NoButton,Move,222,736
9.796,9.796,NoButton,Move,218,738
9.812,9.812,NoButton,Move,215,741
9.828,9.828,NoButton,Move,214,743
9.846,9.846,NoButton,Move,213,743
9.862,9.862,NoButton,Move,212,744
9.928,9.928,NoButton,Move,212,744
9.995,9.995,Left,Pressed,212,744
10.141,10.141,Left,Released,212,744
10.272,10.272,NoButton,Move,212,744
10.276,10.276,NoButton,Move,212,744
10.28,10.28,NoButton,Move,212,744
10.296,10.296,NoButton,Move,212,743
10.312,10.312,NoButton,Move,213,742
10.329,10.329,NoButton,Move,213,742
10.346,10.346,NoButton,Move,213,742
10.362,10.362,NoButton,Move,214,741
10.379,10.379,NoButton,Move,215,741
10.396,10.396,NoButton,Move,218,740
10.412,10.412,NoButton,Move,227,738
10.428,10.428,NoButton,Move,237,734
10.446,10.446,NoButton,Move,249,729
10.462,10.462,NoButton,Move,265,723
10.479,10.479,NoButton,Move,287,714
10.496,10.496,NoButton,Move,321,701
10.512,10.512,NoButton,Move,372,680
10.528,10.528,NoButton,Move,415,665
10.546,10.546,NoButton,Move,459,650
10.562,10.562,NoButton,Move,499,637
10.579,10.579,NoButton,Move,531,628
10.595,10.595,NoButton,Move,557,621
10.612,10.612,NoButton,Move,587,612
10.628,10.628,NoButton,Move,608,607
10.646,10.646,NoButton,Move,625,602
10.662,10.662,NoButton,Move,644,597
10.679,10.679,NoButton,Move,656,594
10.695,10.695,NoButton,Move,678,588
10.712,10.712,NoButton,Move,695,583
10.729,10.729,NoButton,Move,713,578
10.746,10.746,NoButton,Move,733,573
10.762,10.762,NoButton,Move,755,566
10.778,10.778,NoButton,Move,774,560
10.796,10.796,NoButton,Move,792,553
10.812,10.812,NoButton,Move,808,545
10.829,10.829,NoButton,Move,823,537
10.846,10.846,NoButton,Move,837,529
10.862,10.862,NoButton,Move,852,518
10.878,10.878,NoButton,Move,863,510
10.895,10.895,NoButton,Move,872,502
10.912,10.912,NoButton,Move,881,493
10.929,10.929,NoButton,Move,889,486
10.945,10.945,NoButton,Move,894,480
10.962,10.962,NoButton,Move,900,473
10.978,10.978,NoButton,Move,904,468
10.996,10.996,NoButton,Move,909,462
11.012,11.012,NoButton,Move,913,456
11.028,11.028,NoButton,Move,918,450
11.045,11.045,NoButton,Move,923,443
11.062,11.062,NoButton,Move,929,435
11.078,11.078,NoButton,Move,933,428
11.095,11.095,NoButton,Move,940,419
11.112,11.112,NoButton,Move,947,410
11.128,11.128,NoButton,Move,954,400
11.145,11.145,NoButton,Move,962,390
11.162,11.162,NoButton,Move,974,375
11.179,11.179,NoButton,Move,985,362
11.196,11.196,NoButton,Move,997,348
11.212,11.212,NoButton,Move,1014,329
11.228,11.228,NoButton,Move,1028,314
11.245,11.245,NoButton,Move,1044,299
11.262,11.262,NoButton,Move,1060,283
11.279,11.279,NoButton,Move,1073,270
11.295,11.295,NoButton,Move,1084,260
11.312,11.312,NoButton,Move,1095,249
11.328,11.328,NoButton,Move,1102,241
11.346,11.346,NoButton,Move,1107,237
11.362,11.362,NoButton,Move,1112,233
11.378,11.378,NoButton,Move,1115,230
11.396,11.396,NoButton,Move,1118,228
11.412,11.412,NoButton,Move,1121,227
11.429,11.429,NoButton,Move,1124,225
11.446,11.446,NoButton,Move,1126,225
11.462,11.462,NoButton,Move,1129,224
11.478,11.478,NoButton,Move,1133,223
11.496,11.496,NoButton,Move,1138,222
11.512,11.512,NoButton,Move,1147,219
11.528,11.528,NoButton,Move,1157,216
11.546,11.546,NoButton,Move,1170,212
11.562,11.562,NoButton,Move,1184,206
11.578,11.578,NoButton,Move,1198,202
11.596,11.596,NoButton,Move,1211,198
11.612,11.612,NoButton,Move,1224,194
11.628,11.628,NoButton,Move,1232,192
11.646,11.646,NoButton,Move,1236,191
11.662,11.662,NoButton,Move,1238,191
11.7,11.7,NoButton,Move,1238,191
11.704,11.704,NoButton,Move,1238,191
11.712,11.712,NoButton,Move,1239,191
11.728,11.728,NoButton,Move,1241,191
11.745,11.745,NoButton,Move,1245,191
11.762,11.762,NoButton,Move,1252,191
11.778,11.778,NoButton,Move,1257,192
11.796,11.796,NoButton,Move,1263,193
11.812,11.812,NoButton,Move,1266,194
11.829,11.829,NoButton,Move,1268,194
11.85,11.85,NoButton,Move,1268,194
11.862,11.862,NoButton,Move,1268,195
11.878,11.878,NoButton,Move,1269,196
11.896,11.896,NoButton,Move,1271,197
11.912,11.912,NoButton,Move,1275,200
11.928,11.928,NoButton,Move,1277,201
11.946,11.946,NoButton,Move,1280,203
11.962,11.962,NoButton,Move,1281,204
11.978,11.978,NoButton,Move,1283,205
11.996,11.996,NoButton,Move,1283,205
12.012,12.012,NoButton,Move,1283,205
12.029,12.029,NoButton,Move,1284,206
12.046,12.046,NoButton,Move,1284,207
12.062,12.062,NoButton,Move,1284,207
12.079,12.079,NoButton,Move,1285,207
12.083,12.083,Left,Pressed,1285,207
12.086,12.086,NoButton,Drag,1285,208
12.142,12.142,Left,Released,1285,208
12.186,12.186,NoButton,Move,1285,208
12.194,12.194,NoButton,Move,1284,208
12.198,12.198,NoButton,Move,1284,208
12.212,12.212,NoButton,Move,1283,209
12.229,12.229,NoButton,Move,1280,211
12.246,12.246,NoButton,Move,1276,214
12.262,12.262,NoButton,Move,1270,218
12.278,12.278,NoButton,Move,1264,223
12.295,12.295,NoButton,Move,1258,228
12.312,12.312,NoButton,Move,1251,234
12.328,12.328,NoButton,Move,1244,240
12.346,12.346,NoButton,Move,1234,247
12.362,12.362,NoButton,Move,1220,255
12.379,12.379,NoButton,Move,1200,266
12.396,12.396,NoButton,Move,1170,279
12.412,12.412,NoButton,Move,1120,298
12.429,12.429,NoButton,Move,1069,317
12.446,12.446,NoButton,Move,1027,332
12.462,12.462,NoButton,Move,949,359
12.478,12.478,NoButton,Move,879,381
12.496,12.496,NoButton,Move,811,401
12.512,12.512,NoButton,Move,737,422
12.529,12.529,NoButton,Move,685,438
12.545,12.545,NoButton,Move,636,454
12.563,12.563,NoButton,Move,593,468
12.579,12.579,NoButton,Move,554,479
12.596,12.596,NoButton,Move,520,488
12.612,12.612,NoButton,Move,488,497
12.629,12.629,NoButton,Move,472,501
12.645,12.645,NoButton,Move,463,503
12.662,12.662,NoButton,Move,457,504
12.679,12.679,NoButton,Move,453,505
12.696,12.696,NoButton,Move,450,505
12.712,12.712,NoButton,Move,447,505
12.728,12.728,NoButton,Move,446,504
12.746,12.746,NoButton,Move,446,504
12.762,12.762,NoButton,Move,446,504
12.778,12.778,NoButton,Move,445,503
12.796,12.796,NoButton,Move,444,503
12.812,12.812,NoButton,Move,441,502
12.828,12.828,NoButton,Move,439,501
12.846,12.846,NoButton,Move,438,501
12.862,12.862,NoButton,Move,437,501
12.878,12.878,NoButton,Move,437,501
12.896,12.896,NoButton,Move,435,502
12.912,12.912,NoButton,Move,433,503
12.929,12.929,NoButton,Move,431,504
12.945,12.945,NoButton,Move,429,506
12.962,12.962,NoButton,Move,425,509
12.978,12.978,NoButton,Move,422,512
12.996,12.996,NoButton,Move,418,514
13.012,13.012,NoButton,Move,415,516
13.028,13.028,NoButton,Move,412,518
13.046,13.046,NoButton,Move,409,520
13.062,13.062,NoButton,Move,405,522
13.078,13.078,NoButton,Move,401,524
13.096,13.096,NoButton,Move,397,526
13.112,13.112,NoButton,Move,392,528
13.129,13.129,NoButton,Move,388,529
13.146,13.146,NoButton,Move,383,531
13.162,13.162,NoButton,Move,375,534
13.178,13.178,NoButton,Move,370,536
13.195,13.195,NoButton,Move,364,538
13.212,13.212,NoButton,Move,359,540
13.229,13.229,NoButton,Move,356,541
13.246,13.246,NoButton,Move,355,541
13.262,13.262,NoButton,Move,355,542
13.31,13.31,NoButton,Move,354,542
13.371,13.371,Left,Pressed,354,542
13.544,13.544,Left,Released,354,542
13.636,13.636,NoButton,Move,354,541
13.64,13.64,NoButton,Move,354,541
13.646,13.646,NoButton,Move,353,541
13.662,13.662,NoButton,Move,352,541
13.679,13.679,NoButton,Move,352,541
13.708,13.708,NoButton,Move,352,541
13.724,13.724,NoButton,Move,352,540
13.736,13.736,NoButton,Move,352,540
13.746,13.746,NoButton,Move,352,540
13.762,13.762,NoButton,Move,352,539
13.779,13.779,NoButton,Move,353,537
13.795,13.795,NoButton,Move,357,536
13.812,13.812,NoButton,Move,367,535
13.829,13.829,NoButton,Move,380,535
13.846,13.846,NoButton,Move,397,535
13.862,13.862,NoButton,Move,417,534
13.879,13.879,NoButton,Move,439,533
13.895,13.895,NoButton,Move,469,530
13.912,13.912,NoButton,Move,512,524
13.928,13.928,NoButton,Move,543,517
13.945,13.945,NoButton,Move,568,510
13.962,13.962,NoButton,Move,587,506
13.979,13.979,NoButton,Move,605,501
13.996,13.996,NoButton,Move,620,497
14.012,14.012,NoButton,Move,638,493
14.028,14.028,NoButton,Move,650,489
14.046,14.046,NoButton,Move,663,486
14.062,14.062,NoButton,Move,678,482
14.078,14.078,NoButton,Move,689,479
14.095,14.095,NoButton,Move,699,476
14.112,14.112,NoButton,Move,709,474
14.129,14.129,NoButton,Move,718,472
14.146,14.146,NoButton,Move,724,470
14.162,14.162,NoButton,Move,731,469
14.178,14.178,NoButton,Move,734,468
14.195,14.195,NoButton,Move,737,467
14.212,14.212,NoButton,Move,739,466
14.228,14.228,NoButton,Move,741,465
14.245,14.245,NoButton,Move,744,463
14.262,14.262,NoButton,Move,748,460
14.279,14.279,NoButton,Move,751,458
14.295,14.295,NoButton,Move,756,455
14.312,14.312,NoButton,Move,760,451
14.329,14.329,NoButton,Move,764,447
14.346,14.346,NoButton,Move,768,444
14.362,14.362,NoButton,Move,773,440
14.378,14.378,NoButton,Move,776,437
14.395,14.395,NoButton,Move,778,436
14.412,14.412,NoButton,Move,780,435
14.429,14.429,NoButton,Move,780,435
14.628,14.628,NoButton,Move,780,435
14.632,14.632,NoButton,Move,781,435
14.64,14.64,Left,Pressed,781,435
14.752,14.752,Left,Released,781,435
14.991,14.991,NoButton,Move,781,434
14.994,14.994,NoButton,Move,781,434
14.998,14.998,NoButton,Move,781,434
15.012,15.012,NoButton,Move,782,433
15.029,15.029,NoButton,Move,784,429
15.046,15.046,NoButton,Move,786,420
15.062,15.062,NoButton,Move,793,402
15.078,15.078,NoButton,Move,801,384
15.096,15.096,NoButton,Move,811,365
15.112,15.112,NoButton,Move,822,347
15.128,15.128,NoButton,Move,831,332
15.146,15.146,NoButton,Move,838,320
15.162,15.162,NoButton,Move,845,309
15.178,15.178,NoButton,Move,848,301
15.196,15.196,NoButton,Move,850,295
15.212,15.212,NoButton,Move,851,290
15.228,15.228,NoButton,Move,852,287
15.246,15.246,NoButton,Move,854,284
15.262,15.262,NoButton,Move,855,283
15.279,15.279,NoButton,Move,855,283
15.296,15.296,NoButton,Move,855,282
15.312,15.312,NoButton,Move,855,281
15.329,15.329,NoButton,Move,856,280
15.346,15.346,NoButton,Move,857,278
15.362,15.362,NoButton,Move,858,275
15.379,15.379,NoButton,Move,861,270
15.396,15.396,NoButton,Move,865,260
15.412,15.412,NoButton,Move,869,248
15.428,15.428,NoButton,Move,876,232
15.445,15.445,NoButton,Move,884,212
15.462,15.462,NoButton,Move,896,183
15.478,15.478,NoButton,Move,905,158
15.496,15.496,NoButton,Move,914,133
15.512,15.512,NoButton,Move,922,106
15.528,15.528,NoButton,Move,928,89
15.545,15.545,NoButton,Move,932,76
15.562,15.562,NoButton,Move,935,66
15.579,15.579,NoButton,Move,937,60
15.596,15.596,NoButton,Move,937,57
15.612,15.612,NoButton,Move,937,56
15.74,15.74,NoButton,Move,937,56
15.828,15.828,NoButton,Move,936,56
15.832,15.832,NoButton,Move,936,56
15.845,15.845,NoButton,Move,936,58
15.862,15.862,NoButton,Move,934,61
15.879,15.879,NoButton,Move,933,64
15.896,15.896,NoButton,Move,932,69
15.912,15.912,NoButton,Move,931,72
15.928,15.928,NoButton,Move,931,74
15.946,15.946,NoButton,Move,930,75
15.962,15.962,NoButton,Move,930,76
15.979,15.979,NoButton,Move,930,77
16,16,NoButton,Move,930,77
16.012,16.012,NoButton,Move,931,77
16.023,16.023,Left,Pressed,931,77
16.139,16.139,Left,Released,931,77
16.15,16.15,NoButton,Move,931,77
16.154,16.154,NoButton,Move,931,77
16.162,16.162,NoButton,Move,931,78
16.179,16.179,NoButton,Move,930,80
16.196,16.196,NoButton,Move,929,82
16.212,16.212,NoButton,Move,927,85
16.228,16.228,NoButton,Move,924,89
16.246,16.246,NoButton,Move,920,95
16.262,16.262,NoButton,Move,915,101
16.278,16.278,NoButton,Move,911,108
16.296,16.296,NoButton,Move,906,117
16.312,16.312,NoButton,Move,900,127
16.329,16.329,NoButton,Move,895,135
16.346,16.346,NoButton,Move,891,141
16.362,16.362,NoButton,Move,889,147
16.379,16.379,NoButton,Move,888,152
16.396,16.396,NoButton,Move,886,157
16.412,16.412,NoButton,Move,886,161
16.429,16.429,NoButton,Move,885,164
16.446,16.446,NoButton,Move,885,167
16.462,16.462,NoButton,Move,885,173
16.479,16.479,NoButton,Move,885,178
16.496,16.496,NoButton,Move,885,183
16.512,16.512,NoButton,Move,886,190
16.528,16.528,NoButton,Move,887,196
16.546,16.546,NoButton,Move,890,205
16.562,16.562,NoButton,Move,893,217
16.579,16.579,NoButton,Move,897,226
16.596,16.596,NoButton,Move,900,234
16.612,16.612,NoButton,Move,903,241
16.629,16.629,NoButton,Move,905,246
16.646,16.646,NoButton,Move,906,252
16.662,16.662,NoButton,Move,906,257
16.679,16.679,NoButton,Move,906,260
16.696,16.696,NoButton,Move,906,264
16.712,16.712,NoButton,Move,906,268
16.728,16.728,NoButton,Move,905,270
16.746,16.746,NoButton,Move,905,271
16.762,16.762,NoButton,Move,905,272
16.779,16.779,NoButton,Move,904,272
16.796,16.796,NoButton,Move,904,272
16.813,16.813,NoButton,Move,902,273
16.829,16.829,NoButton,Move,899,273
16.846,16.846,NoButton,Move,897,274
16.862,16.862,NoButton,Move,894,275
16.879,16.879,NoButton,Move,892,275
16.896,16.896,NoButton,Move,890,276
16.912,16.912,NoButton,Move,889,276
16.936,16.936,NoButton,Move,888,276
17.053,17.053,Left,Pressed,888,276
17.21,17.21,Left,Released,888,276
17.246,17.246,NoButton,Move,888,276
17.272,17.272,NoButton,Move,888,276
17.282,17.282,NoButton,Move,888,276
17.296,17.296,NoButton,Move,888,276
17.312,17.312,NoButton,Move,887,276
17.328,17.328,NoButton,Move,884,277
17.346,17.346,NoButton,Move,878,280
17.363,17.363,NoButton,Move,872,284
17.379,17.379,NoButton,Move,866,288
17.396,17.396,NoButton,Move,861,291
17.412,17.412,NoButton,Move,859,294
17.428,17.428,NoButton,Move,857,296
17.446,17.446,NoButton,Move,856,297
17.462,17.462,NoButton,Move,855,300
17.479,17.479,NoButton,Move,855,302
17.496,17.496,NoButton,Move,855,305
17.512,17.512,NoButton,Move,855,310
17.528,17.528,NoButton,Move,854,318
17.546,17.546,NoButton,Move,854,330
17.562,17.562,NoButton,Move,853,348
17.579,17.579,NoButton,Move,853,366
17.596,17.596,NoButton,Move,853,388
17.612,17.612,NoButton,Move,853,413
17.628,17.628,NoButton,Move,856,444
17.645,17.645,NoButton,Move,860,474
17.662,17.662,NoButton,Move,870,515
17.678,17.678,NoButton,Move,879,550
17.696,17.696,NoButton,Move,891,588
17.712,17.712,NoButton,Move,901,630
17.728,17.728,NoButton,Move,910,669
17.746,17.746,NoButton,Move,918,718
17.762,17.762,NoButton,Move,925,755
17.779,17.779,NoButton,Move,927,791
17.796,17.796,NoButton,Move,928,819
17.812,17.812,NoButton,Move,928,848
17.829,17.829,NoButton,Move,928,865
17.846,17.846,NoButton,Move,928,877
17.862,17.862,NoButton,Move,928,888
17.879,17.879,NoButton,Move,928,897
17.895,17.895,NoButton,Move,928,899
17.912,17.912,NoButton,Move,928,899
17.929,17.929,NoButton,Move,928,899
18.028,18.028,NoButton,Move,928,899
18.032,18.032,NoButton,Move,928,899
18.045,18.045,NoButton,Move,928,897
18.062,18.062,NoButton,Move,928,893
18.078,18.078,NoButton,Move,926,887
18.096,18.096,NoButton,Move,925,881
18.112,18.112,NoButton,Move,924,872
18.128,18.128,NoButton,Move,922,866
18.145,18.145,NoButton,Move,921,860
18.162,18.162,NoButton,Move,920,856
18.179,18.179,NoButton,Move,919,854
18.196,18.196,NoButton,Move,919,853
18.212,18.212,NoButton,Move,919,852
18.26,18.26,NoButton,Move,919,852
18.268,18.268,NoButton,Move,919,851
18.278,18.278,NoButton,Move,919,851
18.296,18.296,NoButton,Move,918,851
18.312,18.312,NoButton,Move,917,849
18.328,18.328,NoButton,Move,917,847
18.346,18.346,NoButton,Move,915,845
18.362,18.362,NoButton,Move,913,841
18.378,18.378,NoButton,Move,910,836
18.395,18.395,NoButton,Move,910,832
18.412,18.412,NoButton,Move,909,831
18.428,18.428,NoButton,Move,909,830
18.446,18.446,NoButton,Move,909,829
18.587,18.587,Left,Pressed,909,829
18.614,18.614,NoButton,Drag,909,829
18.63,18.63,NoButton,Drag,909,829
18.674,18.674,NoButton,Drag,909,829
18.686,18.686,Left,Released,909,829
18.694,18.694,NoButton,Move,909,829
18.702,18.702,NoButton,Move,909,828
18.714,18.714,NoButton,Move,909,828
18.729,18.729,NoButton,Move,909,828
18.746,18.746,NoButton,Move,908,826
18.762,18.762,NoButton,Move,907,825
18.778,18.778,NoButton,Move,907,823
18.795,18.795,NoButton,Move,907,821
18.812,18.812,NoButton,Move,906,818
18.829,18.829,NoButton,Move,905,817
18.845,18.845,NoButton,Move,905,814
18.862,18.862,NoButton,Move,905,812
18.878,18.878,NoButton,Move,904,810
18.896,18.896,NoButton,Move,904,809
18.975,18.975,Left,Pressed,904,809
19.044,19.044,Left,Released,904,809
19.14,19.14,NoButton,Move,904,809
19.144,19.144,NoButton,Move,904,809
19.148,19.148,NoButton,Move,904,809
19.162,19.162,NoButton,Move,903,807
19.178,19.178,NoButton,Move,903,806
19.195,19.195,NoButton,Move,903,802
19.212,19.212,NoButton,Move,900,790
19.228,19.228,NoButton,Move,898,779
19.245,19.245,NoButton,Move,896,765
19.262,19.262,NoButton,Move,895,749
19.279,19.279,NoButton,Move,895,730
19.296,19.296,NoButton,Move,899,708
19.312,19.312,NoButton,Move,910,680
19.328,19.328,NoButton,Move,923,655
19.346,19.346,NoButton,Move,940,628
19.362,19.362,NoButton,Move,960,600
19.378,19.378,NoButton,Move,986,571
19.396,19.396,NoButton,Move,1019,533
19.412,19.412,NoButton,Move,1046,504
19.428,19.428,NoButton,Move,1075,475
19.446,19.446,NoButton,Move,1104,446
19.462,19.462,NoButton,Move,1130,420
19.478,19.478,NoButton,Move,1162,391
19.496,19.496,NoButton,Move,1185,372
19.512,19.512,NoButton,Move,1203,356
19.528,19.528,NoButton,Move,1219,344
19.546,19.546,NoButton,Move,1231,336
19.562,19.562,NoButton,Move,1240,330
19.578,19.578,NoButton,Move,1246,327
19.596,19.596,NoButton,Move,1248,326
19.612,19.612,NoButton,Move,1248,326
19.682,19.682,NoButton,Move,1248,326
19.69,19.69,NoButton,Move,1248,326
19.696,19.696,NoButton,Move,1248,326
19.712,19.712,NoButton,Move,1249,327
19.729,19.729,NoButton,Move,1250,329
19.746,19.746,NoButton,Move,1252,332
19.762,19.762,NoButton,Move,1253,334
19.778,19.778,NoButton,Move,1254,336
19.795,19.795,NoButton,Move,1255,339
19.812,19.812,NoButton,Move,1256,343
19.828,19.828,NoButton,Move,1257,347
19.846,19.846,NoButton,Move,1258,351
19.862,19.862,NoButton,Move,1259,354
19.879,19.879,NoButton,Move,1259,355
19.896,19.896,NoButton,Move,1259,355
19.959,19.959,Left,Pressed,1259,355
20.022,20.022,NoButton,Drag,1259,355
20.084,20.084,Left,Released,1259,355
20.104,20.104,NoButton,Move,1259,356
20.118,20.118,NoButton,Move,1259,356
20.12,20.12,NoButton,Move,1259,356
20.128,20.128,NoButton,Move,1259,356
20.145,20.145,NoButton,Move,1258,357
20.162,20.162,NoButton,Move,1257,357
20.178,20.178,NoButton,Move,1255,358
20.196,20.196,NoButton,Move,1253,360
20.212,20.212,NoButton,Move,1251,361
20.228,20.228,NoButton,Move,1248,363
20.246,20.246,NoButton,Move,1246,364
20.262,20.262,NoButton,Move,1243,365
20.278,20.278,NoButton,Move,1236,367
20.296,20.296,NoButton,Move,1227,369
20.312,20.312,NoButton,Move,1209,374
20.328,20.328,NoButton,Move,1187,379
20.346,20.346,NoButton,Move,1156,383
20.362,20.362,NoButton,Move,1120,389
20.379,20.379,NoButton,Move,1074,394
20.396,20.396,NoButton,Move,1023,396
20.412,20.412,NoButton,Move,951,396
20.428,20.428,NoButton,Move,892,396
20.446,20.446,NoButton,Move,835,398
20.462,20.462,NoButton,Move,782,399
20.479,20.479,NoButton,Move,732,402
20.496,20.496,NoButton,Move,685,403
20.512,20.512,NoButton,Move,627,406
20.528,20.528,NoButton,Move,580,408
20.546,20.546,NoButton,Move,531,408
20.562,20.562,NoButton,Move,488,409
20.578,20.578,NoButton,Move,451,409
20.596,20.596,NoButton,Move,405,411
20.612,20.612,NoButton,Move,374,412
20.628,20.628,NoButton,Move,350,412
20.646,20.646,NoButton,Move,325,412
20.662,20.662,NoButton,Move,309,412
20.679,20.679,NoButton,Move,299,411
20.696,20.696,NoButton,Move,295,411
20.712,20.712,NoButton,Move,293,410
20.729,20.729,NoButton,Move,292,409
20.802,20.802,NoButton,Move,292,409
20.81,20.81,NoButton,Move,292,409
20.826,20.826,NoButton,Move,292,409
20.842,20.842,NoButton,Move,292,409
20.846,20.846,NoButton,Move,292,409
20.862,20.862,NoButton,Move,292,411
20.878,20.878,NoButton,Move,292,415
20.896,20.896,NoButton,Move,294,421
20.912,20.912,NoButton,Move,295,429
20.928,20.928,NoButton,Move,296,437
20.945,20.945,NoButton,Move,297,445
20.962,20.962,NoButton,Move,297,454
20.978,20.978,NoButton,Move,295,460
20.996,20.996,NoButton,Move,293,465
21.012,21.012,NoButton,Move,292,469
21.029,21.029,NoButton,Move,292,471
21.046,21.046,NoButton,Move,292,473
21.062,21.062,NoButton,Move,292,475
21.078,21.078,NoButton,Move,293,478
21.095,21.095,NoButton,Move,295,481
21.112,21.112,NoButton,Move,297,484
21.128,21.128,NoButton,Move,298,486
21.146,21.146,NoButton,Move,299,488
21.162,21.162,NoButton,Move,300,489
21.178,21.178,NoButton,Move,300,490
21.196,21.196,NoButton,Move,301,491
21.212,21.212,NoButton,Move,301,492
21.228,21.228,NoButton,Move,302,493
21.246,21.246,NoButton,Move,302,495
21.262,21.262,NoButton,Move,304,498
21.278,21.278,NoButton,Move,307,501
21.296,21.296,NoButton,Move,308,502
21.312,21.312,NoButton,Move,309,502
21.344,21.344,NoButton,Move,309,503
21.348,21.348,NoButton,Move,309,503
21.362,21.362,NoButton,Move,310,503
21.364,21.364,Left,Pressed,310,503
21.38,21.38,NoButton,Drag,310,503
21.404,21.404,NoButton,Drag,310,503
21.416,21.416,NoButton,Drag,310,503
21.432,21.432,NoButton,Drag,311,503
21.504,21.504,NoButton,Drag,311,503
21.516,21.516,Left,Released,311,503
21.544,21.544,NoButton,Move,311,502
21.572,21.572,NoButton,Move,310,502
21.576,21.576,NoButton,Move,310,502
21.584,21.584,NoButton,Move,310,502
21.596,21.596,NoButton,Move,309,502
21.612,21.612,NoButton,Move,308,502
21.628,21.628,NoButton,Move,306,504
21.646,21.646,NoButton,Move,302,507
21.662,21.662,NoButton,Move,296,512
21.678,21.678,NoButton,Move,293,516
21.696,21.696,NoButton,Move,291,519
21.712,21.712,NoButton,Move,289,523
21.729,21.729,NoButton,Move,288,526
21.745,21.745,NoButton,Move,290,530
21.762,21.762,NoButton,Move,300,535
21.779,21.779,NoButton,Move,320,538
21.795,21.795,NoButton,Move,351,540
21.812,21.812,NoButton,Move,396,541
21.829,21.829,NoButton,Move,454,543
21.846,21.846,NoButton,Move,521,544
21.862,21.862,NoButton,Move,611,549
21.878,21.878,NoButton,Move,685,557
21.895,21.895,NoButton,Move,760,572
21.912,21.912,NoButton,Move,833,586
21.929,21.929,NoButton,Move,904,597
21.946,21.946,NoButton,Move,978,607
21.962,21.962,NoButton,Move,1023,613
21.978,21.978,NoButton,Move,1059,615
21.995,21.995,NoButton,Move,1084,618
22.012,22.012,NoButton,Move,1100,620
22.028,22.028,NoButton,Move,1108,621
22.045,22.045,NoButton,Move,1109,622
22.062,22.062,NoButton,Move,1110,622
22.114,22.114,NoButton,Move,1110,622
22.118,22.118,NoButton,Move,1110,622
22.129,22.129,NoButton,Move,1111,622
22.145,22.145,NoButton,Move,1111,622
22.162,22.162,NoButton,Move,1112,622
22.179,22.179,NoButton,Move,1113,621
22.196,22.196,NoButton,Move,1115,619
22.212,22.212,NoButton,Move,1117,616
22.228,22.228,NoButton,Move,1122,610
22.246,22.246,NoButton,Move,1129,602
22.262,22.262,NoButton,Move,1139,594
22.278,22.278,NoButton,Move,1146,588
22.296,22.296,NoButton,Move,1154,583
22.312,22.312,NoButton,Move,1160,579
22.328,22.328,NoButton,Move,1163,578
22.345,22.345,NoButton,Move,1166,577
22.361,22.361,NoButton,Move,1168,576
22.378,22.378,NoButton,Move,1169,576
22.396,22.396,NoButton,Move,1172,576
22.412,22.412,NoButton,Move,1173,575
22.428,22.428,NoButton,Move,1175,575
22.445,22.445,NoButton,Move,1177,573
22.462,22.462,NoButton,Move,1180,572
22.479,22.479,NoButton,Move,1182,571
22.496,22.496,NoButton,Move,1184,570
22.512,22.512,NoButton,Move,1186,568
22.528,22.528,NoButton,Move,1188,567
22.546,22.546,NoButton,Move,1189,566
22.562,22.562,NoButton,Move,1191,566
22.579,22.579,NoButton,Move,1193,565
22.595,22.595,NoButton,Move,1195,564
22.612,22.612,NoButton,Move,1197,563
22.628,22.628,NoButton,Move,1199,562
22.646,22.646,NoButton,Move,1200,561
22.662,22.662,NoButton,Move,1201,561
22.679,22.679,NoButton,Move,1202,561
22.7,22.7,NoButton,Move,1202,561
22.712,22.712,NoButton,Move,1202,561
22.716,22.716,Left,Pressed,1202,561
22.801,22.801,Left,Released,1202,561
22.836,22.836,NoButton,Move,1202,561
22.84,22.84,NoButton,Move,1202,561
22.846,22.846,NoButton,Move,1201,561
22.862,22.862,NoButton,Move,1199,561
22.878,22.878,NoButton,Move,1197,562
22.895,22.895,NoButton,Move,1196,563
22.912,22.912,NoButton,Move,1194,564
22.929,22.929,NoButton,Move,1192,565
22.946,22.946,NoButton,Move,1191,565
22.962,22.962,NoButton,Move,1189,567
22.978,22.978,NoButton,Move,1186,569
22.995,22.995,NoButton,Move,1181,571
23.012,23.012,NoButton,Move,1174,574
23.028,23.028,NoButton,Move,1161,577
23.046,23.046,NoButton,Move,1140,582
23.061,23.061,NoButton,Move,1127,585
23.078,23.078,NoButton,Move,1099,591
23.096,23.096,NoButton,Move,1079,592
23.112,23.112,NoButton,Move,1059,592
23.128,23.128,NoButton,Move,1038,591
23.146,23.146,NoButton,Move,1015,587
23.162,23.162,NoButton,Move,985,579
23.178,23.178,NoButton,Move,962,574
23.196,23.196,NoButton,Move,944,569
23.212,23.212,NoButton,Move,926,565
23.228,23.228,NoButton,Move,909,562
23.245,23.245,NoButton,Move,896,560
23.262,23.262,NoButton,Move,883,558
23.279,23.279,NoButton,Move,874,556
23.296,23.296,NoButton,Move,865,553
23.312,23.312,NoButton,Move,856,551
23.329,23.329,NoButton,Move,847,549
23.345,23.345,NoButton,Move,838,546
23.362,23.362,NoButton,Move,827,544
23.378,23.378,NoButton,Move,818,543
23.396,23.396,NoButton,Move,808,543
23.412,23.412,NoButton,Move,795,542
23.428,23.428,NoButton,Move,782,542
23.445,23.445,NoButton,Move,767,541
23.462,23.462,NoButton,Move,755,541
23.478,23.478,NoButton,Move,742,541
23.496,23.496,NoButton,Move,732,541
23.512,23.512,NoButton,Move,722,541
23.528,23.528,NoButton,Move,717,541
23.546,23.546,NoButton,Move,716,540
23.562,23.562,NoButton,Move,715,540
23.579,23.579,NoButton,Move,715,540
23.596,23.596,NoButton,Move,715,540
23.664,23.664,NoButton,Move,715,540
23.672,23.672,NoButton,Move,714,540
23.678,23.678,NoButton,Move,714,540
23.696,23.696,NoButton,Move,711,540
23.712,23.712,NoButton,Move,706,540
23.729,23.729,NoButton,Move,698,538
23.745,23.745,NoButton,Move,691,538
23.762,23.762,NoButton,Move,681,537
23.779,23.779,NoButton,Move,670,536
23.796,23.796,NoButton,Move,662,535
23.812,23.812,NoButton,Move,655,535
23.828,23.828,NoButton,Move,654,535
23.877,23.877,NoButton,Move,653,535
23.975,23.975,Left,Pressed,653,535
24.042,24.042,NoButton,Drag,653,536
24.062,24.062,NoButton,Drag,653,536
24.07,24.07,NoButton,Drag,653,536
24.074,24.074,NoButton,Drag,653,536
24.082,24.082,NoButton,Drag,653,536
24.09,24.09,NoButton,Drag,652,537
24.094,24.094,NoButton,Drag,652,537
24.098,24.098,NoButton,Drag,652,537
24.102,24.102,NoButton,Drag,652,537
24.106,24.106,NoButton,Drag,651,537
24.11,24.11,NoButton,Drag,651,538
24.114,24.114,NoButton,Drag,651,538
24.118,24.118,NoButton,Drag,651,538
24.122,24.122,NoButton,Drag,651,538
24.126,24.126,NoButton,Drag,650,538
24.13,24.13,NoButton,Drag,649,538
24.134,24.134,NoButton,Drag,649,538
24.138,24.138,NoButton,Drag,649,539
24.142,24.142,Left,Released,649,539
24.143,24.143,NoButton,Move,648,539
24.146,24.146,NoButton,Move,647,539
24.162,24.162,NoButton,Move,644,540
24.179,24.179,NoButton,Move,640,541
24.196,24.196,NoButton,Move,637,542
24.212,24.212,NoButton,Move,634,542
24.229,24.229,NoButton,Move,633,543
24.246,24.246,NoButton,Move,632,543
24.323,24.323,Left,Pressed,632,543
24.415,24.415,Left,Released,632,543
24.475,24.475,NoButton,Move,632,543
24.502,24.502,NoButton,Move,632,543
24.518,24.518,NoButton,Move,632,543
24.558,24.558,NoButton,Move,631,543
24.633,24.633,NoButton,Move,632,543
24.636,24.636,NoButton,Move,632,543
24.646,24.646,NoButton,Move,633,543
24.662,24.662,NoButton,Move,637,543
24.679,24.679,NoButton,Move,645,543
24.696,24.696,NoButton,Move,657,540
24.712,24.712,NoButton,Move,677,534
24.728,24.728,NoButton,Move,698,524
24.746,24.746,NoButton,Move,723,510
24.762,24.762,NoButton,Move,750,493
24.778,24.778,NoButton,Move,781,473
24.796,24.796,NoButton,Move,815,451
24.812,24.812,NoButton,Move,859,418
24.828,24.828,NoButton,Move,897,395
24.846,24.846,NoButton,Move,927,374
24.862,24.862,NoButton,Move,957,355
24.879,24.879,NoButton,Move,987,338
24.895,24.895,NoButton,Move,1015,321
24.912,24.912,NoButton,Move,1048,303
24.929,24.929,NoButton,Move,1070,291
24.945,24.945,NoButton,Move,1088,280
24.962,24.962,NoButton,Move,1104,271
24.978,24.978,NoButton,Move,1115,264
24.996,24.996,NoButton,Move,1124,258
25.012,25.012,NoButton,Move,1133,253
25.028,25.028,NoButton,Move,1136,251
25.045,25.045,NoButton,Move,1138,250
25.062,25.062,NoButton,Move,1139,249
25.078,25.078,NoButton,Move,1139,248
25.095,25.095,NoButton,Move,1139,247
25.112,25.112,NoButton,Move,1141,245
25.128,25.128,NoButton,Move,1143,241
25.145,25.145,NoButton,Move,1147,235
25.162,25.162,NoButton,Move,1152,224
25.178,25.178,NoButton,Move,1157,211
25.195,25.195,NoButton,Move,1165,195
25.212,25.212,NoButton,Move,1175,178
25.228,25.228,NoButton,Move,1184,160
25.246,25.246,NoButton,Move,1193,142
25.262,25.262,NoButton,Move,1203,123
25.278,25.278,NoButton,Move,1209,108
25.295,25.295,NoButton,Move,1213,97
25.312,25.312,NoButton,Move,1215,89
25.328,25.328,NoButton,Move,1217,84
25.345,25.345,NoButton,Move,1217,81
25.426,25.426,NoButton,Move,1218,81
25.438,25.438,NoButton,Move,1218,81
25.446,25.446,NoButton,Move,1218,82
25.462,25.462,NoButton,Move,1219,84
25.478,25.478,NoButton,Move,1221,86
25.496,25.496,NoButton,Move,1223,88
25.512,25.512,NoButton,Move,1225,91
25.529,25.529,NoButton,Move,1227,94
25.546,25.546,NoButton,Move,1230,96
25.562,25.562,NoButton,Move,1233,98
25.579,25.579,NoButton,Move,1234,99
25.596,25.596,NoButton,Move,1234,99
25.69,25.69,NoButton,Move,1235,99
25.701,25.701,Left,Pressed,1235,99
25.796,25.796,Left,Released,1235,99
25.836,25.836,NoButton,Move,1235,99
25.84,25.84,NoButton,Move,1235,100
25.846,25.846,NoButton,Move,1235,100
25.862,25.862,NoButton,Move,1234,101
25.878,25.878,NoButton,Move,1232,103
25.896,25.896,NoButton,Move,1230,105
25.912,25.912,NoButton,Move,1226,109
25.929,25.929,NoButton,Move,1222,113
25.945,25.945,NoButton,Move,1219,117
25.962,25.962,NoButton,Move,1215,121
25.979,25.979,NoButton,Move,1209,125
25.996,25.996,NoButton,Move,1203,130
26.012,26.012,NoButton,Move,1193,137
26.029,26.029,NoButton,Move,1183,145
26.046,26.046,NoButton,Move,1173,154
26.062,26.062,NoButton,Move,1163,166
26.078,26.078,NoButton,Move,1151,180
26.096,26.096,NoButton,Move,1139,195
26.112,26.112,NoButton,Move,1126,217
26.129,26.129,NoButton,Move,1117,236
26.145,26.145,NoButton,Move,1110,256
26.162,26.162,NoButton,Move,1103,280
26.179,26.179,NoButton,Move,1097,304
26.196,26.196,NoButton,Move,1090,328
26.212,26.212,NoButton,Move,1078,367
26.228,26.228,NoButton,Move,1065,408
26.246,26.246,NoButton,Move,1051,453
26.262,26.262,NoButton,Move,1038,500
26.279,26.279,NoButton,Move,1026,549
26.295,26.295,NoButton,Move,1011,613
26.312,26.312,NoButton,Move,1001,664
26.328,26.328,NoButton,Move,989,710
26.346,26.346,NoButton,Move,978,751
26.362,26.362,NoButton,Move,966,795
26.378,26.378,NoButton,Move,958,821
26.396,26.396,NoButton,Move,950,842
26.412,26.412,NoButton,Move,942,856
26.429,26.429,NoButton,Move,934,866
26.445,26.445,NoButton,Move,928,874
26.462,26.462,NoButton,Move,921,879
26.478,26.478,NoButton,Move,917,880
26.496,26.496,NoButton,Move,915,881
26.512,26.512,NoButton,Move,915,881
26.634,26.634,NoButton,Move,915,881
26.638,26.638,NoButton,Move,915,881
26.646,26.646,NoButton,Move,915,880
26.662,26.662,NoButton,Move,915,877
26.678,26.678,NoButton,Move,915,872
26.696,26.696,NoButton,Move,916,864
26.712,26.712,NoButton,Move,919,855
26.728,26.728,NoButton,Move,921,845
26.745,26.745,NoButton,Move,924,837
26.762,26.762,NoButton,Move,925,831
26.779,26.779,NoButton,Move,926,828
26.796,26.796,NoButton,Move,926,828
26.812,26.812,NoButton,Move,926,828
26.937,26.937,Left,Pressed,926,828
26.96,26.96,NoButton,Drag,926,827
27.085,27.085,Left,Released,926,827
27.128,27.128,NoButton,Move,926,827
27.148,27.148,NoButton,Move,926,827
27.162,27.162,NoButton,Move,926,827
27.178,27.178,NoButton,Move,926,826
27.196,27.196,NoButton,Move,926,825
27.213,27.213,NoButton,Move,927,824
27.229,27.229,NoButton,Move,927,823
27.246,27.246,NoButton,Move,927,822
27.262,27.262,NoButton,Move,928,820
27.28,27.28,NoButton,Move,929,818
27.296,27.296,NoButton,Move,930,816
27.313,27.313,NoButton,Move,931,814
27.328,27.328,NoButton,Move,933,812
27.346,27.346,NoButton,Move,934,810
27.362,27.362,NoButton,Move,935,808
27.378,27.378,NoButton,Move,935,808
27.403,27.403,Left,Pressed,935,808
27.446,27.446,NoButton,Drag,935,808
27.474,27.474,Left,Released,935,808
27.494,27.494,NoButton,Move,936,808
27.55,27.55,NoButton,Move,935,808
27.558,27.558,NoButton,Move,935,808
27.566,27.566,NoButton,Move,935,808
27.579,27.579,NoButton,Move,934,808
27.596,27.596,NoButton,Move,933,808
27.612,27.612,NoButton,Move,930,808
27.628,27.628,NoButton,Move,929,808
27.646,27.646,NoButton,Move,927,807
27.662,27.662,NoButton,Move,924,805
27.678,27.678,NoButton,Move,921,803
27.695,27.695,NoButton,Move,915,798
27.712,27.712,NoButton,Move,905,791
27.728,27.728,NoButton,Move,891,781
27.746,27.746,NoButton,Move,875,770
27.761,27.761,NoButton,Move,860,759
27.778,27.778,NoButton,Move,842,747
27.796,27.796,NoButton,Move,829,739
27.812,27.812,NoButton,Move,817,731
27.829,27.829,NoButton,Move,806,725
27.845,27.845,NoButton,Move,798,720
27.862,27.862,NoButton,Move,793,717
27.878,27.878,NoButton,Move,791,715
27.895,27.895,NoButton,Move,788,714
27.912,27.912,NoButton,Move,783,710
27.928,27.928,NoButton,Move,776,705
27.946,27.946,NoButton,Move,767,700
27.962,27.962,NoButton,Move,754,690
27.978,27.978,NoButton,Move,741,681
27.996,27.996,NoButton,Move,726,670
28.012,28.012,NoButton,Move,708,657
28.028,28.028,NoButton,Move,695,646
28.046,28.046,NoButton,Move,685,637
28.062,28.062,NoButton,Move,679,629
28.079,28.079,NoButton,Move,676,626
28.096,28.096,NoButton,Move,676,625
28.112,28.112,NoButton,Move,676,624
28.256,28.256,NoButton,Move,676,624
28.26,28.26,NoButton,Move,676,624
28.264,28.264,NoButton,Move,675,624
28.278,28.278,NoButton,Move,674,624
28.296,28.296,NoButton,Move,671,624
28.311,28.311,NoButton,Move,667,624
28.328,28.328,NoButton,Move,660,622
28.346,28.346,NoButton,Move,652,621
28.362,28.362,NoButton,Move,648,620
28.378,28.378,NoButton,Move,647,620
28.623,28.623,Left,Pressed,647,620
28.786,28.786,Left,Released,647,620
28.811,28.811,NoButton,Move,647,620
28.814,28.814,NoButton,Move,647,619
28.838,28.838,NoButton,Move,647,619
28.846,28.846,NoButton,Move,647,619
28.862,28.862,NoButton,Move,647,619
28.879,28.879,NoButton,Move,647,619
28.946,28.946,NoButton,Move,646,619
28.958,28.958,NoButton,Move,646,619
28.962,28.962,NoButton,Move,646,619
28.978,28.978,NoButton,Move,646,619
28.996,28.996,NoButton,Move,645,619
29.012,29.012,NoButton,Move,642,619
29.029,29.029,NoButton,Move,638,620
29.046,29.046,NoButton,Move,627,623
29.063,29.063,NoButton,Move,612,626
29.078,29.078,NoButton,Move,590,627
29.096,29.096,NoButton,Move,565,627
29.112,29.112,NoButton,Move,531,628
29.128,29.128,NoButton,Move,483,627
29.146,29.146,NoButton,Move,414,622
29.162,29.162,NoButton,Move,358,616
29.179,29.179,NoButton,Move,308,611
29.196,29.196,NoButton,Move,256,603
29.212,29.212,NoButton,Move,233,599
29.229,29.229,NoButton,Move,224,596
29.246,29.246,NoButton,Move,224,596
29.272,29.272,NoButton,Move,224,596
29.28,29.28,NoButton,Move,224,595
29.296,29.296,NoButton,Move,224,594
29.312,29.312,NoButton,Move,225,592
29.328,29.328,NoButton,Move,226,590
29.346,29.346,NoButton,Move,226,588
29.362,29.362,NoButton,Move,227,586
29.379,29.379,NoButton,Move,229,583
29.395,29.395,NoButton,Move,231,579
29.412,29.412,NoButton,Move,233,577
29.428,29.428,NoButton,Move,234,575
29.446,29.446,NoButton,Move,235,573
29.462,29.462,NoButton,Move,235,571
29.479,29.479,NoButton,Move,236,569
29.495,29.495,NoButton,Move,236,568
29.512,29.512,NoButton,Move,236,568
29.584,29.584,NoButton,Move,236,568
29.588,29.588,NoButton,Move,236,568
29.596,29.596,NoButton,Move,236,569
29.612,29.612,NoButton,Move,234,571
29.628,29.628,NoButton,Move,231,576
29.646,29.646,NoButton,Move,225,583
29.661,29.661,NoButton,Move,215,592
29.679,29.679,NoButton,Move,207,599
29.696,29.696,NoButton,Move,202,603
29.712,29.712,NoButton,Move,200,605
29.79,29.79,Left,Pressed,200,605
29.91,29.91,Left,Released,200,605
29.95,29.95,NoButton,Move,200,605
29.986,29.986,NoButton,Move,200,605
30.006,30.006,NoButton,Move,200,605
30.012,30.012,NoButton,Move,200,604
30.03,30.03,NoButton,Move,200,604
30.046,30.046,NoButton,Move,200,604
30.062,30.062,NoButton,Move,200,604
30.106,30.106,NoButton,Move,201,604
30.122,30.122,NoButton,Move,201,604
30.129,30.129,NoButton,Move,201,604
30.145,30.145,NoButton,Move,202,603
30.162,30.162,NoButton,Move,207,603
30.178,30.178,NoButton,Move,217,603
30.195,30.195,NoButton,Move,240,607
30.212,30.212,NoButton,Move,285,615
30.229,30.229,NoButton,Move,353,629
30.246,30.246,NoButton,Move,452,648
30.262,30.262,NoButton,Move,611,677
30.278,30.278,NoButton,Move,753,700
30.296,30.296,NoButton,Move,878,727
30.312,30.312,NoButton,Move,981,754
30.328,30.328,NoButton,Move,1088,787
30.345,30.345,NoButton,Move,1152,810
30.362,30.362,NoButton,Move,1197,825
30.378,30.378,NoButton,Move,1227,836
30.396,30.396,NoButton,Move,1248,846
30.412,30.412,NoButton,Move,1271,857
30.428,30.428,NoButton,Move,1286,864
30.445,30.445,NoButton,Move,1297,869
30.462,30.462,NoButton,Move,1305,871
30.479,30.479,NoButton,Move,1311,873
30.496,30.496,NoButton,Move,1316,874
30.511,30.511,NoButton,Move,1319,875
30.552,30.552,NoButton,Move,1319,875
30.562,30.562,NoButton,Move,1320,874
30.578,30.578,NoButton,Move,1320,871
30.596,30.596,NoButton,Move,1322,867
30.612,30.612,NoButton,Move,1324,858
30.628,30.628,NoButton,Move,1328,848
30.645,30.645,NoButton,Move,1334,833
30.662,30.662,NoButton,Move,1339,816
30.679,30.679,NoButton,Move,1346,796
30.695,30.695,NoButton,Move,1351,777
30.712,30.712,NoButton,Move,1357,755
30.728,30.728,NoButton,Move,1360,740
30.746,30.746,NoButton,Move,1362,728
30.762,30.762,NoButton,Move,1362,720
30.779,30.779,NoButton,Move,1362,716
30.796,30.796,NoButton,Move,1361,714
30.812,30.812,NoButton,Move,1360,712
30.828,30.828,NoButton,Move,1358,711
30.845,30.845,NoButton,Move,1357,711
30.862,30.862,NoButton,Move,1356,710
30.878,30.878,NoButton,Move,1354,709
30.896,30.896,NoButton,Move,1352,707
30.912,30.912,NoButton,Move,1350,706
30.929,30.929,NoButton,Move,1347,705
30.946,30.946,NoButton,Move,1345,704
30.962,30.962,NoButton,Move,1345,704
30.986,30.986,NoButton,Move,1345,704
30.996,30.996,NoButton,Move,1345,703
31.012,31.012,NoButton,Move,1344,702
31.029,31.029,NoButton,Move,1344,701
31.046,31.046,NoButton,Move,1344,699
31.062,31.062,NoButton,Move,1343,694
31.078,31.078,NoButton,Move,1342,688
31.095,31.095,NoButton,Move,1341,684
31.112,31.112,NoButton,Move,1340,681
31.128,31.128,NoButton,Move,1340,680
31.145,31.145,NoButton,Move,1340,679
31.162,31.162,NoButton,Move,1340,679
31.202,31.202,Left,Pressed,1340,679
31.342,31.342,Left,Released,1340,679
31.442,31.442,NoButton,Move,1339,679
31.446,31.446,NoButton,Move,1339,679
31.45,31.45,NoButton,Move,1339,679
31.462,31.462,NoButton,Move,1337,679
31.478,31.478,NoButton,Move,1330,680
31.496,31.496,NoButton,Move,1321,680
31.512,31.512,NoButton,Move,1308,682
31.528,31.528,NoButton,Move,1298,682
31.546,31.546,NoButton,Move,1285,682
31.562,31.562,NoButton,Move,1267,682
31.579,31.579,NoButton,Move,1240,682
31.595,31.595,NoButton,Move,1205,681
31.612,31.612,NoButton,Move,1147,673
31.628,31.628,NoButton,Move,1097,663
31.646,31.646,NoButton,Move,1048,648
31.662,31.662,NoButton,Move,998,631
31.679,31.679,NoButton,Move,951,615
31.696,31.696,NoButton,Move,908,596
31.712,31.712,NoButton,Move,865,571
31.728,31.728,NoButton,Move,836,551
31.746,31.746,NoButton,Move,809,531
31.762,31.762,NoButton,Move,786,512
31.778,31.778,NoButton,Move,766,492
31.796,31.796,NoButton,Move,744,472
31.812,31.812,NoButton,Move,711,449
31.828,31.828,NoButton,Move,685,431
31.846,31.846,NoButton,Move,659,414
31.862,31.862,NoButton,Move,631,396
31.878,31.878,NoButton,Move,604,381
31.896,31.896,NoButton,Move,577,369
31.912,31.912,NoButton,Move,548,360
31.928,31.928,NoButton,Move,531,355
31.945,31.945,NoButton,Move,518,354
31.962,31.962,NoButton,Move,511,354
31.978,31.978,NoButton,Move,509,355
31.996,31.996,NoButton,Move,507,357
32.012,32.012,NoButton,Move,503,360
32.028,32.028,NoButton,Move,497,364
32.045,32.045,NoButton,Move,490,367
32.062,32.062,NoButton,Move,480,370
32.078,32.078,NoButton,Move,470,373
32.095,32.095,NoButton,Move,459,376
32.112,32.112,NoButton,Move,449,379
32.128,32.128,NoButton,Move,442,383
32.146,32.146,NoButton,Move,436,387
32.162,32.162,NoButton,Move,433,390
32.178,32.178,NoButton,Move,430,393
32.196,32.196,NoButton,Move,427,397
32.212,32.212,NoButton,Move,425,400
32.228,32.228,NoButton,Move,423,403
32.246,32.246,NoButton,Move,422,408
32.262,32.262,NoButton,Move,421,412
32.278,32.278,NoButton,Move,420,413
32.296,32.296,NoButton,Move,420,414
32.312,32.312,NoButton,Move,420,414
32.329,32.329,NoButton,Move,420,415
32.346,32.346,NoButton,Move,420,415
32.39,32.39,NoButton,Move,420,415
32.394,32.394,NoButton,Move,420,415
32.402,32.402,NoButton,Move,420,416
32.412,32.412,NoButton,Move,420,416
32.429,32.429,NoButton,Move,420,417
32.446,32.446,NoButton,Move,421,419
32.462,32.462,NoButton,Move,421,422
32.478,32.478,NoButton,Move,422,424
32.496,32.496,NoButton,Move,422,426
32.512,32.512,NoButton,Move,422,427
32.528,32.528,NoButton,Move,423,428
32.545,32.545,NoButton,Move,423,428
32.562,32.562,NoButton,Move,423,428
32.621,32.621,Left,Pressed,423,428
32.636,32.636,NoButton,Drag,424,428
32.66,32.66,NoButton,Drag,424,428
32.732,32.732,Left,Released,424,428
32.772,32.772,NoButton,Move,424,429
32.776,32.776,NoButton,Move,424,429
32.78,32.78,NoButton,Move,424,429
32.795,32.795,NoButton,Move,424,430
32.812,32.812,NoButton,Move,424,432
32.828,32.828,NoButton,Move,424,434
32.846,32.846,NoButton,Move,424,437
32.862,32.862,NoButton,Move,424,440
32.879,32.879,NoButton,Move,425,442
32.895,32.895,NoButton,Move,426,445
32.912,32.912,NoButton,Move,428,448
32.928,32.928,NoButton,Move,431,451
32.945,32.945,NoButton,Move,435,452
32.962,32.962,NoButton,Move,439,453
32.979,32.979,NoButton,Move,441,453
33.004,33.004,NoButton,Move,441,453
33.012,33.012,NoButton,Move,442,453
33.028,33.028,NoButton,Move,442,452
33.046,33.046,NoButton,Move,442,450
33.062,33.062,NoButton,Move,442,444
33.078,33.078,NoButton,Move,439,435
33.096,33.096,NoButton,Move,431,423
33.112,33.112,NoButton,Move,422,408
33.129,33.129,NoButton,Move,412,395
33.146,33.146,NoButton,Move,403,383
33.162,33.162,NoButton,Move,393,370
33.178,33.178,NoButton,Move,382,355
33.195,33.195,NoButton,Move,370,339
33.212,33.212,NoButton,Move,351,318
33.228,33.228,NoButton,Move,333,298
33.246,33.246,NoButton,Move,312,273
33.262,33.262,NoButton,Move,283,240
33.278,33.278,NoButton,Move,257,213
33.296,33.296,NoButton,Move,232,186
33.312,33.312,NoButton,Move,212,163
33.328,33.328,NoButton,Move,194,143
33.346,33.346,NoButton,Move,179,129
33.362,33.362,NoButton,Move,165,117
33.378,33.378,NoButton,Move,159,112
33.396,33.396,NoButton,Move,159,112
33.43,33.43,NoButton,Move,159,113
33.434,33.434,NoButton,Move,159,113
33.445,33.445,NoButton,Move,158,115
33.462,33.462,NoButton,Move,155,122
33.478,33.478,NoButton,Move,150,128
33.496,33.496,NoButton,Move,143,136
33.512,33.512,NoButton,Move,135,143
33.529,33.529,NoButton,Move,126,149
33.546,33.546,NoButton,Move,115,156
33.562,33.562,NoButton,Move,107,162
33.578,33.578,NoButton,Move,97,168
33.595,33.595,NoButton,Move,87,173
33.612,33.612,NoButton,Move,77,177
33.629,33.629,NoButton,Move,70,180
33.646,33.646,NoButton,Move,65,182
33.662,33.662,NoButton,Move,61,183
33.678,33.678,NoButton,Move,61,183
33.746,33.746,NoButton,Move,60,183
33.76,33.76,NoButton,Move,60,183
33.776,33.776,NoButton,Move,60,183
33.78,33.78,NoButton,Move,60,182
33.796,33.796,NoButton,Move,60,181
33.812,33.812,NoButton,Move,60,180
33.828,33.828,NoButton,Move,60,178
33.845,33.845,NoButton,Move,61,175
33.862,33.862,NoButton,Move,62,172
33.878,33.878,NoButton,Move,64,170
33.896,33.896,NoButton,Move,65,167
33.912,33.912,NoButton,Move,65,165
33.928,33.928,NoButton,Move,66,163
33.946,33.946,NoButton,Move,66,163
33.962,33.962,NoButton,Move,66,162
33.979,33.979,NoButton,Move,66,161
33.995,33.995,NoButton,Move,66,161
34.049,34.049,Left,Pressed,66,161
34.168,34.168,Left,Released,66,161
34.24,34.24,NoButton,Move,66,161
34.244,34.244,NoButton,Move,66,161
34.248,34.248,NoButton,Move,66,162
34.262,34.262,NoButton,Move,65,163
34.279,34.279,NoButton,Move,64,165
34.295,34.295,NoButton,Move,64,169
34.312,34.312,NoButton,Move,63,174
34.328,34.328,NoButton,Move,62,179
34.346,34.346,NoButton,Move,61,184
34.362,34.362,NoButton,Move,59,189
34.378,34.378,NoButton,Move,58,193
34.396,34.396,NoButton,Move,57,197
34.412,34.412,NoButton,Move,57,202
34.429,34.429,NoButton,Move,60,209
34.446,34.446,NoButton,Move,65,217
34.462,34.462,NoButton,Move,80,236
34.478,34.478,NoButton,Move,106,262
34.496,34.496,NoButton,Move,137,296
34.512,34.512,NoButton,Move,174,338
34.529,34.529,NoButton,Move,218,385
34.546,34.546,NoButton,Move,268,433
34.562,34.562,NoButton,Move,321,481
34.578,34.578,NoButton,Move,349,509
34.596,34.596,NoButton,Move,363,528
34.612,34.612,NoButton,Move,367,537
34.629,34.629,NoButton,Move,367,541
34.645,34.645,NoButton,Move,367,542
34.662,34.662,NoButton,Move,367,543
34.682,34.682,NoButton,Move,367,543
34.698,34.698,NoButton,Move,367,543
34.712,34.712,NoButton,Move,366,544
34.729,34.729,NoButton,Move,366,544
34.745,34.745,NoButton,Move,366,545
34.762,34.762,NoButton,Move,365,546
34.778,34.778,NoButton,Move,364,552
34.795,34.795,NoButton,Move,365,562
34.812,34.812,NoButton,Move,371,575
34.828,34.828,NoButton,Move,382,587
34.845,34.845,NoButton,Move,395,600
34.862,34.862,NoButton,Move,413,613
34.878,34.878,NoButton,Move,425,619
34.895,34.895,NoButton,Move,433,623
34.912,34.912,NoButton,Move,436,623
34.938,34.938,NoButton,Move,436,623
35.004,35.004,NoButton,Move,436,623
35.012,35.012,NoButton,Move,436,623
35.02,35.02,NoButton,Move,437,623
35.032,35.032,NoButton,Move,437,623
35.046,35.046,NoButton,Move,438,622
35.062,35.062,NoButton,Move,439,621
35.078,35.078,NoButton,Move,441,621
35.096,35.096,NoButton,Move,444,621
35.112,35.112,NoButton,Move,450,621
35.128,35.128,NoButton,Move,454,621
35.146,35.146,NoButton,Move,456,621
35.162,35.162,NoButton,Move,457,621
35.261,35.261,Left,Pressed,457,621
35.332,35.332,NoButton,Drag,457,621
35.416,35.416,Left,Released,457,621
35.468,35.468,NoButton,Move,457,621
35.526,35.526,NoButton,Move,457,621
35.534,35.534,NoButton,Move,458,621
35.545,35.545,NoButton,Move,458,622
35.563,35.563,NoButton,Move,462,625
35.578,35.578,NoButton,Move,467,629
35.596,35.596,NoButton,Move,475,635
35.612,35.612,NoButton,Move,488,643
35.629,35.629,NoButton,Move,503,653
35.645,35.645,NoButton,Move,527,667
35.662,35.662,NoButton,Move,573,690
35.678,35.678,NoButton,Move,621,709
35.695,35.695,NoButton,Move,674,731
35.712,35.712,NoButton,Move,731,755
35.728,35.728,NoButton,Move,791,779
35.746,35.746,NoButton,Move,848,799
35.762,35.762,NoButton,Move,913,822
35.778,35.778,NoButton,Move,958,837
35.795,35.795,NoButton,Move,993,846
35.813,35.813,NoButton,Move,1018,853
35.829,35.829,NoButton,Move,1037,857
35.846,35.846,NoButton,Move,1050,860
35.862,35.862,NoButton,Move,1062,863
35.878,35.878,NoButton,Move,1069,863
35.895,35.895,NoButton,Move,1076,864
35.912,35.912,NoButton,Move,1083,866
35.928,35.928,NoButton,Move,1092,867
35.946,35.946,NoButton,Move,1100,868
35.962,35.962,NoButton,Move,1108,869
35.978,35.978,NoButton,Move,1113,869
35.995,35.995,NoButton,Move,1117,869
36.012,36.012,NoButton,Move,1122,869
36.028,36.028,NoButton,Move,1128,868
36.045,36.045,NoButton,Move,1133,866
36.063,36.063,NoButton,Move,1137,864
36.079,36.079,NoButton,Move,1140,862
36.096,36.096,NoButton,Move,1142,860
36.112,36.112,NoButton,Move,1143,857
36.128,36.128,NoButton,Move,1143,855
36.146,36.146,NoButton,Move,1143,852
36.162,36.162,NoButton,Move,1143,850
36.178,36.178,NoButton,Move,1144,847
36.196,36.196,NoButton,Move,1144,845
36.212,36.212,NoButton,Move,1145,843
36.228,36.228,NoButton,Move,1145,841
36.246,36.246,NoButton,Move,1145,839
36.262,36.262,NoButton,Move,1145,836
36.278,36.278,NoButton,Move,1145,834
36.296,36.296,NoButton,Move,1145,831
36.313,36.313,NoButton,Move,1144,830
36.328,36.328,NoButton,Move,1144,828
36.345,36.345,NoButton,Move,1143,827
36.362,36.362,NoButton,Move,1143,824
36.378,36.378,NoButton,Move,1142,822
36.395,36.395,NoButton,Move,1142,819
36.412,36.412,NoButton,Move,1141,817
36.428,36.428,NoButton,Move,1140,815
36.445,36.445,NoButton,Move,1140,813
36.462,36.462,NoButton,Move,1139,811
36.479,36.479,NoButton,Move,1138,810
36.495,36.495,NoButton,Move,1138,809
36.54,36.54,NoButton,Move,1138,808
36.544,36.544,NoButton,Move,1138,808
36.548,36.548,NoButton,Move,1137,808
36.607,36.607,Left,Pressed,1137,808
36.723,36.723,Left,Released,1137,808
36.724,36.724,NoButton,Move,1137,808
36.786,36.786,NoButton,Move,1137,808
36.79,36.79,NoButton,Move,1137,807
36.795,36.795,NoButton,Move,1137,807
36.812,36.812,NoButton,Move,1137,806
36.829,36.829,NoButton,Move,1135,805
36.846,36.846,NoButton,Move,1131,802
36.863,36.863,NoButton,Move,1119,795
36.878,36.878,NoButton,Move,1107,788
36.896,36.896,NoButton,Move,1093,782
36.912,36.912,NoButton,Move,1079,776
36.928,36.928,NoButton,Move,1065,770
36.945,36.945,NoButton,Move,1048,764
36.962,36.962,NoButton,Move,1018,754
36.978,36.978,NoButton,Move,987,745
36.995,36.995,NoButton,Move,945,733
37.012,37.012,NoButton,Move,898,718
37.028,37.028,NoButton,Move,836,701
37.045,37.045,NoButton,Move,771,683
37.062,37.062,NoButton,Move,692,658
37.078,37.078,NoButton,Move,641,641
37.095,37.095,NoButton,Move,602,631
37.112,37.112,NoButton,Move,574,626
37.129,37.129,NoButton,Move,556,625
37.145,37.145,NoButton,Move,544,625
37.162,37.162,NoButton,Move,533,626
37.178,37.178,NoButton,Move,526,628
37.194,37.194,NoButton,Move,520,629
37.212,37.212,NoButton,Move,515,631
37.228,37.228,NoButton,Move,511,632
37.244,37.244,NoButton,Move,509,633
37.262,37.262,NoButton,Move,507,633
37.278,37.278,NoButton,Move,505,634
37.295,37.295,NoButton,Move,499,635
37.312,37.312,NoButton,Move,488,635
37.328,37.328,NoButton,Move,479,635
37.345,37.345,NoButton,Move,471,635
37.362,37.362,NoButton,Move,463,635
37.379,37.379,NoButton,Move,460,635
37.452,37.452,NoButton,Move,459,635
37.46,37.46,NoButton,Move,459,636
37.464,37.464,NoButton,Move,459,636
37.479,37.479,NoButton,Move,458,636
37.495,37.495,NoButton,Move,457,638
37.512,37.512,NoButton,Move,456,640
37.528,37.528,NoButton,Move,455,643
37.546,37.546,NoButton,Move,454,646
37.562,37.562,NoButton,Move,454,649
37.579,37.579,NoButton,Move,454,653
37.595,37.595,NoButton,Move,454,656
37.612,37.612,NoButton,Move,455,658
37.628,37.628,NoButton,Move,455,658
37.668,37.668,NoButton,Move,455,658
37.672,37.672,NoButton,Move,455,658
37.678,37.678,NoButton,Move,455,659
37.695,37.695,NoButton,Move,456,661
37.712,37.712,NoButton,Move,459,665
37.728,37.728,NoButton,Move,461,668
37.745,37.745,NoButton,Move,463,672
37.762,37.762,NoButton,Move,465,674
37.779,37.779,NoButton,Move,466,676
37.795,37.795,NoButton,Move,466,677
37.812,37.812,NoButton,Move,466,678
37.829,37.829,NoButton,Move,467,680
37.845,37.845,NoButton,Move,468,682
37.862,37.862,NoButton,Move,469,685
37.878,37.878,NoButton,Move,470,687
37.895,37.895,NoButton,Move,472,688
37.912,37.912,NoButton,Move,472,688
37.982,37.982,NoButton,Move,472,688
37.998,37.998,Left,Pressed,472,688
38.126,38.126,Left,Released,472,688
38.158,38.158,NoButton,Move,472,688
38.17,38.17,NoButton,Move,473,688
38.182,38.182,NoButton,Move,473,688
38.195,38.195,NoButton,Move,473,688
38.212,38.212,NoButton,Move,473,687
38.274,38.274,NoButton,Move,474,687
38.278,38.278,NoButton,Move,474,687
38.295,38.295,NoButton,Move,474,687
38.312,38.312,NoButton,Move,475,687
38.329,38.329,NoButton,Move,478,687
38.345,38.345,NoButton,Move,480,687
38.362,38.362,NoButton,Move,483,687
38.378,38.378,NoButton,Move,484,687
38.395,38.395,NoButton,Move,486,686
38.412,38.412,NoButton,Move,488,681
38.428,38.428,NoButton,Move,490,672
38.445,38.445,NoButton,Move,490,661
38.462,38.462,NoButton,Move,487,640
38.479,38.479,NoButton,Move,482,621
38.496,38.496,NoButton,Move,475,604
38.512,38.512,NoButton,Move,466,589
38.528,38.528,NoButton,Move,459,581
38.545,38.545,NoButton,Move,456,578
38.562,38.562,NoButton,Move,454,577
38.579,38.579,NoButton,Move,453,576
38.595,38.595,NoButton,Move,453,575
38.612,38.612,NoButton,Move,451,574
38.629,38.629,NoButton,Move,450,574
38.645,38.645,NoButton,Move,450,573
38.662,38.662,NoButton,Move,449,572
38.678,38.678,NoButton,Move,448,572
38.695,38.695,NoButton,Move,447,571
38.712,38.712,NoButton,Move,445,570
38.728,38.728,NoButton,Move,442,569
38.744,38.744,NoButton,Move,437,567
38.762,38.762,NoButton,Move,431,564
38.778,38.778,NoButton,Move,424,561
38.795,38.795,NoButton,Move,418,556
38.812,38.812,NoButton,Move,408,550
38.828,38.828,NoButton,Move,402,543
38.845,38.845,NoButton,Move,397,537
38.862,38.862,NoButton,Move,393,531
38.878,38.878,NoButton,Move,391,529
38.894,38.894,NoButton,Move,390,527
38.912,38.912,NoButton,Move,390,525
39.027,39.027,Left,Pressed,390,525
39.118,39.118,Left,Released,390,525
39.246,39.246,NoButton,Move,390,525
39.29,39.29,NoButton,Move,389,525
39.294,39.294,NoButton,Move,389,525
39.298,39.298,NoButton,Move,389,525
39.312,39.312,NoButton,Move,388,525
39.329,39.329,NoButton,Move,387,526
39.346,39.346,NoButton,Move,387,526
39.37,39.37,NoButton,Move,387,526
39.378,39.378,NoButton,Move,387,527
39.395,39.395,NoButton,Move,388,530
39.412,39.412,NoButton,Move,393,535
39.429,39.429,NoButton,Move,404,545
39.445,39.445,NoButton,Move,428,561
39.462,39.462,NoButton,Move,474,584
39.478,39.478,NoButton,Move,521,599
39.495,39.495,NoButton,Move,572,610
39.512,39.512,NoButton,Move,637,616
39.528,39.528,NoButton,Move,725,617
39.545,39.545,NoButton,Move,790,619
39.562,39.562,NoButton,Move,850,619
39.578,39.578,NoButton,Move,906,618
39.595,39.595,NoButton,Move,954,615
39.612,39.612,NoButton,Move,1000,610
39.628,39.628,NoButton,Move,1032,607
39.645,39.645,NoButton,Move,1061,602
39.662,39.662,NoButton,Move,1089,597
39.678,39.678,NoButton,Move,1119,591
39.694,39.694,NoButton,Move,1153,585
39.712,39.712,NoButton,Move,1194,576
39.728,39.728,NoButton,Move,1229,568
39.745,39.745,NoButton,Move,1264,561
39.762,39.762,NoButton,Move,1288,554
39.778,39.778,NoButton,Move,1306,549
39.795,39.795,NoButton,Move,1317,544
39.812,39.812,NoButton,Move,1321,541
39.828,39.828,NoButton,Move,1322,541
39.845,39.845,NoButton,Move,1322,540
39.862,39.862,NoButton,Move,1322,539
39.879,39.879,NoButton,Move,1322,538
39.895,39.895,NoButton,Move,1323,536
39.911,39.911,NoButton,Move,1324,533
39.928,39.928,NoButton,Move,1327,527
39.945,39.945,NoButton,Move,1332,519
39.962,39.962,NoButton,Move,1339,509
39.978,39.978,NoButton,Move,1347,499
39.995,39.995,NoButton,Move,1354,489
40.012,40.012,NoButton,Move,1364,477
40.028,40.028,NoButton,Move,1370,469
40.045,40.045,NoButton,Move,1374,463
40.062,40.062,NoButton,Move,1378,457
40.078,40.078,NoButton,Move,1381,454
40.094,40.094,NoButton,Move,1382,453
40.112,40.112,NoButton,Move,1383,452
40.15,40.15,NoButton,Move,1383,452
40.162,40.162,NoButton,Move,1383,452
40.179,40.179,NoButton,Move,1383,452
40.195,40.195,NoButton,Move,1384,452
40.212,40.212,NoButton,Move,1384,453
40.228,40.228,NoButton,Move,1385,454
40.245,40.245,NoButton,Move,1385,455
40.262,40.262,NoButton,Move,1386,457
40.278,40.278,NoButton,Move,1386,458
40.296,40.296,NoButton,Move,1386,460
40.312,40.312,NoButton,Move,1386,461
40.328,40.328,NoButton,Move,1387,462
40.345,40.345,NoButton,Move,1387,463
40.362,40.362,NoButton,Move,1387,464
40.378,40.378,NoButton,Move,1387,465
40.395,40.395,NoButton,Move,1387,465
40.443,40.443,NoButton,Move,1388,465
40.487,40.487,Left,Pressed,1388,465
40.574,40.574,Left,Released,1388,465
40.654,40.654,NoButton,Move,1388,465
40.662,40.662,NoButton,Move,1388,466
40.666,40.666,NoButton,Move,1388,466
40.679,40.679,NoButton,Move,1387,467
40.696,40.696,NoButton,Move,1385,468
40.712,40.712,NoButton,Move,1382,471
40.728,40.728,NoButton,Move,1379,473
40.746,40.746,NoButton,Move,1376,476
40.762,40.762,NoButton,Move,1373,478
40.779,40.779,NoButton,Move,1370,481
40.795,40.795,NoButton,Move,1365,486
40.813,40.813,NoButton,Move,1354,493
40.828,40.828,NoButton,Move,1339,501
40.845,40.845,NoButton,Move,1317,508
40.862,40.862,NoButton,Move,1285,517
40.878,40.878,NoButton,Move,1241,526
40.895,40.895,NoButton,Move,1178,533
40.912,40.912,NoButton,Move,1079,539
40.928,40.928,NoButton,Move,979,542
40.946,40.946,NoButton,Move,860,547
40.962,40.962,NoButton,Move,738,555
40.979,40.979,NoButton,Move,638,560
40.995,40.995,NoButton,Move,558,562
41.012,41.012,NoButton,Move,476,566
41.028,41.028,NoButton,Move,429,572
41.046,41.046,NoButton,Move,399,577
41.062,41.062,NoButton,Move,386,581
41.078,41.078,NoButton,Move,383,581
41.181,41.181,NoButton,Move,383,581
41.224,41.224,NoButton,Move,383,582
41.232,41.232,NoButton,Move,382,582
41.245,41.245,NoButton,Move,382,583
41.261,41.261,NoButton,Move,380,587
41.278,41.278,NoButton,Move,379,595
41.296,41.296,NoButton,Move,380,603
41.312,41.312,NoButton,Move,382,611
41.328,41.328,NoButton,Move,385,616
41.345,41.345,NoButton,Move,388,621
41.362,41.362,NoButton,Move,392,626
41.379,41.379,NoButton,Move,394,627
41.395,41.395,NoButton,Move,395,628
41.507,41.507,NoButton,Move,395,628
41.526,41.526,NoButton,Move,395,628
41.551,41.551,Left,Pressed,395,628
41.606,41.606,NoButton,Drag,395,629
41.618,41.618,NoButton,Drag,395,629
41.626,41.626,NoButton,Drag,395,629
41.638,41.638,NoButton,Drag,395,629
41.642,41.642,Left,Released,395,629
41.654,41.654,NoButton,Move,395,630
41.663,41.663,NoButton,Move,395,630
41.678,41.678,NoButton,Move,395,631
41.695,41.695,NoButton,Move,395,632
41.712,41.712,NoButton,Move,394,633
41.729,41.729,NoButton,Move,393,635
41.744,41.744,NoButton,Move,391,637
41.762,41.762,NoButton,Move,390,639
41.778,41.778,NoButton,Move,389,641
41.795,41.795,NoButton,Move,388,642
41.812,41.812,NoButton,Move,387,643
41.828,41.828,NoButton,Move,387,645
41.845,41.845,NoButton,Move,387,647
41.862,41.862,NoButton,Move,387,647
41.879,41.879,NoButton,Move,387,647
42.109,42.109,Left,Pressed,387,647
42.232,42.232,Left,Released,387,647
42.26,42.26,NoButton,Move,387,647
42.264,42.264,NoButton,Move,387,647
42.268,42.268,NoButton,Move,387,647
42.278,42.278,NoButton,Move,387,646
42.295,42.295,NoButton,Move,388,646
42.312,42.312,NoButton,Move,388,645
42.329,42.329,NoButton,Move,388,645
42.466,42.466,NoButton,Move,389,645
42.47,42.47,NoButton,Move,389,645
42.478,42.478,NoButton,Move,389,645
42.495,42.495,NoButton,Move,392,646
42.512,42.512,NoButton,Move,398,649
42.529,42.529,NoButton,Move,413,656
42.546,42.546,NoButton,Move,440,665
42.562,42.562,NoButton,Move,496,683
42.578,42.578,NoButton,Move,556,700
42.595,42.595,NoButton,Move,616,717
42.612,42.612,NoButton,Move,679,738
42.629,42.629,NoButton,Move,739,758
42.645,42.645,NoButton,Move,791,776
42.662,42.662,NoButton,Move,839,795
42.678,42.678,NoButton,Move,860,805
42.696,42.696,NoButton,Move,870,811
42.712,42.712,NoButton,Move,874,814
42.728,42.728,NoButton,Move,875,815
42.75,42.75,NoButton,Move,875,815
43.001,43.001,NoButton,Move,876,815
43.169,43.169,Left,Pressed,876,815
43.304,43.304,Left,Released,876,815
43.356,43.356,NoButton,Move,876,815
43.36,43.36,NoButton,Move,876,815
43.364,43.364,NoButton,Move,876,815
43.379,43.379,NoButton,Move,875,814
43.395,43.395,NoButton,Move,873,813
43.412,43.412,NoButton,Move,868,811
43.428,43.428,NoButton,Move,859,809
43.445,43.445,NoButton,Move,841,804
43.462,43.462,NoButton,Move,818,799
43.478,43.478,NoButton,Move,792,795
43.496,43.496,NoButton,Move,766,790
43.512,43.512,NoButton,Move,729,783
43.528,43.528,NoButton,Move,700,776
43.545,43.545,NoButton,Move,673,767
43.563,43.563,NoButton,Move,640,752
43.579,43.579,NoButton,Move,614,736
43.595,43.595,NoButton,Move,590,720
43.612,43.612,NoButton,Move,563,700
43.628,43.628,NoButton,Move,534,677
43.644,43.644,NoButton,Move,504,652
43.662,43.662,NoButton,Move,467,619
43.678,43.678,NoButton,Move,440,595
43.694,43.694,NoButton,Move,415,571
43.712,43.712,NoButton,Move,395,551
43.728,43.728,NoButton,Move,378,532
43.745,43.745,NoButton,Move,364,516
43.762,43.762,NoButton,Move,351,499
43.778,43.778,NoButton,Move,343,487
43.795,43.795,NoButton,Move,335,475
43.812,43.812,NoButton,Move,326,464
43.828,43.828,NoButton,Move,319,453
43.845,43.845,NoButton,Move,312,443
43.862,43.862,NoButton,Move,302,430
43.878,43.878,NoButton,Move,293,421
43.895,43.895,NoButton,Move,284,411
43.912,43.912,NoButton,Move,274,401
43.928,43.928,NoButton,Move,263,391
43.945,43.945,NoButton,Move,253,383
43.962,43.962,NoButton,Move,240,372
43.978,43.978,NoButton,Move,230,363
43.994,43.994,NoButton,Move,220,355
44.012,44.012,NoButton,Move,209,348
44.028,44.028,NoButton,Move,198,340
44.045,44.045,NoButton,Move,187,331
44.062,44.062,NoButton,Move,173,320
44.078,44.078,NoButton,Move,162,311
44.095,44.095,NoButton,Move,152,303
44.112,44.112,NoButton,Move,140,293
44.128,44.128,NoButton,Move,131,287
44.145,44.145,NoButton,Move,125,282
44.161,44.161,NoButton,Move,122,280
44.179,44.179,NoButton,Move,120,279
44.195,44.195,NoButton,Move,119,279
44.361,44.361,Left,Pressed,119,279
44.481,44.481,Left,Released,119,279
44.482,44.482,NoButton,Move,119,279
44.496,44.496,NoButton,Move,119,279
44.516,44.516,NoButton,Move,119,280
44.528,44.528,NoButton,Move,120,280
44.545,44.545,NoButton,Move,120,280
44.562,44.562,NoButton,Move,120,281
44.578,44.578,NoButton,Move,120,282
44.595,44.595,NoButton,Move,120,282
44.612,44.612,NoButton,Move,121,284
44.628,44.628,NoButton,Move,121,285
44.646,44.646,NoButton,Move,122,286
44.662,44.662,NoButton,Move,123,288
44.679,44.679,NoButton,Move,124,289
44.695,44.695,NoButton,Move,126,292
44.719,44.719,NoButton,Move,130,295
44.729,44.729,NoButton,Move,132,296
44.746,44.746,NoButton,Move,136,299
44.762,44.762,NoButton,Move,144,305
44.778,44.778,NoButton,Move,151,310
44.795,44.795,NoButton,Move,162,317
44.812,44.812,NoButton,Move,173,323
44.829,44.829,NoButton,Move,184,329
44.845,44.845,NoButton,Move,194,334
44.862,44.862,NoButton,Move,206,340
44.878,44.878,NoButton,Move,214,343
44.894,44.894,NoButton,Move,220,345
44.912,44.912,NoButton,Move,224,347
44.928,44.928,NoButton,Move,227,348
44.945,44.945,NoButton,Move,230,349
44.962,44.962,NoButton,Move,232,350
44.978,44.978,NoButton,Move,234,350
44.995,44.995,NoButton,Move,236,351
45.011,45.011,NoButton,Move,239,352
45.029,45.029,NoButton,Move,245,353
45.045,45.045,NoButton,Move,253,356
45.062,45.062,NoButton,Move,267,360
45.078,45.078,NoButton,Move,280,363
45.094,45.094,NoButton,Move,293,366
45.112,45.112,NoButton,Move,306,369
45.128,45.128,NoButton,Move,320,372
45.145,45.145,NoButton,Move,334,375
45.161,45.161,NoButton,Move,347,379
45.178,45.178,NoButton,Move,364,383
45.194,45.194,NoButton,Move,375,386
45.212,45.212,NoButton,Move,387,389
45.228,45.228,NoButton,Move,400,393
45.244,45.244,NoButton,Move,411,396
45.262,45.262,NoButton,Move,424,400
45.278,45.278,NoButton,Move,433,403
45.295,45.295,NoButton,Move,440,405
45.312,45.312,NoButton,Move,447,406
45.328,45.328,NoButton,Move,450,407
45.344,45.344,NoButton,Move,453,409
45.362,45.362,NoButton,Move,455,410
45.378,45.378,NoButton,Move,457,411
45.395,45.395,NoButton,Move,459,412
45.412,45.412,NoButton,Move,461,414
45.428,45.428,NoButton,Move,464,416
45.444,45.444,NoButton,Move,468,418
45.462,45.462,NoButton,Move,474,421
45.478,45.478,NoButton,Move,480,423
45.495,45.495,NoButton,Move,485,424
45.511,45.511,NoButton,Move,490,426
45.528,45.528,NoButton,Move,494,428
45.544,45.544,NoButton,Move,497,429
45.562,45.562,NoButton,Move,500,430
45.578,45.578,NoButton,Move,502,432
45.594,45.594,NoButton,Move,505,433
45.612,45.612,NoButton,Move,508,435
45.628,45.628,NoButton,Move,509,435
45.664,45.664,NoButton,Move,509,435
45.672,45.672,NoButton,Move,509,435
45.679,45.679,NoButton,Move,509,436
45.695,45.695,NoButton,Move,510,437
45.712,45.712,NoButton,Move,513,441
45.728,45.728,NoButton,Move,516,444
45.745,45.745,NoButton,Move,523,450
45.762,45.762,NoButton,Move,534,458
45.778,45.778,NoButton,Move,548,467
45.795,45.795,NoButton,Move,560,473
45.812,45.812,NoButton,Move,573,479
45.828,45.828,NoButton,Move,579,481
45.845,45.845,NoButton,Move,581,481
45.862,45.862,NoButton,Move,581,481
45.882,45.882,NoButton,Move,581,481
45.895,45.895,NoButton,Move,581,481
45.912,45.912,NoButton,Move,582,480
45.928,45.928,NoButton,Move,582,480
45.944,45.944,NoButton,Move,582,479
45.983,45.983,Left,Pressed,582,479
46.01,46.01,NoButton,Drag,582,479
46.155,46.155,Left,Released,582,479
46.21,46.21,NoButton,Move,582,479
46.222,46.222,NoButton,Move,582,479
46.234,46.234,NoButton,Move,582,479
46.245,46.245,NoButton,Move,581,479
46.262,46.262,NoButton,Move,580,478
46.278,46.278,NoButton,Move,575,478
46.295,46.295,NoButton,Move,568,478
46.312,46.312,NoButton,Move,559,480
46.328,46.328,NoButton,Move,549,480
46.345,46.345,NoButton,Move,534,480
46.362,46.362,NoButton,Move,512,481
46.378,46.378,NoButton,Move,490,481
46.395,46.395,NoButton,Move,464,483
46.412,46.412,NoButton,Move,437,488
46.429,46.429,NoButton,Move,422,493
46.445,46.445,NoButton,Move,412,498
46.462,46.462,NoButton,Move,406,503
46.478,46.478,NoButton,Move,403,507
46.495,46.495,NoButton,Move,402,512
46.512,46.512,NoButton,Move,401,518
46.528,46.528,NoButton,Move,402,524
46.545,46.545,NoButton,Move,405,531
46.562,46.562,NoButton,Move,409,537
46.578,46.578,NoButton,Move,412,543
46.595,46.595,NoButton,Move,415,551
46.612,46.612,NoButton,Move,419,564
46.628,46.628,NoButton,Move,421,575
46.645,46.645,NoButton,Move,422,585
46.662,46.662,NoButton,Move,422,597
46.678,46.678,NoButton,Move,421,612
46.694,46.694,NoButton,Move,418,628
46.712,46.712,NoButton,Move,413,649
46.729,46.729,NoButton,Move,410,663
46.745,46.745,NoButton,Move,408,678
46.762,46.762,NoButton,Move,406,690
46.778,46.778,NoButton,Move,405,699
46.794,46.794,NoButton,Move,404,707
46.812,46.812,NoButton,Move,404,713
46.828,46.828,NoButton,Move,404,717
46.844,46.844,NoButton,Move,404,718
46.862,46.862,NoButton,Move,404,719
46.932,46.932,NoButton,Move,404,719
46.936,46.936,NoButton,Move,404,719
46.945,46.945,NoButton,Move,404,719
46.962,46.962,NoButton,Move,404,720
46.978,46.978,NoButton,Move,404,722
46.994,46.994,NoButton,Move,404,723
47.012,47.012,NoButton,Move,406,724
47.029,47.029,NoButton,Move,407,724
47.046,47.046,NoButton,Move,407,724
47.115,47.115,Left,Pressed,407,724
47.126,47.126,NoButton,Drag,407,724
47.158,47.158,NoButton,Drag,408,724
47.254,47.254,Left,Released,408,724
47.342,47.342,NoButton,Move,408,724
47.35,47.35,NoButton,Move,408,724
47.358,47.358,NoButton,Move,408,723
47.362,47.362,NoButton,Move,408,723
47.378,47.378,NoButton,Move,409,722
47.394,47.394,NoButton,Move,409,721
47.412,47.412,NoButton,Move,410,720
47.428,47.428,NoButton,Move,412,717
47.445,47.445,NoButton,Move,415,714
47.462,47.462,NoButton,Move,421,708
47.478,47.478,NoButton,Move,430,701
47.494,47.494,NoButton,Move,442,691
47.512,47.512,NoButton,Move,458,677
47.528,47.528,NoButton,Move,477,663
47.545,47.545,NoButton,Move,506,640
47.562,47.562,NoButton,Move,534,616
47.579,47.579,NoButton,Move,562,591
47.595,47.595,NoButton,Move,588,568
47.612,47.612,NoButton,Move,620,542
47.628,47.628,NoButton,Move,647,520
47.645,47.645,NoButton,Move,675,498
47.662,47.662,NoButton,Move,707,473
47.678,47.678,NoButton,Move,736,451
47.695,47.695,NoButton,Move,762,432
47.711,47.711,NoButton,Move,781,416
47.728,47.728,NoButton,Move,801,399
47.744,47.744,NoButton,Move,817,384
47.762,47.762,NoButton,Move,833,368
47.779,47.779,NoButton,Move,847,352
47.795,47.795,NoButton,Move,859,336
47.812,47.812,NoButton,Move,874,315
47.828,47.828,NoButton,Move,885,299
47.844,47.844,NoButton,Move,894,285
47.862,47.862,NoButton,Move,903,271
47.878,47.878,NoButton,Move,911,259
47.895,47.895,NoButton,Move,918,247
47.912,47.912,NoButton,Move,925,234
47.928,47.928,NoButton,Move,930,225
47.945,47.945,NoButton,Move,935,217
47.962,47.962,NoButton,Move,938,210
47.978,47.978,NoButton,Move,942,205
47.995,47.995,NoButton,Move,945,200
48.012,48.012,NoButton,Move,949,193
48.028,48.028,NoButton,Move,952,188
48.045,48.045,NoButton,Move,956,182
48.062,48.062,NoButton,Move,961,176
48.078,48.078,NoButton,Move,965,170
48.095,48.095,NoButton,Move,969,165
48.112,48.112,NoButton,Move,973,158
48.128,48.128,NoButton,Move,977,153
48.145,48.145,NoButton,Move,981,148
48.162,48.162,NoButton,Move,986,143
48.178,48.178,NoButton,Move,989,139
48.194,48.194,NoButton,Move,991,136
48.212,48.212,NoButton,Move,993,134
48.228,48.228,NoButton,Move,994,132
48.245,48.245,NoButton,Move,994,131
48.262,48.262,NoButton,Move,995,130
48.278,48.278,NoButton,Move,996,129
48.295,48.295,NoButton,Move,996,128
48.312,48.312,NoButton,Move,997,127
48.328,48.328,NoButton,Move,997,126
48.345,48.345,NoButton,Move,998,125
48.362,48.362,NoButton,Move,999,124
48.378,48.378,NoButton,Move,1001,122
48.395,48.395,NoButton,Move,1003,120
48.412,48.412,NoButton,Move,1006,119
48.429,48.429,NoButton,Move,1007,117
48.445,48.445,NoButton,Move,1009,116
48.462,48.462,NoButton,Move,1010,116
48.526,48.526,NoButton,Move,1010,116
48.534,48.534,NoButton,Move,1010,116
48.55,48.55,NoButton,Move,1011,116
48.561,48.561,NoButton,Move,1011,116
48.578,48.578,NoButton,Move,1013,117
48.594,48.594,NoButton,Move,1016,119
48.606,48.606,NoButton,Move,1018,120
48.612,48.612,Left,Pressed,1018,120
48.612,48.612,NoButton,Drag,1019,121
48.614,48.614,NoButton,Drag,1020,122
48.618,48.618,NoButton,Drag,1021,123
48.622,48.622,NoButton,Drag,1022,123
48.626,48.626,NoButton,Drag,1023,124
48.63,48.63,NoButton,Drag,1023,124
48.634,48.634,NoButton,Drag,1024,125
48.638,48.638,NoButton,Drag,1024,125
48.642,48.642,NoButton,Drag,1024,126
48.65,48.65,NoButton,Drag,1025,126
48.67,48.67,NoButton,Drag,1025,126
48.736,48.736,Left,Released,1025,126
48.856,48.856,NoButton,Move,1025,126
48.864,48.864,NoButton,Move,1025,126
48.876,48.876,NoButton,Move,1025,126
48.88,48.88,NoButton,Move,1025,127
48.895,48.895,NoButton,Move,1025,127
48.911,48.911,NoButton,Move,1025,129
48.928,48.928,NoButton,Move,1026,132
48.944,48.944,NoButton,Move,1026,135
48.962,48.962,NoButton,Move,1027,141
48.978,48.978,NoButton,Move,1030,148
48.995,48.995,NoButton,Move,1034,156
49.011,49.011,NoButton,Move,1042,166
49.028,49.028,NoButton,Move,1058,183
49.045,49.045,NoButton,Move,1074,196
49.061,49.061,NoButton,Move,1090,207
49.079,49.079,NoButton,Move,1106,212
49.095,49.095,NoButton,Move,1120,216
49.111,49.111,NoButton,Move,1132,219
49.128,49.128,NoButton,Move,1144,222
49.144,49.144,NoButton,Move,1151,224
49.162,49.162,NoButton,Move,1157,226
49.178,49.178,NoButton,Move,1164,227
49.195,49.195,NoButton,Move,1170,229
49.211,49.211,NoButton,Move,1179,231
49.228,49.228,NoButton,Move,1190,234
49.245,49.245,NoButton,Move,1200,236
49.262,49.262,NoButton,Move,1211,239
49.278,49.278,NoButton,Move,1223,242
49.295,49.295,NoButton,Move,1232,244
49.311,49.311,NoButton,Move,1238,246
49.328,49.328,NoButton,Move,1242,248
49.345,49.345,NoButton,Move,1246,249
49.361,49.361,NoButton,Move,1249,251
49.378,49.378,NoButton,Move,1251,252
49.394,49.394,NoButton,Move,1252,254
49.411,49.411,NoButton,Move,1253,255
49.429,49.429,NoButton,Move,1254,257
49.445,49.445,NoButton,Move,1255,259
49.461,49.461,NoButton,Move,1256,261
49.478,49.478,NoButton,Move,1258,264
49.495,49.495,NoButton,Move,1259,267
49.511,49.511,NoButton,Move,1261,270
49.528,49.528,NoButton,Move,1262,272
49.545,49.545,NoButton,Move,1263,274
49.561,49.561,NoButton,Move,1264,275
49.578,49.578,NoButton,Move,1264,276
49.595,49.595,NoButton,Move,1264,277
49.611,49.611,NoButton,Move,1264,278
49.628,49.628,NoButton,Move,1264,280
49.645,49.645,NoButton,Move,1264,282
49.661,49.661,NoButton,Move,1264,284
49.678,49.678,NoButton,Move,1265,287
49.694,49.694,NoButton,Move,1265,288
49.712,49.712,NoButton,Move,1266,290
49.728,49.728,NoButton,Move,1266,292
49.745,49.745,NoButton,Move,1267,294
49.758,49.758,NoButton,Move,1267,295
49.761,49.761,Left,Pressed,1267,295
49.762,49.762,NoButton,Drag,1268,296
49.766,49.766,NoButton,Drag,1268,296
49.77,49.77,NoButton,Drag,1268,296
49.774,49.774,NoButton,Drag,1268,296
49.778,49.778,NoButton,Drag,1269,296
49.896,49.896,Left,Released,1269,296
49.996,49.996,NoButton,Move,1269,297
50.004,50.004,NoButton,Move,1269,297
50.011,50.011,NoButton,Move,1268,297
50.028,50.028,NoButton,Move,1266,301
50.044,50.044,NoButton,Move,1263,305
50.061,50.061,NoButton,Move,1259,310
50.078,50.078,NoButton,Move,1254,317
50.095,50.095,NoButton,Move,1248,325
50.111,50.111,NoButton,Move,1239,334
50.128,50.128,NoButton,Move,1224,348
50.144,50.144,NoButton,Move,1208,359
50.162,50.162,NoButton,Move,1187,370
50.178,50.178,NoButton,Move,1156,380
50.195,50.195,NoButton,Move,1113,391
50.211,50.211,NoButton,Move,1050,394
50.228,50.228,NoButton,Move,939,393
50.245,50.245,NoButton,Move,822,383
50.262,50.262,NoButton,Move,691,365
50.278,50.278,NoButton,Move,553,343
50.295,50.295,NoButton,Move,418,316
50.312,50.312,NoButton,Move,303,285
50.328,50.328,NoButton,Move,191,248
50.345,50.345,NoButton,Move,129,229
50.361,50.361,NoButton,Move,92,219
50.378,50.378,NoButton,Move,73,214
50.394,50.394,NoButton,Move,64,211
50.412,50.412,NoButton,Move,62,211
50.429,50.429,NoButton,Move,61,211
50.506,50.506,NoButton,Move,61,210
50.514,50.514,NoButton,Move,61,210
50.528,50.528,NoButton,Move,61,209
50.545,50.545,NoButton,Move,61,209
50.561,50.561,NoButton,Move,62,207
50.578,50.578,NoButton,Move,64,205
50.594,50.594,NoButton,Move,67,202
50.611,50.611,NoButton,Move,70,200
50.629,50.629,NoButton,Move,74,197
50.646,50.646,NoButton,Move,79,193
50.661,50.661,NoButton,Move,84,191
50.678,50.678,NoButton,Move,89,188
50.694,50.694,NoButton,Move,94,186
50.712,50.712,NoButton,Move,100,185
50.728,50.728,NoButton,Move,106,183
50.745,50.745,NoButton,Move,112,183
50.762,50.762,NoButton,Move,119,183
50.778,50.778,NoButton,Move,129,183
50.794,50.794,NoButton,Move,137,184
50.812,50.812,NoButton,Move,146,185
50.828,50.828,NoButton,Move,155,185
50.845,50.845,NoButton,Move,164,186
50.862,50.862,NoButton,Move,173,186
50.878,50.878,NoButton,Move,181,186
50.895,50.895,NoButton,Move,185,186
50.912,50.912,NoButton,Move,188,185
50.929,50.929,NoButton,Move,189,184
50.944,50.944,NoButton,Move,190,184
50.961,50.961,NoButton,Move,191,183
50.979,50.979,NoButton,Move,192,182
50.995,50.995,NoButton,Move,194,181
51.011,51.011,NoButton,Move,196,180
51.028,51.028,NoButton,Move,199,179
51.045,51.045,NoButton,Move,202,179
51.062,51.062,NoButton,Move,204,178
51.079,51.079,NoButton,Move,206,177
51.095,51.095,NoButton,Move,208,177
51.112,51.112,NoButton,Move,209,177
51.128,51.128,NoButton,Move,211,177
51.145,51.145,NoButton,Move,211,176
51.176,51.176,NoButton,Move,212,176
51.18,51.18,NoButton,Move,212,176
51.192,51.192,NoButton,Move,212,176
51.194,51.194,Left,Pressed,212,176
51.196,51.196,NoButton,Drag,212,176
51.336,51.336,Left,Released,212,176
51.537,51.537,NoButton,Move,213,177
51.54,51.54,NoButton,Move,213,177
51.546,51.546,NoButton,Move,213,177
51.562,51.562,NoButton,Move,213,178
51.578,51.578,NoButton,Move,216,182
51.595,51.595,NoButton,Move,220,185
51.611,51.611,NoButton,Move,228,191
51.628,51.628,NoButton,Move,242,197
51.645,51.645,NoButton,Move,263,204
51.662,51.662,NoButton,Move,294,210
51.678,51.678,NoButton,Move,342,215
51.695,51.695,NoButton,Move,384,217
51.711,51.711,NoButton,Move,432,217
51.728,51.728,NoButton,Move,481,215
51.745,51.745,NoButton,Move,531,208
51.761,51.761,NoButton,Move,581,198
51.778,51.778,NoButton,Move,645,185
51.795,51.795,NoButton,Move,703,174
51.812,51.812,NoButton,Move,771,162
51.828,51.828,NoButton,Move,841,151
51.845,51.845,NoButton,Move,895,138
51.861,51.861,NoButton,Move,941,126
51.878,51.878,NoButton,Move,980,116
51.895,51.895,NoButton,Move,1001,111
51.911,51.911,NoButton,Move,1013,108
51.928,51.928,NoButton,Move,1019,107
51.945,51.945,NoButton,Move,1021,106
52.006,52.006,NoButton,Move,1021,106
52.01,52.01,NoButton,Move,1021,106
52.014,52.014,NoButton,Move,1021,106
52.028,52.028,NoButton,Move,1023,105
52.045,52.045,NoButton,Move,1026,105
52.061,52.061,NoButton,Move,1033,104
52.078,52.078,NoButton,Move,1044,103
52.094,52.094,NoButton,Move,1058,102
52.112,52.112,NoButton,Move,1075,102
52.128,52.128,NoButton,Move,1101,100
52.145,52.145,NoButton,Move,1124,98
52.161,52.161,NoButton,Move,1149,97
52.178,52.178,NoButton,Move,1173,95
52.195,52.195,NoButton,Move,1196,95
52.211,52.211,NoButton,Move,1215,95
52.228,52.228,NoButton,Move,1233,94
52.245,52.245,NoButton,Move,1242,94
52.262,52.262,NoButton,Move,1249,94
52.279,52.279,NoButton,Move,1254,94
52.295,52.295,NoButton,Move,1258,94
52.311,52.311,NoButton,Move,1262,94
52.328,52.328,NoButton,Move,1267,94
52.344,52.344,NoButton,Move,1274,94
52.361,52.361,NoButton,Move,1283,93
52.378,52.378,NoButton,Move,1292,93
52.395,52.395,NoButton,Move,1301,93
52.411,52.411,NoButton,Move,1309,93
52.428,52.428,NoButton,Move,1316,94
52.444,52.444,NoButton,Move,1326,94
52.461,52.461,NoButton,Move,1333,94
52.479,52.479,NoButton,Move,1337,94
52.494,52.494,NoButton,Move,1339,94
52.511,52.511,NoButton,Move,1340,94
52.613,52.613,NoButton,Move,1340,94
52.629,52.629,NoButton,Move,1341,94
52.688,52.688,NoButton,Move,1341,94
52.708,52.708,NoButton,Move,1341,94
52.714,52.714,NoButton,Move,1341,94
52.73,52.73,NoButton,Move,1342,94
52.799,52.799,NoButton,Move,1342,94
52.82,52.82,NoButton,Move,1342,94
52.828,52.828,NoButton,Move,1342,95
52.843,52.843,Left,Pressed,1342,95
52.971,52.971,Left,Released,1342,95
53.05,53.05,NoButton,Move,1342,95
53.058,53.058,NoButton,Move,1342,95
53.062,53.062,NoButton,Move,1342,95
53.078,53.078,NoButton,Move,1340,96
53.094,53.094,NoButton,Move,1338,98
53.112,53.112,NoButton,Move,1333,101
53.128,53.128,NoButton,Move,1327,104
53.144,53.144,NoButton,Move,1319,108
53.162,53.162,NoButton,Move,1307,111
53.178,53.178,NoButton,Move,1288,116
53.195,53.195,NoButton,Move,1264,120
53.211,53.211,NoButton,Move,1227,124
53.229,53.229,NoButton,Move,1176,129
53.245,53.245,NoButton,Move,1108,138
53.261,53.261,NoButton,Move,1034,154
53.278,53.278,NoButton,Move,940,183
53.295,53.295,NoButton,Move,867,211
53.311,53.311,NoButton,Move,794,241
53.328,53.328,NoButton,Move,729,268
53.345,53.345,NoButton,Move,674,297
53.361,53.361,NoButton,Move,648,319
53.378,53.378,NoButton,Move,633,335
53.395,53.395,NoButton,Move,622,351
53.411,53.411,NoButton,Move,615,364
53.428,53.428,NoButton,Move,606,378
53.444,53.444,NoButton,Move,600,386
53.462,53.462,NoButton,Move,592,395
53.478,53.478,NoButton,Move,582,402
53.495,53.495,NoButton,Move,570,409
53.511,53.511,NoButton,Move,556,415
53.528,53.528,NoButton,Move,533,423
53.545,53.545,NoButton,Move,515,431
53.561,53.561,NoButton,Move,501,439
53.579,53.579,NoButton,Move,490,446
53.595,53.595,NoButton,Move,478,452
53.611,53.611,NoButton,Move,468,458
53.628,53.628,NoButton,Move,457,466
53.645,53.645,NoButton,Move,451,472
53.662,53.662,NoButton,Move,444,478
53.678,53.678,NoButton,Move,437,486
53.695,53.695,NoButton,Move,429,494
53.711,53.711,NoButton,Move,422,500
53.728,53.728,NoButton,Move,413,510
53.744,53.744,NoButton,Move,406,518
53.761,53.761,NoButton,Move,400,525
53.778,53.778,NoButton,Move,397,532
53.795,53.795,NoButton,Move,393,536
53.811,53.811,NoButton,Move,392,541
53.828,53.828,NoButton,Move,388,548
53.845,53.845,NoButton,Move,384,555
53.861,53.861,NoButton,Move,379,561
53.878,53.878,NoButton,Move,372,567
53.895,53.895,NoButton,Move,365,571
53.911,53.911,NoButton,Move,357,575
53.928,53.928,NoButton,Move,350,579
53.944,53.944,NoButton,Move,343,582
53.961,53.961,NoButton,Move,335,585
53.978,53.978,NoButton,Move,325,589
53.994,53.994,NoButton,Move,316,592
54.012,54.012,NoButton,Move,309,596
54.028,54.028,NoButton,Move,303,600
54.044,54.044,NoButton,Move,298,605
54.061,54.061,NoButton,Move,296,607
54.078,54.078,NoButton,Move,294,610
54.094,54.094,NoButton,Move,292,613
54.112,54.112,NoButton,Move,291,616
54.129,54.129,NoButton,Move,291,619
54.145,54.145,NoButton,Move,290,622
54.161,54.161,NoButton,Move,290,626
54.178,54.178,NoButton,Move,290,630
54.194,54.194,NoButton,Move,290,632
54.211,54.211,NoButton,Move,289,634
54.228,54.228,NoButton,Move,289,636
54.245,54.245,NoButton,Move,288,639
54.261,54.261,NoButton,Move,287,642
54.278,54.278,NoButton,Move,285,647
54.295,54.295,NoButton,Move,283,651
54.311,54.311,NoButton,Move,279,655
54.329,54.329,NoButton,Move,274,661
54.344,54.344,NoButton,Move,269,667
54.362,54.362,NoButton,Move,266,670
54.378,54.378,NoButton,Move,266,670
54.395,54.395,NoButton,Move,266,670
54.412,54.412,NoButton,Move,266,670
54.429,54.429,NoButton,Move,266,670
54.448,54.448,NoButton,Move,266,670
54.469,54.469,Left,Pressed,266,670
54.564,54.564,NoButton,Drag,267,670
54.596,54.596,Left,Released,267,670
54.6,54.6,NoButton,Move,267,670
54.611,54.611,NoButton,Move,267,670
54.628,54.628,NoButton,Move,269,668
54.644,54.644,NoButton,Move,270,666
54.662,54.662,NoButton,Move,271,665
54.678,54.678,NoButton,Move,272,663
54.695,54.695,NoButton,Move,274,661
54.711,54.711,NoButton,Move,275,659
54.728,54.728,NoButton,Move,279,656
54.744,54.744,NoButton,Move,283,653
54.761,54.761,NoButton,Move,288,651
54.778,54.778,NoButton,Move,295,649
54.795,54.795,NoButton,Move,309,647
54.811,54.811,NoButton,Move,327,647
54.828,54.828,NoButton,Move,351,646
54.844,54.844,NoButton,Move,362,645
54.861,54.861,NoButton,Move,365,644
54.879,54.879,NoButton,Move,366,643
54.895,54.895,NoButton,Move,366,638
54.911,54.911,NoButton,Move,365,625
54.928,54.928,NoButton,Move,357,601
54.944,54.944,NoButton,Move,346,578
54.961,54.961,NoButton,Move,330,553
54.979,54.979,NoButton,Move,312,526
54.994,54.994,NoButton,Move,289,497
55.011,55.011,NoButton,Move,276,481
55.028,55.028,NoButton,Move,266,468
55.045,55.045,NoButton,Move,258,457
55.061,55.061,NoButton,Move,253,449
55.078,55.078,NoButton,Move,251,443
55.094,55.094,NoButton,Move,250,440
55.111,55.111,NoButton,Move,249,438
55.128,55.128,NoButton,Move,248,436
55.145,55.145,NoButton,Move,248,433
55.161,55.161,NoButton,Move,246,431
55.178,55.178,NoButton,Move,245,426
55.194,55.194,NoButton,Move,244,423
55.212,55.212,NoButton,Move,242,421
55.228,55.228,NoButton,Move,241,418
55.245,55.245,NoButton,Move,240,416
55.261,55.261,NoButton,Move,237,411
55.278,55.278,NoButton,Move,234,405
55.294,55.294,NoButton,Move,230,401
55.312,55.312,NoButton,Move,226,394
55.328,55.328,NoButton,Move,221,386
55.344,55.344,NoButton,Move,215,378
55.361,55.361,NoButton,Move,209,369
55.378,55.378,NoButton,Move,201,359
55.394,55.394,NoButton,Move,195,351
55.412,55.412,NoButton,Move,188,341
55.428,55.428,NoButton,Move,182,333
55.445,55.445,NoButton,Move,178,327
55.461,55.461,NoButton,Move,175,322
55.478,55.478,NoButton,Move,173,319
55.495,55.495,NoButton,Move,172,319
55.612,55.612,NoButton,Move,172,319
55.616,55.616,NoButton,Move,172,319
55.628,55.628,NoButton,Move,171,319
55.645,55.645,NoButton,Move,170,319
55.661,55.661,NoButton,Move,169,319
55.679,55.679,NoButton,Move,169,319
55.695,55.695,NoButton,Move,167,319
55.712,55.712,NoButton,Move,166,319
55.728,55.728,NoButton,Move,166,319
55.744,55.744,NoButton,Move,166,319
55.761,55.761,NoButton,Move,165,319
55.805,55.805,NoButton,Move,165,319
55.889,55.889,Left,Pressed,165,319
55.997,55.997,Left,Released,165,319
56.052,56.052,NoButton,Move,165,318
56.06,56.06,NoButton,Move,165,318
56.096,56.096,NoButton,Move,165,318
56.1,56.1,NoButton,Move,165,318
56.182,56.182,NoButton,Move,164,318
56.442,56.442,NoButton,Move,164,317
56.446,56.446,NoButton,Move,164,317
56.461,56.461,NoButton,Move,164,315
56.478,56.478,NoButton,Move,162,313
56.494,56.494,NoButton,Move,160,310
56.511,56.511,NoButton,Move,159,308
56.528,56.528,NoButton,Move,157,305
56.544,56.544,NoButton,Move,156,302
56.561,56.561,NoButton,Move,154,300
56.579,56.579,NoButton,Move,154,299
56.635,56.635,Left,Pressed,154,299
56.745,56.745,Left,Released,154,299
56.8,56.8,NoButton,Move,154,299
56.864,56.864,NoButton,Move,154,299
56.868,56.868,NoButton,Move,154,299
56.878,56.878,NoButton,Move,154,300
56.896,56.896,NoButton,Move,154,303
56.912,56.912,NoButton,Move,155,308
56.928,56.928,NoButton,Move,159,317
56.945,56.945,NoButton,Move,164,326
56.961,56.961,NoButton,Move,171,335
56.978,56.978,NoButton,Move,179,344
56.995,56.995,NoButton,Move,189,355
57.011,57.011,NoButton,Move,199,366
57.028,57.028,NoButton,Move,213,381
57.045,57.045,NoButton,Move,224,392
57.061,57.061,NoButton,Move,235,402
57.078,57.078,NoButton,Move,245,412
57.096,57.096,NoButton,Move,254,421
57.112,57.112,NoButton,Move,260,427
57.128,57.128,NoButton,Move,263,432
57.144,57.144,NoButton,Move,266,436
57.161,57.161,NoButton,Move,268,441
57.179,57.179,NoButton,Move,270,446
57.195,57.195,NoButton,Move,272,451
57.211,57.211,NoButton,Move,275,456
57.228,57.228,NoButton,Move,279,461
57.244,57.244,NoButton,Move,282,464
57.261,57.261,NoButton,Move,285,466
57.278,57.278,NoButton,Move,289,467
57.295,57.295,NoButton,Move,290,467
57.311,57.311,NoButton,Move,291,467
57.328,57.328,NoButton,Move,292,467
57.344,57.344,NoButton,Move,293,466
57.361,57.361,NoButton,Move,294,465
57.379,57.379,NoButton,Move,295,464
57.394,57.394,NoButton,Move,297,464
57.411,57.411,NoButton,Move,302,463
57.428,57.428,NoButton,Move,306,463
57.445,57.445,NoButton,Move,311,463
57.461,57.461,NoButton,Move,315,463
57.478,57.478,NoButton,Move,319,464
57.495,57.495,NoButton,Move,321,464
57.511,57.511,NoButton,Move,323,464
57.529,57.529,NoButton,Move,324,465
57.545,57.545,NoButton,Move,325,465
57.561,57.561,NoButton,Move,326,466
57.578,57.578,NoButton,Move,327,467
57.594,57.594,NoButton,Move,328,468
57.612,57.612,NoButton,Move,329,469
57.628,57.628,NoButton,Move,330,469
57.645,57.645,NoButton,Move,331,470
57.651,57.651,NoButton,Move,332,470
57.661,57.661,Left,Pressed,332,470
57.662,57.662,NoButton,Drag,332,471
57.662,57.662,NoButton,Drag,333,471
57.67,57.67,NoButton,Drag,333,471
57.674,57.674,NoButton,Drag,333,471
57.678,57.678,NoButton,Drag,333,471
57.686,57.686,NoButton,Drag,334,471
57.832,57.832,Left,Released,334,471
57.956,57.956,NoButton,Move,334,471
57.96,57.96,NoButton,Move,334,472
57.964,57.964,NoButton,Move,334,472
57.978,57.978,NoButton,Move,334,473
57.995,57.995,NoButton,Move,335,475
58.012,58.012,NoButton,Move,336,477
58.029,58.029,NoButton,Move,337,477
58.052,58.052,NoButton,Move,337,477
58.061,58.061,NoButton,Move,337,478
58.078,58.078,NoButton,Move,339,478
58.095,58.095,NoButton,Move,345,482
58.111,58.111,NoButton,Move,357,487
58.128,58.128,NoButton,Move,395,502
58.144,58.144,NoButton,Move,444,520
58.161,58.161,NoButton,Move,509,546
58.178,58.178,NoButton,Move,585,576
58.195,58.195,NoButton,Move,655,604
58.211,58.211,NoButton,Move,711,626
58.228,58.228,NoButton,Move,753,643
58.244,58.244,NoButton,Move,788,659
58.262,58.262,NoButton,Move,806,669
58.278,58.278,NoButton,Move,819,678
58.295,58.295,NoButton,Move,828,686
58.311,58.311,NoButton,Move,834,691
58.328,58.328,NoButton,Move,840,696
58.344,58.344,NoButton,Move,842,698
58.361,58.361,NoButton,Move,843,699
58.378,58.378,NoButton,Move,844,700
58.395,58.395,NoButton,Move,846,702
58.411,58.411,NoButton,Move,847,703
58.429,58.429,NoButton,Move,849,704
58.445,58.445,NoButton,Move,849,704
58.498,58.498,NoButton,Move,849,705
58.506,58.506,NoButton,Move,849,705
58.511,58.511,NoButton,Move,850,705
58.528,58.528,NoButton,Move,852,707
58.545,58.545,NoButton,Move,859,709
58.562,58.562,NoButton,Move,870,712
58.578,58.578,NoButton,Move,888,716
58.594,58.594,NoButton,Move,905,718
58.612,58.612,NoButton,Move,925,720
58.628,58.628,NoButton,Move,944,723
58.645,58.645,NoButton,Move,960,724
58.661,58.661,NoButton,Move,972,724
58.678,58.678,NoButton,Move,982,725
58.694,58.694,NoButton,Move,986,725
58.712,58.712,NoButton,Move,989,725
58.728,58.728,NoButton,Move,991,724
58.744,58.744,NoButton,Move,994,724
58.761,58.761,NoButton,Move,995,724
58.778,58.778,NoButton,Move,1002,724
58.795,58.795,NoButton,Move,1005,724
58.812,58.812,NoButton,Move,1007,724
58.828,58.828,NoButton,Move,1009,724
58.881,58.881,Left,Pressed,1009,724
58.988,58.988,Left,Released,1009,724
59.049,59.049,NoButton,Move,1009,724
59.064,59.064,NoButton,Move,1010,723
59.078,59.078,NoButton,Move,1010,723
59.094,59.094,NoButton,Move,1010,723
59.112,59.112,NoButton,Move,1011,723
59.128,59.128,NoButton,Move,1013,722
59.144,59.144,NoButton,Move,1017,722
59.161,59.161,NoButton,Move,1023,723
59.178,59.178,NoButton,Move,1029,724
59.195,59.195,NoButton,Move,1036,725
59.211,59.211,NoButton,Move,1042,725
59.228,59.228,NoButton,Move,1048,725
59.244,59.244,NoButton,Move,1050,726
59.262,59.262,NoButton,Move,1051,726
59.279,59.279,NoButton,Move,1052,726
59.295,59.295,NoButton,Move,1052,726
59.321,59.321,Left,Pressed,1052,726
59.374,59.374,Left,Released,1052,726
59.459,59.459,NoButton,Move,1052,726
59.47,59.47,NoButton,Move,1052,726
59.474,59.474,NoButton,Move,1051,726
59.486,59.486,NoButton,Move,1051,725
59.494,59.494,NoButton,Move,1051,725
59.511,59.511,NoButton,Move,1050,725
59.528,59.528,NoButton,Move,1048,724
59.545,59.545,NoButton,Move,1046,724
59.561,59.561,NoButton,Move,1042,723
59.578,59.578,NoButton,Move,1030,721
59.595,59.595,NoButton,Move,1010,716
59.612,59.612,NoButton,Move,983,709
59.629,59.629,NoButton,Move,951,701
59.645,59.645,NoButton,Move,912,690
59.661,59.661,NoButton,Move,866,675
59.679,59.679,NoButton,Move,803,653
59.695,59.695,NoButton,Move,747,634
59.712,59.712,NoButton,Move,688,614
59.729,59.729,NoButton,Move,636,596
59.745,59.745,NoButton,Move,591,582
59.761,59.761,NoButton,Move,561,572
59.778,59.778,NoButton,Move,534,565
59.794,59.794,NoButton,Move,521,561
59.812,59.812,NoButton,Move,512,558
59.828,59.828,NoButton,Move,504,556
59.845,59.845,NoButton,Move,502,556
59.861,59.861,NoButton,Move,502,555
59.878,59.878,NoButton,Move,501,555
59.895,59.895,NoButton,Move,501,555
59.911,59.911,NoButton,Move,500,555
59.928,59.928,NoButton,Move,497,554
59.944,59.944,NoButton,Move,489,553
59.962,59.962,NoButton,Move,480,550
59.978,59.978,NoButton,Move,468,548
59.995,59.995,NoButton,Move,454,544
60.011,60.011,NoButton,Move,438,541
60.028,60.028,NoButton,Move,422,536
60.044,60.044,NoButton,Move,403,532
60.061,60.061,NoButton,Move,393,529
60.078,60.078,NoButton,Move,388,528
60.095,60.095,NoButton,Move,388,528
60.416,60.416,NoButton,Move,388,528
60.422,60.422,NoButton,Move,388,529
60.429,60.429,NoButton,Move,388,529
60.444,60.444,NoButton,Move,388,529
60.461,60.461,NoButton,Move,388,530
60.478,60.478,NoButton,Move,388,531
60.495,60.495,NoButton,Move,388,531
60.538,60.538,NoButton,Move,388,531
60.554,60.554,Left,Pressed,388,531
60.706,60.706,Left,Released,388,531
60.91,60.91,NoButton,Move,388,532
60.918,60.918,NoButton,Move,388,532
60.928,60.928,NoButton,Move,388,532
60.946,60.946,NoButton,Move,389,533
60.961,60.961,NoButton,Move,390,534
60.979,60.979,NoButton,Move,391,534
60.994,60.994,NoButton,Move,391,534
61.011,61.011,NoButton,Move,391,534
61.028,61.028,NoButton,Move,391,531
61.045,61.045,NoButton,Move,389,528
61.062,61.062,NoButton,Move,384,521
61.078,61.078,NoButton,Move,373,511
61.096,61.096,NoButton,Move,352,494
61.111,61.111,NoButton,Move,324,475
61.128,61.128,NoButton,Move,280,450
61.144,61.144,NoButton,Move,244,431
61.162,61.162,NoButton,Move,212,415
61.178,61.178,NoButton,Move,186,402
61.196,61.196,NoButton,Move,167,392
61.211,61.211,NoButton,Move,155,385
61.228,61.228,NoButton,Move,148,381
61.245,61.245,NoButton,Move,147,380
61.32,61.32,NoButton,Move,147,380
61.329,61.329,NoButton,Move,147,380
61.345,61.345,NoButton,Move,146,379
61.362,61.362,NoButton,Move,145,378
61.378,61.378,NoButton,Move,144,378
61.394,61.394,NoButton,Move,143,377
61.411,61.411,NoButton,Move,141,376
61.428,61.428,NoButton,Move,138,375
61.445,61.445,NoButton,Move,133,374
61.461,61.461,NoButton,Move,127,374
61.478,61.478,NoButton,Move,121,374
61.495,61.495,NoButton,Move,115,374
61.512,61.512,NoButton,Move,109,374
61.528,61.528,NoButton,Move,104,374
61.544,61.544,NoButton,Move,99,375
61.561,61.561,NoButton,Move,97,375
61.578,61.578,NoButton,Move,95,376
61.595,61.595,NoButton,Move,95,376
61.671,61.671,Left,Pressed,95,376
61.802,61.802,Left,Released,95,376
61.95,61.95,NoButton,Move,95,376
61.954,61.954,NoButton,Move,95,376
61.97,61.97,NoButton,Move,95,376
61.978,61.978,NoButton,Move,95,377
61.995,61.995,NoButton,Move,96,377
62.011,62.011,NoButton,Move,97,378
62.028,62.028,NoButton,Move,99,380
62.045,62.045,NoButton,Move,103,383
62.061,62.061,NoButton,Move,111,388
62.078,62.078,NoButton,Move,122,394
62.095,62.095,NoButton,Move,140,400
62.112,62.112,NoButton,Move,160,406
62.128,62.128,NoButton,Move,185,414
62.144,62.144,NoButton,Move,223,423
62.162,62.162,NoButton,Move,257,430
62.179,62.179,NoButton,Move,289,438
62.195,62.195,NoButton,Move,318,445
62.211,62.211,NoButton,Move,345,452
62.228,62.228,NoButton,Move,374,461
62.245,62.245,NoButton,Move,394,466
62.262,62.262,NoButton,Move,412,471
62.278,62.278,NoButton,Move,429,476
62.295,62.295,NoButton,Move,446,481
62.311,62.311,NoButton,Move,463,485
62.328,62.328,NoButton,Move,484,491
62.344,62.344,NoButton,Move,501,495
62.362,62.362,NoButton,Move,519,500
62.378,62.378,NoButton,Move,536,504
62.395,62.395,NoButton,Move,553,508
62.411,62.411,NoButton,Move,569,512
62.428,62.428,NoButton,Move,586,517
62.445,62.445,NoButton,Move,601,521
62.461,62.461,NoButton,Move,615,524
62.478,62.478,NoButton,Move,628,528
62.495,62.495,NoButton,Move,642,532
62.512,62.512,NoButton,Move,654,535
62.528,62.528,NoButton,Move,671,539
62.544,62.544,NoButton,Move,686,543
62.561,62.561,NoButton,Move,702,546
62.578,62.578,NoButton,Move,716,550
62.595,62.595,NoButton,Move,730,553
62.611,62.611,NoButton,Move,743,556
62.628,62.628,NoButton,Move,758,559
62.645,62.645,NoButton,Move,770,561
62.661,62.661,NoButton,Move,781,563
62.678,62.678,NoButton,Move,791,564
62.695,62.695,NoButton,Move,800,564
62.711,62.711,NoButton,Move,811,564
62.728,62.728,NoButton,Move,819,564
62.744,62.744,NoButton,Move,826,564
62.761,62.761,NoButton,Move,835,564
62.778,62.778,NoButton,Move,845,564
62.794,62.794,NoButton,Move,858,564
62.811,62.811,NoButton,Move,868,564
62.828,62.828,NoButton,Move,878,564
62.845,62.845,NoButton,Move,888,564
62.861,62.861,NoButton,Move,898,564
62.878,62.878,NoButton,Move,909,564
62.895,62.895,NoButton,Move,918,564
62.911,62.911,NoButton,Move,924,564
62.928,62.928,NoButton,Move,936,564
62.944,62.944,NoButton,Move,944,564
62.961,62.961,NoButton,Move,954,564
62.978,62.978,NoButton,Move,965,564
62.994,62.994,NoButton,Move,980,562
63.012,63.012,NoButton,Move,992,561
63.028,63.028,NoButton,Move,1006,561
63.045,63.045,NoButton,Move,1020,560
63.061,63.061,NoButton,Move,1034,559
63.078,63.078,NoButton,Move,1053,559
63.094,63.094,NoButton,Move,1069,559
63.111,63.111,NoButton,Move,1084,559
63.128,63.128,NoButton,Move,1097,559
63.145,63.145,NoButton,Move,1110,559
63.161,63.161,NoButton,Move,1121,559
63.178,63.178,NoButton,Move,1132,559
63.194,63.194,NoButton,Move,1139,559
63.212,63.212,NoButton,Move,1144,560
63.228,63.228,NoButton,Move,1148,560
63.244,63.244,NoButton,Move,1152,560
63.261,63.261,NoButton,Move,1154,561
63.277,63.277,NoButton,Move,1157,562
63.294,63.294,NoButton,Move,1160,562
63.311,63.311,NoButton,Move,1164,563
63.328,63.328,NoButton,Move,1172,565
63.345,63.345,NoButton,Move,1182,566
63.362,63.362,NoButton,Move,1193,568
63.378,63.378,NoButton,Move,1205,570
63.395,63.395,NoButton,Move,1219,573
63.411,63.411,NoButton,Move,1232,575
63.428,63.428,NoButton,Move,1248,577
63.445,63.445,NoButton,Move,1259,579
63.461,63.461,NoButton,Move,1269,579
63.478,63.478,NoButton,Move,1278,581
63.495,63.495,NoButton,Move,1285,582
63.511,63.511,NoButton,Move,1290,583
63.528,63.528,NoButton,Move,1293,584
63.692,63.692,NoButton,Move,1294,584
63.704,63.704,NoButton,Move,1293,584
63.711,63.711,NoButton,Move,1293,584
63.728,63.728,NoButton,Move,1289,585
63.744,63.744,NoButton,Move,1286,585
63.762,63.762,NoButton,Move,1284,585
63.778,63.778,NoButton,Move,1281,585
63.795,63.795,NoButton,Move,1280,586
63.812,63.812,NoButton,Move,1277,587
63.829,63.829,NoButton,Move,1275,587
63.845,63.845,NoButton,Move,1273,588
63.861,63.861,NoButton,Move,1272,588
63.878,63.878,NoButton,Move,1270,589
63.894,63.894,NoButton,Move,1267,590
63.912,63.912,NoButton,Move,1264,591
63.929,63.929,NoButton,Move,1260,592
63.945,63.945,NoButton,Move,1259,593
64.007,64.007,Left,Pressed,1259,593
64.008,64.008,NoButton,Drag,1258,593
64.122,64.122,Left,Released,1258,593
64.146,64.146,NoButton,Move,1258,593
64.15,64.15,NoButton,Move,1258,593
64.162,64.162,NoButton,Move,1257,594
64.178,64.178,NoButton,Move,1254,594
64.195,64.195,NoButton,Move,1245,594
64.211,64.211,NoButton,Move,1231,595
64.228,64.228,NoButton,Move,1214,596
64.245,64.245,NoButton,Move,1190,599
64.261,64.261,NoButton,Move,1160,600
64.278,64.278,NoButton,Move,1120,600
64.295,64.295,NoButton,Move,1060,599
64.311,64.311,NoButton,Move,1006,596
64.329,64.329,NoButton,Move,951,594
64.345,64.345,NoButton,Move,898,593
64.361,64.361,NoButton,Move,848,591
64.378,64.378,NoButton,Move,800,586
64.394,64.394,NoButton,Move,743,578
64.411,64.411,NoButton,Move,699,568
64.428,64.428,NoButton,Move,657,558
64.444,64.444,NoButton,Move,609,545
64.461,64.461,NoButton,Move,581,537
64.478,64.478,NoButton,Move,562,531
64.494,64.494,NoButton,Move,550,524
64.511,64.511,NoButton,Move,541,517
64.528,64.528,NoButton,Move,535,510
64.545,64.545,NoButton,Move,535,507
64.562,64.562,NoButton,Move,535,504
64.577,64.577,NoButton,Move,536,501
64.594,64.594,NoButton,Move,537,499
64.611,64.611,NoButton,Move,539,496
64.628,64.628,NoButton,Move,541,492
64.644,64.644,NoButton,Move,544,489
64.662,64.662,NoButton,Move,549,484
64.678,64.678,NoButton,Move,556,479
64.694,64.694,NoButton,Move,564,473
64.711,64.711,NoButton,Move,573,466
64.728,64.728,NoButton,Move,586,458
64.744,64.744,NoButton,Move,598,452
64.761,64.761,NoButton,Move,611,446
64.778,64.778,NoButton,Move,625,443
64.795,64.795,NoButton,Move,638,439
64.811,64.811,NoButton,Move,650,436
64.828,64.828,NoButton,Move,660,433
64.844,64.844,NoButton,Move,673,430
64.862,64.862,NoButton,Move,682,429
64.878,64.878,NoButton,Move,691,428
64.894,64.894,NoButton,Move,700,428
64.912,64.912,NoButton,Move,715,428
64.928,64.928,NoButton,Move,730,429
64.945,64.945,NoButton,Move,746,431
64.961,64.961,NoButton,Move,764,432
64.978,64.978,NoButton,Move,783,432
64.995,64.995,NoButton,Move,795,432
65.011,65.011,NoButton,Move,804,432
65.028,65.028,NoButton,Move,811,432
65.045,65.045,NoButton,Move,816,432
65.061,65.061,NoButton,Move,819,432
65.078,65.078,NoButton,Move,822,432
65.095,65.095,NoButton,Move,822,431
65.112,65.112,NoButton,Move,822,431
65.127,65.127,NoButton,Move,823,430
65.145,65.145,NoButton,Move,823,430
65.161,65.161,NoButton,Move,823,429
65.178,65.178,NoButton,Move,824,428
65.195,65.195,NoButton,Move,824,428
65.211,65.211,NoButton,Move,825,427
65.228,65.228,NoButton,Move,826,426
65.245,65.245,NoButton,Move,827,424
65.261,65.261,NoButton,Move,829,423
65.278,65.278,NoButton,Move,831,421
65.295,65.295,NoButton,Move,836,419
65.311,65.311,NoButton,Move,841,418
65.328,65.328,NoButton,Move,846,416
65.345,65.345,NoButton,Move,851,415
65.362,65.362,NoButton,Move,856,413
65.378,65.378,NoButton,Move,861,412
65.394,65.394,NoButton,Move,864,411
65.411,65.411,NoButton,Move,866,411
65.428,65.428,NoButton,Move,866,411
65.445,65.445,NoButton,Move,867,411
65.461,65.461,NoButton,Move,868,411
65.478,65.478,NoButton,Move,869,412
65.489,65.489,Left,Pressed,869,412
65.564,65.564,NoButton,Drag,870,412
65.568,65.568,Left,Released,870,412
65.6,65.6,NoButton,Move,870,413
65.611,65.611,NoButton,Move,869,413
65.628,65.628,NoButton,Move,866,414
65.644,65.644,NoButton,Move,860,418
65.661,65.661,NoButton,Move,853,422
65.678,65.678,NoButton,Move,843,429
65.695,65.695,NoButton,Move,828,435
65.711,65.711,NoButton,Move,811,441
65.728,65.728,NoButton,Move,794,446
65.745,65.745,NoButton,Move,765,451
65.761,65.761,NoButton,Move,743,455
65.778,65.778,NoButton,Move,724,459
65.794,65.794,NoButton,Move,709,462
65.811,65.811,NoButton,Move,697,462
65.828,65.828,NoButton,Move,689,462
65.844,65.844,NoButton,Move,687,460
65.861,65.861,NoButton,Move,686,459
65.878,65.878,NoButton,Move,687,455
65.895,65.895,NoButton,Move,690,444
65.912,65.912,NoButton,Move,693,432
65.928,65.928,NoButton,Move,697,416
65.944,65.944,NoButton,Move,702,398
65.961,65.961,NoButton,Move,706,380
65.978,65.978,NoButton,Move,712,361
65.994,65.994,NoButton,Move,715,349
66.011,66.011,NoButton,Move,722,339
66.028,66.028,NoButton,Move,731,327
66.044,66.044,NoButton,Move,742,314
66.061,66.061,NoButton,Move,757,300
66.078,66.078,NoButton,Move,770,283
66.095,66.095,NoButton,Move,785,263
66.112,66.112,NoButton,Move,797,247
66.128,66.128,NoButton,Move,809,231
66.145,66.145,NoButton,Move,818,218
66.161,66.161,NoButton,Move,825,207
66.178,66.178,NoButton,Move,832,198
66.194,66.194,NoButton,Move,835,194
66.211,66.211,NoButton,Move,837,192
66.228,66.228,NoButton,Move,837,192
66.244,66.244,NoButton,Move,838,192
66.261,66.261,NoButton,Move,840,193
66.278,66.278,NoButton,Move,842,194
66.294,66.294,NoButton,Move,844,196
66.372,66.372,NoButton,Move,845,196
66.376,66.376,NoButton,Move,845,196
66.384,66.384,NoButton,Move,845,196
66.394,66.394,NoButton,Move,846,196
66.411,66.411,NoButton,Move,848,195
66.428,66.428,NoButton,Move,853,192
66.444,66.444,NoButton,Move,857,190
66.462,66.462,NoButton,Move,867,187
66.478,66.478,NoButton,Move,874,184
66.494,66.494,NoButton,Move,880,182
66.511,66.511,NoButton,Move,885,181
66.528,66.528,NoButton,Move,889,179
66.544,66.544,NoButton,Move,892,178
66.561,66.561,NoButton,Move,892,178
66.578,66.578,NoButton,Move,892,177
66.6,66.6,NoButton,Move,893,177
66.611,66.611,NoButton,Move,893,177
66.628,66.628,NoButton,Move,894,178
66.645,66.645,NoButton,Move,896,179
66.662,66.662,NoButton,Move,897,180
66.678,66.678,NoButton,Move,898,180
66.7,66.7,NoButton,Move,898,180
66.712,66.712,NoButton,Move,898,180
66.728,66.728,NoButton,Move,899,180
66.744,66.744,NoButton,Move,899,181
66.761,66.761,NoButton,Move,899,181
66.769,66.769,Left,Pressed,899,181
66.784,66.784,NoButton,Drag,900,181
66.8,66.8,NoButton,Drag,900,182
66.854,66.854,Left,Released,900,182
66.888,66.888,NoButton,Move,900,182
66.894,66.894,NoButton,Move,900,182
66.898,66.898,NoButton,Move,899,182
66.912,66.912,NoButton,Move,898,183
66.928,66.928,NoButton,Move,896,184
66.944,66.944,NoButton,Move,892,187
66.961,66.961,NoButton,Move,885,190
66.978,66.978,NoButton,Move,875,197
66.995,66.995,NoButton,Move,863,204
67.011,67.011,NoButton,Move,849,215
67.028,67.028,NoButton,Move,839,223
67.044,67.044,NoButton,Move,831,232
67.061,67.061,NoButton,Move,825,241
67.078,67.078,NoButton,Move,817,251
67.094,67.094,NoButton,Move,801,267
67.111,67.111,NoButton,Move,785,282
67.127,67.127,NoButton,Move,768,301
67.145,67.145,NoButton,Move,751,323
67.161,67.161,NoButton,Move,734,345
67.178,67.178,NoButton,Move,720,366
67.194,67.194,NoButton,Move,708,394
67.211,67.211,NoButton,Move,705,415
67.228,67.228,NoButton,Move,705,437
67.245,67.245,NoButton,Move,708,459
67.261,67.261,NoButton,Move,714,481
67.278,67.278,NoButton,Move,720,502
67.294,67.294,NoButton,Move,726,524
67.311,67.311,NoButton,Move,729,540
67.327,67.327,NoButton,Move,729,553
67.344,67.344,NoButton,Move,728,563
67.361,67.361,NoButton,Move,724,571
67.378,67.378,NoButton,Move,719,578
67.394,67.394,NoButton,Move,712,585
67.412,67.412,NoButton,Move,708,589
67.428,67.428,NoButton,Move,704,592
67.444,67.444,NoButton,Move,701,594
67.461,67.461,NoButton,Move,698,594
67.478,67.478,NoButton,Move,695,594
67.494,67.494,NoButton,Move,691,593
67.511,67.511,NoButton,Move,688,592
67.528,67.528,NoButton,Move,682,591
67.544,67.544,NoButton,Move,674,590
67.561,67.561,NoButton,Move,669,590
67.578,67.578,NoButton,Move,665,590
67.595,67.595,NoButton,Move,661,591
67.611,67.611,NoButton,Move,658,592
67.628,67.628,NoButton,Move,655,592
67.644,67.644,NoButton,Move,653,592
67.721,67.721,Left,Pressed,653,592
67.86,67.86,Left,Released,653,592
67.876,67.876,NoButton,Move,653,592
67.892,67.892,NoButton,Move,653,592
67.9,67.9,NoButton,Move,652,592
67.911,67.911,NoButton,Move,651,592
67.928,67.928,NoButton,Move,650,591
67.944,67.944,NoButton,Move,648,591
67.962,67.962,NoButton,Move,644,592
67.978,67.978,NoButton,Move,639,592
67.994,67.994,NoButton,Move,632,594
68.012,68.012,NoButton,Move,627,596
68.027,68.027,NoButton,Move,623,598
68.045,68.045,NoButton,Move,618,601
68.062,68.062,NoButton,Move,614,605
68.078,68.078,NoButton,Move,610,610
68.095,68.095,NoButton,Move,607,612
68.112,68.112,NoButton,Move,606,614
68.128,68.128,NoButton,Move,606,614
68.145,68.145,NoButton,Move,607,615
68.161,68.161,NoButton,Move,609,614
68.178,68.178,NoButton,Move,616,609
68.195,68.195,NoButton,Move,628,600
68.211,68.211,NoButton,Move,651,583
68.228,68.228,NoButton,Move,692,555
68.244,68.244,NoButton,Move,744,522
68.261,68.261,NoButton,Move,806,484
68.278,68.278,NoButton,Move,872,445
68.294,68.294,NoButton,Move,949,398
68.312,68.312,NoButton,Move,1002,364
68.328,68.328,NoButton,Move,1049,334
68.345,68.345,NoButton,Move,1087,307
68.361,68.361,NoButton,Move,1116,286
68.378,68.378,NoButton,Move,1139,268
68.394,68.394,NoButton,Move,1151,258
68.411,68.411,NoButton,Move,1159,250
68.428,68.428,NoButton,Move,1166,243
68.444,68.444,NoButton,Move,1173,237
68.461,68.461,NoButton,Move,1179,232
68.478,68.478,NoButton,Move,1186,227
68.494,68.494,NoButton,Move,1191,223
68.511,68.511,NoButton,Move,1195,220
68.528,68.528,NoButton,Move,1199,217
68.544,68.544,NoButton,Move,1205,213
68.561,68.561,NoButton,Move,1210,209
68.578,68.578,NoButton,Move,1216,204
68.595,68.595,NoButton,Move,1221,200
68.611,68.611,NoButton,Move,1226,194
68.628,68.628,NoButton,Move,1233,186
68.645,68.645,NoButton,Move,1240,178
68.661,68.661,NoButton,Move,1246,171
68.678,68.678,NoButton,Move,1251,165
68.695,68.695,NoButton,Move,1256,158
68.711,68.711,NoButton,Move,1260,152
68.728,68.728,NoButton,Move,1264,147
68.745,68.745,NoButton,Move,1269,141
68.762,68.762,NoButton,Move,1273,138
68.778,68.778,NoButton,Move,1276,135
68.794,68.794,NoButton,Move,1277,133
68.811,68.811,NoButton,Move,1281,130
68.828,68.828,NoButton,Move,1284,128
68.845,68.845,NoButton,Move,1286,126
68.861,68.861,NoButton,Move,1291,123
68.878,68.878,NoButton,Move,1296,121
68.895,68.895,NoButton,Move,1304,119
68.911,68.911,NoButton,Move,1314,117
68.928,68.928,NoButton,Move,1325,116
68.944,68.944,NoButton,Move,1342,115
68.962,68.962,NoButton,Move,1354,115
68.978,68.978,NoButton,Move,1364,116
68.995,68.995,NoButton,Move,1370,119
69.011,69.011,NoButton,Move,1374,122
69.028,69.028,NoButton,Move,1378,125
69.044,69.044,NoButton,Move,1381,129
69.061,69.061,NoButton,Move,1384,133
69.077,69.077,NoButton,Move,1387,136
69.094,69.094,NoButton,Move,1388,137
69.111,69.111,NoButton,Move,1388,137
69.129,69.129,NoButton,Move,1388,137
69.144,69.144,NoButton,Move,1388,137
69.162,69.162,NoButton,Move,1387,137
69.178,69.178,NoButton,Move,1387,137
69.194,69.194,NoButton,Move,1386,137
69.211,69.211,NoButton,Move,1385,137
69.228,69.228,NoButton,Move,1384,137
69.244,69.244,NoButton,Move,1383,137
69.262,69.262,NoButton,Move,1382,137
69.278,69.278,NoButton,Move,1381,137
69.294,69.294,NoButton,Move,1380,137
69.312,69.312,NoButton,Move,1379,136
69.328,69.328,NoButton,Move,1378,136
69.344,69.344,NoButton,Move,1377,135
69.361,69.361,NoButton,Move,1374,135
69.378,69.378,NoButton,Move,1372,134
69.394,69.394,NoButton,Move,1371,134
69.458,69.458,NoButton,Move,1371,133
69.502,69.502,Left,Pressed,1371,133
69.558,69.558,Left,Released,1371,133
69.598,69.598,NoButton,Move,1371,134
69.606,69.606,NoButton,Move,1371,134
69.614,69.614,NoButton,Move,1370,134
69.628,69.628,NoButton,Move,1369,135
69.644,69.644,NoButton,Move,1367,137
69.661,69.661,NoButton,Move,1359,141
69.678,69.678,NoButton,Move,1348,144
69.694,69.694,NoButton,Move,1331,150
69.711,69.711,NoButton,Move,1306,159
69.728,69.728,NoButton,Move,1263,174
69.745,69.745,NoButton,Move,1246,180
69.764,69.764,NoButton,Move,1244,181
70.12,70.12,NoButton,Move,1243,182
70.124,70.124,NoButton,Move,1243,182
70.132,70.132,NoButton,Move,1243,183
70.144,70.144,NoButton,Move,1243,183
70.161,70.161,NoButton,Move,1244,183
70.178,70.178,NoButton,Move,1245,182
70.194,70.194,NoButton,Move,1246,182
70.211,70.211,NoButton,Move,1245,181
70.229,70.229,NoButton,Move,1243,180
70.244,70.244,NoButton,Move,1241,179
70.261,70.261,NoButton,Move,1239,178
70.278,70.278,NoButton,Move,1231,176
70.294,70.294,NoButton,Move,1221,174
70.311,70.311,NoButton,Move,1207,171
70.327,70.327,NoButton,Move,1192,169
70.344,70.344,NoButton,Move,1178,168
70.361,70.361,NoButton,Move,1161,168
70.378,70.378,NoButton,Move,1138,168
70.394,70.394,NoButton,Move,1119,168
70.411,70.411,NoButton,Move,1102,168
70.428,70.428,NoButton,Move,1087,168
70.445,70.445,NoButton,Move,1074,168
70.461,70.461,NoButton,Move,1062,168
70.478,70.478,NoButton,Move,1051,168
70.494,70.494,NoButton,Move,1036,168
70.511,70.511,NoButton,Move,1023,167
70.528,70.528,NoButton,Move,1010,165
70.545,70.545,NoButton,Move,997,162
70.561,70.561,NoButton,Move,984,159
70.578,70.578,NoButton,Move,973,157
70.595,70.595,NoButton,Move,961,156
70.611,70.611,NoButton,Move,952,156
70.628,70.628,NoButton,Move,945,156
70.644,70.644,NoButton,Move,938,157
70.661,70.661,NoButton,Move,929,159
70.678,70.678,NoButton,Move,916,162
70.694,70.694,NoButton,Move,898,167
70.711,70.711,NoButton,Move,883,172
70.728,70.728,NoButton,Move,868,177
70.745,70.745,NoButton,Move,855,181
70.761,70.761,NoButton,Move,844,185
70.777,70.777,NoButton,Move,839,187
70.794,70.794,NoButton,Move,837,188
70.852,70.852,NoButton,Move,837,188
71.065,71.065,Left,Pressed,837,188
71.066,71.066,NoButton,Drag,837,189
71.232,71.232,Left,Released,837,189
71.256,71.256,NoButton,Move,836,189
71.368,71.368,NoButton,Move,836,189
71.372,71.372,NoButton,Move,836,189
71.378,71.378,NoButton,Move,836,189
71.395,71.395,NoButton,Move,836,190
71.412,71.412,NoButton,Move,835,191
71.429,71.429,NoButton,Move,835,191
71.445,71.445,NoButton,Move,834,192
71.462,71.462,NoButton,Move,833,192
71.478,71.478,NoButton,Move,833,192
71.494,71.494,NoButton,Move,833,193
71.512,71.512,NoButton,Move,832,193
71.651,71.651,Left,Pressed,832,193
71.698,71.698,NoButton,Drag,832,193
71.702,71.702,NoButton,Drag,832,193
71.751,71.751,Left,Released,832,193
71.752,71.752,NoButton,Move,832,193
71.778,71.778,NoButton,Move,829,193
71.795,71.795,NoButton,Move,824,194
71.812,71.812,NoButton,Move,819,194
71.828,71.828,NoButton,Move,815,195
71.844,71.844,NoButton,Move,810,196
71.861,71.861,NoButton,Move,805,197
71.878,71.878,NoButton,Move,799,199
71.895,71.895,NoButton,Move,795,201
71.912,71.912,NoButton,Move,791,202
71.927,71.927,NoButton,Move,788,204
71.945,71.945,NoButton,Move,784,206
71.961,71.961,NoButton,Move,779,208
71.978,71.978,NoButton,Move,774,209
71.995,71.995,NoButton,Move,767,211
72.011,72.011,NoButton,Move,758,214
72.028,72.028,NoButton,Move,747,217
72.044,72.044,NoButton,Move,740,219
72.062,72.062,NoButton,Move,735,220
72.078,72.078,NoButton,Move,733,220
72.094,72.094,NoButton,Move,732,220
72.111,72.111,NoButton,Move,732,218
72.128,72.128,NoButton,Move,732,213
72.144,72.144,NoButton,Move,734,208
72.161,72.161,NoButton,Move,735,204
72.178,72.178,NoButton,Move,736,199
72.195,72.195,NoButton,Move,737,196
72.211,72.211,NoButton,Move,738,194
72.228,72.228,NoButton,Move,739,191
72.244,72.244,NoButton,Move,740,189
72.261,72.261,NoButton,Move,741,187
72.278,72.278,NoButton,Move,743,185
72.295,72.295,NoButton,Move,744,183
72.311,72.311,NoButton,Move,745,181
72.328,72.328,NoButton,Move,746,179
72.344,72.344,NoButton,Move,747,178
72.362,72.362,NoButton,Move,747,178
72.378,72.378,NoButton,Move,748,177
72.488,72.488,NoButton,Move,748,177
72.519,72.519,Left,Pressed,748,177
72.575,72.575,Left,Released,748,177
72.698,72.698,NoButton,Move,748,177
72.746,72.746,NoButton,Move,748,178
72.75,72.75,NoButton,Move,748,178
72.762,72.762,NoButton,Move,748,178
72.778,72.778,NoButton,Move,748,179
72.795,72.795,NoButton,Move,747,180
72.812,72.812,NoButton,Move,745,181
72.828,72.828,NoButton,Move,743,182
72.844,72.844,NoButton,Move,742,183
72.861,72.861,NoButton,Move,740,184
72.878,72.878,NoButton,Move,739,184
72.894,72.894,NoButton,Move,735,186
72.911,72.911,NoButton,Move,728,189
72.928,72.928,NoButton,Move,718,194
72.946,72.946,NoButton,Move,707,198
72.961,72.961,NoButton,Move,696,202
72.978,72.978,NoButton,Move,682,206
72.994,72.994,NoButton,Move,666,208
73.012,73.012,NoButton,Move,645,209
73.028,73.028,NoButton,Move,624,208
73.045,73.045,NoButton,Move,607,205
73.062,73.062,NoButton,Move,588,201
73.078,73.078,NoButton,Move,576,198
73.095,73.095,NoButton,Move,557,191
73.111,73.111,NoButton,Move,543,184
73.128,73.128,NoButton,Move,531,176
73.144,73.144,NoButton,Move,523,171
73.162,73.162,NoButton,Move,519,167
73.177,73.177,NoButton,Move,517,165
73.194,73.194,NoButton,Move,516,164
73.244,73.244,NoButton,Move,516,164
73.256,73.256,NoButton,Move,516,164
73.261,73.261,NoButton,Move,516,164
73.278,73.278,NoButton,Move,512,165
73.294,73.294,NoButton,Move,502,167
73.311,73.311,NoButton,Move,483,170
73.327,73.327,NoButton,Move,459,172
73.344,73.344,NoButton,Move,420,172
73.361,73.361,NoButton,Move,384,173
73.378,73.378,NoButton,Move,348,173
73.395,73.395,NoButton,Move,319,173
73.411,73.411,NoButton,Move,302,171
73.428,73.428,NoButton,Move,295,169
73.445,73.445,NoButton,Move,294,169
73.461,73.461,NoButton,Move,294,168
73.478,73.478,NoButton,Move,295,167
73.495,73.495,NoButton,Move,297,165
73.511,73.511,NoButton,Move,299,163
73.528,73.528,NoButton,Move,299,162
73.544,73.544,NoButton,Move,300,162
73.562,73.562,NoButton,Move,300,162
73.578,73.578,NoButton,Move,301,161
73.594,73.594,NoButton,Move,301,161
73.611,73.611,NoButton,Move,301,161
73.628,73.628,NoButton,Move,302,161
73.645,73.645,NoButton,Move,302,161
73.662,73.662,NoButton,Move,303,161
73.678,73.678,NoButton,Move,304,161
73.695,73.695,NoButton,Move,305,161
73.711,73.711,NoButton,Move,306,161
73.728,73.728,NoButton,Move,307,161
73.745,73.745,NoButton,Move,308,162
73.761,73.761,NoButton,Move,309,162
73.778,73.778,NoButton,Move,310,163
73.794,73.794,NoButton,Move,310,163
73.811,73.811,NoButton,Move,310,163
73.834,73.834,NoButton,Move,310,164
73.845,73.845,NoButton,Move,310,164
73.861,73.861,NoButton,Move,311,164
73.878,73.878,NoButton,Move,311,165
73.894,73.894,NoButton,Move,312,166
73.911,73.911,NoButton,Move,312,167
73.928,73.928,NoButton,Move,312,167
73.945,73.945,NoButton,Move,312,167
73.961,73.961,NoButton,Move,312,167
73.967,73.967,NoButton,Move,312,168
73.978,73.978,Left,Pressed,312,168
74.006,74.006,NoButton,Drag,313,168
74.13,74.13,NoButton,Drag,313,168
74.134,74.134,NoButton,Drag,313,168
74.138,74.138,NoButton,Drag,313,168
74.142,74.142,NoButton,Drag,313,168
74.146,74.146,NoButton,Drag,314,168
74.15,74.15,NoButton,Drag,314,168
74.154,74.154,NoButton,Drag,314,168
74.158,74.158,NoButton,Drag,314,168
74.162,74.162,NoButton,Drag,315,168
74.166,74.166,NoButton,Drag,315,169
74.171,74.171,NoButton,Drag,315,169
74.174,74.174,NoButton,Drag,315,169
74.178,74.178,NoButton,Drag,316,169
74.182,74.182,NoButton,Drag,316,169
74.186,74.186,NoButton,Drag,317,169
74.19,74.19,NoButton,Drag,318,170
74.194,74.194,NoButton,Drag,319,170
74.198,74.198,NoButton,Drag,320,170
74.202,74.202,NoButton,Drag,321,171
74.206,74.206,NoButton,Drag,322,171
74.21,74.21,NoButton,Drag,323,172
74.214,74.214,NoButton,Drag,325,172
74.218,74.218,NoButton,Drag,326,172
74.22,74.22,NoButton,Drag,328,173
74.224,74.224,NoButton,Drag,330,174
74.228,74.228,NoButton,Drag,332,174
74.232,74.232,NoButton,Drag,334,175
74.236,74.236,NoButton,Drag,336,176
74.24,74.24,NoButton,Drag,338,176
74.244,74.244,NoButton,Drag,340,177
74.248,74.248,NoButton,Drag,343,178
74.252,74.252,NoButton,Drag,345,179
74.256,74.256,NoButton,Drag,348,179
74.26,74.26,NoButton,Drag,350,180
74.264,74.264,NoButton,Drag,353,181
74.268,74.268,NoButton,Drag,356,182
74.272,74.272,NoButton,Drag,359,182
74.276,74.276,NoButton,Drag,362,183
74.28,74.28,NoButton,Drag,365,184
74.284,74.284,NoButton,Drag,368,185
74.288,74.288,NoButton,Drag,371,185
74.292,74.292,NoButton,Drag,374,187
74.296,74.296,NoButton,Drag,377,188
74.3,74.3,NoButton,Drag,380,189
74.304,74.304,NoButton,Drag,383,189
74.308,74.308,NoButton,Drag,386,190
74.312,74.312,NoButton,Drag,389,191
74.316,74.316,NoButton,Drag,393,192
74.32,74.32,NoButton,Drag,397,193
74.324,74.324,NoButton,Drag,400,194
74.328,74.328,NoButton,Drag,403,195
74.332,74.332,NoButton,Drag,407,196
74.336,74.336,NoButton,Drag,411,197
74.34,74.34,NoButton,Drag,414,198
74.344,74.344,NoButton,Drag,418,199
74.348,74.348,NoButton,Drag,422,199
74.352,74.352,NoButton,Drag,425,201
74.356,74.356,NoButton,Drag,430,202
74.36,74.36,NoButton,Drag,434,203
74.364,74.364,NoButton,Drag,438,204
74.368,74.368,NoButton,Drag,443,205
74.372,74.372,NoButton,Drag,448,207
74.376,74.376,NoButton,Drag,453,208
74.38,74.38,NoButton,Drag,459,209
74.384,74.384,NoButton,Drag,464,210
74.388,74.388,NoButton,Drag,470,211
74.392,74.392,NoButton,Drag,476,213
74.396,74.396,NoButton,Drag,481,214
74.4,74.4,NoButton,Drag,487,215
74.404,74.404,NoButton,Drag,493,217
74.408,74.408,NoButton,Drag,499,218
74.412,74.412,NoButton,Drag,505,220
74.416,74.416,NoButton,Drag,511,221
74.421,74.421,NoButton,Drag,517,223
74.424,74.424,NoButton,Drag,523,224
74.428,74.428,NoButton,Drag,529,226
74.432,74.432,NoButton,Drag,534,227
74.436,74.436,NoButton,Drag,540,229
74.44,74.44,NoButton,Drag,545,230
74.444,74.444,NoButton,Drag,551,231
74.448,74.448,NoButton,Drag,557,233
74.452,74.452,NoButton,Drag,563,234
74.456,74.456,NoButton,Drag,568,236
74.46,74.46,NoButton,Drag,574,237
74.464,74.464,NoButton,Drag,579,238
74.468,74.468,NoButton,Drag,584,239
74.472,74.472,NoButton,Drag,589,241
74.476,74.476,NoButton,Drag,593,242
74.48,74.48,NoButton,Drag,597,243
74.484,74.484,NoButton,Drag,602,244
74.488,74.488,NoButton,Drag,606,245
74.492,74.492,NoButton,Drag,610,246
74.496,74.496,NoButton,Drag,614,247
74.5,74.5,NoButton,Drag,618,247
74.504,74.504,NoButton,Drag,621,248
74.508,74.508,NoButton,Drag,624,249
74.512,74.512,NoButton,Drag,628,250
74.516,74.516,NoButton,Drag,631,251
74.52,74.52,NoButton,Drag,634,251
74.524,74.524,NoButton,Drag,637,252
74.528,74.528,NoButton,Drag,641,253
74.532,74.532,NoButton,Drag,644,254
74.536,74.536,NoButton,Drag,647,254
74.54,74.54,NoButton,Drag,650,255
74.544,74.544,NoButton,Drag,654,256
74.548,74.548,NoButton,Drag,657,257
74.552,74.552,NoButton,Drag,660,258
74.556,74.556,NoButton,Drag,663,258
74.56,74.56,NoButton,Drag,666,259
74.564,74.564,NoButton,Drag,669,260
74.568,74.568,NoButton,Drag,673,261
74.572,74.572,NoButton,Drag,676,262
74.576,74.576,NoButton,Drag,680,262
74.58,74.58,NoButton,Drag,683,263
74.584,74.584,NoButton,Drag,687,264
74.588,74.588,NoButton,Drag,691,265
74.592,74.592,NoButton,Drag,694,266
74.596,74.596,NoButton,Drag,698,267
74.6,74.6,NoButton,Drag,702,268
74.604,74.604,NoButton,Drag,705,268
74.608,74.608,NoButton,Drag,710,269
74.612,74.612,NoButton,Drag,713,270
74.616,74.616,NoButton,Drag,718,271
74.62,74.62,NoButton,Drag,721,271
74.624,74.624,NoButton,Drag,726,272
74.628,74.628,NoButton,Drag,730,273
74.632,74.632,NoButton,Drag,734,274
74.636,74.636,NoButton,Drag,739,275
74.64,74.64,NoButton,Drag,743,276
74.644,74.644,NoButton,Drag,748,277
74.648,74.648,NoButton,Drag,753,277
74.652,74.652,NoButton,Drag,757,278
74.656,74.656,NoButton,Drag,761,278
74.66,74.66,NoButton,Drag,766,279
74.664,74.664,NoButton,Drag,770,280
74.668,74.668,NoButton,Drag,775,280
74.672,74.672,NoButton,Drag,780,281
74.676,74.676,NoButton,Drag,784,281
74.68,74.68,NoButton,Drag,789,281
74.684,74.684,NoButton,Drag,794,281
74.688,74.688,NoButton,Drag,798,282
74.692,74.692,NoButton,Drag,803,282
74.696,74.696,NoButton,Drag,808,283
74.7,74.7,NoButton,Drag,813,283
74.704,74.704,NoButton,Drag,817,284
74.708,74.708,NoButton,Drag,822,284
74.712,74.712,NoButton,Drag,826,285
74.716,74.716,NoButton,Drag,830,285
74.72,74.72,NoButton,Drag,834,285
74.724,74.724,NoButton,Drag,839,285
74.728,74.728,NoButton,Drag,842,285
74.732,74.732,NoButton,Drag,846,285
74.736,74.736,NoButton,Drag,849,285
74.74,74.74,NoButton,Drag,853,286
74.744,74.744,NoButton,Drag,857,286
74.748,74.748,NoButton,Drag,860,286
74.752,74.752,NoButton,Drag,864,286
74.756,74.756,NoButton,Drag,867,287
74.76,74.76,NoButton,Drag,871,287
74.764,74.764,NoButton,Drag,874,287
74.768,74.768,NoButton,Drag,878,287
74.772,74.772,NoButton,Drag,881,287
74.776,74.776,NoButton,Drag,884,287
74.78,74.78,NoButton,Drag,888,287
74.784,74.784,NoButton,Drag,892,287
74.788,74.788,NoButton,Drag,895,287
74.792,74.792,NoButton,Drag,898,287
74.796,74.796,NoButton,Drag,902,287
74.8,74.8,NoButton,Drag,905,287
74.802,74.802,NoButton,Drag,908,287
74.806,74.806,NoButton,Drag,912,287
74.81,74.81,NoButton,Drag,916,287
74.814,74.814,NoButton,Drag,919,287
74.818,74.818,NoButton,Drag,923,287
74.822,74.822,NoButton,Drag,927,286
74.826,74.826,NoButton,Drag,930,286
74.83,74.83,NoButton,Drag,934,286
74.834,74.834,NoButton,Drag,938,285
74.838,74.838,NoButton,Drag,941,285
74.842,74.842,NoButton,Drag,946,284
74.846,74.846,NoButton,Drag,949,284
74.85,74.85,NoButton,Drag,953,284
74.854,74.854,NoButton,Drag,957,283
74.858,74.858,NoButton,Drag,961,282
74.862,74.862,NoButton,Drag,964,282
74.866,74.866,NoButton,Drag,968,281
74.87,74.87,NoButton,Drag,972,280
74.874,74.874,NoButton,Drag,975,279
74.878,74.878,NoButton,Drag,980,278
74.882,74.882,NoButton,Drag,983,277
74.886,74.886,NoButton,Drag,986,277
74.89,74.89,NoButton,Drag,990,276
74.894,74.894,NoButton,Drag,994,275
74.898,74.898,NoButton,Drag,997,274
74.902,74.902,NoButton,Drag,1001,273
74.906,74.906,NoButton,Drag,1005,273
74.91,74.91,NoButton,Drag,1008,272
74.914,74.914,NoButton,Drag,1012,271
74.918,74.918,NoButton,Drag,1015,271
74.922,74.922,NoButton,Drag,1018,270
74.926,74.926,NoButton,Drag,1021,269
74.93,74.93,NoButton,Drag,1025,268
74.934,74.934,NoButton,Drag,1028,268
74.938,74.938,NoButton,Drag,1030,267
74.942,74.942,NoButton,Drag,1033,266
74.946,74.946,NoButton,Drag,1035,266
74.95,74.95,NoButton,Drag,1038,265
74.954,74.954,NoButton,Drag,1041,264
74.958,74.958,NoButton,Drag,1044,264
74.962,74.962,NoButton,Drag,1046,263
74.966,74.966,NoButton,Drag,1049,262
74.971,74.971,NoButton,Drag,1052,262
74.974,74.974,NoButton,Drag,1055,261
74.978,74.978,NoButton,Drag,1058,260
74.982,74.982,NoButton,Drag,1060,260
74.986,74.986,NoButton,Drag,1063,259
74.99,74.99,NoButton,Drag,1065,258
74.994,74.994,NoButton,Drag,1068,257
74.998,74.998,NoButton,Drag,1071,257
75.002,75.002,NoButton,Drag,1074,256
75.006,75.006,NoButton,Drag,1076,255
75.01,75.01,NoButton,Drag,1079,254
75.014,75.014,NoButton,Drag,1081,254
75.018,75.018,NoButton,Drag,1084,253
75.022,75.022,NoButton,Drag,1086,253
75.026,75.026,NoButton,Drag,1089,252
75.03,75.03,NoButton,Drag,1092,251
75.034,75.034,NoButton,Drag,1094,250
75.038,75.038,NoButton,Drag,1097,250
75.042,75.042,NoButton,Drag,1099,249
75.046,75.046,NoButton,Drag,1102,248
75.05,75.05,NoButton,Drag,1104,248
75.054,75.054,NoButton,Drag,1107,247
75.058,75.058,NoButton,Drag,1110,246
75.062,75.062,NoButton,Drag,1113,246
75.066,75.066,NoButton,Drag,1115,245
75.071,75.071,NoButton,Drag,1118,245
75.074,75.074,NoButton,Drag,1120,244
75.078,75.078,NoButton,Drag,1123,243
75.082,75.082,NoButton,Drag,1126,242
75.086,75.086,NoButton,Drag,1129,242
75.09,75.09,NoButton,Drag,1131,241
75.094,75.094,NoButton,Drag,1134,240
75.098,75.098,NoButton,Drag,1136,240
75.102,75.102,NoButton,Drag,1139,239
75.106,75.106,NoButton,Drag,1142,239
75.11,75.11,NoButton,Drag,1144,238
75.114,75.114,NoButton,Drag,1147,237
75.118,75.118,NoButton,Drag,1149,236
75.122,75.122,NoButton,Drag,1152,236
75.126,75.126,NoButton,Drag,1155,235
75.13,75.13,NoButton,Drag,1157,234
75.134,75.134,NoButton,Drag,1160,233
75.138,75.138,NoButton,Drag,1162,233
75.142,75.142,NoButton,Drag,1165,232
75.146,75.146,NoButton,Drag,1167,232
75.15,75.15,NoButton,Drag,1170,231
75.154,75.154,NoButton,Drag,1172,231
75.158,75.158,NoButton,Drag,1174,230
75.162,75.162,NoButton,Drag,1176,230
75.166,75.166,NoButton,Drag,1178,229
75.17,75.17,NoButton,Drag,1180,228
75.174,75.174,NoButton,Drag,1182,228
75.178,75.178,NoButton,Drag,1185,227
75.182,75.182,NoButton,Drag,1187,226
75.186,75.186,NoButton,Drag,1189,226
75.19,75.19,NoButton,Drag,1191,225
75.194,75.194,NoButton,Drag,1192,225
75.198,75.198,NoButton,Drag,1194,224
75.202,75.202,NoButton,Drag,1196,223
75.206,75.206,NoButton,Drag,1198,223
75.21,75.21,NoButton,Drag,1199,222
75.214,75.214,NoButton,Drag,1201,222
75.218,75.218,NoButton,Drag,1203,221
75.222,75.222,NoButton,Drag,1204,220
75.226,75.226,NoButton,Drag,1206,220
75.23,75.23,NoButton,Drag,1208,219
75.234,75.234,NoButton,Drag,1209,218
75.238,75.238,NoButton,Drag,1211,218
75.242,75.242,NoButton,Drag,1213,217
75.246,75.246,NoButton,Drag,1214,217
75.25,75.25,NoButton,Drag,1216,216
75.254,75.254,NoButton,Drag,1217,215
75.258,75.258,NoButton,Drag,1218,215
75.262,75.262,NoButton,Drag,1219,214
75.266,75.266,NoButton,Drag,1221,214
75.27,75.27,NoButton,Drag,1223,213
75.274,75.274,NoButton,Drag,1224,212
75.278,75.278,NoButton,Drag,1225,212
75.282,75.282,NoButton,Drag,1226,211
75.286,75.286,NoButton,Drag,1228,211
75.29,75.29,NoButton,Drag,1229,211
75.294,75.294,NoButton,Drag,1230,211
75.298,75.298,NoButton,Drag,1231,210
75.302,75.302,NoButton,Drag,1232,210
75.306,75.306,NoButton,Drag,1233,210
75.31,75.31,NoButton,Drag,1233,209
75.314,75.314,NoButton,Drag,1234,209
75.318,75.318,NoButton,Drag,1234,209
75.322,75.322,NoButton,Drag,1235,209
75.326,75.326,NoButton,Drag,1235,209
75.378,75.378,NoButton,Drag,1235,209
75.38,75.38,NoButton,Drag,1235,209
75.384,75.384,NoButton,Drag,1236,209
75.388,75.388,NoButton,Drag,1236,209
75.392,75.392,NoButton,Drag,1236,209
75.396,75.396,NoButton,Drag,1237,208
75.4,75.4,NoButton,Drag,1237,208
75.408,75.408,NoButton,Drag,1237,208
75.416,75.416,NoButton,Drag,1237,208
75.42,75.42,NoButton,Drag,1238,208
75.424,75.424,NoButton,Drag,1238,208
75.428,75.428,NoButton,Drag,1238,208
75.432,75.432,NoButton,Drag,1239,208
75.436,75.436,NoButton,Drag,1239,208
75.44,75.44,NoButton,Drag,1240,208
75.444,75.444,NoButton,Drag,1240,208
75.448,75.448,NoButton,Drag,1241,207
75.452,75.452,NoButton,Drag,1242,207
75.456,75.456,NoButton,Drag,1242,207
75.46,75.46,NoButton,Drag,1243,207
75.464,75.464,NoButton,Drag,1244,207
75.468,75.468,NoButton,Drag,1244,207
75.472,75.472,NoButton,Drag,1245,206
75.476,75.476,NoButton,Drag,1246,206
75.48,75.48,NoButton,Drag,1247,206
75.484,75.484,NoButton,Drag,1247,206
75.488,75.488,NoButton,Drag,1248,206
75.492,75.492,NoButton,Drag,1249,206
75.496,75.496,NoButton,Drag,1250,205
75.5,75.5,NoButton,Drag,1251,205
75.504,75.504,NoButton,Drag,1251,205
75.508,75.508,NoButton,Drag,1252,205
75.512,75.512,NoButton,Drag,1253,205
75.516,75.516,NoButton,Drag,1254,205
75.52,75.52,NoButton,Drag,1256,204
75.524,75.524,NoButton,Drag,1257,204
75.528,75.528,NoButton,Drag,1258,204
75.532,75.532,NoButton,Drag,1260,203
75.536,75.536,NoButton,Drag,1261,203
75.54,75.54,NoButton,Drag,1262,203
75.544,75.544,NoButton,Drag,1263,202
75.548,75.548,NoButton,Drag,1265,202
75.552,75.552,NoButton,Drag,1266,202
75.556,75.556,NoButton,Drag,1267,201
75.56,75.56,NoButton,Drag,1269,201
75.564,75.564,NoButton,Drag,1270,201
75.568,75.568,NoButton,Drag,1271,200
75.572,75.572,NoButton,Drag,1272,200
75.576,75.576,NoButton,Drag,1273,199
75.58,75.58,NoButton,Drag,1274,199
75.584,75.584,NoButton,Drag,1274,199
75.588,75.588,NoButton,Drag,1275,199
75.592,75.592,NoButton,Drag,1275,198
75.596,75.596,NoButton,Drag,1276,198
75.6,75.6,NoButton,Drag,1276,198
75.604,75.604,NoButton,Drag,1276,198
75.608,75.608,NoButton,Drag,1276,198
75.664,75.664,NoButton,Drag,1276,198
75.668,75.668,NoButton,Drag,1276,197
75.672,75.672,NoButton,Drag,1276,197
75.676,75.676,NoButton,Drag,1276,197
75.68,75.68,NoButton,Drag,1276,197
75.684,75.684,NoButton,Drag,1276,197
75.692,75.692,NoButton,Drag,1276,196
75.696,75.696,NoButton,Drag,1276,196
75.7,75.7,NoButton,Drag,1276,196
75.704,75.704,NoButton,Drag,1276,195
75.712,75.712,Left,Released,1276,195
75.713,75.713,NoButton,Move,1276,195
75.728,75.728,NoButton,Move,1276,194
75.745,75.745,NoButton,Move,1276,192
75.762,75.762,NoButton,Move,1276,191
75.778,75.778,NoButton,Move,1276,191
75.824,75.824,NoButton,Move,1276,191
75.832,75.832,NoButton,Move,1276,191
75.844,75.844,NoButton,Move,1274,192
75.862,75.862,NoButton,Move,1270,195
75.878,75.878,NoButton,Move,1263,199
75.894,75.894,NoButton,Move,1251,205
75.912,75.912,NoButton,Move,1226,214
75.928,75.928,NoButton,Move,1206,220
75.945,75.945,NoButton,Move,1162,232
75.961,75.961,NoButton,Move,1121,243
75.978,75.978,NoButton,Move,1082,249
75.994,75.994,NoButton,Move,1036,253
76.011,76.011,NoButton,Move,998,255
76.028,76.028,NoButton,Move,957,256
76.045,76.045,NoButton,Move,909,258
76.061,76.061,NoButton,Move,869,258
76.078,76.078,NoButton,Move,835,260
76.095,76.095,NoButton,Move,800,260
76.112,76.112,NoButton,Move,772,260
76.127,76.127,NoButton,Move,741,261
76.144,76.144,NoButton,Move,715,261
76.161,76.161,NoButton,Move,695,261
76.177,76.177,NoButton,Move,682,261
76.194,76.194,NoButton,Move,674,261
76.212,76.212,NoButton,Move,671,261
76.228,76.228,NoButton,Move,667,261
76.244,76.244,NoButton,Move,662,261
76.261,76.261,NoButton,Move,654,263
76.278,76.278,NoButton,Move,640,265
76.294,76.294,NoButton,Move,624,267
76.311,76.311,NoButton,Move,600,269
76.328,76.328,NoButton,Move,572,272
76.345,76.345,NoButton,Move,547,275
76.361,76.361,NoButton,Move,530,277
76.375,76.375,NoButton,Move,521,279
76.378,76.378,Left,Pressed,521,279
76.378,76.378,NoButton,Drag,516,281
76.382,76.382,NoButton,Drag,513,281
76.386,76.386,NoButton,Drag,511,282
76.39,76.39,NoButton,Drag,509,282
76.394,76.394,NoButton,Drag,506,283
76.398,76.398,NoButton,Drag,503,283
76.402,76.402,NoButton,Drag,501,284
76.406,76.406,NoButton,Drag,498,285
76.41,76.41,NoButton,Drag,496,286
76.414,76.414,NoButton,Drag,493,286
76.418,76.418,NoButton,Drag,491,287
76.422,76.422,NoButton,Drag,488,288
76.426,76.426,NoButton,Drag,486,288
76.43,76.43,NoButton,Drag,485,289
76.434,76.434,NoButton,Drag,483,289
76.438,76.438,NoButton,Drag,482,289
76.442,76.442,NoButton,Drag,481,289
76.446,76.446,NoButton,Drag,480,290
76.45,76.45,NoButton,Drag,479,290
76.454,76.454,NoButton,Drag,478,290
76.458,76.458,NoButton,Drag,478,290
76.462,76.462,NoButton,Drag,477,290
76.466,76.466,NoButton,Drag,477,290
76.498,76.498,NoButton,Drag,477,290
76.502,76.502,NoButton,Drag,477,291
76.506,76.506,NoButton,Drag,476,291
76.51,76.51,NoButton,Drag,476,291
76.514,76.514,NoButton,Drag,475,291
76.518,76.518,NoButton,Drag,474,291
76.522,76.522,NoButton,Drag,473,291
76.526,76.526,NoButton,Drag,472,292
76.528,76.528,NoButton,Drag,470,292
76.532,76.532,NoButton,Drag,469,292
76.536,76.536,NoButton,Drag,468,292
76.54,76.54,Left,Released,468,292
76.541,76.541,NoButton,Move,467,292
76.544,76.544,NoButton,Move,466,292
76.561,76.561,NoButton,Move,461,292
76.577,76.577,NoButton,Move,456,291
76.594,76.594,NoButton,Move,454,291
76.611,76.611,NoButton,Move,452,291
76.628,76.628,NoButton,Move,449,291
76.644,76.644,NoButton,Move,446,290
76.661,76.661,NoButton,Move,443,290
76.678,76.678,NoButton,Move,441,290
76.694,76.694,NoButton,Move,440,290
76.736,76.736,NoButton,Move,439,291
76.744,76.744,NoButton,Move,439,291
76.752,76.752,NoButton,Move,439,291
76.762,76.762,NoButton,Move,439,291
76.778,76.778,NoButton,Move,438,291
76.795,76.795,NoButton,Move,438,292
76.811,76.811,NoButton,Move,438,292
76.827,76.827,NoButton,Move,437,294
76.844,76.844,NoButton,Move,435,296
76.861,76.861,NoButton,Move,433,298
76.877,76.877,NoButton,Move,431,300
76.895,76.895,NoButton,Move,430,301
76.911,76.911,NoButton,Move,429,302
76.928,76.928,NoButton,Move,428,303
76.944,76.944,NoButton,Move,427,303
77.004,77.004,Left,Pressed,427,303
77.11,77.11,NoButton,Drag,427,303
77.118,77.118,NoButton,Drag,427,303
77.122,77.122,NoButton,Drag,428,303
77.126,77.126,NoButton,Drag,428,304
77.13,77.13,NoButton,Drag,429,304
77.134,77.134,NoButton,Drag,430,304
77.138,77.138,NoButton,Drag,431,304
77.142,77.142,NoButton,Drag,432,304
77.146,77.146,NoButton,Drag,433,304
77.15,77.15,NoButton,Drag,435,305
77.154,77.154,NoButton,Drag,436,305
77.158,77.158,NoButton,Drag,438,306
77.162,77.162,NoButton,Drag,441,306
77.166,77.166,NoButton,Drag,443,307
77.17,77.17,NoButton,Drag,446,308
77.174,77.174,NoButton,Drag,449,309
77.178,77.178,NoButton,Drag,453,309
77.182,77.182,NoButton,Drag,457,311
77.188,77.188,NoButton,Drag,461,312
77.19,77.19,NoButton,Drag,466,313
77.194,77.194,NoButton,Drag,472,314
77.198,77.198,NoButton,Drag,478,316
77.202,77.202,NoButton,Drag,484,318
77.206,77.206,NoButton,Drag,491,319
77.21,77.21,NoButton,Drag,499,321
77.214,77.214,NoButton,Drag,509,324
77.218,77.218,NoButton,Drag,519,327
77.222,77.222,NoButton,Drag,528,329
77.226,77.226,NoButton,Drag,539,332
77.23,77.23,NoButton,Drag,551,336
77.234,77.234,NoButton,Drag,562,339
77.238,77.238,NoButton,Drag,573,343
77.242,77.242,NoButton,Drag,586,346
77.246,77.246,NoButton,Drag,599,350
77.25,77.25,NoButton,Drag,611,354
77.254,77.254,NoButton,Drag,624,358
77.258,77.258,NoButton,Drag,637,363
77.263,77.263,NoButton,Drag,650,367
77.266,77.266,NoButton,Drag,664,371
77.27,77.27,NoButton,Drag,678,374
77.274,77.274,NoButton,Drag,691,378
77.278,77.278,NoButton,Drag,703,382
77.282,77.282,NoButton,Drag,717,387
77.286,77.286,NoButton,Drag,730,391
77.29,77.29,NoButton,Drag,743,395
77.294,77.294,NoButton,Drag,756,399
77.298,77.298,NoButton,Drag,768,403
77.302,77.302,NoButton,Drag,779,406
77.306,77.306,NoButton,Drag,790,411
77.31,77.31,NoButton,Drag,801,414
77.314,77.314,NoButton,Drag,810,418
77.318,77.318,NoButton,Drag,818,421
77.322,77.322,NoButton,Drag,826,425
77.326,77.326,NoButton,Drag,833,429
77.33,77.33,NoButton,Drag,840,433
77.334,77.334,NoButton,Drag,846,436
77.338,77.338,NoButton,Drag,853,440
77.342,77.342,NoButton,Drag,860,443
77.346,77.346,NoButton,Drag,866,447
77.35,77.35,NoButton,Drag,873,451
77.354,77.354,NoButton,Drag,879,455
77.358,77.358,NoButton,Drag,885,459
77.363,77.363,NoButton,Drag,892,464
77.366,77.366,NoButton,Drag,899,468
77.37,77.37,NoButton,Drag,906,473
77.374,77.374,NoButton,Drag,913,477
77.378,77.378,NoButton,Drag,919,482
77.382,77.382,NoButton,Drag,926,486
77.386,77.386,NoButton,Drag,932,490
77.39,77.39,NoButton,Drag,938,495
77.394,77.394,NoButton,Drag,945,500
77.398,77.398,NoButton,Drag,950,505
77.402,77.402,NoButton,Drag,957,510
77.406,77.406,NoButton,Drag,963,515
77.41,77.41,NoButton,Drag,969,520
77.414,77.414,NoButton,Drag,977,526
77.418,77.418,NoButton,Drag,983,532
77.422,77.422,NoButton,Drag,990,537
77.426,77.426,NoButton,Drag,997,543
77.43,77.43,NoButton,Drag,1003,548
77.434,77.434,NoButton,Drag,1010,553
77.438,77.438,NoButton,Drag,1017,559
77.442,77.442,NoButton,Drag,1025,565
77.446,77.446,NoButton,Drag,1032,571
77.45,77.45,NoButton,Drag,1039,577
77.454,77.454,NoButton,Drag,1047,583
77.458,77.458,NoButton,Drag,1055,589
77.463,77.463,NoButton,Drag,1064,595
77.466,77.466,NoButton,Drag,1073,601
77.47,77.47,NoButton,Drag,1081,606
77.474,77.474,NoButton,Drag,1090,611
77.478,77.478,NoButton,Drag,1098,616
77.482,77.482,NoButton,Drag,1107,621
77.486,77.486,NoButton,Drag,1115,626
77.49,77.49,NoButton,Drag,1123,631
77.494,77.494,NoButton,Drag,1130,636
77.498,77.498,NoButton,Drag,1137,640
77.502,77.502,NoButton,Drag,1144,645
77.506,77.506,NoButton,Drag,1151,649
77.51,77.51,NoButton,Drag,1157,653
77.514,77.514,NoButton,Drag,1163,656
77.518,77.518,NoButton,Drag,1169,659
77.522,77.522,NoButton,Drag,1174,663
77.526,77.526,NoButton,Drag,1179,666
77.53,77.53,NoButton,Drag,1183,668
77.534,77.534,NoButton,Drag,1188,671
77.538,77.538,NoButton,Drag,1191,673
77.542,77.542,NoButton,Drag,1194,675
77.546,77.546,NoButton,Drag,1198,677
77.55,77.55,NoButton,Drag,1201,678
77.554,77.554,NoButton,Drag,1203,679
77.558,77.558,NoButton,Drag,1206,680
77.562,77.562,NoButton,Drag,1208,681
77.566,77.566,NoButton,Drag,1210,682
77.57,77.57,NoButton,Drag,1211,683
77.574,77.574,NoButton,Drag,1213,684
77.578,77.578,NoButton,Drag,1213,685
77.582,77.582,NoButton,Drag,1214,685
77.586,77.586,NoButton,Drag,1215,685
77.59,77.59,NoButton,Drag,1215,685
77.594,77.594,NoButton,Drag,1216,686
77.598,77.598,NoButton,Drag,1216,686
77.602,77.602,NoButton,Drag,1217,686
77.606,77.606,NoButton,Drag,1217,686
77.61,77.61,NoButton,Drag,1217,686
77.614,77.614,NoButton,Drag,1218,686
77.618,77.618,NoButton,Drag,1218,686
77.622,77.622,NoButton,Drag,1219,687
77.626,77.626,NoButton,Drag,1219,687
77.63,77.63,NoButton,Drag,1219,687
77.634,77.634,NoButton,Drag,1220,687
77.638,77.638,NoButton,Drag,1221,687
77.642,77.642,NoButton,Drag,1221,687
77.646,77.646,NoButton,Drag,1222,688
77.65,77.65,NoButton,Drag,1223,688
77.654,77.654,NoButton,Drag,1224,688
77.658,77.658,NoButton,Drag,1226,689
77.662,77.662,NoButton,Drag,1227,689
77.666,77.666,NoButton,Drag,1229,690
77.668,77.668,NoButton,Drag,1231,690
77.672,77.672,NoButton,Drag,1233,690
77.676,77.676,NoButton,Drag,1235,691
77.68,77.68,NoButton,Drag,1236,691
77.684,77.684,NoButton,Drag,1238,692
77.688,77.688,NoButton,Drag,1240,692
77.692,77.692,NoButton,Drag,1242,693
77.696,77.696,NoButton,Drag,1243,693
77.7,77.7,NoButton,Drag,1245,693
77.704,77.704,NoButton,Drag,1247,694
77.708,77.708,NoButton,Drag,1249,694
77.712,77.712,NoButton,Drag,1251,695
77.716,77.716,NoButton,Drag,1253,696
77.72,77.72,NoButton,Drag,1255,696
77.724,77.724,NoButton,Drag,1257,696
77.728,77.728,NoButton,Drag,1259,697
77.732,77.732,NoButton,Drag,1261,697
77.736,77.736,NoButton,Drag,1263,697
77.74,77.74,NoButton,Drag,1265,698
77.744,77.744,NoButton,Drag,1267,699
77.748,77.748,NoButton,Drag,1269,699
77.752,77.752,NoButton,Drag,1271,699
77.756,77.756,NoButton,Drag,1273,700
77.76,77.76,NoButton,Drag,1275,700
77.764,77.764,NoButton,Drag,1277,701
77.768,77.768,NoButton,Drag,1279,701
77.772,77.772,NoButton,Drag,1280,701
77.776,77.776,NoButton,Drag,1282,702
77.78,77.78,NoButton,Drag,1284,702
77.784,77.784,NoButton,Drag,1285,702
77.788,77.788,NoButton,Drag,1287,703
77.792,77.792,NoButton,Drag,1288,703
77.796,77.796,NoButton,Drag,1290,703
77.8,77.8,NoButton,Drag,1292,704
77.804,77.804,NoButton,Drag,1293,704
77.808,77.808,NoButton,Drag,1295,704
77.812,77.812,NoButton,Drag,1296,704
77.816,77.816,NoButton,Drag,1298,704
77.82,77.82,NoButton,Drag,1300,704
77.824,77.824,NoButton,Drag,1301,704
77.828,77.828,NoButton,Drag,1303,705
77.832,77.832,NoButton,Drag,1305,705
77.836,77.836,NoButton,Drag,1307,705
77.84,77.84,NoButton,Drag,1309,706
77.844,77.844,NoButton,Drag,1311,706
77.848,77.848,NoButton,Drag,1314,707
77.852,77.852,NoButton,Drag,1316,707
77.856,77.856,NoButton,Drag,1318,708
77.86,77.86,NoButton,Drag,1320,708
77.864,77.864,NoButton,Drag,1323,709
77.868,77.868,NoButton,Drag,1325,709
77.872,77.872,NoButton,Drag,1327,709
77.876,77.876,NoButton,Drag,1330,710
77.88,77.88,NoButton,Drag,1332,711
77.884,77.884,NoButton,Drag,1334,711
77.888,77.888,NoButton,Drag,1336,711
77.892,77.892,NoButton,Drag,1337,711
77.896,77.896,NoButton,Drag,1338,712
77.9,77.9,NoButton,Drag,1340,712
77.904,77.904,NoButton,Drag,1341,712
77.908,77.908,NoButton,Drag,1342,712
77.913,77.913,NoButton,Drag,1342,712
77.916,77.916,NoButton,Drag,1343,712
77.968,77.968,NoButton,Drag,1343,712
77.988,77.988,NoButton,Drag,1343,712
78.008,78.008,NoButton,Drag,1344,712
78.013,78.013,NoButton,Drag,1344,711
78.016,78.016,NoButton,Drag,1344,711
78.02,78.02,NoButton,Drag,1344,711
78.024,78.024,NoButton,Drag,1344,710
78.028,78.028,NoButton,Drag,1344,710
78.032,78.032,NoButton,Drag,1344,709
78.036,78.036,NoButton,Drag,1344,709
78.04,78.04,NoButton,Drag,1344,708
78.044,78.044,NoButton,Drag,1344,708
78.048,78.048,NoButton,Drag,1344,707
78.052,78.052,NoButton,Drag,1345,707
78.056,78.056,NoButton,Drag,1345,706
78.06,78.06,NoButton,Drag,1345,706
78.064,78.064,NoButton,Drag,1345,706
78.068,78.068,NoButton,Drag,1345,705
78.072,78.072,NoButton,Drag,1345,705
78.076,78.076,NoButton,Drag,1345,705
78.08,78.08,NoButton,Drag,1345,704
78.084,78.084,NoButton,Drag,1345,704
78.088,78.088,NoButton,Drag,1345,703
78.097,78.097,Left,Released,1345,703
78.098,78.098,NoButton,Move,1344,703
78.113,78.113,NoButton,Move,1344,703
78.129,78.129,NoButton,Move,1344,702
78.144,78.144,NoButton,Move,1343,701
78.162,78.162,NoButton,Move,1342,701
78.178,78.178,NoButton,Move,1340,700
78.195,78.195,NoButton,Move,1336,699
78.211,78.211,NoButton,Move,1325,696
78.228,78.228,NoButton,Move,1306,691
78.244,78.244,NoButton,Move,1262,680
78.261,78.261,NoButton,Move,1213,667
78.278,78.278,NoButton,Move,1145,650
78.294,78.294,NoButton,Move,1080,636
78.311,78.311,NoButton,Move,1008,621
78.328,78.328,NoButton,Move,942,605
78.345,78.345,NoButton,Move,884,589
78.361,78.361,NoButton,Move,832,572
78.379,78.379,NoButton,Move,771,551
78.394,78.394,NoButton,Move,728,537
78.411,78.411,NoButton,Move,693,525
78.428,78.428,NoButton,Move,666,514
78.445,78.445,NoButton,Move,642,503
78.461,78.461,NoButton,Move,624,492
78.478,78.478,NoButton,Move,610,481
78.494,78.494,NoButton,Move,605,475
78.511,78.511,NoButton,Move,603,470
78.528,78.528,NoButton,Move,601,469
78.544,78.544,NoButton,Move,600,467
78.561,78.561,NoButton,Move,598,466
78.578,78.578,NoButton,Move,597,465
78.595,78.595,NoButton,Move,596,464
78.691,78.691,Left,Pressed,596,464
78.75,78.75,NoButton,Drag,596,464
78.758,78.758,NoButton,Drag,596,464
78.762,78.762,NoButton,Drag,596,464
78.766,78.766,NoButton,Drag,595,464
78.77,78.77,NoButton,Drag,595,464
78.778,78.778,NoButton,Drag,595,464
78.782,78.782,NoButton,Drag,594,464
78.786,78.786,NoButton,Drag,594,464
78.79,78.79,NoButton,Drag,593,464
78.794,78.794,Left,Released,593,464
78.795,78.795,NoButton,Move,592,464
78.811,78.811,NoButton,Move,589,464
78.827,78.827,NoButton,Move,585,464
78.844,78.844,NoButton,Move,580,464
78.862,78.862,NoButton,Move,577,464
78.877,78.877,NoButton,Move,575,464
78.895,78.895,NoButton,Move,573,464
78.911,78.911,NoButton,Move,573,465
78.94,78.94,NoButton,Move,572,465
78.945,78.945,NoButton,Move,572,465
78.961,78.961,NoButton,Move,572,465
78.977,78.977,NoButton,Move,571,466
78.994,78.994,NoButton,Move,570,466
79.012,79.012,NoButton,Move,568,467
79.027,79.027,NoButton,Move,567,468
79.045,79.045,NoButton,Move,565,468
79.061,79.061,NoButton,Move,564,468
79.101,79.101,Left,Pressed,564,468
79.102,79.102,NoButton,Drag,564,469
79.168,79.168,NoButton,Drag,564,469
79.184,79.184,NoButton,Drag,564,468
79.188,79.188,NoButton,Drag,564,468
79.192,79.192,NoButton,Drag,564,467
79.196,79.196,NoButton,Drag,564,467
79.2,79.2,NoButton,Drag,565,467
79.207,79.207,NoButton,Drag,565,466
79.208,79.208,NoButton,Drag,566,465
79.212,79.212,NoButton,Drag,566,464
79.216,79.216,NoButton,Drag,567,463
79.22,79.22,NoButton,Drag,567,462
79.224,79.224,NoButton,Drag,568,461
79.228,79.228,NoButton,Drag,569,460
79.232,79.232,NoButton,Drag,570,458
79.236,79.236,NoButton,Drag,571,457
79.24,79.24,NoButton,Drag,572,456
79.244,79.244,NoButton,Drag,573,454
79.248,79.248,NoButton,Drag,574,453
79.252,79.252,NoButton,Drag,575,451
79.256,79.256,NoButton,Drag,576,449
79.26,79.26,NoButton,Drag,578,447
79.264,79.264,NoButton,Drag,579,445
79.268,79.268,NoButton,Drag,581,443
79.272,79.272,NoButton,Drag,583,441
79.276,79.276,NoButton,Drag,585,439
79.28,79.28,NoButton,Drag,587,436
79.284,79.284,NoButton,Drag,589,433
79.288,79.288,NoButton,Drag,591,431
79.292,79.292,NoButton,Drag,594,428
79.296,79.296,NoButton,Drag,596,425
79.3,79.3,NoButton,Drag,599,422
79.304,79.304,NoButton,Drag,601,420
79.308,79.308,NoButton,Drag,604,417
79.312,79.312,NoButton,Drag,607,415
79.316,79.316,NoButton,Drag,609,412
79.32,79.32,NoButton,Drag,612,410
79.324,79.324,NoButton,Drag,615,408
79.328,79.328,NoButton,Drag,618,406
79.332,79.332,NoButton,Drag,621,404
79.336,79.336,NoButton,Drag,624,402
79.34,79.34,NoButton,Drag,627,400
79.344,79.344,NoButton,Drag,630,398
79.348,79.348,NoButton,Drag,633,397
79.352,79.352,NoButton,Drag,636,395
79.356,79.356,NoButton,Drag,639,394
79.36,79.36,NoButton,Drag,643,393
79.364,79.364,NoButton,Drag,646,392
79.368,79.368,NoButton,Drag,649,391
79.372,79.372,NoButton,Drag,652,390
79.376,79.376,NoButton,Drag,656,390
79.38,79.38,NoButton,Drag,659,389
79.384,79.384,NoButton,Drag,662,388
79.388,79.388,NoButton,Drag,665,387
79.392,79.392,NoButton,Drag,668,386
79.396,79.396,NoButton,Drag,672,385
79.398,79.398,NoButton,Drag,675,384
79.402,79.402,NoButton,Drag,678,384
79.406,79.406,NoButton,Drag,682,384
79.41,79.41,NoButton,Drag,685,383
79.414,79.414,NoButton,Drag,689,383
79.418,79.418,NoButton,Drag,693,383
79.422,79.422,NoButton,Drag,697,383
79.426,79.426,NoButton,Drag,701,383
79.43,79.43,NoButton,Drag,705,383
79.434,79.434,NoButton,Drag,709,383
79.438,79.438,NoButton,Drag,712,383
79.442,79.442,NoButton,Drag,716,383
79.446,79.446,NoButton,Drag,720,383
79.45,79.45,NoButton,Drag,723,384
79.454,79.454,NoButton,Drag,727,384
79.458,79.458,NoButton,Drag,731,385
79.462,79.462,NoButton,Drag,734,386
79.466,79.466,NoButton,Drag,738,387
79.47,79.47,NoButton,Drag,741,387
79.476,79.476,NoButton,Drag,745,388
79.478,79.478,NoButton,Drag,749,389
79.482,79.482,NoButton,Drag,752,390
79.486,79.486,NoButton,Drag,755,391
79.49,79.49,NoButton,Drag,758,392
79.494,79.494,NoButton,Drag,762,393
79.498,79.498,NoButton,Drag,766,393
79.502,79.502,NoButton,Drag,769,394
79.506,79.506,NoButton,Drag,773,395
79.51,79.51,NoButton,Drag,776,396
79.514,79.514,NoButton,Drag,779,398
79.518,79.518,NoButton,Drag,782,399
79.522,79.522,NoButton,Drag,786,400
79.526,79.526,NoButton,Drag,789,402
79.53,79.53,NoButton,Drag,792,404
79.534,79.534,NoButton,Drag,795,405
79.538,79.538,NoButton,Drag,799,407
79.542,79.542,NoButton,Drag,802,409
79.546,79.546,NoButton,Drag,805,411
79.55,79.55,NoButton,Drag,808,413
79.554,79.554,NoButton,Drag,811,415
79.558,79.558,NoButton,Drag,814,418
79.562,79.562,NoButton,Drag,817,420
79.566,79.566,NoButton,Drag,820,422
79.57,79.57,NoButton,Drag,824,425
79.574,79.574,NoButton,Drag,827,428
79.578,79.578,NoButton,Drag,830,431
79.582,79.582,NoButton,Drag,834,434
79.586,79.586,NoButton,Drag,837,438
79.59,79.59,NoButton,Drag,840,441
79.594,79.594,NoButton,Drag,844,445
79.598,79.598,NoButton,Drag,847,449
79.602,79.602,NoButton,Drag,851,452
79.606,79.606,NoButton,Drag,855,456
79.61,79.61,NoButton,Drag,858,460
79.614,79.614,NoButton,Drag,861,463
79.618,79.618,NoButton,Drag,864,467
79.622,79.622,NoButton,Drag,867,471
79.626,79.626,NoButton,Drag,870,475
79.63,79.63,NoButton,Drag,873,479
79.634,79.634,NoButton,Drag,876,483
79.638,79.638,NoButton,Drag,880,487
79.642,79.642,NoButton,Drag,884,491
79.646,79.646,NoButton,Drag,887,495
79.65,79.65,NoButton,Drag,890,499
79.654,79.654,NoButton,Drag,893,503
79.658,79.658,NoButton,Drag,896,507
79.662,79.662,NoButton,Drag,899,511
79.666,79.666,NoButton,Drag,902,514
79.67,79.67,NoButton,Drag,905,518
79.674,79.674,NoButton,Drag,908,522
79.678,79.678,NoButton,Drag,911,526
79.682,79.682,NoButton,Drag,913,529
79.686,79.686,NoButton,Drag,916,533
79.69,79.69,NoButton,Drag,919,536
79.694,79.694,NoButton,Drag,922,539
79.698,79.698,NoButton,Drag,924,542
79.702,79.702,NoButton,Drag,927,545
79.706,79.706,NoButton,Drag,930,548
79.71,79.71,NoButton,Drag,932,550
79.714,79.714,NoButton,Drag,935,553
79.718,79.718,NoButton,Drag,938,556
79.722,79.722,NoButton,Drag,942,559
79.726,79.726,NoButton,Drag,944,561
79.73,79.73,NoButton,Drag,946,564
79.734,79.734,NoButton,Drag,949,567
79.738,79.738,NoButton,Drag,952,570
79.742,79.742,NoButton,Drag,954,572
79.746,79.746,NoButton,Drag,957,574
79.75,79.75,NoButton,Drag,960,577
79.754,79.754,NoButton,Drag,963,580
79.758,79.758,NoButton,Drag,965,582
79.762,79.762,NoButton,Drag,968,584
79.766,79.766,NoButton,Drag,970,586
79.77,79.77,NoButton,Drag,972,588
79.774,79.774,NoButton,Drag,975,590
79.778,79.778,NoButton,Drag,977,592
79.782,79.782,NoButton,Drag,980,593
79.786,79.786,NoButton,Drag,982,595
79.79,79.79,NoButton,Drag,984,596
79.794,79.794,NoButton,Drag,986,598
79.798,79.798,NoButton,Drag,989,599
79.802,79.802,NoButton,Drag,991,601
79.806,79.806,NoButton,Drag,993,602
79.81,79.81,NoButton,Drag,995,604
79.814,79.814,NoButton,Drag,997,605
79.818,79.818,NoButton,Drag,1000,606
79.822,79.822,NoButton,Drag,1002,607
79.826,79.826,NoButton,Drag,1004,608
79.83,79.83,NoButton,Drag,1006,610
79.834,79.834,NoButton,Drag,1008,611
79.838,79.838,NoButton,Drag,1010,612
79.842,79.842,NoButton,Drag,1012,613
79.846,79.846,NoButton,Drag,1014,614
79.85,79.85,NoButton,Drag,1017,615
79.854,79.854,NoButton,Drag,1019,616
79.858,79.858,NoButton,Drag,1021,618
79.862,79.862,NoButton,Drag,1023,619
79.866,79.866,NoButton,Drag,1025,620
79.87,79.87,NoButton,Drag,1028,621
79.874,79.874,NoButton,Drag,1031,622
79.878,79.878,NoButton,Drag,1033,623
79.882,79.882,NoButton,Drag,1036,625
79.886,79.886,NoButton,Drag,1039,626
79.89,79.89,NoButton,Drag,1042,628
79.894,79.894,NoButton,Drag,1044,629
79.898,79.898,NoButton,Drag,1047,630
79.902,79.902,NoButton,Drag,1050,632
79.906,79.906,NoButton,Drag,1052,633
79.91,79.91,NoButton,Drag,1056,635
79.914,79.914,NoButton,Drag,1058,637
79.918,79.918,NoButton,Drag,1061,638
79.922,79.922,NoButton,Drag,1065,639
79.926,79.926,NoButton,Drag,1068,641
79.93,79.93,NoButton,Drag,1071,642
79.934,79.934,NoButton,Drag,1073,644
79.938,79.938,NoButton,Drag,1076,645
79.942,79.942,NoButton,Drag,1079,647
79.946,79.946,NoButton,Drag,1082,648
79.95,79.95,NoButton,Drag,1085,650
79.954,79.954,NoButton,Drag,1088,651
79.958,79.958,NoButton,Drag,1091,652
79.962,79.962,NoButton,Drag,1094,654
79.966,79.966,NoButton,Drag,1096,656
79.97,79.97,NoButton,Drag,1099,657
79.974,79.974,NoButton,Drag,1101,658
79.976,79.976,NoButton,Drag,1103,659
79.98,79.98,NoButton,Drag,1106,660
79.984,79.984,NoButton,Drag,1108,661
79.988,79.988,NoButton,Drag,1110,662
79.994,79.994,NoButton,Drag,1112,663
79.996,79.996,NoButton,Drag,1115,664
80,80,NoButton,Drag,1117,665
80.004,80.004,NoButton,Drag,1118,666
80.008,80.008,NoButton,Drag,1120,667
80.012,80.012,NoButton,Drag,1122,667
80.016,80.016,NoButton,Drag,1124,668
80.02,80.02,NoButton,Drag,1125,668
80.024,80.024,NoButton,Drag,1126,669
80.028,80.028,NoButton,Drag,1128,669
80.032,80.032,NoButton,Drag,1129,669
80.036,80.036,NoButton,Drag,1131,670
80.04,80.04,NoButton,Drag,1132,671
80.044,80.044,NoButton,Drag,1133,671
80.048,80.048,NoButton,Drag,1134,671
80.052,80.052,NoButton,Drag,1135,672
80.056,80.056,NoButton,Drag,1136,672
80.06,80.06,NoButton,Drag,1136,672
80.064,80.064,NoButton,Drag,1137,672
80.068,80.068,NoButton,Drag,1138,673
80.072,80.072,NoButton,Drag,1139,673
80.076,80.076,NoButton,Drag,1140,674
80.08,80.08,NoButton,Drag,1140,674
80.084,80.084,NoButton,Drag,1141,674
80.088,80.088,NoButton,Drag,1143,674
80.092,80.092,NoButton,Drag,1143,675
80.096,80.096,NoButton,Drag,1145,675
80.1,80.1,NoButton,Drag,1146,675
80.104,80.104,NoButton,Drag,1147,676
80.108,80.108,NoButton,Drag,1148,676
80.112,80.112,NoButton,Drag,1150,676
80.116,80.116,NoButton,Drag,1151,677
80.12,80.12,NoButton,Drag,1152,677
80.124,80.124,NoButton,Drag,1154,677
80.128,80.128,NoButton,Drag,1156,678
80.132,80.132,NoButton,Drag,1157,678
80.136,80.136,NoButton,Drag,1159,679
80.14,80.14,NoButton,Drag,1161,679
80.144,80.144,NoButton,Drag,1163,679
80.148,80.148,NoButton,Drag,1164,680
80.152,80.152,NoButton,Drag,1166,680
80.156,80.156,NoButton,Drag,1168,680
80.16,80.16,NoButton,Drag,1170,681
80.164,80.164,NoButton,Drag,1172,681
80.168,80.168,NoButton,Drag,1174,682
80.172,80.172,NoButton,Drag,1176,682
80.176,80.176,NoButton,Drag,1178,682
80.18,80.18,NoButton,Drag,1181,683
80.184,80.184,NoButton,Drag,1183,683
80.188,80.188,NoButton,Drag,1186,684
80.192,80.192,NoButton,Drag,1188,684
80.196,80.196,NoButton,Drag,1190,685
80.2,80.2,NoButton,Drag,1193,685
80.204,80.204,NoButton,Drag,1196,686
80.208,80.208,NoButton,Drag,1199,687
80.212,80.212,NoButton,Drag,1201,687
80.216,80.216,NoButton,Drag,1204,688
80.22,80.22,NoButton,Drag,1206,688
80.224,80.224,NoButton,Drag,1209,689
80.228,80.228,NoButton,Drag,1212,690
80.232,80.232,NoButton,Drag,1215,690
80.236,80.236,NoButton,Drag,1218,691
80.24,80.24,NoButton,Drag,1220,692
80.244,80.244,NoButton,Drag,1223,693
80.248,80.248,NoButton,Drag,1226,693
80.252,80.252,NoButton,Drag,1229,694
80.256,80.256,NoButton,Drag,1232,695
80.26,80.26,NoButton,Drag,1235,695
80.264,80.264,NoButton,Drag,1238,696
80.268,80.268,NoButton,Drag,1242,697
80.272,80.272,NoButton,Drag,1245,697
80.276,80.276,NoButton,Drag,1248,698
80.28,80.28,NoButton,Drag,1251,698
80.284,80.284,NoButton,Drag,1254,699
80.288,80.288,NoButton,Drag,1257,700
80.292,80.292,NoButton,Drag,1260,700
80.296,80.296,NoButton,Drag,1263,701
80.3,80.3,NoButton,Drag,1266,701
80.304,80.304,NoButton,Drag,1269,702
80.308,80.308,NoButton,Drag,1272,702
80.312,80.312,NoButton,Drag,1274,703
80.316,80.316,NoButton,Drag,1277,703
80.32,80.32,NoButton,Drag,1279,703
80.324,80.324,NoButton,Drag,1282,704
80.328,80.328,NoButton,Drag,1284,704
80.332,80.332,NoButton,Drag,1287,704
80.336,80.336,NoButton,Drag,1289,705
80.34,80.34,NoButton,Drag,1291,705
80.344,80.344,NoButton,Drag,1292,705
80.348,80.348,NoButton,Drag,1294,705
80.352,80.352,NoButton,Drag,1296,705
80.356,80.356,NoButton,Drag,1298,706
80.36,80.36,NoButton,Drag,1299,706
80.364,80.364,NoButton,Drag,1301,706
80.368,80.368,NoButton,Drag,1303,706
80.372,80.372,NoButton,Drag,1304,706
80.376,80.376,NoButton,Drag,1305,706
80.38,80.38,NoButton,Drag,1306,706
80.384,80.384,NoButton,Drag,1307,706
80.388,80.388,NoButton,Drag,1308,706
80.392,80.392,NoButton,Drag,1308,706
80.396,80.396,NoButton,Drag,1309,706
80.4,80.4,NoButton,Drag,1310,706
80.404,80.404,NoButton,Drag,1311,706
80.408,80.408,NoButton,Drag,1311,706
80.412,80.412,NoButton,Drag,1312,706
80.416,80.416,NoButton,Drag,1312,706
80.424,80.424,NoButton,Drag,1313,706
80.428,80.428,NoButton,Drag,1313,706
80.432,80.432,NoButton,Drag,1313,706
80.436,80.436,NoButton,Drag,1314,706
80.44,80.44,NoButton,Drag,1314,706
80.444,80.444,NoButton,Drag,1315,706
80.448,80.448,NoButton,Drag,1315,706
80.452,80.452,NoButton,Drag,1316,706
80.456,80.456,NoButton,Drag,1316,706
80.464,80.464,NoButton,Drag,1317,706
80.468,80.468,NoButton,Drag,1317,706
80.472,80.472,NoButton,Drag,1318,706
80.476,80.476,NoButton,Drag,1319,706
80.48,80.48,NoButton,Drag,1319,705
80.484,80.484,NoButton,Drag,1320,705
80.488,80.488,NoButton,Drag,1320,705
80.492,80.492,NoButton,Drag,1321,705
80.496,80.496,NoButton,Drag,1321,704
80.5,80.5,NoButton,Drag,1322,704
80.504,80.504,NoButton,Drag,1322,704
80.508,80.508,NoButton,Drag,1323,703
80.512,80.512,NoButton,Drag,1324,702
80.516,80.516,NoButton,Drag,1325,702
80.52,80.52,NoButton,Drag,1326,701
80.524,80.524,NoButton,Drag,1327,700
80.528,80.528,NoButton,Drag,1329,699
80.532,80.532,NoButton,Drag,1330,698
80.536,80.536,NoButton,Drag,1332,697
80.538,80.538,NoButton,Drag,1333,696
80.542,80.542,NoButton,Drag,1335,694
80.546,80.546,Left,Released,1335,694
80.547,80.547,NoButton,Move,1337,692
80.562,80.562,NoButton,Move,1341,687
80.578,80.578,NoButton,Move,1344,682
80.594,80.594,NoButton,Move,1343,675
80.611,80.611,NoButton,Move,1337,668
80.627,80.627,NoButton,Move,1330,664
80.644,80.644,NoButton,Move,1321,660
80.661,80.661,NoButton,Move,1310,656
80.677,80.677,NoButton,Move,1293,653
80.694,80.694,NoButton,Move,1273,651
80.712,80.712,NoButton,Move,1258,651
80.728,80.728,NoButton,Move,1240,651
80.745,80.745,NoButton,Move,1217,651
80.761,80.761,NoButton,Move,1184,651
80.777,80.777,NoButton,Move,1140,650
80.794,80.794,NoButton,Move,1068,649
80.811,80.811,NoButton,Move,995,648
80.828,80.828,NoButton,Move,916,646
80.844,80.844,NoButton,Move,823,640
80.861,80.861,NoButton,Move,722,624
80.877,80.877,NoButton,Move,629,603
80.895,80.895,NoButton,Move,524,569
80.911,80.911,NoButton,Move,459,546
80.928,80.928,NoButton,Move,411,529
80.944,80.944,NoButton,Move,383,521
80.961,80.961,NoButton,Move,368,515
80.978,80.978,NoButton,Move,363,514
81.022,81.022,NoButton,Move,363,514
81.026,81.026,NoButton,Move,363,514
81.03,81.03,NoButton,Move,363,514
81.044,81.044,NoButton,Move,363,515
81.061,81.061,NoButton,Move,363,518
81.078,81.078,NoButton,Move,366,522
81.094,81.094,NoButton,Move,369,528
81.111,81.111,NoButton,Move,375,534
81.127,81.127,NoButton,Move,382,539
81.144,81.144,NoButton,Move,392,544
81.162,81.162,NoButton,Move,399,547
81.178,81.178,NoButton,Move,408,550
81.194,81.194,NoButton,Move,419,553
81.211,81.211,NoButton,Move,433,557
81.228,81.228,NoButton,Move,447,561
81.244,81.244,NoButton,Move,468,566
81.261,81.261,NoButton,Move,485,571
81.278,81.278,NoButton,Move,500,575
81.295,81.295,NoButton,Move,514,578
81.311,81.311,NoButton,Move,526,581
81.327,81.327,NoButton,Move,535,585
81.337,81.337,NoButton,Move,539,587
81.344,81.344,Left,Pressed,539,587
81.344,81.344,NoButton,Drag,543,589
81.348,81.348,NoButton,Drag,544,590
81.352,81.352,NoButton,Drag,545,591
81.356,81.356,NoButton,Drag,547,592
81.36,81.36,NoButton,Drag,548,592
81.364,81.364,NoButton,Drag,548,593
81.368,81.368,NoButton,Drag,549,594
81.372,81.372,NoButton,Drag,550,594
81.376,81.376,NoButton,Drag,550,595
81.38,81.38,NoButton,Drag,551,595
81.384,81.384,NoButton,Drag,552,596
81.388,81.388,NoButton,Drag,552,597
81.392,81.392,NoButton,Drag,553,598
81.396,81.396,NoButton,Drag,554,599
81.4,81.4,NoButton,Drag,555,600
81.404,81.404,NoButton,Drag,556,601
81.408,81.408,NoButton,Drag,557,603
81.412,81.412,NoButton,Drag,558,604
81.416,81.416,NoButton,Drag,559,606
81.42,81.42,NoButton,Drag,560,608
81.424,81.424,NoButton,Drag,561,609
81.428,81.428,NoButton,Drag,562,610
81.432,81.432,NoButton,Drag,563,612
81.436,81.436,NoButton,Drag,564,613
81.441,81.441,NoButton,Drag,565,615
81.444,81.444,NoButton,Drag,566,616
81.448,81.448,NoButton,Drag,567,617
81.452,81.452,NoButton,Drag,568,618
81.456,81.456,NoButton,Drag,569,619
81.46,81.46,NoButton,Drag,570,620
81.464,81.464,NoButton,Drag,571,621
81.468,81.468,NoButton,Drag,571,621
81.472,81.472,NoButton,Drag,572,621
81.476,81.476,NoButton,Drag,572,622
81.532,81.532,Left,Released,572,622
81.652,81.652,NoButton,Move,572,622
81.738,81.738,NoButton,Move,572,621
81.742,81.742,NoButton,Move,572,621
81.75,81.75,NoButton,Move,572,621
81.766,81.766,NoButton,Move,571,621
81.782,81.782,NoButton,Move,571,621
81.794,81.794,NoButton,Move,571,621
81.811,81.811,NoButton,Move,570,620
81.827,81.827,NoButton,Move,569,620
81.85,81.85,NoButton,Move,569,620
81.861,81.861,NoButton,Move,569,620
81.877,81.877,NoButton,Move,568,621
81.894,81.894,NoButton,Move,567,622
81.912,81.912,NoButton,Move,566,624
81.928,81.928,NoButton,Move,565,625
81.944,81.944,NoButton,Move,565,626
81.961,81.961,NoButton,Move,564,627
81.977,81.977,NoButton,Move,564,628
81.994,81.994,NoButton,Move,563,629
82.011,82.011,NoButton,Move,563,630
82.028,82.028,NoButton,Move,563,630
82.044,82.044,NoButton,Move,563,631
82.059,82.059,Left,Pressed,563,631
82.138,82.138,NoButton,Drag,563,631
82.142,82.142,NoButton,Drag,563,630
82.146,82.146,NoButton,Drag,564,630
82.15,82.15,NoButton,Drag,565,629
82.154,82.154,NoButton,Drag,565,629
82.158,82.158,NoButton,Drag,566,628
82.162,82.162,NoButton,Drag,567,627
82.166,82.166,NoButton,Drag,568,627
82.17,82.17,NoButton,Drag,570,626
82.174,82.174,NoButton,Drag,571,625
82.178,82.178,NoButton,Drag,573,624
82.182,82.182,NoButton,Drag,575,624
82.186,82.186,NoButton,Drag,577,623
82.19,82.19,NoButton,Drag,580,622
82.194,82.194,NoButton,Drag,584,620
82.198,82.198,NoButton,Drag,588,619
82.202,82.202,NoButton,Drag,592,618
82.206,82.206,NoButton,Drag,598,617
82.21,82.21,NoButton,Drag,603,615
82.214,82.214,NoButton,Drag,610,613
82.218,82.218,NoButton,Drag,618,612
82.222,82.222,NoButton,Drag,626,610
82.226,82.226,NoButton,Drag,634,608
82.23,82.23,NoButton,Drag,644,605
82.234,82.234,NoButton,Drag,655,603
82.238,82.238,NoButton,Drag,664,601
82.242,82.242,NoButton,Drag,674,599
82.246,82.246,NoButton,Drag,685,596
82.25,82.25,NoButton,Drag,697,594
82.254,82.254,NoButton,Drag,708,592
82.258,82.258,NoButton,Drag,721,589
82.262,82.262,NoButton,Drag,734,587
82.266,82.266,NoButton,Drag,747,585
82.27,82.27,NoButton,Drag,760,583
82.274,82.274,NoButton,Drag,774,580
82.276,82.276,NoButton,Drag,787,578
82.28,82.28,NoButton,Drag,800,576
82.284,82.284,NoButton,Drag,813,572
82.288,82.288,NoButton,Drag,826,569
82.292,82.292,NoButton,Drag,839,567
82.296,82.296,NoButton,Drag,853,563
82.3,82.3,NoButton,Drag,864,560
82.304,82.304,NoButton,Drag,877,557
82.308,82.308,NoButton,Drag,889,553
82.312,82.312,NoButton,Drag,901,549
82.316,82.316,NoButton,Drag,912,546
82.32,82.32,NoButton,Drag,925,541
82.324,82.324,NoButton,Drag,937,537
82.328,82.328,NoButton,Drag,948,534
82.332,82.332,NoButton,Drag,959,530
82.336,82.336,NoButton,Drag,970,526
82.34,82.34,NoButton,Drag,980,523
82.344,82.344,NoButton,Drag,989,519
82.348,82.348,NoButton,Drag,998,516
82.352,82.352,NoButton,Drag,1006,514
82.356,82.356,NoButton,Drag,1013,511
82.36,82.36,NoButton,Drag,1019,509
82.364,82.364,NoButton,Drag,1025,507
82.368,82.368,NoButton,Drag,1031,505
82.372,82.372,NoButton,Drag,1036,503
82.376,82.376,NoButton,Drag,1042,501
82.38,82.38,NoButton,Drag,1047,500
82.384,82.384,NoButton,Drag,1052,498
82.388,82.388,NoButton,Drag,1057,496
82.392,82.392,NoButton,Drag,1062,495
82.396,82.396,NoButton,Drag,1067,494
82.4,82.4,NoButton,Drag,1072,492
82.404,82.404,NoButton,Drag,1077,491
82.408,82.408,NoButton,Drag,1083,490
82.412,82.412,NoButton,Drag,1088,488
82.416,82.416,NoButton,Drag,1093,487
82.42,82.42,NoButton,Drag,1098,486
82.424,82.424,NoButton,Drag,1103,485
82.428,82.428,NoButton,Drag,1107,484
82.432,82.432,NoButton,Drag,1111,483
82.436,82.436,NoButton,Drag,1116,482
82.44,82.44,NoButton,Drag,1119,481
82.444,82.444,NoButton,Drag,1124,480
82.448,82.448,NoButton,Drag,1128,479
82.452,82.452,NoButton,Drag,1132,479
82.456,82.456,NoButton,Drag,1136,478
82.46,82.46,NoButton,Drag,1141,476
82.464,82.464,NoButton,Drag,1145,476
82.468,82.468,NoButton,Drag,1149,475
82.472,82.472,NoButton,Drag,1154,474
82.476,82.476,NoButton,Drag,1158,473
82.48,82.48,NoButton,Drag,1162,472
82.484,82.484,NoButton,Drag,1166,472
82.488,82.488,NoButton,Drag,1170,471
82.492,82.492,NoButton,Drag,1174,471
82.496,82.496,NoButton,Drag,1178,470
82.5,82.5,NoButton,Drag,1181,469
82.504,82.504,NoButton,Drag,1184,469
82.508,82.508,NoButton,Drag,1188,468
82.512,82.512,NoButton,Drag,1191,468
82.516,82.516,NoButton,Drag,1194,467
82.52,82.52,NoButton,Drag,1197,467
82.524,82.524,NoButton,Drag,1200,466
82.528,82.528,NoButton,Drag,1204,465
82.532,82.532,NoButton,Drag,1208,465
82.536,82.536,NoButton,Drag,1213,464
82.54,82.54,NoButton,Drag,1216,463
82.544,82.544,NoButton,Drag,1220,462
82.548,82.548,NoButton,Drag,1224,460
82.552,82.552,NoButton,Drag,1227,460
82.556,82.556,NoButton,Drag,1231,458
82.56,82.56,NoButton,Drag,1235,457
82.564,82.564,NoButton,Drag,1240,456
82.568,82.568,NoButton,Drag,1244,455
82.572,82.572,NoButton,Drag,1248,454
82.576,82.576,NoButton,Drag,1252,453
82.58,82.58,NoButton,Drag,1256,452
82.584,82.584,NoButton,Drag,1260,451
82.588,82.588,NoButton,Drag,1264,450
82.592,82.592,NoButton,Drag,1267,449
82.596,82.596,NoButton,Drag,1270,448
82.6,82.6,NoButton,Drag,1273,447
82.604,82.604,NoButton,Drag,1276,446
82.608,82.608,NoButton,Drag,1279,445
82.612,82.612,NoButton,Drag,1281,444
82.616,82.616,NoButton,Drag,1284,443
82.62,82.62,NoButton,Drag,1286,442
82.624,82.624,NoButton,Drag,1288,441
82.628,82.628,NoButton,Drag,1291,441
82.632,82.632,NoButton,Drag,1292,440
82.636,82.636,NoButton,Drag,1293,440
82.64,82.64,NoButton,Drag,1295,439
82.644,82.644,NoButton,Drag,1296,439
82.648,82.648,NoButton,Drag,1297,438
82.652,82.652,NoButton,Drag,1297,438
82.656,82.656,NoButton,Drag,1298,438
82.66,82.66,NoButton,Drag,1298,438
82.664,82.664,NoButton,Drag,1299,438
82.752,82.752,Left,Released,1299,438
82.796,82.796,NoButton,Move,1299,438
82.812,82.812,NoButton,Move,1299,438
82.84,82.84,NoButton,Move,1299,437
82.91,82.91,NoButton,Move,1299,437
82.914,82.914,NoButton,Move,1299,437
82.928,82.928,NoButton,Move,1299,437
82.945,82.945,NoButton,Move,1298,437
82.962,82.962,NoButton,Move,1296,438
82.977,82.977,NoButton,Move,1290,440
82.995,82.995,NoButton,Move,1266,443
83.011,83.011,NoButton,Move,1226,445
83.028,83.028,NoButton,Move,1175,455
83.045,83.045,NoButton,Move,1124,469
83.062,83.062,NoButton,Move,1067,485
83.077,83.077,NoButton,Move,1005,496
83.094,83.094,NoButton,Move,917,506
83.111,83.111,NoButton,Move,846,509
83.128,83.128,NoButton,Move,785,511
83.145,83.145,NoButton,Move,743,511
83.161,83.161,NoButton,Move,719,511
83.178,83.178,NoButton,Move,703,512
83.194,83.194,NoButton,Move,697,512
83.211,83.211,NoButton,Move,695,511
83.227,83.227,NoButton,Move,695,511
83.28,83.28,NoButton,Move,695,511
83.282,83.282,NoButton,Move,695,511
83.294,83.294,NoButton,Move,694,511
83.311,83.311,NoButton,Move,690,511
83.327,83.327,NoButton,Move,685,509
83.344,83.344,NoButton,Move,676,507
83.361,83.361,NoButton,Move,666,505
83.378,83.378,NoButton,Move,658,502
83.395,83.395,NoButton,Move,658,502
83.416,83.416,Left,Pressed,658,502
83.512,83.512,NoButton,Drag,658,502
83.516,83.516,NoButton,Drag,659,502
83.52,83.52,NoButton,Drag,659,502
83.524,83.524,NoButton,Drag,660,502
83.528,83.528,NoButton,Drag,660,502
83.532,83.532,NoButton,Drag,661,502
83.536,83.536,NoButton,Drag,662,502
83.54,83.54,NoButton,Drag,663,502
83.544,83.544,NoButton,Drag,666,502
83.548,83.548,NoButton,Drag,668,502
83.552,83.552,NoButton,Drag,670,503
83.556,83.556,NoButton,Drag,673,503
83.56,83.56,NoButton,Drag,676,504
83.564,83.564,NoButton,Drag,681,505
83.568,83.568,NoButton,Drag,685,506
83.572,83.572,NoButton,Drag,689,506
83.576,83.576,NoButton,Drag,695,507
83.58,83.58,NoButton,Drag,701,507
83.584,83.584,NoButton,Drag,706,507
83.588,83.588,NoButton,Drag,713,508
83.592,83.592,NoButton,Drag,720,508
83.596,83.596,NoButton,Drag,727,509
83.6,83.6,NoButton,Drag,735,509
83.604,83.604,NoButton,Drag,743,511
83.608,83.608,NoButton,Drag,751,511
83.612,83.612,NoButton,Drag,760,512
83.616,83.616,NoButton,Drag,769,513
83.62,83.62,NoButton,Drag,777,513
83.624,83.624,NoButton,Drag,786,513
83.628,83.628,NoButton,Drag,795,514
83.632,83.632,NoButton,Drag,804,514
83.636,83.636,NoButton,Drag,813,514
83.64,83.64,NoButton,Drag,822,514
83.644,83.644,NoButton,Drag,831,515
83.648,83.648,NoButton,Drag,838,515
83.652,83.652,NoButton,Drag,847,516
83.656,83.656,NoButton,Drag,856,517
83.66,83.66,NoButton,Drag,864,517
83.664,83.664,NoButton,Drag,872,517
83.668,83.668,NoButton,Drag,881,517
83.672,83.672,NoButton,Drag,888,517
83.676,83.676,NoButton,Drag,896,517
83.68,83.68,NoButton,Drag,903,517
83.684,83.684,NoButton,Drag,910,518
83.688,83.688,NoButton,Drag,917,518
83.692,83.692,NoButton,Drag,924,518
83.696,83.696,NoButton,Drag,931,518
83.7,83.7,NoButton,Drag,938,518
83.704,83.704,NoButton,Drag,946,518
83.708,83.708,NoButton,Drag,952,518
83.712,83.712,NoButton,Drag,959,518
83.716,83.716,NoButton,Drag,966,518
83.72,83.72,NoButton,Drag,973,518
83.724,83.724,NoButton,Drag,980,518
83.728,83.728,NoButton,Drag,986,518
83.732,83.732,NoButton,Drag,993,518
83.736,83.736,NoButton,Drag,1000,518
83.74,83.74,NoButton,Drag,1006,518
83.744,83.744,NoButton,Drag,1012,518
83.748,83.748,NoButton,Drag,1019,518
83.752,83.752,NoButton,Drag,1025,519
83.756,83.756,NoButton,Drag,1032,519
83.76,83.76,NoButton,Drag,1038,519
83.764,83.764,NoButton,Drag,1044,519
83.768,83.768,NoButton,Drag,1050,519
83.772,83.772,NoButton,Drag,1056,519
83.776,83.776,NoButton,Drag,1063,519
83.78,83.78,NoButton,Drag,1069,519
83.784,83.784,NoButton,Drag,1075,519
83.788,83.788,NoButton,Drag,1080,519
83.792,83.792,NoButton,Drag,1085,519
83.796,83.796,NoButton,Drag,1090,519
83.8,83.8,NoButton,Drag,1094,519
83.804,83.804,NoButton,Drag,1098,519
83.808,83.808,NoButton,Drag,1102,519
83.812,83.812,NoButton,Drag,1106,518
83.816,83.816,NoButton,Drag,1109,518
83.82,83.82,NoButton,Drag,1112,517
83.824,83.824,NoButton,Drag,1115,517
83.828,83.828,NoButton,Drag,1118,516
83.832,83.832,NoButton,Drag,1120,516
83.836,83.836,NoButton,Drag,1122,516
83.84,83.84,NoButton,Drag,1124,515
83.844,83.844,NoButton,Drag,1126,515
83.848,83.848,NoButton,Drag,1128,515
83.852,83.852,NoButton,Drag,1130,514
83.856,83.856,NoButton,Drag,1131,514
83.86,83.86,NoButton,Drag,1133,514
83.864,83.864,NoButton,Drag,1135,513
83.868,83.868,NoButton,Drag,1136,513
83.872,83.872,NoButton,Drag,1137,513
83.876,83.876,NoButton,Drag,1139,512
83.88,83.88,NoButton,Drag,1140,512
83.884,83.884,NoButton,Drag,1141,511
83.888,83.888,NoButton,Drag,1143,511
83.892,83.892,NoButton,Drag,1144,511
83.896,83.896,NoButton,Drag,1145,510
83.9,83.9,NoButton,Drag,1146,510
83.904,83.904,NoButton,Drag,1148,510
83.908,83.908,NoButton,Drag,1149,510
83.912,83.912,NoButton,Drag,1150,509
83.916,83.916,NoButton,Drag,1152,509
83.92,83.92,NoButton,Drag,1154,508
83.924,83.924,NoButton,Drag,1156,508
83.928,83.928,NoButton,Drag,1158,507
83.932,83.932,NoButton,Drag,1160,506
83.936,83.936,NoButton,Drag,1162,506
83.94,83.94,NoButton,Drag,1164,505
83.944,83.944,NoButton,Drag,1166,505
83.948,83.948,NoButton,Drag,1168,504
83.952,83.952,NoButton,Drag,1170,504
83.956,83.956,NoButton,Drag,1173,503
83.96,83.96,NoButton,Drag,1175,502
83.964,83.964,NoButton,Drag,1177,502
83.968,83.968,NoButton,Drag,1179,501
83.972,83.972,NoButton,Drag,1182,501
83.976,83.976,NoButton,Drag,1184,500
83.98,83.98,NoButton,Drag,1187,499
83.984,83.984,NoButton,Drag,1190,499
83.988,83.988,NoButton,Drag,1192,498
83.992,83.992,NoButton,Drag,1195,497
83.996,83.996,NoButton,Drag,1198,496
84,84,NoButton,Drag,1201,496
84.004,84.004,NoButton,Drag,1204,495
84.008,84.008,NoButton,Drag,1207,494
84.01,84.01,NoButton,Drag,1210,493
84.014,84.014,NoButton,Drag,1213,493
84.018,84.018,NoButton,Drag,1216,492
84.022,84.022,NoButton,Drag,1219,491
84.026,84.026,NoButton,Drag,1222,490
84.03,84.03,NoButton,Drag,1224,489
84.034,84.034,NoButton,Drag,1227,488
84.038,84.038,NoButton,Drag,1230,488
84.042,84.042,NoButton,Drag,1232,487
84.046,84.046,NoButton,Drag,1235,486
84.05,84.05,NoButton,Drag,1237,485
84.054,84.054,NoButton,Drag,1238,485
84.058,84.058,NoButton,Drag,1240,484
84.064,84.064,NoButton,Drag,1242,484
84.066,84.066,NoButton,Drag,1243,483
84.07,84.07,NoButton,Drag,1244,483
84.074,84.074,NoButton,Drag,1246,482
84.078,84.078,NoButton,Drag,1246,482
84.082,84.082,NoButton,Drag,1247,481
84.086,84.086,NoButton,Drag,1247,481
84.162,84.162,Left,Released,1247,481
84.166,84.166,NoButton,Move,1248,481
84.177,84.177,NoButton,Move,1248,480
84.194,84.194,NoButton,Move,1248,479
84.211,84.211,NoButton,Move,1248,478
84.228,84.228,NoButton,Move,1248,478
84.271,84.271,NoButton,Move,1248,477
84.278,84.278,NoButton,Move,1247,477
84.294,84.294,NoButton,Move,1244,479
84.311,84.311,NoButton,Move,1236,483
84.328,84.328,NoButton,Move,1221,490
84.344,84.344,NoButton,Move,1201,500
84.361,84.361,NoButton,Move,1174,514
84.377,84.377,NoButton,Move,1136,531
84.394,84.394,NoButton,Move,1076,555
84.411,84.411,NoButton,Move,1023,577
84.427,84.427,NoButton,Move,968,601
84.444,84.444,NoButton,Move,915,623
84.462,84.462,NoButton,Move,864,643
84.477,84.477,NoButton,Move,819,661
84.494,84.494,NoButton,Move,773,683
84.511,84.511,NoButton,Move,744,696
84.528,84.528,NoButton,Move,719,704
84.544,84.544,NoButton,Move,696,712
84.561,84.561,NoButton,Move,680,717
84.578,84.578,NoButton,Move,666,721
84.594,84.594,NoButton,Move,656,725
84.611,84.611,NoButton,Move,647,728
84.627,84.627,NoButton,Move,640,731
84.644,84.644,NoButton,Move,633,734
84.661,84.661,NoButton,Move,631,735
84.677,84.677,NoButton,Move,629,735
84.694,84.694,NoButton,Move,628,735
84.711,84.711,NoButton,Move,627,735
84.727,84.727,NoButton,Move,625,734
84.745,84.745,NoButton,Move,623,733
84.761,84.761,NoButton,Move,623,733
84.778,84.778,NoButton,Move,623,733
84.794,84.794,NoButton,Move,623,732
84.811,84.811,NoButton,Move,623,731
84.827,84.827,NoButton,Move,623,729
84.844,84.844,NoButton,Move,625,727
84.861,84.861,NoButton,Move,627,726
84.878,84.878,NoButton,Move,630,725
84.895,84.895,NoButton,Move,633,723
84.911,84.911,NoButton,Move,636,721
84.927,84.927,NoButton,Move,639,720
84.944,84.944,NoButton,Move,642,718
84.961,84.961,NoButton,Move,644,718
84.978,84.978,NoButton,Move,645,717
84.989,84.989,NoButton,Move,646,717
84.995,84.995,Left,Pressed,646,717
84.995,84.995,NoButton,Drag,646,717
85.136,85.136,NoButton,Drag,646,717
85.14,85.14,NoButton,Drag,647,717
85.144,85.144,NoButton,Drag,647,717
85.148,85.148,NoButton,Drag,647,717
85.152,85.152,NoButton,Drag,648,716
85.156,85.156,NoButton,Drag,649,716
85.158,85.158,NoButton,Drag,650,716
85.162,85.162,NoButton,Drag,651,715
85.166,85.166,NoButton,Drag,652,715
85.17,85.17,NoButton,Drag,654,714
85.174,85.174,NoButton,Drag,656,714
85.178,85.178,NoButton,Drag,658,713
85.182,85.182,NoButton,Drag,661,713
85.186,85.186,NoButton,Drag,664,712
85.19,85.19,NoButton,Drag,667,711
85.194,85.194,NoButton,Drag,672,710
85.198,85.198,NoButton,Drag,677,709
85.202,85.202,NoButton,Drag,682,708
85.206,85.206,NoButton,Drag,687,706
85.21,85.21,NoButton,Drag,694,705
85.214,85.214,NoButton,Drag,700,703
85.218,85.218,NoButton,Drag,709,702
85.222,85.222,NoButton,Drag,718,700
85.226,85.226,NoButton,Drag,727,697
85.23,85.23,NoButton,Drag,738,695
85.234,85.234,NoButton,Drag,750,692
85.238,85.238,NoButton,Drag,761,689
85.242,85.242,NoButton,Drag,773,686
85.246,85.246,NoButton,Drag,785,682
85.25,85.25,NoButton,Drag,799,679
85.254,85.254,NoButton,Drag,812,676
85.258,85.258,NoButton,Drag,826,672
85.262,85.262,NoButton,Drag,839,669
85.266,85.266,NoButton,Drag,852,665
85.27,85.27,NoButton,Drag,865,662
85.276,85.276,NoButton,Drag,878,658
85.278,85.278,NoButton,Drag,890,654
85.282,85.282,NoButton,Drag,901,651
85.286,85.286,NoButton,Drag,913,648
85.29,85.29,NoButton,Drag,924,644
85.294,85.294,NoButton,Drag,935,641
85.298,85.298,NoButton,Drag,946,638
85.302,85.302,NoButton,Drag,956,635
85.306,85.306,NoButton,Drag,966,633
85.31,85.31,NoButton,Drag,975,631
85.314,85.314,NoButton,Drag,983,629
85.318,85.318,NoButton,Drag,991,627
85.322,85.322,NoButton,Drag,998,625
85.326,85.326,NoButton,Drag,1004,624
85.33,85.33,NoButton,Drag,1010,622
85.334,85.334,NoButton,Drag,1017,620
85.338,85.338,NoButton,Drag,1022,618
85.342,85.342,NoButton,Drag,1027,616
85.346,85.346,NoButton,Drag,1032,614
85.35,85.35,NoButton,Drag,1036,613
85.354,85.354,NoButton,Drag,1041,611
85.358,85.358,NoButton,Drag,1045,609
85.362,85.362,NoButton,Drag,1050,608
85.366,85.366,NoButton,Drag,1055,606
85.37,85.37,NoButton,Drag,1059,604
85.374,85.374,NoButton,Drag,1063,603
85.378,85.378,NoButton,Drag,1068,601
85.382,85.382,NoButton,Drag,1071,599
85.386,85.386,NoButton,Drag,1074,598
85.39,85.39,NoButton,Drag,1078,596
85.394,85.394,NoButton,Drag,1082,594
85.398,85.398,NoButton,Drag,1085,593
85.402,85.402,NoButton,Drag,1088,592
85.406,85.406,NoButton,Drag,1091,590
85.41,85.41,NoButton,Drag,1094,589
85.414,85.414,NoButton,Drag,1098,587
85.418,85.418,NoButton,Drag,1102,586
85.422,85.422,NoButton,Drag,1105,584
85.426,85.426,NoButton,Drag,1108,583
85.43,85.43,NoButton,Drag,1111,581
85.434,85.434,NoButton,Drag,1115,579
85.438,85.438,NoButton,Drag,1118,577
85.442,85.442,NoButton,Drag,1122,576
85.446,85.446,NoButton,Drag,1126,574
85.45,85.45,NoButton,Drag,1129,572
85.454,85.454,NoButton,Drag,1132,570
85.458,85.458,NoButton,Drag,1136,569
85.462,85.462,NoButton,Drag,1139,567
85.466,85.466,NoButton,Drag,1143,565
85.47,85.47,NoButton,Drag,1146,563
85.474,85.474,NoButton,Drag,1150,561
85.478,85.478,NoButton,Drag,1153,559
85.482,85.482,NoButton,Drag,1156,558
85.486,85.486,NoButton,Drag,1160,557
85.49,85.49,NoButton,Drag,1163,555
85.494,85.494,NoButton,Drag,1167,552
85.498,85.498,NoButton,Drag,1171,550
85.502,85.502,NoButton,Drag,1174,548
85.506,85.506,NoButton,Drag,1177,546
85.51,85.51,NoButton,Drag,1180,544
85.514,85.514,NoButton,Drag,1184,542
85.518,85.518,NoButton,Drag,1187,541
85.522,85.522,NoButton,Drag,1191,538
85.526,85.526,NoButton,Drag,1194,536
85.53,85.53,NoButton,Drag,1197,534
85.534,85.534,NoButton,Drag,1201,533
85.538,85.538,NoButton,Drag,1205,531
85.542,85.542,NoButton,Drag,1208,528
85.546,85.546,NoButton,Drag,1212,526
85.55,85.55,NoButton,Drag,1216,524
85.554,85.554,NoButton,Drag,1219,522
85.558,85.558,NoButton,Drag,1222,520
85.562,85.562,NoButton,Drag,1225,518
85.566,85.566,NoButton,Drag,1227,516
85.57,85.57,NoButton,Drag,1230,515
85.574,85.574,NoButton,Drag,1232,513
85.578,85.578,NoButton,Drag,1235,511
85.582,85.582,NoButton,Drag,1237,509
85.586,85.586,NoButton,Drag,1239,508
85.59,85.59,NoButton,Drag,1242,506
85.594,85.594,NoButton,Drag,1244,505
85.598,85.598,NoButton,Drag,1246,503
85.602,85.602,NoButton,Drag,1248,502
85.606,85.606,NoButton,Drag,1251,500
85.61,85.61,NoButton,Drag,1253,499
85.614,85.614,NoButton,Drag,1255,497
85.618,85.618,NoButton,Drag,1258,496
85.624,85.624,NoButton,Drag,1260,494
85.626,85.626,NoButton,Drag,1263,493
85.632,85.632,NoButton,Drag,1265,491
85.634,85.634,NoButton,Drag,1267,490
85.638,85.638,NoButton,Drag,1269,489
85.642,85.642,NoButton,Drag,1271,488
85.646,85.646,NoButton,Drag,1273,486
85.65,85.65,NoButton,Drag,1275,485
85.652,85.652,NoButton,Drag,1278,484
85.656,85.656,NoButton,Drag,1280,483
85.66,85.66,NoButton,Drag,1282,482
85.666,85.666,NoButton,Drag,1284,481
85.668,85.668,NoButton,Drag,1286,480
85.672,85.672,NoButton,Drag,1288,479
85.678,85.678,NoButton,Drag,1290,478
85.68,85.68,NoButton,Drag,1291,478
85.684,85.684,NoButton,Drag,1293,477
85.69,85.69,NoButton,Drag,1294,476
85.692,85.692,NoButton,Drag,1295,476
85.696,85.696,NoButton,Drag,1297,475
85.7,85.7,NoButton,Drag,1297,474
85.704,85.704,NoButton,Drag,1298,474
85.71,85.71,NoButton,Drag,1299,473
85.712,85.712,NoButton,Drag,1299,473
85.716,85.716,NoButton,Drag,1300,473
85.72,85.72,NoButton,Drag,1300,473
85.726,85.726,NoButton,Drag,1300,472
85.728,85.728,NoButton,Drag,1300,472
85.732,85.732,NoButton,Drag,1301,472
85.736,85.736,NoButton,Drag,1301,472
85.74,85.74,NoButton,Drag,1301,472
85.744,85.744,NoButton,Drag,1301,471
85.748,85.748,NoButton,Drag,1301,471
85.752,85.752,NoButton,Drag,1302,471
85.756,85.756,NoButton,Drag,1302,471
85.76,85.76,NoButton,Drag,1302,471
85.764,85.764,NoButton,Drag,1302,471
85.768,85.768,NoButton,Drag,1303,470
85.772,85.772,NoButton,Drag,1303,470
85.776,85.776,NoButton,Drag,1303,470
85.78,85.78,NoButton,Drag,1304,470
85.784,85.784,NoButton,Drag,1304,469
85.788,85.788,NoButton,Drag,1304,469
85.792,85.792,NoButton,Drag,1305,469
85.796,85.796,NoButton,Drag,1305,468
85.802,85.802,NoButton,Drag,1306,468
85.804,85.804,NoButton,Drag,1306,467
85.808,85.808,NoButton,Drag,1307,466
85.812,85.812,NoButton,Drag,1307,466
85.816,85.816,NoButton,Drag,1307,465
85.82,85.82,NoButton,Drag,1308,465
85.824,85.824,NoButton,Drag,1308,464
85.828,85.828,NoButton,Drag,1308,463
85.832,85.832,Left,Released,1308,463
85.833,85.833,NoButton,Move,1308,463
85.845,85.845,NoButton,Move,1308,462
85.861,85.861,NoButton,Move,1308,461
85.884,85.884,NoButton,Move,1308,461
85.894,85.894,NoButton,Move,1307,461
85.911,85.911,NoButton,Move,1300,463
85.927,85.927,NoButton,Move,1287,468
85.944,85.944,NoButton,Move,1251,479
85.961,85.961,NoButton,Move,1207,493
85.978,85.978,NoButton,Move,1147,513
85.994,85.994,NoButton,Move,1078,538
86.011,86.011,NoButton,Move,1009,566
86.027,86.027,NoButton,Move,949,591
86.044,86.044,NoButton,Move,883,616
86.061,86.061,NoButton,Move,834,634
86.078,86.078,NoButton,Move,792,647
86.095,86.095,NoButton,Move,756,657
86.111,86.111,NoButton,Move,730,663
86.127,86.127,NoButton,Move,710,668
86.145,86.145,NoButton,Move,688,674
86.161,86.161,NoButton,Move,669,676
86.178,86.178,NoButton,Move,649,677
86.194,86.194,NoButton,Move,628,677
86.21,86.21,NoButton,Move,615,676
86.228,86.228,NoButton,Move,605,676
86.244,86.244,NoButton,Move,596,675
86.262,86.262,NoButton,Move,589,673
86.277,86.277,NoButton,Move,584,671
86.294,86.294,NoButton,Move,583,670
86.312,86.312,NoButton,Move,582,670
86.328,86.328,NoButton,Move,582,669
86.345,86.345,NoButton,Move,582,666
86.361,86.361,NoButton,Move,582,663
86.378,86.378,NoButton,Move,581,660
86.395,86.395,NoButton,Move,581,656
86.41,86.41,NoButton,Move,581,653
86.428,86.428,NoButton,Move,581,650
86.444,86.444,NoButton,Move,581,647
86.462,86.462,NoButton,Move,581,645
86.477,86.477,NoButton,Move,581,642
86.495,86.495,NoButton,Move,581,639
86.512,86.512,NoButton,Move,580,637
86.527,86.527,NoButton,Move,580,635
86.544,86.544,NoButton,Move,579,634
86.56,86.56,NoButton,Move,579,633
86.577,86.577,NoButton,Move,578,632
86.594,86.594,NoButton,Move,578,631
86.611,86.611,NoButton,Move,577,630
86.614,86.614,Left,Pressed,577,630
86.718,86.718,NoButton,Drag,577,630
86.722,86.722,NoButton,Drag,578,630
86.726,86.726,NoButton,Drag,578,631
86.731,86.731,NoButton,Drag,579,631
86.734,86.734,NoButton,Drag,580,632
86.738,86.738,NoButton,Drag,581,632
86.742,86.742,NoButton,Drag,583,633
86.747,86.747,NoButton,Drag,584,634
86.75,86.75,NoButton,Drag,587,636
86.752,86.752,NoButton,Drag,589,637
86.756,86.756,NoButton,Drag,592,639
86.76,86.76,NoButton,Drag,595,640
86.764,86.764,NoButton,Drag,598,642
86.768,86.768,NoButton,Drag,602,644
86.772,86.772,NoButton,Drag,606,646
86.776,86.776,NoButton,Drag,610,648
86.78,86.78,NoButton,Drag,614,649
86.784,86.784,NoButton,Drag,619,651
86.788,86.788,NoButton,Drag,624,653
86.792,86.792,NoButton,Drag,630,656
86.796,86.796,NoButton,Drag,636,658
86.8,86.8,NoButton,Drag,641,660
86.804,86.804,NoButton,Drag,647,662
86.808,86.808,NoButton,Drag,653,665
86.812,86.812,NoButton,Drag,659,666
86.816,86.816,NoButton,Drag,665,668
86.82,86.82,NoButton,Drag,672,671
86.824,86.824,NoButton,Drag,677,673
86.828,86.828,NoButton,Drag,684,675
86.832,86.832,NoButton,Drag,690,677
86.836,86.836,NoButton,Drag,697,680
86.84,86.84,NoButton,Drag,702,681
86.844,86.844,NoButton,Drag,709,684
86.848,86.848,NoButton,Drag,715,686
86.852,86.852,NoButton,Drag,721,688
86.856,86.856,NoButton,Drag,727,690
86.86,86.86,NoButton,Drag,733,692
86.864,86.864,NoButton,Drag,740,694
86.868,86.868,NoButton,Drag,746,696
86.872,86.872,NoButton,Drag,752,698
86.876,86.876,NoButton,Drag,757,700
86.88,86.88,NoButton,Drag,762,701
86.884,86.884,NoButton,Drag,767,703
86.888,86.888,NoButton,Drag,771,704
86.892,86.892,NoButton,Drag,775,705
86.896,86.896,NoButton,Drag,780,706
86.9,86.9,NoButton,Drag,785,708
86.904,86.904,NoButton,Drag,789,709
86.908,86.908,NoButton,Drag,793,710
86.912,86.912,NoButton,Drag,798,712
86.916,86.916,NoButton,Drag,803,713
86.92,86.92,NoButton,Drag,807,715
86.924,86.924,NoButton,Drag,813,716
86.928,86.928,NoButton,Drag,818,717
86.932,86.932,NoButton,Drag,823,719
86.936,86.936,NoButton,Drag,827,720
86.94,86.94,NoButton,Drag,833,722
86.944,86.944,NoButton,Drag,838,723
86.948,86.948,NoButton,Drag,843,725
86.952,86.952,NoButton,Drag,848,726
86.956,86.956,NoButton,Drag,853,728
86.96,86.96,NoButton,Drag,858,730
86.964,86.964,NoButton,Drag,865,731
86.968,86.968,NoButton,Drag,870,733
86.972,86.972,NoButton,Drag,876,734
86.976,86.976,NoButton,Drag,882,736
86.98,86.98,NoButton,Drag,889,737
86.984,86.984,NoButton,Drag,894,739
86.988,86.988,NoButton,Drag,900,740
86.992,86.992,NoButton,Drag,906,742
86.996,86.996,NoButton,Drag,911,743
87,87,NoButton,Drag,917,744
87.004,87.004,NoButton,Drag,923,745
87.008,87.008,NoButton,Drag,929,746
87.012,87.012,NoButton,Drag,934,747
87.016,87.016,NoButton,Drag,939,748
87.02,87.02,NoButton,Drag,945,749
87.024,87.024,NoButton,Drag,949,750
87.028,87.028,NoButton,Drag,954,751
87.032,87.032,NoButton,Drag,959,751
87.036,87.036,NoButton,Drag,964,751
87.04,87.04,NoButton,Drag,969,752
87.044,87.044,NoButton,Drag,974,752
87.048,87.048,NoButton,Drag,978,753
87.052,87.052,NoButton,Drag,983,753
87.056,87.056,NoButton,Drag,988,754
87.06,87.06,NoButton,Drag,991,754
87.064,87.064,NoButton,Drag,995,755
87.068,87.068,NoButton,Drag,998,755
87.072,87.072,NoButton,Drag,1002,755
87.076,87.076,NoButton,Drag,1006,755
87.08,87.08,NoButton,Drag,1009,755
87.084,87.084,NoButton,Drag,1013,756
87.088,87.088,NoButton,Drag,1017,756
87.092,87.092,NoButton,Drag,1022,756
87.096,87.096,NoButton,Drag,1025,756
87.1,87.1,NoButton,Drag,1029,756
87.104,87.104,NoButton,Drag,1033,756
87.108,87.108,NoButton,Drag,1036,756
87.112,87.112,NoButton,Drag,1041,756
87.116,87.116,NoButton,Drag,1044,756
87.12,87.12,NoButton,Drag,1049,756
87.124,87.124,NoButton,Drag,1053,756
87.128,87.128,NoButton,Drag,1056,756
87.132,87.132,NoButton,Drag,1060,756
87.136,87.136,NoButton,Drag,1064,755
87.14,87.14,NoButton,Drag,1069,755
87.144,87.144,NoButton,Drag,1072,754
87.148,87.148,NoButton,Drag,1077,754
87.152,87.152,NoButton,Drag,1081,754
87.156,87.156,NoButton,Drag,1085,754
87.16,87.16,NoButton,Drag,1089,753
87.164,87.164,NoButton,Drag,1094,753
87.168,87.168,NoButton,Drag,1098,753
87.172,87.172,NoButton,Drag,1102,752
87.176,87.176,NoButton,Drag,1106,752
87.18,87.18,NoButton,Drag,1110,751
87.184,87.184,NoButton,Drag,1114,751
87.188,87.188,NoButton,Drag,1118,750
87.192,87.192,NoButton,Drag,1122,749
87.196,87.196,NoButton,Drag,1126,748
87.2,87.2,NoButton,Drag,1130,748
87.204,87.204,NoButton,Drag,1134,747
87.208,87.208,NoButton,Drag,1137,746
87.212,87.212,NoButton,Drag,1141,745
87.216,87.216,NoButton,Drag,1145,744
87.22,87.22,NoButton,Drag,1150,743
87.224,87.224,NoButton,Drag,1153,743
87.228,87.228,NoButton,Drag,1157,742
87.232,87.232,NoButton,Drag,1160,741
87.236,87.236,NoButton,Drag,1164,741
87.24,87.24,NoButton,Drag,1168,740
87.244,87.244,NoButton,Drag,1171,739
87.248,87.248,NoButton,Drag,1174,738
87.252,87.252,NoButton,Drag,1177,737
87.256,87.256,NoButton,Drag,1181,737
87.26,87.26,NoButton,Drag,1184,736
87.264,87.264,NoButton,Drag,1187,735
87.268,87.268,NoButton,Drag,1189,734
87.272,87.272,NoButton,Drag,1192,734
87.276,87.276,NoButton,Drag,1195,733
87.28,87.28,NoButton,Drag,1196,732
87.284,87.284,NoButton,Drag,1198,731
87.288,87.288,NoButton,Drag,1199,730
87.292,87.292,NoButton,Drag,1201,730
87.296,87.296,NoButton,Drag,1202,729
87.3,87.3,NoButton,Drag,1204,729
87.302,87.302,NoButton,Drag,1205,728
87.306,87.306,NoButton,Drag,1206,728
87.322,87.322,NoButton,Drag,1208,727
87.324,87.324,NoButton,Drag,1211,727
87.326,87.326,NoButton,Drag,1213,726
87.33,87.33,NoButton,Drag,1214,726
87.334,87.334,NoButton,Drag,1215,725
87.338,87.338,NoButton,Drag,1216,725
87.342,87.342,NoButton,Drag,1216,725
87.346,87.346,NoButton,Drag,1217,725
87.35,87.35,NoButton,Drag,1217,724
87.354,87.354,NoButton,Drag,1218,724
87.358,87.358,NoButton,Drag,1219,723
87.362,87.362,NoButton,Drag,1219,723
87.366,87.366,NoButton,Drag,1220,723
87.37,87.37,NoButton,Drag,1220,722
87.374,87.374,NoButton,Drag,1221,722
87.378,87.378,NoButton,Drag,1222,722
87.382,87.382,NoButton,Drag,1222,721
87.386,87.386,NoButton,Drag,1223,721
87.392,87.392,NoButton,Drag,1224,721
87.394,87.394,NoButton,Drag,1225,721
87.402,87.402,NoButton,Drag,1226,720
87.404,87.404,NoButton,Drag,1227,720
87.406,87.406,NoButton,Drag,1228,720
87.414,87.414,NoButton,Drag,1230,719
87.416,87.416,NoButton,Drag,1231,719
87.418,87.418,NoButton,Drag,1232,718
87.422,87.422,NoButton,Drag,1234,718
87.426,87.426,NoButton,Drag,1236,718
87.43,87.43,NoButton,Drag,1238,717
87.434,87.434,NoButton,Drag,1240,717
87.438,87.438,NoButton,Drag,1242,716
87.442,87.442,NoButton,Drag,1244,716
87.448,87.448,NoButton,Drag,1246,715
87.45,87.45,NoButton,Drag,1248,715
87.454,87.454,NoButton,Drag,1251,714
87.458,87.458,NoButton,Drag,1253,713
87.462,87.462,NoButton,Drag,1256,713
87.466,87.466,NoButton,Drag,1258,712
87.47,87.47,NoButton,Drag,1261,711
87.474,87.474,NoButton,Drag,1264,711
87.478,87.478,NoButton,Drag,1267,710
87.482,87.482,NoButton,Drag,1270,709
87.486,87.486,NoButton,Drag,1272,709
87.49,87.49,NoButton,Drag,1275,708
87.494,87.494,NoButton,Drag,1278,707
87.498,87.498,NoButton,Drag,1281,707
87.502,87.502,NoButton,Drag,1284,706
87.506,87.506,NoButton,Drag,1286,705
87.51,87.51,NoButton,Drag,1290,704
87.514,87.514,NoButton,Drag,1294,704
87.518,87.518,NoButton,Drag,1297,703
87.522,87.522,NoButton,Drag,1301,702
87.526,87.526,NoButton,Drag,1305,701
87.53,87.53,NoButton,Drag,1308,701
87.534,87.534,NoButton,Drag,1312,700
87.538,87.538,NoButton,Drag,1315,699
87.542,87.542,NoButton,Drag,1318,698
87.546,87.546,NoButton,Drag,1321,698
87.55,87.55,NoButton,Drag,1324,697
87.554,87.554,NoButton,Drag,1327,696
87.558,87.558,NoButton,Drag,1329,696
87.562,87.562,NoButton,Drag,1332,695
87.566,87.566,NoButton,Drag,1334,694
87.57,87.57,NoButton,Drag,1336,694
87.574,87.574,NoButton,Drag,1339,694
87.578,87.578,NoButton,Drag,1342,693
87.582,87.582,NoButton,Drag,1343,692
87.586,87.586,NoButton,Drag,1345,692
87.59,87.59,NoButton,Drag,1348,691
87.594,87.594,NoButton,Drag,1350,691
87.598,87.598,NoButton,Drag,1352,691
87.602,87.602,NoButton,Drag,1354,690
87.606,87.606,NoButton,Drag,1356,690
87.61,87.61,NoButton,Drag,1358,690
87.614,87.614,NoButton,Drag,1360,690
87.618,87.618,NoButton,Drag,1362,690
87.622,87.622,NoButton,Drag,1363,690
87.626,87.626,NoButton,Drag,1365,690
87.63,87.63,NoButton,Drag,1367,690
87.634,87.634,NoButton,Drag,1368,689
87.638,87.638,NoButton,Drag,1369,689
87.642,87.642,NoButton,Drag,1371,689
87.646,87.646,NoButton,Drag,1372,689
87.65,87.65,NoButton,Drag,1373,689
87.654,87.654,NoButton,Drag,1373,689
87.658,87.658,NoButton,Drag,1374,689
87.706,87.706,NoButton,Drag,1374,689
87.719,87.719,Left,Released,1374,689
87.72,87.72,NoButton,Move,1374,689
87.728,87.728,NoButton,Move,1373,688
87.744,87.744,NoButton,Move,1366,686
87.762,87.762,NoButton,Move,1354,684
87.778,87.778,NoButton,Move,1339,684
87.794,87.794,NoButton,Move,1322,684
87.811,87.811,NoButton,Move,1302,684
87.827,87.827,NoButton,Move,1278,684
87.844,87.844,NoButton,Move,1248,684
87.861,87.861,NoButton,Move,1226,684
87.878,87.878,NoButton,Move,1204,683
87.894,87.894,NoButton,Move,1180,683
87.911,87.911,NoButton,Move,1150,679
87.927,87.927,NoButton,Move,1110,674
87.944,87.944,NoButton,Move,1047,665
87.961,87.961,NoButton,Move,985,657
87.978,87.978,NoButton,Move,911,648
87.994,87.994,NoButton,Move,827,637
88.011,88.011,NoButton,Move,724,618
88.027,88.027,NoButton,Move,627,592
88.044,88.044,NoButton,Move,515,552
88.061,88.061,NoButton,Move,433,518
88.078,88.078,NoButton,Move,358,486
88.095,88.095,NoButton,Move,303,463
88.111,88.111,NoButton,Move,263,448
88.128,88.128,NoButton,Move,238,436
88.144,88.144,NoButton,Move,219,426
88.16,88.16,NoButton,Move,210,420
88.178,88.178,NoButton,Move,202,415
88.195,88.195,NoButton,Move,193,409
88.211,88.211,NoButton,Move,187,404
88.227,88.227,NoButton,Move,180,399
88.244,88.244,NoButton,Move,175,394
88.26,88.26,NoButton,Move,174,392
88.278,88.278,NoButton,Move,173,390
88.294,88.294,NoButton,Move,173,388
88.312,88.312,NoButton,Move,172,386
88.328,88.328,NoButton,Move,173,382
88.344,88.344,NoButton,Move,175,379
88.361,88.361,NoButton,Move,178,376
88.378,88.378,NoButton,Move,182,375
88.394,88.394,NoButton,Move,189,373
88.411,88.411,NoButton,Move,197,373
88.428,88.428,NoButton,Move,207,374
88.444,88.444,NoButton,Move,218,378
88.461,88.461,NoButton,Move,229,380
88.477,88.477,NoButton,Move,239,383
88.494,88.494,NoButton,Move,248,385
88.511,88.511,NoButton,Move,250,385
88.546,88.546,NoButton,Move,250,386
88.562,88.562,NoButton,Move,250,386
88.577,88.577,NoButton,Move,250,386
88.594,88.594,NoButton,Move,250,388
88.611,88.611,NoButton,Move,250,388
88.628,88.628,NoButton,Move,250,390
88.645,88.645,NoButton,Move,250,390
88.687,88.687,Left,Pressed,250,390
88.762,88.762,NoButton,Drag,250,390
88.766,88.766,NoButton,Drag,250,391
88.786,88.786,NoButton,Drag,250,391
88.793,88.793,NoButton,Drag,251,391
88.794,88.794,NoButton,Drag,251,391
88.798,88.798,NoButton,Drag,251,391
88.802,88.802,NoButton,Drag,251,391
88.806,88.806,NoButton,Drag,252,392
88.81,88.81,NoButton,Drag,252,392
88.814,88.814,NoButton,Drag,253,393
88.818,88.818,NoButton,Drag,254,393
88.822,88.822,NoButton,Drag,254,394
88.826,88.826,NoButton,Drag,255,394
88.83,88.83,NoButton,Drag,256,395
88.834,88.834,NoButton,Drag,258,396
88.838,88.838,NoButton,Drag,259,397
88.842,88.842,NoButton,Drag,261,398
88.846,88.846,NoButton,Drag,263,400
88.85,88.85,NoButton,Drag,265,401
88.854,88.854,NoButton,Drag,267,402
88.858,88.858,NoButton,Drag,269,404
88.862,88.862,NoButton,Drag,271,405
88.866,88.866,NoButton,Drag,274,407
88.87,88.87,NoButton,Drag,277,409
88.874,88.874,NoButton,Drag,280,411
88.878,88.878,NoButton,Drag,282,413
88.882,88.882,NoButton,Drag,286,415
88.886,88.886,NoButton,Drag,289,417
88.89,88.89,NoButton,Drag,292,419
88.894,88.894,NoButton,Drag,296,422
88.898,88.898,NoButton,Drag,300,424
88.902,88.902,NoButton,Drag,303,427
88.904,88.904,NoButton,Drag,307,429
88.908,88.908,NoButton,Drag,311,432
88.912,88.912,NoButton,Drag,315,434
88.916,88.916,NoButton,Drag,319,437
88.92,88.92,NoButton,Drag,323,440
88.924,88.924,NoButton,Drag,327,443
88.928,88.928,NoButton,Drag,331,445
88.932,88.932,NoButton,Drag,335,449
88.936,88.936,NoButton,Drag,340,452
88.94,88.94,NoButton,Drag,344,455
88.944,88.944,NoButton,Drag,349,458
88.948,88.948,NoButton,Drag,353,462
88.952,88.952,NoButton,Drag,359,466
88.956,88.956,NoButton,Drag,364,469
88.96,88.96,NoButton,Drag,368,473
88.964,88.964,NoButton,Drag,374,477
88.968,88.968,NoButton,Drag,379,481
88.972,88.972,NoButton,Drag,384,485
88.976,88.976,NoButton,Drag,389,489
88.98,88.98,NoButton,Drag,394,494
88.984,88.984,NoButton,Drag,398,497
88.988,88.988,NoButton,Drag,403,501
88.992,88.992,NoButton,Drag,408,506
88.996,88.996,NoButton,Drag,413,509
89,89,NoButton,Drag,419,513
89.004,89.004,NoButton,Drag,424,517
89.008,89.008,NoButton,Drag,430,522
89.012,89.012,NoButton,Drag,436,527
89.016,89.016,NoButton,Drag,443,531
89.02,89.02,NoButton,Drag,449,536
89.024,89.024,NoButton,Drag,456,540
89.028,89.028,NoButton,Drag,464,545
89.032,89.032,NoButton,Drag,472,549
89.036,89.036,NoButton,Drag,480,554
89.04,89.04,NoButton,Drag,489,559
89.044,89.044,NoButton,Drag,497,564
89.048,89.048,NoButton,Drag,506,568
89.052,89.052,NoButton,Drag,516,573
89.056,89.056,NoButton,Drag,527,578
89.06,89.06,NoButton,Drag,536,582
89.064,89.064,NoButton,Drag,546,586
89.068,89.068,NoButton,Drag,556,591
89.072,89.072,NoButton,Drag,566,595
89.076,89.076,NoButton,Drag,576,599
89.08,89.08,NoButton,Drag,587,603
89.084,89.084,NoButton,Drag,597,607
89.088,89.088,NoButton,Drag,607,610
89.092,89.092,NoButton,Drag,617,614
89.096,89.096,NoButton,Drag,627,618
89.1,89.1,NoButton,Drag,637,622
89.104,89.104,NoButton,Drag,647,625
89.108,89.108,NoButton,Drag,657,629
89.112,89.112,NoButton,Drag,667,633
89.116,89.116,NoButton,Drag,677,636
89.12,89.12,NoButton,Drag,687,639
89.124,89.124,NoButton,Drag,697,643
89.128,89.128,NoButton,Drag,707,646
89.132,89.132,NoButton,Drag,718,650
89.136,89.136,NoButton,Drag,728,653
89.14,89.14,NoButton,Drag,738,656
89.144,89.144,NoButton,Drag,750,660
89.148,89.148,NoButton,Drag,761,664
89.152,89.152,NoButton,Drag,771,667
89.156,89.156,NoButton,Drag,782,671
89.16,89.16,NoButton,Drag,794,674
89.164,89.164,NoButton,Drag,805,678
89.168,89.168,NoButton,Drag,817,681
89.172,89.172,NoButton,Drag,829,685
89.176,89.176,NoButton,Drag,840,689
89.18,89.18,NoButton,Drag,852,692
89.184,89.184,NoButton,Drag,864,695
89.188,89.188,NoButton,Drag,877,699
89.192,89.192,NoButton,Drag,888,702
89.196,89.196,NoButton,Drag,901,705
89.2,89.2,NoButton,Drag,913,707
89.204,89.204,NoButton,Drag,923,710
89.208,89.208,NoButton,Drag,936,712
89.212,89.212,NoButton,Drag,949,715
89.216,89.216,NoButton,Drag,961,717
89.22,89.22,NoButton,Drag,974,720
89.224,89.224,NoButton,Drag,987,722
89.228,89.228,NoButton,Drag,999,724
89.232,89.232,NoButton,Drag,1011,725
89.236,89.236,NoButton,Drag,1024,727
89.24,89.24,NoButton,Drag,1037,728
89.244,89.244,NoButton,Drag,1049,729
89.248,89.248,NoButton,Drag,1061,731
89.252,89.252,NoButton,Drag,1073,731
89.256,89.256,NoButton,Drag,1084,732
89.26,89.26,NoButton,Drag,1097,732
89.264,89.264,NoButton,Drag,1109,733
89.268,89.268,NoButton,Drag,1121,734
89.272,89.272,NoButton,Drag,1133,734
89.276,89.276,NoButton,Drag,1144,734
89.28,89.28,NoButton,Drag,1154,734
89.284,89.284,NoButton,Drag,1163,735
89.288,89.288,NoButton,Drag,1173,735
89.298,89.298,NoButton,Drag,1182,735
89.3,89.3,NoButton,Drag,1197,735
89.302,89.302,NoButton,Drag,1207,735
89.306,89.306,NoButton,Drag,1216,735
89.31,89.31,NoButton,Drag,1224,735
89.314,89.314,NoButton,Drag,1232,735
89.318,89.318,NoButton,Drag,1239,735
89.322,89.322,NoButton,Drag,1245,735
89.326,89.326,NoButton,Drag,1252,735
89.33,89.33,NoButton,Drag,1257,735
89.334,89.334,NoButton,Drag,1262,735
89.338,89.338,NoButton,Drag,1267,735
89.342,89.342,NoButton,Drag,1272,735
89.346,89.346,NoButton,Drag,1276,735
89.35,89.35,NoButton,Drag,1279,734
89.354,89.354,NoButton,Drag,1282,734
89.358,89.358,NoButton,Drag,1284,734
89.362,89.362,NoButton,Drag,1288,733
89.366,89.366,NoButton,Drag,1290,733
89.37,89.37,NoButton,Drag,1293,733
89.374,89.374,NoButton,Drag,1295,733
89.378,89.378,NoButton,Drag,1297,733
89.382,89.382,NoButton,Drag,1299,732
89.386,89.386,NoButton,Drag,1302,732
89.39,89.39,NoButton,Drag,1303,732
89.394,89.394,NoButton,Drag,1305,732
89.398,89.398,NoButton,Drag,1306,732
89.402,89.402,NoButton,Drag,1307,732
89.406,89.406,NoButton,Drag,1309,732
89.41,89.41,NoButton,Drag,1310,732
89.414,89.414,NoButton,Drag,1311,732
89.416,89.416,NoButton,Drag,1312,732
89.42,89.42,NoButton,Drag,1312,732
89.424,89.424,NoButton,Drag,1313,732
89.428,89.428,NoButton,Drag,1313,732
89.432,89.432,NoButton,Drag,1314,731
89.444,89.444,NoButton,Drag,1314,731
89.472,89.472,NoButton,Drag,1314,731
89.488,89.488,NoButton,Drag,1315,731
89.496,89.496,NoButton,Drag,1315,731
89.504,89.504,NoButton,Drag,1315,731
89.508,89.508,NoButton,Drag,1316,731
89.512,89.512,NoButton,Drag,1316,731
89.516,89.516,NoButton,Drag,1317,732
89.52,89.52,NoButton,Drag,1317,732
89.524,89.524,NoButton,Drag,1318,732
89.528,89.528,NoButton,Drag,1318,732
89.532,89.532,NoButton,Drag,1319,732
89.536,89.536,NoButton,Drag,1319,732
89.542,89.542,NoButton,Drag,1320,732
89.544,89.544,NoButton,Drag,1320,732
89.548,89.548,NoButton,Drag,1321,732
89.552,89.552,NoButton,Drag,1322,733
89.558,89.558,NoButton,Drag,1322,733
89.56,89.56,NoButton,Drag,1323,733
89.564,89.564,NoButton,Drag,1324,733
89.568,89.568,NoButton,Drag,1324,733
89.572,89.572,NoButton,Drag,1325,733
89.576,89.576,NoButton,Drag,1325,733
89.58,89.58,NoButton,Drag,1325,733
89.67,89.67,NoButton,Drag,1326,733
89.678,89.678,NoButton,Drag,1326,733
89.682,89.682,NoButton,Drag,1326,732
89.686,89.686,NoButton,Drag,1326,732
89.69,89.69,NoButton,Drag,1325,731
89.694,89.694,Left,Released,1325,731
89.695,89.695,NoButton,Move,1325,731
89.711,89.711,NoButton,Move,1324,729
89.728,89.728,NoButton,Move,1318,726
89.744,89.744,NoButton,Move,1308,721
89.761,89.761,NoButton,Move,1289,716
89.777,89.777,NoButton,Move,1257,708
89.794,89.794,NoButton,Move,1200,697
89.811,89.811,NoButton,Move,1146,688
89.827,89.827,NoButton,Move,1091,678
89.845,89.845,NoButton,Move,1039,668
89.861,89.861,NoButton,Move,991,657
89.878,89.878,NoButton,Move,947,646
89.894,89.894,NoButton,Move,895,632
89.911,89.911,NoButton,Move,854,620
89.927,89.927,NoButton,Move,814,604
89.944,89.944,NoButton,Move,767,584
89.961,89.961,NoButton,Move,743,568
89.977,89.977,NoButton,Move,708,546
89.995,89.995,NoButton,Move,687,530
90.011,90.011,NoButton,Move,671,515
90.027,90.027,NoButton,Move,656,501
90.044,90.044,NoButton,Move,639,482
90.06,90.06,NoButton,Move,628,467
90.077,90.077,NoButton,Move,620,454
90.095,90.095,NoButton,Move,610,439
90.111,90.111,NoButton,Move,599,422
90.127,90.127,NoButton,Move,585,406
90.144,90.144,NoButton,Move,563,385
90.162,90.162,NoButton,Move,543,365
90.178,90.178,NoButton,Move,524,347
90.195,90.195,NoButton,Move,505,330
90.211,90.211,NoButton,Move,489,317
90.227,90.227,NoButton,Move,473,305
90.244,90.244,NoButton,Move,459,295
90.261,90.261,NoButton,Move,453,292
90.278,90.278,NoButton,Move,452,292
90.296,90.296,NoButton,Move,451,292
90.311,90.311,NoButton,Move,451,293
90.327,90.327,NoButton,Move,450,299
90.344,90.344,NoButton,Move,450,309
90.361,90.361,NoButton,Move,452,317
90.378,90.378,NoButton,Move,453,325
90.394,90.394,NoButton,Move,454,334
90.411,90.411,NoButton,Move,456,342
90.427,90.427,NoButton,Move,458,350
90.444,90.444,NoButton,Move,462,363
90.461,90.461,NoButton,Move,465,371
90.477,90.477,NoButton,Move,469,379
90.494,90.494,NoButton,Move,474,387
90.511,90.511,NoButton,Move,478,392
90.528,90.528,NoButton,Move,479,395
90.544,90.544,NoButton,Move,480,395
90.61,90.61,NoButton,Move,480,395
90.654,90.654,NoButton,Move,480,395
90.683,90.683,Left,Pressed,480,395
90.762,90.762,NoButton,Drag,480,395
90.766,90.766,NoButton,Drag,481,395
90.77,90.77,NoButton,Drag,481,395
90.778,90.778,NoButton,Drag,481,395
90.782,90.782,NoButton,Drag,481,395
90.786,90.786,NoButton,Drag,482,394
90.79,90.79,NoButton,Drag,482,394
90.794,90.794,NoButton,Drag,483,394
90.798,90.798,NoButton,Drag,484,394
90.802,90.802,NoButton,Drag,485,393
90.806,90.806,NoButton,Drag,487,393
90.81,90.81,NoButton,Drag,488,392
90.814,90.814,NoButton,Drag,490,392
90.818,90.818,NoButton,Drag,493,391
90.822,90.822,NoButton,Drag,495,391
90.826,90.826,NoButton,Drag,498,390
90.83,90.83,NoButton,Drag,502,389
90.834,90.834,NoButton,Drag,506,388
90.838,90.838,NoButton,Drag,510,387
90.842,90.842,NoButton,Drag,514,386
90.846,90.846,NoButton,Drag,519,385
90.85,90.85,NoButton,Drag,524,384
90.854,90.854,NoButton,Drag,529,383
90.858,90.858,NoButton,Drag,534,382
90.862,90.862,NoButton,Drag,539,381
90.866,90.866,NoButton,Drag,545,379
90.87,90.87,NoButton,Drag,551,378
90.874,90.874,NoButton,Drag,556,376
90.878,90.878,NoButton,Drag,562,375
90.882,90.882,NoButton,Drag,568,374
90.886,90.886,NoButton,Drag,574,373
90.89,90.89,NoButton,Drag,580,372
90.894,90.894,NoButton,Drag,587,371
90.898,90.898,NoButton,Drag,592,370
90.902,90.902,NoButton,Drag,599,369
90.906,90.906,NoButton,Drag,605,368
90.91,90.91,NoButton,Drag,612,367
90.914,90.914,NoButton,Drag,619,366
90.918,90.918,NoButton,Drag,626,365
90.922,90.922,NoButton,Drag,634,364
90.926,90.926,NoButton,Drag,642,362
90.93,90.93,NoButton,Drag,651,361
90.934,90.934,NoButton,Drag,659,359
90.938,90.938,NoButton,Drag,667,358
90.942,90.942,NoButton,Drag,675,357
90.946,90.946,NoButton,Drag,684,355
90.95,90.95,NoButton,Drag,692,353
90.954,90.954,NoButton,Drag,700,352
90.958,90.958,NoButton,Drag,708,350
90.962,90.962,NoButton,Drag,716,348
90.966,90.966,NoButton,Drag,723,347
90.97,90.97,NoButton,Drag,730,346
90.974,90.974,NoButton,Drag,737,345
90.978,90.978,NoButton,Drag,743,343
90.982,90.982,NoButton,Drag,750,343
90.986,90.986,NoButton,Drag,756,342
90.99,90.99,NoButton,Drag,762,340
90.994,90.994,NoButton,Drag,769,339
90.998,90.998,NoButton,Drag,775,338
91.002,91.002,NoButton,Drag,782,337
91.006,91.006,NoButton,Drag,787,336
91.01,91.01,NoButton,Drag,794,335
91.014,91.014,NoButton,Drag,798,333
91.018,91.018,NoButton,Drag,804,332
91.022,91.022,NoButton,Drag,809,332
91.026,91.026,NoButton,Drag,814,330
91.03,91.03,NoButton,Drag,818,329
91.034,91.034,NoButton,Drag,823,328
91.038,91.038,NoButton,Drag,828,328
91.04,91.04,NoButton,Drag,832,327
91.044,91.044,NoButton,Drag,836,326
91.048,91.048,NoButton,Drag,840,325
91.052,91.052,NoButton,Drag,845,324
91.056,91.056,NoButton,Drag,849,322
91.06,91.06,NoButton,Drag,853,322
91.064,91.064,NoButton,Drag,858,321
91.068,91.068,NoButton,Drag,862,320
91.072,91.072,NoButton,Drag,866,319
91.076,91.076,NoButton,Drag,871,318
91.08,91.08,NoButton,Drag,874,317
91.084,91.084,NoButton,Drag,878,316
91.088,91.088,NoButton,Drag,881,316
91.092,91.092,NoButton,Drag,884,315
91.096,91.096,NoButton,Drag,887,314
91.1,91.1,NoButton,Drag,890,313
91.104,91.104,NoButton,Drag,893,313
91.108,91.108,NoButton,Drag,895,312
91.112,91.112,NoButton,Drag,898,311
91.116,91.116,NoButton,Drag,901,310
91.12,91.12,NoButton,Drag,904,310
91.124,91.124,NoButton,Drag,906,309
91.128,91.128,NoButton,Drag,909,308
91.132,91.132,NoButton,Drag,912,307
91.136,91.136,NoButton,Drag,914,306
91.142,91.142,NoButton,Drag,916,305
91.144,91.144,NoButton,Drag,919,304
91.148,91.148,NoButton,Drag,921,303
91.152,91.152,NoButton,Drag,924,302
91.156,91.156,NoButton,Drag,927,302
91.16,91.16,NoButton,Drag,929,301
91.164,91.164,NoButton,Drag,932,300
91.168,91.168,NoButton,Drag,934,299
91.172,91.172,NoButton,Drag,937,299
91.176,91.176,NoButton,Drag,939,298
91.18,91.18,NoButton,Drag,943,297
91.184,91.184,NoButton,Drag,946,296
91.188,91.188,NoButton,Drag,949,296
91.192,91.192,NoButton,Drag,952,295
91.196,91.196,NoButton,Drag,956,294
91.2,91.2,NoButton,Drag,959,293
91.204,91.204,NoButton,Drag,962,292
91.208,91.208,NoButton,Drag,966,291
91.212,91.212,NoButton,Drag,969,290
91.216,91.216,NoButton,Drag,972,289
91.22,91.22,NoButton,Drag,975,288
91.224,91.224,NoButton,Drag,978,287
91.228,91.228,NoButton,Drag,982,286
91.232,91.232,NoButton,Drag,985,285
91.236,91.236,NoButton,Drag,988,284
91.24,91.24,NoButton,Drag,991,283
91.244,91.244,NoButton,Drag,995,282
91.248,91.248,NoButton,Drag,998,281
91.252,91.252,NoButton,Drag,1001,280
91.256,91.256,NoButton,Drag,1005,279
91.26,91.26,NoButton,Drag,1009,277
91.264,91.264,NoButton,Drag,1012,276
91.268,91.268,NoButton,Drag,1016,275
91.272,91.272,NoButton,Drag,1020,274
91.276,91.276,NoButton,Drag,1023,273
91.28,91.28,NoButton,Drag,1027,272
91.284,91.284,NoButton,Drag,1031,271
91.288,91.288,NoButton,Drag,1035,269
91.292,91.292,NoButton,Drag,1039,268
91.296,91.296,NoButton,Drag,1042,267
91.3,91.3,NoButton,Drag,1047,266
91.304,91.304,NoButton,Drag,1051,265
91.308,91.308,NoButton,Drag,1055,264
91.312,91.312,NoButton,Drag,1059,263
91.316,91.316,NoButton,Drag,1063,261
91.32,91.32,NoButton,Drag,1068,260
91.324,91.324,NoButton,Drag,1072,259
91.328,91.328,NoButton,Drag,1076,258
91.332,91.332,NoButton,Drag,1081,256
91.336,91.336,NoButton,Drag,1085,255
91.34,91.34,NoButton,Drag,1089,254
91.344,91.344,NoButton,Drag,1093,253
91.348,91.348,NoButton,Drag,1098,252
91.352,91.352,NoButton,Drag,1103,250
91.356,91.356,NoButton,Drag,1107,249
91.36,91.36,NoButton,Drag,1112,248
91.364,91.364,NoButton,Drag,1116,247
91.368,91.368,NoButton,Drag,1119,246
91.372,91.372,NoButton,Drag,1124,245
91.376,91.376,NoButton,Drag,1127,243
91.38,91.38,NoButton,Drag,1131,242
91.384,91.384,NoButton,Drag,1135,241
91.388,91.388,NoButton,Drag,1139,240
91.392,91.392,NoButton,Drag,1143,239
91.396,91.396,NoButton,Drag,1146,238
91.4,91.4,NoButton,Drag,1149,237
91.404,91.404,NoButton,Drag,1152,236
91.408,91.408,NoButton,Drag,1156,235
91.412,91.412,NoButton,Drag,1159,234
91.416,91.416,NoButton,Drag,1162,233
91.42,91.42,NoButton,Drag,1165,232
91.424,91.424,NoButton,Drag,1168,231
91.428,91.428,NoButton,Drag,1171,230
91.432,91.432,NoButton,Drag,1173,230
91.436,91.436,NoButton,Drag,1176,229
91.44,91.44,NoButton,Drag,1178,228
91.444,91.444,NoButton,Drag,1180,227
91.448,91.448,NoButton,Drag,1182,227
91.452,91.452,NoButton,Drag,1184,226
91.456,91.456,NoButton,Drag,1186,225
91.46,91.46,NoButton,Drag,1188,225
91.464,91.464,NoButton,Drag,1189,224
91.468,91.468,NoButton,Drag,1191,224
91.472,91.472,NoButton,Drag,1192,224
91.476,91.476,NoButton,Drag,1194,224
91.48,91.48,NoButton,Drag,1194,223
91.484,91.484,NoButton,Drag,1195,223
91.488,91.488,NoButton,Drag,1196,223
91.492,91.492,NoButton,Drag,1197,223
91.496,91.496,NoButton,Drag,1198,222
91.5,91.5,NoButton,Drag,1198,222
91.504,91.504,NoButton,Drag,1199,222
91.508,91.508,NoButton,Drag,1199,222
91.548,91.548,NoButton,Drag,1200,222
91.556,91.556,NoButton,Drag,1200,222
91.56,91.56,NoButton,Drag,1200,222
91.564,91.564,NoButton,Drag,1200,222
91.568,91.568,NoButton,Drag,1201,222
91.572,91.572,NoButton,Drag,1201,222
91.576,91.576,NoButton,Drag,1201,223
91.58,91.58,NoButton,Drag,1201,223
91.584,91.584,NoButton,Drag,1202,223
91.588,91.588,NoButton,Drag,1202,223
91.592,91.592,NoButton,Drag,1203,223
91.596,91.596,NoButton,Drag,1203,223
91.6,91.6,NoButton,Drag,1204,224
91.604,91.604,NoButton,Drag,1204,224
91.608,91.608,NoButton,Drag,1205,224
91.61,91.61,NoButton,Drag,1205,224
91.614,91.614,NoButton,Drag,1206,224
91.618,91.618,NoButton,Drag,1207,224
91.622,91.622,NoButton,Drag,1208,224
91.626,91.626,NoButton,Drag,1209,225
91.63,91.63,NoButton,Drag,1210,225
91.634,91.634,NoButton,Drag,1211,225
91.638,91.638,NoButton,Drag,1212,225
91.642,91.642,NoButton,Drag,1213,225
91.646,91.646,NoButton,Drag,1215,225
91.65,91.65,NoButton,Drag,1216,226
91.654,91.654,NoButton,Drag,1218,226
91.658,91.658,NoButton,Drag,1219,226
91.662,91.662,NoButton,Drag,1221,226
91.666,91.666,NoButton,Drag,1223,226
91.67,91.67,NoButton,Drag,1224,226
91.674,91.674,NoButton,Drag,1226,226
91.678,91.678,NoButton,Drag,1228,226
91.682,91.682,NoButton,Drag,1229,226
91.686,91.686,NoButton,Drag,1231,226
91.69,91.69,NoButton,Drag,1233,226
91.694,91.694,NoButton,Drag,1235,226
91.698,91.698,NoButton,Drag,1236,226
91.702,91.702,NoButton,Drag,1238,226
91.706,91.706,NoButton,Drag,1240,226
91.71,91.71,NoButton,Drag,1241,225
91.714,91.714,NoButton,Drag,1243,225
91.718,91.718,NoButton,Drag,1244,225
91.722,91.722,NoButton,Drag,1245,224
91.726,91.726,NoButton,Drag,1247,224
91.73,91.73,NoButton,Drag,1248,224
91.734,91.734,NoButton,Drag,1249,224
91.738,91.738,NoButton,Drag,1251,224
91.742,91.742,NoButton,Drag,1252,223
91.746,91.746,NoButton,Drag,1253,223
91.75,91.75,NoButton,Drag,1255,223
91.754,91.754,NoButton,Drag,1256,222
91.758,91.758,NoButton,Drag,1257,222
91.762,91.762,NoButton,Drag,1258,221
91.766,91.766,NoButton,Drag,1260,220
91.77,91.77,NoButton,Drag,1261,220
91.774,91.774,NoButton,Drag,1263,220
91.778,91.778,NoButton,Drag,1264,219
91.782,91.782,NoButton,Drag,1265,219
91.786,91.786,NoButton,Drag,1267,219
91.79,91.79,NoButton,Drag,1269,218
91.794,91.794,NoButton,Drag,1271,217
91.798,91.798,NoButton,Drag,1273,217
91.802,91.802,NoButton,Drag,1275,216
91.806,91.806,NoButton,Drag,1277,216
91.81,91.81,NoButton,Drag,1279,215
91.814,91.814,NoButton,Drag,1281,215
91.818,91.818,NoButton,Drag,1283,214
91.822,91.822,NoButton,Drag,1285,214
91.826,91.826,NoButton,Drag,1287,213
91.83,91.83,NoButton,Drag,1288,213
91.834,91.834,NoButton,Drag,1290,212
91.838,91.838,NoButton,Drag,1292,211
91.842,91.842,NoButton,Drag,1294,211
91.846,91.846,NoButton,Drag,1296,210
91.85,91.85,NoButton,Drag,1298,210
91.854,91.854,NoButton,Drag,1300,209
91.858,91.858,NoButton,Drag,1302,209
91.862,91.862,NoButton,Drag,1304,208
91.866,91.866,NoButton,Drag,1306,208
91.87,91.87,NoButton,Drag,1308,207
91.874,91.874,NoButton,Drag,1310,207
91.878,91.878,NoButton,Drag,1312,206
91.882,91.882,NoButton,Drag,1314,205
91.886,91.886,NoButton,Drag,1316,205
91.89,91.89,NoButton,Drag,1318,204
91.894,91.894,NoButton,Drag,1319,204
91.898,91.898,NoButton,Drag,1321,203
91.902,91.902,NoButton,Drag,1323,202
91.906,91.906,NoButton,Drag,1325,202
91.91,91.91,NoButton,Drag,1327,201
91.914,91.914,NoButton,Drag,1328,201
91.918,91.918,NoButton,Drag,1330,201
91.922,91.922,NoButton,Drag,1331,200
91.926,91.926,NoButton,Drag,1332,200
91.93,91.93,NoButton,Drag,1333,199
91.934,91.934,NoButton,Drag,1334,199
91.938,91.938,NoButton,Drag,1335,199
91.942,91.942,NoButton,Drag,1335,199
91.946,91.946,NoButton,Drag,1335,199
92.034,92.034,Left,Released,1335,199
92.07,92.07,NoButton,Move,1335,199
92.086,92.086,NoButton,Move,1336,199
92.094,92.094,NoButton,Move,1336,199
92.112,92.112,NoButton,Move,1336,199
92.127,92.127,NoButton,Move,1337,200
92.144,92.144,NoButton,Move,1337,202
92.161,92.161,NoButton,Move,1337,205
92.178,92.178,NoButton,Move,1337,210
92.194,92.194,NoButton,Move,1336,211
92.444,92.444,NoButton,Move,1330,211
92.448,92.448,NoButton,Move,1313,210
92.461,92.461,NoButton,Move,1231,200
92.477,92.477,NoButton,Move,1111,189
92.495,92.495,NoButton,Move,1026,187
92.511,92.511,NoButton,Move,947,183
92.527,92.527,NoButton,Move,852,177
92.544,92.544,NoButton,Move,699,170
92.561,92.561,NoButton,Move,579,166
92.578,92.578,NoButton,Move,461,162
92.594,92.594,NoButton,Move,363,153
92.611,92.611,NoButton,Move,292,146
92.628,92.628,NoButton,Move,244,140
92.644,92.644,NoButton,Move,211,135
92.661,92.661,NoButton,Move,199,133
92.678,92.678,NoButton,Move,198,132
92.722,92.722,NoButton,Move,198,132
92.778,92.778,NoButton,Move,198,132
92.79,92.79,NoButton,Move,198,132
92.794,92.794,NoButton,Move,198,132
92.811,92.811,NoButton,Move,197,133
92.827,92.827,NoButton,Move,197,135
92.845,92.845,NoButton,Move,197,138
92.862,92.862,NoButton,Move,199,143
92.877,92.877,NoButton,Move,204,151
92.894,92.894,NoButton,Move,213,164
92.911,92.911,NoButton,Move,220,173
92.928,92.928,NoButton,Move,225,181
92.944,92.944,NoButton,Move,229,187
92.962,92.962,NoButton,Move,232,191
92.978,92.978,NoButton,Move,234,195
92.994,92.994,NoButton,Move,236,198
93.011,93.011,NoButton,Move,237,199
93.028,93.028,NoButton,Move,237,199
93.163,93.163,Left,Pressed,237,199
93.222,93.222,NoButton,Drag,237,199
93.254,93.254,NoButton,Drag,238,200
93.258,93.258,NoButton,Drag,238,200
93.267,93.267,NoButton,Drag,238,200
93.27,93.27,NoButton,Drag,238,200
93.274,93.274,NoButton,Drag,239,200
93.278,93.278,NoButton,Drag,239,201
93.282,93.282,NoButton,Drag,240,202
93.286,93.286,NoButton,Drag,241,202
93.29,93.29,NoButton,Drag,243,203
93.294,93.294,NoButton,Drag,245,204
93.298,93.298,NoButton,Drag,247,205
93.302,93.302,NoButton,Drag,249,207
93.306,93.306,NoButton,Drag,252,208
93.31,93.31,NoButton,Drag,255,210
93.314,93.314,NoButton,Drag,258,212
93.318,93.318,NoButton,Drag,261,214
93.322,93.322,NoButton,Drag,265,216
93.326,93.326,NoButton,Drag,269,218
93.33,93.33,NoButton,Drag,273,220
93.332,93.332,NoButton,Drag,277,223
93.336,93.336,NoButton,Drag,282,225
93.34,93.34,NoButton,Drag,288,228
93.344,93.344,NoButton,Drag,294,231
93.348,93.348,NoButton,Drag,300,234
93.352,93.352,NoButton,Drag,306,237
93.356,93.356,NoButton,Drag,312,240
93.36,93.36,NoButton,Drag,318,243
93.364,93.364,NoButton,Drag,325,246
93.368,93.368,NoButton,Drag,331,249
93.372,93.372,NoButton,Drag,338,252
93.376,93.376,NoButton,Drag,344,255
93.38,93.38,NoButton,Drag,351,258
93.384,93.384,NoButton,Drag,358,262
93.388,93.388,NoButton,Drag,365,265
93.392,93.392,NoButton,Drag,374,268
93.396,93.396,NoButton,Drag,383,271
93.4,93.4,NoButton,Drag,391,275
93.404,93.404,NoButton,Drag,400,279
93.408,93.408,NoButton,Drag,408,282
93.412,93.412,NoButton,Drag,416,285
93.416,93.416,NoButton,Drag,424,287
93.42,93.42,NoButton,Drag,433,290
93.424,93.424,NoButton,Drag,442,292
93.428,93.428,NoButton,Drag,451,295
93.432,93.432,NoButton,Drag,460,297
93.436,93.436,NoButton,Drag,468,300
93.44,93.44,NoButton,Drag,477,302
93.444,93.444,NoButton,Drag,487,305
93.448,93.448,NoButton,Drag,496,307
93.452,93.452,NoButton,Drag,506,310
93.456,93.456,NoButton,Drag,515,313
93.46,93.46,NoButton,Drag,524,315
93.464,93.464,NoButton,Drag,532,317
93.468,93.468,NoButton,Drag,541,319
93.472,93.472,NoButton,Drag,550,321
93.476,93.476,NoButton,Drag,558,323
93.48,93.48,NoButton,Drag,567,325
93.484,93.484,NoButton,Drag,575,327
93.488,93.488,NoButton,Drag,583,328
93.492,93.492,NoButton,Drag,591,330
93.496,93.496,NoButton,Drag,599,333
93.501,93.501,NoButton,Drag,607,334
93.504,93.504,NoButton,Drag,614,336
93.508,93.508,NoButton,Drag,622,338
93.512,93.512,NoButton,Drag,630,339
93.516,93.516,NoButton,Drag,638,342
93.52,93.52,NoButton,Drag,647,344
93.524,93.524,NoButton,Drag,656,346
93.528,93.528,NoButton,Drag,664,347
93.532,93.532,NoButton,Drag,674,349
93.536,93.536,NoButton,Drag,683,351
93.54,93.54,NoButton,Drag,693,353
93.544,93.544,NoButton,Drag,702,355
93.548,93.548,NoButton,Drag,711,357
93.552,93.552,NoButton,Drag,721,359
93.556,93.556,NoButton,Drag,730,361
93.56,93.56,NoButton,Drag,740,362
93.564,93.564,NoButton,Drag,749,364
93.568,93.568,NoButton,Drag,759,366
93.572,93.572,NoButton,Drag,769,368
93.576,93.576,NoButton,Drag,779,369
93.58,93.58,NoButton,Drag,788,371
93.584,93.584,NoButton,Drag,797,373
93.588,93.588,NoButton,Drag,807,374
93.592,93.592,NoButton,Drag,817,374
93.596,93.596,NoButton,Drag,826,375
93.6,93.6,NoButton,Drag,835,375
93.604,93.604,NoButton,Drag,844,375
93.608,93.608,NoButton,Drag,852,376
93.612,93.612,NoButton,Drag,861,376
93.616,93.616,NoButton,Drag,871,377
93.62,93.62,NoButton,Drag,880,377
93.624,93.624,NoButton,Drag,888,377
93.628,93.628,NoButton,Drag,897,377
93.632,93.632,NoButton,Drag,907,377
93.636,93.636,NoButton,Drag,916,378
93.64,93.64,NoButton,Drag,925,378
93.644,93.644,NoButton,Drag,934,378
93.648,93.648,NoButton,Drag,943,378
93.652,93.652,NoButton,Drag,952,378
93.656,93.656,NoButton,Drag,961,378
93.66,93.66,NoButton,Drag,971,378
93.664,93.664,NoButton,Drag,980,378
93.668,93.668,NoButton,Drag,988,378
93.672,93.672,NoButton,Drag,998,378
93.676,93.676,NoButton,Drag,1007,378
93.68,93.68,NoButton,Drag,1016,378
93.684,93.684,NoButton,Drag,1025,378
93.688,93.688,NoButton,Drag,1034,378
93.692,93.692,NoButton,Drag,1042,378
93.696,93.696,NoButton,Drag,1049,378
93.7,93.7,NoButton,Drag,1056,378
93.704,93.704,NoButton,Drag,1062,378
93.708,93.708,NoButton,Drag,1069,378
93.712,93.712,NoButton,Drag,1075,378
93.716,93.716,NoButton,Drag,1081,378
93.72,93.72,NoButton,Drag,1088,378
93.724,93.724,NoButton,Drag,1094,379
93.728,93.728,NoButton,Drag,1100,379
93.732,93.732,NoButton,Drag,1105,379
93.736,93.736,NoButton,Drag,1110,379
93.74,93.74,NoButton,Drag,1116,380
93.744,93.744,NoButton,Drag,1121,380
93.748,93.748,NoButton,Drag,1125,380
93.752,93.752,NoButton,Drag,1130,381
93.756,93.756,NoButton,Drag,1134,381
93.76,93.76,NoButton,Drag,1138,382
93.764,93.764,NoButton,Drag,1142,382
93.768,93.768,NoButton,Drag,1147,383
93.772,93.772,NoButton,Drag,1151,383
93.776,93.776,NoButton,Drag,1155,383
93.78,93.78,NoButton,Drag,1158,384
93.784,93.784,NoButton,Drag,1162,384
93.788,93.788,NoButton,Drag,1165,384
93.792,93.792,NoButton,Drag,1168,385
93.796,93.796,NoButton,Drag,1170,385
93.8,93.8,NoButton,Drag,1173,385
93.804,93.804,NoButton,Drag,1175,385
93.808,93.808,NoButton,Drag,1179,385
93.812,93.812,NoButton,Drag,1181,386
93.816,93.816,NoButton,Drag,1184,387
93.82,93.82,NoButton,Drag,1186,387
93.824,93.824,NoButton,Drag,1189,387
93.828,93.828,NoButton,Drag,1191,388
93.832,93.832,NoButton,Drag,1193,388
93.836,93.836,NoButton,Drag,1195,388
93.84,93.84,NoButton,Drag,1196,389
93.844,93.844,NoButton,Drag,1198,389
93.848,93.848,NoButton,Drag,1199,389
93.852,93.852,NoButton,Drag,1200,390
93.856,93.856,NoButton,Drag,1202,390
93.86,93.86,NoButton,Drag,1203,390
93.864,93.864,NoButton,Drag,1204,391
93.868,93.868,NoButton,Drag,1205,391
93.872,93.872,NoButton,Drag,1206,391
93.876,93.876,NoButton,Drag,1207,392
93.88,93.88,NoButton,Drag,1208,392
93.884,93.884,NoButton,Drag,1209,393
93.888,93.888,NoButton,Drag,1210,393
93.892,93.892,NoButton,Drag,1211,394
93.896,93.896,NoButton,Drag,1211,394
93.9,93.9,NoButton,Drag,1212,395
93.904,93.904,NoButton,Drag,1213,395
93.908,93.908,NoButton,Drag,1213,396
93.91,93.91,NoButton,Drag,1214,397
93.914,93.914,NoButton,Drag,1215,397
93.918,93.918,NoButton,Drag,1215,398
93.922,93.922,NoButton,Drag,1216,398
93.926,93.926,NoButton,Drag,1216,399
93.93,93.93,NoButton,Drag,1217,399
93.936,93.936,NoButton,Drag,1217,400
93.938,93.938,NoButton,Drag,1218,400
93.942,93.942,NoButton,Drag,1219,401
93.946,93.946,NoButton,Drag,1219,401
93.95,93.95,NoButton,Drag,1220,402
93.954,93.954,NoButton,Drag,1221,402
93.958,93.958,NoButton,Drag,1221,403
93.962,93.962,NoButton,Drag,1222,403
93.966,93.966,NoButton,Drag,1222,404
93.97,93.97,NoButton,Drag,1223,404
93.974,93.974,NoButton,Drag,1224,405
93.978,93.978,NoButton,Drag,1225,405
93.982,93.982,NoButton,Drag,1226,406
93.986,93.986,NoButton,Drag,1227,406
93.99,93.99,NoButton,Drag,1228,407
93.994,93.994,NoButton,Drag,1228,408
93.998,93.998,NoButton,Drag,1229,408
94.002,94.002,NoButton,Drag,1231,409
94.006,94.006,NoButton,Drag,1232,410
94.01,94.01,NoButton,Drag,1233,411
94.014,94.014,NoButton,Drag,1234,412
94.018,94.018,NoButton,Drag,1236,413
94.022,94.022,NoButton,Drag,1238,414
94.026,94.026,NoButton,Drag,1239,415
94.03,94.03,NoButton,Drag,1241,416
94.034,94.034,NoButton,Drag,1243,417
94.038,94.038,NoButton,Drag,1245,418
94.042,94.042,NoButton,Drag,1247,419
94.046,94.046,NoButton,Drag,1249,420
94.05,94.05,NoButton,Drag,1251,421
94.054,94.054,NoButton,Drag,1253,422
94.058,94.058,NoButton,Drag,1255,423
94.062,94.062,NoButton,Drag,1257,424
94.066,94.066,NoButton,Drag,1259,425
94.07,94.07,NoButton,Drag,1261,426
94.074,94.074,NoButton,Drag,1263,427
94.078,94.078,NoButton,Drag,1265,428
94.082,94.082,NoButton,Drag,1267,428
94.086,94.086,NoButton,Drag,1268,429
94.09,94.09,NoButton,Drag,1270,430
94.094,94.094,NoButton,Drag,1272,431
94.098,94.098,NoButton,Drag,1273,431
94.102,94.102,NoButton,Drag,1274,432
94.106,94.106,NoButton,Drag,1275,432
94.11,94.11,NoButton,Drag,1277,432
94.114,94.114,NoButton,Drag,1278,433
94.118,94.118,NoButton,Drag,1279,433
94.122,94.122,NoButton,Drag,1281,434
94.126,94.126,NoButton,Drag,1282,434
94.13,94.13,NoButton,Drag,1284,435
94.134,94.134,NoButton,Drag,1286,435
94.138,94.138,NoButton,Drag,1288,436
94.142,94.142,NoButton,Drag,1290,436
94.146,94.146,NoButton,Drag,1292,437
94.15,94.15,NoButton,Drag,1294,438
94.154,94.154,NoButton,Drag,1296,438
94.158,94.158,NoButton,Drag,1298,438
94.162,94.162,NoButton,Drag,1300,439
94.166,94.166,NoButton,Drag,1301,439
94.17,94.17,NoButton,Drag,1303,439
94.174,94.174,NoButton,Drag,1305,440
94.178,94.178,NoButton,Drag,1306,440
94.182,94.182,NoButton,Drag,1307,440
94.186,94.186,NoButton,Drag,1309,440
94.19,94.19,NoButton,Drag,1310,440
94.194,94.194,NoButton,Drag,1310,440
94.198,94.198,NoButton,Drag,1311,440
94.202,94.202,NoButton,Drag,1312,440
94.206,94.206,NoButton,Drag,1312,440
94.21,94.21,NoButton,Drag,1313,439
94.234,94.234,NoButton,Drag,1313,439
94.238,94.238,NoButton,Drag,1313,438
94.242,94.242,NoButton,Drag,1313,438
94.246,94.246,NoButton,Drag,1313,438
94.25,94.25,NoButton,Drag,1313,437
94.254,94.254,NoButton,Drag,1313,437
94.258,94.258,NoButton,Drag,1313,436
94.262,94.262,NoButton,Drag,1312,436
94.266,94.266,NoButton,Drag,1312,436
94.27,94.27,Left,Released,1312,436
94.271,94.271,NoButton,Move,1312,435
94.278,94.278,NoButton,Move,1312,435
94.294,94.294,NoButton,Move,1310,432
94.312,94.312,NoButton,Move,1309,431
94.328,94.328,NoButton,Move,1309,431
94.345,94.345,NoButton,Move,1308,430
94.362,94.362,NoButton,Move,1307,430
94.377,94.377,NoButton,Move,1304,430
94.394,94.394,NoButton,Move,1296,432
94.411,94.411,NoButton,Move,1287,435
94.428,94.428,NoButton,Move,1277,437
94.445,94.445,NoButton,Move,1265,440
94.461,94.461,NoButton,Move,1248,442
94.478,94.478,NoButton,Move,1217,445
94.495,94.495,NoButton,Move,1182,447
94.512,94.512,NoButton,Move,1136,449
94.527,94.527,NoButton,Move,1088,451
94.544,94.544,NoButton,Move,1024,454
94.561,94.561,NoButton,Move,972,459
94.578,94.578,NoButton,Move,922,466
94.594,94.594,NoButton,Move,878,473
94.611,94.611,NoButton,Move,838,481
94.628,94.628,NoButton,Move,807,489
94.644,94.644,NoButton,Move,776,497
94.661,94.661,NoButton,Move,754,503
94.678,94.678,NoButton,Move,729,510
94.695,94.695,NoButton,Move,706,516
94.711,94.711,NoButton,Move,692,523
94.727,94.727,NoButton,Move,681,529
94.744,94.744,NoButton,Move,667,538
94.76,94.76,NoButton,Move,656,544
94.778,94.778,NoButton,Move,646,551
94.794,94.794,NoButton,Move,637,558
94.811,94.811,NoButton,Move,626,567
94.827,94.827,NoButton,Move,612,579
94.845,94.845,NoButton,Move,591,595
94.861,94.861,NoButton,Move,571,608
94.877,94.877,NoButton,Move,550,624
94.894,94.894,NoButton,Move,524,641
94.911,94.911,NoButton,Move,498,654
94.928,94.928,NoButton,Move,471,662
94.944,94.944,NoButton,Move,434,672
94.961,94.961,NoButton,Move,403,680
94.978,94.978,NoButton,Move,374,687
94.995,94.995,NoButton,Move,351,694
95.011,95.011,NoButton,Move,334,702
95.027,95.027,NoButton,Move,324,707
95.044,95.044,NoButton,Move,319,711
95.061,95.061,NoButton,Move,317,712
95.077,95.077,NoButton,Move,317,713
95.15,95.15,NoButton,Move,317,713
95.158,95.158,NoButton,Move,317,713
95.162,95.162,NoButton,Move,317,712
95.177,95.177,NoButton,Move,317,712
95.194,95.194,NoButton,Move,317,711
95.211,95.211,NoButton,Move,317,710
95.228,95.228,NoButton,Move,317,709
95.244,95.244,NoButton,Move,317,707
95.261,95.261,NoButton,Move,315,706
95.277,95.277,NoButton,Move,314,705
95.294,95.294,NoButton,Move,312,705
95.31,95.31,NoButton,Move,309,705
95.327,95.327,NoButton,Move,308,705
95.345,95.345,NoButton,Move,307,705
95.36,95.36,NoButton,Move,306,706
95.377,95.377,NoButton,Move,305,707
95.394,95.394,NoButton,Move,303,708
95.41,95.41,NoButton,Move,300,710
95.428,95.428,NoButton,Move,298,711
95.444,95.444,NoButton,Move,294,712
95.461,95.461,NoButton,Move,291,713
95.477,95.477,NoButton,Move,289,714
95.494,95.494,NoButton,Move,289,714
95.539,95.539,Left,Pressed,289,714
95.626,95.626,NoButton,Drag,289,714
95.632,95.632,NoButton,Drag,289,714
95.636,95.636,NoButton,Drag,289,715
95.64,95.64,NoButton,Drag,289,715
95.644,95.644,NoButton,Drag,289,715
95.648,95.648,NoButton,Drag,290,716
95.652,95.652,NoButton,Drag,291,716
95.656,95.656,NoButton,Drag,292,717
95.66,95.66,NoButton,Drag,293,718
95.664,95.664,NoButton,Drag,295,719
95.668,95.668,NoButton,Drag,296,720
95.672,95.672,NoButton,Drag,299,721
95.676,95.676,NoButton,Drag,301,723
95.68,95.68,NoButton,Drag,304,724
95.684,95.684,NoButton,Drag,307,726
95.688,95.688,NoButton,Drag,311,727
95.692,95.692,NoButton,Drag,315,729
95.696,95.696,NoButton,Drag,319,730
95.7,95.7,NoButton,Drag,324,731
95.704,95.704,NoButton,Drag,330,733
95.708,95.708,NoButton,Drag,335,735
95.712,95.712,NoButton,Drag,341,736
95.716,95.716,NoButton,Drag,347,738
95.72,95.72,NoButton,Drag,354,740
95.724,95.724,NoButton,Drag,360,741
95.729,95.729,NoButton,Drag,367,743
95.732,95.732,NoButton,Drag,373,745
95.736,95.736,NoButton,Drag,379,746
95.74,95.74,NoButton,Drag,386,748
95.744,95.744,NoButton,Drag,392,750
95.748,95.748,NoButton,Drag,398,751
95.752,95.752,NoButton,Drag,406,753
95.758,95.758,NoButton,Drag,413,755
95.76,95.76,NoButton,Drag,421,756
95.764,95.764,NoButton,Drag,429,757
95.768,95.768,NoButton,Drag,437,758
95.772,95.772,NoButton,Drag,445,760
95.776,95.776,NoButton,Drag,453,762
95.78,95.78,NoButton,Drag,461,763
95.784,95.784,NoButton,Drag,469,764
95.788,95.788,NoButton,Drag,477,765
95.792,95.792,NoButton,Drag,485,766
95.796,95.796,NoButton,Drag,493,768
95.8,95.8,NoButton,Drag,501,769
95.804,95.804,NoButton,Drag,510,770
95.808,95.808,NoButton,Drag,519,771
95.813,95.813,NoButton,Drag,529,772
95.816,95.816,NoButton,Drag,538,773
95.82,95.82,NoButton,Drag,546,774
95.824,95.824,NoButton,Drag,555,775
95.829,95.829,NoButton,Drag,565,777
95.832,95.832,NoButton,Drag,576,779
95.836,95.836,NoButton,Drag,586,780
95.84,95.84,NoButton,Drag,595,782
95.844,95.844,NoButton,Drag,605,783
95.848,95.848,NoButton,Drag,615,785
95.852,95.852,NoButton,Drag,625,787
95.856,95.856,NoButton,Drag,634,789
95.86,95.86,NoButton,Drag,643,790
95.864,95.864,NoButton,Drag,653,792
95.868,95.868,NoButton,Drag,662,794
95.872,95.872,NoButton,Drag,672,795
95.876,95.876,NoButton,Drag,680,796
95.88,95.88,NoButton,Drag,690,798
95.884,95.884,NoButton,Drag,699,800
95.888,95.888,NoButton,Drag,708,801
95.892,95.892,NoButton,Drag,717,803
95.896,95.896,NoButton,Drag,727,805
95.9,95.9,NoButton,Drag,735,807
95.904,95.904,NoButton,Drag,743,808
95.908,95.908,NoButton,Drag,752,809
95.912,95.912,NoButton,Drag,760,810
95.916,95.916,NoButton,Drag,768,812
95.92,95.92,NoButton,Drag,776,813
95.924,95.924,NoButton,Drag,784,814
95.929,95.929,NoButton,Drag,791,815
95.932,95.932,NoButton,Drag,798,816
95.936,95.936,NoButton,Drag,806,817
95.94,95.94,NoButton,Drag,814,818
95.944,95.944,NoButton,Drag,822,819
95.948,95.948,NoButton,Drag,830,820
95.952,95.952,NoButton,Drag,838,821
95.956,95.956,NoButton,Drag,846,822
95.96,95.96,NoButton,Drag,854,823
95.964,95.964,NoButton,Drag,862,823
95.968,95.968,NoButton,Drag,869,825
95.972,95.972,NoButton,Drag,875,825
95.976,95.976,NoButton,Drag,882,826
95.98,95.98,NoButton,Drag,889,826
95.984,95.984,NoButton,Drag,895,826
95.988,95.988,NoButton,Drag,901,827
95.992,95.992,NoButton,Drag,908,827
95.996,95.996,NoButton,Drag,914,827
96,96,NoButton,Drag,921,827
96.004,96.004,NoButton,Drag,926,827
96.008,96.008,NoButton,Drag,933,827
96.012,96.012,NoButton,Drag,938,827
96.016,96.016,NoButton,Drag,945,827
96.02,96.02,NoButton,Drag,951,827
96.024,96.024,NoButton,Drag,957,827
96.029,96.029,NoButton,Drag,963,827
96.032,96.032,NoButton,Drag,969,827
96.036,96.036,NoButton,Drag,975,827
96.04,96.04,NoButton,Drag,981,827
96.044,96.044,NoButton,Drag,986,827
96.048,96.048,NoButton,Drag,992,827
96.052,96.052,NoButton,Drag,998,827
96.056,96.056,NoButton,Drag,1003,827
96.06,96.06,NoButton,Drag,1008,827
96.064,96.064,NoButton,Drag,1013,827
96.068,96.068,NoButton,Drag,1018,827
96.072,96.072,NoButton,Drag,1024,827
96.076,96.076,NoButton,Drag,1029,827
96.08,96.08,NoButton,Drag,1034,827
96.084,96.084,NoButton,Drag,1039,827
96.088,96.088,NoButton,Drag,1044,827
96.092,96.092,NoButton,Drag,1049,826
96.096,96.096,NoButton,Drag,1053,826
96.1,96.1,NoButton,Drag,1058,825
96.104,96.104,NoButton,Drag,1062,824
96.108,96.108,NoButton,Drag,1066,824
96.112,96.112,NoButton,Drag,1071,823
96.116,96.116,NoButton,Drag,1076,823
96.12,96.12,NoButton,Drag,1080,822
96.124,96.124,NoButton,Drag,1085,821
96.129,96.129,NoButton,Drag,1090,821
96.132,96.132,NoButton,Drag,1094,820
96.136,96.136,NoButton,Drag,1098,819
96.14,96.14,NoButton,Drag,1103,819
96.144,96.144,NoButton,Drag,1108,818
96.148,96.148,NoButton,Drag,1113,817
96.152,96.152,NoButton,Drag,1117,816
96.156,96.156,NoButton,Drag,1121,815
96.16,96.16,NoButton,Drag,1125,814
96.164,96.164,NoButton,Drag,1130,813
96.168,96.168,NoButton,Drag,1134,813
96.172,96.172,NoButton,Drag,1138,811
96.176,96.176,NoButton,Drag,1143,810
96.18,96.18,NoButton,Drag,1147,809
96.184,96.184,NoButton,Drag,1151,808
96.188,96.188,NoButton,Drag,1155,807
96.192,96.192,NoButton,Drag,1159,806
96.196,96.196,NoButton,Drag,1163,805
96.2,96.2,NoButton,Drag,1167,804
96.204,96.204,NoButton,Drag,1170,803
96.208,96.208,NoButton,Drag,1173,803
96.21,96.21,NoButton,Drag,1175,802
96.214,96.214,NoButton,Drag,1178,801
96.218,96.218,NoButton,Drag,1180,800
96.222,96.222,NoButton,Drag,1182,800
96.226,96.226,NoButton,Drag,1184,799
96.23,96.23,NoButton,Drag,1186,799
96.234,96.234,NoButton,Drag,1188,798
96.238,96.238,NoButton,Drag,1190,798
96.242,96.242,NoButton,Drag,1192,797
96.246,96.246,NoButton,Drag,1194,797
96.25,96.25,NoButton,Drag,1195,796
96.254,96.254,NoButton,Drag,1197,795
96.258,96.258,NoButton,Drag,1199,795
96.262,96.262,NoButton,Drag,1201,794
96.266,96.266,NoButton,Drag,1203,794
96.27,96.27,NoButton,Drag,1204,793
96.274,96.274,NoButton,Drag,1206,793
96.279,96.279,NoButton,Drag,1207,792
96.282,96.282,NoButton,Drag,1209,792
96.286,96.286,NoButton,Drag,1210,792
96.29,96.29,NoButton,Drag,1211,791
96.294,96.294,NoButton,Drag,1213,791
96.298,96.298,NoButton,Drag,1213,791
96.302,96.302,NoButton,Drag,1214,790
96.306,96.306,NoButton,Drag,1215,790
96.31,96.31,NoButton,Drag,1215,789
96.314,96.314,NoButton,Drag,1216,789
96.318,96.318,NoButton,Drag,1217,789
96.322,96.322,NoButton,Drag,1217,788
96.326,96.326,NoButton,Drag,1218,788
96.33,96.33,NoButton,Drag,1218,787
96.334,96.334,NoButton,Drag,1219,787
96.338,96.338,NoButton,Drag,1219,786
96.342,96.342,NoButton,Drag,1220,786
96.346,96.346,NoButton,Drag,1220,785
96.35,96.35,NoButton,Drag,1221,785
96.354,96.354,NoButton,Drag,1222,785
96.358,96.358,NoButton,Drag,1222,784
96.362,96.362,NoButton,Drag,1223,784
96.366,96.366,NoButton,Drag,1223,783
96.37,96.37,NoButton,Drag,1224,782
96.374,96.374,NoButton,Drag,1225,782
96.378,96.378,NoButton,Drag,1225,782
96.382,96.382,NoButton,Drag,1226,781
96.386,96.386,NoButton,Drag,1227,781
96.39,96.39,NoButton,Drag,1227,780
96.394,96.394,NoButton,Drag,1228,780
96.398,96.398,NoButton,Drag,1229,779
96.402,96.402,NoButton,Drag,1230,779
96.406,96.406,NoButton,Drag,1230,778
96.41,96.41,NoButton,Drag,1231,778
96.414,96.414,NoButton,Drag,1232,777
96.418,96.418,NoButton,Drag,1233,777
96.422,96.422,NoButton,Drag,1234,776
96.426,96.426,NoButton,Drag,1235,776
96.43,96.43,NoButton,Drag,1236,775
96.434,96.434,NoButton,Drag,1237,775
96.438,96.438,NoButton,Drag,1238,774
96.442,96.442,NoButton,Drag,1239,773
96.446,96.446,NoButton,Drag,1240,773
96.45,96.45,NoButton,Drag,1241,772
96.454,96.454,NoButton,Drag,1242,772
96.458,96.458,NoButton,Drag,1243,771
96.462,96.462,NoButton,Drag,1244,771
96.466,96.466,NoButton,Drag,1245,770
96.47,96.47,NoButton,Drag,1246,770
96.474,96.474,NoButton,Drag,1247,769
96.478,96.478,NoButton,Drag,1247,769
96.482,96.482,NoButton,Drag,1248,768
96.486,96.486,NoButton,Drag,1249,768
96.49,96.49,NoButton,Drag,1250,768
96.494,96.494,NoButton,Drag,1250,767
96.498,96.498,NoButton,Drag,1251,767
96.502,96.502,NoButton,Drag,1252,766
96.506,96.506,NoButton,Drag,1252,766
96.51,96.51,NoButton,Drag,1253,766
96.514,96.514,NoButton,Drag,1253,765
96.518,96.518,NoButton,Drag,1254,765
96.522,96.522,NoButton,Drag,1254,764
96.526,96.526,NoButton,Drag,1255,764
96.53,96.53,NoButton,Drag,1255,764
96.534,96.534,NoButton,Drag,1256,763
96.538,96.538,NoButton,Drag,1256,763
96.546,96.546,NoButton,Drag,1256,763
96.55,96.55,NoButton,Drag,1257,763
96.562,96.562,NoButton,Drag,1257,762
96.746,96.746,NoButton,Drag,1257,762
96.75,96.75,NoButton,Drag,1257,762
96.758,96.758,NoButton,Drag,1257,762
96.762,96.762,NoButton,Drag,1256,762
96.766,96.766,NoButton,Drag,1256,761
96.77,96.77,NoButton,Drag,1255,761
96.774,96.774,NoButton,Drag,1254,761
96.778,96.778,NoButton,Drag,1254,761
96.782,96.782,NoButton,Drag,1252,760
96.786,96.786,NoButton,Drag,1250,759
96.788,96.788,NoButton,Drag,1247,758
96.792,96.792,NoButton,Drag,1245,758
96.796,96.796,NoButton,Drag,1242,757
96.8,96.8,NoButton,Drag,1238,756
96.804,96.804,NoButton,Drag,1235,755
96.808,96.808,NoButton,Drag,1231,754
96.812,96.812,NoButton,Drag,1227,754
96.816,96.816,NoButton,Drag,1224,752
96.82,96.82,NoButton,Drag,1221,752
96.824,96.824,NoButton,Drag,1218,751
96.828,96.828,NoButton,Drag,1214,750
96.832,96.832,NoButton,Drag,1211,749
96.836,96.836,NoButton,Drag,1208,748
96.84,96.84,NoButton,Drag,1205,746
96.844,96.844,NoButton,Drag,1202,745
96.848,96.848,NoButton,Drag,1199,743
96.852,96.852,NoButton,Drag,1196,741
96.856,96.856,NoButton,Drag,1193,739
96.86,96.86,NoButton,Drag,1190,737
96.864,96.864,NoButton,Drag,1187,735
96.868,96.868,NoButton,Drag,1184,733
96.872,96.872,NoButton,Drag,1181,730
96.876,96.876,NoButton,Drag,1178,728
96.88,96.88,NoButton,Drag,1174,725
96.884,96.884,NoButton,Drag,1171,722
96.888,96.888,NoButton,Drag,1167,719
96.892,96.892,NoButton,Drag,1164,715
96.896,96.896,NoButton,Drag,1161,711
96.9,96.9,NoButton,Drag,1158,708
96.904,96.904,NoButton,Drag,1155,704
96.908,96.908,NoButton,Drag,1152,701
96.912,96.912,NoButton,Drag,1149,697
96.916,96.916,NoButton,Drag,1147,694
96.92,96.92,NoButton,Drag,1144,690
96.924,96.924,NoButton,Drag,1142,687
96.928,96.928,NoButton,Drag,1140,684
96.932,96.932,NoButton,Drag,1138,681
96.936,96.936,NoButton,Drag,1136,678
96.94,96.94,NoButton,Drag,1135,675
96.944,96.944,NoButton,Drag,1134,672
96.948,96.948,NoButton,Drag,1133,668
96.952,96.952,NoButton,Drag,1132,665
96.956,96.956,NoButton,Drag,1131,662
96.96,96.96,NoButton,Drag,1130,658
96.964,96.964,NoButton,Drag,1129,654
96.968,96.968,NoButton,Drag,1128,651
96.972,96.972,NoButton,Drag,1127,647
96.976,96.976,NoButton,Drag,1126,644
96.98,96.98,NoButton,Drag,1126,640
96.984,96.984,NoButton,Drag,1126,635
96.988,96.988,NoButton,Drag,1126,631
96.992,96.992,NoButton,Drag,1126,627
96.996,96.996,NoButton,Drag,1126,623
97,97,NoButton,Drag,1126,618
97.004,97.004,NoButton,Drag,1126,613
97.008,97.008,NoButton,Drag,1127,609
97.012,97.012,NoButton,Drag,1127,604
97.016,97.016,NoButton,Drag,1128,600
97.02,97.02,NoButton,Drag,1129,596
97.024,97.024,NoButton,Drag,1130,592
97.028,97.028,NoButton,Drag,1131,586
97.032,97.032,NoButton,Drag,1133,581
97.036,97.036,NoButton,Drag,1134,576
97.04,97.04,NoButton,Drag,1136,571
97.044,97.044,NoButton,Drag,1138,566
97.048,97.048,NoButton,Drag,1139,561
97.052,97.052,NoButton,Drag,1141,556
97.056,97.056,NoButton,Drag,1143,550
97.06,97.06,NoButton,Drag,1145,544
97.064,97.064,NoButton,Drag,1147,539
97.068,97.068,NoButton,Drag,1149,533
97.072,97.072,NoButton,Drag,1150,527
97.076,97.076,NoButton,Drag,1152,521
97.08,97.08,NoButton,Drag,1154,515
97.084,97.084,NoButton,Drag,1156,509
97.088,97.088,NoButton,Drag,1157,503
97.092,97.092,NoButton,Drag,1159,498
97.096,97.096,NoButton,Drag,1161,492
97.1,97.1,NoButton,Drag,1163,486
97.104,97.104,NoButton,Drag,1164,480
97.108,97.108,NoButton,Drag,1166,474
97.112,97.112,NoButton,Drag,1167,467
97.116,97.116,NoButton,Drag,1169,461
97.12,97.12,NoButton,Drag,1171,454
97.124,97.124,NoButton,Drag,1172,448
97.128,97.128,NoButton,Drag,1174,442
97.132,97.132,NoButton,Drag,1175,436
97.136,97.136,NoButton,Drag,1177,430
97.14,97.14,NoButton,Drag,1179,423
97.144,97.144,NoButton,Drag,1180,418
97.148,97.148,NoButton,Drag,1182,411
97.152,97.152,NoButton,Drag,1184,405
97.156,97.156,NoButton,Drag,1186,398
97.16,97.16,NoButton,Drag,1187,392
97.164,97.164,NoButton,Drag,1189,386
97.168,97.168,NoButton,Drag,1191,379
97.172,97.172,NoButton,Drag,1192,373
97.176,97.176,NoButton,Drag,1193,367
97.18,97.18,NoButton,Drag,1195,360
97.184,97.184,NoButton,Drag,1196,354
97.188,97.188,NoButton,Drag,1198,348
97.192,97.192,NoButton,Drag,1200,341
97.196,97.196,NoButton,Drag,1202,335
97.2,97.2,NoButton,Drag,1204,329
97.204,97.204,NoButton,Drag,1205,323
97.208,97.208,NoButton,Drag,1207,317
97.212,97.212,NoButton,Drag,1209,310
97.216,97.216,NoButton,Drag,1210,305
97.22,97.22,NoButton,Drag,1212,298
97.224,97.224,NoButton,Drag,1214,293
97.228,97.228,NoButton,Drag,1215,286
97.235,97.235,NoButton,Drag,1217,280
97.236,97.236,NoButton,Drag,1219,274
97.24,97.24,NoButton,Drag,1220,268
97.244,97.244,NoButton,Drag,1222,262
97.248,97.248,NoButton,Drag,1223,256
97.252,97.252,NoButton,Drag,1224,250
97.256,97.256,NoButton,Drag,1226,244
97.26,97.26,NoButton,Drag,1228,238
97.264,97.264,NoButton,Drag,1229,232
97.268,97.268,NoButton,Drag,1231,226
97.272,97.272,NoButton,Drag,1233,220
97.276,97.276,NoButton,Drag,1234,214
97.28,97.28,NoButton,Drag,1236,208
97.284,97.284,NoButton,Drag,1237,202
97.288,97.288,NoButton,Drag,1238,197
97.292,97.292,NoButton,Drag,1240,191
97.296,97.296,NoButton,Drag,1242,185
97.3,97.3,NoButton,Drag,1243,180
97.304,97.304,NoButton,Drag,1244,175
97.308,97.308,NoButton,Drag,1245,171
97.312,97.312,NoButton,Drag,1247,166
97.316,97.316,NoButton,Drag,1248,162
97.32,97.32,NoButton,Drag,1249,158
97.324,97.324,NoButton,Drag,1251,153
97.328,97.328,NoButton,Drag,1252,149
97.332,97.332,NoButton,Drag,1254,145
97.336,97.336,NoButton,Drag,1256,140
97.34,97.34,NoButton,Drag,1257,136
97.344,97.344,NoButton,Drag,1258,132
97.348,97.348,NoButton,Drag,1259,128
97.352,97.352,NoButton,Drag,1261,124
97.354,97.354,NoButton,Drag,1262,121
97.358,97.358,NoButton,Drag,1263,118
97.362,97.362,NoButton,Drag,1265,115
97.366,97.366,NoButton,Drag,1266,112
97.37,97.37,NoButton,Drag,1268,109
97.374,97.374,NoButton,Drag,1269,106
97.378,97.378,NoButton,Drag,1270,103
97.382,97.382,NoButton,Drag,1271,101
97.386,97.386,NoButton,Drag,1272,99
97.39,97.39,NoButton,Drag,1274,97
97.394,97.394,NoButton,Drag,1274,95
97.398,97.398,NoButton,Drag,1275,94
97.402,97.402,NoButton,Drag,1276,92
97.406,97.406,NoButton,Drag,1277,90
97.41,97.41,NoButton,Drag,1278,89
97.414,97.414,NoButton,Drag,1278,88
97.418,97.418,NoButton,Drag,1279,88
97.422,97.422,NoButton,Drag,1279,87
97.426,97.426,NoButton,Drag,1280,86
97.43,97.43,NoButton,Drag,1280,86
97.434,97.434,NoButton,Drag,1280,85
97.442,97.442,NoButton,Drag,1281,85
97.446,97.446,NoButton,Drag,1281,85
97.542,97.542,NoButton,Drag,1281,85
97.546,97.546,NoButton,Drag,1281,85
97.55,97.55,NoButton,Drag,1281,86
97.554,97.554,NoButton,Drag,1281,86
97.558,97.558,NoButton,Drag,1281,87
97.562,97.562,NoButton,Drag,1281,88
97.566,97.566,NoButton,Drag,1282,88
97.57,97.57,NoButton,Drag,1282,89
97.574,97.574,NoButton,Drag,1282,89
97.578,97.578,NoButton,Drag,1282,90
97.582,97.582,NoButton,Drag,1282,92
97.586,97.586,NoButton,Drag,1282,93
97.59,97.59,NoButton,Drag,1283,94
97.594,97.594,NoButton,Drag,1283,95
97.598,97.598,NoButton,Drag,1284,97
97.602,97.602,NoButton,Drag,1284,99
97.606,97.606,NoButton,Drag,1285,100
97.61,97.61,NoButton,Drag,1285,102
97.614,97.614,NoButton,Drag,1286,104
97.618,97.618,NoButton,Drag,1287,106
97.622,97.622,NoButton,Drag,1288,108
97.626,97.626,NoButton,Drag,1289,109
97.63,97.63,NoButton,Drag,1290,111
97.634,97.634,NoButton,Drag,1291,114
97.638,97.638,NoButton,Drag,1292,116
97.642,97.642,NoButton,Drag,1293,118
97.646,97.646,NoButton,Drag,1294,121
97.65,97.65,NoButton,Drag,1296,123
97.654,97.654,NoButton,Drag,1297,126
97.658,97.658,NoButton,Drag,1298,129
97.662,97.662,NoButton,Drag,1299,131
97.666,97.666,NoButton,Drag,1300,134
97.67,97.67,NoButton,Drag,1301,136
97.674,97.674,NoButton,Drag,1303,139
97.678,97.678,NoButton,Drag,1304,142
97.682,97.682,NoButton,Drag,1305,144
97.686,97.686,NoButton,Drag,1306,147
97.69,97.69,NoButton,Drag,1307,149
97.694,97.694,NoButton,Drag,1308,151
97.698,97.698,NoButton,Drag,1309,153
97.702,97.702,NoButton,Drag,1309,155
97.706,97.706,NoButton,Drag,1310,157
97.71,97.71,NoButton,Drag,1311,159
97.714,97.714,NoButton,Drag,1311,161
97.718,97.718,NoButton,Drag,1312,162
97.722,97.722,NoButton,Drag,1312,164
97.726,97.726,NoButton,Drag,1313,165
97.73,97.73,NoButton,Drag,1313,167
97.734,97.734,NoButton,Drag,1314,168
97.738,97.738,NoButton,Drag,1314,170
97.742,97.742,NoButton,Drag,1314,171
97.746,97.746,NoButton,Drag,1315,172
97.75,97.75,NoButton,Drag,1315,173
97.754,97.754,NoButton,Drag,1316,174
97.758,97.758,NoButton,Drag,1316,175
97.762,97.762,NoButton,Drag,1316,175
97.766,97.766,NoButton,Drag,1316,176
97.77,97.77,NoButton,Drag,1317,176
97.778,97.778,NoButton,Drag,1317,177
97.94,97.94,Left,Released,1317,177
97.966,97.966,NoButton,Move,1317,177
97.98,97.98,NoButton,Move,1317,177
97.995,97.995,NoButton,Move,1315,177
98.01,98.01,NoButton,Move,1312,178
98.028,98.028,NoButton,Move,1307,178
98.044,98.044,NoButton,Move,1299,180
98.061,98.061,NoButton,Move,1290,183
98.078,98.078,NoButton,Move,1278,186
98.095,98.095,NoButton,Move,1261,191
98.111,98.111,NoButton,Move,1241,197
98.128,98.128,NoButton,Move,1212,205
98.144,98.144,NoButton,Move,1180,213
98.161,98.161,NoButton,Move,1142,222
98.178,98.178,NoButton,Move,1100,232
98.194,98.194,NoButton,Move,1053,245
98.211,98.211,NoButton,Move,996,262
98.228,98.228,NoButton,Move,928,281
98.244,98.244,NoButton,Move,836,306
98.261,98.261,NoButton,Move,761,326
98.277,98.277,NoButton,Move,694,346
98.295,98.295,NoButton,Move,638,365
98.311,98.311,NoButton,Move,585,385
98.327,98.327,NoButton,Move,538,402
98.344,98.344,NoButton,Move,497,421
98.36,98.36,NoButton,Move,476,433
98.377,98.377,NoButton,Move,463,442
98.394,98.394,NoButton,Move,453,451
98.41,98.41,NoButton,Move,444,460
98.427,98.427,NoButton,Move,437,469
98.444,98.444,NoButton,Move,430,478
98.46,98.46,NoButton,Move,426,485
98.477,98.477,NoButton,Move,420,492
98.494,98.494,NoButton,Move,408,501
98.511,98.511,NoButton,Move,398,508
98.528,98.528,NoButton,Move,387,515
98.545,98.545,NoButton,Move,376,522
98.56,98.56,NoButton,Move,364,527
98.577,98.577,NoButton,Move,351,532
98.594,98.594,NoButton,Move,335,538
98.61,98.61,NoButton,Move,320,545
98.627,98.627,NoButton,Move,307,550
98.645,98.645,NoButton,Move,294,556
98.661,98.661,NoButton,Move,282,564
98.678,98.678,NoButton,Move,270,571
98.694,98.694,NoButton,Move,255,581
98.71,98.71,NoButton,Move,242,590
98.727,98.727,NoButton,Move,227,600
98.745,98.745,NoButton,Move,213,609
98.761,98.761,NoButton,Move,201,617
98.777,98.777,NoButton,Move,193,622
98.794,98.794,NoButton,Move,186,626
98.81,98.81,NoButton,Move,183,628
98.827,98.827,NoButton,Move,183,628
98.844,98.844,NoButton,Move,182,628
98.861,98.861,NoButton,Move,182,628
98.963,98.963,Left,Pressed,182,628
99.1,99.1,NoButton,Drag,182,628
99.105,99.105,NoButton,Drag,183,628
99.108,99.108,NoButton,Drag,183,628
99.112,99.112,NoButton,Drag,183,628
99.116,99.116,NoButton,Drag,184,628
99.12,99.12,NoButton,Drag,185,627
99.124,99.124,NoButton,Drag,186,627
99.128,99.128,NoButton,Drag,188,626
99.132,99.132,NoButton,Drag,190,626
99.136,99.136,NoButton,Drag,193,625
99.14,99.14,NoButton,Drag,196,624
99.144,99.144,NoButton,Drag,200,623
99.148,99.148,NoButton,Drag,204,622
99.153,99.153,NoButton,Drag,210,621
99.156,99.156,NoButton,Drag,215,620
99.16,99.16,NoButton,Drag,221,618
99.164,99.164,NoButton,Drag,227,616
99.168,99.168,NoButton,Drag,233,615
99.172,99.172,NoButton,Drag,240,613
99.176,99.176,NoButton,Drag,248,611
99.18,99.18,NoButton,Drag,256,609
99.184,99.184,NoButton,Drag,265,607
99.188,99.188,NoButton,Drag,274,604
99.192,99.192,NoButton,Drag,284,601
99.196,99.196,NoButton,Drag,294,598
99.2,99.2,NoButton,Drag,304,595
99.204,99.204,NoButton,Drag,316,592
99.208,99.208,NoButton,Drag,327,588
99.212,99.212,NoButton,Drag,339,584
99.216,99.216,NoButton,Drag,351,580
99.22,99.22,NoButton,Drag,364,577
99.224,99.224,NoButton,Drag,376,572
99.228,99.228,NoButton,Drag,388,568
99.232,99.232,NoButton,Drag,400,564
99.236,99.236,NoButton,Drag,411,560
99.24,99.24,NoButton,Drag,424,556
99.244,99.244,NoButton,Drag,436,552
99.248,99.248,NoButton,Drag,446,548
99.253,99.253,NoButton,Drag,457,544
99.256,99.256,NoButton,Drag,468,539
99.26,99.26,NoButton,Drag,479,536
99.264,99.264,NoButton,Drag,488,532
99.268,99.268,NoButton,Drag,498,529
99.272,99.272,NoButton,Drag,506,526
99.276,99.276,NoButton,Drag,516,522
99.28,99.28,NoButton,Drag,524,519
99.284,99.284,NoButton,Drag,533,517
99.288,99.288,NoButton,Drag,542,514
99.292,99.292,NoButton,Drag,552,510
99.296,99.296,NoButton,Drag,563,507
99.3,99.3,NoButton,Drag,574,503
99.304,99.304,NoButton,Drag,584,500
99.308,99.308,NoButton,Drag,594,496
99.312,99.312,NoButton,Drag,605,492
99.316,99.316,NoButton,Drag,616,489
99.32,99.32,NoButton,Drag,627,485
99.324,99.324,NoButton,Drag,639,481
99.328,99.328,NoButton,Drag,650,477
99.332,99.332,NoButton,Drag,663,473
99.336,99.336,NoButton,Drag,675,469
99.34,99.34,NoButton,Drag,688,465
99.344,99.344,NoButton,Drag,698,462
99.348,99.348,NoButton,Drag,710,458
99.352,99.352,NoButton,Drag,722,453
99.356,99.356,NoButton,Drag,734,450
99.36,99.36,NoButton,Drag,747,445
99.364,99.364,NoButton,Drag,759,441
99.368,99.368,NoButton,Drag,771,437
99.372,99.372,NoButton,Drag,783,433
99.376,99.376,NoButton,Drag,796,428
99.38,99.38,NoButton,Drag,808,424
99.384,99.384,NoButton,Drag,820,420
99.388,99.388,NoButton,Drag,832,415
99.392,99.392,NoButton,Drag,844,411
99.396,99.396,NoButton,Drag,856,407
99.4,99.4,NoButton,Drag,866,404
99.404,99.404,NoButton,Drag,878,399
99.408,99.408,NoButton,Drag,889,396
99.412,99.412,NoButton,Drag,901,392
99.416,99.416,NoButton,Drag,913,387
99.42,99.42,NoButton,Drag,923,384
99.424,99.424,NoButton,Drag,934,380
99.428,99.428,NoButton,Drag,945,377
99.432,99.432,NoButton,Drag,955,373
99.436,99.436,NoButton,Drag,964,370
99.44,99.44,NoButton,Drag,973,367
99.444,99.444,NoButton,Drag,982,364
99.448,99.448,NoButton,Drag,990,360
99.452,99.452,NoButton,Drag,999,357
99.456,99.456,NoButton,Drag,1007,354
99.46,99.46,NoButton,Drag,1014,350
99.464,99.464,NoButton,Drag,1021,348
99.468,99.468,NoButton,Drag,1027,345
99.472,99.472,NoButton,Drag,1035,342
99.476,99.476,NoButton,Drag,1043,340
99.48,99.48,NoButton,Drag,1049,337
99.484,99.484,NoButton,Drag,1056,334
99.488,99.488,NoButton,Drag,1062,331
99.492,99.492,NoButton,Drag,1069,329
99.496,99.496,NoButton,Drag,1075,326
99.5,99.5,NoButton,Drag,1081,323
99.504,99.504,NoButton,Drag,1087,321
99.508,99.508,NoButton,Drag,1093,318
99.512,99.512,NoButton,Drag,1098,316
99.516,99.516,NoButton,Drag,1103,313
99.52,99.52,NoButton,Drag,1109,310
99.524,99.524,NoButton,Drag,1114,308
99.528,99.528,NoButton,Drag,1119,305
99.532,99.532,NoButton,Drag,1123,303
99.536,99.536,NoButton,Drag,1129,301
99.54,99.54,NoButton,Drag,1133,299
99.544,99.544,NoButton,Drag,1138,296
99.548,99.548,NoButton,Drag,1142,295
99.552,99.552,NoButton,Drag,1146,292
99.556,99.556,NoButton,Drag,1150,290
99.56,99.56,NoButton,Drag,1155,288
99.564,99.564,NoButton,Drag,1159,286
99.568,99.568,NoButton,Drag,1163,284
99.572,99.572,NoButton,Drag,1167,283
99.576,99.576,NoButton,Drag,1170,281
99.58,99.58,NoButton,Drag,1173,279
99.584,99.584,NoButton,Drag,1176,278
99.588,99.588,NoButton,Drag,1179,276
99.592,99.592,NoButton,Drag,1182,275
99.596,99.596,NoButton,Drag,1185,273
99.6,99.6,NoButton,Drag,1188,272
99.604,99.604,NoButton,Drag,1190,270
99.608,99.608,NoButton,Drag,1193,269
99.612,99.612,NoButton,Drag,1196,267
99.616,99.616,NoButton,Drag,1198,266
99.62,99.62,NoButton,Drag,1200,265
99.624,99.624,NoButton,Drag,1202,264
99.626,99.626,NoButton,Drag,1204,263
99.63,99.63,NoButton,Drag,1205,262
99.634,99.634,NoButton,Drag,1207,261
99.638,99.638,NoButton,Drag,1208,260
99.642,99.642,NoButton,Drag,1210,259
99.646,99.646,NoButton,Drag,1212,258
99.65,99.65,NoButton,Drag,1213,257
99.654,99.654,NoButton,Drag,1214,256
99.658,99.658,NoButton,Drag,1216,255
99.662,99.662,NoButton,Drag,1217,254
99.666,99.666,NoButton,Drag,1218,253
99.67,99.67,NoButton,Drag,1219,252
99.674,99.674,NoButton,Drag,1220,252
99.678,99.678,NoButton,Drag,1221,251
99.682,99.682,NoButton,Drag,1221,250
99.686,99.686,NoButton,Drag,1222,250
99.69,99.69,NoButton,Drag,1223,249
99.694,99.694,NoButton,Drag,1224,249
99.698,99.698,NoButton,Drag,1224,249
99.702,99.702,NoButton,Drag,1225,248
99.706,99.706,NoButton,Drag,1225,248
99.71,99.71,NoButton,Drag,1226,248
99.714,99.714,NoButton,Drag,1226,247
99.718,99.718,NoButton,Drag,1227,247
99.722,99.722,NoButton,Drag,1227,247
99.726,99.726,NoButton,Drag,1228,247
99.73,99.73,NoButton,Drag,1228,246
99.734,99.734,NoButton,Drag,1228,246
99.738,99.738,NoButton,Drag,1229,246
99.742,99.742,NoButton,Drag,1230,246
99.746,99.746,NoButton,Drag,1230,246
99.75,99.75,NoButton,Drag,1231,246
99.754,99.754,NoButton,Drag,1231,245
99.758,99.758,NoButton,Drag,1232,245
99.762,99.762,NoButton,Drag,1232,245
99.766,99.766,NoButton,Drag,1233,245
99.77,99.77,NoButton,Drag,1233,245
99.774,99.774,NoButton,Drag,1234,245
99.778,99.778,NoButton,Drag,1234,244
99.782,99.782,NoButton,Drag,1235,244
99.786,99.786,NoButton,Drag,1236,244
99.79,99.79,NoButton,Drag,1237,244
99.794,99.794,NoButton,Drag,1237,243
99.798,99.798,NoButton,Drag,1238,243
99.802,99.802,NoButton,Drag,1239,243
99.806,99.806,NoButton,Drag,1240,243
99.81,99.81,NoButton,Drag,1241,243
99.814,99.814,NoButton,Drag,1243,242
99.818,99.818,NoButton,Drag,1244,242
99.822,99.822,NoButton,Drag,1245,242
99.826,99.826,NoButton,Drag,1246,241
99.83,99.83,NoButton,Drag,1248,241
99.834,99.834,NoButton,Drag,1249,241
99.838,99.838,NoButton,Drag,1251,240
99.842,99.842,NoButton,Drag,1252,240
99.846,99.846,NoButton,Drag,1254,240
99.85,99.85,NoButton,Drag,1255,239
99.854,99.854,NoButton,Drag,1256,239
99.858,99.858,NoButton,Drag,1258,239
99.862,99.862,NoButton,Drag,1258,239
99.866,99.866,NoButton,Drag,1260,238
99.87,99.87,NoButton,Drag,1261,238
99.874,99.874,NoButton,Drag,1262,238
99.878,99.878,NoButton,Drag,1263,238
99.882,99.882,NoButton,Drag,1264,237
99.886,99.886,NoButton,Drag,1264,237
99.89,99.89,NoButton,Drag,1265,237
99.894,99.894,NoButton,Drag,1266,237
99.898,99.898,NoButton,Drag,1267,236
99.902,99.902,NoButton,Drag,1267,236
99.906,99.906,NoButton,Drag,1268,236
99.91,99.91,NoButton,Drag,1269,236
99.914,99.914,NoButton,Drag,1269,236
99.918,99.918,NoButton,Drag,1270,235
99.922,99.922,NoButton,Drag,1270,235
99.926,99.926,NoButton,Drag,1271,235
99.93,99.93,NoButton,Drag,1272,235
99.934,99.934,NoButton,Drag,1272,235
99.938,99.938,NoButton,Drag,1273,235
99.942,99.942,NoButton,Drag,1273,235
99.946,99.946,NoButton,Drag,1273,235
99.95,99.95,NoButton,Drag,1274,235
99.954,99.954,NoButton,Drag,1274,234
99.962,99.962,NoButton,Drag,1274,234
99.97,99.97,NoButton,Drag,1274,234
99.978,99.978,NoButton,Drag,1275,234
99.986,99.986,NoButton,Drag,1275,234
99.99,99.99,NoButton,Drag,1276,234
99.994,99.994,NoButton,Drag,1276,234
99.998,99.998,NoButton,Drag,1276,234
100.003,100.003,NoButton,Drag,1277,234
100.006,100.006,NoButton,Drag,1277,234
100.01,100.01,NoButton,Drag,1277,233
100.014,100.014,NoButton,Drag,1278,233
100.018,100.018,NoButton,Drag,1278,233
100.022,100.022,NoButton,Drag,1278,233
100.026,100.026,NoButton,Drag,1279,233
100.03,100.03,NoButton,Drag,1279,233
100.034,100.034,NoButton,Drag,1279,233
100.038,100.038,NoButton,Drag,1279,233
100.042,100.042,NoButton,Drag,1280,233
100.046,100.046,NoButton,Drag,1280,232
100.05,100.05,NoButton,Drag,1280,232
100.086,100.086,NoButton,Drag,1280,232
100.09,100.09,NoButton,Drag,1280,232
100.098,100.098,NoButton,Drag,1280,231
100.106,100.106,NoButton,Drag,1280,231
100.11,100.11,NoButton,Drag,1279,231
100.114,100.114,NoButton,Drag,1279,231
100.119,100.119,Left,Released,1279,231
100.12,100.12,NoButton,Move,1279,230
100.127,100.127,NoButton,Move,1278,230
100.144,100.144,NoButton,Move,1275,229
100.16,100.16,NoButton,Move,1268,228
100.177,100.177,NoButton,Move,1255,229
100.194,100.194,NoButton,Move,1231,234
100.212,100.212,NoButton,Move,1207,240
100.228,100.228,NoButton,Move,1185,249
100.244,100.244,NoButton,Move,1162,263
100.261,100.261,NoButton,Move,1146,273
100.278,100.278,NoButton,Move,1135,281
100.294,100.294,NoButton,Move,1130,286
100.311,100.311,NoButton,Move,1127,289
100.327,100.327,NoButton,Move,1126,292
100.344,100.344,NoButton,Move,1123,295
100.36,100.36,NoButton,Move,1120,298
100.378,100.378,NoButton,Move,1114,301
100.395,100.395,NoButton,Move,1103,306
100.41,100.41,NoButton,Move,1084,312
100.428,100.428,NoButton,Move,1043,321
100.444,100.444,NoButton,Move,1002,329
100.461,100.461,NoButton,Move,951,335
100.478,100.478,NoButton,Move,896,336
100.494,100.494,NoButton,Move,843,336
100.511,100.511,NoButton,Move,801,329
100.528,100.528,NoButton,Move,770,319
100.544,100.544,NoButton,Move,744,306
100.56,100.56,NoButton,Move,730,296
100.578,100.578,NoButton,Move,719,285
100.594,100.594,NoButton,Move,713,276
100.611,100.611,NoButton,Move,710,266
100.627,100.627,NoButton,Move,708,258
100.644,100.644,NoButton,Move,708,251
100.66,100.66,NoButton,Move,708,246
100.677,100.677,NoButton,Move,708,241
100.694,100.694,NoButton,Move,709,238
100.71,100.71,NoButton,Move,709,235
100.727,100.727,NoButton,Move,710,230
100.744,100.744,NoButton,Move,712,224
100.761,100.761,NoButton,Move,715,219
100.777,100.777,NoButton,Move,717,214
100.794,100.794,NoButton,Move,721,209
100.811,100.811,NoButton,Move,723,204
100.828,100.828,NoButton,Move,725,201
100.844,100.844,NoButton,Move,726,199
100.86,100.86,NoButton,Move,727,198
100.978,100.978,NoButton,Move,727,198
100.99,100.99,NoButton,Move,727,198
100.994,100.994,NoButton,Move,727,197
101.01,101.01,NoButton,Move,728,197
101.028,101.028,NoButton,Move,729,196
101.045,101.045,NoButton,Move,729,195
101.061,101.061,NoButton,Move,730,194
101.077,101.077,NoButton,Move,731,192
101.094,101.094,NoButton,Move,733,190
101.111,101.111,NoButton,Move,734,188
101.127,101.127,NoButton,Move,736,185
101.144,101.144,NoButton,Move,738,183
101.16,101.16,NoButton,Move,739,181
101.271,101.271,NoButton,Move,739,181
101.326,101.326,NoButton,Move,739,181
101.376,101.376,NoButton,Move,740,181
101.42,101.42,NoButton,Move,740,181
101.453,101.453,Left,Pressed,740,181
101.509,101.509,NoButton,Drag,740,181
101.629,101.629,Left,Released,740,181
101.731,101.731,NoButton,Move,740,181
101.794,101.794,NoButton,Move,740,181
101.824,101.824,NoButton,Move,740,181
101.844,101.844,NoButton,Move,740,181
101.884,101.884,NoButton,Move,740,182
101.904,101.904,NoButton,Move,740,182
101.916,101.916,NoButton,Move,739,182
101.928,101.928,NoButton,Move,739,182
101.945,101.945,NoButton,Move,738,183
101.961,101.961,NoButton,Move,738,183
102.094,102.094,NoButton,Move,738,183
102.103,102.103,NoButton,Move,737,183
102.111,102.111,NoButton,Move,737,183
102.128,102.128,NoButton,Move,736,183
102.145,102.145,NoButton,Move,733,184
102.162,102.162,NoButton,Move,727,184
102.177,102.177,NoButton,Move,713,184
102.194,102.194,NoButton,Move,687,180
102.211,102.211,NoButton,Move,653,174
102.228,102.228,NoButton,Move,610,164
102.244,102.244,NoButton,Move,564,153
102.262,102.262,NoButton,Move,523,142
102.277,102.277,NoButton,Move,490,131
102.294,102.294,NoButton,Move,459,122
102.311,102.311,NoButton,Move,442,115
102.328,102.328,NoButton,Move,432,112
102.344,102.344,NoButton,Move,426,111
102.361,102.361,NoButton,Move,422,111
102.377,102.377,NoButton,Move,420,111
102.394,102.394,NoButton,Move,416,112
102.411,102.411,NoButton,Move,412,112
102.428,102.428,NoButton,Move,409,112
102.444,102.444,NoButton,Move,406,112
102.461,102.461,NoButton,Move,405,112
102.478,102.478,NoButton,Move,404,113
102.495,102.495,NoButton,Move,403,113
102.852,102.852,NoButton,Move,402,113
102.856,102.856,NoButton,Move,402,112
102.861,102.861,NoButton,Move,402,112
102.877,102.877,NoButton,Move,402,112
102.895,102.895,NoButton,Move,401,111
102.911,102.911,NoButton,Move,401,110
102.927,102.927,NoButton,Move,400,109
102.944,102.944,NoButton,Move,398,108
102.961,102.961,NoButton,Move,395,105
102.977,102.977,NoButton,Move,390,101
102.995,102.995,NoButton,Move,382,94
103.011,103.011,NoButton,Move,375,88
103.027,103.027,NoButton,Move,369,84
103.044,103.044,NoButton,Move,366,81
103.061,103.061,NoButton,Move,365,80
103.342,103.342,NoButton,Move,365,80
103.354,103.354,NoButton,Move,366,80
103.366,103.366,NoButton,Move,366,80
103.378,103.378,NoButton,Move,366,80
103.394,103.394,NoButton,Move,367,81
103.411,103.411,NoButton,Move,368,81
103.428,103.428,NoButton,Move,369,81
103.444,103.444,NoButton,Move,369,81
103.461,103.461,NoButton,Move,370,81
103.477,103.477,NoButton,Move,371,81
103.495,103.495,NoButton,Move,371,82
103.511,103.511,NoButton,Move,372,82
103.55,103.55,NoButton,Move,372,82
103.57,103.57,NoButton,Move,372,82
103.578,103.578,NoButton,Move,372,82
103.736,103.736,NoButton,Move,373,82
103.74,103.74,NoButton,Move,373,82
103.744,103.744,NoButton,Move,373,82
103.761,103.761,NoButton,Move,373,83
103.778,103.778,NoButton,Move,373,83
103.794,103.794,NoButton,Move,373,84
103.81,103.81,NoButton,Move,373,84
103.827,103.827,NoButton,Move,373,84
103.888,103.888,NoButton,Move,373,85
103.897,103.897,NoButton,Move,373,85
103.911,103.911,NoButton,Move,373,85
103.928,103.928,NoButton,Move,373,85
103.944,103.944,NoButton,Move,374,87
103.961,103.961,NoButton,Move,375,87
103.977,103.977,NoButton,Move,377,89
103.995,103.995,NoButton,Move,378,90
104.011,104.011,NoButton,Move,379,91
104.027,104.027,NoButton,Move,379,91
104.048,104.048,NoButton,Move,380,91
104.271,104.271,NoButton,Move,380,91
104.426,104.426,NoButton,Move,380,91
104.434,104.434,NoButton,Move,380,91
104.444,104.444,NoButton,Move,381,91
104.462,104.462,NoButton,Move,381,91
104.478,104.478,NoButton,Move,381,91
104.495,104.495,NoButton,Move,381,92
104.511,104.511,NoButton,Move,382,92
104.528,104.528,NoButton,Move,382,92
104.545,104.545,NoButton,Move,382,92
104.561,104.561,NoButton,Move,383,92
104.578,104.578,NoButton,Move,383,92
104.594,104.594,NoButton,Move,384,92
104.611,104.611,NoButton,Move,385,92
104.628,104.628,NoButton,Move,386,92
104.65,104.65,NoButton,Move,386,92
104.661,104.661,NoButton,Move,386,92
104.677,104.677,NoButton,Move,387,92
104.695,104.695,NoButton,Move,388,92
104.711,104.711,NoButton,Move,388,92
104.727,104.727,NoButton,Move,388,92
104.744,104.744,NoButton,Move,389,91
104.761,104.761,NoButton,Move,389,91
104.778,104.778,NoButton,Move,390,91
104.794,104.794,NoButton,Move,391,90
104.811,104.811,NoButton,Move,393,90
104.828,104.828,NoButton,Move,395,90
104.844,104.844,NoButton,Move,396,90
104.861,104.861,NoButton,Move,397,89
104.878,104.878,NoButton,Move,398,89
104.894,104.894,NoButton,Move,399,89
104.911,104.911,NoButton,Move,400,89
104.927,104.927,NoButton,Move,400,89
104.944,104.944,NoButton,Move,402,88
104.961,104.961,NoButton,Move,405,88
104.977,104.977,NoButton,Move,407,88
104.994,104.994,NoButton,Move,410,88
105.012,105.012,NoButton,Move,412,88
105.028,105.028,NoButton,Move,414,88
105.044,105.044,NoButton,Move,416,88
105.061,105.061,NoButton,Move,418,88
105.078,105.078,NoButton,Move,420,88
105.094,105.094,NoButton,Move,422,88
105.11,105.11,NoButton,Move,426,89
105.127,105.127,NoButton,Move,430,89
105.144,105.144,NoButton,Move,436,89
105.161,105.161,NoButton,Move,438,89
105.177,105.177,NoButton,Move,439,89
105.194,105.194,NoButton,Move,441,89
105.212,105.212,NoButton,Move,444,89
105.227,105.227,NoButton,Move,448,90
105.244,105.244,NoButton,Move,455,91
105.261,105.261,NoButton,Move,460,92
105.278,105.278,NoButton,Move,466,92
105.294,105.294,NoButton,Move,471,94
105.312,105.312,NoButton,Move,476,95
105.327,105.327,NoButton,Move,482,96
105.344,105.344,NoButton,Move,489,98
105.36,105.36,NoButton,Move,497,99
105.377,105.377,NoButton,Move,506,100
105.394,105.394,NoButton,Move,518,102
105.411,105.411,NoButton,Move,527,104
105.427,105.427,NoButton,Move,534,106
105.444,105.444,NoButton,Move,537,106
105.461,105.461,NoButton,Move,538,106
105.686,105.686,NoButton,Move,538,106
105.694,105.694,NoButton,Move,539,106
105.711,105.711,NoButton,Move,539,106
105.727,105.727,NoButton,Move,540,106
105.744,105.744,NoButton,Move,540,106
105.761,105.761,NoButton,Move,541,106
105.778,105.778,NoButton,Move,543,105
105.794,105.794,NoButton,Move,547,105
105.811,105.811,NoButton,Move,550,105
105.827,105.827,NoButton,Move,554,105
105.844,105.844,NoButton,Move,557,105
105.86,105.86,NoButton,Move,559,105
105.878,105.878,NoButton,Move,561,105
105.895,105.895,NoButton,Move,563,106
105.911,105.911,NoButton,Move,564,106
105.927,105.927,NoButton,Move,564,106
105.966,105.966,NoButton,Move,564,106
105.971,105.971,NoButton,Move,565,106
105.978,105.978,NoButton,Move,566,106
105.995,105.995,NoButton,Move,569,106
106.01,106.01,NoButton,Move,573,107
106.027,106.027,NoButton,Move,578,108
106.044,106.044,NoButton,Move,585,110
106.061,106.061,NoButton,Move,591,110
106.078,106.078,NoButton,Move,595,111
106.094,106.094,NoButton,Move,599,111
106.111,106.111,NoButton,Move,603,111
106.128,106.128,NoButton,Move,606,111
106.144,106.144,NoButton,Move,611,111
106.161,106.161,NoButton,Move,614,111
106.178,106.178,NoButton,Move,618,111
106.194,106.194,NoButton,Move,620,111
106.211,106.211,NoButton,Move,621,111
106.268,106.268,NoButton,Move,621,111
106.276,106.276,NoButton,Move,621,111
106.28,106.28,NoButton,Move,622,111
106.294,106.294,NoButton,Move,623,110
106.311,106.311,NoButton,Move,626,109
106.328,106.328,NoButton,Move,629,109
106.344,106.344,NoButton,Move,634,109
106.361,106.361,NoButton,Move,640,109
106.378,106.378,NoButton,Move,646,109
106.395,106.395,NoButton,Move,652,109
106.412,106.412,NoButton,Move,657,109
106.427,106.427,NoButton,Move,661,109
106.444,106.444,NoButton,Move,665,109
106.46,106.46,NoButton,Move,668,109
106.477,106.477,NoButton,Move,670,109
106.494,106.494,NoButton,Move,672,108
106.511,106.511,NoButton,Move,673,108
106.528,106.528,NoButton,Move,675,108
106.544,106.544,NoButton,Move,678,108
106.561,106.561,NoButton,Move,681,108
106.577,106.577,NoButton,Move,685,108
106.594,106.594,NoButton,Move,692,108
106.61,106.61,NoButton,Move,700,108
106.627,106.627,NoButton,Move,708,108
106.645,106.645,NoButton,Move,715,108
106.66,106.66,NoButton,Move,721,107
106.678,106.678,NoButton,Move,726,107
106.694,106.694,NoButton,Move,731,106
106.711,106.711,NoButton,Move,733,106
106.728,106.728,NoButton,Move,736,106
106.744,106.744,NoButton,Move,738,105
106.761,106.761,NoButton,Move,741,105
106.778,106.778,NoButton,Move,746,104
106.794,106.794,NoButton,Move,752,103
106.811,106.811,NoButton,Move,760,102
106.828,106.828,NoButton,Move,767,101
106.844,106.844,NoButton,Move,773,100
106.861,106.861,NoButton,Move,779,100
106.878,106.878,NoButton,Move,783,98
106.894,106.894,NoButton,Move,788,98
106.911,106.911,NoButton,Move,791,97
106.928,106.928,NoButton,Move,794,96
106.945,106.945,NoButton,Move,796,96
106.961,106.961,NoButton,Move,799,95
106.978,106.978,NoButton,Move,804,94
106.994,106.994,NoButton,Move,812,93
107.01,107.01,NoButton,Move,820,92
107.028,107.028,NoButton,Move,829,90
107.044,107.044,NoButton,Move,839,88
107.06,107.06,NoButton,Move,847,87
107.078,107.078,NoButton,Move,856,86
107.094,107.094,NoButton,Move,864,85
107.111,107.111,NoButton,Move,870,83
107.129,107.129,NoButton,Move,873,83
107.144,107.144,NoButton,Move,874,83
107.18,107.18,NoButton,Move,874,83
107.184,107.184,NoButton,Move,874,83
107.194,107.194,NoButton,Move,875,83
107.211,107.211,NoButton,Move,878,82
107.227,107.227,NoButton,Move,880,82
107.245,107.245,NoButton,Move,886,81
107.261,107.261,NoButton,Move,891,81
107.277,107.277,NoButton,Move,896,80
107.294,107.294,NoButton,Move,903,79
107.31,107.31,NoButton,Move,910,79
107.327,107.327,NoButton,Move,918,79
107.344,107.344,NoButton,Move,928,79
107.361,107.361,NoButton,Move,936,79
107.378,107.378,NoButton,Move,942,78
107.394,107.394,NoButton,Move,948,78
107.411,107.411,NoButton,Move,953,77
107.427,107.427,NoButton,Move,956,77
107.444,107.444,NoButton,Move,957,77
107.461,107.461,NoButton,Move,958,77
107.478,107.478,NoButton,Move,958,77
107.495,107.495,NoButton,Move,958,76
107.51,107.51,NoButton,Move,959,76
107.527,107.527,NoButton,Move,961,76
107.544,107.544,NoButton,Move,964,76
107.561,107.561,NoButton,Move,969,76
107.578,107.578,NoButton,Move,975,77
107.594,107.594,NoButton,Move,982,77
107.611,107.611,NoButton,Move,990,77
107.628,107.628,NoButton,Move,996,77
107.645,107.645,NoButton,Move,1001,77
107.66,107.66,NoButton,Move,1003,77
107.677,107.677,NoButton,Move,1003,77
107.714,107.714,NoButton,Move,1003,77
107.718,107.718,NoButton,Move,1003,77
107.854,107.854,NoButton,Move,1003,77
107.862,107.862,NoButton,Move,1003,77
107.877,107.877,NoButton,Move,1003,78
107.894,107.894,NoButton,Move,1001,81
107.91,107.91,NoButton,Move,999,83
107.928,107.928,NoButton,Move,996,85
107.944,107.944,NoButton,Move,991,87
107.961,107.961,NoButton,Move,986,90
107.978,107.978,NoButton,Move,978,94
107.994,107.994,NoButton,Move,965,98
108.011,108.011,NoButton,Move,952,102
108.027,108.027,NoButton,Move,936,106
108.045,108.045,NoButton,Move,917,111
108.061,108.061,NoButton,Move,901,114
108.077,108.077,NoButton,Move,887,118
108.094,108.094,NoButton,Move,873,122
108.111,108.111,NoButton,Move,857,126
108.127,108.127,NoButton,Move,843,128
108.144,108.144,NoButton,Move,829,131
108.161,108.161,NoButton,Move,813,133
108.178,108.178,NoButton,Move,794,134
108.194,108.194,NoButton,Move,774,136
108.211,108.211,NoButton,Move,747,137
108.227,108.227,NoButton,Move,725,137
108.244,108.244,NoButton,Move,702,138
108.261,108.261,NoButton,Move,677,139
108.278,108.278,NoButton,Move,651,140
108.294,108.294,NoButton,Move,633,140
108.312,108.312,NoButton,Move,616,140
108.327,108.327,NoButton,Move,604,140
108.344,108.344,NoButton,Move,595,140
108.361,108.361,NoButton,Move,586,140
108.377,108.377,NoButton,Move,580,140
108.394,108.394,NoButton,Move,573,140
108.411,108.411,NoButton,Move,565,140
108.428,108.428,NoButton,Move,556,140
108.444,108.444,NoButton,Move,544,141
108.461,108.461,NoButton,Move,534,141
108.477,108.477,NoButton,Move,524,140
108.494,108.494,NoButton,Move,514,140
108.512,108.512,NoButton,Move,505,140
108.528,108.528,NoButton,Move,498,140
108.544,108.544,NoButton,Move,494,140
108.561,108.561,NoButton,Move,488,139
108.578,108.578,NoButton,Move,482,138
108.594,108.594,NoButton,Move,479,137
108.61,108.61,NoButton,Move,475,137
108.627,108.627,NoButton,Move,472,136
108.644,108.644,NoButton,Move,469,136
108.661,108.661,NoButton,Move,466,135
108.677,108.677,NoButton,Move,464,135
108.694,108.694,NoButton,Move,462,134
108.711,108.711,NoButton,Move,460,134
108.728,108.728,NoButton,Move,458,134
108.744,108.744,NoButton,Move,457,133
108.761,108.761,NoButton,Move,455,133
108.778,108.778,NoButton,Move,454,133
108.794,108.794,NoButton,Move,452,133
108.811,108.811,NoButton,Move,451,133
108.827,108.827,NoButton,Move,450,132
108.844,108.844,NoButton,Move,449,132
108.986,108.986,NoButton,Move,449,132
108.994,108.994,NoButton,Move,449,132
109.011,109.011,NoButton,Move,449,131
109.028,109.028,NoButton,Move,450,130
109.045,109.045,NoButton,Move,452,129
109.061,109.061,NoButton,Move,454,129
109.077,109.077,NoButton,Move,455,128
109.094,109.094,NoButton,Move,457,128
109.111,109.111,NoButton,Move,461,127
109.128,109.128,NoButton,Move,464,126
109.145,109.145,NoButton,Move,468,126
109.161,109.161,NoButton,Move,473,126
109.178,109.178,NoButton,Move,478,126
109.194,109.194,NoButton,Move,483,126
109.21,109.21,NoButton,Move,488,127
109.227,109.227,NoButton,Move,493,128
109.244,109.244,NoButton,Move,498,130
109.26,109.26,NoButton,Move,504,131
109.278,109.278,NoButton,Move,510,132
109.294,109.294,NoButton,Move,514,133
109.311,109.311,NoButton,Move,519,134
109.328,109.328,NoButton,Move,523,135
109.344,109.344,NoButton,Move,526,135
109.36,109.36,NoButton,Move,530,135
109.378,109.378,NoButton,Move,533,135
109.394,109.394,NoButton,Move,536,135
109.41,109.41,NoButton,Move,538,135
109.428,109.428,NoButton,Move,540,135
109.444,109.444,NoButton,Move,542,135
109.461,109.461,NoButton,Move,544,135
109.478,109.478,NoButton,Move,546,135
109.494,109.494,NoButton,Move,549,135
109.511,109.511,NoButton,Move,553,135
109.527,109.527,NoButton,Move,558,135
109.545,109.545,NoButton,Move,565,135
109.56,109.56,NoButton,Move,570,135
109.578,109.578,NoButton,Move,575,134
109.594,109.594,NoButton,Move,579,133
109.611,109.611,NoButton,Move,582,133
109.628,109.628,NoButton,Move,585,132
109.644,109.644,NoButton,Move,587,131
109.661,109.661,NoButton,Move,591,130
109.678,109.678,NoButton,Move,594,130
109.694,109.694,NoButton,Move,597,129
109.711,109.711,NoButton,Move,600,128
109.727,109.727,NoButton,Move,604,127
109.744,109.744,NoButton,Move,609,126
109.761,109.761,NoButton,Move,613,125
109.778,109.778,NoButton,Move,618,125
109.794,109.794,NoButton,Move,623,125
109.811,109.811,NoButton,Move,629,125
109.827,109.827,NoButton,Move,634,125
109.844,109.844,NoButton,Move,640,125
109.861,109.861,NoButton,Move,647,125
109.878,109.878,NoButton,Move,653,125
109.894,109.894,NoButton,Move,659,125
109.911,109.911,NoButton,Move,665,125
109.927,109.927,NoButton,Move,670,125
109.944,109.944,NoButton,Move,675,125
109.961,109.961,NoButton,Move,680,125
109.978,109.978,NoButton,Move,683,125
109.994,109.994,NoButton,Move,688,126
110.011,110.011,NoButton,Move,694,126
110.028,110.028,NoButton,Move,699,126
110.045,110.045,NoButton,Move,704,127
110.06,110.06,NoButton,Move,710,127
110.078,110.078,NoButton,Move,715,128
110.094,110.094,NoButton,Move,722,128
110.111,110.111,NoButton,Move,727,129
110.127,110.127,NoButton,Move,733,130
110.144,110.144,NoButton,Move,739,131
110.161,110.161,NoButton,Move,745,131
110.177,110.177,NoButton,Move,751,132
110.194,110.194,NoButton,Move,757,133
110.211,110.211,NoButton,Move,763,133
110.227,110.227,NoButton,Move,768,133
110.244,110.244,NoButton,Move,773,133
110.261,110.261,NoButton,Move,778,134
110.277,110.277,NoButton,Move,782,134
110.294,110.294,NoButton,Move,787,135
110.311,110.311,NoButton,Move,794,136
110.328,110.328,NoButton,Move,800,136
110.345,110.345,NoButton,Move,807,136
110.36,110.36,NoButton,Move,814,136
110.378,110.378,NoButton,Move,821,137
110.394,110.394,NoButton,Move,828,137
110.411,110.411,NoButton,Move,838,137
110.427,110.427,NoButton,Move,844,137
110.445,110.445,NoButton,Move,850,137
110.461,110.461,NoButton,Move,854,137
110.477,110.477,NoButton,Move,859,137
110.494,110.494,NoButton,Move,864,137
110.511,110.511,NoButton,Move,869,137
110.527,110.527,NoButton,Move,875,137
110.545,110.545,NoButton,Move,882,137
110.561,110.561,NoButton,Move,890,136
110.577,110.577,NoButton,Move,894,136
110.595,110.595,NoButton,Move,900,136
110.611,110.611,NoButton,Move,902,136
110.627,110.627,NoButton,Move,903,136
110.708,110.708,NoButton,Move,903,136
110.712,110.712,NoButton,Move,903,136
110.727,110.727,NoButton,Move,904,136
110.744,110.744,NoButton,Move,906,136
110.761,110.761,NoButton,Move,909,135
110.777,110.777,NoButton,Move,912,135
110.794,110.794,NoButton,Move,916,135
110.81,110.81,NoButton,Move,920,134
110.827,110.827,NoButton,Move,925,134
110.844,110.844,NoButton,Move,928,133
110.861,110.861,NoButton,Move,929,133
111.024,111.024,NoButton,Move,929,133
111.036,111.036,NoButton,Move,929,133
111.044,111.044,NoButton,Move,929,133
111.061,111.061,NoButton,Move,927,135
111.077,111.077,NoButton,Move,925,136
111.094,111.094,NoButton,Move,921,138
111.111,111.111,NoButton,Move,914,141
111.127,111.127,NoButton,Move,902,144
111.144,111.144,NoButton,Move,880,150
111.162,111.162,NoButton,Move,859,154
111.178,111.178,NoButton,Move,828,158
111.194,111.194,NoButton,Move,792,160
111.211,111.211,NoButton,Move,739,163
111.228,111.228,NoButton,Move,699,164
111.244,111.244,NoButton,Move,660,164
111.261,111.261,NoButton,Move,621,164
111.278,111.278,NoButton,Move,585,164
111.294,111.294,NoButton,Move,542,164
111.31,111.31,NoButton,Move,513,164
111.327,111.327,NoButton,Move,488,164
111.344,111.344,NoButton,Move,469,163
111.361,111.361,NoButton,Move,454,163
111.377,111.377,NoButton,Move,443,162
111.394,111.394,NoButton,Move,434,161
111.411,111.411,NoButton,Move,429,161
111.427,111.427,NoButton,Move,427,160
111.444,111.444,NoButton,Move,424,160
111.46,111.46,NoButton,Move,421,160
111.478,111.478,NoButton,Move,417,160
111.494,111.494,NoButton,Move,414,160
111.511,111.511,NoButton,Move,412,160
111.527,111.527,NoButton,Move,411,160
111.545,111.545,NoButton,Move,411,160
111.56,111.56,NoButton,Move,410,160
111.577,111.577,NoButton,Move,409,160
111.594,111.594,NoButton,Move,408,160
111.611,111.611,NoButton,Move,407,160
111.666,111.666,NoButton,Move,407,160
111.67,111.67,NoButton,Move,407,160
111.682,111.682,NoButton,Move,407,160
111.698,111.698,NoButton,Move,407,160
111.711,111.711,NoButton,Move,406,160
111.727,111.727,NoButton,Move,406,159
111.744,111.744,NoButton,Move,406,158
111.761,111.761,NoButton,Move,406,157
111.777,111.777,NoButton,Move,406,156
111.795,111.795,NoButton,Move,406,155
111.811,111.811,NoButton,Move,406,154
111.828,111.828,NoButton,Move,406,153
111.844,111.844,NoButton,Move,406,152
111.861,111.861,NoButton,Move,406,152
111.877,111.877,NoButton,Move,406,151
111.894,111.894,NoButton,Move,406,150
111.911,111.911,NoButton,Move,406,150
111.928,111.928,NoButton,Move,406,149
111.944,111.944,NoButton,Move,406,148
111.961,111.961,NoButton,Move,406,148
111.978,111.978,NoButton,Move,406,147
111.994,111.994,NoButton,Move,406,147
112.011,112.011,NoButton,Move,405,147
112.028,112.028,NoButton,Move,405,147
112.044,112.044,NoButton,Move,405,146
112.061,112.061,NoButton,Move,405,145
112.078,112.078,NoButton,Move,405,145
112.094,112.094,NoButton,Move,405,145
112.631,112.631,Left,Pressed,405,145
112.845,112.845,Left,Released,405,145
112.859,112.859,NoButton,Move,405,145
112.877,112.877,NoButton,Move,405,144
112.896,112.896,NoButton,Move,405,144
113.008,113.008,NoButton,Move,405,143
113.02,113.02,NoButton,Move,405,143
113.032,113.032,NoButton,Move,406,143
113.045,113.045,NoButton,Move,406,142
113.061,113.061,NoButton,Move,408,142
113.078,113.078,NoButton,Move,410,142
113.094,113.094,NoButton,Move,414,141
113.111,113.111,NoButton,Move,419,141
113.127,113.127,NoButton,Move,426,141
113.144,113.144,NoButton,Move,434,142
113.161,113.161,NoButton,Move,446,143
113.177,113.177,NoButton,Move,454,144
113.194,113.194,NoButton,Move,462,145
113.21,113.21,NoButton,Move,468,145
113.227,113.227,NoButton,Move,474,145
113.244,113.244,NoButton,Move,477,145
113.261,113.261,NoButton,Move,482,146
113.278,113.278,NoButton,Move,487,146
113.294,113.294,NoButton,Move,492,146
113.311,113.311,NoButton,Move,498,146
113.327,113.327,NoButton,Move,506,146
113.344,113.344,NoButton,Move,515,146
113.361,113.361,NoButton,Move,521,146
113.378,113.378,NoButton,Move,526,146
113.394,113.394,NoButton,Move,529,146
113.411,113.411,NoButton,Move,532,146
113.427,113.427,NoButton,Move,533,146
113.444,113.444,NoButton,Move,535,146
113.46,113.46,NoButton,Move,537,146
113.477,113.477,NoButton,Move,539,146
113.494,113.494,NoButton,Move,542,146
113.511,113.511,NoButton,Move,545,147
113.527,113.527,NoButton,Move,548,147
113.544,113.544,NoButton,Move,550,148
113.562,113.562,NoButton,Move,552,148
113.578,113.578,NoButton,Move,553,148
113.902,113.902,NoButton,Move,553,148
113.985,113.985,Left,Pressed,553,148
113.99,113.99,NoButton,Drag,553,148
114.149,114.149,Left,Released,553,148
114.468,114.468,NoButton,Move,553,148
114.472,114.472,NoButton,Move,554,148
114.488,114.488,NoButton,Move,554,148
114.496,114.496,NoButton,Move,554,148
114.51,114.51,NoButton,Move,554,148
114.527,114.527,NoButton,Move,555,148
114.544,114.544,NoButton,Move,556,148
114.56,114.56,NoButton,Move,556,148
114.682,114.682,NoButton,Move,556,148
114.69,114.69,NoButton,Move,556,148
114.698,114.698,NoButton,Move,557,148
114.711,114.711,NoButton,Move,557,148
114.727,114.727,NoButton,Move,558,148
114.744,114.744,NoButton,Move,559,148
114.761,114.761,NoButton,Move,561,148
114.777,114.777,NoButton,Move,565,149
114.794,114.794,NoButton,Move,570,150
114.811,114.811,NoButton,Move,576,151
114.828,114.828,NoButton,Move,582,153
114.844,114.844,NoButton,Move,589,154
114.861,114.861,NoButton,Move,596,156
114.877,114.877,NoButton,Move,602,157
114.894,114.894,NoButton,Move,608,158
114.911,114.911,NoButton,Move,615,160
114.927,114.927,NoButton,Move,621,161
114.944,114.944,NoButton,Move,626,162
114.96,114.96,NoButton,Move,632,163
114.977,114.977,NoButton,Move,637,164
114.994,114.994,NoButton,Move,641,165
115.011,115.011,NoButton,Move,645,165
115.027,115.027,NoButton,Move,648,166
115.043,115.043,NoButton,Move,651,166
115.06,115.06,NoButton,Move,654,167
115.078,115.078,NoButton,Move,656,167
115.094,115.094,NoButton,Move,658,167
115.111,115.111,NoButton,Move,661,167
115.127,115.127,NoButton,Move,663,167
115.144,115.144,NoButton,Move,665,167
115.161,115.161,NoButton,Move,668,167
115.178,115.178,NoButton,Move,669,167
115.195,115.195,NoButton,Move,671,167
115.211,115.211,NoButton,Move,674,168
115.227,115.227,NoButton,Move,677,168
115.244,115.244,NoButton,Move,680,169
115.261,115.261,NoButton,Move,683,169
115.278,115.278,NoButton,Move,685,169
115.294,115.294,NoButton,Move,686,169
115.356,115.356,NoButton,Move,687,169
115.36,115.36,NoButton,Move,687,169
115.377,115.377,NoButton,Move,688,169
115.394,115.394,NoButton,Move,690,169
115.412,115.412,NoButton,Move,692,169
115.427,115.427,NoButton,Move,695,169
115.444,115.444,NoButton,Move,700,169
115.461,115.461,NoButton,Move,704,169
115.477,115.477,NoButton,Move,708,169
115.494,115.494,NoButton,Move,711,169
115.511,115.511,NoButton,Move,715,169
115.528,115.528,NoButton,Move,719,170
115.544,115.544,NoButton,Move,724,170
115.561,115.561,NoButton,Move,729,171
115.578,115.578,NoButton,Move,733,171
115.594,115.594,NoButton,Move,737,171
115.611,115.611,NoButton,Move,741,171
115.627,115.627,NoButton,Move,746,171
115.644,115.644,NoButton,Move,748,171
115.661,115.661,NoButton,Move,752,171
115.677,115.677,NoButton,Move,755,171
115.694,115.694,NoButton,Move,759,171
115.71,115.71,NoButton,Move,762,171
115.727,115.727,NoButton,Move,765,172
115.745,115.745,NoButton,Move,768,172
115.76,115.76,NoButton,Move,770,172
115.778,115.778,NoButton,Move,772,173
115.794,115.794,NoButton,Move,773,173
115.811,115.811,NoButton,Move,774,173
115.827,115.827,NoButton,Move,775,173
115.844,115.844,NoButton,Move,777,173
115.86,115.86,NoButton,Move,778,173
115.877,115.877,NoButton,Move,779,173
115.894,115.894,NoButton,Move,781,173
115.911,115.911,NoButton,Move,783,173
115.928,115.928,NoButton,Move,785,172
115.944,115.944,NoButton,Move,786,172
115.961,115.961,NoButton,Move,788,171
115.977,115.977,NoButton,Move,790,171
115.994,115.994,NoButton,Move,792,171
116.011,116.011,NoButton,Move,795,170
116.027,116.027,NoButton,Move,799,170
116.044,116.044,NoButton,Move,802,169
116.061,116.061,NoButton,Move,806,169
116.077,116.077,NoButton,Move,808,168
116.094,116.094,NoButton,Move,809,168
116.218,116.218,NoButton,Move,809,168
116.226,116.226,NoButton,Move,809,168
116.234,116.234,NoButton,Move,809,168
116.244,116.244,NoButton,Move,810,167
116.26,116.26,NoButton,Move,812,167
116.277,116.277,NoButton,Move,814,166
116.294,116.294,NoButton,Move,819,166
116.311,116.311,NoButton,Move,824,165
116.327,116.327,NoButton,Move,831,165
116.344,116.344,NoButton,Move,841,164
116.36,116.36,NoButton,Move,848,164
116.378,116.378,NoButton,Move,854,164
116.394,116.394,NoButton,Move,857,164
116.444,116.444,NoButton,Move,857,164
116.448,116.448,NoButton,Move,857,164
116.461,116.461,NoButton,Move,855,165
116.478,116.478,NoButton,Move,851,167
116.493,116.493,NoButton,Move,843,170
116.511,116.511,NoButton,Move,832,174
116.527,116.527,NoButton,Move,815,179
116.544,116.544,NoButton,Move,786,187
116.561,116.561,NoButton,Move,758,193
116.577,116.577,NoButton,Move,725,200
116.594,116.594,NoButton,Move,687,208
116.611,116.611,NoButton,Move,647,213
116.628,116.628,NoButton,Move,603,219
116.644,116.644,NoButton,Move,545,225
116.661,116.661,NoButton,Move,498,230
116.678,116.678,NoButton,Move,454,234
116.694,116.694,NoButton,Move,419,236
116.711,116.711,NoButton,Move,393,238
116.727,116.727,NoButton,Move,372,240
116.744,116.744,NoButton,Move,354,243
116.761,116.761,NoButton,Move,339,246
116.777,116.777,NoButton,Move,333,247
116.794,116.794,NoButton,Move,331,248
116.811,116.811,NoButton,Move,331,248
116.827,116.827,NoButton,Move,331,249
116.844,116.844,NoButton,Move,331,249
116.86,116.86,NoButton,Move,331,249
116.877,116.877,NoButton,Move,331,250
116.895,116.895,NoButton,Move,330,250
116.926,116.926,NoButton,Move,330,250
116.982,116.982,NoButton,Move,330,250
116.986,116.986,NoButton,Move,331,250
116.995,116.995,NoButton,Move,331,250
117.011,117.011,NoButton,Move,332,250
117.028,117.028,NoButton,Move,333,250
117.044,117.044,NoButton,Move,334,250
117.061,117.061,NoButton,Move,337,250
117.077,117.077,NoButton,Move,340,249
117.094,117.094,NoButton,Move,345,248
117.111,117.111,NoButton,Move,350,247
117.128,117.128,NoButton,Move,355,245
117.144,117.144,NoButton,Move,360,244
117.161,117.161,NoButton,Move,365,244
117.177,117.177,NoButton,Move,369,242
117.194,117.194,NoButton,Move,374,241
117.211,117.211,NoButton,Move,379,240
117.228,117.228,NoButton,Move,384,239
117.244,117.244,NoButton,Move,389,238
117.261,117.261,NoButton,Move,394,237
117.277,117.277,NoButton,Move,401,237
117.294,117.294,NoButton,Move,408,237
117.311,117.311,NoButton,Move,415,237
117.328,117.328,NoButton,Move,421,237
117.344,117.344,NoButton,Move,428,237
117.361,117.361,NoButton,Move,433,236
117.377,117.377,NoButton,Move,439,236
117.395,117.395,NoButton,Move,443,236
117.41,117.41,NoButton,Move,447,235
117.428,117.428,NoButton,Move,450,235
117.444,117.444,NoButton,Move,452,235
117.461,117.461,NoButton,Move,456,235
117.477,117.477,NoButton,Move,459,235
117.494,117.494,NoButton,Move,463,235
117.51,117.51,NoButton,Move,466,235
117.528,117.528,NoButton,Move,470,235
117.544,117.544,NoButton,Move,474,235
117.561,117.561,NoButton,Move,479,235
117.578,117.578,NoButton,Move,482,235
117.595,117.595,NoButton,Move,485,235
117.61,117.61,NoButton,Move,487,235
117.627,117.627,NoButton,Move,490,235
117.644,117.644,NoButton,Move,492,235
117.66,117.66,NoButton,Move,497,235
117.678,117.678,NoButton,Move,501,235
117.694,117.694,NoButton,Move,507,235
117.71,117.71,NoButton,Move,513,235
117.727,117.727,NoButton,Move,518,235
117.744,117.744,NoButton,Move,524,234
117.761,117.761,NoButton,Move,532,234
117.777,117.777,NoButton,Move,538,234
117.794,117.794,NoButton,Move,545,234
117.81,117.81,NoButton,Move,551,234
117.827,117.827,NoButton,Move,556,235
117.844,117.844,NoButton,Move,563,235
117.861,117.861,NoButton,Move,567,235
117.877,117.877,NoButton,Move,570,235
117.894,117.894,NoButton,Move,573,235
117.911,117.911,NoButton,Move,575,235
117.927,117.927,NoButton,Move,576,235
117.944,117.944,NoButton,Move,577,235
117.961,117.961,NoButton,Move,579,234
117.977,117.977,NoButton,Move,581,234
117.994,117.994,NoButton,Move,584,233
118.011,118.011,NoButton,Move,588,233
118.027,118.027,NoButton,Move,593,233
118.044,118.044,NoButton,Move,597,232
118.06,118.06,NoButton,Move,602,231
118.078,118.078,NoButton,Move,607,231
118.094,118.094,NoButton,Move,611,230
118.111,118.111,NoButton,Move,616,229
118.127,118.127,NoButton,Move,620,229
118.144,118.144,NoButton,Move,623,229
118.16,118.16,NoButton,Move,626,229
118.177,118.177,NoButton,Move,628,228
118.194,118.194,NoButton,Move,629,228
118.21,118.21,NoButton,Move,631,228
118.227,118.227,NoButton,Move,634,228
118.244,118.244,NoButton,Move,636,228
118.261,118.261,NoButton,Move,639,228
118.277,118.277,NoButton,Move,642,228
118.294,118.294,NoButton,Move,646,228
118.311,118.311,NoButton,Move,650,228
118.328,118.328,NoButton,Move,653,228
118.344,118.344,NoButton,Move,656,228
118.361,118.361,NoButton,Move,660,228
118.378,118.378,NoButton,Move,663,228
118.394,118.394,NoButton,Move,666,228
118.411,118.411,NoButton,Move,669,228
118.427,118.427,NoButton,Move,671,228
118.444,118.444,NoButton,Move,672,228
118.46,118.46,NoButton,Move,673,228
118.477,118.477,NoButton,Move,674,228
118.494,118.494,NoButton,Move,676,228
118.51,118.51,NoButton,Move,677,228
118.527,118.527,NoButton,Move,679,228
118.544,118.544,NoButton,Move,682,228
118.56,118.56,NoButton,Move,687,228
118.578,118.578,NoButton,Move,692,228
118.594,118.594,NoButton,Move,698,228
118.611,118.611,NoButton,Move,707,228
118.627,118.627,NoButton,Move,716,228
118.644,118.644,NoButton,Move,726,228
118.66,118.66,NoButton,Move,738,228
118.678,118.678,NoButton,Move,747,227
118.693,118.693,NoButton,Move,757,225
118.711,118.711,NoButton,Move,765,225
118.727,118.727,NoButton,Move,773,224
118.744,118.744,NoButton,Move,780,223
118.76,118.76,NoButton,Move,786,222
118.777,118.777,NoButton,Move,791,221
118.794,118.794,NoButton,Move,793,220
118.81,118.81,NoButton,Move,794,220
118.827,118.827,NoButton,Move,795,220
118.844,118.844,NoButton,Move,795,220
118.861,118.861,NoButton,Move,797,220
118.878,118.878,NoButton,Move,798,220
118.894,118.894,NoButton,Move,800,220
118.911,118.911,NoButton,Move,802,220
118.927,118.927,NoButton,Move,806,220
118.944,118.944,NoButton,Move,810,220
118.961,118.961,NoButton,Move,814,220
118.978,118.978,NoButton,Move,819,219
118.994,118.994,NoButton,Move,824,219
119.011,119.011,NoButton,Move,828,218
119.027,119.027,NoButton,Move,833,217
119.044,119.044,NoButton,Move,836,216
119.06,119.06,NoButton,Move,841,215
119.077,119.077,NoButton,Move,844,214
119.094,119.094,NoButton,Move,846,214
119.111,119.111,NoButton,Move,848,214
119.127,119.127,NoButton,Move,849,213
119.144,119.144,NoButton,Move,849,213
119.161,119.161,NoButton,Move,850,213
119.178,119.178,NoButton,Move,850,213
119.194,119.194,NoButton,Move,851,212
119.211,119.211,NoButton,Move,853,212
119.228,119.228,NoButton,Move,855,212
119.244,119.244,NoButton,Move,858,211
119.261,119.261,NoButton,Move,861,211
119.278,119.278,NoButton,Move,863,210
119.294,119.294,NoButton,Move,865,210
119.311,119.311,NoButton,Move,866,210
119.328,119.328,NoButton,Move,867,209
119.344,119.344,NoButton,Move,867,209
119.361,119.361,NoButton,Move,868,209
119.518,119.518,NoButton,Move,868,209
119.526,119.526,NoButton,Move,868,209
119.534,119.534,NoButton,Move,869,209
119.544,119.544,NoButton,Move,869,209
119.561,119.561,NoButton,Move,870,210
119.577,119.577,NoButton,Move,872,211
119.594,119.594,NoButton,Move,876,212
119.61,119.61,NoButton,Move,880,212
119.628,119.628,NoButton,Move,887,212
119.644,119.644,NoButton,Move,897,212
119.662,119.662,NoButton,Move,907,211
119.678,119.678,NoButton,Move,920,210
119.695,119.695,NoButton,Move,940,208
119.71,119.71,NoButton,Move,955,208
119.728,119.728,NoButton,Move,969,206
119.744,119.744,NoButton,Move,981,205
119.76,119.76,NoButton,Move,989,203
119.777,119.777,NoButton,Move,994,202
119.794,119.794,NoButton,Move,997,201
119.811,119.811,NoButton,Move,997,201
119.828,119.828,NoButton,Move,997,201
119.88,119.88,NoButton,Move,998,201
119.896,119.896,NoButton,Move,997,201
119.913,119.913,NoButton,Move,996,202
119.928,119.928,NoButton,Move,993,202
119.944,119.944,NoButton,Move,977,205
119.961,119.961,NoButton,Move,950,208
119.977,119.977,NoButton,Move,902,213
119.994,119.994,NoButton,Move,832,221
120.011,120.011,NoButton,Move,742,232
120.027,120.027,NoButton,Move,666,247
120.044,120.044,NoButton,Move,663,248
120.29,120.29,NoButton,Move,661,248
120.302,120.302,NoButton,Move,660,249
120.311,120.311,NoButton,Move,659,249
120.327,120.327,NoButton,Move,657,248
120.344,120.344,NoButton,Move,655,248
120.36,120.36,NoButton,Move,653,248
120.377,120.377,NoButton,Move,651,247
120.394,120.394,NoButton,Move,650,247
120.411,120.411,NoButton,Move,649,247
120.427,120.427,NoButton,Move,648,246
120.443,120.443,NoButton,Move,647,246
120.461,120.461,NoButton,Move,645,245
120.477,120.477,NoButton,Move,641,245
120.494,120.494,NoButton,Move,633,244
120.511,120.511,NoButton,Move,626,242
120.527,120.527,NoButton,Move,617,240
120.544,120.544,NoButton,Move,609,238
120.561,120.561,NoButton,Move,601,237
120.578,120.578,NoButton,Move,594,235
120.594,120.594,NoButton,Move,587,234
120.61,120.61,NoButton,Move,581,234
120.627,120.627,NoButton,Move,577,233
120.644,120.644,NoButton,Move,574,233
120.661,120.661,NoButton,Move,572,234
120.678,120.678,NoButton,Move,569,235
120.694,120.694,NoButton,Move,567,235
120.711,120.711,NoButton,Move,564,236
120.728,120.728,NoButton,Move,562,237
120.743,120.743,NoButton,Move,560,237
120.761,120.761,NoButton,Move,558,238
120.777,120.777,NoButton,Move,557,238
120.794,120.794,NoButton,Move,555,239
120.81,120.81,NoButton,Move,553,239
120.828,120.828,NoButton,Move,551,240
120.844,120.844,NoButton,Move,549,241
120.861,120.861,NoButton,Move,546,241
120.877,120.877,NoButton,Move,543,242
120.894,120.894,NoButton,Move,541,243
120.91,120.91,NoButton,Move,538,243
120.927,120.927,NoButton,Move,536,244
120.945,120.945,NoButton,Move,534,244
120.961,120.961,NoButton,Move,532,244
120.977,120.977,NoButton,Move,531,245
120.994,120.994,NoButton,Move,530,245
121.011,121.011,NoButton,Move,529,245
121.028,121.028,NoButton,Move,529,245
121.044,121.044,NoButton,Move,528,246
121.061,121.061,NoButton,Move,528,246
121.078,121.078,NoButton,Move,528,246
121.094,121.094,NoButton,Move,528,246
121.236,121.236,NoButton,Move,527,246
121.284,121.284,NoButton,Move,527,246
121.3,121.3,NoButton,Move,527,246
121.32,121.32,NoButton,Move,527,246
121.328,121.328,NoButton,Move,527,246
121.344,121.344,NoButton,Move,526,246
121.361,121.361,NoButton,Move,526,245
121.377,121.377,NoButton,Move,526,245
121.395,121.395,NoButton,Move,526,245
121.426,121.426,NoButton,Move,526,244
121.44,121.44,NoButton,Move,526,244
121.445,121.445,NoButton,Move,526,244
121.46,121.46,NoButton,Move,526,243
121.478,121.478,NoButton,Move,526,243
121.494,121.494,NoButton,Move,526,243
121.511,121.511,NoButton,Move,527,242
121.528,121.528,NoButton,Move,527,242
121.545,121.545,NoButton,Move,527,242
121.561,121.561,NoButton,Move,528,242
121.577,121.577,NoButton,Move,528,241
121.594,121.594,NoButton,Move,528,241
121.611,121.611,NoButton,Move,529,241
121.627,121.627,NoButton,Move,529,241
121.645,121.645,NoButton,Move,529,241
121.66,121.66,NoButton,Move,530,241
121.678,121.678,NoButton,Move,530,240
121.694,121.694,NoButton,Move,531,240
121.711,121.711,NoButton,Move,532,240
121.728,121.728,NoButton,Move,533,239
121.744,121.744,NoButton,Move,535,239
121.761,121.761,NoButton,Move,538,239
121.777,121.777,NoButton,Move,541,239
121.794,121.794,NoButton,Move,546,239
121.811,121.811,NoButton,Move,555,241
121.827,121.827,NoButton,Move,563,242
121.844,121.844,NoButton,Move,571,243
121.86,121.86,NoButton,Move,578,244
121.877,121.877,NoButton,Move,583,244
121.895,121.895,NoButton,Move,587,244
121.911,121.911,NoButton,Move,590,244
121.928,121.928,NoButton,Move,593,244
121.944,121.944,NoButton,Move,597,244
121.96,121.96,NoButton,Move,601,244
121.977,121.977,NoButton,Move,607,244
121.994,121.994,NoButton,Move,615,245
122.011,122.011,NoButton,Move,623,245
122.027,122.027,NoButton,Move,630,245
122.044,122.044,NoButton,Move,638,246
122.061,122.061,NoButton,Move,649,247
122.077,122.077,NoButton,Move,659,249
122.093,122.093,NoButton,Move,672,251
122.111,122.111,NoButton,Move,687,252
122.127,122.127,NoButton,Move,701,253
122.144,122.144,NoButton,Move,714,255
122.16,122.16,NoButton,Move,728,257
122.178,122.178,NoButton,Move,738,259
122.193,122.193,NoButton,Move,746,260
122.21,122.21,NoButton,Move,754,262
122.227,122.227,NoButton,Move,763,263
122.244,122.244,NoButton,Move,771,263
122.26,122.26,NoButton,Move,781,263
122.278,122.278,NoButton,Move,789,263
122.294,122.294,NoButton,Move,796,263
122.311,122.311,NoButton,Move,803,262
122.328,122.328,NoButton,Move,809,261
122.344,122.344,NoButton,Move,816,259
122.36,122.36,NoButton,Move,821,257
122.377,122.377,NoButton,Move,824,256
122.394,122.394,NoButton,Move,825,255
122.41,122.41,NoButton,Move,825,255
122.428,122.428,NoButton,Move,826,254
122.444,122.444,NoButton,Move,826,254
122.46,122.46,NoButton,Move,828,253
122.477,122.477,NoButton,Move,830,251
122.494,122.494,NoButton,Move,831,250
122.511,122.511,NoButton,Move,833,250
122.527,122.527,NoButton,Move,834,249
122.544,122.544,NoButton,Move,834,249
122.561,122.561,NoButton,Move,835,249
122.577,122.577,NoButton,Move,835,248
122.594,122.594,NoButton,Move,836,248
122.611,122.611,NoButton,Move,837,247
122.627,122.627,NoButton,Move,837,246
122.644,122.644,NoButton,Move,837,246
122.706,122.706,NoButton,Move,838,246
122.711,122.711,Left,Pressed,838,246
122.835,122.835,Left,Released,838,246
123.115,123.115,NoButton,Move,838,246
123.118,123.118,NoButton,Move,838,246
123.127,123.127,NoButton,Move,839,246
123.144,123.144,NoButton,Move,840,246
123.161,123.161,NoButton,Move,844,246
123.177,123.177,NoButton,Move,849,246
123.194,123.194,NoButton,Move,856,246
123.211,123.211,NoButton,Move,862,246
123.227,123.227,NoButton,Move,869,246
123.244,123.244,NoButton,Move,877,247
123.261,123.261,NoButton,Move,886,247
123.277,123.277,NoButton,Move,892,247
123.294,123.294,NoButton,Move,897,247
123.31,123.31,NoButton,Move,902,247
123.327,123.327,NoButton,Move,906,247
123.344,123.344,NoButton,Move,910,247
123.36,123.36,NoButton,Move,914,247
123.377,123.377,NoButton,Move,918,247
123.394,123.394,NoButton,Move,921,247
123.411,123.411,NoButton,Move,925,247
123.428,123.428,NoButton,Move,928,247
123.444,123.444,NoButton,Move,933,247
123.461,123.461,NoButton,Move,938,247
123.477,123.477,NoButton,Move,942,246
123.494,123.494,NoButton,Move,946,246
123.511,123.511,NoButton,Move,950,246
123.527,123.527,NoButton,Move,954,246
123.545,123.545,NoButton,Move,959,246
123.56,123.56,NoButton,Move,963,246
123.577,123.577,NoButton,Move,968,246
123.594,123.594,NoButton,Move,972,246
123.611,123.611,NoButton,Move,976,246
123.627,123.627,NoButton,Move,980,246
123.644,123.644,NoButton,Move,985,246
123.66,123.66,NoButton,Move,991,247
123.677,123.677,NoButton,Move,998,248
123.694,123.694,NoButton,Move,1005,250
123.711,123.711,NoButton,Move,1016,251
123.727,123.727,NoButton,Move,1025,252
123.744,123.744,NoButton,Move,1033,253
123.761,123.761,NoButton,Move,1041,254
123.777,123.777,NoButton,Move,1048,255
123.794,123.794,NoButton,Move,1054,256
123.81,123.81,NoButton,Move,1059,257
123.827,123.827,NoButton,Move,1061,258
123.844,123.844,NoButton,Move,1061,258
123.914,123.914,NoButton,Move,1061,258
123.922,123.922,NoButton,Move,1061,258
123.927,123.927,NoButton,Move,1061,259
123.943,123.943,NoButton,Move,1061,259
123.961,123.961,NoButton,Move,1058,260
123.977,123.977,NoButton,Move,1051,262
123.994,123.994,NoButton,Move,1038,263
124.01,124.01,NoButton,Move,1011,263
124.027,124.027,NoButton,Move,976,263
124.044,124.044,NoButton,Move,931,263
124.061,124.061,NoButton,Move,883,261
124.077,124.077,NoButton,Move,832,260
124.094,124.094,NoButton,Move,784,259
124.111,124.111,NoButton,Move,732,258
124.128,124.128,NoButton,Move,698,257
124.144,124.144,NoButton,Move,667,257
124.16,124.16,NoButton,Move,640,257
124.178,124.178,NoButton,Move,619,257
124.194,124.194,NoButton,Move,601,257
124.21,124.21,NoButton,Move,584,256
124.227,124.227,NoButton,Move,576,256
124.244,124.244,NoButton,Move,570,255
124.261,124.261,NoButton,Move,569,255
124.314,124.314,NoButton,Move,568,255
124.32,124.32,NoButton,Move,568,255
124.328,124.328,NoButton,Move,568,255
124.344,124.344,NoButton,Move,567,255
124.36,124.36,NoButton,Move,566,255
124.377,124.377,NoButton,Move,566,255
124.424,124.424,NoButton,Move,566,254
124.436,124.436,NoButton,Move,565,254
124.444,124.444,NoButton,Move,565,254
124.461,124.461,NoButton,Move,565,254
124.477,124.477,NoButton,Move,564,253
124.494,124.494,NoButton,Move,564,253
124.51,124.51,NoButton,Move,563,253
124.528,124.528,NoButton,Move,563,253
124.875,124.875,NoButton,Move,563,253
124.878,124.878,NoButton,Move,563,253
124.894,124.894,NoButton,Move,561,253
124.911,124.911,NoButton,Move,552,254
124.927,124.927,NoButton,Move,536,255
124.944,124.944,NoButton,Move,511,253
124.96,124.96,NoButton,Move,484,249
124.977,124.977,NoButton,Move,462,244
124.994,124.994,NoButton,Move,449,241
125.011,125.011,NoButton,Move,444,240
125.054,125.054,NoButton,Move,443,240
125.078,125.078,NoButton,Move,443,240
125.094,125.094,NoButton,Move,443,240
125.111,125.111,NoButton,Move,442,240
125.128,125.128,NoButton,Move,442,240
125.144,125.144,NoButton,Move,441,241
125.162,125.162,NoButton,Move,441,241
125.21,125.21,NoButton,Move,441,241
125.234,125.234,NoButton,Move,441,240
125.246,125.246,NoButton,Move,441,240
125.261,125.261,NoButton,Move,441,240
125.277,125.277,NoButton,Move,442,239
125.294,125.294,NoButton,Move,443,238
125.31,125.31,NoButton,Move,445,238
125.327,125.327,NoButton,Move,447,238
125.344,125.344,NoButton,Move,448,238
125.36,125.36,NoButton,Move,450,238
125.377,125.377,NoButton,Move,451,238
125.394,125.394,NoButton,Move,452,238
125.41,125.41,NoButton,Move,455,238
125.427,125.427,NoButton,Move,458,238
125.444,125.444,NoButton,Move,462,238
125.46,125.46,NoButton,Move,470,238
125.477,125.477,NoButton,Move,474,238
125.494,125.494,NoButton,Move,478,238
125.51,125.51,NoButton,Move,481,237
125.527,125.527,NoButton,Move,484,237
125.544,125.544,NoButton,Move,487,237
125.561,125.561,NoButton,Move,491,237
125.577,125.577,NoButton,Move,494,237
125.594,125.594,NoButton,Move,497,237
125.611,125.611,NoButton,Move,499,236
125.627,125.627,NoButton,Move,501,236
125.644,125.644,NoButton,Move,504,235
125.66,125.66,NoButton,Move,505,235
125.677,125.677,NoButton,Move,507,235
125.694,125.694,NoButton,Move,508,234
125.71,125.71,NoButton,Move,509,234
125.727,125.727,NoButton,Move,511,234
125.744,125.744,NoButton,Move,513,234
125.76,125.76,NoButton,Move,516,234
125.778,125.778,NoButton,Move,519,235
125.794,125.794,NoButton,Move,522,236
125.811,125.811,NoButton,Move,526,237
125.827,125.827,NoButton,Move,530,238
125.844,125.844,NoButton,Move,533,238
125.86,125.86,NoButton,Move,536,238
125.877,125.877,NoButton,Move,537,238
125.894,125.894,NoButton,Move,539,238
125.91,125.91,NoButton,Move,540,238
125.928,125.928,NoButton,Move,541,238
125.944,125.944,NoButton,Move,542,238
125.96,125.96,NoButton,Move,544,239
125.977,125.977,NoButton,Move,545,239
125.994,125.994,NoButton,Move,547,239
126.01,126.01,NoButton,Move,549,239
126.027,126.027,NoButton,Move,551,240
126.044,126.044,NoButton,Move,553,240
126.06,126.06,NoButton,Move,554,241
126.077,126.077,NoButton,Move,555,241
127.515,127.515,NoButton,Move,555,241
127.673,127.673,NoButton,Move,555,241
127.75,127.75,NoButton,Move,555,241
127.922,127.922,NoButton,Move,555,241
127.938,127.938,NoButton,Move,555,240
127.966,127.966,NoButton,Move,555,240
127.97,127.97,NoButton,Move,555,240
127.978,127.978,NoButton,Move,555,240
127.994,127.994,NoButton,Move,555,240
128.01,128.01,NoButton,Move,554,240
128.027,128.027,NoButton,Move,553,240
128.044,128.044,NoButton,Move,552,240
128.06,128.06,NoButton,Move,551,240
128.077,128.077,NoButton,Move,548,240
128.094,128.094,NoButton,Move,546,240
128.11,128.11,NoButton,Move,543,240
128.127,128.127,NoButton,Move,540,241
128.143,128.143,NoButton,Move,537,241
128.16,128.16,NoButton,Move,534,242
128.178,128.178,NoButton,Move,530,244
128.194,128.194,NoButton,Move,525,245
128.211,128.211,NoButton,Move,517,248
128.227,128.227,NoButton,Move,509,250
128.243,128.243,NoButton,Move,502,251
128.261,128.261,NoButton,Move,493,254
128.278,128.278,NoButton,Move,489,255
128.294,128.294,NoButton,Move,484,256
128.31,128.31,NoButton,Move,481,257
128.327,128.327,NoButton,Move,477,257
128.346,128.346,NoButton,Move,474,258
128.361,128.361,NoButton,Move,473,258
128.377,128.377,NoButton,Move,473,258
128.394,128.394,NoButton,Move,472,259
128.41,128.41,NoButton,Move,472,259
128.428,128.428,NoButton,Move,471,259
128.444,128.444,NoButton,Move,471,259
128.461,128.461,NoButton,Move,470,260
128.478,128.478,NoButton,Move,470,260
128.493,128.493,NoButton,Move,470,261
128.51,128.51,NoButton,Move,470,261
128.528,128.528,NoButton,Move,469,262
128.544,128.544,NoButton,Move,469,262
128.56,128.56,NoButton,Move,469,263
128.577,128.577,NoButton,Move,469,264
128.594,128.594,NoButton,Move,469,264
128.611,128.611,NoButton,Move,469,266
128.628,128.628,NoButton,Move,469,268
128.644,128.644,NoButton,Move,469,269
128.66,128.66,NoButton,Move,470,271
128.677,128.677,NoButton,Move,471,272
128.694,128.694,NoButton,Move,472,273
128.711,128.711,NoButton,Move,472,274
128.727,128.727,NoButton,Move,472,274
128.76,128.76,NoButton,Move,472,274
128.764,128.764,NoButton,Move,472,274
128.777,128.777,NoButton,Move,472,275
128.794,128.794,NoButton,Move,472,276
128.811,128.811,NoButton,Move,472,276
128.828,128.828,NoButton,Move,471,277
128.844,128.844,NoButton,Move,471,278
129.006,129.006,NoButton,Move,472,278
129.01,129.01,NoButton,Move,472,278
129.014,129.014,NoButton,Move,472,278
129.027,129.027,NoButton,Move,473,277
129.044,129.044,NoButton,Move,474,277
129.06,129.06,NoButton,Move,476,276
129.078,129.078,NoButton,Move,479,276
129.094,129.094,NoButton,Move,482,276
129.11,129.11,NoButton,Move,485,276
129.128,129.128,NoButton,Move,487,276
129.144,129.144,NoButton,Move,490,276
129.16,129.16,NoButton,Move,492,276
129.177,129.177,NoButton,Move,493,276
129.194,129.194,NoButton,Move,494,275
129.211,129.211,NoButton,Move,496,275
129.227,129.227,NoButton,Move,499,274
129.244,129.244,NoButton,Move,501,273
129.26,129.26,NoButton,Move,503,273
129.277,129.277,NoButton,Move,506,272
129.294,129.294,NoButton,Move,508,272
129.311,129.311,NoButton,Move,510,271
129.327,129.327,NoButton,Move,512,271
129.344,129.344,NoButton,Move,515,271
129.36,129.36,NoButton,Move,518,270
129.378,129.378,NoButton,Move,521,270
129.393,129.393,NoButton,Move,525,270
129.411,129.411,NoButton,Move,529,270
129.427,129.427,NoButton,Move,533,269
129.443,129.443,NoButton,Move,536,269
129.46,129.46,NoButton,Move,540,269
129.477,129.477,NoButton,Move,543,269
129.494,129.494,NoButton,Move,545,268
129.511,129.511,NoButton,Move,548,268
129.527,129.527,NoButton,Move,550,267
129.543,129.543,NoButton,Move,552,267
129.561,129.561,NoButton,Move,554,267
129.577,129.577,NoButton,Move,556,266
129.594,129.594,NoButton,Move,557,266
129.61,129.61,NoButton,Move,559,265
129.627,129.627,NoButton,Move,562,265
129.644,129.644,NoButton,Move,564,265
129.661,129.661,NoButton,Move,568,265
129.677,129.677,NoButton,Move,570,265
129.694,129.694,NoButton,Move,572,265
129.711,129.711,NoButton,Move,574,265
129.727,129.727,NoButton,Move,576,265
129.743,129.743,NoButton,Move,577,265
129.76,129.76,NoButton,Move,579,265
129.777,129.777,NoButton,Move,581,265
129.793,129.793,NoButton,Move,583,265
129.81,129.81,NoButton,Move,584,265
129.827,129.827,NoButton,Move,586,265
129.843,129.843,NoButton,Move,590,265
129.86,129.86,NoButton,Move,595,266
129.878,129.878,NoButton,Move,600,267
129.894,129.894,NoButton,Move,605,269
129.91,129.91,NoButton,Move,609,270
129.927,129.927,NoButton,Move,613,270
129.943,129.943,NoButton,Move,616,270
129.961,129.961,NoButton,Move,618,270
129.998,129.998,NoButton,Move,618,270
130.006,130.006,NoButton,Move,618,270
130.01,130.01,NoButton,Move,618,270
130.027,130.027,NoButton,Move,620,270
130.044,130.044,NoButton,Move,622,270
130.061,130.061,NoButton,Move,625,270
130.077,130.077,NoButton,Move,630,271
130.094,130.094,NoButton,Move,634,271
130.111,130.111,NoButton,Move,638,272
130.128,130.128,NoButton,Move,641,272
130.143,130.143,NoButton,Move,644,273
130.16,130.16,NoButton,Move,647,273
130.177,130.177,NoButton,Move,649,274
130.193,130.193,NoButton,Move,651,274
130.211,130.211,NoButton,Move,653,274
130.227,130.227,NoButton,Move,654,275
130.243,130.243,NoButton,Move,655,275
130.261,130.261,NoButton,Move,657,275
130.277,130.277,NoButton,Move,660,276
130.294,130.294,NoButton,Move,665,277
130.31,130.31,NoButton,Move,672,278
130.327,130.327,NoButton,Move,679,280
130.344,130.344,NoButton,Move,686,281
130.36,130.36,NoButton,Move,692,283
130.377,130.377,NoButton,Move,697,284
130.393,130.393,NoButton,Move,701,285
130.41,130.41,NoButton,Move,705,286
130.427,130.427,NoButton,Move,707,286
130.444,130.444,NoButton,Move,707,286
130.461,130.461,NoButton,Move,707,287
130.615,130.615,NoButton,Move,708,287
130.616,130.616,NoButton,Move,708,287
130.627,130.627,NoButton,Move,708,287
130.644,130.644,NoButton,Move,710,287
130.66,130.66,NoButton,Move,715,288
130.677,130.677,NoButton,Move,721,288
130.693,130.693,NoButton,Move,730,288
130.711,130.711,NoButton,Move,738,288
130.727,130.727,NoButton,Move,746,288
130.744,130.744,NoButton,Move,753,288
130.76,130.76,NoButton,Move,759,287
130.777,130.777,NoButton,Move,761,287
130.86,130.86,NoButton,Move,761,287
130.868,130.868,NoButton,Move,761,287
130.878,130.878,NoButton,Move,761,287
130.894,130.894,NoButton,Move,758,288
130.91,130.91,NoButton,Move,753,290
130.927,130.927,NoButton,Move,744,292
130.944,130.944,NoButton,Move,731,296
130.96,130.96,NoButton,Move,707,302
130.977,130.977,NoButton,Move,683,308
130.994,130.994,NoButton,Move,658,314
131.01,131.01,NoButton,Move,631,320
131.027,131.027,NoButton,Move,603,325
131.043,131.043,NoButton,Move,577,327
131.06,131.06,NoButton,Move,552,328
131.077,131.077,NoButton,Move,537,329
131.093,131.093,NoButton,Move,529,331
131.111,131.111,NoButton,Move,525,332
131.127,131.127,NoButton,Move,524,333
131.144,131.144,NoButton,Move,523,334
131.161,131.161,NoButton,Move,521,335
131.177,131.177,NoButton,Move,517,337
131.194,131.194,NoButton,Move,511,338
131.21,131.21,NoButton,Move,503,339
131.227,131.227,NoButton,Move,497,339
131.243,131.243,NoButton,Move,490,338
131.261,131.261,NoButton,Move,482,336
131.278,131.278,NoButton,Move,473,333
131.293,131.293,NoButton,Move,464,331
131.311,131.311,NoButton,Move,455,328
131.327,131.327,NoButton,Move,450,327
131.344,131.344,NoButton,Move,446,326
131.361,131.361,NoButton,Move,444,326
131.378,131.378,NoButton,Move,443,325
131.394,131.394,NoButton,Move,442,325
131.414,131.414,NoButton,Move,442,325
131.427,131.427,NoButton,Move,441,326
131.444,131.444,NoButton,Move,440,326
131.46,131.46,NoButton,Move,438,327
131.477,131.477,NoButton,Move,435,328
131.493,131.493,NoButton,Move,432,329
131.51,131.51,NoButton,Move,428,329
131.527,131.527,NoButton,Move,425,331
131.544,131.544,NoButton,Move,422,331
131.561,131.561,NoButton,Move,418,332
131.578,131.578,NoButton,Move,414,333
131.594,131.594,NoButton,Move,410,334
131.61,131.61,NoButton,Move,407,335
131.628,131.628,NoButton,Move,406,336
131.644,131.644,NoButton,Move,406,336
131.66,131.66,NoButton,Move,405,336
131.688,131.688,NoButton,Move,405,336
131.744,131.744,NoButton,Move,405,337
131.78,131.78,NoButton,Move,405,337
131.792,131.792,NoButton,Move,406,337
131.796,131.796,NoButton,Move,406,337
131.81,131.81,NoButton,Move,407,337
131.827,131.827,NoButton,Move,409,337
131.843,131.843,NoButton,Move,411,337
131.86,131.86,NoButton,Move,415,337
131.877,131.877,NoButton,Move,417,337
131.894,131.894,NoButton,Move,419,337
131.911,131.911,NoButton,Move,421,336
131.928,131.928,NoButton,Move,422,336
131.944,131.944,NoButton,Move,423,336
131.96,131.96,NoButton,Move,425,335
131.977,131.977,NoButton,Move,426,335
131.993,131.993,NoButton,Move,427,335
132.011,132.011,NoButton,Move,429,335
132.027,132.027,NoButton,Move,430,335
132.043,132.043,NoButton,Move,432,335
132.06,132.06,NoButton,Move,436,335
132.077,132.077,NoButton,Move,439,335
132.093,132.093,NoButton,Move,443,335
132.11,132.11,NoButton,Move,447,335
132.127,132.127,NoButton,Move,451,335
132.143,132.143,NoButton,Move,455,336
132.161,132.161,NoButton,Move,461,336
132.177,132.177,NoButton,Move,468,338
132.194,132.194,NoButton,Move,479,340
132.211,132.211,NoButton,Move,488,342
132.227,132.227,NoButton,Move,499,345
132.243,132.243,NoButton,Move,512,348
132.261,132.261,NoButton,Move,522,351
132.277,132.277,NoButton,Move,528,352
132.293,132.293,NoButton,Move,534,353
132.31,132.31,NoButton,Move,540,355
132.327,132.327,NoButton,Move,542,355
132.344,132.344,NoButton,Move,544,355
132.361,132.361,NoButton,Move,545,355
132.377,132.377,NoButton,Move,546,355
132.394,132.394,NoButton,Move,547,355
132.41,132.41,NoButton,Move,549,355
132.427,132.427,NoButton,Move,551,355
132.444,132.444,NoButton,Move,555,355
132.46,132.46,NoButton,Move,559,355
132.478,132.478,NoButton,Move,564,355
132.494,132.494,NoButton,Move,568,355
132.51,132.51,NoButton,Move,572,355
132.527,132.527,NoButton,Move,574,355
132.544,132.544,NoButton,Move,575,355
132.56,132.56,NoButton,Move,576,355
132.577,132.577,NoButton,Move,577,355
132.593,132.593,NoButton,Move,579,355
132.61,132.61,NoButton,Move,584,355
132.627,132.627,NoButton,Move,590,356
132.644,132.644,NoButton,Move,596,357
132.661,132.661,NoButton,Move,603,358
132.677,132.677,NoButton,Move,609,359
132.693,132.693,NoButton,Move,614,359
132.71,132.71,NoButton,Move,618,359
132.727,132.727,NoButton,Move,620,359
132.744,132.744,NoButton,Move,620,359
132.816,132.816,NoButton,Move,620,359
132.824,132.824,NoButton,Move,620,359
132.828,132.828,NoButton,Move,621,359
132.844,132.844,NoButton,Move,622,359
132.86,132.86,NoButton,Move,623,359
132.877,132.877,NoButton,Move,625,359
132.893,132.893,NoButton,Move,627,359
132.911,132.911,NoButton,Move,629,359
132.928,132.928,NoButton,Move,631,359
132.944,132.944,NoButton,Move,633,359
132.96,132.96,NoButton,Move,636,359
132.977,132.977,NoButton,Move,640,358
132.994,132.994,NoButton,Move,644,358
133.01,133.01,NoButton,Move,648,358
133.027,133.027,NoButton,Move,652,358
133.044,133.044,NoButton,Move,657,358
133.06,133.06,NoButton,Move,663,358
133.076,133.076,NoButton,Move,667,358
133.094,133.094,NoButton,Move,672,358
133.111,133.111,NoButton,Move,675,358
133.127,133.127,NoButton,Move,678,358
133.143,133.143,NoButton,Move,681,358
133.16,133.16,NoButton,Move,684,358
133.177,133.177,NoButton,Move,687,358
133.194,133.194,NoButton,Move,690,358
133.211,133.211,NoButton,Move,694,358
133.227,133.227,NoButton,Move,697,358
133.243,133.243,NoButton,Move,701,358
133.26,133.26,NoButton,Move,707,358
133.276,133.276,NoButton,Move,713,358
133.293,133.293,NoButton,Move,720,358
133.311,133.311,NoButton,Move,729,359
133.327,133.327,NoButton,Move,737,360
133.343,133.343,NoButton,Move,744,360
133.36,133.36,NoButton,Move,752,360
133.377,133.377,NoButton,Move,759,360
133.393,133.393,NoButton,Move,764,361
133.41,133.41,NoButton,Move,771,361
133.427,133.427,NoButton,Move,776,361
133.444,133.444,NoButton,Move,779,361
133.461,133.461,NoButton,Move,782,361
133.477,133.477,NoButton,Move,785,361
133.493,133.493,NoButton,Move,787,361
133.51,133.51,NoButton,Move,791,362
133.527,133.527,NoButton,Move,794,362
133.544,133.544,NoButton,Move,798,362
133.561,133.561,NoButton,Move,801,362
133.577,133.577,NoButton,Move,804,362
133.594,133.594,NoButton,Move,811,362
133.61,133.61,NoButton,Move,815,362
133.627,133.627,NoButton,Move,820,362
133.643,133.643,NoButton,Move,825,362
133.66,133.66,NoButton,Move,829,362
133.677,133.677,NoButton,Move,834,362
133.694,133.694,NoButton,Move,839,362
133.71,133.71,NoButton,Move,844,362
133.727,133.727,NoButton,Move,849,362
133.744,133.744,NoButton,Move,853,362
133.76,133.76,NoButton,Move,856,362
133.778,133.778,NoButton,Move,859,362
133.793,133.793,NoButton,Move,861,362
133.81,133.81,NoButton,Move,863,362
133.827,133.827,NoButton,Move,864,362
133.843,133.843,NoButton,Move,865,362
133.923,133.923,NoButton,Move,865,362
133.944,133.944,NoButton,Move,865,362
133.96,133.96,NoButton,Move,863,361
133.977,133.977,NoButton,Move,859,361
133.994,133.994,NoButton,Move,851,361
134.011,134.011,NoButton,Move,839,360
134.027,134.027,NoButton,Move,821,360
134.043,134.043,NoButton,Move,798,359
134.06,134.06,NoButton,Move,767,358
134.077,134.077,NoButton,Move,740,357
134.094,134.094,NoButton,Move,710,356
134.11,134.11,NoButton,Move,680,356
134.127,134.127,NoButton,Move,649,354
134.144,134.144,NoButton,Move,619,354
134.16,134.16,NoButton,Move,584,354
134.177,134.177,NoButton,Move,557,353
134.194,134.194,NoButton,Move,532,353
134.211,134.211,NoButton,Move,510,353
134.227,134.227,NoButton,Move,492,353
134.244,134.244,NoButton,Move,479,353
134.26,134.26,NoButton,Move,470,353
134.277,134.277,NoButton,Move,467,353
134.294,134.294,NoButton,Move,467,353
134.356,134.356,NoButton,Move,466,353
134.36,134.36,NoButton,Move,466,353
134.364,134.364,NoButton,Move,466,353
134.377,134.377,NoButton,Move,464,354
134.393,134.393,NoButton,Move,459,355
134.41,134.41,NoButton,Move,452,356
134.428,134.428,NoButton,Move,444,357
134.444,134.444,NoButton,Move,437,357
134.46,134.46,NoButton,Move,430,358
134.477,134.477,NoButton,Move,427,358
134.583,134.583,Left,Pressed,427,358
134.738,134.738,Left,Released,427,358
134.786,134.786,NoButton,Move,427,358
134.834,134.834,NoButton,Move,427,358
134.838,134.838,NoButton,Move,428,358
134.844,134.844,NoButton,Move,428,358
134.86,134.86,NoButton,Move,429,358
134.878,134.878,NoButton,Move,430,358
134.894,134.894,NoButton,Move,432,358
134.91,134.91,NoButton,Move,435,360
134.927,134.927,NoButton,Move,440,361
134.943,134.943,NoButton,Move,447,363
134.96,134.96,NoButton,Move,455,365
134.977,134.977,NoButton,Move,463,367
134.993,134.993,NoButton,Move,470,369
135.011,135.011,NoButton,Move,479,371
135.027,135.027,NoButton,Move,484,372
135.044,135.044,NoButton,Move,489,372
135.06,135.06,NoButton,Move,493,373
135.077,135.077,NoButton,Move,498,373
135.094,135.094,NoButton,Move,501,373
135.111,135.111,NoButton,Move,505,373
135.127,135.127,NoButton,Move,510,373
135.144,135.144,NoButton,Move,514,373
135.16,135.16,NoButton,Move,521,373
135.177,135.177,NoButton,Move,527,373
135.194,135.194,NoButton,Move,535,373
135.21,135.21,NoButton,Move,542,374
135.227,135.227,NoButton,Move,548,374
135.243,135.243,NoButton,Move,555,374
135.26,135.26,NoButton,Move,562,374
135.278,135.278,NoButton,Move,568,374
135.294,135.294,NoButton,Move,573,374
135.31,135.31,NoButton,Move,578,375
135.327,135.327,NoButton,Move,583,375
135.343,135.343,NoButton,Move,587,375
135.36,135.36,NoButton,Move,591,375
135.378,135.378,NoButton,Move,595,375
135.394,135.394,NoButton,Move,599,375
135.41,135.41,NoButton,Move,604,375
135.427,135.427,NoButton,Move,608,375
135.443,135.443,NoButton,Move,612,375
135.46,135.46,NoButton,Move,616,375
135.477,135.477,NoButton,Move,619,375
135.494,135.494,NoButton,Move,622,375
135.511,135.511,NoButton,Move,625,375
135.527,135.527,NoButton,Move,628,375
135.543,135.543,NoButton,Move,631,375
135.56,135.56,NoButton,Move,636,376
135.577,135.577,NoButton,Move,640,377
135.594,135.594,NoButton,Move,646,378
135.611,135.611,NoButton,Move,652,379
135.627,135.627,NoButton,Move,657,380
135.644,135.644,NoButton,Move,661,381
135.66,135.66,NoButton,Move,665,382
135.677,135.677,NoButton,Move,667,383
135.694,135.694,NoButton,Move,669,383
135.71,135.71,NoButton,Move,670,384
135.728,135.728,NoButton,Move,671,384
135.744,135.744,NoButton,Move,674,384
135.761,135.761,NoButton,Move,677,385
135.777,135.777,NoButton,Move,681,386
135.793,135.793,NoButton,Move,686,386
135.81,135.81,NoButton,Move,693,387
135.826,135.826,NoButton,Move,701,387
135.843,135.843,NoButton,Move,708,388
135.861,135.861,NoButton,Move,714,389
135.877,135.877,NoButton,Move,719,389
135.893,135.893,NoButton,Move,723,389
135.91,135.91,NoButton,Move,727,389
135.928,135.928,NoButton,Move,730,389
135.944,135.944,NoButton,Move,732,389
135.961,135.961,NoButton,Move,735,390
135.977,135.977,NoButton,Move,738,390
135.994,135.994,NoButton,Move,741,390
136.01,136.01,NoButton,Move,745,390
136.028,136.028,NoButton,Move,749,390
136.043,136.043,NoButton,Move,752,390
136.06,136.06,NoButton,Move,754,390
136.077,136.077,NoButton,Move,757,390
136.094,136.094,NoButton,Move,759,390
136.111,136.111,NoButton,Move,760,390
136.127,136.127,NoButton,Move,761,390
136.144,136.144,NoButton,Move,762,389
136.161,136.161,NoButton,Move,763,389
136.177,136.177,NoButton,Move,764,389
136.194,136.194,NoButton,Move,766,389
136.21,136.21,NoButton,Move,769,389
136.227,136.227,NoButton,Move,772,389
136.243,136.243,NoButton,Move,776,388
136.26,136.26,NoButton,Move,782,388
136.277,136.277,NoButton,Move,787,388
136.294,136.294,NoButton,Move,791,388
136.311,136.311,NoButton,Move,797,388
136.328,136.328,NoButton,Move,804,388
136.343,136.343,NoButton,Move,809,388
136.36,136.36,NoButton,Move,815,388
136.378,136.378,NoButton,Move,819,388
136.394,136.394,NoButton,Move,822,388
136.41,136.41,NoButton,Move,826,388
136.427,136.427,NoButton,Move,828,387
136.443,136.443,NoButton,Move,832,386
136.46,136.46,NoButton,Move,836,386
136.477,136.477,NoButton,Move,840,385
136.493,136.493,NoButton,Move,844,384
136.51,136.51,NoButton,Move,847,384
136.527,136.527,NoButton,Move,850,384
136.543,136.543,NoButton,Move,853,384
136.56,136.56,NoButton,Move,855,384
136.577,136.577,NoButton,Move,856,384
136.593,136.593,NoButton,Move,857,384
136.611,136.611,NoButton,Move,858,384
136.627,136.627,NoButton,Move,859,384
136.644,136.644,NoButton,Move,860,384
136.66,136.66,NoButton,Move,862,384
136.677,136.677,NoButton,Move,864,384
136.693,136.693,NoButton,Move,868,384
136.71,136.71,NoButton,Move,871,384
136.727,136.727,NoButton,Move,876,384
136.743,136.743,NoButton,Move,881,384
136.76,136.76,NoButton,Move,889,384
136.777,136.777,NoButton,Move,896,383
136.794,136.794,NoButton,Move,902,382
136.81,136.81,NoButton,Move,906,382
136.827,136.827,NoButton,Move,910,381
136.844,136.844,NoButton,Move,911,381
136.861,136.861,NoButton,Move,911,380
136.878,136.878,NoButton,Move,912,380
136.893,136.893,NoButton,Move,913,380
136.91,136.91,NoButton,Move,916,379
136.927,136.927,NoButton,Move,919,378
136.943,136.943,NoButton,Move,924,377
136.961,136.961,NoButton,Move,929,375
136.977,136.977,NoButton,Move,934,374
136.993,136.993,NoButton,Move,938,373
137.01,137.01,NoButton,Move,942,371
137.026,137.026,NoButton,Move,944,370
137.043,137.043,NoButton,Move,945,369
137.06,137.06,NoButton,Move,946,369
137.138,137.138,NoButton,Move,946,369
137.142,137.142,NoButton,Move,946,369
137.146,137.146,NoButton,Move,945,369
137.16,137.16,NoButton,Move,941,370
137.177,137.177,NoButton,Move,928,372
137.194,137.194,NoButton,Move,905,373
137.21,137.21,NoButton,Move,864,374
137.227,137.227,NoButton,Move,841,375
137.378,137.378,NoButton,Move,840,375
137.404,137.404,NoButton,Move,839,375
137.411,137.411,NoButton,Move,838,375
137.427,137.427,NoButton,Move,831,373
137.443,137.443,NoButton,Move,828,373
137.46,137.46,NoButton,Move,828,374
137.477,137.477,NoButton,Move,831,377
137.493,137.493,NoButton,Move,834,379
137.51,137.51,NoButton,Move,834,380
137.527,137.527,NoButton,Move,831,382
137.543,137.543,NoButton,Move,826,384
137.56,137.56,NoButton,Move,821,385
137.577,137.577,NoButton,Move,818,385
137.594,137.594,NoButton,Move,818,385
137.611,137.611,NoButton,Move,818,385
137.824,137.824,NoButton,Move,818,385
137.848,137.848,NoButton,Move,818,384
137.856,137.856,NoButton,Move,818,384
137.872,137.872,NoButton,Move,818,384
137.877,137.877,NoButton,Move,818,384
137.893,137.893,NoButton,Move,818,383
137.911,137.911,NoButton,Move,818,383
137.927,137.927,NoButton,Move,819,383
137.944,137.944,NoButton,Move,819,383
137.96,137.96,NoButton,Move,819,382
138.922,138.922,NoButton,Move,819,382
139.942,139.942,NoButton,Move,819,382
141.446,141.446,NoButton,Move,819,382
141.486,141.486,NoButton,Move,819,381
141.638,141.638,NoButton,Move,819,381
141.654,141.654,NoButton,Move,819,381
144.24,144.24,NoButton,Move,819,381
144.242,144.242,NoButton,Move,819,381
144.244,144.244,NoButton,Move,819,382
144.26,144.26,NoButton,Move,818,382
144.277,144.277,NoButton,Move,817,383
144.293,144.293,NoButton,Move,815,383
144.311,144.311,NoButton,Move,814,384
144.328,144.328,NoButton,Move,812,384
144.344,144.344,NoButton,Move,810,385
144.36,144.36,NoButton,Move,805,386
144.376,144.376,NoButton,Move,801,386
144.394,144.394,NoButton,Move,797,386
144.411,144.411,NoButton,Move,793,386
144.427,144.427,NoButton,Move,788,386
144.444,144.444,NoButton,Move,785,385
144.46,144.46,NoButton,Move,782,385
144.477,144.477,NoButton,Move,778,385
144.494,144.494,NoButton,Move,772,385
144.51,144.51,NoButton,Move,766,384
144.528,144.528,NoButton,Move,758,383
144.544,144.544,NoButton,Move,752,382
144.56,144.56,NoButton,Move,743,382
144.577,144.577,NoButton,Move,736,382
144.593,144.593,NoButton,Move,728,383
144.611,144.611,NoButton,Move,719,385
144.628,144.628,NoButton,Move,711,387
144.643,144.643,NoButton,Move,702,390
144.66,144.66,NoButton,Move,687,393
144.677,144.677,NoButton,Move,674,395
144.694,144.694,NoButton,Move,665,396
144.71,144.71,NoButton,Move,659,398
144.728,144.728,NoButton,Move,655,399
144.743,144.743,NoButton,Move,650,400
144.76,144.76,NoButton,Move,645,400
144.777,144.777,NoButton,Move,637,400
144.794,144.794,NoButton,Move,631,400
144.81,144.81,NoButton,Move,624,400
144.827,144.827,NoButton,Move,621,400
144.843,144.843,NoButton,Move,618,399
144.861,144.861,NoButton,Move,617,399
144.878,144.878,NoButton,Move,616,399
144.893,144.893,NoButton,Move,616,399
144.91,144.91,NoButton,Move,614,399
144.927,144.927,NoButton,Move,613,399
144.944,144.944,NoButton,Move,611,398
144.961,144.961,NoButton,Move,610,398
144.977,144.977,NoButton,Move,608,397
144.994,144.994,NoButton,Move,606,397
145.01,145.01,NoButton,Move,603,397
145.027,145.027,NoButton,Move,601,397
145.044,145.044,NoButton,Move,599,396
145.06,145.06,NoButton,Move,596,395
145.078,145.078,NoButton,Move,595,394
145.094,145.094,NoButton,Move,594,394
145.111,145.111,NoButton,Move,593,393
145.127,145.127,NoButton,Move,592,393
145.143,145.143,NoButton,Move,592,393
145.161,145.161,NoButton,Move,591,393
145.177,145.177,NoButton,Move,591,393
145.194,145.194,NoButton,Move,591,393
145.21,145.21,NoButton,Move,589,394
145.227,145.227,NoButton,Move,587,396
145.243,145.243,NoButton,Move,584,398
145.26,145.26,NoButton,Move,579,401
145.277,145.277,NoButton,Move,573,405
145.294,145.294,NoButton,Move,567,409
145.31,145.31,NoButton,Move,556,412
145.327,145.327,NoButton,Move,549,413
145.343,145.343,NoButton,Move,542,414
145.36,145.36,NoButton,Move,536,415
145.377,145.377,NoButton,Move,530,416
145.394,145.394,NoButton,Move,524,418
145.41,145.41,NoButton,Move,522,418
145.426,145.426,NoButton,Move,519,419
145.444,145.444,NoButton,Move,515,420
145.46,145.46,NoButton,Move,509,423
145.477,145.477,NoButton,Move,504,426
145.494,145.494,NoButton,Move,499,430
145.511,145.511,NoButton,Move,494,434
145.528,145.528,NoButton,Move,488,438
145.544,145.544,NoButton,Move,482,443
145.56,145.56,NoButton,Move,474,448
145.577,145.577,NoButton,Move,467,452
145.594,145.594,NoButton,Move,461,456
145.61,145.61,NoButton,Move,456,459
145.627,145.627,NoButton,Move,452,461
145.644,145.644,NoButton,Move,450,463
145.66,145.66,NoButton,Move,448,464
145.677,145.677,NoButton,Move,447,464
145.694,145.694,NoButton,Move,447,464
145.711,145.711,NoButton,Move,446,465
145.732,145.732,NoButton,Move,446,465
145.784,145.784,NoButton,Move,446,464
145.788,145.788,NoButton,Move,446,464
145.793,145.793,NoButton,Move,446,464
145.811,145.811,NoButton,Move,447,463
145.827,145.827,NoButton,Move,447,462
145.843,145.843,NoButton,Move,449,461
145.86,145.86,NoButton,Move,451,460
145.877,145.877,NoButton,Move,454,459
145.893,145.893,NoButton,Move,458,458
145.911,145.911,NoButton,Move,464,458
145.927,145.927,NoButton,Move,470,458
145.944,145.944,NoButton,Move,478,458
145.961,145.961,NoButton,Move,487,458
145.977,145.977,NoButton,Move,493,458
145.993,145.993,NoButton,Move,498,458
146.01,146.01,NoButton,Move,505,457
146.027,146.027,NoButton,Move,509,456
146.043,146.043,NoButton,Move,512,456
146.06,146.06,NoButton,Move,516,456
146.077,146.077,NoButton,Move,520,456
146.094,146.094,NoButton,Move,525,456
146.11,146.11,NoButton,Move,532,456
146.127,146.127,NoButton,Move,540,458
146.143,146.143,NoButton,Move,552,460
146.16,146.16,NoButton,Move,567,465
146.177,146.177,NoButton,Move,583,468
146.194,146.194,NoButton,Move,600,473
146.21,146.21,NoButton,Move,621,479
146.227,146.227,NoButton,Move,638,483
146.243,146.243,NoButton,Move,657,488
146.26,146.26,NoButton,Move,675,491
146.276,146.276,NoButton,Move,693,495
146.293,146.293,NoButton,Move,707,497
146.31,146.31,NoButton,Move,723,499
146.326,146.326,NoButton,Move,734,499
146.343,146.343,NoButton,Move,742,499
146.36,146.36,NoButton,Move,749,499
146.377,146.377,NoButton,Move,754,499
146.393,146.393,NoButton,Move,759,498
146.41,146.41,NoButton,Move,766,497
146.426,146.426,NoButton,Move,770,497
146.443,146.443,NoButton,Move,775,497
146.461,146.461,NoButton,Move,780,497
146.476,146.476,NoButton,Move,786,496
146.493,146.493,NoButton,Move,792,496
146.51,146.51,NoButton,Move,801,496
146.528,146.528,NoButton,Move,808,496
146.543,146.543,NoButton,Move,816,496
146.56,146.56,NoButton,Move,823,496
146.577,146.577,NoButton,Move,832,496
146.594,146.594,NoButton,Move,840,494
146.61,146.61,NoButton,Move,848,491
146.627,146.627,NoButton,Move,858,488
146.644,146.644,NoButton,Move,868,484
146.66,146.66,NoButton,Move,877,480
146.677,146.677,NoButton,Move,888,473
146.693,146.693,NoButton,Move,895,470
146.71,146.71,NoButton,Move,903,468
146.727,146.727,NoButton,Move,911,466
146.744,146.744,NoButton,Move,917,464
146.76,146.76,NoButton,Move,923,463
146.777,146.777,NoButton,Move,928,462
146.793,146.793,NoButton,Move,933,461
146.81,146.81,NoButton,Move,937,461
146.827,146.827,NoButton,Move,942,460
146.844,146.844,NoButton,Move,946,459
146.86,146.86,NoButton,Move,951,458
146.877,146.877,NoButton,Move,953,457
146.894,146.894,NoButton,Move,955,457
146.911,146.911,NoButton,Move,957,457
146.927,146.927,NoButton,Move,957,457
147,147,NoButton,Move,957,457
147.004,147.004,NoButton,Move,958,457
147.01,147.01,NoButton,Move,958,457
147.033,147.033,Left,Pressed,958,457
147.13,147.13,Left,Released,958,457
147.186,147.186,NoButton,Move,958,457
147.194,147.194,NoButton,Move,958,457
147.21,147.21,NoButton,Move,956,458
147.227,147.227,NoButton,Move,951,459
147.243,147.243,NoButton,Move,943,460
147.261,147.261,NoButton,Move,930,461
147.278,147.278,NoButton,Move,912,463
147.293,147.293,NoButton,Move,890,465
147.31,147.31,NoButton,Move,861,467
147.327,147.327,NoButton,Move,836,470
147.344,147.344,NoButton,Move,811,472
147.36,147.36,NoButton,Move,788,474
147.377,147.377,NoButton,Move,769,478
147.393,147.393,NoButton,Move,751,481
147.41,147.41,NoButton,Move,731,485
147.427,147.427,NoButton,Move,718,488
147.443,147.443,NoButton,Move,705,492
147.46,147.46,NoButton,Move,693,494
147.477,147.477,NoButton,Move,680,497
147.494,147.494,NoButton,Move,667,499
147.51,147.51,NoButton,Move,648,501
147.527,147.527,NoButton,Move,634,503
147.543,147.543,NoButton,Move,619,505
147.56,147.56,NoButton,Move,603,507
147.577,147.577,NoButton,Move,589,508
147.593,147.593,NoButton,Move,575,508
147.61,147.61,NoButton,Move,558,508
147.626,147.626,NoButton,Move,548,508
147.644,147.644,NoButton,Move,539,508
147.66,147.66,NoButton,Move,529,508
147.677,147.677,NoButton,Move,520,508
147.693,147.693,NoButton,Move,508,508
147.71,147.71,NoButton,Move,501,508
147.727,147.727,NoButton,Move,494,508
147.743,147.743,NoButton,Move,489,508
147.76,147.76,NoButton,Move,484,508
147.777,147.777,NoButton,Move,480,508
147.794,147.794,NoButton,Move,477,508
147.81,147.81,NoButton,Move,475,508
147.826,147.826,NoButton,Move,473,508
147.844,147.844,NoButton,Move,471,508
147.86,147.86,NoButton,Move,469,508
147.877,147.877,NoButton,Move,467,508
147.893,147.893,NoButton,Move,464,508
147.91,147.91,NoButton,Move,459,508
147.927,147.927,NoButton,Move,454,508
147.943,147.943,NoButton,Move,449,508
147.96,147.96,NoButton,Move,442,508
147.977,147.977,NoButton,Move,438,508
147.993,147.993,NoButton,Move,433,508
148.011,148.011,NoButton,Move,430,508
148.027,148.027,NoButton,Move,427,508
148.043,148.043,NoButton,Move,425,508
148.06,148.06,NoButton,Move,425,508
148.201,148.201,NoButton,Move,425,508
148.204,148.204,NoButton,Move,425,508
148.21,148.21,NoButton,Move,426,508
148.227,148.227,NoButton,Move,428,507
148.243,148.243,NoButton,Move,432,507
148.261,148.261,NoButton,Move,440,507
148.277,148.277,NoButton,Move,447,507
148.293,148.293,NoButton,Move,455,507
148.31,148.31,NoButton,Move,463,507
148.326,148.326,NoButton,Move,471,507
148.344,148.344,NoButton,Move,479,508
148.36,148.36,NoButton,Move,487,508
148.376,148.376,NoButton,Move,495,509
148.393,148.393,NoButton,Move,502,510
148.41,148.41,NoButton,Move,510,510
148.426,148.426,NoButton,Move,515,511
148.443,148.443,NoButton,Move,519,511
148.46,148.46,NoButton,Move,523,511
148.477,148.477,NoButton,Move,526,511
148.493,148.493,NoButton,Move,530,511
148.51,148.51,NoButton,Move,533,511
148.527,148.527,NoButton,Move,537,511
148.543,148.543,NoButton,Move,540,511
148.56,148.56,NoButton,Move,543,511
148.577,148.577,NoButton,Move,548,511
148.593,148.593,NoButton,Move,553,511
148.61,148.61,NoButton,Move,559,511
148.627,148.627,NoButton,Move,564,511
148.644,148.644,NoButton,Move,570,511
148.661,148.661,NoButton,Move,576,511
148.677,148.677,NoButton,Move,582,511
148.693,148.693,NoButton,Move,589,512
148.71,148.71,NoButton,Move,597,512
148.727,148.727,NoButton,Move,604,512
148.743,148.743,NoButton,Move,611,512
148.76,148.76,NoButton,Move,618,511
148.777,148.777,NoButton,Move,625,511
148.793,148.793,NoButton,Move,631,510
148.81,148.81,NoButton,Move,639,510
148.826,148.826,NoButton,Move,646,510
148.843,148.843,NoButton,Move,651,509
148.86,148.86,NoButton,Move,658,509
148.876,148.876,NoButton,Move,663,507
148.894,148.894,NoButton,Move,667,506
148.91,148.91,NoButton,Move,671,505
148.926,148.926,NoButton,Move,675,504
148.943,148.943,NoButton,Move,680,504
148.96,148.96,NoButton,Move,686,503
148.976,148.976,NoButton,Move,691,502
148.994,148.994,NoButton,Move,696,501
149.01,149.01,NoButton,Move,702,499
149.026,149.026,NoButton,Move,709,498
149.044,149.044,NoButton,Move,715,497
149.06,149.06,NoButton,Move,720,496
149.077,149.077,NoButton,Move,725,496
149.094,149.094,NoButton,Move,729,496
149.11,149.11,NoButton,Move,733,496
149.127,149.127,NoButton,Move,736,496
149.143,149.143,NoButton,Move,739,496
149.16,149.16,NoButton,Move,742,496
149.176,149.176,NoButton,Move,744,496
149.194,149.194,NoButton,Move,746,496
149.211,149.211,NoButton,Move,748,496
149.226,149.226,NoButton,Move,750,496
149.243,149.243,NoButton,Move,752,496
149.26,149.26,NoButton,Move,755,496
149.277,149.277,NoButton,Move,759,497
149.293,149.293,NoButton,Move,761,497
149.311,149.311,NoButton,Move,764,497
149.326,149.326,NoButton,Move,766,497
149.343,149.343,NoButton,Move,769,497
149.36,149.36,NoButton,Move,772,497
149.376,149.376,NoButton,Move,774,497
149.394,149.394,NoButton,Move,776,498
149.41,149.41,NoButton,Move,779,498
149.427,149.427,NoButton,Move,781,498
149.444,149.444,NoButton,Move,783,498
149.46,149.46,NoButton,Move,785,498
149.476,149.476,NoButton,Move,787,498
149.493,149.493,NoButton,Move,790,499
149.51,149.51,NoButton,Move,793,499
149.527,149.527,NoButton,Move,796,499
149.543,149.543,NoButton,Move,799,500
149.561,149.561,NoButton,Move,803,500
149.577,149.577,NoButton,Move,806,501
149.593,149.593,NoButton,Move,810,501
149.61,149.61,NoButton,Move,815,501
149.626,149.626,NoButton,Move,819,501
149.644,149.644,NoButton,Move,824,502
149.66,149.66,NoButton,Move,828,502
149.677,149.677,NoButton,Move,833,503
149.693,149.693,NoButton,Move,838,503
149.71,149.71,NoButton,Move,843,504
149.726,149.726,NoButton,Move,847,504
149.744,149.744,NoButton,Move,851,504
149.761,149.761,NoButton,Move,855,504
149.777,149.777,NoButton,Move,859,504
149.793,149.793,NoButton,Move,863,504
149.81,149.81,NoButton,Move,869,504
149.827,149.827,NoButton,Move,873,504
149.843,149.843,NoButton,Move,878,504
149.861,149.861,NoButton,Move,881,505
149.877,149.877,NoButton,Move,886,505
149.893,149.893,NoButton,Move,891,505
149.91,149.91,NoButton,Move,897,505
149.927,149.927,NoButton,Move,903,506
149.944,149.944,NoButton,Move,910,506
149.96,149.96,NoButton,Move,918,506
149.977,149.977,NoButton,Move,925,506
149.993,149.993,NoButton,Move,935,506
150.011,150.011,NoButton,Move,941,506
150.027,150.027,NoButton,Move,946,506
150.043,150.043,NoButton,Move,950,506
150.06,150.06,NoButton,Move,954,506
150.077,150.077,NoButton,Move,955,506
150.136,150.136,NoButton,Move,955,507
150.148,150.148,NoButton,Move,955,507
150.16,150.16,NoButton,Move,955,507
150.176,150.176,NoButton,Move,953,508
150.194,150.194,NoButton,Move,950,510
150.21,150.21,NoButton,Move,942,512
150.228,150.228,NoButton,Move,930,514
150.243,150.243,NoButton,Move,913,516
150.26,150.26,NoButton,Move,885,518
150.276,150.276,NoButton,Move,859,519
150.293,150.293,NoButton,Move,828,519
150.311,150.311,NoButton,Move,791,519
150.327,150.327,NoButton,Move,754,520
150.343,150.343,NoButton,Move,718,520
150.36,150.36,NoButton,Move,674,520
150.376,150.376,NoButton,Move,638,520
150.393,150.393,NoButton,Move,604,522
150.411,150.411,NoButton,Move,577,525
150.427,150.427,NoButton,Move,557,528
150.443,150.443,NoButton,Move,541,531
150.46,150.46,NoButton,Move,525,534
150.476,150.476,NoButton,Move,518,536
150.493,150.493,NoButton,Move,514,537
150.51,150.51,NoButton,Move,511,539
150.526,150.526,NoButton,Move,508,541
150.543,150.543,NoButton,Move,504,543
150.56,150.56,NoButton,Move,497,547
150.577,150.577,NoButton,Move,489,550
150.594,150.594,NoButton,Move,475,554
150.61,150.61,NoButton,Move,461,556
150.626,150.626,NoButton,Move,446,556
150.644,150.644,NoButton,Move,432,556
150.66,150.66,NoButton,Move,418,556
150.676,150.676,NoButton,Move,407,556
150.693,150.693,NoButton,Move,399,556
150.71,150.71,NoButton,Move,394,556
150.726,150.726,NoButton,Move,393,556
150.846,150.846,NoButton,Move,393,556
150.854,150.854,NoButton,Move,393,555
150.861,150.861,NoButton,Move,393,555
150.877,150.877,NoButton,Move,393,554
150.893,150.893,NoButton,Move,395,553
150.91,150.91,NoButton,Move,401,551
150.926,150.926,NoButton,Move,406,550
150.943,150.943,NoButton,Move,412,549
150.96,150.96,NoButton,Move,420,549
150.977,150.977,NoButton,Move,430,548
150.993,150.993,NoButton,Move,440,548
151.01,151.01,NoButton,Move,454,548
151.026,151.026,NoButton,Move,466,548
151.043,151.043,NoButton,Move,475,548
151.06,151.06,NoButton,Move,484,548
151.077,151.077,NoButton,Move,492,548
151.093,151.093,NoButton,Move,501,548
151.11,151.11,NoButton,Move,506,548
151.127,151.127,NoButton,Move,511,548
151.143,151.143,NoButton,Move,514,548
151.16,151.16,NoButton,Move,517,548
151.177,151.177,NoButton,Move,520,548
151.194,151.194,NoButton,Move,523,548
151.21,151.21,NoButton,Move,527,548
151.227,151.227,NoButton,Move,531,548
151.243,151.243,NoButton,Move,536,548
151.26,151.26,NoButton,Move,541,549
151.276,151.276,NoButton,Move,548,549
151.293,151.293,NoButton,Move,554,549
151.311,151.311,NoButton,Move,561,550
151.326,151.326,NoButton,Move,567,551
151.343,151.343,NoButton,Move,572,551
151.36,151.36,NoButton,Move,579,551
151.376,151.376,NoButton,Move,586,553
151.394,151.394,NoButton,Move,592,553
151.41,151.41,NoButton,Move,597,553
151.426,151.426,NoButton,Move,603,553
151.443,151.443,NoButton,Move,607,553
151.461,151.461,NoButton,Move,610,552
151.476,151.476,NoButton,Move,613,552
151.493,151.493,NoButton,Move,615,551
151.51,151.51,NoButton,Move,618,551
151.526,151.526,NoButton,Move,620,550
151.543,151.543,NoButton,Move,622,550
151.56,151.56,NoButton,Move,624,549
151.576,151.576,NoButton,Move,625,549
151.594,151.594,NoButton,Move,627,549
151.61,151.61,NoButton,Move,629,549
151.627,151.627,NoButton,Move,630,548
151.643,151.643,NoButton,Move,632,548
151.66,151.66,NoButton,Move,634,548
151.676,151.676,NoButton,Move,635,548
151.694,151.694,NoButton,Move,636,547
151.71,151.71,NoButton,Move,638,547
151.726,151.726,NoButton,Move,640,547
151.743,151.743,NoButton,Move,642,547
151.76,151.76,NoButton,Move,643,547
151.777,151.777,NoButton,Move,646,547
151.793,151.793,NoButton,Move,647,547
151.81,151.81,NoButton,Move,649,546
151.827,151.827,NoButton,Move,649,546
151.844,151.844,NoButton,Move,650,546
151.866,151.866,NoButton,Move,650,546
151.906,151.906,NoButton,Move,651,546
151.91,151.91,NoButton,Move,651,546
151.927,151.927,NoButton,Move,651,546
151.944,151.944,NoButton,Move,652,545
151.961,151.961,NoButton,Move,652,545
151.977,151.977,NoButton,Move,653,545
151.993,151.993,NoButton,Move,653,544
152.01,152.01,NoButton,Move,654,544
152.042,152.042,NoButton,Move,654,544
152.05,152.05,NoButton,Move,654,544
152.06,152.06,NoButton,Move,655,543
152.077,152.077,NoButton,Move,655,543
152.094,152.094,NoButton,Move,656,543
152.11,152.11,NoButton,Move,656,542
152.127,152.127,NoButton,Move,657,542
152.143,152.143,NoButton,Move,657,542
152.198,152.198,NoButton,Move,657,542
152.214,152.214,NoButton,Move,658,542
152.227,152.227,NoButton,Move,658,542
152.244,152.244,NoButton,Move,659,541
152.26,152.26,NoButton,Move,661,541
152.277,152.277,NoButton,Move,662,541
152.294,152.294,NoButton,Move,664,540
152.31,152.31,NoButton,Move,665,539
152.326,152.326,NoButton,Move,667,539
152.343,152.343,NoButton,Move,668,538
152.36,152.36,NoButton,Move,670,537
152.376,152.376,NoButton,Move,672,536
152.394,152.394,NoButton,Move,673,536
152.41,152.41,NoButton,Move,674,535
152.427,152.427,NoButton,Move,674,535
152.443,152.443,NoButton,Move,675,535
152.46,152.46,NoButton,Move,676,536
152.477,152.477,NoButton,Move,678,536
152.494,152.494,NoButton,Move,680,538
152.511,152.511,NoButton,Move,681,539
152.527,152.527,NoButton,Move,683,540
152.543,152.543,NoButton,Move,684,542
152.56,152.56,NoButton,Move,686,544
152.576,152.576,NoButton,Move,686,546
152.593,152.593,NoButton,Move,686,548
152.61,152.61,NoButton,Move,686,550
152.627,152.627,NoButton,Move,685,553
152.643,152.643,NoButton,Move,683,556
152.66,152.66,NoButton,Move,679,561
152.677,152.677,NoButton,Move,674,565
152.694,152.694,NoButton,Move,669,569
152.711,152.711,NoButton,Move,664,573
152.727,152.727,NoButton,Move,659,578
152.743,152.743,NoButton,Move,652,583
152.76,152.76,NoButton,Move,643,590
152.776,152.776,NoButton,Move,636,596
152.794,152.794,NoButton,Move,629,601
152.81,152.81,NoButton,Move,622,606
152.826,152.826,NoButton,Move,616,610
152.843,152.843,NoButton,Move,610,613
152.86,152.86,NoButton,Move,603,616
152.877,152.877,NoButton,Move,598,617
152.893,152.893,NoButton,Move,594,618
152.91,152.91,NoButton,Move,589,619
152.927,152.927,NoButton,Move,587,619
152.943,152.943,NoButton,Move,585,619
152.96,152.96,NoButton,Move,584,619
152.976,152.976,NoButton,Move,584,619
153.026,153.026,NoButton,Move,584,619
153.03,153.03,NoButton,Move,583,619
153.044,153.044,NoButton,Move,582,620
153.06,153.06,NoButton,Move,580,621
153.077,153.077,NoButton,Move,578,622
153.094,153.094,NoButton,Move,573,623
153.11,153.11,NoButton,Move,565,626
153.126,153.126,NoButton,Move,556,628
153.143,153.143,NoButton,Move,546,629
153.161,153.161,NoButton,Move,536,630
153.176,153.176,NoButton,Move,525,630
153.193,153.193,NoButton,Move,516,629
153.211,153.211,NoButton,Move,507,626
153.226,153.226,NoButton,Move,500,624
153.243,153.243,NoButton,Move,497,623
153.261,153.261,NoButton,Move,497,623
153.54,153.54,NoButton,Move,496,623
153.544,153.544,NoButton,Move,496,623
153.56,153.56,NoButton,Move,494,622
153.576,153.576,NoButton,Move,491,622
153.593,153.593,NoButton,Move,487,621
153.611,153.611,NoButton,Move,482,620
153.627,153.627,NoButton,Move,477,618
153.643,153.643,NoButton,Move,474,618
153.66,153.66,NoButton,Move,472,617
153.677,153.677,NoButton,Move,471,617
153.693,153.693,NoButton,Move,471,616
153.768,153.768,NoButton,Move,470,616
153.788,153.788,NoButton,Move,470,616
153.845,153.845,NoButton,Move,470,616
153.86,153.86,NoButton,Move,470,615
153.877,153.877,NoButton,Move,470,615
153.894,153.894,NoButton,Move,470,615
153.924,153.924,NoButton,Move,470,615
153.944,153.944,NoButton,Move,470,614
153.968,153.968,NoButton,Move,470,614
153.988,153.988,NoButton,Move,470,614
154,154,NoButton,Move,470,614
154.01,154.01,NoButton,Move,470,613
154.026,154.026,NoButton,Move,470,613
154.044,154.044,NoButton,Move,470,613
154.06,154.06,NoButton,Move,470,612
154.077,154.077,NoButton,Move,470,612
154.098,154.098,NoButton,Move,470,612
154.152,154.152,NoButton,Move,471,612
154.154,154.154,NoButton,Move,471,612
154.162,154.162,NoButton,Move,471,611
154.177,154.177,NoButton,Move,471,611
154.193,154.193,NoButton,Move,472,610
154.21,154.21,NoButton,Move,474,610
154.227,154.227,NoButton,Move,475,609
154.244,154.244,NoButton,Move,476,608
154.26,154.26,NoButton,Move,478,607
154.277,154.277,NoButton,Move,479,607
154.293,154.293,NoButton,Move,482,606
154.31,154.31,NoButton,Move,487,605
154.326,154.326,NoButton,Move,493,605
154.343,154.343,NoButton,Move,498,605
154.36,154.36,NoButton,Move,504,604
154.377,154.377,NoButton,Move,509,604
154.393,154.393,NoButton,Move,516,604
154.41,154.41,NoButton,Move,523,604
154.426,154.426,NoButton,Move,530,604
154.443,154.443,NoButton,Move,536,604
154.461,154.461,NoButton,Move,541,604
154.476,154.476,NoButton,Move,545,604
154.493,154.493,NoButton,Move,549,604
154.51,154.51,NoButton,Move,555,603
154.527,154.527,NoButton,Move,559,603
154.544,154.544,NoButton,Move,563,603
154.561,154.561,NoButton,Move,566,603
154.577,154.577,NoButton,Move,569,603
154.594,154.594,NoButton,Move,573,602
154.611,154.611,NoButton,Move,576,602
154.626,154.626,NoButton,Move,580,602
154.644,154.644,NoButton,Move,584,602
154.661,154.661,NoButton,Move,589,602
154.677,154.677,NoButton,Move,595,602
154.693,154.693,NoButton,Move,600,602
154.71,154.71,NoButton,Move,605,602
154.727,154.727,NoButton,Move,610,602
154.743,154.743,NoButton,Move,614,602
154.76,154.76,NoButton,Move,619,602
154.776,154.776,NoButton,Move,623,602
154.794,154.794,NoButton,Move,626,602
154.81,154.81,NoButton,Move,630,602
154.827,154.827,NoButton,Move,633,602
154.843,154.843,NoButton,Move,636,602
154.86,154.86,NoButton,Move,640,602
154.877,154.877,NoButton,Move,642,602
154.893,154.893,NoButton,Move,644,602
154.91,154.91,NoButton,Move,647,602
154.927,154.927,NoButton,Move,650,602
154.943,154.943,NoButton,Move,653,602
154.96,154.96,NoButton,Move,658,601
154.977,154.977,NoButton,Move,663,601
154.994,154.994,NoButton,Move,668,601
155.01,155.01,NoButton,Move,674,601
155.026,155.026,NoButton,Move,680,601
155.043,155.043,NoButton,Move,686,601
155.06,155.06,NoButton,Move,692,601
155.077,155.077,NoButton,Move,700,601
155.093,155.093,NoButton,Move,707,601
155.11,155.11,NoButton,Move,713,601
155.126,155.126,NoButton,Move,718,601
155.143,155.143,NoButton,Move,724,600
155.16,155.16,NoButton,Move,729,600
155.176,155.176,NoButton,Move,734,599
155.194,155.194,NoButton,Move,737,598
155.21,155.21,NoButton,Move,741,598
155.226,155.226,NoButton,Move,743,598
155.243,155.243,NoButton,Move,745,598
155.26,155.26,NoButton,Move,746,597
155.278,155.278,NoButton,Move,747,597
155.293,155.293,NoButton,Move,748,597
155.31,155.31,NoButton,Move,749,597
155.327,155.327,NoButton,Move,750,596
155.343,155.343,NoButton,Move,752,596
155.36,155.36,NoButton,Move,753,596
155.376,155.376,NoButton,Move,755,596
155.393,155.393,NoButton,Move,758,596
155.41,155.41,NoButton,Move,762,595
155.426,155.426,NoButton,Move,765,595
155.443,155.443,NoButton,Move,768,595
155.46,155.46,NoButton,Move,770,595
155.477,155.477,NoButton,Move,772,595
155.493,155.493,NoButton,Move,773,594
155.51,155.51,NoButton,Move,774,594
155.527,155.527,NoButton,Move,775,594
155.544,155.544,NoButton,Move,775,594
155.56,155.56,NoButton,Move,777,593
155.577,155.577,NoButton,Move,778,593
155.593,155.593,NoButton,Move,779,593
155.61,155.61,NoButton,Move,782,592
155.627,155.627,NoButton,Move,784,592
155.644,155.644,NoButton,Move,787,591
155.66,155.66,NoButton,Move,790,591
155.676,155.676,NoButton,Move,794,590
155.694,155.694,NoButton,Move,800,589
155.71,155.71,NoButton,Move,805,588
155.726,155.726,NoButton,Move,811,587
155.743,155.743,NoButton,Move,817,586
155.76,155.76,NoButton,Move,823,585
155.776,155.776,NoButton,Move,828,584
155.793,155.793,NoButton,Move,831,582
155.811,155.811,NoButton,Move,835,581
155.826,155.826,NoButton,Move,839,581
155.843,155.843,NoButton,Move,841,581
155.86,155.86,NoButton,Move,844,580
155.877,155.877,NoButton,Move,846,580
155.893,155.893,NoButton,Move,847,580
155.911,155.911,NoButton,Move,849,579
155.927,155.927,NoButton,Move,850,579
155.943,155.943,NoButton,Move,851,579
155.96,155.96,NoButton,Move,853,578
155.977,155.977,NoButton,Move,854,578
155.993,155.993,NoButton,Move,856,578
156.011,156.011,NoButton,Move,858,578
156.027,156.027,NoButton,Move,860,578
156.043,156.043,NoButton,Move,863,578
156.06,156.06,NoButton,Move,866,578
156.076,156.076,NoButton,Move,870,578
156.094,156.094,NoButton,Move,874,578
156.11,156.11,NoButton,Move,878,578
156.127,156.127,NoButton,Move,883,578
156.143,156.143,NoButton,Move,887,578
156.16,156.16,NoButton,Move,892,578
156.177,156.177,NoButton,Move,896,578
156.193,156.193,NoButton,Move,900,578
156.21,156.21,NoButton,Move,903,578
156.227,156.227,NoButton,Move,904,578
156.244,156.244,NoButton,Move,905,578
156.268,156.268,NoButton,Move,905,578
156.351,156.351,Left,Pressed,905,578
156.479,156.479,Left,Released,905,578
156.674,156.674,NoButton,Move,905,579
156.69,156.69,NoButton,Move,905,579
156.698,156.698,NoButton,Move,904,579
156.71,156.71,NoButton,Move,904,579
156.727,156.727,NoButton,Move,902,581
156.743,156.743,NoButton,Move,898,583
156.76,156.76,NoButton,Move,893,584
156.776,156.776,NoButton,Move,885,586
156.793,156.793,NoButton,Move,875,588
156.81,156.81,NoButton,Move,865,590
156.827,156.827,NoButton,Move,855,591
156.844,156.844,NoButton,Move,848,592
156.86,156.86,NoButton,Move,843,594
156.877,156.877,NoButton,Move,838,595
156.893,156.893,NoButton,Move,832,597
156.911,156.911,NoButton,Move,826,598
156.927,156.927,NoButton,Move,820,600
156.943,156.943,NoButton,Move,815,601
156.96,156.96,NoButton,Move,810,601
156.977,156.977,NoButton,Move,803,602
156.993,156.993,NoButton,Move,797,603
157.011,157.011,NoButton,Move,789,603
157.026,157.026,NoButton,Move,781,602
157.043,157.043,NoButton,Move,773,601
157.06,157.06,NoButton,Move,762,601
157.076,157.076,NoButton,Move,755,600
157.094,157.094,NoButton,Move,748,600
157.111,157.111,NoButton,Move,740,600
157.126,157.126,NoButton,Move,732,600
157.143,157.143,NoButton,Move,723,600
157.16,157.16,NoButton,Move,716,600
157.176,157.176,NoButton,Move,708,600
157.193,157.193,NoButton,Move,701,600
157.21,157.21,NoButton,Move,695,600
157.227,157.227,NoButton,Move,688,600
157.243,157.243,NoButton,Move,682,600
157.26,157.26,NoButton,Move,676,600
157.277,157.277,NoButton,Move,669,600
157.294,157.294,NoButton,Move,663,601
157.311,157.311,NoButton,Move,657,602
157.327,157.327,NoButton,Move,650,602
157.343,157.343,NoButton,Move,644,603
157.36,157.36,NoButton,Move,636,604
157.376,157.376,NoButton,Move,630,604
157.393,157.393,NoButton,Move,625,604
157.41,157.41,NoButton,Move,621,604
157.427,157.427,NoButton,Move,618,604
157.443,157.443,NoButton,Move,615,604
157.46,157.46,NoButton,Move,612,604
157.477,157.477,NoButton,Move,610,604
157.493,157.493,NoButton,Move,607,604
157.51,157.51,NoButton,Move,604,604
157.527,157.527,NoButton,Move,599,604
157.544,157.544,NoButton,Move,595,604
157.56,157.56,NoButton,Move,590,604
157.576,157.576,NoButton,Move,584,604
157.593,157.593,NoButton,Move,577,604
157.61,157.61,NoButton,Move,567,604
157.626,157.626,NoButton,Move,556,604
157.644,157.644,NoButton,Move,548,603
157.659,157.659,NoButton,Move,538,603
157.676,157.676,NoButton,Move,529,603
157.693,157.693,NoButton,Move,522,603
157.71,157.71,NoButton,Move,514,603
157.726,157.726,NoButton,Move,510,603
157.743,157.743,NoButton,Move,507,603
157.76,157.76,NoButton,Move,505,603
157.776,157.776,NoButton,Move,505,603
158.213,158.213,NoButton,Move,504,603
158.216,158.216,NoButton,Move,504,603
158.226,158.226,NoButton,Move,504,604
158.244,158.244,NoButton,Move,503,605
158.26,158.26,NoButton,Move,501,607
158.276,158.276,NoButton,Move,499,610
158.293,158.293,NoButton,Move,497,613
158.31,158.31,NoButton,Move,496,615
158.327,158.327,NoButton,Move,494,617
158.344,158.344,NoButton,Move,494,618
158.36,158.36,NoButton,Move,493,618
158.377,158.377,NoButton,Move,493,619
158.394,158.394,NoButton,Move,492,619
158.412,158.412,NoButton,Move,492,619
158.456,158.456,NoButton,Move,492,620
158.492,158.492,NoButton,Move,492,620
158.496,158.496,NoButton,Move,493,620
158.51,158.51,NoButton,Move,493,620
158.527,158.527,NoButton,Move,494,620
158.543,158.543,NoButton,Move,495,620
158.56,158.56,NoButton,Move,498,620
158.576,158.576,NoButton,Move,500,620
158.594,158.594,NoButton,Move,504,620
158.61,158.61,NoButton,Move,508,620
158.626,158.626,NoButton,Move,512,620
158.644,158.644,NoButton,Move,517,621
158.66,158.66,NoButton,Move,521,621
158.676,158.676,NoButton,Move,528,621
158.693,158.693,NoButton,Move,534,621
158.71,158.71,NoButton,Move,543,621
158.726,158.726,NoButton,Move,552,620
158.743,158.743,NoButton,Move,560,619
158.76,158.76,NoButton,Move,569,617
158.777,158.777,NoButton,Move,578,615
158.793,158.793,NoButton,Move,586,614
158.81,158.81,NoButton,Move,598,613
158.826,158.826,NoButton,Move,606,612
158.843,158.843,NoButton,Move,614,611
158.86,158.86,NoButton,Move,620,610
158.877,158.877,NoButton,Move,625,610
158.893,158.893,NoButton,Move,631,610
158.91,158.91,NoButton,Move,636,610
158.927,158.927,NoButton,Move,641,610
158.943,158.943,NoButton,Move,646,610
158.961,158.961,NoButton,Move,651,610
158.976,158.976,NoButton,Move,655,610
158.993,158.993,NoButton,Move,659,610
159.01,159.01,NoButton,Move,663,610
159.027,159.027,NoButton,Move,665,611
159.043,159.043,NoButton,Move,668,612
159.06,159.06,NoButton,Move,673,613
159.076,159.076,NoButton,Move,679,613
159.093,159.093,NoButton,Move,685,614
159.11,159.11,NoButton,Move,694,615
159.126,159.126,NoButton,Move,703,616
159.143,159.143,NoButton,Move,713,618
159.16,159.16,NoButton,Move,724,621
159.176,159.176,NoButton,Move,735,623
159.193,159.193,NoButton,Move,749,624
159.21,159.21,NoButton,Move,758,625
159.227,159.227,NoButton,Move,766,625
159.243,159.243,NoButton,Move,773,625
159.26,159.26,NoButton,Move,779,625
159.276,159.276,NoButton,Move,781,625
159.332,159.332,NoButton,Move,781,625
159.645,159.645,NoButton,Move,781,625
159.648,159.648,NoButton,Move,781,625
159.66,159.66,NoButton,Move,782,625
159.676,159.676,NoButton,Move,783,624
159.693,159.693,NoButton,Move,784,624
159.71,159.71,NoButton,Move,785,623
159.726,159.726,NoButton,Move,787,622
159.744,159.744,NoButton,Move,788,620
159.76,159.76,NoButton,Move,790,619
159.777,159.777,NoButton,Move,792,616
159.793,159.793,NoButton,Move,794,615
159.81,159.81,NoButton,Move,796,613
159.826,159.826,NoButton,Move,798,612
159.843,159.843,NoButton,Move,799,611
159.86,159.86,NoButton,Move,800,611
159.876,159.876,NoButton,Move,800,611
159.97,159.97,NoButton,Move,800,611
159.986,159.986,NoButton,Move,800,610
160.011,160.011,Left,Pressed,800,610
160.143,160.143,Left,Released,800,610
160.356,160.356,NoButton,Move,800,611
160.36,160.36,NoButton,Move,801,611
160.377,160.377,NoButton,Move,801,611
160.393,160.393,NoButton,Move,801,612
160.41,160.41,NoButton,Move,801,612
160.427,160.427,NoButton,Move,802,613
160.443,160.443,NoButton,Move,802,614
160.46,160.46,NoButton,Move,802,615
160.477,160.477,NoButton,Move,803,615
160.581,160.581,NoButton,Move,803,615
160.588,160.588,NoButton,Move,804,615
160.593,160.593,NoButton,Move,804,616
160.61,160.61,NoButton,Move,806,617
160.627,160.627,NoButton,Move,809,618
160.643,160.643,NoButton,Move,812,619
160.66,160.66,NoButton,Move,816,620
160.676,160.676,NoButton,Move,820,621
160.694,160.694,NoButton,Move,823,622
160.71,160.71,NoButton,Move,828,623
160.727,160.727,NoButton,Move,833,623
160.743,160.743,NoButton,Move,838,623
160.76,160.76,NoButton,Move,844,623
160.777,160.777,NoButton,Move,850,622
160.794,160.794,NoButton,Move,854,621
160.81,160.81,NoButton,Move,858,620
160.826,160.826,NoButton,Move,859,620
160.844,160.844,NoButton,Move,859,620
160.914,160.914,NoButton,Move,860,619
160.918,160.918,NoButton,Move,860,619
160.942,160.942,NoButton,Move,860,619
161.191,161.191,NoButton,Move,860,619
161.198,161.198,NoButton,Move,860,620
161.211,161.211,NoButton,Move,860,620
161.227,161.227,NoButton,Move,860,620
161.243,161.243,NoButton,Move,859,621
161.26,161.26,NoButton,Move,859,622
161.277,161.277,NoButton,Move,858,623
161.293,161.293,NoButton,Move,856,625
161.31,161.31,NoButton,Move,854,627
161.327,161.327,NoButton,Move,850,630
161.343,161.343,NoButton,Move,847,632
161.36,161.36,NoButton,Move,843,634
161.376,161.376,NoButton,Move,839,636
161.393,161.393,NoButton,Move,835,639
161.41,161.41,NoButton,Move,830,642
161.426,161.426,NoButton,Move,825,645
161.443,161.443,NoButton,Move,818,648
161.46,161.46,NoButton,Move,810,652
161.476,161.476,NoButton,Move,802,655
161.494,161.494,NoButton,Move,789,659
161.51,161.51,NoButton,Move,777,662
161.527,161.527,NoButton,Move,767,665
161.543,161.543,NoButton,Move,752,669
161.56,161.56,NoButton,Move,735,673
161.576,161.576,NoButton,Move,719,677
161.593,161.593,NoButton,Move,703,681
161.61,161.61,NoButton,Move,687,682
161.626,161.626,NoButton,Move,671,682
161.643,161.643,NoButton,Move,652,682
161.66,161.66,NoButton,Move,632,682
161.676,161.676,NoButton,Move,602,681
161.694,161.694,NoButton,Move,579,679
161.71,161.71,NoButton,Move,560,677
161.727,161.727,NoButton,Move,543,675
161.743,161.743,NoButton,Move,530,674
161.76,161.76,NoButton,Move,517,671
161.776,161.776,NoButton,Move,509,669
161.793,161.793,NoButton,Move,504,669
161.81,161.81,NoButton,Move,502,669
161.826,161.826,NoButton,Move,501,669
161.844,161.844,NoButton,Move,501,669
161.876,161.876,NoButton,Move,501,669
161.884,161.884,NoButton,Move,500,669
161.894,161.894,NoButton,Move,500,669
161.911,161.911,NoButton,Move,499,669
161.927,161.927,NoButton,Move,497,670
161.943,161.943,NoButton,Move,493,671
161.96,161.96,NoButton,Move,488,672
161.976,161.976,NoButton,Move,483,673
161.993,161.993,NoButton,Move,478,674
162.01,162.01,NoButton,Move,472,675
162.027,162.027,NoButton,Move,465,675
162.044,162.044,NoButton,Move,460,676
162.06,162.06,NoButton,Move,452,676
162.076,162.076,NoButton,Move,447,676
162.093,162.093,NoButton,Move,444,676
162.11,162.11,NoButton,Move,441,676
162.506,162.506,NoButton,Move,441,676
162.668,162.668,NoButton,Move,441,676
162.692,162.692,NoButton,Move,441,676
162.7,162.7,NoButton,Move,441,676
162.711,162.711,NoButton,Move,441,676
162.727,162.727,NoButton,Move,442,675
162.743,162.743,NoButton,Move,442,675
162.761,162.761,NoButton,Move,443,675
162.777,162.777,NoButton,Move,444,674
162.793,162.793,NoButton,Move,444,674
162.811,162.811,NoButton,Move,445,673
162.827,162.827,NoButton,Move,446,673
162.843,162.843,NoButton,Move,448,672
162.86,162.86,NoButton,Move,449,671
162.876,162.876,NoButton,Move,452,670
162.894,162.894,NoButton,Move,455,669
162.91,162.91,NoButton,Move,458,668
162.927,162.927,NoButton,Move,461,668
162.943,162.943,NoButton,Move,463,667
162.96,162.96,NoButton,Move,465,667
162.976,162.976,NoButton,Move,467,666
162.993,162.993,NoButton,Move,468,666
163.01,163.01,NoButton,Move,469,666
163.027,163.027,NoButton,Move,470,666
163.043,163.043,NoButton,Move,471,666
163.06,163.06,NoButton,Move,473,666
163.076,163.076,NoButton,Move,475,665
163.093,163.093,NoButton,Move,477,665
163.11,163.11,NoButton,Move,479,665
163.127,163.127,NoButton,Move,482,665
163.143,163.143,NoButton,Move,485,665
163.16,163.16,NoButton,Move,488,665
163.176,163.176,NoButton,Move,490,665
163.194,163.194,NoButton,Move,492,665
163.21,163.21,NoButton,Move,495,665
163.226,163.226,NoButton,Move,499,665
163.243,163.243,NoButton,Move,505,666
163.26,163.26,NoButton,Move,511,667
163.277,163.277,NoButton,Move,518,668
163.294,163.294,NoButton,Move,526,668
163.31,163.31,NoButton,Move,534,668
163.326,163.326,NoButton,Move,544,668
163.344,163.344,NoButton,Move,554,669
163.359,163.359,NoButton,Move,564,670
163.377,163.377,NoButton,Move,574,670
163.393,163.393,NoButton,Move,583,670
163.41,163.41,NoButton,Move,592,671
163.427,163.427,NoButton,Move,600,672
163.443,163.443,NoButton,Move,606,672
163.46,163.46,NoButton,Move,610,672
163.477,163.477,NoButton,Move,612,672
163.494,163.494,NoButton,Move,612,672
163.917,163.917,NoButton,Move,612,672
163.92,163.92,NoButton,Move,612,672
163.927,163.927,NoButton,Move,612,672
163.943,163.943,NoButton,Move,611,674
163.96,163.96,NoButton,Move,610,676
163.976,163.976,NoButton,Move,607,679
163.994,163.994,NoButton,Move,605,682
164.01,164.01,NoButton,Move,602,685
164.026,164.026,NoButton,Move,599,689
164.043,164.043,NoButton,Move,596,692
164.06,164.06,NoButton,Move,592,695
164.077,164.077,NoButton,Move,588,700
164.094,164.094,NoButton,Move,584,703
164.109,164.109,NoButton,Move,580,707
164.127,164.127,NoButton,Move,575,711
164.143,164.143,NoButton,Move,570,715
164.16,164.16,NoButton,Move,565,719
164.176,164.176,NoButton,Move,559,724
164.193,164.193,NoButton,Move,554,727
164.211,164.211,NoButton,Move,550,730
164.226,164.226,NoButton,Move,547,732
164.243,164.243,NoButton,Move,543,735
164.26,164.26,NoButton,Move,538,738
164.276,164.276,NoButton,Move,530,743
164.294,164.294,NoButton,Move,525,746
164.311,164.311,NoButton,Move,518,750
164.327,164.327,NoButton,Move,512,754
164.343,164.343,NoButton,Move,505,758
164.36,164.36,NoButton,Move,497,763
164.376,164.376,NoButton,Move,491,765
164.394,164.394,NoButton,Move,484,767
164.41,164.41,NoButton,Move,478,769
164.426,164.426,NoButton,Move,473,770
164.443,164.443,NoButton,Move,470,770
164.459,164.459,NoButton,Move,469,769
164.477,164.477,NoButton,Move,469,769
164.493,164.493,NoButton,Move,469,769
164.51,164.51,NoButton,Move,468,767
164.526,164.526,NoButton,Move,466,761
164.543,164.543,NoButton,Move,465,754
164.56,164.56,NoButton,Move,464,746
164.577,164.577,NoButton,Move,462,741
164.594,164.594,NoButton,Move,462,737
164.61,164.61,NoButton,Move,462,736
164.894,164.894,NoButton,Move,462,736
164.898,164.898,NoButton,Move,462,736
164.91,164.91,NoButton,Move,462,735
164.926,164.926,NoButton,Move,462,734
164.944,164.944,NoButton,Move,462,733
165.016,165.016,NoButton,Move,462,733
165.032,165.032,NoButton,Move,462,732
165.112,165.112,NoButton,Move,462,732
165.648,165.648,NoButton,Move,462,732
165.65,165.65,NoButton,Move,463,731
165.66,165.66,NoButton,Move,463,730
165.677,165.677,NoButton,Move,465,728
165.693,165.693,NoButton,Move,466,726
165.711,165.711,NoButton,Move,468,725
165.727,165.727,NoButton,Move,470,723
165.744,165.744,NoButton,Move,473,721
165.76,165.76,NoButton,Move,475,720
165.776,165.776,NoButton,Move,479,718
165.794,165.794,NoButton,Move,482,717
165.81,165.81,NoButton,Move,485,716
165.827,165.827,NoButton,Move,488,715
165.843,165.843,NoButton,Move,493,714
165.861,165.861,NoButton,Move,500,713
165.877,165.877,NoButton,Move,506,712
165.894,165.894,NoButton,Move,514,712
165.909,165.909,NoButton,Move,522,712
165.927,165.927,NoButton,Move,531,712
165.943,165.943,NoButton,Move,540,712
165.96,165.96,NoButton,Move,548,712
165.976,165.976,NoButton,Move,557,712
165.993,165.993,NoButton,Move,562,712
166.01,166.01,NoButton,Move,566,711
166.027,166.027,NoButton,Move,571,711
166.043,166.043,NoButton,Move,573,711
166.059,166.059,NoButton,Move,574,711
166.076,166.076,NoButton,Move,576,711
166.093,166.093,NoButton,Move,577,711
166.11,166.11,NoButton,Move,579,711
166.126,166.126,NoButton,Move,581,711
166.143,166.143,NoButton,Move,582,711
166.159,166.159,NoButton,Move,583,711
166.177,166.177,NoButton,Move,584,711
166.193,166.193,NoButton,Move,587,711
166.21,166.21,NoButton,Move,591,711
166.226,166.226,NoButton,Move,595,712
166.243,166.243,NoButton,Move,601,713
166.26,166.26,NoButton,Move,608,714
166.277,166.277,NoButton,Move,615,715
166.293,166.293,NoButton,Move,623,715
166.31,166.31,NoButton,Move,630,715
166.326,166.326,NoButton,Move,638,715
166.343,166.343,NoButton,Move,644,715
166.359,166.359,NoButton,Move,647,715
166.376,166.376,NoButton,Move,650,715
166.393,166.393,NoButton,Move,651,715
166.411,166.411,NoButton,Move,651,715
166.471,166.471,NoButton,Move,652,715
166.474,166.474,NoButton,Move,652,714
166.478,166.478,NoButton,Move,652,714
166.493,166.493,NoButton,Move,653,714
166.51,166.51,NoButton,Move,653,714
166.527,166.527,NoButton,Move,655,713
166.544,166.544,NoButton,Move,658,713
166.56,166.56,NoButton,Move,660,712
166.577,166.577,NoButton,Move,662,712
166.593,166.593,NoButton,Move,665,711
166.61,166.61,NoButton,Move,667,711
166.627,166.627,NoButton,Move,670,710
166.643,166.643,NoButton,Move,673,709
166.66,166.66,NoButton,Move,677,708
166.676,166.676,NoButton,Move,682,707
166.694,166.694,NoButton,Move,685,705
166.71,166.71,NoButton,Move,689,704
166.727,166.727,NoButton,Move,693,703
166.743,166.743,NoButton,Move,696,702
166.76,166.76,NoButton,Move,698,701
166.777,166.777,NoButton,Move,701,701
166.793,166.793,NoButton,Move,702,700
166.81,166.81,NoButton,Move,703,700
166.827,166.827,NoButton,Move,703,700
166.864,166.864,NoButton,Move,703,700
166.872,166.872,NoButton,Move,703,700
166.877,166.877,NoButton,Move,703,700
166.893,166.893,NoButton,Move,705,700
166.91,166.91,NoButton,Move,707,700
166.927,166.927,NoButton,Move,711,700
166.943,166.943,NoButton,Move,716,700
166.96,166.96,NoButton,Move,722,700
166.976,166.976,NoButton,Move,731,700
166.993,166.993,NoButton,Move,737,701
167.009,167.009,NoButton,Move,744,701
167.026,167.026,NoButton,Move,750,703
167.043,167.043,NoButton,Move,757,704
167.06,167.06,NoButton,Move,765,706
167.077,167.077,NoButton,Move,772,707
167.093,167.093,NoButton,Move,778,709
167.11,167.11,NoButton,Move,785,711
167.127,167.127,NoButton,Move,791,712
167.143,167.143,NoButton,Move,797,714
167.16,167.16,NoButton,Move,805,714
167.177,167.177,NoButton,Move,810,715
167.193,167.193,NoButton,Move,814,715
167.21,167.21,NoButton,Move,816,715
167.226,167.226,NoButton,Move,817,715
167.244,167.244,NoButton,Move,817,715
167.26,167.26,NoButton,Move,818,714
167.276,167.276,NoButton,Move,820,714
167.293,167.293,NoButton,Move,822,713
167.31,167.31,NoButton,Move,826,713
167.326,167.326,NoButton,Move,830,713
167.344,167.344,NoButton,Move,833,713
167.36,167.36,NoButton,Move,835,713
167.376,167.376,NoButton,Move,836,713
167.546,167.546,NoButton,Move,836,713
167.558,167.558,NoButton,Move,836,713
167.566,167.566,NoButton,Move,836,713
167.577,167.577,NoButton,Move,836,714
167.593,167.593,NoButton,Move,836,715
167.61,167.61,NoButton,Move,838,718
167.626,167.626,NoButton,Move,840,724
167.643,167.643,NoButton,Move,838,729
167.66,167.66,NoButton,Move,834,732
168.032,168.032,NoButton,Move,834,732
168.064,168.064,NoButton,Move,833,732
168.068,168.068,NoButton,Move,833,731
168.077,168.077,NoButton,Move,833,724
168.094,168.094,NoButton,Move,838,703
168.11,168.11,NoButton,Move,848,677
168.127,168.127,NoButton,Move,867,641
168.143,168.143,NoButton,Move,893,595
168.16,168.16,NoButton,Move,921,544
168.177,168.177,NoButton,Move,955,476
168.194,168.194,NoButton,Move,976,422
168.21,168.21,NoButton,Move,993,372
168.227,168.227,NoButton,Move,1007,323
168.244,168.244,NoButton,Move,1019,279
168.26,168.26,NoButton,Move,1029,247
168.277,168.277,NoButton,Move,1030,243
168.578,168.578,NoButton,Move,1029,242
168.582,168.582,NoButton,Move,1028,241
168.593,168.593,NoButton,Move,1024,240
168.61,168.61,NoButton,Move,1016,244
168.626,168.626,NoButton,Move,1008,251
168.644,168.644,NoButton,Move,1007,252
168.66,168.66,NoButton,Move,1007,261
168.677,168.677,NoButton,Move,1007,275
168.694,168.694,NoButton,Move,1003,287
168.71,168.71,NoButton,Move,989,299
168.727,168.727,NoButton,Move,954,324
168.743,168.743,NoButton,Move,921,346
168.761,168.761,NoButton,Move,897,364
168.776,168.776,NoButton,Move,885,380
168.793,168.793,NoButton,Move,880,392
168.81,168.81,NoButton,Move,877,399
168.826,168.826,NoButton,Move,876,402
168.862,168.862,NoButton,Move,876,403
168.866,168.866,NoButton,Move,876,403
168.876,168.876,NoButton,Move,876,403
168.893,168.893,NoButton,Move,874,404
168.91,168.91,NoButton,Move,871,405
168.926,168.926,NoButton,Move,866,408
168.943,168.943,NoButton,Move,855,414
168.96,168.96,NoButton,Move,836,422
168.977,168.977,NoButton,Move,805,435
168.993,168.993,NoButton,Move,780,447
169.01,169.01,NoButton,Move,757,458
169.026,169.026,NoButton,Move,740,467
169.043,169.043,NoButton,Move,730,474
169.06,169.06,NoButton,Move,723,480
169.076,169.076,NoButton,Move,715,487
169.094,169.094,NoButton,Move,708,494
169.11,169.11,NoButton,Move,702,499
169.127,169.127,NoButton,Move,696,504
169.143,169.143,NoButton,Move,691,509
169.16,169.16,NoButton,Move,683,518
169.176,169.176,NoButton,Move,671,532
169.193,169.193,NoButton,Move,660,544
169.21,169.21,NoButton,Move,645,560
169.226,169.226,NoButton,Move,630,576
169.243,169.243,NoButton,Move,613,591
169.259,169.259,NoButton,Move,596,607
169.277,169.277,NoButton,Move,574,625
169.293,169.293,NoButton,Move,558,638
169.309,169.309,NoButton,Move,547,647
169.326,169.326,NoButton,Move,543,653
169.343,169.343,NoButton,Move,541,658
169.36,169.36,NoButton,Move,542,665
169.376,169.376,NoButton,Move,547,672
169.393,169.393,NoButton,Move,555,679
169.41,169.41,NoButton,Move,564,686
169.427,169.427,NoButton,Move,574,692
169.443,169.443,NoButton,Move,584,698
169.46,169.46,NoButton,Move,597,707
169.477,169.477,NoButton,Move,610,714
169.493,169.493,NoButton,Move,626,721
169.51,169.51,NoButton,Move,647,730
169.526,169.526,NoButton,Move,676,742
169.543,169.543,NoButton,Move,705,752
169.56,169.56,NoButton,Move,729,760
169.576,169.576,NoButton,Move,754,768
169.593,169.593,NoButton,Move,778,775
169.61,169.61,NoButton,Move,798,780
169.626,169.626,NoButton,Move,818,786
169.643,169.643,NoButton,Move,831,788
169.66,169.66,NoButton,Move,842,788
169.677,169.677,NoButton,Move,852,788
169.693,169.693,NoButton,Move,859,788
169.71,169.71,NoButton,Move,866,788
169.726,169.726,NoButton,Move,869,787
169.744,169.744,NoButton,Move,870,787
169.76,169.76,NoButton,Move,871,786
169.777,169.777,NoButton,Move,872,783
169.794,169.794,NoButton,Move,872,782
169.81,169.81,NoButton,Move,873,781
169.89,169.89,NoButton,Move,872,780
169.914,169.914,NoButton,Move,872,780
169.926,169.926,NoButton,Move,872,780
169.938,169.938,NoButton,Move,872,780
169.946,169.946,NoButton,Move,872,779
169.96,169.96,NoButton,Move,872,779
169.977,169.977,NoButton,Move,872,778
169.993,169.993,NoButton,Move,872,778
170.01,170.01,NoButton,Move,872,777
170.027,170.027,NoButton,Move,872,777
170.108,170.108,Scroll,Up,872,777
170.16,170.16,Scroll,Up,872,777
170.248,170.248,Scroll,Up,872,777
170.312,170.312,Scroll,Up,872,777
170.384,170.384,NoButton,Move,872,777
170.396,170.396,NoButton,Move,872,777
170.409,170.409,NoButton,Move,872,776
170.426,170.426,NoButton,Move,872,776
170.443,170.443,NoButton,Move,872,775
170.46,170.46,NoButton,Move,872,774
170.476,170.476,NoButton,Move,872,772
170.494,170.494,NoButton,Move,872,771
170.51,170.51,NoButton,Move,872,771
170.526,170.526,NoButton,Move,872,770
170.678,170.678,NoButton,Move,872,770
170.69,170.69,NoButton,Move,872,770
170.714,170.714,Scroll,Down,872,770
170.742,170.742,Scroll,Down,872,770
170.77,170.77,Scroll,Down,872,770
170.834,170.834,Scroll,Down,872,770
170.935,170.935,NoButton,Move,872,770
170.966,170.966,Scroll,Down,872,770
170.982,170.982,NoButton,Move,872,770
170.993,170.993,NoButton,Move,872,769
171.01,171.01,NoButton,Move,872,768
171.026,171.026,NoButton,Move,872,767
171.134,171.134,NoButton,Move,872,767
171.138,171.138,NoButton,Move,872,767
171.15,171.15,NoButton,Move,872,766
171.162,171.162,NoButton,Move,872,766
171.177,171.177,NoButton,Move,872,765
171.194,171.194,NoButton,Move,872,762
171.21,171.21,NoButton,Move,871,755
171.227,171.227,NoButton,Move,868,746
171.243,171.243,NoButton,Move,862,736
171.26,171.26,NoButton,Move,855,721
171.276,171.276,NoButton,Move,849,708
171.293,171.293,NoButton,Move,845,695
171.31,171.31,NoButton,Move,841,683
171.327,171.327,NoButton,Move,838,669
171.343,171.343,NoButton,Move,837,651
171.359,171.359,NoButton,Move,833,634
171.376,171.376,NoButton,Move,829,613
171.394,171.394,NoButton,Move,823,595
171.41,171.41,NoButton,Move,815,577
171.427,171.427,NoButton,Move,806,562
171.443,171.443,NoButton,Move,797,549
171.459,171.459,NoButton,Move,789,538
171.476,171.476,NoButton,Move,776,523
171.493,171.493,NoButton,Move,765,512
171.51,171.51,NoButton,Move,753,503
171.526,171.526,NoButton,Move,743,494
171.543,171.543,NoButton,Move,733,486
171.559,171.559,NoButton,Move,725,479
171.576,171.576,NoButton,Move,716,472
171.594,171.594,NoButton,Move,710,467
171.61,171.61,NoButton,Move,706,464
171.626,171.626,NoButton,Move,703,462
171.643,171.643,NoButton,Move,701,460
171.659,171.659,NoButton,Move,698,459
171.676,171.676,NoButton,Move,692,456
171.693,171.693,NoButton,Move,684,452
171.71,171.71,NoButton,Move,677,449
171.726,171.726,NoButton,Move,670,445
171.743,171.743,NoButton,Move,659,439
171.76,171.76,NoButton,Move,645,431
171.776,171.776,NoButton,Move,634,425
171.793,171.793,NoButton,Move,621,419
171.81,171.81,NoButton,Move,611,414
171.826,171.826,NoButton,Move,601,408
171.844,171.844,NoButton,Move,595,404
171.86,171.86,NoButton,Move,590,401
171.876,171.876,NoButton,Move,586,399
171.893,171.893,NoButton,Move,583,397
171.91,171.91,NoButton,Move,581,396
171.926,171.926,NoButton,Move,579,395
171.944,171.944,NoButton,Move,577,394
171.96,171.96,NoButton,Move,574,392
171.976,171.976,NoButton,Move,570,389
171.994,171.994,NoButton,Move,563,385
172.009,172.009,NoButton,Move,559,382
172.026,172.026,NoButton,Move,554,379
172.043,172.043,NoButton,Move,549,375
172.06,172.06,NoButton,Move,545,372
172.076,172.076,NoButton,Move,540,369
172.093,172.093,NoButton,Move,535,366
172.109,172.109,NoButton,Move,531,362
172.127,172.127,NoButton,Move,526,359
172.143,172.143,NoButton,Move,523,358
172.16,172.16,NoButton,Move,521,357
172.177,172.177,NoButton,Move,520,357
172.193,172.193,NoButton,Move,519,357
172.314,172.314,NoButton,Move,519,357
172.318,172.318,NoButton,Move,520,357
172.327,172.327,NoButton,Move,520,357
172.343,172.343,NoButton,Move,521,357
172.36,172.36,NoButton,Move,523,357
172.376,172.376,NoButton,Move,527,358
172.394,172.394,NoButton,Move,530,358
172.41,172.41,NoButton,Move,532,359
172.427,172.427,NoButton,Move,535,359
172.443,172.443,NoButton,Move,538,360
172.459,172.459,NoButton,Move,542,361
172.476,172.476,NoButton,Move,548,363
172.494,172.494,NoButton,Move,553,364
172.51,172.51,NoButton,Move,559,365
172.526,172.526,NoButton,Move,564,366
172.543,172.543,NoButton,Move,569,368
172.56,172.56,NoButton,Move,577,369
172.576,172.576,NoButton,Move,584,371
172.593,172.593,NoButton,Move,592,372
172.61,172.61,NoButton,Move,600,374
172.626,172.626,NoButton,Move,610,376
172.643,172.643,NoButton,Move,621,380
172.66,172.66,NoButton,Move,634,383
172.676,172.676,NoButton,Move,648,387
172.693,172.693,NoButton,Move,656,388
172.71,172.71,NoButton,Move,664,390
172.726,172.726,NoButton,Move,672,392
172.743,172.743,NoButton,Move,680,393
172.76,172.76,NoButton,Move,686,394
172.777,172.777,NoButton,Move,692,395
172.793,172.793,NoButton,Move,696,395
172.809,172.809,NoButton,Move,699,395
172.827,172.827,NoButton,Move,700,395
172.843,172.843,NoButton,Move,703,395
172.859,172.859,NoButton,Move,706,396
172.876,172.876,NoButton,Move,711,397
172.893,172.893,NoButton,Move,717,397
172.909,172.909,NoButton,Move,724,398
172.926,172.926,NoButton,Move,735,399
172.944,172.944,NoButton,Move,744,399
172.96,172.96,NoButton,Move,755,399
172.977,172.977,NoButton,Move,765,397
172.993,172.993,NoButton,Move,773,395
173.009,173.009,NoButton,Move,781,393
173.027,173.027,NoButton,Move,788,389
173.044,173.044,NoButton,Move,790,386
173.06,173.06,NoButton,Move,792,384
173.076,173.076,NoButton,Move,794,382
173.093,173.093,NoButton,Move,795,380
173.109,173.109,NoButton,Move,796,378
173.126,173.126,NoButton,Move,797,374
173.143,173.143,NoButton,Move,798,370
173.16,173.16,NoButton,Move,800,367
173.177,173.177,NoButton,Move,802,364
173.193,173.193,NoButton,Move,803,361
173.209,173.209,NoButton,Move,804,359
173.226,173.226,NoButton,Move,805,357
173.243,173.243,NoButton,Move,805,357
173.26,173.26,NoButton,Move,805,357
173.354,173.354,NoButton,Move,805,356
173.366,173.366,NoButton,Move,805,356
173.375,173.375,Left,Pressed,805,356
173.481,173.481,Left,Released,805,356
173.676,173.676,NoButton,Move,805,356
173.688,173.688,NoButton,Move,805,356
173.696,173.696,NoButton,Move,806,356
173.71,173.71,NoButton,Move,806,356
173.726,173.726,NoButton,Move,810,356
173.744,173.744,NoButton,Move,816,358
173.76,173.76,NoButton,Move,825,360
173.777,173.777,NoButton,Move,831,361
173.794,173.794,NoButton,Move,837,363
173.81,173.81,NoButton,Move,842,364
173.826,173.826,NoButton,Move,850,366
173.843,173.843,NoButton,Move,860,368
173.86,173.86,NoButton,Move,870,370
173.876,173.876,NoButton,Move,881,370
173.893,173.893,NoButton,Move,888,371
173.91,173.91,NoButton,Move,894,371
173.926,173.926,NoButton,Move,901,372
173.944,173.944,NoButton,Move,908,373
173.96,173.96,NoButton,Move,912,374
173.977,173.977,NoButton,Move,919,376
173.995,173.995,NoButton,Move,926,377
174.01,174.01,NoButton,Move,933,377
174.027,174.027,NoButton,Move,940,378
174.044,174.044,NoButton,Move,946,379
174.06,174.06,NoButton,Move,953,380
174.077,174.077,NoButton,Move,958,380
174.093,174.093,NoButton,Move,964,381
174.109,174.109,NoButton,Move,969,381
174.126,174.126,NoButton,Move,975,381
174.143,174.143,NoButton,Move,979,381
174.16,174.16,NoButton,Move,983,382
174.176,174.176,NoButton,Move,988,382
174.193,174.193,NoButton,Move,994,382
174.21,174.21,NoButton,Move,1000,382
174.226,174.226,NoButton,Move,1009,383
174.243,174.243,NoButton,Move,1016,383
174.259,174.259,NoButton,Move,1024,383
174.276,174.276,NoButton,Move,1030,383
174.293,174.293,NoButton,Move,1031,383
174.31,174.31,NoButton,Move,1032,384
174.327,174.327,NoButton,Move,1031,385
174.344,174.344,NoButton,Move,1027,387
174.36,174.36,NoButton,Move,1019,391
174.377,174.377,NoButton,Move,1006,395
174.394,174.394,NoButton,Move,981,401
174.409,174.409,NoButton,Move,948,407
174.426,174.426,NoButton,Move,900,414
174.443,174.443,NoButton,Move,854,415
174.46,174.46,NoButton,Move,797,416
174.477,174.477,NoButton,Move,737,417
174.493,174.493,NoButton,Move,683,417
174.51,174.51,NoButton,Move,642,412
174.526,174.526,NoButton,Move,603,407
174.544,174.544,NoButton,Move,576,404
174.56,174.56,NoButton,Move,550,402
174.576,174.576,NoButton,Move,531,401
174.593,174.593,NoButton,Move,518,399
174.609,174.609,NoButton,Move,511,399
174.626,174.626,NoButton,Move,508,398
174.716,174.716,NoButton,Move,508,398
174.72,174.72,NoButton,Move,507,398
174.728,174.728,NoButton,Move,507,398
174.743,174.743,NoButton,Move,506,397
174.76,174.76,NoButton,Move,502,397
174.776,174.776,NoButton,Move,495,396
174.793,174.793,NoButton,Move,488,394
174.809,174.809,NoButton,Move,483,394
174.827,174.827,NoButton,Move,476,393
174.843,174.843,NoButton,Move,470,393
174.86,174.86,NoButton,Move,463,393
174.876,174.876,NoButton,Move,457,394
174.893,174.893,NoButton,Move,452,395
174.91,174.91,NoButton,Move,448,395
174.926,174.926,NoButton,Move,443,396
174.943,174.943,NoButton,Move,440,396
174.96,174.96,NoButton,Move,439,396
174.976,174.976,NoButton,Move,439,396
175.028,175.028,NoButton,Move,439,396
175.032,175.032,NoButton,Move,440,396
175.043,175.043,NoButton,Move,441,396
175.06,175.06,NoButton,Move,447,395
175.076,175.076,NoButton,Move,453,393
175.094,175.094,NoButton,Move,459,393
175.11,175.11,NoButton,Move,465,392
175.126,175.126,NoButton,Move,472,392
175.143,175.143,NoButton,Move,480,392
175.159,175.159,NoButton,Move,487,392
175.176,175.176,NoButton,Move,493,392
175.193,175.193,NoButton,Move,495,392
175.222,175.222,NoButton,Move,495,392
175.25,175.25,NoButton,Move,495,392
175.26,175.26,NoButton,Move,495,393
175.276,175.276,NoButton,Move,495,396
175.293,175.293,NoButton,Move,493,401
175.309,175.309,NoButton,Move,490,407
175.327,175.327,NoButton,Move,482,417
175.343,175.343,NoButton,Move,471,427
175.359,175.359,NoButton,Move,460,436
175.376,175.376,NoButton,Move,452,443
175.393,175.393,NoButton,Move,445,448
175.409,175.409,NoButton,Move,440,452
175.427,175.427,NoButton,Move,434,456
175.444,175.444,NoButton,Move,430,459
175.46,175.46,NoButton,Move,426,460
175.476,175.476,NoButton,Move,424,461
175.493,175.493,NoButton,Move,422,462
175.51,175.51,NoButton,Move,421,462
175.526,175.526,NoButton,Move,418,463
175.543,175.543,NoButton,Move,417,463
175.56,175.56,NoButton,Move,416,463
175.576,175.576,NoButton,Move,416,463
175.63,175.63,NoButton,Move,415,463
175.65,175.65,NoButton,Move,416,463
175.66,175.66,NoButton,Move,416,463
175.676,175.676,NoButton,Move,418,462
175.693,175.693,NoButton,Move,420,462
175.71,175.71,NoButton,Move,423,462
175.726,175.726,NoButton,Move,427,462
175.744,175.744,NoButton,Move,433,463
175.76,175.76,NoButton,Move,440,464
175.777,175.777,NoButton,Move,447,466
175.794,175.794,NoButton,Move,457,466
175.81,175.81,NoButton,Move,463,466
175.827,175.827,NoButton,Move,470,466
175.843,175.843,NoButton,Move,477,467
175.859,175.859,NoButton,Move,487,468
175.876,175.876,NoButton,Move,500,469
175.894,175.894,NoButton,Move,513,470
175.91,175.91,NoButton,Move,525,470
175.926,175.926,NoButton,Move,539,470
175.943,175.943,NoButton,Move,557,471
175.959,175.959,NoButton,Move,577,471
175.976,175.976,NoButton,Move,607,473
175.994,175.994,NoButton,Move,632,475
176.009,176.009,NoButton,Move,654,477
176.027,176.027,NoButton,Move,677,478
176.043,176.043,NoButton,Move,697,479
176.059,176.059,NoButton,Move,716,482
176.076,176.076,NoButton,Move,739,484
176.093,176.093,NoButton,Move,755,484
176.11,176.11,NoButton,Move,768,485
176.126,176.126,NoButton,Move,780,485
176.143,176.143,NoButton,Move,792,486
176.159,176.159,NoButton,Move,803,486
176.176,176.176,NoButton,Move,816,486
176.193,176.193,NoButton,Move,826,486
176.21,176.21,NoButton,Move,837,487
176.227,176.227,NoButton,Move,848,487
176.243,176.243,NoButton,Move,859,487
176.26,176.26,NoButton,Move,873,487
176.276,176.276,NoButton,Move,885,487
176.293,176.293,NoButton,Move,897,486
176.309,176.309,NoButton,Move,907,485
176.327,176.327,NoButton,Move,916,483
176.343,176.343,NoButton,Move,923,482
176.359,176.359,NoButton,Move,931,481
176.377,176.377,NoButton,Move,940,478
176.393,176.393,NoButton,Move,948,476
176.409,176.409,NoButton,Move,956,474
176.426,176.426,NoButton,Move,965,472
176.443,176.443,NoButton,Move,972,471
176.46,176.46,NoButton,Move,978,469
176.476,176.476,NoButton,Move,984,468
176.493,176.493,NoButton,Move,992,467
176.51,176.51,NoButton,Move,1000,466
176.527,176.527,NoButton,Move,1005,465
176.544,176.544,NoButton,Move,1006,465
176.606,176.606,NoButton,Move,1006,465
176.61,176.61,NoButton,Move,1006,465
176.626,176.626,NoButton,Move,1002,466
176.644,176.644,NoButton,Move,995,468
176.659,176.659,NoButton,Move,984,471
176.676,176.676,NoButton,Move,967,474
176.693,176.693,NoButton,Move,944,476
176.709,176.709,NoButton,Move,911,477
176.726,176.726,NoButton,Move,857,478
176.743,176.743,NoButton,Move,809,478
176.76,176.76,NoButton,Move,767,476
176.776,176.776,NoButton,Move,731,476
176.793,176.793,NoButton,Move,700,474
176.809,176.809,NoButton,Move,673,472
176.826,176.826,NoButton,Move,648,471
176.843,176.843,NoButton,Move,634,470
176.86,176.86,NoButton,Move,623,470
176.877,176.877,NoButton,Move,615,470
176.893,176.893,NoButton,Move,607,470
176.909,176.909,NoButton,Move,599,470
176.926,176.926,NoButton,Move,589,470
176.943,176.943,NoButton,Move,581,470
176.959,176.959,NoButton,Move,573,470
176.976,176.976,NoButton,Move,561,470
176.993,176.993,NoButton,Move,551,470
177.01,177.01,NoButton,Move,540,470
177.026,177.026,NoButton,Move,529,469
177.043,177.043,NoButton,Move,522,469
177.059,177.059,NoButton,Move,515,469
177.076,177.076,NoButton,Move,508,469
177.093,177.093,NoButton,Move,502,469
177.109,177.109,NoButton,Move,497,469
177.126,177.126,NoButton,Move,494,470
177.143,177.143,NoButton,Move,491,470
177.159,177.159,NoButton,Move,488,471
177.176,177.176,NoButton,Move,484,471
177.193,177.193,NoButton,Move,479,471
177.21,177.21,NoButton,Move,475,471
177.226,177.226,NoButton,Move,469,472
177.243,177.243,NoButton,Move,463,472
177.259,177.259,NoButton,Move,458,472
177.276,177.276,NoButton,Move,452,472
177.293,177.293,NoButton,Move,450,471
177.31,177.31,NoButton,Move,449,472
177.368,177.368,NoButton,Move,449,472
177.372,177.372,NoButton,Move,448,472
177.38,177.38,NoButton,Move,448,472
177.393,177.393,NoButton,Move,447,473
177.41,177.41,NoButton,Move,445,475
177.426,177.426,NoButton,Move,443,477
177.443,177.443,NoButton,Move,441,478
177.459,177.459,NoButton,Move,440,480
177.477,177.477,NoButton,Move,437,483
177.494,177.494,NoButton,Move,435,485
177.509,177.509,NoButton,Move,433,487
177.526,177.526,NoButton,Move,430,489
177.543,177.543,NoButton,Move,428,491
177.56,177.56,NoButton,Move,426,492
177.576,177.576,NoButton,Move,426,492
177.711,177.711,NoButton,Move,426,492
177.722,177.722,NoButton,Move,426,491
177.73,177.73,NoButton,Move,426,491
177.743,177.743,NoButton,Move,426,491
177.76,177.76,NoButton,Move,427,490
177.776,177.776,NoButton,Move,428,490
177.794,177.794,NoButton,Move,430,489
177.81,177.81,NoButton,Move,432,489
177.826,177.826,NoButton,Move,434,489
177.843,177.843,NoButton,Move,435,489
177.859,177.859,NoButton,Move,438,490
177.876,177.876,NoButton,Move,442,491
177.893,177.893,NoButton,Move,446,492
177.909,177.909,NoButton,Move,452,493
177.926,177.926,NoButton,Move,462,496
177.943,177.943,NoButton,Move,472,499
177.96,177.96,NoButton,Move,481,501
177.976,177.976,NoButton,Move,490,503
177.993,177.993,NoButton,Move,498,505
178.009,178.009,NoButton,Move,506,507
178.026,178.026,NoButton,Move,514,508
178.043,178.043,NoButton,Move,519,508
178.06,178.06,NoButton,Move,523,508
178.076,178.076,NoButton,Move,524,508
178.093,178.093,NoButton,Move,525,508
178.11,178.11,NoButton,Move,525,508
178.126,178.126,NoButton,Move,525,508
178.143,178.143,NoButton,Move,526,507
178.159,178.159,NoButton,Move,527,507
178.176,178.176,NoButton,Move,529,505
178.193,178.193,NoButton,Move,531,504
178.21,178.21,NoButton,Move,535,504
178.227,178.227,NoButton,Move,538,503
178.243,178.243,NoButton,Move,541,503
178.259,178.259,NoButton,Move,545,502
178.276,178.276,NoButton,Move,549,502
178.293,178.293,NoButton,Move,552,502
178.31,178.31,NoButton,Move,554,502
178.326,178.326,NoButton,Move,557,502
178.343,178.343,NoButton,Move,559,502
178.359,178.359,NoButton,Move,562,502
178.376,178.376,NoButton,Move,566,502
178.393,178.393,NoButton,Move,569,502
178.41,178.41,NoButton,Move,573,501
178.426,178.426,NoButton,Move,577,501
178.443,178.443,NoButton,Move,581,501
178.459,178.459,NoButton,Move,586,500
178.477,178.477,NoButton,Move,593,499
178.493,178.493,NoButton,Move,598,497
178.51,178.51,NoButton,Move,602,495
178.527,178.527,NoButton,Move,605,493
178.543,178.543,NoButton,Move,607,492
178.559,178.559,NoButton,Move,608,491
178.576,178.576,NoButton,Move,609,490
178.593,178.593,NoButton,Move,610,490
178.61,178.61,NoButton,Move,610,489
178.67,178.67,NoButton,Move,610,489
178.679,178.679,Left,Pressed,610,489
178.706,178.706,NoButton,Drag,610,489
178.814,178.814,Left,Released,610,489
178.878,178.878,NoButton,Move,610,488
178.954,178.954,NoButton,Move,610,488
178.962,178.962,NoButton,Move,611,488
178.977,178.977,NoButton,Move,611,488
178.993,178.993,NoButton,Move,611,487
179.01,179.01,NoButton,Move,612,486
179.026,179.026,NoButton,Move,614,485
179.043,179.043,NoButton,Move,616,485
179.06,179.06,NoButton,Move,617,484
179.076,179.076,NoButton,Move,617,484
179.127,179.127,NoButton,Move,617,484
179.142,179.142,NoButton,Move,618,484
179.146,179.146,NoButton,Move,618,483
179.16,179.16,NoButton,Move,618,483
179.176,179.176,NoButton,Move,619,481
179.193,179.193,NoButton,Move,619,480
179.209,179.209,NoButton,Move,620,478
179.226,179.226,NoButton,Move,621,477
179.243,179.243,NoButton,Move,622,476
179.26,179.26,NoButton,Move,622,476
179.292,179.292,NoButton,Move,622,476
179.304,179.304,Left,Pressed,622,476
179.308,179.308,NoButton,Drag,622,476
179.336,179.336,NoButton,Drag,623,476
179.42,179.42,Left,Released,623,476
179.58,179.58,NoButton,Move,623,476
179.584,179.584,NoButton,Move,623,476
179.593,179.593,NoButton,Move,624,476
179.61,179.61,NoButton,Move,626,478
179.626,179.626,NoButton,Move,630,480
179.643,179.643,NoButton,Move,635,482
179.659,179.659,NoButton,Move,640,483
179.676,179.676,NoButton,Move,647,486
179.693,179.693,NoButton,Move,652,487
179.71,179.71,NoButton,Move,659,488
179.727,179.727,NoButton,Move,665,490
179.743,179.743,NoButton,Move,672,491
179.76,179.76,NoButton,Move,679,491
179.776,179.776,NoButton,Move,687,492
179.793,179.793,NoButton,Move,693,493
179.809,179.809,NoButton,Move,700,493
179.826,179.826,NoButton,Move,709,493
179.844,179.844,NoButton,Move,716,492
179.859,179.859,NoButton,Move,723,492
179.876,179.876,NoButton,Move,729,492
179.893,179.893,NoButton,Move,735,492
179.909,179.909,NoButton,Move,742,492
179.926,179.926,NoButton,Move,749,492
179.944,179.944,NoButton,Move,755,492
179.96,179.96,NoButton,Move,760,492
179.976,179.976,NoButton,Move,766,492
179.993,179.993,NoButton,Move,771,492
180.01,180.01,NoButton,Move,776,493
180.026,180.026,NoButton,Move,782,493
180.043,180.043,NoButton,Move,786,493
180.06,180.06,NoButton,Move,790,493
180.076,180.076,NoButton,Move,794,494
180.093,180.093,NoButton,Move,797,494
180.109,180.109,NoButton,Move,802,494
180.126,180.126,NoButton,Move,808,494
180.143,180.143,NoButton,Move,812,494
180.16,180.16,NoButton,Move,817,494
180.176,180.176,NoButton,Move,822,494
180.194,180.194,NoButton,Move,827,494
180.209,180.209,NoButton,Move,832,494
180.226,180.226,NoButton,Move,839,494
180.244,180.244,NoButton,Move,844,494
180.26,180.26,NoButton,Move,849,494
180.277,180.277,NoButton,Move,854,494
180.293,180.293,NoButton,Move,859,494
180.309,180.309,NoButton,Move,865,494
180.326,180.326,NoButton,Move,871,494
180.344,180.344,NoButton,Move,877,494
180.36,180.36,NoButton,Move,883,494
180.376,180.376,NoButton,Move,890,493
180.393,180.393,NoButton,Move,898,492
180.409,180.409,NoButton,Move,906,491
180.426,180.426,NoButton,Move,912,490
180.443,180.443,NoButton,Move,918,489
180.46,180.46,NoButton,Move,924,488
180.476,180.476,NoButton,Move,931,487
180.493,180.493,NoButton,Move,936,486
180.51,180.51,NoButton,Move,941,485
180.526,180.526,NoButton,Move,946,484
180.543,180.543,NoButton,Move,951,483
180.559,180.559,NoButton,Move,954,482
180.576,180.576,NoButton,Move,961,482
180.593,180.593,NoButton,Move,965,481
180.61,180.61,NoButton,Move,971,481
180.627,180.627,NoButton,Move,976,480
180.643,180.643,NoButton,Move,982,480
180.659,180.659,NoButton,Move,987,479
180.676,180.676,NoButton,Move,994,478
180.693,180.693,NoButton,Move,998,478
180.71,180.71,NoButton,Move,1002,477
180.726,180.726,NoButton,Move,1004,477
180.743,180.743,NoButton,Move,1005,477
180.759,180.759,NoButton,Move,1006,477
180.808,180.808,NoButton,Move,1006,477
180.824,180.824,NoButton,Move,1006,477
180.828,180.828,NoButton,Move,1006,478
180.843,180.843,NoButton,Move,1006,478
180.859,180.859,NoButton,Move,1004,480
180.876,180.876,NoButton,Move,997,483
180.893,180.893,NoButton,Move,985,486
180.91,180.91,NoButton,Move,965,490
180.927,180.927,NoButton,Move,936,496
180.943,180.943,NoButton,Move,899,504
180.959,180.959,NoButton,Move,847,516
180.976,180.976,NoButton,Move,804,523
180.993,180.993,NoButton,Move,762,531
181.01,181.01,NoButton,Move,711,540
181.026,181.026,NoButton,Move,671,546
181.043,181.043,NoButton,Move,631,550
181.06,181.06,NoButton,Move,593,552
181.076,181.076,NoButton,Move,563,554
181.094,181.094,NoButton,Move,541,554
181.11,181.11,NoButton,Move,524,552
181.126,181.126,NoButton,Move,506,548
181.143,181.143,NoButton,Move,495,546
181.16,181.16,NoButton,Move,486,543
181.177,181.177,NoButton,Move,483,541
181.193,181.193,NoButton,Move,482,541
181.214,181.214,NoButton,Move,482,541
181.226,181.226,NoButton,Move,482,540
181.243,181.243,NoButton,Move,481,540
181.26,181.26,NoButton,Move,481,540
181.277,181.277,NoButton,Move,481,539
181.293,181.293,NoButton,Move,481,538
181.31,181.31,NoButton,Move,481,538
181.326,181.326,NoButton,Move,481,537
181.343,181.343,NoButton,Move,481,537
181.36,181.36,NoButton,Move,481,536
181.377,181.377,NoButton,Move,481,536
181.393,181.393,NoButton,Move,481,535
181.41,181.41,NoButton,Move,481,535
181.426,181.426,NoButton,Move,479,534
181.443,181.443,NoButton,Move,478,534
181.46,181.46,NoButton,Move,477,534
181.477,181.477,NoButton,Move,475,533
181.493,181.493,NoButton,Move,473,533
181.51,181.51,NoButton,Move,470,533
181.526,181.526,NoButton,Move,466,533
181.543,181.543,NoButton,Move,464,533
181.56,181.56,NoButton,Move,462,532
181.576,181.576,NoButton,Move,461,532
181.64,181.64,NoButton,Move,461,532
181.694,181.694,NoButton,Move,461,531
181.696,181.696,NoButton,Move,461,531
181.71,181.71,NoButton,Move,461,531
181.726,181.726,NoButton,Move,462,530
181.743,181.743,NoButton,Move,464,528
181.759,181.759,NoButton,Move,466,527
181.776,181.776,NoButton,Move,469,526
181.793,181.793,NoButton,Move,472,525
181.81,181.81,NoButton,Move,476,525
181.827,181.827,NoButton,Move,480,525
181.843,181.843,NoButton,Move,485,525
181.859,181.859,NoButton,Move,490,527
181.876,181.876,NoButton,Move,495,527
181.894,181.894,NoButton,Move,498,528
181.909,181.909,NoButton,Move,501,529
181.927,181.927,NoButton,Move,504,530
181.943,181.943,NoButton,Move,508,531
181.959,181.959,NoButton,Move,511,532
181.976,181.976,NoButton,Move,515,533
181.994,181.994,NoButton,Move,518,533
182.01,182.01,NoButton,Move,522,533
182.027,182.027,NoButton,Move,526,534
182.043,182.043,NoButton,Move,530,534
182.06,182.06,NoButton,Move,534,534
182.076,182.076,NoButton,Move,540,534
182.093,182.093,NoButton,Move,546,534
182.109,182.109,NoButton,Move,552,534
182.126,182.126,NoButton,Move,561,534
182.143,182.143,NoButton,Move,569,534
182.16,182.16,NoButton,Move,578,534
182.176,182.176,NoButton,Move,586,534
182.193,182.193,NoButton,Move,594,534
182.209,182.209,NoButton,Move,602,534
182.226,182.226,NoButton,Move,608,532
182.243,182.243,NoButton,Move,616,530
182.26,182.26,NoButton,Move,621,529
182.276,182.276,NoButton,Move,625,528
182.293,182.293,NoButton,Move,628,527
182.309,182.309,NoButton,Move,631,527
182.327,182.327,NoButton,Move,635,526
182.343,182.343,NoButton,Move,637,525
182.36,182.36,NoButton,Move,638,525
182.376,182.376,NoButton,Move,639,524
182.393,182.393,NoButton,Move,640,523
182.409,182.409,NoButton,Move,642,522
182.427,182.427,NoButton,Move,644,521
182.443,182.443,NoButton,Move,646,520
182.459,182.459,NoButton,Move,647,519
182.476,182.476,NoButton,Move,648,518
182.493,182.493,NoButton,Move,650,516
182.509,182.509,NoButton,Move,650,516
182.526,182.526,NoButton,Move,651,515
182.543,182.543,NoButton,Move,651,514
182.56,182.56,NoButton,Move,652,514
182.577,182.577,NoButton,Move,652,513
182.593,182.593,NoButton,Move,652,512
182.61,182.61,NoButton,Move,652,512
182.627,182.627,NoButton,Move,653,511
182.644,182.644,NoButton,Move,653,510
182.689,182.689,Left,Pressed,653,510
182.689,182.689,NoButton,Drag,653,510
182.696,182.696,NoButton,Drag,653,510
182.708,182.708,NoButton,Drag,653,510
182.72,182.72,NoButton,Drag,653,510
182.744,182.744,NoButton,Drag,654,510
182.824,182.824,Left,Released,654,510
182.852,182.852,NoButton,Move,653,510
182.856,182.856,NoButton,Move,653,510
182.86,182.86,NoButton,Move,653,510
182.876,182.876,NoButton,Move,651,511
182.893,182.893,NoButton,Move,649,512
182.91,182.91,NoButton,Move,645,515
182.927,182.927,NoButton,Move,639,518
182.943,182.943,NoButton,Move,631,524
182.959,182.959,NoButton,Move,619,530
182.976,182.976,NoButton,Move,598,539
182.993,182.993,NoButton,Move,580,546
183.011,183.011,NoButton,Move,559,553
183.027,183.027,NoButton,Move,536,559
183.043,183.043,NoButton,Move,513,565
183.059,183.059,NoButton,Move,491,571
183.076,183.076,NoButton,Move,468,576
183.092,183.092,NoButton,Move,453,580
183.11,183.11,NoButton,Move,441,581
183.127,183.127,NoButton,Move,432,581
183.143,183.143,NoButton,Move,425,581
183.159,183.159,NoButton,Move,421,581
183.176,183.176,NoButton,Move,420,581
183.193,183.193,NoButton,Move,420,581
183.21,183.21,NoButton,Move,420,581
183.228,183.228,NoButton,Move,420,581
183.243,183.243,NoButton,Move,419,580
183.26,183.26,NoButton,Move,419,579
183.277,183.277,NoButton,Move,418,578
183.294,183.294,NoButton,Move,418,577
183.309,183.309,NoButton,Move,417,575
183.326,183.326,NoButton,Move,416,575
183.343,183.343,NoButton,Move,416,574
183.359,183.359,NoButton,Move,415,574
183.376,183.376,NoButton,Move,415,573
183.393,183.393,NoButton,Move,414,573
183.409,183.409,NoButton,Move,414,573
183.426,183.426,NoButton,Move,414,573
183.443,183.443,NoButton,Move,413,573
183.566,183.566,NoButton,Move,413,573
183.574,183.574,NoButton,Move,413,574
183.59,183.59,NoButton,Move,413,574
183.594,183.594,NoButton,Move,414,574
183.61,183.61,NoButton,Move,414,574
183.626,183.626,NoButton,Move,416,574
183.644,183.644,NoButton,Move,418,574
183.659,183.659,NoButton,Move,420,574
183.676,183.676,NoButton,Move,425,575
183.693,183.693,NoButton,Move,430,575
183.71,183.71,NoButton,Move,437,576
183.726,183.726,NoButton,Move,445,577
183.743,183.743,NoButton,Move,450,578
183.76,183.76,NoButton,Move,455,579
183.777,183.777,NoButton,Move,459,579
183.793,183.793,NoButton,Move,462,579
183.809,183.809,NoButton,Move,465,579
183.826,183.826,NoButton,Move,468,579
183.843,183.843,NoButton,Move,470,579
183.859,183.859,NoButton,Move,472,579
183.877,183.877,NoButton,Move,475,579
183.893,183.893,NoButton,Move,478,579
183.91,183.91,NoButton,Move,481,579
183.927,183.927,NoButton,Move,485,579
183.943,183.943,NoButton,Move,490,578
183.959,183.959,NoButton,Move,495,578
183.977,183.977,NoButton,Move,502,578
183.993,183.993,NoButton,Move,507,578
184.01,184.01,NoButton,Move,512,578
184.026,184.026,NoButton,Move,516,578
184.043,184.043,NoButton,Move,521,578
184.059,184.059,NoButton,Move,525,578
184.077,184.077,NoButton,Move,530,578
184.093,184.093,NoButton,Move,534,578
184.11,184.11,NoButton,Move,537,578
184.127,184.127,NoButton,Move,541,578
184.143,184.143,NoButton,Move,546,578
184.159,184.159,NoButton,Move,550,578
184.176,184.176,NoButton,Move,555,578
184.193,184.193,NoButton,Move,561,578
184.21,184.21,NoButton,Move,567,578
184.227,184.227,NoButton,Move,573,579
184.243,184.243,NoButton,Move,578,579
184.26,184.26,NoButton,Move,583,580
184.276,184.276,NoButton,Move,589,580
184.293,184.293,NoButton,Move,593,580
184.309,184.309,NoButton,Move,597,581
184.326,184.326,NoButton,Move,600,581
184.342,184.342,NoButton,Move,602,581
184.359,184.359,NoButton,Move,605,581
184.376,184.376,NoButton,Move,606,581
184.393,184.393,NoButton,Move,608,581
184.409,184.409,NoButton,Move,608,581
184.427,184.427,NoButton,Move,609,581
184.443,184.443,NoButton,Move,610,581
184.46,184.46,NoButton,Move,612,581
184.476,184.476,NoButton,Move,614,581
184.493,184.493,NoButton,Move,616,581
184.51,184.51,NoButton,Move,620,581
184.526,184.526,NoButton,Move,624,581
184.543,184.543,NoButton,Move,627,581
184.56,184.56,NoButton,Move,632,581
184.577,184.577,NoButton,Move,636,582
184.593,184.593,NoButton,Move,640,582
184.609,184.609,NoButton,Move,643,582
184.626,184.626,NoButton,Move,647,582
184.643,184.643,NoButton,Move,650,582
184.659,184.659,NoButton,Move,652,582
184.677,184.677,NoButton,Move,654,582
184.693,184.693,NoButton,Move,657,582
184.709,184.709,NoButton,Move,660,582
184.726,184.726,NoButton,Move,666,582
184.743,184.743,NoButton,Move,671,582
184.76,184.76,NoButton,Move,677,582
184.776,184.776,NoButton,Move,683,582
184.793,184.793,NoButton,Move,689,582
184.81,184.81,NoButton,Move,697,582
184.826,184.826,NoButton,Move,705,581
184.843,184.843,NoButton,Move,712,581
184.86,184.86,NoButton,Move,717,581
184.876,184.876,NoButton,Move,721,581
184.893,184.893,NoButton,Move,725,580
184.909,184.909,NoButton,Move,728,580
184.926,184.926,NoButton,Move,731,579
184.943,184.943,NoButton,Move,733,579
184.96,184.96,NoButton,Move,734,579
184.976,184.976,NoButton,Move,736,578
184.993,184.993,NoButton,Move,739,578
185.01,185.01,NoButton,Move,741,578
185.026,185.026,NoButton,Move,744,577
185.043,185.043,NoButton,Move,749,577
185.059,185.059,NoButton,Move,755,577
185.076,185.076,NoButton,Move,762,577
185.093,185.093,NoButton,Move,766,576
185.11,185.11,NoButton,Move,768,576
185.126,185.126,NoButton,Move,769,576
185.268,185.268,NoButton,Move,769,576
185.284,185.284,Left,Pressed,769,576
185.381,185.381,Left,Released,769,576
185.424,185.424,NoButton,Move,769,576
185.428,185.428,NoButton,Move,770,576
185.443,185.443,NoButton,Move,771,575
185.459,185.459,NoButton,Move,773,575
185.476,185.476,NoButton,Move,778,573
185.493,185.493,NoButton,Move,786,572
185.51,185.51,NoButton,Move,797,571
185.526,185.526,NoButton,Move,810,571
185.543,185.543,NoButton,Move,825,571
185.559,185.559,NoButton,Move,839,571
185.576,185.576,NoButton,Move,854,571
185.593,185.593,NoButton,Move,864,572
185.609,185.609,NoButton,Move,872,573
185.626,185.626,NoButton,Move,877,574
185.644,185.644,NoButton,Move,880,574
185.66,185.66,NoButton,Move,882,575
185.676,185.676,NoButton,Move,883,575
185.693,185.693,NoButton,Move,883,575
185.709,185.709,NoButton,Move,884,575
185.726,185.726,NoButton,Move,885,575
185.743,185.743,NoButton,Move,887,575
185.76,185.76,NoButton,Move,890,574
185.777,185.777,NoButton,Move,893,574
185.792,185.792,NoButton,Move,897,573
185.809,185.809,NoButton,Move,902,572
185.826,185.826,NoButton,Move,907,571
185.843,185.843,NoButton,Move,912,571
185.86,185.86,NoButton,Move,916,571
185.876,185.876,NoButton,Move,921,570
185.893,185.893,NoButton,Move,924,570
185.91,185.91,NoButton,Move,927,569
185.926,185.926,NoButton,Move,930,569
185.943,185.943,NoButton,Move,933,569
185.959,185.959,NoButton,Move,935,568
185.976,185.976,NoButton,Move,938,568
185.992,185.992,NoButton,Move,941,568
186.01,186.01,NoButton,Move,946,568
186.026,186.026,NoButton,Move,949,568
186.043,186.043,NoButton,Move,953,568
186.06,186.06,NoButton,Move,956,568
186.076,186.076,NoButton,Move,961,568
186.093,186.093,NoButton,Move,965,568
186.109,186.109,NoButton,Move,968,568
186.126,186.126,NoButton,Move,972,568
186.176,186.176,NoButton,Move,972,569
186.184,186.184,NoButton,Move,972,569
186.194,186.194,NoButton,Move,972,569
186.209,186.209,NoButton,Move,971,570
186.226,186.226,NoButton,Move,969,571
186.243,186.243,NoButton,Move,965,574
186.26,186.26,NoButton,Move,957,578
186.276,186.276,NoButton,Move,946,582
186.293,186.293,NoButton,Move,935,587
186.31,186.31,NoButton,Move,919,591
186.327,186.327,NoButton,Move,897,597
186.343,186.343,NoButton,Move,869,604
186.36,186.36,NoButton,Move,831,613
186.376,186.376,NoButton,Move,778,627
186.393,186.393,NoButton,Move,729,638
186.409,186.409,NoButton,Move,678,649
186.426,186.426,NoButton,Move,621,659
186.443,186.443,NoButton,Move,559,666
186.459,186.459,NoButton,Move,490,669
186.476,186.476,NoButton,Move,410,670
186.493,186.493,NoButton,Move,353,667
186.51,186.51,NoButton,Move,300,659
186.527,186.527,NoButton,Move,256,650
186.544,186.544,NoButton,Move,215,639
186.56,186.56,NoButton,Move,178,631
186.576,186.576,NoButton,Move,143,624
186.593,186.593,NoButton,Move,125,622
186.61,186.61,NoButton,Move,111,622
186.626,186.626,NoButton,Move,102,622
186.643,186.643,NoButton,Move,97,622
186.66,186.66,NoButton,Move,97,622
186.684,186.684,NoButton,Move,97,621
186.696,186.696,NoButton,Move,96,621
186.71,186.71,NoButton,Move,96,621
186.726,186.726,NoButton,Move,97,619
186.742,186.742,NoButton,Move,99,617
186.76,186.76,NoButton,Move,101,616
186.777,186.777,NoButton,Move,105,614
186.793,186.793,NoButton,Move,109,612
186.81,186.81,NoButton,Move,116,611
186.826,186.826,NoButton,Move,126,608
186.843,186.843,NoButton,Move,136,605
186.859,186.859,NoButton,Move,149,601
186.876,186.876,NoButton,Move,161,598
186.893,186.893,NoButton,Move,171,595
186.909,186.909,NoButton,Move,178,593
186.926,186.926,NoButton,Move,184,590
186.944,186.944,NoButton,Move,185,589
186.96,186.96,NoButton,Move,186,589
186.976,186.976,NoButton,Move,187,588
186.993,186.993,NoButton,Move,189,587
187.009,187.009,NoButton,Move,191,586
187.027,187.027,NoButton,Move,194,584
187.043,187.043,NoButton,Move,197,582
187.059,187.059,NoButton,Move,201,581
187.077,187.077,NoButton,Move,206,578
187.093,187.093,NoButton,Move,211,577
187.109,187.109,NoButton,Move,217,575
187.126,187.126,NoButton,Move,224,572
187.143,187.143,NoButton,Move,229,570
187.159,187.159,NoButton,Move,234,567
187.176,187.176,NoButton,Move,238,565
187.193,187.193,NoButton,Move,239,563
187.209,187.209,NoButton,Move,240,562
187.226,187.226,NoButton,Move,241,561
187.243,187.243,NoButton,Move,242,561
187.26,187.26,NoButton,Move,243,561
187.276,187.276,NoButton,Move,246,560
187.292,187.292,NoButton,Move,250,559
187.31,187.31,NoButton,Move,256,559
187.327,187.327,NoButton,Move,265,559
187.343,187.343,NoButton,Move,275,559
187.359,187.359,NoButton,Move,287,560
187.376,187.376,NoButton,Move,306,562
187.393,187.393,NoButton,Move,320,563
187.409,187.409,NoButton,Move,334,565
187.426,187.426,NoButton,Move,347,567
187.443,187.443,NoButton,Move,359,569
187.459,187.459,NoButton,Move,367,571
187.476,187.476,NoButton,Move,375,572
187.493,187.493,NoButton,Move,380,574
187.509,187.509,NoButton,Move,383,574
187.527,187.527,NoButton,Move,386,575
187.543,187.543,NoButton,Move,388,576
187.56,187.56,NoButton,Move,390,577
187.577,187.577,NoButton,Move,391,577
187.593,187.593,NoButton,Move,393,577
187.61,187.61,NoButton,Move,395,578
187.626,187.626,NoButton,Move,399,579
187.642,187.642,NoButton,Move,403,580
187.66,187.66,NoButton,Move,408,581
187.676,187.676,NoButton,Move,414,582
187.693,187.693,NoButton,Move,420,584
187.71,187.71,NoButton,Move,426,585
187.727,187.727,NoButton,Move,432,586
187.743,187.743,NoButton,Move,441,588
187.759,187.759,NoButton,Move,448,589
187.776,187.776,NoButton,Move,458,591
187.793,187.793,NoButton,Move,465,592
187.81,187.81,NoButton,Move,471,593
187.826,187.826,NoButton,Move,476,594
187.843,187.843,NoButton,Move,481,595
187.859,187.859,NoButton,Move,485,596
187.876,187.876,NoButton,Move,489,597
187.893,187.893,NoButton,Move,493,598
187.91,187.91,NoButton,Move,496,599
187.926,187.926,NoButton,Move,501,601
187.942,187.942,NoButton,Move,507,602
187.96,187.96,NoButton,Move,515,604
187.976,187.976,NoButton,Move,525,607
187.993,187.993,NoButton,Move,538,610
188.009,188.009,NoButton,Move,552,613
188.026,188.026,NoButton,Move,568,616
188.042,188.042,NoButton,Move,580,617
188.06,188.06,NoButton,Move,591,619
188.076,188.076,NoButton,Move,599,620
188.093,188.093,NoButton,Move,605,620
188.11,188.11,NoButton,Move,608,620
188.127,188.127,NoButton,Move,608,621
188.178,188.178,NoButton,Move,608,621
188.232,188.232,NoButton,Move,609,621
188.234,188.234,NoButton,Move,609,621
188.243,188.243,NoButton,Move,610,621
188.26,188.26,NoButton,Move,612,622
188.276,188.276,NoButton,Move,614,622
188.293,188.293,NoButton,Move,616,622
188.309,188.309,NoButton,Move,618,622
188.326,188.326,NoButton,Move,620,623
188.343,188.343,NoButton,Move,621,623
188.504,188.504,NoButton,Move,621,623
188.512,188.512,NoButton,Move,621,623
188.526,188.526,NoButton,Move,622,623
188.543,188.543,NoButton,Move,625,623
188.559,188.559,NoButton,Move,627,623
188.576,188.576,NoButton,Move,632,623
188.593,188.593,NoButton,Move,637,623
188.61,188.61,NoButton,Move,641,623
188.627,188.627,NoButton,Move,646,623
188.643,188.643,NoButton,Move,650,622
188.659,188.659,NoButton,Move,653,622
188.676,188.676,NoButton,Move,657,622
188.692,188.692,NoButton,Move,659,622
188.71,188.71,NoButton,Move,662,622
188.726,188.726,NoButton,Move,665,622
188.743,188.743,NoButton,Move,666,622
188.759,188.759,NoButton,Move,668,622
188.776,188.776,NoButton,Move,671,622
188.793,188.793,NoButton,Move,673,622
188.809,188.809,NoButton,Move,676,622
188.826,188.826,NoButton,Move,680,622
188.843,188.843,NoButton,Move,684,622
188.86,188.86,NoButton,Move,690,622
188.876,188.876,NoButton,Move,696,622
188.893,188.893,NoButton,Move,700,621
188.91,188.91,NoButton,Move,704,621
188.926,188.926,NoButton,Move,707,621
188.943,188.943,NoButton,Move,708,621
188.959,188.959,NoButton,Move,709,621
188.976,188.976,NoButton,Move,709,621
188.993,188.993,NoButton,Move,710,620
189.03,189.03,NoButton,Move,710,620
189.043,189.043,NoButton,Move,710,620
189.06,189.06,NoButton,Move,711,620
189.076,189.076,NoButton,Move,713,620
189.093,189.093,NoButton,Move,715,619
189.11,189.11,NoButton,Move,718,619
189.126,189.126,NoButton,Move,721,619
189.143,189.143,NoButton,Move,723,618
189.159,189.159,NoButton,Move,726,618
189.176,189.176,NoButton,Move,728,618
189.193,189.193,NoButton,Move,731,617
189.209,189.209,NoButton,Move,734,617
189.226,189.226,NoButton,Move,740,616
189.243,189.243,NoButton,Move,746,615
189.26,189.26,NoButton,Move,751,614
189.277,189.277,NoButton,Move,756,613
189.293,189.293,NoButton,Move,761,612
189.309,189.309,NoButton,Move,767,611
189.326,189.326,NoButton,Move,772,610
189.343,189.343,NoButton,Move,776,609
189.36,189.36,NoButton,Move,779,609
189.377,189.377,NoButton,Move,781,608
189.393,189.393,NoButton,Move,783,608
189.409,189.409,NoButton,Move,784,607
189.426,189.426,NoButton,Move,786,607
189.443,189.443,NoButton,Move,789,607
189.46,189.46,NoButton,Move,791,606
189.477,189.477,NoButton,Move,794,605
189.493,189.493,NoButton,Move,797,605
189.509,189.509,NoButton,Move,801,605
189.526,189.526,NoButton,Move,805,605
189.543,189.543,NoButton,Move,811,604
189.559,189.559,NoButton,Move,818,603
189.577,189.577,NoButton,Move,823,602
189.593,189.593,NoButton,Move,828,601
189.609,189.609,NoButton,Move,832,601
189.626,189.626,NoButton,Move,836,601
189.642,189.642,NoButton,Move,840,601
189.659,189.659,NoButton,Move,842,601
189.676,189.676,NoButton,Move,844,601
189.752,189.752,NoButton,Move,845,601
189.756,189.756,NoButton,Move,845,601
189.76,189.76,NoButton,Move,845,601
189.776,189.776,NoButton,Move,847,601
189.792,189.792,NoButton,Move,848,601
189.81,189.81,NoButton,Move,850,601
189.826,189.826,NoButton,Move,852,601
189.843,189.843,NoButton,Move,855,601
189.859,189.859,NoButton,Move,858,601
189.876,189.876,NoButton,Move,862,601
189.892,189.892,NoButton,Move,868,601
189.909,189.909,NoButton,Move,876,601
189.926,189.926,NoButton,Move,884,601
189.942,189.942,NoButton,Move,893,600
189.959,189.959,NoButton,Move,902,600
189.976,189.976,NoButton,Move,911,600
189.993,189.993,NoButton,Move,915,599
190.01,190.01,NoButton,Move,918,599
190.044,190.044,NoButton,Move,918,599
190.088,190.088,NoButton,Move,918,599
190.092,190.092,NoButton,Move,918,599
190.096,190.096,NoButton,Move,919,599
190.109,190.109,NoButton,Move,919,599
190.127,190.127,NoButton,Move,920,599
190.143,190.143,NoButton,Move,921,599
190.16,190.16,NoButton,Move,922,599
190.176,190.176,NoButton,Move,923,599
190.193,190.193,NoButton,Move,924,599
190.209,190.209,NoButton,Move,924,599
190.226,190.226,NoButton,Move,926,599
190.243,190.243,NoButton,Move,928,599
190.26,190.26,NoButton,Move,931,600
190.277,190.277,NoButton,Move,934,600
190.293,190.293,NoButton,Move,936,600
190.309,190.309,NoButton,Move,938,600
190.326,190.326,NoButton,Move,939,600
190.343,190.343,NoButton,Move,940,601
190.359,190.359,NoButton,Move,941,601
190.376,190.376,NoButton,Move,942,601
190.394,190.394,NoButton,Move,943,601
190.443,190.443,NoButton,Move,943,602
190.446,190.446,NoButton,Move,944,602
190.459,190.459,NoButton,Move,944,603
190.476,190.476,NoButton,Move,944,604
190.493,190.493,NoButton,Move,942,607
190.509,190.509,NoButton,Move,938,610
190.526,190.526,NoButton,Move,930,616
190.543,190.543,NoButton,Move,920,622
190.559,190.559,NoButton,Move,905,630
190.577,190.577,NoButton,Move,884,638
190.593,190.593,NoButton,Move,850,644
190.609,190.609,NoButton,Move,803,650
190.626,190.626,NoButton,Move,747,661
190.643,190.643,NoButton,Move,709,667
190.659,190.659,NoButton,Move,677,670
190.676,190.676,NoButton,Move,651,671
190.694,190.694,NoButton,Move,629,671
190.709,190.709,NoButton,Move,617,671
190.726,190.726,NoButton,Move,609,671
190.743,190.743,NoButton,Move,604,671
190.759,190.759,NoButton,Move,600,671
190.776,190.776,NoButton,Move,594,671
190.792,190.792,NoButton,Move,584,671
190.809,190.809,NoButton,Move,575,671
190.826,190.826,NoButton,Move,568,671
190.843,190.843,NoButton,Move,561,671
190.859,190.859,NoButton,Move,555,671
190.876,190.876,NoButton,Move,550,671
190.893,190.893,NoButton,Move,549,671
190.909,190.909,NoButton,Move,549,671
190.94,190.94,NoButton,Move,548,671
190.944,190.944,NoButton,Move,548,671
190.96,190.96,NoButton,Move,546,671
190.976,190.976,NoButton,Move,543,671
190.993,190.993,NoButton,Move,539,671
191.009,191.009,NoButton,Move,531,671
191.027,191.027,NoButton,Move,522,671
191.042,191.042,NoButton,Move,511,671
191.059,191.059,NoButton,Move,496,671
191.076,191.076,NoButton,Move,479,671
191.093,191.093,NoButton,Move,468,671
191.11,191.11,NoButton,Move,461,670
191.126,191.126,NoButton,Move,456,669
191.143,191.143,NoButton,Move,455,669
191.273,191.273,NoButton,Move,455,669
191.297,191.297,NoButton,Move,455,669
191.299,191.299,NoButton,Move,455,669
191.31,191.31,NoButton,Move,456,669
191.326,191.326,NoButton,Move,458,669
191.343,191.343,NoButton,Move,460,669
191.359,191.359,NoButton,Move,462,669
191.376,191.376,NoButton,Move,465,669
191.393,191.393,NoButton,Move,468,669
191.41,191.41,NoButton,Move,470,669
191.426,191.426,NoButton,Move,472,668
191.443,191.443,NoButton,Move,475,668
191.46,191.46,NoButton,Move,477,669
191.476,191.476,NoButton,Move,479,669
191.493,191.493,NoButton,Move,483,669
191.51,191.51,NoButton,Move,486,669
191.526,191.526,NoButton,Move,491,669
191.543,191.543,NoButton,Move,494,669
191.56,191.56,NoButton,Move,497,669
191.576,191.576,NoButton,Move,500,670
191.594,191.594,NoButton,Move,504,670
191.61,191.61,NoButton,Move,507,670
191.626,191.626,NoButton,Move,511,670
191.643,191.643,NoButton,Move,514,670
191.66,191.66,NoButton,Move,516,670
191.676,191.676,NoButton,Move,519,670
191.694,191.694,NoButton,Move,521,670
191.71,191.71,NoButton,Move,524,670
191.726,191.726,NoButton,Move,527,670
191.743,191.743,NoButton,Move,530,670
191.76,191.76,NoButton,Move,533,670
191.776,191.776,NoButton,Move,536,670
191.794,191.794,NoButton,Move,539,670
191.81,191.81,NoButton,Move,543,670
191.827,191.827,NoButton,Move,550,670
191.843,191.843,NoButton,Move,554,670
191.86,191.86,NoButton,Move,560,670
191.877,191.877,NoButton,Move,566,672
191.893,191.893,NoButton,Move,572,672
191.91,191.91,NoButton,Move,578,672
191.927,191.927,NoButton,Move,583,672
191.943,191.943,NoButton,Move,588,673
191.959,191.959,NoButton,Move,591,673
191.976,191.976,NoButton,Move,595,673
191.993,191.993,NoButton,Move,598,673
192.01,192.01,NoButton,Move,599,673
192.026,192.026,NoButton,Move,600,673
192.044,192.044,NoButton,Move,601,673
192.06,192.06,NoButton,Move,602,673
192.076,192.076,NoButton,Move,604,673
192.093,192.093,NoButton,Move,606,673
192.11,192.11,NoButton,Move,609,672
192.126,192.126,NoButton,Move,613,672
192.143,192.143,NoButton,Move,617,672
192.16,192.16,NoButton,Move,622,672
192.176,192.176,NoButton,Move,628,671
192.193,192.193,NoButton,Move,634,671
192.21,192.21,NoButton,Move,638,670
192.226,192.226,NoButton,Move,641,670
192.243,192.243,NoButton,Move,641,670
192.261,192.261,NoButton,Move,642,670
192.805,192.805,NoButton,Move,642,670
192.814,192.814,NoButton,Move,642,670
192.827,192.827,NoButton,Move,642,670
192.843,192.843,NoButton,Move,641,671
192.859,192.859,NoButton,Move,641,672
192.876,192.876,NoButton,Move,640,674
192.893,192.893,NoButton,Move,639,675
192.909,192.909,NoButton,Move,638,676
192.927,192.927,NoButton,Move,636,678
192.943,192.943,NoButton,Move,636,679
192.96,192.96,NoButton,Move,635,679
193.109,193.109,NoButton,Move,635,679
193.116,193.116,NoButton,Move,635,679
193.127,193.127,NoButton,Move,634,680
193.143,193.143,NoButton,Move,631,681
193.16,193.16,NoButton,Move,627,682
193.176,193.176,NoButton,Move,619,686
193.193,193.193,NoButton,Move,610,690
193.21,193.21,NoButton,Move,598,695
193.226,193.226,NoButton,Move,585,700
193.243,193.243,NoButton,Move,574,705
193.26,193.26,NoButton,Move,565,708
193.276,193.276,NoButton,Move,559,710
193.293,193.293,NoButton,Move,555,711
193.309,193.309,NoButton,Move,553,711
193.327,193.327,NoButton,Move,553,711
193.372,193.372,NoButton,Move,552,711
193.376,193.376,NoButton,Move,552,711
193.393,193.393,NoButton,Move,551,711
193.409,193.409,NoButton,Move,549,711
193.427,193.427,NoButton,Move,545,711
193.443,193.443,NoButton,Move,540,711
193.46,193.46,NoButton,Move,532,710
193.476,193.476,NoButton,Move,519,710
193.493,193.493,NoButton,Move,507,710
193.51,193.51,NoButton,Move,495,710
193.526,193.526,NoButton,Move,483,713
193.543,193.543,NoButton,Move,467,716
193.559,193.559,NoButton,Move,455,719
193.576,193.576,NoButton,Move,447,720
193.592,193.592,NoButton,Move,439,720
193.609,193.609,NoButton,Move,433,720
193.626,193.626,NoButton,Move,430,720
193.738,193.738,NoButton,Move,430,720
193.742,193.742,NoButton,Move,430,719
193.746,193.746,NoButton,Move,430,719
193.759,193.759,NoButton,Move,431,718
193.777,193.777,NoButton,Move,431,716
193.794,193.794,NoButton,Move,432,715
193.81,193.81,NoButton,Move,432,714
193.826,193.826,NoButton,Move,432,714
193.843,193.843,NoButton,Move,433,714
193.86,193.86,NoButton,Move,434,714
193.876,193.876,NoButton,Move,434,713
193.894,193.894,NoButton,Move,435,713
193.91,193.91,NoButton,Move,435,713
193.926,193.926,NoButton,Move,436,713
193.943,193.943,NoButton,Move,436,712
193.96,193.96,NoButton,Move,436,712
194.116,194.116,NoButton,Move,436,712
194.124,194.124,NoButton,Move,437,712
194.128,194.128,NoButton,Move,437,711
194.184,194.184,NoButton,Move,437,711
194.238,194.238,NoButton,Move,437,711
194.24,194.24,NoButton,Move,437,711
194.244,194.244,NoButton,Move,437,710
194.26,194.26,NoButton,Move,438,710
194.276,194.276,NoButton,Move,441,708
194.293,194.293,NoButton,Move,443,708
194.31,194.31,NoButton,Move,446,707
194.327,194.327,NoButton,Move,450,706
194.343,194.343,NoButton,Move,453,705
194.359,194.359,NoButton,Move,455,705
194.376,194.376,NoButton,Move,458,705
194.393,194.393,NoButton,Move,460,704
194.409,194.409,NoButton,Move,463,704
194.426,194.426,NoButton,Move,466,704
194.442,194.442,NoButton,Move,470,704
194.459,194.459,NoButton,Move,474,704
194.476,194.476,NoButton,Move,480,705
194.492,194.492,NoButton,Move,483,705
194.51,194.51,NoButton,Move,486,704
194.526,194.526,NoButton,Move,490,703
194.543,194.543,NoButton,Move,493,703
194.559,194.559,NoButton,Move,495,703
194.576,194.576,NoButton,Move,500,703
194.593,194.593,NoButton,Move,504,704
194.61,194.61,NoButton,Move,508,704
194.626,194.626,NoButton,Move,513,704
194.643,194.643,NoButton,Move,519,705
194.659,194.659,NoButton,Move,527,705
194.676,194.676,NoButton,Move,538,707
194.694,194.694,NoButton,Move,548,708
194.709,194.709,NoButton,Move,555,710
194.726,194.726,NoButton,Move,561,711
194.743,194.743,NoButton,Move,564,711
194.759,194.759,NoButton,Move,566,711
194.776,194.776,NoButton,Move,566,711
194.793,194.793,NoButton,Move,567,711
194.862,194.862,NoButton,Move,567,711
194.866,194.866,NoButton,Move,567,711
194.876,194.876,NoButton,Move,568,711
194.893,194.893,NoButton,Move,568,711
194.909,194.909,NoButton,Move,569,711
194.926,194.926,NoButton,Move,569,711
195.006,195.006,NoButton,Move,569,711
195.17,195.17,NoButton,Move,570,711
195.178,195.178,NoButton,Move,570,711
195.193,195.193,NoButton,Move,571,711
195.209,195.209,NoButton,Move,572,710
195.226,195.226,NoButton,Move,574,710
195.242,195.242,NoButton,Move,577,710
195.259,195.259,NoButton,Move,579,711
195.277,195.277,NoButton,Move,583,712
195.292,195.292,NoButton,Move,587,713
195.31,195.31,NoButton,Move,590,713
195.327,195.327,NoButton,Move,592,713
195.342,195.342,NoButton,Move,594,713
195.359,195.359,NoButton,Move,596,713
195.376,195.376,NoButton,Move,596,713
195.393,195.393,NoButton,Move,597,713
195.444,195.444,NoButton,Move,597,713
195.452,195.452,NoButton,Move,597,713
195.459,195.459,NoButton,Move,598,713
195.476,195.476,NoButton,Move,599,713
195.493,195.493,NoButton,Move,601,713
195.51,195.51,NoButton,Move,602,713
195.528,195.528,NoButton,Move,604,713
195.543,195.543,NoButton,Move,605,713
195.559,195.559,NoButton,Move,606,713
195.576,195.576,NoButton,Move,608,713
195.593,195.593,NoButton,Move,610,713
195.609,195.609,NoButton,Move,613,713
195.626,195.626,NoButton,Move,616,713
195.642,195.642,NoButton,Move,619,714
195.659,195.659,NoButton,Move,624,715
195.676,195.676,NoButton,Move,629,715
195.692,195.692,NoButton,Move,634,715
195.71,195.71,NoButton,Move,639,715
195.727,195.727,NoButton,Move,643,715
195.743,195.743,NoButton,Move,647,715
195.759,195.759,NoButton,Move,650,715
195.776,195.776,NoButton,Move,653,715
195.793,195.793,NoButton,Move,655,715
195.809,195.809,NoButton,Move,657,715
195.826,195.826,NoButton,Move,659,715
195.843,195.843,NoButton,Move,660,715
195.859,195.859,NoButton,Move,661,715
195.877,195.877,NoButton,Move,663,715
195.892,195.892,NoButton,Move,665,715
195.909,195.909,NoButton,Move,668,715
195.926,195.926,NoButton,Move,673,715
195.942,195.942,NoButton,Move,677,715
195.96,195.96,NoButton,Move,684,715
195.976,195.976,NoButton,Move,690,714
195.993,195.993,NoButton,Move,695,714
196.009,196.009,NoButton,Move,698,713
196.026,196.026,NoButton,Move,701,713
196.043,196.043,NoButton,Move,703,712
196.06,196.06,NoButton,Move,704,712
196.134,196.134,NoButton,Move,704,712
196.138,196.138,NoButton,Move,704,712
196.143,196.143,NoButton,Move,705,712
196.159,196.159,NoButton,Move,706,711
196.177,196.177,NoButton,Move,707,711
196.193,196.193,NoButton,Move,708,711
196.209,196.209,NoButton,Move,710,710
196.226,196.226,NoButton,Move,714,710
196.243,196.243,NoButton,Move,717,710
196.26,196.26,NoButton,Move,720,710
196.276,196.276,NoButton,Move,722,709
196.293,196.293,NoButton,Move,724,709
196.309,196.309,NoButton,Move,725,708
196.326,196.326,NoButton,Move,726,708
196.343,196.343,NoButton,Move,727,708
196.36,196.36,NoButton,Move,727,707
196.376,196.376,NoButton,Move,729,707
196.392,196.392,NoButton,Move,731,706
196.409,196.409,NoButton,Move,734,705
196.426,196.426,NoButton,Move,737,704
196.443,196.443,NoButton,Move,742,704
196.459,196.459,NoButton,Move,748,703
196.476,196.476,NoButton,Move,755,703
196.493,196.493,NoButton,Move,763,702
196.51,196.51,NoButton,Move,769,701
196.526,196.526,NoButton,Move,774,700
196.543,196.543,NoButton,Move,778,700
196.559,196.559,NoButton,Move,781,699
196.576,196.576,NoButton,Move,784,699
196.593,196.593,NoButton,Move,785,699
196.609,196.609,NoButton,Move,787,699
196.626,196.626,NoButton,Move,788,699
196.643,196.643,NoButton,Move,790,699
196.659,196.659,NoButton,Move,792,699
196.676,196.676,NoButton,Move,795,699
196.692,196.692,NoButton,Move,798,699
196.709,196.709,NoButton,Move,803,699
196.726,196.726,NoButton,Move,807,700
196.743,196.743,NoButton,Move,811,700
196.759,196.759,NoButton,Move,815,700
196.776,196.776,NoButton,Move,819,700
196.793,196.793,NoButton,Move,819,700
196.816,196.816,NoButton,Move,819,701
196.828,196.828,NoButton,Move,819,701
196.842,196.842,NoButton,Move,819,702
196.859,196.859,NoButton,Move,818,703
196.876,196.876,NoButton,Move,814,707
196.893,196.893,NoButton,Move,805,712
196.91,196.91,NoButton,Move,786,720
196.926,196.926,NoButton,Move,760,729
196.944,196.944,NoButton,Move,726,739
196.96,196.96,NoButton,Move,683,751
196.976,196.976,NoButton,Move,656,758
196.993,196.993,NoButton,Move,635,763
197.009,197.009,NoButton,Move,619,767
197.026,197.026,NoButton,Move,602,772
197.043,197.043,NoButton,Move,592,775
197.059,197.059,NoButton,Move,581,777
197.077,197.077,NoButton,Move,571,780
197.093,197.093,NoButton,Move,563,782
197.11,197.11,NoButton,Move,554,784
197.126,197.126,NoButton,Move,548,784
197.143,197.143,NoButton,Move,540,784
197.16,197.16,NoButton,Move,529,784
197.176,197.176,NoButton,Move,517,784
197.193,197.193,NoButton,Move,508,784
197.209,197.209,NoButton,Move,501,783
197.226,197.226,NoButton,Move,496,782
197.242,197.242,NoButton,Move,494,782
197.26,197.26,NoButton,Move,492,781
197.276,197.276,NoButton,Move,491,780
197.293,197.293,NoButton,Move,491,779
197.309,197.309,NoButton,Move,490,778
197.326,197.326,NoButton,Move,489,777
197.343,197.343,NoButton,Move,488,775
197.36,197.36,NoButton,Move,487,774
197.376,197.376,NoButton,Move,486,773
197.393,197.393,NoButton,Move,485,771
197.409,197.409,NoButton,Move,484,770
197.426,197.426,NoButton,Move,483,768
197.442,197.442,NoButton,Move,481,766
197.459,197.459,NoButton,Move,480,765
197.476,197.476,NoButton,Move,480,765
197.493,197.493,NoButton,Move,479,764
197.51,197.51,NoButton,Move,479,764
197.526,197.526,NoButton,Move,479,763
197.564,197.564,NoButton,Move,478,763
197.604,197.604,NoButton,Move,478,763
197.608,197.608,NoButton,Move,478,763
197.612,197.612,NoButton,Move,478,762
197.626,197.626,NoButton,Move,477,762
197.643,197.643,NoButton,Move,477,761
197.659,197.659,NoButton,Move,476,759
197.676,197.676,NoButton,Move,475,758
197.693,197.693,NoButton,Move,474,755
197.709,197.709,NoButton,Move,473,753
197.726,197.726,NoButton,Move,472,752
197.742,197.742,NoButton,Move,471,750
197.759,197.759,NoButton,Move,470,749
197.776,197.776,NoButton,Move,470,748
197.793,197.793,NoButton,Move,469,747
197.81,197.81,NoButton,Move,469,747
197.827,197.827,NoButton,Move,469,746
197.843,197.843,NoButton,Move,469,746
197.86,197.86,NoButton,Move,468,745
197.876,197.876,NoButton,Move,468,745
197.893,197.893,NoButton,Move,467,744
197.909,197.909,NoButton,Move,467,744
197.926,197.926,NoButton,Move,467,743
197.943,197.943,NoButton,Move,467,743
197.96,197.96,NoButton,Move,466,742
198.036,198.036,NoButton,Move,466,742
198.043,198.043,NoButton,Move,466,742
198.06,198.06,NoButton,Move,466,741
198.088,198.088,NoButton,Move,466,741
198.093,198.093,NoButton,Move,466,741
198.11,198.11,NoButton,Move,466,741
198.128,198.128,NoButton,Move,466,740
198.215,198.215,Left,Pressed,466,740
198.37,198.37,Left,Released,466,740
198.423,198.423,NoButton,Move,466,740
198.43,198.43,NoButton,Move,465,740
198.466,198.466,NoButton,Move,465,740
198.474,198.474,NoButton,Move,465,739
198.478,198.478,NoButton,Move,465,739
198.493,198.493,NoButton,Move,464,738
198.51,198.51,NoButton,Move,464,738
198.526,198.526,NoButton,Move,464,737
198.543,198.543,NoButton,Move,463,736
198.56,198.56,NoButton,Move,463,735
198.577,198.577,NoButton,Move,462,735
198.594,198.594,NoButton,Move,462,734
198.61,198.61,NoButton,Move,462,733
198.627,198.627,NoButton,Move,461,733
198.643,198.643,NoButton,Move,461,732
198.66,198.66,NoButton,Move,461,732
198.677,198.677,NoButton,Move,461,731
198.693,198.693,NoButton,Move,461,731
198.71,198.71,NoButton,Move,461,731
198.773,198.773,Left,Pressed,461,731
198.857,198.857,Left,Released,461,731
