record timestamp,client timestamp,button,state,x,y
0.026,0.026,NoButton,Move,1078,746
0.041,0.041,NoButton,Move,1142,772
0.063,0.063,NoButton,Move,1146,775
0.074,0.074,NoButton,Move,1158,786
0.091,0.091,NoButton,Move,1169,794
0.107,0.107,NoButton,Move,1179,803
0.124,0.124,NoButton,Move,1189,814
0.14,0.14,NoButton,Move,1201,827
0.157,0.157,NoButton,Move,1223,855
0.174,0.174,NoButton,Move,1260,890
0.19,0.19,NoButton,Move,1319,899
0.208,0.208,NoButton,Move,1387,899
0.224,0.224,NoButton,Move,1439,899
0.24,0.24,NoButton,Move,1439,899
0.257,0.257,NoButton,Move,1439,899
0.274,0.274,NoButton,Move,1439,899
0.291,0.291,NoButton,Move,1439,889
0.307,0.307,NoButton,Move,1439,880
0.324,0.324,NoButton,Move,1439,872
0.34,0.34,NoButton,Move,1439,869
0.389,0.389,NoButton,Move,1439,869
0.489,0.489,NoButton,Move,1439,859
0.49,0.49,NoButton,Move,1439,859
0.508,0.508,NoButton,Move,1439,855
0.524,0.524,NoButton,Move,1439,849
0.54,0.54,NoButton,Move,1439,833
0.558,0.558,NoButton,Move,1439,811
0.574,0.574,NoButton,Move,1439,779
0.591,0.591,NoButton,Move,1439,739
0.607,0.607,NoButton,Move,1439,693
0.624,0.624,NoButton,Move,1439,642
0.641,0.641,NoButton,Move,1439,569
0.658,0.658,NoButton,Move,1439,507
0.674,0.674,NoButton,Move,1439,444
0.69,0.69,NoButton,Move,1439,384
0.707,0.707,NoButton,Move,1439,332
0.724,0.724,NoButton,Move,1439,274
0.741,0.741,NoButton,Move,1439,247
0.757,0.757,NoButton,Move,1439,233
0.774,0.774,NoButton,Move,1439,227
0.79,0.79,NoButton,Move,1439,226
0.807,0.807,NoButton,Move,1439,226
0.824,0.824,NoButton,Move,1439,227
0.84,0.84,NoButton,Move,1439,234
0.858,0.858,NoButton,Move,1439,251
0.874,0.874,NoButton,Move,1439,275
0.89,0.89,NoButton,Move,1439,305
0.907,0.907,NoButton,Move,1439,320
0.924,0.924,NoButton,Move,1439,324
0.941,0.941,NoButton,Move,1438,327
0.957,0.957,NoButton,Move,1430,328
0.974,0.974,NoButton,Move,1400,323
0.99,0.99,NoButton,Move,1348,306
1.007,1.007,NoButton,Move,1274,284
1.024,1.024,NoButton,Move,1216,265
1.041,1.041,NoButton,Move,1189,257
1.057,1.057,NoButton,Move,1186,256
1.078,1.078,NoButton,Move,1186,256
1.09,1.09,NoButton,Move,1187,255
1.108,1.108,NoButton,Move,1194,255
1.124,1.124,NoButton,Move,1203,260
1.14,1.14,NoButton,Move,1206,261
1.348,1.348,NoButton,Move,1208,264
1.352,1.352,NoButton,Move,1211,270
1.358,1.358,NoButton,Move,1214,278
1.374,1.374,NoButton,Move,1224,300
1.39,1.39,NoButton,Move,1226,308
1.408,1.408,NoButton,Move,1234,334
1.424,1.424,NoButton,Move,1251,371
1.441,1.441,NoButton,Move,1264,392
1.457,1.457,NoButton,Move,1267,396
1.475,1.475,NoButton,Move,1269,398
1.491,1.491,NoButton,Move,1272,399
1.507,1.507,NoButton,Move,1275,399
1.524,1.524,NoButton,Move,1278,399
1.541,1.541,NoButton,Move,1282,398
1.557,1.557,NoButton,Move,1285,397
1.574,1.574,NoButton,Move,1291,396
1.59,1.59,NoButton,Move,1300,395
1.607,1.607,NoButton,Move,1314,399
1.624,1.624,NoButton,Move,1332,403
1.64,1.64,NoButton,Move,1353,409
1.657,1.657,NoButton,Move,1366,413
1.674,1.674,NoButton,Move,1375,417
1.691,1.691,NoButton,Move,1380,420
1.708,1.708,NoButton,Move,1381,422
1.724,1.724,NoButton,Move,1382,422
1.781,1.781,NoButton,Move,1382,422
1.784,1.784,NoButton,Move,1382,423
1.791,1.791,NoButton,Move,1382,423
1.807,1.807,NoButton,Move,1382,423
1.839,1.839,Left,Pressed,1382,423
1.856,1.856,NoButton,Drag,1382,423
1.919,1.919,NoButton,Drag,1382,423
1.926,1.926,NoButton,Drag,1382,422
1.93,1.93,NoButton,Drag,1382,422
1.934,1.934,NoButton,Drag,1382,422
1.939,1.939,Left,Released,1382,422
1.94,1.94,NoButton,Move,1382,422
1.95,1.95,NoButton,Move,1382,421
1.957,1.957,NoButton,Move,1382,421
2.01,2.01,NoButton,Move,1382,421
2.014,2.014,NoButton,Move,1382,421
2.025,2.025,NoButton,Move,1380,421
2.04,2.04,NoButton,Move,1376,421
2.058,2.058,NoButton,Move,1363,424
2.074,2.074,NoButton,Move,1352,427
2.091,2.091,NoButton,Move,1325,434
2.108,2.108,NoButton,Move,1301,441
2.124,2.124,NoButton,Move,1269,446
2.141,2.141,NoButton,Move,1231,453
2.158,2.158,NoButton,Move,1193,455
2.174,2.174,NoButton,Move,1134,455
2.19,2.19,NoButton,Move,1081,445
2.207,2.207,NoButton,Move,1025,428
2.224,2.224,NoButton,Move,946,402
2.241,2.241,NoButton,Move,847,372
2.258,2.258,NoButton,Move,761,345
2.274,2.274,NoButton,Move,694,324
2.291,2.291,NoButton,Move,646,307
2.308,2.308,NoButton,Move,627,296
2.325,2.325,NoButton,Move,615,289
2.341,2.341,NoButton,Move,607,284
2.358,2.358,NoButton,Move,606,283
2.374,2.374,NoButton,Move,606,283
2.402,2.402,NoButton,Move,605,283
2.414,2.414,NoButton,Move,605,283
2.424,2.424,NoButton,Move,605,284
2.44,2.44,NoButton,Move,602,286
2.457,2.457,NoButton,Move,595,294
2.474,2.474,NoButton,Move,583,305
2.491,2.491,NoButton,Move,566,319
2.508,2.508,NoButton,Move,549,331
2.524,2.524,NoButton,Move,531,340
2.541,2.541,NoButton,Move,497,353
2.557,2.557,NoButton,Move,457,365
2.574,2.574,NoButton,Move,415,376
2.591,2.591,NoButton,Move,371,387
2.608,2.608,NoButton,Move,334,396
2.624,2.624,NoButton,Move,311,404
2.641,2.641,NoButton,Move,306,408
2.658,2.658,NoButton,Move,305,413
2.675,2.675,NoButton,Move,310,419
2.691,2.691,NoButton,Move,325,424
2.707,2.707,NoButton,Move,347,431
2.724,2.724,NoButton,Move,373,445
2.741,2.741,NoButton,Move,390,459
2.932,2.932,NoButton,Move,391,460
2.936,2.936,NoButton,Move,404,464
2.941,2.941,NoButton,Move,431,475
2.958,2.958,NoButton,Move,550,554
2.974,2.974,NoButton,Move,571,569
2.991,2.991,NoButton,Move,575,571
3.007,3.007,NoButton,Move,588,566
3.024,3.024,NoButton,Move,607,547
3.041,3.041,NoButton,Move,611,525
3.057,3.057,NoButton,Move,599,484
3.074,3.074,NoButton,Move,569,427
3.091,3.091,NoButton,Move,527,357
3.108,3.108,NoButton,Move,503,325
3.124,3.124,NoButton,Move,493,309
3.14,3.14,NoButton,Move,489,304
3.186,3.186,NoButton,Move,489,305
3.19,3.19,NoButton,Move,489,305
3.208,3.208,NoButton,Move,488,309
3.224,3.224,NoButton,Move,487,314
3.24,3.24,NoButton,Move,486,316
3.258,3.258,NoButton,Move,486,316
3.274,3.274,NoButton,Move,482,317
3.291,3.291,NoButton,Move,470,316
3.307,3.307,NoButton,Move,446,309
3.324,3.324,NoButton,Move,406,296
3.34,3.34,NoButton,Move,363,279
3.357,3.357,NoButton,Move,327,263
3.374,3.374,NoButton,Move,305,254
3.39,3.39,NoButton,Move,300,253
3.418,3.418,NoButton,Move,300,253
3.424,3.424,NoButton,Move,301,254
3.441,3.441,NoButton,Move,307,259
3.458,3.458,NoButton,Move,325,270
3.474,3.474,NoButton,Move,358,284
3.491,3.491,NoButton,Move,405,302
3.508,3.508,NoButton,Move,428,313
3.524,3.524,NoButton,Move,440,318
3.54,3.54,NoButton,Move,443,320
3.558,3.558,NoButton,Move,443,320
3.574,3.574,NoButton,Move,443,321
3.591,3.591,NoButton,Move,442,323
3.607,3.607,NoButton,Move,438,326
3.624,3.624,NoButton,Move,432,329
3.64,3.64,NoButton,Move,427,331
3.658,3.658,NoButton,Move,424,331
3.673,3.673,NoButton,Move,421,332
3.69,3.69,NoButton,Move,416,332
3.707,3.707,NoButton,Move,407,330
3.724,3.724,NoButton,Move,398,327
3.74,3.74,NoButton,Move,389,321
3.757,3.757,NoButton,Move,385,318
3.774,3.774,NoButton,Move,383,315
3.791,3.791,NoButton,Move,382,313
3.807,3.807,NoButton,Move,381,311
3.824,3.824,NoButton,Move,381,309
3.841,3.841,NoButton,Move,380,308
3.857,3.857,NoButton,Move,380,307
3.874,3.874,NoButton,Move,380,307
3.917,3.917,NoButton,Move,380,307
3.92,3.92,NoButton,Move,379,307
3.928,3.928,NoButton,Move,379,307
3.94,3.94,NoButton,Move,378,307
3.958,3.958,NoButton,Move,376,307
3.974,3.974,NoButton,Move,374,307
3.99,3.99,NoButton,Move,371,307
4.008,4.008,NoButton,Move,366,307
4.024,4.024,NoButton,Move,361,307
4.04,4.04,NoButton,Move,357,307
4.057,4.057,NoButton,Move,354,307
4.074,4.074,NoButton,Move,353,307
4.091,4.091,NoButton,Move,353,307
4.121,4.121,Left,Pressed,353,307
4.223,4.223,Left,Released,353,307
4.246,4.246,NoButton,Move,353,307
4.254,4.254,NoButton,Move,353,307
4.262,4.262,NoButton,Move,353,308
4.274,4.274,NoButton,Move,352,308
4.29,4.29,NoButton,Move,352,309
4.307,4.307,NoButton,Move,351,312
4.325,4.325,NoButton,Move,352,316
4.34,4.34,NoButton,Move,354,322
4.357,4.357,NoButton,Move,356,328
4.374,4.374,NoButton,Move,360,335
4.39,4.39,NoButton,Move,366,345
4.407,4.407,NoButton,Move,372,356
4.424,4.424,NoButton,Move,382,370
4.441,4.441,NoButton,Move,396,385
4.457,4.457,NoButton,Move,415,401
4.474,4.474,NoButton,Move,449,416
4.49,4.49,NoButton,Move,483,423
4.507,4.507,NoButton,Move,523,426
4.524,4.524,NoButton,Move,569,426
4.541,4.541,NoButton,Move,610,425
4.557,4.557,NoButton,Move,640,419
4.574,4.574,NoButton,Move,658,414
4.591,4.591,NoButton,Move,659,414
4.61,4.61,NoButton,Move,660,414
4.624,4.624,NoButton,Move,660,413
4.64,4.64,NoButton,Move,660,412
4.658,4.658,NoButton,Move,660,411
4.674,4.674,NoButton,Move,659,410
4.69,4.69,NoButton,Move,658,408
4.708,4.708,NoButton,Move,658,406
4.725,4.725,NoButton,Move,657,404
4.74,4.74,NoButton,Move,657,402
4.757,4.757,NoButton,Move,657,400
4.773,4.773,NoButton,Move,660,397
4.79,4.79,NoButton,Move,669,395
4.807,4.807,NoButton,Move,684,394
4.824,4.824,NoButton,Move,699,394
4.84,4.84,NoButton,Move,713,396
4.857,4.857,NoButton,Move,721,398
4.874,4.874,NoButton,Move,726,399
4.891,4.891,NoButton,Move,727,399
4.92,4.92,NoButton,Move,727,400
4.936,4.936,NoButton,Move,727,400
4.94,4.94,NoButton,Move,726,400
4.958,4.958,NoButton,Move,725,400
4.974,4.974,NoButton,Move,724,400
4.99,4.99,NoButton,Move,723,400
5.008,5.008,NoButton,Move,722,401
5.052,5.052,NoButton,Move,722,401
5.068,5.068,NoButton,Move,722,400
5.074,5.074,NoButton,Move,722,400
5.105,5.105,Left,Pressed,722,400
5.229,5.229,Left,Released,722,400
5.297,5.297,NoButton,Move,722,400
5.3,5.3,NoButton,Move,721,400
5.307,5.307,NoButton,Move,721,400
5.324,5.324,NoButton,Move,717,401
5.341,5.341,NoButton,Move,710,402
5.358,5.358,NoButton,Move,704,403
5.374,5.374,NoButton,Move,697,403
5.39,5.39,NoButton,Move,694,402
5.408,5.408,NoButton,Move,694,402
5.424,5.424,NoButton,Move,694,401
5.44,5.44,NoButton,Move,696,398
5.457,5.457,NoButton,Move,706,394
5.474,5.474,NoButton,Move,727,392
5.49,5.49,NoButton,Move,759,398
5.508,5.508,NoButton,Move,784,411
5.524,5.524,NoButton,Move,811,430
5.541,5.541,NoButton,Move,842,458
5.558,5.558,NoButton,Move,876,488
5.574,5.574,NoButton,Move,912,517
5.591,5.591,NoButton,Move,960,554
5.607,5.607,NoButton,Move,1002,580
5.624,5.624,NoButton,Move,1043,598
5.641,5.641,NoButton,Move,1083,613
5.657,5.657,NoButton,Move,1121,628
5.674,5.674,NoButton,Move,1156,641
5.69,5.69,NoButton,Move,1197,658
5.707,5.707,NoButton,Move,1224,672
5.724,5.724,NoButton,Move,1249,687
5.741,5.741,NoButton,Move,1268,700
5.757,5.757,NoButton,Move,1280,710
5.774,5.774,NoButton,Move,1286,718
5.79,5.79,NoButton,Move,1291,726
5.808,5.808,NoButton,Move,1294,732
5.824,5.824,NoButton,Move,1296,738
5.841,5.841,NoButton,Move,1298,744
5.857,5.857,NoButton,Move,1299,750
5.874,5.874,NoButton,Move,1300,754
5.89,5.89,NoButton,Move,1299,759
5.908,5.908,NoButton,Move,1297,763
5.924,5.924,NoButton,Move,1295,769
5.94,5.94,NoButton,Move,1294,779
5.957,5.957,NoButton,Move,1294,788
5.974,5.974,NoButton,Move,1297,798
5.991,5.991,NoButton,Move,1303,809
6.008,6.008,NoButton,Move,1312,818
6.024,6.024,NoButton,Move,1321,828
6.041,6.041,NoButton,Move,1326,834
6.058,6.058,NoButton,Move,1330,840
6.075,6.075,NoButton,Move,1334,845
6.092,6.092,NoButton,Move,1336,849
6.107,6.107,NoButton,Move,1337,850
6.128,6.128,NoButton,Move,1337,850
6.153,6.153,NoButton,Move,1337,850
6.157,6.157,NoButton,Move,1337,850
6.169,6.169,Left,Pressed,1337,850
6.17,6.17,NoButton,Drag,1337,850
6.18,6.18,NoButton,Drag,1338,850
6.184,6.184,NoButton,Drag,1338,850
6.216,6.216,NoButton,Drag,1338,849
6.228,6.228,NoButton,Drag,1338,849
6.24,6.24,NoButton,Drag,1338,849
6.244,6.244,NoButton,Drag,1338,849
6.248,6.248,NoButton,Drag,1338,849
6.252,6.252,NoButton,Drag,1338,849
6.256,6.256,NoButton,Drag,1338,848
6.26,6.26,NoButton,Drag,1338,848
6.264,6.264,NoButton,Drag,1338,847
6.268,6.268,NoButton,Drag,1338,847
6.273,6.273,Left,Released,1338,847
6.273,6.273,NoButton,Move,1338,847
6.276,6.276,NoButton,Move,1338,847
6.29,6.29,NoButton,Move,1337,846
6.307,6.307,NoButton,Move,1337,845
6.324,6.324,NoButton,Move,1335,843
6.341,6.341,NoButton,Move,1332,841
6.357,6.357,NoButton,Move,1330,841
6.373,6.373,NoButton,Move,1328,840
6.391,6.391,NoButton,Move,1325,839
6.407,6.407,NoButton,Move,1322,839
6.424,6.424,NoButton,Move,1319,839
6.44,6.44,NoButton,Move,1318,840
6.457,6.457,NoButton,Move,1318,840
6.474,6.474,NoButton,Move,1318,841
6.49,6.49,NoButton,Move,1318,842
6.507,6.507,NoButton,Move,1317,842
6.519,6.519,NoButton,Move,1317,843
6.525,6.525,Left,Pressed,1317,843
6.595,6.595,NoButton,Drag,1317,842
6.599,6.599,Left,Released,1317,842
6.611,6.611,NoButton,Move,1317,842
6.624,6.624,NoButton,Move,1316,842
6.641,6.641,NoButton,Move,1316,840
6.658,6.658,NoButton,Move,1315,839
6.674,6.674,NoButton,Move,1313,837
6.69,6.69,NoButton,Move,1308,833
6.707,6.707,NoButton,Move,1299,828
6.724,6.724,NoButton,Move,1287,821
6.741,6.741,NoButton,Move,1274,813
6.757,6.757,NoButton,Move,1258,805
6.774,6.774,NoButton,Move,1239,796
6.79,6.79,NoButton,Move,1215,783
6.808,6.808,NoButton,Move,1195,772
6.825,6.825,NoButton,Move,1170,760
6.84,6.84,NoButton,Move,1144,744
6.857,6.857,NoButton,Move,1117,725
6.874,6.874,NoButton,Move,1087,700
6.89,6.89,NoButton,Move,1049,666
6.907,6.907,NoButton,Move,1018,638
6.924,6.924,NoButton,Move,992,613
6.94,6.94,NoButton,Move,977,597
6.957,6.957,NoButton,Move,974,592
6.974,6.974,NoButton,Move,974,590
6.99,6.99,NoButton,Move,978,586
7.007,7.007,NoButton,Move,985,583
7.024,7.024,NoButton,Move,992,582
7.04,7.04,NoButton,Move,998,581
7.057,7.057,NoButton,Move,1000,582
7.084,7.084,NoButton,Move,1000,582
7.112,7.112,NoButton,Move,999,582
7.124,7.124,NoButton,Move,998,582
7.141,7.141,NoButton,Move,993,583
7.157,7.157,NoButton,Move,984,583
7.174,7.174,NoButton,Move,971,579
7.19,7.19,NoButton,Move,952,575
7.208,7.208,NoButton,Move,932,569
7.223,7.223,NoButton,Move,914,563
7.24,7.24,NoButton,Move,898,556
7.258,7.258,NoButton,Move,890,551
7.275,7.275,NoButton,Move,886,548
7.291,7.291,NoButton,Move,884,546
7.308,7.308,NoButton,Move,883,544
7.324,7.324,NoButton,Move,882,543
7.34,7.34,NoButton,Move,880,539
7.358,7.358,NoButton,Move,878,537
7.374,7.374,NoButton,Move,877,535
7.39,7.39,NoButton,Move,877,532
7.407,7.407,NoButton,Move,876,529
7.424,7.424,NoButton,Move,875,526
7.44,7.44,NoButton,Move,873,520
7.457,7.457,NoButton,Move,872,518
7.474,7.474,NoButton,Move,870,515
7.49,7.49,NoButton,Move,868,513
7.508,7.508,NoButton,Move,867,511
7.524,7.524,NoButton,Move,866,510
7.54,7.54,NoButton,Move,865,508
7.558,7.558,NoButton,Move,865,508
7.627,7.627,Left,Pressed,865,508
7.739,7.739,Left,Released,865,508
7.811,7.811,NoButton,Move,865,508
7.818,7.818,NoButton,Move,864,508
7.824,7.824,NoButton,Move,864,508
7.84,7.84,NoButton,Move,861,511
7.857,7.857,NoButton,Move,857,514
7.874,7.874,NoButton,Move,852,517
7.89,7.89,NoButton,Move,844,519
7.907,7.907,NoButton,Move,839,520
7.924,7.924,NoButton,Move,837,520
7.941,7.941,NoButton,Move,835,520
7.958,7.958,NoButton,Move,835,520
7.974,7.974,NoButton,Move,834,519
7.991,7.991,NoButton,Move,833,519
8.008,8.008,NoButton,Move,833,518
8.026,8.026,NoButton,Move,833,518
8.04,8.04,NoButton,Move,833,518
8.058,8.058,NoButton,Move,833,517
8.075,8.075,NoButton,Move,833,517
8.103,8.103,Left,Pressed,833,517
8.122,8.122,NoButton,Drag,833,517
8.181,8.181,Left,Released,833,517
8.2,8.2,NoButton,Move,833,517
8.212,8.212,NoButton,Move,833,516
8.22,8.22,NoButton,Move,833,516
8.224,8.224,NoButton,Move,833,516
8.24,8.24,NoButton,Move,833,515
8.257,8.257,NoButton,Move,833,514
8.274,8.274,NoButton,Move,834,513
8.291,8.291,NoButton,Move,834,513
8.308,8.308,NoButton,Move,834,513
8.36,8.36,NoButton,Move,834,513
8.377,8.377,NoButton,Move,834,513
8.39,8.39,NoButton,Move,834,515
8.408,8.408,NoButton,Move,833,520
8.424,8.424,NoButton,Move,829,527
8.44,8.44,NoButton,Move,820,533
8.457,8.457,NoButton,Move,811,534
8.475,8.475,NoButton,Move,799,529
8.491,8.491,NoButton,Move,783,518
8.507,8.507,NoButton,Move,765,503
8.524,8.524,NoButton,Move,740,480
8.541,8.541,NoButton,Move,698,442
8.557,8.557,NoButton,Move,653,407
8.575,8.575,NoButton,Move,604,371
8.591,8.591,NoButton,Move,554,335
8.607,8.607,NoButton,Move,512,302
8.624,8.624,NoButton,Move,468,270
8.64,8.64,NoButton,Move,417,234
8.657,8.657,NoButton,Move,384,212
8.674,8.674,NoButton,Move,356,193
8.69,8.69,NoButton,Move,330,179
8.707,8.707,NoButton,Move,308,171
8.724,8.724,NoButton,Move,290,165
8.74,8.74,NoButton,Move,271,162
8.757,8.757,NoButton,Move,259,162
8.773,8.773,NoButton,Move,248,162
8.79,8.79,NoButton,Move,238,166
8.807,8.807,NoButton,Move,232,168
8.824,8.824,NoButton,Move,227,171
8.841,8.841,NoButton,Move,224,172
8.857,8.857,NoButton,Move,222,172
8.874,8.874,NoButton,Move,221,172
8.89,8.89,NoButton,Move,219,173
8.908,8.908,NoButton,Move,217,173
8.924,8.924,NoButton,Move,215,172
8.941,8.941,NoButton,Move,209,171
8.958,8.958,NoButton,Move,197,168
8.974,8.974,NoButton,Move,179,164
8.99,8.99,NoButton,Move,151,156
9.007,9.007,NoButton,Move,128,149
9.023,9.023,NoButton,Move,108,140
9.041,9.041,NoButton,Move,90,132
9.057,9.057,NoButton,Move,72,125
9.074,9.074,NoButton,Move,56,119
9.09,9.09,NoButton,Move,43,112
9.107,9.107,NoButton,Move,35,109
9.124,9.124,NoButton,Move,33,107
9.141,9.141,NoButton,Move,33,107
9.203,9.203,NoButton,Move,33,107
9.21,9.21,NoButton,Move,33,107
9.224,9.224,NoButton,Move,34,107
9.241,9.241,NoButton,Move,35,108
9.257,9.257,NoButton,Move,38,111
9.274,9.274,NoButton,Move,43,114
9.29,9.29,NoButton,Move,49,119
9.307,9.307,NoButton,Move,56,124
9.324,9.324,NoButton,Move,61,129
9.34,9.34,NoButton,Move,64,133
9.357,9.357,NoButton,Move,64,135
9.374,9.374,NoButton,Move,64,136
9.391,9.391,NoButton,Move,64,136
9.408,9.408,NoButton,Move,64,137
9.424,9.424,NoButton,Move,64,138
9.441,9.441,NoButton,Move,64,138
9.457,9.457,NoButton,Move,64,139
9.496,9.496,NoButton,Move,64,139
9.541,9.541,NoButton,Move,64,139
9.564,9.564,NoButton,Move,63,140
9.574,9.574,NoButton,Move,63,140
9.59,9.59,NoButton,Move,62,140
9.608,9.608,NoButton,Move,61,141
9.624,9.624,NoButton,Move,59,142
9.641,9.641,NoButton,Move,58,142
9.657,9.657,NoButton,Move,57,142
9.773,9.773,Left,Pressed,57,142
9.865,9.865,Left,Released,57,142
10.011,10.011,NoButton,Move,57,142
10.014,10.014,NoButton,Move,58,143
10.024,10.024,NoButton,Move,58,143
10.04,10.04,NoButton,Move,60,146
10.057,10.057,NoButton,Move,63,152
10.074,10.074,NoButton,Move,64,163
10.09,10.09,NoButton,Move,63,187
10.108,10.108,NoButton,Move,56,210
10.124,10.124,NoButton,Move,46,237
10.14,10.14,NoButton,Move,34,265
10.158,10.158,NoButton,Move,25,288
10.174,10.174,NoButton,Move,20,308
10.19,10.19,NoButton,Move,17,329
10.208,10.208,NoButton,Move,16,345
10.224,10.224,NoButton,Move,17,359
10.24,10.24,NoButton,Move,18,369
10.257,10.257,NoButton,Move,20,379
10.274,10.274,NoButton,Move,22,386
10.29,10.29,NoButton,Move,23,394
10.307,10.307,NoButton,Move,24,400
10.323,10.323,NoButton,Move,25,406
10.34,10.34,NoButton,Move,26,412
10.358,10.358,NoButton,Move,27,417
10.374,10.374,NoButton,Move,29,421
10.39,10.39,NoButton,Move,34,428
10.407,10.407,NoButton,Move,39,434
10.424,10.424,NoButton,Move,43,440
10.44,10.44,NoButton,Move,47,447
10.457,10.457,NoButton,Move,51,455
10.474,10.474,NoButton,Move,53,463
10.49,10.49,NoButton,Move,57,474
10.508,10.508,NoButton,Move,59,484
10.524,10.524,NoButton,Move,61,491
10.54,10.54,NoButton,Move,61,498
10.557,10.557,NoButton,Move,61,501
10.574,10.574,NoButton,Move,61,502
10.59,10.59,NoButton,Move,61,503
10.637,10.637,NoButton,Move,62,503
10.64,10.64,NoButton,Move,62,503
10.657,10.657,NoButton,Move,64,502
10.674,10.674,NoButton,Move,68,502
10.69,10.69,NoButton,Move,75,505
10.707,10.707,NoButton,Move,85,510
10.724,10.724,NoButton,Move,94,516
10.74,10.74,NoButton,Move,102,524
10.757,10.757,NoButton,Move,107,530
10.774,10.774,NoButton,Move,111,535
10.791,10.791,NoButton,Move,113,538
10.808,10.808,NoButton,Move,114,540
10.824,10.824,NoButton,Move,114,540
10.84,10.84,NoButton,Move,113,541
10.857,10.857,NoButton,Move,112,542
10.874,10.874,NoButton,Move,110,543
10.89,10.89,NoButton,Move,109,544
10.907,10.907,NoButton,Move,108,545
10.924,10.924,NoButton,Move,107,545
10.941,10.941,NoButton,Move,106,546
10.957,10.957,NoButton,Move,106,546
10.974,10.974,NoButton,Move,105,546
10.991,10.991,NoButton,Move,105,546
11.007,11.007,NoButton,Move,104,546
11.067,11.067,Left,Pressed,104,546
11.09,11.09,NoButton,Drag,104,546
11.191,11.191,NoButton,Drag,104,546
11.194,11.194,NoButton,Drag,104,545
11.199,11.199,Left,Released,104,545
11.202,11.202,NoButton,Move,104,545
11.208,11.208,NoButton,Move,104,545
11.224,11.224,NoButton,Move,104,543
11.241,11.241,NoButton,Move,104,542
11.258,11.258,NoButton,Move,105,541
11.273,11.273,NoButton,Move,107,540
11.29,11.29,NoButton,Move,110,540
11.307,11.307,NoButton,Move,115,539
11.324,11.324,NoButton,Move,125,536
11.34,11.34,NoButton,Move,138,533
11.357,11.357,NoButton,Move,155,529
11.373,11.373,NoButton,Move,170,527
11.39,11.39,NoButton,Move,178,527
11.407,11.407,NoButton,Move,181,526
11.424,11.424,NoButton,Move,183,526
11.44,11.44,NoButton,Move,186,528
11.457,11.457,NoButton,Move,195,533
11.474,11.474,NoButton,Move,214,544
11.49,11.49,NoButton,Move,275,570
11.507,11.507,NoButton,Move,353,607
11.524,11.524,NoButton,Move,435,648
11.541,11.541,NoButton,Move,510,689
11.558,11.558,NoButton,Move,571,728
11.574,11.574,NoButton,Move,614,762
11.59,11.59,NoButton,Move,645,792
11.607,11.607,NoButton,Move,655,806
11.624,11.624,NoButton,Move,657,813
11.64,11.64,NoButton,Move,656,817
11.657,11.657,NoButton,Move,653,822
11.674,11.674,NoButton,Move,651,825
11.691,11.691,NoButton,Move,651,829
11.708,11.708,NoButton,Move,651,832
11.724,11.724,NoButton,Move,653,836
11.74,11.74,NoButton,Move,659,842
11.757,11.757,NoButton,Move,671,851
11.774,11.774,NoButton,Move,693,859
11.79,11.79,NoButton,Move,720,864
11.808,11.808,NoButton,Move,746,866
11.824,11.824,NoButton,Move,770,866
11.841,11.841,NoButton,Move,790,863
11.857,11.857,NoButton,Move,795,861
11.874,11.874,NoButton,Move,795,860
11.89,11.89,NoButton,Move,795,858
11.907,11.907,NoButton,Move,795,856
11.923,11.923,NoButton,Move,794,855
11.94,11.94,NoButton,Move,794,854
11.957,11.957,NoButton,Move,794,853
11.974,11.974,NoButton,Move,795,852
11.99,11.99,NoButton,Move,797,850
12.007,12.007,NoButton,Move,798,850
12.024,12.024,NoButton,Move,798,849
12.04,12.04,NoButton,Move,798,849
12.058,12.058,NoButton,Move,799,848
12.074,12.074,NoButton,Move,800,847
12.091,12.091,NoButton,Move,803,847
12.107,12.107,NoButton,Move,807,846
12.124,12.124,NoButton,Move,813,845
12.14,12.14,NoButton,Move,821,845
12.157,12.157,NoButton,Move,831,845
12.174,12.174,NoButton,Move,842,845
12.19,12.19,NoButton,Move,849,845
12.208,12.208,NoButton,Move,854,845
12.223,12.223,NoButton,Move,856,845
12.24,12.24,NoButton,Move,858,844
12.258,12.258,NoButton,Move,859,843
12.274,12.274,NoButton,Move,859,843
12.29,12.29,NoButton,Move,860,842
12.307,12.307,NoButton,Move,862,842
12.324,12.324,NoButton,Move,865,842
12.331,12.331,NoButton,Move,865,842
12.34,12.34,Left,Pressed,865,842
12.341,12.341,NoButton,Drag,866,842
12.342,12.342,NoButton,Drag,867,842
12.346,12.346,NoButton,Drag,867,842
12.35,12.35,NoButton,Drag,867,842
12.354,12.354,NoButton,Drag,867,842
12.39,12.39,NoButton,Drag,868,842
12.418,12.418,NoButton,Drag,868,842
12.422,12.422,NoButton,Drag,868,841
12.426,12.426,NoButton,Drag,868,841
12.43,12.43,NoButton,Drag,868,841
12.434,12.434,NoButton,Drag,869,841
12.438,12.438,NoButton,Drag,869,840
12.442,12.442,NoButton,Drag,869,839
12.446,12.446,NoButton,Drag,869,839
12.45,12.45,NoButton,Drag,869,838
12.454,12.454,Left,Released,869,838
12.455,12.455,NoButton,Move,869,838
12.458,12.458,NoButton,Move,869,837
12.473,12.473,NoButton,Move,869,835
12.49,12.49,NoButton,Move,869,832
12.507,12.507,NoButton,Move,868,830
12.523,12.523,NoButton,Move,865,828
12.54,12.54,NoButton,Move,858,823
12.557,12.557,NoButton,Move,852,819
12.574,12.574,NoButton,Move,848,815
12.59,12.59,NoButton,Move,847,813
12.608,12.608,NoButton,Move,846,811
12.624,12.624,NoButton,Move,846,808
12.64,12.64,NoButton,Move,848,803
12.657,12.657,NoButton,Move,851,797
12.673,12.673,NoButton,Move,857,787
12.69,12.69,NoButton,Move,866,768
12.708,12.708,NoButton,Move,871,751
12.723,12.723,NoButton,Move,872,734
12.74,12.74,NoButton,Move,872,719
12.758,12.758,NoButton,Move,869,708
12.774,12.774,NoButton,Move,866,700
12.791,12.791,NoButton,Move,864,697
12.808,12.808,NoButton,Move,863,697
12.856,12.856,NoButton,Move,863,697
12.86,12.86,NoButton,Move,863,697
12.874,12.874,NoButton,Move,862,697
12.891,12.891,NoButton,Move,859,699
12.908,12.908,NoButton,Move,854,699
12.924,12.924,NoButton,Move,849,697
12.94,12.94,NoButton,Move,838,689
12.957,12.957,NoButton,Move,827,681
12.973,12.973,NoButton,Move,819,673
12.99,12.99,NoButton,Move,812,665
13.007,13.007,NoButton,Move,808,658
13.024,13.024,NoButton,Move,805,651
13.04,13.04,NoButton,Move,801,641
13.057,13.057,NoButton,Move,798,633
13.074,13.074,NoButton,Move,796,627
13.091,13.091,NoButton,Move,793,623
13.107,13.107,NoButton,Move,792,619
13.124,13.124,NoButton,Move,790,617
13.14,13.14,NoButton,Move,787,613
13.157,13.157,NoButton,Move,781,608
13.174,13.174,NoButton,Move,775,602
13.191,13.191,NoButton,Move,768,597
13.207,13.207,NoButton,Move,760,591
13.224,13.224,NoButton,Move,754,587
13.24,13.24,NoButton,Move,749,583
13.257,13.257,NoButton,Move,747,582
13.274,13.274,NoButton,Move,746,581
13.29,13.29,NoButton,Move,746,580
13.308,13.308,NoButton,Move,746,580
13.324,13.324,NoButton,Move,746,579
13.34,13.34,NoButton,Move,746,578
13.357,13.357,NoButton,Move,745,577
13.374,13.374,NoButton,Move,745,575
13.39,13.39,NoButton,Move,746,574
13.407,13.407,NoButton,Move,746,572
13.424,13.424,NoButton,Move,747,570
13.441,13.441,NoButton,Move,749,568
13.457,13.457,NoButton,Move,750,566
13.473,13.473,NoButton,Move,752,564
13.49,13.49,NoButton,Move,756,562
13.507,13.507,NoButton,Move,757,560
13.524,13.524,NoButton,Move,759,559
13.602,13.602,NoButton,Move,759,559
13.63,13.63,NoButton,Move,759,559
13.635,13.635,Left,Pressed,759,559
13.666,13.666,NoButton,Drag,759,559
13.735,13.735,Left,Released,759,559
13.878,13.878,NoButton,Move,760,559
13.882,13.882,NoButton,Move,760,559
13.89,13.89,NoButton,Move,760,558
13.908,13.908,NoButton,Move,761,556
13.924,13.924,NoButton,Move,763,552
13.94,13.94,NoButton,Move,766,549
13.957,13.957,NoButton,Move,767,547
13.974,13.974,NoButton,Move,767,544
13.991,13.991,NoButton,Move,764,542
14.007,14.007,NoButton,Move,758,541
14.023,14.023,NoButton,Move,745,542
14.04,14.04,NoButton,Move,709,550
14.057,14.057,NoButton,Move,661,567
14.074,14.074,NoButton,Move,603,591
14.09,14.09,NoButton,Move,543,618
14.107,14.107,NoButton,Move,493,640
14.124,14.124,NoButton,Move,452,662
14.14,14.14,NoButton,Move,415,681
14.157,14.157,NoButton,Move,394,693
14.174,14.174,NoButton,Move,383,699
14.191,14.191,NoButton,Move,378,704
14.207,14.207,NoButton,Move,376,706
14.224,14.224,NoButton,Move,374,708
14.24,14.24,NoButton,Move,372,709
14.257,14.257,NoButton,Move,371,709
14.274,14.274,NoButton,Move,369,710
14.291,14.291,NoButton,Move,367,710
14.308,14.308,NoButton,Move,365,709
14.324,14.324,NoButton,Move,363,709
14.34,14.34,NoButton,Move,359,708
14.357,14.357,NoButton,Move,354,706
14.373,14.373,NoButton,Move,348,704
14.391,14.391,NoButton,Move,340,701
14.407,14.407,NoButton,Move,331,699
14.424,14.424,NoButton,Move,321,695
14.44,14.44,NoButton,Move,305,691
14.457,14.457,NoButton,Move,296,687
14.474,14.474,NoButton,Move,288,686
14.491,14.491,NoButton,Move,285,685
14.507,14.507,NoButton,Move,284,684
14.619,14.619,Left,Pressed,284,684
14.699,14.699,Left,Released,284,684
14.702,14.702,NoButton,Move,284,684
14.706,14.706,NoButton,Move,283,684
14.71,14.71,NoButton,Move,283,685
14.723,14.723,NoButton,Move,281,685
14.741,14.741,NoButton,Move,277,686
14.757,14.757,NoButton,Move,272,686
14.774,14.774,NoButton,Move,266,687
14.79,14.79,NoButton,Move,259,687
14.808,14.808,NoButton,Move,255,688
14.824,14.824,NoButton,Move,252,688
14.84,14.84,NoButton,Move,250,688
14.857,14.857,NoButton,Move,249,688
14.915,14.915,Left,Pressed,249,688
15.006,15.006,Left,Released,249,688
15.051,15.051,NoButton,Move,249,688
15.058,15.058,NoButton,Move,249,687
15.066,15.066,NoButton,Move,249,687
15.074,15.074,NoButton,Move,249,687
15.09,15.09,NoButton,Move,249,686
15.107,15.107,NoButton,Move,250,685
15.123,15.123,NoButton,Move,253,683
15.14,15.14,NoButton,Move,259,681
15.157,15.157,NoButton,Move,269,678
15.174,15.174,NoButton,Move,281,675
15.19,15.19,NoButton,Move,293,672
15.207,15.207,NoButton,Move,305,669
15.224,15.224,NoButton,Move,320,665
15.24,15.24,NoButton,Move,350,657
15.257,15.257,NoButton,Move,385,644
15.274,15.274,NoButton,Move,428,623
15.29,15.29,NoButton,Move,475,597
15.307,15.307,NoButton,Move,525,564
15.324,15.324,NoButton,Move,563,530
15.34,15.34,NoButton,Move,600,485
15.357,15.357,NoButton,Move,616,453
15.374,15.374,NoButton,Move,624,426
15.391,15.391,NoButton,Move,624,404
15.407,15.407,NoButton,Move,620,384
15.424,15.424,NoButton,Move,615,367
15.44,15.44,NoButton,Move,609,346
15.458,15.458,NoButton,Move,605,333
15.474,15.474,NoButton,Move,603,321
15.491,15.491,NoButton,Move,603,313
15.507,15.507,NoButton,Move,604,304
15.524,15.524,NoButton,Move,607,295
15.54,15.54,NoButton,Move,610,287
15.557,15.557,NoButton,Move,612,281
15.574,15.574,NoButton,Move,615,274
15.59,15.59,NoButton,Move,618,267
15.607,15.607,NoButton,Move,621,259
15.624,15.624,NoButton,Move,625,251
15.64,15.64,NoButton,Move,630,237
15.657,15.657,NoButton,Move,634,225
15.673,15.673,NoButton,Move,639,210
15.69,15.69,NoButton,Move,645,191
15.707,15.707,NoButton,Move,648,176
15.723,15.723,NoButton,Move,653,160
15.741,15.741,NoButton,Move,656,144
15.758,15.758,NoButton,Move,660,128
15.774,15.774,NoButton,Move,662,117
15.79,15.79,NoButton,Move,664,106
15.807,15.807,NoButton,Move,664,100
15.824,15.824,NoButton,Move,663,97
15.841,15.841,NoButton,Move,663,96
15.91,15.91,NoButton,Move,663,96
15.914,15.914,NoButton,Move,663,96
15.924,15.924,NoButton,Move,662,97
15.941,15.941,NoButton,Move,661,98
15.957,15.957,NoButton,Move,660,100
15.974,15.974,NoButton,Move,657,102
15.99,15.99,NoButton,Move,652,110
16.007,16.007,NoButton,Move,647,117
16.024,16.024,NoButton,Move,642,125
16.041,16.041,NoButton,Move,638,132
16.057,16.057,NoButton,Move,634,138
16.074,16.074,NoButton,Move,632,141
16.09,16.09,NoButton,Move,631,144
16.107,16.107,NoButton,Move,631,145
16.127,16.127,Left,Pressed,631,145
16.138,16.138,NoButton,Drag,631,145
16.229,16.229,Left,Released,631,145
16.284,16.284,NoButton,Move,631,145
16.288,16.288,NoButton,Move,631,146
16.292,16.292,NoButton,Move,631,146
16.307,16.307,NoButton,Move,630,148
16.323,16.323,NoButton,Move,626,154
16.34,16.34,NoButton,Move,620,164
16.358,16.358,NoButton,Move,617,172
16.374,16.374,NoButton,Move,614,184
16.391,16.391,NoButton,Move,610,197
16.407,16.407,NoButton,Move,606,211
16.424,16.424,NoButton,Move,603,227
16.44,16.44,NoButton,Move,600,251
16.458,16.458,NoButton,Move,602,273
16.474,16.474,NoButton,Move,608,297
16.49,16.49,NoButton,Move,620,319
16.507,16.507,NoButton,Move,640,342
16.524,16.524,NoButton,Move,669,369
16.54,16.54,NoButton,Move,730,409
16.557,16.557,NoButton,Move,800,447
16.574,16.574,NoButton,Move,879,488
16.59,16.59,NoButton,Move,962,529
16.607,16.607,NoButton,Move,1037,568
16.624,16.624,NoButton,Move,1108,608
16.64,16.64,NoButton,Move,1175,653
16.657,16.657,NoButton,Move,1213,684
16.673,16.673,NoButton,Move,1240,708
16.691,16.691,NoButton,Move,1262,727
16.708,16.708,NoButton,Move,1278,741
16.723,16.723,NoButton,Move,1290,750
16.74,16.74,NoButton,Move,1297,754
16.757,16.757,NoButton,Move,1297,755
16.774,16.774,NoButton,Move,1298,755
16.791,16.791,NoButton,Move,1298,754
16.807,16.807,NoButton,Move,1297,751
16.823,16.823,NoButton,Move,1297,749
16.84,16.84,NoButton,Move,1295,746
16.858,16.858,NoButton,Move,1293,743
16.874,16.874,NoButton,Move,1290,739
16.89,16.89,NoButton,Move,1283,732
16.907,16.907,NoButton,Move,1276,726
16.924,16.924,NoButton,Move,1265,720
16.94,16.94,NoButton,Move,1253,714
16.957,16.957,NoButton,Move,1241,707
16.974,16.974,NoButton,Move,1229,699
16.99,16.99,NoButton,Move,1219,693
17.007,17.007,NoButton,Move,1212,687
17.024,17.024,NoButton,Move,1207,683
17.041,17.041,NoButton,Move,1204,680
17.057,17.057,NoButton,Move,1200,677
17.074,17.074,NoButton,Move,1198,676
17.091,17.091,NoButton,Move,1197,675
17.114,17.114,NoButton,Move,1197,675
17.123,17.123,NoButton,Move,1197,674
17.141,17.141,NoButton,Move,1197,673
17.158,17.158,NoButton,Move,1196,672
17.174,17.174,NoButton,Move,1196,670
17.19,17.19,NoButton,Move,1195,668
17.207,17.207,NoButton,Move,1194,666
17.224,17.224,NoButton,Move,1194,663
17.24,17.24,NoButton,Move,1192,659
17.258,17.258,NoButton,Move,1190,656
17.274,17.274,NoButton,Move,1188,654
17.29,17.29,NoButton,Move,1187,652
17.308,17.308,NoButton,Move,1187,652
17.324,17.324,NoButton,Move,1187,651
17.457,17.457,Left,Pressed,1187,651
17.553,17.553,Left,Released,1187,651
17.608,17.608,NoButton,Move,1186,651
17.612,17.612,NoButton,Move,1186,651
17.624,17.624,NoButton,Move,1186,651
17.64,17.64,NoButton,Move,1184,650
17.657,17.657,NoButton,Move,1181,648
17.674,17.674,NoButton,Move,1178,646
17.691,17.691,NoButton,Move,1174,643
17.707,17.707,NoButton,Move,1168,639
17.723,17.723,NoButton,Move,1164,637
17.74,17.74,NoButton,Move,1164,637
17.801,17.801,Left,Pressed,1164,637
17.881,17.881,Left,Released,1164,637
18.043,18.043,NoButton,Move,1163,637
18.046,18.046,NoButton,Move,1163,637
18.057,18.057,NoButton,Move,1163,637
18.074,18.074,NoButton,Move,1160,637
18.09,18.09,NoButton,Move,1152,636
18.107,18.107,NoButton,Move,1137,636
18.123,18.123,NoButton,Move,1113,633
18.14,18.14,NoButton,Move,1074,623
18.157,18.157,NoButton,Move,1027,608
18.174,18.174,NoButton,Move,963,590
18.19,18.19,NoButton,Move,869,556
18.207,18.207,NoButton,Move,788,521
18.224,18.224,NoButton,Move,707,482
18.24,18.24,NoButton,Move,627,443
18.257,18.257,NoButton,Move,543,401
18.273,18.273,NoButton,Move,462,361
18.29,18.29,NoButton,Move,360,310
18.307,18.307,NoButton,Move,283,272
18.324,18.324,NoButton,Move,216,238
18.34,18.34,NoButton,Move,164,214
18.357,18.357,NoButton,Move,117,195
18.374,18.374,NoButton,Move,82,179
18.39,18.39,NoButton,Move,57,168
18.407,18.407,NoButton,Move,43,164
18.424,18.424,NoButton,Move,34,161
18.44,18.44,NoButton,Move,29,161
18.458,18.458,NoButton,Move,28,161
18.543,18.543,NoButton,Move,28,161
18.546,18.546,NoButton,Move,28,161
18.557,18.557,NoButton,Move,27,161
18.574,18.574,NoButton,Move,26,161
18.591,18.591,NoButton,Move,25,160
18.657,18.657,NoButton,Move,26,160
18.66,18.66,NoButton,Move,26,160
18.674,18.674,NoButton,Move,27,161
18.691,18.691,NoButton,Move,30,163
18.707,18.707,NoButton,Move,37,168
18.724,18.724,NoButton,Move,46,177
18.74,18.74,NoButton,Move,55,190
18.757,18.757,NoButton,Move,62,201
18.774,18.774,NoButton,Move,68,210
18.79,18.79,NoButton,Move,72,219
18.807,18.807,NoButton,Move,76,226
18.824,18.824,NoButton,Move,80,231
18.84,18.84,NoButton,Move,82,234
18.857,18.857,NoButton,Move,83,235
18.874,18.874,NoButton,Move,84,236
18.89,18.89,NoButton,Move,86,236
18.908,18.908,NoButton,Move,89,236
18.924,18.924,NoButton,Move,94,236
18.94,18.94,NoButton,Move,102,236
18.957,18.957,NoButton,Move,109,236
18.974,18.974,NoButton,Move,115,236
18.991,18.991,NoButton,Move,122,236
19.008,19.008,NoButton,Move,128,236
19.024,19.024,NoButton,Move,132,235
19.041,19.041,NoButton,Move,133,235
19.088,19.088,NoButton,Move,134,235
19.096,19.096,NoButton,Move,134,235
19.107,19.107,NoButton,Move,134,235
19.124,19.124,NoButton,Move,136,235
19.141,19.141,NoButton,Move,140,237
19.157,19.157,NoButton,Move,143,238
19.174,19.174,NoButton,Move,144,240
19.19,19.19,NoButton,Move,146,240
19.203,19.203,NoButton,Move,146,241
19.208,19.208,Left,Pressed,146,241
19.208,19.208,NoButton,Drag,147,241
19.21,19.21,NoButton,Drag,147,241
19.214,19.214,NoButton,Drag,147,241
19.254,19.254,NoButton,Drag,147,241
19.318,19.318,Left,Released,147,241
19.503,19.503,NoButton,Move,147,241
19.506,19.506,NoButton,Move,148,241
19.51,19.51,NoButton,Move,148,242
19.524,19.524,NoButton,Move,152,246
19.541,19.541,NoButton,Move,170,259
19.558,19.558,NoButton,Move,210,275
19.574,19.574,NoButton,Move,267,295
19.59,19.59,NoButton,Move,357,323
19.607,19.607,NoButton,Move,432,338
19.624,19.624,NoButton,Move,505,348
19.641,19.641,NoButton,Move,572,353
19.657,19.657,NoButton,Move,628,353
19.674,19.674,NoButton,Move,673,348
19.69,19.69,NoButton,Move,705,341
19.707,19.707,NoButton,Move,715,336
19.724,19.724,NoButton,Move,717,334
19.74,19.74,NoButton,Move,718,333
19.757,19.757,NoButton,Move,718,332
19.774,19.774,NoButton,Move,718,330
19.791,19.791,NoButton,Move,719,328
19.807,19.807,NoButton,Move,720,325
19.824,19.824,NoButton,Move,722,322
19.84,19.84,NoButton,Move,728,314
19.857,19.857,NoButton,Move,736,308
19.873,19.873,NoButton,Move,745,301
19.891,19.891,NoButton,Move,753,295
19.908,19.908,NoButton,Move,759,289
19.924,19.924,NoButton,Move,763,283
19.94,19.94,NoButton,Move,767,278
19.956,19.956,NoButton,Move,768,275
19.973,19.973,NoButton,Move,769,274
20.033,20.033,Left,Pressed,769,274
20.036,20.036,NoButton,Drag,769,274
20.148,20.148,Left,Released,769,274
20.285,20.285,NoButton,Move,769,274
20.29,20.29,NoButton,Move,769,274
20.294,20.294,NoButton,Move,770,274
20.308,20.308,NoButton,Move,771,274
20.323,20.323,NoButton,Move,773,273
20.34,20.34,NoButton,Move,775,272
20.357,20.357,NoButton,Move,780,271
20.374,20.374,NoButton,Move,792,271
20.39,20.39,NoButton,Move,815,273
20.407,20.407,NoButton,Move,842,279
20.424,20.424,NoButton,Move,878,288
20.441,20.441,NoButton,Move,917,299
20.458,20.458,NoButton,Move,957,310
20.474,20.474,NoButton,Move,991,320
20.49,20.49,NoButton,Move,1025,333
20.507,20.507,NoButton,Move,1046,345
20.524,20.524,NoButton,Move,1063,356
20.54,20.54,NoButton,Move,1078,367
20.557,20.557,NoButton,Move,1094,379
20.574,20.574,NoButton,Move,1110,391
20.59,20.59,NoButton,Move,1131,407
20.607,20.607,NoButton,Move,1148,419
20.623,20.623,NoButton,Move,1165,430
20.64,20.64,NoButton,Move,1182,441
20.658,20.658,NoButton,Move,1198,449
20.674,20.674,NoButton,Move,1208,454
20.69,20.69,NoButton,Move,1212,454
20.718,20.718,NoButton,Move,1212,454
20.726,20.726,NoButton,Move,1212,454
20.741,20.741,NoButton,Move,1211,452
20.757,20.757,NoButton,Move,1211,451
20.774,20.774,NoButton,Move,1211,449
20.79,20.79,NoButton,Move,1210,446
20.807,20.807,NoButton,Move,1210,445
20.824,20.824,NoButton,Move,1210,443
20.841,20.841,NoButton,Move,1209,442
20.857,20.857,NoButton,Move,1209,441
20.874,20.874,NoButton,Move,1207,440
20.891,20.891,NoButton,Move,1205,439
20.907,20.907,NoButton,Move,1203,438
20.923,20.923,NoButton,Move,1201,438
20.94,20.94,NoButton,Move,1199,436
20.957,20.957,NoButton,Move,1198,436
20.974,20.974,NoButton,Move,1198,435
20.99,20.99,NoButton,Move,1197,434
21.007,21.007,NoButton,Move,1194,433
21.024,21.024,NoButton,Move,1193,432
21.04,21.04,NoButton,Move,1190,430
21.057,21.057,NoButton,Move,1186,428
21.074,21.074,NoButton,Move,1181,424
21.091,21.091,NoButton,Move,1178,422
21.107,21.107,NoButton,Move,1176,421
21.124,21.124,NoButton,Move,1175,420
21.14,21.14,NoButton,Move,1175,420
21.217,21.217,Left,Pressed,1175,420
21.325,21.325,Left,Released,1175,420
21.368,21.368,NoButton,Move,1175,420
21.376,21.376,NoButton,Move,1174,420
21.391,21.391,NoButton,Move,1174,420
21.407,21.407,NoButton,Move,1173,420
21.424,21.424,NoButton,Move,1171,419
21.441,21.441,NoButton,Move,1171,419
21.457,21.457,NoButton,Move,1170,419
21.474,21.474,NoButton,Move,1169,419
21.49,21.49,NoButton,Move,1167,418
21.507,21.507,NoButton,Move,1166,418
21.524,21.524,NoButton,Move,1165,418
21.583,21.583,Left,Pressed,1165,418
21.594,21.594,NoButton,Drag,1165,418
21.687,21.687,Left,Released,1165,418
21.783,21.783,NoButton,Move,1165,418
21.786,21.786,NoButton,Move,1164,418
21.79,21.79,NoButton,Move,1164,419
21.807,21.807,NoButton,Move,1160,420
21.824,21.824,NoButton,Move,1154,423
21.841,21.841,NoButton,Move,1148,425
21.857,21.857,NoButton,Move,1140,429
21.874,21.874,NoButton,Move,1133,432
21.89,21.89,NoButton,Move,1123,437
21.908,21.908,NoButton,Move,1110,445
21.924,21.924,NoButton,Move,1091,455
21.941,21.941,NoButton,Move,1065,469
21.957,21.957,NoButton,Move,1026,487
21.973,21.973,NoButton,Move,969,511
21.99,21.99,NoButton,Move,884,543
22.008,22.008,NoButton,Move,823,566
22.024,22.024,NoButton,Move,777,584
22.04,22.04,NoButton,Move,745,601
22.057,22.057,NoButton,Move,730,613
22.074,22.074,NoButton,Move,721,622
22.091,22.091,NoButton,Move,717,628
22.107,22.107,NoButton,Move,715,632
22.124,22.124,NoButton,Move,715,636
22.14,22.14,NoButton,Move,713,640
22.157,22.157,NoButton,Move,712,643
22.173,22.173,NoButton,Move,709,646
22.19,22.19,NoButton,Move,703,651
22.206,22.206,NoButton,Move,692,656
22.223,22.223,NoButton,Move,676,661
22.24,22.24,NoButton,Move,654,667
22.257,22.257,NoButton,Move,637,671
22.274,22.274,NoButton,Move,620,675
22.291,22.291,NoButton,Move,605,679
22.307,22.307,NoButton,Move,591,684
22.324,22.324,NoButton,Move,580,689
22.34,22.34,NoButton,Move,568,694
22.357,22.357,NoButton,Move,560,697
22.374,22.374,NoButton,Move,555,700
22.39,22.39,NoButton,Move,552,702
22.408,22.408,NoButton,Move,550,703
22.423,22.423,NoButton,Move,549,704
22.44,22.44,NoButton,Move,549,706
22.457,22.457,NoButton,Move,548,709
22.474,22.474,NoButton,Move,547,711
22.491,22.491,NoButton,Move,545,714
22.506,22.506,NoButton,Move,542,717
22.523,22.523,NoButton,Move,540,719
22.54,22.54,NoButton,Move,538,722
22.557,22.557,NoButton,Move,536,724
22.574,22.574,NoButton,Move,534,726
22.59,22.59,NoButton,Move,530,729
22.606,22.606,NoButton,Move,526,732
22.624,22.624,NoButton,Move,522,734
22.64,22.64,NoButton,Move,517,736
22.657,22.657,NoButton,Move,512,737
22.674,22.674,NoButton,Move,509,738
22.69,22.69,NoButton,Move,507,738
22.727,22.727,NoButton,Move,507,738
22.751,22.751,Left,Pressed,507,738
22.866,22.866,NoButton,Drag,507,738
22.875,22.875,Left,Released,507,738
22.882,22.882,NoButton,Move,507,738
22.89,22.89,NoButton,Move,507,738
22.907,22.907,NoButton,Move,507,736
22.923,22.923,NoButton,Move,507,734
22.94,22.94,NoButton,Move,508,732
22.958,22.958,NoButton,Move,510,729
22.973,22.973,NoButton,Move,511,728
22.99,22.99,NoButton,Move,512,726
23.007,23.007,NoButton,Move,513,724
23.023,23.023,NoButton,Move,514,722
23.041,23.041,NoButton,Move,516,719
23.057,23.057,NoButton,Move,519,715
23.073,23.073,NoButton,Move,525,710
23.09,23.09,NoButton,Move,537,701
23.107,23.107,NoButton,Move,552,692
23.123,23.123,NoButton,Move,576,682
23.141,23.141,NoButton,Move,610,670
23.157,23.157,NoButton,Move,659,652
23.173,23.173,NoButton,Move,733,623
23.191,23.191,NoButton,Move,807,587
23.207,23.207,NoButton,Move,884,551
23.224,23.224,NoButton,Move,981,503
23.24,23.24,NoButton,Move,1058,468
23.257,23.257,NoButton,Move,1118,445
23.273,23.273,NoButton,Move,1163,429
23.291,23.291,NoButton,Move,1193,418
23.307,23.307,NoButton,Move,1214,408
23.324,23.324,NoButton,Move,1232,400
23.34,23.34,NoButton,Move,1250,391
23.357,23.357,NoButton,Move,1259,386
23.374,23.374,NoButton,Move,1268,381
23.39,23.39,NoButton,Move,1276,376
23.408,23.408,NoButton,Move,1282,372
23.423,23.423,NoButton,Move,1287,368
23.44,23.44,NoButton,Move,1291,363
23.457,23.457,NoButton,Move,1293,360
23.473,23.473,NoButton,Move,1294,357
23.491,23.491,NoButton,Move,1294,354
23.507,23.507,NoButton,Move,1292,351
23.524,23.524,NoButton,Move,1288,349
23.54,23.54,NoButton,Move,1279,345
23.557,23.557,NoButton,Move,1271,345
23.574,23.574,NoButton,Move,1262,345
23.591,23.591,NoButton,Move,1254,345
23.607,23.607,NoButton,Move,1247,346
23.624,23.624,NoButton,Move,1241,347
23.64,23.64,NoButton,Move,1237,348
23.657,23.657,NoButton,Move,1237,348
23.738,23.738,NoButton,Move,1237,348
23.746,23.746,NoButton,Move,1236,348
23.757,23.757,NoButton,Move,1236,348
23.774,23.774,NoButton,Move,1236,348
23.802,23.802,NoButton,Move,1235,348
23.807,23.807,NoButton,Move,1235,348
23.824,23.824,NoButton,Move,1234,348
23.841,23.841,NoButton,Move,1232,349
23.857,23.857,NoButton,Move,1229,349
23.874,23.874,NoButton,Move,1225,349
23.89,23.89,NoButton,Move,1221,349
23.907,23.907,NoButton,Move,1219,349
23.923,23.923,NoButton,Move,1219,349
23.94,23.94,NoButton,Move,1219,349
23.957,23.957,NoButton,Move,1218,348
23.974,23.974,NoButton,Move,1217,348
23.99,23.99,NoButton,Move,1216,347
24.007,24.007,NoButton,Move,1216,347
24.051,24.051,Left,Pressed,1216,347
24.159,24.159,Left,Released,1216,347
24.207,24.207,NoButton,Move,1215,347
24.214,24.214,NoButton,Move,1215,347
24.224,24.224,NoButton,Move,1214,347
24.241,24.241,NoButton,Move,1211,347
24.258,24.258,NoButton,Move,1206,349
24.274,24.274,NoButton,Move,1197,351
24.29,24.29,NoButton,Move,1182,357
24.307,24.307,NoButton,Move,1165,364
24.324,24.324,NoButton,Move,1148,370
24.34,24.34,NoButton,Move,1129,376
24.357,24.357,NoButton,Move,1118,377
24.374,24.374,NoButton,Move,1110,377
24.39,24.39,NoButton,Move,1098,377
24.407,24.407,NoButton,Move,1079,377
24.423,24.423,NoButton,Move,1054,377
24.44,24.44,NoButton,Move,1022,381
24.457,24.457,NoButton,Move,993,387
24.474,24.474,NoButton,Move,952,398
24.491,24.491,NoButton,Move,901,416
24.507,24.507,NoButton,Move,841,441
24.524,24.524,NoButton,Move,773,470
24.54,24.54,NoButton,Move,710,500
24.557,24.557,NoButton,Move,678,520
24.573,24.573,NoButton,Move,652,539
24.59,24.59,NoButton,Move,625,561
24.607,24.607,NoButton,Move,600,582
24.623,24.623,NoButton,Move,579,600
24.64,24.64,NoButton,Move,553,620
24.657,24.657,NoButton,Move,528,634
24.674,24.674,NoButton,Move,504,642
24.69,24.69,NoButton,Move,480,648
24.707,24.707,NoButton,Move,448,652
24.724,24.724,NoButton,Move,412,653
24.74,24.74,NoButton,Move,365,648
24.757,24.757,NoButton,Move,328,640
24.773,24.773,NoButton,Move,299,634
24.791,24.791,NoButton,Move,282,629
24.807,24.807,NoButton,Move,272,624
24.823,24.823,NoButton,Move,268,622
24.84,24.84,NoButton,Move,267,621
24.858,24.858,NoButton,Move,267,621
24.874,24.874,NoButton,Move,266,619
24.89,24.89,NoButton,Move,265,616
24.907,24.907,NoButton,Move,264,612
24.923,24.923,NoButton,Move,261,606
24.94,24.94,NoButton,Move,256,600
24.958,24.958,NoButton,Move,250,596
24.974,24.974,NoButton,Move,244,593
24.99,24.99,NoButton,Move,239,591
25.007,25.007,NoButton,Move,238,592
25.023,25.023,NoButton,Move,236,593
25.041,25.041,NoButton,Move,232,596
25.058,25.058,NoButton,Move,226,600
25.073,25.073,NoButton,Move,221,605
25.09,25.09,NoButton,Move,217,610
25.106,25.106,NoButton,Move,213,614
25.124,25.124,NoButton,Move,212,617
25.14,25.14,NoButton,Move,212,620
25.157,25.157,NoButton,Move,212,622
25.173,25.173,NoButton,Move,213,624
25.19,25.19,NoButton,Move,215,625
25.206,25.206,NoButton,Move,216,627
25.223,25.223,NoButton,Move,217,629
25.24,25.24,NoButton,Move,217,632
25.257,25.257,NoButton,Move,217,635
25.274,25.274,NoButton,Move,217,637
25.291,25.291,NoButton,Move,217,637
25.375,25.375,Left,Pressed,217,637
25.386,25.386,NoButton,Drag,217,637
25.398,25.398,NoButton,Drag,217,637
25.493,25.493,Left,Released,217,637
25.528,25.528,NoButton,Move,217,637
25.536,25.536,NoButton,Move,217,637
25.54,25.54,NoButton,Move,217,636
25.557,25.557,NoButton,Move,218,635
25.574,25.574,NoButton,Move,220,634
25.591,25.591,NoButton,Move,222,632
25.607,25.607,NoButton,Move,225,630
25.623,25.623,NoButton,Move,229,626
25.64,25.64,NoButton,Move,237,620
25.657,25.657,NoButton,Move,246,612
25.673,25.673,NoButton,Move,260,599
25.69,25.69,NoButton,Move,276,584
25.707,25.707,NoButton,Move,295,568
25.724,25.724,NoButton,Move,317,551
25.74,25.74,NoButton,Move,349,529
25.757,25.757,NoButton,Move,376,511
25.773,25.773,NoButton,Move,405,496
25.791,25.791,NoButton,Move,436,481
25.808,25.808,NoButton,Move,468,468
25.823,25.823,NoButton,Move,501,458
25.84,25.84,NoButton,Move,547,447
25.857,25.857,NoButton,Move,584,446
25.874,25.874,NoButton,Move,622,450
25.89,25.89,NoButton,Move,661,458
25.907,25.907,NoButton,Move,698,467
25.924,25.924,NoButton,Move,732,474
25.94,25.94,NoButton,Move,767,478
25.957,25.957,NoButton,Move,789,478
25.973,25.973,NoButton,Move,806,477
25.991,25.991,NoButton,Move,816,475
26.008,26.008,NoButton,Move,822,473
26.024,26.024,NoButton,Move,823,472
26.04,26.04,NoButton,Move,825,469
26.057,26.057,NoButton,Move,827,467
26.073,26.073,NoButton,Move,829,462
26.09,26.09,NoButton,Move,834,456
26.107,26.107,NoButton,Move,838,450
26.124,26.124,NoButton,Move,844,443
26.141,26.141,NoButton,Move,855,432
26.157,26.157,NoButton,Move,870,418
26.173,26.173,NoButton,Move,889,405
26.19,26.19,NoButton,Move,907,393
26.207,26.207,NoButton,Move,918,387
26.224,26.224,NoButton,Move,923,386
26.24,26.24,NoButton,Move,924,386
26.342,26.342,NoButton,Move,924,386
26.357,26.357,NoButton,Move,925,386
26.373,26.373,NoButton,Move,924,387
26.39,26.39,NoButton,Move,923,387
26.407,26.407,NoButton,Move,923,387
26.424,26.424,NoButton,Move,923,387
26.495,26.495,Left,Pressed,923,387
26.593,26.593,Left,Released,923,387
26.648,26.648,NoButton,Move,923,387
26.652,26.652,NoButton,Move,922,387
26.657,26.657,NoButton,Move,922,387
26.674,26.674,NoButton,Move,920,387
26.691,26.691,NoButton,Move,916,388
26.708,26.708,NoButton,Move,913,389
26.723,26.723,NoButton,Move,909,390
26.74,26.74,NoButton,Move,898,392
26.757,26.757,NoButton,Move,886,395
26.774,26.774,NoButton,Move,869,399
26.79,26.79,NoButton,Move,853,403
26.807,26.807,NoButton,Move,841,406
26.824,26.824,NoButton,Move,830,410
26.841,26.841,NoButton,Move,812,423
26.857,26.857,NoButton,Move,796,438
26.874,26.874,NoButton,Move,778,458
26.89,26.89,NoButton,Move,762,478
26.908,26.908,NoButton,Move,750,499
26.923,26.923,NoButton,Move,743,519
26.94,26.94,NoButton,Move,739,545
26.957,26.957,NoButton,Move,742,560
26.974,26.974,NoButton,Move,749,573
26.991,26.991,NoButton,Move,756,586
27.007,27.007,NoButton,Move,761,598
27.023,27.023,NoButton,Move,764,609
27.04,27.04,NoButton,Move,767,621
27.057,27.057,NoButton,Move,768,630
27.073,27.073,NoButton,Move,768,637
27.091,27.091,NoButton,Move,768,642
27.107,27.107,NoButton,Move,768,646
27.124,27.124,NoButton,Move,768,648
27.14,27.14,NoButton,Move,767,651
27.157,27.157,NoButton,Move,765,654
27.173,27.173,NoButton,Move,761,659
27.19,27.19,NoButton,Move,755,667
27.208,27.208,NoButton,Move,749,675
27.224,27.224,NoButton,Move,743,684
27.241,27.241,NoButton,Move,736,694
27.257,27.257,NoButton,Move,731,706
27.274,27.274,NoButton,Move,727,720
27.29,27.29,NoButton,Move,725,732
27.306,27.306,NoButton,Move,727,746
27.324,27.324,NoButton,Move,731,756
27.341,27.341,NoButton,Move,736,765
27.357,27.357,NoButton,Move,741,771
27.374,27.374,NoButton,Move,743,774
27.39,27.39,NoButton,Move,743,774
27.43,27.43,NoButton,Move,743,774
27.462,27.462,NoButton,Move,743,774
27.474,27.474,NoButton,Move,743,773
27.49,27.49,NoButton,Move,743,773
27.507,27.507,NoButton,Move,743,772
27.523,27.523,NoButton,Move,744,771
27.541,27.541,NoButton,Move,745,770
27.557,27.557,NoButton,Move,746,768
27.574,27.574,NoButton,Move,748,766
27.59,27.59,NoButton,Move,752,764
27.607,27.607,NoButton,Move,755,763
27.624,27.624,NoButton,Move,760,762
27.64,27.64,NoButton,Move,765,762
27.657,27.657,NoButton,Move,770,762
27.673,27.673,NoButton,Move,774,763
27.69,27.69,NoButton,Move,776,764
27.741,27.741,Left,Pressed,776,764
27.75,27.75,NoButton,Drag,776,764
27.864,27.864,NoButton,Drag,777,764
27.885,27.885,Left,Released,777,764
27.885,27.885,NoButton,Move,777,763
27.892,27.892,NoButton,Move,777,763
27.908,27.908,NoButton,Move,777,762
27.923,27.923,NoButton,Move,777,760
27.941,27.941,NoButton,Move,777,758
27.957,27.957,NoButton,Move,776,757
27.974,27.974,NoButton,Move,776,757
27.991,27.991,NoButton,Move,775,756
28.007,28.007,NoButton,Move,775,756
28.024,28.024,NoButton,Move,775,755
28.041,28.041,NoButton,Move,775,755
28.064,28.064,NoButton,Move,775,755
28.073,28.073,NoButton,Move,775,754
28.091,28.091,NoButton,Move,774,754
28.108,28.108,NoButton,Move,774,752
28.123,28.123,NoButton,Move,774,750
28.14,28.14,NoButton,Move,771,742
28.157,28.157,NoButton,Move,763,731
28.174,28.174,NoButton,Move,747,712
28.19,28.19,NoButton,Move,720,685
28.207,28.207,NoButton,Move,688,652
28.223,28.223,NoButton,Move,647,621
28.241,28.241,NoButton,Move,592,586
28.257,28.257,NoButton,Move,552,567
28.274,28.274,NoButton,Move,520,554
28.291,28.291,NoButton,Move,496,547
28.307,28.307,NoButton,Move,478,542
28.324,28.324,NoButton,Move,465,538
28.34,28.34,NoButton,Move,456,532
28.358,28.358,NoButton,Move,454,531
28.373,28.373,NoButton,Move,451,529
28.39,28.39,NoButton,Move,445,524
28.407,28.407,NoButton,Move,437,516
28.424,28.424,NoButton,Move,428,507
28.441,28.441,NoButton,Move,416,497
28.457,28.457,NoButton,Move,402,485
28.473,28.473,NoButton,Move,387,473
28.49,28.49,NoButton,Move,371,462
28.507,28.507,NoButton,Move,357,455
28.524,28.524,NoButton,Move,349,451
28.54,28.54,NoButton,Move,339,448
28.557,28.557,NoButton,Move,327,448
28.573,28.573,NoButton,Move,312,447
28.59,28.59,NoButton,Move,288,446
28.607,28.607,NoButton,Move,266,443
28.623,28.623,NoButton,Move,241,437
28.641,28.641,NoButton,Move,214,431
28.657,28.657,NoButton,Move,192,426
28.674,28.674,NoButton,Move,179,422
28.69,28.69,NoButton,Move,174,419
28.839,28.839,NoButton,Move,174,419
28.842,28.842,NoButton,Move,174,419
28.857,28.857,NoButton,Move,175,419
28.874,28.874,NoButton,Move,178,420
28.89,28.89,NoButton,Move,183,421
28.907,28.907,NoButton,Move,187,421
28.924,28.924,NoButton,Move,190,422
28.94,28.94,NoButton,Move,192,422
28.964,28.964,NoButton,Move,192,423
28.974,28.974,NoButton,Move,192,423
28.99,28.99,NoButton,Move,193,423
29.007,29.007,NoButton,Move,194,424
29.023,29.023,NoButton,Move,195,424
29.04,29.04,NoButton,Move,196,425
29.057,29.057,Left,Pressed,196,425
29.064,29.064,NoButton,Drag,196,425
29.084,29.084,NoButton,Drag,196,425
29.136,29.136,Left,Released,196,425
29.176,29.176,NoButton,Move,197,425
29.184,29.184,NoButton,Move,197,425
29.2,29.2,NoButton,Move,197,425
29.272,29.272,NoButton,Move,197,425
29.276,29.276,NoButton,Move,198,425
29.291,29.291,NoButton,Move,199,426
29.307,29.307,NoButton,Move,206,430
29.324,29.324,NoButton,Move,218,434
29.34,29.34,NoButton,Move,242,442
29.357,29.357,NoButton,Move,269,454
29.373,29.373,NoButton,Move,311,469
29.39,29.39,NoButton,Move,360,488
29.408,29.408,NoButton,Move,423,510
29.423,29.423,NoButton,Move,495,533
29.44,29.44,NoButton,Move,589,559
29.457,29.457,NoButton,Move,666,574
29.473,29.473,NoButton,Move,741,582
29.49,29.49,NoButton,Move,814,589
29.507,29.507,NoButton,Move,887,598
29.524,29.524,NoButton,Move,928,603
29.54,29.54,NoButton,Move,954,608
29.557,29.557,NoButton,Move,971,612
29.574,29.574,NoButton,Move,984,615
29.59,29.59,NoButton,Move,999,617
29.607,29.607,NoButton,Move,1014,617
29.624,29.624,NoButton,Move,1031,617
29.64,29.64,NoButton,Move,1048,618
29.657,29.657,NoButton,Move,1060,619
29.674,29.674,NoButton,Move,1066,619
29.69,29.69,NoButton,Move,1067,619
29.718,29.718,NoButton,Move,1067,619
29.726,29.726,NoButton,Move,1067,619
29.74,29.74,NoButton,Move,1067,618
29.757,29.757,NoButton,Move,1067,615
29.774,29.774,NoButton,Move,1070,609
29.79,29.79,NoButton,Move,1075,598
29.807,29.807,NoButton,Move,1082,587
29.823,29.823,NoButton,Move,1089,577
29.84,29.84,NoButton,Move,1100,564
29.858,29.858,NoButton,Move,1110,552
29.874,29.874,NoButton,Move,1120,543
29.89,29.89,NoButton,Move,1126,536
29.907,29.907,NoButton,Move,1128,534
29.966,29.966,NoButton,Move,1128,534
29.97,29.97,NoButton,Move,1128,534
29.974,29.974,NoButton,Move,1128,533
29.99,29.99,NoButton,Move,1129,532
30.007,30.007,NoButton,Move,1130,531
30.024,30.024,NoButton,Move,1132,529
30.04,30.04,NoButton,Move,1135,526
30.057,30.057,NoButton,Move,1137,523
30.073,30.073,NoButton,Move,1139,521
30.091,30.091,NoButton,Move,1141,519
30.107,30.107,NoButton,Move,1144,517
30.123,30.123,NoButton,Move,1145,515
30.14,30.14,NoButton,Move,1146,515
30.157,30.157,NoButton,Move,1146,515
30.184,30.184,NoButton,Move,1146,514
30.193,30.193,Left,Pressed,1146,514
30.2,30.2,NoButton,Drag,1146,514
30.22,30.22,NoButton,Drag,1147,514
30.232,30.232,NoButton,Drag,1147,514
30.297,30.297,NoButton,Drag,1147,514
30.301,30.301,Left,Released,1147,514
30.301,30.301,NoButton,Move,1147,514
30.307,30.307,NoButton,Move,1148,514
30.324,30.324,NoButton,Move,1149,513
30.34,30.34,NoButton,Move,1152,512
30.357,30.357,NoButton,Move,1155,511
30.374,30.374,NoButton,Move,1159,509
30.39,30.39,NoButton,Move,1161,508
30.407,30.407,NoButton,Move,1162,507
30.423,30.423,NoButton,Move,1163,506
30.44,30.44,NoButton,Move,1164,505
30.457,30.457,NoButton,Move,1164,504
30.474,30.474,NoButton,Move,1165,503
30.491,30.491,NoButton,Move,1166,502
30.507,30.507,NoButton,Move,1169,500
30.524,30.524,NoButton,Move,1173,498
30.54,30.54,NoButton,Move,1180,496
30.556,30.556,NoButton,Move,1185,495
30.569,30.569,NoButton,Move,1186,495
30.573,30.573,Left,Pressed,1186,495
30.574,30.574,NoButton,Drag,1187,495
30.622,30.622,Left,Released,1187,495
30.654,30.654,NoButton,Move,1187,495
30.694,30.694,NoButton,Move,1187,495
30.698,30.698,NoButton,Move,1187,495
30.707,30.707,NoButton,Move,1186,495
30.724,30.724,NoButton,Move,1184,495
30.741,30.741,NoButton,Move,1183,495
30.756,30.756,NoButton,Move,1181,495
30.773,30.773,NoButton,Move,1177,497
30.79,30.79,NoButton,Move,1169,499
30.807,30.807,NoButton,Move,1148,504
30.823,30.823,NoButton,Move,1119,507
30.84,30.84,NoButton,Move,1077,510
30.858,30.858,NoButton,Move,1021,511
30.873,30.873,NoButton,Move,960,508
30.89,30.89,NoButton,Move,875,497
30.907,30.907,NoButton,Move,804,485
30.923,30.923,NoButton,Move,749,471
30.941,30.941,NoButton,Move,701,458
30.958,30.958,NoButton,Move,664,449
30.974,30.974,NoButton,Move,640,443
30.99,30.99,NoButton,Move,626,439
31.007,31.007,NoButton,Move,625,438
31.03,31.03,NoButton,Move,625,437
31.04,31.04,NoButton,Move,624,436
31.057,31.057,NoButton,Move,624,435
31.073,31.073,NoButton,Move,624,433
31.09,31.09,NoButton,Move,624,429
31.107,31.107,NoButton,Move,624,424
31.123,31.123,NoButton,Move,624,422
31.14,31.14,NoButton,Move,622,419
31.156,31.156,NoButton,Move,619,415
31.174,31.174,NoButton,Move,614,410
31.19,31.19,NoButton,Move,606,404
31.207,31.207,NoButton,Move,591,396
31.224,31.224,NoButton,Move,575,391
31.24,31.24,NoButton,Move,558,388
31.257,31.257,NoButton,Move,540,384
31.273,31.273,NoButton,Move,528,382
31.291,31.291,NoButton,Move,517,380
31.307,31.307,NoButton,Move,508,378
31.323,31.323,NoButton,Move,500,378
31.34,31.34,NoButton,Move,496,378
31.357,31.357,NoButton,Move,494,377
31.374,31.374,NoButton,Move,493,377
31.39,31.39,NoButton,Move,493,377
31.407,31.407,NoButton,Move,493,377
31.556,31.556,NoButton,Move,492,377
31.56,31.56,NoButton,Move,492,378
31.573,31.573,NoButton,Move,490,379
31.591,31.591,NoButton,Move,485,380
31.608,31.608,NoButton,Move,479,382
31.624,31.624,NoButton,Move,472,383
31.64,31.64,NoButton,Move,464,386
31.657,31.657,NoButton,Move,459,386
31.674,31.674,NoButton,Move,456,386
31.69,31.69,NoButton,Move,455,386
31.775,31.775,Left,Pressed,455,386
31.862,31.862,Left,Released,455,386
31.874,31.874,NoButton,Move,455,386
32.006,32.006,NoButton,Move,455,386
32.01,32.01,NoButton,Move,455,387
32.024,32.024,NoButton,Move,453,388
32.04,32.04,NoButton,Move,451,392
32.056,32.056,NoButton,Move,448,398
32.074,32.074,NoButton,Move,445,406
32.09,32.09,NoButton,Move,443,412
32.107,32.107,NoButton,Move,445,420
32.124,32.124,NoButton,Move,455,427
32.141,32.141,NoButton,Move,475,432
32.157,32.157,NoButton,Move,512,432
32.174,32.174,NoButton,Move,558,429
32.19,32.19,NoButton,Move,626,418
32.207,32.207,NoButton,Move,677,405
32.223,32.223,NoButton,Move,728,388
32.24,32.24,NoButton,Move,770,370
32.257,32.257,NoButton,Move,798,355
32.274,32.274,NoButton,Move,816,342
32.29,32.29,NoButton,Move,826,332
32.306,32.306,NoButton,Move,829,328
32.324,32.324,NoButton,Move,831,324
32.34,32.34,NoButton,Move,832,321
32.357,32.357,NoButton,Move,834,318
32.373,32.373,NoButton,Move,838,312
32.39,32.39,NoButton,Move,842,307
32.407,32.407,NoButton,Move,848,301
32.423,32.423,NoButton,Move,857,292
32.44,32.44,NoButton,Move,871,278
32.457,32.457,NoButton,Move,885,265
32.474,32.474,NoButton,Move,898,251
32.49,32.49,NoButton,Move,910,237
32.507,32.507,NoButton,Move,919,224
32.523,32.523,NoButton,Move,926,213
32.54,32.54,NoButton,Move,931,203
32.557,32.557,NoButton,Move,934,195
32.574,32.574,NoButton,Move,935,192
32.59,32.59,NoButton,Move,935,192
32.757,32.757,NoButton,Move,935,192
32.765,32.765,Left,Pressed,935,192
32.766,32.766,NoButton,Drag,935,192
32.768,32.768,NoButton,Drag,935,192
32.776,32.776,NoButton,Drag,936,192
32.872,32.872,Left,Released,936,192
32.884,32.884,NoButton,Move,936,192
32.9,32.9,NoButton,Move,936,192
32.906,32.906,NoButton,Move,936,193
32.924,32.924,NoButton,Move,936,194
32.94,32.94,NoButton,Move,936,197
32.957,32.957,NoButton,Move,936,199
32.974,32.974,NoButton,Move,935,202
32.99,32.99,NoButton,Move,934,208
33.007,33.007,NoButton,Move,931,219
33.024,33.024,NoButton,Move,930,231
33.041,33.041,NoButton,Move,927,248
33.057,33.057,NoButton,Move,927,266
33.073,33.073,NoButton,Move,927,287
33.09,33.09,NoButton,Move,918,318
33.107,33.107,NoButton,Move,900,344
33.124,33.124,NoButton,Move,872,375
33.141,33.141,NoButton,Move,833,403
33.157,33.157,NoButton,Move,776,434
33.173,33.173,NoButton,Move,706,462
33.19,33.19,NoButton,Move,630,484
33.207,33.207,NoButton,Move,533,501
33.223,33.223,NoButton,Move,463,514
33.24,33.24,NoButton,Move,416,520
33.257,33.257,NoButton,Move,386,524
33.274,33.274,NoButton,Move,370,525
33.29,33.29,NoButton,Move,363,525
33.33,33.33,NoButton,Move,363,526
33.334,33.334,NoButton,Move,363,526
33.34,33.34,NoButton,Move,362,526
33.357,33.357,NoButton,Move,361,527
33.373,33.373,NoButton,Move,358,529
33.39,33.39,NoButton,Move,351,532
33.406,33.406,NoButton,Move,341,535
33.424,33.424,NoButton,Move,328,538
33.44,33.44,NoButton,Move,317,542
33.457,33.457,NoButton,Move,310,544
33.474,33.474,NoButton,Move,307,546
33.49,33.49,NoButton,Move,305,548
33.506,33.506,NoButton,Move,304,552
33.524,33.524,NoButton,Move,303,557
33.54,33.54,NoButton,Move,303,562
33.557,33.557,NoButton,Move,303,570
33.574,33.574,NoButton,Move,302,575
33.59,33.59,NoButton,Move,302,579
33.607,33.607,NoButton,Move,302,582
33.623,33.623,NoButton,Move,302,583
33.641,33.641,NoButton,Move,302,584
33.697,33.697,NoButton,Move,302,584
33.704,33.704,NoButton,Move,302,584
33.708,33.708,NoButton,Move,303,584
33.724,33.724,NoButton,Move,304,584
33.74,33.74,NoButton,Move,306,585
33.757,33.757,NoButton,Move,310,587
33.774,33.774,NoButton,Move,312,587
33.789,33.789,NoButton,Move,313,588
33.79,33.79,Left,Pressed,313,588
33.824,33.824,NoButton,Drag,313,588
33.892,33.892,Left,Released,313,588
33.949,33.949,NoButton,Move,313,588
33.952,33.952,NoButton,Move,313,588
33.957,33.957,NoButton,Move,313,588
33.973,33.973,NoButton,Move,314,589
33.991,33.991,NoButton,Move,316,589
34.007,34.007,NoButton,Move,318,590
34.023,34.023,NoButton,Move,320,590
34.04,34.04,NoButton,Move,321,591
34.057,34.057,NoButton,Move,323,592
34.074,34.074,NoButton,Move,324,592
34.09,34.09,NoButton,Move,324,592
34.095,34.095,Left,Pressed,324,592
34.138,34.138,NoButton,Drag,325,592
34.142,34.142,NoButton,Drag,325,593
34.15,34.15,NoButton,Drag,325,593
34.154,34.154,NoButton,Drag,325,593
34.158,34.158,NoButton,Drag,325,593
34.162,34.162,Left,Released,325,593
34.163,34.163,NoButton,Move,325,593
34.174,34.174,NoButton,Move,326,594
34.191,34.191,NoButton,Move,327,594
34.207,34.207,NoButton,Move,330,594
34.224,34.224,NoButton,Move,332,594
34.24,34.24,NoButton,Move,335,594
34.258,34.258,NoButton,Move,336,594
34.273,34.273,NoButton,Move,338,594
34.29,34.29,NoButton,Move,340,594
34.307,34.307,NoButton,Move,341,593
34.323,34.323,NoButton,Move,342,592
34.34,34.34,NoButton,Move,344,591
34.357,34.357,NoButton,Move,349,588
34.374,34.374,NoButton,Move,355,585
34.39,34.39,NoButton,Move,363,580
34.407,34.407,NoButton,Move,375,574
34.423,34.423,NoButton,Move,388,569
34.44,34.44,NoButton,Move,407,565
34.456,34.456,NoButton,Move,433,565
34.474,34.474,NoButton,Move,466,570
34.49,34.49,NoButton,Move,495,581
34.507,34.507,NoButton,Move,528,602
34.524,34.524,NoButton,Move,559,627
34.54,34.54,NoButton,Move,589,655
34.557,34.557,NoButton,Move,618,685
34.574,34.574,NoButton,Move,638,711
34.59,34.59,NoButton,Move,651,739
34.607,34.607,NoButton,Move,659,753
34.623,34.623,NoButton,Move,666,764
34.641,34.641,NoButton,Move,671,771
34.657,34.657,NoButton,Move,675,776
34.674,34.674,NoButton,Move,680,779
34.691,34.691,NoButton,Move,685,780
34.707,34.707,NoButton,Move,691,782
34.724,34.724,NoButton,Move,701,784
34.741,34.741,NoButton,Move,716,788
34.756,34.756,NoButton,Move,737,794
34.774,34.774,NoButton,Move,754,798
34.79,34.79,NoButton,Move,771,802
34.807,34.807,NoButton,Move,787,805
34.823,34.823,NoButton,Move,798,806
34.84,34.84,NoButton,Move,804,806
34.857,34.857,NoButton,Move,806,806
34.873,34.873,NoButton,Move,806,806
34.89,34.89,NoButton,Move,807,806
34.907,34.907,NoButton,Move,811,806
34.924,34.924,NoButton,Move,815,806
34.94,34.94,NoButton,Move,822,806
34.957,34.957,NoButton,Move,826,806
34.974,34.974,NoButton,Move,828,807
34.99,34.99,NoButton,Move,829,807
35.006,35.006,NoButton,Move,830,808
35.024,35.024,NoButton,Move,830,808
35.041,35.041,NoButton,Move,830,808
35.057,35.057,NoButton,Move,830,808
35.073,35.073,NoButton,Move,830,809
35.09,35.09,NoButton,Move,831,809
35.107,35.107,NoButton,Move,831,810
35.123,35.123,NoButton,Move,831,810
35.185,35.185,Left,Pressed,831,810
35.294,35.294,Left,Released,831,810
35.306,35.306,NoButton,Move,831,810
35.314,35.314,NoButton,Move,831,810
35.323,35.323,NoButton,Move,832,809
35.341,35.341,NoButton,Move,833,807
35.356,35.356,NoButton,Move,834,805
35.374,35.374,NoButton,Move,835,802
35.39,35.39,NoButton,Move,836,799
35.407,35.407,NoButton,Move,838,794
35.424,35.424,NoButton,Move,839,789
35.44,35.44,NoButton,Move,841,782
35.457,35.457,NoButton,Move,844,772
35.474,35.474,NoButton,Move,847,760
35.49,35.49,NoButton,Move,848,743
35.507,35.507,NoButton,Move,848,715
35.523,35.523,NoButton,Move,845,691
35.54,35.54,NoButton,Move,837,666
35.557,35.557,NoButton,Move,822,640
35.574,35.574,NoButton,Move,802,614
35.59,35.59,NoButton,Move,784,593
35.607,35.607,NoButton,Move,766,572
35.623,35.623,NoButton,Move,759,561
35.64,35.64,NoButton,Move,755,552
35.657,35.657,NoButton,Move,754,544
35.674,35.674,NoButton,Move,754,536
35.69,35.69,NoButton,Move,755,528
35.707,35.707,NoButton,Move,757,520
35.724,35.724,NoButton,Move,759,515
35.741,35.741,NoButton,Move,760,512
35.757,35.757,NoButton,Move,760,511
35.774,35.774,NoButton,Move,760,511
35.794,35.794,NoButton,Move,760,510
35.807,35.807,NoButton,Move,760,510
35.823,35.823,NoButton,Move,760,508
35.84,35.84,NoButton,Move,760,504
35.857,35.857,NoButton,Move,758,501
35.873,35.873,NoButton,Move,754,495
35.89,35.89,NoButton,Move,747,485
35.907,35.907,NoButton,Move,735,475
35.923,35.923,NoButton,Move,726,467
35.94,35.94,NoButton,Move,722,463
35.957,35.957,NoButton,Move,719,460
35.973,35.973,NoButton,Move,719,459
35.99,35.99,NoButton,Move,718,458
36.007,36.007,NoButton,Move,718,457
36.117,36.117,Left,Pressed,718,457
36.213,36.213,Left,Released,718,457
36.317,36.317,NoButton,Move,718,457
36.32,36.32,NoButton,Move,719,457
36.328,36.328,NoButton,Move,719,457
36.34,36.34,NoButton,Move,719,457
36.357,36.357,NoButton,Move,721,456
36.374,36.374,NoButton,Move,723,455
36.39,36.39,NoButton,Move,725,453
36.406,36.406,NoButton,Move,729,451
36.423,36.423,NoButton,Move,735,448
36.44,36.44,NoButton,Move,746,442
36.457,36.457,NoButton,Move,764,435
36.473,36.473,NoButton,Move,794,426
36.49,36.49,NoButton,Move,839,416
36.507,36.507,NoButton,Move,910,406
36.524,36.524,NoButton,Move,968,400
36.54,36.54,NoButton,Move,1025,394
36.557,36.557,NoButton,Move,1074,387
36.574,36.574,NoButton,Move,1112,381
36.59,36.59,NoButton,Move,1145,376
36.607,36.607,NoButton,Move,1162,372
36.624,36.624,NoButton,Move,1174,369
36.64,36.64,NoButton,Move,1185,366
36.657,36.657,NoButton,Move,1195,363
36.673,36.673,NoButton,Move,1204,360
36.69,36.69,NoButton,Move,1213,355
36.707,36.707,NoButton,Move,1219,351
36.723,36.723,NoButton,Move,1224,347
36.741,36.741,NoButton,Move,1227,345
36.757,36.757,NoButton,Move,1227,345
36.89,36.89,NoButton,Move,1227,345
36.894,36.894,NoButton,Move,1227,345
36.907,36.907,NoButton,Move,1228,345
36.924,36.924,NoButton,Move,1230,344
36.941,36.941,NoButton,Move,1234,343
36.957,36.957,NoButton,Move,1240,341
36.973,36.973,NoButton,Move,1247,339
36.99,36.99,NoButton,Move,1255,338
37.006,37.006,NoButton,Move,1262,336
37.024,37.024,NoButton,Move,1269,334
37.04,37.04,NoButton,Move,1274,333
37.057,37.057,NoButton,Move,1279,331
37.074,37.074,NoButton,Move,1281,331
37.1,37.1,NoButton,Move,1282,331
37.108,37.108,NoButton,Move,1282,331
37.124,37.124,NoButton,Move,1282,331
37.137,37.137,NoButton,Move,1282,331
37.141,37.141,Left,Pressed,1282,331
37.217,37.217,Left,Released,1282,331
37.269,37.269,NoButton,Move,1282,331
37.272,37.272,NoButton,Move,1282,331
37.276,37.276,NoButton,Move,1282,332
37.291,37.291,NoButton,Move,1281,333
37.307,37.307,NoButton,Move,1280,334
37.323,37.323,NoButton,Move,1279,334
37.34,37.34,NoButton,Move,1278,335
37.357,37.357,NoButton,Move,1277,335
37.373,37.373,NoButton,Move,1275,337
37.39,37.39,NoButton,Move,1272,339
37.406,37.406,NoButton,Move,1266,342
37.424,37.424,NoButton,Move,1257,348
37.44,37.44,NoButton,Move,1242,354
37.457,37.457,NoButton,Move,1213,364
37.474,37.474,NoButton,Move,1174,376
37.49,37.49,NoButton,Move,1126,393
37.507,37.507,NoButton,Move,1076,410
37.524,37.524,NoButton,Move,1028,426
37.54,37.54,NoButton,Move,991,436
37.557,37.557,NoButton,Move,965,441
37.573,37.573,NoButton,Move,957,443
37.59,37.59,NoButton,Move,956,443
37.658,37.658,NoButton,Move,955,443
37.662,37.662,NoButton,Move,955,443
37.673,37.673,NoButton,Move,954,444
37.69,37.69,NoButton,Move,950,446
37.707,37.707,NoButton,Move,940,448
37.724,37.724,NoButton,Move,930,449
37.74,37.74,NoButton,Move,921,449
37.757,37.757,NoButton,Move,913,448
37.773,37.773,NoButton,Move,907,446
37.79,37.79,NoButton,Move,905,444
37.806,37.806,NoButton,Move,903,442
37.823,37.823,NoButton,Move,901,439
37.841,37.841,NoButton,Move,897,436
37.858,37.858,NoButton,Move,894,431
37.873,37.873,NoButton,Move,888,424
37.89,37.89,NoButton,Move,884,418
37.907,37.907,NoButton,Move,882,415
37.923,37.923,NoButton,Move,882,414
37.94,37.94,NoButton,Move,882,412
37.956,37.956,NoButton,Move,882,412
37.974,37.974,NoButton,Move,882,412
37.995,37.995,Left,Pressed,882,412
38.014,38.014,NoButton,Drag,882,411
38.089,38.089,Left,Released,882,411
38.214,38.214,NoButton,Move,882,412
38.216,38.216,NoButton,Move,881,412
38.224,38.224,NoButton,Move,880,412
38.24,38.24,NoButton,Move,874,418
38.257,38.257,NoButton,Move,866,423
38.273,38.273,NoButton,Move,857,430
38.29,38.29,NoButton,Move,844,439
38.307,38.307,NoButton,Move,825,452
38.324,38.324,NoButton,Move,799,469
38.34,38.34,NoButton,Move,765,493
38.357,38.357,NoButton,Move,739,515
38.374,38.374,NoButton,Move,717,538
38.39,38.39,NoButton,Move,698,564
38.407,38.407,NoButton,Move,677,597
38.423,38.423,NoButton,Move,657,638
38.44,38.44,NoButton,Move,644,675
38.456,38.456,NoButton,Move,639,709
38.473,38.473,NoButton,Move,641,735
38.49,38.49,NoButton,Move,647,757
38.507,38.507,NoButton,Move,652,776
38.524,38.524,NoButton,Move,658,793
38.54,38.54,NoButton,Move,661,809
38.556,38.556,NoButton,Move,661,819
38.573,38.573,NoButton,Move,661,829
38.59,38.59,NoButton,Move,661,838
38.606,38.606,NoButton,Move,661,846
38.623,38.623,NoButton,Move,660,852
38.64,38.64,NoButton,Move,658,858
38.657,38.657,NoButton,Move,657,859
38.674,38.674,NoButton,Move,655,860
38.69,38.69,NoButton,Move,653,860
38.706,38.706,NoButton,Move,651,860
38.724,38.724,NoButton,Move,647,858
38.74,38.74,NoButton,Move,641,855
38.757,38.757,NoButton,Move,635,851
38.773,38.773,NoButton,Move,629,847
38.79,38.79,NoButton,Move,627,845
38.807,38.807,NoButton,Move,626,844
38.823,38.823,NoButton,Move,626,843
38.84,38.84,NoButton,Move,626,843
38.856,38.856,NoButton,Move,626,843
38.903,38.903,Left,Pressed,626,843
38.934,38.934,NoButton,Drag,626,843
38.998,38.998,NoButton,Drag,626,842
39.006,39.006,NoButton,Drag,626,842
39.01,39.01,NoButton,Drag,626,842
39.014,39.014,NoButton,Drag,626,842
39.018,39.018,NoButton,Drag,626,842
39.022,39.022,Left,Released,626,842
39.023,39.023,NoButton,Move,626,841
39.026,39.026,NoButton,Move,626,841
39.04,39.04,NoButton,Move,626,840
39.057,39.057,NoButton,Move,626,839
39.073,39.073,NoButton,Move,627,837
39.09,39.09,NoButton,Move,627,834
39.107,39.107,NoButton,Move,628,832
39.123,39.123,NoButton,Move,630,830
39.14,39.14,NoButton,Move,631,827
39.157,39.157,NoButton,Move,633,824
39.173,39.173,NoButton,Move,635,819
39.19,39.19,NoButton,Move,640,812
39.207,39.207,NoButton,Move,645,805
39.223,39.223,NoButton,Move,653,794
39.24,39.24,NoButton,Move,666,780
39.257,39.257,NoButton,Move,685,761
39.273,39.273,NoButton,Move,712,739
39.29,39.29,NoButton,Move,764,704
39.307,39.307,NoButton,Move,824,668
39.323,39.323,NoButton,Move,888,632
39.34,39.34,NoButton,Move,971,588
39.357,39.357,NoButton,Move,1036,551
39.373,39.373,NoButton,Move,1097,515
39.39,39.39,NoButton,Move,1153,480
39.406,39.406,NoButton,Move,1195,448
39.423,39.423,NoButton,Move,1227,421
39.44,39.44,NoButton,Move,1255,396
39.457,39.457,NoButton,Move,1270,380
39.473,39.473,NoButton,Move,1279,366
39.49,39.49,NoButton,Move,1286,352
39.506,39.506,NoButton,Move,1290,338
39.524,39.524,NoButton,Move,1295,323
39.54,39.54,NoButton,Move,1299,307
39.556,39.556,NoButton,Move,1306,288
39.574,39.574,NoButton,Move,1314,275
39.59,39.59,NoButton,Move,1322,262
39.607,39.607,NoButton,Move,1328,249
39.624,39.624,NoButton,Move,1332,237
39.64,39.64,NoButton,Move,1334,225
39.657,39.657,NoButton,Move,1335,210
39.673,39.673,NoButton,Move,1335,199
39.69,39.69,NoButton,Move,1333,189
39.707,39.707,NoButton,Move,1329,180
39.723,39.723,NoButton,Move,1323,171
39.74,39.74,NoButton,Move,1315,163
39.757,39.757,NoButton,Move,1304,153
39.774,39.774,NoButton,Move,1297,147
39.79,39.79,NoButton,Move,1291,141
39.806,39.806,NoButton,Move,1290,138
39.824,39.824,NoButton,Move,1288,136
39.84,39.84,NoButton,Move,1286,133
39.857,39.857,NoButton,Move,1284,130
39.873,39.873,NoButton,Move,1282,127
39.89,39.89,NoButton,Move,1280,124
39.907,39.907,NoButton,Move,1278,121
39.923,39.923,NoButton,Move,1276,118
39.94,39.94,NoButton,Move,1275,116
39.957,39.957,NoButton,Move,1275,114
39.973,39.973,NoButton,Move,1274,112
40.003,40.003,Left,Pressed,1274,112
40.115,40.115,Left,Released,1274,112
40.158,40.158,NoButton,Move,1274,113
40.162,40.162,NoButton,Move,1274,113
40.173,40.173,NoButton,Move,1274,114
40.19,40.19,NoButton,Move,1270,118
40.206,40.206,NoButton,Move,1263,122
40.223,40.223,NoButton,Move,1252,131
40.241,40.241,NoButton,Move,1237,145
40.257,40.257,NoButton,Move,1221,161
40.274,40.274,NoButton,Move,1204,179
40.29,40.29,NoButton,Move,1182,202
40.307,40.307,NoButton,Move,1150,237
40.324,40.324,NoButton,Move,1121,266
40.341,40.341,NoButton,Move,1092,295
40.356,40.356,NoButton,Move,1056,325
40.374,40.374,NoButton,Move,1008,358
40.39,40.39,NoButton,Move,931,400
40.406,40.406,NoButton,Move,857,436
40.424,40.424,NoButton,Move,778,473
40.44,40.44,NoButton,Move,676,509
40.457,40.457,NoButton,Move,597,533
40.474,40.474,NoButton,Move,515,556
40.491,40.491,NoButton,Move,436,580
40.507,40.507,NoButton,Move,358,604
40.524,40.524,NoButton,Move,280,631
40.54,40.54,NoButton,Move,208,656
40.556,40.556,NoButton,Move,170,672
40.574,40.574,NoButton,Move,148,681
40.59,40.59,NoButton,Move,137,688
40.607,40.607,NoButton,Move,131,694
40.623,40.623,NoButton,Move,128,697
40.64,40.64,NoButton,Move,127,699
40.656,40.656,NoButton,Move,126,700
40.7,40.7,NoButton,Move,126,700
40.769,40.769,NoButton,Move,126,700
40.788,40.788,NoButton,Move,126,700
40.796,40.796,NoButton,Move,126,699
40.806,40.806,NoButton,Move,125,699
40.823,40.823,NoButton,Move,126,696
40.84,40.84,NoButton,Move,129,690
40.856,40.856,NoButton,Move,135,683
40.874,40.874,NoButton,Move,142,679
40.89,40.89,NoButton,Move,148,675
40.906,40.906,NoButton,Move,155,672
40.923,40.923,NoButton,Move,162,670
40.94,40.94,NoButton,Move,168,669
40.957,40.957,NoButton,Move,173,667
40.973,40.973,NoButton,Move,177,665
40.99,40.99,NoButton,Move,180,664
41.007,41.007,NoButton,Move,181,663
41.023,41.023,NoButton,Move,182,663
41.043,41.043,Left,Pressed,182,663
41.046,41.046,NoButton,Drag,182,663
41.134,41.134,Left,Released,182,663
41.142,41.142,NoButton,Move,182,663
41.21,41.21,NoButton,Move,182,663
41.218,41.218,NoButton,Move,182,663
41.226,41.226,NoButton,Move,182,663
41.24,41.24,NoButton,Move,182,662
41.256,41.256,NoButton,Move,182,661
41.273,41.273,NoButton,Move,182,661
41.29,41.29,NoButton,Move,181,660
41.306,41.306,NoButton,Move,180,658
41.323,41.323,NoButton,Move,178,658
41.34,41.34,NoButton,Move,177,657
41.356,41.356,NoButton,Move,177,657
41.378,41.378,NoButton,Move,177,658
41.39,41.39,NoButton,Move,177,659
41.406,41.406,NoButton,Move,182,669
41.423,41.423,NoButton,Move,192,681
41.441,41.441,NoButton,Move,209,695
41.457,41.457,NoButton,Move,235,711
41.474,41.474,NoButton,Move,284,729
41.49,41.49,NoButton,Move,314,739
41.506,41.506,NoButton,Move,357,748
41.523,41.523,NoButton,Move,380,750
41.54,41.54,NoButton,Move,394,749
41.556,41.556,NoButton,Move,401,747
41.574,41.574,NoButton,Move,402,745
41.59,41.59,NoButton,Move,403,743
41.606,41.606,NoButton,Move,403,739
41.623,41.623,NoButton,Move,403,737
41.64,41.64,NoButton,Move,403,735
41.657,41.657,NoButton,Move,404,731
41.673,41.673,NoButton,Move,404,727
41.691,41.691,NoButton,Move,405,723
41.706,41.706,NoButton,Move,406,719
41.723,41.723,NoButton,Move,407,716
41.74,41.74,NoButton,Move,408,714
41.756,41.756,NoButton,Move,410,710
41.774,41.774,NoButton,Move,414,705
41.79,41.79,NoButton,Move,419,702
41.807,41.807,NoButton,Move,427,698
41.823,41.823,NoButton,Move,435,695
41.84,41.84,NoButton,Move,442,693
41.856,41.856,NoButton,Move,450,691
41.874,41.874,NoButton,Move,456,691
41.89,41.89,NoButton,Move,459,691
41.906,41.906,NoButton,Move,461,691
41.923,41.923,NoButton,Move,461,690
41.94,41.94,NoButton,Move,461,690
41.945,41.945,Left,Pressed,461,690
41.945,41.945,NoButton,Drag,461,690
41.948,41.948,NoButton,Drag,462,690
41.952,41.952,NoButton,Drag,462,690
41.956,41.956,NoButton,Drag,462,690
41.972,41.972,NoButton,Drag,462,690
42.077,42.077,Left,Released,462,690
42.207,42.207,NoButton,Move,462,690
42.21,42.21,NoButton,Move,462,690
42.224,42.224,NoButton,Move,462,688
42.24,42.24,NoButton,Move,463,685
42.256,42.256,NoButton,Move,464,681
42.274,42.274,NoButton,Move,465,676
42.29,42.29,NoButton,Move,467,670
42.306,42.306,NoButton,Move,472,661
42.323,42.323,NoButton,Move,480,651
42.34,42.34,NoButton,Move,492,641
42.357,42.357,NoButton,Move,514,632
42.373,42.373,NoButton,Move,556,622
42.39,42.39,NoButton,Move,625,620
42.406,42.406,NoButton,Move,733,632
42.424,42.424,NoButton,Move,818,655
42.44,42.44,NoButton,Move,903,686
42.456,42.456,NoButton,Move,985,725
42.474,42.474,NoButton,Move,1071,767
42.49,42.49,NoButton,Move,1110,787
42.506,42.506,NoButton,Move,1153,811
42.524,42.524,NoButton,Move,1180,830
42.54,42.54,NoButton,Move,1203,848
42.557,42.557,NoButton,Move,1222,863
42.574,42.574,NoButton,Move,1238,876
42.59,42.59,NoButton,Move,1254,885
42.607,42.607,NoButton,Move,1272,891
42.623,42.623,NoButton,Move,1282,893
42.641,42.641,NoButton,Move,1289,894
42.657,42.657,NoButton,Move,1291,894
42.674,42.674,NoButton,Move,1292,893
42.69,42.69,NoButton,Move,1292,892
42.707,42.707,NoButton,Move,1293,889
42.724,42.724,NoButton,Move,1293,885
42.74,42.74,NoButton,Move,1292,878
42.757,42.757,NoButton,Move,1289,868
42.773,42.773,NoButton,Move,1285,859
42.79,42.79,NoButton,Move,1280,852
42.806,42.806,NoButton,Move,1279,849
42.823,42.823,NoButton,Move,1277,846
42.84,42.84,NoButton,Move,1276,843
42.857,42.857,NoButton,Move,1274,841
42.873,42.873,NoButton,Move,1273,838
42.89,42.89,NoButton,Move,1271,837
42.907,42.907,NoButton,Move,1270,836
42.923,42.923,NoButton,Move,1270,836
42.94,42.94,NoButton,Move,1269,835
42.956,42.956,NoButton,Move,1268,834
42.974,42.974,NoButton,Move,1267,832
42.99,42.99,NoButton,Move,1266,830
43.007,43.007,NoButton,Move,1264,828
43.023,43.023,NoButton,Move,1263,827
43.04,43.04,NoButton,Move,1262,825
43.057,43.057,NoButton,Move,1261,823
43.074,43.074,NoButton,Move,1261,823
43.117,43.117,Left,Pressed,1261,823
43.205,43.205,Left,Released,1261,823
43.216,43.216,NoButton,Move,1261,823
43.22,43.22,NoButton,Move,1261,822
43.228,43.228,NoButton,Move,1261,822
43.24,43.24,NoButton,Move,1261,822
43.256,43.256,NoButton,Move,1260,821
43.274,43.274,NoButton,Move,1260,821
43.291,43.291,NoButton,Move,1259,820
43.307,43.307,NoButton,Move,1258,817
43.324,43.324,NoButton,Move,1257,816
43.34,43.34,NoButton,Move,1255,814
43.357,43.357,NoButton,Move,1254,812
43.373,43.373,NoButton,Move,1252,809
43.39,43.39,NoButton,Move,1251,807
43.407,43.407,NoButton,Move,1249,805
43.423,43.423,NoButton,Move,1249,803
43.44,43.44,NoButton,Move,1249,803
43.515,43.515,Left,Pressed,1249,803
43.55,43.55,Left,Released,1249,803
43.586,43.586,NoButton,Move,1248,803
43.59,43.59,NoButton,Move,1248,803
43.602,43.602,NoButton,Move,1248,802
43.606,43.606,NoButton,Move,1247,802
43.624,43.624,NoButton,Move,1245,801
43.641,43.641,NoButton,Move,1242,799
43.657,43.657,NoButton,Move,1235,796
43.674,43.674,NoButton,Move,1222,791
43.69,43.69,NoButton,Move,1201,785
43.707,43.707,NoButton,Move,1176,777
43.724,43.724,NoButton,Move,1142,768
43.741,43.741,NoButton,Move,1103,759
43.757,43.757,NoButton,Move,1058,749
43.773,43.773,NoButton,Move,1008,740
43.79,43.79,NoButton,Move,943,729
43.807,43.807,NoButton,Move,890,719
43.823,43.823,NoButton,Move,844,708
43.841,43.841,NoButton,Move,800,696
43.856,43.856,NoButton,Move,764,684
43.874,43.874,NoButton,Move,733,671
43.89,43.89,NoButton,Move,700,652
43.907,43.907,NoButton,Move,673,636
43.923,43.923,NoButton,Move,646,618
43.94,43.94,NoButton,Move,620,601
43.957,43.957,NoButton,Move,588,579
43.974,43.974,NoButton,Move,564,561
43.99,43.99,NoButton,Move,540,543
44.007,44.007,NoButton,Move,518,524
44.023,44.023,NoButton,Move,497,506
44.04,44.04,NoButton,Move,478,489
44.056,44.056,NoButton,Move,457,469
44.073,44.073,NoButton,Move,440,454
44.091,44.091,NoButton,Move,424,439
44.107,44.107,NoButton,Move,410,425
44.123,44.123,NoButton,Move,399,413
44.14,44.14,NoButton,Move,387,400
44.156,44.156,NoButton,Move,373,386
44.173,44.173,NoButton,Move,364,376
44.19,44.19,NoButton,Move,357,367
44.206,44.206,NoButton,Move,350,357
44.223,44.223,NoButton,Move,345,350
44.24,44.24,NoButton,Move,340,342
44.256,44.256,NoButton,Move,336,336
44.274,44.274,NoButton,Move,334,332
44.291,44.291,NoButton,Move,331,327
44.307,44.307,NoButton,Move,329,323
44.323,44.323,NoButton,Move,327,321
44.34,44.34,NoButton,Move,326,319
44.357,44.357,NoButton,Move,323,318
44.374,44.374,NoButton,Move,321,316
44.39,44.39,NoButton,Move,320,316
44.406,44.406,NoButton,Move,319,315
44.424,44.424,NoButton,Move,318,315
44.44,44.44,NoButton,Move,318,316
44.457,44.457,NoButton,Move,316,316
44.473,44.473,NoButton,Move,314,317
44.49,44.49,NoButton,Move,311,319
44.507,44.507,NoButton,Move,308,322
44.523,44.523,NoButton,Move,304,324
44.54,44.54,NoButton,Move,300,327
44.557,44.557,NoButton,Move,297,329
44.574,44.574,NoButton,Move,295,330
44.59,44.59,NoButton,Move,294,331
44.614,44.614,NoButton,Move,294,331
44.623,44.623,NoButton,Move,294,332
44.64,44.64,NoButton,Move,292,332
44.657,44.657,NoButton,Move,291,333
44.674,44.674,NoButton,Move,288,333
44.69,44.69,NoButton,Move,286,334
44.707,44.707,NoButton,Move,283,333
44.724,44.724,NoButton,Move,281,333
44.741,44.741,NoButton,Move,280,333
44.757,44.757,NoButton,Move,279,333
44.774,44.774,NoButton,Move,278,332
44.79,44.79,NoButton,Move,276,332
44.807,44.807,NoButton,Move,273,331
44.823,44.823,NoButton,Move,272,330
44.84,44.84,NoButton,Move,270,329
44.857,44.857,NoButton,Move,270,329
44.873,44.873,NoButton,Move,270,329
44.931,44.931,Left,Pressed,270,329
45.025,45.025,Left,Released,270,329
45.056,45.056,NoButton,Move,270,328
45.068,45.068,NoButton,Move,269,328
45.073,45.073,NoButton,Move,269,328
45.09,45.09,NoButton,Move,269,328
45.107,45.107,NoButton,Move,269,328
45.123,45.123,NoButton,Move,268,328
45.14,45.14,NoButton,Move,268,328
45.172,45.172,NoButton,Move,268,328
45.176,45.176,NoButton,Move,268,328
45.19,45.19,NoButton,Move,269,329
45.206,45.206,NoButton,Move,271,329
45.223,45.223,NoButton,Move,272,330
45.24,45.24,NoButton,Move,274,330
45.257,45.257,NoButton,Move,284,330
45.273,45.273,NoButton,Move,299,331
45.29,45.29,NoButton,Move,319,331
45.307,45.307,NoButton,Move,344,329
45.323,45.323,NoButton,Move,371,324
45.34,45.34,NoButton,Move,413,313
45.357,45.357,NoButton,Move,457,300
45.374,45.374,NoButton,Move,502,284
45.39,45.39,NoButton,Move,542,272
45.406,45.406,NoButton,Move,567,259
45.424,45.424,NoButton,Move,586,248
45.44,45.44,NoButton,Move,600,238
45.457,45.457,NoButton,Move,613,227
45.474,45.474,NoButton,Move,622,220
45.491,45.491,NoButton,Move,631,213
45.507,45.507,NoButton,Move,641,206
45.524,45.524,NoButton,Move,652,199
45.54,45.54,NoButton,Move,663,192
45.557,45.557,NoButton,Move,680,180
45.573,45.573,NoButton,Move,692,171
45.591,45.591,NoButton,Move,706,160
45.606,45.606,NoButton,Move,721,148
45.623,45.623,NoButton,Move,735,137
45.64,45.64,NoButton,Move,743,131
45.657,45.657,NoButton,Move,747,127
45.673,45.673,NoButton,Move,749,125
45.803,45.803,NoButton,Move,749,125
45.834,45.834,NoButton,Move,749,125
45.866,45.866,NoButton,Move,749,125
45.87,45.87,NoButton,Move,749,125
45.874,45.874,NoButton,Move,750,125
45.89,45.89,NoButton,Move,752,125
45.907,45.907,NoButton,Move,757,127
45.924,45.924,NoButton,Move,764,128
45.94,45.94,NoButton,Move,770,130
45.957,45.957,NoButton,Move,775,130
45.973,45.973,NoButton,Move,780,130
45.99,45.99,NoButton,Move,785,130
46.006,46.006,NoButton,Move,788,130
46.024,46.024,NoButton,Move,791,130
46.039,46.039,NoButton,Move,793,130
46.057,46.057,NoButton,Move,797,130
46.074,46.074,NoButton,Move,801,130
46.09,46.09,NoButton,Move,806,130
46.106,46.106,NoButton,Move,812,130
46.123,46.123,NoButton,Move,815,130
46.141,46.141,NoButton,Move,817,129
46.156,46.156,NoButton,Move,818,129
46.165,46.165,Left,Pressed,818,129
46.233,46.233,Left,Released,818,129
46.321,46.321,NoButton,Move,818,130
46.34,46.34,NoButton,Move,818,130
46.348,46.348,NoButton,Move,818,130
46.356,46.356,NoButton,Move,818,131
46.374,46.374,NoButton,Move,818,131
46.39,46.39,NoButton,Move,818,133
46.406,46.406,NoButton,Move,818,135
46.424,46.424,NoButton,Move,818,137
46.44,46.44,NoButton,Move,817,141
46.456,46.456,NoButton,Move,812,149
46.473,46.473,NoButton,Move,804,161
46.49,46.49,NoButton,Move,790,178
46.507,46.507,NoButton,Move,767,202
46.523,46.523,NoButton,Move,738,230
46.54,46.54,NoButton,Move,710,257
46.556,46.556,NoButton,Move,673,293
46.574,46.574,NoButton,Move,643,321
46.59,46.59,NoButton,Move,620,345
46.606,46.606,NoButton,Move,601,365
46.623,46.623,NoButton,Move,585,382
46.64,46.64,NoButton,Move,570,399
46.657,46.657,NoButton,Move,561,408
46.674,46.674,NoButton,Move,554,415
46.69,46.69,NoButton,Move,547,420
46.707,46.707,NoButton,Move,542,422
46.723,46.723,NoButton,Move,538,424
46.74,46.74,NoButton,Move,533,424
46.757,46.757,NoButton,Move,530,424
46.774,46.774,NoButton,Move,528,423
46.79,46.79,NoButton,Move,527,421
46.806,46.806,NoButton,Move,526,420
46.823,46.823,NoButton,Move,525,418
46.84,46.84,NoButton,Move,525,416
46.856,46.856,NoButton,Move,524,414
46.873,46.873,NoButton,Move,524,412
46.89,46.89,NoButton,Move,524,411
46.906,46.906,NoButton,Move,523,410
46.924,46.924,NoButton,Move,523,410
46.94,46.94,NoButton,Move,521,410
46.957,46.957,NoButton,Move,517,410
46.974,46.974,NoButton,Move,513,414
46.99,46.99,NoButton,Move,506,418
47.006,47.006,NoButton,Move,491,425
47.024,47.024,NoButton,Move,481,430
47.041,47.041,NoButton,Move,474,433
47.057,47.057,NoButton,Move,473,434
47.171,47.171,Left,Pressed,473,434
47.279,47.279,Left,Released,473,434
47.342,47.342,NoButton,Move,473,433
47.352,47.352,NoButton,Move,473,433
47.356,47.356,NoButton,Move,473,433
47.374,47.374,NoButton,Move,473,432
47.39,47.39,NoButton,Move,473,432
47.406,47.406,NoButton,Move,473,431
47.423,47.423,NoButton,Move,474,430
47.44,47.44,NoButton,Move,476,430
47.457,47.457,NoButton,Move,478,429
47.474,47.474,NoButton,Move,481,428
47.49,47.49,NoButton,Move,483,427
47.507,47.507,NoButton,Move,485,427
47.523,47.523,NoButton,Move,487,426
47.54,47.54,NoButton,Move,488,426
47.557,47.557,NoButton,Move,488,426
47.574,47.574,NoButton,Move,489,426
47.581,47.581,Left,Pressed,489,426
47.668,47.668,NoButton,Drag,489,426
47.684,47.684,Left,Released,489,426
47.756,47.756,NoButton,Move,489,426
47.885,47.885,NoButton,Move,489,427
47.891,47.891,NoButton,Move,490,427
47.907,47.907,NoButton,Move,492,429
47.923,47.923,NoButton,Move,496,430
47.94,47.94,NoButton,Move,504,431
47.957,47.957,NoButton,Move,515,429
47.974,47.974,NoButton,Move,528,426
47.99,47.99,NoButton,Move,542,421
48.007,48.007,NoButton,Move,557,411
48.024,48.024,NoButton,Move,576,397
48.04,48.04,NoButton,Move,591,382
48.057,48.057,NoButton,Move,605,365
48.074,48.074,NoButton,Move,617,348
48.09,48.09,NoButton,Move,631,326
48.106,48.106,NoButton,Move,643,304
48.123,48.123,NoButton,Move,654,283
48.14,48.14,NoButton,Move,663,263
48.157,48.157,NoButton,Move,670,246
48.173,48.173,NoButton,Move,675,230
48.19,48.19,NoButton,Move,679,213
48.207,48.207,NoButton,Move,683,188
48.224,48.224,NoButton,Move,684,168
48.24,48.24,NoButton,Move,685,150
48.257,48.257,NoButton,Move,685,135
48.273,48.273,NoButton,Move,685,123
48.29,48.29,NoButton,Move,684,116
48.307,48.307,NoButton,Move,683,114
48.378,48.378,NoButton,Move,683,114
48.39,48.39,NoButton,Move,684,114
48.407,48.407,NoButton,Move,685,116
48.423,48.423,NoButton,Move,687,117
48.44,48.44,NoButton,Move,689,118
48.456,48.456,NoButton,Move,691,119
48.473,48.473,NoButton,Move,694,120
48.49,48.49,NoButton,Move,696,120
48.506,48.506,NoButton,Move,698,120
48.523,48.523,NoButton,Move,698,120
48.584,48.584,NoButton,Move,698,120
48.613,48.613,Left,Pressed,698,120
48.7,48.7,Left,Released,698,120
48.777,48.777,NoButton,Move,698,120
48.784,48.784,NoButton,Move,698,120
48.79,48.79,NoButton,Move,698,121
48.807,48.807,NoButton,Move,699,122
48.823,48.823,NoButton,Move,699,126
48.84,48.84,NoButton,Move,701,132
48.856,48.856,NoButton,Move,704,143
48.873,48.873,NoButton,Move,706,155
48.89,48.89,NoButton,Move,710,169
48.907,48.907,NoButton,Move,714,183
48.924,48.924,NoButton,Move,718,200
48.94,48.94,NoButton,Move,719,220
48.957,48.957,NoButton,Move,715,250
48.973,48.973,NoButton,Move,702,276
48.99,48.99,NoButton,Move,687,295
49.006,49.006,NoButton,Move,669,307
49.024,49.024,NoButton,Move,647,316
49.04,49.04,NoButton,Move,618,324
49.057,49.057,NoButton,Move,566,329
49.073,49.073,NoButton,Move,515,325
49.09,49.09,NoButton,Move,458,310
49.106,49.106,NoButton,Move,383,284
49.124,49.124,NoButton,Move,324,262
49.14,49.14,NoButton,Move,272,241
49.157,49.157,NoButton,Move,234,225
49.174,49.174,NoButton,Move,207,211
49.19,49.19,NoButton,Move,183,195
49.207,49.207,NoButton,Move,169,186
49.223,49.223,NoButton,Move,159,179
49.24,49.24,NoButton,Move,156,176
49.256,49.256,NoButton,Move,155,174
49.274,49.274,NoButton,Move,154,172
49.29,49.29,NoButton,Move,154,172
49.307,49.307,NoButton,Move,154,169
49.323,49.323,NoButton,Move,155,168
49.34,49.34,NoButton,Move,157,166
49.357,49.357,NoButton,Move,159,163
49.373,49.373,NoButton,Move,162,160
49.39,49.39,NoButton,Move,167,158
49.407,49.407,NoButton,Move,172,157
49.424,49.424,NoButton,Move,179,156
49.44,49.44,NoButton,Move,188,157
49.457,49.457,NoButton,Move,197,159
49.473,49.473,NoButton,Move,205,162
49.49,49.49,NoButton,Move,212,165
49.507,49.507,NoButton,Move,218,169
49.523,49.523,NoButton,Move,220,172
49.54,49.54,NoButton,Move,221,172
49.556,49.556,NoButton,Move,221,173
49.573,49.573,NoButton,Move,222,174
49.59,49.59,NoButton,Move,222,174
49.607,49.607,NoButton,Move,222,174
49.623,49.623,NoButton,Move,222,175
49.641,49.641,NoButton,Move,222,175
49.657,49.657,Left,Pressed,222,175
49.66,49.66,NoButton,Drag,223,175
49.664,49.664,NoButton,Drag,223,175
49.676,49.676,NoButton,Drag,223,175
49.797,49.797,Left,Released,223,175
49.844,49.844,NoButton,Move,223,175
49.848,49.848,NoButton,Move,223,175
49.856,49.856,NoButton,Move,224,176
49.873,49.873,NoButton,Move,225,178
49.89,49.89,NoButton,Move,229,181
49.907,49.907,NoButton,Move,235,185
49.924,49.924,NoButton,Move,249,193
49.94,49.94,NoButton,Move,262,197
49.957,49.957,NoButton,Move,291,205
49.973,49.973,NoButton,Move,323,213
49.991,49.991,NoButton,Move,357,220
50.007,50.007,NoButton,Move,388,226
50.024,50.024,NoButton,Move,411,232
50.04,50.04,NoButton,Move,424,236
50.056,50.056,NoButton,Move,430,241
50.073,50.073,NoButton,Move,433,248
50.091,50.091,NoButton,Move,433,259
50.107,50.107,NoButton,Move,429,277
50.123,50.123,NoButton,Move,417,303
50.14,50.14,NoButton,Move,395,342
50.157,50.157,NoButton,Move,358,404
50.173,50.173,NoButton,Move,326,460
50.19,50.19,NoButton,Move,297,521
50.206,50.206,NoButton,Move,275,581
50.224,50.224,NoButton,Move,252,650
50.239,50.239,NoButton,Move,235,701
50.256,50.256,NoButton,Move,221,747
50.273,50.273,NoButton,Move,213,785
50.29,50.29,NoButton,Move,212,815
50.306,50.306,NoButton,Move,214,842
50.323,50.323,NoButton,Move,217,856
50.341,50.341,NoButton,Move,219,866
50.356,50.356,NoButton,Move,221,873
50.374,50.374,NoButton,Move,222,877
50.39,50.39,NoButton,Move,223,878
50.407,50.407,NoButton,Move,223,879
50.423,50.423,NoButton,Move,223,880
50.44,50.44,NoButton,Move,224,880
50.457,50.457,NoButton,Move,227,880
50.473,50.473,NoButton,Move,233,878
50.49,50.49,NoButton,Move,243,875
50.507,50.507,NoButton,Move,263,870
50.523,50.523,NoButton,Move,285,863
50.54,50.54,NoButton,Move,305,853
50.557,50.557,NoButton,Move,323,844
50.573,50.573,NoButton,Move,339,834
50.59,50.59,NoButton,Move,350,829
50.607,50.607,NoButton,Move,356,825
50.624,50.624,NoButton,Move,356,825
50.643,50.643,NoButton,Move,356,825
50.657,50.657,NoButton,Move,356,824
50.673,50.673,NoButton,Move,357,824
50.69,50.69,NoButton,Move,357,822
50.706,50.706,NoButton,Move,359,821
50.723,50.723,NoButton,Move,361,818
50.739,50.739,NoButton,Move,364,816
50.756,50.756,NoButton,Move,367,813
50.773,50.773,NoButton,Move,372,810
50.79,50.79,NoButton,Move,376,808
50.807,50.807,NoButton,Move,380,805
50.823,50.823,NoButton,Move,383,803
50.84,50.84,NoButton,Move,386,799
50.856,50.856,NoButton,Move,390,797
50.874,50.874,NoButton,Move,393,794
50.89,50.89,NoButton,Move,395,793
50.907,50.907,NoButton,Move,396,792
50.923,50.923,NoButton,Move,397,792
50.94,50.94,NoButton,Move,401,792
50.956,50.956,NoButton,Move,406,791
50.973,50.973,NoButton,Move,410,791
50.99,50.99,NoButton,Move,414,791
50.997,50.997,NoButton,Move,415,791
51.006,51.006,Left,Pressed,415,791
51.007,51.007,NoButton,Drag,416,791
51.105,51.105,Left,Released,416,791
51.106,51.106,NoButton,Move,416,792
51.184,51.184,NoButton,Move,417,792
51.192,51.192,NoButton,Move,417,792
51.206,51.206,NoButton,Move,417,791
51.223,51.223,NoButton,Move,419,791
51.24,51.24,NoButton,Move,422,788
51.257,51.257,NoButton,Move,427,784
51.273,51.273,NoButton,Move,434,780
51.29,51.29,NoButton,Move,445,773
51.307,51.307,NoButton,Move,458,763
51.323,51.323,NoButton,Move,476,751
51.34,51.34,NoButton,Move,499,734
51.356,51.356,NoButton,Move,534,707
51.374,51.374,NoButton,Move,563,681
51.39,51.39,NoButton,Move,600,645
51.407,51.407,NoButton,Move,630,615
51.424,51.424,NoButton,Move,663,584
51.44,51.44,NoButton,Move,694,554
51.457,51.457,NoButton,Move,723,524
51.474,51.474,NoButton,Move,754,492
51.49,51.49,NoButton,Move,782,461
51.507,51.507,NoButton,Move,812,422
51.523,51.523,NoButton,Move,835,393
51.54,51.54,NoButton,Move,856,364
51.556,51.556,NoButton,Move,877,333
51.573,51.573,NoButton,Move,895,305
51.59,51.59,NoButton,Move,912,280
51.606,51.606,NoButton,Move,927,257
51.623,51.623,NoButton,Move,937,242
51.64,51.64,NoButton,Move,943,232
51.656,51.656,NoButton,Move,946,226
51.673,51.673,NoButton,Move,947,222
51.69,51.69,NoButton,Move,948,220
51.707,51.707,NoButton,Move,950,218
51.723,51.723,NoButton,Move,951,216
51.74,51.74,NoButton,Move,954,213
51.756,51.756,NoButton,Move,960,208
51.774,51.774,NoButton,Move,971,200
51.79,51.79,NoButton,Move,986,190
51.806,51.806,NoButton,Move,1013,174
51.823,51.823,NoButton,Move,1036,159
51.84,51.84,NoButton,Move,1057,145
51.857,51.857,NoButton,Move,1073,133
51.874,51.874,NoButton,Move,1087,124
51.89,51.89,NoButton,Move,1097,117
51.907,51.907,NoButton,Move,1105,114
51.923,51.923,NoButton,Move,1107,113
51.94,51.94,NoButton,Move,1108,113
51.957,51.957,NoButton,Move,1112,114
51.973,51.973,NoButton,Move,1118,117
51.99,51.99,NoButton,Move,1129,121
52.007,52.007,NoButton,Move,1142,124
52.024,52.024,NoButton,Move,1156,127
52.04,52.04,NoButton,Move,1170,129
52.057,52.057,NoButton,Move,1188,129
52.073,52.073,NoButton,Move,1199,129
52.09,52.09,NoButton,Move,1207,129
52.107,52.107,NoButton,Move,1213,129
52.124,52.124,NoButton,Move,1214,129
52.192,52.192,NoButton,Move,1214,129
52.196,52.196,NoButton,Move,1214,129
52.206,52.206,NoButton,Move,1215,129
52.223,52.223,NoButton,Move,1217,128
52.24,52.24,NoButton,Move,1219,128
52.257,52.257,NoButton,Move,1225,126
52.274,52.274,NoButton,Move,1232,124
52.29,52.29,NoButton,Move,1237,121
52.306,52.306,NoButton,Move,1246,116
52.323,52.323,NoButton,Move,1258,112
52.34,52.34,NoButton,Move,1269,105
52.357,52.357,NoButton,Move,1279,98
52.374,52.374,NoButton,Move,1282,94
52.39,52.39,NoButton,Move,1283,91
52.407,52.407,NoButton,Move,1283,89
52.423,52.423,NoButton,Move,1283,87
52.44,52.44,NoButton,Move,1283,87
52.499,52.499,Left,Pressed,1283,87
52.5,52.5,NoButton,Drag,1283,87
52.51,52.51,NoButton,Drag,1283,87
52.526,52.526,NoButton,Drag,1283,88
52.591,52.591,Left,Released,1283,88
52.598,52.598,NoButton,Move,1283,88
52.606,52.606,NoButton,Move,1282,88
52.624,52.624,NoButton,Move,1281,90
52.64,52.64,NoButton,Move,1278,93
52.657,52.657,NoButton,Move,1272,98
52.673,52.673,NoButton,Move,1262,105
52.69,52.69,NoButton,Move,1250,115
52.707,52.707,NoButton,Move,1234,129
52.723,52.723,NoButton,Move,1220,142
52.74,52.74,NoButton,Move,1206,152
52.757,52.757,NoButton,Move,1198,160
52.774,52.774,NoButton,Move,1193,164
52.79,52.79,NoButton,Move,1192,165
52.898,52.898,NoButton,Move,1192,165
52.902,52.902,NoButton,Move,1192,165
52.907,52.907,NoButton,Move,1192,165
52.924,52.924,NoButton,Move,1193,163
52.94,52.94,NoButton,Move,1195,160
52.957,52.957,NoButton,Move,1198,156
52.973,52.973,NoButton,Move,1203,150
52.99,52.99,NoButton,Move,1210,141
53.006,53.006,NoButton,Move,1215,134
53.023,53.023,NoButton,Move,1220,127
53.04,53.04,NoButton,Move,1223,121
53.057,53.057,NoButton,Move,1226,115
53.073,53.073,NoButton,Move,1228,113
53.09,53.09,NoButton,Move,1229,111
53.145,53.145,Left,Pressed,1229,111
53.156,53.156,NoButton,Drag,1229,111
53.213,53.213,Left,Released,1229,111
53.253,53.253,NoButton,Move,1229,111
53.256,53.256,NoButton,Move,1229,111
53.26,53.26,NoButton,Move,1229,112
53.274,53.274,NoButton,Move,1228,113
53.29,53.29,NoButton,Move,1224,116
53.307,53.307,NoButton,Move,1220,120
53.324,53.324,NoButton,Move,1212,126
53.34,53.34,NoButton,Move,1199,136
53.356,53.356,NoButton,Move,1188,147
53.374,53.374,NoButton,Move,1177,160
53.39,53.39,NoButton,Move,1162,176
53.406,53.406,NoButton,Move,1143,193
53.424,53.424,NoButton,Move,1117,214
53.44,53.44,NoButton,Move,1081,236
53.456,53.456,NoButton,Move,1021,262
53.473,53.473,NoButton,Move,969,280
53.49,53.49,NoButton,Move,925,288
53.507,53.507,NoButton,Move,894,289
53.524,53.524,NoButton,Move,874,287
53.54,53.54,NoButton,Move,865,281
53.556,53.556,NoButton,Move,859,272
53.574,53.574,NoButton,Move,859,263
53.59,53.59,NoButton,Move,860,254
53.606,53.606,NoButton,Move,862,247
53.624,53.624,NoButton,Move,862,243
53.64,53.64,NoButton,Move,861,241
53.656,53.656,NoButton,Move,860,239
53.673,53.673,NoButton,Move,859,238
53.69,53.69,NoButton,Move,859,237
53.707,53.707,NoButton,Move,860,235
53.724,53.724,NoButton,Move,860,232
53.74,53.74,NoButton,Move,861,230
53.757,53.757,NoButton,Move,861,226
53.774,53.774,NoButton,Move,862,222
53.79,53.79,NoButton,Move,862,218
53.807,53.807,NoButton,Move,861,215
53.823,53.823,NoButton,Move,860,212
53.84,53.84,NoButton,Move,859,209
53.856,53.856,NoButton,Move,858,204
53.873,53.873,NoButton,Move,857,202
53.89,53.89,NoButton,Move,857,201
53.943,53.943,Left,Pressed,857,201
54.039,54.039,Left,Released,857,201
54.062,54.062,NoButton,Move,857,201
54.066,54.066,NoButton,Move,857,202
54.073,54.073,NoButton,Move,856,202
54.09,54.09,NoButton,Move,855,204
54.107,54.107,NoButton,Move,852,209
54.124,54.124,NoButton,Move,848,213
54.14,54.14,NoButton,Move,842,220
54.157,54.157,NoButton,Move,831,232
54.173,54.173,NoButton,Move,818,244
54.19,54.19,NoButton,Move,804,257
54.207,54.207,NoButton,Move,789,272
54.223,54.223,NoButton,Move,776,287
54.24,54.24,NoButton,Move,766,299
54.256,54.256,NoButton,Move,759,309
54.274,54.274,NoButton,Move,758,313
54.29,54.29,NoButton,Move,758,316
54.306,54.306,NoButton,Move,761,316
54.324,54.324,NoButton,Move,768,315
54.34,54.34,NoButton,Move,782,311
54.356,54.356,NoButton,Move,812,298
54.373,54.373,NoButton,Move,843,280
54.39,54.39,NoButton,Move,877,259
54.407,54.407,NoButton,Move,909,236
54.423,54.423,NoButton,Move,938,216
54.44,54.44,NoButton,Move,966,198
54.456,54.456,NoButton,Move,997,182
54.474,54.474,NoButton,Move,1013,177
54.49,54.49,NoButton,Move,1024,174
54.507,54.507,NoButton,Move,1034,171
54.523,54.523,NoButton,Move,1044,171
54.54,54.54,NoButton,Move,1055,173
54.556,54.556,NoButton,Move,1073,177
54.573,54.573,NoButton,Move,1085,179
54.59,54.59,NoButton,Move,1096,179
54.606,54.606,NoButton,Move,1105,179
54.623,54.623,NoButton,Move,1114,179
54.64,54.64,NoButton,Move,1116,179
54.662,54.662,NoButton,Move,1116,179
54.673,54.673,NoButton,Move,1116,179
54.69,54.69,NoButton,Move,1116,179
54.706,54.706,NoButton,Move,1116,180
54.723,54.723,NoButton,Move,1116,180
54.74,54.74,NoButton,Move,1117,180
54.747,54.747,Left,Pressed,1117,180
54.747,54.747,NoButton,Drag,1117,181
54.758,54.758,NoButton,Drag,1117,181
54.83,54.83,NoButton,Drag,1117,181
54.862,54.862,Left,Released,1117,181
54.91,54.91,NoButton,Move,1117,181
54.914,54.914,NoButton,Move,1117,181
54.923,54.923,NoButton,Move,1117,182
54.94,54.94,NoButton,Move,1118,184
54.956,54.956,NoButton,Move,1120,187
54.973,54.973,NoButton,Move,1122,191
54.99,54.99,NoButton,Move,1125,195
55.006,55.006,NoButton,Move,1129,199
55.023,55.023,NoButton,Move,1132,202
55.039,55.039,NoButton,Move,1135,204
55.057,55.057,NoButton,Move,1137,205
55.073,55.073,NoButton,Move,1138,206
55.089,55.089,NoButton,Move,1139,207
55.106,55.106,NoButton,Move,1141,209
55.123,55.123,NoButton,Move,1142,209
55.14,55.14,NoButton,Move,1143,210
55.178,55.178,NoButton,Move,1143,210
55.253,55.253,Left,Pressed,1143,210
55.261,55.261,NoButton,Drag,1143,210
55.296,55.296,NoButton,Drag,1143,210
55.333,55.333,Left,Released,1143,210
55.436,55.436,NoButton,Move,1143,210
55.452,55.452,NoButton,Move,1143,210
55.464,55.464,NoButton,Move,1143,210
55.473,55.473,NoButton,Move,1143,211
55.489,55.489,NoButton,Move,1143,211
55.506,55.506,NoButton,Move,1143,211
55.523,55.523,NoButton,Move,1142,211
55.54,55.54,NoButton,Move,1142,212
55.557,55.557,NoButton,Move,1138,214
55.573,55.573,NoButton,Move,1133,217
55.59,55.59,NoButton,Move,1121,223
55.606,55.606,NoButton,Move,1100,234
55.623,55.623,NoButton,Move,1074,250
55.64,55.64,NoButton,Move,1044,275
55.656,55.656,NoButton,Move,991,319
55.673,55.673,NoButton,Move,940,369
55.69,55.69,NoButton,Move,892,434
55.707,55.707,NoButton,Move,851,505
55.724,55.724,NoButton,Move,815,574
55.74,55.74,NoButton,Move,786,639
55.756,55.756,NoButton,Move,761,709
55.773,55.773,NoButton,Move,748,758
55.79,55.79,NoButton,Move,734,805
55.806,55.806,NoButton,Move,716,862
55.823,55.823,NoButton,Move,703,899
55.84,55.84,NoButton,Move,687,899
55.857,55.857,NoButton,Move,672,899
55.873,55.873,NoButton,Move,659,899
55.89,55.89,NoButton,Move,648,899
55.906,55.906,NoButton,Move,643,899
55.924,55.924,NoButton,Move,642,899
55.939,55.939,NoButton,Move,642,899
55.957,55.957,NoButton,Move,641,899
55.973,55.973,NoButton,Move,640,898
55.99,55.99,NoButton,Move,637,897
56.006,56.006,NoButton,Move,629,891
56.023,56.023,NoButton,Move,620,884
56.039,56.039,NoButton,Move,609,877
56.056,56.056,NoButton,Move,599,870
56.074,56.074,NoButton,Move,588,863
56.09,56.09,NoButton,Move,581,856
56.107,56.107,NoButton,Move,577,852
56.123,56.123,NoButton,Move,576,850
56.141,56.141,NoButton,Move,576,847
56.157,56.157,NoButton,Move,577,843
56.173,56.173,NoButton,Move,579,839
56.19,56.19,NoButton,Move,582,835
56.206,56.206,NoButton,Move,584,831
56.224,56.224,NoButton,Move,585,830
56.275,56.275,NoButton,Move,585,830
56.298,56.298,NoButton,Move,585,830
56.313,56.313,Left,Pressed,585,830
56.416,56.416,NoButton,Drag,585,830
56.428,56.428,Left,Released,585,830
56.468,56.468,NoButton,Move,585,830
56.48,56.48,NoButton,Move,585,830
56.484,56.484,NoButton,Move,585,829
56.492,56.492,NoButton,Move,584,829
56.507,56.507,NoButton,Move,583,829
56.523,56.523,NoButton,Move,581,829
56.54,56.54,NoButton,Move,577,829
56.556,56.556,NoButton,Move,570,829
56.573,56.573,NoButton,Move,564,829
56.59,56.59,NoButton,Move,560,830
56.607,56.607,NoButton,Move,558,830
56.624,56.624,NoButton,Move,558,830
56.64,56.64,NoButton,Move,558,830
56.656,56.656,NoButton,Move,560,830
56.673,56.673,NoButton,Move,569,829
56.689,56.689,NoButton,Move,587,822
56.707,56.707,NoButton,Move,613,807
56.723,56.723,NoButton,Move,641,788
56.739,56.739,NoButton,Move,670,761
56.756,56.756,NoButton,Move,709,724
56.773,56.773,NoButton,Move,745,691
56.79,56.79,NoButton,Move,780,658
56.807,56.807,NoButton,Move,809,628
56.823,56.823,NoButton,Move,825,607
56.84,56.84,NoButton,Move,836,590
56.856,56.856,NoButton,Move,843,572
56.873,56.873,NoButton,Move,847,561
56.89,56.89,NoButton,Move,851,553
56.907,56.907,NoButton,Move,855,547
56.924,56.924,NoButton,Move,859,540
56.939,56.939,NoButton,Move,861,535
56.956,56.956,NoButton,Move,864,530
56.973,56.973,NoButton,Move,867,524
56.99,56.99,NoButton,Move,871,516
57.006,57.006,NoButton,Move,879,503
57.023,57.023,NoButton,Move,887,491
57.04,57.04,NoButton,Move,894,483
57.056,57.056,NoButton,Move,906,466
57.074,57.074,NoButton,Move,915,453
57.09,57.09,NoButton,Move,925,441
57.107,57.107,NoButton,Move,935,428
57.123,57.123,NoButton,Move,942,420
57.139,57.139,NoButton,Move,948,414
57.157,57.157,NoButton,Move,953,409
57.173,57.173,NoButton,Move,956,405
57.19,57.19,NoButton,Move,960,403
57.207,57.207,NoButton,Move,962,402
57.223,57.223,NoButton,Move,964,400
57.24,57.24,NoButton,Move,966,399
57.257,57.257,NoButton,Move,967,398
57.274,57.274,NoButton,Move,968,398
57.29,57.29,NoButton,Move,969,397
57.306,57.306,NoButton,Move,969,397
57.326,57.326,NoButton,Move,969,397
57.34,57.34,NoButton,Move,970,397
57.357,57.357,NoButton,Move,970,396
57.374,57.374,NoButton,Move,971,396
57.39,57.39,NoButton,Move,972,395
57.406,57.406,NoButton,Move,974,393
57.423,57.423,NoButton,Move,978,390
57.44,57.44,NoButton,Move,981,388
57.456,57.456,NoButton,Move,984,385
57.473,57.473,NoButton,Move,985,385
57.49,57.49,NoButton,Move,985,384
57.573,57.573,Left,Pressed,985,384
57.676,57.676,Left,Released,985,384
57.796,57.796,NoButton,Move,985,384
57.804,57.804,NoButton,Move,984,385
57.812,57.812,NoButton,Move,984,385
57.823,57.823,NoButton,Move,984,385
57.84,57.84,NoButton,Move,983,386
57.856,57.856,NoButton,Move,981,387
57.874,57.874,NoButton,Move,978,389
57.89,57.89,NoButton,Move,975,392
57.906,57.906,NoButton,Move,972,397
57.923,57.923,NoButton,Move,968,403
57.94,57.94,NoButton,Move,963,414
57.956,57.956,NoButton,Move,957,433
57.973,57.973,NoButton,Move,951,455
57.99,57.99,NoButton,Move,948,484
58.006,58.006,NoButton,Move,948,527
58.023,58.023,NoButton,Move,957,565
58.04,58.04,NoButton,Move,967,602
58.056,58.056,NoButton,Move,976,636
58.073,58.073,NoButton,Move,985,667
58.09,58.09,NoButton,Move,995,699
58.106,58.106,NoButton,Move,1008,731
58.123,58.123,NoButton,Move,1019,749
58.14,58.14,NoButton,Move,1025,760
58.147,58.147,NoButton,Move,1027,761
58.156,58.156,Left,Pressed,1027,761
58.157,58.157,NoButton,Drag,1029,765
58.158,58.158,NoButton,Drag,1029,765
58.199,58.199,Left,Released,1029,765
58.21,58.21,NoButton,Move,1029,765
58.214,58.214,NoButton,Move,1029,764
58.223,58.223,NoButton,Move,1029,762
58.24,58.24,NoButton,Move,1027,754
58.256,58.256,NoButton,Move,1024,744
58.273,58.273,NoButton,Move,1021,736
58.29,58.29,NoButton,Move,1015,728
58.306,58.306,NoButton,Move,1009,721
58.323,58.323,NoButton,Move,1006,717
58.34,58.34,NoButton,Move,1003,715
58.356,58.356,NoButton,Move,1001,714
58.373,58.373,NoButton,Move,999,713
58.39,58.39,NoButton,Move,997,711
58.406,58.406,NoButton,Move,994,709
58.423,58.423,NoButton,Move,992,707
58.44,58.44,NoButton,Move,990,705
58.457,58.457,NoButton,Move,987,702
58.473,58.473,NoButton,Move,985,700
58.49,58.49,NoButton,Move,982,697
58.506,58.506,NoButton,Move,978,692
58.523,58.523,NoButton,Move,974,686
58.54,58.54,NoButton,Move,969,681
58.556,58.556,NoButton,Move,963,675
58.573,58.573,NoButton,Move,961,674
58.59,58.59,NoButton,Move,961,674
58.625,58.625,Left,Pressed,961,674
58.713,58.713,Left,Released,961,674
58.753,58.753,NoButton,Move,961,674
58.76,58.76,NoButton,Move,960,674
58.773,58.773,NoButton,Move,960,674
58.789,58.789,NoButton,Move,958,674
58.807,58.807,NoButton,Move,956,675
58.823,58.823,NoButton,Move,953,675
58.84,58.84,NoButton,Move,951,676
58.856,58.856,NoButton,Move,949,675
58.873,58.873,NoButton,Move,949,675
59.017,59.017,Left,Pressed,949,675
59.076,59.076,Left,Released,949,675
59.094,59.094,NoButton,Move,948,675
59.126,59.126,NoButton,Move,948,675
59.15,59.15,NoButton,Move,948,675
59.158,59.158,NoButton,Move,948,675
59.174,59.174,NoButton,Move,947,674
59.189,59.189,NoButton,Move,946,674
59.206,59.206,NoButton,Move,944,674
59.223,59.223,NoButton,Move,941,674
59.24,59.24,NoButton,Move,938,674
59.257,59.257,NoButton,Move,935,674
59.273,59.273,NoButton,Move,932,675
59.29,59.29,NoButton,Move,929,675
59.306,59.306,NoButton,Move,923,676
59.323,59.323,NoButton,Move,914,679
59.34,59.34,NoButton,Move,895,681
59.357,59.357,NoButton,Move,862,683
59.374,59.374,NoButton,Move,815,686
59.39,59.39,NoButton,Move,761,687
59.406,59.406,NoButton,Move,700,688
59.424,59.424,NoButton,Move,665,688
59.44,59.44,NoButton,Move,642,689
59.457,59.457,NoButton,Move,631,691
59.474,59.474,NoButton,Move,627,692
59.57,59.57,NoButton,Move,627,692
59.586,59.586,NoButton,Move,627,692
59.59,59.59,NoButton,Move,627,691
59.606,59.606,NoButton,Move,627,691
59.623,59.623,NoButton,Move,627,689
59.64,59.64,NoButton,Move,627,687
59.656,59.656,NoButton,Move,627,685
59.673,59.673,NoButton,Move,628,684
59.689,59.689,NoButton,Move,630,682
59.707,59.707,NoButton,Move,630,680
59.724,59.724,NoButton,Move,631,678
59.739,59.739,NoButton,Move,633,677
59.756,59.756,NoButton,Move,635,675
59.774,59.774,NoButton,Move,637,674
59.79,59.79,NoButton,Move,640,673
59.807,59.807,NoButton,Move,642,672
59.823,59.823,NoButton,Move,643,671
59.84,59.84,NoButton,Move,645,671
59.856,59.856,NoButton,Move,648,671
59.874,59.874,NoButton,Move,651,671
59.89,59.89,NoButton,Move,653,671
59.907,59.907,NoButton,Move,653,671
59.909,59.909,Left,Pressed,653,671
59.916,59.916,NoButton,Drag,654,671
59.981,59.981,Left,Released,654,671
60.149,60.149,NoButton,Move,654,671
60.156,60.156,NoButton,Move,654,670
60.173,60.173,NoButton,Move,655,668
60.19,60.19,NoButton,Move,656,663
60.207,60.207,NoButton,Move,661,656
60.223,60.223,NoButton,Move,666,646
60.24,60.24,NoButton,Move,675,625
60.257,60.257,NoButton,Move,680,602
60.273,60.273,NoButton,Move,684,569
60.29,60.29,NoButton,Move,686,520
60.306,60.306,NoButton,Move,686,449
60.324,60.324,NoButton,Move,684,386
60.34,60.34,NoButton,Move,681,327
60.356,60.356,NoButton,Move,677,271
60.373,60.373,NoButton,Move,670,221
60.389,60.389,NoButton,Move,666,183
60.407,60.407,NoButton,Move,665,149
60.423,60.423,NoButton,Move,665,130
60.44,60.44,NoButton,Move,664,117
60.456,60.456,NoButton,Move,664,107
60.473,60.473,NoButton,Move,663,103
60.49,60.49,NoButton,Move,663,102
60.574,60.574,NoButton,Move,663,102
60.578,60.578,NoButton,Move,663,102
60.59,60.59,NoButton,Move,663,101
60.607,60.607,NoButton,Move,663,101
60.624,60.624,NoButton,Move,663,101
60.654,60.654,NoButton,Move,663,101
60.67,60.67,NoButton,Move,663,101
60.674,60.674,NoButton,Move,662,101
60.69,60.69,NoButton,Move,661,103
60.706,60.706,NoButton,Move,660,107
60.723,60.723,NoButton,Move,659,112
60.739,60.739,NoButton,Move,657,118
60.757,60.757,NoButton,Move,656,124
60.773,60.773,NoButton,Move,655,129
60.789,60.789,NoButton,Move,655,135
60.806,60.806,NoButton,Move,655,138
60.823,60.823,NoButton,Move,655,140
60.84,60.84,NoButton,Move,655,140
60.925,60.925,Left,Pressed,655,140
60.973,60.973,Left,Released,655,140
61.036,61.036,NoButton,Move,655,140
61.04,61.04,NoButton,Move,655,141
61.044,61.044,NoButton,Move,655,141
61.056,61.056,NoButton,Move,655,142
61.073,61.073,NoButton,Move,654,146
61.09,61.09,NoButton,Move,654,151
61.106,61.106,NoButton,Move,655,157
61.124,61.124,NoButton,Move,657,166
61.14,61.14,NoButton,Move,659,176
61.157,61.157,NoButton,Move,663,192
61.174,61.174,NoButton,Move,667,205
61.19,61.19,NoButton,Move,669,218
61.206,61.206,NoButton,Move,669,231
61.224,61.224,NoButton,Move,667,245
61.24,61.24,NoButton,Move,662,261
61.256,61.256,NoButton,Move,651,276
61.273,61.273,NoButton,Move,642,285
61.29,61.29,NoButton,Move,630,291
61.306,61.306,NoButton,Move,615,296
61.323,61.323,NoButton,Move,595,298
61.34,61.34,NoButton,Move,576,299
61.356,61.356,NoButton,Move,548,299
61.374,61.374,NoButton,Move,525,298
61.39,61.39,NoButton,Move,501,296
61.406,61.406,NoButton,Move,472,294
61.423,61.423,NoButton,Move,453,293
61.44,61.44,NoButton,Move,440,293
61.456,61.456,NoButton,Move,428,293
61.473,61.473,NoButton,Move,419,294
61.49,61.49,NoButton,Move,413,297
61.506,61.506,NoButton,Move,411,298
61.523,61.523,NoButton,Move,410,299
61.54,61.54,NoButton,Move,410,300
61.556,61.556,NoButton,Move,410,301
61.573,61.573,NoButton,Move,410,301
61.687,61.687,Left,Pressed,410,301
61.726,61.726,NoButton,Drag,410,301
61.734,61.734,NoButton,Drag,410,301
61.742,61.742,NoButton,Drag,410,302
61.75,61.75,Left,Released,410,302
61.754,61.754,NoButton,Move,410,302
61.762,61.762,NoButton,Move,410,302
61.773,61.773,NoButton,Move,409,302
61.789,61.789,NoButton,Move,408,303
61.806,61.806,NoButton,Move,407,304
61.823,61.823,NoButton,Move,405,305
61.84,61.84,NoButton,Move,402,306
61.856,61.856,NoButton,Move,399,307
61.873,61.873,NoButton,Move,396,309
61.89,61.89,NoButton,Move,393,310
61.906,61.906,NoButton,Move,392,311
61.924,61.924,NoButton,Move,391,311
62.001,62.001,Left,Pressed,391,311
62.056,62.056,Left,Released,391,311
62.064,62.064,NoButton,Move,391,311
62.152,62.152,NoButton,Move,391,311
62.16,62.16,NoButton,Move,390,311
62.173,62.173,NoButton,Move,390,311
62.19,62.19,NoButton,Move,390,312
62.207,62.207,NoButton,Move,389,312
62.223,62.223,NoButton,Move,389,312
62.248,62.248,NoButton,Move,389,313
62.272,62.272,NoButton,Move,389,313
62.28,62.28,NoButton,Move,389,313
62.29,62.29,NoButton,Move,389,313
62.306,62.306,NoButton,Move,389,314
62.324,62.324,NoButton,Move,389,314
62.34,62.34,NoButton,Move,390,315
62.356,62.356,NoButton,Move,396,317
62.373,62.373,NoButton,Move,407,320
62.39,62.39,NoButton,Move,428,326
62.407,62.407,NoButton,Move,460,334
62.424,62.424,NoButton,Move,506,348
62.44,62.44,NoButton,Move,562,366
62.456,62.456,NoButton,Move,655,400
62.474,62.474,NoButton,Move,736,433
62.49,62.49,NoButton,Move,821,468
62.507,62.507,NoButton,Move,902,505
62.523,62.523,NoButton,Move,974,538
62.54,62.54,NoButton,Move,1048,574
62.556,62.556,NoButton,Move,1087,593
62.573,62.573,NoButton,Move,1111,608
62.59,62.59,NoButton,Move,1127,619
62.606,62.606,NoButton,Move,1138,630
62.623,62.623,NoButton,Move,1144,638
62.64,62.64,NoButton,Move,1149,645
62.657,62.657,NoButton,Move,1153,650
62.673,62.673,NoButton,Move,1156,655
62.69,62.69,NoButton,Move,1159,657
62.706,62.706,NoButton,Move,1162,659
62.723,62.723,NoButton,Move,1164,660
62.74,62.74,NoButton,Move,1167,661
62.757,62.757,NoButton,Move,1168,661
62.773,62.773,NoButton,Move,1169,661
62.79,62.79,NoButton,Move,1173,660
62.806,62.806,NoButton,Move,1181,659
62.824,62.824,NoButton,Move,1189,657
62.84,62.84,NoButton,Move,1195,656
62.857,62.857,NoButton,Move,1201,656
62.873,62.873,NoButton,Move,1205,656
62.89,62.89,NoButton,Move,1208,656
62.906,62.906,NoButton,Move,1212,657
62.923,62.923,NoButton,Move,1215,658
62.94,62.94,NoButton,Move,1217,658
62.957,62.957,NoButton,Move,1220,659
62.973,62.973,NoButton,Move,1222,659
62.99,62.99,NoButton,Move,1223,659
63.007,63.007,Left,Pressed,1223,659
63.022,63.022,NoButton,Drag,1223,660
63.089,63.089,Left,Released,1223,660
63.11,63.11,NoButton,Move,1223,660
63.188,63.188,NoButton,Move,1223,660
63.192,63.192,NoButton,Move,1223,660
63.206,63.206,NoButton,Move,1222,659
63.223,63.223,NoButton,Move,1219,659
63.24,63.24,NoButton,Move,1213,659
63.256,63.256,NoButton,Move,1203,660
63.273,63.273,NoButton,Move,1192,661
63.29,63.29,NoButton,Move,1179,662
63.306,63.306,NoButton,Move,1161,663
63.324,63.324,NoButton,Move,1136,663
63.341,63.341,NoButton,Move,1092,662
63.356,63.356,NoButton,Move,1048,657
63.373,63.373,NoButton,Move,995,647
63.39,63.39,NoButton,Move,938,632
63.406,63.406,NoButton,Move,884,613
63.423,63.423,NoButton,Move,835,592
63.44,63.44,NoButton,Move,798,569
63.456,63.456,NoButton,Move,765,539
63.473,63.473,NoButton,Move,748,517
63.489,63.489,NoButton,Move,739,496
63.507,63.507,NoButton,Move,733,472
63.524,63.524,NoButton,Move,730,446
63.54,63.54,NoButton,Move,730,420
63.556,63.556,NoButton,Move,731,389
63.573,63.573,NoButton,Move,736,364
63.59,63.59,NoButton,Move,743,340
63.606,63.606,NoButton,Move,751,318
63.624,63.624,NoButton,Move,762,294
63.639,63.639,NoButton,Move,773,270
63.656,63.656,NoButton,Move,784,243
63.673,63.673,NoButton,Move,791,225
63.69,63.69,NoButton,Move,798,209
63.706,63.706,NoButton,Move,807,192
63.723,63.723,NoButton,Move,811,182
63.74,63.74,NoButton,Move,815,174
63.757,63.757,NoButton,Move,818,169
63.773,63.773,NoButton,Move,819,167
63.79,63.79,NoButton,Move,819,166
63.952,63.952,NoButton,Move,819,166
63.979,63.979,Left,Pressed,819,166
63.98,63.98,NoButton,Drag,819,166
64.022,64.022,NoButton,Drag,820,166
64.058,64.058,Left,Released,820,166
64.079,64.079,NoButton,Move,820,166
64.09,64.09,NoButton,Move,820,167
64.106,64.106,NoButton,Move,820,170
64.123,64.123,NoButton,Move,819,173
64.14,64.14,NoButton,Move,818,178
64.156,64.156,NoButton,Move,816,185
64.173,64.173,NoButton,Move,811,194
64.19,64.19,NoButton,Move,804,204
64.206,64.206,NoButton,Move,795,217
64.223,64.223,NoButton,Move,786,227
64.24,64.24,NoButton,Move,774,237
64.257,64.257,NoButton,Move,761,247
64.273,64.273,NoButton,Move,741,259
64.29,64.29,NoButton,Move,720,270
64.307,64.307,NoButton,Move,696,280
64.324,64.324,NoButton,Move,671,288
64.339,64.339,NoButton,Move,645,295
64.356,64.356,NoButton,Move,609,300
64.374,64.374,NoButton,Move,574,302
64.39,64.39,NoButton,Move,540,302
64.407,64.407,NoButton,Move,506,303
64.424,64.424,NoButton,Move,476,302
64.44,64.44,NoButton,Move,448,300
64.456,64.456,NoButton,Move,420,293
64.473,64.473,NoButton,Move,405,289
64.49,64.49,NoButton,Move,396,284
64.507,64.507,NoButton,Move,389,279
64.523,64.523,NoButton,Move,383,272
64.54,64.54,NoButton,Move,378,265
64.556,64.556,NoButton,Move,374,255
64.573,64.573,NoButton,Move,372,248
64.59,64.59,NoButton,Move,371,240
64.607,64.607,NoButton,Move,368,229
64.624,64.624,NoButton,Move,365,217
64.64,64.64,NoButton,Move,362,204
64.656,64.656,NoButton,Move,354,188
64.673,64.673,NoButton,Move,345,175
64.69,64.69,NoButton,Move,337,161
64.706,64.706,NoButton,Move,328,150
64.723,64.723,NoButton,Move,322,139
64.74,64.74,NoButton,Move,317,131
64.756,64.756,NoButton,Move,313,124
64.774,64.774,NoButton,Move,312,122
64.789,64.789,NoButton,Move,312,121
65.067,65.067,Left,Pressed,312,121
65.09,65.09,NoButton,Drag,312,121
65.106,65.106,NoButton,Drag,312,121
65.11,65.11,NoButton,Drag,313,121
65.114,65.114,NoButton,Drag,313,121
65.118,65.118,NoButton,Drag,313,121
65.122,65.122,NoButton,Drag,313,122
65.126,65.126,NoButton,Drag,314,122
65.13,65.13,NoButton,Drag,314,122
65.134,65.134,NoButton,Drag,315,123
65.138,65.138,NoButton,Drag,315,123
65.142,65.142,NoButton,Drag,316,124
65.146,65.146,NoButton,Drag,318,124
65.151,65.151,NoButton,Drag,319,125
65.154,65.154,NoButton,Drag,321,126
65.158,65.158,NoButton,Drag,323,128
65.162,65.162,NoButton,Drag,326,129
65.167,65.167,NoButton,Drag,330,131
65.17,65.17,NoButton,Drag,333,132
65.174,65.174,NoButton,Drag,337,134
65.178,65.178,NoButton,Drag,342,135
65.182,65.182,NoButton,Drag,348,137
65.186,65.186,NoButton,Drag,354,140
65.19,65.19,NoButton,Drag,362,142
65.194,65.194,NoButton,Drag,370,145
65.198,65.198,NoButton,Drag,378,148
65.202,65.202,NoButton,Drag,388,151
65.206,65.206,NoButton,Drag,399,154
65.21,65.21,NoButton,Drag,411,159
65.214,65.214,NoButton,Drag,424,163
65.218,65.218,NoButton,Drag,438,169
65.222,65.222,NoButton,Drag,453,175
65.226,65.226,NoButton,Drag,468,181
65.23,65.23,NoButton,Drag,486,189
65.234,65.234,NoButton,Drag,504,197
65.238,65.238,NoButton,Drag,523,205
65.242,65.242,NoButton,Drag,542,215
65.246,65.246,NoButton,Drag,562,225
65.25,65.25,NoButton,Drag,582,236
65.254,65.254,NoButton,Drag,602,246
65.258,65.258,NoButton,Drag,622,256
65.262,65.262,NoButton,Drag,644,267
65.266,65.266,NoButton,Drag,664,278
65.27,65.27,NoButton,Drag,685,289
65.274,65.274,NoButton,Drag,705,300
65.278,65.278,NoButton,Drag,725,312
65.282,65.282,NoButton,Drag,747,323
65.286,65.286,NoButton,Drag,769,336
65.29,65.29,NoButton,Drag,789,347
65.294,65.294,NoButton,Drag,811,360
65.298,65.298,NoButton,Drag,833,373
65.302,65.302,NoButton,Drag,855,386
65.306,65.306,NoButton,Drag,875,399
65.31,65.31,NoButton,Drag,896,412
65.314,65.314,NoButton,Drag,918,427
65.318,65.318,NoButton,Drag,939,440
65.322,65.322,NoButton,Drag,960,455
65.326,65.326,NoButton,Drag,982,471
65.33,65.33,NoButton,Drag,1003,485
65.334,65.334,NoButton,Drag,1025,502
65.338,65.338,NoButton,Drag,1048,519
65.342,65.342,NoButton,Drag,1071,537
65.346,65.346,NoButton,Drag,1093,556
65.35,65.35,NoButton,Drag,1116,576
65.354,65.354,NoButton,Drag,1140,597
65.358,65.358,NoButton,Drag,1163,617
65.362,65.362,NoButton,Drag,1187,637
65.366,65.366,NoButton,Drag,1213,659
65.37,65.37,NoButton,Drag,1235,679
65.374,65.374,NoButton,Drag,1259,700
65.378,65.378,NoButton,Drag,1284,723
65.382,65.382,NoButton,Drag,1309,746
65.386,65.386,NoButton,Drag,1331,766
65.39,65.39,NoButton,Drag,1354,786
65.394,65.394,NoButton,Drag,1377,806
65.398,65.398,NoButton,Drag,1396,821
65.402,65.402,NoButton,Drag,1416,840
65.406,65.406,NoButton,Drag,1434,855
65.41,65.41,NoButton,Drag,1439,868
65.414,65.414,NoButton,Drag,1439,882
65.418,65.418,NoButton,Drag,1439,896
65.422,65.422,NoButton,Drag,1439,899
65.427,65.427,NoButton,Drag,1439,899
65.43,65.43,NoButton,Drag,1439,899
65.432,65.432,NoButton,Drag,1439,899
65.438,65.438,NoButton,Drag,1439,899
65.44,65.44,NoButton,Drag,1439,899
65.444,65.444,NoButton,Drag,1439,899
65.448,65.448,NoButton,Drag,1439,899
65.452,65.452,NoButton,Drag,1439,899
65.456,65.456,NoButton,Drag,1439,899
65.46,65.46,NoButton,Drag,1439,899
65.464,65.464,NoButton,Drag,1439,899
65.468,65.468,NoButton,Drag,1439,899
65.472,65.472,NoButton,Drag,1439,899
65.476,65.476,NoButton,Drag,1439,899
65.48,65.48,NoButton,Drag,1439,899
65.488,65.488,NoButton,Drag,1439,899
65.524,65.524,NoButton,Drag,1439,899
65.54,65.54,NoButton,Drag,1439,899
65.544,65.544,NoButton,Drag,1439,899
65.548,65.548,NoButton,Drag,1439,899
65.552,65.552,NoButton,Drag,1439,899
65.556,65.556,NoButton,Drag,1439,898
65.56,65.56,NoButton,Drag,1439,898
65.565,65.565,NoButton,Drag,1439,897
65.568,65.568,NoButton,Drag,1439,897
65.572,65.572,NoButton,Drag,1439,897
65.576,65.576,NoButton,Drag,1439,896
65.58,65.58,NoButton,Drag,1439,896
65.584,65.584,NoButton,Drag,1439,895
65.588,65.588,NoButton,Drag,1439,895
65.592,65.592,NoButton,Drag,1439,895
65.596,65.596,NoButton,Drag,1439,894
65.604,65.604,NoButton,Drag,1439,894
65.608,65.608,NoButton,Drag,1439,894
65.612,65.612,NoButton,Drag,1439,893
65.616,65.616,NoButton,Drag,1439,893
65.62,65.62,NoButton,Drag,1439,893
65.624,65.624,NoButton,Drag,1438,892
65.632,65.632,NoButton,Drag,1438,891
65.636,65.636,NoButton,Drag,1438,891
65.64,65.64,NoButton,Drag,1438,891
65.644,65.644,NoButton,Drag,1438,890
65.648,65.648,NoButton,Drag,1437,890
65.652,65.652,NoButton,Drag,1437,889
65.656,65.656,NoButton,Drag,1436,888
65.66,65.66,NoButton,Drag,1436,887
65.664,65.664,NoButton,Drag,1435,886
65.668,65.668,NoButton,Drag,1434,884
65.672,65.672,NoButton,Drag,1433,882
65.676,65.676,NoButton,Drag,1432,881
65.68,65.68,NoButton,Drag,1430,878
65.685,65.685,NoButton,Drag,1428,876
65.688,65.688,NoButton,Drag,1426,874
65.692,65.692,NoButton,Drag,1425,872
65.696,65.696,NoButton,Drag,1422,869
65.7,65.7,NoButton,Drag,1420,867
65.704,65.704,NoButton,Drag,1418,864
65.708,65.708,NoButton,Drag,1416,862
65.712,65.712,NoButton,Drag,1414,859
65.716,65.716,NoButton,Drag,1412,856
65.72,65.72,NoButton,Drag,1410,853
65.724,65.724,NoButton,Drag,1408,850
65.728,65.728,NoButton,Drag,1405,847
65.732,65.732,NoButton,Drag,1402,844
65.736,65.736,NoButton,Drag,1399,841
65.74,65.74,NoButton,Drag,1397,838
65.744,65.744,NoButton,Drag,1394,835
65.748,65.748,NoButton,Drag,1392,832
65.752,65.752,NoButton,Drag,1390,829
65.756,65.756,NoButton,Drag,1387,826
65.76,65.76,NoButton,Drag,1385,823
65.764,65.764,NoButton,Drag,1384,821
65.768,65.768,NoButton,Drag,1382,818
65.772,65.772,NoButton,Drag,1381,816
65.776,65.776,NoButton,Drag,1379,813
65.78,65.78,NoButton,Drag,1378,811
65.784,65.784,NoButton,Drag,1377,809
65.788,65.788,NoButton,Drag,1376,808
65.792,65.792,NoButton,Drag,1376,807
65.796,65.796,NoButton,Drag,1375,806
65.8,65.8,NoButton,Drag,1375,805
65.804,65.804,NoButton,Drag,1374,805
65.808,65.808,NoButton,Drag,1374,804
65.812,65.812,NoButton,Drag,1374,804
65.816,65.816,NoButton,Drag,1374,803
65.82,65.82,NoButton,Drag,1374,803
65.824,65.824,NoButton,Drag,1373,802
65.828,65.828,NoButton,Drag,1373,802
65.832,65.832,NoButton,Drag,1373,801
65.836,65.836,NoButton,Drag,1373,801
65.84,65.84,NoButton,Drag,1373,801
65.844,65.844,NoButton,Drag,1373,800
65.848,65.848,NoButton,Drag,1373,800
65.852,65.852,NoButton,Drag,1373,800
65.856,65.856,NoButton,Drag,1373,799
65.86,65.86,NoButton,Drag,1373,799
65.864,65.864,NoButton,Drag,1372,798
65.868,65.868,NoButton,Drag,1372,798
65.872,65.872,NoButton,Drag,1372,798
65.876,65.876,NoButton,Drag,1372,797
65.88,65.88,NoButton,Drag,1372,797
65.884,65.884,NoButton,Drag,1372,797
65.888,65.888,NoButton,Drag,1372,796
65.892,65.892,NoButton,Drag,1372,795
65.896,65.896,NoButton,Drag,1371,795
65.9,65.9,NoButton,Drag,1371,794
65.904,65.904,NoButton,Drag,1371,794
65.908,65.908,NoButton,Drag,1370,794
65.912,65.912,NoButton,Drag,1370,793
65.916,65.916,NoButton,Drag,1370,792
65.92,65.92,NoButton,Drag,1370,791
65.924,65.924,NoButton,Drag,1369,791
65.928,65.928,NoButton,Drag,1369,790
65.932,65.932,NoButton,Drag,1369,789
65.936,65.936,NoButton,Drag,1369,789
65.94,65.94,NoButton,Drag,1369,788
65.944,65.944,NoButton,Drag,1368,787
65.948,65.948,NoButton,Drag,1368,787
65.952,65.952,NoButton,Drag,1368,786
65.956,65.956,NoButton,Drag,1367,784
65.96,65.96,NoButton,Drag,1367,783
65.964,65.964,NoButton,Drag,1367,782
65.968,65.968,NoButton,Drag,1366,781
65.972,65.972,NoButton,Drag,1366,781
65.976,65.976,NoButton,Drag,1366,780
65.98,65.98,NoButton,Drag,1366,779
65.984,65.984,NoButton,Drag,1365,777
65.988,65.988,NoButton,Drag,1365,776
65.992,65.992,NoButton,Drag,1365,775
65.996,65.996,NoButton,Drag,1365,775
66,66,NoButton,Drag,1364,774
66.004,66.004,NoButton,Drag,1364,773
66.008,66.008,NoButton,Drag,1364,772
66.01,66.01,NoButton,Drag,1364,771
66.014,66.014,NoButton,Drag,1364,771
66.018,66.018,NoButton,Drag,1364,770
66.022,66.022,NoButton,Drag,1363,770
66.026,66.026,NoButton,Drag,1363,769
66.03,66.03,NoButton,Drag,1363,769
66.034,66.034,NoButton,Drag,1363,768
66.038,66.038,NoButton,Drag,1363,768
66.042,66.042,NoButton,Drag,1363,767
66.046,66.046,NoButton,Drag,1363,767
66.05,66.05,NoButton,Drag,1363,767
66.054,66.054,NoButton,Drag,1363,767
66.062,66.062,Left,Released,1363,767
66.098,66.098,NoButton,Move,1363,766
66.111,66.111,NoButton,Move,1362,766
66.114,66.114,NoButton,Move,1362,766
66.123,66.123,NoButton,Move,1361,766
66.139,66.139,NoButton,Move,1357,768
66.157,66.157,NoButton,Move,1350,770
66.173,66.173,NoButton,Move,1341,774
66.19,66.19,NoButton,Move,1329,778
66.206,66.206,NoButton,Move,1308,784
66.223,66.223,NoButton,Move,1287,788
66.24,66.24,NoButton,Move,1268,792
66.256,66.256,NoButton,Move,1251,792
66.273,66.273,NoButton,Move,1232,788
66.289,66.289,NoButton,Move,1212,781
66.306,66.306,NoButton,Move,1185,771
66.323,66.323,NoButton,Move,1161,761
66.34,66.34,NoButton,Move,1135,749
66.356,66.356,NoButton,Move,1109,736
66.373,66.373,NoButton,Move,1084,722
66.389,66.389,NoButton,Move,1060,706
66.406,66.406,NoButton,Move,1027,683
66.423,66.423,NoButton,Move,997,665
66.44,66.44,NoButton,Move,964,645
66.456,66.456,NoButton,Move,931,624
66.473,66.473,NoButton,Move,897,600
66.489,66.489,NoButton,Move,863,576
66.506,66.506,NoButton,Move,823,542
66.523,66.523,NoButton,Move,795,519
66.54,66.54,NoButton,Move,769,496
66.556,66.556,NoButton,Move,750,475
66.574,66.574,NoButton,Move,735,455
66.59,66.59,NoButton,Move,718,433
66.606,66.606,NoButton,Move,706,417
66.623,66.623,NoButton,Move,695,402
66.64,66.64,NoButton,Move,686,392
66.656,66.656,NoButton,Move,676,382
66.674,66.674,NoButton,Move,669,378
66.69,66.69,NoButton,Move,663,375
66.707,66.707,NoButton,Move,660,374
66.723,66.723,NoButton,Move,657,374
66.739,66.739,NoButton,Move,652,375
66.756,66.756,NoButton,Move,641,378
66.773,66.773,NoButton,Move,632,381
66.79,66.79,NoButton,Move,627,383
66.807,66.807,NoButton,Move,623,384
66.824,66.824,NoButton,Move,620,385
66.84,66.84,NoButton,Move,615,386
66.856,66.856,NoButton,Move,609,387
66.873,66.873,NoButton,Move,604,387
66.889,66.889,NoButton,Move,599,387
66.906,66.906,NoButton,Move,593,387
66.923,66.923,NoButton,Move,584,388
66.94,66.94,NoButton,Move,570,388
66.956,66.956,NoButton,Move,551,387
66.974,66.974,NoButton,Move,539,384
66.99,66.99,NoButton,Move,525,381
67.007,67.007,NoButton,Move,512,377
67.023,67.023,NoButton,Move,500,374
67.04,67.04,NoButton,Move,493,372
67.056,67.056,NoButton,Move,491,371
67.222,67.222,NoButton,Move,491,371
67.25,67.25,NoButton,Move,492,371
67.257,67.257,NoButton,Move,492,371
67.273,67.273,NoButton,Move,493,373
67.29,67.29,NoButton,Move,494,377
67.306,67.306,NoButton,Move,496,382
67.323,67.323,NoButton,Move,498,389
67.34,67.34,NoButton,Move,500,395
67.356,67.356,NoButton,Move,501,401
67.374,67.374,NoButton,Move,502,405
67.39,67.39,NoButton,Move,502,409
67.407,67.407,NoButton,Move,503,411
67.423,67.423,NoButton,Move,503,413
67.44,67.44,NoButton,Move,503,414
67.456,67.456,NoButton,Move,503,414
67.473,67.473,NoButton,Move,503,415
67.506,67.506,NoButton,Move,503,415
67.611,67.611,Left,Pressed,503,415
67.612,67.612,NoButton,Drag,503,416
67.634,67.634,NoButton,Drag,503,416
67.65,67.65,NoButton,Drag,503,416
67.654,67.654,NoButton,Drag,504,416
67.658,67.658,NoButton,Drag,504,416
67.663,67.663,NoButton,Drag,504,416
67.666,67.666,NoButton,Drag,504,416
67.67,67.67,NoButton,Drag,505,416
67.674,67.674,NoButton,Drag,506,416
67.678,67.678,NoButton,Drag,506,416
67.682,67.682,NoButton,Drag,507,416
67.686,67.686,NoButton,Drag,508,416
67.69,67.69,NoButton,Drag,510,416
67.694,67.694,NoButton,Drag,512,416
67.698,67.698,NoButton,Drag,514,416
67.702,67.702,NoButton,Drag,517,416
67.706,67.706,NoButton,Drag,520,416
67.71,67.71,NoButton,Drag,524,417
67.714,67.714,NoButton,Drag,527,417
67.718,67.718,NoButton,Drag,532,416
67.722,67.722,NoButton,Drag,537,416
67.726,67.726,NoButton,Drag,541,416
67.73,67.73,NoButton,Drag,548,415
67.734,67.734,NoButton,Drag,555,415
67.736,67.736,NoButton,Drag,563,413
67.74,67.74,NoButton,Drag,572,412
67.744,67.744,NoButton,Drag,582,411
67.748,67.748,NoButton,Drag,591,409
67.752,67.752,NoButton,Drag,602,408
67.756,67.756,NoButton,Drag,614,405
67.76,67.76,NoButton,Drag,626,402
67.764,67.764,NoButton,Drag,639,399
67.768,67.768,NoButton,Drag,652,396
67.772,67.772,NoButton,Drag,666,392
67.776,67.776,NoButton,Drag,679,389
67.78,67.78,NoButton,Drag,694,386
67.784,67.784,NoButton,Drag,709,382
67.788,67.788,NoButton,Drag,726,378
67.792,67.792,NoButton,Drag,743,373
67.796,67.796,NoButton,Drag,760,369
67.8,67.8,NoButton,Drag,779,364
67.804,67.804,NoButton,Drag,797,358
67.808,67.808,NoButton,Drag,818,352
67.812,67.812,NoButton,Drag,838,346
67.816,67.816,NoButton,Drag,858,340
67.82,67.82,NoButton,Drag,877,334
67.824,67.824,NoButton,Drag,896,327
67.828,67.828,NoButton,Drag,915,322
67.832,67.832,NoButton,Drag,931,317
67.836,67.836,NoButton,Drag,948,312
67.84,67.84,NoButton,Drag,963,307
67.844,67.844,NoButton,Drag,977,301
67.848,67.848,NoButton,Drag,992,296
67.852,67.852,NoButton,Drag,1005,292
67.856,67.856,NoButton,Drag,1017,287
67.86,67.86,NoButton,Drag,1029,283
67.864,67.864,NoButton,Drag,1040,279
67.868,67.868,NoButton,Drag,1052,275
67.872,67.872,NoButton,Drag,1061,272
67.876,67.876,NoButton,Drag,1070,269
67.88,67.88,NoButton,Drag,1078,267
67.884,67.884,NoButton,Drag,1085,265
67.888,67.888,NoButton,Drag,1092,263
67.892,67.892,NoButton,Drag,1098,261
67.896,67.896,NoButton,Drag,1103,259
67.9,67.9,NoButton,Drag,1107,258
67.904,67.904,NoButton,Drag,1112,256
67.908,67.908,NoButton,Drag,1115,256
67.912,67.912,NoButton,Drag,1118,255
67.916,67.916,NoButton,Drag,1120,254
67.92,67.92,NoButton,Drag,1123,253
67.924,67.924,NoButton,Drag,1124,252
67.928,67.928,NoButton,Drag,1126,251
67.932,67.932,NoButton,Drag,1127,251
67.936,67.936,NoButton,Drag,1129,251
67.94,67.94,NoButton,Drag,1131,250
67.944,67.944,NoButton,Drag,1132,250
67.948,67.948,NoButton,Drag,1133,250
67.952,67.952,NoButton,Drag,1134,249
67.956,67.956,NoButton,Drag,1136,249
67.96,67.96,NoButton,Drag,1137,249
67.964,67.964,NoButton,Drag,1138,248
67.968,67.968,NoButton,Drag,1139,248
67.972,67.972,NoButton,Drag,1141,248
67.976,67.976,NoButton,Drag,1142,247
67.98,67.98,NoButton,Drag,1143,247
67.984,67.984,NoButton,Drag,1144,247
67.988,67.988,NoButton,Drag,1146,246
67.992,67.992,NoButton,Drag,1147,246
67.996,67.996,NoButton,Drag,1150,246
68,68,NoButton,Drag,1152,245
68.004,68.004,NoButton,Drag,1154,245
68.008,68.008,NoButton,Drag,1157,244
68.012,68.012,NoButton,Drag,1159,244
68.016,68.016,NoButton,Drag,1162,243
68.02,68.02,NoButton,Drag,1164,242
68.024,68.024,NoButton,Drag,1166,242
68.028,68.028,NoButton,Drag,1168,241
68.032,68.032,NoButton,Drag,1170,240
68.036,68.036,NoButton,Drag,1172,240
68.04,68.04,NoButton,Drag,1174,239
68.044,68.044,NoButton,Drag,1176,239
68.048,68.048,NoButton,Drag,1178,238
68.052,68.052,NoButton,Drag,1181,238
68.056,68.056,NoButton,Drag,1183,237
68.06,68.06,NoButton,Drag,1185,236
68.064,68.064,NoButton,Drag,1187,236
68.068,68.068,NoButton,Drag,1189,235
68.072,68.072,NoButton,Drag,1190,235
68.076,68.076,NoButton,Drag,1192,234
68.08,68.08,NoButton,Drag,1194,234
68.084,68.084,NoButton,Drag,1195,233
68.088,68.088,NoButton,Drag,1196,232
68.092,68.092,NoButton,Drag,1197,232
68.096,68.096,NoButton,Drag,1199,231
68.1,68.1,NoButton,Drag,1200,230
68.104,68.104,NoButton,Drag,1201,230
68.108,68.108,NoButton,Drag,1202,229
68.112,68.112,NoButton,Drag,1203,228
68.116,68.116,NoButton,Drag,1204,228
68.12,68.12,NoButton,Drag,1206,227
68.124,68.124,NoButton,Drag,1207,227
68.128,68.128,NoButton,Drag,1208,226
68.132,68.132,NoButton,Drag,1210,226
68.136,68.136,NoButton,Drag,1211,225
68.14,68.14,NoButton,Drag,1212,224
68.144,68.144,NoButton,Drag,1213,224
68.148,68.148,NoButton,Drag,1215,223
68.152,68.152,NoButton,Drag,1216,223
68.156,68.156,NoButton,Drag,1217,222
68.16,68.16,NoButton,Drag,1218,222
68.164,68.164,NoButton,Drag,1219,221
68.168,68.168,NoButton,Drag,1220,221
68.172,68.172,NoButton,Drag,1220,221
68.176,68.176,NoButton,Drag,1221,220
68.18,68.18,NoButton,Drag,1222,220
68.184,68.184,NoButton,Drag,1222,220
68.188,68.188,NoButton,Drag,1223,219
68.192,68.192,NoButton,Drag,1223,219
68.2,68.2,NoButton,Drag,1223,219
68.24,68.24,NoButton,Drag,1224,219
68.244,68.244,NoButton,Drag,1224,219
68.248,68.248,NoButton,Drag,1224,218
68.252,68.252,NoButton,Drag,1224,218
68.256,68.256,NoButton,Drag,1224,218
68.26,68.26,Left,Released,1224,218
68.264,68.264,NoButton,Move,1224,218
68.273,68.273,NoButton,Move,1225,217
68.33,68.33,NoButton,Move,1225,217
68.358,68.358,NoButton,Move,1224,217
68.366,68.366,NoButton,Move,1224,217
68.373,68.373,NoButton,Move,1224,217
68.39,68.39,NoButton,Move,1223,219
68.406,68.406,NoButton,Move,1221,222
68.423,68.423,NoButton,Move,1220,223
68.554,68.554,NoButton,Move,1220,223
68.566,68.566,NoButton,Move,1220,224
68.573,68.573,NoButton,Move,1220,224
68.589,68.589,NoButton,Move,1220,224
68.622,68.622,NoButton,Move,1220,224
68.65,68.65,NoButton,Move,1221,224
68.674,68.674,NoButton,Move,1221,224
68.683,68.683,Left,Pressed,1221,224
68.795,68.795,NoButton,Drag,1221,224
68.798,68.798,NoButton,Drag,1221,224
68.802,68.802,NoButton,Drag,1222,224
68.806,68.806,NoButton,Drag,1222,224
68.81,68.81,NoButton,Drag,1222,224
68.814,68.814,NoButton,Drag,1223,224
68.818,68.818,NoButton,Drag,1223,223
68.822,68.822,NoButton,Drag,1224,223
68.829,68.829,NoButton,Drag,1225,222
68.83,68.83,NoButton,Drag,1226,222
68.835,68.835,NoButton,Drag,1227,222
68.838,68.838,NoButton,Drag,1229,221
68.844,68.844,NoButton,Drag,1231,221
68.847,68.847,NoButton,Drag,1233,220
68.85,68.85,NoButton,Drag,1236,220
68.854,68.854,NoButton,Drag,1238,219
68.858,68.858,NoButton,Drag,1241,218
68.864,68.864,NoButton,Drag,1244,217
68.866,68.866,NoButton,Drag,1247,217
68.87,68.87,NoButton,Drag,1250,216
68.874,68.874,NoButton,Drag,1254,215
68.878,68.878,NoButton,Drag,1258,214
68.882,68.882,NoButton,Drag,1261,213
68.886,68.886,NoButton,Drag,1265,213
68.888,68.888,NoButton,Drag,1268,212
68.892,68.892,NoButton,Drag,1272,211
68.897,68.897,NoButton,Drag,1275,210
68.9,68.9,NoButton,Drag,1278,209
68.904,68.904,NoButton,Drag,1281,209
68.908,68.908,NoButton,Drag,1284,208
68.912,68.912,NoButton,Drag,1287,207
68.916,68.916,NoButton,Drag,1289,206
68.92,68.92,NoButton,Drag,1291,206
68.924,68.924,NoButton,Drag,1293,205
68.928,68.928,NoButton,Drag,1294,205
68.932,68.932,NoButton,Drag,1294,205
69.005,69.005,NoButton,Drag,1295,204
69.013,69.013,Left,Released,1295,204
69.02,69.02,NoButton,Move,1295,204
69.068,69.068,NoButton,Move,1294,204
69.08,69.08,NoButton,Move,1294,204
69.089,69.089,NoButton,Move,1294,204
69.107,69.107,NoButton,Move,1292,204
69.123,69.123,NoButton,Move,1289,205
69.14,69.14,NoButton,Move,1282,208
69.157,69.157,NoButton,Move,1266,214
69.172,69.172,NoButton,Move,1244,224
69.19,69.19,NoButton,Move,1200,240
69.206,69.206,NoButton,Move,1136,268
69.223,69.223,NoButton,Move,1057,304
69.24,69.24,NoButton,Move,971,339
69.256,69.256,NoButton,Move,861,378
69.273,69.273,NoButton,Move,781,406
69.29,69.29,NoButton,Move,713,427
69.306,69.306,NoButton,Move,662,445
69.323,69.323,NoButton,Move,631,455
69.34,69.34,NoButton,Move,617,462
69.356,69.356,NoButton,Move,613,465
69.373,69.373,NoButton,Move,613,465
69.389,69.389,NoButton,Move,613,467
69.407,69.407,NoButton,Move,614,468
69.423,69.423,NoButton,Move,615,469
69.44,69.44,NoButton,Move,616,469
69.457,69.457,NoButton,Move,616,469
69.478,69.478,NoButton,Move,616,469
69.49,69.49,NoButton,Move,616,469
69.506,69.506,NoButton,Move,618,470
69.523,69.523,NoButton,Move,625,474
69.539,69.539,NoButton,Move,632,477
69.557,69.557,NoButton,Move,641,480
69.573,69.573,NoButton,Move,651,481
69.589,69.589,NoButton,Move,660,482
69.606,69.606,NoButton,Move,671,482
69.623,69.623,NoButton,Move,675,482
69.639,69.639,NoButton,Move,675,482
69.656,69.656,NoButton,Move,676,482
69.682,69.682,NoButton,Move,676,482
69.69,69.69,NoButton,Move,676,482
69.714,69.714,NoButton,Move,677,482
69.724,69.724,NoButton,Move,677,481
69.731,69.731,Left,Pressed,677,481
69.738,69.738,NoButton,Drag,677,481
69.751,69.751,NoButton,Drag,677,481
69.762,69.762,NoButton,Drag,677,481
69.766,69.766,NoButton,Drag,678,481
69.77,69.77,NoButton,Drag,678,481
69.774,69.774,NoButton,Drag,678,481
69.778,69.778,NoButton,Drag,678,480
69.782,69.782,NoButton,Drag,679,480
69.786,69.786,NoButton,Drag,679,479
69.79,69.79,NoButton,Drag,680,479
69.794,69.794,NoButton,Drag,681,479
69.798,69.798,NoButton,Drag,682,478
69.802,69.802,NoButton,Drag,683,478
69.806,69.806,NoButton,Drag,684,477
69.81,69.81,NoButton,Drag,686,476
69.814,69.814,NoButton,Drag,689,474
69.818,69.818,NoButton,Drag,692,473
69.822,69.822,NoButton,Drag,696,472
69.826,69.826,NoButton,Drag,701,470
69.83,69.83,NoButton,Drag,706,468
69.834,69.834,NoButton,Drag,714,466
69.838,69.838,NoButton,Drag,722,463
69.842,69.842,NoButton,Drag,730,460
69.846,69.846,NoButton,Drag,740,457
69.85,69.85,NoButton,Drag,751,453
69.854,69.854,NoButton,Drag,763,449
69.858,69.858,NoButton,Drag,774,445
69.862,69.862,NoButton,Drag,786,441
69.866,69.866,NoButton,Drag,800,435
69.87,69.87,NoButton,Drag,813,431
69.874,69.874,NoButton,Drag,829,426
69.878,69.878,NoButton,Drag,844,420
69.882,69.882,NoButton,Drag,859,415
69.886,69.886,NoButton,Drag,875,409
69.89,69.89,NoButton,Drag,890,404
69.894,69.894,NoButton,Drag,905,398
69.898,69.898,NoButton,Drag,921,393
69.902,69.902,NoButton,Drag,935,388
69.906,69.906,NoButton,Drag,952,382
69.91,69.91,NoButton,Drag,966,377
69.914,69.914,NoButton,Drag,981,371
69.918,69.918,NoButton,Drag,997,366
69.922,69.922,NoButton,Drag,1011,361
69.926,69.926,NoButton,Drag,1024,355
69.93,69.93,NoButton,Drag,1037,351
69.934,69.934,NoButton,Drag,1050,346
69.938,69.938,NoButton,Drag,1062,343
69.942,69.942,NoButton,Drag,1072,339
69.946,69.946,NoButton,Drag,1083,335
69.95,69.95,NoButton,Drag,1092,333
69.954,69.954,NoButton,Drag,1099,330
69.958,69.958,NoButton,Drag,1106,327
69.962,69.962,NoButton,Drag,1113,326
69.967,69.967,NoButton,Drag,1118,324
69.97,69.97,NoButton,Drag,1124,321
69.974,69.974,NoButton,Drag,1129,319
69.978,69.978,NoButton,Drag,1133,317
69.982,69.982,NoButton,Drag,1138,315
69.986,69.986,NoButton,Drag,1142,313
69.99,69.99,NoButton,Drag,1146,311
69.994,69.994,NoButton,Drag,1150,309
69.998,69.998,NoButton,Drag,1154,307
70.002,70.002,NoButton,Drag,1157,305
70.006,70.006,NoButton,Drag,1160,304
70.01,70.01,NoButton,Drag,1164,302
70.014,70.014,NoButton,Drag,1167,300
70.018,70.018,NoButton,Drag,1170,299
70.022,70.022,NoButton,Drag,1173,298
70.026,70.026,NoButton,Drag,1176,297
70.03,70.03,NoButton,Drag,1179,295
70.034,70.034,NoButton,Drag,1183,294
70.038,70.038,NoButton,Drag,1186,293
70.042,70.042,NoButton,Drag,1189,291
70.044,70.044,NoButton,Drag,1191,290
70.048,70.048,NoButton,Drag,1195,288
70.052,70.052,NoButton,Drag,1198,286
70.056,70.056,NoButton,Drag,1201,285
70.06,70.06,NoButton,Drag,1205,284
70.064,70.064,NoButton,Drag,1209,282
70.068,70.068,NoButton,Drag,1212,280
70.072,70.072,NoButton,Drag,1216,279
70.076,70.076,NoButton,Drag,1220,278
70.08,70.08,NoButton,Drag,1223,277
70.084,70.084,NoButton,Drag,1227,275
70.088,70.088,NoButton,Drag,1230,275
70.092,70.092,NoButton,Drag,1232,274
70.096,70.096,NoButton,Drag,1234,273
70.1,70.1,NoButton,Drag,1237,272
70.104,70.104,NoButton,Drag,1239,271
70.108,70.108,NoButton,Drag,1241,270
70.112,70.112,NoButton,Drag,1242,269
70.116,70.116,NoButton,Drag,1244,269
70.12,70.12,NoButton,Drag,1246,268
70.124,70.124,NoButton,Drag,1247,267
70.128,70.128,NoButton,Drag,1249,267
70.132,70.132,NoButton,Drag,1250,266
70.136,70.136,NoButton,Drag,1252,266
70.14,70.14,NoButton,Drag,1253,265
70.144,70.144,NoButton,Drag,1254,264
70.148,70.148,NoButton,Drag,1255,264
70.152,70.152,NoButton,Drag,1255,263
70.158,70.158,NoButton,Drag,1256,263
70.16,70.16,NoButton,Drag,1257,262
70.164,70.164,NoButton,Drag,1257,262
70.168,70.168,NoButton,Drag,1258,262
70.172,70.172,NoButton,Drag,1259,261
70.176,70.176,NoButton,Drag,1260,261
70.18,70.18,NoButton,Drag,1261,260
70.184,70.184,NoButton,Drag,1262,260
70.188,70.188,NoButton,Drag,1262,260
70.192,70.192,NoButton,Drag,1263,259
70.196,70.196,NoButton,Drag,1263,259
70.2,70.2,NoButton,Drag,1264,259
70.204,70.204,NoButton,Drag,1264,259
70.208,70.208,NoButton,Drag,1264,258
70.212,70.212,NoButton,Drag,1265,258
70.217,70.217,NoButton,Drag,1265,258
70.22,70.22,NoButton,Drag,1265,258
70.224,70.224,NoButton,Drag,1266,257
70.228,70.228,NoButton,Drag,1266,257
70.232,70.232,NoButton,Drag,1266,257
70.236,70.236,NoButton,Drag,1267,257
70.24,70.24,NoButton,Drag,1267,256
70.244,70.244,NoButton,Drag,1267,256
70.248,70.248,NoButton,Drag,1268,256
70.252,70.252,NoButton,Drag,1268,255
70.256,70.256,NoButton,Drag,1269,254
70.26,70.26,NoButton,Drag,1270,254
70.264,70.264,NoButton,Drag,1271,253
70.268,70.268,NoButton,Drag,1271,253
70.272,70.272,NoButton,Drag,1272,252
70.276,70.276,NoButton,Drag,1273,252
70.28,70.28,NoButton,Drag,1274,251
70.284,70.284,NoButton,Drag,1275,250
70.288,70.288,NoButton,Drag,1276,250
70.292,70.292,NoButton,Drag,1277,249
70.296,70.296,NoButton,Drag,1278,248
70.3,70.3,NoButton,Drag,1279,247
70.304,70.304,NoButton,Drag,1280,246
70.308,70.308,NoButton,Drag,1282,245
70.312,70.312,NoButton,Drag,1283,244
70.316,70.316,NoButton,Drag,1284,244
70.32,70.32,NoButton,Drag,1285,243
70.324,70.324,NoButton,Drag,1286,242
70.328,70.328,NoButton,Drag,1287,241
70.332,70.332,NoButton,Drag,1288,241
70.336,70.336,NoButton,Drag,1289,240
70.34,70.34,NoButton,Drag,1290,239
70.344,70.344,NoButton,Drag,1290,239
70.348,70.348,NoButton,Drag,1291,238
70.352,70.352,NoButton,Drag,1291,238
70.356,70.356,NoButton,Drag,1292,237
70.36,70.36,NoButton,Drag,1293,237
70.364,70.364,NoButton,Drag,1293,236
70.368,70.368,NoButton,Drag,1294,236
70.372,70.372,NoButton,Drag,1294,235
70.376,70.376,NoButton,Drag,1294,235
70.38,70.38,NoButton,Drag,1294,234
70.384,70.384,NoButton,Drag,1295,234
70.392,70.392,NoButton,Drag,1295,234
70.396,70.396,NoButton,Drag,1295,234
70.4,70.4,NoButton,Drag,1295,233
70.404,70.404,NoButton,Drag,1295,233
70.417,70.417,NoButton,Drag,1295,233
70.428,70.428,NoButton,Drag,1295,233
70.436,70.436,NoButton,Drag,1295,232
70.44,70.44,NoButton,Drag,1295,232
70.448,70.448,NoButton,Drag,1295,232
70.452,70.452,NoButton,Drag,1295,232
70.456,70.456,NoButton,Drag,1295,231
70.46,70.46,NoButton,Drag,1296,231
70.468,70.468,NoButton,Drag,1296,231
70.473,70.473,Left,Released,1296,231
70.474,70.474,NoButton,Move,1296,230
70.49,70.49,NoButton,Move,1296,229
70.507,70.507,NoButton,Move,1295,227
70.523,70.523,NoButton,Move,1295,226
70.539,70.539,NoButton,Move,1295,226
70.556,70.556,NoButton,Move,1294,226
70.574,70.574,NoButton,Move,1291,226
70.59,70.59,NoButton,Move,1280,228
70.606,70.606,NoButton,Move,1259,234
70.623,70.623,NoButton,Move,1208,253
70.64,70.64,NoButton,Move,1148,277
70.656,70.656,NoButton,Move,1074,306
70.674,70.674,NoButton,Move,987,339
70.69,70.69,NoButton,Move,886,368
70.706,70.706,NoButton,Move,760,398
70.723,70.723,NoButton,Move,680,414
70.74,70.74,NoButton,Move,619,422
70.757,70.757,NoButton,Move,582,425
70.773,70.773,NoButton,Move,562,426
70.79,70.79,NoButton,Move,549,427
70.806,70.806,NoButton,Move,540,427
70.823,70.823,NoButton,Move,535,428
70.84,70.84,NoButton,Move,530,428
70.857,70.857,NoButton,Move,523,428
70.873,70.873,NoButton,Move,515,428
70.89,70.89,NoButton,Move,502,426
70.906,70.906,NoButton,Move,485,422
70.922,70.922,NoButton,Move,473,418
70.94,70.94,NoButton,Move,466,415
70.957,70.957,NoButton,Move,464,413
70.974,70.974,NoButton,Move,463,410
70.99,70.99,NoButton,Move,463,407
71.006,71.006,NoButton,Move,465,401
71.023,71.023,NoButton,Move,469,396
71.04,71.04,NoButton,Move,472,390
71.056,71.056,NoButton,Move,476,385
71.073,71.073,NoButton,Move,478,381
71.09,71.09,NoButton,Move,481,377
71.106,71.106,NoButton,Move,485,373
71.123,71.123,NoButton,Move,487,370
71.139,71.139,NoButton,Move,489,367
71.156,71.156,NoButton,Move,490,366
71.173,71.173,NoButton,Move,491,365
71.19,71.19,NoButton,Move,491,364
71.206,71.206,NoButton,Move,492,363
71.223,71.223,NoButton,Move,492,361
71.24,71.24,NoButton,Move,491,360
71.256,71.256,NoButton,Move,491,359
71.273,71.273,NoButton,Move,490,359
71.29,71.29,NoButton,Move,490,359
71.306,71.306,NoButton,Move,490,359
71.323,71.323,NoButton,Move,489,359
71.34,71.34,NoButton,Move,489,359
71.357,71.357,NoButton,Move,489,359
71.373,71.373,NoButton,Move,488,359
71.441,71.441,Left,Pressed,488,359
71.488,71.488,NoButton,Drag,488,359
71.492,71.492,NoButton,Drag,489,359
71.496,71.496,NoButton,Drag,489,360
71.5,71.5,NoButton,Drag,490,360
71.504,71.504,NoButton,Drag,490,361
71.508,71.508,NoButton,Drag,491,361
71.512,71.512,NoButton,Drag,491,362
71.516,71.516,NoButton,Drag,492,363
71.52,71.52,NoButton,Drag,493,364
71.524,71.524,NoButton,Drag,494,365
71.528,71.528,NoButton,Drag,496,367
71.532,71.532,NoButton,Drag,498,369
71.536,71.536,NoButton,Drag,500,371
71.54,71.54,NoButton,Drag,503,373
71.544,71.544,NoButton,Drag,506,375
71.548,71.548,NoButton,Drag,510,377
71.553,71.553,NoButton,Drag,513,380
71.556,71.556,NoButton,Drag,518,383
71.56,71.56,NoButton,Drag,524,386
71.564,71.564,NoButton,Drag,530,391
71.568,71.568,NoButton,Drag,537,395
71.572,71.572,NoButton,Drag,545,400
71.576,71.576,NoButton,Drag,553,405
71.58,71.58,NoButton,Drag,563,410
71.584,71.584,NoButton,Drag,574,416
71.588,71.588,NoButton,Drag,587,423
71.592,71.592,NoButton,Drag,602,430
71.596,71.596,NoButton,Drag,618,438
71.6,71.6,NoButton,Drag,636,447
71.604,71.604,NoButton,Drag,656,458
71.608,71.608,NoButton,Drag,674,467
71.612,71.612,NoButton,Drag,694,477
71.616,71.616,NoButton,Drag,714,488
71.62,71.62,NoButton,Drag,736,498
71.624,71.624,NoButton,Drag,755,508
71.628,71.628,NoButton,Drag,775,517
71.632,71.632,NoButton,Drag,796,528
71.636,71.636,NoButton,Drag,816,537
71.64,71.64,NoButton,Drag,837,548
71.644,71.644,NoButton,Drag,858,559
71.648,71.648,NoButton,Drag,880,569
71.652,71.652,NoButton,Drag,900,580
71.656,71.656,NoButton,Drag,920,590
71.66,71.66,NoButton,Drag,940,601
71.664,71.664,NoButton,Drag,959,611
71.668,71.668,NoButton,Drag,979,621
71.672,71.672,NoButton,Drag,999,632
71.676,71.676,NoButton,Drag,1019,642
71.68,71.68,NoButton,Drag,1038,652
71.684,71.684,NoButton,Drag,1056,662
71.688,71.688,NoButton,Drag,1075,673
71.692,71.692,NoButton,Drag,1092,681
71.696,71.696,NoButton,Drag,1108,691
71.7,71.7,NoButton,Drag,1125,701
71.704,71.704,NoButton,Drag,1139,709
71.708,71.708,NoButton,Drag,1153,717
71.712,71.712,NoButton,Drag,1167,726
71.716,71.716,NoButton,Drag,1180,735
71.72,71.72,NoButton,Drag,1192,742
71.724,71.724,NoButton,Drag,1204,749
71.728,71.728,NoButton,Drag,1216,756
71.732,71.732,NoButton,Drag,1226,762
71.736,71.736,NoButton,Drag,1236,767
71.74,71.74,NoButton,Drag,1247,772
71.744,71.744,NoButton,Drag,1257,778
71.748,71.748,NoButton,Drag,1265,781
71.752,71.752,NoButton,Drag,1274,786
71.756,71.756,NoButton,Drag,1282,790
71.76,71.76,NoButton,Drag,1289,794
71.764,71.764,NoButton,Drag,1296,798
71.766,71.766,NoButton,Drag,1303,801
71.77,71.77,NoButton,Drag,1310,805
71.774,71.774,NoButton,Drag,1316,808
71.778,71.778,NoButton,Drag,1323,810
71.782,71.782,NoButton,Drag,1329,813
71.786,71.786,NoButton,Drag,1335,814
71.79,71.79,NoButton,Drag,1341,816
71.794,71.794,NoButton,Drag,1345,818
71.798,71.798,NoButton,Drag,1350,819
71.803,71.803,NoButton,Drag,1355,821
71.806,71.806,NoButton,Drag,1359,822
71.81,71.81,NoButton,Drag,1363,823
71.814,71.814,NoButton,Drag,1368,825
71.818,71.818,NoButton,Drag,1371,826
71.822,71.822,NoButton,Drag,1375,827
71.826,71.826,NoButton,Drag,1378,828
71.83,71.83,NoButton,Drag,1381,829
71.834,71.834,NoButton,Drag,1384,829
71.838,71.838,NoButton,Drag,1387,830
71.842,71.842,NoButton,Drag,1389,830
71.846,71.846,NoButton,Drag,1392,831
71.85,71.85,NoButton,Drag,1394,831
71.854,71.854,NoButton,Drag,1395,831
71.858,71.858,NoButton,Drag,1396,831
71.862,71.862,NoButton,Drag,1397,831
71.866,71.866,NoButton,Drag,1398,831
71.87,71.87,NoButton,Drag,1398,831
71.882,71.882,NoButton,Drag,1399,831
71.898,71.898,NoButton,Drag,1399,831
71.903,71.903,NoButton,Drag,1399,831
71.906,71.906,NoButton,Drag,1399,830
71.91,71.91,NoButton,Drag,1399,829
71.914,71.914,NoButton,Drag,1399,828
71.918,71.918,NoButton,Drag,1398,827
71.922,71.922,NoButton,Drag,1398,826
71.926,71.926,NoButton,Drag,1398,824
71.93,71.93,NoButton,Drag,1397,823
71.934,71.934,NoButton,Drag,1396,822
71.938,71.938,NoButton,Drag,1396,820
71.942,71.942,Left,Released,1396,820
71.943,71.943,NoButton,Move,1395,819
71.957,71.957,NoButton,Move,1394,817
71.974,71.974,NoButton,Move,1393,816
71.989,71.989,NoButton,Move,1391,814
72.006,72.006,NoButton,Move,1390,812
72.023,72.023,NoButton,Move,1389,810
72.04,72.04,NoButton,Move,1387,807
72.056,72.056,NoButton,Move,1386,806
72.073,72.073,NoButton,Move,1386,803
72.089,72.089,NoButton,Move,1384,802
72.106,72.106,NoButton,Move,1383,799
72.123,72.123,NoButton,Move,1381,797
72.14,72.14,NoButton,Move,1381,796
72.157,72.157,NoButton,Move,1380,795
72.173,72.173,NoButton,Move,1380,795
72.19,72.19,NoButton,Move,1380,795
72.206,72.206,NoButton,Move,1379,795
72.341,72.341,Left,Pressed,1379,795
72.384,72.384,NoButton,Drag,1379,795
72.388,72.388,NoButton,Drag,1379,795
72.392,72.392,NoButton,Drag,1379,795
72.396,72.396,NoButton,Drag,1380,796
72.4,72.4,NoButton,Drag,1380,796
72.404,72.404,NoButton,Drag,1380,797
72.408,72.408,NoButton,Drag,1380,797
72.412,72.412,NoButton,Drag,1380,797
72.416,72.416,NoButton,Drag,1380,798
72.42,72.42,NoButton,Drag,1381,799
72.424,72.424,NoButton,Drag,1381,799
72.428,72.428,NoButton,Drag,1381,800
72.432,72.432,NoButton,Drag,1381,800
72.436,72.436,NoButton,Drag,1381,801
72.44,72.44,NoButton,Drag,1381,802
72.444,72.444,NoButton,Drag,1381,802
72.448,72.448,NoButton,Drag,1382,803
72.452,72.452,NoButton,Drag,1382,804
72.456,72.456,NoButton,Drag,1382,805
72.46,72.46,Left,Released,1382,805
72.461,72.461,NoButton,Move,1382,806
72.473,72.473,NoButton,Move,1383,809
72.49,72.49,NoButton,Move,1384,814
72.506,72.506,NoButton,Move,1385,819
72.523,72.523,NoButton,Move,1385,822
72.54,72.54,NoButton,Move,1385,824
72.613,72.613,Left,Pressed,1385,824
72.614,72.614,NoButton,Drag,1386,824
72.66,72.66,NoButton,Drag,1386,824
72.665,72.665,NoButton,Drag,1386,823
72.668,72.668,NoButton,Drag,1386,823
72.672,72.672,NoButton,Drag,1386,823
72.676,72.676,NoButton,Drag,1386,823
72.68,72.68,NoButton,Drag,1386,822
72.684,72.684,NoButton,Drag,1386,821
72.688,72.688,NoButton,Drag,1385,821
72.692,72.692,NoButton,Drag,1385,821
72.696,72.696,NoButton,Drag,1385,820
72.7,72.7,NoButton,Drag,1385,820
72.704,72.704,NoButton,Drag,1385,819
72.708,72.708,NoButton,Drag,1385,818
72.712,72.712,NoButton,Drag,1385,818
72.716,72.716,NoButton,Drag,1385,817
72.72,72.72,NoButton,Drag,1384,816
72.724,72.724,NoButton,Drag,1384,815
72.728,72.728,NoButton,Drag,1384,814
72.732,72.732,NoButton,Drag,1383,813
72.736,72.736,NoButton,Drag,1383,811
72.74,72.74,NoButton,Drag,1383,810
72.744,72.744,NoButton,Drag,1382,808
72.748,72.748,NoButton,Drag,1382,806
72.752,72.752,NoButton,Drag,1381,803
72.756,72.756,NoButton,Drag,1381,801
72.76,72.76,NoButton,Drag,1380,799
72.765,72.765,NoButton,Drag,1379,797
72.768,72.768,NoButton,Drag,1379,794
72.772,72.772,NoButton,Drag,1378,792
72.776,72.776,NoButton,Drag,1377,789
72.78,72.78,NoButton,Drag,1376,787
72.784,72.784,NoButton,Drag,1375,785
72.788,72.788,NoButton,Drag,1374,783
72.792,72.792,NoButton,Drag,1373,781
72.796,72.796,NoButton,Drag,1372,778
72.8,72.8,NoButton,Drag,1370,776
72.804,72.804,NoButton,Drag,1369,774
72.808,72.808,NoButton,Drag,1367,771
72.812,72.812,NoButton,Drag,1366,769
72.816,72.816,NoButton,Drag,1364,767
72.82,72.82,NoButton,Drag,1363,764
72.824,72.824,NoButton,Drag,1361,762
72.828,72.828,NoButton,Drag,1360,760
72.832,72.832,NoButton,Drag,1359,758
72.836,72.836,NoButton,Drag,1358,756
72.84,72.84,NoButton,Drag,1357,755
72.844,72.844,NoButton,Drag,1356,754
72.848,72.848,NoButton,Drag,1355,753
72.852,72.852,NoButton,Drag,1355,752
72.856,72.856,NoButton,Drag,1354,751
72.86,72.86,NoButton,Drag,1354,751
72.865,72.865,NoButton,Drag,1353,751
72.868,72.868,NoButton,Drag,1353,750
72.872,72.872,NoButton,Drag,1353,750
72.876,72.876,NoButton,Drag,1353,750
72.908,72.908,NoButton,Drag,1353,750
72.912,72.912,NoButton,Drag,1353,749
72.915,72.915,NoButton,Drag,1352,749
72.918,72.918,NoButton,Drag,1352,749
72.922,72.922,NoButton,Drag,1352,749
72.926,72.926,NoButton,Drag,1352,748
72.93,72.93,NoButton,Drag,1352,748
72.934,72.934,NoButton,Drag,1351,748
72.938,72.938,NoButton,Drag,1351,747
72.942,72.942,Left,Released,1351,747
72.943,72.943,NoButton,Move,1351,747
72.957,72.957,NoButton,Move,1350,746
72.973,72.973,NoButton,Move,1349,744
72.989,72.989,NoButton,Move,1348,743
73.007,73.007,NoButton,Move,1347,742
73.042,73.042,NoButton,Move,1347,742
73.054,73.054,NoButton,Move,1347,742
73.058,73.058,NoButton,Move,1346,742
73.073,73.073,NoButton,Move,1346,745
73.089,73.089,NoButton,Move,1344,749
73.106,73.106,NoButton,Move,1340,754
73.123,73.123,NoButton,Move,1333,758
73.14,73.14,NoButton,Move,1318,762
73.157,73.157,NoButton,Move,1292,766
73.173,73.173,NoButton,Move,1242,765
73.189,73.189,NoButton,Move,1164,755
73.206,73.206,NoButton,Move,1020,726
73.223,73.223,NoButton,Move,884,693
73.239,73.239,NoButton,Move,741,648
73.256,73.256,NoButton,Move,617,602
73.273,73.273,NoButton,Move,526,561
73.29,73.29,NoButton,Move,444,522
73.306,73.306,NoButton,Move,368,486
73.323,73.323,NoButton,Move,331,468
73.339,73.339,NoButton,Move,314,457
73.357,73.357,NoButton,Move,307,452
73.374,73.374,NoButton,Move,307,451
73.426,73.426,NoButton,Move,306,451
73.434,73.434,NoButton,Move,306,451
73.44,73.44,NoButton,Move,306,451
73.457,73.457,NoButton,Move,304,451
73.474,73.474,NoButton,Move,298,452
73.49,73.49,NoButton,Move,290,455
73.506,73.506,NoButton,Move,280,456
73.523,73.523,NoButton,Move,279,457
73.54,73.54,NoButton,Move,279,458
73.556,73.556,NoButton,Move,280,461
73.573,73.573,NoButton,Move,283,465
73.59,73.59,NoButton,Move,289,470
73.606,73.606,NoButton,Move,297,476
73.623,73.623,NoButton,Move,308,482
73.64,73.64,NoButton,Move,322,487
73.656,73.656,NoButton,Move,345,493
73.673,73.673,NoButton,Move,368,499
73.689,73.689,NoButton,Move,392,505
73.706,73.706,NoButton,Move,410,510
73.723,73.723,NoButton,Move,425,514
73.74,73.74,NoButton,Move,433,516
73.756,73.756,NoButton,Move,438,517
73.773,73.773,NoButton,Move,438,517
73.848,73.848,NoButton,Move,438,517
73.902,73.902,NoButton,Move,438,517
73.904,73.904,NoButton,Move,438,517
73.908,73.908,NoButton,Move,438,517
73.923,73.923,NoButton,Move,436,517
73.939,73.939,NoButton,Move,434,518
73.956,73.956,NoButton,Move,430,521
73.973,73.973,NoButton,Move,426,524
73.99,73.99,NoButton,Move,423,526
74.007,74.007,NoButton,Move,419,529
74.023,74.023,NoButton,Move,418,530
74.04,74.04,NoButton,Move,416,531
74.056,74.056,NoButton,Move,414,532
74.073,74.073,NoButton,Move,413,533
74.089,74.089,NoButton,Move,412,534
74.106,74.106,NoButton,Move,412,534
74.199,74.199,Left,Pressed,412,534
74.283,74.283,NoButton,Drag,412,534
74.286,74.286,NoButton,Drag,412,534
74.29,74.29,NoButton,Drag,413,534
74.294,74.294,NoButton,Drag,413,534
74.298,74.298,NoButton,Drag,414,534
74.302,74.302,NoButton,Drag,415,534
74.306,74.306,NoButton,Drag,415,534
74.31,74.31,NoButton,Drag,417,534
74.314,74.314,NoButton,Drag,418,534
74.318,74.318,NoButton,Drag,420,534
74.322,74.322,NoButton,Drag,422,534
74.326,74.326,NoButton,Drag,425,534
74.33,74.33,NoButton,Drag,428,534
74.334,74.334,NoButton,Drag,431,534
74.338,74.338,NoButton,Drag,435,535
74.342,74.342,NoButton,Drag,439,535
74.346,74.346,NoButton,Drag,444,535
74.35,74.35,NoButton,Drag,448,536
74.354,74.354,NoButton,Drag,453,537
74.358,74.358,NoButton,Drag,458,537
74.362,74.362,NoButton,Drag,463,539
74.366,74.366,NoButton,Drag,469,540
74.37,74.37,NoButton,Drag,475,542
74.374,74.374,NoButton,Drag,480,543
74.378,74.378,NoButton,Drag,487,544
74.382,74.382,NoButton,Drag,495,546
74.386,74.386,NoButton,Drag,502,548
74.39,74.39,NoButton,Drag,511,550
74.394,74.394,NoButton,Drag,520,552
74.398,74.398,NoButton,Drag,529,555
74.402,74.402,NoButton,Drag,539,557
74.406,74.406,NoButton,Drag,550,560
74.41,74.41,NoButton,Drag,560,564
74.414,74.414,NoButton,Drag,571,567
74.418,74.418,NoButton,Drag,583,571
74.422,74.422,NoButton,Drag,595,574
74.426,74.426,NoButton,Drag,608,578
74.43,74.43,NoButton,Drag,620,582
74.434,74.434,NoButton,Drag,633,586
74.438,74.438,NoButton,Drag,644,589
74.442,74.442,NoButton,Drag,657,593
74.446,74.446,NoButton,Drag,669,597
74.45,74.45,NoButton,Drag,680,601
74.454,74.454,NoButton,Drag,692,604
74.458,74.458,NoButton,Drag,704,608
74.462,74.462,NoButton,Drag,715,612
74.466,74.466,NoButton,Drag,727,615
74.47,74.47,NoButton,Drag,740,620
74.474,74.474,NoButton,Drag,752,624
74.478,74.478,NoButton,Drag,764,629
74.482,74.482,NoButton,Drag,777,633
74.486,74.486,NoButton,Drag,791,637
74.49,74.49,NoButton,Drag,805,641
74.494,74.494,NoButton,Drag,818,644
74.498,74.498,NoButton,Drag,831,647
74.502,74.502,NoButton,Drag,845,650
74.506,74.506,NoButton,Drag,858,653
74.51,74.51,NoButton,Drag,870,657
74.514,74.514,NoButton,Drag,883,660
74.518,74.518,NoButton,Drag,894,663
74.522,74.522,NoButton,Drag,905,666
74.526,74.526,NoButton,Drag,916,668
74.53,74.53,NoButton,Drag,927,671
74.535,74.535,NoButton,Drag,937,672
74.538,74.538,NoButton,Drag,947,674
74.542,74.542,NoButton,Drag,958,676
74.546,74.546,NoButton,Drag,969,678
74.55,74.55,NoButton,Drag,980,680
74.554,74.554,NoButton,Drag,991,682
74.558,74.558,NoButton,Drag,1002,684
74.562,74.562,NoButton,Drag,1011,685
74.566,74.566,NoButton,Drag,1022,687
74.57,74.57,NoButton,Drag,1032,688
74.574,74.574,NoButton,Drag,1041,688
74.578,74.578,NoButton,Drag,1050,689
74.582,74.582,NoButton,Drag,1060,689
74.586,74.586,NoButton,Drag,1069,691
74.59,74.59,NoButton,Drag,1078,691
74.594,74.594,NoButton,Drag,1086,692
74.598,74.598,NoButton,Drag,1095,692
74.602,74.602,NoButton,Drag,1102,692
74.606,74.606,NoButton,Drag,1109,693
74.61,74.61,NoButton,Drag,1115,693
74.614,74.614,NoButton,Drag,1122,694
74.618,74.618,NoButton,Drag,1127,694
74.622,74.622,NoButton,Drag,1133,694
74.626,74.626,NoButton,Drag,1138,695
74.63,74.63,NoButton,Drag,1143,695
74.634,74.634,NoButton,Drag,1148,695
74.638,74.638,NoButton,Drag,1153,695
74.642,74.642,NoButton,Drag,1157,695
74.644,74.644,NoButton,Drag,1161,695
74.648,74.648,NoButton,Drag,1166,695
74.652,74.652,NoButton,Drag,1169,695
74.656,74.656,NoButton,Drag,1173,695
74.66,74.66,NoButton,Drag,1177,695
74.664,74.664,NoButton,Drag,1180,695
74.668,74.668,NoButton,Drag,1184,696
74.672,74.672,NoButton,Drag,1187,696
74.676,74.676,NoButton,Drag,1189,696
74.68,74.68,NoButton,Drag,1191,696
74.685,74.685,NoButton,Drag,1193,696
74.688,74.688,NoButton,Drag,1195,696
74.692,74.692,NoButton,Drag,1197,696
74.696,74.696,NoButton,Drag,1198,696
74.7,74.7,NoButton,Drag,1199,696
74.704,74.704,NoButton,Drag,1200,696
74.708,74.708,NoButton,Drag,1201,696
74.712,74.712,NoButton,Drag,1202,696
74.716,74.716,NoButton,Drag,1203,696
74.72,74.72,NoButton,Drag,1205,696
74.724,74.724,NoButton,Drag,1206,696
74.728,74.728,NoButton,Drag,1207,696
74.732,74.732,NoButton,Drag,1209,696
74.736,74.736,NoButton,Drag,1210,696
74.74,74.74,NoButton,Drag,1212,696
74.744,74.744,NoButton,Drag,1214,696
74.748,74.748,NoButton,Drag,1215,696
74.752,74.752,NoButton,Drag,1217,696
74.756,74.756,NoButton,Drag,1218,696
74.76,74.76,NoButton,Drag,1220,696
74.764,74.764,NoButton,Drag,1222,696
74.768,74.768,NoButton,Drag,1224,697
74.772,74.772,NoButton,Drag,1225,697
74.776,74.776,NoButton,Drag,1227,697
74.78,74.78,NoButton,Drag,1229,697
74.784,74.784,NoButton,Drag,1231,697
74.788,74.788,NoButton,Drag,1232,698
74.792,74.792,NoButton,Drag,1235,698
74.796,74.796,NoButton,Drag,1237,698
74.8,74.8,NoButton,Drag,1238,698
74.804,74.804,NoButton,Drag,1240,698
74.808,74.808,NoButton,Drag,1242,698
74.812,74.812,NoButton,Drag,1244,698
74.816,74.816,NoButton,Drag,1246,698
74.82,74.82,NoButton,Drag,1248,698
74.824,74.824,NoButton,Drag,1249,698
74.828,74.828,NoButton,Drag,1251,698
74.832,74.832,NoButton,Drag,1253,698
74.836,74.836,NoButton,Drag,1254,698
74.84,74.84,NoButton,Drag,1255,698
74.844,74.844,NoButton,Drag,1256,698
74.848,74.848,NoButton,Drag,1258,698
74.852,74.852,NoButton,Drag,1259,698
74.856,74.856,NoButton,Drag,1260,698
74.86,74.86,NoButton,Drag,1261,698
74.864,74.864,NoButton,Drag,1261,698
74.871,74.871,NoButton,Drag,1262,698
74.872,74.872,NoButton,Drag,1263,698
74.876,74.876,NoButton,Drag,1263,698
74.885,74.885,NoButton,Drag,1263,698
74.908,74.908,NoButton,Drag,1263,697
74.914,74.914,NoButton,Drag,1263,697
74.916,74.916,NoButton,Drag,1263,697
74.92,74.92,NoButton,Drag,1263,697
74.925,74.925,Left,Released,1263,697
74.925,74.925,NoButton,Move,1264,697
74.939,74.939,NoButton,Move,1264,696
74.956,74.956,NoButton,Move,1265,696
74.972,74.972,NoButton,Move,1268,695
74.99,74.99,NoButton,Move,1272,694
75.007,75.007,NoButton,Move,1277,694
75.022,75.022,NoButton,Move,1280,693
75.039,75.039,NoButton,Move,1281,693
75.056,75.056,NoButton,Move,1282,693
75.088,75.088,NoButton,Move,1282,693
75.215,75.215,NoButton,Move,1282,693
75.226,75.226,NoButton,Move,1282,693
75.239,75.239,NoButton,Move,1282,694
75.257,75.257,NoButton,Move,1281,696
75.274,75.274,NoButton,Move,1279,697
75.29,75.29,NoButton,Move,1275,700
75.306,75.306,NoButton,Move,1267,703
75.323,75.323,NoButton,Move,1246,708
75.339,75.339,NoButton,Move,1216,713
75.356,75.356,NoButton,Move,1176,719
75.373,75.373,NoButton,Move,1124,726
75.39,75.39,NoButton,Move,1055,729
75.406,75.406,NoButton,Move,944,729
75.423,75.423,NoButton,Move,824,729
75.439,75.439,NoButton,Move,701,729
75.457,75.457,NoButton,Move,583,728
75.472,75.472,NoButton,Move,486,727
75.489,75.489,NoButton,Move,405,727
75.506,75.506,NoButton,Move,325,728
75.523,75.523,NoButton,Move,282,733
75.54,75.54,NoButton,Move,253,739
75.557,75.557,NoButton,Move,232,746
75.574,75.574,NoButton,Move,215,749
75.59,75.59,NoButton,Move,206,752
75.607,75.607,NoButton,Move,201,753
75.624,75.624,NoButton,Move,198,753
75.639,75.639,NoButton,Move,195,753
75.656,75.656,NoButton,Move,193,753
75.673,75.673,NoButton,Move,192,752
75.689,75.689,NoButton,Move,191,752
75.712,75.712,NoButton,Move,191,751
75.723,75.723,NoButton,Move,191,751
75.739,75.739,NoButton,Move,191,750
75.756,75.756,NoButton,Move,194,749
75.774,75.774,NoButton,Move,197,748
75.789,75.789,NoButton,Move,204,748
75.806,75.806,NoButton,Move,213,750
75.823,75.823,NoButton,Move,225,753
75.839,75.839,NoButton,Move,239,755
75.856,75.856,NoButton,Move,252,757
75.873,75.873,NoButton,Move,267,758
75.89,75.89,NoButton,Move,274,758
75.907,75.907,NoButton,Move,278,758
75.924,75.924,NoButton,Move,279,758
75.96,75.96,NoButton,Move,279,758
75.968,75.968,NoButton,Move,279,758
75.976,75.976,NoButton,Move,279,758
75.99,75.99,NoButton,Move,279,758
75.997,75.997,Left,Pressed,279,758
76.032,76.032,NoButton,Drag,280,758
76.052,76.052,NoButton,Drag,280,758
76.068,76.068,NoButton,Drag,280,757
76.072,76.072,NoButton,Drag,280,757
76.076,76.076,NoButton,Drag,280,757
76.08,76.08,NoButton,Drag,281,757
76.084,76.084,NoButton,Drag,281,756
76.088,76.088,NoButton,Drag,281,756
76.092,76.092,NoButton,Drag,281,756
76.096,76.096,NoButton,Drag,281,756
76.1,76.1,NoButton,Drag,281,756
76.104,76.104,NoButton,Drag,282,755
76.108,76.108,NoButton,Drag,282,754
76.112,76.112,NoButton,Drag,283,754
76.116,76.116,NoButton,Drag,283,753
76.12,76.12,NoButton,Drag,283,753
76.124,76.124,NoButton,Drag,284,752
76.128,76.128,NoButton,Drag,285,751
76.132,76.132,NoButton,Drag,285,751
76.136,76.136,NoButton,Drag,287,750
76.14,76.14,NoButton,Drag,288,749
76.144,76.144,NoButton,Drag,290,748
76.148,76.148,NoButton,Drag,291,746
76.152,76.152,NoButton,Drag,293,745
76.157,76.157,NoButton,Drag,295,744
76.16,76.16,NoButton,Drag,297,742
76.164,76.164,NoButton,Drag,299,741
76.168,76.168,NoButton,Drag,301,739
76.173,76.173,NoButton,Drag,305,737
76.176,76.176,NoButton,Drag,307,735
76.18,76.18,NoButton,Drag,310,734
76.184,76.184,NoButton,Drag,313,731
76.186,76.186,NoButton,Drag,317,729
76.19,76.19,NoButton,Drag,320,727
76.194,76.194,NoButton,Drag,324,724
76.198,76.198,NoButton,Drag,327,721
76.202,76.202,NoButton,Drag,331,719
76.206,76.206,NoButton,Drag,335,716
76.21,76.21,NoButton,Drag,339,714
76.214,76.214,NoButton,Drag,343,710
76.218,76.218,NoButton,Drag,347,708
76.222,76.222,NoButton,Drag,351,705
76.226,76.226,NoButton,Drag,355,702
76.23,76.23,NoButton,Drag,359,698
76.234,76.234,NoButton,Drag,363,696
76.238,76.238,NoButton,Drag,366,693
76.242,76.242,NoButton,Drag,370,690
76.246,76.246,NoButton,Drag,374,687
76.25,76.25,NoButton,Drag,378,684
76.257,76.257,NoButton,Drag,382,681
76.258,76.258,NoButton,Drag,385,678
76.262,76.262,NoButton,Drag,389,675
76.266,76.266,NoButton,Drag,393,672
76.27,76.27,NoButton,Drag,398,668
76.274,76.274,NoButton,Drag,402,665
76.278,76.278,NoButton,Drag,406,662
76.282,76.282,NoButton,Drag,410,659
76.286,76.286,NoButton,Drag,415,656
76.29,76.29,NoButton,Drag,420,653
76.294,76.294,NoButton,Drag,425,650
76.298,76.298,NoButton,Drag,431,647
76.302,76.302,NoButton,Drag,437,644
76.307,76.307,NoButton,Drag,442,641
76.31,76.31,NoButton,Drag,449,638
76.314,76.314,NoButton,Drag,456,635
76.318,76.318,NoButton,Drag,462,632
76.323,76.323,NoButton,Drag,470,629
76.326,76.326,NoButton,Drag,476,626
76.33,76.33,NoButton,Drag,484,622
76.334,76.334,NoButton,Drag,492,619
76.338,76.338,NoButton,Drag,500,615
76.342,76.342,NoButton,Drag,508,611
76.346,76.346,NoButton,Drag,516,608
76.35,76.35,NoButton,Drag,525,604
76.354,76.354,NoButton,Drag,534,600
76.358,76.358,NoButton,Drag,543,595
76.362,76.362,NoButton,Drag,553,590
76.366,76.366,NoButton,Drag,563,586
76.37,76.37,NoButton,Drag,574,582
76.374,76.374,NoButton,Drag,586,577
76.378,76.378,NoButton,Drag,597,572
76.382,76.382,NoButton,Drag,610,567
76.386,76.386,NoButton,Drag,624,561
76.39,76.39,NoButton,Drag,637,557
76.394,76.394,NoButton,Drag,650,551
76.398,76.398,NoButton,Drag,662,546
76.402,76.402,NoButton,Drag,675,541
76.406,76.406,NoButton,Drag,687,536
76.41,76.41,NoButton,Drag,699,531
76.414,76.414,NoButton,Drag,712,526
76.418,76.418,NoButton,Drag,725,520
76.422,76.422,NoButton,Drag,737,516
76.426,76.426,NoButton,Drag,749,511
76.43,76.43,NoButton,Drag,759,506
76.434,76.434,NoButton,Drag,769,502
76.438,76.438,NoButton,Drag,779,497
76.442,76.442,NoButton,Drag,788,492
76.446,76.446,NoButton,Drag,796,488
76.45,76.45,NoButton,Drag,804,485
76.454,76.454,NoButton,Drag,811,480
76.458,76.458,NoButton,Drag,817,477
76.462,76.462,NoButton,Drag,824,473
76.466,76.466,NoButton,Drag,830,470
76.47,76.47,NoButton,Drag,835,467
76.474,76.474,NoButton,Drag,840,465
76.478,76.478,NoButton,Drag,844,463
76.482,76.482,NoButton,Drag,848,460
76.486,76.486,NoButton,Drag,851,458
76.49,76.49,NoButton,Drag,853,456
76.494,76.494,NoButton,Drag,856,455
76.498,76.498,NoButton,Drag,858,453
76.502,76.502,NoButton,Drag,860,452
76.506,76.506,NoButton,Drag,862,451
76.51,76.51,NoButton,Drag,864,450
76.514,76.514,NoButton,Drag,866,449
76.518,76.518,NoButton,Drag,867,448
76.522,76.522,NoButton,Drag,869,447
76.526,76.526,NoButton,Drag,870,446
76.53,76.53,NoButton,Drag,871,445
76.534,76.534,NoButton,Drag,873,444
76.538,76.538,NoButton,Drag,875,443
76.542,76.542,NoButton,Drag,876,443
76.546,76.546,NoButton,Drag,877,442
76.55,76.55,NoButton,Drag,879,441
76.554,76.554,NoButton,Drag,881,440
76.558,76.558,NoButton,Drag,882,439
76.562,76.562,NoButton,Drag,884,438
76.566,76.566,NoButton,Drag,887,437
76.57,76.57,NoButton,Drag,889,436
76.574,76.574,NoButton,Drag,891,434
76.578,76.578,NoButton,Drag,894,433
76.582,76.582,NoButton,Drag,897,431
76.586,76.586,NoButton,Drag,900,430
76.59,76.59,NoButton,Drag,903,428
76.594,76.594,NoButton,Drag,907,426
76.598,76.598,NoButton,Drag,911,424
76.602,76.602,NoButton,Drag,915,422
76.606,76.606,NoButton,Drag,920,420
76.61,76.61,NoButton,Drag,924,417
76.614,76.614,NoButton,Drag,929,415
76.618,76.618,NoButton,Drag,933,412
76.623,76.623,NoButton,Drag,938,409
76.626,76.626,NoButton,Drag,942,407
76.63,76.63,NoButton,Drag,947,404
76.634,76.634,NoButton,Drag,952,401
76.638,76.638,NoButton,Drag,958,399
76.642,76.642,NoButton,Drag,963,396
76.646,76.646,NoButton,Drag,969,392
76.65,76.65,NoButton,Drag,975,389
76.654,76.654,NoButton,Drag,981,386
76.658,76.658,NoButton,Drag,986,384
76.662,76.662,NoButton,Drag,992,381
76.666,76.666,NoButton,Drag,997,378
76.67,76.67,NoButton,Drag,1001,375
76.674,76.674,NoButton,Drag,1006,372
76.678,76.678,NoButton,Drag,1010,370
76.682,76.682,NoButton,Drag,1015,367
76.686,76.686,NoButton,Drag,1019,364
76.69,76.69,NoButton,Drag,1023,362
76.694,76.694,NoButton,Drag,1028,360
76.698,76.698,NoButton,Drag,1033,357
76.702,76.702,NoButton,Drag,1037,355
76.706,76.706,NoButton,Drag,1041,353
76.71,76.71,NoButton,Drag,1045,351
76.714,76.714,NoButton,Drag,1048,350
76.718,76.718,NoButton,Drag,1052,347
76.723,76.723,NoButton,Drag,1055,345
76.726,76.726,NoButton,Drag,1058,344
76.73,76.73,NoButton,Drag,1061,342
76.734,76.734,NoButton,Drag,1064,340
76.738,76.738,NoButton,Drag,1068,339
76.742,76.742,NoButton,Drag,1070,337
76.746,76.746,NoButton,Drag,1073,336
76.75,76.75,NoButton,Drag,1075,334
76.754,76.754,NoButton,Drag,1077,333
76.756,76.756,NoButton,Drag,1079,332
76.76,76.76,NoButton,Drag,1082,331
76.764,76.764,NoButton,Drag,1084,330
76.768,76.768,NoButton,Drag,1086,328
76.773,76.773,NoButton,Drag,1087,327
76.776,76.776,NoButton,Drag,1088,325
76.78,76.78,NoButton,Drag,1090,324
76.784,76.784,NoButton,Drag,1091,324
76.788,76.788,NoButton,Drag,1093,323
76.792,76.792,NoButton,Drag,1094,322
76.796,76.796,NoButton,Drag,1095,322
76.8,76.8,NoButton,Drag,1096,321
76.804,76.804,NoButton,Drag,1098,320
76.808,76.808,NoButton,Drag,1098,320
76.812,76.812,NoButton,Drag,1100,319
76.816,76.816,NoButton,Drag,1101,319
76.82,76.82,NoButton,Drag,1102,318
76.824,76.824,NoButton,Drag,1103,318
76.828,76.828,NoButton,Drag,1105,317
76.832,76.832,NoButton,Drag,1107,317
76.836,76.836,NoButton,Drag,1108,316
76.84,76.84,NoButton,Drag,1109,315
76.844,76.844,NoButton,Drag,1110,315
76.848,76.848,NoButton,Drag,1112,315
76.852,76.852,NoButton,Drag,1113,314
76.856,76.856,NoButton,Drag,1114,313
76.86,76.86,NoButton,Drag,1116,312
76.864,76.864,NoButton,Drag,1118,312
76.868,76.868,NoButton,Drag,1120,311
76.873,76.873,NoButton,Drag,1122,311
76.876,76.876,NoButton,Drag,1124,310
76.88,76.88,NoButton,Drag,1128,309
76.884,76.884,NoButton,Drag,1130,308
76.888,76.888,NoButton,Drag,1133,308
76.892,76.892,NoButton,Drag,1136,306
76.896,76.896,NoButton,Drag,1140,305
76.9,76.9,NoButton,Drag,1144,304
76.904,76.904,NoButton,Drag,1147,303
76.908,76.908,NoButton,Drag,1152,302
76.912,76.912,NoButton,Drag,1156,301
76.916,76.916,NoButton,Drag,1160,300
76.92,76.92,NoButton,Drag,1164,299
76.924,76.924,NoButton,Drag,1168,298
76.928,76.928,NoButton,Drag,1173,296
76.932,76.932,NoButton,Drag,1176,296
76.936,76.936,NoButton,Drag,1181,294
76.94,76.94,NoButton,Drag,1185,293
76.944,76.944,NoButton,Drag,1190,292
76.948,76.948,NoButton,Drag,1195,290
76.952,76.952,NoButton,Drag,1199,289
76.956,76.956,NoButton,Drag,1203,288
76.96,76.96,NoButton,Drag,1208,287
76.964,76.964,NoButton,Drag,1212,286
76.968,76.968,NoButton,Drag,1216,285
76.973,76.973,NoButton,Drag,1220,283
76.976,76.976,NoButton,Drag,1224,283
76.98,76.98,NoButton,Drag,1227,282
76.984,76.984,NoButton,Drag,1230,281
76.988,76.988,NoButton,Drag,1233,280
76.992,76.992,NoButton,Drag,1237,279
76.996,76.996,NoButton,Drag,1239,278
77,77,NoButton,Drag,1241,278
77.004,77.004,NoButton,Drag,1243,277
77.008,77.008,NoButton,Drag,1245,277
77.012,77.012,NoButton,Drag,1247,277
77.016,77.016,NoButton,Drag,1248,276
77.02,77.02,NoButton,Drag,1250,276
77.024,77.024,NoButton,Drag,1250,276
77.028,77.028,NoButton,Drag,1251,275
77.032,77.032,NoButton,Drag,1252,275
77.036,77.036,NoButton,Drag,1253,275
77.04,77.04,NoButton,Drag,1253,275
77.044,77.044,NoButton,Drag,1254,275
77.048,77.048,NoButton,Drag,1255,275
77.052,77.052,NoButton,Drag,1255,275
77.056,77.056,NoButton,Drag,1256,275
77.06,77.06,NoButton,Drag,1256,275
77.064,77.064,NoButton,Drag,1257,274
77.068,77.068,NoButton,Drag,1258,274
77.073,77.073,NoButton,Drag,1259,274
77.076,77.076,NoButton,Drag,1259,274
77.08,77.08,NoButton,Drag,1260,274
77.084,77.084,NoButton,Drag,1261,274
77.088,77.088,NoButton,Drag,1262,273
77.092,77.092,NoButton,Drag,1263,273
77.096,77.096,NoButton,Drag,1264,273
77.1,77.1,NoButton,Drag,1266,273
77.104,77.104,NoButton,Drag,1267,273
77.108,77.108,NoButton,Drag,1269,272
77.112,77.112,Left,Released,1269,272
77.113,77.113,NoButton,Move,1271,272
77.123,77.123,NoButton,Move,1277,271
77.139,77.139,NoButton,Move,1290,268
77.156,77.156,NoButton,Move,1305,265
77.173,77.173,NoButton,Move,1325,260
77.19,77.19,NoButton,Move,1334,257
77.206,77.206,NoButton,Move,1336,256
77.312,77.312,NoButton,Move,1336,256
77.316,77.316,NoButton,Move,1336,257
77.323,77.323,NoButton,Move,1335,257
77.339,77.339,NoButton,Move,1322,264
77.357,77.357,NoButton,Move,1300,275
77.372,77.372,NoButton,Move,1262,295
77.389,77.389,NoButton,Move,1198,330
77.406,77.406,NoButton,Move,1087,386
77.423,77.423,NoButton,Move,964,451
77.439,77.439,NoButton,Move,821,527
77.456,77.456,NoButton,Move,673,605
77.473,77.473,NoButton,Move,520,675
77.49,77.49,NoButton,Move,385,732
77.506,77.506,NoButton,Move,247,789
77.522,77.522,NoButton,Move,155,822
77.54,77.54,NoButton,Move,78,845
77.557,77.557,NoButton,Move,15,861
77.573,77.573,NoButton,Move,0,874
77.589,77.589,NoButton,Move,0,882
77.606,77.606,NoButton,Move,0,886
77.623,77.623,NoButton,Move,0,887
77.678,77.678,NoButton,Move,0,887
77.686,77.686,NoButton,Move,0,887
77.69,77.69,NoButton,Move,0,887
77.706,77.706,NoButton,Move,0,886
77.722,77.722,NoButton,Move,0,884
77.74,77.74,NoButton,Move,0,880
77.757,77.757,NoButton,Move,0,872
77.773,77.773,NoButton,Move,0,860
77.789,77.789,NoButton,Move,5,843
77.806,77.806,NoButton,Move,18,818
77.823,77.823,NoButton,Move,32,797
77.84,77.84,NoButton,Move,50,776
77.856,77.856,NoButton,Move,73,756
77.873,77.873,NoButton,Move,95,737
77.89,77.89,NoButton,Move,118,720
77.906,77.906,NoButton,Move,133,709
77.923,77.923,NoButton,Move,146,701
77.939,77.939,NoButton,Move,156,694
77.956,77.956,NoButton,Move,165,689
77.973,77.973,NoButton,Move,171,685
77.99,77.99,NoButton,Move,178,682
78.006,78.006,NoButton,Move,184,679
78.023,78.023,NoButton,Move,190,675
78.039,78.039,NoButton,Move,196,671
78.057,78.057,NoButton,Move,201,666
78.072,78.072,NoButton,Move,203,662
78.089,78.089,NoButton,Move,206,656
78.106,78.106,NoButton,Move,207,650
78.124,78.124,NoButton,Move,209,644
78.14,78.14,NoButton,Move,210,640
78.157,78.157,NoButton,Move,210,639
78.325,78.325,NoButton,Move,210,639
78.329,78.329,Left,Pressed,210,639
78.396,78.396,NoButton,Drag,210,639
78.436,78.436,NoButton,Drag,210,639
78.44,78.44,NoButton,Drag,211,639
78.444,78.444,NoButton,Drag,211,640
78.448,78.448,NoButton,Drag,211,640
78.452,78.452,NoButton,Drag,212,640
78.456,78.456,NoButton,Drag,213,640
78.46,78.46,NoButton,Drag,214,639
78.464,78.464,NoButton,Drag,215,639
78.466,78.466,NoButton,Drag,217,638
78.47,78.47,NoButton,Drag,219,638
78.474,78.474,NoButton,Drag,222,636
78.478,78.478,NoButton,Drag,225,635
78.482,78.482,NoButton,Drag,230,634
78.486,78.486,NoButton,Drag,235,632
78.49,78.49,NoButton,Drag,241,629
78.494,78.494,NoButton,Drag,247,626
78.498,78.498,NoButton,Drag,255,623
78.502,78.502,NoButton,Drag,262,621
78.508,78.508,NoButton,Drag,269,617
78.51,78.51,NoButton,Drag,278,613
78.514,78.514,NoButton,Drag,287,610
78.518,78.518,NoButton,Drag,297,606
78.522,78.522,NoButton,Drag,307,602
78.526,78.526,NoButton,Drag,317,599
78.53,78.53,NoButton,Drag,327,595
78.534,78.534,NoButton,Drag,337,592
78.538,78.538,NoButton,Drag,347,588
78.542,78.542,NoButton,Drag,356,585
78.546,78.546,NoButton,Drag,366,582
78.55,78.55,NoButton,Drag,375,578
78.554,78.554,NoButton,Drag,383,575
78.558,78.558,NoButton,Drag,391,572
78.562,78.562,NoButton,Drag,398,570
78.566,78.566,NoButton,Drag,405,568
78.57,78.57,NoButton,Drag,412,566
78.574,78.574,NoButton,Drag,418,564
78.578,78.578,NoButton,Drag,424,562
78.582,78.582,NoButton,Drag,430,560
78.586,78.586,NoButton,Drag,435,559
78.59,78.59,NoButton,Drag,439,557
78.594,78.594,NoButton,Drag,443,556
78.598,78.598,NoButton,Drag,447,555
78.602,78.602,NoButton,Drag,450,555
78.606,78.606,NoButton,Drag,453,554
78.61,78.61,NoButton,Drag,455,553
78.614,78.614,NoButton,Drag,457,552
78.618,78.618,NoButton,Drag,459,552
78.622,78.622,NoButton,Drag,462,552
78.626,78.626,NoButton,Drag,463,551
78.63,78.63,NoButton,Drag,464,551
78.634,78.634,NoButton,Drag,466,550
78.638,78.638,NoButton,Drag,467,550
78.642,78.642,NoButton,Drag,468,550
78.646,78.646,NoButton,Drag,469,550
78.65,78.65,NoButton,Drag,471,549
78.654,78.654,NoButton,Drag,472,549
78.658,78.658,NoButton,Drag,473,549
78.662,78.662,NoButton,Drag,474,548
78.666,78.666,NoButton,Drag,476,548
78.67,78.67,NoButton,Drag,478,547
78.674,78.674,NoButton,Drag,480,547
78.678,78.678,NoButton,Drag,482,546
78.682,78.682,NoButton,Drag,485,545
78.686,78.686,NoButton,Drag,488,544
78.69,78.69,NoButton,Drag,490,543
78.695,78.695,NoButton,Drag,494,541
78.698,78.698,NoButton,Drag,497,540
78.702,78.702,NoButton,Drag,501,539
78.706,78.706,NoButton,Drag,505,537
78.71,78.71,NoButton,Drag,510,535
78.714,78.714,NoButton,Drag,514,533
78.718,78.718,NoButton,Drag,520,531
78.722,78.722,NoButton,Drag,525,528
78.726,78.726,NoButton,Drag,531,526
78.73,78.73,NoButton,Drag,537,524
78.734,78.734,NoButton,Drag,542,522
78.738,78.738,NoButton,Drag,548,520
78.742,78.742,NoButton,Drag,554,518
78.746,78.746,NoButton,Drag,560,516
78.75,78.75,NoButton,Drag,567,513
78.754,78.754,NoButton,Drag,573,510
78.758,78.758,NoButton,Drag,579,507
78.762,78.762,NoButton,Drag,587,504
78.766,78.766,NoButton,Drag,595,500
78.77,78.77,NoButton,Drag,604,496
78.774,78.774,NoButton,Drag,614,490
78.778,78.778,NoButton,Drag,625,483
78.782,78.782,NoButton,Drag,637,476
78.786,78.786,NoButton,Drag,649,468
78.79,78.79,NoButton,Drag,662,460
78.794,78.794,NoButton,Drag,676,451
78.798,78.798,NoButton,Drag,689,443
78.802,78.802,NoButton,Drag,702,434
78.806,78.806,NoButton,Drag,716,425
78.81,78.81,NoButton,Drag,729,416
78.814,78.814,NoButton,Drag,742,406
78.818,78.818,NoButton,Drag,757,396
78.822,78.822,NoButton,Drag,770,386
78.826,78.826,NoButton,Drag,784,376
78.83,78.83,NoButton,Drag,798,366
78.834,78.834,NoButton,Drag,811,356
78.838,78.838,NoButton,Drag,822,347
78.842,78.842,NoButton,Drag,834,337
78.846,78.846,NoButton,Drag,845,328
78.85,78.85,NoButton,Drag,856,319
78.854,78.854,NoButton,Drag,866,310
78.858,78.858,NoButton,Drag,877,300
78.862,78.862,NoButton,Drag,886,292
78.866,78.866,NoButton,Drag,897,282
78.87,78.87,NoButton,Drag,906,274
78.874,78.874,NoButton,Drag,916,265
78.878,78.878,NoButton,Drag,924,257
78.892,78.892,NoButton,Drag,933,249
78.894,78.894,NoButton,Drag,960,224
78.898,78.898,NoButton,Drag,974,211
78.902,78.902,NoButton,Drag,984,201
78.906,78.906,NoButton,Drag,992,195
78.91,78.91,NoButton,Drag,1000,189
78.914,78.914,NoButton,Drag,1007,183
78.918,78.918,NoButton,Drag,1014,178
78.922,78.922,NoButton,Drag,1020,175
78.926,78.926,NoButton,Drag,1027,171
78.93,78.93,NoButton,Drag,1033,168
78.934,78.934,NoButton,Drag,1038,165
78.938,78.938,NoButton,Drag,1043,163
78.942,78.942,NoButton,Drag,1047,160
78.946,78.946,NoButton,Drag,1051,159
78.95,78.95,NoButton,Drag,1054,158
78.954,78.954,NoButton,Drag,1057,157
78.958,78.958,NoButton,Drag,1059,157
78.962,78.962,NoButton,Drag,1061,156
78.966,78.966,NoButton,Drag,1062,156
78.97,78.97,NoButton,Drag,1063,156
78.972,78.972,NoButton,Drag,1064,156
78.976,78.976,NoButton,Drag,1065,156
78.98,78.98,NoButton,Drag,1066,156
78.984,78.984,NoButton,Drag,1066,156
78.988,78.988,NoButton,Drag,1067,156
78.992,78.992,NoButton,Drag,1067,157
78.996,78.996,NoButton,Drag,1068,157
79,79,NoButton,Drag,1069,158
79.004,79.004,NoButton,Drag,1070,158
79.008,79.008,NoButton,Drag,1072,159
79.012,79.012,NoButton,Drag,1072,159
79.016,79.016,NoButton,Drag,1073,159
79.02,79.02,NoButton,Drag,1075,159
79.024,79.024,NoButton,Drag,1075,160
79.028,79.028,NoButton,Drag,1076,160
79.032,79.032,NoButton,Drag,1077,160
79.036,79.036,NoButton,Drag,1078,161
79.04,79.04,NoButton,Drag,1079,161
79.044,79.044,NoButton,Drag,1080,161
79.048,79.048,NoButton,Drag,1082,162
79.052,79.052,NoButton,Drag,1083,162
79.056,79.056,NoButton,Drag,1084,162
79.06,79.06,NoButton,Drag,1086,163
79.064,79.064,NoButton,Drag,1088,163
79.068,79.068,NoButton,Drag,1090,163
79.072,79.072,NoButton,Drag,1091,163
79.076,79.076,NoButton,Drag,1093,163
79.08,79.08,NoButton,Drag,1094,163
79.084,79.084,NoButton,Drag,1097,164
79.088,79.088,NoButton,Drag,1099,164
79.092,79.092,NoButton,Drag,1100,164
79.096,79.096,NoButton,Drag,1102,164
79.1,79.1,NoButton,Drag,1104,165
79.104,79.104,NoButton,Drag,1106,165
79.108,79.108,NoButton,Drag,1108,166
79.112,79.112,NoButton,Drag,1110,166
79.116,79.116,NoButton,Drag,1113,167
79.12,79.12,NoButton,Drag,1116,167
79.124,79.124,NoButton,Drag,1121,168
79.128,79.128,NoButton,Drag,1124,169
79.132,79.132,NoButton,Drag,1128,169
79.136,79.136,NoButton,Drag,1132,170
79.14,79.14,NoButton,Drag,1137,171
79.144,79.144,NoButton,Drag,1141,172
79.148,79.148,NoButton,Drag,1146,173
79.152,79.152,NoButton,Drag,1151,174
79.156,79.156,NoButton,Drag,1156,175
79.16,79.16,NoButton,Drag,1162,176
79.164,79.164,NoButton,Drag,1168,177
79.168,79.168,NoButton,Drag,1174,178
79.172,79.172,NoButton,Drag,1180,179
79.176,79.176,NoButton,Drag,1186,179
79.18,79.18,NoButton,Drag,1193,180
79.184,79.184,NoButton,Drag,1201,180
79.188,79.188,NoButton,Drag,1209,181
79.192,79.192,NoButton,Drag,1217,182
79.196,79.196,NoButton,Drag,1224,182
79.2,79.2,NoButton,Drag,1232,183
79.204,79.204,NoButton,Drag,1241,183
79.208,79.208,NoButton,Drag,1249,183
79.212,79.212,NoButton,Drag,1257,183
79.216,79.216,NoButton,Drag,1265,183
79.22,79.22,NoButton,Drag,1274,183
79.224,79.224,NoButton,Drag,1282,183
79.228,79.228,NoButton,Drag,1290,183
79.232,79.232,NoButton,Drag,1298,183
79.236,79.236,NoButton,Drag,1305,183
79.24,79.24,NoButton,Drag,1313,183
79.244,79.244,NoButton,Drag,1321,183
79.248,79.248,NoButton,Drag,1329,183
79.252,79.252,NoButton,Drag,1336,183
79.256,79.256,NoButton,Drag,1344,183
79.26,79.26,NoButton,Drag,1352,183
79.264,79.264,NoButton,Drag,1360,183
79.268,79.268,NoButton,Drag,1367,183
79.272,79.272,NoButton,Drag,1373,183
79.276,79.276,NoButton,Drag,1380,183
79.28,79.28,NoButton,Drag,1385,183
79.284,79.284,NoButton,Drag,1391,183
79.288,79.288,NoButton,Drag,1396,183
79.292,79.292,NoButton,Drag,1401,183
79.296,79.296,NoButton,Drag,1406,183
79.3,79.3,NoButton,Drag,1409,183
79.304,79.304,NoButton,Drag,1412,183
79.308,79.308,NoButton,Drag,1414,183
79.312,79.312,NoButton,Drag,1416,183
79.316,79.316,NoButton,Drag,1417,183
79.32,79.32,NoButton,Drag,1418,183
79.324,79.324,NoButton,Drag,1419,183
79.328,79.328,NoButton,Drag,1419,184
79.332,79.332,NoButton,Drag,1420,184
79.336,79.336,NoButton,Drag,1420,184
79.34,79.34,NoButton,Drag,1420,184
79.348,79.348,NoButton,Drag,1421,184
79.352,79.352,NoButton,Drag,1421,184
79.372,79.372,Left,Released,1421,184
79.472,79.472,NoButton,Move,1421,184
79.492,79.492,NoButton,Move,1421,184
79.52,79.52,NoButton,Move,1422,185
79.524,79.524,NoButton,Move,1422,185
79.54,79.54,NoButton,Move,1421,186
79.556,79.556,NoButton,Move,1415,190
79.573,79.573,NoButton,Move,1407,196
79.589,79.589,NoButton,Move,1395,205
79.606,79.606,NoButton,Move,1373,222
79.623,79.623,NoButton,Move,1365,230
79.64,79.64,NoButton,Move,1362,233
79.657,79.657,NoButton,Move,1359,238
79.673,79.673,NoButton,Move,1354,242
79.69,79.69,NoButton,Move,1354,244
79.706,79.706,NoButton,Move,1356,247
79.722,79.722,NoButton,Move,1358,247
79.74,79.74,NoButton,Move,1359,247
79.757,79.757,NoButton,Move,1359,247
79.774,79.774,NoButton,Move,1359,247
79.79,79.79,NoButton,Move,1358,247
79.806,79.806,NoButton,Move,1356,246
79.823,79.823,NoButton,Move,1354,244
79.839,79.839,NoButton,Move,1354,242
79.857,79.857,NoButton,Move,1354,239
79.873,79.873,NoButton,Move,1355,234
79.89,79.89,NoButton,Move,1359,229
79.906,79.906,NoButton,Move,1365,218
79.923,79.923,NoButton,Move,1371,208
79.939,79.939,NoButton,Move,1378,198
79.957,79.957,NoButton,Move,1384,189
79.973,79.973,NoButton,Move,1390,181
79.989,79.989,NoButton,Move,1395,174
80.006,80.006,NoButton,Move,1401,168
80.023,80.023,NoButton,Move,1403,166
80.039,80.039,NoButton,Move,1405,164
80.057,80.057,NoButton,Move,1406,164
80.072,80.072,NoButton,Move,1407,163
80.089,80.089,NoButton,Move,1408,162
80.106,80.106,NoButton,Move,1409,161
80.123,80.123,NoButton,Move,1412,160
80.14,80.14,NoButton,Move,1414,159
80.156,80.156,NoButton,Move,1413,159
80.277,80.277,Left,Pressed,1413,159
80.336,80.336,NoButton,Drag,1413,159
80.344,80.344,NoButton,Drag,1414,159
80.348,80.348,NoButton,Drag,1414,159
80.36,80.36,NoButton,Drag,1414,160
80.364,80.364,NoButton,Drag,1414,160
80.368,80.368,NoButton,Drag,1414,160
80.372,80.372,NoButton,Drag,1414,160
80.376,80.376,NoButton,Drag,1415,161
80.38,80.38,NoButton,Drag,1415,161
80.384,80.384,NoButton,Drag,1415,161
80.388,80.388,NoButton,Drag,1415,161
80.392,80.392,NoButton,Drag,1416,162
80.396,80.396,NoButton,Drag,1416,162
80.4,80.4,NoButton,Drag,1416,162
80.404,80.404,NoButton,Drag,1416,162
80.408,80.408,NoButton,Drag,1417,163
80.412,80.412,NoButton,Drag,1417,163
80.416,80.416,NoButton,Drag,1417,163
80.42,80.42,NoButton,Drag,1417,164
80.424,80.424,NoButton,Drag,1418,164
80.428,80.428,NoButton,Drag,1418,165
80.432,80.432,NoButton,Drag,1419,165
80.436,80.436,NoButton,Drag,1419,166
80.44,80.44,NoButton,Drag,1420,166
80.444,80.444,NoButton,Drag,1420,167
80.448,80.448,Left,Released,1420,167
80.449,80.449,NoButton,Move,1421,167
80.456,80.456,NoButton,Move,1423,168
80.472,80.472,NoButton,Move,1426,171
80.49,80.49,NoButton,Move,1429,173
80.493,80.493,Left,Pressed,1429,173
80.493,80.493,NoButton,Drag,1430,173
80.496,80.496,NoButton,Drag,1430,173
80.5,80.5,NoButton,Drag,1431,174
80.504,80.504,NoButton,Drag,1431,174
80.508,80.508,NoButton,Drag,1431,174
80.512,80.512,NoButton,Drag,1431,174
80.516,80.516,NoButton,Drag,1432,175
80.52,80.52,NoButton,Drag,1432,175
80.524,80.524,NoButton,Drag,1432,175
80.528,80.528,NoButton,Drag,1432,175
80.532,80.532,NoButton,Drag,1432,176
80.536,80.536,NoButton,Drag,1432,176
80.548,80.548,NoButton,Drag,1432,176
80.556,80.556,NoButton,Drag,1432,176
80.564,80.564,NoButton,Drag,1433,177
80.572,80.572,NoButton,Drag,1433,177
80.58,80.58,NoButton,Drag,1433,177
80.588,80.588,NoButton,Drag,1433,177
80.596,80.596,NoButton,Drag,1433,177
80.604,80.604,NoButton,Drag,1433,178
80.608,80.608,NoButton,Drag,1432,178
80.612,80.612,NoButton,Drag,1432,178
80.616,80.616,NoButton,Drag,1432,178
80.62,80.62,NoButton,Drag,1432,179
80.624,80.624,NoButton,Drag,1432,179
80.628,80.628,NoButton,Drag,1432,180
80.632,80.632,NoButton,Drag,1431,180
80.636,80.636,NoButton,Drag,1431,180
80.64,80.64,NoButton,Drag,1431,181
80.644,80.644,NoButton,Drag,1430,181
80.648,80.648,NoButton,Drag,1430,182
80.652,80.652,NoButton,Drag,1430,182
80.656,80.656,NoButton,Drag,1429,183
80.66,80.66,NoButton,Drag,1429,184
80.664,80.664,NoButton,Drag,1428,184
80.668,80.668,NoButton,Drag,1427,185
80.672,80.672,NoButton,Drag,1427,186
80.676,80.676,NoButton,Drag,1426,187
80.68,80.68,NoButton,Drag,1425,188
80.684,80.684,NoButton,Drag,1424,189
80.688,80.688,NoButton,Drag,1423,190
80.692,80.692,NoButton,Drag,1421,190
80.694,80.694,NoButton,Drag,1419,191
80.698,80.698,NoButton,Drag,1418,191
80.702,80.702,NoButton,Drag,1417,192
80.706,80.706,NoButton,Drag,1416,193
80.71,80.71,NoButton,Drag,1415,194
80.714,80.714,NoButton,Drag,1414,195
80.719,80.719,NoButton,Drag,1412,196
80.722,80.722,NoButton,Drag,1411,197
80.726,80.726,NoButton,Drag,1410,197
80.73,80.73,NoButton,Drag,1408,198
80.734,80.734,NoButton,Drag,1407,199
80.738,80.738,NoButton,Drag,1405,199
80.742,80.742,NoButton,Drag,1403,200
80.746,80.746,NoButton,Drag,1401,200
80.75,80.75,NoButton,Drag,1399,201
80.754,80.754,NoButton,Drag,1397,202
80.758,80.758,NoButton,Drag,1394,202
80.762,80.762,NoButton,Drag,1391,203
80.766,80.766,NoButton,Drag,1389,204
80.77,80.77,NoButton,Drag,1386,204
80.774,80.774,NoButton,Drag,1383,205
80.778,80.778,NoButton,Drag,1380,206
80.782,80.782,NoButton,Drag,1376,207
80.786,80.786,NoButton,Drag,1373,208
80.79,80.79,NoButton,Drag,1370,209
80.794,80.794,NoButton,Drag,1368,209
80.798,80.798,NoButton,Drag,1365,210
80.802,80.802,NoButton,Drag,1362,211
80.806,80.806,NoButton,Drag,1360,211
80.81,80.81,NoButton,Drag,1357,212
80.814,80.814,NoButton,Drag,1355,212
80.819,80.819,NoButton,Drag,1353,213
80.822,80.822,NoButton,Drag,1350,213
80.826,80.826,NoButton,Drag,1347,214
80.83,80.83,NoButton,Drag,1345,214
80.834,80.834,NoButton,Drag,1343,215
80.838,80.838,NoButton,Drag,1341,215
80.842,80.842,NoButton,Drag,1340,216
80.846,80.846,NoButton,Drag,1338,216
80.85,80.85,NoButton,Drag,1336,216
80.854,80.854,NoButton,Drag,1335,217
80.858,80.858,NoButton,Drag,1334,217
80.862,80.862,NoButton,Drag,1333,217
80.866,80.866,NoButton,Drag,1332,217
80.87,80.87,NoButton,Drag,1331,217
80.874,80.874,NoButton,Drag,1330,217
80.878,80.878,NoButton,Drag,1330,217
80.882,80.882,NoButton,Drag,1329,217
80.886,80.886,NoButton,Drag,1329,217
80.89,80.89,NoButton,Drag,1329,217
80.898,80.898,NoButton,Drag,1329,217
80.902,80.902,NoButton,Drag,1328,217
80.906,80.906,NoButton,Drag,1328,217
80.91,80.91,NoButton,Drag,1328,217
80.914,80.914,NoButton,Drag,1327,217
80.922,80.922,NoButton,Drag,1327,217
80.926,80.926,NoButton,Drag,1326,216
80.93,80.93,NoButton,Drag,1325,216
80.934,80.934,NoButton,Drag,1324,216
80.938,80.938,NoButton,Drag,1323,216
80.942,80.942,NoButton,Drag,1321,215
80.946,80.946,NoButton,Drag,1320,215
80.95,80.95,NoButton,Drag,1318,215
80.954,80.954,NoButton,Drag,1316,214
80.958,80.958,NoButton,Drag,1314,214
80.962,80.962,NoButton,Drag,1312,213
80.966,80.966,NoButton,Drag,1310,213
80.97,80.97,NoButton,Drag,1309,213
80.974,80.974,NoButton,Drag,1307,212
80.978,80.978,NoButton,Drag,1306,212
80.982,80.982,Left,Released,1306,212
80.983,80.983,NoButton,Move,1304,212
80.99,80.99,NoButton,Move,1304,212
81.006,81.006,NoButton,Move,1302,211
81.023,81.023,NoButton,Move,1300,211
81.04,81.04,NoButton,Move,1300,211
81.07,81.07,NoButton,Move,1300,211
81.078,81.078,NoButton,Move,1300,211
81.089,81.089,NoButton,Move,1299,212
81.106,81.106,NoButton,Move,1294,220
81.122,81.122,NoButton,Move,1284,230
81.139,81.139,NoButton,Move,1263,247
81.157,81.157,NoButton,Move,1226,273
81.174,81.174,NoButton,Move,1158,310
81.189,81.189,NoButton,Move,1078,354
81.206,81.206,NoButton,Move,925,437
81.223,81.223,NoButton,Move,750,523
81.24,81.24,NoButton,Move,550,615
81.256,81.256,NoButton,Move,343,692
81.273,81.273,NoButton,Move,113,767
81.289,81.289,NoButton,Move,0,821
81.306,81.306,NoButton,Move,0,863
81.323,81.323,NoButton,Move,0,882
81.34,81.34,NoButton,Move,0,886
81.356,81.356,NoButton,Move,0,886
81.373,81.373,NoButton,Move,0,876
81.39,81.39,NoButton,Move,0,861
81.406,81.406,NoButton,Move,0,848
81.424,81.424,NoButton,Move,0,835
81.44,81.44,NoButton,Move,0,823
81.456,81.456,NoButton,Move,0,812
81.473,81.473,NoButton,Move,0,805
81.489,81.489,NoButton,Move,0,800
81.506,81.506,NoButton,Move,0,794
81.523,81.523,NoButton,Move,4,788
81.539,81.539,NoButton,Move,16,777
81.556,81.556,NoButton,Move,42,758
81.573,81.573,NoButton,Move,69,740
81.59,81.59,NoButton,Move,108,715
81.606,81.606,NoButton,Move,159,683
81.623,81.623,NoButton,Move,213,649
81.639,81.639,NoButton,Move,266,614
81.656,81.656,NoButton,Move,313,577
81.673,81.673,NoButton,Move,355,538
81.69,81.69,NoButton,Move,386,506
81.706,81.706,NoButton,Move,413,478
81.723,81.723,NoButton,Move,433,455
81.74,81.74,NoButton,Move,451,438
81.756,81.756,NoButton,Move,465,425
81.772,81.772,NoButton,Move,476,415
81.79,81.79,NoButton,Move,481,410
81.806,81.806,NoButton,Move,485,408
81.823,81.823,NoButton,Move,486,407
81.902,81.902,NoButton,Move,486,407
81.91,81.91,NoButton,Move,486,406
81.923,81.923,NoButton,Move,486,406
81.94,81.94,NoButton,Move,485,406
81.956,81.956,NoButton,Move,483,405
81.974,81.974,NoButton,Move,480,403
81.99,81.99,NoButton,Move,474,400
82.006,82.006,NoButton,Move,465,395
82.023,82.023,NoButton,Move,454,389
82.04,82.04,NoButton,Move,448,385
82.056,82.056,NoButton,Move,446,383
82.073,82.073,NoButton,Move,444,382
82.089,82.089,NoButton,Move,444,382
82.107,82.107,NoButton,Move,443,382
82.142,82.142,NoButton,Move,443,382
82.15,82.15,NoButton,Move,443,382
82.157,82.157,NoButton,Move,443,381
82.173,82.173,NoButton,Move,442,381
82.242,82.242,NoButton,Move,442,381
82.265,82.265,Left,Pressed,442,381
82.302,82.302,NoButton,Drag,442,381
82.306,82.306,NoButton,Drag,443,381
82.31,82.31,NoButton,Drag,443,381
82.314,82.314,NoButton,Drag,444,381
82.318,82.318,NoButton,Drag,445,381
82.322,82.322,NoButton,Drag,447,382
82.326,82.326,NoButton,Drag,448,382
82.33,82.33,NoButton,Drag,451,382
82.334,82.334,NoButton,Drag,454,383
82.338,82.338,NoButton,Drag,458,384
82.342,82.342,NoButton,Drag,463,385
82.346,82.346,NoButton,Drag,469,386
82.35,82.35,NoButton,Drag,476,388
82.354,82.354,NoButton,Drag,483,389
82.358,82.358,NoButton,Drag,492,391
82.362,82.362,NoButton,Drag,502,393
82.366,82.366,NoButton,Drag,513,395
82.368,82.368,NoButton,Drag,523,398
82.372,82.372,NoButton,Drag,536,400
82.376,82.376,NoButton,Drag,549,403
82.382,82.382,NoButton,Drag,563,407
82.384,82.384,NoButton,Drag,577,409
82.388,82.388,NoButton,Drag,592,412
82.392,82.392,NoButton,Drag,608,415
82.396,82.396,NoButton,Drag,626,418
82.4,82.4,NoButton,Drag,644,421
82.404,82.404,NoButton,Drag,661,423
82.408,82.408,NoButton,Drag,680,426
82.412,82.412,NoButton,Drag,698,429
82.416,82.416,NoButton,Drag,716,430
82.42,82.42,NoButton,Drag,734,431
82.424,82.424,NoButton,Drag,754,432
82.428,82.428,NoButton,Drag,772,432
82.432,82.432,NoButton,Drag,792,433
82.436,82.436,NoButton,Drag,812,434
82.44,82.44,NoButton,Drag,829,434
82.444,82.444,NoButton,Drag,848,435
82.448,82.448,NoButton,Drag,865,435
82.452,82.452,NoButton,Drag,881,435
82.456,82.456,NoButton,Drag,895,435
82.46,82.46,NoButton,Drag,910,435
82.464,82.464,NoButton,Drag,924,435
82.468,82.468,NoButton,Drag,937,436
82.472,82.472,NoButton,Drag,949,436
82.476,82.476,NoButton,Drag,961,438
82.482,82.482,NoButton,Drag,970,438
82.484,82.484,NoButton,Drag,981,439
82.488,82.488,NoButton,Drag,991,439
82.492,82.492,NoButton,Drag,1001,439
82.496,82.496,NoButton,Drag,1009,441
82.5,82.5,NoButton,Drag,1017,442
82.504,82.504,NoButton,Drag,1024,443
82.508,82.508,NoButton,Drag,1031,444
82.512,82.512,NoButton,Drag,1037,446
82.516,82.516,NoButton,Drag,1044,447
82.52,82.52,NoButton,Drag,1049,448
82.524,82.524,NoButton,Drag,1055,449
82.528,82.528,NoButton,Drag,1061,451
82.532,82.532,NoButton,Drag,1067,452
82.536,82.536,NoButton,Drag,1073,454
82.54,82.54,NoButton,Drag,1078,455
82.544,82.544,NoButton,Drag,1084,457
82.548,82.548,NoButton,Drag,1090,457
82.552,82.552,NoButton,Drag,1095,459
82.556,82.556,NoButton,Drag,1102,460
82.56,82.56,NoButton,Drag,1107,461
82.564,82.564,NoButton,Drag,1113,463
82.572,82.572,NoButton,Drag,1119,464
82.574,82.574,NoButton,Drag,1125,465
82.576,82.576,NoButton,Drag,1130,466
82.58,82.58,NoButton,Drag,1135,467
82.584,82.584,NoButton,Drag,1140,468
82.588,82.588,NoButton,Drag,1145,469
82.592,82.592,NoButton,Drag,1150,470
82.596,82.596,NoButton,Drag,1156,470
82.6,82.6,NoButton,Drag,1161,470
82.604,82.604,NoButton,Drag,1166,471
82.608,82.608,NoButton,Drag,1171,471
82.612,82.612,NoButton,Drag,1175,471
82.616,82.616,NoButton,Drag,1179,471
82.62,82.62,NoButton,Drag,1183,471
82.624,82.624,NoButton,Drag,1187,471
82.628,82.628,NoButton,Drag,1190,471
82.632,82.632,NoButton,Drag,1194,470
82.636,82.636,NoButton,Drag,1197,470
82.64,82.64,NoButton,Drag,1200,470
82.644,82.644,NoButton,Drag,1202,469
82.648,82.648,NoButton,Drag,1205,469
82.652,82.652,NoButton,Drag,1209,469
82.656,82.656,NoButton,Drag,1212,468
82.66,82.66,NoButton,Drag,1214,468
82.666,82.666,NoButton,Drag,1217,468
82.68,82.68,NoButton,Drag,1219,467
82.682,82.682,NoButton,Drag,1224,466
82.684,82.684,NoButton,Drag,1226,466
82.688,82.688,NoButton,Drag,1228,465
82.692,82.692,NoButton,Drag,1229,465
82.696,82.696,NoButton,Drag,1230,465
82.7,82.7,NoButton,Drag,1231,465
82.704,82.704,NoButton,Drag,1232,465
82.708,82.708,NoButton,Drag,1232,465
82.712,82.712,NoButton,Drag,1233,465
82.716,82.716,NoButton,Drag,1233,465
82.72,82.72,NoButton,Drag,1234,465
82.724,82.724,NoButton,Drag,1235,465
82.728,82.728,NoButton,Drag,1235,465
82.732,82.732,NoButton,Drag,1236,465
82.736,82.736,NoButton,Drag,1236,465
82.74,82.74,NoButton,Drag,1237,465
82.744,82.744,NoButton,Drag,1238,465
82.748,82.748,NoButton,Drag,1239,465
82.752,82.752,NoButton,Drag,1240,466
82.756,82.756,NoButton,Drag,1241,466
82.76,82.76,NoButton,Drag,1242,466
82.764,82.764,NoButton,Drag,1243,466
82.768,82.768,NoButton,Drag,1244,467
82.772,82.772,NoButton,Drag,1246,467
82.776,82.776,NoButton,Drag,1247,467
82.78,82.78,NoButton,Drag,1249,467
82.784,82.784,NoButton,Drag,1250,468
82.788,82.788,NoButton,Drag,1251,468
82.792,82.792,NoButton,Drag,1253,468
82.796,82.796,NoButton,Drag,1254,469
82.8,82.8,NoButton,Drag,1255,469
82.804,82.804,NoButton,Drag,1256,469
82.808,82.808,NoButton,Drag,1258,469
82.812,82.812,NoButton,Drag,1259,469
82.816,82.816,NoButton,Drag,1260,469
82.82,82.82,NoButton,Drag,1262,470
82.824,82.824,NoButton,Drag,1263,470
82.828,82.828,NoButton,Drag,1265,470
82.832,82.832,NoButton,Drag,1266,470
82.836,82.836,NoButton,Drag,1267,470
82.84,82.84,NoButton,Drag,1268,470
82.844,82.844,NoButton,Drag,1269,470
82.848,82.848,NoButton,Drag,1270,470
82.85,82.85,NoButton,Drag,1271,470
82.854,82.854,NoButton,Drag,1272,470
82.858,82.858,NoButton,Drag,1272,470
82.862,82.862,Left,Released,1272,470
82.926,82.926,NoButton,Move,1272,470
82.93,82.93,NoButton,Move,1272,470
82.939,82.939,NoButton,Move,1273,470
82.956,82.956,NoButton,Move,1274,469
82.973,82.973,NoButton,Move,1276,469
82.99,82.99,NoButton,Move,1278,468
83.006,83.006,NoButton,Move,1280,468
83.023,83.023,NoButton,Move,1280,469
83.159,83.159,NoButton,Move,1280,469
83.162,83.162,NoButton,Move,1280,469
83.173,83.173,NoButton,Move,1279,469
83.19,83.19,NoButton,Move,1278,469
83.206,83.206,NoButton,Move,1275,469
83.222,83.222,NoButton,Move,1265,470
83.24,83.24,NoButton,Move,1243,470
83.257,83.257,NoButton,Move,1205,470
83.273,83.273,NoButton,Move,1145,470
83.29,83.29,NoButton,Move,1074,469
83.306,83.306,NoButton,Move,978,464
83.323,83.323,NoButton,Move,896,452
83.34,83.34,NoButton,Move,815,435
83.356,83.356,NoButton,Move,739,414
83.372,83.372,NoButton,Move,666,393
83.39,83.39,NoButton,Move,607,374
83.406,83.406,NoButton,Move,557,359
83.423,83.423,NoButton,Move,505,346
83.44,83.44,NoButton,Move,477,339
83.456,83.456,NoButton,Move,455,335
83.473,83.473,NoButton,Move,433,331
83.489,83.489,NoButton,Move,422,329
83.506,83.506,NoButton,Move,415,329
83.522,83.522,NoButton,Move,414,328
83.56,83.56,NoButton,Move,414,328
83.564,83.564,NoButton,Move,414,327
83.573,83.573,NoButton,Move,414,327
83.59,83.59,NoButton,Move,414,324
83.606,83.606,NoButton,Move,414,319
83.624,83.624,NoButton,Move,414,311
83.639,83.639,NoButton,Move,414,301
83.656,83.656,NoButton,Move,412,287
83.673,83.673,NoButton,Move,409,276
83.69,83.69,NoButton,Move,407,267
83.706,83.706,NoButton,Move,406,262
83.723,83.723,NoButton,Move,405,260
83.74,83.74,NoButton,Move,405,260
83.837,83.837,NoButton,Move,405,260
83.84,83.84,NoButton,Move,405,259
83.856,83.856,NoButton,Move,405,258
83.873,83.873,NoButton,Move,406,256
83.889,83.889,NoButton,Move,406,253
83.906,83.906,NoButton,Move,406,248
83.923,83.923,NoButton,Move,406,240
83.94,83.94,NoButton,Move,406,231
83.956,83.956,NoButton,Move,406,219
83.973,83.973,NoButton,Move,406,211
83.989,83.989,NoButton,Move,406,205
84.006,84.006,NoButton,Move,406,201
84.023,84.023,NoButton,Move,406,200
84.04,84.04,NoButton,Move,406,198
84.056,84.056,NoButton,Move,407,194
84.073,84.073,NoButton,Move,407,192
84.09,84.09,NoButton,Move,407,192
84.106,84.106,NoButton,Move,407,192
84.23,84.23,NoButton,Move,407,192
84.246,84.246,NoButton,Move,407,192
84.256,84.256,NoButton,Move,408,192
84.273,84.273,NoButton,Move,408,193
84.289,84.289,NoButton,Move,409,194
84.306,84.306,NoButton,Move,409,194
84.323,84.323,NoButton,Move,409,195
84.34,84.34,NoButton,Move,409,196
84.356,84.356,NoButton,Move,409,198
84.372,84.372,NoButton,Move,410,200
84.389,84.389,NoButton,Move,410,203
84.406,84.406,NoButton,Move,411,205
84.423,84.423,NoButton,Move,411,207
84.439,84.439,NoButton,Move,411,207
84.462,84.462,NoButton,Move,411,208
84.561,84.561,Left,Pressed,411,208
84.588,84.588,NoButton,Drag,412,208
84.6,84.6,NoButton,Drag,412,208
84.604,84.604,NoButton,Drag,412,208
84.608,84.608,NoButton,Drag,412,208
84.612,84.612,NoButton,Drag,412,208
84.616,84.616,NoButton,Drag,413,208
84.62,84.62,NoButton,Drag,413,209
84.624,84.624,NoButton,Drag,414,209
84.628,84.628,NoButton,Drag,414,209
84.632,84.632,NoButton,Drag,415,209
84.636,84.636,NoButton,Drag,416,210
84.64,84.64,NoButton,Drag,417,210
84.644,84.644,NoButton,Drag,418,210
84.648,84.648,NoButton,Drag,420,211
84.652,84.652,NoButton,Drag,422,212
84.656,84.656,NoButton,Drag,425,212
84.66,84.66,NoButton,Drag,428,213
84.664,84.664,NoButton,Drag,431,214
84.668,84.668,NoButton,Drag,434,214
84.672,84.672,NoButton,Drag,438,216
84.676,84.676,NoButton,Drag,442,217
84.68,84.68,NoButton,Drag,446,218
84.686,84.686,NoButton,Drag,451,219
84.688,84.688,NoButton,Drag,457,221
84.692,84.692,NoButton,Drag,463,223
84.696,84.696,NoButton,Drag,469,224
84.7,84.7,NoButton,Drag,477,226
84.704,84.704,NoButton,Drag,485,228
84.708,84.708,NoButton,Drag,494,231
84.712,84.712,NoButton,Drag,504,233
84.716,84.716,NoButton,Drag,515,235
84.72,84.72,NoButton,Drag,525,238
84.724,84.724,NoButton,Drag,535,241
84.728,84.728,NoButton,Drag,546,244
84.732,84.732,NoButton,Drag,558,247
84.736,84.736,NoButton,Drag,568,250
84.74,84.74,NoButton,Drag,580,254
84.744,84.744,NoButton,Drag,593,258
84.748,84.748,NoButton,Drag,604,261
84.752,84.752,NoButton,Drag,616,265
84.756,84.756,NoButton,Drag,629,269
84.76,84.76,NoButton,Drag,642,273
84.764,84.764,NoButton,Drag,656,277
84.768,84.768,NoButton,Drag,671,281
84.772,84.772,NoButton,Drag,686,285
84.776,84.776,NoButton,Drag,702,289
84.78,84.78,NoButton,Drag,716,294
84.784,84.784,NoButton,Drag,733,299
84.788,84.788,NoButton,Drag,751,304
84.792,84.792,NoButton,Drag,767,308
84.796,84.796,NoButton,Drag,784,313
84.8,84.8,NoButton,Drag,802,319
84.804,84.804,NoButton,Drag,819,324
84.808,84.808,NoButton,Drag,836,329
84.812,84.812,NoButton,Drag,854,334
84.816,84.816,NoButton,Drag,872,339
84.82,84.82,NoButton,Drag,888,344
84.824,84.824,NoButton,Drag,906,349
84.828,84.828,NoButton,Drag,923,353
84.832,84.832,NoButton,Drag,940,357
84.836,84.836,NoButton,Drag,958,362
84.84,84.84,NoButton,Drag,975,366
84.844,84.844,NoButton,Drag,992,370
84.848,84.848,NoButton,Drag,1010,374
84.852,84.852,NoButton,Drag,1027,378
84.856,84.856,NoButton,Drag,1045,383
84.86,84.86,NoButton,Drag,1063,387
84.864,84.864,NoButton,Drag,1081,391
84.868,84.868,NoButton,Drag,1098,394
84.872,84.872,NoButton,Drag,1116,397
84.876,84.876,NoButton,Drag,1132,400
84.88,84.88,NoButton,Drag,1147,403
84.884,84.884,NoButton,Drag,1161,405
84.888,84.888,NoButton,Drag,1176,408
84.892,84.892,NoButton,Drag,1191,411
84.896,84.896,NoButton,Drag,1205,414
84.9,84.9,NoButton,Drag,1218,417
84.904,84.904,NoButton,Drag,1230,420
84.908,84.908,NoButton,Drag,1244,422
84.912,84.912,NoButton,Drag,1256,425
84.916,84.916,NoButton,Drag,1267,427
84.92,84.92,NoButton,Drag,1278,430
84.924,84.924,NoButton,Drag,1289,431
84.928,84.928,NoButton,Drag,1299,434
84.932,84.932,NoButton,Drag,1308,436
84.936,84.936,NoButton,Drag,1316,438
84.94,84.94,NoButton,Drag,1324,439
84.944,84.944,NoButton,Drag,1332,441
84.948,84.948,NoButton,Drag,1338,443
84.952,84.952,NoButton,Drag,1344,444
84.956,84.956,NoButton,Drag,1349,446
84.96,84.96,NoButton,Drag,1354,447
84.964,84.964,NoButton,Drag,1359,448
84.968,84.968,NoButton,Drag,1362,449
84.972,84.972,NoButton,Drag,1365,449
84.976,84.976,NoButton,Drag,1368,450
84.982,84.982,NoButton,Drag,1370,450
84.984,84.984,NoButton,Drag,1371,451
84.988,84.988,NoButton,Drag,1372,451
84.992,84.992,NoButton,Drag,1373,451
85.092,85.092,NoButton,Drag,1373,452
85.108,85.108,NoButton,Drag,1373,452
85.112,85.112,NoButton,Drag,1373,452
85.116,85.116,NoButton,Drag,1374,452
85.126,85.126,NoButton,Drag,1374,452
85.171,85.171,Left,Released,1374,452
85.19,85.19,NoButton,Move,1374,452
85.194,85.194,NoButton,Move,1373,452
85.206,85.206,NoButton,Move,1373,452
85.223,85.223,NoButton,Move,1372,451
85.239,85.239,NoButton,Move,1371,451
85.256,85.256,NoButton,Move,1370,451
85.273,85.273,NoButton,Move,1369,451
85.29,85.29,NoButton,Move,1368,451
85.306,85.306,NoButton,Move,1366,451
85.323,85.323,NoButton,Move,1366,451
85.34,85.34,NoButton,Move,1365,451
85.357,85.357,NoButton,Move,1365,451
85.373,85.373,NoButton,Move,1364,452
85.389,85.389,NoButton,Move,1361,453
85.406,85.406,NoButton,Move,1355,454
85.423,85.423,NoButton,Move,1345,458
85.44,85.44,NoButton,Move,1326,463
85.456,85.456,NoButton,Move,1292,471
85.473,85.473,NoButton,Move,1240,481
85.49,85.49,NoButton,Move,1167,495
85.506,85.506,NoButton,Move,1062,509
85.523,85.523,NoButton,Move,887,518
85.54,85.54,NoButton,Move,742,520
85.556,85.556,NoButton,Move,590,520
85.573,85.573,NoButton,Move,442,520
85.59,85.59,NoButton,Move,309,520
85.606,85.606,NoButton,Move,197,518
85.622,85.622,NoButton,Move,141,516
85.639,85.639,NoButton,Move,112,514
85.656,85.656,NoButton,Move,103,512
85.7,85.7,NoButton,Move,103,512
85.704,85.704,NoButton,Move,103,512
85.708,85.708,NoButton,Move,103,511
85.723,85.723,NoButton,Move,104,511
85.739,85.739,NoButton,Move,105,509
85.756,85.756,NoButton,Move,108,506
85.773,85.773,NoButton,Move,115,500
85.79,85.79,NoButton,Move,125,492
85.806,85.806,NoButton,Move,141,482
85.822,85.822,NoButton,Move,161,469
85.84,85.84,NoButton,Move,183,457
85.856,85.856,NoButton,Move,209,445
85.873,85.873,NoButton,Move,238,433
85.889,85.889,NoButton,Move,255,426
85.906,85.906,NoButton,Move,270,422
85.922,85.922,NoButton,Move,284,418
85.94,85.94,NoButton,Move,295,415
85.956,85.956,NoButton,Move,312,413
85.972,85.972,NoButton,Move,325,412
85.99,85.99,NoButton,Move,341,412
86.007,86.007,NoButton,Move,362,412
86.022,86.022,NoButton,Move,386,412
86.039,86.039,NoButton,Move,411,412
86.056,86.056,NoButton,Move,441,413
86.073,86.073,NoButton,Move,458,413
86.09,86.09,NoButton,Move,468,413
86.107,86.107,NoButton,Move,472,413
86.169,86.169,NoButton,Move,472,413
86.257,86.257,NoButton,Move,472,413
86.264,86.264,NoButton,Move,471,413
86.273,86.273,NoButton,Move,471,413
86.289,86.289,NoButton,Move,470,412
86.306,86.306,NoButton,Move,468,411
86.323,86.323,NoButton,Move,465,409
86.339,86.339,NoButton,Move,459,406
86.356,86.356,NoButton,Move,452,403
86.373,86.373,NoButton,Move,445,402
86.389,86.389,NoButton,Move,440,400
86.406,86.406,NoButton,Move,436,400
86.423,86.423,NoButton,Move,434,399
86.44,86.44,NoButton,Move,433,399
86.456,86.456,NoButton,Move,432,398
86.473,86.473,NoButton,Move,431,397
86.49,86.49,NoButton,Move,430,397
86.506,86.506,NoButton,Move,429,395
86.523,86.523,NoButton,Move,427,394
86.54,86.54,NoButton,Move,423,394
86.556,86.556,NoButton,Move,420,393
86.573,86.573,NoButton,Move,417,392
86.59,86.59,NoButton,Move,415,391
86.606,86.606,NoButton,Move,415,391
86.714,86.714,NoButton,Move,415,391
86.718,86.718,NoButton,Move,415,392
86.722,86.722,NoButton,Move,415,392
86.739,86.739,NoButton,Move,416,393
86.74,86.74,Left,Pressed,416,393
86.74,86.74,NoButton,Drag,416,394
86.742,86.742,NoButton,Drag,417,394
86.746,86.746,NoButton,Drag,418,395
86.75,86.75,NoButton,Drag,419,396
86.754,86.754,NoButton,Drag,420,397
86.758,86.758,NoButton,Drag,422,398
86.762,86.762,NoButton,Drag,423,399
86.766,86.766,NoButton,Drag,426,401
86.77,86.77,NoButton,Drag,428,402
86.774,86.774,NoButton,Drag,430,404
86.778,86.778,NoButton,Drag,432,405
86.782,86.782,NoButton,Drag,435,407
86.786,86.786,NoButton,Drag,438,409
86.79,86.79,NoButton,Drag,441,411
86.794,86.794,NoButton,Drag,444,413
86.798,86.798,NoButton,Drag,448,415
86.802,86.802,NoButton,Drag,451,417
86.806,86.806,NoButton,Drag,455,420
86.81,86.81,NoButton,Drag,459,423
86.814,86.814,NoButton,Drag,464,426
86.818,86.818,NoButton,Drag,468,428
86.822,86.822,NoButton,Drag,473,431
86.826,86.826,NoButton,Drag,478,435
86.83,86.83,NoButton,Drag,484,438
86.834,86.834,NoButton,Drag,489,441
86.838,86.838,NoButton,Drag,495,445
86.842,86.842,NoButton,Drag,502,448
86.846,86.846,NoButton,Drag,509,453
86.848,86.848,NoButton,Drag,516,456
86.852,86.852,NoButton,Drag,523,460
86.856,86.856,NoButton,Drag,529,465
86.86,86.86,NoButton,Drag,537,469
86.864,86.864,NoButton,Drag,546,474
86.868,86.868,NoButton,Drag,555,478
86.872,86.872,NoButton,Drag,564,483
86.876,86.876,NoButton,Drag,573,487
86.88,86.88,NoButton,Drag,582,492
86.884,86.884,NoButton,Drag,593,496
86.888,86.888,NoButton,Drag,603,500
86.892,86.892,NoButton,Drag,614,505
86.896,86.896,NoButton,Drag,625,509
86.9,86.9,NoButton,Drag,635,513
86.904,86.904,NoButton,Drag,646,518
86.908,86.908,NoButton,Drag,657,522
86.912,86.912,NoButton,Drag,669,527
86.916,86.916,NoButton,Drag,681,531
86.92,86.92,NoButton,Drag,693,536
86.924,86.924,NoButton,Drag,706,540
86.93,86.93,NoButton,Drag,717,545
86.932,86.932,NoButton,Drag,731,549
86.936,86.936,NoButton,Drag,744,555
86.94,86.94,NoButton,Drag,757,559
86.944,86.944,NoButton,Drag,770,564
86.948,86.948,NoButton,Drag,784,569
86.952,86.952,NoButton,Drag,797,574
86.956,86.956,NoButton,Drag,810,579
86.961,86.961,NoButton,Drag,824,584
86.964,86.964,NoButton,Drag,837,589
86.968,86.968,NoButton,Drag,850,593
86.972,86.972,NoButton,Drag,863,598
86.976,86.976,NoButton,Drag,876,603
86.98,86.98,NoButton,Drag,888,607
86.984,86.984,NoButton,Drag,902,612
86.988,86.988,NoButton,Drag,918,618
86.992,86.992,NoButton,Drag,932,623
86.996,86.996,NoButton,Drag,947,630
87,87,NoButton,Drag,962,636
87.004,87.004,NoButton,Drag,977,642
87.008,87.008,NoButton,Drag,992,648
87.012,87.012,NoButton,Drag,1006,653
87.016,87.016,NoButton,Drag,1021,659
87.02,87.02,NoButton,Drag,1035,664
87.024,87.024,NoButton,Drag,1048,669
87.028,87.028,NoButton,Drag,1062,675
87.032,87.032,NoButton,Drag,1076,680
87.036,87.036,NoButton,Drag,1090,685
87.044,87.044,NoButton,Drag,1104,691
87.046,87.046,NoButton,Drag,1120,696
87.048,87.048,NoButton,Drag,1131,701
87.052,87.052,NoButton,Drag,1143,704
87.056,87.056,NoButton,Drag,1155,708
87.061,87.061,NoButton,Drag,1167,713
87.064,87.064,NoButton,Drag,1179,717
87.068,87.068,NoButton,Drag,1192,722
87.072,87.072,NoButton,Drag,1204,725
87.076,87.076,NoButton,Drag,1215,729
87.08,87.08,NoButton,Drag,1227,733
87.084,87.084,NoButton,Drag,1238,736
87.088,87.088,NoButton,Drag,1249,740
87.092,87.092,NoButton,Drag,1260,743
87.096,87.096,NoButton,Drag,1270,746
87.1,87.1,NoButton,Drag,1280,749
87.104,87.104,NoButton,Drag,1289,751
87.108,87.108,NoButton,Drag,1299,754
87.112,87.112,NoButton,Drag,1308,756
87.116,87.116,NoButton,Drag,1317,758
87.12,87.12,NoButton,Drag,1325,760
87.124,87.124,NoButton,Drag,1332,762
87.128,87.128,NoButton,Drag,1340,764
87.132,87.132,NoButton,Drag,1347,765
87.136,87.136,NoButton,Drag,1354,767
87.14,87.14,NoButton,Drag,1360,768
87.144,87.144,NoButton,Drag,1366,769
87.148,87.148,NoButton,Drag,1370,770
87.152,87.152,NoButton,Drag,1375,772
87.156,87.156,NoButton,Drag,1379,772
87.16,87.16,NoButton,Drag,1382,773
87.164,87.164,NoButton,Drag,1385,774
87.168,87.168,NoButton,Drag,1387,774
87.172,87.172,NoButton,Drag,1389,775
87.176,87.176,NoButton,Drag,1391,775
87.18,87.18,NoButton,Drag,1392,776
87.184,87.184,NoButton,Drag,1392,776
87.361,87.361,NoButton,Drag,1392,775
87.362,87.362,Left,Released,1392,775
87.372,87.372,NoButton,Move,1392,775
87.38,87.38,NoButton,Move,1391,775
87.403,87.403,NoButton,Move,1391,775
87.406,87.406,NoButton,Move,1391,775
87.424,87.424,NoButton,Move,1391,774
87.44,87.44,NoButton,Move,1390,774
87.457,87.457,NoButton,Move,1389,773
87.473,87.473,NoButton,Move,1388,773
87.489,87.489,NoButton,Move,1386,772
87.506,87.506,NoButton,Move,1385,772
87.523,87.523,NoButton,Move,1382,771
87.54,87.54,NoButton,Move,1379,771
87.557,87.557,NoButton,Move,1373,771
87.573,87.573,NoButton,Move,1363,771
87.59,87.59,NoButton,Move,1350,773
87.606,87.606,NoButton,Move,1324,778
87.623,87.623,NoButton,Move,1263,790
87.64,87.64,NoButton,Move,1181,804
87.657,87.657,NoButton,Move,1053,821
87.674,87.674,NoButton,Move,893,851
87.69,87.69,NoButton,Move,684,892
87.706,87.706,NoButton,Move,435,899
87.723,87.723,NoButton,Move,115,899
87.74,87.74,NoButton,Move,0,899
87.757,87.757,NoButton,Move,0,899
87.772,87.772,NoButton,Move,0,899
87.79,87.79,NoButton,Move,0,899
87.806,87.806,NoButton,Move,0,899
87.823,87.823,NoButton,Move,0,899
87.84,87.84,NoButton,Move,0,894
87.857,87.857,NoButton,Move,0,887
87.873,87.873,NoButton,Move,0,880
87.89,87.89,NoButton,Move,0,872
87.906,87.906,NoButton,Move,4,862
87.922,87.922,NoButton,Move,16,849
87.939,87.939,NoButton,Move,31,835
87.957,87.957,NoButton,Move,49,821
87.973,87.973,NoButton,Move,73,804
87.989,87.989,NoButton,Move,94,792
88.007,88.007,NoButton,Move,111,780
88.023,88.023,NoButton,Move,126,770
88.039,88.039,NoButton,Move,136,762
88.056,88.056,NoButton,Move,143,756
88.073,88.073,NoButton,Move,146,753
88.089,88.089,NoButton,Move,147,751
88.107,88.107,NoButton,Move,147,749
88.123,88.123,NoButton,Move,148,747
88.139,88.139,NoButton,Move,148,745
88.156,88.156,NoButton,Move,149,743
88.173,88.173,NoButton,Move,149,739
88.19,88.19,NoButton,Move,149,736
88.206,88.206,NoButton,Move,148,731
88.223,88.223,NoButton,Move,147,726
88.239,88.239,NoButton,Move,147,719
88.256,88.256,NoButton,Move,148,711
88.273,88.273,NoButton,Move,150,702
88.29,88.29,NoButton,Move,151,697
88.306,88.306,NoButton,Move,154,692
88.323,88.323,NoButton,Move,158,689
88.34,88.34,NoButton,Move,164,687
88.356,88.356,NoButton,Move,175,687
88.373,88.373,NoButton,Move,195,693
88.39,88.39,NoButton,Move,212,700
88.406,88.406,NoButton,Move,227,708
88.423,88.423,NoButton,Move,240,712
88.439,88.439,NoButton,Move,250,715
88.456,88.456,NoButton,Move,255,715
88.473,88.473,NoButton,Move,255,715
88.49,88.49,NoButton,Move,256,715
88.507,88.507,NoButton,Move,256,715
88.522,88.522,NoButton,Move,256,714
88.54,88.54,NoButton,Move,256,713
88.556,88.556,NoButton,Move,256,712
88.573,88.573,NoButton,Move,256,711
88.59,88.59,NoButton,Move,256,711
88.606,88.606,NoButton,Move,256,711
88.623,88.623,NoButton,Move,256,710
88.639,88.639,NoButton,Move,256,710
88.656,88.656,NoButton,Move,256,709
88.673,88.673,NoButton,Move,257,709
88.689,88.689,NoButton,Move,257,709
88.704,88.704,NoButton,Move,258,708
88.706,88.706,Left,Pressed,258,708
88.707,88.707,NoButton,Drag,258,708
88.71,88.71,NoButton,Drag,258,708
88.714,88.714,NoButton,Drag,259,708
88.718,88.718,NoButton,Drag,259,708
88.722,88.722,NoButton,Drag,259,708
88.726,88.726,NoButton,Drag,260,708
88.73,88.73,NoButton,Drag,261,708
88.734,88.734,NoButton,Drag,261,707
88.738,88.738,NoButton,Drag,262,707
88.743,88.743,NoButton,Drag,263,707
88.747,88.747,NoButton,Drag,265,707
88.75,88.75,NoButton,Drag,266,707
88.754,88.754,NoButton,Drag,267,706
88.758,88.758,NoButton,Drag,268,706
88.763,88.763,NoButton,Drag,270,706
88.766,88.766,NoButton,Drag,272,706
88.77,88.77,NoButton,Drag,274,705
88.774,88.774,NoButton,Drag,276,705
88.778,88.778,NoButton,Drag,278,705
88.782,88.782,NoButton,Drag,281,705
88.786,88.786,NoButton,Drag,285,704
88.79,88.79,NoButton,Drag,289,704
88.794,88.794,NoButton,Drag,293,703
88.798,88.798,NoButton,Drag,299,702
88.802,88.802,NoButton,Drag,305,701
88.806,88.806,NoButton,Drag,312,700
88.81,88.81,NoButton,Drag,319,699
88.814,88.814,NoButton,Drag,328,697
88.818,88.818,NoButton,Drag,336,696
88.822,88.822,NoButton,Drag,344,695
88.826,88.826,NoButton,Drag,354,692
88.83,88.83,NoButton,Drag,364,690
88.834,88.834,NoButton,Drag,374,688
88.838,88.838,NoButton,Drag,383,686
88.842,88.842,NoButton,Drag,395,683
88.847,88.847,NoButton,Drag,406,681
88.85,88.85,NoButton,Drag,417,677
88.854,88.854,NoButton,Drag,429,674
88.858,88.858,NoButton,Drag,442,670
88.863,88.863,NoButton,Drag,454,666
88.866,88.866,NoButton,Drag,465,663
88.87,88.87,NoButton,Drag,479,659
88.874,88.874,NoButton,Drag,492,656
88.878,88.878,NoButton,Drag,504,652
88.882,88.882,NoButton,Drag,519,647
88.886,88.886,NoButton,Drag,531,643
88.89,88.89,NoButton,Drag,544,639
88.894,88.894,NoButton,Drag,558,634
88.898,88.898,NoButton,Drag,571,630
88.903,88.903,NoButton,Drag,584,625
88.906,88.906,NoButton,Drag,597,620
88.91,88.91,NoButton,Drag,611,616
88.914,88.914,NoButton,Drag,623,611
88.918,88.918,NoButton,Drag,635,607
88.922,88.922,NoButton,Drag,647,602
88.926,88.926,NoButton,Drag,659,598
88.93,88.93,NoButton,Drag,670,594
88.934,88.934,NoButton,Drag,682,591
88.938,88.938,NoButton,Drag,693,587
88.942,88.942,NoButton,Drag,703,583
88.947,88.947,NoButton,Drag,713,579
88.95,88.95,NoButton,Drag,723,575
88.954,88.954,NoButton,Drag,732,572
88.958,88.958,NoButton,Drag,742,568
88.963,88.963,NoButton,Drag,752,565
88.966,88.966,NoButton,Drag,761,562
88.97,88.97,NoButton,Drag,770,559
88.974,88.974,NoButton,Drag,780,556
88.978,88.978,NoButton,Drag,789,553
88.982,88.982,NoButton,Drag,797,551
88.986,88.986,NoButton,Drag,805,548
88.99,88.99,NoButton,Drag,813,546
88.994,88.994,NoButton,Drag,820,545
88.998,88.998,NoButton,Drag,828,543
89.002,89.002,NoButton,Drag,834,542
89.006,89.006,NoButton,Drag,840,540
89.01,89.01,NoButton,Drag,847,538
89.014,89.014,NoButton,Drag,853,537
89.018,89.018,NoButton,Drag,859,536
89.022,89.022,NoButton,Drag,865,535
89.026,89.026,NoButton,Drag,870,534
89.03,89.03,NoButton,Drag,875,533
89.034,89.034,NoButton,Drag,880,532
89.038,89.038,NoButton,Drag,886,531
89.042,89.042,NoButton,Drag,891,530
89.047,89.047,NoButton,Drag,895,530
89.05,89.05,NoButton,Drag,900,529
89.054,89.054,NoButton,Drag,905,529
89.058,89.058,NoButton,Drag,909,528
89.063,89.063,NoButton,Drag,914,528
89.066,89.066,NoButton,Drag,918,528
89.07,89.07,NoButton,Drag,923,528
89.074,89.074,NoButton,Drag,927,528
89.078,89.078,NoButton,Drag,932,528
89.082,89.082,NoButton,Drag,937,528
89.086,89.086,NoButton,Drag,942,527
89.09,89.09,NoButton,Drag,947,527
89.094,89.094,NoButton,Drag,952,527
89.098,89.098,NoButton,Drag,956,526
89.102,89.102,NoButton,Drag,962,526
89.106,89.106,NoButton,Drag,967,526
89.11,89.11,NoButton,Drag,973,526
89.114,89.114,NoButton,Drag,979,526
89.118,89.118,NoButton,Drag,985,525
89.122,89.122,NoButton,Drag,991,524
89.124,89.124,NoButton,Drag,996,524
89.128,89.128,NoButton,Drag,1002,523
89.132,89.132,NoButton,Drag,1008,522
89.136,89.136,NoButton,Drag,1014,521
89.14,89.14,NoButton,Drag,1020,521
89.144,89.144,NoButton,Drag,1027,520
89.148,89.148,NoButton,Drag,1032,519
89.152,89.152,NoButton,Drag,1039,518
89.156,89.156,NoButton,Drag,1045,517
89.16,89.16,NoButton,Drag,1052,516
89.164,89.164,NoButton,Drag,1058,515
89.168,89.168,NoButton,Drag,1065,514
89.172,89.172,NoButton,Drag,1072,513
89.178,89.178,NoButton,Drag,1079,512
89.18,89.18,NoButton,Drag,1086,511
89.184,89.184,NoButton,Drag,1092,510
89.188,89.188,NoButton,Drag,1098,509
89.192,89.192,NoButton,Drag,1103,509
89.197,89.197,NoButton,Drag,1108,508
89.2,89.2,NoButton,Drag,1113,507
89.204,89.204,NoButton,Drag,1119,506
89.208,89.208,NoButton,Drag,1124,505
89.213,89.213,NoButton,Drag,1130,505
89.216,89.216,NoButton,Drag,1135,504
89.22,89.22,NoButton,Drag,1139,504
89.224,89.224,NoButton,Drag,1144,503
89.228,89.228,NoButton,Drag,1148,502
89.232,89.232,NoButton,Drag,1153,501
89.236,89.236,NoButton,Drag,1157,500
89.24,89.24,NoButton,Drag,1161,500
89.244,89.244,NoButton,Drag,1164,499
89.248,89.248,NoButton,Drag,1168,498
89.252,89.252,NoButton,Drag,1170,498
89.256,89.256,NoButton,Drag,1173,498
89.26,89.26,NoButton,Drag,1175,497
89.264,89.264,NoButton,Drag,1177,497
89.268,89.268,NoButton,Drag,1179,496
89.272,89.272,NoButton,Drag,1181,496
89.276,89.276,NoButton,Drag,1183,495
89.28,89.28,NoButton,Drag,1185,495
89.284,89.284,NoButton,Drag,1187,495
89.288,89.288,NoButton,Drag,1188,494
89.292,89.292,NoButton,Drag,1190,494
89.297,89.297,NoButton,Drag,1192,494
89.301,89.301,NoButton,Drag,1193,494
89.304,89.304,NoButton,Drag,1194,493
89.308,89.308,NoButton,Drag,1195,493
89.313,89.313,NoButton,Drag,1196,493
89.316,89.316,NoButton,Drag,1197,493
89.32,89.32,NoButton,Drag,1199,493
89.324,89.324,NoButton,Drag,1200,493
89.328,89.328,NoButton,Drag,1201,493
89.332,89.332,NoButton,Drag,1202,493
89.336,89.336,NoButton,Drag,1203,493
89.34,89.34,NoButton,Drag,1204,492
89.344,89.344,NoButton,Drag,1206,492
89.348,89.348,NoButton,Drag,1207,492
89.352,89.352,NoButton,Drag,1208,492
89.356,89.356,NoButton,Drag,1209,492
89.36,89.36,NoButton,Drag,1210,492
89.364,89.364,NoButton,Drag,1212,492
89.368,89.368,NoButton,Drag,1214,492
89.373,89.373,Left,Released,1214,492
89.374,89.374,NoButton,Move,1215,492
89.389,89.389,NoButton,Move,1220,491
89.407,89.407,NoButton,Move,1223,490
89.577,89.577,NoButton,Move,1223,491
89.604,89.604,NoButton,Move,1223,491
89.608,89.608,NoButton,Move,1223,491
89.622,89.622,NoButton,Move,1222,491
89.64,89.64,NoButton,Move,1221,492
89.656,89.656,NoButton,Move,1217,493
89.673,89.673,NoButton,Move,1203,495
89.689,89.689,NoButton,Move,1177,499
89.706,89.706,NoButton,Move,1126,513
89.723,89.723,NoButton,Move,1078,528
89.74,89.74,NoButton,Move,1027,546
89.756,89.756,NoButton,Move,991,562
89.773,89.773,NoButton,Move,976,573
89.79,89.79,NoButton,Move,973,575
89.806,89.806,NoButton,Move,975,576
89.823,89.823,NoButton,Move,986,574
89.84,89.84,NoButton,Move,1006,571
89.857,89.857,NoButton,Move,1028,566
89.873,89.873,NoButton,Move,1045,562
89.89,89.89,NoButton,Move,1056,559
89.906,89.906,NoButton,Move,1062,558
89.923,89.923,NoButton,Move,1065,557
89.939,89.939,NoButton,Move,1067,556
89.957,89.957,NoButton,Move,1070,555
89.972,89.972,NoButton,Move,1075,552
89.989,89.989,NoButton,Move,1083,550
90.006,90.006,NoButton,Move,1095,546
90.023,90.023,NoButton,Move,1110,540
90.039,90.039,NoButton,Move,1121,535
90.057,90.057,NoButton,Move,1131,531
90.073,90.073,NoButton,Move,1138,526
90.089,90.089,NoButton,Move,1143,523
90.106,90.106,NoButton,Move,1146,521
90.123,90.123,NoButton,Move,1149,518
90.14,90.14,NoButton,Move,1151,517
90.156,90.156,NoButton,Move,1155,515
90.173,90.173,NoButton,Move,1160,511
90.19,90.19,NoButton,Move,1166,507
90.206,90.206,NoButton,Move,1174,502
90.223,90.223,NoButton,Move,1186,496
90.24,90.24,NoButton,Move,1196,491
90.256,90.256,NoButton,Move,1203,487
90.273,90.273,NoButton,Move,1209,484
90.29,90.29,NoButton,Move,1210,483
90.369,90.369,NoButton,Move,1210,483
90.372,90.372,NoButton,Move,1209,483
90.38,90.38,NoButton,Move,1209,483
90.39,90.39,NoButton,Move,1209,483
90.406,90.406,NoButton,Move,1207,483
90.423,90.423,NoButton,Move,1201,484
90.44,90.44,NoButton,Move,1187,486
90.456,90.456,NoButton,Move,1141,495
90.473,90.473,NoButton,Move,1078,509
90.489,90.489,NoButton,Move,1000,538
90.506,90.506,NoButton,Move,917,576
90.523,90.523,NoButton,Move,810,621
90.54,90.54,NoButton,Move,757,649
90.825,90.825,NoButton,Move,754,651
90.828,90.828,NoButton,Move,751,651
90.839,90.839,NoButton,Move,743,648
90.856,90.856,NoButton,Move,731,645
90.872,90.872,NoButton,Move,731,644
90.89,90.89,NoButton,Move,731,642
90.906,90.906,NoButton,Move,737,633
90.923,90.923,NoButton,Move,751,623
90.939,90.939,NoButton,Move,769,611
90.956,90.956,NoButton,Move,785,599
90.972,90.972,NoButton,Move,802,588
90.989,90.989,NoButton,Move,820,576
91.006,91.006,NoButton,Move,843,561
91.023,91.023,NoButton,Move,888,538
91.04,91.04,NoButton,Move,933,520
91.056,91.056,NoButton,Move,979,500
91.073,91.073,NoButton,Move,1019,481
91.089,91.089,NoButton,Move,1047,468
91.106,91.106,NoButton,Move,1073,458
91.123,91.123,NoButton,Move,1102,449
91.139,91.139,NoButton,Move,1121,444
91.156,91.156,NoButton,Move,1135,441
91.173,91.173,NoButton,Move,1148,439
91.189,91.189,NoButton,Move,1159,438
91.206,91.206,NoButton,Move,1172,438
91.223,91.223,NoButton,Move,1194,438
91.239,91.239,NoButton,Move,1214,438
91.256,91.256,NoButton,Move,1232,438
91.272,91.272,NoButton,Move,1248,435
91.29,91.29,NoButton,Move,1258,432
91.306,91.306,NoButton,Move,1260,431
91.362,91.362,NoButton,Move,1260,431
91.378,91.378,NoButton,Move,1260,431
91.39,91.39,NoButton,Move,1260,432
91.406,91.406,NoButton,Move,1259,432
91.423,91.423,NoButton,Move,1257,434
91.44,91.44,NoButton,Move,1256,435
91.456,91.456,NoButton,Move,1254,438
91.473,91.473,NoButton,Move,1253,440
91.49,91.49,NoButton,Move,1251,443
91.506,91.506,NoButton,Move,1248,446
91.523,91.523,NoButton,Move,1243,449
91.539,91.539,NoButton,Move,1238,453
91.556,91.556,NoButton,Move,1233,455
91.573,91.573,NoButton,Move,1232,456
91.59,91.59,NoButton,Move,1231,457
91.607,91.607,NoButton,Move,1230,457
91.623,91.623,NoButton,Move,1228,458
91.64,91.64,NoButton,Move,1225,459
91.656,91.656,NoButton,Move,1221,460
91.673,91.673,NoButton,Move,1219,460
91.713,91.713,Left,Pressed,1219,460
91.784,91.784,NoButton,Drag,1219,460
91.788,91.788,NoButton,Drag,1219,460
91.792,91.792,NoButton,Drag,1220,460
91.796,91.796,NoButton,Drag,1220,460
91.8,91.8,NoButton,Drag,1221,460
91.804,91.804,NoButton,Drag,1222,460
91.808,91.808,NoButton,Drag,1223,460
91.812,91.812,NoButton,Drag,1224,459
91.816,91.816,NoButton,Drag,1226,459
91.82,91.82,NoButton,Drag,1228,458
91.824,91.824,NoButton,Drag,1230,458
91.828,91.828,NoButton,Drag,1232,457
91.833,91.833,NoButton,Drag,1235,457
91.836,91.836,NoButton,Drag,1239,456
91.84,91.84,NoButton,Drag,1242,456
91.844,91.844,NoButton,Drag,1245,455
91.848,91.848,NoButton,Drag,1250,455
91.852,91.852,NoButton,Drag,1255,454
91.856,91.856,NoButton,Drag,1260,454
91.86,91.86,NoButton,Drag,1266,453
91.864,91.864,NoButton,Drag,1272,452
91.868,91.868,NoButton,Drag,1278,451
91.872,91.872,NoButton,Drag,1284,450
91.876,91.876,NoButton,Drag,1290,449
91.88,91.88,NoButton,Drag,1296,448
91.884,91.884,NoButton,Drag,1302,446
91.888,91.888,NoButton,Drag,1308,445
91.892,91.892,NoButton,Drag,1315,443
91.896,91.896,NoButton,Drag,1321,442
91.9,91.9,NoButton,Drag,1328,440
91.904,91.904,NoButton,Drag,1335,439
91.908,91.908,NoButton,Drag,1343,437
91.912,91.912,NoButton,Drag,1350,436
91.916,91.916,NoButton,Drag,1357,434
91.92,91.92,NoButton,Drag,1363,432
91.924,91.924,NoButton,Drag,1370,430
91.928,91.928,NoButton,Drag,1376,429
91.932,91.932,NoButton,Drag,1382,427
91.936,91.936,NoButton,Drag,1387,426
91.94,91.94,NoButton,Drag,1392,425
91.944,91.944,Left,Released,1392,425
91.945,91.945,NoButton,Move,1396,424
91.956,91.956,NoButton,Move,1402,422
91.972,91.972,NoButton,Move,1408,419
91.989,91.989,NoButton,Move,1409,418
92.007,92.007,NoButton,Move,1409,418
92.023,92.023,NoButton,Move,1407,418
92.04,92.04,NoButton,Move,1401,418
92.057,92.057,NoButton,Move,1385,420
92.073,92.073,NoButton,Move,1354,424
92.089,92.089,NoButton,Move,1307,432
92.106,92.106,NoButton,Move,1236,443
92.123,92.123,NoButton,Move,1113,463
92.139,92.139,NoButton,Move,980,474
92.156,92.156,NoButton,Move,828,479
92.173,92.173,NoButton,Move,676,483
92.19,92.19,NoButton,Move,527,487
92.206,92.206,NoButton,Move,399,490
92.223,92.223,NoButton,Move,291,491
92.24,92.24,NoButton,Move,227,491
92.256,92.256,NoButton,Move,191,488
92.273,92.273,NoButton,Move,165,483
92.289,92.289,NoButton,Move,144,479
92.306,92.306,NoButton,Move,121,473
92.323,92.323,NoButton,Move,102,470
92.34,92.34,NoButton,Move,82,468
92.357,92.357,NoButton,Move,54,465
92.373,92.373,NoButton,Move,22,465
92.39,92.39,NoButton,Move,0,464
92.406,92.406,NoButton,Move,0,464
92.423,92.423,NoButton,Move,0,464
92.44,92.44,NoButton,Move,1,464
92.457,92.457,NoButton,Move,14,467
92.473,92.473,NoButton,Move,63,471
92.49,92.49,NoButton,Move,154,476
92.506,92.506,NoButton,Move,289,480
92.522,92.522,NoButton,Move,484,482
92.539,92.539,NoButton,Move,668,490
92.556,92.556,NoButton,Move,863,499
92.573,92.573,NoButton,Move,1065,513
92.59,92.59,NoButton,Move,1183,524
92.606,92.606,NoButton,Move,1262,537
92.623,92.623,NoButton,Move,1312,548
92.64,92.64,NoButton,Move,1345,556
92.656,92.656,NoButton,Move,1364,561
92.673,92.673,NoButton,Move,1375,564
92.69,92.69,NoButton,Move,1380,564
92.707,92.707,NoButton,Move,1383,563
92.722,92.722,NoButton,Move,1387,562
92.739,92.739,NoButton,Move,1394,560
92.756,92.756,NoButton,Move,1404,557
92.772,92.772,NoButton,Move,1418,553
92.79,92.79,NoButton,Move,1428,551
92.806,92.806,NoButton,Move,1436,547
92.822,92.822,NoButton,Move,1439,544
92.84,92.84,NoButton,Move,1439,541
92.856,92.856,NoButton,Move,1439,536
92.872,92.872,NoButton,Move,1437,529
92.889,92.889,NoButton,Move,1431,520
92.906,92.906,NoButton,Move,1421,509
92.923,92.923,NoButton,Move,1410,498
92.939,92.939,NoButton,Move,1402,490
92.956,92.956,NoButton,Move,1401,488
92.973,92.973,NoButton,Move,1399,486
92.989,92.989,NoButton,Move,1399,485
93.006,93.006,NoButton,Move,1398,484
93.023,93.023,NoButton,Move,1397,483
93.04,93.04,NoButton,Move,1396,481
93.056,93.056,NoButton,Move,1395,480
93.073,93.073,NoButton,Move,1394,478
93.09,93.09,NoButton,Move,1394,477
93.107,93.107,NoButton,Move,1394,476
93.122,93.122,NoButton,Move,1394,475
93.14,93.14,NoButton,Move,1395,474
93.156,93.156,NoButton,Move,1395,473
93.173,93.173,NoButton,Move,1396,471
93.189,93.189,NoButton,Move,1396,469
93.206,93.206,NoButton,Move,1397,467
93.223,93.223,NoButton,Move,1399,463
93.239,93.239,NoButton,Move,1400,459
93.256,93.256,NoButton,Move,1400,457
93.273,93.273,NoButton,Move,1401,455
93.29,93.29,NoButton,Move,1401,454
93.306,93.306,NoButton,Move,1401,454
93.331,93.331,Left,Pressed,1401,454
93.414,93.414,NoButton,Drag,1401,453
93.43,93.43,NoButton,Drag,1400,453
93.434,93.434,NoButton,Drag,1400,453
93.438,93.438,NoButton,Drag,1400,453
93.442,93.442,NoButton,Drag,1400,453
93.446,93.446,NoButton,Drag,1399,453
93.45,93.45,NoButton,Drag,1399,453
93.454,93.454,NoButton,Drag,1398,453
93.458,93.458,NoButton,Drag,1397,453
93.462,93.462,NoButton,Drag,1396,453
93.466,93.466,NoButton,Drag,1396,454
93.471,93.471,NoButton,Drag,1394,454
93.474,93.474,NoButton,Drag,1393,454
93.478,93.478,NoButton,Drag,1392,455
93.482,93.482,NoButton,Drag,1391,455
93.486,93.486,NoButton,Drag,1389,455
93.49,93.49,NoButton,Drag,1388,456
93.494,93.494,NoButton,Drag,1387,456
93.498,93.498,NoButton,Drag,1386,456
93.502,93.502,NoButton,Drag,1384,456
93.506,93.506,NoButton,Drag,1383,457
93.51,93.51,NoButton,Drag,1382,457
93.514,93.514,NoButton,Drag,1381,457
93.518,93.518,NoButton,Drag,1380,457
93.522,93.522,NoButton,Drag,1379,458
93.526,93.526,NoButton,Drag,1378,458
93.53,93.53,NoButton,Drag,1377,458
93.534,93.534,NoButton,Drag,1376,458
93.538,93.538,NoButton,Drag,1375,459
93.542,93.542,NoButton,Drag,1374,459
93.546,93.546,NoButton,Drag,1373,459
93.55,93.55,NoButton,Drag,1372,459
93.554,93.554,NoButton,Drag,1371,460
93.558,93.558,NoButton,Drag,1371,460
93.562,93.562,NoButton,Drag,1370,460
93.566,93.566,NoButton,Drag,1369,460
93.571,93.571,NoButton,Drag,1369,460
93.594,93.594,NoButton,Drag,1369,460
93.618,93.618,NoButton,Drag,1368,461
93.626,93.626,NoButton,Drag,1368,461
93.63,93.63,NoButton,Drag,1367,461
93.634,93.634,NoButton,Drag,1367,461
93.638,93.638,NoButton,Drag,1366,461
93.642,93.642,NoButton,Drag,1365,461
93.646,93.646,NoButton,Drag,1364,461
93.65,93.65,NoButton,Drag,1363,461
93.654,93.654,NoButton,Drag,1361,462
93.658,93.658,NoButton,Drag,1360,462
93.662,93.662,NoButton,Drag,1358,462
93.666,93.666,NoButton,Drag,1357,462
93.671,93.671,NoButton,Drag,1354,463
93.674,93.674,NoButton,Drag,1352,463
93.678,93.678,NoButton,Drag,1350,464
93.682,93.682,NoButton,Drag,1348,464
93.686,93.686,NoButton,Drag,1346,464
93.69,93.69,NoButton,Drag,1344,465
93.694,93.694,NoButton,Drag,1343,465
93.698,93.698,NoButton,Drag,1341,465
93.702,93.702,NoButton,Drag,1340,465
93.706,93.706,NoButton,Drag,1339,465
93.71,93.71,NoButton,Drag,1339,465
93.714,93.714,NoButton,Drag,1338,465
93.737,93.737,Left,Released,1338,465
93.74,93.74,NoButton,Move,1338,465
93.756,93.756,NoButton,Move,1338,465
93.772,93.772,NoButton,Move,1337,465
93.864,93.864,NoButton,Move,1337,465
93.872,93.872,NoButton,Move,1337,465
93.876,93.876,NoButton,Move,1337,465
93.889,93.889,NoButton,Move,1336,467
93.907,93.907,NoButton,Move,1335,470
93.923,93.923,NoButton,Move,1333,474
93.94,93.94,NoButton,Move,1329,479
93.956,93.956,NoButton,Move,1324,485
93.972,93.972,NoButton,Move,1314,493
93.99,93.99,NoButton,Move,1303,500
94.006,94.006,NoButton,Move,1286,507
94.022,94.022,NoButton,Move,1260,513
94.04,94.04,NoButton,Move,1218,518
94.056,94.056,NoButton,Move,1164,519
94.073,94.073,NoButton,Move,1074,519
94.09,94.09,NoButton,Move,989,519
94.107,94.107,NoButton,Move,900,517
94.123,94.123,NoButton,Move,818,517
94.14,94.14,NoButton,Move,744,515
94.156,94.156,NoButton,Move,684,515
94.172,94.172,NoButton,Move,636,515
94.189,94.189,NoButton,Move,612,516
94.207,94.207,NoButton,Move,595,519
94.223,94.223,NoButton,Move,579,524
94.24,94.24,NoButton,Move,561,529
94.256,94.256,NoButton,Move,545,534
94.273,94.273,NoButton,Move,521,542
94.289,94.289,NoButton,Move,497,551
94.306,94.306,NoButton,Move,472,560
94.323,94.323,NoButton,Move,440,568
94.339,94.339,NoButton,Move,414,576
94.356,94.356,NoButton,Move,390,581
94.373,94.373,NoButton,Move,374,584
94.39,94.39,NoButton,Move,367,585
94.406,94.406,NoButton,Move,362,585
94.422,94.422,NoButton,Move,356,587
94.439,94.439,NoButton,Move,348,589
94.456,94.456,NoButton,Move,339,592
94.472,94.472,NoButton,Move,326,595
94.489,94.489,NoButton,Move,308,599
94.506,94.506,NoButton,Move,278,604
94.523,94.523,NoButton,Move,253,608
94.54,94.54,NoButton,Move,228,615
94.556,94.556,NoButton,Move,203,621
94.573,94.573,NoButton,Move,180,627
94.589,94.589,NoButton,Move,161,632
94.606,94.606,NoButton,Move,145,636
94.623,94.623,NoButton,Move,136,638
94.64,94.64,NoButton,Move,125,641
94.656,94.656,NoButton,Move,112,645
94.673,94.673,NoButton,Move,97,649
94.69,94.69,NoButton,Move,84,653
94.706,94.706,NoButton,Move,72,656
94.723,94.723,NoButton,Move,63,657
94.739,94.739,NoButton,Move,61,657
94.782,94.782,NoButton,Move,61,657
94.794,94.794,NoButton,Move,61,656
94.806,94.806,NoButton,Move,61,655
94.822,94.822,NoButton,Move,61,653
94.856,94.856,NoButton,Move,62,653
94.926,94.926,NoButton,Move,62,653
94.944,94.944,NoButton,Move,62,653
94.956,94.956,NoButton,Move,62,653
94.969,94.969,NoButton,Move,63,653
94.973,94.973,Left,Pressed,63,653
94.973,94.973,NoButton,Drag,63,653
94.976,94.976,NoButton,Drag,63,653
94.98,94.98,NoButton,Drag,63,653
94.988,94.988,NoButton,Drag,63,653
95,95,NoButton,Drag,64,653
95.024,95.024,NoButton,Drag,64,654
95.029,95.029,NoButton,Drag,64,654
95.068,95.068,NoButton,Drag,64,654
95.072,95.072,NoButton,Drag,64,654
95.076,95.076,NoButton,Drag,65,654
95.08,95.08,NoButton,Drag,65,654
95.084,95.084,NoButton,Drag,66,654
95.088,95.088,NoButton,Drag,67,655
95.092,95.092,NoButton,Drag,69,655
95.096,95.096,NoButton,Drag,70,655
95.1,95.1,NoButton,Drag,72,656
95.104,95.104,NoButton,Drag,74,656
95.108,95.108,NoButton,Drag,77,657
95.112,95.112,NoButton,Drag,80,658
95.116,95.116,NoButton,Drag,83,659
95.12,95.12,NoButton,Drag,87,660
95.124,95.124,NoButton,Drag,91,660
95.128,95.128,NoButton,Drag,96,661
95.132,95.132,NoButton,Drag,101,662
95.136,95.136,NoButton,Drag,107,663
95.14,95.14,NoButton,Drag,114,663
95.144,95.144,NoButton,Drag,120,664
95.148,95.148,NoButton,Drag,128,665
95.152,95.152,NoButton,Drag,136,665
95.156,95.156,NoButton,Drag,145,666
95.16,95.16,NoButton,Drag,153,667
95.164,95.164,NoButton,Drag,162,667
95.168,95.168,NoButton,Drag,170,668
95.172,95.172,NoButton,Drag,179,669
95.176,95.176,NoButton,Drag,188,670
95.18,95.18,NoButton,Drag,198,670
95.184,95.184,NoButton,Drag,209,670
95.188,95.188,NoButton,Drag,220,671
95.192,95.192,NoButton,Drag,233,671
95.196,95.196,NoButton,Drag,245,672
95.2,95.2,NoButton,Drag,257,672
95.204,95.204,NoButton,Drag,270,672
95.208,95.208,NoButton,Drag,283,673
95.212,95.212,NoButton,Drag,295,673
95.216,95.216,NoButton,Drag,308,674
95.22,95.22,NoButton,Drag,322,674
95.224,95.224,NoButton,Drag,335,675
95.229,95.229,NoButton,Drag,348,675
95.232,95.232,NoButton,Drag,362,675
95.236,95.236,NoButton,Drag,377,675
95.24,95.24,NoButton,Drag,392,676
95.244,95.244,NoButton,Drag,408,677
95.248,95.248,NoButton,Drag,424,677
95.252,95.252,NoButton,Drag,441,677
95.256,95.256,NoButton,Drag,459,677
95.26,95.26,NoButton,Drag,477,678
95.264,95.264,NoButton,Drag,494,678
95.268,95.268,NoButton,Drag,513,679
95.272,95.272,NoButton,Drag,533,679
95.276,95.276,NoButton,Drag,551,679
95.28,95.28,NoButton,Drag,570,679
95.284,95.284,NoButton,Drag,588,679
95.288,95.288,NoButton,Drag,607,679
95.292,95.292,NoButton,Drag,624,679
95.296,95.296,NoButton,Drag,642,679
95.3,95.3,NoButton,Drag,661,679
95.304,95.304,NoButton,Drag,678,679
95.308,95.308,NoButton,Drag,697,679
95.312,95.312,NoButton,Drag,715,678
95.316,95.316,NoButton,Drag,733,678
95.32,95.32,NoButton,Drag,752,677
95.324,95.324,NoButton,Drag,772,677
95.328,95.328,NoButton,Drag,792,675
95.332,95.332,NoButton,Drag,810,673
95.336,95.336,NoButton,Drag,828,671
95.34,95.34,NoButton,Drag,848,669
95.344,95.344,NoButton,Drag,867,666
95.348,95.348,NoButton,Drag,887,663
95.352,95.352,NoButton,Drag,908,659
95.356,95.356,NoButton,Drag,929,655
95.36,95.36,NoButton,Drag,950,650
95.364,95.364,NoButton,Drag,971,645
95.368,95.368,NoButton,Drag,992,640
95.372,95.372,NoButton,Drag,1013,635
95.376,95.376,NoButton,Drag,1034,630
95.38,95.38,NoButton,Drag,1055,624
95.384,95.384,NoButton,Drag,1076,618
95.388,95.388,NoButton,Drag,1097,611
95.392,95.392,NoButton,Drag,1117,606
95.396,95.396,NoButton,Drag,1137,601
95.4,95.4,NoButton,Drag,1157,594
95.404,95.404,NoButton,Drag,1176,588
95.408,95.408,NoButton,Drag,1195,582
95.412,95.412,NoButton,Drag,1213,576
95.416,95.416,NoButton,Drag,1229,571
95.42,95.42,NoButton,Drag,1246,565
95.422,95.422,NoButton,Drag,1260,559
95.426,95.426,NoButton,Drag,1274,554
95.43,95.43,NoButton,Drag,1287,549
95.434,95.434,NoButton,Drag,1300,544
95.438,95.438,NoButton,Drag,1313,538
95.442,95.442,NoButton,Drag,1326,533
95.446,95.446,NoButton,Drag,1338,529
95.45,95.45,NoButton,Drag,1350,525
95.454,95.454,NoButton,Drag,1361,521
95.458,95.458,NoButton,Drag,1373,518
95.462,95.462,NoButton,Drag,1384,514
95.466,95.466,NoButton,Drag,1394,511
95.47,95.47,NoButton,Drag,1404,507
95.476,95.476,NoButton,Drag,1412,504
95.478,95.478,NoButton,Drag,1419,502
95.482,95.482,NoButton,Drag,1425,499
95.486,95.486,NoButton,Drag,1430,497
95.49,95.49,NoButton,Drag,1435,495
95.494,95.494,NoButton,Drag,1438,494
95.498,95.498,NoButton,Drag,1439,492
95.502,95.502,NoButton,Drag,1439,491
95.506,95.506,NoButton,Drag,1439,490
95.51,95.51,NoButton,Drag,1439,489
95.514,95.514,NoButton,Drag,1439,488
95.518,95.518,NoButton,Drag,1439,487
95.522,95.522,NoButton,Drag,1439,486
95.526,95.526,NoButton,Drag,1439,486
95.53,95.53,NoButton,Drag,1439,486
95.534,95.534,NoButton,Drag,1439,485
95.542,95.542,NoButton,Drag,1439,485
95.55,95.55,NoButton,Drag,1439,485
95.558,95.558,NoButton,Drag,1439,485
95.562,95.562,NoButton,Drag,1439,484
95.566,95.566,NoButton,Drag,1439,484
95.57,95.57,NoButton,Drag,1439,484
95.574,95.574,NoButton,Drag,1439,483
95.579,95.579,NoButton,Drag,1439,483
95.582,95.582,NoButton,Drag,1439,483
95.586,95.586,NoButton,Drag,1439,482
95.59,95.59,NoButton,Drag,1439,482
95.594,95.594,NoButton,Drag,1439,482
95.598,95.598,NoButton,Drag,1439,481
95.602,95.602,NoButton,Drag,1439,481
95.606,95.606,NoButton,Drag,1439,480
95.61,95.61,NoButton,Drag,1438,480
95.614,95.614,NoButton,Drag,1438,480
95.618,95.618,NoButton,Drag,1438,479
95.622,95.622,NoButton,Drag,1438,479
95.626,95.626,NoButton,Drag,1438,478
95.63,95.63,NoButton,Drag,1437,477
95.634,95.634,NoButton,Drag,1436,477
95.638,95.638,NoButton,Drag,1436,476
95.642,95.642,NoButton,Drag,1435,475
95.646,95.646,NoButton,Drag,1434,474
95.65,95.65,NoButton,Drag,1432,473
95.654,95.654,NoButton,Drag,1430,472
95.658,95.658,NoButton,Drag,1429,471
95.662,95.662,NoButton,Drag,1426,470
95.666,95.666,NoButton,Drag,1424,469
95.67,95.67,NoButton,Drag,1421,468
95.674,95.674,NoButton,Drag,1417,467
95.679,95.679,NoButton,Drag,1414,466
95.682,95.682,NoButton,Drag,1409,465
95.686,95.686,NoButton,Drag,1405,465
95.69,95.69,NoButton,Drag,1399,464
95.694,95.694,NoButton,Drag,1394,463
95.698,95.698,NoButton,Drag,1388,462
95.702,95.702,NoButton,Drag,1383,462
95.706,95.706,NoButton,Drag,1378,462
95.71,95.71,NoButton,Drag,1373,462
95.714,95.714,NoButton,Drag,1368,462
95.718,95.718,NoButton,Drag,1363,462
95.722,95.722,NoButton,Drag,1358,462
95.726,95.726,NoButton,Drag,1354,462
95.73,95.73,NoButton,Drag,1349,462
95.734,95.734,NoButton,Drag,1344,463
95.738,95.738,NoButton,Drag,1340,463
95.742,95.742,NoButton,Drag,1336,463
95.746,95.746,NoButton,Drag,1331,463
95.75,95.75,NoButton,Drag,1327,463
95.754,95.754,NoButton,Drag,1323,464
95.758,95.758,NoButton,Drag,1319,464
95.762,95.762,NoButton,Drag,1316,465
95.766,95.766,NoButton,Drag,1313,465
95.77,95.77,NoButton,Drag,1310,466
95.774,95.774,NoButton,Drag,1307,466
95.778,95.778,NoButton,Drag,1305,467
95.782,95.782,NoButton,Drag,1303,467
95.786,95.786,NoButton,Drag,1302,467
95.79,95.79,NoButton,Drag,1300,467
95.794,95.794,NoButton,Drag,1299,467
95.798,95.798,NoButton,Drag,1298,467
95.802,95.802,NoButton,Drag,1297,468
95.806,95.806,NoButton,Drag,1296,468
95.81,95.81,NoButton,Drag,1296,468
95.934,95.934,NoButton,Drag,1296,468
95.954,95.954,NoButton,Drag,1296,467
95.958,95.958,NoButton,Drag,1296,467
95.966,95.966,NoButton,Drag,1296,467
95.97,95.97,NoButton,Drag,1296,467
95.982,95.982,NoButton,Drag,1296,467
96.037,96.037,Left,Released,1296,467
96.084,96.084,NoButton,Move,1296,467
96.165,96.165,NoButton,Move,1296,467
96.168,96.168,NoButton,Move,1296,467
96.173,96.173,NoButton,Move,1296,468
96.189,96.189,NoButton,Move,1296,472
96.206,96.206,NoButton,Move,1297,478
96.223,96.223,NoButton,Move,1298,486
96.239,96.239,NoButton,Move,1297,495
96.256,96.256,NoButton,Move,1294,507
96.273,96.273,NoButton,Move,1283,523
96.289,96.289,NoButton,Move,1268,538
96.306,96.306,NoButton,Move,1250,550
96.322,96.322,NoButton,Move,1226,556
96.339,96.339,NoButton,Move,1198,559
96.356,96.356,NoButton,Move,1165,558
96.373,96.373,NoButton,Move,1132,549
96.389,96.389,NoButton,Move,1113,537
96.406,96.406,NoButton,Move,1099,524
96.422,96.422,NoButton,Move,1089,508
96.439,96.439,NoButton,Move,1082,485
96.456,96.456,NoButton,Move,1075,462
96.473,96.473,NoButton,Move,1070,432
96.49,96.49,NoButton,Move,1070,407
96.506,96.506,NoButton,Move,1070,382
96.523,96.523,NoButton,Move,1070,361
96.54,96.54,NoButton,Move,1070,344
96.556,96.556,NoButton,Move,1070,325
96.573,96.573,NoButton,Move,1075,304
96.59,96.59,NoButton,Move,1078,293
96.606,96.606,NoButton,Move,1081,281
96.623,96.623,NoButton,Move,1083,270
96.639,96.639,NoButton,Move,1083,264
96.656,96.656,NoButton,Move,1082,261
96.673,96.673,NoButton,Move,1080,258
96.689,96.689,NoButton,Move,1077,256
96.706,96.706,NoButton,Move,1069,251
96.722,96.722,NoButton,Move,1062,247
96.739,96.739,NoButton,Move,1050,243
96.757,96.757,NoButton,Move,1031,238
96.772,96.772,NoButton,Move,1006,233
96.79,96.79,NoButton,Move,982,228
96.806,96.806,NoButton,Move,958,224
96.823,96.823,NoButton,Move,928,222
96.839,96.839,NoButton,Move,907,221
96.857,96.857,NoButton,Move,890,221
96.873,96.873,NoButton,Move,879,221
96.889,96.889,NoButton,Move,872,221
96.906,96.906,NoButton,Move,870,221
96.942,96.942,NoButton,Move,869,221
96.962,96.962,NoButton,Move,869,221
97.099,97.099,NoButton,Move,869,221
97.102,97.102,NoButton,Move,869,221
97.11,97.11,NoButton,Move,869,221
97.123,97.123,NoButton,Move,869,220
97.14,97.14,NoButton,Move,869,219
97.156,97.156,NoButton,Move,869,217
97.172,97.172,NoButton,Move,870,216
97.19,97.19,NoButton,Move,870,214
97.206,97.206,NoButton,Move,871,212
97.223,97.223,NoButton,Move,871,211
97.24,97.24,NoButton,Move,872,209
97.256,97.256,NoButton,Move,872,208
97.273,97.273,NoButton,Move,872,207
97.304,97.304,NoButton,Move,873,207
97.309,97.309,Left,Pressed,873,207
97.4,97.4,Left,Released,873,207
97.534,97.534,NoButton,Move,873,207
97.548,97.548,NoButton,Move,873,207
97.564,97.564,NoButton,Move,873,207
97.573,97.573,NoButton,Move,873,206
97.589,97.589,NoButton,Move,872,206
97.606,97.606,NoButton,Move,872,205
97.623,97.623,NoButton,Move,872,205
97.639,97.639,NoButton,Move,872,205
97.758,97.758,NoButton,Move,872,205
97.782,97.782,NoButton,Move,871,205
97.79,97.79,NoButton,Move,871,205
97.806,97.806,NoButton,Move,870,206
97.823,97.823,NoButton,Move,869,207
97.839,97.839,NoButton,Move,868,208
97.856,97.856,NoButton,Move,866,209
97.873,97.873,NoButton,Move,865,210
97.89,97.89,NoButton,Move,863,211
97.906,97.906,NoButton,Move,862,211
98.155,98.155,NoButton,Move,862,211
98.385,98.385,NoButton,Move,862,211
98.408,98.408,NoButton,Move,861,212
98.42,98.42,NoButton,Move,861,212
98.428,98.428,NoButton,Move,861,212
98.439,98.439,NoButton,Move,861,212
98.457,98.457,NoButton,Move,860,212
98.473,98.473,NoButton,Move,859,211
98.489,98.489,NoButton,Move,859,211
98.507,98.507,NoButton,Move,859,210
98.523,98.523,NoButton,Move,860,206
98.54,98.54,NoButton,Move,861,202
98.556,98.556,NoButton,Move,864,195
98.572,98.572,NoButton,Move,867,188
98.589,98.589,NoButton,Move,872,181
98.606,98.606,NoButton,Move,876,173
98.623,98.623,NoButton,Move,880,165
98.64,98.64,NoButton,Move,881,158
98.656,98.656,NoButton,Move,881,149
98.673,98.673,NoButton,Move,879,142
98.69,98.69,NoButton,Move,875,136
98.706,98.706,NoButton,Move,872,133
98.723,98.723,NoButton,Move,869,131
98.74,98.74,NoButton,Move,867,130
98.756,98.756,NoButton,Move,867,129
98.773,98.773,NoButton,Move,867,129
98.789,98.789,NoButton,Move,863,130
98.806,98.806,NoButton,Move,854,131
98.823,98.823,NoButton,Move,832,133
98.84,98.84,NoButton,Move,808,133
98.856,98.856,NoButton,Move,774,132
98.873,98.873,NoButton,Move,726,131
98.889,98.889,NoButton,Move,673,130
98.906,98.906,NoButton,Move,622,125
98.923,98.923,NoButton,Move,576,116
98.939,98.939,NoButton,Move,543,109
98.957,98.957,NoButton,Move,514,101
98.973,98.973,NoButton,Move,488,94
98.989,98.989,NoButton,Move,470,90
99.006,99.006,NoButton,Move,458,87
99.023,99.023,NoButton,Move,457,86
99.091,99.091,NoButton,Move,456,86
99.102,99.102,NoButton,Move,456,86
99.118,99.118,NoButton,Move,456,86
99.122,99.122,NoButton,Move,456,86
99.139,99.139,NoButton,Move,453,86
99.157,99.157,NoButton,Move,448,87
99.173,99.173,NoButton,Move,442,88
99.19,99.19,NoButton,Move,434,89
99.206,99.206,NoButton,Move,427,89
99.222,99.222,NoButton,Move,419,88
99.239,99.239,NoButton,Move,412,87
99.256,99.256,NoButton,Move,405,86
99.272,99.272,NoButton,Move,401,85
99.289,99.289,NoButton,Move,398,84
99.306,99.306,NoButton,Move,396,83
99.323,99.323,NoButton,Move,396,83
99.448,99.448,NoButton,Move,396,83
99.456,99.456,NoButton,Move,396,83
99.473,99.473,NoButton,Move,396,84
99.489,99.489,NoButton,Move,396,86
99.506,99.506,NoButton,Move,396,89
99.523,99.523,NoButton,Move,397,93
99.54,99.54,NoButton,Move,398,96
99.556,99.556,NoButton,Move,400,98
99.572,99.572,NoButton,Move,401,99
99.589,99.589,NoButton,Move,401,99
99.606,99.606,NoButton,Move,402,99
99.623,99.623,NoButton,Move,403,99
99.639,99.639,NoButton,Move,405,99
99.656,99.656,NoButton,Move,407,99
99.672,99.672,NoButton,Move,410,98
99.689,99.689,NoButton,Move,414,98
99.706,99.706,NoButton,Move,422,98
99.722,99.722,NoButton,Move,432,98
99.739,99.739,NoButton,Move,445,98
99.756,99.756,NoButton,Move,461,98
99.772,99.772,NoButton,Move,479,99
99.789,99.789,NoButton,Move,493,100
99.806,99.806,NoButton,Move,509,100
99.823,99.823,NoButton,Move,522,100
99.839,99.839,NoButton,Move,532,100
99.856,99.856,NoButton,Move,538,100
99.872,99.872,NoButton,Move,541,100
99.89,99.89,NoButton,Move,541,100
99.908,99.908,NoButton,Move,542,100
99.923,99.923,NoButton,Move,542,100
99.94,99.94,NoButton,Move,544,100
99.956,99.956,NoButton,Move,546,100
99.973,99.973,NoButton,Move,551,100
99.989,99.989,NoButton,Move,555,100
100.006,100.006,NoButton,Move,560,100
100.023,100.023,NoButton,Move,566,100
100.04,100.04,NoButton,Move,571,100
100.057,100.057,NoButton,Move,576,100
100.073,100.073,NoButton,Move,579,100
100.089,100.089,NoButton,Move,582,100
100.106,100.106,NoButton,Move,583,100
100.123,100.123,NoButton,Move,583,99
100.16,100.16,NoButton,Move,583,99
100.166,100.166,NoButton,Move,584,99
100.172,100.172,NoButton,Move,584,99
100.189,100.189,NoButton,Move,585,99
100.206,100.206,NoButton,Move,587,99
100.223,100.223,NoButton,Move,591,99
100.239,100.239,NoButton,Move,594,99
100.243,100.243,Left,Pressed,594,99
100.244,100.244,NoButton,Drag,595,99
100.246,100.246,NoButton,Drag,595,99
100.25,100.25,NoButton,Drag,596,99
100.254,100.254,NoButton,Drag,597,99
100.258,100.258,NoButton,Drag,598,99
100.262,100.262,NoButton,Drag,599,99
100.266,100.266,NoButton,Drag,600,99
100.27,100.27,NoButton,Drag,600,99
100.274,100.274,NoButton,Drag,601,99
100.278,100.278,NoButton,Drag,602,100
100.282,100.282,NoButton,Drag,603,100
100.286,100.286,NoButton,Drag,603,100
100.29,100.29,NoButton,Drag,604,100
100.294,100.294,NoButton,Drag,605,100
100.298,100.298,NoButton,Drag,605,100
100.302,100.302,NoButton,Drag,606,100
100.306,100.306,NoButton,Drag,606,100
100.31,100.31,NoButton,Drag,607,100
100.314,100.314,NoButton,Drag,607,100
100.318,100.318,NoButton,Drag,608,100
100.322,100.322,NoButton,Drag,609,100
100.326,100.326,NoButton,Drag,609,100
100.33,100.33,NoButton,Drag,610,100
100.334,100.334,NoButton,Drag,610,100
100.338,100.338,NoButton,Drag,611,100
100.342,100.342,NoButton,Drag,612,100
100.346,100.346,NoButton,Drag,612,100
100.35,100.35,NoButton,Drag,613,100
100.354,100.354,NoButton,Drag,613,100
100.358,100.358,NoButton,Drag,613,100
100.362,100.362,NoButton,Drag,613,100
100.366,100.366,NoButton,Drag,614,100
100.37,100.37,NoButton,Drag,614,100
100.374,100.374,NoButton,Drag,614,100
100.382,100.382,NoButton,Drag,614,100
100.402,100.402,NoButton,Drag,615,100
100.418,100.418,NoButton,Drag,615,100
100.427,100.427,Left,Released,615,100
100.428,100.428,NoButton,Move,615,100
100.439,100.439,NoButton,Move,615,100
100.456,100.456,NoButton,Move,617,100
100.472,100.472,NoButton,Move,619,100
100.489,100.489,NoButton,Move,621,100
100.506,100.506,NoButton,Move,622,100
100.601,100.601,NoButton,Move,622,100
100.613,100.613,NoButton,Move,623,100
100.624,100.624,NoButton,Move,623,100
100.64,100.64,NoButton,Move,624,100
100.656,100.656,NoButton,Move,626,100
100.672,100.672,NoButton,Move,629,100
100.689,100.689,NoButton,Move,632,101
100.707,100.707,NoButton,Move,636,102
100.723,100.723,NoButton,Move,638,102
100.74,100.74,NoButton,Move,640,102
100.756,100.756,NoButton,Move,641,102
100.82,100.82,NoButton,Move,641,102
100.836,100.836,NoButton,Move,641,102
100.849,100.849,NoButton,Move,641,102
100.856,100.856,NoButton,Move,642,102
100.872,100.872,NoButton,Move,643,102
100.889,100.889,NoButton,Move,645,102
100.906,100.906,NoButton,Move,649,102
100.922,100.922,NoButton,Move,654,103
100.939,100.939,NoButton,Move,660,103
100.956,100.956,NoButton,Move,666,104
100.973,100.973,NoButton,Move,673,104
100.989,100.989,NoButton,Move,679,104
101.006,101.006,NoButton,Move,684,105
101.023,101.023,NoButton,Move,688,105
101.039,101.039,NoButton,Move,693,105
101.056,101.056,NoButton,Move,697,105
101.072,101.072,NoButton,Move,701,105
101.089,101.089,NoButton,Move,704,105
101.106,101.106,NoButton,Move,709,105
101.123,101.123,NoButton,Move,714,105
101.139,101.139,NoButton,Move,718,105
101.157,101.157,NoButton,Move,723,106
101.173,101.173,NoButton,Move,726,106
101.19,101.19,NoButton,Move,729,107
101.206,101.206,NoButton,Move,732,107
101.222,101.222,NoButton,Move,734,108
101.239,101.239,NoButton,Move,735,108
101.257,101.257,NoButton,Move,737,108
101.272,101.272,NoButton,Move,738,108
101.289,101.289,NoButton,Move,741,108
101.306,101.306,NoButton,Move,743,108
101.322,101.322,NoButton,Move,747,109
101.339,101.339,NoButton,Move,751,109
101.356,101.356,NoButton,Move,755,109
101.373,101.373,NoButton,Move,758,109
101.39,101.39,NoButton,Move,762,109
101.406,101.406,NoButton,Move,765,109
101.423,101.423,NoButton,Move,768,109
101.439,101.439,NoButton,Move,770,109
101.456,101.456,NoButton,Move,772,109
101.472,101.472,NoButton,Move,774,109
101.489,101.489,NoButton,Move,775,110
101.506,101.506,NoButton,Move,777,110
101.522,101.522,NoButton,Move,780,110
101.54,101.54,NoButton,Move,782,111
101.556,101.556,NoButton,Move,784,111
101.573,101.573,NoButton,Move,787,111
101.589,101.589,NoButton,Move,790,112
101.606,101.606,NoButton,Move,794,112
101.622,101.622,NoButton,Move,799,113
101.639,101.639,NoButton,Move,803,113
101.657,101.657,NoButton,Move,809,113
101.672,101.672,NoButton,Move,816,114
101.689,101.689,NoButton,Move,823,114
101.707,101.707,NoButton,Move,829,115
101.722,101.722,NoButton,Move,836,115
101.739,101.739,NoButton,Move,842,116
101.756,101.756,NoButton,Move,846,116
101.773,101.773,NoButton,Move,848,116
101.873,101.873,NoButton,Move,849,116
102.24,102.24,NoButton,Move,849,117
102.244,102.244,NoButton,Move,848,117
102.256,102.256,NoButton,Move,847,118
102.273,102.273,NoButton,Move,845,120
102.29,102.29,NoButton,Move,840,124
102.306,102.306,NoButton,Move,833,128
102.322,102.322,NoButton,Move,819,133
102.34,102.34,NoButton,Move,803,136
102.356,102.356,NoButton,Move,782,140
102.373,102.373,NoButton,Move,758,142
102.389,102.389,NoButton,Move,733,142
102.406,102.406,NoButton,Move,708,142
102.422,102.422,NoButton,Move,683,142
102.439,102.439,NoButton,Move,664,142
102.456,102.456,NoButton,Move,646,142
102.473,102.473,NoButton,Move,632,142
102.489,102.489,NoButton,Move,621,142
102.506,102.506,NoButton,Move,611,143
102.522,102.522,NoButton,Move,598,144
102.539,102.539,NoButton,Move,588,144
102.556,102.556,NoButton,Move,577,144
102.572,102.572,NoButton,Move,565,145
102.59,102.59,NoButton,Move,552,145
102.606,102.606,NoButton,Move,538,145
102.622,102.622,NoButton,Move,520,145
102.639,102.639,NoButton,Move,508,143
102.656,102.656,NoButton,Move,496,140
102.673,102.673,NoButton,Move,487,138
102.689,102.689,NoButton,Move,480,137
102.706,102.706,NoButton,Move,477,136
102.723,102.723,NoButton,Move,477,136
102.803,102.803,NoButton,Move,476,136
102.824,102.824,NoButton,Move,476,136
102.832,102.832,NoButton,Move,476,135
102.844,102.844,NoButton,Move,476,135
102.856,102.856,NoButton,Move,476,135
102.873,102.873,NoButton,Move,477,134
102.889,102.889,NoButton,Move,478,133
102.906,102.906,NoButton,Move,479,132
102.922,102.922,NoButton,Move,480,131
102.939,102.939,NoButton,Move,481,130
102.956,102.956,NoButton,Move,482,130
102.973,102.973,NoButton,Move,483,129
102.989,102.989,NoButton,Move,483,129
103.029,103.029,NoButton,Move,483,129
103.06,103.06,NoButton,Move,483,129
103.072,103.072,NoButton,Move,484,129
103.089,103.089,NoButton,Move,484,129
103.107,103.107,NoButton,Move,484,129
103.123,103.123,NoButton,Move,485,129
103.139,103.139,NoButton,Move,486,129
103.156,103.156,NoButton,Move,486,129
103.172,103.172,NoButton,Move,488,129
103.189,103.189,NoButton,Move,489,129
103.207,103.207,NoButton,Move,491,129
103.223,103.223,NoButton,Move,493,129
103.239,103.239,NoButton,Move,495,129
103.256,103.256,NoButton,Move,497,129
103.272,103.272,NoButton,Move,502,130
103.289,103.289,NoButton,Move,506,131
103.307,103.307,NoButton,Move,510,132
103.323,103.323,NoButton,Move,517,133
103.34,103.34,NoButton,Move,523,135
103.356,103.356,NoButton,Move,531,136
103.372,103.372,NoButton,Move,540,138
103.389,103.389,NoButton,Move,546,139
103.406,103.406,NoButton,Move,553,141
103.422,103.422,NoButton,Move,561,142
103.439,103.439,NoButton,Move,567,143
103.456,103.456,NoButton,Move,573,144
103.473,103.473,NoButton,Move,578,145
103.489,103.489,NoButton,Move,584,146
103.506,103.506,NoButton,Move,589,146
103.522,103.522,NoButton,Move,594,147
103.539,103.539,NoButton,Move,598,148
103.556,103.556,NoButton,Move,602,148
103.573,103.573,NoButton,Move,607,149
103.589,103.589,NoButton,Move,611,149
103.606,103.606,NoButton,Move,617,149
103.622,103.622,NoButton,Move,623,149
103.639,103.639,NoButton,Move,628,149
103.656,103.656,NoButton,Move,633,149
103.673,103.673,NoButton,Move,638,149
103.689,103.689,NoButton,Move,645,149
103.706,103.706,NoButton,Move,651,149
103.722,103.722,NoButton,Move,660,149
103.74,103.74,NoButton,Move,666,150
103.756,103.756,NoButton,Move,671,150
103.772,103.772,NoButton,Move,677,150
103.789,103.789,NoButton,Move,681,150
103.805,103.805,NoButton,Move,685,150
103.822,103.822,NoButton,Move,690,150
103.839,103.839,NoButton,Move,693,150
103.856,103.856,NoButton,Move,696,150
103.872,103.872,NoButton,Move,699,150
103.889,103.889,NoButton,Move,702,149
103.906,103.906,NoButton,Move,706,149
103.922,103.922,NoButton,Move,711,149
103.939,103.939,NoButton,Move,716,149
103.956,103.956,NoButton,Move,721,148
103.973,103.973,NoButton,Move,727,148
103.989,103.989,NoButton,Move,733,148
104.007,104.007,NoButton,Move,739,148
104.022,104.022,NoButton,Move,745,148
104.04,104.04,NoButton,Move,750,148
104.056,104.056,NoButton,Move,755,147
104.072,104.072,NoButton,Move,759,147
104.089,104.089,NoButton,Move,763,146
104.106,104.106,NoButton,Move,767,146
104.123,104.123,NoButton,Move,771,146
104.139,104.139,NoButton,Move,776,146
104.156,104.156,NoButton,Move,780,146
104.172,104.172,NoButton,Move,786,146
104.189,104.189,NoButton,Move,791,146
104.206,104.206,NoButton,Move,797,146
104.223,104.223,NoButton,Move,803,146
104.24,104.24,NoButton,Move,808,146
104.256,104.256,NoButton,Move,813,146
104.272,104.272,NoButton,Move,819,145
104.289,104.289,NoButton,Move,822,145
104.306,104.306,NoButton,Move,826,145
104.323,104.323,NoButton,Move,830,145
104.34,104.34,NoButton,Move,834,145
104.356,104.356,NoButton,Move,838,145
104.373,104.373,NoButton,Move,844,145
104.39,104.39,NoButton,Move,849,145
104.407,104.407,NoButton,Move,854,145
104.423,104.423,NoButton,Move,859,145
104.44,104.44,NoButton,Move,863,145
104.456,104.456,NoButton,Move,867,145
104.473,104.473,NoButton,Move,872,145
104.489,104.489,NoButton,Move,875,145
104.506,104.506,NoButton,Move,878,144
104.523,104.523,NoButton,Move,881,144
104.539,104.539,NoButton,Move,883,144
104.556,104.556,NoButton,Move,885,144
104.573,104.573,NoButton,Move,888,143
104.589,104.589,NoButton,Move,890,143
104.606,104.606,NoButton,Move,893,143
104.622,104.622,NoButton,Move,898,143
104.639,104.639,NoButton,Move,902,143
104.656,104.656,NoButton,Move,906,143
104.673,104.673,NoButton,Move,911,143
104.689,104.689,NoButton,Move,915,143
104.706,104.706,NoButton,Move,917,143
104.723,104.723,NoButton,Move,918,143
104.83,104.83,NoButton,Move,917,143
104.834,104.834,NoButton,Move,917,143
104.839,104.839,NoButton,Move,917,143
104.856,104.856,NoButton,Move,914,143
104.873,104.873,NoButton,Move,909,143
104.889,104.889,NoButton,Move,902,143
104.906,104.906,NoButton,Move,890,143
104.922,104.922,NoButton,Move,869,144
104.939,104.939,NoButton,Move,844,144
104.956,104.956,NoButton,Move,810,145
104.972,104.972,NoButton,Move,773,147
104.989,104.989,NoButton,Move,730,148
105.006,105.006,NoButton,Move,689,149
105.022,105.022,NoButton,Move,639,151
105.039,105.039,NoButton,Move,603,151
105.056,105.056,NoButton,Move,569,151
105.073,105.073,NoButton,Move,538,151
105.09,105.09,NoButton,Move,511,151
105.106,105.106,NoButton,Move,488,151
105.122,105.122,NoButton,Move,466,151
105.139,105.139,NoButton,Move,451,151
105.156,105.156,NoButton,Move,439,151
105.173,105.173,NoButton,Move,430,151
105.19,105.19,NoButton,Move,425,151
105.206,105.206,NoButton,Move,423,151
105.222,105.222,NoButton,Move,422,151
105.239,105.239,NoButton,Move,420,151
105.256,105.256,NoButton,Move,418,151
105.273,105.273,NoButton,Move,416,151
105.324,105.324,NoButton,Move,416,151
105.328,105.328,NoButton,Move,416,151
105.34,105.34,NoButton,Move,416,151
105.356,105.356,NoButton,Move,414,151
105.372,105.372,NoButton,Move,408,150
105.39,105.39,NoButton,Move,402,150
105.405,105.405,NoButton,Move,396,149
105.423,105.423,NoButton,Move,390,149
105.439,105.439,NoButton,Move,381,149
105.456,105.456,NoButton,Move,373,149
105.473,105.473,NoButton,Move,366,149
105.489,105.489,NoButton,Move,363,149
105.541,105.541,NoButton,Move,363,149
105.742,105.742,NoButton,Move,363,149
105.746,105.746,NoButton,Move,363,149
105.756,105.756,NoButton,Move,364,149
105.773,105.773,NoButton,Move,368,149
105.789,105.789,NoButton,Move,372,149
105.806,105.806,NoButton,Move,375,149
105.822,105.822,NoButton,Move,380,149
105.839,105.839,NoButton,Move,385,149
105.857,105.857,NoButton,Move,390,148
105.872,105.872,NoButton,Move,392,148
105.89,105.89,NoButton,Move,393,148
105.906,105.906,NoButton,Move,393,148
105.923,105.923,NoButton,Move,394,147
105.939,105.939,NoButton,Move,396,146
105.956,105.956,NoButton,Move,401,145
105.973,105.973,NoButton,Move,407,145
105.99,105.99,NoButton,Move,415,145
106.006,106.006,NoButton,Move,420,145
106.022,106.022,NoButton,Move,422,144
106.059,106.059,Left,Pressed,422,144
106.131,106.131,NoButton,Drag,423,144
106.181,106.181,Left,Released,423,144
106.333,106.333,NoButton,Move,423,144
106.34,106.34,NoButton,Move,422,144
106.356,106.356,NoButton,Move,422,145
106.372,106.372,NoButton,Move,421,146
106.39,106.39,NoButton,Move,420,148
106.407,106.407,NoButton,Move,419,149
106.423,106.423,NoButton,Move,417,151
106.439,106.439,NoButton,Move,417,152
106.456,106.456,NoButton,Move,416,154
106.472,106.472,NoButton,Move,416,155
106.489,106.489,NoButton,Move,416,156
106.506,106.506,NoButton,Move,416,158
106.522,106.522,NoButton,Move,418,159
106.54,106.54,NoButton,Move,420,161
106.556,106.556,NoButton,Move,423,162
106.572,106.572,NoButton,Move,429,164
106.589,106.589,NoButton,Move,435,165
106.606,106.606,NoButton,Move,441,166
106.622,106.622,NoButton,Move,448,166
106.639,106.639,NoButton,Move,455,166
106.656,106.656,NoButton,Move,461,166
106.672,106.672,NoButton,Move,468,166
106.689,106.689,NoButton,Move,473,166
106.706,106.706,NoButton,Move,477,166
106.723,106.723,NoButton,Move,480,166
106.739,106.739,NoButton,Move,484,166
106.756,106.756,NoButton,Move,487,166
106.772,106.772,NoButton,Move,492,166
106.789,106.789,NoButton,Move,496,166
106.806,106.806,NoButton,Move,501,166
106.822,106.822,NoButton,Move,509,165
106.839,106.839,NoButton,Move,515,165
106.856,106.856,NoButton,Move,522,165
106.872,106.872,NoButton,Move,528,165
106.889,106.889,NoButton,Move,533,164
106.906,106.906,NoButton,Move,537,164
106.922,106.922,NoButton,Move,542,163
106.939,106.939,NoButton,Move,544,162
106.956,106.956,NoButton,Move,546,161
106.973,106.973,NoButton,Move,546,161
106.989,106.989,NoButton,Move,547,161
107.006,107.006,NoButton,Move,547,161
107.022,107.022,NoButton,Move,547,160
107.039,107.039,NoButton,Move,548,159
107.055,107.055,NoButton,Move,548,159
107.073,107.073,NoButton,Move,549,157
107.09,107.09,NoButton,Move,550,155
107.106,107.106,NoButton,Move,551,154
107.122,107.122,NoButton,Move,552,153
107.14,107.14,NoButton,Move,552,152
107.156,107.156,NoButton,Move,552,152
107.173,107.173,NoButton,Move,552,151
107.19,107.19,NoButton,Move,553,151
107.259,107.259,Left,Pressed,553,151
107.393,107.393,Left,Released,553,151
107.565,107.565,NoButton,Move,553,151
107.573,107.573,NoButton,Move,553,151
107.589,107.589,NoButton,Move,554,152
107.606,107.606,NoButton,Move,556,153
107.623,107.623,NoButton,Move,559,155
107.64,107.64,NoButton,Move,563,156
107.656,107.656,NoButton,Move,569,157
107.672,107.672,NoButton,Move,579,159
107.69,107.69,NoButton,Move,589,159
107.706,107.706,NoButton,Move,599,159
107.723,107.723,NoButton,Move,609,159
107.74,107.74,NoButton,Move,618,159
107.755,107.755,NoButton,Move,625,159
107.772,107.772,NoButton,Move,632,159
107.789,107.789,NoButton,Move,636,159
107.806,107.806,NoButton,Move,640,159
107.823,107.823,NoButton,Move,644,159
107.84,107.84,NoButton,Move,648,159
107.856,107.856,NoButton,Move,651,159
107.872,107.872,NoButton,Move,656,159
107.889,107.889,NoButton,Move,661,159
107.905,107.905,NoButton,Move,665,159
107.923,107.923,NoButton,Move,671,159
107.939,107.939,NoButton,Move,675,159
107.955,107.955,NoButton,Move,679,159
107.973,107.973,NoButton,Move,682,159
107.989,107.989,NoButton,Move,685,159
108.006,108.006,NoButton,Move,687,159
108.022,108.022,NoButton,Move,690,159
108.039,108.039,NoButton,Move,693,159
108.055,108.055,NoButton,Move,696,158
108.073,108.073,NoButton,Move,701,158
108.089,108.089,NoButton,Move,706,158
108.106,108.106,NoButton,Move,712,158
108.123,108.123,NoButton,Move,722,158
108.139,108.139,NoButton,Move,731,158
108.156,108.156,NoButton,Move,739,158
108.172,108.172,NoButton,Move,747,158
108.19,108.19,NoButton,Move,756,158
108.206,108.206,NoButton,Move,766,158
108.222,108.222,NoButton,Move,778,158
108.239,108.239,NoButton,Move,786,159
108.256,108.256,NoButton,Move,795,160
108.273,108.273,NoButton,Move,801,161
108.289,108.289,NoButton,Move,806,162
108.306,108.306,NoButton,Move,809,163
108.322,108.322,NoButton,Move,812,163
108.339,108.339,NoButton,Move,813,164
108.356,108.356,NoButton,Move,813,164
108.415,108.415,NoButton,Move,813,164
108.426,108.426,NoButton,Move,813,164
108.439,108.439,NoButton,Move,813,165
108.456,108.456,NoButton,Move,808,169
108.473,108.473,NoButton,Move,798,172
108.489,108.489,NoButton,Move,776,179
108.506,108.506,NoButton,Move,754,184
108.522,108.522,NoButton,Move,729,189
108.539,108.539,NoButton,Move,697,194
108.556,108.556,NoButton,Move,665,195
108.572,108.572,NoButton,Move,622,196
108.589,108.589,NoButton,Move,588,196
108.606,108.606,NoButton,Move,558,194
108.623,108.623,NoButton,Move,535,194
108.64,108.64,NoButton,Move,516,194
108.655,108.655,NoButton,Move,497,194
108.672,108.672,NoButton,Move,476,194
108.689,108.689,NoButton,Move,463,194
108.706,108.706,NoButton,Move,454,196
108.722,108.722,NoButton,Move,451,197
108.739,108.739,NoButton,Move,451,197
108.786,108.786,NoButton,Move,450,198
108.977,108.977,NoButton,Move,450,198
109.016,109.016,NoButton,Move,450,198
109.033,109.033,NoButton,Move,450,198
109.045,109.045,NoButton,Move,450,199
109.056,109.056,NoButton,Move,450,199
109.072,109.072,NoButton,Move,451,200
109.09,109.09,NoButton,Move,451,201
109.106,109.106,NoButton,Move,452,201
109.122,109.122,NoButton,Move,452,202
109.14,109.14,NoButton,Move,452,203
109.162,109.162,NoButton,Move,452,203
109.175,109.175,NoButton,Move,453,203
109.19,109.19,NoButton,Move,453,203
109.206,109.206,NoButton,Move,453,203
109.223,109.223,NoButton,Move,455,204
109.239,109.239,NoButton,Move,457,204
109.256,109.256,NoButton,Move,461,204
109.272,109.272,NoButton,Move,465,205
109.29,109.29,NoButton,Move,470,205
109.306,109.306,NoButton,Move,474,205
109.322,109.322,NoButton,Move,479,205
109.34,109.34,NoButton,Move,483,205
109.356,109.356,NoButton,Move,485,205
109.373,109.373,NoButton,Move,486,205
109.39,109.39,NoButton,Move,487,205
110.49,110.49,NoButton,Move,487,205
110.492,110.492,NoButton,Move,487,205
110.506,110.506,NoButton,Move,489,204
110.522,110.522,NoButton,Move,493,204
110.54,110.54,NoButton,Move,502,204
110.556,110.556,NoButton,Move,516,204
110.572,110.572,NoButton,Move,539,202
110.589,110.589,NoButton,Move,558,202
110.605,110.605,NoButton,Move,576,200
110.623,110.623,NoButton,Move,589,199
110.639,110.639,NoButton,Move,598,198
110.656,110.656,NoButton,Move,602,197
110.673,110.673,NoButton,Move,603,197
110.74,110.74,NoButton,Move,603,197
110.744,110.744,NoButton,Move,604,197
110.756,110.756,NoButton,Move,605,197
110.773,110.773,NoButton,Move,607,197
110.79,110.79,NoButton,Move,609,197
110.806,110.806,NoButton,Move,613,196
110.822,110.822,NoButton,Move,618,196
110.839,110.839,NoButton,Move,623,196
110.855,110.855,NoButton,Move,627,196
110.873,110.873,NoButton,Move,632,196
110.889,110.889,NoButton,Move,637,196
110.906,110.906,NoButton,Move,640,196
110.922,110.922,NoButton,Move,644,196
110.939,110.939,NoButton,Move,646,196
110.956,110.956,NoButton,Move,649,196
110.972,110.972,NoButton,Move,652,196
110.989,110.989,NoButton,Move,655,196
111.005,111.005,NoButton,Move,658,196
111.023,111.023,NoButton,Move,662,196
111.039,111.039,NoButton,Move,665,196
111.055,111.055,NoButton,Move,668,196
111.073,111.073,NoButton,Move,669,196
111.089,111.089,NoButton,Move,671,196
111.106,111.106,NoButton,Move,673,196
111.123,111.123,NoButton,Move,674,196
111.139,111.139,NoButton,Move,676,196
111.156,111.156,NoButton,Move,679,196
111.173,111.173,NoButton,Move,681,196
111.189,111.189,NoButton,Move,683,196
111.206,111.206,NoButton,Move,686,196
111.222,111.222,NoButton,Move,689,196
111.239,111.239,NoButton,Move,691,196
111.256,111.256,NoButton,Move,693,196
111.272,111.272,NoButton,Move,696,196
111.289,111.289,NoButton,Move,699,196
111.307,111.307,NoButton,Move,705,196
111.322,111.322,NoButton,Move,711,196
111.34,111.34,NoButton,Move,717,196
111.355,111.355,NoButton,Move,723,196
111.372,111.372,NoButton,Move,731,196
111.389,111.389,NoButton,Move,736,196
111.406,111.406,NoButton,Move,741,197
111.423,111.423,NoButton,Move,745,197
111.439,111.439,NoButton,Move,749,198
111.456,111.456,NoButton,Move,754,199
111.472,111.472,NoButton,Move,758,200
111.489,111.489,NoButton,Move,762,201
111.506,111.506,NoButton,Move,766,202
111.523,111.523,NoButton,Move,770,203
111.54,111.54,NoButton,Move,775,203
111.555,111.555,NoButton,Move,780,205
111.573,111.573,NoButton,Move,786,206
111.589,111.589,NoButton,Move,791,207
111.606,111.606,NoButton,Move,795,207
111.623,111.623,NoButton,Move,799,208
111.639,111.639,NoButton,Move,803,208
111.656,111.656,NoButton,Move,806,208
111.672,111.672,NoButton,Move,808,208
111.689,111.689,NoButton,Move,810,208
111.706,111.706,NoButton,Move,811,208
111.723,111.723,NoButton,Move,812,208
111.74,111.74,NoButton,Move,814,208
111.756,111.756,NoButton,Move,816,208
111.773,111.773,NoButton,Move,819,208
111.789,111.789,NoButton,Move,823,208
111.805,111.805,NoButton,Move,827,209
111.823,111.823,NoButton,Move,833,209
111.839,111.839,NoButton,Move,840,209
111.856,111.856,NoButton,Move,846,210
111.872,111.872,NoButton,Move,855,210
111.889,111.889,NoButton,Move,861,210
111.905,111.905,NoButton,Move,867,211
111.922,111.922,NoButton,Move,874,211
111.939,111.939,NoButton,Move,877,211
111.956,111.956,NoButton,Move,879,211
111.973,111.973,NoButton,Move,881,211
111.989,111.989,NoButton,Move,883,211
112.006,112.006,NoButton,Move,883,211
112.022,112.022,NoButton,Move,885,212
112.039,112.039,NoButton,Move,885,212
112.056,112.056,NoButton,Move,886,212
112.072,112.072,NoButton,Move,888,212
112.089,112.089,NoButton,Move,892,212
112.106,112.106,NoButton,Move,896,212
112.122,112.122,NoButton,Move,903,212
112.139,112.139,NoButton,Move,910,212
112.156,112.156,NoButton,Move,918,212
112.172,112.172,NoButton,Move,926,212
112.189,112.189,NoButton,Move,934,213
112.206,112.206,NoButton,Move,941,213
112.222,112.222,NoButton,Move,949,213
112.239,112.239,NoButton,Move,954,213
112.256,112.256,NoButton,Move,958,213
112.273,112.273,NoButton,Move,960,213
112.289,112.289,NoButton,Move,962,213
112.306,112.306,NoButton,Move,964,213
112.323,112.323,NoButton,Move,967,213
112.34,112.34,NoButton,Move,971,213
112.356,112.356,NoButton,Move,974,213
112.373,112.373,NoButton,Move,978,213
112.389,112.389,NoButton,Move,983,213
112.406,112.406,NoButton,Move,988,213
112.422,112.422,NoButton,Move,997,213
112.439,112.439,NoButton,Move,1002,213
112.456,112.456,NoButton,Move,1007,213
112.473,112.473,NoButton,Move,1010,213
112.489,112.489,NoButton,Move,1010,213
112.525,112.525,NoButton,Move,1010,213
112.693,112.693,NoButton,Move,1010,213
112.697,112.697,NoButton,Move,1010,213
112.707,112.707,NoButton,Move,1009,213
112.723,112.723,NoButton,Move,1003,216
112.739,112.739,NoButton,Move,991,219
112.756,112.756,NoButton,Move,970,223
112.772,112.772,NoButton,Move,925,229
112.79,112.79,NoButton,Move,883,235
112.806,112.806,NoButton,Move,831,239
112.823,112.823,NoButton,Move,775,239
112.84,112.84,NoButton,Move,719,239
112.856,112.856,NoButton,Move,663,239
112.873,112.873,NoButton,Move,597,240
112.889,112.889,NoButton,Move,551,238
112.905,112.905,NoButton,Move,512,235
112.922,112.922,NoButton,Move,478,233
112.94,112.94,NoButton,Move,450,232
112.956,112.956,NoButton,Move,427,230
112.972,112.972,NoButton,Move,407,229
112.989,112.989,NoButton,Move,397,229
113.006,113.006,NoButton,Move,392,229
113.022,113.022,NoButton,Move,390,229
113.039,113.039,NoButton,Move,389,229
113.191,113.191,NoButton,Move,389,229
113.199,113.199,NoButton,Move,389,229
113.206,113.206,NoButton,Move,388,229
113.223,113.223,NoButton,Move,388,229
113.239,113.239,NoButton,Move,386,229
113.256,113.256,NoButton,Move,385,230
113.272,113.272,NoButton,Move,383,232
113.29,113.29,NoButton,Move,381,234
113.306,113.306,NoButton,Move,380,236
113.322,113.322,NoButton,Move,380,238
113.339,113.339,NoButton,Move,380,240
113.356,113.356,NoButton,Move,381,241
113.373,113.373,NoButton,Move,381,242
113.389,113.389,NoButton,Move,383,243
113.406,113.406,NoButton,Move,386,245
113.422,113.422,NoButton,Move,391,247
113.439,113.439,NoButton,Move,397,249
113.456,113.456,NoButton,Move,404,251
113.473,113.473,NoButton,Move,411,252
113.489,113.489,NoButton,Move,418,254
113.506,113.506,NoButton,Move,425,255
113.522,113.522,NoButton,Move,433,257
113.54,113.54,NoButton,Move,438,257
113.556,113.556,NoButton,Move,442,258
113.573,113.573,NoButton,Move,446,259
113.589,113.589,NoButton,Move,450,260
113.606,113.606,NoButton,Move,454,260
113.622,113.622,NoButton,Move,458,261
113.64,113.64,NoButton,Move,462,261
113.656,113.656,NoButton,Move,467,262
113.672,113.672,NoButton,Move,472,263
113.689,113.689,NoButton,Move,477,263
113.705,113.705,NoButton,Move,481,263
113.722,113.722,NoButton,Move,485,263
113.739,113.739,NoButton,Move,488,263
113.756,113.756,NoButton,Move,492,263
113.772,113.772,NoButton,Move,498,263
113.789,113.789,NoButton,Move,502,263
113.806,113.806,NoButton,Move,506,263
113.823,113.823,NoButton,Move,510,263
113.839,113.839,NoButton,Move,514,263
113.856,113.856,NoButton,Move,517,263
113.872,113.872,NoButton,Move,522,264
113.889,113.889,NoButton,Move,527,264
113.906,113.906,NoButton,Move,533,264
113.923,113.923,NoButton,Move,539,264
113.939,113.939,NoButton,Move,545,264
113.956,113.956,NoButton,Move,554,264
113.972,113.972,NoButton,Move,565,265
113.989,113.989,NoButton,Move,573,265
114.006,114.006,NoButton,Move,582,265
114.023,114.023,NoButton,Move,589,266
114.04,114.04,NoButton,Move,597,266
114.056,114.056,NoButton,Move,603,267
114.072,114.072,NoButton,Move,612,269
114.089,114.089,NoButton,Move,619,270
114.105,114.105,NoButton,Move,626,270
114.122,114.122,NoButton,Move,633,271
114.139,114.139,NoButton,Move,641,271
114.156,114.156,NoButton,Move,648,272
114.172,114.172,NoButton,Move,657,273
114.189,114.189,NoButton,Move,664,275
114.206,114.206,NoButton,Move,672,276
114.222,114.222,NoButton,Move,680,276
114.24,114.24,NoButton,Move,687,277
114.255,114.255,NoButton,Move,695,277
114.273,114.273,NoButton,Move,703,277
114.289,114.289,NoButton,Move,711,277
114.306,114.306,NoButton,Move,718,277
114.322,114.322,NoButton,Move,728,277
114.339,114.339,NoButton,Move,734,277
114.356,114.356,NoButton,Move,739,276
114.372,114.372,NoButton,Move,743,276
114.39,114.39,NoButton,Move,747,275
114.406,114.406,NoButton,Move,752,274
114.422,114.422,NoButton,Move,759,274
114.439,114.439,NoButton,Move,767,273
114.456,114.456,NoButton,Move,776,273
114.473,114.473,NoButton,Move,788,273
114.489,114.489,NoButton,Move,799,273
114.506,114.506,NoButton,Move,811,272
114.522,114.522,NoButton,Move,823,270
114.539,114.539,NoButton,Move,832,269
114.556,114.556,NoButton,Move,837,267
114.572,114.572,NoButton,Move,839,267
114.59,114.59,NoButton,Move,839,266
114.606,114.606,NoButton,Move,839,266
114.622,114.622,NoButton,Move,839,264
114.639,114.639,NoButton,Move,839,263
114.655,114.655,NoButton,Move,840,260
114.673,114.673,NoButton,Move,840,257
114.689,114.689,NoButton,Move,840,253
114.705,114.705,NoButton,Move,839,250
114.722,114.722,NoButton,Move,839,246
114.74,114.74,NoButton,Move,839,246
114.756,114.756,NoButton,Move,839,246
114.772,114.772,NoButton,Move,839,245
114.789,114.789,NoButton,Move,839,245
114.806,114.806,NoButton,Move,839,244
114.885,114.885,Left,Pressed,839,244
114.973,114.973,Left,Released,839,244
115.04,115.04,NoButton,Move,839,244
115.044,115.044,NoButton,Move,839,244
115.056,115.056,NoButton,Move,839,243
115.072,115.072,NoButton,Move,842,243
115.089,115.089,NoButton,Move,844,242
115.105,115.105,NoButton,Move,849,242
115.122,115.122,NoButton,Move,855,242
115.139,115.139,NoButton,Move,864,242
115.156,115.156,NoButton,Move,874,242
115.172,115.172,NoButton,Move,887,242
115.189,115.189,NoButton,Move,897,242
115.205,115.205,NoButton,Move,908,242
115.222,115.222,NoButton,Move,919,241
115.239,115.239,NoButton,Move,930,241
115.255,115.255,NoButton,Move,941,241
115.272,115.272,NoButton,Move,955,241
115.289,115.289,NoButton,Move,965,241
115.305,115.305,NoButton,Move,969,241
115.323,115.323,NoButton,Move,970,241
115.34,115.34,NoButton,Move,971,241
115.356,115.356,NoButton,Move,973,241
115.373,115.373,NoButton,Move,974,241
115.389,115.389,NoButton,Move,976,241
115.406,115.406,NoButton,Move,978,241
115.423,115.423,NoButton,Move,982,241
115.439,115.439,NoButton,Move,985,240
115.457,115.457,NoButton,Move,988,239
115.473,115.473,NoButton,Move,992,238
115.489,115.489,NoButton,Move,995,237
115.506,115.506,NoButton,Move,998,237
115.523,115.523,NoButton,Move,1002,237
115.539,115.539,NoButton,Move,1006,236
115.555,115.555,NoButton,Move,1009,236
115.573,115.573,NoButton,Move,1012,236
115.589,115.589,NoButton,Move,1015,236
115.606,115.606,NoButton,Move,1017,236
115.634,115.634,NoButton,Move,1017,236
115.69,115.69,NoButton,Move,1017,236
115.694,115.694,NoButton,Move,1016,236
115.705,115.705,NoButton,Move,1014,237
115.723,115.723,NoButton,Move,1000,240
115.739,115.739,NoButton,Move,977,244
115.756,115.756,NoButton,Move,945,250
115.773,115.773,NoButton,Move,909,261
115.789,115.789,NoButton,Move,866,275
115.806,115.806,NoButton,Move,815,291
115.822,115.822,NoButton,Move,742,309
115.839,115.839,NoButton,Move,676,315
115.856,115.856,NoButton,Move,616,317
115.873,115.873,NoButton,Move,564,317
115.889,115.889,NoButton,Move,516,317
115.906,115.906,NoButton,Move,475,313
115.922,115.922,NoButton,Move,433,308
115.939,115.939,NoButton,Move,411,303
115.956,115.956,NoButton,Move,397,301
115.973,115.973,NoButton,Move,390,299
115.989,115.989,NoButton,Move,389,298
116.005,116.005,NoButton,Move,388,298
116.065,116.065,NoButton,Move,388,298
116.081,116.081,NoButton,Move,388,298
116.089,116.089,NoButton,Move,387,298
116.106,116.106,NoButton,Move,387,298
116.122,116.122,NoButton,Move,386,298
116.185,116.185,NoButton,Move,386,298
117.117,117.117,NoButton,Move,386,298
117.121,117.121,NoButton,Move,386,298
117.125,117.125,NoButton,Move,386,298
117.139,117.139,NoButton,Move,386,299
117.156,117.156,NoButton,Move,386,299
117.172,117.172,NoButton,Move,386,300
117.19,117.19,NoButton,Move,386,300
117.22,117.22,NoButton,Move,386,300
117.293,117.293,NoButton,Move,386,301
117.381,117.381,NoButton,Move,386,301
117.915,117.915,NoButton,Move,386,301
118.663,118.663,NoButton,Move,386,301
118.671,118.671,NoButton,Move,386,302
118.682,118.682,NoButton,Move,386,302
118.69,118.69,NoButton,Move,386,302
118.706,118.706,NoButton,Move,386,303
118.723,118.723,NoButton,Move,386,304
118.739,118.739,NoButton,Move,386,305
118.755,118.755,NoButton,Move,385,306
118.773,118.773,NoButton,Move,385,307
118.789,118.789,NoButton,Move,383,309
118.806,118.806,NoButton,Move,382,311
118.822,118.822,NoButton,Move,378,312
118.839,118.839,NoButton,Move,374,314
118.856,118.856,NoButton,Move,367,314
118.872,118.872,NoButton,Move,354,314
118.889,118.889,NoButton,Move,344,314
118.905,118.905,NoButton,Move,334,313
118.923,118.923,NoButton,Move,325,310
118.94,118.94,NoButton,Move,319,309
118.956,118.956,NoButton,Move,317,308
118.972,118.972,NoButton,Move,316,308
118.99,118.99,NoButton,Move,316,308
119.024,119.024,NoButton,Move,316,308
119.028,119.028,NoButton,Move,316,308
119.039,119.039,NoButton,Move,315,308
119.108,119.108,NoButton,Move,315,308
119.116,119.116,NoButton,Move,315,308
119.123,119.123,NoButton,Move,315,309
119.139,119.139,NoButton,Move,316,310
119.156,119.156,NoButton,Move,318,312
119.172,119.172,NoButton,Move,321,313
119.189,119.189,NoButton,Move,326,314
119.206,119.206,NoButton,Move,333,316
119.222,119.222,NoButton,Move,342,317
119.239,119.239,NoButton,Move,352,318
119.256,119.256,NoButton,Move,362,320
119.272,119.272,NoButton,Move,375,323
119.289,119.289,NoButton,Move,385,325
119.306,119.306,NoButton,Move,394,327
119.322,119.322,NoButton,Move,403,329
119.339,119.339,NoButton,Move,411,331
119.356,119.356,NoButton,Move,420,333
119.372,119.372,NoButton,Move,425,335
119.389,119.389,NoButton,Move,429,336
119.406,119.406,NoButton,Move,432,336
119.422,119.422,NoButton,Move,433,336
119.498,119.498,NoButton,Move,433,337
119.506,119.506,NoButton,Move,433,337
119.523,119.523,NoButton,Move,434,337
119.539,119.539,NoButton,Move,434,337
119.556,119.556,NoButton,Move,434,338
119.573,119.573,NoButton,Move,435,339
119.589,119.589,NoButton,Move,436,340
119.606,119.606,NoButton,Move,439,341
119.622,119.622,NoButton,Move,445,343
119.639,119.639,NoButton,Move,451,343
119.656,119.656,NoButton,Move,459,343
119.672,119.672,NoButton,Move,466,343
119.689,119.689,NoButton,Move,472,343
119.706,119.706,NoButton,Move,478,343
119.722,119.722,NoButton,Move,481,343
119.739,119.739,NoButton,Move,483,343
119.756,119.756,NoButton,Move,486,343
119.772,119.772,NoButton,Move,487,343
119.79,119.79,NoButton,Move,488,343
119.806,119.806,NoButton,Move,490,342
119.822,119.822,NoButton,Move,493,342
119.839,119.839,NoButton,Move,498,342
119.856,119.856,NoButton,Move,504,342
119.872,119.872,NoButton,Move,510,342
119.889,119.889,NoButton,Move,517,342
119.906,119.906,NoButton,Move,523,342
119.922,119.922,NoButton,Move,530,342
119.939,119.939,NoButton,Move,536,342
119.955,119.955,NoButton,Move,542,342
119.972,119.972,NoButton,Move,549,342
119.989,119.989,NoButton,Move,553,342
120.006,120.006,NoButton,Move,558,342
120.022,120.022,NoButton,Move,563,342
120.039,120.039,NoButton,Move,567,342
120.055,120.055,NoButton,Move,573,342
120.072,120.072,NoButton,Move,580,342
120.09,120.09,NoButton,Move,585,342
120.106,120.106,NoButton,Move,590,342
120.122,120.122,NoButton,Move,596,342
120.138,120.138,NoButton,Move,601,342
120.155,120.155,NoButton,Move,607,342
120.172,120.172,NoButton,Move,614,342
120.189,120.189,NoButton,Move,620,342
120.205,120.205,NoButton,Move,627,342
120.223,120.223,NoButton,Move,635,342
120.24,120.24,NoButton,Move,643,342
120.256,120.256,NoButton,Move,652,342
120.272,120.272,NoButton,Move,665,342
120.29,120.29,NoButton,Move,676,342
120.306,120.306,NoButton,Move,687,342
120.323,120.323,NoButton,Move,698,342
120.339,120.339,NoButton,Move,709,341
120.355,120.355,NoButton,Move,718,341
120.372,120.372,NoButton,Move,730,341
120.389,120.389,NoButton,Move,738,341
120.405,120.405,NoButton,Move,746,341
120.423,120.423,NoButton,Move,753,340
120.439,120.439,NoButton,Move,759,340
120.456,120.456,NoButton,Move,765,339
120.472,120.472,NoButton,Move,773,338
120.49,120.49,NoButton,Move,780,338
120.505,120.505,NoButton,Move,786,337
120.522,120.522,NoButton,Move,795,335
120.539,120.539,NoButton,Move,803,334
120.556,120.556,NoButton,Move,811,334
120.573,120.573,NoButton,Move,822,332
120.589,120.589,NoButton,Move,832,332
120.605,120.605,NoButton,Move,844,332
120.622,120.622,NoButton,Move,856,330
120.639,120.639,NoButton,Move,862,329
120.656,120.656,NoButton,Move,863,329
120.672,120.672,NoButton,Move,863,329
120.689,120.689,NoButton,Move,861,328
120.706,120.706,NoButton,Move,855,328
120.722,120.722,NoButton,Move,840,330
120.739,120.739,NoButton,Move,821,334
120.755,120.755,NoButton,Move,791,339
120.773,120.773,NoButton,Move,746,343
120.789,120.789,NoButton,Move,686,346
120.806,120.806,NoButton,Move,617,348
120.822,120.822,NoButton,Move,542,353
120.84,120.84,NoButton,Move,489,355
120.856,120.856,NoButton,Move,441,356
120.873,120.873,NoButton,Move,397,356
120.89,120.89,NoButton,Move,359,356
120.905,120.905,NoButton,Move,326,356
120.922,120.922,NoButton,Move,297,356
120.939,120.939,NoButton,Move,283,355
120.956,120.956,NoButton,Move,275,355
120.972,120.972,NoButton,Move,272,355
121.065,121.065,NoButton,Move,272,355
121.076,121.076,NoButton,Move,272,355
121.089,121.089,NoButton,Move,272,356
121.106,121.106,NoButton,Move,274,358
121.122,121.122,NoButton,Move,277,360
121.139,121.139,NoButton,Move,287,363
121.156,121.156,NoButton,Move,300,367
121.172,121.172,NoButton,Move,319,370
121.189,121.189,NoButton,Move,334,372
121.205,121.205,NoButton,Move,345,373
121.223,121.223,NoButton,Move,352,373
121.239,121.239,NoButton,Move,357,373
121.255,121.255,NoButton,Move,360,373
121.272,121.272,NoButton,Move,360,373
121.308,121.308,NoButton,Move,360,373
121.312,121.312,NoButton,Move,361,373
121.323,121.323,NoButton,Move,361,373
121.338,121.338,NoButton,Move,363,372
121.356,121.356,NoButton,Move,365,372
121.372,121.372,NoButton,Move,370,370
121.389,121.389,NoButton,Move,374,369
121.406,121.406,NoButton,Move,378,368
121.423,121.423,NoButton,Move,381,368
121.439,121.439,NoButton,Move,384,368
121.455,121.455,NoButton,Move,387,368
121.472,121.472,NoButton,Move,390,368
121.489,121.489,NoButton,Move,391,368
121.505,121.505,NoButton,Move,391,369
121.522,121.522,NoButton,Move,392,369
121.539,121.539,NoButton,Move,393,369
121.556,121.556,NoButton,Move,394,370
121.572,121.572,NoButton,Move,396,371
121.589,121.589,NoButton,Move,398,371
121.606,121.606,NoButton,Move,400,372
121.623,121.623,NoButton,Move,402,372
121.639,121.639,NoButton,Move,404,373
121.656,121.656,NoButton,Move,404,373
121.722,121.722,NoButton,Move,404,373
121.742,121.742,NoButton,Move,405,373
121.759,121.759,Left,Pressed,405,373
121.834,121.834,NoButton,Drag,405,373
121.838,121.838,NoButton,Drag,405,372
121.842,121.842,NoButton,Drag,405,372
121.846,121.846,Left,Released,405,372
121.847,121.847,NoButton,Move,405,372
121.856,121.856,NoButton,Move,405,372
121.873,121.873,NoButton,Move,406,371
121.889,121.889,NoButton,Move,406,370
121.906,121.906,NoButton,Move,406,369
121.922,121.922,NoButton,Move,406,368
121.94,121.94,NoButton,Move,405,368
121.966,121.966,NoButton,Move,405,368
121.974,121.974,NoButton,Move,405,368
121.988,121.988,NoButton,Move,404,368
122.005,122.005,NoButton,Move,402,368
122.022,122.022,NoButton,Move,396,370
122.039,122.039,NoButton,Move,386,376
122.055,122.055,NoButton,Move,365,385
122.072,122.072,NoButton,Move,334,401
122.089,122.089,NoButton,Move,296,423
122.365,122.365,NoButton,Move,294,425
122.368,122.368,NoButton,Move,292,426
122.373,122.373,NoButton,Move,290,428
122.389,122.389,NoButton,Move,287,437
122.405,122.405,NoButton,Move,286,438
122.422,122.422,NoButton,Move,287,438
122.439,122.439,NoButton,Move,291,438
122.456,122.456,NoButton,Move,293,436
122.473,122.473,NoButton,Move,293,436
122.49,122.49,NoButton,Move,287,439
122.506,122.506,NoButton,Move,272,449
122.522,122.522,NoButton,Move,253,467
122.539,122.539,NoButton,Move,232,489
122.556,122.556,NoButton,Move,217,511
122.572,122.572,NoButton,Move,213,526
122.589,122.589,NoButton,Move,212,536
122.606,122.606,NoButton,Move,214,540
122.622,122.622,NoButton,Move,217,541
122.639,122.639,NoButton,Move,220,540
122.655,122.655,NoButton,Move,226,536
122.672,122.672,NoButton,Move,239,526
122.689,122.689,NoButton,Move,257,515
122.705,122.705,NoButton,Move,280,502
122.722,122.722,NoButton,Move,306,489
122.74,122.74,NoButton,Move,330,481
122.756,122.756,NoButton,Move,349,475
122.772,122.772,NoButton,Move,367,470
122.79,122.79,NoButton,Move,377,468
122.806,122.806,NoButton,Move,386,468
122.822,122.822,NoButton,Move,396,468
122.839,122.839,NoButton,Move,409,468
122.855,122.855,NoButton,Move,420,468
122.872,122.872,NoButton,Move,433,468
122.889,122.889,NoButton,Move,448,468
122.905,122.905,NoButton,Move,458,468
122.922,122.922,NoButton,Move,468,466
122.938,122.938,NoButton,Move,472,464
122.955,122.955,NoButton,Move,472,464
122.973,122.973,NoButton,Move,473,464
122.989,122.989,NoButton,Move,473,463
123.006,123.006,NoButton,Move,473,460
123.022,123.022,NoButton,Move,472,454
123.039,123.039,NoButton,Move,470,447
123.056,123.056,NoButton,Move,466,440
123.072,123.072,NoButton,Move,463,434
123.09,123.09,NoButton,Move,459,428
123.105,123.105,NoButton,Move,457,425
123.122,123.122,NoButton,Move,456,422
123.139,123.139,NoButton,Move,456,420
123.155,123.155,NoButton,Move,455,418
123.172,123.172,NoButton,Move,456,414
123.189,123.189,NoButton,Move,457,411
123.205,123.205,NoButton,Move,458,407
123.222,123.222,NoButton,Move,462,402
123.238,123.238,NoButton,Move,466,398
123.256,123.256,NoButton,Move,470,395
123.273,123.273,NoButton,Move,475,393
123.289,123.289,NoButton,Move,480,391
123.306,123.306,NoButton,Move,485,389
123.322,123.322,NoButton,Move,491,388
123.339,123.339,NoButton,Move,494,388
123.356,123.356,NoButton,Move,498,388
123.372,123.372,NoButton,Move,506,388
123.389,123.389,NoButton,Move,515,389
123.405,123.405,NoButton,Move,526,392
123.423,123.423,NoButton,Move,539,393
123.439,123.439,NoButton,Move,551,394
123.455,123.455,NoButton,Move,564,394
123.472,123.472,NoButton,Move,577,394
123.489,123.489,NoButton,Move,588,394
123.506,123.506,NoButton,Move,599,394
123.523,123.523,NoButton,Move,607,394
123.54,123.54,NoButton,Move,614,394
123.555,123.555,NoButton,Move,620,394
123.572,123.572,NoButton,Move,625,394
123.589,123.589,NoButton,Move,627,394
123.606,123.606,NoButton,Move,628,394
123.622,123.622,NoButton,Move,630,393
123.639,123.639,NoButton,Move,633,393
123.656,123.656,NoButton,Move,638,392
123.672,123.672,NoButton,Move,646,391
123.689,123.689,NoButton,Move,654,390
123.705,123.705,NoButton,Move,662,389
123.723,123.723,NoButton,Move,672,387
123.739,123.739,NoButton,Move,682,386
123.755,123.755,NoButton,Move,694,385
123.772,123.772,NoButton,Move,708,383
123.789,123.789,NoButton,Move,718,383
123.805,123.805,NoButton,Move,727,382
123.822,123.822,NoButton,Move,734,382
123.839,123.839,NoButton,Move,740,381
123.856,123.856,NoButton,Move,745,380
123.872,123.872,NoButton,Move,749,380
123.889,123.889,NoButton,Move,752,380
123.906,123.906,NoButton,Move,755,380
123.922,123.922,NoButton,Move,757,380
123.939,123.939,NoButton,Move,759,380
123.955,123.955,NoButton,Move,760,380
123.973,123.973,NoButton,Move,765,380
123.989,123.989,NoButton,Move,771,380
124.006,124.006,NoButton,Move,779,380
124.022,124.022,NoButton,Move,790,380
124.039,124.039,NoButton,Move,800,379
124.055,124.055,NoButton,Move,812,379
124.073,124.073,NoButton,Move,827,378
124.09,124.09,NoButton,Move,842,377
124.105,124.105,NoButton,Move,855,376
124.122,124.122,NoButton,Move,871,375
124.139,124.139,NoButton,Move,882,375
124.156,124.156,NoButton,Move,890,375
124.172,124.172,NoButton,Move,893,375
124.189,124.189,NoButton,Move,894,375
124.23,124.23,NoButton,Move,894,375
124.242,124.242,NoButton,Move,894,375
124.255,124.255,NoButton,Move,893,377
124.272,124.272,NoButton,Move,890,379
124.289,124.289,NoButton,Move,884,383
124.305,124.305,NoButton,Move,875,389
124.322,124.322,NoButton,Move,855,397
124.338,124.338,NoButton,Move,831,404
124.355,124.355,NoButton,Move,792,413
124.372,124.372,NoButton,Move,740,418
124.39,124.39,NoButton,Move,685,419
124.405,124.405,NoButton,Move,632,420
124.422,124.422,NoButton,Move,574,420
124.439,124.439,NoButton,Move,538,420
124.455,124.455,NoButton,Move,509,420
124.473,124.473,NoButton,Move,490,420
124.489,124.489,NoButton,Move,479,420
124.506,124.506,NoButton,Move,476,420
124.522,124.522,NoButton,Move,473,420
124.539,124.539,NoButton,Move,470,420
124.556,124.556,NoButton,Move,467,420
124.572,124.572,NoButton,Move,463,420
124.589,124.589,NoButton,Move,460,420
124.606,124.606,NoButton,Move,458,420
124.622,124.622,NoButton,Move,458,420
124.639,124.639,NoButton,Move,457,420
124.704,124.704,NoButton,Move,457,420
124.712,124.712,NoButton,Move,457,420
124.722,124.722,NoButton,Move,457,420
124.74,124.74,NoButton,Move,456,420
124.755,124.755,NoButton,Move,455,420
124.772,124.772,NoButton,Move,454,420
124.861,124.861,NoButton,Move,455,420
124.864,124.864,NoButton,Move,455,420
124.873,124.873,NoButton,Move,456,420
124.889,124.889,NoButton,Move,459,419
124.906,124.906,NoButton,Move,464,419
124.923,124.923,NoButton,Move,473,419
124.938,124.938,NoButton,Move,486,421
124.956,124.956,NoButton,Move,499,423
124.972,124.972,NoButton,Move,516,425
124.989,124.989,NoButton,Move,527,426
125.006,125.006,NoButton,Move,535,426
125.022,125.022,NoButton,Move,542,426
125.039,125.039,NoButton,Move,548,426
125.055,125.055,NoButton,Move,553,427
125.072,125.072,NoButton,Move,560,427
125.089,125.089,NoButton,Move,566,427
125.106,125.106,NoButton,Move,573,427
125.123,125.123,NoButton,Move,583,427
125.139,125.139,NoButton,Move,591,427
125.156,125.156,NoButton,Move,600,427
125.172,125.172,NoButton,Move,608,428
125.189,125.189,NoButton,Move,618,428
125.205,125.205,NoButton,Move,625,428
125.222,125.222,NoButton,Move,631,428
125.239,125.239,NoButton,Move,635,428
125.256,125.256,NoButton,Move,638,428
125.272,125.272,NoButton,Move,640,428
125.289,125.289,NoButton,Move,643,428
125.305,125.305,NoButton,Move,647,428
125.322,125.322,NoButton,Move,655,428
125.339,125.339,NoButton,Move,661,428
125.356,125.356,NoButton,Move,668,428
125.373,125.373,NoButton,Move,675,427
125.389,125.389,NoButton,Move,683,427
125.406,125.406,NoButton,Move,691,427
125.422,125.422,NoButton,Move,698,427
125.439,125.439,NoButton,Move,706,426
125.455,125.455,NoButton,Move,711,426
125.472,125.472,NoButton,Move,716,425
125.49,125.49,NoButton,Move,722,425
125.505,125.505,NoButton,Move,730,425
125.522,125.522,NoButton,Move,744,425
125.539,125.539,NoButton,Move,757,425
125.555,125.555,NoButton,Move,768,423
125.573,125.573,NoButton,Move,778,423
125.59,125.59,NoButton,Move,785,423
125.606,125.606,NoButton,Move,787,423
125.646,125.646,NoButton,Move,787,423
125.65,125.65,NoButton,Move,786,423
125.656,125.656,NoButton,Move,786,423
125.673,125.673,NoButton,Move,780,427
125.689,125.689,NoButton,Move,771,432
125.705,125.705,NoButton,Move,755,438
125.722,125.722,NoButton,Move,728,446
125.739,125.739,NoButton,Move,687,458
125.755,125.755,NoButton,Move,641,471
125.772,125.772,NoButton,Move,580,485
125.789,125.789,NoButton,Move,529,493
125.806,125.806,NoButton,Move,477,496
125.823,125.823,NoButton,Move,435,496
125.839,125.839,NoButton,Move,405,496
125.855,125.855,NoButton,Move,386,496
125.872,125.872,NoButton,Move,374,493
125.888,125.888,NoButton,Move,374,493
125.928,125.928,NoButton,Move,373,493
125.952,125.952,NoButton,Move,373,493
125.964,125.964,NoButton,Move,373,493
125.972,125.972,NoButton,Move,373,492
125.99,125.99,NoButton,Move,372,492
126.005,126.005,NoButton,Move,370,490
126.022,126.022,NoButton,Move,369,490
126.039,126.039,NoButton,Move,368,490
126.064,126.064,NoButton,Move,368,489
126.072,126.072,NoButton,Move,369,489
126.089,126.089,NoButton,Move,371,487
126.106,126.106,NoButton,Move,374,485
126.122,126.122,NoButton,Move,379,484
126.139,126.139,NoButton,Move,383,482
126.156,126.156,NoButton,Move,389,481
126.172,126.172,NoButton,Move,399,478
126.189,126.189,NoButton,Move,406,477
126.205,126.205,NoButton,Move,411,476
126.223,126.223,NoButton,Move,415,476
126.239,126.239,NoButton,Move,418,475
126.256,126.256,NoButton,Move,419,475
126.273,126.273,NoButton,Move,419,475
126.298,126.298,NoButton,Move,419,475
126.306,126.306,NoButton,Move,419,475
126.322,126.322,NoButton,Move,422,475
126.338,126.338,NoButton,Move,426,475
126.356,126.356,NoButton,Move,431,475
126.372,126.372,NoButton,Move,438,475
126.388,126.388,NoButton,Move,445,475
126.405,126.405,NoButton,Move,451,475
126.422,126.422,NoButton,Move,456,475
126.438,126.438,NoButton,Move,459,475
126.455,126.455,NoButton,Move,461,475
126.472,126.472,NoButton,Move,463,475
126.49,126.49,NoButton,Move,464,475
126.506,126.506,NoButton,Move,465,475
126.522,126.522,NoButton,Move,468,475
126.539,126.539,NoButton,Move,471,475
126.556,126.556,NoButton,Move,473,475
126.572,126.572,NoButton,Move,476,475
126.589,126.589,NoButton,Move,481,475
126.606,126.606,NoButton,Move,484,476
126.622,126.622,NoButton,Move,489,476
126.639,126.639,NoButton,Move,493,476
126.656,126.656,NoButton,Move,495,476
126.673,126.673,NoButton,Move,497,476
126.689,126.689,NoButton,Move,497,476
126.705,126.705,NoButton,Move,499,476
126.722,126.722,NoButton,Move,500,476
126.74,126.74,NoButton,Move,500,476
126.756,126.756,NoButton,Move,501,476
126.773,126.773,NoButton,Move,503,476
126.788,126.788,NoButton,Move,504,476
126.806,126.806,NoButton,Move,507,476
126.822,126.822,NoButton,Move,511,476
126.839,126.839,NoButton,Move,515,476
126.856,126.856,NoButton,Move,519,476
126.872,126.872,NoButton,Move,523,476
126.889,126.889,NoButton,Move,525,476
126.905,126.905,NoButton,Move,527,476
126.923,126.923,NoButton,Move,527,476
126.976,126.976,NoButton,Move,527,476
126.989,126.989,NoButton,Move,528,477
127.006,127.006,NoButton,Move,530,477
127.022,127.022,NoButton,Move,532,477
127.04,127.04,NoButton,Move,535,477
127.055,127.055,NoButton,Move,538,477
127.072,127.072,NoButton,Move,544,477
127.088,127.088,NoButton,Move,547,477
127.106,127.106,NoButton,Move,550,477
127.122,127.122,NoButton,Move,553,477
127.139,127.139,NoButton,Move,555,477
127.156,127.156,NoButton,Move,557,476
127.172,127.172,NoButton,Move,558,476
127.189,127.189,NoButton,Move,560,476
127.206,127.206,NoButton,Move,562,476
127.223,127.223,NoButton,Move,565,476
127.239,127.239,NoButton,Move,569,476
127.256,127.256,NoButton,Move,573,476
127.272,127.272,NoButton,Move,580,476
127.289,127.289,NoButton,Move,586,476
127.305,127.305,NoButton,Move,591,476
127.322,127.322,NoButton,Move,596,476
127.339,127.339,NoButton,Move,601,476
127.355,127.355,NoButton,Move,604,475
127.372,127.372,NoButton,Move,609,475
127.389,127.389,NoButton,Move,611,475
127.406,127.406,NoButton,Move,612,475
127.467,127.467,NoButton,Move,612,475
127.47,127.47,NoButton,Move,612,475
127.474,127.474,NoButton,Move,612,474
127.49,127.49,NoButton,Move,614,474
127.505,127.505,NoButton,Move,616,474
127.522,127.522,NoButton,Move,620,473
127.539,127.539,NoButton,Move,625,473
127.555,127.555,NoButton,Move,630,472
127.573,127.573,NoButton,Move,636,471
127.589,127.589,NoButton,Move,642,470
127.606,127.606,NoButton,Move,648,470
127.622,127.622,NoButton,Move,654,469
127.639,127.639,NoButton,Move,661,468
127.656,127.656,NoButton,Move,665,467
127.672,127.672,NoButton,Move,668,467
127.689,127.689,NoButton,Move,669,466
127.705,127.705,NoButton,Move,671,466
127.722,127.722,NoButton,Move,672,465
127.739,127.739,NoButton,Move,673,465
127.756,127.756,NoButton,Move,674,465
127.772,127.772,NoButton,Move,675,465
127.788,127.788,NoButton,Move,677,465
127.806,127.806,NoButton,Move,681,465
127.822,127.822,NoButton,Move,686,465
127.839,127.839,NoButton,Move,693,465
127.856,127.856,NoButton,Move,701,465
127.872,127.872,NoButton,Move,710,464
127.888,127.888,NoButton,Move,719,464
127.906,127.906,NoButton,Move,726,464
127.922,127.922,NoButton,Move,735,463
127.939,127.939,NoButton,Move,739,463
127.956,127.956,NoButton,Move,742,463
127.972,127.972,NoButton,Move,744,463
127.989,127.989,NoButton,Move,745,463
128.056,128.056,NoButton,Move,746,463
128.06,128.06,NoButton,Move,746,463
128.072,128.072,NoButton,Move,747,463
128.089,128.089,NoButton,Move,751,463
128.105,128.105,NoButton,Move,755,463
128.123,128.123,NoButton,Move,761,464
128.138,128.138,NoButton,Move,769,465
128.155,128.155,NoButton,Move,777,465
128.172,128.172,NoButton,Move,791,465
128.188,128.188,NoButton,Move,802,465
128.205,128.205,NoButton,Move,811,465
128.222,128.222,NoButton,Move,817,465
128.24,128.24,NoButton,Move,822,465
128.255,128.255,NoButton,Move,827,465
128.272,128.272,NoButton,Move,830,465
128.289,128.289,NoButton,Move,831,465
128.306,128.306,NoButton,Move,832,465
128.324,128.324,NoButton,Move,832,465
128.339,128.339,NoButton,Move,833,465
128.356,128.356,NoButton,Move,835,465
128.372,128.372,NoButton,Move,838,465
128.389,128.389,NoButton,Move,840,465
128.406,128.406,NoButton,Move,843,465
128.423,128.423,NoButton,Move,846,465
128.439,128.439,NoButton,Move,848,465
128.455,128.455,NoButton,Move,851,465
128.472,128.472,NoButton,Move,854,465
128.489,128.489,NoButton,Move,858,465
128.506,128.506,NoButton,Move,862,465
128.522,128.522,NoButton,Move,873,465
128.539,128.539,NoButton,Move,880,464
128.555,128.555,NoButton,Move,891,464
128.572,128.572,NoButton,Move,897,464
128.589,128.589,NoButton,Move,906,464
128.605,128.605,NoButton,Move,913,463
128.622,128.622,NoButton,Move,918,463
128.639,128.639,NoButton,Move,922,463
128.656,128.656,NoButton,Move,924,463
128.672,128.672,NoButton,Move,925,463
128.69,128.69,NoButton,Move,925,463
128.706,128.706,NoButton,Move,926,463
128.722,128.722,NoButton,Move,927,463
128.739,128.739,NoButton,Move,929,463
128.755,128.755,NoButton,Move,930,463
128.772,128.772,NoButton,Move,933,463
128.789,128.789,NoButton,Move,937,463
128.805,128.805,NoButton,Move,941,463
128.822,128.822,NoButton,Move,946,463
128.838,128.838,NoButton,Move,951,463
128.856,128.856,NoButton,Move,955,462
128.873,128.873,NoButton,Move,958,461
128.889,128.889,NoButton,Move,962,461
128.906,128.906,NoButton,Move,967,460
128.922,128.922,NoButton,Move,969,460
128.939,128.939,NoButton,Move,970,460
129.053,129.053,Left,Pressed,970,460
129.144,129.144,Left,Released,970,460
129.2,129.2,NoButton,Move,970,460
129.204,129.204,NoButton,Move,969,460
129.208,129.208,NoButton,Move,968,460
129.222,129.222,NoButton,Move,964,460
129.239,129.239,NoButton,Move,956,461
129.255,129.255,NoButton,Move,944,464
129.272,129.272,NoButton,Move,928,468
129.289,129.289,NoButton,Move,903,474
129.306,129.306,NoButton,Move,878,480
129.322,129.322,NoButton,Move,844,489
129.338,129.338,NoButton,Move,805,499
129.356,129.356,NoButton,Move,766,508
129.372,129.372,NoButton,Move,714,520
129.389,129.389,NoButton,Move,675,528
129.405,129.405,NoButton,Move,639,533
129.423,129.423,NoButton,Move,605,536
129.439,129.439,NoButton,Move,576,536
129.456,129.456,NoButton,Move,553,536
129.472,129.472,NoButton,Move,530,536
129.489,129.489,NoButton,Move,517,536
129.505,129.505,NoButton,Move,505,536
129.522,129.522,NoButton,Move,496,537
129.539,129.539,NoButton,Move,489,537
129.556,129.556,NoButton,Move,484,537
129.572,129.572,NoButton,Move,481,537
129.589,129.589,NoButton,Move,480,537
129.626,129.626,NoButton,Move,480,537
129.63,129.63,NoButton,Move,480,537
129.639,129.639,NoButton,Move,479,537
129.655,129.655,NoButton,Move,476,535
129.672,129.672,NoButton,Move,473,533
129.689,129.689,NoButton,Move,468,530
129.705,129.705,NoButton,Move,461,527
129.722,129.722,NoButton,Move,454,525
129.739,129.739,NoButton,Move,443,523
129.756,129.756,NoButton,Move,434,520
129.773,129.773,NoButton,Move,426,519
129.789,129.789,NoButton,Move,420,519
129.805,129.805,NoButton,Move,414,518
129.822,129.822,NoButton,Move,408,518
129.838,129.838,NoButton,Move,402,518
129.856,129.856,NoButton,Move,397,518
129.872,129.872,NoButton,Move,391,518
129.889,129.889,NoButton,Move,386,518
129.905,129.905,NoButton,Move,383,517
129.922,129.922,NoButton,Move,380,516
129.939,129.939,NoButton,Move,379,516
129.955,129.955,NoButton,Move,378,516
129.973,129.973,NoButton,Move,377,515
130.175,130.175,NoButton,Move,377,515
130.186,130.186,NoButton,Move,377,515
130.194,130.194,NoButton,Move,378,515
130.205,130.205,NoButton,Move,378,514
130.222,130.222,NoButton,Move,379,514
130.239,130.239,NoButton,Move,381,514
130.255,130.255,NoButton,Move,382,514
130.272,130.272,NoButton,Move,385,514
130.289,130.289,NoButton,Move,388,514
130.306,130.306,NoButton,Move,392,515
130.322,130.322,NoButton,Move,397,516
130.338,130.338,NoButton,Move,403,517
130.356,130.356,NoButton,Move,409,517
130.372,130.372,NoButton,Move,415,518
130.389,130.389,NoButton,Move,421,518
130.406,130.406,NoButton,Move,426,518
130.422,130.422,NoButton,Move,430,518
130.439,130.439,NoButton,Move,433,518
130.455,130.455,NoButton,Move,436,518
130.472,130.472,NoButton,Move,441,518
130.489,130.489,NoButton,Move,446,518
130.505,130.505,NoButton,Move,451,518
130.523,130.523,NoButton,Move,456,518
130.538,130.538,NoButton,Move,461,518
130.555,130.555,NoButton,Move,464,518
130.572,130.572,NoButton,Move,468,519
130.589,130.589,NoButton,Move,471,519
130.606,130.606,NoButton,Move,474,519
130.622,130.622,NoButton,Move,477,519
130.639,130.639,NoButton,Move,479,519
130.655,130.655,NoButton,Move,482,519
130.672,130.672,NoButton,Move,485,519
130.689,130.689,NoButton,Move,487,519
130.706,130.706,NoButton,Move,488,519
130.722,130.722,NoButton,Move,490,519
130.739,130.739,NoButton,Move,490,519
130.755,130.755,NoButton,Move,491,519
130.772,130.772,NoButton,Move,492,519
130.789,130.789,NoButton,Move,493,519
130.806,130.806,NoButton,Move,495,519
130.822,130.822,NoButton,Move,497,519
130.839,130.839,NoButton,Move,501,519
130.855,130.855,NoButton,Move,504,519
130.872,130.872,NoButton,Move,507,519
130.889,130.889,NoButton,Move,510,519
130.905,130.905,NoButton,Move,514,518
130.922,130.922,NoButton,Move,517,518
130.939,130.939,NoButton,Move,522,518
130.955,130.955,NoButton,Move,524,518
130.973,130.973,NoButton,Move,527,518
130.989,130.989,NoButton,Move,529,518
131.006,131.006,NoButton,Move,531,518
131.022,131.022,NoButton,Move,533,518
131.039,131.039,NoButton,Move,535,518
131.055,131.055,NoButton,Move,537,518
131.072,131.072,NoButton,Move,540,518
131.089,131.089,NoButton,Move,544,518
131.106,131.106,NoButton,Move,548,518
131.122,131.122,NoButton,Move,552,518
131.139,131.139,NoButton,Move,555,518
131.156,131.156,NoButton,Move,557,518
131.172,131.172,NoButton,Move,560,517
131.188,131.188,NoButton,Move,563,517
131.205,131.205,NoButton,Move,565,517
131.222,131.222,NoButton,Move,567,517
131.239,131.239,NoButton,Move,569,516
131.256,131.256,NoButton,Move,571,516
131.272,131.272,NoButton,Move,573,516
131.289,131.289,NoButton,Move,575,516
131.306,131.306,NoButton,Move,576,516
131.322,131.322,NoButton,Move,578,516
131.339,131.339,NoButton,Move,581,516
131.355,131.355,NoButton,Move,583,516
131.372,131.372,NoButton,Move,586,516
131.389,131.389,NoButton,Move,589,515
131.406,131.406,NoButton,Move,591,515
131.422,131.422,NoButton,Move,593,515
131.439,131.439,NoButton,Move,596,515
131.456,131.456,NoButton,Move,599,515
131.472,131.472,NoButton,Move,602,515
131.489,131.489,NoButton,Move,604,514
131.506,131.506,NoButton,Move,606,514
131.522,131.522,NoButton,Move,608,514
131.539,131.539,NoButton,Move,610,514
131.555,131.555,NoButton,Move,613,514
131.572,131.572,NoButton,Move,618,514
131.588,131.588,NoButton,Move,620,514
131.606,131.606,NoButton,Move,623,514
131.622,131.622,NoButton,Move,626,514
131.639,131.639,NoButton,Move,628,513
131.655,131.655,NoButton,Move,631,513
131.672,131.672,NoButton,Move,634,513
131.689,131.689,NoButton,Move,635,513
131.705,131.705,NoButton,Move,637,513
131.722,131.722,NoButton,Move,637,513
131.768,131.768,NoButton,Move,637,513
131.772,131.772,NoButton,Move,638,513
131.789,131.789,NoButton,Move,639,513
131.805,131.805,NoButton,Move,641,513
131.822,131.822,NoButton,Move,644,513
131.839,131.839,NoButton,Move,647,512
131.855,131.855,NoButton,Move,651,512
131.872,131.872,NoButton,Move,656,511
131.889,131.889,NoButton,Move,660,511
131.905,131.905,NoButton,Move,664,511
131.922,131.922,NoButton,Move,668,511
131.939,131.939,NoButton,Move,673,511
131.956,131.956,NoButton,Move,676,511
131.973,131.973,NoButton,Move,680,510
131.989,131.989,NoButton,Move,684,510
132.006,132.006,NoButton,Move,687,510
132.022,132.022,NoButton,Move,692,510
132.039,132.039,NoButton,Move,696,509
132.055,132.055,NoButton,Move,699,509
132.072,132.072,NoButton,Move,702,509
132.089,132.089,NoButton,Move,705,508
132.106,132.106,NoButton,Move,708,508
132.122,132.122,NoButton,Move,710,508
132.139,132.139,NoButton,Move,713,508
132.155,132.155,NoButton,Move,717,507
132.172,132.172,NoButton,Move,720,507
132.189,132.189,NoButton,Move,722,506
132.206,132.206,NoButton,Move,726,506
132.222,132.222,NoButton,Move,728,505
132.239,132.239,NoButton,Move,730,504
132.256,132.256,NoButton,Move,732,504
132.272,132.272,NoButton,Move,734,504
132.289,132.289,NoButton,Move,734,504
132.306,132.306,NoButton,Move,734,504
132.322,132.322,NoButton,Move,735,504
132.339,132.339,NoButton,Move,736,503
132.356,132.356,NoButton,Move,738,503
132.372,132.372,NoButton,Move,742,502
132.388,132.388,NoButton,Move,747,502
132.406,132.406,NoButton,Move,754,501
132.422,132.422,NoButton,Move,760,501
132.439,132.439,NoButton,Move,764,501
132.456,132.456,NoButton,Move,767,501
132.472,132.472,NoButton,Move,770,500
132.488,132.488,NoButton,Move,771,500
132.506,132.506,NoButton,Move,772,500
132.523,132.523,NoButton,Move,772,500
132.539,132.539,NoButton,Move,774,500
132.555,132.555,NoButton,Move,776,500
132.572,132.572,NoButton,Move,778,499
132.589,132.589,NoButton,Move,783,499
132.606,132.606,NoButton,Move,786,499
132.622,132.622,NoButton,Move,790,499
132.639,132.639,NoButton,Move,793,499
132.655,132.655,NoButton,Move,796,499
132.672,132.672,NoButton,Move,798,499
132.688,132.688,NoButton,Move,800,499
132.705,132.705,NoButton,Move,802,499
132.722,132.722,NoButton,Move,804,498
132.739,132.739,NoButton,Move,807,498
132.756,132.756,NoButton,Move,810,498
132.772,132.772,NoButton,Move,818,497
132.789,132.789,NoButton,Move,825,496
132.806,132.806,NoButton,Move,832,495
132.822,132.822,NoButton,Move,840,494
132.839,132.839,NoButton,Move,848,494
132.855,132.855,NoButton,Move,853,493
132.872,132.872,NoButton,Move,858,493
132.889,132.889,NoButton,Move,860,493
132.906,132.906,NoButton,Move,861,493
132.965,132.965,NoButton,Move,861,493
132.966,132.966,NoButton,Move,861,492
132.972,132.972,NoButton,Move,861,492
132.989,132.989,NoButton,Move,863,492
133.005,133.005,NoButton,Move,865,492
133.022,133.022,NoButton,Move,867,492
133.039,133.039,NoButton,Move,871,492
133.056,133.056,NoButton,Move,874,492
133.072,133.072,NoButton,Move,878,492
133.089,133.089,NoButton,Move,881,492
133.106,133.106,NoButton,Move,884,492
133.122,133.122,NoButton,Move,887,492
133.139,133.139,NoButton,Move,890,492
133.155,133.155,NoButton,Move,892,492
133.173,133.173,NoButton,Move,893,492
133.189,133.189,NoButton,Move,895,492
133.206,133.206,NoButton,Move,897,492
133.222,133.222,NoButton,Move,902,492
133.239,133.239,NoButton,Move,909,492
133.256,133.256,NoButton,Move,914,492
133.273,133.273,NoButton,Move,919,492
133.289,133.289,NoButton,Move,923,492
133.305,133.305,NoButton,Move,928,492
133.322,133.322,NoButton,Move,933,492
133.338,133.338,NoButton,Move,936,492
133.355,133.355,NoButton,Move,939,493
133.372,133.372,NoButton,Move,940,493
133.389,133.389,NoButton,Move,940,493
133.405,133.405,NoButton,Move,942,493
133.422,133.422,NoButton,Move,943,493
133.439,133.439,NoButton,Move,947,493
133.455,133.455,NoButton,Move,951,493
133.472,133.472,NoButton,Move,957,493
133.488,133.488,NoButton,Move,963,493
133.505,133.505,NoButton,Move,972,493
133.522,133.522,NoButton,Move,979,493
133.539,133.539,NoButton,Move,986,493
133.555,133.555,NoButton,Move,989,493
133.633,133.633,NoButton,Move,988,493
133.636,133.636,NoButton,Move,988,493
133.64,133.64,NoButton,Move,988,493
133.655,133.655,NoButton,Move,985,493
133.672,133.672,NoButton,Move,974,495
133.689,133.689,NoButton,Move,949,500
133.705,133.705,NoButton,Move,912,505
133.722,133.722,NoButton,Move,854,509
133.739,133.739,NoButton,Move,776,512
133.756,133.756,NoButton,Move,684,520
133.772,133.772,NoButton,Move,562,531
133.789,133.789,NoButton,Move,474,542
133.806,133.806,NoButton,Move,393,551
133.823,133.823,NoButton,Move,315,555
133.839,133.839,NoButton,Move,243,560
133.855,133.855,NoButton,Move,183,563
133.872,133.872,NoButton,Move,130,569
133.888,133.888,NoButton,Move,81,573
133.905,133.905,NoButton,Move,47,574
133.923,133.923,NoButton,Move,15,574
133.939,133.939,NoButton,Move,0,574
133.956,133.956,NoButton,Move,0,574
133.972,133.972,NoButton,Move,0,574
133.989,133.989,NoButton,Move,0,573
134.005,134.005,NoButton,Move,0,572
134.036,134.036,NoButton,Move,0,572
134.04,134.04,NoButton,Move,0,572
134.055,134.055,NoButton,Move,2,571
134.072,134.072,NoButton,Move,8,570
134.089,134.089,NoButton,Move,18,570
134.105,134.105,NoButton,Move,29,570
134.122,134.122,NoButton,Move,43,571
134.139,134.139,NoButton,Move,62,572
134.156,134.156,NoButton,Move,76,573
134.172,134.172,NoButton,Move,89,574
134.189,134.189,NoButton,Move,100,574
134.205,134.205,NoButton,Move,110,574
134.222,134.222,NoButton,Move,118,574
134.239,134.239,NoButton,Move,123,574
134.256,134.256,NoButton,Move,127,574
134.273,134.273,NoButton,Move,132,573
134.288,134.288,NoButton,Move,139,573
134.305,134.305,NoButton,Move,149,573
134.322,134.322,NoButton,Move,161,572
134.339,134.339,NoButton,Move,176,572
134.356,134.356,NoButton,Move,187,571
134.372,134.372,NoButton,Move,197,570
134.389,134.389,NoButton,Move,206,569
134.405,134.405,NoButton,Move,216,569
134.422,134.422,NoButton,Move,224,568
134.439,134.439,NoButton,Move,236,568
134.456,134.456,NoButton,Move,245,568
134.472,134.472,NoButton,Move,254,568
134.489,134.489,NoButton,Move,262,567
134.506,134.506,NoButton,Move,272,566
134.522,134.522,NoButton,Move,279,566
134.539,134.539,NoButton,Move,299,565
134.556,134.556,NoButton,Move,310,564
134.573,134.573,NoButton,Move,320,564
134.589,134.589,NoButton,Move,334,563
134.605,134.605,NoButton,Move,344,562
134.622,134.622,NoButton,Move,355,561
134.639,134.639,NoButton,Move,364,560
134.656,134.656,NoButton,Move,374,560
134.672,134.672,NoButton,Move,384,560
134.689,134.689,NoButton,Move,396,560
134.705,134.705,NoButton,Move,405,560
134.722,134.722,NoButton,Move,414,559
134.739,134.739,NoButton,Move,422,559
134.756,134.756,NoButton,Move,430,559
134.772,134.772,NoButton,Move,437,559
134.789,134.789,NoButton,Move,444,558
134.806,134.806,NoButton,Move,448,557
134.822,134.822,NoButton,Move,452,557
134.839,134.839,NoButton,Move,457,557
134.856,134.856,NoButton,Move,461,557
134.872,134.872,NoButton,Move,467,557
134.889,134.889,NoButton,Move,474,557
134.906,134.906,NoButton,Move,480,557
134.922,134.922,NoButton,Move,487,556
134.939,134.939,NoButton,Move,495,556
134.956,134.956,NoButton,Move,505,555
134.972,134.972,NoButton,Move,512,555
134.988,134.988,NoButton,Move,519,555
135.006,135.006,NoButton,Move,527,554
135.023,135.023,NoButton,Move,534,554
135.039,135.039,NoButton,Move,540,554
135.056,135.056,NoButton,Move,544,553
135.072,135.072,NoButton,Move,547,553
135.088,135.088,NoButton,Move,549,553
135.105,135.105,NoButton,Move,551,553
135.122,135.122,NoButton,Move,552,553
135.139,135.139,NoButton,Move,554,553
135.156,135.156,NoButton,Move,561,553
135.173,135.173,NoButton,Move,568,553
135.189,135.189,NoButton,Move,579,553
135.206,135.206,NoButton,Move,591,553
135.222,135.222,NoButton,Move,603,550
135.239,135.239,NoButton,Move,609,549
135.256,135.256,NoButton,Move,610,549
135.286,135.286,NoButton,Move,610,549
135.29,135.29,NoButton,Move,609,549
135.305,135.305,NoButton,Move,607,549
135.322,135.322,NoButton,Move,602,549
135.338,135.338,NoButton,Move,598,550
135.356,135.356,NoButton,Move,595,551
135.372,135.372,NoButton,Move,590,553
135.389,135.389,NoButton,Move,580,554
135.406,135.406,NoButton,Move,568,556
135.422,135.422,NoButton,Move,558,558
135.439,135.439,NoButton,Move,558,558
135.921,135.921,NoButton,Move,557,557
135.924,135.924,NoButton,Move,557,557
135.939,135.939,NoButton,Move,553,554
135.955,135.955,NoButton,Move,546,549
135.972,135.972,NoButton,Move,537,541
135.989,135.989,NoButton,Move,519,530
136.006,136.006,NoButton,Move,504,520
136.023,136.023,NoButton,Move,490,511
136.038,136.038,NoButton,Move,483,505
136.056,136.056,NoButton,Move,482,504
136.072,136.072,NoButton,Move,482,502
136.089,136.089,NoButton,Move,483,499
136.106,136.106,NoButton,Move,484,497
136.122,136.122,NoButton,Move,485,496
136.139,136.139,NoButton,Move,485,496
136.185,136.185,NoButton,Move,486,496
136.188,136.188,NoButton,Move,486,496
136.192,136.192,NoButton,Move,486,496
136.205,136.205,NoButton,Move,488,495
136.222,136.222,NoButton,Move,491,495
136.238,136.238,NoButton,Move,495,495
136.256,136.256,NoButton,Move,501,495
136.272,136.272,NoButton,Move,507,496
136.289,136.289,NoButton,Move,514,500
136.306,136.306,NoButton,Move,521,505
136.322,136.322,NoButton,Move,524,508
136.339,136.339,NoButton,Move,528,515
136.356,136.356,NoButton,Move,531,519
136.373,136.373,NoButton,Move,532,523
136.389,136.389,NoButton,Move,532,525
136.406,136.406,NoButton,Move,532,527
136.422,136.422,NoButton,Move,532,529
136.439,136.439,NoButton,Move,531,531
136.455,136.455,NoButton,Move,531,533
136.472,136.472,NoButton,Move,531,534
136.489,136.489,NoButton,Move,531,536
136.506,136.506,NoButton,Move,532,537
136.522,136.522,NoButton,Move,534,539
136.539,136.539,NoButton,Move,541,543
136.555,136.555,NoButton,Move,550,546
136.572,136.572,NoButton,Move,558,548
136.589,136.589,NoButton,Move,567,550
136.606,136.606,NoButton,Move,575,552
136.622,136.622,NoButton,Move,585,553
136.639,136.639,NoButton,Move,590,554
136.656,136.656,NoButton,Move,594,554
136.672,136.672,NoButton,Move,596,554
136.688,136.688,NoButton,Move,596,554
136.714,136.714,NoButton,Move,596,554
136.722,136.722,NoButton,Move,596,554
136.738,136.738,NoButton,Move,598,554
136.756,136.756,NoButton,Move,602,554
136.772,136.772,NoButton,Move,609,555
136.789,136.789,NoButton,Move,619,555
136.805,136.805,NoButton,Move,630,556
136.822,136.822,NoButton,Move,641,558
136.839,136.839,NoButton,Move,654,559
136.856,136.856,NoButton,Move,662,560
136.872,136.872,NoButton,Move,669,561
136.889,136.889,NoButton,Move,674,562
136.906,136.906,NoButton,Move,676,562
136.922,136.922,NoButton,Move,678,562
136.939,136.939,NoButton,Move,678,562
136.96,136.96,NoButton,Move,678,562
136.972,136.972,NoButton,Move,679,562
136.989,136.989,NoButton,Move,680,561
137.005,137.005,NoButton,Move,683,561
137.023,137.023,NoButton,Move,687,561
137.038,137.038,NoButton,Move,690,561
137.056,137.056,NoButton,Move,693,561
137.072,137.072,NoButton,Move,694,561
137.088,137.088,NoButton,Move,694,561
137.216,137.216,NoButton,Move,694,562
137.22,137.22,NoButton,Move,693,562
137.224,137.224,NoButton,Move,692,562
137.238,137.238,NoButton,Move,688,564
137.256,137.256,NoButton,Move,675,568
137.272,137.272,NoButton,Move,651,570
137.289,137.289,NoButton,Move,611,574
137.305,137.305,NoButton,Move,579,574
137.323,137.323,NoButton,Move,551,574
137.339,137.339,NoButton,Move,524,571
137.355,137.355,NoButton,Move,502,569
137.372,137.372,NoButton,Move,486,566
137.388,137.388,NoButton,Move,479,564
137.405,137.405,NoButton,Move,475,564
137.423,137.423,NoButton,Move,473,564
137.439,137.439,NoButton,Move,471,564
137.455,137.455,NoButton,Move,468,565
137.472,137.472,NoButton,Move,464,565
137.488,137.488,NoButton,Move,461,566
137.505,137.505,NoButton,Move,457,566
137.522,137.522,NoButton,Move,451,566
137.538,137.538,NoButton,Move,448,566
137.555,137.555,NoButton,Move,447,566
137.572,137.572,NoButton,Move,447,566
137.589,137.589,NoButton,Move,446,567
137.605,137.605,NoButton,Move,445,568
137.622,137.622,NoButton,Move,443,569
137.639,137.639,NoButton,Move,440,571
137.656,137.656,NoButton,Move,437,572
137.672,137.672,NoButton,Move,436,573
137.689,137.689,NoButton,Move,435,574
137.705,137.705,NoButton,Move,434,575
137.722,137.722,NoButton,Move,434,576
137.738,137.738,NoButton,Move,433,577
137.756,137.756,NoButton,Move,433,579
137.773,137.773,NoButton,Move,433,580
137.789,137.789,NoButton,Move,434,582
137.806,137.806,NoButton,Move,434,584
137.822,137.822,NoButton,Move,436,585
137.838,137.838,NoButton,Move,438,586
137.856,137.856,NoButton,Move,441,587
137.873,137.873,NoButton,Move,444,587
137.889,137.889,NoButton,Move,447,588
137.905,137.905,NoButton,Move,450,589
137.922,137.922,NoButton,Move,455,589
137.938,137.938,NoButton,Move,459,590
137.955,137.955,NoButton,Move,463,591
137.973,137.973,NoButton,Move,467,592
137.989,137.989,NoButton,Move,470,593
138.005,138.005,NoButton,Move,474,593
138.022,138.022,NoButton,Move,476,594
138.039,138.039,NoButton,Move,478,594
138.055,138.055,NoButton,Move,480,595
138.072,138.072,NoButton,Move,484,595
138.088,138.088,NoButton,Move,490,596
138.105,138.105,NoButton,Move,496,597
138.122,138.122,NoButton,Move,502,599
138.139,138.139,NoButton,Move,509,601
138.156,138.156,NoButton,Move,515,602
138.172,138.172,NoButton,Move,522,604
138.189,138.189,NoButton,Move,529,605
138.206,138.206,NoButton,Move,534,606
138.222,138.222,NoButton,Move,539,608
138.239,138.239,NoButton,Move,544,609
138.256,138.256,NoButton,Move,549,610
138.272,138.272,NoButton,Move,554,612
138.288,138.288,NoButton,Move,558,613
138.306,138.306,NoButton,Move,562,613
138.323,138.323,NoButton,Move,565,614
138.339,138.339,NoButton,Move,568,614
138.355,138.355,NoButton,Move,571,615
138.372,138.372,NoButton,Move,574,616
138.389,138.389,NoButton,Move,578,616
138.405,138.405,NoButton,Move,581,617
138.422,138.422,NoButton,Move,585,618
138.439,138.439,NoButton,Move,590,619
138.455,138.455,NoButton,Move,594,620
138.472,138.472,NoButton,Move,599,621
138.488,138.488,NoButton,Move,608,623
138.506,138.506,NoButton,Move,615,624
138.523,138.523,NoButton,Move,624,626
138.539,138.539,NoButton,Move,633,627
138.555,138.555,NoButton,Move,641,628
138.572,138.572,NoButton,Move,650,629
138.589,138.589,NoButton,Move,656,629
138.605,138.605,NoButton,Move,662,630
138.622,138.622,NoButton,Move,671,630
138.639,138.639,NoButton,Move,677,630
138.655,138.655,NoButton,Move,683,630
138.672,138.672,NoButton,Move,690,630
138.689,138.689,NoButton,Move,698,630
138.705,138.705,NoButton,Move,706,630
138.722,138.722,NoButton,Move,716,630
138.739,138.739,NoButton,Move,724,630
138.756,138.756,NoButton,Move,732,630
138.772,138.772,NoButton,Move,739,630
138.789,138.789,NoButton,Move,744,630
138.805,138.805,NoButton,Move,749,630
138.822,138.822,NoButton,Move,752,629
138.839,138.839,NoButton,Move,754,629
138.856,138.856,NoButton,Move,755,629
138.873,138.873,NoButton,Move,756,628
138.889,138.889,NoButton,Move,757,628
138.905,138.905,NoButton,Move,758,627
138.922,138.922,NoButton,Move,760,627
138.938,138.938,NoButton,Move,761,626
138.955,138.955,NoButton,Move,763,626
138.986,138.986,NoButton,Move,763,626
138.994,138.994,NoButton,Move,763,626
139.005,139.005,NoButton,Move,763,626
139.022,139.022,NoButton,Move,763,625
139.038,139.038,NoButton,Move,764,624
139.055,139.055,NoButton,Move,765,623
139.072,139.072,NoButton,Move,766,621
139.089,139.089,NoButton,Move,768,619
139.105,139.105,NoButton,Move,770,616
139.122,139.122,NoButton,Move,771,612
139.139,139.139,NoButton,Move,771,611
139.155,139.155,NoButton,Move,772,609
139.172,139.172,NoButton,Move,772,607
139.189,139.189,NoButton,Move,772,606
139.205,139.205,NoButton,Move,772,605
139.222,139.222,NoButton,Move,773,604
139.239,139.239,NoButton,Move,773,604
139.255,139.255,NoButton,Move,773,604
139.272,139.272,NoButton,Move,774,603
139.289,139.289,NoButton,Move,776,602
139.306,139.306,NoButton,Move,779,602
139.323,139.323,NoButton,Move,784,601
139.339,139.339,NoButton,Move,790,601
139.355,139.355,NoButton,Move,797,601
139.372,139.372,NoButton,Move,806,601
139.388,139.388,NoButton,Move,817,601
139.405,139.405,NoButton,Move,824,602
139.422,139.422,NoButton,Move,832,604
139.439,139.439,NoButton,Move,837,605
139.455,139.455,NoButton,Move,842,606
139.472,139.472,NoButton,Move,847,607
139.489,139.489,NoButton,Move,849,607
139.505,139.505,NoButton,Move,851,607
139.522,139.522,NoButton,Move,853,607
139.539,139.539,NoButton,Move,856,607
139.555,139.555,NoButton,Move,859,607
139.572,139.572,NoButton,Move,862,606
139.589,139.589,NoButton,Move,865,606
139.605,139.605,NoButton,Move,867,606
139.622,139.622,NoButton,Move,868,606
139.639,139.639,NoButton,Move,869,606
139.656,139.656,NoButton,Move,869,606
139.672,139.672,NoButton,Move,869,606
139.689,139.689,NoButton,Move,870,606
139.706,139.706,NoButton,Move,870,605
139.722,139.722,NoButton,Move,870,605
139.739,139.739,NoButton,Move,870,605
139.755,139.755,NoButton,Move,871,605
139.773,139.773,NoButton,Move,871,605
139.789,139.789,NoButton,Move,871,605
139.805,139.805,NoButton,Move,872,605
139.822,139.822,NoButton,Move,874,605
139.839,139.839,NoButton,Move,876,605
139.855,139.855,NoButton,Move,878,605
139.873,139.873,NoButton,Move,881,605
139.889,139.889,NoButton,Move,885,605
139.905,139.905,NoButton,Move,888,604
139.922,139.922,NoButton,Move,890,604
139.939,139.939,NoButton,Move,892,603
139.955,139.955,NoButton,Move,893,602
139.972,139.972,NoButton,Move,894,602
139.989,139.989,NoButton,Move,895,601
140.006,140.006,NoButton,Move,896,600
140.022,140.022,NoButton,Move,897,599
140.038,140.038,NoButton,Move,898,598
140.056,140.056,NoButton,Move,899,598
140.073,140.073,NoButton,Move,899,597
140.094,140.094,NoButton,Move,899,597
140.105,140.105,NoButton,Move,899,597
140.123,140.123,NoButton,Move,900,596
140.138,140.138,NoButton,Move,900,596
140.156,140.156,NoButton,Move,901,595
140.173,140.173,NoButton,Move,902,594
140.188,140.188,NoButton,Move,902,594
140.243,140.243,Left,Pressed,902,594
140.329,140.329,Left,Released,902,594
140.404,140.404,NoButton,Move,902,594
140.428,140.428,NoButton,Move,902,593
140.46,140.46,NoButton,Move,902,593
140.464,140.464,NoButton,Move,903,593
140.472,140.472,NoButton,Move,903,593
140.489,140.489,NoButton,Move,904,593
140.506,140.506,NoButton,Move,905,593
140.522,140.522,NoButton,Move,907,593
140.538,140.538,NoButton,Move,910,593
140.555,140.555,NoButton,Move,914,595
140.572,140.572,NoButton,Move,919,595
140.588,140.588,NoButton,Move,929,595
140.606,140.606,NoButton,Move,937,595
140.622,140.622,NoButton,Move,945,595
140.638,140.638,NoButton,Move,953,595
140.655,140.655,NoButton,Move,958,595
140.672,140.672,NoButton,Move,963,595
140.689,140.689,NoButton,Move,968,596
140.705,140.705,NoButton,Move,970,596
140.722,140.722,NoButton,Move,972,596
140.739,140.739,NoButton,Move,972,596
140.755,140.755,NoButton,Move,974,596
140.772,140.772,NoButton,Move,976,596
140.788,140.788,NoButton,Move,980,597
140.806,140.806,NoButton,Move,983,597
140.822,140.822,NoButton,Move,989,597
140.839,140.839,NoButton,Move,994,597
140.856,140.856,NoButton,Move,999,597
140.872,140.872,NoButton,Move,1002,597
140.888,140.888,NoButton,Move,1006,597
140.906,140.906,NoButton,Move,1008,597
140.922,140.922,NoButton,Move,1010,597
140.939,140.939,NoButton,Move,1010,597
140.976,140.976,NoButton,Move,1010,597
140.978,140.978,NoButton,Move,1010,597
140.989,140.989,NoButton,Move,1011,597
141.006,141.006,NoButton,Move,1013,597
141.022,141.022,NoButton,Move,1015,597
141.039,141.039,NoButton,Move,1017,597
141.056,141.056,NoButton,Move,1020,597
141.073,141.073,NoButton,Move,1021,597
141.134,141.134,NoButton,Move,1021,597
141.158,141.158,NoButton,Move,1021,597
141.162,141.162,NoButton,Move,1021,597
141.172,141.172,NoButton,Move,1020,598
141.188,141.188,NoButton,Move,1017,599
141.206,141.206,NoButton,Move,1013,600
141.222,141.222,NoButton,Move,1004,602
141.239,141.239,NoButton,Move,988,607
141.256,141.256,NoButton,Move,970,612
141.271,141.271,NoButton,Move,946,617
141.289,141.289,NoButton,Move,921,620
141.306,141.306,NoButton,Move,892,622
141.322,141.322,NoButton,Move,863,622
141.338,141.338,NoButton,Move,831,622
141.355,141.355,NoButton,Move,804,620
141.372,141.372,NoButton,Move,779,618
141.389,141.389,NoButton,Move,756,616
141.405,141.405,NoButton,Move,737,613
141.423,141.423,NoButton,Move,715,610
141.439,141.439,NoButton,Move,700,609
141.455,141.455,NoButton,Move,685,607
141.472,141.472,NoButton,Move,668,607
141.488,141.488,NoButton,Move,653,607
141.506,141.506,NoButton,Move,638,606
141.522,141.522,NoButton,Move,622,606
141.539,141.539,NoButton,Move,606,605
141.555,141.555,NoButton,Move,588,605
141.572,141.572,NoButton,Move,575,605
141.588,141.588,NoButton,Move,559,604
141.605,141.605,NoButton,Move,547,604
141.623,141.623,NoButton,Move,535,604
141.639,141.639,NoButton,Move,524,603
141.656,141.656,NoButton,Move,518,603
141.672,141.672,NoButton,Move,514,603
141.689,141.689,NoButton,Move,513,603
141.716,141.716,NoButton,Move,513,604
141.723,141.723,NoButton,Move,513,604
141.739,141.739,NoButton,Move,512,605
141.756,141.756,NoButton,Move,511,606
141.772,141.772,NoButton,Move,509,609
141.789,141.789,NoButton,Move,503,614
141.805,141.805,NoButton,Move,497,618
141.823,141.823,NoButton,Move,491,621
141.839,141.839,NoButton,Move,485,624
141.855,141.855,NoButton,Move,476,627
141.872,141.872,NoButton,Move,466,629
141.889,141.889,NoButton,Move,461,630
141.905,141.905,NoButton,Move,457,630
141.922,141.922,NoButton,Move,456,630
141.94,141.94,NoButton,Move,455,630
141.955,141.955,NoButton,Move,455,630
141.972,141.972,NoButton,Move,455,629
141.989,141.989,NoButton,Move,455,628
142.006,142.006,NoButton,Move,456,627
142.022,142.022,NoButton,Move,456,626
142.038,142.038,NoButton,Move,458,626
142.055,142.055,NoButton,Move,460,625
142.073,142.073,NoButton,Move,463,625
142.089,142.089,NoButton,Move,468,625
142.105,142.105,NoButton,Move,473,625
142.122,142.122,NoButton,Move,479,627
142.139,142.139,NoButton,Move,489,628
142.156,142.156,NoButton,Move,498,630
142.171,142.171,NoButton,Move,508,633
142.189,142.189,NoButton,Move,519,635
142.205,142.205,NoButton,Move,531,638
142.222,142.222,NoButton,Move,543,639
142.239,142.239,NoButton,Move,555,641
142.255,142.255,NoButton,Move,566,642
142.272,142.272,NoButton,Move,575,642
142.289,142.289,NoButton,Move,583,642
142.305,142.305,NoButton,Move,589,643
142.322,142.322,NoButton,Move,596,644
142.339,142.339,NoButton,Move,605,645
142.355,142.355,NoButton,Move,614,646
142.372,142.372,NoButton,Move,623,647
142.389,142.389,NoButton,Move,633,648
142.405,142.405,NoButton,Move,644,649
142.422,142.422,NoButton,Move,656,650
142.438,142.438,NoButton,Move,671,651
142.455,142.455,NoButton,Move,684,652
142.472,142.472,NoButton,Move,695,652
142.489,142.489,NoButton,Move,706,652
142.505,142.505,NoButton,Move,715,652
142.522,142.522,NoButton,Move,722,652
142.539,142.539,NoButton,Move,730,652
142.555,142.555,NoButton,Move,735,650
142.572,142.572,NoButton,Move,739,649
142.589,142.589,NoButton,Move,741,649
142.606,142.606,NoButton,Move,742,648
142.622,142.622,NoButton,Move,744,648
142.639,142.639,NoButton,Move,748,648
142.656,142.656,NoButton,Move,752,647
142.672,142.672,NoButton,Move,757,646
142.688,142.688,NoButton,Move,764,644
142.706,142.706,NoButton,Move,769,644
142.722,142.722,NoButton,Move,773,642
142.739,142.739,NoButton,Move,776,642
142.756,142.756,NoButton,Move,778,641
142.772,142.772,NoButton,Move,780,641
142.789,142.789,NoButton,Move,782,640
142.805,142.805,NoButton,Move,782,640
142.822,142.822,NoButton,Move,783,639
142.839,142.839,NoButton,Move,785,637
142.855,142.855,NoButton,Move,787,636
142.872,142.872,NoButton,Move,790,634
142.888,142.888,NoButton,Move,794,632
142.906,142.906,NoButton,Move,798,631
142.922,142.922,NoButton,Move,802,630
142.939,142.939,NoButton,Move,805,629
142.956,142.956,NoButton,Move,807,628
142.972,142.972,NoButton,Move,807,627
142.989,142.989,NoButton,Move,808,626
143.006,143.006,NoButton,Move,808,626
143.022,143.022,NoButton,Move,808,626
143.085,143.085,Left,Pressed,808,626
143.138,143.138,NoButton,Drag,809,626
143.179,143.179,Left,Released,809,626
143.227,143.227,NoButton,Move,809,626
143.238,143.238,NoButton,Move,809,626
143.255,143.255,NoButton,Move,810,625
143.272,143.272,NoButton,Move,811,625
143.289,143.289,NoButton,Move,813,624
143.305,143.305,NoButton,Move,815,624
143.322,143.322,NoButton,Move,819,624
143.339,143.339,NoButton,Move,824,624
143.355,143.355,NoButton,Move,828,624
143.372,143.372,NoButton,Move,832,623
143.388,143.388,NoButton,Move,835,623
143.405,143.405,NoButton,Move,837,623
143.422,143.422,NoButton,Move,840,623
143.438,143.438,NoButton,Move,841,623
143.456,143.456,NoButton,Move,844,622
143.473,143.473,NoButton,Move,848,621
143.489,143.489,NoButton,Move,851,621
143.505,143.505,NoButton,Move,856,621
143.522,143.522,NoButton,Move,863,621
143.539,143.539,NoButton,Move,870,621
143.555,143.555,NoButton,Move,878,621
143.572,143.572,NoButton,Move,884,621
143.59,143.59,NoButton,Move,890,621
143.606,143.606,NoButton,Move,897,621
143.622,143.622,NoButton,Move,901,621
143.639,143.639,NoButton,Move,903,621
143.655,143.655,NoButton,Move,905,621
143.672,143.672,NoButton,Move,907,621
143.688,143.688,NoButton,Move,908,621
143.705,143.705,NoButton,Move,911,621
143.722,143.722,NoButton,Move,912,621
143.738,143.738,NoButton,Move,914,622
143.755,143.755,NoButton,Move,916,623
143.772,143.772,NoButton,Move,920,623
143.789,143.789,NoButton,Move,924,623
143.805,143.805,NoButton,Move,928,624
143.822,143.822,NoButton,Move,932,625
143.839,143.839,NoButton,Move,936,625
143.855,143.855,NoButton,Move,939,626
143.872,143.872,NoButton,Move,943,627
143.889,143.889,NoButton,Move,946,627
143.905,143.905,NoButton,Move,949,627
143.922,143.922,NoButton,Move,952,628
143.939,143.939,NoButton,Move,954,628
143.955,143.955,NoButton,Move,955,628
143.972,143.972,NoButton,Move,957,628
143.988,143.988,NoButton,Move,957,628
144.005,144.005,NoButton,Move,957,628
144.022,144.022,NoButton,Move,958,628
144.038,144.038,NoButton,Move,959,629
144.055,144.055,NoButton,Move,962,629
144.072,144.072,NoButton,Move,965,630
144.089,144.089,NoButton,Move,971,630
144.106,144.106,NoButton,Move,977,630
144.123,144.123,NoButton,Move,984,631
144.139,144.139,NoButton,Move,991,631
144.155,144.155,NoButton,Move,999,631
144.172,144.172,NoButton,Move,1006,631
144.188,144.188,NoButton,Move,1014,631
144.205,144.205,NoButton,Move,1018,632
144.222,144.222,NoButton,Move,1021,632
144.239,144.239,NoButton,Move,1023,632
144.255,144.255,NoButton,Move,1025,632
144.272,144.272,NoButton,Move,1026,632
144.289,144.289,NoButton,Move,1027,632
144.306,144.306,NoButton,Move,1028,632
144.322,144.322,NoButton,Move,1029,632
144.339,144.339,NoButton,Move,1031,632
144.355,144.355,NoButton,Move,1033,632
144.372,144.372,NoButton,Move,1035,632
144.389,144.389,NoButton,Move,1036,632
144.43,144.43,NoButton,Move,1036,632
144.442,144.442,NoButton,Move,1036,632
144.455,144.455,NoButton,Move,1035,631
144.472,144.472,NoButton,Move,1031,631
144.489,144.489,NoButton,Move,1021,631
144.505,144.505,NoButton,Move,1003,631
144.522,144.522,NoButton,Move,973,631
144.539,144.539,NoButton,Move,918,641
144.555,144.555,NoButton,Move,896,644
144.573,144.573,NoButton,Move,894,644
144.589,144.589,NoButton,Move,894,645
144.865,144.865,NoButton,Move,894,645
144.873,144.873,NoButton,Move,894,644
144.889,144.889,NoButton,Move,891,644
144.905,144.905,NoButton,Move,885,643
144.923,144.923,NoButton,Move,878,642
144.939,144.939,NoButton,Move,874,642
144.956,144.956,NoButton,Move,874,642
145.013,145.013,NoButton,Move,874,641
145.117,145.117,NoButton,Move,874,641
145.124,145.124,NoButton,Move,874,641
145.144,145.144,NoButton,Move,874,641
145.221,145.221,NoButton,Move,874,641
145.224,145.224,NoButton,Move,874,641
145.239,145.239,NoButton,Move,871,641
145.256,145.256,NoButton,Move,863,643
145.272,145.272,NoButton,Move,848,643
145.289,145.289,NoButton,Move,822,643
145.305,145.305,NoButton,Move,799,642
145.322,145.322,NoButton,Move,777,639
145.339,145.339,NoButton,Move,759,637
145.355,145.355,NoButton,Move,746,635
145.372,145.372,NoButton,Move,736,634
145.389,145.389,NoButton,Move,726,634
145.405,145.405,NoButton,Move,716,633
145.422,145.422,NoButton,Move,700,632
145.439,145.439,NoButton,Move,682,631
145.456,145.456,NoButton,Move,663,629
145.473,145.473,NoButton,Move,645,628
145.489,145.489,NoButton,Move,629,627
145.506,145.506,NoButton,Move,611,627
145.522,145.522,NoButton,Move,602,627
145.538,145.538,NoButton,Move,592,628
145.555,145.555,NoButton,Move,586,629
145.572,145.572,NoButton,Move,580,631
145.588,145.588,NoButton,Move,576,632
145.605,145.605,NoButton,Move,571,633
145.622,145.622,NoButton,Move,566,634
145.639,145.639,NoButton,Move,557,636
145.656,145.656,NoButton,Move,548,638
145.672,145.672,NoButton,Move,535,641
145.689,145.689,NoButton,Move,522,643
145.705,145.705,NoButton,Move,507,645
145.722,145.722,NoButton,Move,495,647
145.738,145.738,NoButton,Move,483,648
145.756,145.756,NoButton,Move,478,649
145.772,145.772,NoButton,Move,474,650
145.789,145.789,NoButton,Move,471,651
145.806,145.806,NoButton,Move,468,651
145.822,145.822,NoButton,Move,467,651
145.839,145.839,NoButton,Move,466,652
145.931,145.931,NoButton,Move,466,652
145.934,145.934,NoButton,Move,467,652
145.938,145.938,NoButton,Move,467,652
145.955,145.955,NoButton,Move,470,652
145.973,145.973,NoButton,Move,475,653
145.989,145.989,NoButton,Move,483,654
146.006,146.006,NoButton,Move,489,656
146.022,146.022,NoButton,Move,494,658
146.038,146.038,NoButton,Move,499,660
146.055,146.055,NoButton,Move,505,662
146.072,146.072,NoButton,Move,510,663
146.089,146.089,NoButton,Move,516,665
146.106,146.106,NoButton,Move,520,666
146.122,146.122,NoButton,Move,523,666
146.138,146.138,NoButton,Move,525,667
146.156,146.156,NoButton,Move,527,667
146.172,146.172,NoButton,Move,531,667
146.188,146.188,NoButton,Move,533,667
146.205,146.205,NoButton,Move,534,667
146.223,146.223,NoButton,Move,535,668
146.239,146.239,NoButton,Move,535,668
146.255,146.255,NoButton,Move,536,668
146.272,146.272,NoButton,Move,538,668
146.289,146.289,NoButton,Move,541,669
146.305,146.305,NoButton,Move,544,669
146.322,146.322,NoButton,Move,549,670
146.338,146.338,NoButton,Move,552,671
146.356,146.356,NoButton,Move,556,672
146.372,146.372,NoButton,Move,561,673
146.389,146.389,NoButton,Move,566,674
146.405,146.405,NoButton,Move,571,674
146.422,146.422,NoButton,Move,578,675
146.439,146.439,NoButton,Move,585,675
146.455,146.455,NoButton,Move,593,676
146.472,146.472,NoButton,Move,602,676
146.489,146.489,NoButton,Move,613,677
146.505,146.505,NoButton,Move,621,677
146.522,146.522,NoButton,Move,625,677
146.538,146.538,NoButton,Move,628,678
146.578,146.578,NoButton,Move,627,678
146.594,146.594,NoButton,Move,627,678
146.605,146.605,NoButton,Move,627,677
146.622,146.622,NoButton,Move,626,676
146.638,146.638,NoButton,Move,626,676
146.655,146.655,NoButton,Move,626,676
146.672,146.672,NoButton,Move,628,676
146.689,146.689,NoButton,Move,630,676
146.706,146.706,NoButton,Move,633,676
146.722,146.722,NoButton,Move,637,676
146.739,146.739,NoButton,Move,644,675
146.755,146.755,NoButton,Move,651,674
146.772,146.772,NoButton,Move,660,671
146.789,146.789,NoButton,Move,667,669
146.806,146.806,NoButton,Move,672,667
146.822,146.822,NoButton,Move,676,666
146.839,146.839,NoButton,Move,677,666
146.915,146.915,NoButton,Move,677,666
147.003,147.003,NoButton,Move,677,666
147.046,147.046,Scroll,Up,677,666
147.092,147.092,Scroll,Up,677,666
147.212,147.212,Scroll,Up,677,666
147.288,147.288,NoButton,Move,677,666
147.292,147.292,NoButton,Move,677,665
147.305,147.305,NoButton,Move,677,664
147.323,147.323,NoButton,Move,677,664
147.339,147.339,NoButton,Move,677,663
147.356,147.356,NoButton,Move,678,662
147.372,147.372,NoButton,Move,678,662
147.413,147.413,NoButton,Move,678,661
147.416,147.416,NoButton,Move,678,661
147.424,147.424,NoButton,Move,678,661
147.439,147.439,NoButton,Move,678,661
147.456,147.456,NoButton,Move,678,661
147.473,147.473,NoButton,Move,678,660
147.556,147.556,Scroll,Down,678,660
147.58,147.58,Scroll,Down,678,660
147.613,147.613,Scroll,Down,678,660
147.682,147.682,Scroll,Down,678,660
147.783,147.783,NoButton,Move,678,660
147.794,147.794,Scroll,Down,678,660
147.818,147.818,NoButton,Move,679,660
147.822,147.822,NoButton,Move,679,660
147.839,147.839,NoButton,Move,679,659
147.855,147.855,NoButton,Move,679,659
147.872,147.872,NoButton,Move,679,658
147.889,147.889,NoButton,Move,679,658
147.905,147.905,NoButton,Move,680,657
147.922,147.922,NoButton,Move,680,656
147.939,147.939,NoButton,Move,680,655
148.095,148.095,NoButton,Move,680,655
148.106,148.106,NoButton,Move,680,655
148.122,148.122,NoButton,Move,680,655
148.138,148.138,NoButton,Move,678,653
148.155,148.155,NoButton,Move,677,649
148.172,148.172,NoButton,Move,675,642
148.189,148.189,NoButton,Move,673,633
148.206,148.206,NoButton,Move,669,622
148.222,148.222,NoButton,Move,665,611
148.238,148.238,NoButton,Move,659,595
148.255,148.255,NoButton,Move,653,583
148.272,148.272,NoButton,Move,648,572
148.288,148.288,NoButton,Move,641,560
148.305,148.305,NoButton,Move,636,552
148.322,148.322,NoButton,Move,631,545
148.338,148.338,NoButton,Move,628,540
148.355,148.355,NoButton,Move,623,534
148.372,148.372,NoButton,Move,614,525
148.388,148.388,NoButton,Move,607,517
148.405,148.405,NoButton,Move,599,509
148.422,148.422,NoButton,Move,592,501
148.438,148.438,NoButton,Move,585,492
148.456,148.456,NoButton,Move,580,483
148.472,148.472,NoButton,Move,574,472
148.488,148.488,NoButton,Move,570,458
148.506,148.506,NoButton,Move,567,448
148.522,148.522,NoButton,Move,566,438
148.539,148.539,NoButton,Move,566,428
148.555,148.555,NoButton,Move,566,418
148.572,148.572,NoButton,Move,567,402
148.589,148.589,NoButton,Move,571,388
148.605,148.605,NoButton,Move,575,374
148.622,148.622,NoButton,Move,579,360
148.639,148.639,NoButton,Move,585,346
148.656,148.656,NoButton,Move,592,332
148.672,148.672,NoButton,Move,597,319
148.689,148.689,NoButton,Move,601,304
148.705,148.705,NoButton,Move,602,294
148.722,148.722,NoButton,Move,602,287
148.739,148.739,NoButton,Move,600,281
148.756,148.756,NoButton,Move,599,279
148.772,148.772,NoButton,Move,597,278
148.789,148.789,NoButton,Move,595,278
148.805,148.805,NoButton,Move,590,279
148.822,148.822,NoButton,Move,584,281
148.839,148.839,NoButton,Move,576,284
148.855,148.855,NoButton,Move,560,288
148.872,148.872,NoButton,Move,543,292
148.889,148.889,NoButton,Move,526,297
148.906,148.906,NoButton,Move,508,302
148.922,148.922,NoButton,Move,497,306
148.938,148.938,NoButton,Move,492,308
148.955,148.955,NoButton,Move,491,310
148.972,148.972,NoButton,Move,491,310
148.989,148.989,NoButton,Move,491,310
149.139,149.139,NoButton,Move,491,310
149.142,149.142,NoButton,Move,491,310
149.156,149.156,NoButton,Move,491,310
149.172,149.172,NoButton,Move,492,310
149.188,149.188,NoButton,Move,493,309
149.206,149.206,NoButton,Move,493,309
149.29,149.29,NoButton,Move,493,309
149.31,149.31,NoButton,Move,493,309
149.322,149.322,NoButton,Move,494,309
149.338,149.338,NoButton,Move,494,309
149.355,149.355,NoButton,Move,496,308
149.372,149.372,NoButton,Move,498,308
149.389,149.389,NoButton,Move,500,308
149.406,149.406,NoButton,Move,503,308
149.422,149.422,NoButton,Move,507,308
149.439,149.439,NoButton,Move,512,308
149.456,149.456,NoButton,Move,516,309
149.472,149.472,NoButton,Move,520,309
149.489,149.489,NoButton,Move,524,309
149.505,149.505,NoButton,Move,528,309
149.523,149.523,NoButton,Move,531,309
149.539,149.539,NoButton,Move,533,309
149.555,149.555,NoButton,Move,534,309
149.572,149.572,NoButton,Move,535,309
149.588,149.588,NoButton,Move,535,309
149.606,149.606,NoButton,Move,535,309
149.622,149.622,NoButton,Move,536,309
149.638,149.638,NoButton,Move,536,310
149.655,149.655,NoButton,Move,537,310
149.672,149.672,NoButton,Move,539,310
149.689,149.689,NoButton,Move,542,311
149.705,149.705,NoButton,Move,545,311
149.722,149.722,NoButton,Move,548,312
149.739,149.739,NoButton,Move,551,313
149.755,149.755,NoButton,Move,555,313
149.772,149.772,NoButton,Move,558,314
149.788,149.788,NoButton,Move,563,315
149.805,149.805,NoButton,Move,567,315
149.821,149.821,NoButton,Move,570,316
149.839,149.839,NoButton,Move,573,316
149.855,149.855,NoButton,Move,576,317
149.872,149.872,NoButton,Move,579,317
149.888,149.888,NoButton,Move,582,318
149.906,149.906,NoButton,Move,585,319
149.922,149.922,NoButton,Move,588,319
149.938,149.938,NoButton,Move,590,320
149.955,149.955,NoButton,Move,593,320
149.972,149.972,NoButton,Move,596,321
149.989,149.989,NoButton,Move,599,322
150.005,150.005,NoButton,Move,602,322
150.022,150.022,NoButton,Move,605,323
150.039,150.039,NoButton,Move,609,323
150.056,150.056,NoButton,Move,611,324
150.072,150.072,NoButton,Move,613,324
150.089,150.089,NoButton,Move,615,325
150.105,150.105,NoButton,Move,617,325
150.122,150.122,NoButton,Move,621,325
150.139,150.139,NoButton,Move,624,326
150.155,150.155,NoButton,Move,627,326
150.172,150.172,NoButton,Move,630,327
150.188,150.188,NoButton,Move,634,328
150.205,150.205,NoButton,Move,638,328
150.222,150.222,NoButton,Move,645,329
150.238,150.238,NoButton,Move,650,330
150.255,150.255,NoButton,Move,655,330
150.273,150.273,NoButton,Move,661,330
150.289,150.289,NoButton,Move,666,330
150.305,150.305,NoButton,Move,670,330
150.322,150.322,NoButton,Move,674,330
150.339,150.339,NoButton,Move,679,330
150.355,150.355,NoButton,Move,682,331
150.372,150.372,NoButton,Move,685,331
150.388,150.388,NoButton,Move,689,331
150.405,150.405,NoButton,Move,692,331
150.422,150.422,NoButton,Move,695,331
150.439,150.439,NoButton,Move,699,331
150.456,150.456,NoButton,Move,703,331
150.472,150.472,NoButton,Move,708,331
150.489,150.489,NoButton,Move,714,331
150.505,150.505,NoButton,Move,721,331
150.522,150.522,NoButton,Move,730,331
150.539,150.539,NoButton,Move,738,331
150.555,150.555,NoButton,Move,747,331
150.572,150.572,NoButton,Move,756,331
150.589,150.589,NoButton,Move,767,331
150.605,150.605,NoButton,Move,776,331
150.622,150.622,NoButton,Move,784,331
150.639,150.639,NoButton,Move,790,330
150.656,150.656,NoButton,Move,794,330
150.672,150.672,NoButton,Move,797,330
150.689,150.689,NoButton,Move,799,330
150.705,150.705,NoButton,Move,800,330
150.722,150.722,NoButton,Move,801,330
150.739,150.739,NoButton,Move,801,330
150.756,150.756,NoButton,Move,802,330
150.772,150.772,NoButton,Move,804,329
150.788,150.788,NoButton,Move,806,329
150.806,150.806,NoButton,Move,810,330
150.822,150.822,NoButton,Move,814,330
150.838,150.838,NoButton,Move,819,331
150.856,150.856,NoButton,Move,825,331
150.872,150.872,NoButton,Move,831,331
150.888,150.888,NoButton,Move,839,331
150.905,150.905,NoButton,Move,844,331
150.922,150.922,NoButton,Move,848,331
150.939,150.939,NoButton,Move,851,331
150.956,150.956,NoButton,Move,853,331
150.972,150.972,NoButton,Move,855,331
150.989,150.989,NoButton,Move,857,331
151.006,151.006,NoButton,Move,859,331
151.022,151.022,NoButton,Move,861,331
151.038,151.038,NoButton,Move,864,331
151.055,151.055,NoButton,Move,868,331
151.072,151.072,NoButton,Move,873,331
151.088,151.088,NoButton,Move,882,332
151.105,151.105,NoButton,Move,892,332
151.122,151.122,NoButton,Move,902,332
151.139,151.139,NoButton,Move,912,332
151.156,151.156,NoButton,Move,925,332
151.172,151.172,NoButton,Move,934,332
151.189,151.189,NoButton,Move,942,332
151.206,151.206,NoButton,Move,948,332
151.222,151.222,NoButton,Move,953,332
151.238,151.238,NoButton,Move,958,332
151.255,151.255,NoButton,Move,963,332
151.272,151.272,NoButton,Move,966,332
151.288,151.288,NoButton,Move,967,332
151.305,151.305,NoButton,Move,967,332
151.362,151.362,NoButton,Move,967,332
151.366,151.366,NoButton,Move,967,333
151.372,151.372,NoButton,Move,966,333
151.388,151.388,NoButton,Move,958,334
151.406,151.406,NoButton,Move,942,335
151.422,151.422,NoButton,Move,918,335
151.438,151.438,NoButton,Move,873,335
151.456,151.456,NoButton,Move,823,334
151.472,151.472,NoButton,Move,771,333
151.488,151.488,NoButton,Move,723,330
151.506,151.506,NoButton,Move,676,327
151.522,151.522,NoButton,Move,655,326
151.539,151.539,NoButton,Move,632,325
151.555,151.555,NoButton,Move,621,325
151.572,151.572,NoButton,Move,613,326
151.588,151.588,NoButton,Move,606,328
151.605,151.605,NoButton,Move,598,330
151.622,151.622,NoButton,Move,588,332
151.638,151.638,NoButton,Move,578,334
151.656,151.656,NoButton,Move,569,335
151.672,151.672,NoButton,Move,561,336
151.688,151.688,NoButton,Move,555,336
151.706,151.706,NoButton,Move,546,338
151.722,151.722,NoButton,Move,541,339
151.739,151.739,NoButton,Move,537,341
151.756,151.756,NoButton,Move,534,341
151.772,151.772,NoButton,Move,532,342
151.788,151.788,NoButton,Move,530,342
151.805,151.805,NoButton,Move,527,343
151.822,151.822,NoButton,Move,523,344
151.838,151.838,NoButton,Move,517,345
151.855,151.855,NoButton,Move,511,346
151.872,151.872,NoButton,Move,503,348
151.888,151.888,NoButton,Move,494,350
151.906,151.906,NoButton,Move,488,351
151.921,151.921,NoButton,Move,483,352
151.939,151.939,NoButton,Move,478,354
151.955,151.955,NoButton,Move,473,355
151.972,151.972,NoButton,Move,471,355
151.989,151.989,NoButton,Move,469,356
152.006,152.006,NoButton,Move,467,357
152.022,152.022,NoButton,Move,467,357
152.038,152.038,NoButton,Move,466,357
152.096,152.096,NoButton,Move,466,357
152.128,152.128,NoButton,Move,466,357
152.132,152.132,NoButton,Move,466,357
152.139,152.139,NoButton,Move,466,356
152.156,152.156,NoButton,Move,467,356
152.172,152.172,NoButton,Move,468,356
152.188,152.188,NoButton,Move,471,356
152.205,152.205,NoButton,Move,473,355
152.222,152.222,NoButton,Move,477,355
152.239,152.239,NoButton,Move,481,355
152.255,152.255,NoButton,Move,489,357
152.272,152.272,NoButton,Move,495,358
152.289,152.289,NoButton,Move,501,358
152.306,152.306,NoButton,Move,507,359
152.322,152.322,NoButton,Move,513,359
152.339,152.339,NoButton,Move,519,359
152.355,152.355,NoButton,Move,523,359
152.372,152.372,NoButton,Move,525,359
152.389,152.389,NoButton,Move,527,359
152.405,152.405,NoButton,Move,529,359
152.422,152.422,NoButton,Move,531,359
152.439,152.439,NoButton,Move,534,359
152.456,152.456,NoButton,Move,536,359
152.472,152.472,NoButton,Move,540,359
152.488,152.488,NoButton,Move,545,359
152.506,152.506,NoButton,Move,549,359
152.522,152.522,NoButton,Move,555,360
152.538,152.538,NoButton,Move,562,360
152.555,152.555,NoButton,Move,568,360
152.572,152.572,NoButton,Move,575,360
152.589,152.589,NoButton,Move,583,360
152.605,152.605,NoButton,Move,591,360
152.621,152.621,NoButton,Move,600,360
152.638,152.638,NoButton,Move,611,360
152.655,152.655,NoButton,Move,622,360
152.672,152.672,NoButton,Move,634,360
152.688,152.688,NoButton,Move,646,360
152.705,152.705,NoButton,Move,658,361
152.722,152.722,NoButton,Move,670,361
152.739,152.739,NoButton,Move,685,361
152.755,152.755,NoButton,Move,697,361
152.772,152.772,NoButton,Move,708,361
152.788,152.788,NoButton,Move,719,361
152.805,152.805,NoButton,Move,729,361
152.822,152.822,NoButton,Move,739,361
152.839,152.839,NoButton,Move,749,361
152.855,152.855,NoButton,Move,756,361
152.872,152.872,NoButton,Move,761,361
152.888,152.888,NoButton,Move,766,361
152.906,152.906,NoButton,Move,770,361
152.922,152.922,NoButton,Move,773,362
152.939,152.939,NoButton,Move,779,363
152.955,152.955,NoButton,Move,785,363
152.972,152.972,NoButton,Move,792,364
152.988,152.988,NoButton,Move,796,364
153.006,153.006,NoButton,Move,798,364
153.076,153.076,NoButton,Move,798,364
153.092,153.092,NoButton,Move,798,364
153.106,153.106,NoButton,Move,799,364
153.122,153.122,NoButton,Move,799,363
153.139,153.139,NoButton,Move,799,363
153.155,153.155,NoButton,Move,800,362
153.172,153.172,NoButton,Move,800,361
153.188,153.188,NoButton,Move,802,359
153.205,153.205,NoButton,Move,803,357
153.222,153.222,NoButton,Move,803,356
153.238,153.238,NoButton,Move,804,355
153.256,153.256,NoButton,Move,805,354
153.272,153.272,NoButton,Move,805,353
153.289,153.289,NoButton,Move,805,352
153.305,153.305,NoButton,Move,806,351
153.322,153.322,NoButton,Move,806,350
153.338,153.338,NoButton,Move,806,350
153.356,153.356,NoButton,Move,806,349
153.372,153.372,NoButton,Move,806,349
153.396,153.396,NoButton,Move,806,349
153.405,153.405,NoButton,Move,806,349
153.422,153.422,NoButton,Move,806,348
153.439,153.439,NoButton,Move,806,348
153.455,153.455,NoButton,Move,806,348
153.496,153.496,Left,Pressed,806,348
153.497,153.497,NoButton,Drag,807,348
153.516,153.516,NoButton,Drag,807,348
153.61,153.61,Left,Released,807,348
153.826,153.826,NoButton,Move,807,348
153.83,153.83,NoButton,Move,807,348
153.838,153.838,NoButton,Move,808,348
153.856,153.856,NoButton,Move,810,348
153.872,153.872,NoButton,Move,815,349
153.889,153.889,NoButton,Move,822,351
153.906,153.906,NoButton,Move,834,354
153.922,153.922,NoButton,Move,852,356
153.938,153.938,NoButton,Move,877,357
153.955,153.955,NoButton,Move,900,360
153.972,153.972,NoButton,Move,920,361
153.988,153.988,NoButton,Move,943,363
154.006,154.006,NoButton,Move,957,363
154.022,154.022,NoButton,Move,967,363
154.039,154.039,NoButton,Move,973,363
154.056,154.056,NoButton,Move,979,363
154.072,154.072,NoButton,Move,982,363
154.088,154.088,NoButton,Move,983,363
154.106,154.106,NoButton,Move,984,363
154.197,154.197,NoButton,Move,984,363
154.22,154.22,NoButton,Move,984,364
154.224,154.224,NoButton,Move,984,364
154.238,154.238,NoButton,Move,983,364
154.255,154.255,NoButton,Move,980,366
154.272,154.272,NoButton,Move,972,368
154.288,154.288,NoButton,Move,948,371
154.305,154.305,NoButton,Move,917,372
154.321,154.321,NoButton,Move,877,372
154.339,154.339,NoButton,Move,826,374
154.356,154.356,NoButton,Move,770,375
154.371,154.371,NoButton,Move,712,375
154.388,154.388,NoButton,Move,640,375
154.406,154.406,NoButton,Move,587,375
154.422,154.422,NoButton,Move,544,375
154.439,154.439,NoButton,Move,511,375
154.455,154.455,NoButton,Move,487,375
154.472,154.472,NoButton,Move,468,375
154.489,154.489,NoButton,Move,452,375
154.505,154.505,NoButton,Move,446,375
154.522,154.522,NoButton,Move,442,375
154.538,154.538,NoButton,Move,437,375
154.556,154.556,NoButton,Move,431,375
154.571,154.571,NoButton,Move,423,376
154.588,154.588,NoButton,Move,418,377
154.605,154.605,NoButton,Move,414,378
154.621,154.621,NoButton,Move,410,379
154.638,154.638,NoButton,Move,408,379
154.655,154.655,NoButton,Move,407,379
154.672,154.672,NoButton,Move,407,380
154.689,154.689,NoButton,Move,406,380
154.706,154.706,NoButton,Move,405,381
154.721,154.721,NoButton,Move,405,381
154.771,154.771,NoButton,Move,405,381
154.782,154.782,NoButton,Move,405,382
154.79,154.79,NoButton,Move,405,382
154.805,154.805,NoButton,Move,405,382
154.822,154.822,NoButton,Move,407,383
154.839,154.839,NoButton,Move,410,383
154.856,154.856,NoButton,Move,415,385
154.871,154.871,NoButton,Move,422,387
154.889,154.889,NoButton,Move,431,389
154.905,154.905,NoButton,Move,439,391
154.922,154.922,NoButton,Move,447,392
154.938,154.938,NoButton,Move,456,393
154.955,154.955,NoButton,Move,462,393
154.972,154.972,NoButton,Move,466,393
154.989,154.989,NoButton,Move,469,393
155.005,155.005,NoButton,Move,473,393
155.022,155.022,NoButton,Move,477,393
155.038,155.038,NoButton,Move,485,393
155.055,155.055,NoButton,Move,492,393
155.072,155.072,NoButton,Move,501,393
155.088,155.088,NoButton,Move,510,393
155.105,155.105,NoButton,Move,518,393
155.122,155.122,NoButton,Move,524,393
155.139,155.139,NoButton,Move,526,393
155.16,155.16,NoButton,Move,526,393
155.171,155.171,NoButton,Move,527,394
155.188,155.188,NoButton,Move,526,395
155.206,155.206,NoButton,Move,525,397
155.222,155.222,NoButton,Move,521,402
155.238,155.238,NoButton,Move,514,407
155.255,155.255,NoButton,Move,503,415
155.272,155.272,NoButton,Move,490,422
155.289,155.289,NoButton,Move,472,429
155.305,155.305,NoButton,Move,456,432
155.321,155.321,NoButton,Move,440,434
155.338,155.338,NoButton,Move,426,434
155.356,155.356,NoButton,Move,417,434
155.371,155.371,NoButton,Move,410,434
155.389,155.389,NoButton,Move,406,433
155.405,155.405,NoButton,Move,404,432
155.422,155.422,NoButton,Move,404,432
155.44,155.44,NoButton,Move,404,432
155.46,155.46,NoButton,Move,404,431
155.472,155.472,NoButton,Move,404,431
155.488,155.488,NoButton,Move,404,431
155.506,155.506,NoButton,Move,404,430
155.657,155.657,NoButton,Move,404,430
155.668,155.668,NoButton,Move,404,430
155.672,155.672,NoButton,Move,404,430
155.688,155.688,NoButton,Move,406,429
155.705,155.705,NoButton,Move,411,429
155.722,155.722,NoButton,Move,419,430
155.738,155.738,NoButton,Move,435,432
155.755,155.755,NoButton,Move,448,434
155.773,155.773,NoButton,Move,460,436
155.789,155.789,NoButton,Move,470,438
155.806,155.806,NoButton,Move,477,439
155.821,155.821,NoButton,Move,482,439
155.838,155.838,NoButton,Move,488,440
155.856,155.856,NoButton,Move,492,440
155.872,155.872,NoButton,Move,496,440
155.889,155.889,NoButton,Move,501,440
155.905,155.905,NoButton,Move,505,440
155.921,155.921,NoButton,Move,510,442
155.938,155.938,NoButton,Move,517,443
155.955,155.955,NoButton,Move,522,444
155.972,155.972,NoButton,Move,528,445
155.988,155.988,NoButton,Move,535,447
156.006,156.006,NoButton,Move,541,448
156.022,156.022,NoButton,Move,547,450
156.038,156.038,NoButton,Move,555,451
156.055,156.055,NoButton,Move,560,452
156.072,156.072,NoButton,Move,566,453
156.089,156.089,NoButton,Move,571,455
156.105,156.105,NoButton,Move,577,455
156.122,156.122,NoButton,Move,582,455
156.138,156.138,NoButton,Move,588,456
156.155,156.155,NoButton,Move,592,456
156.172,156.172,NoButton,Move,596,457
156.189,156.189,NoButton,Move,601,457
156.205,156.205,NoButton,Move,606,458
156.222,156.222,NoButton,Move,611,458
156.238,156.238,NoButton,Move,617,459
156.255,156.255,NoButton,Move,622,460
156.271,156.271,NoButton,Move,626,460
156.288,156.288,NoButton,Move,630,461
156.305,156.305,NoButton,Move,633,461
156.322,156.322,NoButton,Move,636,461
156.338,156.338,NoButton,Move,640,462
156.355,156.355,NoButton,Move,645,462
156.371,156.371,NoButton,Move,649,463
156.388,156.388,NoButton,Move,657,464
156.405,156.405,NoButton,Move,665,466
156.422,156.422,NoButton,Move,673,468
156.438,156.438,NoButton,Move,681,470
156.456,156.456,NoButton,Move,689,472
156.472,156.472,NoButton,Move,699,473
156.488,156.488,NoButton,Move,709,474
156.505,156.505,NoButton,Move,716,475
156.522,156.522,NoButton,Move,723,475
156.538,156.538,NoButton,Move,729,475
156.555,156.555,NoButton,Move,735,475
156.572,156.572,NoButton,Move,740,475
156.588,156.588,NoButton,Move,746,474
156.605,156.605,NoButton,Move,750,473
156.622,156.622,NoButton,Move,755,472
156.638,156.638,NoButton,Move,759,471
156.655,156.655,NoButton,Move,763,470
156.671,156.671,NoButton,Move,766,469
156.688,156.688,NoButton,Move,771,467
156.705,156.705,NoButton,Move,775,467
156.722,156.722,NoButton,Move,779,466
156.738,156.738,NoButton,Move,782,465
156.756,156.756,NoButton,Move,786,465
156.772,156.772,NoButton,Move,792,464
156.788,156.788,NoButton,Move,796,464
156.805,156.805,NoButton,Move,800,464
156.821,156.821,NoButton,Move,805,464
156.838,156.838,NoButton,Move,810,464
156.856,156.856,NoButton,Move,816,464
156.871,156.871,NoButton,Move,820,464
156.889,156.889,NoButton,Move,827,465
156.906,156.906,NoButton,Move,834,465
156.922,156.922,NoButton,Move,841,467
156.938,156.938,NoButton,Move,851,468
156.956,156.956,NoButton,Move,859,468
156.972,156.972,NoButton,Move,866,468
156.988,156.988,NoButton,Move,873,469
157.005,157.005,NoButton,Move,881,469
157.022,157.022,NoButton,Move,892,469
157.038,157.038,NoButton,Move,901,469
157.055,157.055,NoButton,Move,910,469
157.072,157.072,NoButton,Move,919,469
157.088,157.088,NoButton,Move,929,469
157.105,157.105,NoButton,Move,938,469
157.122,157.122,NoButton,Move,948,469
157.138,157.138,NoButton,Move,958,468
157.155,157.155,NoButton,Move,965,468
157.172,157.172,NoButton,Move,970,467
157.188,157.188,NoButton,Move,974,467
157.205,157.205,NoButton,Move,976,467
157.222,157.222,NoButton,Move,977,467
157.322,157.322,NoButton,Move,977,467
157.33,157.33,NoButton,Move,977,467
157.338,157.338,NoButton,Move,975,466
157.355,157.355,NoButton,Move,969,466
157.372,157.372,NoButton,Move,954,466
157.389,157.389,NoButton,Move,931,466
157.405,157.405,NoButton,Move,899,466
157.422,157.422,NoButton,Move,862,467
157.439,157.439,NoButton,Move,798,469
157.455,157.455,NoButton,Move,736,469
157.472,157.472,NoButton,Move,670,469
157.488,157.488,NoButton,Move,598,469
157.505,157.505,NoButton,Move,549,465
157.521,157.521,NoButton,Move,509,461
157.539,157.539,NoButton,Move,473,459
157.556,157.556,NoButton,Move,446,457
157.572,157.572,NoButton,Move,424,456
157.588,157.588,NoButton,Move,405,456
157.605,157.605,NoButton,Move,396,456
157.621,157.621,NoButton,Move,392,456
157.639,157.639,NoButton,Move,391,455
157.655,157.655,NoButton,Move,391,455
157.672,157.672,NoButton,Move,390,455
157.688,157.688,NoButton,Move,388,455
157.706,157.706,NoButton,Move,384,455
157.721,157.721,NoButton,Move,379,455
157.739,157.739,NoButton,Move,373,455
157.755,157.755,NoButton,Move,368,455
157.772,157.772,NoButton,Move,366,455
157.816,157.816,NoButton,Move,366,455
157.824,157.824,NoButton,Move,366,455
157.839,157.839,NoButton,Move,366,456
157.855,157.855,NoButton,Move,366,458
157.872,157.872,NoButton,Move,368,460
157.888,157.888,NoButton,Move,372,463
157.905,157.905,NoButton,Move,379,465
157.922,157.922,NoButton,Move,387,466
157.939,157.939,NoButton,Move,397,467
157.956,157.956,NoButton,Move,408,468
157.972,157.972,NoButton,Move,419,468
157.988,157.988,NoButton,Move,432,468
158.005,158.005,NoButton,Move,441,469
158.022,158.022,NoButton,Move,451,469
158.038,158.038,NoButton,Move,457,469
158.055,158.055,NoButton,Move,464,469
158.072,158.072,NoButton,Move,471,469
158.089,158.089,NoButton,Move,478,469
158.106,158.106,NoButton,Move,485,469
158.122,158.122,NoButton,Move,494,469
158.138,158.138,NoButton,Move,508,469
158.155,158.155,NoButton,Move,520,469
158.172,158.172,NoButton,Move,532,469
158.188,158.188,NoButton,Move,543,469
158.205,158.205,NoButton,Move,553,469
158.222,158.222,NoButton,Move,563,469
158.238,158.238,NoButton,Move,573,469
158.255,158.255,NoButton,Move,578,469
158.272,158.272,NoButton,Move,581,469
158.289,158.289,NoButton,Move,582,469
158.306,158.306,NoButton,Move,583,469
158.366,158.366,NoButton,Move,583,469
158.869,158.869,NoButton,Move,583,469
158.872,158.872,NoButton,Move,584,469
158.888,158.888,NoButton,Move,584,468
158.905,158.905,NoButton,Move,585,468
158.922,158.922,NoButton,Move,588,468
158.939,158.939,NoButton,Move,591,467
158.955,158.955,NoButton,Move,594,467
158.972,158.972,NoButton,Move,598,467
158.988,158.988,NoButton,Move,602,467
159.005,159.005,NoButton,Move,606,467
159.022,159.022,NoButton,Move,610,467
159.039,159.039,NoButton,Move,615,467
159.056,159.056,NoButton,Move,619,467
159.071,159.071,NoButton,Move,624,467
159.088,159.088,NoButton,Move,628,467
159.105,159.105,NoButton,Move,630,467
159.122,159.122,NoButton,Move,631,467
159.255,159.255,NoButton,Move,631,467
159.27,159.27,NoButton,Move,631,467
159.383,159.383,NoButton,Move,631,466
159.39,159.39,NoButton,Move,631,466
159.406,159.406,NoButton,Move,631,465
159.422,159.422,NoButton,Move,630,464
159.439,159.439,NoButton,Move,629,462
159.455,159.455,NoButton,Move,628,461
159.472,159.472,NoButton,Move,626,460
159.489,159.489,NoButton,Move,626,459
159.551,159.551,Left,Pressed,626,459
159.693,159.693,Left,Released,626,459
159.804,159.804,NoButton,Move,626,459
159.808,159.808,NoButton,Move,626,459
159.821,159.821,NoButton,Move,627,460
159.838,159.838,NoButton,Move,629,461
159.855,159.855,NoButton,Move,632,461
159.872,159.872,NoButton,Move,637,462
159.888,159.888,NoButton,Move,645,464
159.905,159.905,NoButton,Move,656,465
159.922,159.922,NoButton,Move,668,466
159.939,159.939,NoButton,Move,680,466
159.955,159.955,NoButton,Move,692,467
159.972,159.972,NoButton,Move,709,470
159.988,159.988,NoButton,Move,720,473
160.005,160.005,NoButton,Move,732,475
160.021,160.021,NoButton,Move,743,477
160.039,160.039,NoButton,Move,753,480
160.055,160.055,NoButton,Move,761,481
160.071,160.071,NoButton,Move,768,483
160.088,160.088,NoButton,Move,774,485
160.105,160.105,NoButton,Move,779,485
160.122,160.122,NoButton,Move,784,485
160.138,160.138,NoButton,Move,787,485
160.155,160.155,NoButton,Move,790,485
160.172,160.172,NoButton,Move,794,485
160.188,160.188,NoButton,Move,799,485
160.205,160.205,NoButton,Move,802,485
160.222,160.222,NoButton,Move,807,485
160.239,160.239,NoButton,Move,811,485
160.256,160.256,NoButton,Move,816,485
160.272,160.272,NoButton,Move,821,485
160.288,160.288,NoButton,Move,827,485
160.306,160.306,NoButton,Move,832,485
160.322,160.322,NoButton,Move,837,485
160.338,160.338,NoButton,Move,842,485
160.356,160.356,NoButton,Move,846,485
160.372,160.372,NoButton,Move,848,485
160.388,160.388,NoButton,Move,850,485
160.406,160.406,NoButton,Move,852,485
160.422,160.422,NoButton,Move,855,485
160.438,160.438,NoButton,Move,859,485
160.455,160.455,NoButton,Move,864,485
160.472,160.472,NoButton,Move,869,485
160.488,160.488,NoButton,Move,874,485
160.506,160.506,NoButton,Move,879,485
160.522,160.522,NoButton,Move,884,485
160.539,160.539,NoButton,Move,889,485
160.555,160.555,NoButton,Move,891,485
160.572,160.572,NoButton,Move,893,485
160.588,160.588,NoButton,Move,894,485
160.605,160.605,NoButton,Move,894,485
160.622,160.622,NoButton,Move,896,485
160.638,160.638,NoButton,Move,898,485
160.655,160.655,NoButton,Move,901,485
160.672,160.672,NoButton,Move,907,484
160.688,160.688,NoButton,Move,914,483
160.705,160.705,NoButton,Move,922,483
160.722,160.722,NoButton,Move,929,482
160.738,160.738,NoButton,Move,939,481
160.755,160.755,NoButton,Move,946,481
160.771,160.771,NoButton,Move,953,481
160.789,160.789,NoButton,Move,959,481
160.806,160.806,NoButton,Move,964,481
160.822,160.822,NoButton,Move,969,481
160.838,160.838,NoButton,Move,974,481
160.855,160.855,NoButton,Move,979,481
160.872,160.872,NoButton,Move,984,481
160.888,160.888,NoButton,Move,992,481
160.905,160.905,NoButton,Move,1000,481
160.922,160.922,NoButton,Move,1005,481
160.938,160.938,NoButton,Move,1008,481
160.98,160.98,NoButton,Move,1007,481
160.984,160.984,NoButton,Move,1007,481
160.988,160.988,NoButton,Move,1006,480
161.005,161.005,NoButton,Move,1001,479
161.021,161.021,NoButton,Move,991,479
161.039,161.039,NoButton,Move,979,479
161.055,161.055,NoButton,Move,965,481
161.071,161.071,NoButton,Move,948,484
161.088,161.088,NoButton,Move,919,486
161.106,161.106,NoButton,Move,893,487
161.122,161.122,NoButton,Move,864,490
161.138,161.138,NoButton,Move,838,492
161.155,161.155,NoButton,Move,816,493
161.172,161.172,NoButton,Move,795,493
161.188,161.188,NoButton,Move,772,493
161.205,161.205,NoButton,Move,754,493
161.222,161.222,NoButton,Move,737,493
161.238,161.238,NoButton,Move,720,493
161.255,161.255,NoButton,Move,704,493
161.272,161.272,NoButton,Move,687,493
161.289,161.289,NoButton,Move,664,493
161.305,161.305,NoButton,Move,643,493
161.321,161.321,NoButton,Move,622,493
161.339,161.339,NoButton,Move,603,492
161.355,161.355,NoButton,Move,585,491
161.372,161.372,NoButton,Move,570,491
161.388,161.388,NoButton,Move,557,489
161.405,161.405,NoButton,Move,548,488
161.422,161.422,NoButton,Move,543,488
161.438,161.438,NoButton,Move,541,488
161.455,161.455,NoButton,Move,541,488
161.502,161.502,NoButton,Move,541,488
161.508,161.508,NoButton,Move,541,488
161.522,161.522,NoButton,Move,540,488
161.538,161.538,NoButton,Move,537,488
161.555,161.555,NoButton,Move,536,488
161.572,161.572,NoButton,Move,536,488
161.686,161.686,NoButton,Move,535,488
161.74,161.74,NoButton,Move,536,488
161.742,161.742,NoButton,Move,536,488
161.755,161.755,NoButton,Move,537,488
161.772,161.772,NoButton,Move,539,488
161.789,161.789,NoButton,Move,544,489
161.806,161.806,NoButton,Move,549,489
161.822,161.822,NoButton,Move,554,491
161.838,161.838,NoButton,Move,561,492
161.855,161.855,NoButton,Move,566,492
161.872,161.872,NoButton,Move,570,493
161.888,161.888,NoButton,Move,572,493
161.905,161.905,NoButton,Move,573,493
161.922,161.922,NoButton,Move,573,493
161.938,161.938,NoButton,Move,575,493
161.955,161.955,NoButton,Move,578,493
161.972,161.972,NoButton,Move,580,494
161.988,161.988,NoButton,Move,586,495
162.005,162.005,NoButton,Move,591,495
162.022,162.022,NoButton,Move,596,496
162.039,162.039,NoButton,Move,602,497
162.055,162.055,NoButton,Move,606,497
162.072,162.072,NoButton,Move,608,497
162.088,162.088,NoButton,Move,611,497
162.105,162.105,NoButton,Move,613,497
162.122,162.122,NoButton,Move,615,497
162.138,162.138,NoButton,Move,617,497
162.155,162.155,NoButton,Move,619,497
162.172,162.172,NoButton,Move,621,497
162.188,162.188,NoButton,Move,623,497
162.205,162.205,NoButton,Move,625,497
162.222,162.222,NoButton,Move,626,497
162.238,162.238,NoButton,Move,628,497
162.256,162.256,NoButton,Move,629,497
162.272,162.272,NoButton,Move,631,497
162.288,162.288,NoButton,Move,633,497
162.305,162.305,NoButton,Move,635,497
162.322,162.322,NoButton,Move,637,497
162.338,162.338,NoButton,Move,640,498
162.355,162.355,NoButton,Move,643,498
162.371,162.371,NoButton,Move,647,498
162.388,162.388,NoButton,Move,651,498
162.405,162.405,NoButton,Move,654,498
162.422,162.422,NoButton,Move,657,498
162.439,162.439,NoButton,Move,660,498
162.456,162.456,NoButton,Move,661,498
162.471,162.471,NoButton,Move,662,498
162.707,162.707,NoButton,Move,662,498
162.71,162.71,NoButton,Move,662,498
162.722,162.722,NoButton,Move,663,498
162.738,162.738,NoButton,Move,666,497
162.755,162.755,NoButton,Move,671,497
162.771,162.771,NoButton,Move,677,497
162.788,162.788,NoButton,Move,681,497
162.805,162.805,NoButton,Move,683,497
162.871,162.871,NoButton,Move,683,497
162.886,162.886,NoButton,Move,684,497
162.894,162.894,NoButton,Move,684,496
162.906,162.906,NoButton,Move,684,496
162.922,162.922,NoButton,Move,682,496
162.939,162.939,NoButton,Move,679,495
162.955,162.955,NoButton,Move,677,494
162.972,162.972,NoButton,Move,676,494
162.988,162.988,NoButton,Move,675,494
163.005,163.005,NoButton,Move,675,494
163.05,163.05,NoButton,Move,674,494
163.058,163.058,NoButton,Move,674,494
163.072,163.072,NoButton,Move,674,494
163.088,163.088,NoButton,Move,673,494
163.106,163.106,NoButton,Move,673,494
163.135,163.135,Left,Pressed,673,494
163.261,163.261,Left,Released,673,494
172.269,172.269,NoButton,Move,673,494
172.281,172.281,NoButton,Move,673,495
172.292,172.292,NoButton,Move,673,495
172.305,172.305,NoButton,Move,673,496
172.322,172.322,NoButton,Move,675,498
172.339,172.339,NoButton,Move,678,499
172.555,172.555,NoButton,Move,678,500
172.558,172.558,NoButton,Move,678,500
172.572,172.572,NoButton,Move,678,501
172.588,172.588,NoButton,Move,675,503
172.605,172.605,NoButton,Move,670,506
172.622,172.622,NoButton,Move,662,509
172.638,172.638,NoButton,Move,650,512
172.656,172.656,NoButton,Move,627,518
172.671,172.671,NoButton,Move,604,524
172.688,172.688,NoButton,Move,584,530
172.705,172.705,NoButton,Move,573,534
172.721,172.721,NoButton,Move,568,537
172.738,172.738,NoButton,Move,564,539
172.755,172.755,NoButton,Move,562,543
172.772,172.772,NoButton,Move,560,547
172.789,172.789,NoButton,Move,557,552
172.806,172.806,NoButton,Move,554,557
172.822,172.822,NoButton,Move,551,560
172.838,172.838,NoButton,Move,548,562
172.855,172.855,NoButton,Move,546,563
172.872,172.872,NoButton,Move,544,564
172.888,172.888,NoButton,Move,543,564
172.975,172.975,NoButton,Move,543,565
172.982,172.982,NoButton,Move,543,565
172.988,172.988,NoButton,Move,544,565
173.005,173.005,NoButton,Move,547,566
173.022,173.022,NoButton,Move,551,567
173.038,173.038,NoButton,Move,557,568
173.055,173.055,NoButton,Move,564,569
173.071,173.071,NoButton,Move,574,570
173.088,173.088,NoButton,Move,586,570
173.105,173.105,NoButton,Move,595,570
173.122,173.122,NoButton,Move,602,570
173.138,173.138,NoButton,Move,609,570
173.155,173.155,NoButton,Move,613,570
173.172,173.172,NoButton,Move,616,570
173.188,173.188,NoButton,Move,617,570
173.205,173.205,NoButton,Move,620,570
173.222,173.222,NoButton,Move,622,570
173.239,173.239,NoButton,Move,625,569
173.255,173.255,NoButton,Move,628,568
173.272,173.272,NoButton,Move,635,567
173.288,173.288,NoButton,Move,641,566
173.305,173.305,NoButton,Move,650,563
173.321,173.321,NoButton,Move,657,563
173.339,173.339,NoButton,Move,662,563
173.355,173.355,NoButton,Move,666,562
173.372,173.372,NoButton,Move,670,562
173.388,173.388,NoButton,Move,675,562
173.405,173.405,NoButton,Move,678,562
173.421,173.421,NoButton,Move,681,562
173.439,173.439,NoButton,Move,684,562
173.455,173.455,NoButton,Move,686,562
173.471,173.471,NoButton,Move,689,562
173.488,173.488,NoButton,Move,693,562
173.505,173.505,NoButton,Move,698,561
173.522,173.522,NoButton,Move,703,561
173.538,173.538,NoButton,Move,707,561
173.555,173.555,NoButton,Move,712,561
173.571,173.571,NoButton,Move,716,562
173.588,173.588,NoButton,Move,719,562
173.605,173.605,NoButton,Move,721,562
173.622,173.622,NoButton,Move,723,562
173.638,173.638,NoButton,Move,725,562
173.655,173.655,NoButton,Move,726,562
173.672,173.672,NoButton,Move,727,562
173.688,173.688,NoButton,Move,729,562
173.705,173.705,NoButton,Move,732,562
173.722,173.722,NoButton,Move,735,562
173.738,173.738,NoButton,Move,739,562
173.755,173.755,NoButton,Move,743,562
173.772,173.772,NoButton,Move,746,562
173.788,173.788,NoButton,Move,748,561
173.805,173.805,NoButton,Move,748,561
173.898,173.898,NoButton,Move,748,561
173.906,173.906,NoButton,Move,749,561
173.915,173.915,Left,Pressed,749,561
174.06,174.06,Left,Released,749,561
174.063,174.063,NoButton,Move,749,561
174.086,174.086,NoButton,Move,749,561
174.09,174.09,NoButton,Move,749,561
174.105,174.105,NoButton,Move,749,561
174.122,174.122,NoButton,Move,750,560
174.138,174.138,NoButton,Move,751,560
174.155,174.155,NoButton,Move,754,559
174.171,174.171,NoButton,Move,760,557
174.188,174.188,NoButton,Move,769,556
174.205,174.205,NoButton,Move,784,554
174.222,174.222,NoButton,Move,797,554
174.239,174.239,NoButton,Move,810,553
174.255,174.255,NoButton,Move,820,552
174.271,174.271,NoButton,Move,827,551
174.288,174.288,NoButton,Move,834,550
174.305,174.305,NoButton,Move,842,550
174.322,174.322,NoButton,Move,847,550
174.338,174.338,NoButton,Move,853,550
174.355,174.355,NoButton,Move,858,550
174.372,174.372,NoButton,Move,863,550
174.388,174.388,NoButton,Move,872,550
174.405,174.405,NoButton,Move,878,550
174.422,174.422,NoButton,Move,884,550
174.438,174.438,NoButton,Move,889,550
174.454,174.454,NoButton,Move,893,550
174.471,174.471,NoButton,Move,897,550
174.488,174.488,NoButton,Move,901,550
174.504,174.504,NoButton,Move,906,550
174.522,174.522,NoButton,Move,911,551
174.539,174.539,NoButton,Move,917,552
174.554,174.554,NoButton,Move,923,553
174.571,174.571,NoButton,Move,929,554
174.588,174.588,NoButton,Move,936,555
174.605,174.605,NoButton,Move,942,557
174.622,174.622,NoButton,Move,946,558
174.638,174.638,NoButton,Move,950,559
174.654,174.654,NoButton,Move,952,559
174.671,174.671,NoButton,Move,954,560
174.688,174.688,NoButton,Move,955,560
174.738,174.738,NoButton,Move,955,560
174.742,174.742,NoButton,Move,955,560
174.755,174.755,NoButton,Move,955,561
174.772,174.772,NoButton,Move,955,563
174.788,174.788,NoButton,Move,953,565
174.806,174.806,NoButton,Move,948,569
174.821,174.821,NoButton,Move,937,573
174.838,174.838,NoButton,Move,919,578
174.854,174.854,NoButton,Move,877,589
174.871,174.871,NoButton,Move,831,598
174.888,174.888,NoButton,Move,786,608
174.905,174.905,NoButton,Move,744,614
174.921,174.921,NoButton,Move,710,619
174.938,174.938,NoButton,Move,674,624
174.955,174.955,NoButton,Move,649,627
174.972,174.972,NoButton,Move,633,628
174.988,174.988,NoButton,Move,621,628
175.004,175.004,NoButton,Move,613,628
175.021,175.021,NoButton,Move,607,628
175.038,175.038,NoButton,Move,599,629
175.055,175.055,NoButton,Move,592,629
175.072,175.072,NoButton,Move,581,629
175.088,175.088,NoButton,Move,568,629
175.104,175.104,NoButton,Move,556,629
175.121,175.121,NoButton,Move,546,629
175.138,175.138,NoButton,Move,535,629
175.155,175.155,NoButton,Move,527,629
175.172,175.172,NoButton,Move,521,629
175.188,175.188,NoButton,Move,515,628
175.205,175.205,NoButton,Move,512,628
175.222,175.222,NoButton,Move,511,628
175.242,175.242,NoButton,Move,511,628
175.255,175.255,NoButton,Move,510,628
175.272,175.272,NoButton,Move,508,628
175.288,175.288,NoButton,Move,505,628
175.305,175.305,NoButton,Move,497,626
175.321,175.321,NoButton,Move,489,625
175.338,175.338,NoButton,Move,482,623
175.354,175.354,NoButton,Move,478,622
175.371,175.371,NoButton,Move,477,622
175.392,175.392,NoButton,Move,477,622
175.412,175.412,NoButton,Move,477,622
175.422,175.422,NoButton,Move,478,622
175.438,175.438,NoButton,Move,480,622
175.455,175.455,NoButton,Move,484,622
175.472,175.472,NoButton,Move,488,622
175.488,175.488,NoButton,Move,495,622
175.505,175.505,NoButton,Move,502,622
175.521,175.521,NoButton,Move,513,622
175.538,175.538,NoButton,Move,525,623
175.556,175.556,NoButton,Move,538,623
175.571,175.571,NoButton,Move,549,623
175.588,175.588,NoButton,Move,558,623
175.605,175.605,NoButton,Move,564,623
175.622,175.622,NoButton,Move,566,623
175.638,175.638,NoButton,Move,567,623
175.664,175.664,NoButton,Move,568,622
175.68,175.68,NoButton,Move,568,622
175.688,175.688,NoButton,Move,568,622
175.705,175.705,NoButton,Move,570,622
175.721,175.721,NoButton,Move,575,622
175.738,175.738,NoButton,Move,583,622
175.754,175.754,NoButton,Move,594,621
175.771,175.771,NoButton,Move,606,621
175.788,175.788,NoButton,Move,622,620
175.805,175.805,NoButton,Move,632,619
175.821,175.821,NoButton,Move,642,618
175.838,175.838,NoButton,Move,651,617
175.855,175.855,NoButton,Move,658,616
175.872,175.872,NoButton,Move,665,616
175.888,175.888,NoButton,Move,670,615
175.906,175.906,NoButton,Move,675,615
175.922,175.922,NoButton,Move,681,614
175.938,175.938,NoButton,Move,686,614
175.954,175.954,NoButton,Move,693,614
175.971,175.971,NoButton,Move,699,613
175.988,175.988,NoButton,Move,704,613
176.004,176.004,NoButton,Move,708,613
176.021,176.021,NoButton,Move,714,613
176.038,176.038,NoButton,Move,720,613
176.055,176.055,NoButton,Move,723,613
176.071,176.071,NoButton,Move,727,613
176.088,176.088,NoButton,Move,731,612
176.105,176.105,NoButton,Move,737,612
176.122,176.122,NoButton,Move,744,612
176.138,176.138,NoButton,Move,750,611
176.154,176.154,NoButton,Move,758,611
176.172,176.172,NoButton,Move,764,611
176.188,176.188,NoButton,Move,769,611
176.206,176.206,NoButton,Move,773,610
176.222,176.222,NoButton,Move,775,610
176.238,176.238,NoButton,Move,776,610
176.282,176.282,NoButton,Move,776,610
176.294,176.294,NoButton,Move,776,610
176.305,176.305,NoButton,Move,776,610
176.322,176.322,NoButton,Move,777,610
176.338,176.338,NoButton,Move,778,609
176.355,176.355,NoButton,Move,778,609
176.371,176.371,NoButton,Move,779,609
176.388,176.388,NoButton,Move,781,609
176.405,176.405,NoButton,Move,785,609
176.422,176.422,NoButton,Move,788,608
176.438,176.438,NoButton,Move,794,607
176.454,176.454,NoButton,Move,799,607
176.472,176.472,NoButton,Move,803,606
176.488,176.488,NoButton,Move,808,606
176.505,176.505,NoButton,Move,811,606
176.522,176.522,NoButton,Move,814,605
176.538,176.538,NoButton,Move,816,605
176.555,176.555,NoButton,Move,819,605
176.572,176.572,NoButton,Move,822,605
176.588,176.588,NoButton,Move,825,604
176.605,176.605,NoButton,Move,829,604
176.621,176.621,NoButton,Move,831,603
176.638,176.638,NoButton,Move,833,603
176.655,176.655,NoButton,Move,835,603
176.672,176.672,NoButton,Move,836,603
176.688,176.688,NoButton,Move,837,602
176.748,176.748,NoButton,Move,837,602
176.752,176.752,NoButton,Move,837,602
176.756,176.756,NoButton,Move,838,602
176.771,176.771,NoButton,Move,839,602
176.788,176.788,NoButton,Move,843,602
176.805,176.805,NoButton,Move,849,602
176.821,176.821,NoButton,Move,859,602
176.838,176.838,NoButton,Move,870,602
176.856,176.856,NoButton,Move,881,602
176.871,176.871,NoButton,Move,892,602
176.888,176.888,NoButton,Move,903,602
176.905,176.905,NoButton,Move,914,602
176.922,176.922,NoButton,Move,922,602
176.938,176.938,NoButton,Move,928,601
176.954,176.954,NoButton,Move,932,601
176.972,176.972,NoButton,Move,936,601
176.988,176.988,NoButton,Move,937,600
177.004,177.004,NoButton,Move,938,600
177.05,177.05,NoButton,Move,938,600
177.054,177.054,NoButton,Move,938,600
177.058,177.058,NoButton,Move,938,600
177.072,177.072,NoButton,Move,940,600
177.088,177.088,NoButton,Move,942,600
177.105,177.105,NoButton,Move,944,600
177.121,177.121,NoButton,Move,947,600
177.138,177.138,NoButton,Move,950,600
177.155,177.155,NoButton,Move,956,600
177.171,177.171,NoButton,Move,960,600
177.188,177.188,NoButton,Move,963,600
177.205,177.205,NoButton,Move,965,600
177.222,177.222,NoButton,Move,965,600
177.35,177.35,NoButton,Move,965,600
177.362,177.362,NoButton,Move,965,601
177.372,177.372,NoButton,Move,965,601
177.388,177.388,NoButton,Move,961,602
177.404,177.404,NoButton,Move,954,603
177.422,177.422,NoButton,Move,944,606
177.438,177.438,NoButton,Move,929,609
177.455,177.455,NoButton,Move,902,616
177.472,177.472,NoButton,Move,873,623
177.488,177.488,NoButton,Move,835,631
177.505,177.505,NoButton,Move,795,639
177.521,177.521,NoButton,Move,752,648
177.538,177.538,NoButton,Move,700,656
177.554,177.554,NoButton,Move,661,659
177.571,177.571,NoButton,Move,624,660
177.588,177.588,NoButton,Move,585,661
177.605,177.605,NoButton,Move,543,661
177.622,177.622,NoButton,Move,516,661
177.638,177.638,NoButton,Move,496,661
177.655,177.655,NoButton,Move,483,661
177.671,177.671,NoButton,Move,477,660
177.688,177.688,NoButton,Move,476,660
177.789,177.789,NoButton,Move,475,660
177.792,177.792,NoButton,Move,475,660
177.805,177.805,NoButton,Move,474,659
177.821,177.821,NoButton,Move,471,659
177.838,177.838,NoButton,Move,467,659
177.855,177.855,NoButton,Move,461,659
177.872,177.872,NoButton,Move,455,659
177.888,177.888,NoButton,Move,445,659
177.905,177.905,NoButton,Move,437,659
177.922,177.922,NoButton,Move,430,659
177.938,177.938,NoButton,Move,423,659
177.955,177.955,NoButton,Move,417,659
177.971,177.971,NoButton,Move,413,659
177.988,177.988,NoButton,Move,411,659
178.064,178.064,NoButton,Move,411,659
178.076,178.076,NoButton,Move,411,659
178.088,178.088,NoButton,Move,412,659
178.104,178.104,NoButton,Move,415,658
178.122,178.122,NoButton,Move,419,657
178.138,178.138,NoButton,Move,424,656
178.154,178.154,NoButton,Move,433,656
178.171,178.171,NoButton,Move,444,656
178.189,178.189,NoButton,Move,456,656
178.205,178.205,NoButton,Move,469,655
178.221,178.221,NoButton,Move,481,655
178.238,178.238,NoButton,Move,491,655
178.255,178.255,NoButton,Move,500,655
178.272,178.272,NoButton,Move,505,655
178.288,178.288,NoButton,Move,509,655
178.305,178.305,NoButton,Move,514,655
178.322,178.322,NoButton,Move,518,655
178.338,178.338,NoButton,Move,523,655
178.354,178.354,NoButton,Move,531,655
178.371,178.371,NoButton,Move,541,655
178.388,178.388,NoButton,Move,549,655
178.405,178.405,NoButton,Move,558,655
178.421,178.421,NoButton,Move,567,655
178.438,178.438,NoButton,Move,575,655
178.455,178.455,NoButton,Move,583,655
178.472,178.472,NoButton,Move,587,655
178.488,178.488,NoButton,Move,590,655
178.505,178.505,NoButton,Move,593,655
178.522,178.522,NoButton,Move,596,655
178.538,178.538,NoButton,Move,598,655
178.555,178.555,NoButton,Move,603,655
178.572,178.572,NoButton,Move,607,655
178.589,178.589,NoButton,Move,612,655
178.605,178.605,NoButton,Move,617,654
178.622,178.622,NoButton,Move,622,654
178.638,178.638,NoButton,Move,628,654
178.655,178.655,NoButton,Move,632,654
178.671,178.671,NoButton,Move,635,654
178.688,178.688,NoButton,Move,637,654
178.705,178.705,NoButton,Move,638,654
178.721,178.721,NoButton,Move,640,654
178.738,178.738,NoButton,Move,641,654
178.755,178.755,NoButton,Move,643,654
178.772,178.772,NoButton,Move,646,654
178.788,178.788,NoButton,Move,649,654
178.805,178.805,NoButton,Move,654,654
178.822,178.822,NoButton,Move,659,654
178.838,178.838,NoButton,Move,663,654
178.855,178.855,NoButton,Move,667,654
178.872,178.872,NoButton,Move,671,654
178.888,178.888,NoButton,Move,676,654
178.905,178.905,NoButton,Move,681,654
178.922,178.922,NoButton,Move,685,654
178.938,178.938,NoButton,Move,691,654
178.955,178.955,NoButton,Move,698,654
178.972,178.972,NoButton,Move,706,654
178.988,178.988,NoButton,Move,713,654
179.005,179.005,NoButton,Move,719,654
179.021,179.021,NoButton,Move,723,654
179.038,179.038,NoButton,Move,725,654
179.118,179.118,NoButton,Move,725,654
179.122,179.122,NoButton,Move,725,654
179.138,179.138,NoButton,Move,723,654
179.155,179.155,NoButton,Move,718,656
179.171,179.171,NoButton,Move,712,657
179.188,179.188,NoButton,Move,699,661
179.205,179.205,NoButton,Move,683,664
179.222,179.222,NoButton,Move,666,668
179.238,179.238,NoButton,Move,649,672
179.256,179.256,NoButton,Move,633,676
179.271,179.271,NoButton,Move,617,680
179.288,179.288,NoButton,Move,602,684
179.305,179.305,NoButton,Move,586,688
179.322,179.322,NoButton,Move,573,691
179.339,179.339,NoButton,Move,559,694
179.354,179.354,NoButton,Move,544,696
179.372,179.372,NoButton,Move,529,697
179.388,179.388,NoButton,Move,516,697
179.405,179.405,NoButton,Move,501,697
179.421,179.421,NoButton,Move,490,697
179.438,179.438,NoButton,Move,480,696
179.455,179.455,NoButton,Move,474,695
179.471,179.471,NoButton,Move,470,694
179.488,179.488,NoButton,Move,469,694
179.505,179.505,NoButton,Move,467,694
179.521,179.521,NoButton,Move,467,695
179.538,179.538,NoButton,Move,466,695
179.554,179.554,NoButton,Move,465,695
179.571,179.571,NoButton,Move,463,696
179.588,179.588,NoButton,Move,460,696
179.604,179.604,NoButton,Move,459,696
179.688,179.688,NoButton,Move,459,697
179.692,179.692,NoButton,Move,459,697
179.705,179.705,NoButton,Move,460,697
179.721,179.721,NoButton,Move,462,697
179.738,179.738,NoButton,Move,465,697
179.754,179.754,NoButton,Move,470,697
179.771,179.771,NoButton,Move,476,697
179.788,179.788,NoButton,Move,484,698
179.805,179.805,NoButton,Move,494,698
179.822,179.822,NoButton,Move,504,699
179.838,179.838,NoButton,Move,513,699
179.855,179.855,NoButton,Move,523,700
179.872,179.872,NoButton,Move,529,700
179.888,179.888,NoButton,Move,534,700
179.905,179.905,NoButton,Move,538,700
179.922,179.922,NoButton,Move,542,700
179.938,179.938,NoButton,Move,545,699
179.954,179.954,NoButton,Move,550,699
179.972,179.972,NoButton,Move,555,699
179.988,179.988,NoButton,Move,561,699
180.004,180.004,NoButton,Move,566,699
180.021,180.021,NoButton,Move,572,699
180.038,180.038,NoButton,Move,576,699
180.055,180.055,NoButton,Move,581,699
180.071,180.071,NoButton,Move,583,699
180.088,180.088,NoButton,Move,585,699
180.105,180.105,NoButton,Move,588,699
180.122,180.122,NoButton,Move,590,699
180.138,180.138,NoButton,Move,592,699
180.155,180.155,NoButton,Move,595,699
180.172,180.172,NoButton,Move,597,699
180.188,180.188,NoButton,Move,600,699
180.205,180.205,NoButton,Move,604,699
180.221,180.221,NoButton,Move,607,699
180.238,180.238,NoButton,Move,612,699
180.254,180.254,NoButton,Move,614,699
180.271,180.271,NoButton,Move,616,699
180.288,180.288,NoButton,Move,619,699
180.304,180.304,NoButton,Move,622,699
180.322,180.322,NoButton,Move,626,699
180.338,180.338,NoButton,Move,630,699
180.355,180.355,NoButton,Move,635,699
180.371,180.371,NoButton,Move,641,699
180.388,180.388,NoButton,Move,642,699
180.405,180.405,NoButton,Move,656,700
180.422,180.422,NoButton,Move,662,700
180.438,180.438,NoButton,Move,667,700
180.455,180.455,NoButton,Move,675,700
180.471,180.471,NoButton,Move,682,700
180.488,180.488,NoButton,Move,689,701
180.505,180.505,NoButton,Move,699,701
180.522,180.522,NoButton,Move,708,701
180.538,180.538,NoButton,Move,715,701
180.555,180.555,NoButton,Move,723,701
180.571,180.571,NoButton,Move,730,701
180.588,180.588,NoButton,Move,734,701
180.604,180.604,NoButton,Move,739,701
180.621,180.621,NoButton,Move,742,701
180.638,180.638,NoButton,Move,744,701
180.655,180.655,NoButton,Move,745,701
180.671,180.671,NoButton,Move,747,701
180.688,180.688,NoButton,Move,749,701
180.705,180.705,NoButton,Move,751,700
180.722,180.722,NoButton,Move,754,700
180.738,180.738,NoButton,Move,759,700
180.755,180.755,NoButton,Move,766,700
180.772,180.772,NoButton,Move,773,700
180.788,180.788,NoButton,Move,784,700
180.804,180.804,NoButton,Move,792,700
180.821,180.821,NoButton,Move,800,700
180.838,180.838,NoButton,Move,807,700
180.855,180.855,NoButton,Move,816,700
180.872,180.872,NoButton,Move,822,700
180.888,180.888,NoButton,Move,828,700
180.904,180.904,NoButton,Move,834,700
180.921,180.921,NoButton,Move,839,700
180.938,180.938,NoButton,Move,844,700
180.954,180.954,NoButton,Move,850,700
180.971,180.971,NoButton,Move,855,700
180.988,180.988,NoButton,Move,860,700
181.005,181.005,NoButton,Move,865,700
181.021,181.021,NoButton,Move,868,699
181.038,181.038,NoButton,Move,873,699
181.055,181.055,NoButton,Move,878,699
181.072,181.072,NoButton,Move,884,699
181.088,181.088,NoButton,Move,889,699
181.105,181.105,NoButton,Move,894,699
181.121,181.121,NoButton,Move,899,699
181.138,181.138,NoButton,Move,904,698
181.154,181.154,NoButton,Move,905,698
181.186,181.186,NoButton,Move,904,698
181.19,181.19,NoButton,Move,904,698
181.205,181.205,NoButton,Move,900,699
181.222,181.222,NoButton,Move,892,700
181.239,181.239,NoButton,Move,873,704
181.254,181.254,NoButton,Move,845,710
181.272,181.272,NoButton,Move,801,716
181.288,181.288,NoButton,Move,742,722
181.306,181.306,NoButton,Move,679,727
181.322,181.322,NoButton,Move,622,735
181.338,181.338,NoButton,Move,598,738
181.354,181.354,NoButton,Move,597,738
181.372,181.372,NoButton,Move,596,738
181.4,181.4,NoButton,Move,595,738
181.428,181.428,NoButton,Move,594,738
181.432,181.432,NoButton,Move,591,738
181.438,181.438,NoButton,Move,587,738
181.455,181.455,NoButton,Move,570,738
181.472,181.472,NoButton,Move,552,738
181.488,181.488,NoButton,Move,543,736
181.505,181.505,NoButton,Move,540,735
181.522,181.522,NoButton,Move,540,735
181.538,181.538,NoButton,Move,540,735
181.555,181.555,NoButton,Move,541,735
181.576,181.576,NoButton,Move,540,735
181.588,181.588,NoButton,Move,540,735
181.605,181.605,NoButton,Move,537,736
181.622,181.622,NoButton,Move,534,736
181.638,181.638,NoButton,Move,530,736
181.655,181.655,NoButton,Move,524,737
181.672,181.672,NoButton,Move,516,737
181.688,181.688,NoButton,Move,508,737
181.705,181.705,NoButton,Move,497,737
181.721,181.721,NoButton,Move,490,737
181.738,181.738,NoButton,Move,483,738
181.755,181.755,NoButton,Move,476,738
181.771,181.771,NoButton,Move,469,738
181.788,181.788,NoButton,Move,467,737
181.805,181.805,NoButton,Move,466,737
181.824,181.824,NoButton,Move,466,737
181.839,181.839,NoButton,Move,466,736
181.854,181.854,NoButton,Move,465,736
181.871,181.871,NoButton,Move,465,735
181.888,181.888,NoButton,Move,464,734
181.904,181.904,NoButton,Move,464,732
181.921,181.921,NoButton,Move,464,729
181.938,181.938,NoButton,Move,463,726
181.954,181.954,NoButton,Move,463,723
181.971,181.971,NoButton,Move,462,721
181.988,181.988,NoButton,Move,462,720
182.005,182.005,NoButton,Move,462,720
182.255,182.255,Left,Pressed,462,720
182.259,182.259,NoButton,Drag,462,720
182.266,182.266,NoButton,Drag,462,720
182.27,182.27,NoButton,Drag,463,720
182.274,182.274,NoButton,Drag,463,720
182.278,182.278,NoButton,Drag,463,720
182.282,182.282,NoButton,Drag,463,720
182.286,182.286,NoButton,Drag,463,720
182.29,182.29,NoButton,Drag,463,721
182.31,182.31,NoButton,Drag,464,721
182.427,182.427,Left,Released,464,721
