record timestamp,client timestamp,button,state,x,y
0.895,0.895,NoButton,Move,15,104
0.9,0.9,NoButton,Move,31,109
0.916,0.916,NoButton,Move,45,114
0.925,0.925,NoButton,Move,57,119
0.9420000000000001,0.9420000000000001,NoButton,Move,74,125
0.9590000000000001,0.9590000000000001,NoButton,Move,90,130
0.975,0.975,NoButton,Move,98,131
0.992,0.992,NoButton,Move,107,132
1.008,1.008,NoButton,Move,115,131
1.025,1.025,NoButton,Move,116,130
1.21,1.21,NoButton,Move,116,128
1.214,1.214,NoButton,Move,116,118
1.226,1.226,NoButton,Move,120,109
1.242,1.242,NoButton,Move,125,101
1.258,1.258,NoButton,Move,146,75
1.2750000000000001,1.2750000000000001,NoButton,Move,151,70
1.291,1.291,NoButton,Move,161,62
1.308,1.308,NoButton,Move,179,49
1.325,1.325,NoButton,Move,186,45
1.341,1.341,NoButton,Move,190,43
1.357,1.357,NoButton,Move,190,43
1.374,1.374,NoButton,Move,189,43
1.3920000000000001,1.3920000000000001,NoButton,Move,180,43
1.408,1.408,NoButton,Move,161,43
1.425,1.425,NoButton,Move,148,43
1.441,1.441,NoButton,Move,129,43
1.458,1.458,NoButton,Move,107,39
1.474,1.474,NoButton,Move,95,34
1.491,1.491,NoButton,Move,87,30
1.508,1.508,NoButton,Move,81,27
1.5250000000000001,1.5250000000000001,NoButton,Move,77,25
1.541,1.541,NoButton,Move,76,25
1.559,1.559,NoButton,Move,76,24
1.575,1.575,NoButton,Move,75,24
1.591,1.591,NoButton,Move,75,24
1.608,1.608,NoButton,Move,75,26
1.624,1.624,NoButton,Move,75,28
1.6420000000000001,1.6420000000000001,NoButton,Move,75,29
1.6580000000000001,1.6580000000000001,NoButton,Move,75,30
1.675,1.675,NoButton,Move,75,30
1.701,1.701,NoButton,Move,75,29
1.708,1.708,NoButton,Move,75,28
1.725,1.725,NoButton,Move,73,26
1.742,1.742,NoButton,Move,71,22
1.758,1.758,NoButton,Move,69,18
1.774,1.774,NoButton,Move,67,14
1.7910000000000001,1.7910000000000001,NoButton,Move,65,11
1.808,1.808,NoButton,Move,65,10
1.825,1.825,NoButton,Move,65,10
1.891,1.891,NoButton,Move,65,9
1.899,1.899,NoButton,Move,65,9
1.909,1.909,NoButton,Move,66,8
1.924,1.924,NoButton,Move,67,7
1.941,1.941,NoButton,Move,68,3
1.958,1.958,NoButton,Move,71,0
30.042,30.042,NoButton,Move,642,8
30.046,30.046,NoButton,Move,603,36
30.064,30.064,NoButton,Move,566,61
30.078,30.078,NoButton,Move,435,167
30.095,30.095,NoButton,Move,395,206
30.11,30.11,NoButton,Move,348,256
30.134,30.134,NoButton,Move,313,300
30.152,30.152,NoButton,Move,301,317
30.168,30.168,NoButton,Move,293,331
30.184,30.184,NoButton,Move,290,337
30.202,30.202,NoButton,Move,290,340
30.41,30.41,NoButton,Move,290,339
30.419,30.419,NoButton,Move,287,335
30.435000000000002,30.435000000000002,NoButton,Move,274,322
30.452,30.452,NoButton,Move,253,298
30.469,30.469,NoButton,Move,217,259
30.483,30.483,NoButton,Move,191,229
30.499000000000002,30.499000000000002,NoButton,Move,163,200
30.515,30.515,NoButton,Move,139,173
30.531000000000002,30.531000000000002,NoButton,Move,112,146
30.547,30.547,NoButton,Move,98,130
30.565,30.565,NoButton,Move,84,114
30.580000000000005,30.580000000000005,NoButton,Move,82,112
30.597,30.597,NoButton,Move,80,109
30.614,30.614,NoButton,Move,80,108
30.830000000000005,30.830000000000005,NoButton,Move,79,108
30.837,30.837,NoButton,Move,78,108
30.848,30.848,NoButton,Move,76,107
30.866,30.866,NoButton,Move,70,102
30.883,30.883,NoButton,Move,58,93
30.900000000000002,30.900000000000002,NoButton,Move,47,84
30.916,30.916,NoButton,Move,36,72
30.933,30.933,NoButton,Move,30,66
30.95,30.95,NoButton,Move,25,61
30.967000000000002,30.967000000000002,NoButton,Move,23,59
30.984,30.984,NoButton,Move,22,58
31,31,NoButton,Move,22,57
31.068,31.068,NoButton,Move,22,57
31.177,31.177,NoButton,Move,22,57
31.184,31.184,NoButton,Move,21,57
31.201,31.201,NoButton,Move,20,56
31.217000000000002,31.217000000000002,NoButton,Move,16,50
31.234,31.234,NoButton,Move,14,45
31.248,31.248,NoButton,Move,13,42
31.265,31.265,NoButton,Move,11,34
31.281000000000002,31.281000000000002,NoButton,Move,10,29
31.298,31.298,NoButton,Move,10,24
31.313000000000002,31.313000000000002,NoButton,Move,9,22
31.330000000000005,31.330000000000005,NoButton,Move,9,21
31.347,31.347,NoButton,Move,9,20
31.581,31.581,NoButton,Move,9,20
31.588,31.588,NoButton,Move,12,20
31.597,31.597,NoButton,Move,17,21
31.617,31.617,NoButton,Move,27,25
31.634,31.634,NoButton,Move,56,38
31.651,31.651,NoButton,Move,92,56
31.668,31.668,NoButton,Move,123,69
31.684,31.684,NoButton,Move,142,78
31.701,31.701,NoButton,Move,157,84
31.718,31.718,NoButton,Move,166,87
31.735,31.735,NoButton,Move,171,89
31.751,31.751,NoButton,Move,173,90
31.768,31.768,NoButton,Move,173,90
31.976,31.976,NoButton,Move,174,90
31.985,31.985,NoButton,Move,179,90
32.003,32.003,NoButton,Move,192,89
32.019,32.019,NoButton,Move,226,89
32.036,32.036,NoButton,Move,298,114
32.049,32.049,NoButton,Move,352,138
32.065,32.065,NoButton,Move,416,170
32.081,32.081,NoButton,Move,469,199
32.096000000000004,32.096000000000004,NoButton,Move,508,220
32.113,32.113,NoButton,Move,522,228
32.13,32.13,NoButton,Move,541,238
32.147,32.147,NoButton,Move,550,242
32.163000000000004,32.163000000000004,NoButton,Move,552,243
32.18,32.18,NoButton,Move,552,243
32.397,32.397,NoButton,Move,553,243
32.404,32.404,NoButton,Move,557,243
32.414,32.414,NoButton,Move,563,246
32.433,32.433,NoButton,Move,572,250
32.447,32.447,NoButton,Move,583,256
32.467,32.467,NoButton,Move,596,261
32.483000000000004,32.483000000000004,NoButton,Move,605,266
32.5,32.5,NoButton,Move,613,269
32.517,32.517,NoButton,Move,615,271
32.533,32.533,NoButton,Move,617,272
32.55,32.55,NoButton,Move,617,272
32.76,32.76,NoButton,Move,617,271
32.766,32.766,NoButton,Move,617,265
32.774,32.774,NoButton,Move,617,258
32.78500000000001,32.78500000000001,NoButton,Move,617,250
32.801,32.801,NoButton,Move,617,240
32.818,32.818,NoButton,Move,620,186
32.833,32.833,NoButton,Move,621,165
32.848,32.848,NoButton,Move,621,150
32.863,32.863,NoButton,Move,622,135
32.88,32.88,NoButton,Move,623,123
32.897,32.897,NoButton,Move,623,120
32.913000000000004,32.913000000000004,NoButton,Move,623,117
32.93,32.93,NoButton,Move,623,116
32.947,32.947,NoButton,Move,623,116
32.972,32.972,NoButton,Move,623,116
33.156,33.156,NoButton,Move,623,116
33.162,33.162,NoButton,Move,623,112
33.17,33.17,NoButton,Move,625,108
33.18,33.18,NoButton,Move,627,104
33.196,33.196,NoButton,Move,628,100
33.213,33.213,NoButton,Move,634,85
33.227000000000004,33.227000000000004,NoButton,Move,637,77
33.244,33.244,NoButton,Move,638,72
33.259,33.259,NoButton,Move,640,67
33.276,33.276,NoButton,Move,641,64
33.293,33.293,NoButton,Move,642,63
33.309,33.309,NoButton,Move,642,63
33.326,33.326,NoButton,Move,642,63
33.343,33.343,NoButton,Move,642,63
33.575,33.575,NoButton,Move,642,65
33.582,33.582,NoButton,Move,642,69
33.593,33.593,NoButton,Move,642,74
33.609,33.609,NoButton,Move,641,84
33.627,33.627,NoButton,Move,640,101
33.644,33.644,NoButton,Move,640,125
33.661,33.661,NoButton,Move,640,148
33.677,33.677,NoButton,Move,640,163
33.694,33.694,NoButton,Move,641,175
33.711,33.711,NoButton,Move,642,184
33.728,33.728,NoButton,Move,642,189
33.745,33.745,NoButton,Move,643,191
33.762,33.762,NoButton,Move,643,192
33.779,33.779,NoButton,Move,643,192
33.795,33.795,NoButton,Move,643,192
33.955,33.955,NoButton,Move,643,193
33.961,33.961,NoButton,Move,643,200
33.979,33.979,NoButton,Move,642,208
33.996,33.996,NoButton,Move,641,229
34.011,34.011,NoButton,Move,641,263
34.027,34.027,NoButton,Move,641,302
34.043,34.043,NoButton,Move,641,308
34.059,34.059,NoButton,Move,641,332
34.075,34.075,NoButton,Move,642,341
34.092,34.092,NoButton,Move,643,347
34.109,34.109,NoButton,Move,643,350
34.125,34.125,NoButton,Move,644,351
34.142,34.142,NoButton,Move,644,351
34.334,34.334,NoButton,Move,644,353
34.341,34.341,NoButton,Move,643,362
34.348,34.348,NoButton,Move,643,374
34.359,34.359,NoButton,Move,643,389
34.376,34.376,NoButton,Move,643,405
34.392,34.392,NoButton,Move,648,475
34.406,34.406,NoButton,Move,655,518
34.422000000000004,34.422000000000004,NoButton,Move,660,543
34.439,34.439,NoButton,Move,665,565
34.455,34.455,NoButton,Move,668,577
34.471,34.471,NoButton,Move,669,585
34.488,34.488,NoButton,Move,670,589
34.505,34.505,NoButton,Move,670,590
34.521,34.521,NoButton,Move,671,590
34.538000000000004,34.538000000000004,NoButton,Move,671,590
34.728,34.728,NoButton,Move,671,592
34.735,34.735,NoButton,Move,670,597
34.742,34.742,NoButton,Move,669,603
34.754,34.754,NoButton,Move,669,610
34.771,34.771,NoButton,Move,668,623
34.78500000000001,34.78500000000001,NoButton,Move,668,634
34.800000000000004,34.800000000000004,NoButton,Move,668,644
34.818,34.818,NoButton,Move,668,652
34.833,34.833,NoButton,Move,668,660
34.849000000000004,34.849000000000004,NoButton,Move,667,664
34.867,34.867,NoButton,Move,667,665
34.882,34.882,NoButton,Move,667,666
34.9,34.9,NoButton,Move,667,667
34.916000000000004,34.916000000000004,NoButton,Move,667,667
35.115,35.115,NoButton,Move,666,667
35.122,35.122,NoButton,Move,662,667
35.132,35.132,NoButton,Move,656,667
35.149,35.149,NoButton,Move,639,668
35.166000000000004,35.166000000000004,NoButton,Move,609,671
35.183,35.183,NoButton,Move,580,673
35.201,35.201,NoButton,Move,541,675
35.219,35.219,NoButton,Move,522,675
35.236000000000004,35.236000000000004,NoButton,Move,509,675
35.252,35.252,NoButton,Move,498,675
35.269,35.269,NoButton,Move,493,675
35.286,35.286,NoButton,Move,492,675
35.303,35.303,NoButton,Move,491,676
35.52,35.52,NoButton,Move,491,676
35.526,35.526,NoButton,Move,486,676
35.536,35.536,NoButton,Move,480,676
35.553,35.553,NoButton,Move,464,678
35.57,35.57,NoButton,Move,434,681
35.587,35.587,NoButton,Move,377,685
35.605000000000004,35.605000000000004,NoButton,Move,357,686
35.622,35.622,NoButton,Move,329,687
35.64,35.64,NoButton,Move,317,687
35.656,35.656,NoButton,Move,308,687
35.673,35.673,NoButton,Move,304,687
35.691,35.691,NoButton,Move,304,687
35.908,35.908,NoButton,Move,302,687
35.914,35.914,NoButton,Move,298,687
35.925000000000004,35.925000000000004,NoButton,Move,291,687
35.942,35.942,NoButton,Move,267,688
35.958,35.958,NoButton,Move,238,689
35.975,35.975,NoButton,Move,195,691
35.994,35.994,NoButton,Move,154,694
36.012,36.012,NoButton,Move,108,698
36.027,36.027,NoButton,Move,96,699
36.045,36.045,NoButton,Move,80,700
36.062,36.062,NoButton,Move,74,701
36.079,36.079,NoButton,Move,72,702
36.097,36.097,NoButton,Move,72,702
36.112,36.112,NoButton,Move,73,702
36.305,36.305,NoButton,Move,72,702
36.31,36.31,NoButton,Move,70,701
36.319,36.319,NoButton,Move,66,698
36.33,36.33,NoButton,Move,62,695
36.345,36.345,NoButton,Move,58,692
36.362,36.362,NoButton,Move,41,681
36.377,36.377,NoButton,Move,29,673
36.392,36.392,NoButton,Move,23,669
36.409,36.409,NoButton,Move,16,664
36.425000000000004,36.425000000000004,NoButton,Move,9,661
36.442,36.442,NoButton,Move,6,659
36.458,36.458,NoButton,Move,4,658
36.474000000000004,36.474000000000004,NoButton,Move,3,658
36.676,36.676,NoButton,Move,3,655
36.681,36.681,NoButton,Move,3,648
36.691,36.691,NoButton,Move,3,640
36.708,36.708,NoButton,Move,3,631
36.725,36.725,NoButton,Move,5,611
36.742,36.742,NoButton,Move,9,579
36.758,36.758,NoButton,Move,16,543
36.776,36.776,NoButton,Move,19,530
36.792,36.792,NoButton,Move,21,519
36.809,36.809,NoButton,Move,22,515
36.824,36.824,NoButton,Move,23,514
36.841,36.841,NoButton,Move,23,513
36.862,36.862,NoButton,Move,23,513
36.88,36.88,NoButton,Move,24,513
37.077,37.077,NoButton,Move,24,512
37.085,37.085,NoButton,Move,24,506
37.093,37.093,NoButton,Move,24,500
37.107,37.107,NoButton,Move,24,492
37.124,37.124,NoButton,Move,25,454
37.141,37.141,NoButton,Move,31,418
37.159,37.159,NoButton,Move,34,402
37.175000000000004,37.175000000000004,NoButton,Move,37,381
37.191,37.191,NoButton,Move,39,371
37.208,37.208,NoButton,Move,40,368
37.224000000000004,37.224000000000004,NoButton,Move,41,367
37.241,37.241,NoButton,Move,41,367
37.258,37.258,NoButton,Move,41,367
37.425000000000004,37.425000000000004,NoButton,Move,41,365
37.432,37.432,NoButton,Move,41,360
37.441,37.441,NoButton,Move,41,355
37.458,37.458,NoButton,Move,41,342
37.477000000000004,37.477000000000004,NoButton,Move,41,327
37.495,37.495,NoButton,Move,40,308
37.511,37.511,NoButton,Move,40,297
37.528,37.528,NoButton,Move,40,288
37.545,37.545,NoButton,Move,40,283
37.562,37.562,NoButton,Move,40,282
37.813,37.813,NoButton,Move,42,282
37.819,37.819,NoButton,Move,48,281
37.829,37.829,NoButton,Move,55,281
37.846,37.846,NoButton,Move,83,281
37.863,37.863,NoButton,Move,132,287
37.878,37.878,NoButton,Move,171,297
37.898,37.898,NoButton,Move,198,303
37.915,37.915,NoButton,Move,213,307
37.933,37.933,NoButton,Move,225,311
37.95,37.95,NoButton,Move,230,312
37.966,37.966,NoButton,Move,232,312
37.983000000000004,37.983000000000004,NoButton,Move,233,312
38.167,38.167,NoButton,Move,233,312
38.174,38.174,NoButton,Move,238,315
38.184,38.184,NoButton,Move,244,319
38.2,38.2,NoButton,Move,262,330
38.219,38.219,NoButton,Move,293,348
38.233000000000004,38.233000000000004,NoButton,Move,327,366
38.252,38.252,NoButton,Move,354,379
38.269,38.269,NoButton,Move,370,387
38.287,38.287,NoButton,Move,381,392
38.303,38.303,NoButton,Move,386,394
38.32,38.32,NoButton,Move,387,394
38.336,38.336,NoButton,Move,388,395
38.522,38.522,NoButton,Move,388,396
38.528,38.528,NoButton,Move,387,402
38.538000000000004,38.538000000000004,NoButton,Move,385,408
38.554,38.554,NoButton,Move,383,429
38.571,38.571,NoButton,Move,381,462
38.587,38.587,NoButton,Move,379,493
38.607,38.607,NoButton,Move,377,518
38.624,38.624,NoButton,Move,376,535
38.642,38.642,NoButton,Move,376,547
38.659,38.659,NoButton,Move,376,552
38.675000000000004,38.675000000000004,NoButton,Move,376,554
38.691,38.691,NoButton,Move,376,555
38.893,38.893,NoButton,Move,376,556
38.899,38.899,NoButton,Move,376,562
38.909,38.909,NoButton,Move,376,568
38.925000000000004,38.925000000000004,NoButton,Move,378,579
38.942,38.942,NoButton,Move,380,588
38.962,38.962,NoButton,Move,382,595
38.978,38.978,NoButton,Move,383,601
38.995,38.995,NoButton,Move,384,603
39.011,39.011,NoButton,Move,384,604
39.029,39.029,NoButton,Move,385,604
39.045,39.045,NoButton,Move,385,604
39.061,39.061,NoButton,Move,385,604
39.231,39.231,NoButton,Move,384,604
39.236000000000004,39.236000000000004,NoButton,Move,380,604
39.246,39.246,NoButton,Move,372,603
39.263,39.263,NoButton,Move,355,599
39.28,39.28,NoButton,Move,326,593
39.296,39.296,NoButton,Move,284,586
39.317,39.317,NoButton,Move,258,581
39.333,39.333,NoButton,Move,235,577
39.351,39.351,NoButton,Move,223,575
39.367,39.367,NoButton,Move,215,574
39.384,39.384,NoButton,Move,212,573
39.4,39.4,NoButton,Move,211,573
39.626,39.626,NoButton,Move,211,573
39.632,39.632,NoButton,Move,211,571
39.639,39.639,NoButton,Move,211,566
39.651,39.651,NoButton,Move,212,558
39.667,39.667,NoButton,Move,214,545
39.685,39.685,NoButton,Move,226,478
39.699,39.699,NoButton,Move,233,438
39.714,39.714,NoButton,Move,235,430
39.730000000000004,39.730000000000004,NoButton,Move,239,414
39.747,39.747,NoButton,Move,241,401
39.764,39.764,NoButton,Move,242,396
39.78,39.78,NoButton,Move,243,395
39.796,39.796,NoButton,Move,243,395
39.813,39.813,NoButton,Move,243,395
40.03,40.03,NoButton,Move,243,395
40.036,40.036,NoButton,Move,243,389
40.047000000000004,40.047000000000004,NoButton,Move,243,382
40.066,40.066,NoButton,Move,246,348
40.083,40.083,NoButton,Move,250,321
40.097,40.097,NoButton,Move,252,309
40.115,40.115,NoButton,Move,253,295
40.133,40.133,NoButton,Move,255,289
40.15,40.15,NoButton,Move,255,286
40.167,40.167,NoButton,Move,255,286
40.185,40.185,NoButton,Move,256,286
40.201,40.201,NoButton,Move,256,286
40.216,40.216,NoButton,Move,256,287
40.234,40.234,NoButton,Move,256,288
40.25,40.25,NoButton,Move,256,291
40.267,40.267,NoButton,Move,256,291
40.283,40.283,NoButton,Move,256,291
40.300000000000004,40.300000000000004,NoButton,Move,256,292
40.317,40.317,NoButton,Move,256,292
40.337,40.337,Left,Pressed,256,292
40.338,40.338,NoButton,Move,256,292
40.687,40.687,Left,Pressed,256,292
41.405,41.405,NoButton,Move,257,292
41.412,41.412,NoButton,Move,259,292
41.426,41.426,NoButton,Move,263,292
41.443,41.443,NoButton,Move,267,292
41.451,41.451,NoButton,Move,277,292
41.468,41.468,NoButton,Move,289,292
41.489000000000004,41.489000000000004,NoButton,Move,303,292
41.508,41.508,NoButton,Move,311,293
41.525,41.525,NoButton,Move,315,293
41.541000000000004,41.541000000000004,NoButton,Move,317,293
41.558,41.558,NoButton,Move,318,293
41.574,41.574,NoButton,Move,319,293
41.611000000000004,41.611000000000004,Left,Pressed,319,293
42.025,42.025,NoButton,Move,320,293
42.031,42.031,NoButton,Move,324,292
42.04,42.04,NoButton,Move,330,290
42.058,42.058,NoButton,Move,342,286
42.074,42.074,NoButton,Move,367,279
42.091,42.091,NoButton,Move,392,273
42.11,42.11,NoButton,Move,427,267
42.127,42.127,NoButton,Move,444,266
42.145,42.145,NoButton,Move,456,265
42.161,42.161,NoButton,Move,464,264
42.178000000000004,42.178000000000004,NoButton,Move,468,264
42.195,42.195,NoButton,Move,470,263
42.211,42.211,NoButton,Move,470,263
42.228,42.228,NoButton,Move,471,263
42.245,42.245,NoButton,Move,471,263
42.261,42.261,NoButton,Move,471,263
42.298,42.298,Left,Pressed,471,263
42.300000000000004,42.300000000000004,NoButton,Move,471,262
42.659,42.659,NoButton,Move,471,261
42.666000000000004,42.666000000000004,NoButton,Move,472,259
42.678000000000004,42.678000000000004,NoButton,Move,473,257
42.695,42.695,NoButton,Move,478,249
42.712,42.712,NoButton,Move,485,239
42.729,42.729,NoButton,Move,493,225
42.746,42.746,NoButton,Move,500,214
42.763,42.763,NoButton,Move,505,204
42.78,42.78,NoButton,Move,508,198
42.795,42.795,NoButton,Move,510,192
42.812,42.812,NoButton,Move,512,187
42.83,42.83,NoButton,Move,514,182
42.846,42.846,NoButton,Move,515,179
42.862,42.862,NoButton,Move,516,175
42.879,42.879,NoButton,Move,517,172
42.896,42.896,NoButton,Move,518,169
42.913000000000004,42.913000000000004,NoButton,Move,519,166
42.929,42.929,NoButton,Move,520,164
42.946,42.946,NoButton,Move,520,163
42.963,42.963,NoButton,Move,520,163
42.979,42.979,NoButton,Move,520,163
42.996,42.996,NoButton,Move,520,162
43.017,43.017,Left,Pressed,520,162
43.401,43.401,NoButton,Move,520,162
43.407,43.407,NoButton,Move,517,162
43.415,43.415,NoButton,Move,510,161
43.429,43.429,NoButton,Move,499,158
43.445,43.445,NoButton,Move,467,148
43.458,43.458,NoButton,Move,422,136
43.473,43.473,NoButton,Move,411,133
43.489000000000004,43.489000000000004,NoButton,Move,361,118
43.505,43.505,NoButton,Move,334,110
43.521,43.521,NoButton,Move,309,101
43.538000000000004,43.538000000000004,NoButton,Move,293,97
43.555,43.555,NoButton,Move,287,94
43.571,43.571,NoButton,Move,282,93
43.588,43.588,NoButton,Move,281,93
43.604,43.604,NoButton,Move,280,93
43.826,43.826,Left,Pressed,280,93
44.308,44.308,NoButton,Move,280,93
44.314,44.314,NoButton,Move,280,96
44.323,44.323,NoButton,Move,280,101
44.339,44.339,NoButton,Move,281,108
44.355000000000004,44.355000000000004,NoButton,Move,284,130
44.372,44.372,NoButton,Move,294,168
44.395,44.395,NoButton,Move,311,225
44.411,44.411,NoButton,Move,325,265
44.427,44.427,NoButton,Move,329,282
44.444,44.444,NoButton,Move,331,292
44.461,44.461,NoButton,Move,333,300
44.478,44.478,NoButton,Move,334,303
44.495,44.495,NoButton,Move,334,304
44.511,44.511,NoButton,Move,334,304
44.549,44.549,Left,Pressed,334,304
44.943,44.943,NoButton,Move,334,304
44.949,44.949,NoButton,Move,337,304
44.962,44.962,NoButton,Move,342,304
44.978,44.978,NoButton,Move,363,304
44.995,44.995,NoButton,Move,398,304
45.012,45.012,NoButton,Move,444,310
45.029,45.029,NoButton,Move,493,321
45.046,45.046,NoButton,Move,524,330
45.062,45.062,NoButton,Move,544,337
45.08,45.08,NoButton,Move,557,342
45.097,45.097,NoButton,Move,566,346
45.113,45.113,NoButton,Move,572,349
45.13,45.13,NoButton,Move,575,352
45.33,45.33,NoButton,Move,575,352
45.336,45.336,NoButton,Move,575,355
45.347,45.347,NoButton,Move,574,359
45.363,45.363,NoButton,Move,571,372
45.38,45.38,NoButton,Move,569,384
45.396,45.396,NoButton,Move,567,409
45.416000000000004,45.416000000000004,NoButton,Move,565,427
45.433,45.433,NoButton,Move,565,446
45.45,45.45,NoButton,Move,564,455
45.467,45.467,NoButton,Move,564,463
45.484,45.484,NoButton,Move,564,466
45.5,45.5,NoButton,Move,563,467
45.701,45.701,NoButton,Move,563,467
45.708,45.708,NoButton,Move,559,467
45.718,45.718,NoButton,Move,555,468
45.734,45.734,NoButton,Move,538,476
45.75,45.75,NoButton,Move,497,490
45.766,45.766,NoButton,Move,469,499
45.786,45.786,NoButton,Move,435,507
45.804,45.804,NoButton,Move,414,510
45.82,45.82,NoButton,Move,395,513
45.837,45.837,NoButton,Move,388,514
45.854,45.854,NoButton,Move,381,515
45.871,45.871,NoButton,Move,379,515
45.887,45.887,NoButton,Move,378,516
45.903,45.903,NoButton,Move,378,516
46.055,46.055,NoButton,Move,377,516
46.061,46.061,NoButton,Move,371,516
46.07,46.07,NoButton,Move,363,516
46.088,46.088,NoButton,Move,342,517
46.105000000000004,46.105000000000004,NoButton,Move,315,519
46.121,46.121,NoButton,Move,269,524
46.141,46.141,NoButton,Move,209,529
46.158,46.158,NoButton,Move,177,532
46.175000000000004,46.175000000000004,NoButton,Move,155,534
46.192,46.192,NoButton,Move,141,535
46.209,46.209,NoButton,Move,130,535
46.226,46.226,NoButton,Move,127,536
46.242000000000004,46.242000000000004,NoButton,Move,126,536
46.258,46.258,NoButton,Move,126,536
46.452,46.452,NoButton,Move,126,535
46.457,46.457,NoButton,Move,125,525
46.465,46.465,NoButton,Move,123,513
46.476,46.476,NoButton,Move,120,499
46.492000000000004,46.492000000000004,NoButton,Move,117,480
46.508,46.508,NoButton,Move,104,385
46.523,46.523,NoButton,Move,99,341
46.539,46.539,NoButton,Move,98,332
46.557,46.557,NoButton,Move,95,306
46.572,46.572,NoButton,Move,95,301
46.588,46.588,NoButton,Move,94,296
46.604,46.604,NoButton,Move,93,294
46.664,46.664,NoButton,Move,93,295
46.822,46.822,NoButton,Move,93,294
46.829,46.829,NoButton,Move,93,286
46.839,46.839,NoButton,Move,90,278
46.858000000000004,46.858000000000004,NoButton,Move,87,260
46.872,46.872,NoButton,Move,83,234
46.891,46.891,NoButton,Move,76,181
46.908,46.908,NoButton,Move,71,148
46.924,46.924,NoButton,Move,69,125
46.941,46.941,NoButton,Move,66,109
46.958,46.958,NoButton,Move,64,97
46.976,46.976,NoButton,Move,64,92
46.992000000000004,46.992000000000004,NoButton,Move,64,91
47.008,47.008,NoButton,Move,64,91
47.185,47.185,NoButton,Move,64,90
47.19,47.19,NoButton,Move,64,87
47.199,47.199,NoButton,Move,63,83
47.21,47.21,NoButton,Move,63,77
47.225,47.225,NoButton,Move,63,72
47.242000000000004,47.242000000000004,NoButton,Move,61,60
47.257,47.257,NoButton,Move,61,57
47.273,47.273,NoButton,Move,60,48
47.29,47.29,NoButton,Move,59,44
47.305,47.305,NoButton,Move,58,42
47.54,47.54,NoButton,Move,60,41
47.545,47.545,NoButton,Move,66,40
47.556000000000004,47.556000000000004,NoButton,Move,72,38
47.572,47.572,NoButton,Move,93,35
47.59,47.59,NoButton,Move,143,32
47.605000000000004,47.605000000000004,NoButton,Move,214,34
47.626,47.626,NoButton,Move,283,53
47.642,47.642,NoButton,Move,341,76
47.66000000000001,47.66000000000001,NoButton,Move,359,84
47.676,47.676,NoButton,Move,375,92
47.693,47.693,NoButton,Move,387,98
47.71,47.71,NoButton,Move,390,100
47.726,47.726,NoButton,Move,392,100
47.743,47.743,NoButton,Move,392,101
47.943,47.943,NoButton,Move,392,101
47.949,47.949,NoButton,Move,395,101
47.959,47.959,NoButton,Move,399,101
47.977000000000004,47.977000000000004,NoButton,Move,410,101
47.995000000000005,47.995000000000005,NoButton,Move,430,104
48.012,48.012,NoButton,Move,459,110
48.029,48.029,NoButton,Move,489,116
48.046,48.046,NoButton,Move,507,121
48.063,48.063,NoButton,Move,519,124
48.079,48.079,NoButton,Move,528,126
48.097,48.097,NoButton,Move,531,127
48.113,48.113,NoButton,Move,533,128
48.129,48.129,NoButton,Move,533,128
48.146,48.146,NoButton,Move,534,128
48.314,48.314,NoButton,Move,534,129
48.32,48.32,NoButton,Move,532,135
48.33,48.33,NoButton,Move,530,141
48.347,48.347,NoButton,Move,525,163
48.363,48.363,NoButton,Move,519,197
48.383,48.383,NoButton,Move,514,232
48.4,48.4,NoButton,Move,510,262
48.417,48.417,NoButton,Move,508,281
48.433,48.433,NoButton,Move,507,293
48.451,48.451,NoButton,Move,507,299
48.468,48.468,NoButton,Move,507,301
48.484,48.484,NoButton,Move,507,302
48.701,48.701,NoButton,Move,507,303
48.708,48.708,NoButton,Move,505,311
48.718,48.718,NoButton,Move,503,319
48.734,48.734,NoButton,Move,499,339
48.751,48.751,NoButton,Move,496,360
48.77,48.77,NoButton,Move,490,397
48.787,48.787,NoButton,Move,487,419
48.805,48.805,NoButton,Move,487,432
48.821,48.821,NoButton,Move,486,441
48.838,48.838,NoButton,Move,486,446
48.854,48.854,NoButton,Move,486,447
48.871,48.871,NoButton,Move,486,448
48.888,48.888,NoButton,Move,486,448
48.905,48.905,NoButton,Move,486,448
49.073,49.073,NoButton,Move,486,448
49.079,49.079,NoButton,Move,482,449
49.089,49.089,NoButton,Move,476,452
49.105000000000004,49.105000000000004,NoButton,Move,459,461
49.122,49.122,NoButton,Move,419,482
49.138,49.138,NoButton,Move,367,510
49.159,49.159,NoButton,Move,329,531
49.176,49.176,NoButton,Move,288,551
49.192,49.192,NoButton,Move,267,560
49.21,49.21,NoButton,Move,255,565
49.226,49.226,NoButton,Move,246,568
49.243,49.243,NoButton,Move,243,569
49.259,49.259,NoButton,Move,243,569
49.435,49.435,NoButton,Move,242,569
49.44,49.44,NoButton,Move,238,570
49.449,49.449,NoButton,Move,231,573
49.46,49.46,NoButton,Move,224,576
49.476,49.476,NoButton,Move,217,579
49.493,49.493,NoButton,Move,178,595
49.507,49.507,NoButton,Move,157,604
49.523,49.523,NoButton,Move,146,608
49.539,49.539,NoButton,Move,135,612
49.556000000000004,49.556000000000004,NoButton,Move,127,615
49.572,49.572,NoButton,Move,123,616
49.589,49.589,NoButton,Move,122,617
49.605000000000004,49.605000000000004,NoButton,Move,122,617
49.831,49.831,NoButton,Move,122,614
49.836,49.836,NoButton,Move,120,604
49.844,49.844,NoButton,Move,116,579
49.856,49.856,NoButton,Move,111,546
49.872,49.872,NoButton,Move,104,494
49.888,49.888,NoButton,Move,87,344
49.903,49.903,NoButton,Move,82,275
49.919000000000004,49.919000000000004,NoButton,Move,81,265
49.936,49.936,NoButton,Move,77,235
49.951,49.951,NoButton,Move,76,230
49.967,49.967,NoButton,Move,75,225
49.984,49.984,NoButton,Move,75,225
50,50,NoButton,Move,74,225
50.041000000000004,50.041000000000004,NoButton,Move,74,226
50.224000000000004,50.224000000000004,NoButton,Move,75,226
50.232,50.232,NoButton,Move,79,226
50.239000000000004,50.239000000000004,NoButton,Move,82,225
50.251,50.251,NoButton,Move,88,225
50.268,50.268,NoButton,Move,115,225
50.281,50.281,NoButton,Move,149,226
50.296,50.296,NoButton,Move,160,228
50.313,50.313,NoButton,Move,197,235
50.329,50.329,NoButton,Move,220,239
50.345,50.345,NoButton,Move,233,241
50.361000000000004,50.361000000000004,NoButton,Move,242,242
50.378,50.378,NoButton,Move,246,242
50.394,50.394,NoButton,Move,248,242
50.411,50.411,NoButton,Move,248,242
50.428000000000004,50.428000000000004,NoButton,Move,245,240
50.579,50.579,NoButton,Move,245,240
50.586,50.586,NoButton,Move,249,240
50.595,50.595,NoButton,Move,254,240
50.612,50.612,NoButton,Move,270,241
50.629,50.629,NoButton,Move,311,252
50.645,50.645,NoButton,Move,349,263
50.665,50.665,NoButton,Move,379,273
50.682,50.682,NoButton,Move,397,280
50.699,50.699,NoButton,Move,410,284
50.717,50.717,NoButton,Move,416,286
50.733000000000004,50.733000000000004,NoButton,Move,418,287
50.75,50.75,NoButton,Move,418,288
50.918,50.918,NoButton,Move,418,287
50.924,50.924,NoButton,Move,418,281
50.935,50.935,NoButton,Move,418,270
50.952,50.952,NoButton,Move,417,232
50.968,50.968,NoButton,Move,414,184
50.985,50.985,NoButton,Move,410,144
51.004,51.004,NoButton,Move,409,130
51.021,51.021,NoButton,Move,406,110
51.037,51.037,NoButton,Move,405,101
51.054,51.054,NoButton,Move,405,99
51.072,51.072,NoButton,Move,405,98
51.088,51.088,NoButton,Move,405,98
51.123,51.123,NoButton,Move,405,98
51.323,51.323,NoButton,Move,405,98
51.329,51.329,NoButton,Move,404,96
51.34,51.34,NoButton,Move,403,94
51.356,51.356,NoButton,Move,395,82
51.375,51.375,NoButton,Move,390,71
51.388,51.388,NoButton,Move,385,62
51.408,51.408,NoButton,Move,380,53
51.425000000000004,51.425000000000004,NoButton,Move,377,48
51.443,51.443,NoButton,Move,376,47
51.459,51.459,NoButton,Move,375,46
51.476,51.476,NoButton,Move,375,46
51.493,51.493,NoButton,Move,376,46
51.66000000000001,51.66000000000001,NoButton,Move,374,46
51.666000000000004,51.666000000000004,NoButton,Move,371,45
51.675000000000004,51.675000000000004,NoButton,Move,367,44
51.693,51.693,NoButton,Move,352,41
51.71,51.71,NoButton,Move,331,38
51.726,51.726,NoButton,Move,305,37
51.747,51.747,NoButton,Move,288,37
51.763,51.763,NoButton,Move,268,37
51.78,51.78,NoButton,Move,260,38
51.797000000000004,51.797000000000004,NoButton,Move,253,40
51.813,51.813,NoButton,Move,251,40
51.83,51.83,NoButton,Move,251,40
51.99,51.99,NoButton,Move,250,40
51.997,51.997,NoButton,Move,246,40
52.014,52.014,NoButton,Move,240,40
52.031,52.031,NoButton,Move,224,41
52.047000000000004,52.047000000000004,NoButton,Move,183,49
52.062,52.062,NoButton,Move,149,56
52.078,52.078,NoButton,Move,119,65
52.094,52.094,NoButton,Move,98,70
52.11,52.11,NoButton,Move,87,73
52.127,52.127,NoButton,Move,78,74
52.144,52.144,NoButton,Move,75,74
52.16000000000001,52.16000000000001,NoButton,Move,76,69
52.337,52.337,NoButton,Move,75,69
52.343,52.343,NoButton,Move,72,69
52.351,52.351,NoButton,Move,66,68
52.361000000000004,52.361000000000004,NoButton,Move,61,67
52.377,52.377,NoButton,Move,57,65
52.394,52.394,NoButton,Move,45,60
52.408,52.408,NoButton,Move,38,56
52.425000000000004,52.425000000000004,NoButton,Move,25,47
52.441,52.441,NoButton,Move,18,41
52.457,52.457,NoButton,Move,12,35
52.473,52.473,NoButton,Move,9,32
52.49,52.49,NoButton,Move,8,31
52.691,52.691,NoButton,Move,7,31
52.698,52.698,NoButton,Move,6,30
52.707,52.707,NoButton,Move,5,28
52.723,52.723,NoButton,Move,2,25
52.739000000000004,52.739000000000004,NoButton,Move,0,23
52.757,52.757,NoButton,Move,0,22
53.048,53.048,NoButton,Move,2,8
53.051,53.051,NoButton,Move,7,7
53.061,53.061,NoButton,Move,16,6
53.078,53.078,NoButton,Move,27,5
53.095,53.095,NoButton,Move,55,4
53.11,53.11,NoButton,Move,77,4
53.127,53.127,NoButton,Move,99,4
53.145,53.145,NoButton,Move,103,4
53.161,53.161,NoButton,Move,108,4
53.178000000000004,53.178000000000004,NoButton,Move,110,4
53.195,53.195,NoButton,Move,111,4
53.211,53.211,NoButton,Move,111,4
53.39,53.39,NoButton,Move,112,4
53.398,53.398,NoButton,Move,116,4
53.411,53.411,NoButton,Move,122,4
53.428000000000004,53.428000000000004,NoButton,Move,145,4
53.444,53.444,NoButton,Move,190,6
53.461,53.461,NoButton,Move,250,18
53.478,53.478,NoButton,Move,297,30
53.494,53.494,NoButton,Move,356,46
53.512,53.512,NoButton,Move,381,54
53.528,53.528,NoButton,Move,398,59
53.544000000000004,53.544000000000004,NoButton,Move,410,63
53.561,53.561,NoButton,Move,416,64
53.578,53.578,NoButton,Move,419,65
53.594,53.594,NoButton,Move,419,65
53.745000000000005,53.745000000000005,NoButton,Move,420,65
53.751,53.751,NoButton,Move,424,64
53.76,53.76,NoButton,Move,431,63
53.778,53.778,NoButton,Move,441,62
53.795,53.795,NoButton,Move,507,59
53.811,53.811,NoButton,Move,566,61
53.832,53.832,NoButton,Move,604,69
53.849000000000004,53.849000000000004,NoButton,Move,633,77
53.866,53.866,NoButton,Move,648,81
53.882,53.882,NoButton,Move,658,85
53.899,53.899,NoButton,Move,662,86
53.915,53.915,NoButton,Move,664,87
53.932,53.932,NoButton,Move,664,86
54.084,54.084,NoButton,Move,664,86
54.09,54.09,NoButton,Move,668,80
54.098,54.098,NoButton,Move,672,75
54.116,54.116,NoButton,Move,681,63
54.132,54.132,NoButton,Move,689,50
54.149,54.149,NoButton,Move,699,35
54.168,54.168,NoButton,Move,704,27
54.187,54.187,NoButton,Move,708,21
54.414,54.414,NoButton,Move,707,17
54.42,54.42,NoButton,Move,705,17
54.438,54.438,NoButton,Move,702,17
54.455,54.455,NoButton,Move,692,17
54.472,54.472,NoButton,Move,683,18
54.488,54.488,NoButton,Move,674,19
54.508,54.508,NoButton,Move,667,20
54.526,54.526,NoButton,Move,661,20
54.542,54.542,NoButton,Move,658,20
54.559000000000005,54.559000000000005,NoButton,Move,657,20
54.575,54.575,NoButton,Move,657,20
54.61,54.61,NoButton,Move,657,20
54.618,54.618,NoButton,Move,658,20
54.626,54.626,NoButton,Move,661,22
54.801,54.801,NoButton,Move,661,21
54.808,54.808,NoButton,Move,661,20
54.816,54.816,NoButton,Move,662,19
54.826,54.826,NoButton,Move,664,16
54.842,54.842,NoButton,Move,667,14
54.859,54.859,NoButton,Move,672,9
54.873000000000005,54.873000000000005,NoButton,Move,674,6
54.888,54.888,NoButton,Move,675,5
54.906,54.906,NoButton,Move,676,5
54.922000000000004,54.922000000000004,NoButton,Move,676,5
54.94,54.94,NoButton,Move,676,5
54.955,54.955,NoButton,Move,676,5
55.081,55.081,NoButton,Move,676,5
55.087,55.087,NoButton,Move,676,10
55.105000000000004,55.105000000000004,NoButton,Move,676,16
55.122,55.122,NoButton,Move,676,31
55.139,55.139,NoButton,Move,675,84
55.153,55.153,NoButton,Move,675,110
55.169000000000004,55.169000000000004,NoButton,Move,675,168
55.185,55.185,NoButton,Move,676,210
55.201,55.201,NoButton,Move,679,241
55.219,55.219,NoButton,Move,681,258
55.235,55.235,NoButton,Move,683,269
55.251,55.251,NoButton,Move,684,274
55.436,55.436,NoButton,Move,684,274
55.442,55.442,NoButton,Move,684,279
55.452,55.452,NoButton,Move,683,286
55.469,55.469,NoButton,Move,682,305
55.485,55.485,NoButton,Move,682,324
55.502,55.502,NoButton,Move,683,351
55.521,55.521,NoButton,Move,686,370
55.539,55.539,NoButton,Move,689,382
55.556000000000004,55.556000000000004,NoButton,Move,692,392
55.572,55.572,NoButton,Move,693,397
55.589,55.589,NoButton,Move,694,399
55.606,55.606,NoButton,Move,695,400
55.774,55.774,NoButton,Move,695,400
55.779,55.779,NoButton,Move,695,405
55.789,55.789,NoButton,Move,694,412
55.806000000000004,55.806000000000004,NoButton,Move,692,421
55.823,55.823,NoButton,Move,689,456
55.84,55.84,NoButton,Move,688,484
55.86,55.86,NoButton,Move,688,538
55.877,55.877,NoButton,Move,688,567
55.895,55.895,NoButton,Move,689,587
55.911,55.911,NoButton,Move,691,602
55.928000000000004,55.928000000000004,NoButton,Move,691,608
55.944,55.944,NoButton,Move,692,610
55.961,55.961,NoButton,Move,692,610
55.978,55.978,NoButton,Move,692,611
55.994,55.994,NoButton,Move,692,611
56.161,56.161,NoButton,Move,692,613
56.167,56.167,NoButton,Move,691,620
56.178000000000004,56.178000000000004,NoButton,Move,690,627
56.194,56.194,NoButton,Move,690,642
56.213,56.213,NoButton,Move,690,654
56.230000000000004,56.230000000000004,NoButton,Move,690,661
56.247,56.247,NoButton,Move,690,672
56.265,56.265,NoButton,Move,690,678
56.281,56.281,NoButton,Move,690,681
56.298,56.298,NoButton,Move,691,682
56.484,56.484,NoButton,Move,688,681
56.488,56.488,NoButton,Move,681,680
56.499,56.499,NoButton,Move,671,678
56.515,56.515,NoButton,Move,650,676
56.532,56.532,NoButton,Move,625,674
56.549,56.549,NoButton,Move,566,672
56.568,56.568,NoButton,Move,547,671
56.585,56.585,NoButton,Move,521,668
56.603,56.603,NoButton,Move,506,663
56.619,56.619,NoButton,Move,501,656
56.821,56.821,NoButton,Move,501,656
56.827,56.827,NoButton,Move,495,656
56.837,56.837,NoButton,Move,490,656
56.854,56.854,NoButton,Move,474,655
56.870000000000005,56.870000000000005,NoButton,Move,449,653
56.886,56.886,NoButton,Move,407,650
56.907,56.907,NoButton,Move,347,648
56.923,56.923,NoButton,Move,326,647
56.941,56.941,NoButton,Move,302,643
56.958,56.958,NoButton,Move,287,640
56.974000000000004,56.974000000000004,NoButton,Move,280,635
56.991,56.991,NoButton,Move,280,634
57.192,57.192,NoButton,Move,280,634
57.197,57.197,NoButton,Move,274,634
57.208,57.208,NoButton,Move,267,633
57.224000000000004,57.224000000000004,NoButton,Move,254,629
57.241,57.241,NoButton,Move,238,624
57.258,57.258,NoButton,Move,225,620
57.277,57.277,NoButton,Move,209,614
57.294000000000004,57.294000000000004,NoButton,Move,191,609
57.312000000000005,57.312000000000005,NoButton,Move,182,606
57.329,57.329,NoButton,Move,175,605
57.345,57.345,NoButton,Move,173,604
57.362,57.362,NoButton,Move,173,604
57.546,57.546,NoButton,Move,164,604
57.552,57.552,NoButton,Move,155,604
57.562000000000005,57.562000000000005,NoButton,Move,146,604
57.578,57.578,NoButton,Move,134,603
57.596,57.596,NoButton,Move,126,603
57.615,57.615,NoButton,Move,121,603
57.632,57.632,NoButton,Move,118,603
57.649,57.649,NoButton,Move,115,603
57.666000000000004,57.666000000000004,NoButton,Move,114,603
57.9,57.9,NoButton,Move,114,601
57.907,57.907,NoButton,Move,113,592
57.917,57.917,NoButton,Move,111,579
57.932,57.932,NoButton,Move,109,546
57.95,57.95,NoButton,Move,109,505
57.966,57.966,NoButton,Move,109,448
57.986000000000004,57.986000000000004,NoButton,Move,111,426
58.003,58.003,NoButton,Move,112,407
58.02,58.02,NoButton,Move,114,395
58.037,58.037,NoButton,Move,115,391
58.053000000000004,58.053000000000004,NoButton,Move,115,391
58.07,58.07,NoButton,Move,116,391
58.086,58.086,NoButton,Move,118,392
58.27,58.27,NoButton,Move,118,392
58.276,58.276,NoButton,Move,118,385
58.287,58.287,NoButton,Move,119,378
58.303000000000004,58.303000000000004,NoButton,Move,124,363
58.321,58.321,NoButton,Move,129,347
58.337,58.337,NoButton,Move,138,324
58.357,58.357,NoButton,Move,144,310
58.373000000000005,58.373000000000005,NoButton,Move,149,301
58.391,58.391,NoButton,Move,152,295
58.409,58.409,NoButton,Move,154,293
58.424,58.424,NoButton,Move,155,293
58.61,58.61,NoButton,Move,155,293
58.616,58.616,NoButton,Move,155,289
58.625,58.625,NoButton,Move,155,284
58.641,58.641,NoButton,Move,159,273
58.657,58.657,NoButton,Move,166,255
58.675000000000004,58.675000000000004,NoButton,Move,172,242
58.696,58.696,NoButton,Move,175,234
58.712,58.712,NoButton,Move,178,228
58.728,58.728,NoButton,Move,180,225
58.746,58.746,NoButton,Move,180,225
58.762,58.762,NoButton,Move,180,225
58.964,58.964,NoButton,Move,182,225
58.969,58.969,NoButton,Move,187,225
58.980000000000004,58.980000000000004,NoButton,Move,193,225
58.997,58.997,NoButton,Move,207,230
59.013,59.013,NoButton,Move,234,241
59.03,59.03,NoButton,Move,273,260
59.050000000000004,59.050000000000004,NoButton,Move,299,273
59.067,59.067,NoButton,Move,318,284
59.084,59.084,NoButton,Move,328,289
59.101,59.101,NoButton,Move,337,293
59.117000000000004,59.117000000000004,NoButton,Move,338,294
59.293,59.293,NoButton,Move,338,295
59.300000000000004,59.300000000000004,NoButton,Move,338,300
59.317,59.317,NoButton,Move,342,311
59.334,59.334,NoButton,Move,347,324
59.352000000000004,59.352000000000004,NoButton,Move,357,345
59.366,59.366,NoButton,Move,370,373
59.381,59.381,NoButton,Move,373,378
59.398,59.398,NoButton,Move,382,397
59.414,59.414,NoButton,Move,385,405
59.43,59.43,NoButton,Move,388,411
59.447,59.447,NoButton,Move,390,414
59.464,59.464,NoButton,Move,390,416
59.664,59.664,NoButton,Move,390,416
59.671,59.671,NoButton,Move,390,420
59.681000000000004,59.681000000000004,NoButton,Move,390,426
59.697,59.697,NoButton,Move,390,440
59.713,59.713,NoButton,Move,390,454
59.731,59.731,NoButton,Move,390,471
59.75,59.75,NoButton,Move,390,489
59.767,59.767,NoButton,Move,392,499
59.784,59.784,NoButton,Move,394,506
59.801,59.801,NoButton,Move,395,510
59.818,59.818,NoButton,Move,396,511
59.834,59.834,NoButton,Move,397,512
59.994,59.994,NoButton,Move,396,512
60,60,NoButton,Move,390,512
60.009,60.009,NoButton,Move,384,516
60.018,60.018,NoButton,Move,377,521
60.034,60.034,NoButton,Move,369,525
60.051,60.051,NoButton,Move,345,540
60.065,60.065,NoButton,Move,337,545
60.081,60.081,NoButton,Move,310,560
60.099000000000004,60.099000000000004,NoButton,Move,297,567
60.115,60.115,NoButton,Move,289,570
60.131,60.131,NoButton,Move,284,572
60.147,60.147,NoButton,Move,282,573
60.414,60.414,NoButton,Move,281,572
60.421,60.421,NoButton,Move,279,569
60.432,60.432,NoButton,Move,277,564
60.451,60.451,NoButton,Move,265,536
60.466,60.466,NoButton,Move,253,496
60.484,60.484,NoButton,Move,246,461
60.5,60.5,NoButton,Move,243,432
60.518,60.518,NoButton,Move,241,412
60.533,60.533,NoButton,Move,240,398
60.551,60.551,NoButton,Move,240,392
60.567,60.567,NoButton,Move,240,390
60.584,60.584,NoButton,Move,240,390
60.619,60.619,NoButton,Move,240,390
60.81,60.81,NoButton,Move,240,390
60.816,60.816,NoButton,Move,240,387
60.825,60.825,NoButton,Move,240,384
60.835,60.835,NoButton,Move,240,380
60.851,60.851,NoButton,Move,239,376
60.868,60.868,NoButton,Move,236,350
60.882,60.882,NoButton,Move,235,335
60.897,60.897,NoButton,Move,235,323
60.914,60.914,NoButton,Move,235,317
60.93,60.93,NoButton,Move,235,309
60.947,60.947,NoButton,Move,235,304
60.964,60.964,NoButton,Move,235,303
60.980000000000004,60.980000000000004,NoButton,Move,235,303
60.997,60.997,NoButton,Move,235,303
61.014,61.014,NoButton,Move,235,303
61.173,61.173,NoButton,Move,235,302
61.179,61.179,NoButton,Move,235,300
61.187000000000005,61.187000000000005,NoButton,Move,235,297
61.198,61.198,NoButton,Move,235,294
61.214,61.214,NoButton,Move,235,290
61.231,61.231,NoButton,Move,235,278
61.246,61.246,NoButton,Move,235,255
61.261,61.261,NoButton,Move,235,244
61.278,61.278,NoButton,Move,235,230
61.294000000000004,61.294000000000004,NoButton,Move,235,222
61.31,61.31,NoButton,Move,235,216
61.326,61.326,NoButton,Move,235,214
61.343,61.343,NoButton,Move,235,214
61.359,61.359,NoButton,Move,235,214
61.601,61.601,NoButton,Move,236,214
61.61,61.61,NoButton,Move,238,214
61.628,61.628,NoButton,Move,245,214
61.644,61.644,NoButton,Move,258,214
61.661,61.661,NoButton,Move,277,216
61.674,61.674,NoButton,Move,298,218
61.689,61.689,NoButton,Move,303,220
61.706,61.706,NoButton,Move,318,222
61.722,61.722,NoButton,Move,326,223
61.738,61.738,NoButton,Move,334,223
61.755,61.755,NoButton,Move,339,223
61.772,61.772,NoButton,Move,344,223
61.989000000000004,61.989000000000004,NoButton,Move,346,223
61.995000000000005,61.995000000000005,NoButton,Move,348,223
62.006,62.006,NoButton,Move,351,223
62.022,62.022,NoButton,Move,358,223
62.042,62.042,NoButton,Move,370,223
62.059000000000005,62.059000000000005,NoButton,Move,391,223
62.075,62.075,NoButton,Move,404,222
62.092,62.092,NoButton,Move,419,221
62.109,62.109,NoButton,Move,426,220
62.125,62.125,NoButton,Move,433,218
62.142,62.142,NoButton,Move,439,217
62.159,62.159,NoButton,Move,444,216
62.176,62.176,NoButton,Move,447,215
62.192,62.192,NoButton,Move,450,215
62.209,62.209,NoButton,Move,451,214
62.376000000000005,62.376000000000005,NoButton,Move,451,214
62.382,62.382,NoButton,Move,456,214
62.392,62.392,NoButton,Move,460,214
62.409,62.409,NoButton,Move,471,211
62.429,62.429,NoButton,Move,489,208
62.442,62.442,NoButton,Move,513,205
62.462,62.462,NoButton,Move,529,203
62.480000000000004,62.480000000000004,NoButton,Move,539,202
62.495000000000005,62.495000000000005,NoButton,Move,546,202
62.513,62.513,NoButton,Move,549,202
62.53,62.53,NoButton,Move,550,202
62.546,62.546,NoButton,Move,550,202
62.563,62.563,NoButton,Move,550,201
62.58,62.58,NoButton,Move,550,201
62.781,62.781,NoButton,Move,550,201
62.786,62.786,NoButton,Move,550,204
62.797000000000004,62.797000000000004,NoButton,Move,550,207
62.816,62.816,NoButton,Move,550,214
62.834,62.834,NoButton,Move,552,227
62.846,62.846,NoButton,Move,558,249
62.866,62.866,NoButton,Move,566,276
62.883,62.883,NoButton,Move,574,305
62.901,62.901,NoButton,Move,579,324
62.917,62.917,NoButton,Move,582,337
62.934000000000005,62.934000000000005,NoButton,Move,584,348
62.951,62.951,NoButton,Move,585,354
62.967,62.967,NoButton,Move,586,356
63.192,63.192,NoButton,Move,586,357
63.201,63.201,NoButton,Move,586,360
63.218,63.218,NoButton,Move,586,366
63.234,63.234,NoButton,Move,586,373
63.251000000000005,63.251000000000005,NoButton,Move,586,382
63.264,63.264,NoButton,Move,588,393
63.28,63.28,NoButton,Move,589,399
63.297000000000004,63.297000000000004,NoButton,Move,591,405
63.312000000000005,63.312000000000005,NoButton,Move,592,412
63.329,63.329,NoButton,Move,593,415
63.346,63.346,NoButton,Move,593,416
63.362,63.362,NoButton,Move,594,417
63.379,63.379,NoButton,Move,594,417
63.395,63.395,NoButton,Move,594,417
63.412,63.412,NoButton,Move,594,417
63.596,63.596,NoButton,Move,594,418
63.603,63.603,NoButton,Move,594,421
63.613,63.613,NoButton,Move,594,423
63.629,63.629,NoButton,Move,596,429
63.645,63.645,NoButton,Move,598,434
63.662,63.662,NoButton,Move,602,444
63.681000000000004,63.681000000000004,NoButton,Move,605,449
63.699,63.699,NoButton,Move,607,453
63.715,63.715,NoButton,Move,609,456
63.733000000000004,63.733000000000004,NoButton,Move,610,457
63.749,63.749,NoButton,Move,610,458
63.766,63.766,NoButton,Move,610,458
63.934000000000005,63.934000000000005,NoButton,Move,610,458
63.941,63.941,NoButton,Move,607,458
63.95,63.95,NoButton,Move,604,458
63.966,63.966,NoButton,Move,595,460
63.983000000000004,63.983000000000004,NoButton,Move,563,468
63.998000000000005,63.998000000000005,NoButton,Move,522,477
64.018,64.018,NoButton,Move,476,490
64.037,64.037,NoButton,Move,446,496
64.054,64.054,NoButton,Move,413,505
64.071,64.071,NoButton,Move,396,508
64.08800000000001,64.08800000000001,NoButton,Move,387,510
64.104,64.104,NoButton,Move,380,511
64.121,64.121,NoButton,Move,378,511
64.346,64.346,NoButton,Move,377,511
64.355,64.355,NoButton,Move,375,511
64.371,64.371,NoButton,Move,365,513
64.387,64.387,NoButton,Move,343,517
64.405,64.405,NoButton,Move,305,524
64.418,64.418,NoButton,Move,265,531
64.434,64.434,NoButton,Move,244,533
64.449,64.449,NoButton,Move,221,535
64.46600000000001,64.46600000000001,NoButton,Move,206,537
64.483,64.483,NoButton,Move,193,538
64.499,64.499,NoButton,Move,188,538
64.516,64.516,NoButton,Move,187,538
64.533,64.533,NoButton,Move,188,538
64.549,64.549,NoButton,Move,193,538
64.709,64.709,NoButton,Move,192,538
64.714,64.714,NoButton,Move,188,538
64.724,64.724,NoButton,Move,185,538
64.733,64.733,NoButton,Move,181,538
64.749,64.749,NoButton,Move,175,538
64.766,64.766,NoButton,Move,142,541
64.78,64.78,NoButton,Move,129,542
64.797,64.797,NoButton,Move,111,545
64.813,64.813,NoButton,Move,98,546
64.82900000000001,64.82900000000001,NoButton,Move,89,546
64.846,64.846,NoButton,Move,84,547
64.862,64.862,NoButton,Move,83,547
64.879,64.879,NoButton,Move,83,547
64.896,64.896,NoButton,Move,83,547
64.912,64.912,NoButton,Move,83,547
65.113,65.113,NoButton,Move,83,547
65.118,65.118,NoButton,Move,83,543
65.13,65.13,NoButton,Move,83,538
65.145,65.145,NoButton,Move,82,524
65.166,65.166,NoButton,Move,82,484
65.182,65.182,NoButton,Move,82,431
65.199,65.199,NoButton,Move,82,412
65.21600000000001,65.21600000000001,NoButton,Move,82,395
65.232,65.232,NoButton,Move,81,382
65.248,65.248,NoButton,Move,81,377
65.267,65.267,NoButton,Move,81,375
65.282,65.282,NoButton,Move,81,375
65.49,65.49,NoButton,Move,81,375
65.498,65.498,NoButton,Move,81,372
65.505,65.505,NoButton,Move,80,369
65.516,65.516,NoButton,Move,80,366
65.533,65.533,NoButton,Move,78,356
65.546,65.546,NoButton,Move,78,346
65.563,65.563,NoButton,Move,77,333
65.58,65.58,NoButton,Move,76,322
65.595,65.595,NoButton,Move,75,313
65.612,65.612,NoButton,Move,75,308
65.628,65.628,NoButton,Move,75,305
65.645,65.645,NoButton,Move,74,305
65.661,65.661,NoButton,Move,74,304
65.696,65.696,NoButton,Move,74,305
65.904,65.904,NoButton,Move,76,305
65.91,65.91,NoButton,Move,79,305
65.918,65.918,NoButton,Move,82,305
65.927,65.927,NoButton,Move,87,305
65.94500000000002,65.94500000000002,NoButton,Move,92,305
65.961,65.961,NoButton,Move,126,307
65.976,65.976,NoButton,Move,144,309
65.992,65.992,NoButton,Move,155,311
66.008,66.008,NoButton,Move,168,312
66.024,66.024,NoButton,Move,174,313
66.041,66.041,NoButton,Move,181,314
66.058,66.058,NoButton,Move,183,314
66.074,66.074,NoButton,Move,183,314
66.267,66.267,NoButton,Move,184,314
66.273,66.273,NoButton,Move,187,313
66.282,66.282,NoButton,Move,191,313
66.292,66.292,NoButton,Move,195,312
66.307,66.307,NoButton,Move,200,311
66.324,66.324,NoButton,Move,224,309
66.339,66.339,NoButton,Move,234,309
66.355,66.355,NoButton,Move,246,308
66.371,66.371,NoButton,Move,253,308
66.387,66.387,NoButton,Move,258,308
66.403,66.403,NoButton,Move,260,308
66.42,66.42,NoButton,Move,261,308
66.437,66.437,NoButton,Move,261,308
66.453,66.453,NoButton,Move,260,308
66.605,66.605,NoButton,Move,261,308
66.611,66.611,NoButton,Move,264,308
66.621,66.621,NoButton,Move,268,307
66.636,66.636,NoButton,Move,275,305
66.654,66.654,NoButton,Move,287,303
66.671,66.671,NoButton,Move,298,302
66.691,66.691,NoButton,Move,306,301
66.708,66.708,NoButton,Move,313,299
66.724,66.724,NoButton,Move,316,299
66.741,66.741,NoButton,Move,317,299
66.758,66.758,NoButton,Move,317,299
66.967,66.967,NoButton,Move,317,299
66.974,66.974,NoButton,Move,317,302
66.982,66.982,NoButton,Move,317,305
66.992,66.992,NoButton,Move,318,308
67.009,67.009,NoButton,Move,319,315
67.025,67.025,NoButton,Move,324,333
67.039,67.039,NoButton,Move,327,343
67.055,67.055,NoButton,Move,334,364
67.071,67.071,NoButton,Move,341,388
67.087,67.087,NoButton,Move,347,409
67.104,67.104,NoButton,Move,351,423
67.121,67.121,NoButton,Move,354,431
67.137,67.137,NoButton,Move,355,437
67.154,67.154,NoButton,Move,356,439
67.17,67.17,NoButton,Move,357,440
67.363,67.363,NoButton,Move,357,440
67.369,67.369,NoButton,Move,357,443
67.378,67.378,NoButton,Move,358,447
67.387,67.387,NoButton,Move,359,451
67.404,67.404,NoButton,Move,360,455
67.421,67.421,NoButton,Move,364,466
67.435,67.435,NoButton,Move,365,469
67.45,67.45,NoButton,Move,368,475
67.467,67.467,NoButton,Move,370,479
67.484,67.484,NoButton,Move,371,480
67.5,67.5,NoButton,Move,371,481
67.518,67.518,NoButton,Move,372,482
67.685,67.685,NoButton,Move,372,482
67.69,67.69,NoButton,Move,372,485
67.7,67.7,NoButton,Move,372,488
67.718,67.718,NoButton,Move,373,493
67.732,67.732,NoButton,Move,374,497
67.749,67.749,NoButton,Move,375,500
67.768,67.768,NoButton,Move,376,503
67.786,67.786,NoButton,Move,377,504
67.805,67.805,NoButton,Move,377,504
67.821,67.821,NoButton,Move,377,505
67.998,67.998,NoButton,Move,377,504
68.004,68.004,NoButton,Move,377,500
68.012,68.012,NoButton,Move,379,495
68.021,68.021,NoButton,Move,382,488
68.038,68.038,NoButton,Move,386,480
68.055,68.055,NoButton,Move,400,448
68.069,68.069,NoButton,Move,403,442
68.086,68.086,NoButton,Move,409,428
68.102,68.102,NoButton,Move,415,417
68.118,68.118,NoButton,Move,419,411
68.135,68.135,NoButton,Move,420,409
68.151,68.151,NoButton,Move,421,409
68.168,68.168,NoButton,Move,421,409
68.352,68.352,NoButton,Move,421,408
68.359,68.359,NoButton,Move,421,405
68.369,68.369,NoButton,Move,421,400
68.385,68.385,NoButton,Move,421,389
68.402,68.402,NoButton,Move,423,364
68.417,68.417,NoButton,Move,427,342
68.438,68.438,NoButton,Move,430,325
68.456,68.456,NoButton,Move,432,314
68.47200000000001,68.47200000000001,NoButton,Move,433,306
68.49,68.49,NoButton,Move,434,303
68.506,68.506,NoButton,Move,434,302
68.524,68.524,NoButton,Move,435,302
68.69800000000001,68.69800000000001,NoButton,Move,435,301
68.705,68.705,NoButton,Move,435,299
68.71300000000001,68.71300000000001,NoButton,Move,435,295
68.723,68.723,NoButton,Move,435,292
68.739,68.739,NoButton,Move,435,288
68.756,68.756,NoButton,Move,437,274
68.771,68.771,NoButton,Move,438,269
68.787,68.787,NoButton,Move,439,263
68.802,68.802,NoButton,Move,441,255
68.819,68.819,NoButton,Move,442,251
68.836,68.836,NoButton,Move,442,250
68.851,68.851,NoButton,Move,443,249
69.09400000000001,69.09400000000001,NoButton,Move,444,249
69.10000000000001,69.10000000000001,NoButton,Move,448,249
69.109,69.109,NoButton,Move,453,249
69.119,69.119,NoButton,Move,458,250
69.134,69.134,NoButton,Move,464,251
69.151,69.151,NoButton,Move,482,254
69.166,69.166,NoButton,Move,502,259
69.182,69.182,NoButton,Move,511,261
69.19800000000001,69.19800000000001,NoButton,Move,521,263
69.214,69.214,NoButton,Move,530,266
69.231,69.231,NoButton,Move,534,267
69.247,69.247,NoButton,Move,535,268
69.264,69.264,NoButton,Move,536,268
69.28,69.28,NoButton,Move,536,268
69.44,69.44,NoButton,Move,536,268
69.447,69.447,NoButton,Move,539,268
69.455,69.455,NoButton,Move,542,268
69.465,69.465,NoButton,Move,546,267
69.481,69.481,NoButton,Move,549,266
69.497,69.497,NoButton,Move,562,264
69.511,69.511,NoButton,Move,567,264
69.528,69.528,NoButton,Move,574,263
69.544,69.544,NoButton,Move,580,262
69.56,69.56,NoButton,Move,583,262
69.578,69.578,NoButton,Move,584,262
69.593,69.593,NoButton,Move,585,262
69.787,69.787,NoButton,Move,585,265
69.792,69.792,NoButton,Move,585,269
69.801,69.801,NoButton,Move,585,275
69.811,69.811,NoButton,Move,586,281
69.827,69.827,NoButton,Move,587,287
69.843,69.843,NoButton,Move,592,304
69.858,69.858,NoButton,Move,595,314
69.874,69.874,NoButton,Move,600,332
69.89,69.89,NoButton,Move,603,343
69.907,69.907,NoButton,Move,606,352
69.923,69.923,NoButton,Move,607,357
69.94,69.94,NoButton,Move,608,359
69.95700000000001,69.95700000000001,NoButton,Move,608,360
69.973,69.973,NoButton,Move,608,361
70.157,70.157,NoButton,Move,608,363
70.163,70.163,NoButton,Move,608,369
70.175,70.175,NoButton,Move,610,375
70.19,70.19,NoButton,Move,614,387
70.206,70.206,NoButton,Move,618,400
70.223,70.223,NoButton,Move,623,415
70.243,70.243,NoButton,Move,627,425
70.26,70.26,NoButton,Move,631,433
70.276,70.276,NoButton,Move,633,437
70.294,70.294,NoButton,Move,633,439
70.311,70.311,NoButton,Move,634,440
70.327,70.327,NoButton,Move,634,441
70.537,70.537,NoButton,Move,632,441
70.543,70.543,NoButton,Move,628,444
70.551,70.551,NoButton,Move,622,447
70.561,70.561,NoButton,Move,614,451
70.578,70.578,NoButton,Move,603,456
70.59400000000001,70.59400000000001,NoButton,Move,563,472
70.608,70.608,NoButton,Move,550,476
70.624,70.624,NoButton,Move,533,479
70.639,70.639,NoButton,Move,524,481
70.656,70.656,NoButton,Move,517,482
70.674,70.674,NoButton,Move,514,483
70.69,70.69,NoButton,Move,513,483
70.907,70.907,NoButton,Move,513,483
70.914,70.914,NoButton,Move,510,483
70.923,70.923,NoButton,Move,508,483
70.94,70.94,NoButton,Move,496,483
70.95700000000001,70.95700000000001,NoButton,Move,478,483
70.973,70.973,NoButton,Move,457,483
70.993,70.993,NoButton,Move,439,483
71.01,71.01,NoButton,Move,421,484
71.026,71.026,NoButton,Move,414,485
71.043,71.043,NoButton,Move,407,486
71.06,71.06,NoButton,Move,405,486
71.077,71.077,NoButton,Move,404,487
71.093,71.093,NoButton,Move,404,487
71.246,71.246,NoButton,Move,404,487
71.252,71.252,NoButton,Move,401,487
71.261,71.261,NoButton,Move,396,487
71.277,71.277,NoButton,Move,380,487
71.293,71.293,NoButton,Move,347,488
71.31,71.31,NoButton,Move,319,492
71.33,71.33,NoButton,Move,295,495
71.348,71.348,NoButton,Move,280,497
71.365,71.365,NoButton,Move,268,498
71.383,71.383,NoButton,Move,263,499
71.399,71.399,NoButton,Move,262,499
71.416,71.416,NoButton,Move,262,499
71.432,71.432,NoButton,Move,262,499
71.608,71.608,NoButton,Move,262,498
71.613,71.613,NoButton,Move,262,494
71.623,71.623,NoButton,Move,261,487
71.633,71.633,NoButton,Move,261,477
71.649,71.649,NoButton,Move,260,459
71.666,71.666,NoButton,Move,260,348
71.679,71.679,NoButton,Move,262,319
71.696,71.696,NoButton,Move,263,310
71.712,71.712,NoButton,Move,265,290
71.728,71.728,NoButton,Move,267,272
71.745,71.745,NoButton,Move,267,266
71.762,71.762,NoButton,Move,267,264
71.778,71.778,NoButton,Move,267,263
71.795,71.795,NoButton,Move,268,263
71.811,71.811,NoButton,Move,268,263
71.82900000000001,71.82900000000001,NoButton,Move,269,264
71.987,71.987,NoButton,Move,269,264
71.993,71.993,NoButton,Move,269,261
72.002,72.002,NoButton,Move,269,256
72.013,72.013,NoButton,Move,268,252
72.028,72.028,NoButton,Move,268,239
72.045,72.045,NoButton,Move,268,224
72.059,72.059,NoButton,Move,268,212
72.075,72.075,NoButton,Move,268,206
72.092,72.092,NoButton,Move,268,198
72.108,72.108,NoButton,Move,268,194
72.125,72.125,NoButton,Move,268,192
72.141,72.141,NoButton,Move,268,192
72.183,72.183,NoButton,Move,269,193
72.317,72.317,NoButton,Move,269,192
72.32300000000001,72.32300000000001,NoButton,Move,269,188
72.34100000000001,72.34100000000001,NoButton,Move,269,184
72.357,72.357,NoButton,Move,269,174
72.374,72.374,NoButton,Move,269,154
72.388,72.388,NoButton,Move,269,146
72.405,72.405,NoButton,Move,269,131
72.42,72.42,NoButton,Move,269,118
72.436,72.436,NoButton,Move,269,112
72.452,72.452,NoButton,Move,270,108
72.47,72.47,NoButton,Move,270,106
72.487,72.487,NoButton,Move,270,106
72.503,72.503,NoButton,Move,271,106
72.671,72.671,NoButton,Move,270,106
72.678,72.678,NoButton,Move,264,106
72.687,72.687,NoButton,Move,258,106
72.702,72.702,NoButton,Move,244,106
72.72,72.72,NoButton,Move,227,109
72.736,72.736,NoButton,Move,187,115
72.753,72.753,NoButton,Move,158,119
72.774,72.774,NoButton,Move,137,121
72.79,72.79,NoButton,Move,125,122
72.808,72.808,NoButton,Move,116,123
72.825,72.825,NoButton,Move,112,123
72.84100000000001,72.84100000000001,NoButton,Move,112,124
72.858,72.858,NoButton,Move,112,124
72.874,72.874,NoButton,Move,114,124
73.042,73.042,NoButton,Move,113,124
73.048,73.048,NoButton,Move,110,124
73.057,73.057,NoButton,Move,106,124
73.074,73.074,NoButton,Move,96,123
73.092,73.092,NoButton,Move,77,123
73.108,73.108,NoButton,Move,61,122
73.128,73.128,NoButton,Move,49,121
73.144,73.144,NoButton,Move,39,120
73.162,73.162,NoButton,Move,34,119
73.179,73.179,NoButton,Move,32,119
73.196,73.196,NoButton,Move,32,119
73.355,73.355,NoButton,Move,31,119
73.362,73.362,NoButton,Move,29,119
73.379,73.379,NoButton,Move,26,119
73.396,73.396,NoButton,Move,19,119
73.413,73.413,NoButton,Move,10,117
73.427,73.427,NoButton,Move,7,117
73.443,73.443,NoButton,Move,2,116
73.461,73.461,NoButton,Move,0,115
73.476,73.476,NoButton,Move,0,115
73.492,73.492,NoButton,Move,0,114
73.667,73.667,NoButton,Move,0,116
73.677,73.677,NoButton,Move,0,120
73.693,73.693,NoButton,Move,0,124
73.709,73.709,NoButton,Move,5,141
73.724,73.724,NoButton,Move,14,173
73.741,73.741,NoButton,Move,37,244
73.76,73.76,NoButton,Move,47,271
73.776,73.776,NoButton,Move,67,326
73.793,73.793,NoButton,Move,83,361
73.81,73.81,NoButton,Move,95,388
73.82600000000001,73.82600000000001,NoButton,Move,102,405
73.843,73.843,NoButton,Move,107,417
73.859,73.859,NoButton,Move,109,421
73.876,73.876,NoButton,Move,110,423
73.892,73.892,NoButton,Move,110,424
73.909,73.909,NoButton,Move,111,424
74.137,74.137,NoButton,Move,111,425
74.145,74.145,NoButton,Move,113,428
74.159,74.159,NoButton,Move,118,436
74.176,74.176,NoButton,Move,131,456
74.192,74.192,NoButton,Move,148,484
74.209,74.209,NoButton,Move,159,503
74.22500000000001,74.22500000000001,NoButton,Move,170,522
74.242,74.242,NoButton,Move,175,530
74.259,74.259,NoButton,Move,178,535
74.275,74.275,NoButton,Move,179,538
74.292,74.292,NoButton,Move,180,539
74.309,74.309,NoButton,Move,180,539
74.477,74.477,NoButton,Move,180,540
74.483,74.483,NoButton,Move,181,544
74.493,74.493,NoButton,Move,183,549
74.509,74.509,NoButton,Move,190,560
74.525,74.525,NoButton,Move,196,569
74.542,74.542,NoButton,Move,200,575
74.563,74.563,NoButton,Move,205,582
74.57900000000001,74.57900000000001,NoButton,Move,208,586
74.59700000000001,74.59700000000001,NoButton,Move,209,587
74.614,74.614,NoButton,Move,209,587
74.629,74.629,NoButton,Move,210,588
74.789,74.789,NoButton,Move,210,588
74.796,74.796,NoButton,Move,215,583
74.813,74.813,NoButton,Move,221,578
74.831,74.831,NoButton,Move,246,564
74.84700000000001,74.84700000000001,NoButton,Move,274,550
74.86,74.86,NoButton,Move,285,546
74.876,74.876,NoButton,Move,318,533
74.892,74.892,NoButton,Move,340,527
74.909,74.909,NoButton,Move,354,524
74.925,74.925,NoButton,Move,365,522
74.943,74.943,NoButton,Move,370,522
74.959,74.959,NoButton,Move,371,522
74.97800000000001,74.97800000000001,NoButton,Move,368,523
75.128,75.128,NoButton,Move,369,523
75.134,75.134,NoButton,Move,372,522
75.143,75.143,NoButton,Move,375,521
75.159,75.159,NoButton,Move,380,519
75.175,75.175,NoButton,Move,400,511
75.192,75.192,NoButton,Move,428,501
75.214,75.214,NoButton,Move,451,494
75.231,75.231,NoButton,Move,478,485
75.247,75.247,NoButton,Move,497,480
75.264,75.264,NoButton,Move,505,477
75.282,75.282,NoButton,Move,511,476
75.298,75.298,NoButton,Move,513,475
75.314,75.314,NoButton,Move,514,474
75.331,75.331,NoButton,Move,514,474
75.34700000000001,75.34700000000001,NoButton,Move,513,474
75.483,75.483,NoButton,Move,513,474
75.488,75.488,NoButton,Move,513,470
75.498,75.498,NoButton,Move,512,467
75.515,75.515,NoButton,Move,511,453
75.531,75.531,NoButton,Move,511,424
75.547,75.547,NoButton,Move,511,372
75.569,75.569,NoButton,Move,511,350
75.586,75.586,NoButton,Move,513,328
75.60300000000001,75.60300000000001,NoButton,Move,514,311
75.62,75.62,NoButton,Move,515,304
75.636,75.636,NoButton,Move,515,301
75.653,75.653,NoButton,Move,515,301
75.67,75.67,NoButton,Move,515,301
75.686,75.686,NoButton,Move,515,301
75.845,75.845,NoButton,Move,515,300
75.852,75.852,NoButton,Move,514,297
75.869,75.869,NoButton,Move,511,290
75.885,75.885,NoButton,Move,508,279
75.903,75.903,NoButton,Move,505,269
75.917,75.917,NoButton,Move,499,243
75.933,75.933,NoButton,Move,498,238
75.94800000000001,75.94800000000001,NoButton,Move,494,221
75.965,75.965,NoButton,Move,492,209
75.981,75.981,NoButton,Move,490,202
75.999,75.999,NoButton,Move,489,195
76.015,76.015,NoButton,Move,489,192
76.031,76.031,NoButton,Move,489,192
76.232,76.232,NoButton,Move,489,192
76.238,76.238,NoButton,Move,487,190
76.249,76.249,NoButton,Move,483,188
76.265,76.265,NoButton,Move,475,185
76.282,76.282,NoButton,Move,455,179
76.299,76.299,NoButton,Move,423,172
76.318,76.318,NoButton,Move,388,167
76.33500000000001,76.33500000000001,NoButton,Move,353,161
76.352,76.352,NoButton,Move,334,157
76.369,76.369,NoButton,Move,315,152
76.385,76.385,NoButton,Move,309,148
76.402,76.402,NoButton,Move,304,145
76.419,76.419,NoButton,Move,303,142
76.435,76.435,NoButton,Move,305,142
76.586,76.586,NoButton,Move,305,142
76.592,76.592,NoButton,Move,301,141
76.60300000000001,76.60300000000001,NoButton,Move,297,140
76.619,76.619,NoButton,Move,290,138
76.635,76.635,NoButton,Move,278,135
76.651,76.651,NoButton,Move,264,132
76.671,76.671,NoButton,Move,247,130
76.689,76.689,NoButton,Move,234,127
76.706,76.706,NoButton,Move,227,126
76.723,76.723,NoButton,Move,222,124
76.74,76.74,NoButton,Move,221,124
76.756,76.756,NoButton,Move,220,124
76.908,76.908,NoButton,Move,220,124
76.915,76.915,NoButton,Move,220,128
76.924,76.924,NoButton,Move,219,132
76.94,76.94,NoButton,Move,215,145
76.956,76.956,NoButton,Move,209,165
76.973,76.973,NoButton,Move,199,196
76.994,76.994,NoButton,Move,190,227
77.011,77.011,NoButton,Move,182,257
77.028,77.028,NoButton,Move,178,276
77.044,77.044,NoButton,Move,174,296
77.061,77.061,NoButton,Move,172,305
77.07900000000001,77.07900000000001,NoButton,Move,170,314
77.095,77.095,NoButton,Move,169,318
77.111,77.111,NoButton,Move,169,320
77.128,77.128,NoButton,Move,169,321
77.145,77.145,NoButton,Move,169,321
77.312,77.312,NoButton,Move,168,321
77.318,77.318,NoButton,Move,165,325
77.32900000000001,77.32900000000001,NoButton,Move,162,327
77.34400000000001,77.34400000000001,NoButton,Move,154,335
77.361,77.361,NoButton,Move,141,346
77.377,77.377,NoButton,Move,122,361
77.397,77.397,NoButton,Move,108,368
77.414,77.414,NoButton,Move,100,372
77.431,77.431,NoButton,Move,94,375
77.44800000000001,77.44800000000001,NoButton,Move,91,376
77.465,77.465,NoButton,Move,91,376
77.482,77.482,NoButton,Move,91,376
77.625,77.625,NoButton,Move,91,376
77.631,77.631,NoButton,Move,91,371
77.649,77.649,NoButton,Move,91,366
77.665,77.665,NoButton,Move,91,347
77.683,77.683,NoButton,Move,91,255
77.697,77.697,NoButton,Move,92,234
77.714,77.714,NoButton,Move,95,179
77.729,77.729,NoButton,Move,96,139
77.745,77.745,NoButton,Move,97,118
77.762,77.762,NoButton,Move,97,100
77.779,77.779,NoButton,Move,97,94
77.795,77.795,NoButton,Move,97,92
77.811,77.811,NoButton,Move,97,91
77.845,77.845,NoButton,Move,97,92
77.85300000000001,77.85300000000001,NoButton,Move,97,96
78.013,78.013,NoButton,Move,97,95
78.019,78.019,NoButton,Move,97,93
78.029,78.029,NoButton,Move,96,91
78.045,78.045,NoButton,Move,94,86
78.062,78.062,NoButton,Move,90,80
78.078,78.078,NoButton,Move,87,70
78.098,78.098,NoButton,Move,83,63
78.115,78.115,NoButton,Move,80,56
78.132,78.132,NoButton,Move,78,53
78.149,78.149,NoButton,Move,77,52
78.166,78.166,NoButton,Move,77,52
78.367,78.367,NoButton,Move,79,52
78.373,78.373,NoButton,Move,84,52
78.384,78.384,NoButton,Move,90,52
78.4,78.4,NoButton,Move,105,52
78.416,78.416,NoButton,Move,143,52
78.432,78.432,NoButton,Move,191,52
78.45400000000001,78.45400000000001,NoButton,Move,226,55
78.47,78.47,NoButton,Move,253,57
78.488,78.488,NoButton,Move,268,58
78.504,78.504,NoButton,Move,280,59
78.521,78.521,NoButton,Move,285,60
78.537,78.537,NoButton,Move,287,60
78.554,78.554,NoButton,Move,287,60
78.738,78.738,NoButton,Move,290,60
78.744,78.744,NoButton,Move,296,60
78.754,78.754,NoButton,Move,303,60
78.771,78.771,NoButton,Move,318,60
78.791,78.791,NoButton,Move,345,61
78.806,78.806,NoButton,Move,378,65
78.824,78.824,NoButton,Move,398,68
78.84100000000001,78.84100000000001,NoButton,Move,411,69
78.857,78.857,NoButton,Move,423,70
78.875,78.875,NoButton,Move,430,70
78.89,78.89,NoButton,Move,435,70
78.908,78.908,NoButton,Move,438,70
78.924,78.924,NoButton,Move,439,70
78.941,78.941,NoButton,Move,440,70
78.958,78.958,NoButton,Move,439,70
79.099,79.099,NoButton,Move,441,69
79.107,79.107,NoButton,Move,446,67
79.124,79.124,NoButton,Move,460,63
79.141,79.141,NoButton,Move,483,57
79.158,79.158,NoButton,Move,508,52
79.172,79.172,NoButton,Move,525,49
79.188,79.188,NoButton,Move,550,48
79.20400000000001,79.20400000000001,NoButton,Move,574,47
79.221,79.221,NoButton,Move,583,47
79.236,79.236,NoButton,Move,590,47
79.253,79.253,NoButton,Move,593,47
79.27,79.27,NoButton,Move,594,47
79.287,79.287,NoButton,Move,594,47
79.313,79.313,NoButton,Move,593,48
79.321,79.321,NoButton,Move,591,48
79.488,79.488,NoButton,Move,591,48
79.494,79.494,NoButton,Move,593,48
79.504,79.504,NoButton,Move,596,48
79.521,79.521,NoButton,Move,608,43
79.537,79.537,NoButton,Move,621,38
79.553,79.553,NoButton,Move,638,31
79.57300000000001,79.57300000000001,NoButton,Move,647,28
79.59100000000001,79.59100000000001,NoButton,Move,654,26
79.607,79.607,NoButton,Move,658,25
79.624,79.624,NoButton,Move,659,25
79.641,79.641,NoButton,Move,660,25
79.801,79.801,NoButton,Move,660,26
79.807,79.807,NoButton,Move,659,30
79.825,79.825,NoButton,Move,656,37
79.842,79.842,NoButton,Move,653,54
79.858,79.858,NoButton,Move,644,93
79.873,79.873,NoButton,Move,636,150
79.889,79.889,NoButton,Move,635,161
79.905,79.905,NoButton,Move,631,197
79.921,79.921,NoButton,Move,630,215
79.938,79.938,NoButton,Move,629,220
79.955,79.955,NoButton,Move,629,225
79.971,79.971,NoButton,Move,629,227
79.987,79.987,NoButton,Move,629,228
80.005,80.005,NoButton,Move,629,227
80.205,80.205,NoButton,Move,629,228
80.21000000000001,80.21000000000001,NoButton,Move,629,232
80.22200000000001,80.22200000000001,NoButton,Move,629,235
80.237,80.237,NoButton,Move,629,247
80.255,80.255,NoButton,Move,629,265
80.272,80.272,NoButton,Move,629,281
80.289,80.289,NoButton,Move,629,301
80.307,80.307,NoButton,Move,629,320
80.325,80.325,NoButton,Move,629,330
80.342,80.342,NoButton,Move,629,338
80.358,80.358,NoButton,Move,628,342
80.375,80.375,NoButton,Move,628,344
80.392,80.392,NoButton,Move,628,344
80.408,80.408,NoButton,Move,628,344
80.541,80.541,NoButton,Move,628,344
80.547,80.547,NoButton,Move,628,347
80.558,80.558,NoButton,Move,628,350
80.575,80.575,NoButton,Move,628,361
80.59100000000001,80.59100000000001,NoButton,Move,628,379
80.608,80.608,NoButton,Move,628,408
80.626,80.626,NoButton,Move,628,437
80.643,80.643,NoButton,Move,628,456
80.661,80.661,NoButton,Move,628,471
80.677,80.677,NoButton,Move,628,483
80.694,80.694,NoButton,Move,628,489
80.711,80.711,NoButton,Move,628,492
80.727,80.727,NoButton,Move,628,493
80.744,80.744,NoButton,Move,628,493
80.761,80.761,NoButton,Move,629,493
80.936,80.936,NoButton,Move,629,494
80.943,80.943,NoButton,Move,629,496
80.95100000000001,80.95100000000001,NoButton,Move,630,498
80.961,80.961,NoButton,Move,631,501
80.97800000000001,80.97800000000001,NoButton,Move,633,505
80.992,80.992,NoButton,Move,636,511
81.008,81.008,NoButton,Move,638,514
81.024,81.024,NoButton,Move,640,518
81.041,81.041,NoButton,Move,641,521
81.056,81.056,NoButton,Move,642,523
81.07300000000001,81.07300000000001,NoButton,Move,643,525
81.089,81.089,NoButton,Move,643,525
81.10600000000001,81.10600000000001,NoButton,Move,643,526
81.124,81.124,NoButton,Move,643,526
81.244,81.244,NoButton,Move,633,526
81.249,81.249,NoButton,Move,620,526
81.258,81.258,NoButton,Move,605,526
81.274,81.274,NoButton,Move,587,528
81.291,81.291,NoButton,Move,531,542
81.311,81.311,NoButton,Move,479,558
81.33,81.33,NoButton,Move,456,567
81.348,81.348,NoButton,Move,430,575
81.364,81.364,NoButton,Move,413,580
81.38,81.38,NoButton,Move,407,582
81.397,81.397,NoButton,Move,406,582
81.614,81.614,NoButton,Move,405,582
81.621,81.621,NoButton,Move,400,582
81.632,81.632,NoButton,Move,393,582
81.65,81.65,NoButton,Move,362,588
81.666,81.666,NoButton,Move,292,601
81.683,81.683,NoButton,Move,240,611
81.7,81.7,NoButton,Move,189,618
81.717,81.717,NoButton,Move,127,625
81.734,81.734,NoButton,Move,112,626
81.749,81.749,NoButton,Move,91,626
81.768,81.768,NoButton,Move,83,626
81.784,81.784,NoButton,Move,81,623
81.8,81.801,NoButton,Move,82,621
81.967,81.967,NoButton,Move,82,621
81.973,81.973,NoButton,Move,78,621
81.983,81.983,NoButton,Move,74,621
82.001,82.001,NoButton,Move,65,621
82.02,82.02,NoButton,Move,50,621
82.034,82.034,NoButton,Move,31,621
82.053,82.053,NoButton,Move,3,621
82.408,82.408,NoButton,Move,0,583
82.411,82.411,NoButton,Move,0,583
82.421,82.421,NoButton,Move,9,576
82.439,82.439,NoButton,Move,28,562
82.455,82.455,NoButton,Move,49,551
82.47200000000001,82.47200000000001,NoButton,Move,69,545
82.487,82.487,NoButton,Move,93,541
82.505,82.505,NoButton,Move,96,540
82.522,82.522,NoButton,Move,106,539
82.538,82.538,NoButton,Move,112,538
82.555,82.555,NoButton,Move,113,538
82.571,82.571,NoButton,Move,114,538
82.75,82.75,NoButton,Move,114,538
82.757,82.757,NoButton,Move,113,534
82.771,82.771,NoButton,Move,112,529
82.787,82.787,NoButton,Move,111,516
82.804,82.804,NoButton,Move,108,487
82.821,82.821,NoButton,Move,106,409
82.83800000000001,82.83800000000001,NoButton,Move,106,350
82.855,82.855,NoButton,Move,106,324
82.872,82.872,NoButton,Move,106,303
82.887,82.887,NoButton,Move,106,286
82.905,82.905,NoButton,Move,106,281
82.921,82.921,NoButton,Move,106,280
82.938,82.938,NoButton,Move,106,280
82.95400000000001,82.95400000000001,NoButton,Move,105,281
83.114,83.114,NoButton,Move,104,281
83.12,83.12,NoButton,Move,100,281
83.128,83.128,NoButton,Move,95,281
83.138,83.138,NoButton,Move,90,281
83.155,83.155,NoButton,Move,84,280
83.172,83.172,NoButton,Move,54,277
83.187,83.187,NoButton,Move,21,273
83.202,83.202,NoButton,Move,4,272
83.947,83.947,NoButton,Move,11,258
83.949,83.949,NoButton,Move,11,258
83.968,83.968,NoButton,Move,98,260
83.985,83.985,NoButton,Move,160,268
84.001,84.001,NoButton,Move,199,273
84.022,84.022,NoButton,Move,234,276
84.04,84.04,NoButton,Move,246,277
84.059,84.059,NoButton,Move,251,277
84.07600000000001,84.07600000000001,NoButton,Move,253,278
84.093,84.093,NoButton,Move,253,278
84.109,84.109,NoButton,Move,253,278
84.268,84.268,NoButton,Move,253,278
84.276,84.276,NoButton,Move,257,277
84.292,84.292,NoButton,Move,268,273
84.31,84.31,NoButton,Move,282,268
84.32600000000001,84.32600000000001,NoButton,Move,308,261
84.34100000000001,84.34100000000001,NoButton,Move,348,253
84.35600000000001,84.35600000000001,NoButton,Move,368,250
84.371,84.371,NoButton,Move,390,248
84.388,84.388,NoButton,Move,415,247
84.404,84.404,NoButton,Move,427,246
84.421,84.421,NoButton,Move,435,246
84.438,84.438,NoButton,Move,439,246
84.455,84.455,NoButton,Move,440,246
84.471,84.471,NoButton,Move,440,246
84.655,84.655,NoButton,Move,445,245
84.661,84.661,NoButton,Move,451,242
84.672,84.672,NoButton,Move,460,240
84.687,84.687,NoButton,Move,485,238
84.70400000000001,84.70400000000001,NoButton,Move,513,238
84.72200000000001,84.72200000000001,NoButton,Move,540,238
84.741,84.741,NoButton,Move,584,243
84.758,84.758,NoButton,Move,606,249
84.775,84.775,NoButton,Move,620,253
84.791,84.791,NoButton,Move,631,257
84.809,84.809,NoButton,Move,635,259
84.825,84.825,NoButton,Move,637,261
84.943,84.943,NoButton,Move,637,260
84.949,84.949,NoButton,Move,637,256
84.959,84.959,NoButton,Move,635,251
84.97500000000001,84.97500000000001,NoButton,Move,631,233
84.992,84.992,NoButton,Move,627,208
85.009,85.009,NoButton,Move,622,164
85.029,85.029,NoButton,Move,619,126
85.046,85.046,NoButton,Move,616,95
85.063,85.063,NoButton,Move,615,75
85.08,85.08,NoButton,Move,615,60
85.096,85.096,NoButton,Move,615,52
85.114,85.114,NoButton,Move,615,50
85.13,85.13,NoButton,Move,615,49
85.306,85.306,NoButton,Move,615,48
85.313,85.313,NoButton,Move,613,46
85.33,85.33,NoButton,Move,611,44
85.34700000000001,85.34700000000001,NoButton,Move,607,39
85.363,85.363,NoButton,Move,599,32
85.378,85.378,NoButton,Move,594,28
85.394,85.394,NoButton,Move,579,16
85.41,85.41,NoButton,Move,567,10
85.427,85.427,NoButton,Move,558,6
85.443,85.443,NoButton,Move,548,3
85.46000000000001,85.46000000000001,NoButton,Move,542,2
85.477,85.477,NoButton,Move,536,2
85.493,85.493,NoButton,Move,534,6
85.653,85.653,NoButton,Move,533,6
85.66,85.66,NoButton,Move,528,6
85.676,85.676,NoButton,Move,516,6
85.693,85.693,NoButton,Move,495,9
85.71000000000001,85.71000000000001,NoButton,Move,468,15
85.72500000000001,85.72500000000001,NoButton,Move,404,30
85.741,85.741,NoButton,Move,368,39
85.756,85.756,NoButton,Move,301,57
85.773,85.773,NoButton,Move,260,65
85.79,85.79,NoButton,Move,233,68
85.806,85.806,NoButton,Move,216,69
85.82300000000001,85.82300000000001,NoButton,Move,203,69
85.839,85.839,NoButton,Move,199,69
85.85600000000001,85.85600000000001,NoButton,Move,198,69
86.033,86.033,NoButton,Move,196,69
86.038,86.038,NoButton,Move,189,68
86.046,86.046,NoButton,Move,181,68
86.057,86.057,NoButton,Move,174,67
86.07300000000001,86.07300000000001,NoButton,Move,167,66
86.089,86.089,NoButton,Move,142,64
86.10300000000001,86.10300000000001,NoButton,Move,108,64
86.12,86.12,NoButton,Move,75,64
86.136,86.136,NoButton,Move,61,64
86.153,86.153,NoButton,Move,44,64
86.169,86.169,NoButton,Move,35,66
86.186,86.186,NoButton,Move,29,67
86.202,86.202,NoButton,Move,28,68
86.345,86.345,NoButton,Move,27,68
86.351,86.351,NoButton,Move,25,68
86.36,86.36,NoButton,Move,24,68
86.37,86.37,NoButton,Move,22,67
86.386,86.386,NoButton,Move,20,66
86.403,86.403,NoButton,Move,17,65
86.418,86.418,NoButton,Move,16,64
86.433,86.433,NoButton,Move,15,64
86.449,86.449,NoButton,Move,12,64
86.46600000000001,86.46600000000001,NoButton,Move,9,67
86.482,86.482,NoButton,Move,6,80
86.499,86.499,NoButton,Move,5,97
86.515,86.515,NoButton,Move,5,130
86.532,86.532,NoButton,Move,14,171
86.549,86.549,NoButton,Move,46,249
86.565,86.565,NoButton,Move,73,302
86.58200000000001,86.58200000000001,NoButton,Move,83,325
86.599,86.599,NoButton,Move,92,345
86.615,86.615,NoButton,Move,99,360
86.632,86.632,NoButton,Move,102,366
86.649,86.649,NoButton,Move,102,368
86.665,86.665,NoButton,Move,104,368
86.682,86.682,NoButton,Move,106,369
86.83200000000001,86.83200000000001,NoButton,Move,106,369
86.837,86.837,NoButton,Move,105,374
86.848,86.848,NoButton,Move,104,379
86.868,86.868,NoButton,Move,104,396
86.883,86.883,NoButton,Move,104,415
86.901,86.901,NoButton,Move,104,432
86.918,86.918,NoButton,Move,107,453
86.934,86.934,NoButton,Move,112,475
86.95100000000001,86.95100000000001,NoButton,Move,116,489
86.967,86.967,NoButton,Move,119,496
86.98400000000001,86.98400000000001,NoButton,Move,121,499
87.169,87.169,NoButton,Move,121,499
87.175,87.175,NoButton,Move,121,495
87.186,87.186,NoButton,Move,122,491
87.202,87.202,NoButton,Move,127,480
87.218,87.218,NoButton,Move,134,466
87.235,87.235,NoButton,Move,150,442
87.256,87.256,NoButton,Move,168,418
87.272,87.272,NoButton,Move,181,405
87.29,87.29,NoButton,Move,196,394
87.307,87.307,NoButton,Move,203,390
87.322,87.322,NoButton,Move,209,387
87.499,87.499,NoButton,Move,209,387
87.505,87.505,NoButton,Move,207,382
87.513,87.513,NoButton,Move,203,375
87.523,87.523,NoButton,Move,199,363
87.54,87.54,NoButton,Move,195,351
87.555,87.555,NoButton,Move,159,238
87.57000000000002,87.57000000000002,NoButton,Move,154,216
87.587,87.587,NoButton,Move,136,137
87.604,87.604,NoButton,Move,127,96
87.619,87.619,NoButton,Move,121,69
87.636,87.636,NoButton,Move,115,48
87.653,87.653,NoButton,Move,110,35
87.669,87.669,NoButton,Move,105,27
87.686,87.686,NoButton,Move,101,20
87.702,87.702,NoButton,Move,99,17
87.71900000000001,87.71900000000001,NoButton,Move,98,14
87.736,87.736,NoButton,Move,98,13
87.786,87.786,NoButton,Move,98,13
87.811,87.811,NoButton,Move,97,13
87.819,87.819,NoButton,Move,97,12
87.836,87.836,NoButton,Move,96,11
87.852,87.852,NoButton,Move,94,8
87.869,87.869,NoButton,Move,92,1
89.31,89.31,NoButton,Move,823,84
89.401,89.401,NoButton,Move,668,378
89.409,89.409,NoButton,Move,664,378
89.417,89.417,NoButton,Move,659,377
89.431,89.431,NoButton,Move,651,376
89.449,89.449,NoButton,Move,635,374
89.465,89.465,NoButton,Move,612,370
89.483,89.483,NoButton,Move,551,362
89.499,89.499,NoButton,Move,518,360
89.516,89.516,NoButton,Move,487,357
89.534,89.534,NoButton,Move,459,356
89.55,89.55,NoButton,Move,448,355
89.566,89.566,NoButton,Move,443,355
89.583,89.583,NoButton,Move,443,355
89.75,89.75,NoButton,Move,442,355
89.755,89.755,NoButton,Move,437,355
89.767,89.767,NoButton,Move,429,355
89.784,89.784,NoButton,Move,416,355
89.802,89.802,NoButton,Move,396,355
89.818,89.818,NoButton,Move,367,358
89.83500000000001,89.83500000000001,NoButton,Move,339,362
89.852,89.852,NoButton,Move,309,368
89.869,89.869,NoButton,Move,290,370
89.885,89.885,NoButton,Move,278,372
89.903,89.903,NoButton,Move,267,373
89.92,89.92,NoButton,Move,264,374
89.936,89.936,NoButton,Move,263,375
90.137,90.137,NoButton,Move,262,375
90.143,90.143,NoButton,Move,257,375
90.152,90.152,NoButton,Move,253,375
90.169,90.169,NoButton,Move,240,378
90.186,90.186,NoButton,Move,208,386
90.203,90.203,NoButton,Move,175,395
90.221,90.221,NoButton,Move,154,402
90.238,90.238,NoButton,Move,140,405
90.256,90.256,NoButton,Move,128,408
90.274,90.274,NoButton,Move,124,409
90.29,90.29,NoButton,Move,123,410
90.47500000000001,90.47500000000001,NoButton,Move,123,409
90.48100000000001,90.48100000000001,NoButton,Move,122,405
90.49,90.49,NoButton,Move,120,395
90.507,90.507,NoButton,Move,114,366
90.524,90.524,NoButton,Move,105,305
90.541,90.541,NoButton,Move,95,236
90.56,90.56,NoButton,Move,90,208
90.578,90.578,NoButton,Move,84,184
90.59400000000001,90.59400000000001,NoButton,Move,80,165
90.61200000000001,90.61200000000001,NoButton,Move,78,159
90.628,90.628,NoButton,Move,78,157
90.82000000000002,90.82000000000002,NoButton,Move,78,156
90.828,90.828,NoButton,Move,78,151
90.845,90.845,NoButton,Move,75,138
90.86200000000001,90.86200000000001,NoButton,Move,72,125
90.879,90.879,NoButton,Move,71,112
90.892,90.892,NoButton,Move,69,97
90.909,90.909,NoButton,Move,66,70
90.924,90.924,NoButton,Move,64,52
90.941,90.941,NoButton,Move,61,39
90.95700000000001,90.95700000000001,NoButton,Move,59,30
90.97500000000001,90.97500000000001,NoButton,Move,59,26
90.99,90.99,NoButton,Move,58,25
91.007,91.007,NoButton,Move,58,25
91.242,91.242,NoButton,Move,58,25
91.248,91.248,NoButton,Move,56,25
91.257,91.257,NoButton,Move,55,24
91.273,91.273,NoButton,Move,53,23
91.291,91.291,NoButton,Move,51,23
91.307,91.307,NoButton,Move,51,22
91.497,91.497,NoButton,Move,52,22
91.504,91.504,NoButton,Move,57,22
91.511,91.511,NoButton,Move,63,22
91.528,91.528,NoButton,Move,90,21
91.545,91.545,NoButton,Move,149,21
91.561,91.561,NoButton,Move,231,21
91.58200000000001,91.58200000000001,NoButton,Move,307,30
91.599,91.599,NoButton,Move,349,38
91.616,91.616,NoButton,Move,378,45
91.634,91.634,NoButton,Move,393,48
91.651,91.651,NoButton,Move,406,50
91.667,91.667,NoButton,Move,412,52
91.684,91.684,NoButton,Move,414,52
91.7,91.7,NoButton,Move,414,52
91.85900000000001,91.85900000000001,NoButton,Move,415,52
91.866,91.866,NoButton,Move,421,52
91.874,91.874,NoButton,Move,429,52
91.883,91.883,NoButton,Move,439,52
91.901,91.901,NoButton,Move,464,52
91.917,91.917,NoButton,Move,514,57
91.932,91.932,NoButton,Move,572,62
91.94800000000001,91.94800000000001,NoButton,Move,587,64
91.964,91.964,NoButton,Move,646,70
91.97800000000001,91.97800000000001,NoButton,Move,672,71
91.996,91.996,NoButton,Move,686,73
92.013,92.013,NoButton,Move,696,73
92.029,92.029,NoButton,Move,700,73
92.045,92.045,NoButton,Move,700,73
92.062,92.062,NoButton,Move,700,73
92.23,92.23,NoButton,Move,702,72
92.23700000000001,92.23700000000001,NoButton,Move,709,72
92.246,92.246,NoButton,Move,717,71
92.263,92.263,NoButton,Move,745,71
92.28,92.28,NoButton,Move,782,71
92.296,92.296,NoButton,Move,853,78
92.315,92.315,NoButton,Move,894,87
92.33200000000001,92.33200000000001,NoButton,Move,925,93
92.349,92.349,NoButton,Move,944,98
92.367,92.367,NoButton,Move,956,101
92.384,92.384,NoButton,Move,961,103
92.401,92.401,NoButton,Move,963,103
92.417,92.417,NoButton,Move,963,103
92.601,92.601,NoButton,Move,963,103
92.607,92.607,NoButton,Move,968,102
92.617,92.617,NoButton,Move,975,100
92.634,92.634,NoButton,Move,996,97
92.65,92.65,NoButton,Move,1036,92
92.668,92.668,NoButton,Move,1110,88
92.686,92.686,NoButton,Move,1181,86
92.703,92.703,NoButton,Move,1219,86
92.721,92.721,NoButton,Move,1245,88
92.738,92.738,NoButton,Move,1258,89
92.755,92.755,NoButton,Move,1266,91
92.772,92.772,NoButton,Move,1269,92
92.788,92.788,NoButton,Move,1270,92
92.804,92.804,NoButton,Move,1264,94
92.931,92.931,NoButton,Move,1264,93
92.937,92.937,NoButton,Move,1267,89
92.94500000000002,92.94500000000002,NoButton,Move,1271,83
92.955,92.955,NoButton,Move,1282,68
92.97200000000001,92.97200000000001,NoButton,Move,1292,55
92.988,92.988,NoButton,Move,1308,38
93.003,93.003,NoButton,Move,1315,32
93.018,93.018,NoButton,Move,1324,25
93.034,93.034,NoButton,Move,1332,19
93.051,93.051,NoButton,Move,1337,17
93.068,93.068,NoButton,Move,1340,17
93.084,93.084,NoButton,Move,1341,17
93.101,93.101,NoButton,Move,1341,17
93.117,93.117,NoButton,Move,1342,17
93.151,93.151,NoButton,Move,1342,17
93.168,93.168,NoButton,Move,1341,17
93.20100000000001,93.20100000000001,NoButton,Move,1341,18
93.209,93.209,NoButton,Move,1341,19
93.218,93.218,NoButton,Move,1342,21
93.23400000000001,93.23400000000001,NoButton,Move,1347,30
93.251,93.251,NoButton,Move,1354,44
93.268,93.268,NoButton,Move,1362,62
93.284,93.284,NoButton,Move,1374,83
93.301,93.301,NoButton,Move,1383,97
93.318,93.318,NoButton,Move,1392,112
93.33200000000001,93.33200000000001,NoButton,Move,1397,119
93.35000000000001,93.35000000000001,NoButton,Move,1402,125
93.368,93.368,NoButton,Move,1404,126
93.565,93.565,NoButton,Move,1404,126
93.57000000000002,93.57000000000002,NoButton,Move,1403,132
93.584,93.584,NoButton,Move,1401,141
93.601,93.601,NoButton,Move,1398,166
93.617,93.617,NoButton,Move,1397,201
93.634,93.634,NoButton,Move,1396,258
93.651,93.651,NoButton,Move,1396,336
93.669,93.669,NoButton,Move,1396,385
93.685,93.685,NoButton,Move,1396,418
93.702,93.702,NoButton,Move,1398,440
93.71900000000001,93.71900000000001,NoButton,Move,1399,453
93.736,93.736,NoButton,Move,1400,459
93.752,93.752,NoButton,Move,1400,461
93.769,93.769,NoButton,Move,1401,461
93.928,93.928,NoButton,Move,1401,461
93.935,93.935,NoButton,Move,1401,468
93.952,93.952,NoButton,Move,1399,489
93.96900000000001,93.96900000000001,NoButton,Move,1398,517
93.985,93.985,NoButton,Move,1398,549
93.999,93.999,NoButton,Move,1398,562
94.016,94.016,NoButton,Move,1398,608
94.032,94.032,NoButton,Move,1398,630
94.049,94.049,NoButton,Move,1399,645
94.066,94.066,NoButton,Move,1401,656
94.081,94.081,NoButton,Move,1402,662
94.099,94.099,NoButton,Move,1402,664
94.115,94.115,NoButton,Move,1403,666
94.131,94.131,NoButton,Move,1404,667
94.291,94.291,NoButton,Move,1404,670
94.296,94.296,NoButton,Move,1404,679
94.305,94.305,NoButton,Move,1404,688
94.315,94.315,NoButton,Move,1404,699
94.33200000000001,94.33200000000001,NoButton,Move,1409,722
94.348,94.348,NoButton,Move,1414,743
94.361,94.361,NoButton,Move,1420,766
94.378,94.378,NoButton,Move,1421,771
94.395,94.395,NoButton,Move,1425,786
94.411,94.411,NoButton,Move,1427,793
94.428,94.428,NoButton,Move,1427,795
94.444,94.444,NoButton,Move,1428,796
94.461,94.461,NoButton,Move,1428,796
94.477,94.477,NoButton,Move,1428,793
94.596,94.596,NoButton,Move,1426,793
94.601,94.601,NoButton,Move,1420,791
94.611,94.611,NoButton,Move,1415,789
94.627,94.627,NoButton,Move,1401,786
94.643,94.643,NoButton,Move,1380,785
94.66,94.66,NoButton,Move,1349,785
94.681,94.681,NoButton,Move,1320,785
94.697,94.697,NoButton,Move,1294,787
94.715,94.715,NoButton,Move,1278,789
94.733,94.733,NoButton,Move,1266,790
94.749,94.749,NoButton,Move,1262,791
94.767,94.767,NoButton,Move,1261,791
94.782,94.782,NoButton,Move,1261,792
94.967,94.967,NoButton,Move,1260,792
94.97200000000001,94.97200000000001,NoButton,Move,1257,791
94.983,94.983,NoButton,Move,1253,791
94.999,94.999,NoButton,Move,1241,788
95.016,95.016,NoButton,Move,1211,787
95.032,95.032,NoButton,Move,1165,787
95.051,95.051,NoButton,Move,1129,788
95.069,95.069,NoButton,Move,1089,794
95.086,95.086,NoButton,Move,1069,797
95.10300000000001,95.10300000000001,NoButton,Move,1057,798
95.121,95.121,NoButton,Move,1050,799
95.136,95.136,NoButton,Move,1048,799
95.304,95.304,NoButton,Move,1045,799
95.31,95.31,NoButton,Move,1041,797
95.321,95.321,NoButton,Move,1037,796
95.339,95.339,NoButton,Move,1024,791
95.354,95.354,NoButton,Move,1010,786
95.37,95.37,NoButton,Move,996,780
95.388,95.388,NoButton,Move,968,765
95.405,95.405,NoButton,Move,943,749
95.423,95.423,NoButton,Move,927,738
95.44,95.44,NoButton,Move,917,732
95.458,95.458,NoButton,Move,909,728
95.47500000000001,95.47500000000001,NoButton,Move,906,726
95.491,95.491,NoButton,Move,905,726
95.667,95.667,NoButton,Move,905,725
95.673,95.673,NoButton,Move,904,720
95.681,95.681,NoButton,Move,901,713
95.69,95.69,NoButton,Move,898,706
95.708,95.708,NoButton,Move,893,687
95.72500000000001,95.72500000000001,NoButton,Move,887,644
95.739,95.739,NoButton,Move,884,606
95.755,95.755,NoButton,Move,881,543
95.771,95.771,NoButton,Move,879,517
95.788,95.788,NoButton,Move,875,490
95.804,95.804,NoButton,Move,872,474
95.821,95.821,NoButton,Move,869,469
95.83800000000001,95.83800000000001,NoButton,Move,867,468
95.854,95.854,NoButton,Move,866,470
95.87,95.87,NoButton,Move,866,472
96.038,96.038,NoButton,Move,866,472
96.044,96.044,NoButton,Move,866,465
96.054,96.054,NoButton,Move,865,458
96.071,96.071,NoButton,Move,862,442
96.08800000000001,96.08800000000001,NoButton,Move,860,419
96.104,96.104,NoButton,Move,860,388
96.123,96.123,NoButton,Move,860,374
96.14,96.14,NoButton,Move,859,356
96.157,96.157,NoButton,Move,859,348
96.175,96.175,NoButton,Move,859,345
96.191,96.191,NoButton,Move,859,344
96.384,96.384,NoButton,Move,858,341
96.39,96.39,NoButton,Move,857,336
96.399,96.399,NoButton,Move,855,330
96.408,96.408,NoButton,Move,854,324
96.424,96.424,NoButton,Move,851,307
96.441,96.441,NoButton,Move,848,283
96.455,96.455,NoButton,Move,843,251
96.471,96.471,NoButton,Move,842,243
96.486,96.486,NoButton,Move,839,229
96.504,96.504,NoButton,Move,835,214
96.519,96.519,NoButton,Move,835,212
96.536,96.536,NoButton,Move,834,212
96.72,96.72,NoButton,Move,834,212
96.727,96.727,NoButton,Move,827,212
96.736,96.736,NoButton,Move,821,212
96.753,96.753,NoButton,Move,800,212
96.77,96.77,NoButton,Move,771,218
96.787,96.787,NoButton,Move,730,225
96.805,96.805,NoButton,Move,673,238
96.82300000000001,96.82300000000001,NoButton,Move,641,245
96.84,96.84,NoButton,Move,615,249
96.85600000000001,96.85600000000001,NoButton,Move,600,252
96.874,96.874,NoButton,Move,589,253
96.89,96.89,NoButton,Move,585,254
97.066,97.066,NoButton,Move,585,254
97.07300000000001,97.07300000000001,NoButton,Move,582,259
97.081,97.081,NoButton,Move,578,264
97.09,97.09,NoButton,Move,575,271
97.107,97.107,NoButton,Move,569,290
97.123,97.123,NoButton,Move,566,300
97.14,97.14,NoButton,Move,564,323
97.156,97.156,NoButton,Move,559,362
97.172,97.172,NoButton,Move,559,386
97.188,97.188,NoButton,Move,559,409
97.205,97.205,NoButton,Move,559,421
97.22,97.22,NoButton,Move,560,430
97.238,97.238,NoButton,Move,562,435
97.39,97.39,Left,Pressed,562,435
97.741,97.741,Left,Pressed,562,435
98.041,98.041,NoButton,Move,562,435
98.047,98.047,NoButton,Move,568,435
98.059,98.059,NoButton,Move,575,434
98.071,98.071,NoButton,Move,583,431
98.08800000000001,98.08800000000001,NoButton,Move,608,424
98.105,98.105,NoButton,Move,676,405
98.124,98.124,NoButton,Move,790,381
98.143,98.143,NoButton,Move,863,370
98.16,98.16,NoButton,Move,901,365
98.177,98.177,NoButton,Move,925,363
98.194,98.194,NoButton,Move,942,361
98.211,98.211,NoButton,Move,954,359
98.22800000000001,98.22800000000001,NoButton,Move,959,359
98.245,98.245,NoButton,Move,961,358
98.261,98.261,NoButton,Move,962,358
98.286,98.286,NoButton,Move,962,358
98.331,98.331,Left,Pressed,962,358
98.333,98.333,NoButton,Move,962,358
98.651,98.651,NoButton,Move,962,358
98.657,98.657,NoButton,Move,966,354
98.664,98.664,NoButton,Move,971,351
98.678,98.678,NoButton,Move,977,347
98.69500000000002,98.69500000000002,NoButton,Move,992,334
98.70700000000001,98.70700000000001,NoButton,Move,1029,305
98.723,98.723,NoButton,Move,1072,270
98.738,98.738,NoButton,Move,1081,263
98.755,98.755,NoButton,Move,1104,244
98.772,98.772,NoButton,Move,1124,228
98.788,98.788,NoButton,Move,1131,222
98.805,98.805,NoButton,Move,1137,218
98.821,98.821,NoButton,Move,1139,217
98.83800000000001,98.83800000000001,NoButton,Move,1140,216
98.854,98.854,NoButton,Move,1140,216
98.87,98.87,NoButton,Move,1140,215
98.891,98.891,Left,Pressed,1140,215
98.892,98.892,NoButton,Move,1140,215
99.145,99.145,NoButton,Move,1140,215
99.152,99.152,NoButton,Move,1137,215
99.16,99.16,NoButton,Move,1134,215
99.17,99.17,NoButton,Move,1129,215
99.188,99.188,NoButton,Move,1116,215
99.20100000000001,99.20100000000001,NoButton,Move,1097,213
99.217,99.217,NoButton,Move,1076,209
99.233,99.233,NoButton,Move,1034,202
99.25,99.25,NoButton,Move,986,193
99.266,99.266,NoButton,Move,954,187
99.281,99.281,NoButton,Move,912,180
99.298,99.298,NoButton,Move,877,175
99.314,99.314,NoButton,Move,858,173
99.331,99.331,NoButton,Move,848,172
99.349,99.349,NoButton,Move,840,170
99.36500000000001,99.36500000000001,NoButton,Move,836,169
99.383,99.383,NoButton,Move,835,169
99.418,99.418,Left,Pressed,835,169
99.419,99.419,NoButton,Move,835,169
99.706,99.706,NoButton,Move,834,169
99.71300000000001,99.71300000000001,NoButton,Move,832,170
99.71900000000001,99.71900000000001,NoButton,Move,828,172
99.73100000000001,99.73100000000001,NoButton,Move,824,175
99.747,99.747,NoButton,Move,801,188
99.761,99.761,NoButton,Move,761,207
99.777,99.777,NoButton,Move,735,219
99.793,99.793,NoButton,Move,680,245
99.81,99.81,NoButton,Move,618,274
99.827,99.827,NoButton,Move,582,290
99.84400000000001,99.84400000000001,NoButton,Move,556,301
99.86,99.86,NoButton,Move,532,311
99.876,99.876,NoButton,Move,523,314
99.892,99.892,NoButton,Move,517,316
99.909,99.909,NoButton,Move,513,317
99.926,99.926,NoButton,Move,512,317
99.943,99.943,NoButton,Move,511,317
99.959,99.959,NoButton,Move,511,317
99.979,99.98,Left,Pressed,511,317
100.283,100.283,NoButton,Move,510,319
100.288,100.288,NoButton,Move,507,323
100.297,100.297,NoButton,Move,504,329
100.309,100.309,NoButton,Move,499,339
100.32600000000001,100.32600000000001,NoButton,Move,485,360
100.34400000000001,100.34400000000001,NoButton,Move,472,382
100.364,100.364,NoButton,Move,445,426
100.383,100.383,NoButton,Move,433,443
100.4,100.4,NoButton,Move,425,453
100.418,100.418,NoButton,Move,419,461
100.435,100.435,NoButton,Move,415,464
100.452,100.452,NoButton,Move,412,467
100.47,100.47,NoButton,Move,410,468
100.48700000000001,100.48700000000001,NoButton,Move,409,469
100.502,100.502,NoButton,Move,408,469
100.52,100.52,NoButton,Move,408,469
100.54,100.54,Left,Pressed,408,469
100.541,100.541,NoButton,Move,408,469
100.83500000000001,100.83500000000001,NoButton,Move,408,469
100.84100000000001,100.84100000000001,NoButton,Move,405,469
100.852,100.852,NoButton,Move,400,469
100.869,100.869,NoButton,Move,389,470
100.886,100.886,NoButton,Move,376,470
100.903,100.903,NoButton,Move,346,471
100.92,100.92,NoButton,Move,315,471
100.937,100.937,NoButton,Move,281,471
100.955,100.955,NoButton,Move,245,470
100.97200000000001,100.97200000000001,NoButton,Move,214,468
100.989,100.989,NoButton,Move,195,466
101.006,101.006,NoButton,Move,176,464
101.021,101.021,NoButton,Move,167,463
101.039,101.039,NoButton,Move,160,461
101.054,101.054,NoButton,Move,156,460
101.072,101.072,NoButton,Move,155,459
101.08800000000001,101.08800000000001,NoButton,Move,155,458
101.105,101.105,NoButton,Move,154,458
101.124,101.124,Left,Pressed,154,458
101.126,101.126,NoButton,Move,154,458
101.379,101.379,NoButton,Move,154,458
101.386,101.386,NoButton,Move,154,452
101.393,101.393,NoButton,Move,154,445
101.404,101.404,NoButton,Move,154,434
101.421,101.421,NoButton,Move,157,369
101.435,101.435,NoButton,Move,159,352
101.45100000000001,101.45100000000001,NoButton,Move,168,268
101.46600000000001,101.46600000000001,NoButton,Move,176,198
101.483,101.483,NoButton,Move,180,161
101.499,101.499,NoButton,Move,182,137
101.515,101.515,NoButton,Move,183,122
101.533,101.533,NoButton,Move,183,110
101.55,101.55,NoButton,Move,183,105
101.567,101.567,NoButton,Move,183,103
101.581,101.581,NoButton,Move,183,102
101.75,101.75,NoButton,Move,182,102
101.756,101.756,NoButton,Move,178,102
101.766,101.766,NoButton,Move,175,102
101.782,101.782,NoButton,Move,166,102
101.799,101.799,NoButton,Move,156,102
101.815,101.815,NoButton,Move,141,102
101.83500000000001,101.83500000000001,NoButton,Move,126,98
101.851,101.851,NoButton,Move,110,93
101.869,101.869,NoButton,Move,98,87
101.886,101.886,NoButton,Move,93,83
101.904,101.904,NoButton,Move,89,80
101.92,101.92,NoButton,Move,87,79
101.936,101.936,NoButton,Move,87,78
102.08800000000001,102.08800000000001,NoButton,Move,87,78
102.09400000000001,102.09400000000001,NoButton,Move,84,78
102.10300000000001,102.10300000000001,NoButton,Move,80,78
102.12,102.12,NoButton,Move,73,78
102.137,102.137,NoButton,Move,67,78
102.153,102.153,NoButton,Move,59,77
102.173,102.173,NoButton,Move,49,76
102.19,102.19,NoButton,Move,44,74
102.20700000000001,102.20700000000001,NoButton,Move,39,72
102.224,102.224,NoButton,Move,36,69
102.242,102.242,NoButton,Move,35,67
102.258,102.258,NoButton,Move,35,66
102.41,102.41,NoButton,Move,35,66
102.417,102.417,NoButton,Move,35,70
102.425,102.425,NoButton,Move,36,75
102.441,102.441,NoButton,Move,42,89
102.458,102.458,NoButton,Move,56,119
102.47500000000001,102.47500000000001,NoButton,Move,84,173
102.496,102.496,NoButton,Move,117,234
102.512,102.512,NoButton,Move,138,280
102.53,102.53,NoButton,Move,154,324
102.546,102.546,NoButton,Move,161,348
102.563,102.563,NoButton,Move,164,363
102.58,102.58,NoButton,Move,166,374
102.59700000000001,102.59700000000001,NoButton,Move,167,379
102.613,102.613,NoButton,Move,168,380
102.631,102.631,NoButton,Move,169,380
102.768,102.768,Left,Pressed,169,380
102.933,102.933,Left,Pressed,169,380
103.275,103.275,NoButton,Move,170,380
103.282,103.282,NoButton,Move,174,380
103.297,103.297,NoButton,Move,180,378
103.314,103.314,NoButton,Move,194,376
103.33200000000001,103.33200000000001,NoButton,Move,239,372
103.34700000000001,103.34700000000001,NoButton,Move,262,372
103.361,103.361,NoButton,Move,297,372
103.379,103.379,NoButton,Move,340,376
103.396,103.396,NoButton,Move,352,379
103.413,103.413,NoButton,Move,369,383
103.428,103.428,NoButton,Move,375,384
103.44500000000002,103.44500000000002,NoButton,Move,378,385
103.462,103.462,NoButton,Move,379,385
103.48100000000001,103.48100000000001,Left,Pressed,379,385
103.77,103.77,NoButton,Move,379,385
103.776,103.776,NoButton,Move,384,385
103.783,103.783,NoButton,Move,388,385
103.798,103.798,NoButton,Move,395,383
103.812,103.812,NoButton,Move,418,379
103.83,103.83,NoButton,Move,461,374
103.851,103.851,NoButton,Move,557,371
103.872,103.872,NoButton,Move,612,371
103.887,103.887,NoButton,Move,633,371
103.905,103.905,NoButton,Move,662,371
103.922,103.922,NoButton,Move,674,371
103.939,103.939,NoButton,Move,684,371
103.956,103.956,NoButton,Move,687,371
103.973,103.973,NoButton,Move,689,371
103.989,103.989,NoButton,Move,689,371
104.009,104.009,Left,Pressed,689,371
104.313,104.313,NoButton,Move,690,371
104.321,104.321,NoButton,Move,695,369
104.327,104.327,NoButton,Move,700,367
104.34,104.34,NoButton,Move,707,365
104.357,104.357,NoButton,Move,725,358
104.37,104.37,NoButton,Move,766,346
104.385,104.385,NoButton,Move,794,340
104.401,104.401,NoButton,Move,853,331
104.417,104.417,NoButton,Move,911,328
104.434,104.434,NoButton,Move,950,328
104.45,104.45,NoButton,Move,991,328
104.467,104.467,NoButton,Move,1008,332
104.483,104.483,NoButton,Move,1019,334
104.5,104.5,NoButton,Move,1027,336
104.517,104.517,NoButton,Move,1032,337
104.533,104.533,NoButton,Move,1033,337
104.55,104.55,NoButton,Move,1034,337
104.767,104.767,NoButton,Move,1034,336
104.772,104.772,NoButton,Move,1038,332
104.783,104.783,NoButton,Move,1044,326
104.799,104.799,NoButton,Move,1061,309
104.819,104.819,NoButton,Move,1080,290
104.83500000000001,104.83500000000001,NoButton,Move,1105,267
104.852,104.852,NoButton,Move,1119,255
104.869,104.869,NoButton,Move,1129,246
104.886,104.886,NoButton,Move,1136,240
104.904,104.904,NoButton,Move,1140,238
104.921,104.921,NoButton,Move,1141,237
104.936,104.936,NoButton,Move,1141,238
105.113,105.113,NoButton,Move,1141,237
105.119,105.119,NoButton,Move,1141,233
105.127,105.127,NoButton,Move,1141,223
105.137,105.137,NoButton,Move,1143,210
105.153,105.153,NoButton,Move,1147,190
105.17,105.17,NoButton,Move,1158,105
105.185,105.185,NoButton,Move,1160,75
105.202,105.202,NoButton,Move,1163,9
105.572,105.572,NoButton,Move,1159,46
105.57300000000001,105.57300000000001,NoButton,Move,1159,46
105.59,105.59,NoButton,Move,1159,110
105.60000000000001,105.60000000000001,NoButton,Move,1159,169
105.617,105.617,NoButton,Move,1166,239
105.635,105.635,NoButton,Move,1171,280
105.65,105.65,NoButton,Move,1177,322
105.672,105.672,NoButton,Move,1180,345
105.688,105.688,NoButton,Move,1183,366
105.70400000000001,105.70400000000001,NoButton,Move,1185,381
105.721,105.721,NoButton,Move,1185,384
105.73400000000001,105.73400000000001,NoButton,Move,1186,388
105.756,105.756,NoButton,Move,1187,389
105.904,105.904,NoButton,Move,1187,392
105.909,105.909,NoButton,Move,1184,403
105.919,105.919,NoButton,Move,1182,413
105.935,105.935,NoButton,Move,1179,441
105.95,105.95,NoButton,Move,1177,454
105.971,105.971,NoButton,Move,1173,517
105.989,105.989,NoButton,Move,1173,557
106.006,106.006,NoButton,Move,1173,581
106.024,106.024,NoButton,Move,1173,605
106.041,106.041,NoButton,Move,1173,624
106.057,106.057,NoButton,Move,1174,633
106.074,106.074,NoButton,Move,1175,640
106.22500000000001,106.22500000000001,NoButton,Move,1169,639
106.23100000000001,106.23100000000001,NoButton,Move,1163,638
106.241,106.241,NoButton,Move,1158,637
106.257,106.257,NoButton,Move,1149,636
106.274,106.274,NoButton,Move,1107,633
106.294,106.294,NoButton,Move,1028,632
106.311,106.311,NoButton,Move,931,632
106.327,106.327,NoButton,Move,870,634
106.34400000000001,106.34400000000001,NoButton,Move,820,638
106.36200000000001,106.36200000000001,NoButton,Move,786,641
106.378,106.378,NoButton,Move,765,642
106.397,106.397,NoButton,Move,751,642
106.412,106.412,NoButton,Move,745,642
106.596,106.596,NoButton,Move,744,642
106.602,106.602,NoButton,Move,734,644
106.61200000000001,106.61200000000001,NoButton,Move,723,649
106.629,106.629,NoButton,Move,680,669
106.645,106.645,NoButton,Move,604,707
106.662,106.662,NoButton,Move,516,747
106.681,106.681,NoButton,Move,459,772
106.69800000000001,106.69800000000001,NoButton,Move,434,780
106.71600000000001,106.71600000000001,NoButton,Move,400,791
106.732,106.732,NoButton,Move,388,793
106.748,106.748,NoButton,Move,381,794
106.766,106.766,NoButton,Move,379,794
106.783,106.783,NoButton,Move,380,794
106.992,106.992,NoButton,Move,379,794
106.998,106.998,NoButton,Move,375,794
107.006,107.006,NoButton,Move,365,792
107.015,107.015,NoButton,Move,354,790
107.032,107.032,NoButton,Move,299,781
107.048,107.048,NoButton,Move,227,771
107.064,107.064,NoButton,Move,208,769
107.08,107.08,NoButton,Move,137,760
107.096,107.096,NoButton,Move,101,754
107.113,107.113,NoButton,Move,76,750
107.129,107.129,NoButton,Move,65,747
107.146,107.146,NoButton,Move,57,746
107.162,107.162,NoButton,Move,55,745
107.18,107.18,NoButton,Move,56,745
107.346,107.346,NoButton,Move,56,745
107.35300000000001,107.35300000000001,NoButton,Move,52,745
107.36200000000001,107.36200000000001,NoButton,Move,47,745
107.378,107.378,NoButton,Move,39,746
107.395,107.395,NoButton,Move,32,746
107.414,107.414,NoButton,Move,26,745
107.431,107.431,NoButton,Move,14,737
107.44800000000001,107.44800000000001,NoButton,Move,3,716
107.465,107.465,NoButton,Move,2,683
107.483,107.483,NoButton,Move,3,638
107.5,107.5,NoButton,Move,16,604
107.517,107.517,NoButton,Move,35,568
107.533,107.533,NoButton,Move,49,551
107.55,107.55,NoButton,Move,57,541
107.566,107.566,NoButton,Move,63,535
107.583,107.583,NoButton,Move,65,533
107.599,107.599,NoButton,Move,66,532
107.616,107.616,NoButton,Move,67,532
107.633,107.633,NoButton,Move,68,532
107.8,107.8,NoButton,Move,68,531
107.805,107.805,NoButton,Move,68,526
107.816,107.816,NoButton,Move,68,520
107.833,107.833,NoButton,Move,65,497
107.851,107.851,NoButton,Move,59,466
107.86500000000001,107.86500000000001,NoButton,Move,54,433
107.885,107.885,NoButton,Move,51,416
107.902,107.902,NoButton,Move,48,406
107.919,107.919,NoButton,Move,46,400
107.937,107.937,NoButton,Move,46,398
107.953,107.953,NoButton,Move,46,398
108.12100000000001,108.12100000000001,NoButton,Move,48,398
108.127,108.127,NoButton,Move,53,397
108.137,108.137,NoButton,Move,61,395
108.153,108.153,NoButton,Move,90,391
108.17,108.17,NoButton,Move,166,385
108.186,108.186,NoButton,Move,267,384
108.206,108.206,NoButton,Move,342,384
108.223,108.223,NoButton,Move,399,391
108.241,108.241,NoButton,Move,431,395
108.258,108.258,NoButton,Move,447,397
108.274,108.274,NoButton,Move,458,398
108.292,108.292,NoButton,Move,462,399
108.308,108.308,NoButton,Move,463,399
108.492,108.492,NoButton,Move,464,399
108.498,108.498,NoButton,Move,470,399
108.508,108.508,NoButton,Move,477,398
108.525,108.525,NoButton,Move,499,398
108.541,108.541,NoButton,Move,565,398
108.557,108.557,NoButton,Move,648,398
108.577,108.577,NoButton,Move,710,399
108.59400000000001,108.59400000000001,NoButton,Move,761,403
108.611,108.611,NoButton,Move,792,404
108.629,108.629,NoButton,Move,810,406
108.646,108.646,NoButton,Move,822,406
108.662,108.662,NoButton,Move,826,406
108.679,108.679,NoButton,Move,827,406
108.863,108.863,NoButton,Move,828,406
108.87,108.87,NoButton,Move,834,405
108.879,108.879,NoButton,Move,844,403
108.896,108.896,NoButton,Move,874,398
108.911,108.911,NoButton,Move,934,397
108.928,108.928,NoButton,Move,1030,397
108.94800000000001,108.94800000000001,NoButton,Move,1104,408
108.964,108.964,NoButton,Move,1155,418
108.982,108.982,NoButton,Move,1190,426
108.998,108.998,NoButton,Move,1205,430
109.016,109.016,NoButton,Move,1217,433
109.032,109.032,NoButton,Move,1220,434
109.049,109.049,NoButton,Move,1221,434
109.20100000000001,109.20100000000001,NoButton,Move,1221,434
109.206,109.206,NoButton,Move,1221,437
109.21600000000001,109.21600000000001,NoButton,Move,1220,442
109.233,109.233,NoButton,Move,1220,454
109.249,109.249,NoButton,Move,1221,467
109.266,109.266,NoButton,Move,1225,481
109.286,109.286,NoButton,Move,1232,505
109.303,109.303,NoButton,Move,1240,530
109.32000000000002,109.32000000000002,NoButton,Move,1247,557
109.33800000000001,109.33800000000001,NoButton,Move,1250,567
109.354,109.354,NoButton,Move,1254,581
109.37100000000001,109.37100000000001,NoButton,Move,1257,589
109.547,109.547,NoButton,Move,1257,590
109.553,109.553,NoButton,Move,1255,596
109.561,109.561,NoButton,Move,1252,603
109.57000000000002,109.57000000000002,NoButton,Move,1250,610
109.587,109.587,NoButton,Move,1247,629
109.604,109.604,NoButton,Move,1245,648
109.619,109.619,NoButton,Move,1245,670
109.634,109.634,NoButton,Move,1245,676
109.65,109.65,NoButton,Move,1245,697
109.667,109.667,NoButton,Move,1247,710
109.682,109.682,NoButton,Move,1250,719
109.699,109.699,NoButton,Move,1252,724
109.71600000000001,109.71600000000001,NoButton,Move,1254,729
109.733,109.733,NoButton,Move,1256,732
109.877,109.877,NoButton,Move,1255,732
109.883,109.883,NoButton,Move,1251,732
109.9,109.9,NoButton,Move,1237,735
109.917,109.917,NoButton,Move,1213,741
109.934,109.934,NoButton,Move,1170,751
109.949,109.949,NoButton,Move,1143,756
109.964,109.964,NoButton,Move,1089,766
109.98,109.98,NoButton,Move,1047,771
109.998,109.998,NoButton,Move,1005,774
110.014,110.014,NoButton,Move,993,774
110.029,110.029,NoButton,Move,978,774
110.046,110.046,NoButton,Move,972,774
110.062,110.062,NoButton,Move,971,774
110.07900000000001,110.07900000000001,NoButton,Move,972,774
110.096,110.096,NoButton,Move,977,774
110.262,110.262,NoButton,Move,977,773
110.269,110.269,NoButton,Move,976,768
110.279,110.279,NoButton,Move,975,759
110.296,110.296,NoButton,Move,970,722
110.313,110.313,NoButton,Move,960,614
110.33,110.33,NoButton,Move,956,503
110.34700000000001,110.34700000000001,NoButton,Move,954,464
110.366,110.366,NoButton,Move,952,444
110.382,110.382,NoButton,Move,950,418
110.399,110.399,NoButton,Move,948,408
110.416,110.416,NoButton,Move,947,405
110.433,110.433,NoButton,Move,946,405
110.458,110.458,NoButton,Move,946,405
110.467,110.467,NoButton,Move,946,408
110.483,110.483,NoButton,Move,946,413
110.625,110.625,NoButton,Move,946,413
110.631,110.631,NoButton,Move,944,409
110.64,110.64,NoButton,Move,941,403
110.649,110.649,NoButton,Move,937,395
110.666,110.666,NoButton,Move,925,363
110.68,110.68,NoButton,Move,911,312
110.699,110.699,NoButton,Move,892,233
110.714,110.714,NoButton,Move,884,198
110.73,110.73,NoButton,Move,875,161
110.747,110.747,NoButton,Move,868,140
110.763,110.763,NoButton,Move,863,125
110.78,110.78,NoButton,Move,861,120
110.796,110.796,NoButton,Move,860,120
110.815,110.815,NoButton,Move,861,120
110.83,110.83,NoButton,Move,864,122
110.982,110.982,NoButton,Move,862,122
110.98700000000001,110.98700000000001,NoButton,Move,855,119
110.997,110.997,NoButton,Move,845,115
111.013,111.013,NoButton,Move,820,107
111.029,111.029,NoButton,Move,777,96
111.046,111.046,NoButton,Move,682,76
111.067,111.067,NoButton,Move,624,70
111.084,111.084,NoButton,Move,575,67
111.101,111.101,NoButton,Move,542,66
111.11800000000001,111.11800000000001,NoButton,Move,525,64
111.136,111.136,NoButton,Move,514,63
111.152,111.152,NoButton,Move,511,63
111.336,111.336,NoButton,Move,509,63
111.342,111.342,NoButton,Move,501,62
111.352,111.352,NoButton,Move,495,61
111.369,111.369,NoButton,Move,473,59
111.385,111.385,NoButton,Move,405,55
111.402,111.402,NoButton,Move,356,55
111.421,111.421,NoButton,Move,286,58
111.438,111.438,NoButton,Move,242,67
111.455,111.455,NoButton,Move,211,74
111.473,111.473,NoButton,Move,193,80
111.49000000000001,111.49000000000001,NoButton,Move,180,83
111.506,111.506,NoButton,Move,174,84
111.70700000000001,111.70700000000001,NoButton,Move,174,84
111.712,111.712,NoButton,Move,171,83
111.723,111.723,NoButton,Move,166,80
111.739,111.739,NoButton,Move,146,70
111.756,111.756,NoButton,Move,120,58
111.772,111.772,NoButton,Move,93,45
111.792,111.792,NoButton,Move,75,38
111.809,111.809,NoButton,Move,59,31
111.825,111.825,NoButton,Move,51,28
111.84400000000001,111.84400000000001,NoButton,Move,46,27
111.86,111.86,NoButton,Move,45,26
112.011,112.011,NoButton,Move,40,30
112.017,112.017,NoButton,Move,35,39
112.026,112.026,NoButton,Move,30,47
112.042,112.042,NoButton,Move,22,67
112.06,112.06,NoButton,Move,15,90
112.07600000000001,112.07600000000001,NoButton,Move,6,125
112.093,112.093,NoButton,Move,3,173
112.113,112.113,NoButton,Move,3,219
112.13,112.13,NoButton,Move,11,255
112.147,112.147,NoButton,Move,32,317
112.164,112.164,NoButton,Move,44,346
112.182,112.182,NoButton,Move,52,368
112.19800000000001,112.19800000000001,NoButton,Move,58,384
112.215,112.215,NoButton,Move,62,394
112.232,112.232,NoButton,Move,65,399
112.248,112.248,NoButton,Move,67,398
112.391,112.391,NoButton,Move,67,400
112.397,112.397,NoButton,Move,67,406
112.404,112.404,NoButton,Move,67,412
112.415,112.415,NoButton,Move,67,422
112.432,112.432,NoButton,Move,67,442
112.44800000000001,112.44800000000001,NoButton,Move,72,467
112.462,112.462,NoButton,Move,78,492
112.479,112.479,NoButton,Move,96,543
112.495,112.495,NoButton,Move,109,573
112.512,112.512,NoButton,Move,120,595
112.528,112.528,NoButton,Move,125,605
112.544,112.544,NoButton,Move,129,614
112.561,112.561,NoButton,Move,131,617
112.736,112.736,NoButton,Move,132,616
112.74300000000001,112.74300000000001,NoButton,Move,137,615
112.752,112.752,NoButton,Move,143,614
112.761,112.761,NoButton,Move,152,612
112.778,112.778,NoButton,Move,184,605
112.792,112.792,NoButton,Move,212,600
112.807,112.807,NoButton,Move,312,585
112.82300000000001,112.82300000000001,NoButton,Move,382,580
112.84,112.84,NoButton,Move,467,580
112.85600000000001,112.85600000000001,NoButton,Move,511,581
112.873,112.873,NoButton,Move,527,583
112.89,112.89,NoButton,Move,549,586
112.905,112.905,NoButton,Move,557,587
112.922,112.922,NoButton,Move,560,587
112.939,112.939,NoButton,Move,558,585
113.10000000000001,113.10000000000001,NoButton,Move,559,585
113.10600000000001,113.10600000000001,NoButton,Move,565,585
113.123,113.123,NoButton,Move,586,581
113.14,113.14,NoButton,Move,616,581
113.156,113.156,NoButton,Move,673,581
113.171,113.171,NoButton,Move,720,581
113.187,113.187,NoButton,Move,791,583
113.203,113.203,NoButton,Move,872,596
113.22,113.22,NoButton,Move,915,604
113.23700000000001,113.23700000000001,NoButton,Move,939,609
113.254,113.254,NoButton,Move,952,611
113.269,113.269,NoButton,Move,961,612
113.286,113.286,NoButton,Move,964,613
113.303,113.303,NoButton,Move,965,613
113.48700000000001,113.48700000000001,NoButton,Move,968,613
113.49300000000001,113.49300000000001,NoButton,Move,975,612
113.503,113.503,NoButton,Move,987,611
113.522,113.522,NoButton,Move,1018,610
113.536,113.536,NoButton,Move,1069,610
113.552,113.552,NoButton,Move,1138,614
113.572,113.572,NoButton,Move,1183,621
113.589,113.589,NoButton,Move,1198,624
113.60600000000001,113.60600000000001,NoButton,Move,1218,627
113.62400000000001,113.62400000000001,NoButton,Move,1226,628
113.641,113.641,NoButton,Move,1229,629
113.657,113.657,NoButton,Move,1229,629
113.674,113.674,NoButton,Move,1229,630
113.87400000000001,113.87400000000001,NoButton,Move,1229,629
113.879,113.879,NoButton,Move,1229,622
113.891,113.891,NoButton,Move,1229,612
113.907,113.907,NoButton,Move,1233,570
113.923,113.923,NoButton,Move,1244,487
113.939,113.939,NoButton,Move,1263,379
113.958,113.958,NoButton,Move,1270,343
113.976,113.976,NoButton,Move,1272,329
113.99300000000001,113.99300000000001,NoButton,Move,1276,310
114.012,114.012,NoButton,Move,1277,303
114.027,114.027,NoButton,Move,1278,302
114.045,114.045,NoButton,Move,1278,302
114.062,114.062,NoButton,Move,1278,305
114.221,114.221,NoButton,Move,1278,303
114.227,114.227,NoButton,Move,1278,296
114.244,114.244,NoButton,Move,1278,290
114.261,114.261,NoButton,Move,1278,264
114.278,114.278,NoButton,Move,1280,220
114.293,114.293,NoButton,Move,1286,190
114.308,114.308,NoButton,Move,1289,174
114.325,114.325,NoButton,Move,1293,155
114.342,114.342,NoButton,Move,1295,144
114.358,114.358,NoButton,Move,1297,136
114.375,114.375,NoButton,Move,1298,134
114.39,114.39,NoButton,Move,1298,133
114.407,114.407,NoButton,Move,1298,133
114.424,114.424,NoButton,Move,1299,135
114.608,114.608,NoButton,Move,1299,136
114.614,114.614,NoButton,Move,1300,139
114.62400000000001,114.62400000000001,NoButton,Move,1301,143
114.64,114.64,NoButton,Move,1305,152
114.658,114.658,NoButton,Move,1318,178
114.674,114.674,NoButton,Move,1338,220
114.693,114.693,NoButton,Move,1351,252
114.71000000000001,114.71000000000001,NoButton,Move,1366,293
114.727,114.727,NoButton,Move,1375,317
114.745,114.745,NoButton,Move,1381,333
114.761,114.761,NoButton,Move,1385,344
114.778,114.778,NoButton,Move,1387,348
114.937,114.937,NoButton,Move,1387,349
114.943,114.943,NoButton,Move,1387,356
114.95100000000001,114.95100000000001,NoButton,Move,1386,363
114.961,114.961,NoButton,Move,1386,372
114.977,114.977,NoButton,Move,1385,397
114.995,114.995,NoButton,Move,1384,463
115.009,115.009,NoButton,Move,1384,498
115.025,115.025,NoButton,Move,1383,569
115.041,115.041,NoButton,Move,1383,614
115.057,115.057,NoButton,Move,1382,629
115.075,115.075,NoButton,Move,1381,651
115.09100000000001,115.09100000000001,NoButton,Move,1381,660
115.108,115.108,NoButton,Move,1381,663
115.12400000000001,115.12400000000001,NoButton,Move,1381,664
115.276,115.276,NoButton,Move,1381,664
115.282,115.282,NoButton,Move,1381,668
115.291,115.291,NoButton,Move,1381,672
115.307,115.307,NoButton,Move,1381,686
115.324,115.324,NoButton,Move,1381,700
115.34100000000001,115.34100000000001,NoButton,Move,1383,713
115.361,115.361,NoButton,Move,1386,730
115.378,115.378,NoButton,Move,1389,748
115.394,115.394,NoButton,Move,1391,757
115.411,115.411,NoButton,Move,1391,764
115.429,115.429,NoButton,Move,1391,768
115.446,115.446,NoButton,Move,1391,770
115.462,115.462,NoButton,Move,1391,770
115.589,115.589,NoButton,Move,1386,769
115.595,115.595,NoButton,Move,1379,767
115.613,115.613,NoButton,Move,1356,763
115.628,115.628,NoButton,Move,1328,762
115.646,115.646,NoButton,Move,1273,762
115.66,115.66,NoButton,Move,1233,764
115.676,115.676,NoButton,Move,1143,787
115.693,115.693,NoButton,Move,1047,816
115.709,115.709,NoButton,Move,1012,819
115.726,115.726,NoButton,Move,972,819
115.74300000000001,115.74300000000001,NoButton,Move,950,819
115.759,115.759,NoButton,Move,931,819
115.775,115.775,NoButton,Move,928,814
115.791,115.791,NoButton,Move,929,811
115.952,115.952,NoButton,Move,928,811
115.958,115.958,NoButton,Move,922,811
115.964,115.964,NoButton,Move,914,810
115.976,115.976,NoButton,Move,905,809
115.992,115.992,NoButton,Move,873,807
116.008,116.008,NoButton,Move,797,803
116.022,116.022,NoButton,Move,698,803
116.039,116.039,NoButton,Move,647,803
116.054,116.054,NoButton,Move,583,803
116.072,116.072,NoButton,Move,558,803
116.08800000000001,116.08800000000001,NoButton,Move,536,804
116.105,116.105,NoButton,Move,515,804
116.12100000000001,116.12100000000001,NoButton,Move,513,802
116.297,116.297,NoButton,Move,498,802
116.303,116.303,NoButton,Move,485,800
116.311,116.311,NoButton,Move,469,798
116.322,116.322,NoButton,Move,453,795
116.339,116.339,NoButton,Move,429,790
116.355,116.355,NoButton,Move,410,786
116.369,116.369,NoButton,Move,403,785
116.385,116.385,NoButton,Move,383,779
116.402,116.402,NoButton,Move,370,776
116.418,116.418,NoButton,Move,360,772
116.435,116.435,NoButton,Move,355,770
116.45100000000001,116.45100000000001,NoButton,Move,355,770
116.619,116.619,NoButton,Move,355,769
116.625,116.625,NoButton,Move,355,762
116.635,116.635,NoButton,Move,357,753
116.651,116.651,NoButton,Move,363,724
116.667,116.667,NoButton,Move,372,690
116.684,116.684,NoButton,Move,396,605
116.70400000000001,116.70400000000001,NoButton,Move,429,508
116.721,116.721,NoButton,Move,449,443
116.738,116.738,NoButton,Move,463,387
116.756,116.756,NoButton,Move,468,369
116.773,116.773,NoButton,Move,474,345
116.79,116.79,NoButton,Move,475,336
116.806,116.806,NoButton,Move,476,334
116.822,116.822,NoButton,Move,476,334
116.974,116.974,NoButton,Move,476,334
116.98,116.98,NoButton,Move,472,334
116.989,116.989,NoButton,Move,467,332
117.006,117.006,NoButton,Move,455,327
117.022,117.022,NoButton,Move,444,321
117.038,117.038,NoButton,Move,425,307
117.058,117.058,NoButton,Move,404,293
117.07600000000001,117.07600000000001,NoButton,Move,375,275
117.093,117.093,NoButton,Move,354,265
117.10900000000001,117.10900000000001,NoButton,Move,333,255
117.128,117.128,NoButton,Move,322,251
117.143,117.143,NoButton,Move,314,249
117.16,117.16,NoButton,Move,310,249
117.311,117.311,NoButton,Move,306,246
117.318,117.318,NoButton,Move,301,240
117.328,117.328,NoButton,Move,297,234
117.34400000000001,117.34400000000001,NoButton,Move,288,225
117.361,117.361,NoButton,Move,280,217
117.376,117.376,NoButton,Move,274,211
117.396,117.396,NoButton,Move,265,202
117.414,117.414,NoButton,Move,256,192
117.431,117.431,NoButton,Move,251,185
117.44800000000001,117.44800000000001,NoButton,Move,247,178
117.465,117.465,NoButton,Move,245,174
118.12400000000001,118.12400000000001,NoButton,Move,245,174
119.054,119.054,NoButton,Move,245,174
119.601,119.601,NoButton,Move,248,173
119.608,119.608,NoButton,Move,261,167
119.62400000000001,119.62400000000001,NoButton,Move,274,161
119.641,119.641,NoButton,Move,308,153
119.658,119.658,NoButton,Move,357,152
119.673,119.673,NoButton,Move,484,154
119.69,119.69,NoButton,Move,620,184
119.708,119.708,NoButton,Move,705,207
119.724,119.724,NoButton,Move,759,221
119.742,119.742,NoButton,Move,791,230
119.757,119.757,NoButton,Move,802,233
119.773,119.773,NoButton,Move,808,235
119.973,119.973,NoButton,Move,808,235
120.075,120.075,NoButton,Move,808,235
120.839,120.839,NoButton,Move,808,235
120.839,120.839,NoButton,Move,808,235
120.84400000000001,120.84400000000001,NoButton,Move,814,232
120.855,120.855,NoButton,Move,820,229
120.872,120.872,NoButton,Move,838,221
120.889,120.889,NoButton,Move,865,215
120.905,120.905,NoButton,Move,926,213
120.924,120.924,NoButton,Move,981,215
120.941,120.941,NoButton,Move,1032,229
120.958,120.958,NoButton,Move,1094,251
120.976,120.976,NoButton,Move,1123,265
120.992,120.992,NoButton,Move,1149,277
121.185,121.185,NoButton,Move,1148,277
121.191,121.191,NoButton,Move,1144,279
121.199,121.199,NoButton,Move,1138,283
121.21000000000001,121.21000000000001,NoButton,Move,1130,288
121.226,121.226,NoButton,Move,1111,298
121.24300000000001,121.24300000000001,NoButton,Move,1087,308
121.258,121.258,NoButton,Move,1063,319
121.273,121.273,NoButton,Move,981,354
121.29,121.29,NoButton,Move,927,374
121.306,121.306,NoButton,Move,859,400
121.32300000000001,121.32300000000001,NoButton,Move,822,412
121.34,121.34,NoButton,Move,799,418
121.355,121.355,NoButton,Move,788,419
121.659,121.659,Left,Pressed,788,419
121.74600000000001,121.74600000000001,NoButton,Move,782,420
121.753,121.753,NoButton,Move,767,424
121.76,121.76,NoButton,Move,750,429
121.771,121.771,NoButton,Move,735,433
121.789,121.789,NoButton,Move,695,446
121.802,121.802,NoButton,Move,652,459
121.817,121.817,NoButton,Move,613,471
121.834,121.834,NoButton,Move,564,483
121.851,121.851,NoButton,Move,533,488
121.86500000000001,121.86500000000001,NoButton,Move,504,489
122.273,122.273,NoButton,Move,501,487
122.281,122.281,NoButton,Move,493,483
122.286,122.286,NoButton,Move,485,477
122.299,122.299,NoButton,Move,472,469
122.316,122.316,NoButton,Move,437,439
122.32900000000001,122.32900000000001,NoButton,Move,340,350
122.34400000000001,122.34400000000001,NoButton,Move,290,288
122.36,122.36,NoButton,Move,230,203
122.376,122.376,NoButton,Move,197,136
122.71000000000001,122.71000000000001,NoButton,Move,197,137
122.71600000000001,122.71600000000001,NoButton,Move,197,147
122.726,122.726,NoButton,Move,201,160
122.74300000000001,122.74300000000001,NoButton,Move,213,186
122.759,122.759,NoButton,Move,229,215
122.775,122.775,NoButton,Move,255,261
122.796,122.796,NoButton,Move,292,318
122.813,122.813,NoButton,Move,332,373
122.83,122.83,NoButton,Move,370,419
122.846,122.846,NoButton,Move,393,443
122.863,122.863,NoButton,Move,399,449
123.034,123.034,Left,Pressed,399,449
123.345,123.345,NoButton,Move,399,449
123.351,123.351,NoButton,Move,402,445
123.363,123.363,NoButton,Move,408,440
123.381,123.381,NoButton,Move,426,428
123.397,123.397,NoButton,Move,465,409
123.414,123.414,NoButton,Move,544,373
123.431,123.431,NoButton,Move,655,335
123.449,123.449,NoButton,Move,777,302
123.46600000000001,123.46600000000001,NoButton,Move,849,287
123.482,123.482,NoButton,Move,898,279
123.498,123.498,NoButton,Move,932,274
123.515,123.515,NoButton,Move,953,271
123.532,123.532,NoButton,Move,967,268
123.549,123.549,NoButton,Move,973,267
123.565,123.565,NoButton,Move,976,266
123.58200000000001,123.58200000000001,NoButton,Move,977,266
123.607,123.607,NoButton,Move,977,266
123.623,123.623,NoButton,Move,977,265
123.652,123.652,Left,Pressed,977,265
123.653,123.653,NoButton,Move,977,265
123.79,123.79,NoButton,Move,977,266
123.798,123.798,NoButton,Move,977,267
123.815,123.815,NoButton,Move,976,271
123.831,123.831,NoButton,Move,975,277
123.84700000000001,123.84700000000001,NoButton,Move,970,288
123.86200000000001,123.86200000000001,NoButton,Move,966,293
123.878,123.878,NoButton,Move,948,309
123.894,123.894,NoButton,Move,925,325
123.911,123.911,NoButton,Move,889,345
123.927,123.927,NoButton,Move,845,365
123.944,123.944,NoButton,Move,814,381
123.96000000000001,123.96000000000001,NoButton,Move,776,400
123.977,123.977,NoButton,Move,752,412
123.994,123.994,NoButton,Move,732,425
124.01,124.01,NoButton,Move,716,436
124.028,124.028,NoButton,Move,702,449
124.043,124.043,NoButton,Move,699,452
124.06,124.06,NoButton,Move,693,458
124.077,124.077,NoButton,Move,690,462
124.093,124.093,NoButton,Move,687,464
124.11,124.11,NoButton,Move,686,464
124.126,124.126,NoButton,Move,686,465
124.146,124.146,Left,Pressed,686,465
124.147,124.147,NoButton,Move,686,465
124.24000000000001,124.24000000000001,NoButton,Move,685,465
124.248,124.248,NoButton,Move,682,465
124.259,124.259,NoButton,Move,679,465
124.276,124.276,NoButton,Move,668,468
124.293,124.293,NoButton,Move,654,473
124.31,124.31,NoButton,Move,637,481
124.327,124.327,NoButton,Move,616,493
124.345,124.345,NoButton,Move,594,507
124.361,124.361,NoButton,Move,562,537
124.379,124.379,NoButton,Move,547,554
124.395,124.395,NoButton,Move,535,564
124.412,124.412,NoButton,Move,524,573
124.428,124.428,NoButton,Move,516,578
124.44500000000002,124.44500000000002,NoButton,Move,512,579
124.462,124.462,NoButton,Move,507,579
124.479,124.479,NoButton,Move,504,579
124.495,124.495,NoButton,Move,501,579
124.512,124.512,NoButton,Move,495,579
124.529,124.529,NoButton,Move,490,577
124.545,124.545,NoButton,Move,484,573
124.561,124.561,NoButton,Move,480,570
124.57900000000001,124.57900000000001,NoButton,Move,476,566
124.595,124.595,NoButton,Move,473,564
124.614,124.614,Left,Pressed,473,564
124.61500000000001,124.61500000000001,NoButton,Move,472,563
124.735,124.735,NoButton,Move,473,563
124.744,124.744,NoButton,Move,477,560
124.761,124.761,NoButton,Move,482,557
124.936,124.936,NoButton,Move,481,557
124.942,124.942,NoButton,Move,475,554
124.953,124.953,NoButton,Move,467,551
124.96600000000001,124.96600000000001,NoButton,Move,458,548
124.98400000000001,124.98400000000001,NoButton,Move,395,531
125.00200000000001,125.00200000000001,NoButton,Move,328,516
125.021,125.021,NoButton,Move,263,503
125.037,125.037,NoButton,Move,222,495
125.055,125.055,NoButton,Move,176,488
125.072,125.072,NoButton,Move,139,487
125.09,125.09,NoButton,Move,121,487
125.107,125.107,NoButton,Move,109,486
125.12400000000001,125.12400000000001,NoButton,Move,99,485
125.14,125.14,NoButton,Move,94,484
125.157,125.157,NoButton,Move,92,484
125.173,125.173,NoButton,Move,92,483
125.192,125.192,Left,Pressed,92,483
125.193,125.193,NoButton,Move,91,483
125.261,125.261,NoButton,Move,94,484
125.47200000000001,125.47200000000001,NoButton,Move,93,483
125.479,125.479,NoButton,Move,88,475
125.489,125.489,NoButton,Move,82,467
125.50500000000001,125.50500000000001,NoButton,Move,62,444
125.523,125.523,NoButton,Move,40,416
125.54,125.54,NoButton,Move,0,365
125.557,125.557,NoButton,Move,0,335
125.57300000000001,125.57300000000001,NoButton,Move,0,312
125.59,125.59,NoButton,Move,0,298
125.607,125.607,NoButton,Move,0,288
125.62400000000001,125.62400000000001,NoButton,Move,0,284
125.642,125.642,NoButton,Move,0,283
125.658,125.658,NoButton,Move,0,283
125.811,125.811,Left,Pressed,0,283
125.82600000000001,125.82600000000001,NoButton,Move,0,283
125.83200000000001,125.83200000000001,NoButton,Move,2,283
125.908,125.908,NoButton,Move,11,283
125.915,125.915,NoButton,Move,23,283
125.924,125.924,NoButton,Move,39,283
125.941,125.941,NoButton,Move,66,283
125.962,125.962,NoButton,Move,97,283
125.979,125.979,NoButton,Move,145,283
125.99600000000001,125.99600000000001,NoButton,Move,206,283
126.012,126.012,NoButton,Move,265,283
126.03,126.03,NoButton,Move,303,283
126.046,126.046,NoButton,Move,359,287
126.063,126.063,NoButton,Move,376,287
126.08,126.08,NoButton,Move,386,288
126.09700000000001,126.09700000000001,NoButton,Move,394,289
126.113,126.113,NoButton,Move,398,289
126.13000000000001,126.13000000000001,NoButton,Move,399,290
126.147,126.147,NoButton,Move,400,290
126.182,126.182,Left,Pressed,400,290
126.367,126.367,Left,Pressed,400,290
126.72200000000001,126.72200000000001,NoButton,Move,400,290
126.72800000000001,126.72800000000001,NoButton,Move,404,290
126.745,126.745,NoButton,Move,410,290
126.762,126.762,NoButton,Move,428,290
126.78,126.78,NoButton,Move,445,292
126.794,126.794,NoButton,Move,455,294
126.81,126.81,NoButton,Move,466,297
126.827,126.827,NoButton,Move,475,300
126.843,126.843,NoButton,Move,479,301
126.86,126.86,NoButton,Move,480,302
126.876,126.876,NoButton,Move,480,302
126.894,126.894,Left,Pressed,480,302
127.017,127.017,NoButton,Move,480,303
127.025,127.025,NoButton,Move,480,303
127.064,127.064,Left,Pressed,480,303
127.518,127.518,Left,Pressed,480,303
128.475,128.475,NoButton,Move,344,309
128.492,128.492,NoButton,Move,346,309
128.5,128.5,NoButton,Move,349,309
128.51,128.51,NoButton,Move,355,308
128.52700000000002,128.52700000000002,NoButton,Move,377,304
128.543,128.543,NoButton,Move,417,298
128.56,128.56,NoButton,Move,469,292
128.576,128.576,NoButton,Move,520,289
128.593,128.593,NoButton,Move,555,286
128.61,128.61,NoButton,Move,592,283
128.627,128.627,NoButton,Move,610,279
128.643,128.643,NoButton,Move,621,275
128.661,128.661,NoButton,Move,632,270
129.42000000000002,129.42000000000002,NoButton,Move,632,270
129.568,129.568,NoButton,Move,632,270
129.573,129.573,NoButton,Move,636,270
129.586,129.586,NoButton,Move,643,270
129.606,129.606,NoButton,Move,671,269
129.625,129.625,NoButton,Move,737,269
129.64000000000001,129.64000000000001,NoButton,Move,774,273
129.655,129.655,NoButton,Move,794,276
129.672,129.672,NoButton,Move,806,279
129.689,129.689,NoButton,Move,821,283
129.705,129.705,NoButton,Move,828,285
129.722,129.722,NoButton,Move,830,285
129.738,129.738,NoButton,Move,831,286
129.773,129.773,Left,Pressed,831,286
129.881,129.881,NoButton,Move,831,286
130.607,130.607,NoButton,Move,831,286
131.42000000000002,131.42000000000002,NoButton,Move,831,287
131.43,131.43,NoButton,Move,831,289
131.44400000000002,131.44400000000002,NoButton,Move,831,297
131.461,131.461,NoButton,Move,830,313
131.479,131.479,NoButton,Move,829,317
131.496,131.496,NoButton,Move,824,333
131.512,131.512,NoButton,Move,810,361
131.529,131.529,NoButton,Move,807,364
131.546,131.546,NoButton,Move,790,377
131.56300000000002,131.56300000000002,NoButton,Move,772,383
131.579,131.579,NoButton,Move,751,385
131.596,131.596,NoButton,Move,726,385
131.614,131.614,NoButton,Move,671,386
131.63,131.63,NoButton,Move,647,391
131.644,131.644,NoButton,Move,625,395
131.661,131.661,NoButton,Move,604,400
131.679,131.679,NoButton,Move,594,402
131.69400000000002,131.69400000000002,NoButton,Move,588,404
132.684,132.684,NoButton,Move,588,404
132.88,132.88,NoButton,Move,592,404
132.887,132.887,NoButton,Move,595,404
132.90200000000002,132.90200000000002,NoButton,Move,603,404
132.919,132.919,NoButton,Move,611,403
132.935,132.935,NoButton,Move,613,403
132.952,132.952,NoButton,Move,614,403
132.97,132.97,NoButton,Move,613,403
132.986,132.986,NoButton,Move,609,403
133.002,133.002,NoButton,Move,605,403
133.018,133.018,NoButton,Move,602,403
133.036,133.036,NoButton,Move,601,403
133.052,133.052,NoButton,Move,601,403
133.07,133.07,NoButton,Move,600,403
133.086,133.086,NoButton,Move,599,403
133.103,133.103,NoButton,Move,598,403
133.119,133.119,NoButton,Move,594,402
133.136,133.136,NoButton,Move,590,401
133.153,133.153,NoButton,Move,586,399
133.169,133.169,NoButton,Move,582,397
133.186,133.186,NoButton,Move,579,395
133.203,133.203,NoButton,Move,577,394
133.219,133.219,NoButton,Move,576,394
133.235,133.235,NoButton,Move,575,394
133.253,133.253,NoButton,Move,575,394
133.27,133.27,NoButton,Move,574,394
133.286,133.286,NoButton,Move,574,394
133.302,133.302,NoButton,Move,573,394
133.31900000000002,133.31900000000002,NoButton,Move,572,396
133.336,133.336,NoButton,Move,572,397
133.352,133.352,NoButton,Move,572,399
133.368,133.368,NoButton,Move,572,401
133.385,133.385,NoButton,Move,572,402
133.401,133.401,NoButton,Move,572,402
133.417,133.417,NoButton,Move,572,403
133.434,133.434,NoButton,Move,572,403
133.462,133.462,NoButton,Move,572,403
133.487,133.487,NoButton,Move,573,403
133.496,133.496,NoButton,Move,573,403
133.504,133.504,NoButton,Move,573,404
133.519,133.519,NoButton,Move,573,405
134.192,134.192,NoButton,Move,570,390
134.198,134.198,NoButton,Move,567,364
134.206,134.206,NoButton,Move,566,342
134.221,134.221,NoButton,Move,565,320
134.238,134.238,NoButton,Move,564,284
134.255,134.255,NoButton,Move,563,254
134.266,134.266,NoButton,Move,563,217
134.28,134.28,NoButton,Move,563,210
134.296,134.296,NoButton,Move,564,184
134.312,134.312,NoButton,Move,570,165
134.329,134.329,NoButton,Move,574,159
134.537,134.537,NoButton,Move,574,160
134.543,134.543,NoButton,Move,574,170
134.55100000000002,134.55100000000002,NoButton,Move,574,181
134.562,134.562,NoButton,Move,576,189
134.579,134.579,NoButton,Move,582,214
134.594,134.594,NoButton,Move,586,226
134.609,134.609,NoButton,Move,594,250
134.625,134.625,NoButton,Move,610,289
134.642,134.642,NoButton,Move,621,312
134.65800000000002,134.65800000000002,NoButton,Move,635,331
134.892,134.892,NoButton,Move,627,332
134.898,134.898,NoButton,Move,611,340
134.90800000000002,134.90800000000002,NoButton,Move,596,348
134.924,134.924,NoButton,Move,569,364
134.941,134.941,NoButton,Move,541,382
134.958,134.958,NoButton,Move,500,401
134.977,134.977,NoButton,Move,471,414
134.994,134.994,NoButton,Move,451,420
135.011,135.011,NoButton,Move,440,424
135.029,135.029,NoButton,Move,432,425
135.04500000000002,135.04500000000002,NoButton,Move,429,425
135.214,135.214,NoButton,Move,426,424
135.219,135.219,NoButton,Move,423,423
135.229,135.229,NoButton,Move,420,421
135.246,135.246,NoButton,Move,411,416
135.263,135.263,NoButton,Move,400,409
135.28,135.28,NoButton,Move,390,401
135.299,135.299,NoButton,Move,361,369
135.317,135.317,NoButton,Move,337,330
135.333,135.333,NoButton,Move,323,301
135.352,135.352,NoButton,Move,320,290
135.368,135.368,NoButton,Move,314,277
135.385,135.385,NoButton,Move,312,271
135.401,135.401,NoButton,Move,312,271
135.417,135.417,NoButton,Move,313,271
135.435,135.435,NoButton,Move,315,271
135.659,135.659,NoButton,Move,317,271
135.667,135.667,NoButton,Move,321,271
135.672,135.672,NoButton,Move,325,271
135.685,135.685,NoButton,Move,329,271
135.702,135.702,NoButton,Move,339,272
135.715,135.715,NoButton,Move,360,275
135.73,135.73,NoButton,Move,371,278
135.747,135.747,NoButton,Move,398,283
135.762,135.762,NoButton,Move,425,290
135.78,135.78,NoButton,Move,444,295
135.79500000000002,135.79500000000002,NoButton,Move,462,301
136.046,136.046,NoButton,Move,463,301
136.053,136.053,NoButton,Move,471,301
136.06300000000002,136.06300000000002,NoButton,Move,480,299
136.079,136.079,NoButton,Move,500,295
136.098,136.098,NoButton,Move,525,290
136.115,136.115,NoButton,Move,567,285
136.132,136.132,NoButton,Move,621,282
136.148,136.148,NoButton,Move,656,282
136.165,136.165,NoButton,Move,681,285
136.184,136.184,NoButton,Move,699,290
136.2,136.2,NoButton,Move,712,295
136.216,136.216,NoButton,Move,719,298
136.409,136.409,NoButton,Move,721,298
136.415,136.415,NoButton,Move,729,297
136.423,136.423,NoButton,Move,740,296
136.433,136.433,NoButton,Move,752,294
136.45,136.45,NoButton,Move,783,294
136.466,136.466,NoButton,Move,854,294
136.481,136.481,NoButton,Move,874,296
136.497,136.497,NoButton,Move,924,305
136.513,136.513,NoButton,Move,974,319
136.53,136.53,NoButton,Move,995,326
136.546,136.546,NoButton,Move,1007,330
136.56300000000002,136.56300000000002,NoButton,Move,1015,333
136.578,136.578,NoButton,Move,1018,334
136.796,136.796,NoButton,Move,1017,327
136.802,136.802,NoButton,Move,1017,311
136.812,136.812,NoButton,Move,1016,289
136.831,136.831,NoButton,Move,1016,226
136.846,136.846,NoButton,Move,1016,107
137.226,137.226,NoButton,Move,1106,48
137.227,137.227,NoButton,Move,1106,48
137.242,137.242,NoButton,Move,1104,110
137.26,137.26,NoButton,Move,1102,168
137.276,137.276,NoButton,Move,1099,225
137.293,137.293,NoButton,Move,1096,275
137.314,137.314,NoButton,Move,1095,310
137.326,137.326,NoButton,Move,1095,347
137.343,137.343,NoButton,Move,1095,369
137.363,137.363,NoButton,Move,1095,391
137.377,137.377,NoButton,Move,1095,401
137.392,137.392,NoButton,Move,1095,408
137.411,137.411,NoButton,Move,1095,411
137.425,137.425,NoButton,Move,1096,411
142.9,142.9,NoButton,Move,1086,405
142.905,142.905,NoButton,Move,1067,393
142.916,142.916,NoButton,Move,1054,387
142.937,142.937,NoButton,Move,1044,382
142.943,142.943,NoButton,Move,1028,375
142.959,142.959,NoButton,Move,1017,371
142.98,142.98,NoButton,Move,1010,367
142.999,142.999,NoButton,Move,995,362
143.018,143.018,NoButton,Move,987,359
143.035,143.035,NoButton,Move,982,356
143.053,143.053,NoButton,Move,978,354
143.06900000000002,143.06900000000002,NoButton,Move,977,352
143.23,143.23,NoButton,Move,976,352
143.235,143.235,NoButton,Move,970,351
143.244,143.244,NoButton,Move,960,349
143.253,143.253,NoButton,Move,946,345
143.27,143.27,NoButton,Move,857,326
143.286,143.286,NoButton,Move,700,301
143.30100000000002,143.30100000000002,NoButton,Move,606,285
143.317,143.317,NoButton,Move,532,275
143.334,143.334,NoButton,Move,452,259
143.351,143.351,NoButton,Move,434,255
143.367,143.367,NoButton,Move,412,249
143.383,143.383,NoButton,Move,405,245
143.55100000000002,143.55100000000002,NoButton,Move,383,247
143.55700000000002,143.55700000000002,NoButton,Move,353,255
143.566,143.566,NoButton,Move,329,260
143.582,143.582,NoButton,Move,286,273
143.599,143.599,NoButton,Move,257,282
143.615,143.615,NoButton,Move,238,289
143.635,143.635,NoButton,Move,226,294
143.653,143.653,NoButton,Move,209,302
143.822,143.822,NoButton,Move,209,300
143.829,143.829,NoButton,Move,214,290
143.837,143.837,NoButton,Move,222,276
143.855,143.855,NoButton,Move,252,243
143.871,143.871,NoButton,Move,296,208
143.887,143.887,NoButton,Move,452,117
143.90800000000002,143.90800000000002,NoButton,Move,569,83
143.925,143.925,NoButton,Move,719,63
143.942,143.942,NoButton,Move,768,63
143.958,143.958,NoButton,Move,839,63
143.977,143.977,NoButton,Move,853,64
143.993,143.993,NoButton,Move,875,66
144.009,144.009,NoButton,Move,879,67
144.178,144.178,NoButton,Move,880,67
144.183,144.183,NoButton,Move,887,67
144.193,144.193,NoButton,Move,904,64
144.209,144.209,NoButton,Move,945,64
144.226,144.226,NoButton,Move,998,73
144.243,144.243,NoButton,Move,1108,106
144.263,144.263,NoButton,Move,1184,137
144.28,144.28,NoButton,Move,1242,162
144.297,144.297,NoButton,Move,1277,177
144.315,144.315,NoButton,Move,1293,185
144.331,144.331,NoButton,Move,1304,190
144.347,144.347,NoButton,Move,1307,192
144.54,144.54,NoButton,Move,1300,196
144.546,144.546,NoButton,Move,1289,206
144.555,144.555,NoButton,Move,1280,216
144.565,144.565,NoButton,Move,1267,227
144.581,144.581,NoButton,Move,1239,258
144.598,144.598,NoButton,Move,1199,301
144.612,144.612,NoButton,Move,1185,314
144.627,144.627,NoButton,Move,1156,343
144.644,144.644,NoButton,Move,1144,353
144.661,144.661,NoButton,Move,1130,365
144.678,144.678,NoButton,Move,1124,370
144.693,144.693,NoButton,Move,1123,371
144.927,144.927,NoButton,Move,1123,372
144.934,144.934,NoButton,Move,1123,378
144.943,144.943,NoButton,Move,1123,386
144.96,144.96,NoButton,Move,1123,411
144.977,144.977,NoButton,Move,1127,456
144.993,144.993,NoButton,Move,1136,511
145.013,145.013,NoButton,Move,1148,567
145.03,145.03,NoButton,Move,1158,603
145.046,145.046,NoButton,Move,1166,628
145.064,145.064,NoButton,Move,1171,641
145.081,145.081,NoButton,Move,1174,650
145.097,145.097,NoButton,Move,1175,652
145.356,145.356,NoButton,Move,1175,653
145.362,145.362,NoButton,Move,1175,656
145.37,145.37,NoButton,Move,1175,661
145.381,145.381,NoButton,Move,1175,666
145.398,145.398,NoButton,Move,1177,683
145.415,145.415,NoButton,Move,1182,705
145.428,145.428,NoButton,Move,1190,743
145.44400000000002,145.44400000000002,NoButton,Move,1195,760
145.46,145.46,NoButton,Move,1206,793
145.477,145.477,NoButton,Move,1211,812
145.495,145.495,NoButton,Move,1214,819
145.51,145.51,NoButton,Move,1215,819
145.526,145.526,NoButton,Move,1215,819
145.543,145.543,NoButton,Move,1215,819
145.56,145.56,NoButton,Move,1215,819
145.576,145.576,NoButton,Move,1215,819
145.835,145.835,NoButton,Move,1215,819
145.841,145.841,NoButton,Move,1215,819
145.848,145.848,NoButton,Move,1215,819
145.858,145.858,NoButton,Move,1215,819
145.876,145.876,NoButton,Move,1218,819
145.89000000000004,145.89000000000004,NoButton,Move,1222,819
145.905,145.905,NoButton,Move,1225,819
145.92000000000002,145.92000000000002,NoButton,Move,1231,819
145.939,145.939,NoButton,Move,1239,819
145.955,145.955,NoButton,Move,1246,819
145.972,145.972,NoButton,Move,1253,819
145.988,145.988,NoButton,Move,1257,819
146.005,146.005,NoButton,Move,1259,819
146.02100000000002,146.02100000000002,NoButton,Move,1260,819
146.038,146.038,NoButton,Move,1261,819
146.273,146.273,NoButton,Move,1261,819
147.724,147.724,NoButton,Move,788,740
147.726,147.726,NoButton,Move,788,740
147.75,147.75,NoButton,Move,789,720
147.763,147.763,NoButton,Move,794,678
147.77700000000002,147.77700000000002,NoButton,Move,812,534
147.793,147.793,NoButton,Move,814,513
147.809,147.809,NoButton,Move,823,455
147.826,147.826,NoButton,Move,827,414
147.843,147.843,NoButton,Move,831,381
147.86,147.86,NoButton,Move,832,369
147.877,147.877,NoButton,Move,833,363
147.893,147.893,NoButton,Move,834,361
147.90800000000002,147.90800000000002,NoButton,Move,834,361
148.084,148.084,NoButton,Move,833,361
148.091,148.091,NoButton,Move,825,361
148.098,148.098,NoButton,Move,815,361
148.109,148.109,NoButton,Move,801,361
148.124,148.124,NoButton,Move,784,362
148.14000000000004,148.14000000000004,NoButton,Move,646,374
148.157,148.157,NoButton,Move,587,380
148.172,148.172,NoButton,Move,501,391
148.189,148.189,NoButton,Move,435,398
148.205,148.205,NoButton,Move,396,399
148.222,148.222,NoButton,Move,373,400
148.239,148.239,NoButton,Move,358,400
148.254,148.254,NoButton,Move,354,399
148.406,148.406,NoButton,Move,349,398
148.412,148.412,NoButton,Move,335,392
148.421,148.421,NoButton,Move,321,384
148.43800000000002,148.43800000000002,NoButton,Move,286,367
148.454,148.454,NoButton,Move,251,349
148.47,148.47,NoButton,Move,202,325
148.491,148.491,NoButton,Move,167,308
148.508,148.508,NoButton,Move,142,296
148.525,148.525,NoButton,Move,128,290
148.541,148.541,NoButton,Move,117,283
148.559,148.559,NoButton,Move,112,280
148.576,148.576,NoButton,Move,112,277
148.744,148.744,NoButton,Move,105,275
148.75,148.75,NoButton,Move,93,270
148.759,148.759,NoButton,Move,85,265
148.776,148.776,NoButton,Move,68,251
148.793,148.793,NoButton,Move,52,235
148.809,148.809,NoButton,Move,46,226
148.829,148.829,NoButton,Move,16,178
148.846,148.846,NoButton,Move,4,156
148.862,148.862,NoButton,Move,0,142
148.88,148.88,NoButton,Move,0,129
148.897,148.897,NoButton,Move,0,124
148.915,148.915,NoButton,Move,0,122
148.93,148.93,NoButton,Move,0,122
148.946,148.946,NoButton,Move,2,122
148.963,148.963,NoButton,Move,6,122
148.981,148.981,NoButton,Move,9,124
148.998,148.998,NoButton,Move,14,128
149.01500000000004,149.01500000000004,NoButton,Move,25,134
149.03,149.03,NoButton,Move,51,144
149.047,149.047,NoButton,Move,110,160
149.06300000000002,149.06300000000002,NoButton,Move,191,173
149.08100000000002,149.08100000000002,NoButton,Move,307,184
149.097,149.097,NoButton,Move,489,197
149.114,149.114,NoButton,Move,626,209
149.131,149.131,NoButton,Move,705,216
149.148,149.148,NoButton,Move,775,224
149.16400000000002,149.16400000000002,NoButton,Move,789,226
149.18,149.18,NoButton,Move,802,228
149.197,149.197,NoButton,Move,817,232
149.379,149.379,NoButton,Move,818,232
149.384,149.384,NoButton,Move,827,232
149.39600000000002,149.39600000000002,NoButton,Move,837,231
149.418,149.418,NoButton,Move,864,229
149.43,149.43,NoButton,Move,934,227
149.447,149.447,NoButton,Move,1023,227
149.465,149.465,NoButton,Move,1088,231
149.481,149.481,NoButton,Move,1140,237
149.498,149.498,NoButton,Move,1178,241
149.516,149.516,NoButton,Move,1201,243
149.531,149.531,NoButton,Move,1216,244
149.548,149.548,NoButton,Move,1219,244
149.708,149.708,NoButton,Move,1220,242
149.714,149.714,NoButton,Move,1224,239
149.732,149.732,NoButton,Move,1229,234
149.748,149.748,NoButton,Move,1246,220
149.76500000000004,149.76500000000004,NoButton,Move,1291,186
149.78,149.78,NoButton,Move,1305,176
149.796,149.796,NoButton,Move,1331,157
149.812,149.812,NoButton,Move,1347,147
149.829,149.829,NoButton,Move,1358,140
149.846,149.846,NoButton,Move,1368,134
149.861,149.861,NoButton,Move,1373,131
149.965,149.965,NoButton,Move,1362,131
149.969,149.969,NoButton,Move,1348,131
149.977,149.977,NoButton,Move,1330,131
149.994,149.994,NoButton,Move,1284,133
150.01,150.01,NoButton,Move,1226,138
150.03,150.03,NoButton,Move,1057,158
150.049,150.049,NoButton,Move,954,174
150.067,150.067,NoButton,Move,834,201
150.085,150.085,NoButton,Move,766,219
150.101,150.101,NoButton,Move,741,226
150.118,150.118,NoButton,Move,711,234
150.136,150.136,NoButton,Move,703,236
150.285,150.285,NoButton,Move,702,236
150.291,150.291,NoButton,Move,696,236
150.30100000000002,150.30100000000002,NoButton,Move,689,236
150.32,150.32,NoButton,Move,665,240
150.336,150.336,NoButton,Move,617,250
150.353,150.353,NoButton,Move,527,266
150.369,150.369,NoButton,Move,452,277
150.386,150.386,NoButton,Move,363,285
150.404,150.404,NoButton,Move,310,288
150.422,150.422,NoButton,Move,261,288
150.437,150.437,NoButton,Move,250,288
150.455,150.455,NoButton,Move,237,287
150.471,150.471,NoButton,Move,233,285
150.681,150.681,NoButton,Move,220,285
150.687,150.687,NoButton,Move,202,286
150.704,150.704,NoButton,Move,186,289
150.721,150.721,NoButton,Move,156,295
150.738,150.738,NoButton,Move,123,298
150.753,150.753,NoButton,Move,116,299
150.77,150.77,NoButton,Move,96,299
150.784,150.784,NoButton,Move,85,295
150.802,150.802,NoButton,Move,77,291
150.81900000000002,150.81900000000002,NoButton,Move,74,289
150.835,150.835,NoButton,Move,73,288
150.969,150.969,NoButton,Move,81,291
150.975,150.975,NoButton,Move,92,296
150.984,150.984,NoButton,Move,104,303
151,151,NoButton,Move,132,322
151.017,151.017,NoButton,Move,163,346
151.034,151.034,NoButton,Move,211,385
151.05100000000002,151.05100000000002,NoButton,Move,275,435
151.071,151.071,NoButton,Move,330,479
151.088,151.088,NoButton,Move,362,502
151.105,151.105,NoButton,Move,384,516
151.122,151.122,NoButton,Move,398,526
151.139,151.139,NoButton,Move,405,529
151.332,151.332,NoButton,Move,405,529
151.339,151.339,NoButton,Move,409,531
151.356,151.356,NoButton,Move,417,539
151.373,151.373,NoButton,Move,450,570
151.389,151.389,NoButton,Move,483,602
151.403,151.403,NoButton,Move,493,611
151.42000000000002,151.42000000000002,NoButton,Move,526,642
151.435,151.435,NoButton,Move,542,658
151.452,151.452,NoButton,Move,558,672
151.469,151.469,NoButton,Move,566,678
151.486,151.486,NoButton,Move,572,683
151.502,151.502,NoButton,Move,575,684
151.653,151.653,NoButton,Move,575,684
151.66,151.66,NoButton,Move,575,687
151.669,151.669,NoButton,Move,578,694
151.685,151.685,NoButton,Move,586,713
151.702,151.702,NoButton,Move,594,733
151.719,151.719,NoButton,Move,598,741
151.738,151.738,NoButton,Move,604,754
151.754,151.754,NoButton,Move,611,764
151.772,151.772,NoButton,Move,614,769
151.78900000000002,151.78900000000002,NoButton,Move,615,770
151.80700000000002,151.80700000000002,NoButton,Move,617,771
151.823,151.823,NoButton,Move,619,771
152.412,152.412,NoButton,Move,619,771
152.417,152.417,NoButton,Move,619,774
152.425,152.425,NoButton,Move,620,778
152.439,152.439,NoButton,Move,622,782
152.45600000000002,152.45600000000002,NoButton,Move,624,788
152.468,152.468,NoButton,Move,628,794
152.484,152.484,NoButton,Move,631,800
152.5,152.5,NoButton,Move,636,810
152.517,152.517,NoButton,Move,642,819
152.53300000000002,152.53300000000002,NoButton,Move,647,819
152.55,152.55,NoButton,Move,651,819
152.566,152.566,NoButton,Move,655,819
152.582,152.582,NoButton,Move,657,819
152.598,152.598,NoButton,Move,658,819
152.766,152.766,NoButton,Move,656,819
152.773,152.773,NoButton,Move,652,819
152.782,152.782,NoButton,Move,648,819
152.799,152.799,NoButton,Move,642,819
152.815,152.815,NoButton,Move,638,819
152.832,152.832,NoButton,Move,637,819
152.851,152.851,NoButton,Move,635,819
152.868,152.868,NoButton,Move,635,819
152.885,152.885,NoButton,Move,635,819
152.903,152.903,NoButton,Move,635,819
153.222,153.222,Left,Pressed,635,819
153.423,153.423,Left,Pressed,635,819
153.70600000000002,153.70600000000002,NoButton,Move,637,819
153.712,153.712,NoButton,Move,641,819
153.724,153.724,NoButton,Move,646,819
153.738,153.738,NoButton,Move,665,819
153.754,153.754,NoButton,Move,694,819
153.772,153.772,NoButton,Move,782,819
153.791,153.791,NoButton,Move,849,819
153.808,153.808,NoButton,Move,932,819
153.82500000000002,153.82500000000002,NoButton,Move,975,819
153.842,153.842,NoButton,Move,1000,819
153.86,153.86,NoButton,Move,1012,819
153.876,153.876,NoButton,Move,1021,819
153.892,153.892,NoButton,Move,1023,819
154.06,154.06,NoButton,Move,1023,819
154.068,154.068,NoButton,Move,1023,812
154.076,154.076,NoButton,Move,1024,802
154.092,154.092,NoButton,Move,1033,750
154.109,154.109,NoButton,Move,1044,701
154.126,154.126,NoButton,Move,1050,677
154.145,154.145,NoButton,Move,1056,653
154.162,154.162,NoButton,Move,1062,636
154.18,154.18,NoButton,Move,1064,628
154.198,154.198,NoButton,Move,1066,626
154.214,154.214,NoButton,Move,1066,626
154.23,154.23,NoButton,Move,1067,626
154.248,154.248,NoButton,Move,1067,626
154.264,154.264,NoButton,Move,1067,628
154.281,154.281,NoButton,Move,1067,630
155.262,155.262,NoButton,Move,1068,629
155.268,155.268,NoButton,Move,1070,628
155.279,155.279,NoButton,Move,1072,626
155.297,155.297,NoButton,Move,1080,623
155.312,155.312,NoButton,Move,1090,620
155.33100000000002,155.33100000000002,NoButton,Move,1108,616
155.347,155.347,NoButton,Move,1119,615
155.365,155.365,NoButton,Move,1127,615
155.709,155.709,NoButton,Move,1127,616
155.715,155.715,NoButton,Move,1127,618
155.722,155.722,NoButton,Move,1127,620
155.732,155.732,NoButton,Move,1129,625
155.75,155.75,NoButton,Move,1135,639
155.766,155.766,NoButton,Move,1149,657
155.781,155.781,NoButton,Move,1168,678
155.797,155.797,NoButton,Move,1180,688
155.814,155.814,NoButton,Move,1205,709
155.83,155.83,NoButton,Move,1229,727
155.846,155.846,NoButton,Move,1243,740
155.862,155.862,NoButton,Move,1256,755
155.879,155.879,NoButton,Move,1260,762
155.89600000000002,155.89600000000002,NoButton,Move,1263,770
155.911,155.911,NoButton,Move,1263,772
156.129,156.129,NoButton,Move,1263,772
156.135,156.135,NoButton,Move,1267,772
156.144,156.144,NoButton,Move,1271,772
156.161,156.161,NoButton,Move,1287,774
156.177,156.177,NoButton,Move,1318,781
156.195,156.195,NoButton,Move,1349,787
156.213,156.213,NoButton,Move,1385,794
156.231,156.231,NoButton,Move,1396,797
156.249,156.249,NoButton,Move,1410,800
156.26500000000004,156.26500000000004,NoButton,Move,1417,801
156.282,156.282,NoButton,Move,1419,802
156.299,156.299,NoButton,Move,1420,802
156.315,156.315,NoButton,Move,1420,802
157.572,157.572,NoButton,Move,1420,803
157.577,157.577,NoButton,Move,1420,809
157.585,157.585,NoButton,Move,1418,819
157.599,157.599,NoButton,Move,1416,819
157.616,157.616,NoButton,Move,1411,819
157.629,157.629,NoButton,Move,1407,819
157.645,157.645,NoButton,Move,1406,819
157.66,157.66,NoButton,Move,1406,819
157.67600000000002,157.67600000000002,NoButton,Move,1406,819
157.693,157.693,NoButton,Move,1406,819
157.709,157.709,NoButton,Move,1408,819
157.726,157.726,NoButton,Move,1410,819
157.742,157.742,NoButton,Move,1412,819
157.951,157.951,NoButton,Move,1406,819
157.957,157.957,NoButton,Move,1394,818
157.966,157.966,NoButton,Move,1377,815
157.975,157.975,NoButton,Move,1359,810
157.991,157.991,NoButton,Move,1310,803
158.009,158.009,NoButton,Move,1228,794
158.022,158.022,NoButton,Move,1202,793
158.038,158.038,NoButton,Move,1107,792
158.054,158.054,NoButton,Move,1064,792
158.071,158.071,NoButton,Move,1038,792
158.088,158.088,NoButton,Move,1025,792
158.105,158.105,NoButton,Move,1017,792
158.12,158.12,NoButton,Move,1015,792
158.28900000000002,158.28900000000002,NoButton,Move,1015,792
158.29500000000002,158.29500000000002,NoButton,Move,1010,792
158.304,158.304,NoButton,Move,1004,792
158.32,158.32,NoButton,Move,985,793
158.337,158.337,NoButton,Move,950,797
158.354,158.354,NoButton,Move,893,802
158.373,158.373,NoButton,Move,831,805
158.391,158.391,NoButton,Move,792,807
158.407,158.407,NoButton,Move,763,807
158.425,158.425,NoButton,Move,739,807
158.442,158.442,NoButton,Move,732,806
159.763,159.763,NoButton,Move,732,805
159.77,159.77,NoButton,Move,732,796
159.778,159.778,NoButton,Move,732,786
159.792,159.792,NoButton,Move,732,775
159.811,159.811,NoButton,Move,737,747
159.832,159.832,NoButton,Move,747,683
159.848,159.848,NoButton,Move,758,617
159.865,159.865,NoButton,Move,761,595
159.882,159.882,NoButton,Move,764,574
159.899,159.899,NoButton,Move,766,559
159.917,159.917,NoButton,Move,766,553
160.127,160.127,NoButton,Move,766,553
160.133,160.133,NoButton,Move,761,553
160.149,160.149,NoButton,Move,752,553
160.167,160.167,NoButton,Move,715,553
160.183,160.183,NoButton,Move,658,553
160.199,160.199,NoButton,Move,617,553
160.214,160.214,NoButton,Move,547,550
160.231,160.231,NoButton,Move,488,543
160.247,160.247,NoButton,Move,433,533
160.263,160.263,NoButton,Move,412,527
160.279,160.279,NoButton,Move,401,524
160.296,160.296,NoButton,Move,393,519
160.522,160.522,NoButton,Move,385,517
160.528,160.528,NoButton,Move,370,511
160.537,160.537,NoButton,Move,356,502
160.547,160.547,NoButton,Move,340,493
160.56300000000002,160.56300000000002,NoButton,Move,319,482
160.58,160.58,NoButton,Move,266,454
160.594,160.594,NoButton,Move,253,447
160.61,160.61,NoButton,Move,208,419
160.626,160.626,NoButton,Move,188,407
160.642,160.642,NoButton,Move,176,397
160.66,160.66,NoButton,Move,169,389
160.67600000000002,160.67600000000002,NoButton,Move,167,385
160.893,160.893,NoButton,Move,161,385
160.899,160.899,NoButton,Move,152,385
160.909,160.909,NoButton,Move,140,383
160.92600000000002,160.92600000000002,NoButton,Move,117,378
160.942,160.942,NoButton,Move,94,371
160.959,160.959,NoButton,Move,58,359
160.978,160.978,NoButton,Move,27,347
160.996,160.996,NoButton,Move,0,335
161.012,161.012,NoButton,Move,0,329
161.029,161.029,NoButton,Move,0,324
161.047,161.047,NoButton,Move,0,320
161.06300000000002,161.06300000000002,NoButton,Move,0,319
161.264,161.264,NoButton,Move,2,319
161.27,161.27,NoButton,Move,8,316
161.28,161.28,NoButton,Move,17,312
161.29500000000002,161.29500000000002,NoButton,Move,41,303
161.31300000000002,161.31300000000002,NoButton,Move,86,292
161.33,161.33,NoButton,Move,166,283
161.346,161.346,NoButton,Move,217,283
161.367,161.367,NoButton,Move,261,283
161.383,161.383,NoButton,Move,304,289
161.401,161.401,NoButton,Move,326,294
161.418,161.418,NoButton,Move,338,297
161.434,161.434,NoButton,Move,348,300
161.452,161.452,NoButton,Move,353,302
161.467,161.467,NoButton,Move,353,303
161.66,161.66,NoButton,Move,353,303
161.666,161.666,NoButton,Move,357,303
161.675,161.675,NoButton,Move,364,303
161.685,161.685,NoButton,Move,373,303
161.701,161.701,NoButton,Move,393,303
161.718,161.718,NoButton,Move,431,307
161.731,161.731,NoButton,Move,458,310
161.747,161.747,NoButton,Move,501,316
161.764,161.764,NoButton,Move,549,324
161.781,161.781,NoButton,Move,577,330
161.797,161.797,NoButton,Move,602,335
161.814,161.814,NoButton,Move,613,338
161.83100000000002,161.83100000000002,NoButton,Move,623,340
161.847,161.847,NoButton,Move,627,342
161.863,161.863,NoButton,Move,629,342
161.879,161.879,NoButton,Move,629,342
162.064,162.064,NoButton,Move,629,342
162.07,162.07,NoButton,Move,624,343
162.08,162.08,NoButton,Move,618,347
162.096,162.096,NoButton,Move,602,354
162.113,162.113,NoButton,Move,576,366
162.13,162.13,NoButton,Move,549,378
162.149,162.149,NoButton,Move,508,397
162.166,162.166,NoButton,Move,484,409
162.183,162.183,NoButton,Move,463,419
162.20000000000002,162.20000000000002,NoButton,Move,456,423
162.218,162.218,NoButton,Move,451,426
162.234,162.234,NoButton,Move,449,427
162.25,162.25,NoButton,Move,449,427
162.42600000000002,162.42600000000002,NoButton,Move,456,427
162.433,162.433,NoButton,Move,465,427
162.441,162.441,NoButton,Move,477,427
162.45000000000002,162.45000000000002,NoButton,Move,487,427
162.466,162.466,NoButton,Move,498,427
162.483,162.483,NoButton,Move,532,432
162.498,162.498,NoButton,Move,556,439
162.514,162.514,NoButton,Move,586,448
162.53,162.53,NoButton,Move,620,458
162.547,162.547,NoButton,Move,637,462
162.564,162.564,NoButton,Move,648,465
162.58,162.58,NoButton,Move,657,466
162.596,162.596,NoButton,Move,660,467
162.806,162.806,NoButton,Move,653,467
162.811,162.811,NoButton,Move,639,471
162.829,162.829,NoButton,Move,628,474
162.845,162.845,NoButton,Move,599,481
162.862,162.862,NoButton,Move,560,491
162.877,162.877,NoButton,Move,548,495
162.893,162.893,NoButton,Move,503,507
162.927,162.927,NoButton,Move,462,518
162.97,162.97,NoButton,Move,444,524
163.317,163.317,NoButton,Move,444,521
163.322,163.322,NoButton,Move,444,513
163.33,163.33,NoButton,Move,444,506
163.343,163.343,NoButton,Move,444,495
163.359,163.359,NoButton,Move,445,470
163.371,163.371,NoButton,Move,450,413
163.387,163.387,NoButton,Move,453,381
163.404,163.404,NoButton,Move,458,338
163.421,163.421,NoButton,Move,460,310
163.43800000000002,163.43800000000002,NoButton,Move,461,295
163.453,163.453,NoButton,Move,462,284
163.471,163.471,NoButton,Move,463,280
163.487,163.487,NoButton,Move,463,279
164.017,164.017,NoButton,Move,463,279
164.023,164.023,NoButton,Move,458,279
164.036,164.036,NoButton,Move,454,277
164.054,164.054,NoButton,Move,443,271
164.07,164.07,NoButton,Move,425,263
164.088,164.088,NoButton,Move,389,245
164.105,164.105,NoButton,Move,357,228
164.121,164.121,NoButton,Move,311,205
164.138,164.138,NoButton,Move,286,193
164.154,164.154,NoButton,Move,264,181
164.171,164.171,NoButton,Move,254,177
164.187,164.187,NoButton,Move,248,173
164.421,164.421,NoButton,Move,246,173
164.427,164.427,NoButton,Move,237,169
164.437,164.437,NoButton,Move,226,165
164.453,164.453,NoButton,Move,200,156
164.47,164.47,NoButton,Move,172,148
164.487,164.487,NoButton,Move,146,140
164.506,164.506,NoButton,Move,99,127
164.523,164.523,NoButton,Move,70,121
164.54,164.54,NoButton,Move,45,115
164.558,164.558,NoButton,Move,32,112
164.57500000000002,164.57500000000002,NoButton,Move,23,109
164.592,164.592,NoButton,Move,20,107
164.608,164.608,NoButton,Move,20,106
164.883,164.883,NoButton,Move,19,106
164.888,164.888,NoButton,Move,13,106
164.897,164.897,NoButton,Move,5,106
164.90800000000002,164.90800000000002,NoButton,Move,0,105
164.924,164.924,NoButton,Move,0,101
164.94,164.94,NoButton,Move,0,91
164.954,164.954,NoButton,Move,0,78
164.971,164.971,NoButton,Move,0,75
164.986,164.986,NoButton,Move,0,64
165.004,165.004,NoButton,Move,0,58
165.02,165.02,NoButton,Move,0,54
165.037,165.037,NoButton,Move,0,52
165.052,165.052,NoButton,Move,0,52
165.06900000000002,165.06900000000002,NoButton,Move,0,52
165.293,165.293,NoButton,Move,0,52
165.3,165.3,NoButton,Move,0,52
165.308,165.308,NoButton,Move,0,52
165.31900000000002,165.31900000000002,NoButton,Move,0,51
165.335,165.335,NoButton,Move,0,47
165.349,165.349,NoButton,Move,0,44
165.365,165.365,NoButton,Move,0,34
165.381,165.381,NoButton,Move,0,25
165.398,165.398,NoButton,Move,0,17
165.582,165.582,NoButton,Move,0,13
166.199,166.199,NoButton,Move,291,1
166.20000000000002,166.20000000000002,NoButton,Move,300,2
166.213,166.213,NoButton,Move,309,3
166.231,166.231,NoButton,Move,324,5
166.248,166.248,NoButton,Move,337,6
166.264,166.264,NoButton,Move,358,7
166.28,166.28,NoButton,Move,366,7
166.297,166.297,NoButton,Move,407,11
166.306,166.306,NoButton,Move,424,15
166.345,166.345,NoButton,Move,473,31
166.347,166.347,NoButton,Move,508,48
166.364,166.364,NoButton,Move,519,54
166.628,166.628,NoButton,Move,520,54
166.638,166.638,NoButton,Move,526,54
166.698,166.698,NoButton,Move,574,65
166.70000000000002,166.70000000000002,NoButton,Move,659,95
166.705,166.705,NoButton,Move,692,109
166.721,166.721,NoButton,Move,739,130
166.738,166.738,NoButton,Move,787,153
166.755,166.755,NoButton,Move,809,165
166.776,166.776,NoButton,Move,821,170
166.788,166.788,NoButton,Move,830,175
166.805,166.805,NoButton,Move,838,177
166.821,166.821,NoButton,Move,839,177
167.001,167.001,NoButton,Move,837,182
167.007,167.007,NoButton,Move,833,192
167.023,167.023,NoButton,Move,829,206
167.03900000000002,167.03900000000002,NoButton,Move,823,242
167.055,167.055,NoButton,Move,819,280
167.072,167.072,NoButton,Move,817,334
167.088,167.088,NoButton,Move,817,401
167.104,167.104,NoButton,Move,818,438
167.122,167.122,NoButton,Move,832,490
167.139,167.139,NoButton,Move,847,521
167.155,167.155,NoButton,Move,857,538
167.172,167.172,NoButton,Move,863,546
167.187,167.187,NoButton,Move,868,550
167.391,167.391,Left,Pressed,868,550
167.702,167.702,NoButton,Move,868,549
167.707,167.707,NoButton,Move,872,543
167.724,167.724,NoButton,Move,879,535
167.741,167.741,NoButton,Move,894,514
167.754,167.754,NoButton,Move,934,471
167.772,167.772,NoButton,Move,982,430
167.78900000000002,167.78900000000002,NoButton,Move,1036,397
167.806,167.806,NoButton,Move,1074,382
167.822,167.822,NoButton,Move,1104,371
167.838,167.838,NoButton,Move,1133,360
167.854,167.854,NoButton,Move,1146,357
167.871,167.871,NoButton,Move,1160,355
168.031,168.031,NoButton,Move,1160,354
168.038,168.038,NoButton,Move,1159,345
168.055,168.055,NoButton,Move,1158,317
168.071,168.071,NoButton,Move,1158,298
168.088,168.088,NoButton,Move,1161,189
168.103,168.103,NoButton,Move,1164,172
168.119,168.119,NoButton,Move,1170,134
168.135,168.135,NoButton,Move,1174,114
168.151,168.151,NoButton,Move,1179,100
168.169,168.169,NoButton,Move,1181,96
168.186,168.186,NoButton,Move,1181,95
168.201,168.201,NoButton,Move,1182,95
168.344,168.344,NoButton,Move,1182,95
168.35,168.35,NoButton,Move,1176,95
168.358,168.358,NoButton,Move,1166,98
168.367,168.367,NoButton,Move,1156,101
168.384,168.384,NoButton,Move,1142,105
168.401,168.401,NoButton,Move,1048,137
168.416,168.416,NoButton,Move,999,156
168.43200000000002,168.43200000000002,NoButton,Move,892,195
168.449,168.449,NoButton,Move,817,219
168.465,168.465,NoButton,Move,758,234
168.482,168.482,NoButton,Move,720,243
168.498,168.498,NoButton,Move,696,247
168.513,168.513,NoButton,Move,681,250
168.53,168.53,NoButton,Move,675,250
168.547,168.547,NoButton,Move,674,250
168.565,168.565,NoButton,Move,673,250
168.582,168.582,NoButton,Move,673,250
168.6,168.6,Left,Pressed,673,250
168.601,168.601,NoButton,Move,673,250
168.872,168.872,NoButton,Move,672,250
168.88,168.88,NoButton,Move,667,250
168.898,168.898,NoButton,Move,646,251
168.915,168.915,NoButton,Move,620,254
168.931,168.931,NoButton,Move,549,262
168.945,168.945,NoButton,Move,497,270
168.959,168.959,NoButton,Move,463,275
168.976,168.976,NoButton,Move,421,278
168.993,168.993,NoButton,Move,390,281
169.009,169.009,NoButton,Move,371,282
169.026,169.026,NoButton,Move,360,283
169.043,169.043,NoButton,Move,351,283
169.059,169.059,NoButton,Move,349,283
169.07500000000002,169.07500000000002,NoButton,Move,349,283
169.094,169.094,Left,Pressed,349,283
169.226,169.226,NoButton,Move,350,283
169.233,169.233,NoButton,Move,355,283
169.242,169.242,NoButton,Move,367,283
169.258,169.258,NoButton,Move,403,283
169.275,169.275,NoButton,Move,459,283
169.292,169.292,NoButton,Move,554,302
169.312,169.312,NoButton,Move,610,321
169.329,169.329,NoButton,Move,670,347
169.345,169.345,NoButton,Move,706,365
169.363,169.363,NoButton,Move,744,384
169.38,169.38,NoButton,Move,774,400
169.39600000000002,169.39600000000002,NoButton,Move,797,415
169.413,169.413,NoButton,Move,817,428
169.43,169.43,NoButton,Move,823,432
170.073,170.073,NoButton,Move,812,430
170.079,170.079,NoButton,Move,800,428
170.096,170.096,NoButton,Move,786,424
170.112,170.112,NoButton,Move,762,416
170.129,170.129,NoButton,Move,733,405
170.145,170.145,NoButton,Move,688,384
170.161,170.161,NoButton,Move,629,347
170.178,170.178,NoButton,Move,578,306
170.19400000000002,170.19400000000002,NoButton,Move,563,292
170.21,170.21,NoButton,Move,548,278
170.227,170.227,NoButton,Move,536,269
170.244,170.244,NoButton,Move,533,265
170.26,170.26,NoButton,Move,532,264
170.44400000000002,170.44400000000002,NoButton,Move,531,264
170.451,170.451,NoButton,Move,524,264
170.461,170.461,NoButton,Move,515,264
170.477,170.477,NoButton,Move,495,264
170.494,170.494,NoButton,Move,469,263
170.511,170.511,NoButton,Move,411,261
170.529,170.529,NoButton,Move,353,259
170.547,170.547,NoButton,Move,320,259
170.564,170.564,NoButton,Move,296,259
170.582,170.582,NoButton,Move,283,259
170.598,170.598,NoButton,Move,275,259
170.615,170.615,NoButton,Move,272,259
170.792,170.792,NoButton,Move,272,260
170.798,170.798,NoButton,Move,271,265
170.805,170.805,NoButton,Move,269,269
170.817,170.817,NoButton,Move,267,272
170.833,170.833,NoButton,Move,261,278
170.848,170.848,NoButton,Move,250,287
170.864,170.864,NoButton,Move,237,297
170.88,170.88,NoButton,Move,215,310
170.897,170.897,NoButton,Move,197,319
170.913,170.913,NoButton,Move,184,325
170.93,170.93,NoButton,Move,174,328
170.946,170.946,NoButton,Move,170,330
170.963,170.963,NoButton,Move,168,330
170.979,170.979,NoButton,Move,168,330
171.005,171.005,NoButton,Move,168,330
171.012,171.012,NoButton,Move,170,330
171.028,171.028,NoButton,Move,175,330
171.046,171.046,NoButton,Move,196,332
171.062,171.062,NoButton,Move,234,336
171.079,171.079,NoButton,Move,295,344
171.095,171.095,NoButton,Move,365,352
171.112,171.112,NoButton,Move,424,359
171.129,171.129,NoButton,Move,459,365
171.14600000000002,171.14600000000002,NoButton,Move,483,370
171.162,171.162,NoButton,Move,499,374
171.18,171.18,NoButton,Move,508,378
171.196,171.196,NoButton,Move,515,382
171.394,171.394,NoButton,Move,506,380
171.4,171.4,NoButton,Move,495,375
171.412,171.412,NoButton,Move,483,373
171.433,171.433,NoButton,Move,457,367
171.445,171.445,NoButton,Move,430,362
171.463,171.463,NoButton,Move,410,357
171.48,171.48,NoButton,Move,384,351
171.497,171.497,NoButton,Move,367,347
171.51500000000004,171.51500000000004,NoButton,Move,354,343
171.531,171.531,NoButton,Move,349,341
171.548,171.548,NoButton,Move,347,341
171.565,171.565,NoButton,Move,348,342
171.732,171.732,NoButton,Move,349,342
171.738,171.738,NoButton,Move,353,342
171.748,171.748,NoButton,Move,357,342
171.764,171.764,NoButton,Move,374,342
171.781,171.781,NoButton,Move,401,344
171.798,171.798,NoButton,Move,446,351
171.818,171.818,NoButton,Move,550,369
171.834,171.834,NoButton,Move,615,382
171.851,171.851,NoButton,Move,691,400
171.868,171.868,NoButton,Move,728,409
171.886,171.886,NoButton,Move,749,414
171.90200000000002,171.90200000000002,NoButton,Move,761,416
171.919,171.919,NoButton,Move,765,417
172.128,172.128,NoButton,Move,765,417
172.133,172.133,NoButton,Move,769,417
172.142,172.142,NoButton,Move,775,417
172.15200000000002,172.15200000000002,NoButton,Move,782,418
172.168,172.168,NoButton,Move,799,420
172.185,172.185,NoButton,Move,839,424
172.20000000000002,172.20000000000002,NoButton,Move,884,429
172.216,172.216,NoButton,Move,911,432
172.232,172.232,NoButton,Move,967,439
172.249,172.249,NoButton,Move,1001,445
172.26500000000004,172.26500000000004,NoButton,Move,1037,455
172.282,172.282,NoButton,Move,1053,462
172.298,172.298,NoButton,Move,1062,465
172.315,172.315,NoButton,Move,1066,466
172.548,172.548,NoButton,Move,1053,466
172.554,172.554,NoButton,Move,1039,467
172.565,172.565,NoButton,Move,1023,470
172.583,172.583,NoButton,Move,994,475
172.6,172.6,NoButton,Move,968,479
172.616,172.616,NoButton,Move,947,483
172.632,172.632,NoButton,Move,919,488
172.65,172.65,NoButton,Move,893,492
172.667,172.667,NoButton,Move,883,493
172.685,172.685,NoButton,Move,876,494
172.702,172.702,NoButton,Move,874,494
172.717,172.717,NoButton,Move,874,494
172.734,172.734,NoButton,Move,877,494
172.751,172.751,NoButton,Move,900,492
172.768,172.768,NoButton,Move,941,492
172.784,172.784,NoButton,Move,1001,492
172.802,172.802,NoButton,Move,1119,509
172.818,172.818,NoButton,Move,1134,512
172.835,172.835,NoButton,Move,1168,517
172.852,172.852,NoButton,Move,1184,520
172.868,172.868,NoButton,Move,1190,521
173.067,173.067,NoButton,Move,1190,520
173.074,173.074,NoButton,Move,1190,514
173.084,173.084,NoButton,Move,1190,506
173.103,173.103,NoButton,Move,1190,485
173.119,173.119,NoButton,Move,1195,423
173.136,173.136,NoButton,Move,1201,340
173.153,173.153,NoButton,Move,1206,285
173.17000000000002,173.17000000000002,NoButton,Move,1207,263
173.187,173.187,NoButton,Move,1208,256
173.372,173.372,NoButton,Move,1208,255
173.379,173.379,NoButton,Move,1208,251
173.387,173.387,NoButton,Move,1208,245
173.404,173.404,NoButton,Move,1207,233
173.421,173.421,NoButton,Move,1204,215
173.437,173.437,NoButton,Move,1193,190
173.457,173.457,NoButton,Move,1171,148
173.475,173.475,NoButton,Move,1141,105
173.491,173.491,NoButton,Move,1119,76
173.508,173.508,NoButton,Move,1096,44
173.526,173.526,NoButton,Move,1084,26
173.542,173.542,NoButton,Move,1076,15
173.56,173.56,NoButton,Move,1072,7
173.576,173.576,NoButton,Move,1069,4
173.592,173.592,NoButton,Move,1069,3
173.776,173.776,NoButton,Move,1068,3
173.78300000000002,173.78300000000002,NoButton,Move,1063,3
173.793,173.793,NoButton,Move,1056,3
173.812,173.812,NoButton,Move,1035,4
173.826,173.826,NoButton,Move,1005,6
173.842,173.842,NoButton,Move,929,11
173.861,173.861,NoButton,Move,837,16
173.878,173.878,NoButton,Move,782,18
173.895,173.895,NoButton,Move,736,19
173.912,173.912,NoButton,Move,708,19
173.93,173.93,NoButton,Move,690,19
173.946,173.946,NoButton,Move,680,19
174.155,174.155,NoButton,Move,679,19
174.161,174.161,NoButton,Move,675,19
174.17000000000002,174.17000000000002,NoButton,Move,667,19
174.18,174.18,NoButton,Move,656,19
174.197,174.197,NoButton,Move,629,19
174.213,174.213,NoButton,Move,593,18
174.227,174.227,NoButton,Move,532,16
174.243,174.243,NoButton,Move,439,16
174.258,174.258,NoButton,Move,385,16
174.276,174.276,NoButton,Move,341,17
174.292,174.292,NoButton,Move,313,19
174.309,174.309,NoButton,Move,296,21
174.326,174.326,NoButton,Move,285,22
174.342,174.342,NoButton,Move,282,22
174.358,174.358,NoButton,Move,282,23
174.543,174.543,NoButton,Move,280,23
174.548,174.548,NoButton,Move,274,23
174.559,174.559,NoButton,Move,266,23
174.576,174.576,NoButton,Move,241,27
174.591,174.591,NoButton,Move,214,30
174.609,174.609,NoButton,Move,169,36
174.627,174.627,NoButton,Move,123,40
174.645,174.645,NoButton,Move,73,44
174.662,174.662,NoButton,Move,45,45
174.68,174.68,NoButton,Move,28,46
174.695,174.695,NoButton,Move,16,46
174.713,174.713,NoButton,Move,11,47
174.729,174.729,NoButton,Move,11,47
174.988,174.988,NoButton,Move,0,47
174.994,174.994,NoButton,Move,0,48
175.002,175.002,NoButton,Move,0,49
175.013,175.013,NoButton,Move,0,51
175.029,175.029,NoButton,Move,0,54
175.043,175.043,NoButton,Move,0,57
175.059,175.059,NoButton,Move,0,58
175.076,175.076,NoButton,Move,0,61
175.092,175.092,NoButton,Move,0,63
175.109,175.109,NoButton,Move,0,65
175.125,175.125,NoButton,Move,0,66
175.141,175.141,NoButton,Move,0,66
175.15800000000002,175.15800000000002,NoButton,Move,0,67
175.174,175.174,NoButton,Move,0,67
175.375,175.375,NoButton,Move,0,70
175.382,175.382,NoButton,Move,0,78
175.391,175.391,NoButton,Move,0,87
175.40800000000002,175.40800000000002,NoButton,Move,0,105
175.424,175.424,NoButton,Move,0,118
175.441,175.441,NoButton,Move,0,134
175.46,175.46,NoButton,Move,0,146
175.477,175.477,NoButton,Move,0,152
175.55,175.55,NoButton,Move,0,158
176.364,176.364,NoButton,Move,252,229
176.385,176.385,NoButton,Move,294,236
176.387,176.387,NoButton,Move,317,240
176.42000000000002,176.42000000000002,NoButton,Move,371,252
176.437,176.437,NoButton,Move,398,260
176.454,176.454,NoButton,Move,417,265
176.472,176.472,NoButton,Move,437,272
176.479,176.479,NoButton,Move,448,277
176.501,176.501,NoButton,Move,481,292
176.52100000000002,176.52100000000002,NoButton,Move,496,301
176.52700000000002,176.52700000000002,NoButton,Move,505,305
176.555,176.555,NoButton,Move,521,314
176.56,176.56,NoButton,Move,525,316
176.588,176.588,NoButton,Move,528,318
177.213,177.213,NoButton,Move,521,317
177.219,177.219,NoButton,Move,510,316
177.231,177.231,NoButton,Move,500,314
177.244,177.244,NoButton,Move,490,313
177.26,177.26,NoButton,Move,465,313
177.27700000000002,177.27700000000002,NoButton,Move,439,313
177.29500000000002,177.29500000000002,NoButton,Move,372,320
177.315,177.315,NoButton,Move,340,324
177.332,177.332,NoButton,Move,313,328
177.349,177.349,NoButton,Move,303,330
177.367,177.367,NoButton,Move,296,331
177.382,177.382,NoButton,Move,293,331
177.399,177.399,NoButton,Move,293,331
177.675,177.675,NoButton,Move,294,331
177.683,177.683,NoButton,Move,297,331
177.689,177.689,NoButton,Move,301,331
177.70000000000002,177.70000000000002,NoButton,Move,305,331
177.717,177.717,NoButton,Move,316,331
177.731,177.731,NoButton,Move,330,331
177.746,177.746,NoButton,Move,353,331
177.762,177.762,NoButton,Move,379,331
177.778,177.778,NoButton,Move,413,333
177.794,177.794,NoButton,Move,436,338
177.812,177.812,NoButton,Move,463,346
177.829,177.829,NoButton,Move,480,354
177.845,177.845,NoButton,Move,488,358
177.862,177.862,NoButton,Move,494,363
177.879,177.879,NoButton,Move,497,365
177.894,177.894,NoButton,Move,499,367
178.137,178.137,NoButton,Move,496,369
178.142,178.142,NoButton,Move,491,372
178.15,178.15,NoButton,Move,490,373
178.162,178.162,NoButton,Move,488,375
178.178,178.178,NoButton,Move,486,377
178.196,178.196,NoButton,Move,484,379
178.209,178.209,NoButton,Move,484,380
178.225,178.225,NoButton,Move,484,381
178.241,178.241,NoButton,Move,483,384
178.257,178.257,NoButton,Move,483,385
178.274,178.274,NoButton,Move,483,386
179.117,179.117,NoButton,Move,483,386
179.123,179.123,NoButton,Move,477,386
179.14000000000004,179.14000000000004,NoButton,Move,472,387
179.157,179.157,NoButton,Move,454,392
179.173,179.173,NoButton,Move,438,398
179.18800000000002,179.18800000000002,NoButton,Move,421,404
179.204,179.204,NoButton,Move,394,414
179.222,179.222,NoButton,Move,362,428
179.238,179.238,NoButton,Move,343,438
179.255,179.255,NoButton,Move,326,447
179.27100000000002,179.27100000000002,NoButton,Move,316,454
179.287,179.287,NoButton,Move,312,461
179.304,179.304,NoButton,Move,311,467
179.32,179.32,NoButton,Move,311,468
179.579,179.579,NoButton,Move,311,468
179.58700000000002,179.58700000000002,NoButton,Move,316,468
179.603,179.603,NoButton,Move,330,468
179.621,179.621,NoButton,Move,352,468
179.637,179.637,NoButton,Move,402,468
179.651,179.651,NoButton,Move,440,472
179.666,179.666,NoButton,Move,485,481
179.683,179.683,NoButton,Move,518,492
179.699,179.699,NoButton,Move,555,505
179.716,179.716,NoButton,Move,574,511
179.733,179.733,NoButton,Move,587,517
179.748,179.748,NoButton,Move,593,519
180.007,180.007,NoButton,Move,593,519
180.013,180.013,NoButton,Move,598,519
180.02100000000002,180.02100000000002,NoButton,Move,606,519
180.032,180.032,NoButton,Move,614,519
180.048,180.048,NoButton,Move,625,519
180.065,180.065,NoButton,Move,679,519
180.079,180.079,NoButton,Move,713,520
180.095,180.095,NoButton,Move,781,527
180.111,180.111,NoButton,Move,821,532
180.128,180.128,NoButton,Move,850,536
180.144,180.144,NoButton,Move,866,538
180.161,180.161,NoButton,Move,879,540
180.177,180.177,NoButton,Move,884,541
180.469,180.469,NoButton,Move,878,541
180.476,180.476,NoButton,Move,873,541
180.493,180.493,NoButton,Move,865,541
180.51,180.51,NoButton,Move,860,539
180.526,180.526,NoButton,Move,857,537
180.541,180.541,NoButton,Move,856,536
180.55700000000002,180.55700000000002,NoButton,Move,854,534
180.573,180.573,NoButton,Move,852,533
180.59,180.59,NoButton,Move,852,532
180.607,180.607,NoButton,Move,852,530
180.621,180.621,NoButton,Move,855,529
180.638,180.638,NoButton,Move,867,528
180.654,180.654,NoButton,Move,892,527
180.671,180.671,NoButton,Move,914,527
180.68800000000002,180.68800000000002,NoButton,Move,938,531
180.704,180.704,NoButton,Move,946,533
180.721,180.721,NoButton,Move,952,534
180.738,180.738,NoButton,Move,955,535
180.754,180.754,NoButton,Move,957,535
180.77100000000002,180.77100000000002,NoButton,Move,959,535
180.997,180.997,NoButton,Move,952,535
181.003,181.003,NoButton,Move,939,535
181.011,181.011,NoButton,Move,926,533
181.02100000000002,181.02100000000002,NoButton,Move,912,531
181.038,181.038,NoButton,Move,879,524
181.053,181.053,NoButton,Move,841,512
181.068,181.068,NoButton,Move,804,499
181.084,181.084,NoButton,Move,751,478
181.101,181.101,NoButton,Move,697,454
181.117,181.117,NoButton,Move,674,442
181.134,181.134,NoButton,Move,661,432
181.15,181.15,NoButton,Move,652,425
181.166,181.166,NoButton,Move,650,419
181.359,181.359,NoButton,Move,648,419
181.365,181.365,NoButton,Move,643,419
181.373,181.373,NoButton,Move,638,418
181.383,181.383,NoButton,Move,630,416
181.4,181.4,NoButton,Move,608,410
181.416,181.416,NoButton,Move,577,396
181.431,181.431,NoButton,Move,524,370
181.447,181.447,NoButton,Move,446,320
181.464,181.464,NoButton,Move,412,296
181.48,181.48,NoButton,Move,376,271
181.497,181.497,NoButton,Move,354,257
181.512,181.512,NoButton,Move,338,247
181.529,181.529,NoButton,Move,333,244
181.54500000000002,181.54500000000002,NoButton,Move,332,243
181.755,181.755,NoButton,Move,332,242
181.761,181.761,NoButton,Move,328,238
181.778,181.778,NoButton,Move,325,233
181.79500000000002,181.79500000000002,NoButton,Move,318,221
181.811,181.811,NoButton,Move,307,187
181.827,181.827,NoButton,Move,295,151
181.84300000000002,181.84300000000002,NoButton,Move,290,136
181.858,181.858,NoButton,Move,283,119
181.875,181.875,NoButton,Move,279,107
181.89000000000004,181.89000000000004,NoButton,Move,274,100
181.90800000000002,181.90800000000002,NoButton,Move,273,97
181.925,181.925,NoButton,Move,272,96
182.142,182.142,NoButton,Move,273,96
182.148,182.148,NoButton,Move,277,96
182.159,182.159,NoButton,Move,283,97
182.174,182.174,NoButton,Move,307,100
182.191,182.191,NoButton,Move,352,105
182.208,182.208,NoButton,Move,443,115
182.227,182.227,NoButton,Move,505,125
182.244,182.244,NoButton,Move,559,137
182.26,182.26,NoButton,Move,591,145
182.27700000000002,182.27700000000002,NoButton,Move,610,150
182.294,182.294,NoButton,Move,623,153
182.311,182.311,NoButton,Move,628,155
182.327,182.327,NoButton,Move,629,155
182.53,182.53,NoButton,Move,629,155
182.535,182.535,NoButton,Move,634,155
182.546,182.546,NoButton,Move,642,153
182.562,182.562,NoButton,Move,658,152
182.579,182.579,NoButton,Move,677,152
182.595,182.595,NoButton,Move,703,152
182.615,182.615,NoButton,Move,747,152
182.632,182.632,NoButton,Move,785,152
182.648,182.648,NoButton,Move,810,154
182.666,182.666,NoButton,Move,834,155
182.684,182.684,NoButton,Move,845,155
182.70000000000002,182.70000000000002,NoButton,Move,854,155
182.717,182.717,NoButton,Move,857,155
182.734,182.734,NoButton,Move,858,155
182.942,182.942,NoButton,Move,859,155
182.949,182.949,NoButton,Move,864,155
182.966,182.966,NoButton,Move,879,155
182.983,182.983,NoButton,Move,898,155
183,183,NoButton,Move,941,152
183.014,183.014,NoButton,Move,991,149
183.029,183.029,NoButton,Move,1003,148
183.046,183.046,NoButton,Move,1047,147
183.06300000000002,183.06300000000002,NoButton,Move,1073,145
183.079,183.079,NoButton,Move,1097,143
183.095,183.095,NoButton,Move,1107,143
183.112,183.112,NoButton,Move,1115,143
183.329,183.329,NoButton,Move,1113,143
183.335,183.335,NoButton,Move,1105,146
183.345,183.345,NoButton,Move,1096,150
183.361,183.361,NoButton,Move,1081,157
183.378,183.378,NoButton,Move,1062,166
183.395,183.395,NoButton,Move,1032,181
183.41400000000002,183.41400000000002,NoButton,Move,1002,195
183.431,183.431,NoButton,Move,971,209
183.448,183.448,NoButton,Move,953,215
183.465,183.465,NoButton,Move,942,219
183.482,183.482,NoButton,Move,933,222
183.499,183.499,NoButton,Move,929,222
183.691,183.691,NoButton,Move,928,222
183.697,183.697,NoButton,Move,921,222
183.70600000000002,183.70600000000002,NoButton,Move,913,222
183.715,183.715,NoButton,Move,902,222
183.732,183.732,NoButton,Move,889,222
183.748,183.748,NoButton,Move,847,221
183.762,183.762,NoButton,Move,787,218
183.78,183.78,NoButton,Move,758,216
183.796,183.796,NoButton,Move,702,213
183.811,183.811,NoButton,Move,670,210
183.828,183.828,NoButton,Move,648,208
183.845,183.845,NoButton,Move,635,206
183.862,183.862,NoButton,Move,625,205
183.879,183.879,NoButton,Move,622,205
183.895,183.895,NoButton,Move,622,204
184.12,184.12,NoButton,Move,612,204
184.127,184.127,NoButton,Move,600,207
184.144,184.144,NoButton,Move,590,209
184.161,184.161,NoButton,Move,561,215
184.178,184.178,NoButton,Move,522,226
184.192,184.192,NoButton,Move,512,228
184.208,184.208,NoButton,Move,473,238
184.22400000000002,184.22400000000002,NoButton,Move,455,243
184.241,184.241,NoButton,Move,443,245
184.258,184.258,NoButton,Move,436,247
184.274,184.274,NoButton,Move,433,247
184.29,184.29,NoButton,Move,433,247
184.532,184.532,NoButton,Move,433,247
184.538,184.538,NoButton,Move,437,246
184.546,184.546,NoButton,Move,441,245
184.555,184.555,NoButton,Move,445,243
184.572,184.572,NoButton,Move,455,241
184.588,184.588,NoButton,Move,475,238
184.603,184.603,NoButton,Move,497,238
184.618,184.618,NoButton,Move,509,238
184.634,184.634,NoButton,Move,524,238
184.651,184.651,NoButton,Move,535,238
184.667,184.667,NoButton,Move,545,238
184.684,184.684,NoButton,Move,550,238
184.70000000000002,184.70000000000002,NoButton,Move,553,238
184.717,184.717,NoButton,Move,555,238
184.895,184.895,NoButton,Move,545,238
184.901,184.901,NoButton,Move,536,239
184.918,184.918,NoButton,Move,512,243
184.935,184.935,NoButton,Move,490,248
184.952,184.952,NoButton,Move,468,253
184.966,184.966,NoButton,Move,458,255
184.981,184.981,NoButton,Move,426,261
184.998,184.998,NoButton,Move,408,263
185.013,185.013,NoButton,Move,398,264
185.03,185.03,NoButton,Move,391,265
185.047,185.047,NoButton,Move,389,265
185.256,185.256,NoButton,Move,379,265
185.262,185.262,NoButton,Move,368,265
185.27,185.27,NoButton,Move,357,265
185.279,185.279,NoButton,Move,346,265
185.297,185.297,NoButton,Move,330,264
185.311,185.311,NoButton,Move,325,264
185.327,185.327,NoButton,Move,317,263
185.344,185.344,NoButton,Move,313,262
185.36,185.36,NoButton,Move,306,260
185.377,185.377,NoButton,Move,303,257
185.393,185.393,NoButton,Move,303,254
185.41,185.41,NoButton,Move,303,252
185.678,185.678,NoButton,Move,297,252
185.684,185.684,NoButton,Move,291,252
185.693,185.693,NoButton,Move,281,252
185.71,185.71,NoButton,Move,257,253
185.726,185.726,NoButton,Move,232,254
185.743,185.743,NoButton,Move,211,255
185.763,185.763,NoButton,Move,169,255
185.78,185.78,NoButton,Move,147,255
185.796,185.796,NoButton,Move,127,254
185.814,185.814,NoButton,Move,119,252
185.832,185.832,NoButton,Move,114,251
185.848,185.848,NoButton,Move,114,251
186.091,186.091,NoButton,Move,105,251
186.095,186.095,NoButton,Move,94,253
186.105,186.105,NoButton,Move,85,255
186.115,186.115,NoButton,Move,73,257
186.132,186.132,NoButton,Move,45,259
186.147,186.147,NoButton,Move,15,261
186.162,186.162,NoButton,Move,2,262
186.178,186.178,NoButton,Move,0,265
186.195,186.195,NoButton,Move,0,265
186.211,186.211,NoButton,Move,0,265
186.228,186.228,NoButton,Move,0,265
186.244,186.244,NoButton,Move,0,262
186.259,186.259,NoButton,Move,0,260
186.445,186.445,NoButton,Move,0,260
186.451,186.451,NoButton,Move,3,260
186.46,186.46,NoButton,Move,9,260
186.477,186.477,NoButton,Move,26,259
186.493,186.493,NoButton,Move,78,254
186.51,186.51,NoButton,Move,136,249
186.53,186.53,NoButton,Move,269,241
186.547,186.547,NoButton,Move,344,241
186.564,186.564,NoButton,Move,405,241
186.58,186.58,NoButton,Move,459,250
186.59900000000002,186.59900000000002,NoButton,Move,479,255
186.615,186.615,NoButton,Move,491,259
186.631,186.631,NoButton,Move,494,260
186.84,186.84,NoButton,Move,495,260
186.846,186.846,NoButton,Move,498,260
186.855,186.855,NoButton,Move,503,260
186.863,186.863,NoButton,Move,510,259
186.881,186.881,NoButton,Move,526,258
186.898,186.898,NoButton,Move,561,257
186.912,186.912,NoButton,Move,595,257
186.928,186.928,NoButton,Move,612,257
186.945,186.945,NoButton,Move,631,257
186.96,186.96,NoButton,Move,642,257
186.978,186.978,NoButton,Move,651,257
186.993,186.993,NoButton,Move,657,258
187.01,187.01,NoButton,Move,659,258
187.026,187.026,NoButton,Move,661,258
187.042,187.042,NoButton,Move,663,259
187.06,187.06,NoButton,Move,663,259
190.91400000000002,190.91400000000002,NoButton,Move,658,259
190.919,190.919,NoButton,Move,646,259
190.93,190.93,NoButton,Move,637,259
190.949,190.949,NoButton,Move,625,260
190.959,190.959,NoButton,Move,593,270
190.977,190.977,NoButton,Move,560,282
190.993,190.993,NoButton,Move,498,304
191.014,191.014,NoButton,Move,439,330
191.032,191.032,NoButton,Move,418,341
191.049,191.049,NoButton,Move,405,349
191.066,191.066,NoButton,Move,396,354
191.084,191.084,NoButton,Move,394,356
191.1,191.1,NoButton,Move,393,356
191.26,191.26,NoButton,Move,393,357
191.266,191.266,NoButton,Move,393,360
191.275,191.275,NoButton,Move,393,364
191.284,191.284,NoButton,Move,394,371
191.3,191.3,NoButton,Move,396,378
191.317,191.317,NoButton,Move,407,418
191.33100000000002,191.33100000000002,NoButton,Move,410,427
191.347,191.347,NoButton,Move,427,478
191.364,191.364,NoButton,Move,439,504
191.381,191.381,NoButton,Move,456,535
191.397,191.397,NoButton,Move,464,550
191.41400000000002,191.41400000000002,NoButton,Move,470,559
191.431,191.431,NoButton,Move,475,565
191.446,191.446,NoButton,Move,476,567
191.607,191.607,NoButton,Move,476,566
191.612,191.612,NoButton,Move,482,559
191.62,191.62,NoButton,Move,491,550
191.63,191.63,NoButton,Move,503,539
191.64600000000002,191.64600000000002,NoButton,Move,517,529
191.663,191.663,NoButton,Move,578,485
191.678,191.678,NoButton,Move,608,467
191.695,191.695,NoButton,Move,644,449
191.71,191.71,NoButton,Move,683,434
191.727,191.727,NoButton,Move,703,430
191.743,191.743,NoButton,Move,720,428
191.76,191.76,NoButton,Move,729,427
191.776,191.776,NoButton,Move,737,427
191.792,191.792,NoButton,Move,740,427
191.91,191.91,NoButton,Move,729,427
191.916,191.916,NoButton,Move,719,427
191.92600000000002,191.92600000000002,NoButton,Move,703,427
191.942,191.942,NoButton,Move,670,430
191.96,191.96,NoButton,Move,630,432
191.976,191.976,NoButton,Move,570,436
191.996,191.996,NoButton,Move,498,441
192.013,192.013,NoButton,Move,458,442
192.029,192.029,NoButton,Move,433,444
192.047,192.047,NoButton,Move,418,445
192.065,192.065,NoButton,Move,408,445
192.08100000000002,192.08100000000002,NoButton,Move,404,445
192.098,192.098,NoButton,Move,404,445
192.266,192.266,NoButton,Move,404,444
192.27100000000002,192.27100000000002,NoButton,Move,405,439
192.281,192.281,NoButton,Move,408,431
192.297,192.297,NoButton,Move,417,399
192.314,192.314,NoButton,Move,436,325
192.33100000000002,192.33100000000002,NoButton,Move,460,227
192.351,192.351,NoButton,Move,478,148
192.368,192.368,NoButton,Move,489,96
192.385,192.385,NoButton,Move,492,82
192.401,192.401,NoButton,Move,496,63
192.42000000000002,192.42000000000002,NoButton,Move,498,57
192.435,192.435,NoButton,Move,498,56
192.452,192.452,NoButton,Move,497,56
192.469,192.469,NoButton,Move,480,66
192.485,192.485,NoButton,Move,430,95
192.503,192.503,NoButton,Move,343,142
192.519,192.519,NoButton,Move,310,156
192.536,192.536,NoButton,Move,240,178
192.552,192.552,NoButton,Move,219,180
192.56900000000002,192.56900000000002,NoButton,Move,181,180
192.586,192.586,NoButton,Move,171,176
192.602,192.602,NoButton,Move,163,173
192.619,192.619,NoButton,Move,160,171
192.636,192.636,NoButton,Move,160,171
192.659,192.659,NoButton,Move,160,171
192.669,192.669,NoButton,Move,163,171
192.686,192.686,NoButton,Move,173,171
192.702,192.702,NoButton,Move,182,172
192.71800000000002,192.71800000000002,NoButton,Move,195,173
192.735,192.735,NoButton,Move,230,180
192.752,192.752,NoButton,Move,278,195
192.768,192.768,NoButton,Move,347,223
192.785,192.786,NoButton,Move,397,247
192.803,192.803,NoButton,Move,463,277
192.81900000000002,192.81900000000002,NoButton,Move,504,295
192.836,192.836,NoButton,Move,527,303
192.852,192.852,NoButton,Move,541,308
192.869,192.869,NoButton,Move,553,312
193.032,193.032,NoButton,Move,554,311
193.038,193.038,NoButton,Move,560,305
193.05100000000002,193.05100000000002,NoButton,Move,569,296
193.068,193.068,NoButton,Move,610,249
193.086,193.086,NoButton,Move,685,177
193.102,193.102,NoButton,Move,745,135
193.12,193.12,NoButton,Move,810,105
193.136,193.136,NoButton,Move,842,102
193.151,193.151,NoButton,Move,878,102
193.169,193.169,NoButton,Move,901,117
193.186,193.186,NoButton,Move,925,148
193.202,193.202,NoButton,Move,942,189
193.21800000000002,193.21800000000002,NoButton,Move,962,244
193.234,193.234,NoButton,Move,987,299
193.252,193.252,NoButton,Move,1000,318
193.269,193.269,NoButton,Move,1018,347
193.285,193.285,NoButton,Move,1022,353
193.302,193.302,NoButton,Move,1024,357
193.452,193.452,NoButton,Move,1024,344
193.459,193.459,NoButton,Move,1024,322
193.469,193.469,NoButton,Move,1024,290
193.487,193.487,NoButton,Move,1038,218
193.501,193.501,NoButton,Move,1070,96
193.972,193.972,NoButton,Move,1175,61
193.973,193.973,NoButton,Move,1175,61
193.99,193.99,NoButton,Move,1163,105
194.002,194.002,NoButton,Move,1144,175
194.02,194.02,NoButton,Move,1117,261
194.034,194.034,NoButton,Move,1102,312
194.054,194.054,NoButton,Move,1080,381
194.068,194.068,NoButton,Move,1078,387
194.084,194.084,NoButton,Move,1074,402
194.101,194.101,NoButton,Move,1071,413
194.117,194.117,NoButton,Move,1071,419
194.31,194.31,NoButton,Move,1070,419
194.316,194.316,NoButton,Move,1060,419
194.334,194.334,NoButton,Move,1038,413
194.35,194.35,NoButton,Move,1011,409
194.366,194.366,NoButton,Move,990,408
194.382,194.382,NoButton,Move,963,407
194.397,194.397,NoButton,Move,958,406
194.41400000000002,194.41400000000002,NoButton,Move,942,406
194.43,194.43,NoButton,Move,936,406
194.446,194.446,NoButton,Move,934,406
194.463,194.463,NoButton,Move,934,404
194.48000000000002,194.48000000000002,NoButton,Move,954,394
194.495,194.495,NoButton,Move,996,374
194.513,194.513,NoButton,Move,1057,350
194.529,194.529,NoButton,Move,1132,330
194.546,194.546,NoButton,Move,1142,329
194.56300000000002,194.56300000000002,NoButton,Move,1187,322
194.58,194.58,NoButton,Move,1198,321
194.596,194.596,NoButton,Move,1206,321
194.613,194.613,NoButton,Move,1209,321
194.63,194.63,NoButton,Move,1211,321
194.64600000000002,194.64600000000002,NoButton,Move,1211,323
194.788,194.788,NoButton,Move,1198,323
194.792,194.792,NoButton,Move,1180,321
194.802,194.802,NoButton,Move,1162,319
194.81300000000002,194.81300000000002,NoButton,Move,1140,318
194.829,194.829,NoButton,Move,1095,317
194.842,194.842,NoButton,Move,1019,317
194.859,194.859,NoButton,Move,996,317
194.875,194.875,NoButton,Move,910,317
194.891,194.891,NoButton,Move,860,317
194.90800000000002,194.90800000000002,NoButton,Move,826,318
194.924,194.924,NoButton,Move,809,318
194.941,194.941,NoButton,Move,797,318
194.958,194.958,NoButton,Move,793,318
194.97400000000002,194.97400000000002,NoButton,Move,795,317
195.125,195.125,NoButton,Move,794,317
195.131,195.131,NoButton,Move,785,317
195.141,195.141,NoButton,Move,776,319
195.157,195.157,NoButton,Move,769,321
195.174,195.174,NoButton,Move,747,330
195.193,195.193,NoButton,Move,734,333
195.21,195.21,NoButton,Move,711,340
195.227,195.227,NoButton,Move,687,345
195.244,195.244,NoButton,Move,663,347
195.261,195.261,NoButton,Move,649,350
195.27700000000002,195.27700000000002,NoButton,Move,637,351
195.294,195.294,NoButton,Move,628,352
195.312,195.312,NoButton,Move,625,353
195.328,195.328,NoButton,Move,624,353
195.513,195.513,NoButton,Move,624,353
195.518,195.518,NoButton,Move,620,353
195.528,195.528,NoButton,Move,614,352
195.54500000000002,195.54500000000002,NoButton,Move,592,349
195.56,195.56,NoButton,Move,537,342
195.579,195.579,NoButton,Move,484,337
195.598,195.598,NoButton,Move,416,333
195.615,195.615,NoButton,Move,374,331
195.632,195.632,NoButton,Move,348,327
195.649,195.649,NoButton,Move,334,323
195.667,195.667,NoButton,Move,324,321
195.683,195.683,NoButton,Move,321,319
195.70000000000002,195.70000000000002,NoButton,Move,321,318
195.716,195.716,NoButton,Move,329,317
195.732,195.732,NoButton,Move,345,317
195.749,195.749,NoButton,Move,369,317
195.767,195.767,NoButton,Move,410,319
195.78300000000002,195.78300000000002,NoButton,Move,440,320
195.8,195.8,NoButton,Move,483,320
195.816,195.816,NoButton,Move,526,317
195.833,195.833,NoButton,Move,576,311
195.84900000000002,195.84900000000002,NoButton,Move,589,310
195.866,195.866,NoButton,Move,671,305
195.883,195.883,NoButton,Move,712,305
195.9,195.9,NoButton,Move,738,305
195.916,195.916,NoButton,Move,760,305
195.933,195.933,NoButton,Move,777,308
195.95000000000002,195.95000000000002,NoButton,Move,784,309
195.966,195.966,NoButton,Move,793,313
195.983,195.983,NoButton,Move,797,317
196.22,196.22,NoButton,Move,798,317
196.227,196.227,NoButton,Move,799,317
196.235,196.235,NoButton,Move,800,317
196.249,196.249,NoButton,Move,801,317
196.266,196.266,NoButton,Move,803,317
197.491,197.491,NoButton,Move,803,317
197.497,197.497,NoButton,Move,807,317
197.51,197.51,NoButton,Move,811,315
197.532,197.532,NoButton,Move,830,309
197.54,197.54,NoButton,Move,845,305
197.556,197.556,NoButton,Move,885,301
197.57500000000002,197.57500000000002,NoButton,Move,915,301
197.591,197.591,NoButton,Move,949,302
197.609,197.609,NoButton,Move,966,306
197.626,197.626,NoButton,Move,975,309
197.645,197.645,NoButton,Move,981,311
197.66,197.66,NoButton,Move,983,312
197.67600000000002,197.67600000000002,NoButton,Move,984,312
197.695,197.695,NoButton,Move,984,313
197.71200000000002,197.71200000000002,NoButton,Move,983,314
197.728,197.728,NoButton,Move,983,314
198.982,198.982,NoButton,Move,976,314
198.989,198.989,NoButton,Move,970,315
198.997,198.997,NoButton,Move,964,316
199.011,199.011,NoButton,Move,959,317
199.03300000000002,199.03300000000002,NoButton,Move,951,318
199.048,199.048,NoButton,Move,943,319
199.066,199.066,NoButton,Move,936,319
199.084,199.084,NoButton,Move,930,320
199.101,199.101,NoButton,Move,925,322
199.118,199.118,NoButton,Move,919,326
199.321,199.321,NoButton,Move,917,326
199.326,199.326,NoButton,Move,911,326
199.336,199.336,NoButton,Move,904,326
199.352,199.352,NoButton,Move,880,326
199.369,199.369,NoButton,Move,836,326
199.385,199.385,NoButton,Move,770,329
199.405,199.405,NoButton,Move,704,333
199.423,199.423,NoButton,Move,667,336
199.441,199.441,NoButton,Move,653,337
199.457,199.457,NoButton,Move,634,337
199.47400000000002,199.47400000000002,NoButton,Move,627,337
199.65800000000002,199.65800000000002,NoButton,Move,626,337
199.665,199.665,NoButton,Move,621,337
199.675,199.675,NoButton,Move,612,337
199.691,199.691,NoButton,Move,589,337
199.708,199.708,NoButton,Move,549,337
199.727,199.727,NoButton,Move,490,337
199.744,199.744,NoButton,Move,454,337
199.76,199.76,NoButton,Move,427,337
199.779,199.779,NoButton,Move,411,337
199.796,199.796,NoButton,Move,401,338
199.812,199.812,NoButton,Move,398,339
199.997,199.997,NoButton,Move,393,339
200.001,200.001,NoButton,Move,385,337
200.011,200.011,NoButton,Move,378,334
200.02700000000002,200.02700000000002,NoButton,Move,356,331
200.04500000000002,200.04500000000002,NoButton,Move,333,330
200.064,200.064,NoButton,Move,294,330
200.08100000000002,200.08100000000002,NoButton,Move,254,330
200.09900000000002,200.09900000000002,NoButton,Move,212,336
200.116,200.116,NoButton,Move,193,340
200.132,200.132,NoButton,Move,182,343
200.149,200.149,NoButton,Move,175,345
200.165,200.165,NoButton,Move,173,347
200.546,200.546,NoButton,Move,164,347
200.553,200.553,NoButton,Move,151,347
200.566,200.566,NoButton,Move,136,347
200.583,200.583,NoButton,Move,100,349
200.59900000000002,200.59900000000002,NoButton,Move,56,358
200.616,200.616,NoButton,Move,0,376
200.633,200.633,NoButton,Move,0,395
200.649,200.649,NoButton,Move,0,408
200.668,200.668,NoButton,Move,0,414
200.684,200.684,NoButton,Move,0,419
200.871,200.871,NoButton,Move,5,419
200.876,200.876,NoButton,Move,13,418
200.885,200.885,NoButton,Move,25,418
200.90200000000002,200.90200000000002,NoButton,Move,55,417
200.917,200.917,NoButton,Move,73,417
200.93800000000002,200.93800000000002,NoButton,Move,138,418
200.95600000000002,200.95600000000002,NoButton,Move,179,423
200.973,200.973,NoButton,Move,222,430
200.991,200.991,NoButton,Move,241,434
201.007,201.007,NoButton,Move,259,440
201.275,201.275,NoButton,Move,245,440
201.281,201.281,NoButton,Move,225,438
201.291,201.291,NoButton,Move,207,437
201.30700000000002,201.30700000000002,NoButton,Move,173,437
201.327,201.327,NoButton,Move,148,437
201.341,201.341,NoButton,Move,129,437
201.361,201.361,NoButton,Move,119,436
201.377,201.377,NoButton,Move,104,434
201.395,201.395,NoButton,Move,96,431
201.411,201.411,NoButton,Move,95,427
201.52100000000002,201.52100000000002,NoButton,Move,103,427
201.52700000000002,201.52700000000002,NoButton,Move,113,427
201.534,201.534,NoButton,Move,123,426
201.54500000000002,201.54500000000002,NoButton,Move,135,425
201.561,201.561,NoButton,Move,164,423
201.577,201.577,NoButton,Move,181,422
201.59300000000002,201.59300000000002,NoButton,Move,237,421
201.607,201.607,NoButton,Move,313,421
201.625,201.625,NoButton,Move,380,421
201.642,201.642,NoButton,Move,418,424
201.65800000000002,201.65800000000002,NoButton,Move,444,429
201.674,201.674,NoButton,Move,466,435
201.691,201.691,NoButton,Move,478,441
201.868,201.868,NoButton,Move,467,441
201.875,201.875,NoButton,Move,453,441
201.892,201.892,NoButton,Move,423,442
201.90800000000002,201.90800000000002,NoButton,Move,389,444
201.923,201.923,NoButton,Move,352,448
201.94,201.94,NoButton,Move,318,450
201.955,201.955,NoButton,Move,276,452
201.971,201.971,NoButton,Move,245,452
201.987,201.987,NoButton,Move,227,451
202.005,202.005,NoButton,Move,215,448
202.02100000000002,202.02100000000002,NoButton,Move,209,447
202.037,202.037,NoButton,Move,208,446
202.053,202.053,NoButton,Move,209,444
202.07,202.07,NoButton,Move,222,441
202.086,202.086,NoButton,Move,258,433
202.103,202.103,NoButton,Move,337,420
202.12,202.12,NoButton,Move,481,406
202.137,202.137,NoButton,Move,551,401
202.153,202.153,NoButton,Move,607,396
202.17000000000002,202.17000000000002,NoButton,Move,663,394
202.187,202.187,NoButton,Move,692,394
202.203,202.203,NoButton,Move,722,395
202.22,202.22,NoButton,Move,741,401
202.23600000000002,202.23600000000002,NoButton,Move,750,406
202.253,202.253,NoButton,Move,758,411
202.27,202.27,NoButton,Move,762,414
202.288,202.288,NoButton,Move,763,418
202.305,202.305,NoButton,Move,763,419
202.799,202.799,NoButton,Move,756,419
202.805,202.805,NoButton,Move,742,419
202.821,202.821,NoButton,Move,729,419
202.838,202.838,NoButton,Move,692,422
202.853,202.853,NoButton,Move,652,427
202.871,202.871,NoButton,Move,565,445
202.886,202.886,NoButton,Move,506,462
202.903,202.903,NoButton,Move,459,476
202.92000000000002,202.92000000000002,NoButton,Move,432,484
202.936,202.936,NoButton,Move,416,488
202.953,202.953,NoButton,Move,406,490
202.97,202.97,NoButton,Move,403,491
202.98600000000002,202.98600000000002,NoButton,Move,402,491
203.003,203.003,NoButton,Move,415,491
203.02,203.02,NoButton,Move,497,487
203.036,203.036,NoButton,Move,582,487
203.053,203.053,NoButton,Move,692,490
203.06900000000002,203.06900000000002,NoButton,Move,766,500
203.085,203.085,NoButton,Move,808,506
203.103,203.103,NoButton,Move,884,521
203.118,203.118,NoButton,Move,892,523
203.136,203.136,NoButton,Move,936,531
203.153,203.153,NoButton,Move,948,533
203.169,203.169,NoButton,Move,957,534
203.186,203.186,NoButton,Move,961,535
203.203,203.203,NoButton,Move,962,536
203.219,203.219,NoButton,Move,962,536
203.23600000000002,203.23600000000002,NoButton,Move,956,538
203.253,203.253,NoButton,Move,925,544
203.269,203.269,NoButton,Move,851,556
203.286,203.286,NoButton,Move,803,562
203.302,203.302,NoButton,Move,760,569
203.31900000000002,203.31900000000002,NoButton,Move,734,574
203.336,203.336,NoButton,Move,720,577
203.353,203.353,NoButton,Move,712,580
203.369,203.369,NoButton,Move,709,581
203.385,203.385,NoButton,Move,710,582
203.403,203.403,NoButton,Move,733,582
203.419,203.419,NoButton,Move,775,582
203.436,203.436,NoButton,Move,834,580
203.452,203.452,NoButton,Move,895,580
203.469,203.469,NoButton,Move,936,580
203.48600000000002,203.48600000000002,NoButton,Move,961,580
203.502,203.502,NoButton,Move,975,582
203.517,203.517,NoButton,Move,984,583
203.535,203.535,NoButton,Move,987,584
203.552,203.552,NoButton,Move,987,584
203.56900000000002,203.56900000000002,NoButton,Move,972,587
203.586,203.586,NoButton,Move,923,592
203.603,203.603,NoButton,Move,849,597
203.619,203.619,NoButton,Move,757,603
203.636,203.636,NoButton,Move,695,606
203.65200000000002,203.65200000000002,NoButton,Move,646,606
203.67000000000002,203.67000000000002,NoButton,Move,614,603
203.685,203.685,NoButton,Move,595,600
203.702,203.702,NoButton,Move,583,596
203.719,203.719,NoButton,Move,579,593
203.735,203.735,NoButton,Move,585,584
203.752,203.752,NoButton,Move,611,569
203.768,203.768,NoButton,Move,661,551
203.785,203.785,NoButton,Move,762,538
203.802,203.802,NoButton,Move,795,538
203.81900000000002,203.81900000000002,NoButton,Move,840,538
203.835,203.835,NoButton,Move,871,542
203.853,203.853,NoButton,Move,898,549
203.869,203.869,NoButton,Move,908,555
203.886,203.886,NoButton,Move,909,562
203.90200000000002,203.90200000000002,NoButton,Move,888,577
203.919,203.919,NoButton,Move,827,601
203.936,203.936,NoButton,Move,771,614
203.952,203.952,NoButton,Move,718,624
203.97,203.97,NoButton,Move,665,629
203.98600000000002,203.98600000000002,NoButton,Move,635,630
204.003,204.003,NoButton,Move,618,630
204.019,204.019,NoButton,Move,608,627
204.035,204.035,NoButton,Move,603,621
204.05100000000002,204.05100000000002,NoButton,Move,610,607
204.07,204.07,NoButton,Move,636,588
204.085,204.085,NoButton,Move,681,569
204.102,204.102,NoButton,Move,743,561
204.119,204.119,NoButton,Move,812,561
204.136,204.136,NoButton,Move,875,576
204.15200000000002,204.15200000000002,NoButton,Move,912,590
204.169,204.169,NoButton,Move,936,601
204.186,204.186,NoButton,Move,948,607
204.203,204.203,NoButton,Move,959,613
204.219,204.219,NoButton,Move,960,617
204.23600000000002,204.23600000000002,NoButton,Move,944,622
204.252,204.252,NoButton,Move,892,626
204.269,204.269,NoButton,Move,819,627
204.285,204.285,NoButton,Move,726,624
204.303,204.303,NoButton,Move,662,616
204.31900000000002,204.31900000000002,NoButton,Move,584,606
204.336,204.336,NoButton,Move,539,599
204.352,204.352,NoButton,Move,508,591
204.369,204.369,NoButton,Move,486,579
204.386,204.386,NoButton,Move,475,561
204.403,204.403,NoButton,Move,477,528
204.42000000000002,204.42000000000002,NoButton,Move,504,487
204.437,204.437,NoButton,Move,542,444
204.453,204.453,NoButton,Move,592,407
204.47,204.47,NoButton,Move,635,387
204.48600000000002,204.48600000000002,NoButton,Move,704,363
204.503,204.503,NoButton,Move,737,362
204.519,204.519,NoButton,Move,771,362
204.536,204.536,NoButton,Move,789,366
204.55100000000002,204.55100000000002,NoButton,Move,818,389
204.568,204.568,NoButton,Move,822,397
204.585,204.585,NoButton,Move,826,418
204.603,204.603,NoButton,Move,825,457
204.619,204.619,NoButton,Move,814,480
204.636,204.636,NoButton,Move,796,499
204.65200000000002,204.65200000000002,NoButton,Move,759,515
204.669,204.669,NoButton,Move,720,517
204.685,204.685,NoButton,Move,685,511
204.701,204.701,NoButton,Move,632,484
204.719,204.719,NoButton,Move,611,463
204.735,204.735,NoButton,Move,600,449
204.752,204.752,NoButton,Move,580,406
204.769,204.769,NoButton,Move,576,379
204.785,204.785,NoButton,Move,576,350
204.802,204.802,NoButton,Move,583,324
204.818,204.818,NoButton,Move,597,301
204.836,204.836,NoButton,Move,614,287
204.852,204.852,NoButton,Move,633,284
204.869,204.869,NoButton,Move,652,287
204.886,204.886,NoButton,Move,682,311
204.903,204.903,NoButton,Move,698,332
204.919,204.919,NoButton,Move,715,360
204.935,204.935,NoButton,Move,720,369
204.951,204.951,NoButton,Move,726,380
204.969,204.969,NoButton,Move,728,386
204.98600000000002,204.98600000000002,NoButton,Move,728,388
205.002,205.002,NoButton,Move,708,388
205.019,205.019,NoButton,Move,672,376
205.035,205.035,NoButton,Move,639,360
205.052,205.052,NoButton,Move,596,333
205.07,205.07,NoButton,Move,571,309
205.086,205.086,NoButton,Move,558,285
205.103,205.103,NoButton,Move,554,263
205.119,205.119,NoButton,Move,554,239
205.136,205.136,NoButton,Move,556,221
205.15200000000002,205.15200000000002,NoButton,Move,561,203
205.17000000000002,205.17000000000002,NoButton,Move,562,194
205.186,205.186,NoButton,Move,562,186
205.203,205.203,NoButton,Move,554,185
205.22,205.22,NoButton,Move,517,217
205.23600000000002,205.23600000000002,NoButton,Move,465,280
205.253,205.253,NoButton,Move,395,378
205.269,205.269,NoButton,Move,322,490
205.286,205.286,NoButton,Move,299,526
205.303,205.303,NoButton,Move,288,545
205.31900000000002,205.31900000000002,NoButton,Move,270,579
205.335,205.335,NoButton,Move,270,582
205.56,205.56,NoButton,Move,269,581
205.568,205.568,NoButton,Move,266,576
205.573,205.573,NoButton,Move,262,571
205.584,205.584,NoButton,Move,257,562
205.601,205.601,NoButton,Move,230,499
205.616,205.616,NoButton,Move,208,397
205.632,205.632,NoButton,Move,200,339
205.647,205.647,NoButton,Move,193,248
205.665,205.665,NoButton,Move,192,215
205.681,205.681,NoButton,Move,192,188
205.697,205.697,NoButton,Move,191,170
205.714,205.714,NoButton,Move,191,165
205.73000000000002,205.73000000000002,NoButton,Move,191,165
205.907,205.907,NoButton,Move,191,166
205.913,205.913,NoButton,Move,191,173
205.931,205.931,NoButton,Move,190,196
205.947,205.947,NoButton,Move,189,232
205.963,205.963,NoButton,Move,189,295
205.978,205.978,NoButton,Move,189,315
205.995,205.995,NoButton,Move,191,399
206.011,206.011,NoButton,Move,200,448
206.02700000000002,206.02700000000002,NoButton,Move,211,498
206.044,206.044,NoButton,Move,219,518
206.061,206.061,NoButton,Move,224,530
206.077,206.077,NoButton,Move,228,537
206.27,206.27,NoButton,Move,229,537
206.276,206.276,NoButton,Move,234,537
206.294,206.294,NoButton,Move,251,539
206.311,206.311,NoButton,Move,282,546
206.327,206.327,NoButton,Move,362,561
206.342,206.342,NoButton,Move,463,578
206.358,206.358,NoButton,Move,580,603
206.374,206.374,NoButton,Move,685,631
206.39000000000004,206.39000000000004,NoButton,Move,794,661
206.406,206.406,NoButton,Move,842,674
206.423,206.423,NoButton,Move,870,680
206.44,206.44,NoButton,Move,885,683
206.45600000000002,206.45600000000002,NoButton,Move,895,684
206.473,206.473,NoButton,Move,896,684
206.681,206.681,NoButton,Move,897,684
206.68800000000002,206.68800000000002,NoButton,Move,904,681
206.70600000000002,206.70600000000002,NoButton,Move,925,673
206.723,206.723,NoButton,Move,958,662
206.739,206.739,NoButton,Move,1023,648
206.754,206.754,NoButton,Move,1075,641
206.769,206.769,NoButton,Move,1150,636
206.785,206.785,NoButton,Move,1212,636
206.802,206.802,NoButton,Move,1274,639
206.81900000000002,206.81900000000002,NoButton,Move,1297,643
206.835,206.835,NoButton,Move,1310,645
206.851,206.851,NoButton,Move,1321,648
207.02700000000002,207.02700000000002,NoButton,Move,1320,643
207.03300000000002,207.03300000000002,NoButton,Move,1316,635
207.041,207.041,NoButton,Move,1311,626
207.05,207.05,NoButton,Move,1306,615
207.067,207.067,NoButton,Move,1299,585
207.082,207.082,NoButton,Move,1296,565
207.09900000000002,207.09900000000002,NoButton,Move,1286,474
207.114,207.114,NoButton,Move,1285,356
207.13,207.13,NoButton,Move,1285,284
207.148,207.148,NoButton,Move,1285,259
207.165,207.165,NoButton,Move,1285,226
207.181,207.181,NoButton,Move,1280,209
207.198,207.198,NoButton,Move,1261,208
207.215,207.215,NoButton,Move,1226,221
207.231,207.231,NoButton,Move,1175,249
207.248,207.248,NoButton,Move,1117,289
207.264,207.264,NoButton,Move,1072,332
207.281,207.281,NoButton,Move,1042,375
207.297,207.297,NoButton,Move,1031,404
207.314,207.314,NoButton,Move,1029,437
207.33,207.33,NoButton,Move,1033,465
207.347,207.347,NoButton,Move,1059,494
207.364,207.364,NoButton,Move,1097,511
207.381,207.381,NoButton,Move,1177,518
207.397,207.397,NoButton,Move,1217,515
207.41400000000002,207.41400000000002,NoButton,Move,1260,497
207.431,207.431,NoButton,Move,1285,475
207.448,207.448,NoButton,Move,1304,438
207.464,207.464,NoButton,Move,1304,396
207.481,207.481,NoButton,Move,1295,339
207.497,207.497,NoButton,Move,1269,277
207.513,207.513,NoButton,Move,1251,251
207.531,207.531,NoButton,Move,1160,193
207.547,207.547,NoButton,Move,1086,192
207.564,207.564,NoButton,Move,999,209
207.58,207.58,NoButton,Move,948,233
207.598,207.598,NoButton,Move,912,258
207.614,207.614,NoButton,Move,889,277
207.631,207.631,NoButton,Move,874,297
207.64600000000002,207.64600000000002,NoButton,Move,869,318
207.663,207.663,NoButton,Move,876,330
207.681,207.681,NoButton,Move,905,349
207.697,207.697,NoButton,Move,947,362
207.714,207.714,NoButton,Move,1035,372
207.731,207.731,NoButton,Move,1093,372
207.748,207.748,NoButton,Move,1141,367
207.764,207.764,NoButton,Move,1168,358
207.78,207.78,NoButton,Move,1189,346
207.797,207.797,NoButton,Move,1200,330
207.81300000000002,207.81300000000002,NoButton,Move,1200,314
207.83100000000002,207.83100000000002,NoButton,Move,1189,286
207.847,207.847,NoButton,Move,1170,268
207.863,207.863,NoButton,Move,1127,244
207.882,207.882,NoButton,Move,1100,240
207.898,207.898,NoButton,Move,1067,240
207.91400000000002,207.91400000000002,NoButton,Move,1038,250
207.931,207.931,NoButton,Move,1020,266
207.948,207.948,NoButton,Move,1010,286
207.964,207.964,NoButton,Move,1008,309
208.14000000000004,208.14000000000004,NoButton,Move,1008,309
208.147,208.147,NoButton,Move,1008,304
208.163,208.163,NoButton,Move,1006,297
208.181,208.181,NoButton,Move,1000,252
208.197,208.197,NoButton,Move,991,158
208.21200000000002,208.21200000000002,NoButton,Move,987,99
208.229,208.229,NoButton,Move,982,13
208.379,208.379,NoButton,Move,978,40
208.38,208.38,NoButton,Move,978,40
208.393,208.393,NoButton,Move,982,87
208.41,208.41,NoButton,Move,991,197
208.427,208.427,NoButton,Move,1002,303
208.44400000000002,208.44400000000002,NoButton,Move,1015,413
208.461,208.461,NoButton,Move,1021,457
208.477,208.477,NoButton,Move,1024,484
208.494,208.494,NoButton,Move,1027,499
208.51,208.51,NoButton,Move,1028,505
208.52700000000002,208.52700000000002,NoButton,Move,1030,512
208.544,208.544,NoButton,Move,1032,512
208.70000000000002,208.70000000000002,NoButton,Move,1026,510
208.708,208.708,NoButton,Move,1016,507
208.715,208.715,NoButton,Move,1004,503
208.727,208.727,NoButton,Move,991,499
208.744,208.744,NoButton,Move,954,494
208.757,208.757,NoButton,Move,910,491
208.773,208.773,NoButton,Move,838,489
208.788,208.788,NoButton,Move,728,492
208.805,208.805,NoButton,Move,618,513
208.822,208.822,NoButton,Move,554,528
208.838,208.838,NoButton,Move,529,533
208.85500000000002,208.85500000000002,NoButton,Move,502,537
208.872,208.872,NoButton,Move,483,539
208.887,208.887,NoButton,Move,477,540
208.904,208.904,NoButton,Move,476,540
208.921,208.921,NoButton,Move,488,537
208.93800000000002,208.93800000000002,NoButton,Move,537,526
208.955,208.955,NoButton,Move,740,479
208.971,208.971,NoButton,Move,834,460
208.988,208.988,NoButton,Move,1074,424
209.005,209.005,NoButton,Move,1170,415
209.02100000000002,209.02100000000002,NoButton,Move,1197,412
209.038,209.038,NoButton,Move,1218,409
209.055,209.055,NoButton,Move,1238,405
209.071,209.071,NoButton,Move,1155,406
209.088,209.088,NoButton,Move,991,466
209.10500000000002,209.10500000000002,NoButton,Move,801,587
209.12,209.12,NoButton,Move,674,693
209.138,209.138,NoButton,Move,633,737
209.155,209.155,NoButton,Move,619,754
209.171,209.171,NoButton,Move,579,804
209.18800000000002,209.18800000000002,NoButton,Move,707,704
209.204,209.204,NoButton,Move,944,509
209.221,209.221,NoButton,Move,1136,364
209.237,209.237,NoButton,Move,1277,255
209.255,209.255,NoButton,Move,1300,233
209.27100000000002,209.27100000000002,NoButton,Move,1332,189
209.288,209.288,NoButton,Move,1159,258
209.305,209.305,NoButton,Move,930,424
209.321,209.321,NoButton,Move,755,568
209.338,209.338,NoButton,Move,686,640
209.354,209.354,NoButton,Move,663,664
209.371,209.371,NoButton,Move,625,713
209.388,209.388,NoButton,Move,745,597
209.405,209.405,NoButton,Move,991,355
209.421,209.421,NoButton,Move,1169,183
209.43800000000002,209.43800000000002,NoButton,Move,1214,138
209.455,209.455,NoButton,Move,1246,94
209.471,209.471,NoButton,Move,1214,92
209.488,209.488,NoButton,Move,1081,171
209.505,209.505,NoButton,Move,908,303
209.52100000000002,209.52100000000002,NoButton,Move,789,411
209.538,209.538,NoButton,Move,750,454
209.555,209.555,NoButton,Move,739,468
209.572,209.572,NoButton,Move,706,511
209.589,209.589,NoButton,Move,789,439
209.60500000000002,209.60500000000002,NoButton,Move,937,292
209.622,209.622,NoButton,Move,981,245
209.638,209.638,NoButton,Move,995,228
209.655,209.655,NoButton,Move,1016,194
209.671,209.671,NoButton,Move,959,225
209.68800000000002,209.68800000000002,NoButton,Move,825,318
209.703,209.703,NoButton,Move,662,459
209.721,209.721,NoButton,Move,586,534
209.737,209.737,NoButton,Move,579,542
209.755,209.755,NoButton,Move,547,579
209.77100000000002,209.77100000000002,NoButton,Move,558,570
209.78900000000002,209.78900000000002,NoButton,Move,650,473
209.805,209.805,NoButton,Move,718,406
209.821,209.821,NoButton,Move,757,372
210.127,210.127,NoButton,Move,750,372
210.133,210.133,NoButton,Move,743,371
210.141,210.141,NoButton,Move,732,369
210.155,210.155,NoButton,Move,720,367
210.171,210.171,NoButton,Move,690,363
210.183,210.183,NoButton,Move,634,351
210.20000000000002,210.20000000000002,NoButton,Move,547,326
210.215,210.215,NoButton,Move,501,309
210.231,210.231,NoButton,Move,434,280
210.247,210.247,NoButton,Move,384,255
210.26500000000004,210.26500000000004,NoButton,Move,333,232
210.281,210.281,NoButton,Move,299,225
210.297,210.297,NoButton,Move,260,228
210.314,210.314,NoButton,Move,243,245
210.33100000000002,210.33100000000002,NoButton,Move,234,259
210.348,210.348,NoButton,Move,231,274
210.363,210.363,NoButton,Move,319,266
210.38,210.38,NoButton,Move,397,232
210.397,210.397,NoButton,Move,750,75
210.41400000000002,210.41400000000002,NoButton,Move,866,29
210.431,210.431,NoButton,Move,933,5
210.463,210.463,NoButton,Move,886,45
210.479,210.479,NoButton,Move,729,162
210.497,210.497,NoButton,Move,643,232
210.514,210.514,NoButton,Move,531,329
210.53,210.53,NoButton,Move,501,361
210.547,210.547,NoButton,Move,485,379
210.564,210.564,NoButton,Move,484,390
210.579,210.58,NoButton,Move,762,126
210.598,210.598,NoButton,Move,886,22
210.672,210.672,NoButton,Move,874,43
210.673,210.673,NoButton,Move,874,43
210.68,210.68,NoButton,Move,790,111
210.698,210.698,NoButton,Move,619,251
210.714,210.714,NoButton,Move,564,308
210.729,210.729,NoButton,Move,544,332
210.746,210.746,NoButton,Move,511,375
210.763,210.763,NoButton,Move,540,366
210.78,210.78,NoButton,Move,644,266
210.797,210.797,NoButton,Move,691,218
210.81300000000002,210.81300000000002,NoButton,Move,710,198
210.83100000000002,210.83100000000002,NoButton,Move,732,173
210.847,210.847,NoButton,Move,736,162
210.863,210.863,NoButton,Move,697,183
210.88,210.88,NoButton,Move,653,212
210.897,210.897,NoButton,Move,606,240
210.91400000000002,210.91400000000002,NoButton,Move,557,264
210.93,210.93,NoButton,Move,522,269
210.948,210.948,NoButton,Move,493,259
210.964,210.964,NoButton,Move,480,226
210.981,210.981,NoButton,Move,477,174
210.998,210.998,NoButton,Move,477,110
211.014,211.014,NoButton,Move,482,65
211.031,211.031,NoButton,Move,486,33
211.048,211.048,NoButton,Move,487,17
211.064,211.064,NoButton,Move,487,5
211.08100000000002,211.08100000000002,NoButton,Move,483,4
211.097,211.097,NoButton,Move,467,25
211.113,211.113,NoButton,Move,452,58
211.131,211.131,NoButton,Move,434,128
211.147,211.147,NoButton,Move,428,180
211.16400000000002,211.16400000000002,NoButton,Move,426,274
211.181,211.181,NoButton,Move,426,309
211.197,211.197,NoButton,Move,438,382
211.214,211.214,NoButton,Move,450,421
211.231,211.231,NoButton,Move,457,439
211.247,211.247,NoButton,Move,465,454
211.264,211.264,NoButton,Move,471,463
211.529,211.529,NoButton,Move,471,465
211.534,211.534,NoButton,Move,471,474
211.546,211.546,NoButton,Move,470,482
211.568,211.568,NoButton,Move,468,499
211.58,211.58,NoButton,Move,466,519
211.597,211.597,NoButton,Move,464,548
211.614,211.614,NoButton,Move,462,578
211.631,211.631,NoButton,Move,456,612
211.649,211.649,NoButton,Move,452,634
211.66400000000002,211.66400000000002,NoButton,Move,449,647
211.68200000000002,211.68200000000002,NoButton,Move,447,657
211.699,211.699,NoButton,Move,446,662
211.714,211.714,NoButton,Move,446,663
211.924,211.924,NoButton,Move,440,663
211.93,211.93,NoButton,Move,430,663
211.939,211.939,NoButton,Move,417,663
211.949,211.949,NoButton,Move,404,663
211.966,211.966,NoButton,Move,374,659
211.981,211.981,NoButton,Move,320,644
211.996,211.996,NoButton,Move,301,638
212.012,212.012,NoButton,Move,227,614
212.028,212.028,NoButton,Move,179,598
212.044,212.044,NoButton,Move,145,587
212.061,212.061,NoButton,Move,124,579
212.078,212.078,NoButton,Move,110,574
212.095,212.095,NoButton,Move,106,573
212.11100000000002,212.11100000000002,NoButton,Move,105,572
212.127,212.127,NoButton,Move,109,572
212.312,212.312,NoButton,Move,108,572
212.318,212.318,NoButton,Move,107,571
212.327,212.327,NoButton,Move,106,570
212.344,212.344,NoButton,Move,104,563
212.36100000000002,212.36100000000002,NoButton,Move,100,541
212.377,212.377,NoButton,Move,97,499
212.397,212.397,NoButton,Move,95,451
212.41400000000002,212.41400000000002,NoButton,Move,94,431
212.43,212.43,NoButton,Move,92,413
212.447,212.447,NoButton,Move,92,400
212.466,212.466,NoButton,Move,91,394
212.482,212.482,NoButton,Move,91,393
212.516,212.516,NoButton,Move,92,393
212.65800000000002,212.65800000000002,NoButton,Move,96,393
212.663,212.663,NoButton,Move,104,393
212.671,212.671,NoButton,Move,116,392
212.681,212.681,NoButton,Move,129,390
212.697,212.697,NoButton,Move,165,385
212.714,212.714,NoButton,Move,228,377
212.73000000000002,212.73000000000002,NoButton,Move,302,369
212.745,212.745,NoButton,Move,386,363
212.761,212.761,NoButton,Move,453,359
212.77700000000002,212.77700000000002,NoButton,Move,509,357
212.794,212.794,NoButton,Move,561,356
212.81,212.81,NoButton,Move,582,355
212.828,212.828,NoButton,Move,594,354
212.844,212.844,NoButton,Move,605,354
213.053,213.053,NoButton,Move,607,352
213.061,213.061,NoButton,Move,617,345
213.078,213.078,NoButton,Move,642,329
213.09300000000002,213.09300000000002,NoButton,Move,703,297
213.11100000000002,213.11100000000002,NoButton,Move,811,248
213.124,213.124,NoButton,Move,875,226
213.141,213.141,NoButton,Move,972,198
213.157,213.157,NoButton,Move,1077,181
213.173,213.173,NoButton,Move,1128,179
213.19,213.19,NoButton,Move,1161,179
213.207,213.207,NoButton,Move,1178,179
213.22400000000002,213.22400000000002,NoButton,Move,1189,180
213.24,213.24,NoButton,Move,1193,182
213.257,213.257,NoButton,Move,1191,186
213.272,213.272,NoButton,Move,1184,189
213.416,213.416,NoButton,Move,1185,189
213.422,213.422,NoButton,Move,1191,187
213.439,213.439,NoButton,Move,1201,181
213.45600000000002,213.45600000000002,NoButton,Move,1225,169
213.473,213.473,NoButton,Move,1309,144
213.487,213.487,NoButton,Move,1378,131
213.503,213.503,NoButton,Move,1419,126
213.52,213.52,NoButton,Move,1439,125
213.537,213.537,NoButton,Move,1439,125
213.553,213.553,NoButton,Move,1439,125
213.57,213.57,NoButton,Move,1439,125
213.586,213.586,NoButton,Move,1439,126
213.603,213.603,NoButton,Move,1439,126
213.62,213.62,NoButton,Move,1439,127
213.804,213.804,NoButton,Move,1439,125
213.809,213.809,NoButton,Move,1439,114
213.81900000000002,213.81900000000002,NoButton,Move,1438,103
213.836,213.836,NoButton,Move,1435,71
213.853,213.853,NoButton,Move,1432,16
214.753,214.753,NoButton,Move,1439,28
214.757,214.757,NoButton,Move,1439,28
214.776,214.776,NoButton,Move,1439,33
214.792,214.792,NoButton,Move,1439,35
214.925,214.925,NoButton,Move,1439,35
214.93,214.93,NoButton,Move,1430,40
214.948,214.948,NoButton,Move,1421,48
214.967,214.967,NoButton,Move,1400,69
214.981,214.981,NoButton,Move,1362,108
214.996,214.996,NoButton,Move,1336,133
215.01500000000004,215.01500000000004,NoButton,Move,1279,190
215.032,215.032,NoButton,Move,1262,207
215.048,215.048,NoButton,Move,1242,226
215.065,215.065,NoButton,Move,1226,242
215.083,215.083,NoButton,Move,1221,248
215.098,215.098,NoButton,Move,1217,252
215.114,215.114,NoButton,Move,1216,253
215.292,215.292,NoButton,Move,1209,253
215.299,215.299,NoButton,Move,1199,253
215.309,215.309,NoButton,Move,1185,253
215.328,215.328,NoButton,Move,1143,254
215.34300000000002,215.34300000000002,NoButton,Move,1090,262
215.36,215.36,NoButton,Move,975,284
215.378,215.378,NoButton,Move,852,313
215.395,215.395,NoButton,Move,777,332
215.413,215.413,NoButton,Move,721,344
215.429,215.429,NoButton,Move,705,347
215.446,215.446,NoButton,Move,681,350
215.463,215.463,NoButton,Move,671,349
215.479,215.479,NoButton,Move,671,341
215.705,215.705,NoButton,Move,665,341
215.71200000000002,215.71200000000002,NoButton,Move,653,343
215.72,215.72,NoButton,Move,636,345
215.729,215.729,NoButton,Move,618,348
215.747,215.747,NoButton,Move,570,357
215.762,215.762,NoButton,Move,543,364
215.77700000000002,215.77700000000002,NoButton,Move,433,391
215.793,215.793,NoButton,Move,320,422
215.81,215.81,NoButton,Move,216,458
215.827,215.827,NoButton,Move,163,478
215.842,215.842,NoButton,Move,141,485
215.859,215.859,NoButton,Move,122,492
215.875,215.875,NoButton,Move,109,495
215.892,215.892,NoButton,Move,104,496
216.11700000000002,216.11700000000002,NoButton,Move,98,497
216.124,216.124,NoButton,Move,88,500
216.132,216.132,NoButton,Move,71,505
216.142,216.142,NoButton,Move,54,509
216.159,216.159,NoButton,Move,13,518
216.173,216.173,NoButton,Move,0,523
216.18800000000002,216.18800000000002,NoButton,Move,0,533
216.205,216.205,NoButton,Move,0,543
216.22,216.22,NoButton,Move,0,550
216.237,216.237,NoButton,Move,0,551
216.254,216.254,NoButton,Move,0,551
216.27100000000002,216.27100000000002,NoButton,Move,0,551
216.287,216.287,NoButton,Move,0,550
216.304,216.304,NoButton,Move,6,547
216.49,216.49,NoButton,Move,6,545
216.496,216.496,NoButton,Move,6,539
216.505,216.505,NoButton,Move,6,528
216.522,216.522,NoButton,Move,5,493
216.53900000000002,216.53900000000002,NoButton,Move,0,417
216.556,216.556,NoButton,Move,0,318
216.576,216.576,NoButton,Move,0,215
216.59300000000002,216.59300000000002,NoButton,Move,0,167
216.61,216.61,NoButton,Move,0,140
216.627,216.627,NoButton,Move,0,125
216.643,216.643,NoButton,Move,0,115
216.66,216.66,NoButton,Move,0,110
216.678,216.678,NoButton,Move,0,109
216.693,216.693,NoButton,Move,0,108
216.71,216.71,NoButton,Move,0,107
216.728,216.728,NoButton,Move,0,107
216.745,216.745,NoButton,Move,0,107
216.786,216.786,NoButton,Move,1,108
216.793,216.793,NoButton,Move,7,118
216.811,216.811,NoButton,Move,31,169
216.827,216.827,NoButton,Move,46,201
216.844,216.844,NoButton,Move,101,294
216.86100000000002,216.86100000000002,NoButton,Move,150,349
216.877,216.877,NoButton,Move,177,372
216.894,216.894,NoButton,Move,207,393
216.91,216.91,NoButton,Move,225,405
216.927,216.927,NoButton,Move,243,414
216.94400000000002,216.94400000000002,NoButton,Move,245,415
217.15800000000002,217.15800000000002,NoButton,Move,245,415
217.16400000000002,217.16400000000002,NoButton,Move,251,415
217.177,217.177,NoButton,Move,261,414
217.195,217.195,NoButton,Move,287,414
217.21,217.21,NoButton,Move,356,424
217.228,217.228,NoButton,Move,455,451
217.245,217.245,NoButton,Move,560,485
217.261,217.261,NoButton,Move,620,505
217.278,217.278,NoButton,Move,663,519
217.29500000000002,217.29500000000002,NoButton,Move,677,523
217.311,217.311,NoButton,Move,697,529
217.329,217.329,NoButton,Move,705,531
217.345,217.345,NoButton,Move,707,531
217.36100000000002,217.36100000000002,NoButton,Move,707,532
217.56900000000002,217.56900000000002,NoButton,Move,710,531
217.576,217.576,NoButton,Move,717,530
217.585,217.585,NoButton,Move,728,529
217.594,217.594,NoButton,Move,742,528
217.61100000000002,217.61100000000002,NoButton,Move,800,528
217.625,217.625,NoButton,Move,847,528
217.641,217.641,NoButton,Move,925,536
217.656,217.656,NoButton,Move,1034,557
217.673,217.673,NoButton,Move,1113,574
217.69,217.69,NoButton,Move,1135,580
217.707,217.707,NoButton,Move,1159,586
217.72400000000002,217.72400000000002,NoButton,Move,1176,589
217.74,217.74,NoButton,Move,1182,591
217.756,217.756,NoButton,Move,1184,592
217.933,217.933,NoButton,Move,1184,590
217.93800000000002,217.93800000000002,NoButton,Move,1184,584
217.955,217.955,NoButton,Move,1183,566
217.972,217.972,NoButton,Move,1182,534
217.989,217.989,NoButton,Move,1182,436
218.005,218.005,NoButton,Move,1182,404
218.02,218.02,NoButton,Move,1182,263
218.037,218.037,NoButton,Move,1187,210
218.054,218.054,NoButton,Move,1189,184
218.07,218.07,NoButton,Move,1190,147
218.086,218.086,NoButton,Move,1192,134
218.104,218.104,NoButton,Move,1192,131
218.119,218.119,NoButton,Move,1192,130
218.136,218.136,NoButton,Move,1192,131
218.303,218.303,NoButton,Move,1192,133
218.309,218.309,NoButton,Move,1192,140
218.32,218.32,NoButton,Move,1192,148
218.336,218.336,NoButton,Move,1194,172
218.353,218.353,NoButton,Move,1203,206
218.37,218.37,NoButton,Move,1218,261
218.389,218.389,NoButton,Move,1243,331
218.405,218.405,NoButton,Move,1261,371
218.423,218.423,NoButton,Move,1276,399
218.441,218.441,NoButton,Move,1289,424
218.45600000000002,218.45600000000002,NoButton,Move,1294,432
218.473,218.473,NoButton,Move,1297,439
218.49,218.49,NoButton,Move,1298,441
218.691,218.691,NoButton,Move,1298,441
218.696,218.696,NoButton,Move,1298,445
218.707,218.707,NoButton,Move,1301,452
218.723,218.723,NoButton,Move,1309,471
218.74,218.74,NoButton,Move,1321,493
218.757,218.757,NoButton,Move,1333,513
218.77700000000002,218.77700000000002,NoButton,Move,1347,537
218.793,218.793,NoButton,Move,1356,553
218.81,218.81,NoButton,Move,1363,565
218.828,218.828,NoButton,Move,1366,570
218.845,218.845,NoButton,Move,1368,572
218.86,218.86,NoButton,Move,1369,572
219.012,219.012,NoButton,Move,1363,572
219.019,219.019,NoButton,Move,1353,572
219.02700000000002,219.02700000000002,NoButton,Move,1340,574
219.044,219.044,NoButton,Move,1304,577
219.061,219.061,NoButton,Move,1255,587
219.078,219.078,NoButton,Move,1143,613
219.097,219.097,NoButton,Move,1016,648
219.115,219.115,NoButton,Move,941,675
219.131,219.131,NoButton,Move,882,695
219.15,219.15,NoButton,Move,849,704
219.167,219.167,NoButton,Move,820,708
219.183,219.183,NoButton,Move,816,708
219.199,219.199,NoButton,Move,816,707
219.391,219.391,NoButton,Move,815,707
219.398,219.398,NoButton,Move,809,707
219.405,219.405,NoButton,Move,797,706
219.416,219.416,NoButton,Move,785,705
219.433,219.433,NoButton,Move,752,702
219.449,219.449,NoButton,Move,675,693
219.463,219.463,NoButton,Move,617,689
219.479,219.479,NoButton,Move,582,686
219.495,219.495,NoButton,Move,544,686
219.512,219.512,NoButton,Move,519,686
219.529,219.529,NoButton,Move,506,686
219.546,219.546,NoButton,Move,498,686
219.562,219.562,NoButton,Move,495,686
219.578,219.578,NoButton,Move,495,687
219.943,219.943,NoButton,Move,485,686
219.95000000000002,219.95000000000002,NoButton,Move,475,683
219.96200000000002,219.96200000000002,NoButton,Move,465,679
219.983,219.983,NoButton,Move,443,670
219.994,219.994,NoButton,Move,424,660
220.01,220.01,NoButton,Move,406,650
220.029,220.029,NoButton,Move,374,628
220.04500000000002,220.04500000000002,NoButton,Move,351,605
220.06300000000002,220.06300000000002,NoButton,Move,340,591
220.08,220.08,NoButton,Move,333,580
220.097,220.097,NoButton,Move,329,571
220.113,220.113,NoButton,Move,327,565
220.131,220.131,NoButton,Move,327,562
220.147,220.147,NoButton,Move,327,559
220.163,220.163,NoButton,Move,329,557
220.18,220.18,NoButton,Move,333,556
220.195,220.195,NoButton,Move,339,555
220.38,220.38,NoButton,Move,339,555
220.385,220.385,NoButton,Move,339,552
220.395,220.395,NoButton,Move,339,547
220.412,220.412,NoButton,Move,339,533
220.43,220.43,NoButton,Move,340,503
220.446,220.446,NoButton,Move,340,424
220.466,220.466,NoButton,Move,340,345
220.483,220.483,NoButton,Move,340,311
220.5,220.5,NoButton,Move,340,273
220.518,220.518,NoButton,Move,340,255
220.535,220.535,NoButton,Move,340,243
220.552,220.552,NoButton,Move,341,239
220.568,220.568,NoButton,Move,341,239
220.584,220.584,NoButton,Move,341,245
220.76,220.76,NoButton,Move,341,245
220.766,220.766,NoButton,Move,341,235
220.774,220.774,NoButton,Move,341,227
220.785,220.785,NoButton,Move,342,218
220.80100000000002,220.80100000000002,NoButton,Move,344,197
220.817,220.817,NoButton,Move,348,171
220.833,220.833,NoButton,Move,355,117
220.848,220.848,NoButton,Move,356,105
220.864,220.864,NoButton,Move,358,89
220.881,220.881,NoButton,Move,360,67
220.897,220.897,NoButton,Move,361,58
220.91400000000002,220.91400000000002,NoButton,Move,362,55
220.93,220.93,NoButton,Move,362,54
220.947,220.947,NoButton,Move,362,54
220.963,220.963,NoButton,Move,362,58
221.172,221.172,NoButton,Move,362,51
221.179,221.179,NoButton,Move,360,44
221.185,221.185,NoButton,Move,359,35
221.197,221.197,NoButton,Move,357,26
221.213,221.213,NoButton,Move,355,5
222.615,222.615,NoButton,Move,665,33
222.61700000000002,222.61700000000002,NoButton,Move,665,33
222.633,222.633,NoButton,Move,655,72
222.653,222.653,NoButton,Move,636,165
222.665,222.665,NoButton,Move,621,264
222.687,222.687,NoButton,Move,614,330
222.698,222.698,NoButton,Move,611,462
222.715,222.715,NoButton,Move,611,484
222.737,222.737,NoButton,Move,611,500
222.754,222.754,NoButton,Move,611,504
222.77,222.77,NoButton,Move,613,509
222.788,222.788,NoButton,Move,613,509
222.985,222.985,NoButton,Move,613,509
222.99,222.99,NoButton,Move,613,515
223,223,NoButton,Move,614,522
223.01500000000004,223.01500000000004,NoButton,Move,616,529
223.032,223.032,NoButton,Move,626,548
223.052,223.052,NoButton,Move,671,605
223.071,223.071,NoButton,Move,716,641
223.08700000000002,223.08700000000002,NoButton,Move,767,672
223.103,223.103,NoButton,Move,799,685
223.122,223.122,NoButton,Move,821,694
223.139,223.139,NoButton,Move,834,698
223.155,223.155,NoButton,Move,839,700
223.323,223.323,NoButton,Move,839,699
223.328,223.328,NoButton,Move,841,691
223.339,223.339,NoButton,Move,848,679
223.356,223.356,NoButton,Move,867,649
223.372,223.372,NoButton,Move,919,576
223.391,223.391,NoButton,Move,992,493
223.409,223.409,NoButton,Move,1049,445
223.425,223.425,NoButton,Move,1096,410
223.443,223.443,NoButton,Move,1128,390
223.46,223.46,NoButton,Move,1145,382
223.476,223.476,NoButton,Move,1157,377
223.493,223.493,NoButton,Move,1163,376
223.661,223.661,NoButton,Move,1163,376
223.667,223.667,NoButton,Move,1163,367
223.677,223.677,NoButton,Move,1163,357
223.69400000000002,223.69400000000002,NoButton,Move,1163,324
223.713,223.713,NoButton,Move,1163,240
223.73000000000002,223.73000000000002,NoButton,Move,1163,30
224.20000000000002,224.20000000000002,NoButton,Move,1240,31
224.20600000000002,224.20600000000002,NoButton,Move,1240,31
224.231,224.231,NoButton,Move,1238,152
224.245,224.245,NoButton,Move,1238,257
224.261,224.261,NoButton,Move,1238,294
224.284,224.284,NoButton,Move,1238,320
224.30100000000002,224.30100000000002,NoButton,Move,1237,338
224.318,224.318,NoButton,Move,1236,350
224.334,224.334,NoButton,Move,1235,355
224.351,224.351,NoButton,Move,1235,357
224.659,224.659,NoButton,Move,1235,356
224.667,224.667,NoButton,Move,1233,355
224.684,224.684,NoButton,Move,1220,353
224.701,224.701,NoButton,Move,1191,352
224.717,224.717,NoButton,Move,1132,350
224.73000000000002,224.73000000000002,NoButton,Move,1006,347
224.746,224.746,NoButton,Move,941,346
224.761,224.761,NoButton,Move,732,342
224.779,224.779,NoButton,Move,587,339
224.796,224.796,NoButton,Move,474,330
224.812,224.812,NoButton,Move,406,313
224.829,224.829,NoButton,Move,362,290
224.845,224.845,NoButton,Move,347,267
225.096,225.096,NoButton,Move,346,267
225.101,225.101,NoButton,Move,341,265
225.11100000000002,225.11100000000002,NoButton,Move,333,262
225.127,225.127,NoButton,Move,299,247
225.144,225.144,NoButton,Move,227,221
225.161,225.161,NoButton,Move,165,205
225.179,225.179,NoButton,Move,112,190
225.197,225.197,NoButton,Move,57,176
225.214,225.214,NoButton,Move,31,169
225.231,225.231,NoButton,Move,7,163
225.24800000000002,225.24800000000002,NoButton,Move,0,159
225.26500000000004,225.26500000000004,NoButton,Move,0,158
225.281,225.281,NoButton,Move,0,157
225.299,225.299,NoButton,Move,0,157
225.315,225.315,NoButton,Move,0,157
225.34900000000002,225.34900000000002,NoButton,Move,0,157
225.357,225.357,NoButton,Move,2,158
225.365,225.365,NoButton,Move,4,160
225.382,225.382,NoButton,Move,10,165
225.398,225.398,NoButton,Move,22,171
225.415,225.415,NoButton,Move,33,175
225.43200000000002,225.43200000000002,NoButton,Move,41,177
225.448,225.448,NoButton,Move,52,178
225.465,225.465,NoButton,Move,59,178
225.481,225.481,NoButton,Move,62,176
225.499,225.499,NoButton,Move,70,167
225.51500000000004,225.51500000000004,NoButton,Move,75,159
225.532,225.532,NoButton,Move,77,154
225.549,225.549,NoButton,Move,79,146
225.565,225.565,NoButton,Move,79,141
225.582,225.582,NoButton,Move,79,136
225.597,225.597,NoButton,Move,79,134
225.615,225.615,NoButton,Move,79,132
225.632,225.632,NoButton,Move,79,131
225.648,225.648,NoButton,Move,79,130
225.665,225.665,NoButton,Move,79,130
225.697,225.697,NoButton,Move,79,130
225.713,225.713,NoButton,Move,79,130
225.72,225.72,NoButton,Move,79,129
225.732,225.732,NoButton,Move,79,129
225.74800000000002,225.74800000000002,NoButton,Move,79,128
225.76500000000004,225.76500000000004,NoButton,Move,79,126
225.782,225.782,NoButton,Move,79,125
225.799,225.799,NoButton,Move,79,122
225.815,225.815,NoButton,Move,80,119
225.83100000000002,225.83100000000002,NoButton,Move,81,116
225.848,225.848,NoButton,Move,81,114
225.865,225.865,NoButton,Move,82,112
225.881,225.881,NoButton,Move,83,110
225.899,225.899,NoButton,Move,83,109
225.91400000000002,225.91400000000002,NoButton,Move,83,109
225.931,225.931,NoButton,Move,83,108
225.959,225.959,NoButton,Move,83,108
226.016,226.016,NoButton,Move,83,108
226.109,226.109,NoButton,Move,83,107
226.173,226.173,NoButton,Move,83,107
226.213,226.213,NoButton,Move,83,107
226.238,226.238,NoButton,Move,83,107
226.256,226.256,NoButton,Move,83,106
226.281,226.281,NoButton,Move,83,106
226.298,226.298,NoButton,Move,83,106
226.315,226.315,NoButton,Move,83,105
226.332,226.332,NoButton,Move,83,105
226.348,226.348,NoButton,Move,83,104
226.365,226.365,NoButton,Move,83,103
226.536,226.536,Left,Pressed,83,103
