record timestamp,client timestamp,button,state,x,y
0.735,0.735,NoButton,Move,734,252
0.744,0.744,NoButton,Move,730,252
0.763,0.763,NoButton,Move,716,253
0.779,0.779,NoButton,Move,694,254
0.796,0.796,NoButton,Move,606,259
0.812,0.812,NoButton,Move,508,274
0.8290000000000001,0.8290000000000001,NoButton,Move,371,310
0.846,0.846,NoButton,Move,294,335
0.862,0.862,NoButton,Move,270,345
0.879,0.879,NoButton,Move,243,355
0.896,0.896,NoButton,Move,225,363
0.912,0.912,NoButton,Move,219,366
0.929,0.929,NoButton,Move,218,366
0.9460000000000001,0.9460000000000001,NoButton,Move,218,366
0.963,0.963,NoButton,Move,219,366
1.18,1.18,NoButton,Move,219,366
1.187,1.187,NoButton,Move,219,362
1.196,1.196,NoButton,Move,219,354
1.212,1.212,NoButton,Move,217,343
1.228,1.228,NoButton,Move,205,234
1.244,1.244,NoButton,Move,202,170
1.2650000000000001,1.2650000000000001,NoButton,Move,201,144
1.283,1.283,NoButton,Move,200,124
1.3,1.3,NoButton,Move,199,109
1.317,1.317,NoButton,Move,199,105
1.335,1.335,NoButton,Move,199,104
1.536,1.536,NoButton,Move,199,112
1.542,1.542,NoButton,Move,197,124
1.551,1.551,NoButton,Move,196,138
1.568,1.568,NoButton,Move,195,167
1.585,1.585,NoButton,Move,195,200
1.601,1.601,NoButton,Move,195,227
1.621,1.621,NoButton,Move,195,273
1.6380000000000001,1.6380000000000001,NoButton,Move,197,296
1.655,1.655,NoButton,Move,200,320
1.673,1.673,NoButton,Move,202,330
1.69,1.69,NoButton,Move,203,336
1.706,1.706,NoButton,Move,205,343
1.723,1.723,NoButton,Move,205,344
1.74,1.74,NoButton,Move,205,344
1.915,1.915,NoButton,Move,205,347
1.921,1.921,NoButton,Move,205,365
1.93,1.93,NoButton,Move,205,381
1.94,1.94,NoButton,Move,205,400
1.956,1.956,NoButton,Move,209,445
1.973,1.973,NoButton,Move,215,486
1.987,1.987,NoButton,Move,223,532
2.003,2.003,NoButton,Move,225,542
2.019,2.019,NoButton,Move,229,567
2.036,2.036,NoButton,Move,232,584
2.053,2.053,NoButton,Move,234,591
2.069,2.069,NoButton,Move,234,593
2.085,2.085,NoButton,Move,234,594
2.303,2.303,NoButton,Move,237,594
2.308,2.308,NoButton,Move,244,594
2.319,2.319,NoButton,Move,254,594
2.335,2.335,NoButton,Move,281,594
2.351,2.351,NoButton,Move,375,602
2.371,2.371,NoButton,Move,448,615
2.388,2.388,NoButton,Move,535,631
2.4050000000000002,2.4050000000000002,NoButton,Move,561,635
2.422,2.422,NoButton,Move,587,640
2.439,2.439,NoButton,Move,605,642
2.455,2.455,NoButton,Move,611,643
2.473,2.473,NoButton,Move,614,643
2.489,2.489,NoButton,Move,614,643
2.704,2.704,NoButton,Move,615,643
2.712,2.712,NoButton,Move,622,643
2.723,2.723,NoButton,Move,630,643
2.745,2.745,NoButton,Move,655,643
2.756,2.756,NoButton,Move,726,643
2.773,2.773,NoButton,Move,823,643
2.79,2.79,NoButton,Move,888,646
2.8080000000000003,2.8080000000000003,NoButton,Move,940,652
2.825,2.825,NoButton,Move,973,655
2.841,2.841,NoButton,Move,992,657
2.858,2.858,NoButton,Move,1005,659
2.875,2.875,NoButton,Move,1009,659
2.891,2.891,NoButton,Move,1010,659
2.908,2.908,NoButton,Move,1010,659
3.094,3.094,NoButton,Move,1013,659
3.099,3.099,NoButton,Move,1019,659
3.109,3.109,NoButton,Move,1029,661
3.125,3.125,NoButton,Move,1041,664
3.142,3.142,NoButton,Move,1110,678
3.158,3.158,NoButton,Move,1200,693
3.1790000000000003,3.1790000000000003,NoButton,Move,1258,702
3.196,3.196,NoButton,Move,1306,709
3.213,3.213,NoButton,Move,1338,713
3.23,3.23,NoButton,Move,1358,715
3.248,3.248,NoButton,Move,1375,716
3.2640000000000002,3.2640000000000002,NoButton,Move,1378,716
3.2800000000000002,3.2800000000000002,NoButton,Move,1379,716
3.298,3.298,NoButton,Move,1378,716
3.479,3.479,NoButton,Move,1379,716
3.486,3.486,NoButton,Move,1383,714
3.497,3.497,NoButton,Move,1388,712
3.516,3.516,NoButton,Move,1403,707
3.532,3.532,NoButton,Move,1415,704
3.549,3.549,NoButton,Move,1428,700
3.5660000000000003,3.5660000000000003,NoButton,Move,1436,698
3.583,3.583,NoButton,Move,1439,697
3.6,3.6,NoButton,Move,1439,697
3.617,3.617,NoButton,Move,1439,697
3.794,3.794,NoButton,Move,1439,697
3.801,3.801,NoButton,Move,1434,690
3.818,3.818,NoButton,Move,1420,657
3.834,3.834,NoButton,Move,1398,591
3.851,3.851,NoButton,Move,1356,417
3.866,3.866,NoButton,Move,1350,375
3.882,3.882,NoButton,Move,1344,322
3.898,3.898,NoButton,Move,1341,296
3.915,3.915,NoButton,Move,1337,261
3.936,3.936,NoButton,Move,1335,249
3.948,3.948,NoButton,Move,1335,247
3.964,3.964,NoButton,Move,1335,247
3.982,3.982,NoButton,Move,1335,247
3.997,3.997,NoButton,Move,1336,251
4.174,4.174,NoButton,Move,1335,251
4.179,4.179,NoButton,Move,1330,251
4.187,4.187,NoButton,Move,1321,252
4.198,4.198,NoButton,Move,1310,254
4.214,4.214,NoButton,Move,1280,264
4.231,4.231,NoButton,Move,1224,288
4.245,4.245,NoButton,Move,1183,306
4.261,4.261,NoButton,Move,1096,351
4.2780000000000005,4.2780000000000005,NoButton,Move,1039,379
4.2940000000000005,4.2940000000000005,NoButton,Move,1014,389
4.311,4.311,NoButton,Move,981,401
4.327,4.327,NoButton,Move,969,404
4.344,4.344,NoButton,Move,963,405
4.36,4.36,NoButton,Move,961,405
4.377,4.377,NoButton,Move,962,405
4.553,4.553,NoButton,Move,962,405
4.559,4.559,NoButton,Move,955,405
4.566,4.566,NoButton,Move,945,408
4.577,4.577,NoButton,Move,931,413
4.594,4.594,NoButton,Move,900,424
4.61,4.61,NoButton,Move,828,456
4.624,4.624,NoButton,Move,786,474
4.641,4.641,NoButton,Move,733,505
4.657,4.657,NoButton,Move,688,530
4.673,4.673,NoButton,Move,665,544
4.69,4.69,NoButton,Move,653,552
4.706,4.706,NoButton,Move,645,556
4.722,4.722,NoButton,Move,643,558
4.739,4.739,NoButton,Move,643,559
4.94,4.94,NoButton,Move,643,557
4.946,4.946,NoButton,Move,642,548
4.956,4.956,NoButton,Move,640,530
4.973,4.973,NoButton,Move,628,444
4.989,4.989,NoButton,Move,611,259
5.009,5.009,NoButton,Move,610,189
5.025,5.025,NoButton,Move,610,153
5.042,5.042,NoButton,Move,610,123
5.0600000000000005,5.0600000000000005,NoButton,Move,610,102
5.0760000000000005,5.0760000000000005,NoButton,Move,611,95
5.094,5.094,NoButton,Move,611,94
5.111,5.111,NoButton,Move,612,94
5.127,5.127,NoButton,Move,612,98
5.144,5.144,NoButton,Move,612,102
5.262,5.262,NoButton,Move,610,117
5.267,5.267,NoButton,Move,605,140
5.277,5.277,NoButton,Move,602,162
5.293,5.293,NoButton,Move,594,206
5.3100000000000005,5.3100000000000005,NoButton,Move,585,248
5.327,5.327,NoButton,Move,575,301
5.346,5.346,NoButton,Move,567,342
5.364,5.364,NoButton,Move,560,384
5.381,5.381,NoButton,Move,558,403
5.399,5.399,NoButton,Move,558,414
5.415,5.415,NoButton,Move,558,421
5.431,5.431,NoButton,Move,559,424
5.575,5.575,NoButton,Move,559,427
5.58,5.58,NoButton,Move,558,444
5.588,5.588,NoButton,Move,555,461
5.597,5.597,NoButton,Move,553,485
5.615,5.615,NoButton,Move,548,537
5.632,5.632,NoButton,Move,541,615
5.648,5.648,NoButton,Move,535,684
5.662,5.662,NoButton,Move,533,701
5.679,5.679,NoButton,Move,529,745
5.695,5.695,NoButton,Move,526,770
5.712,5.712,NoButton,Move,524,787
5.729,5.729,NoButton,Move,523,792
5.745,5.745,NoButton,Move,523,793
5.761,5.761,NoButton,Move,523,784
5.929,5.929,NoButton,Move,523,782
5.9350000000000005,5.9350000000000005,NoButton,Move,523,770
5.945,5.945,NoButton,Move,522,753
5.962,5.962,NoButton,Move,522,713
5.978,5.978,NoButton,Move,523,653
5.995,5.995,NoButton,Move,533,611
6.015000000000001,6.015000000000001,NoButton,Move,547,574
6.031,6.031,NoButton,Move,567,554
6.048,6.048,NoButton,Move,592,543
6.067,6.067,NoButton,Move,635,539
6.083,6.083,NoButton,Move,666,539
6.1000000000000005,6.1000000000000005,NoButton,Move,710,549
6.117,6.117,NoButton,Move,747,563
6.133,6.133,NoButton,Move,797,582
6.149,6.149,NoButton,Move,812,588
6.165,6.165,NoButton,Move,844,599
6.183,6.183,NoButton,Move,857,604
6.199,6.199,NoButton,Move,868,608
6.216,6.216,NoButton,Move,873,612
6.232,6.232,NoButton,Move,873,614
6.397,6.397,NoButton,Move,874,614
6.4030000000000005,6.4030000000000005,NoButton,Move,879,612
6.416,6.416,NoButton,Move,887,609
6.432,6.432,NoButton,Move,907,603
6.448,6.448,NoButton,Move,969,592
6.4670000000000005,6.4670000000000005,NoButton,Move,1049,582
6.4830000000000005,6.4830000000000005,NoButton,Move,1108,579
6.5,6.5,NoButton,Move,1159,577
6.516,6.516,NoButton,Move,1209,575
6.534,6.534,NoButton,Move,1231,575
6.551,6.551,NoButton,Move,1242,574
6.567,6.567,NoButton,Move,1250,573
6.5840000000000005,6.5840000000000005,NoButton,Move,1252,573
6.6000000000000005,6.6000000000000005,NoButton,Move,1252,573
6.767,6.767,NoButton,Move,1253,573
6.774,6.774,NoButton,Move,1257,571
6.784,6.784,NoButton,Move,1263,569
6.801,6.801,NoButton,Move,1277,564
6.8180000000000005,6.8180000000000005,NoButton,Move,1297,560
6.8340000000000005,6.8340000000000005,NoButton,Move,1329,552
6.853,6.853,NoButton,Move,1348,549
6.87,6.87,NoButton,Move,1359,547
6.888,6.888,NoButton,Move,1368,546
6.905,6.905,NoButton,Move,1371,546
6.923,6.923,NoButton,Move,1372,546
7.1160000000000005,7.1160000000000005,NoButton,Move,1371,543
7.122,7.122,NoButton,Move,1365,524
7.139,7.139,NoButton,Move,1359,501
7.156000000000001,7.156000000000001,NoButton,Move,1341,405
7.173,7.173,NoButton,Move,1326,314
7.187,7.187,NoButton,Move,1323,298
7.203,7.203,NoButton,Move,1322,281
7.219,7.219,NoButton,Move,1318,257
7.237,7.237,NoButton,Move,1318,248
7.253,7.253,NoButton,Move,1318,247
7.495,7.495,NoButton,Move,1318,249
7.502,7.502,NoButton,Move,1313,263
7.509,7.509,NoButton,Move,1308,282
7.520000000000001,7.520000000000001,NoButton,Move,1303,308
7.5360000000000005,7.5360000000000005,NoButton,Move,1293,366
7.5520000000000005,7.5520000000000005,NoButton,Move,1281,451
7.567,7.567,NoButton,Move,1265,567
7.582,7.582,NoButton,Move,1263,589
7.598,7.598,NoButton,Move,1254,640
7.6160000000000005,7.6160000000000005,NoButton,Move,1250,655
7.631,7.631,NoButton,Move,1245,681
7.872,7.872,NoButton,Move,1243,676
7.876,7.876,NoButton,Move,1239,661
7.881,7.881,NoButton,Move,1235,649
7.899,7.899,NoButton,Move,1229,613
7.916,7.916,NoButton,Move,1219,535
7.929,7.929,NoButton,Move,1213,483
7.944,7.944,NoButton,Move,1209,414
7.9590000000000005,7.9590000000000005,NoButton,Move,1208,388
7.9750000000000005,7.9750000000000005,NoButton,Move,1207,361
7.992,7.992,NoButton,Move,1206,343
8.008000000000001,8.008000000000001,NoButton,Move,1206,337
8.025,8.025,NoButton,Move,1206,336
8.287,8.287,NoButton,Move,1206,340
8.292,8.292,NoButton,Move,1204,350
8.308,8.308,NoButton,Move,1202,363
8.325,8.325,NoButton,Move,1201,399
8.342,8.342,NoButton,Move,1200,468
8.357,8.357,NoButton,Move,1200,566
8.374,8.374,NoButton,Move,1198,638
8.391,8.391,NoButton,Move,1192,712
8.407,8.407,NoButton,Move,1187,734
8.424,8.424,NoButton,Move,1182,755
8.44,8.44,NoButton,Move,1174,771
8.583,8.583,NoButton,Move,1173,771
8.589,8.589,NoButton,Move,1170,771
8.597,8.597,NoButton,Move,1165,771
8.605,8.605,NoButton,Move,1159,771
8.623,8.623,NoButton,Move,1142,768
8.639,8.639,NoButton,Move,1093,754
8.655,8.655,NoButton,Move,1058,743
8.671,8.671,NoButton,Move,971,712
8.687,8.687,NoButton,Move,897,690
8.702,8.702,NoButton,Move,808,669
8.721,8.721,NoButton,Move,762,661
8.737,8.737,NoButton,Move,729,657
8.754,8.754,NoButton,Move,713,656
8.77,8.77,NoButton,Move,703,655
8.786,8.786,NoButton,Move,701,655
9.02,9.02,NoButton,Move,689,655
9.025,9.025,NoButton,Move,667,655
9.036,9.036,NoButton,Move,644,655
9.053,9.053,NoButton,Move,584,655
9.072000000000001,9.072000000000001,NoButton,Move,522,667
9.089,9.089,NoButton,Move,404,700
9.105,9.105,NoButton,Move,335,724
9.122,9.122,NoButton,Move,286,744
9.139,9.139,NoButton,Move,272,751
9.157,9.157,NoButton,Move,253,759
9.174,9.174,NoButton,Move,247,762
9.19,9.19,NoButton,Move,246,763
11.312,11.312,NoButton,Move,241,763
11.317,11.317,NoButton,Move,236,763
11.326,11.326,NoButton,Move,228,763
11.34,11.34,NoButton,Move,219,763
11.356,11.356,NoButton,Move,196,761
11.369,11.369,NoButton,Move,163,756
11.383,11.383,NoButton,Move,104,749
11.399,11.399,NoButton,Move,49,744
11.417,11.417,NoButton,Move,0,743
11.432,11.432,NoButton,Move,0,743
11.450000000000001,11.450000000000001,NoButton,Move,0,743
11.465,11.465,NoButton,Move,0,744
11.482000000000001,11.482000000000001,NoButton,Move,0,745
11.499,11.499,NoButton,Move,0,747
11.515,11.515,NoButton,Move,0,748
11.74,11.74,NoButton,Move,0,748
11.748000000000001,11.748000000000001,NoButton,Move,0,745
11.765,11.765,NoButton,Move,0,740
11.782,11.782,NoButton,Move,0,734
11.799,11.799,NoButton,Move,0,729
11.813,11.813,NoButton,Move,0,728
11.829,11.829,NoButton,Move,0,725
11.844,11.844,NoButton,Move,0,722
11.861,11.861,NoButton,Move,0,722
11.878,11.878,NoButton,Move,0,722
11.895,11.895,NoButton,Move,0,722
11.91,11.91,NoButton,Move,0,722
12.215,12.215,NoButton,Move,235,590
12.216000000000001,12.216000000000001,NoButton,Move,244,586
12.235,12.235,NoButton,Move,261,579
12.268,12.268,NoButton,Move,290,567
12.273,12.273,NoButton,Move,292,566
12.299,12.299,NoButton,Move,294,565
12.306000000000001,12.306000000000001,NoButton,Move,294,565
12.365,12.365,NoButton,Move,294,565
12.819,12.819,NoButton,Move,294,565
12.832,12.832,NoButton,Move,299,565
12.836,12.836,NoButton,Move,304,564
12.85,12.85,NoButton,Move,310,561
12.871,12.871,NoButton,Move,347,547
12.888,12.888,NoButton,Move,396,530
12.906,12.906,NoButton,Move,450,516
12.922,12.922,NoButton,Move,486,509
12.939,12.939,NoButton,Move,523,504
12.956,12.956,NoButton,Move,543,503
12.973,12.973,NoButton,Move,556,502
12.989,12.989,NoButton,Move,567,502
13.006,13.006,NoButton,Move,571,502
13.022,13.022,NoButton,Move,573,502
13.204,13.204,NoButton,Move,573,501
13.214,13.214,NoButton,Move,574,494
13.223,13.223,NoButton,Move,579,481
13.241,13.241,NoButton,Move,586,464
13.257,13.257,NoButton,Move,620,406
13.274,13.274,NoButton,Move,656,359
13.291,13.291,NoButton,Move,689,325
13.308,13.308,NoButton,Move,735,289
13.324,13.324,NoButton,Move,769,273
13.342,13.342,NoButton,Move,788,268
13.359,13.359,NoButton,Move,808,265
13.376,13.376,NoButton,Move,817,265
13.392,13.392,NoButton,Move,827,265
13.409,13.409,NoButton,Move,836,266
13.425,13.425,NoButton,Move,842,270
13.442,13.442,NoButton,Move,853,279
13.459,13.459,NoButton,Move,864,294
13.476,13.476,NoButton,Move,885,326
13.492,13.492,NoButton,Move,897,348
13.51,13.51,NoButton,Move,912,375
13.526,13.526,NoButton,Move,918,390
13.542,13.542,NoButton,Move,921,400
13.751,13.751,NoButton,Move,921,399
13.757,13.757,NoButton,Move,922,393
13.765,13.765,NoButton,Move,927,381
13.774,13.774,NoButton,Move,934,367
13.793000000000001,13.793000000000001,NoButton,Move,966,301
13.807,13.807,NoButton,Move,987,260
13.822000000000001,13.822000000000001,NoButton,Move,1020,211
13.838000000000001,13.838000000000001,NoButton,Move,1046,177
13.855,13.855,NoButton,Move,1063,158
13.872,13.872,NoButton,Move,1073,149
13.889000000000001,13.889000000000001,NoButton,Move,1079,143
13.906,13.906,NoButton,Move,1082,141
13.921000000000001,13.921000000000001,NoButton,Move,1082,141
14.082,14.082,NoButton,Move,1081,145
14.088000000000001,14.088000000000001,NoButton,Move,1078,159
14.104000000000001,14.104000000000001,NoButton,Move,1072,188
14.122,14.122,NoButton,Move,1067,220
14.138,14.138,NoButton,Move,1063,249
14.153,14.153,NoButton,Move,1059,274
14.17,14.17,NoButton,Move,1054,303
14.186,14.186,NoButton,Move,1050,330
14.201,14.201,NoButton,Move,1048,343
14.218,14.218,NoButton,Move,1046,354
14.236,14.236,NoButton,Move,1045,361
14.253,14.253,NoButton,Move,1045,365
14.268,14.268,NoButton,Move,1045,368
14.285,14.285,NoButton,Move,1045,369
14.302,14.302,NoButton,Move,1045,368
14.461,14.461,NoButton,Move,1044,371
14.467,14.467,NoButton,Move,1040,380
14.475,14.475,NoButton,Move,1036,392
14.486,14.486,NoButton,Move,1033,405
14.502,14.502,NoButton,Move,1027,431
14.518,14.518,NoButton,Move,1022,454
14.534,14.534,NoButton,Move,1018,469
14.549,14.549,NoButton,Move,1015,481
14.565,14.565,NoButton,Move,1013,491
14.582,14.582,NoButton,Move,1011,499
14.598,14.598,NoButton,Move,1010,501
14.614,14.614,NoButton,Move,1010,502
14.797,14.797,NoButton,Move,1010,501
14.803,14.803,NoButton,Move,1010,491
14.814,14.814,NoButton,Move,1013,480
14.833,14.833,NoButton,Move,1024,447
14.85,14.85,NoButton,Move,1049,381
14.867,14.867,NoButton,Move,1080,323
14.883,14.883,NoButton,Move,1103,293
14.9,14.9,NoButton,Move,1129,265
14.917,14.917,NoButton,Move,1143,254
14.935,14.935,NoButton,Move,1153,247
14.952,14.952,NoButton,Move,1161,243
14.969000000000001,14.969000000000001,NoButton,Move,1165,241
14.986,14.986,NoButton,Move,1166,241
15.002,15.002,NoButton,Move,1167,241
15.018,15.018,NoButton,Move,1167,241
15.035,15.035,NoButton,Move,1167,247
15.051,15.051,NoButton,Move,1167,272
15.069,15.069,NoButton,Move,1161,374
15.085,15.085,NoButton,Move,1160,392
15.101,15.101,NoButton,Move,1159,441
15.119,15.119,NoButton,Move,1159,475
15.135,15.135,NoButton,Move,1159,492
15.152000000000001,15.152000000000001,NoButton,Move,1159,498
15.167,15.167,NoButton,Move,1159,499
15.185,15.185,NoButton,Move,1159,500
15.201,15.201,NoButton,Move,1163,496
15.217,15.217,NoButton,Move,1172,483
15.235,15.235,NoButton,Move,1187,466
15.252,15.252,NoButton,Move,1206,442
15.268,15.268,NoButton,Move,1226,420
15.286,15.286,NoButton,Move,1244,401
15.301,15.301,NoButton,Move,1256,389
15.318,15.318,NoButton,Move,1268,374
15.334,15.334,NoButton,Move,1282,353
15.351,15.351,NoButton,Move,1293,330
15.368,15.368,NoButton,Move,1303,304
15.385,15.385,NoButton,Move,1311,272
15.402000000000001,15.402000000000001,NoButton,Move,1318,241
15.418000000000001,15.418000000000001,NoButton,Move,1320,208
15.435,15.435,NoButton,Move,1321,187
15.452,15.452,NoButton,Move,1321,175
15.468,15.468,NoButton,Move,1319,167
15.485000000000001,15.485000000000001,NoButton,Move,1313,164
15.502,15.502,NoButton,Move,1299,173
15.518,15.518,NoButton,Move,1274,206
15.535,15.535,NoButton,Move,1241,253
15.552,15.552,NoButton,Move,1200,305
15.568,15.568,NoButton,Move,1159,349
15.585,15.585,NoButton,Move,1133,373
15.602,15.602,NoButton,Move,1112,389
15.619,15.619,NoButton,Move,1101,397
15.635,15.635,NoButton,Move,1093,401
15.652000000000001,15.652000000000001,NoButton,Move,1091,402
15.669,15.669,NoButton,Move,1090,402
15.688,15.688,NoButton,Move,1091,402
15.701,15.701,NoButton,Move,1093,402
15.719000000000001,15.719000000000001,NoButton,Move,1099,402
15.736,15.736,NoButton,Move,1108,402
15.751,15.751,NoButton,Move,1126,402
15.768,15.768,NoButton,Move,1144,402
15.785,15.785,NoButton,Move,1156,400
15.802,15.802,NoButton,Move,1168,397
15.817,15.817,NoButton,Move,1175,392
15.833,15.833,NoButton,Move,1177,379
15.852,15.852,NoButton,Move,1164,363
15.868,15.868,NoButton,Move,1132,340
15.885,15.885,NoButton,Move,1091,315
15.902000000000001,15.902000000000001,NoButton,Move,1013,290
15.919,15.919,NoButton,Move,949,284
15.934000000000001,15.934000000000001,NoButton,Move,922,284
15.952,15.952,NoButton,Move,845,306
15.968,15.968,NoButton,Move,800,333
15.985000000000001,15.985000000000001,NoButton,Move,770,357
16.002,16.002,NoButton,Move,742,385
16.017,16.017,NoButton,Move,731,399
16.034,16.034,NoButton,Move,711,436
16.052,16.052,NoButton,Move,708,458
16.068,16.068,NoButton,Move,708,480
16.085,16.085,NoButton,Move,716,500
16.101,16.101,NoButton,Move,741,528
16.118000000000002,16.118000000000002,NoButton,Move,774,552
16.134,16.134,NoButton,Move,811,567
16.151,16.151,NoButton,Move,857,572
16.168,16.168,NoButton,Move,886,572
16.185,16.185,NoButton,Move,933,550
16.201,16.201,NoButton,Move,964,516
16.218,16.218,NoButton,Move,988,467
16.235,16.235,NoButton,Move,1001,405
16.252,16.252,NoButton,Move,1004,337
16.268,16.268,NoButton,Move,993,283
16.285,16.285,NoButton,Move,974,256
16.302,16.302,NoButton,Move,932,223
16.318,16.318,NoButton,Move,903,215
16.335,16.335,NoButton,Move,848,210
16.351,16.351,NoButton,Move,817,211
16.368000000000002,16.368000000000002,NoButton,Move,784,221
16.385,16.385,NoButton,Move,768,230
16.402,16.402,NoButton,Move,754,243
16.418,16.418,NoButton,Move,750,250
16.596,16.596,NoButton,Move,742,250
16.601,16.601,NoButton,Move,728,253
16.618000000000002,16.618000000000002,NoButton,Move,712,256
16.634,16.634,NoButton,Move,676,264
16.652,16.652,NoButton,Move,618,280
16.667,16.667,NoButton,Move,582,291
16.683,16.683,NoButton,Move,515,310
16.699,16.699,NoButton,Move,479,321
16.715,16.715,NoButton,Move,458,328
16.733,16.733,NoButton,Move,446,332
16.75,16.75,NoButton,Move,437,335
16.765,16.765,NoButton,Move,435,336
16.942,16.942,NoButton,Move,434,336
16.948,16.948,NoButton,Move,429,336
16.956,16.956,NoButton,Move,423,336
16.966,16.966,NoButton,Move,416,338
16.983,16.983,NoButton,Move,399,341
16.999,16.999,NoButton,Move,382,346
17.014,17.014,NoButton,Move,365,349
17.029,17.029,NoButton,Move,342,354
17.046,17.046,NoButton,Move,318,360
17.062,17.062,NoButton,Move,305,363
17.079,17.079,NoButton,Move,295,365
17.095,17.095,NoButton,Move,291,366
17.115000000000002,17.115000000000002,Left,Pressed,291,366
17.116,17.116,NoButton,Move,291,366
17.482,17.482,Left,Pressed,291,366
18.052,18.052,Left,Pressed,291,366
18.458000000000002,18.458000000000002,NoButton,Move,291,366
18.466,18.466,NoButton,Move,294,364
18.481,18.481,NoButton,Move,299,362
18.498,18.498,NoButton,Move,320,355
18.518,18.518,NoButton,Move,344,348
18.53,18.53,NoButton,Move,377,341
18.546,18.546,NoButton,Move,407,335
18.562,18.562,NoButton,Move,448,328
18.578,18.578,NoButton,Move,486,324
18.596,18.596,NoButton,Move,506,322
18.612000000000002,18.612000000000002,NoButton,Move,521,321
18.628,18.628,NoButton,Move,533,320
18.645,18.645,NoButton,Move,539,320
18.662,18.662,NoButton,Move,541,319
18.679000000000002,18.679000000000002,NoButton,Move,542,319
18.694,18.694,NoButton,Move,543,319
18.731,18.731,Left,Pressed,543,319
19.002,19.002,NoButton,Move,543,319
19.009,19.009,NoButton,Move,543,313
19.016,19.016,NoButton,Move,545,305
19.028,19.028,NoButton,Move,552,285
19.045,19.045,NoButton,Move,576,223
19.058,19.058,NoButton,Move,601,171
19.074,19.074,NoButton,Move,608,160
19.089,19.089,NoButton,Move,636,118
19.107,19.107,NoButton,Move,654,98
19.123,19.123,NoButton,Move,665,87
19.139,19.139,NoButton,Move,674,80
19.155,19.155,NoButton,Move,678,78
19.172,19.172,NoButton,Move,679,78
19.332,19.332,NoButton,Move,684,78
19.339,19.339,NoButton,Move,693,80
19.356,19.356,NoButton,Move,716,91
19.372,19.372,NoButton,Move,731,99
19.389,19.389,NoButton,Move,810,140
19.404,19.404,NoButton,Move,859,166
19.42,19.42,NoButton,Move,964,223
19.437,19.437,NoButton,Move,1032,263
19.453,19.453,NoButton,Move,1109,309
19.47,19.47,NoButton,Move,1130,322
19.485,19.485,NoButton,Move,1148,332
19.687,19.687,NoButton,Move,1143,332
19.692,19.692,NoButton,Move,1138,331
19.701,19.701,NoButton,Move,1130,330
19.719,19.719,NoButton,Move,1113,330
19.735,19.735,NoButton,Move,1086,332
19.752,19.752,NoButton,Move,1019,347
19.772000000000002,19.772000000000002,NoButton,Move,935,371
19.789,19.789,NoButton,Move,838,405
19.805,19.805,NoButton,Move,777,428
19.822,19.822,NoButton,Move,732,447
19.838,19.838,NoButton,Move,706,458
19.855,19.855,NoButton,Move,692,464
19.872,19.872,NoButton,Move,683,467
19.888,19.888,NoButton,Move,679,468
19.905,19.905,NoButton,Move,679,468
19.922,19.922,NoButton,Move,681,468
19.939,19.939,NoButton,Move,691,471
19.955000000000005,19.955000000000005,NoButton,Move,722,478
19.972,19.972,NoButton,Move,770,491
19.989,19.989,NoButton,Move,840,504
20.005,20.005,NoButton,Move,915,512
20.022000000000002,20.022000000000002,NoButton,Move,983,515
20.039,20.039,NoButton,Move,1027,515
20.056,20.056,NoButton,Move,1092,500
20.072,20.072,NoButton,Move,1119,490
20.089000000000002,20.089000000000002,NoButton,Move,1140,479
20.106,20.106,NoButton,Move,1161,467
20.122,20.122,NoButton,Move,1168,463
20.311,20.311,NoButton,Move,1156,461
20.317,20.317,NoButton,Move,1140,456
20.327,20.327,NoButton,Move,1120,451
20.346,20.346,NoButton,Move,1069,442
20.356,20.356,NoButton,Move,1040,439
20.373,20.373,NoButton,Move,986,438
20.386,20.386,NoButton,Move,868,438
20.401,20.401,NoButton,Move,819,438
20.417,20.417,NoButton,Move,760,443
20.433,20.433,NoButton,Move,720,446
20.45,20.45,NoButton,Move,697,447
20.466,20.466,NoButton,Move,679,447
20.483,20.483,NoButton,Move,673,447
20.499,20.499,NoButton,Move,671,447
20.715,20.715,NoButton,Move,665,446
20.723,20.723,NoButton,Move,650,445
20.733,20.733,NoButton,Move,629,443
20.751,20.751,NoButton,Move,579,441
20.767,20.767,NoButton,Move,520,441
20.783,20.783,NoButton,Move,432,441
20.8,20.8,NoButton,Move,316,445
20.817,20.817,NoButton,Move,255,449
20.835,20.835,NoButton,Move,220,449
20.852,20.852,NoButton,Move,199,449
20.869,20.869,NoButton,Move,185,448
20.886,20.886,NoButton,Move,181,447
20.902,20.902,NoButton,Move,180,447
21.088,21.088,NoButton,Move,180,447
21.094,21.094,NoButton,Move,185,447
21.103,21.103,NoButton,Move,192,447
21.119,21.119,NoButton,Move,203,447
21.135,21.135,NoButton,Move,284,447
21.151,21.151,NoButton,Move,332,447
21.173,21.173,NoButton,Move,494,447
21.189,21.189,NoButton,Move,573,447
21.205000000000005,21.205000000000005,NoButton,Move,663,447
21.224,21.224,NoButton,Move,712,449
21.240000000000002,21.240000000000002,NoButton,Move,749,450
21.256,21.256,NoButton,Move,780,451
21.273,21.273,NoButton,Move,790,452
21.29,21.29,NoButton,Move,799,452
21.306,21.306,NoButton,Move,799,453
21.531,21.531,NoButton,Move,802,452
21.538,21.538,NoButton,Move,811,449
21.545,21.545,NoButton,Move,823,447
21.556,21.556,NoButton,Move,837,444
21.573,21.573,NoButton,Move,891,435
21.587,21.587,NoButton,Move,979,426
21.602,21.602,NoButton,Move,997,425
21.619,21.619,NoButton,Move,1068,422
21.635,21.635,NoButton,Move,1103,421
21.652,21.652,NoButton,Move,1127,420
21.668,21.668,NoButton,Move,1142,420
21.685,21.685,NoButton,Move,1152,420
21.702,21.702,NoButton,Move,1155,419
21.896,21.896,NoButton,Move,1155,417
21.902,21.902,NoButton,Move,1155,405
21.918,21.918,NoButton,Move,1155,387
21.936,21.936,NoButton,Move,1158,318
21.952,21.952,NoButton,Move,1170,274
21.966,21.966,NoButton,Move,1181,234
21.982,21.982,NoButton,Move,1200,188
21.998,21.998,NoButton,Move,1227,147
22.016,22.016,NoButton,Move,1242,127
22.033,22.033,NoButton,Move,1257,111
22.05,22.05,NoButton,Move,1264,105
22.065,22.065,NoButton,Move,1268,102
22.083000000000002,22.083000000000002,NoButton,Move,1270,101
22.099,22.099,NoButton,Move,1270,101
22.240000000000002,22.240000000000002,NoButton,Move,1269,107
22.247,22.247,NoButton,Move,1267,123
22.255,22.255,NoButton,Move,1265,138
22.266,22.266,NoButton,Move,1262,157
22.282,22.282,NoButton,Move,1257,198
22.297,22.297,NoButton,Move,1254,218
22.313,22.313,NoButton,Move,1246,276
22.329,22.329,NoButton,Move,1237,322
22.345,22.345,NoButton,Move,1229,368
22.361,22.361,NoButton,Move,1226,381
22.378,22.378,NoButton,Move,1223,398
22.396,22.396,NoButton,Move,1221,405
22.412,22.412,NoButton,Move,1221,408
22.428,22.428,NoButton,Move,1221,408
22.646,22.646,NoButton,Move,1221,410
22.652,22.652,NoButton,Move,1221,416
22.661,22.661,NoButton,Move,1222,422
22.677,22.677,NoButton,Move,1227,435
22.694,22.694,NoButton,Move,1233,447
22.71,22.71,NoButton,Move,1241,466
22.731,22.731,NoButton,Move,1246,476
22.748,22.748,NoButton,Move,1250,485
22.765,22.765,NoButton,Move,1251,489
22.782,22.782,NoButton,Move,1252,491
22.799,22.799,NoButton,Move,1253,492
22.816,22.816,NoButton,Move,1253,492
22.934,22.934,NoButton,Move,1246,492
22.94,22.94,NoButton,Move,1234,492
22.948,22.948,NoButton,Move,1222,491
22.966,22.966,NoButton,Move,1190,491
22.982,22.982,NoButton,Move,1145,491
22.999,22.999,NoButton,Move,1041,491
23.018,23.018,NoButton,Move,925,498
23.035,23.035,NoButton,Move,847,504
23.053,23.053,NoButton,Move,788,507
23.07,23.07,NoButton,Move,751,508
23.088,23.088,NoButton,Move,734,508
23.105,23.105,NoButton,Move,723,508
23.12,23.12,NoButton,Move,721,508
23.137,23.137,NoButton,Move,723,507
23.366,23.366,NoButton,Move,718,507
23.37,23.37,NoButton,Move,711,507
23.387,23.387,NoButton,Move,702,507
23.404,23.404,NoButton,Move,639,507
23.42,23.42,NoButton,Move,528,508
23.437,23.437,NoButton,Move,440,524
23.453,23.453,NoButton,Move,336,549
23.47,23.47,NoButton,Move,310,558
23.486,23.486,NoButton,Move,281,566
23.503,23.503,NoButton,Move,264,571
23.519000000000002,23.519000000000002,NoButton,Move,260,572
23.715,23.715,NoButton,Move,260,571
23.724,23.724,NoButton,Move,260,564
23.735,23.735,NoButton,Move,260,553
23.753,23.753,NoButton,Move,263,521
23.769000000000002,23.769000000000002,NoButton,Move,270,475
23.785,23.785,NoButton,Move,274,453
23.802,23.802,NoButton,Move,277,433
23.819,23.819,NoButton,Move,280,417
23.836000000000002,23.836000000000002,NoButton,Move,282,412
23.852,23.852,NoButton,Move,282,410
23.868000000000002,23.868000000000002,NoButton,Move,284,410
23.886,23.886,NoButton,Move,287,410
23.902,23.902,NoButton,Move,297,414
23.918,23.918,NoButton,Move,321,427
23.935000000000002,23.935000000000002,NoButton,Move,354,443
23.952,23.952,NoButton,Move,399,461
23.968,23.968,NoButton,Move,459,479
23.984,23.984,NoButton,Move,521,491
24.002,24.002,NoButton,Move,583,500
24.019000000000002,24.019000000000002,NoButton,Move,625,504
24.036,24.036,NoButton,Move,672,506
24.051000000000002,24.051000000000002,NoButton,Move,698,508
24.068,24.068,NoButton,Move,723,512
24.085,24.085,NoButton,Move,729,514
24.286,24.286,NoButton,Move,730,514
24.292,24.292,NoButton,Move,736,512
24.302,24.302,NoButton,Move,746,510
24.319,24.319,NoButton,Move,771,505
24.337,24.337,NoButton,Move,801,501
24.354,24.354,NoButton,Move,851,497
24.371000000000002,24.371000000000002,NoButton,Move,939,494
24.388,24.388,NoButton,Move,1028,493
24.405,24.405,NoButton,Move,1105,493
24.422,24.422,NoButton,Move,1149,493
24.44,24.44,NoButton,Move,1198,493
24.456,24.456,NoButton,Move,1219,493
24.472,24.472,NoButton,Move,1232,493
24.489,24.489,NoButton,Move,1243,493
24.505,24.505,NoButton,Move,1246,493
24.747,24.747,NoButton,Move,1246,492
24.754,24.754,NoButton,Move,1250,487
24.761,24.761,NoButton,Move,1255,482
24.773,24.773,NoButton,Move,1264,477
24.789,24.789,NoButton,Move,1281,466
24.803,24.803,NoButton,Move,1307,446
24.819,24.819,NoButton,Move,1315,440
24.834,24.834,NoButton,Move,1332,428
24.85,24.85,NoButton,Move,1343,419
24.868000000000002,24.868000000000002,NoButton,Move,1349,413
24.884,24.884,NoButton,Move,1352,410
24.900000000000002,24.900000000000002,NoButton,Move,1353,409
25.118000000000002,25.118000000000002,NoButton,Move,1351,409
25.124,25.124,NoButton,Move,1349,407
25.134,25.134,NoButton,Move,1345,402
25.151,25.151,NoButton,Move,1336,387
25.167,25.167,NoButton,Move,1318,352
25.184,25.184,NoButton,Move,1295,293
25.203,25.203,NoButton,Move,1284,246
25.22,25.22,NoButton,Move,1277,213
25.237000000000002,25.237000000000002,NoButton,Move,1274,195
25.254,25.254,NoButton,Move,1272,183
25.272000000000002,25.272000000000002,NoButton,Move,1272,179
25.287,25.287,NoButton,Move,1272,178
25.322,25.322,NoButton,Move,1272,179
25.330000000000005,25.330000000000005,NoButton,Move,1272,180
25.339000000000002,25.339000000000002,NoButton,Move,1272,183
25.497,25.497,NoButton,Move,1267,184
25.503,25.503,NoButton,Move,1261,188
25.511,25.511,NoButton,Move,1252,191
25.521,25.521,NoButton,Move,1241,195
25.538,25.538,NoButton,Move,1217,205
25.555,25.555,NoButton,Move,1187,217
25.569,25.569,NoButton,Move,1136,237
25.585,25.585,NoButton,Move,1082,259
25.602,25.602,NoButton,Move,1014,283
25.618000000000002,25.618000000000002,NoButton,Move,968,296
25.635,25.635,NoButton,Move,936,303
25.650000000000002,25.650000000000002,NoButton,Move,916,306
25.667,25.667,NoButton,Move,902,306
25.684,25.684,NoButton,Move,895,306
25.7,25.7,NoButton,Move,894,305
25.91,25.91,NoButton,Move,886,305
25.916,25.916,NoButton,Move,875,305
25.923,25.923,NoButton,Move,854,305
25.933,25.933,NoButton,Move,834,305
25.95,25.95,NoButton,Move,782,308
25.966,25.966,NoButton,Move,697,321
25.981,25.981,NoButton,Move,641,330
25.997,25.997,NoButton,Move,533,354
26.013,26.013,NoButton,Move,499,362
26.029,26.029,NoButton,Move,459,371
26.046,26.046,NoButton,Move,440,376
26.063,26.063,NoButton,Move,427,379
26.079,26.079,NoButton,Move,423,379
26.272000000000002,26.272000000000002,NoButton,Move,417,391
26.277,26.277,NoButton,Move,410,406
26.286,26.286,NoButton,Move,405,420
26.296,26.296,NoButton,Move,399,434
26.312,26.312,NoButton,Move,389,461
26.329,26.329,NoButton,Move,381,484
26.344,26.344,NoButton,Move,379,494
26.36,26.36,NoButton,Move,370,530
26.376,26.376,NoButton,Move,366,550
26.392,26.392,NoButton,Move,364,570
26.409,26.409,NoButton,Move,363,579
26.425,26.425,NoButton,Move,363,587
26.609,26.609,NoButton,Move,363,588
26.615000000000002,26.615000000000002,NoButton,Move,363,594
26.626,26.626,NoButton,Move,363,599
26.641,26.641,NoButton,Move,363,610
26.661,26.661,NoButton,Move,370,619
26.678,26.678,NoButton,Move,387,632
26.694,26.694,NoButton,Move,424,648
26.711000000000002,26.711000000000002,NoButton,Move,510,670
26.728,26.728,NoButton,Move,605,682
26.745,26.745,NoButton,Move,682,693
26.764,26.764,NoButton,Move,744,700
26.78,26.78,NoButton,Move,803,706
26.796,26.796,NoButton,Move,826,708
26.813,26.813,NoButton,Move,843,708
27.011,27.011,NoButton,Move,843,708
27.018,27.018,NoButton,Move,845,704
27.028000000000002,27.028000000000002,NoButton,Move,851,700
27.044,27.044,NoButton,Move,865,690
27.061,27.061,NoButton,Move,896,672
27.078,27.078,NoButton,Move,950,649
27.095,27.095,NoButton,Move,1016,631
27.113,27.113,NoButton,Move,1080,618
27.13,27.13,NoButton,Move,1124,614
27.149,27.149,NoButton,Move,1168,612
27.166,27.166,NoButton,Move,1192,612
27.183,27.183,NoButton,Move,1206,612
27.2,27.2,NoButton,Move,1217,613
27.217000000000002,27.217000000000002,NoButton,Move,1221,614
27.393,27.393,NoButton,Move,1221,612
27.398,27.398,NoButton,Move,1221,599
27.407,27.407,NoButton,Move,1220,580
27.417,27.417,NoButton,Move,1220,557
27.432000000000002,27.432000000000002,NoButton,Move,1220,469
27.45,27.45,NoButton,Move,1220,318
27.465,27.465,NoButton,Move,1222,248
27.481,27.481,NoButton,Move,1227,156
27.497,27.497,NoButton,Move,1229,132
27.513,27.513,NoButton,Move,1231,113
27.53,27.53,NoButton,Move,1233,101
27.546,27.546,NoButton,Move,1233,98
27.564,27.564,NoButton,Move,1234,98
27.579,27.579,NoButton,Move,1235,100
27.738,27.738,NoButton,Move,1233,100
27.745,27.745,NoButton,Move,1226,100
27.753,27.753,NoButton,Move,1217,100
27.762,27.762,NoButton,Move,1207,103
27.779,27.779,NoButton,Move,1196,105
27.796,27.796,NoButton,Move,1125,119
27.810000000000002,27.810000000000002,NoButton,Move,1078,128
27.827,27.827,NoButton,Move,966,149
27.842000000000002,27.842000000000002,NoButton,Move,850,168
27.859,27.859,NoButton,Move,775,177
27.876,27.876,NoButton,Move,723,179
27.893,27.893,NoButton,Move,694,179
27.909,27.909,NoButton,Move,680,179
27.926000000000002,27.926000000000002,NoButton,Move,668,177
27.942,27.942,NoButton,Move,667,175
28.151,28.151,NoButton,Move,666,175
28.157,28.157,NoButton,Move,659,175
28.175,28.175,NoButton,Move,635,175
28.191,28.191,NoButton,Move,601,177
28.209,28.209,NoButton,Move,509,188
28.223,28.223,NoButton,Move,455,199
28.239,28.239,NoButton,Move,339,227
28.255,28.255,NoButton,Move,265,247
28.271,28.271,NoButton,Move,209,261
28.288,28.288,NoButton,Move,173,269
28.305,28.305,NoButton,Move,157,272
28.322,28.322,NoButton,Move,145,273
28.337,28.337,NoButton,Move,142,274
28.53,28.53,NoButton,Move,141,274
28.538,28.538,NoButton,Move,139,274
28.554000000000002,28.554000000000002,NoButton,Move,131,274
28.57,28.57,NoButton,Move,122,274
28.587,28.587,NoButton,Move,114,274
28.603,28.603,NoButton,Move,107,273
28.618000000000002,28.618000000000002,NoButton,Move,101,273
28.633,28.633,NoButton,Move,93,273
28.650000000000002,28.650000000000002,NoButton,Move,88,273
28.667,28.667,NoButton,Move,86,273
28.684,28.684,NoButton,Move,85,273
28.699,28.699,NoButton,Move,85,277
28.717000000000002,28.717000000000002,NoButton,Move,88,286
28.734,28.734,NoButton,Move,98,303
28.75,28.75,NoButton,Move,117,337
28.767,28.767,NoButton,Move,138,372
28.783,28.783,NoButton,Move,153,405
28.801000000000002,28.801000000000002,NoButton,Move,177,471
28.817,28.817,NoButton,Move,185,507
28.833000000000002,28.833000000000002,NoButton,Move,187,523
28.85,28.85,NoButton,Move,189,544
28.866,28.866,NoButton,Move,190,554
28.883,28.883,NoButton,Move,190,559
28.900000000000002,28.900000000000002,NoButton,Move,190,562
28.917,28.917,NoButton,Move,190,564
29.132,29.132,NoButton,Move,191,564
29.137,29.137,NoButton,Move,199,564
29.150000000000002,29.150000000000002,NoButton,Move,210,564
29.172,29.172,NoButton,Move,256,564
29.183,29.183,NoButton,Move,313,562
29.199,29.199,NoButton,Move,408,558
29.216,29.216,NoButton,Move,502,558
29.234,29.234,NoButton,Move,560,558
29.251,29.251,NoButton,Move,606,558
29.268,29.268,NoButton,Move,635,558
29.286,29.286,NoButton,Move,653,558
29.302,29.302,NoButton,Move,666,557
29.318,29.318,NoButton,Move,669,557
29.519000000000002,29.519000000000002,NoButton,Move,669,556
29.526,29.526,NoButton,Move,676,553
29.535,29.535,NoButton,Move,687,550
29.552,29.552,NoButton,Move,719,541
29.569,29.569,NoButton,Move,800,527
29.585,29.585,NoButton,Move,898,517
29.603,29.603,NoButton,Move,963,516
29.621000000000002,29.621000000000002,NoButton,Move,1018,515
29.638,29.638,NoButton,Move,1070,515
29.656000000000002,29.656000000000002,NoButton,Move,1096,515
29.673,29.673,NoButton,Move,1113,517
29.69,29.69,NoButton,Move,1126,519
29.705000000000005,29.705000000000005,NoButton,Move,1133,524
29.898,29.898,NoButton,Move,1135,522
29.904,29.904,NoButton,Move,1141,517
29.922,29.922,NoButton,Move,1158,507
29.939,29.939,NoButton,Move,1183,499
29.956,29.956,NoButton,Move,1237,481
29.97,29.97,NoButton,Move,1266,472
29.986,29.986,NoButton,Move,1306,463
30.002,30.002,NoButton,Move,1346,454
30.018,30.018,NoButton,Move,1366,450
30.034,30.034,NoButton,Move,1377,448
30.05,30.05,NoButton,Move,1381,448
30.237000000000002,30.237000000000002,NoButton,Move,1381,447
30.241,30.241,NoButton,Move,1381,441
30.251,30.251,NoButton,Move,1381,429
30.268,30.268,NoButton,Move,1381,405
30.285,30.285,NoButton,Move,1381,266
30.306,30.306,NoButton,Move,1385,178
30.325,30.325,NoButton,Move,1386,147
30.342000000000002,30.342000000000002,NoButton,Move,1388,125
30.359,30.359,NoButton,Move,1389,106
30.376,30.376,NoButton,Move,1389,104
30.607,30.607,NoButton,Move,1381,104
30.613,30.613,NoButton,Move,1367,104
30.625,30.625,NoButton,Move,1351,106
30.642,30.642,NoButton,Move,1307,113
30.659,30.659,NoButton,Move,1253,127
30.676000000000002,30.676000000000002,NoButton,Move,1129,163
30.692,30.692,NoButton,Move,1006,203
30.709,30.709,NoButton,Move,963,214
30.727,30.727,NoButton,Move,917,226
30.745,30.745,NoButton,Move,894,231
30.76,30.76,NoButton,Move,879,234
30.777,30.777,NoButton,Move,874,234
31.027,31.027,NoButton,Move,860,234
31.033,31.033,NoButton,Move,840,233
31.044,31.044,NoButton,Move,810,232
31.062,31.062,NoButton,Move,743,232
31.079,31.079,NoButton,Move,671,233
31.096,31.096,NoButton,Move,528,254
31.112000000000002,31.112000000000002,NoButton,Move,443,275
31.129,31.129,NoButton,Move,381,291
31.146,31.146,NoButton,Move,364,295
31.165,31.165,NoButton,Move,340,301
31.181,31.181,NoButton,Move,331,303
31.426000000000002,31.426000000000002,NoButton,Move,328,325
31.43,31.43,NoButton,Move,327,342
31.446,31.446,NoButton,Move,327,378
31.463,31.463,NoButton,Move,327,422
31.48,31.48,NoButton,Move,327,485
31.497,31.497,NoButton,Move,327,540
31.513,31.513,NoButton,Move,328,575
31.53,31.53,NoButton,Move,330,595
31.547,31.547,NoButton,Move,330,610
31.563000000000002,31.563000000000002,NoButton,Move,331,615
31.580000000000005,31.580000000000005,NoButton,Move,331,616
31.596,31.596,NoButton,Move,332,616
31.794,31.794,NoButton,Move,332,620
31.8,31.8,NoButton,Move,329,632
31.813000000000002,31.813000000000002,NoButton,Move,326,649
31.830000000000005,31.830000000000005,NoButton,Move,318,687
31.846,31.846,NoButton,Move,313,726
31.863,31.863,NoButton,Move,309,757
31.879,31.879,NoButton,Move,303,789
31.896,31.896,NoButton,Move,300,807
31.914,31.914,NoButton,Move,298,819
31.93,31.93,NoButton,Move,297,819
31.948,31.948,NoButton,Move,297,819
31.964000000000002,31.964000000000002,NoButton,Move,297,819
32.148,32.148,NoButton,Move,299,819
32.155,32.155,NoButton,Move,305,819
32.164,32.164,NoButton,Move,315,819
32.18,32.18,NoButton,Move,344,819
32.198,32.198,NoButton,Move,401,819
32.214,32.214,NoButton,Move,492,819
32.233000000000004,32.233000000000004,NoButton,Move,561,819
32.25,32.25,NoButton,Move,644,819
32.267,32.267,NoButton,Move,693,819
32.283,32.283,NoButton,Move,724,819
32.301,32.301,NoButton,Move,744,819
32.319,32.319,NoButton,Move,759,819
32.335,32.335,NoButton,Move,764,819
32.351,32.351,NoButton,Move,765,819
32.569,32.569,NoButton,Move,765,819
32.574,32.574,NoButton,Move,771,818
32.584,32.584,NoButton,Move,776,817
32.601,32.601,NoButton,Move,793,813
32.618,32.618,NoButton,Move,816,812
32.635,32.635,NoButton,Move,852,809
32.653,32.653,NoButton,Move,905,807
32.67,32.67,NoButton,Move,947,807
32.688,32.688,NoButton,Move,1017,806
32.704,32.704,NoButton,Move,1047,805
32.723,32.723,NoButton,Move,1072,805
32.74,32.74,NoButton,Move,1089,805
32.756,32.756,NoButton,Move,1102,804
32.772,32.772,NoButton,Move,1108,804
32.789,32.789,NoButton,Move,1109,804
33.03,33.03,NoButton,Move,1111,804
33.038000000000004,33.038000000000004,NoButton,Move,1116,802
33.055,33.055,NoButton,Move,1130,797
33.072,33.072,NoButton,Move,1147,792
33.089,33.089,NoButton,Move,1165,789
33.103,33.103,NoButton,Move,1195,782
33.118,33.118,NoButton,Move,1201,781
33.135,33.135,NoButton,Move,1213,778
33.151,33.151,NoButton,Move,1221,776
33.168,33.168,NoButton,Move,1225,776
33.184,33.184,NoButton,Move,1225,776
33.2,33.2,NoButton,Move,1224,776
33.458,33.458,NoButton,Move,1224,774
33.467,33.467,NoButton,Move,1224,765
33.483000000000004,33.483000000000004,NoButton,Move,1233,736
33.499,33.499,NoButton,Move,1245,700
33.516,33.516,NoButton,Move,1264,659
33.531,33.531,NoButton,Move,1276,639
33.547000000000004,33.547000000000004,NoButton,Move,1285,627
33.563,33.563,NoButton,Move,1295,612
33.579,33.579,NoButton,Move,1300,606
33.595,33.595,NoButton,Move,1302,606
33.612,33.612,NoButton,Move,1302,607
33.788000000000004,33.788000000000004,NoButton,Move,1293,607
33.794000000000004,33.794000000000004,NoButton,Move,1281,606
33.811,33.811,NoButton,Move,1269,604
33.829,33.829,NoButton,Move,1222,600
33.845,33.845,NoButton,Move,1180,596
33.86,33.86,NoButton,Move,1113,590
33.875,33.875,NoButton,Move,1058,584
33.892,33.892,NoButton,Move,1012,579
33.909,33.909,NoButton,Move,980,573
33.926,33.926,NoButton,Move,962,569
33.943,33.943,NoButton,Move,950,566
33.959,33.959,NoButton,Move,946,565
33.975,33.975,NoButton,Move,945,565
34.159,34.159,NoButton,Move,945,565
34.165,34.165,NoButton,Move,938,565
34.175000000000004,34.175000000000004,NoButton,Move,929,565
34.194,34.194,NoButton,Move,898,565
34.208,34.208,NoButton,Move,858,565
34.224000000000004,34.224000000000004,NoButton,Move,769,566
34.243,34.243,NoButton,Move,706,569
34.261,34.261,NoButton,Move,629,577
34.278,34.278,NoButton,Move,592,581
34.296,34.296,NoButton,Move,567,583
34.313,34.313,NoButton,Move,552,584
34.329,34.329,NoButton,Move,542,585
34.344,34.344,NoButton,Move,538,585
34.563,34.563,NoButton,Move,538,585
34.569,34.569,NoButton,Move,531,585
34.579,34.579,NoButton,Move,522,585
34.596,34.596,NoButton,Move,491,585
34.612,34.612,NoButton,Move,449,584
34.629,34.629,NoButton,Move,383,584
34.648,34.648,NoButton,Move,299,583
34.665,34.665,NoButton,Move,255,582
34.682,34.682,NoButton,Move,223,582
34.699,34.699,NoButton,Move,205,582
34.717,34.717,NoButton,Move,190,582
34.734,34.734,NoButton,Move,185,582
34.75,34.75,NoButton,Move,183,582
34.991,34.991,NoButton,Move,177,582
34.999,34.999,NoButton,Move,168,582
35.005,35.005,NoButton,Move,154,582
35.016,35.016,NoButton,Move,137,582
35.033,35.033,NoButton,Move,98,582
35.047000000000004,35.047000000000004,NoButton,Move,79,582
35.064,35.064,NoButton,Move,17,582
35.079,35.079,NoButton,Move,0,587
35.096,35.096,NoButton,Move,0,590
35.112,35.112,NoButton,Move,0,593
35.128,35.128,NoButton,Move,0,596
35.146,35.146,NoButton,Move,0,597
35.162,35.162,NoButton,Move,0,598
35.179,35.179,NoButton,Move,0,599
35.195,35.195,NoButton,Move,0,599
35.437,35.437,NoButton,Move,0,599
35.444,35.444,NoButton,Move,0,599
35.461,35.461,NoButton,Move,0,599
35.478,35.478,NoButton,Move,0,599
35.494,35.494,NoButton,Move,0,600
35.509,35.509,NoButton,Move,0,602
35.525,35.525,NoButton,Move,0,608
35.541000000000004,35.541000000000004,NoButton,Move,0,611
35.558,35.558,NoButton,Move,0,613
35.63,35.63,NoButton,Move,0,614
36.538000000000004,36.538000000000004,NoButton,Move,251,378
36.546,36.546,NoButton,Move,273,378
36.567,36.567,NoButton,Move,366,380
36.581,36.581,NoButton,Move,418,387
36.591,36.591,NoButton,Move,446,391
36.61,36.61,NoButton,Move,474,397
36.629,36.629,NoButton,Move,498,400
36.638,36.638,NoButton,Move,502,400
36.662,36.662,NoButton,Move,507,401
36.861000000000004,36.861000000000004,NoButton,Move,509,399
36.879,36.879,NoButton,Move,525,390
36.894,36.894,NoButton,Move,547,379
36.904,36.904,NoButton,Move,570,368
36.932,36.932,NoButton,Move,655,339
36.939,36.939,NoButton,Move,682,332
36.961,36.961,NoButton,Move,742,320
36.972,36.972,NoButton,Move,760,318
36.988,36.988,NoButton,Move,781,316
37.004,37.004,NoButton,Move,797,314
37.053,37.053,NoButton,Move,818,312
37.054,37.054,NoButton,Move,820,312
37.073,37.073,NoButton,Move,822,312
37.087,37.087,NoButton,Move,822,312
37.275,37.275,NoButton,Move,824,311
37.28,37.28,NoButton,Move,831,309
37.288000000000004,37.288000000000004,NoButton,Move,840,306
37.303,37.303,NoButton,Move,851,304
37.321,37.321,NoButton,Move,890,297
37.332,37.332,NoButton,Move,964,289
37.348,37.348,NoButton,Move,1037,283
37.362,37.362,NoButton,Move,1072,281
37.38,37.38,NoButton,Move,1114,279
37.395,37.395,NoButton,Move,1141,278
37.412,37.412,NoButton,Move,1155,278
37.427,37.427,NoButton,Move,1165,278
37.444,37.444,NoButton,Move,1169,277
37.462,37.462,NoButton,Move,1170,277
37.478,37.478,NoButton,Move,1170,277
37.496,37.496,NoButton,Move,1170,277
37.654,37.654,NoButton,Move,1170,274
37.66000000000001,37.66000000000001,NoButton,Move,1170,263
37.667,37.667,NoButton,Move,1170,251
37.678,37.678,NoButton,Move,1170,233
37.694,37.694,NoButton,Move,1179,154
37.709,37.709,NoButton,Move,1184,134
37.725,37.725,NoButton,Move,1194,82
37.742,37.742,NoButton,Move,1204,51
37.758,37.758,NoButton,Move,1216,25
37.775,37.775,NoButton,Move,1223,16
37.791000000000004,37.791000000000004,NoButton,Move,1229,10
37.808,37.808,NoButton,Move,1232,8
37.824,37.824,NoButton,Move,1233,8
37.842,37.842,NoButton,Move,1234,8
37.857,37.857,NoButton,Move,1234,18
37.874,37.874,NoButton,Move,1227,42
37.891,37.891,NoButton,Move,1215,88
37.907,37.907,NoButton,Move,1199,153
37.923,37.923,NoButton,Move,1176,250
37.941,37.941,NoButton,Move,1167,286
37.958,37.958,NoButton,Move,1163,299
37.974000000000004,37.974000000000004,NoButton,Move,1158,318
37.99,37.99,NoButton,Move,1156,323
38.008,38.008,NoButton,Move,1156,329
38.024,38.024,NoButton,Move,1156,330
38.041000000000004,38.041000000000004,NoButton,Move,1167,331
38.058,38.058,NoButton,Move,1184,332
38.074,38.074,NoButton,Move,1209,332
38.091,38.091,NoButton,Move,1245,332
38.108000000000004,38.108000000000004,NoButton,Move,1296,321
38.124,38.124,NoButton,Move,1324,310
38.14,38.14,NoButton,Move,1355,292
38.157,38.157,NoButton,Move,1375,271
38.174,38.174,NoButton,Move,1384,237
38.191,38.191,NoButton,Move,1384,198
38.206,38.206,NoButton,Move,1356,127
38.224000000000004,38.224000000000004,NoButton,Move,1330,81
38.241,38.241,NoButton,Move,1285,25
38.257,38.257,NoButton,Move,1259,4
38.328,38.328,NoButton,Move,865,11
38.33,38.33,NoButton,Move,865,11
38.34,38.34,NoButton,Move,835,35
38.357,38.357,NoButton,Move,785,88
38.373,38.373,NoButton,Move,761,120
38.391,38.391,NoButton,Move,748,142
38.407,38.407,NoButton,Move,738,165
38.423,38.423,NoButton,Move,734,188
38.441,38.441,NoButton,Move,734,204
38.457,38.457,NoButton,Move,743,223
38.473,38.473,NoButton,Move,761,247
38.49,38.49,NoButton,Move,784,268
38.507,38.507,NoButton,Move,813,285
38.525,38.525,NoButton,Move,843,293
38.541000000000004,38.541000000000004,NoButton,Move,872,295
38.558,38.558,NoButton,Move,911,288
38.574,38.574,NoButton,Move,933,273
38.592,38.592,NoButton,Move,959,247
38.607,38.607,NoButton,Move,978,220
38.625,38.625,NoButton,Move,990,182
38.64,38.64,NoButton,Move,990,169
38.658,38.658,NoButton,Move,974,130
38.674,38.674,NoButton,Move,960,121
38.691,38.691,NoButton,Move,895,103
38.707,38.707,NoButton,Move,834,102
38.724000000000004,38.724000000000004,NoButton,Move,775,111
38.741,38.741,NoButton,Move,744,123
38.758,38.758,NoButton,Move,725,136
38.774,38.774,NoButton,Move,710,148
38.791000000000004,38.791000000000004,NoButton,Move,704,158
38.808,38.808,NoButton,Move,704,166
38.824,38.824,NoButton,Move,706,178
38.841,38.841,NoButton,Move,719,186
38.858000000000004,38.858000000000004,NoButton,Move,727,190
39.029,39.029,NoButton,Move,724,190
39.036,39.036,NoButton,Move,718,190
39.043,39.043,NoButton,Move,710,190
39.056,39.056,NoButton,Move,701,190
39.073,39.073,NoButton,Move,679,190
39.086,39.086,NoButton,Move,655,191
39.102000000000004,39.102000000000004,NoButton,Move,628,192
39.117,39.117,NoButton,Move,590,193
39.133,39.133,NoButton,Move,547,193
39.15,39.15,NoButton,Move,526,193
39.168,39.168,NoButton,Move,515,193
39.184,39.184,NoButton,Move,507,192
39.2,39.2,NoButton,Move,504,191
39.217,39.217,NoButton,Move,503,191
39.387,39.387,Left,Pressed,503,191
39.69,39.69,NoButton,Move,496,193
39.696,39.696,NoButton,Move,488,197
39.703,39.703,NoButton,Move,479,201
39.716,39.716,NoButton,Move,472,205
39.733000000000004,39.733000000000004,NoButton,Move,459,213
39.746,39.746,NoButton,Move,444,220
39.761,39.761,NoButton,Move,436,223
39.778,39.778,NoButton,Move,406,235
39.794000000000004,39.794000000000004,NoButton,Move,387,239
39.811,39.811,NoButton,Move,362,242
39.826,39.826,NoButton,Move,344,242
39.844,39.844,NoButton,Move,334,241
39.86,39.86,NoButton,Move,325,239
39.877,39.877,NoButton,Move,319,237
39.894,39.894,NoButton,Move,313,237
39.91000000000001,39.91000000000001,NoButton,Move,312,237
39.927,39.927,NoButton,Move,311,237
39.946,39.946,Left,Pressed,311,237
39.947,39.947,NoButton,Move,311,237
40.053000000000004,40.053000000000004,NoButton,Move,312,237
40.059,40.059,NoButton,Move,315,237
40.25,40.25,NoButton,Move,314,250
40.256,40.256,NoButton,Move,313,262
40.264,40.264,NoButton,Move,311,277
40.277,40.277,NoButton,Move,310,293
40.293,40.293,NoButton,Move,310,329
40.308,40.308,NoButton,Move,310,355
40.323,40.323,NoButton,Move,310,392
40.337,40.337,NoButton,Move,310,399
40.355000000000004,40.355000000000004,NoButton,Move,310,430
40.371,40.371,NoButton,Move,310,440
40.387,40.387,NoButton,Move,310,447
40.404,40.404,NoButton,Move,310,449
40.419000000000004,40.419000000000004,NoButton,Move,310,450
40.613,40.613,NoButton,Move,312,450
40.618,40.618,NoButton,Move,317,450
40.627,40.627,NoButton,Move,323,450
40.637,40.637,NoButton,Move,332,450
40.653,40.653,NoButton,Move,341,450
40.67,40.67,NoButton,Move,421,451
40.685,40.685,NoButton,Move,480,454
40.7,40.7,NoButton,Move,540,458
40.716,40.716,NoButton,Move,602,462
40.734,40.734,NoButton,Move,640,464
40.75,40.75,NoButton,Move,657,464
40.766,40.766,NoButton,Move,673,464
40.783,40.783,NoButton,Move,684,464
40.799,40.799,NoButton,Move,687,464
40.816,40.816,NoButton,Move,688,464
40.832,40.832,NoButton,Move,688,464
40.849000000000004,40.849000000000004,NoButton,Move,683,465
40.999,40.999,NoButton,Move,685,465
41.005,41.005,NoButton,Move,691,465
41.015,41.015,NoButton,Move,700,464
41.032,41.032,NoButton,Move,723,463
41.049,41.049,NoButton,Move,767,462
41.066,41.066,NoButton,Move,868,462
41.085,41.085,NoButton,Move,937,462
41.102000000000004,41.102000000000004,NoButton,Move,1015,467
41.119,41.119,NoButton,Move,1056,471
41.135,41.135,NoButton,Move,1081,473
41.154,41.154,NoButton,Move,1095,474
41.171,41.171,NoButton,Move,1105,475
41.187,41.187,NoButton,Move,1108,475
41.202,41.202,NoButton,Move,1109,474
41.346,41.346,NoButton,Move,1109,471
41.352000000000004,41.352000000000004,NoButton,Move,1109,462
41.369,41.369,NoButton,Move,1109,450
41.386,41.386,NoButton,Move,1110,428
41.402,41.402,NoButton,Move,1115,411
41.418,41.418,NoButton,Move,1117,408
41.434,41.434,NoButton,Move,1121,399
41.451,41.451,NoButton,Move,1125,394
41.467,41.467,NoButton,Move,1129,390
41.484,41.484,NoButton,Move,1130,389
41.5,41.5,NoButton,Move,1131,389
41.516,41.516,NoButton,Move,1132,389
41.533,41.533,NoButton,Move,1132,390
41.659,41.659,NoButton,Move,1132,392
41.666000000000004,41.666000000000004,NoButton,Move,1131,398
41.683,41.683,NoButton,Move,1128,422
41.699,41.699,NoButton,Move,1126,455
41.715,41.715,NoButton,Move,1126,490
41.731,41.731,NoButton,Move,1126,525
41.747,41.747,NoButton,Move,1125,587
41.764,41.764,NoButton,Move,1125,607
41.78,41.78,NoButton,Move,1124,629
41.796,41.796,NoButton,Move,1123,645
41.813,41.813,NoButton,Move,1123,651
41.829,41.829,NoButton,Move,1123,653
41.846,41.846,NoButton,Move,1123,654
41.864000000000004,41.864000000000004,NoButton,Move,1122,653
41.88,41.88,NoButton,Move,1121,646
42.063,42.063,NoButton,Move,1121,648
42.07,42.07,NoButton,Move,1120,656
42.079,42.079,NoButton,Move,1119,666
42.096,42.096,NoButton,Move,1116,691
42.112,42.112,NoButton,Move,1112,732
42.129,42.129,NoButton,Move,1107,789
42.148,42.148,NoButton,Move,1102,819
42.165,42.165,NoButton,Move,1095,819
42.182,42.182,NoButton,Move,1092,819
42.2,42.2,NoButton,Move,1089,819
42.217,42.217,NoButton,Move,1087,819
42.233000000000004,42.233000000000004,NoButton,Move,1087,819
42.249,42.249,NoButton,Move,1087,819
42.276,42.276,NoButton,Move,1087,818
42.443,42.443,NoButton,Move,1087,819
42.449,42.449,NoButton,Move,1086,819
42.467,42.467,NoButton,Move,1081,819
42.483000000000004,42.483000000000004,NoButton,Move,1079,819
42.5,42.5,NoButton,Move,1068,819
42.515,42.515,NoButton,Move,1062,819
42.531,42.531,NoButton,Move,1052,819
42.547000000000004,42.547000000000004,NoButton,Move,1044,819
42.563,42.563,NoButton,Move,1039,819
42.578,42.578,NoButton,Move,1036,819
42.596,42.596,NoButton,Move,1035,819
42.613,42.613,NoButton,Move,1035,819
42.629,42.629,NoButton,Move,1035,819
42.799,42.799,NoButton,Move,1033,819
44.417,44.417,NoButton,Move,28,819
44.42,44.42,NoButton,Move,0,819
44.436,44.436,NoButton,Move,0,819
44.451,44.451,NoButton,Move,0,819
44.467,44.467,NoButton,Move,0,819
44.484,44.484,NoButton,Move,0,818
44.5,44.5,NoButton,Move,0,815
44.517,44.517,NoButton,Move,0,813
44.533,44.533,NoButton,Move,0,812
44.550000000000004,44.550000000000004,NoButton,Move,2,811
44.784,44.784,NoButton,Move,0,811
44.789,44.789,NoButton,Move,0,811
44.801,44.801,NoButton,Move,0,809
44.819,44.819,NoButton,Move,0,809
44.833,44.833,NoButton,Move,0,809
44.849000000000004,44.849000000000004,NoButton,Move,0,809
44.868,44.868,NoButton,Move,0,811
44.886,44.886,NoButton,Move,0,819
44.902,44.902,NoButton,Move,0,819
44.92,44.92,NoButton,Move,0,819
46.464,46.464,NoButton,Move,593,746
46.465,46.465,NoButton,Move,593,746
46.484,46.484,NoButton,Move,635,715
46.495,46.495,NoButton,Move,650,704
46.514,46.514,NoButton,Move,749,641
46.536,46.536,NoButton,Move,808,609
46.546,46.546,NoButton,Move,813,606
46.562,46.562,NoButton,Move,827,598
46.574,46.574,NoButton,Move,832,595
46.626,46.626,NoButton,Move,839,592
46.751,46.751,NoButton,Move,839,591
46.759,46.759,NoButton,Move,839,583
46.774,46.774,NoButton,Move,839,569
46.791000000000004,46.791000000000004,NoButton,Move,841,528
46.808,46.808,NoButton,Move,854,434
46.824,46.824,NoButton,Move,867,370
46.841,46.841,NoButton,Move,884,302
46.857,46.857,NoButton,Move,891,284
46.874,46.874,NoButton,Move,905,254
46.891,46.891,NoButton,Move,917,237
46.907,46.907,NoButton,Move,923,230
46.924,46.924,NoButton,Move,929,226
46.94,46.94,NoButton,Move,934,226
47.107,47.107,NoButton,Move,935,225
47.113,47.113,NoButton,Move,939,223
47.125,47.125,NoButton,Move,944,220
47.142,47.142,NoButton,Move,961,213
47.159,47.159,NoButton,Move,1003,199
47.175000000000004,47.175000000000004,NoButton,Move,1048,189
47.193,47.193,NoButton,Move,1106,181
47.209,47.209,NoButton,Move,1170,176
47.227000000000004,47.227000000000004,NoButton,Move,1215,174
47.245,47.245,NoButton,Move,1262,174
47.261,47.261,NoButton,Move,1287,174
47.278,47.278,NoButton,Move,1302,174
47.294000000000004,47.294000000000004,NoButton,Move,1313,174
47.31,47.31,NoButton,Move,1317,174
47.462,47.462,NoButton,Move,1314,175
47.468,47.468,NoButton,Move,1312,180
47.477000000000004,47.477000000000004,NoButton,Move,1308,188
47.494,47.494,NoButton,Move,1299,217
47.511,47.511,NoButton,Move,1288,256
47.528,47.528,NoButton,Move,1271,312
47.547000000000004,47.547000000000004,NoButton,Move,1250,381
47.564,47.564,NoButton,Move,1238,416
47.58,47.58,NoButton,Move,1234,428
47.598,47.598,NoButton,Move,1228,445
47.615,47.615,NoButton,Move,1226,452
47.633,47.633,NoButton,Move,1226,454
47.648,47.648,NoButton,Move,1226,455
47.791000000000004,47.791000000000004,NoButton,Move,1221,452
47.798,47.798,NoButton,Move,1217,448
47.816,47.816,NoButton,Move,1210,433
47.832,47.832,NoButton,Move,1203,404
47.849000000000004,47.849000000000004,NoButton,Move,1200,366
47.863,47.863,NoButton,Move,1199,328
47.879,47.879,NoButton,Move,1199,279
47.895,47.895,NoButton,Move,1205,229
47.912,47.912,NoButton,Move,1220,194
47.928000000000004,47.928000000000004,NoButton,Move,1236,172
47.945,47.945,NoButton,Move,1242,166
47.962,47.962,NoButton,Move,1250,158
47.978,47.978,NoButton,Move,1254,155
47.995000000000005,47.995000000000005,NoButton,Move,1255,154
48.012,48.012,NoButton,Move,1255,154
48.028,48.028,NoButton,Move,1255,156
48.045,48.045,NoButton,Move,1240,187
48.061,48.061,NoButton,Move,1225,222
48.078,48.078,NoButton,Move,1185,337
48.095,48.095,NoButton,Move,1165,399
48.112,48.112,NoButton,Move,1156,426
48.128,48.128,NoButton,Move,1149,449
48.145,48.145,NoButton,Move,1144,465
48.162,48.162,NoButton,Move,1143,472
48.179,48.179,NoButton,Move,1145,472
48.195,48.195,NoButton,Move,1163,462
48.211,48.211,NoButton,Move,1191,440
48.228,48.228,NoButton,Move,1212,420
48.245000000000005,48.245000000000005,NoButton,Move,1233,393
48.261,48.261,NoButton,Move,1241,376
48.278,48.278,NoButton,Move,1246,357
48.295,48.295,NoButton,Move,1247,341
48.312,48.312,NoButton,Move,1244,327
48.328,48.328,NoButton,Move,1239,321
48.345,48.345,NoButton,Move,1235,317
48.362,48.362,NoButton,Move,1233,315
48.378,48.378,NoButton,Move,1232,314
48.4,48.4,Left,Pressed,1232,314
48.401,48.401,NoButton,Move,1231,314
48.648,48.648,Left,Pressed,1231,314
48.751,48.751,Left,Pressed,1231,314
48.907,48.907,NoButton,Move,1231,315
48.91000000000001,48.91000000000001,NoButton,Move,1231,318
48.929,48.929,NoButton,Move,1231,321
48.946,48.946,NoButton,Move,1231,323
48.966,48.966,NoButton,Move,1231,323
48.995000000000005,48.995000000000005,Left,Pressed,1231,323
49.011,49.011,NoButton,Move,1231,323
49.028,49.028,NoButton,Move,1223,322
49.044000000000004,49.044000000000004,NoButton,Move,1178,321
49.062,49.062,NoButton,Move,1057,324
49.078,49.078,NoButton,Move,890,350
49.094,49.094,NoButton,Move,757,392
49.111000000000004,49.111000000000004,NoButton,Move,696,415
49.128,49.128,NoButton,Move,679,421
49.144,49.144,NoButton,Move,665,424
49.161,49.161,NoButton,Move,655,426
49.18,49.18,NoButton,Move,656,421
49.183,49.183,NoButton,Move,667,411
49.381,49.381,NoButton,Move,667,411
49.388,49.388,NoButton,Move,660,411
49.396,49.396,NoButton,Move,649,410
49.409,49.409,NoButton,Move,630,409
49.426,49.426,NoButton,Move,582,404
49.439,49.439,NoButton,Move,474,386
49.453,49.453,NoButton,Move,409,375
49.47,49.47,NoButton,Move,292,348
49.485,49.485,NoButton,Move,256,338
49.502,49.502,NoButton,Move,218,327
49.518,49.518,NoButton,Move,200,322
49.53500000000001,49.53500000000001,NoButton,Move,190,319
49.553000000000004,49.553000000000004,NoButton,Move,188,319
49.568,49.568,NoButton,Move,188,319
49.741,49.741,NoButton,Move,188,318
49.743,49.743,NoButton,Move,188,310
49.752,49.752,NoButton,Move,187,297
49.769,49.769,NoButton,Move,186,238
49.78500000000001,49.78500000000001,NoButton,Move,191,131
49.797000000000004,49.797000000000004,NoButton,Move,199,95
49.812,49.812,NoButton,Move,215,46
49.828,49.828,NoButton,Move,224,23
49.965,49.965,NoButton,Move,265,11
49.967,49.967,NoButton,Move,265,11
49.976,49.976,NoButton,Move,267,28
49.994,49.994,NoButton,Move,273,69
50.012,50.012,NoButton,Move,282,105
50.028,50.028,NoButton,Move,289,129
50.043,50.043,NoButton,Move,293,137
50.06,50.06,NoButton,Move,295,145
50.077,50.077,NoButton,Move,297,149
50.093,50.093,NoButton,Move,298,150
50.109,50.109,NoButton,Move,298,150
50.148,50.148,Left,Pressed,298,150
50.47,50.47,NoButton,Move,301,150
50.476,50.476,NoButton,Move,308,147
50.494,50.494,NoButton,Move,332,143
50.51,50.51,NoButton,Move,366,138
50.529,50.529,NoButton,Move,447,135
50.542,50.542,NoButton,Move,517,135
50.558,50.558,NoButton,Move,561,135
50.574,50.574,NoButton,Move,617,135
50.591,50.591,NoButton,Move,673,136
50.606,50.606,NoButton,Move,686,137
50.624,50.624,NoButton,Move,706,137
50.64,50.64,NoButton,Move,716,137
50.808,50.808,NoButton,Move,718,137
50.813,50.813,NoButton,Move,725,137
50.823,50.823,NoButton,Move,738,137
50.84,50.84,NoButton,Move,769,137
50.857,50.857,NoButton,Move,809,137
50.874,50.874,NoButton,Move,872,137
50.892,50.892,NoButton,Move,968,137
50.91000000000001,50.91000000000001,NoButton,Move,1046,141
50.927,50.927,NoButton,Move,1083,144
50.944,50.944,NoButton,Move,1106,146
50.962,50.962,NoButton,Move,1119,147
50.979,50.979,NoButton,Move,1128,148
50.995000000000005,50.995000000000005,NoButton,Move,1131,148
51.011,51.011,NoButton,Move,1131,148
51.162,51.162,NoButton,Move,1126,157
51.168,51.168,NoButton,Move,1119,169
51.178000000000004,51.178000000000004,NoButton,Move,1110,189
51.194,51.194,NoButton,Move,1090,239
51.211,51.211,NoButton,Move,1073,292
51.226,51.226,NoButton,Move,1052,360
51.246,51.246,NoButton,Move,1035,414
51.263,51.263,NoButton,Move,1025,447
51.281,51.281,NoButton,Move,1020,466
51.297000000000004,51.297000000000004,NoButton,Move,1017,480
51.315,51.315,NoButton,Move,1017,486
51.331,51.331,NoButton,Move,1017,487
51.348,51.348,NoButton,Move,1017,487
51.507,51.507,NoButton,Move,1017,488
51.513,51.513,NoButton,Move,1017,494
51.521,51.521,NoButton,Move,1017,505
51.532,51.532,NoButton,Move,1017,517
51.548,51.548,NoButton,Move,1020,541
51.562,51.562,NoButton,Move,1026,560
51.578,51.578,NoButton,Move,1029,567
51.594,51.594,NoButton,Move,1034,584
51.611000000000004,51.611000000000004,NoButton,Move,1038,596
51.628,51.628,NoButton,Move,1039,601
51.644,51.644,NoButton,Move,1040,602
51.661,51.661,NoButton,Move,1040,603
51.677,51.677,NoButton,Move,1040,603
51.694,51.694,NoButton,Move,1031,601
51.71,51.71,NoButton,Move,1003,595
51.727000000000004,51.727000000000004,NoButton,Move,960,591
51.744,51.744,NoButton,Move,898,591
51.76,51.76,NoButton,Move,814,598
51.777,51.777,NoButton,Move,692,634
51.794000000000004,51.794000000000004,NoButton,Move,646,649
51.81,51.81,NoButton,Move,618,658
51.827,51.827,NoButton,Move,601,663
51.844,51.844,NoButton,Move,589,665
51.86,51.86,NoButton,Move,585,666
51.877,51.877,NoButton,Move,585,666
52.094,52.094,NoButton,Move,578,666
52.099000000000004,52.099000000000004,NoButton,Move,570,666
52.112,52.112,NoButton,Move,562,664
52.13,52.13,NoButton,Move,537,663
52.145,52.145,NoButton,Move,513,663
52.162,52.162,NoButton,Move,493,663
52.179,52.179,NoButton,Move,472,663
52.196,52.196,NoButton,Move,457,663
52.215,52.215,NoButton,Move,446,663
52.229,52.229,NoButton,Move,442,663
52.248,52.248,NoButton,Move,441,663
52.44,52.44,NoButton,Move,442,661
52.447,52.447,NoButton,Move,448,655
52.464,52.464,NoButton,Move,467,644
52.480000000000004,52.480000000000004,NoButton,Move,490,632
52.496,52.496,NoButton,Move,554,603
52.512,52.512,NoButton,Move,615,581
52.528,52.528,NoButton,Move,702,558
52.544000000000004,52.544000000000004,NoButton,Move,759,548
52.561,52.561,NoButton,Move,806,542
52.577,52.577,NoButton,Move,840,540
52.594,52.594,NoButton,Move,861,539
52.61,52.61,NoButton,Move,875,538
52.803000000000004,52.803000000000004,NoButton,Move,875,538
52.809000000000005,52.809000000000005,NoButton,Move,880,537
52.817,52.817,NoButton,Move,889,534
52.827,52.827,NoButton,Move,901,530
52.843,52.843,NoButton,Move,917,526
52.86,52.86,NoButton,Move,1028,503
52.874,52.874,NoButton,Move,1092,494
52.889,52.889,NoButton,Move,1173,487
52.906,52.906,NoButton,Move,1207,485
52.922000000000004,52.922000000000004,NoButton,Move,1246,484
52.94,52.94,NoButton,Move,1271,483
52.956,52.956,NoButton,Move,1285,482
52.973,52.973,NoButton,Move,1294,482
52.99,52.99,NoButton,Move,1297,481
53.006,53.006,NoButton,Move,1298,481
53.022,53.022,NoButton,Move,1298,481
53.214,53.214,NoButton,Move,1299,478
53.221,53.221,NoButton,Move,1307,473
53.239000000000004,53.239000000000004,NoButton,Move,1327,463
53.256,53.256,NoButton,Move,1356,450
53.272,53.272,NoButton,Move,1405,434
53.288000000000004,53.288000000000004,NoButton,Move,1439,423
53.303000000000004,53.303000000000004,NoButton,Move,1439,419
53.317,53.317,NoButton,Move,1439,414
53.334,53.334,NoButton,Move,1439,413
53.351,53.351,NoButton,Move,1439,412
53.367000000000004,53.367000000000004,NoButton,Move,1439,412
53.384,53.384,NoButton,Move,1439,412
53.544000000000004,53.544000000000004,NoButton,Move,1439,411
53.550000000000004,53.550000000000004,NoButton,Move,1439,403
53.568,53.568,NoButton,Move,1438,382
53.583,53.583,NoButton,Move,1438,366
53.601,53.601,NoButton,Move,1437,288
53.617000000000004,53.617000000000004,NoButton,Move,1437,259
53.632,53.632,NoButton,Move,1437,245
53.649,53.649,NoButton,Move,1437,232
53.665,53.665,NoButton,Move,1437,221
53.682,53.682,NoButton,Move,1437,215
53.698,53.698,NoButton,Move,1437,211
53.714,53.714,NoButton,Move,1436,207
53.732,53.732,NoButton,Move,1435,204
53.748000000000005,53.748000000000005,NoButton,Move,1434,203
53.781,53.781,NoButton,Move,1434,204
53.932,53.932,NoButton,Move,1427,203
53.937,53.937,NoButton,Move,1420,201
53.948,53.948,NoButton,Move,1412,198
53.964,53.964,NoButton,Move,1395,193
53.981,53.981,NoButton,Move,1377,186
53.997,53.997,NoButton,Move,1358,177
54.017,54.017,NoButton,Move,1321,160
54.034,54.034,NoButton,Move,1287,148
54.051,54.051,NoButton,Move,1259,139
54.069,54.069,NoButton,Move,1244,137
54.084,54.084,NoButton,Move,1236,135
54.101,54.101,NoButton,Move,1231,134
54.118,54.118,NoButton,Move,1229,134
54.286,54.286,NoButton,Move,1227,134
54.292,54.292,NoButton,Move,1221,134
54.302,54.302,NoButton,Move,1213,134
54.319,54.319,NoButton,Move,1190,136
54.335,54.335,NoButton,Move,1158,142
54.352000000000004,54.352000000000004,NoButton,Move,1077,163
54.371,54.371,NoButton,Move,983,188
54.388,54.388,NoButton,Move,921,203
54.405,54.405,NoButton,Move,868,215
54.423,54.423,NoButton,Move,833,223
54.44,54.44,NoButton,Move,811,227
54.456,54.456,NoButton,Move,795,229
54.473,54.473,NoButton,Move,790,230
54.674,54.674,NoButton,Move,790,230
54.68,54.68,NoButton,Move,787,230
54.69,54.69,NoButton,Move,782,230
54.706,54.706,NoButton,Move,763,231
54.723,54.723,NoButton,Move,738,235
54.739000000000004,54.739000000000004,NoButton,Move,696,245
54.759,54.759,NoButton,Move,629,262
54.776,54.776,NoButton,Move,567,281
54.793,54.793,NoButton,Move,531,292
54.811,54.811,NoButton,Move,509,299
54.827,54.827,NoButton,Move,497,303
54.844,54.844,NoButton,Move,488,306
54.861000000000004,54.861000000000004,NoButton,Move,486,307
54.876,54.876,NoButton,Move,486,307
55.036,55.036,NoButton,Move,481,309
55.042,55.042,NoButton,Move,473,315
55.050000000000004,55.050000000000004,NoButton,Move,465,320
55.06,55.06,NoButton,Move,458,325
55.076,55.076,NoButton,Move,450,330
55.094,55.094,NoButton,Move,426,349
55.108000000000004,55.108000000000004,NoButton,Move,411,362
55.124,55.124,NoButton,Move,387,382
55.141,55.141,NoButton,Move,369,398
55.157,55.157,NoButton,Move,351,414
55.173,55.173,NoButton,Move,344,420
55.19,55.19,NoButton,Move,338,425
55.205,55.205,NoButton,Move,336,427
55.224000000000004,55.224000000000004,NoButton,Move,336,428
55.24,55.24,NoButton,Move,336,428
55.256,55.256,NoButton,Move,338,429
55.274,55.274,NoButton,Move,354,437
55.289,55.289,NoButton,Move,361,441
55.306000000000004,55.306000000000004,NoButton,Move,384,461
55.323,55.323,NoButton,Move,396,478
55.34,55.34,NoButton,Move,403,492
55.356,55.356,NoButton,Move,410,506
55.373000000000005,55.373000000000005,NoButton,Move,414,513
55.39,55.39,NoButton,Move,416,521
55.406,55.406,NoButton,Move,417,524
55.423,55.423,NoButton,Move,418,526
55.44,55.44,NoButton,Move,418,527
55.456,55.456,NoButton,Move,419,527
55.473,55.473,NoButton,Move,419,528
55.49,55.49,NoButton,Move,419,528
55.506,55.506,NoButton,Move,423,528
55.523,55.523,NoButton,Move,440,528
55.539,55.539,NoButton,Move,488,521
55.555,55.555,NoButton,Move,559,501
55.573,55.573,NoButton,Move,621,483
55.589,55.589,NoButton,Move,696,461
55.606,55.606,NoButton,Move,737,451
55.623000000000005,55.623000000000005,NoButton,Move,761,445
55.64,55.64,NoButton,Move,774,442
55.656,55.656,NoButton,Move,782,441
55.673,55.673,NoButton,Move,785,440
55.69,55.69,NoButton,Move,786,440
55.726,55.726,NoButton,Move,786,440
55.935,55.935,NoButton,Move,786,440
55.94,55.94,NoButton,Move,791,439
55.956,55.956,NoButton,Move,800,438
55.972,55.972,NoButton,Move,822,434
55.989000000000004,55.989000000000004,NoButton,Move,896,428
56.006,56.006,NoButton,Move,936,424
56.022,56.022,NoButton,Move,998,420
56.037,56.037,NoButton,Move,1043,417
56.056000000000004,56.056000000000004,NoButton,Move,1074,414
56.072,56.072,NoButton,Move,1090,412
56.088,56.088,NoButton,Move,1102,410
56.105000000000004,56.105000000000004,NoButton,Move,1106,409
56.122,56.122,NoButton,Move,1107,408
56.137,56.137,NoButton,Move,1108,408
56.413000000000004,56.413000000000004,NoButton,Move,1109,408
56.419000000000004,56.419000000000004,NoButton,Move,1114,408
56.425000000000004,56.425000000000004,NoButton,Move,1124,405
56.438,56.438,NoButton,Move,1133,402
56.455,56.455,NoButton,Move,1161,396
56.468,56.468,NoButton,Move,1194,391
56.484,56.484,NoButton,Move,1222,387
56.5,56.5,NoButton,Move,1241,385
56.517,56.517,NoButton,Move,1258,383
56.533,56.533,NoButton,Move,1270,382
56.550000000000004,56.550000000000004,NoButton,Move,1275,381
56.566,56.566,NoButton,Move,1275,381
56.582,56.582,NoButton,Move,1276,381
56.759,56.759,NoButton,Move,1276,380
56.765,56.765,NoButton,Move,1276,373
56.772,56.772,NoButton,Move,1276,363
56.782,56.782,NoButton,Move,1276,347
56.799,56.799,NoButton,Move,1278,309
56.816,56.816,NoButton,Move,1286,236
56.83,56.83,NoButton,Move,1289,211
56.847,56.847,NoButton,Move,1297,157
56.863,56.863,NoButton,Move,1299,142
56.879,56.879,NoButton,Move,1303,121
56.896,56.896,NoButton,Move,1304,114
56.913000000000004,56.913000000000004,NoButton,Move,1305,112
56.928000000000004,56.928000000000004,NoButton,Move,1305,112
56.945,56.945,NoButton,Move,1306,112
56.961,56.961,NoButton,Move,1306,112
57.13,57.13,NoButton,Move,1306,112
57.135,57.135,NoButton,Move,1303,112
57.145,57.145,NoButton,Move,1298,113
57.162,57.162,NoButton,Move,1284,118
57.178000000000004,57.178000000000004,NoButton,Move,1238,128
57.196,57.196,NoButton,Move,1165,139
57.215,57.215,NoButton,Move,1104,145
57.232,57.232,NoButton,Move,1019,148
57.248000000000005,57.248000000000005,NoButton,Move,965,148
57.266,57.266,NoButton,Move,929,148
57.284,57.284,NoButton,Move,907,148
57.300000000000004,57.300000000000004,NoButton,Move,891,148
57.317,57.317,NoButton,Move,886,148
57.333,57.333,NoButton,Move,886,148
57.517,57.517,NoButton,Move,880,147
57.522,57.522,NoButton,Move,873,144
57.533,57.533,NoButton,Move,860,140
57.550000000000004,57.550000000000004,NoButton,Move,832,132
57.566,57.566,NoButton,Move,799,125
57.583,57.583,NoButton,Move,749,113
57.602000000000004,57.602000000000004,NoButton,Move,682,98
57.619,57.619,NoButton,Move,640,88
57.636,57.636,NoButton,Move,608,80
57.655,57.655,NoButton,Move,580,71
57.671,57.671,NoButton,Move,569,67
57.687000000000005,57.687000000000005,NoButton,Move,563,64
57.703,57.703,NoButton,Move,561,64
57.88,57.88,NoButton,Move,549,66
57.886,57.886,NoButton,Move,536,71
57.894,57.894,NoButton,Move,521,78
57.904,57.904,NoButton,Move,505,85
57.921,57.921,NoButton,Move,474,97
57.937000000000005,57.937000000000005,NoButton,Move,451,108
57.951,57.951,NoButton,Move,442,112
57.966,57.966,NoButton,Move,419,121
57.984,57.984,NoButton,Move,407,125
58.001,58.001,NoButton,Move,399,128
58.017,58.017,NoButton,Move,396,131
58.032,58.032,NoButton,Move,396,138
58.049,58.049,NoButton,Move,407,160
58.067,58.067,NoButton,Move,426,199
58.083,58.083,NoButton,Move,448,261
58.099000000000004,58.099000000000004,NoButton,Move,462,327
58.116,58.116,NoButton,Move,467,369
58.133,58.133,NoButton,Move,469,416
58.149,58.149,NoButton,Move,469,436
58.167,58.167,NoButton,Move,469,452
58.183,58.183,NoButton,Move,469,457
58.199,58.199,NoButton,Move,469,458
58.216,58.216,NoButton,Move,469,453
58.391,58.391,NoButton,Move,469,453
58.399,58.399,NoButton,Move,467,464
58.404,58.404,NoButton,Move,461,480
58.417,58.417,NoButton,Move,454,503
58.432,58.432,NoButton,Move,444,547
58.447,58.447,NoButton,Move,434,592
58.462,58.462,NoButton,Move,424,637
58.478,58.478,NoButton,Move,405,714
58.494,58.494,NoButton,Move,395,754
58.512,58.512,NoButton,Move,389,781
58.528,58.528,NoButton,Move,385,795
58.545,58.545,NoButton,Move,384,805
58.561,58.561,NoButton,Move,384,809
58.745000000000005,58.745000000000005,NoButton,Move,384,810
58.751000000000005,58.751000000000005,NoButton,Move,383,819
58.762,58.762,NoButton,Move,381,819
58.778,58.778,NoButton,Move,376,819
58.793,58.793,NoButton,Move,373,819
58.811,58.811,NoButton,Move,372,819
58.83,58.83,NoButton,Move,370,819
58.847,58.847,NoButton,Move,370,819
58.864000000000004,58.864000000000004,NoButton,Move,370,819
58.883,58.883,NoButton,Move,370,819
58.898,58.898,NoButton,Move,370,819
59.073,59.073,NoButton,Move,370,819
59.08,59.08,NoButton,Move,374,819
59.09,59.09,NoButton,Move,380,819
59.099000000000004,59.099000000000004,NoButton,Move,388,818
59.115,59.115,NoButton,Move,411,814
59.129,59.129,NoButton,Move,455,805
59.146,59.146,NoButton,Move,540,789
59.161,59.161,NoButton,Move,639,775
59.178000000000004,59.178000000000004,NoButton,Move,705,768
59.194,59.194,NoButton,Move,761,764
59.211,59.211,NoButton,Move,803,762
59.229,59.229,NoButton,Move,826,761
59.245000000000005,59.245000000000005,NoButton,Move,844,760
59.261,59.261,NoButton,Move,849,760
59.278,59.278,NoButton,Move,851,760
59.295,59.295,NoButton,Move,850,760
59.503,59.503,NoButton,Move,850,760
59.51,59.51,NoButton,Move,856,760
59.517,59.517,NoButton,Move,865,760
59.527,59.527,NoButton,Move,875,758
59.544000000000004,59.544000000000004,NoButton,Move,888,757
59.561,59.561,NoButton,Move,982,751
59.575,59.575,NoButton,Move,1002,750
59.591,59.591,NoButton,Move,1056,748
59.607,59.607,NoButton,Move,1093,745
59.624,59.624,NoButton,Move,1111,744
59.64,59.64,NoButton,Move,1125,744
59.657,59.657,NoButton,Move,1130,743
59.674,59.674,NoButton,Move,1131,743
59.69,59.69,NoButton,Move,1131,743
59.874,59.874,NoButton,Move,1131,741
59.88,59.88,NoButton,Move,1131,726
59.89,59.89,NoButton,Move,1131,707
59.906,59.906,NoButton,Move,1141,656
59.923,59.923,NoButton,Move,1157,602
59.94,59.94,NoButton,Move,1178,541
59.959,59.959,NoButton,Move,1207,484
59.976,59.976,NoButton,Move,1226,459
59.993,59.993,NoButton,Move,1239,445
60.011,60.011,NoButton,Move,1249,435
60.027,60.027,NoButton,Move,1254,431
60.045,60.045,NoButton,Move,1256,430
60.061,60.061,NoButton,Move,1256,430
60.311,60.311,NoButton,Move,1256,428
60.316,60.316,NoButton,Move,1256,418
60.328,60.328,NoButton,Move,1256,392
60.344,60.344,NoButton,Move,1256,320
60.36,60.36,NoButton,Move,1260,266
60.377,60.377,NoButton,Move,1263,245
60.396,60.396,NoButton,Move,1265,227
60.413000000000004,60.413000000000004,NoButton,Move,1266,215
60.43,60.43,NoButton,Move,1267,211
60.448,60.448,NoButton,Move,1267,210
60.482,60.482,NoButton,Move,1267,211
60.491,60.491,NoButton,Move,1266,218
60.682,60.682,NoButton,Move,1266,217
60.688,60.688,NoButton,Move,1266,209
60.698,60.698,NoButton,Move,1266,198
60.714,60.714,NoButton,Move,1266,149
60.731,60.731,NoButton,Move,1273,79
60.748000000000005,60.748000000000005,NoButton,Move,1276,51
60.767,60.767,NoButton,Move,1279,27
60.784,60.784,NoButton,Move,1282,10
60.801,60.801,NoButton,Move,1284,3
60.818,60.818,NoButton,Move,1285,1
60.835,60.835,NoButton,Move,1286,1
60.852000000000004,60.852000000000004,NoButton,Move,1288,0
61.03,61.03,NoButton,Move,1288,3
61.032,61.032,NoButton,Move,1288,3
61.03500000000001,61.03500000000001,NoButton,Move,1288,11
61.051,61.051,NoButton,Move,1286,41
61.069,61.069,NoButton,Move,1286,81
61.085,61.085,NoButton,Move,1284,118
61.1,61.1,NoButton,Move,1282,154
61.115,61.115,NoButton,Move,1275,219
61.131,61.131,NoButton,Move,1270,251
61.148,61.148,NoButton,Move,1265,272
61.165,61.165,NoButton,Move,1262,284
61.182,61.182,NoButton,Move,1260,293
61.198,61.198,NoButton,Move,1259,298
61.215,61.215,NoButton,Move,1258,299
61.230000000000004,61.230000000000004,NoButton,Move,1258,300
61.257,61.257,NoButton,Move,1259,298
61.423,61.423,NoButton,Move,1258,302
61.431000000000004,61.431000000000004,NoButton,Move,1256,312
61.448,61.448,NoButton,Move,1251,340
61.464,61.464,NoButton,Move,1247,368
61.481,61.481,NoButton,Move,1244,391
61.495000000000005,61.495000000000005,NoButton,Move,1239,416
61.511,61.511,NoButton,Move,1237,429
61.528,61.528,NoButton,Move,1233,441
61.544000000000004,61.544000000000004,NoButton,Move,1230,449
61.561,61.561,NoButton,Move,1229,452
61.577,61.577,NoButton,Move,1229,452
61.594,61.594,NoButton,Move,1229,452
61.753,61.753,NoButton,Move,1229,452
61.759,61.759,NoButton,Move,1224,452
61.778,61.778,NoButton,Move,1207,450
61.793,61.793,NoButton,Move,1196,449
61.81,61.81,NoButton,Move,1133,447
61.825,61.825,NoButton,Move,1115,447
61.841,61.841,NoButton,Move,1026,447
61.857,61.857,NoButton,Move,941,447
61.874,61.874,NoButton,Move,892,447
61.89,61.89,NoButton,Move,857,448
61.907,61.907,NoButton,Move,837,448
61.924,61.924,NoButton,Move,822,448
61.939,61.939,NoButton,Move,817,448
61.957,61.957,NoButton,Move,817,447
62.273,62.273,NoButton,Move,815,447
62.279,62.279,NoButton,Move,811,447
62.29,62.29,NoButton,Move,805,447
62.308,62.308,NoButton,Move,784,447
62.324,62.324,NoButton,Move,755,447
62.341,62.341,NoButton,Move,681,447
62.358000000000004,62.358000000000004,NoButton,Move,623,455
62.375,62.375,NoButton,Move,547,466
62.391,62.391,NoButton,Move,475,479
62.409,62.409,NoButton,Move,419,488
62.426,62.426,NoButton,Move,390,490
62.443,62.443,NoButton,Move,376,491
62.459,62.459,NoButton,Move,364,491
62.476,62.476,NoButton,Move,355,492
62.492000000000004,62.492000000000004,NoButton,Move,353,492
62.716,62.716,NoButton,Move,352,492
62.725,62.725,NoButton,Move,346,492
62.742000000000004,62.742000000000004,NoButton,Move,332,493
62.76,62.76,NoButton,Move,312,497
62.775,62.775,NoButton,Move,296,500
62.789,62.789,NoButton,Move,289,502
62.805,62.805,NoButton,Move,273,506
62.821,62.821,NoButton,Move,263,508
62.837,62.837,NoButton,Move,256,509
62.853,62.853,NoButton,Move,254,510
62.870000000000005,62.870000000000005,NoButton,Move,254,510
62.886,62.886,NoButton,Move,254,511
63.072,63.072,NoButton,Move,255,511
63.078,63.078,NoButton,Move,260,509
63.087,63.087,NoButton,Move,268,505
63.102000000000004,63.102000000000004,NoButton,Move,278,499
63.119,63.119,NoButton,Move,306,487
63.137,63.137,NoButton,Move,371,466
63.156,63.156,NoButton,Move,441,449
63.174,63.174,NoButton,Move,506,440
63.190000000000005,63.190000000000005,NoButton,Move,547,438
63.207,63.207,NoButton,Move,590,438
63.224000000000004,63.224000000000004,NoButton,Move,611,438
63.242000000000004,63.242000000000004,NoButton,Move,622,440
63.258,63.258,NoButton,Move,630,442
63.275,63.275,NoButton,Move,632,443
63.476,63.476,NoButton,Move,634,441
63.481,63.481,NoButton,Move,641,433
63.491,63.491,NoButton,Move,652,424
63.508,63.508,NoButton,Move,681,403
63.524,63.524,NoButton,Move,727,375
63.541000000000004,63.541000000000004,NoButton,Move,794,342
63.561,63.561,NoButton,Move,833,327
63.578,63.578,NoButton,Move,866,317
63.596,63.596,NoButton,Move,886,312
63.612,63.612,NoButton,Move,900,308
63.629,63.629,NoButton,Move,906,306
63.646,63.646,NoButton,Move,908,306
63.663000000000004,63.663000000000004,NoButton,Move,908,306
63.679,63.679,NoButton,Move,907,306
63.839,63.839,NoButton,Move,907,306
63.845,63.845,NoButton,Move,912,305
63.852000000000004,63.852000000000004,NoButton,Move,919,302
63.863,63.863,NoButton,Move,928,300
63.879,63.879,NoButton,Move,939,298
63.895,63.895,NoButton,Move,997,291
63.91000000000001,63.91000000000001,NoButton,Move,1063,288
63.926,63.926,NoButton,Move,1098,287
63.943,63.943,NoButton,Move,1166,287
63.959,63.959,NoButton,Move,1204,287
63.976,63.976,NoButton,Move,1230,287
63.992000000000004,63.992000000000004,NoButton,Move,1244,288
64.008,64.008,NoButton,Move,1255,289
64.025,64.025,NoButton,Move,1258,289
64.042,64.042,NoButton,Move,1259,290
64.214,64.214,NoButton,Move,1260,289
64.223,64.223,NoButton,Move,1266,285
64.231,64.231,NoButton,Move,1275,280
64.242,64.242,NoButton,Move,1284,276
64.258,64.258,NoButton,Move,1306,267
64.272,64.272,NoButton,Move,1317,263
64.287,64.287,NoButton,Move,1349,253
64.302,64.302,NoButton,Move,1377,245
64.319,64.319,NoButton,Move,1395,240
64.336,64.336,NoButton,Move,1408,237
64.352,64.352,NoButton,Move,1412,235
64.369,64.369,NoButton,Move,1414,235
64.386,64.386,NoButton,Move,1414,235
64.531,64.531,NoButton,Move,1414,237
64.536,64.536,NoButton,Move,1410,246
64.551,64.551,NoButton,Move,1405,257
64.568,64.568,NoButton,Move,1392,288
64.58500000000001,64.58500000000001,NoButton,Move,1366,350
64.602,64.602,NoButton,Move,1325,445
64.617,64.617,NoButton,Move,1297,506
64.635,64.635,NoButton,Move,1285,531
64.652,64.652,NoButton,Move,1272,558
64.668,64.668,NoButton,Move,1265,575
64.685,64.685,NoButton,Move,1262,581
64.70100000000001,64.70100000000001,NoButton,Move,1261,583
64.718,64.718,NoButton,Move,1261,583
64.91,64.91,NoButton,Move,1261,586
64.915,64.915,NoButton,Move,1261,597
64.924,64.924,NoButton,Move,1261,609
64.935,64.935,NoButton,Move,1260,625
64.95100000000001,64.95100000000001,NoButton,Move,1258,656
64.968,64.968,NoButton,Move,1254,719
64.982,64.982,NoButton,Move,1249,761
64.998,64.998,NoButton,Move,1247,771
65.014,65.014,NoButton,Move,1243,792
65.031,65.031,NoButton,Move,1239,808
65.047,65.047,NoButton,Move,1237,815
65.065,65.065,NoButton,Move,1236,818
65.07900000000001,65.07900000000001,NoButton,Move,1236,818
65.099,65.099,NoButton,Move,1236,817
65.281,65.281,NoButton,Move,1228,816
65.287,65.287,NoButton,Move,1213,814
65.297,65.297,NoButton,Move,1198,811
65.313,65.313,NoButton,Move,1156,803
65.33,65.33,NoButton,Move,1104,790
65.34700000000001,65.34700000000001,NoButton,Move,1000,766
65.366,65.366,NoButton,Move,934,754
65.383,65.383,NoButton,Move,887,747
65.4,65.4,NoButton,Move,858,743
65.417,65.417,NoButton,Move,843,741
65.434,65.434,NoButton,Move,833,740
65.45,65.45,NoButton,Move,831,740
65.693,65.693,NoButton,Move,829,740
65.69800000000001,65.69800000000001,NoButton,Move,819,740
65.706,65.706,NoButton,Move,811,740
65.717,65.717,NoButton,Move,799,739
65.733,65.733,NoButton,Move,786,739
65.751,65.751,NoButton,Move,711,736
65.766,65.766,NoButton,Move,651,734
65.78,65.78,NoButton,Move,639,733
65.797,65.797,NoButton,Move,609,731
65.814,65.814,NoButton,Move,589,730
65.83,65.83,NoButton,Move,576,729
65.84700000000001,65.84700000000001,NoButton,Move,571,729
65.863,65.863,NoButton,Move,570,729
66.039,66.039,NoButton,Move,570,728
66.045,66.045,NoButton,Move,576,721
66.054,66.054,NoButton,Move,585,715
66.063,66.063,NoButton,Move,597,708
66.08,66.08,NoButton,Move,622,696
66.095,66.095,NoButton,Move,667,678
66.11,66.11,NoButton,Move,700,668
66.127,66.127,NoButton,Move,767,651
66.143,66.143,NoButton,Move,813,646
66.159,66.159,NoButton,Move,861,645
66.176,66.176,NoButton,Move,886,645
66.192,66.192,NoButton,Move,900,645
66.209,66.209,NoButton,Move,912,645
66.224,66.224,NoButton,Move,914,646
66.241,66.241,NoButton,Move,914,646
66.424,66.424,NoButton,Move,918,645
66.431,66.431,NoButton,Move,927,642
66.441,66.441,NoButton,Move,940,638
66.458,66.458,NoButton,Move,969,630
66.475,66.475,NoButton,Move,1006,624
66.491,66.491,NoButton,Move,1064,617
66.51,66.51,NoButton,Move,1136,613
66.527,66.527,NoButton,Move,1176,613
66.545,66.545,NoButton,Move,1207,613
66.561,66.561,NoButton,Move,1223,613
66.577,66.577,NoButton,Move,1236,613
66.595,66.595,NoButton,Move,1240,613
66.611,66.611,NoButton,Move,1241,613
66.795,66.795,NoButton,Move,1237,612
66.802,66.802,NoButton,Move,1236,610
66.811,66.811,NoButton,Move,1236,609
66.828,66.828,NoButton,Move,1236,601
66.845,66.845,NoButton,Move,1238,577
66.862,66.862,NoButton,Move,1250,532
66.881,66.881,NoButton,Move,1270,467
66.899,66.899,NoButton,Move,1292,403
66.916,66.916,NoButton,Move,1303,367
66.935,66.935,NoButton,Move,1306,354
66.95100000000001,66.95100000000001,NoButton,Move,1311,339
66.967,66.967,NoButton,Move,1312,333
66.984,66.984,NoButton,Move,1313,332
66.999,66.999,NoButton,Move,1313,332
67.152,67.152,NoButton,Move,1313,331
67.158,67.158,NoButton,Move,1313,318
67.167,67.167,NoButton,Move,1313,301
67.184,67.184,NoButton,Move,1313,258
67.2,67.2,NoButton,Move,1317,218
67.21600000000001,67.21600000000001,NoButton,Move,1320,190
67.236,67.236,NoButton,Move,1324,157
67.254,67.254,NoButton,Move,1326,141
67.271,67.271,NoButton,Move,1327,127
67.288,67.288,NoButton,Move,1328,123
67.304,67.304,NoButton,Move,1328,120
67.32000000000002,67.32000000000002,NoButton,Move,1329,120
67.531,67.531,NoButton,Move,1327,126
67.537,67.537,NoButton,Move,1321,143
67.544,67.544,NoButton,Move,1315,161
67.555,67.555,NoButton,Move,1309,179
67.572,67.572,NoButton,Move,1289,238
67.589,67.589,NoButton,Move,1271,294
67.603,67.603,NoButton,Move,1254,342
67.619,67.619,NoButton,Move,1245,367
67.635,67.635,NoButton,Move,1236,394
67.652,67.652,NoButton,Move,1231,409
67.669,67.669,NoButton,Move,1227,418
67.685,67.685,NoButton,Move,1227,422
67.7,67.7,NoButton,Move,1226,423
67.71900000000001,67.71900000000001,NoButton,Move,1226,422
67.735,67.735,NoButton,Move,1227,415
67.875,67.875,NoButton,Move,1227,416
67.884,67.884,NoButton,Move,1225,429
67.901,67.901,NoButton,Move,1212,469
67.918,67.918,NoButton,Move,1197,515
67.934,67.934,NoButton,Move,1165,621
67.949,67.949,NoButton,Move,1157,643
67.964,67.964,NoButton,Move,1136,704
67.98,67.98,NoButton,Move,1122,741
67.998,67.998,NoButton,Move,1115,757
68.013,68.013,NoButton,Move,1110,769
68.03,68.03,NoButton,Move,1108,772
68.047,68.047,NoButton,Move,1108,772
68.248,68.248,NoButton,Move,1097,772
68.254,68.254,NoButton,Move,1077,768
68.263,68.263,NoButton,Move,1061,766
68.28,68.28,NoButton,Move,1025,761
68.296,68.296,NoButton,Move,989,759
68.314,68.314,NoButton,Move,945,758
68.331,68.331,NoButton,Move,909,758
68.349,68.349,NoButton,Move,884,758
68.366,68.366,NoButton,Move,867,758
68.385,68.385,NoButton,Move,854,759
68.402,68.402,NoButton,Move,849,759
68.418,68.418,NoButton,Move,847,759
68.434,68.434,NoButton,Move,846,759
68.668,68.668,NoButton,Move,845,759
68.674,68.674,NoButton,Move,842,759
68.685,68.685,NoButton,Move,837,758
68.7,68.7,NoButton,Move,802,751
68.717,68.717,NoButton,Move,728,739
68.734,68.734,NoButton,Move,678,730
68.753,68.753,NoButton,Move,614,718
68.771,68.771,NoButton,Move,572,708
68.787,68.787,NoButton,Move,541,698
68.805,68.805,NoButton,Move,514,688
68.82300000000001,68.82300000000001,NoButton,Move,502,683
68.83800000000001,68.83800000000001,NoButton,Move,494,680
68.855,68.855,NoButton,Move,492,680
69.056,69.056,NoButton,Move,490,671
69.061,69.061,NoButton,Move,488,662
69.072,69.072,NoButton,Move,486,647
69.089,69.089,NoButton,Move,486,603
69.105,69.105,NoButton,Move,488,555
69.122,69.122,NoButton,Move,497,493
69.141,69.141,NoButton,Move,506,448
69.158,69.158,NoButton,Move,509,433
69.175,69.175,NoButton,Move,513,411
69.193,69.193,NoButton,Move,515,403
69.209,69.209,NoButton,Move,516,401
69.226,69.226,NoButton,Move,516,401
69.242,69.242,NoButton,Move,517,401
69.26,69.26,NoButton,Move,517,403
69.427,69.427,NoButton,Move,518,403
69.432,69.432,NoButton,Move,524,402
69.443,69.443,NoButton,Move,532,401
69.459,69.459,NoButton,Move,552,397
69.476,69.476,NoButton,Move,589,391
69.492,69.492,NoButton,Move,642,387
69.512,69.512,NoButton,Move,697,387
69.529,69.529,NoButton,Move,734,387
69.545,69.545,NoButton,Move,774,387
69.562,69.562,NoButton,Move,792,388
69.581,69.581,NoButton,Move,803,389
69.596,69.596,NoButton,Move,810,390
69.613,69.613,NoButton,Move,812,390
69.629,69.629,NoButton,Move,812,389
69.781,69.781,NoButton,Move,815,389
69.787,69.787,NoButton,Move,822,385
69.797,69.797,NoButton,Move,830,382
69.813,69.813,NoButton,Move,854,375
69.83,69.83,NoButton,Move,883,368
69.846,69.846,NoButton,Move,943,356
69.866,69.866,NoButton,Move,1007,346
69.883,69.883,NoButton,Move,1045,341
69.899,69.899,NoButton,Move,1073,339
69.917,69.917,NoButton,Move,1088,337
69.935,69.935,NoButton,Move,1098,336
69.952,69.952,NoButton,Move,1102,335
69.968,69.968,NoButton,Move,1103,335
69.984,69.984,NoButton,Move,1103,335
70.144,70.144,NoButton,Move,1103,335
70.149,70.149,NoButton,Move,1105,329
70.157,70.157,NoButton,Move,1111,320
70.167,70.167,NoButton,Move,1119,310
70.185,70.185,NoButton,Move,1134,293
70.20100000000001,70.20100000000001,NoButton,Move,1149,279
70.215,70.215,NoButton,Move,1155,274
70.231,70.231,NoButton,Move,1164,267
70.248,70.248,NoButton,Move,1175,258
70.265,70.265,NoButton,Move,1180,254
70.281,70.281,NoButton,Move,1182,253
70.297,70.297,NoButton,Move,1183,253
70.318,70.318,Left,Pressed,1183,253
70.319,70.319,NoButton,Move,1183,253
70.47,70.47,NoButton,Move,1183,253
70.473,70.473,NoButton,Move,1182,255
70.48,70.48,NoButton,Move,1181,257
70.497,70.497,NoButton,Move,1180,260
70.57900000000001,70.57900000000001,NoButton,Move,1180,262
70.587,70.587,NoButton,Move,1177,266
70.603,70.603,NoButton,Move,1160,287
70.622,70.622,NoButton,Move,1131,314
70.638,70.638,NoButton,Move,1088,345
70.655,70.655,NoButton,Move,1038,374
70.672,70.672,NoButton,Move,1008,389
70.689,70.689,NoButton,Move,987,396
70.706,70.706,NoButton,Move,975,399
70.723,70.723,NoButton,Move,965,400
70.74,70.74,NoButton,Move,961,400
70.756,70.756,NoButton,Move,961,397
70.774,70.774,NoButton,Move,967,389
70.79,70.79,NoButton,Move,983,378
70.807,70.807,NoButton,Move,1019,359
70.82300000000001,70.82300000000001,NoButton,Move,1063,342
70.84,70.84,NoButton,Move,1116,325
70.857,70.857,NoButton,Move,1154,313
70.873,70.873,NoButton,Move,1197,302
70.89,70.89,NoButton,Move,1219,296
70.906,70.906,NoButton,Move,1241,290
70.924,70.924,NoButton,Move,1256,287
70.94,70.94,NoButton,Move,1264,286
70.956,70.956,NoButton,Move,1270,286
70.974,70.974,NoButton,Move,1273,285
70.99,70.99,NoButton,Move,1274,285
71.01,71.01,Left,Pressed,1274,285
71.01,71.01,NoButton,Move,1274,285
71.146,71.146,NoButton,Move,1273,285
71.148,71.148,NoButton,Move,1273,285
71.156,71.156,NoButton,Move,1272,285
71.173,71.173,NoButton,Move,1268,286
71.19,71.19,NoButton,Move,1262,286
71.21000000000001,71.21000000000001,NoButton,Move,1250,285
71.23,71.23,NoButton,Move,1204,267
71.247,71.247,NoButton,Move,1131,243
71.263,71.263,NoButton,Move,1008,223
71.28,71.28,NoButton,Move,802,223
71.297,71.297,NoButton,Move,673,261
71.314,71.314,NoButton,Move,611,282
71.331,71.331,NoButton,Move,598,286
71.34700000000001,71.34700000000001,NoButton,Move,562,294
71.364,71.364,NoButton,Move,562,290
71.586,71.586,NoButton,Move,562,291
71.592,71.592,NoButton,Move,561,297
71.60000000000001,71.60000000000001,NoButton,Move,559,307
71.615,71.615,NoButton,Move,555,319
71.631,71.631,NoButton,Move,548,350
71.642,71.642,NoButton,Move,539,387
71.658,71.658,NoButton,Move,531,423
71.674,71.674,NoButton,Move,519,470
71.689,71.689,NoButton,Move,510,504
71.706,71.706,NoButton,Move,508,513
71.72200000000001,71.72200000000001,NoButton,Move,505,526
71.74,71.74,NoButton,Move,504,535
71.757,71.757,NoButton,Move,504,537
71.773,71.773,NoButton,Move,504,535
71.789,71.789,NoButton,Move,504,526
71.916,71.916,NoButton,Move,504,531
71.922,71.922,NoButton,Move,501,551
71.94,71.94,NoButton,Move,493,590
71.956,71.956,NoButton,Move,489,611
71.973,71.973,NoButton,Move,474,694
71.988,71.988,NoButton,Move,470,711
72.004,72.004,NoButton,Move,462,751
72.02,72.02,NoButton,Move,458,770
72.037,72.037,NoButton,Move,455,783
72.053,72.053,NoButton,Move,454,787
72.069,72.069,NoButton,Move,454,787
72.227,72.227,NoButton,Move,456,787
72.235,72.235,NoButton,Move,463,786
72.252,72.252,NoButton,Move,486,781
72.269,72.269,NoButton,Move,520,774
72.286,72.286,NoButton,Move,601,760
72.301,72.301,NoButton,Move,646,752
72.316,72.316,NoButton,Move,717,743
72.331,72.331,NoButton,Move,774,737
72.34700000000001,72.34700000000001,NoButton,Move,812,731
72.364,72.364,NoButton,Move,832,729
72.381,72.381,NoButton,Move,846,727
72.398,72.398,NoButton,Move,851,726
72.414,72.414,NoButton,Move,852,726
72.431,72.431,NoButton,Move,852,725
72.583,72.583,NoButton,Move,852,725
72.589,72.589,NoButton,Move,859,721
72.598,72.598,NoButton,Move,869,717
72.614,72.614,NoButton,Move,883,711
72.631,72.631,NoButton,Move,918,699
72.647,72.647,NoButton,Move,1048,666
72.667,72.667,NoButton,Move,1109,657
72.686,72.686,NoButton,Move,1162,653
72.702,72.702,NoButton,Move,1194,652
72.71900000000001,72.71900000000001,NoButton,Move,1210,652
72.738,72.738,NoButton,Move,1223,651
72.754,72.754,NoButton,Move,1227,651
72.77,72.77,NoButton,Move,1228,651
72.787,72.787,NoButton,Move,1227,651
72.803,72.803,NoButton,Move,1223,655
72.929,72.929,NoButton,Move,1223,654
72.935,72.935,NoButton,Move,1223,641
72.944,72.944,NoButton,Move,1224,625
72.95400000000001,72.95400000000001,NoButton,Move,1226,607
72.971,72.971,NoButton,Move,1231,560
72.986,72.986,NoButton,Move,1240,455
73.001,73.001,NoButton,Move,1242,431
73.017,73.017,NoButton,Move,1243,398
73.033,73.033,NoButton,Move,1245,371
73.05,73.05,NoButton,Move,1246,352
73.067,73.067,NoButton,Move,1247,346
73.083,73.083,NoButton,Move,1247,344
73.109,73.109,NoButton,Move,1247,344
73.117,73.117,NoButton,Move,1247,344
73.308,73.308,NoButton,Move,1247,344
73.315,73.315,NoButton,Move,1245,341
73.322,73.322,NoButton,Move,1241,336
73.333,73.333,NoButton,Move,1237,328
73.349,73.349,NoButton,Move,1224,298
73.366,73.366,NoButton,Move,1204,233
73.38,73.38,NoButton,Move,1198,193
73.396,73.396,NoButton,Move,1191,152
73.413,73.413,NoButton,Move,1188,136
73.429,73.429,NoButton,Move,1184,115
73.444,73.444,NoButton,Move,1182,106
73.462,73.462,NoButton,Move,1182,104
73.513,73.513,NoButton,Move,1182,104
73.688,73.688,NoButton,Move,1182,104
73.694,73.694,NoButton,Move,1177,104
73.70100000000001,73.70100000000001,NoButton,Move,1171,104
73.712,73.712,NoButton,Move,1165,104
73.72800000000001,73.72800000000001,NoButton,Move,1157,105
73.745,73.745,NoButton,Move,1118,111
73.759,73.759,NoButton,Move,1064,122
73.776,73.776,NoButton,Move,976,143
73.791,73.791,NoButton,Move,879,170
73.808,73.808,NoButton,Move,843,182
73.824,73.824,NoButton,Move,806,192
73.84100000000001,73.84100000000001,NoButton,Move,788,198
73.859,73.859,NoButton,Move,773,201
73.875,73.875,NoButton,Move,772,201
73.89,73.89,NoButton,Move,772,201
74.083,74.083,NoButton,Move,763,201
74.089,74.089,NoButton,Move,752,201
74.098,74.098,NoButton,Move,736,201
74.108,74.108,NoButton,Move,717,201
74.125,74.125,NoButton,Move,668,201
74.14,74.14,NoButton,Move,585,211
74.156,74.156,NoButton,Move,505,231
74.171,74.171,NoButton,Move,460,245
74.187,74.187,NoButton,Move,370,276
74.203,74.203,NoButton,Move,360,278
74.221,74.221,NoButton,Move,339,284
74.237,74.237,NoButton,Move,325,287
74.253,74.253,NoButton,Move,319,288
74.45400000000001,74.45400000000001,NoButton,Move,318,288
74.46000000000001,74.46000000000001,NoButton,Move,312,288
74.46900000000001,74.46900000000001,NoButton,Move,304,288
74.487,74.487,NoButton,Move,277,287
74.504,74.504,NoButton,Move,242,287
74.519,74.519,NoButton,Move,188,296
74.538,74.538,NoButton,Move,143,306
74.556,74.556,NoButton,Move,96,317
74.57300000000001,74.57300000000001,NoButton,Move,84,320
74.59100000000001,74.59100000000001,NoButton,Move,67,324
74.608,74.608,NoButton,Move,62,325
74.806,74.806,NoButton,Move,62,328
74.81,74.81,NoButton,Move,62,334
74.825,74.825,NoButton,Move,63,349
74.846,74.846,NoButton,Move,65,358
74.859,74.859,NoButton,Move,71,390
74.874,74.874,NoButton,Move,81,434
74.891,74.891,NoButton,Move,87,463
74.908,74.908,NoButton,Move,97,502
74.926,74.926,NoButton,Move,105,535
74.943,74.943,NoButton,Move,111,554
74.96000000000001,74.96000000000001,NoButton,Move,116,571
74.976,74.976,NoButton,Move,118,578
74.993,74.993,NoButton,Move,120,583
75.01,75.01,NoButton,Move,121,584
75.025,75.025,NoButton,Move,121,582
75.188,75.188,NoButton,Move,121,582
75.193,75.193,NoButton,Move,126,581
75.21000000000001,75.21000000000001,NoButton,Move,136,578
75.226,75.226,NoButton,Move,163,572
75.243,75.243,NoButton,Move,203,565
75.259,75.259,NoButton,Move,295,554
75.275,75.275,NoButton,Move,406,546
75.292,75.292,NoButton,Move,477,542
75.309,75.309,NoButton,Move,524,540
75.325,75.325,NoButton,Move,538,540
75.342,75.342,NoButton,Move,557,538
75.359,75.359,NoButton,Move,563,538
75.374,75.374,NoButton,Move,565,538
75.392,75.392,NoButton,Move,564,538
75.408,75.408,NoButton,Move,559,538
75.575,75.575,NoButton,Move,561,536
75.581,75.581,NoButton,Move,568,529
75.59100000000001,75.59100000000001,NoButton,Move,579,522
75.608,75.608,NoButton,Move,609,506
75.624,75.624,NoButton,Move,693,471
75.641,75.641,NoButton,Move,804,441
75.66,75.66,NoButton,Move,922,423
75.677,75.677,NoButton,Move,996,419
75.694,75.694,NoButton,Move,1051,418
75.711,75.711,NoButton,Move,1079,418
75.729,75.729,NoButton,Move,1095,418
75.745,75.745,NoButton,Move,1105,419
75.761,75.761,NoButton,Move,1108,419
75.778,75.778,NoButton,Move,1108,419
75.938,75.938,NoButton,Move,1108,419
75.943,75.943,NoButton,Move,1115,415
75.952,75.952,NoButton,Move,1124,411
75.962,75.962,NoButton,Move,1136,405
75.97800000000001,75.97800000000001,NoButton,Move,1164,396
75.994,75.994,NoButton,Move,1209,383
76.01,76.01,NoButton,Move,1237,376
76.025,76.025,NoButton,Move,1258,372
76.042,76.042,NoButton,Move,1279,367
76.058,76.058,NoButton,Move,1294,363
76.074,76.074,NoButton,Move,1300,362
76.09100000000001,76.09100000000001,NoButton,Move,1302,362
76.108,76.108,NoButton,Move,1303,362
76.124,76.124,NoButton,Move,1303,362
76.26,76.26,NoButton,Move,1303,361
76.265,76.265,NoButton,Move,1303,347
76.275,76.275,NoButton,Move,1302,332
76.291,76.291,NoButton,Move,1302,293
76.308,76.308,NoButton,Move,1301,226
76.324,76.324,NoButton,Move,1301,125
76.345,76.345,NoButton,Move,1301,77
76.362,76.362,NoButton,Move,1301,64
76.379,76.379,NoButton,Move,1301,46
76.396,76.396,NoButton,Move,1301,40
76.413,76.413,NoButton,Move,1302,37
76.43,76.43,NoButton,Move,1305,37
76.446,76.446,NoButton,Move,1306,37
76.605,76.605,NoButton,Move,1306,38
76.611,76.611,NoButton,Move,1303,45
76.62,76.62,NoButton,Move,1300,54
76.63,76.63,NoButton,Move,1297,66
76.645,76.645,NoButton,Move,1292,95
76.66,76.66,NoButton,Move,1289,108
76.677,76.677,NoButton,Move,1281,153
76.692,76.692,NoButton,Move,1268,208
76.708,76.708,NoButton,Move,1259,243
76.726,76.726,NoButton,Move,1251,271
76.743,76.743,NoButton,Move,1246,289
76.759,76.759,NoButton,Move,1242,302
76.775,76.775,NoButton,Move,1241,307
76.791,76.791,NoButton,Move,1241,309
76.808,76.808,NoButton,Move,1241,308
76.968,76.968,NoButton,Move,1229,308
76.973,76.973,NoButton,Move,1219,305
76.983,76.983,NoButton,Move,1209,302
76.993,76.993,NoButton,Move,1195,299
77.008,77.008,NoButton,Move,1180,297
77.026,77.026,NoButton,Move,1101,288
77.039,77.039,NoButton,Move,1036,284
77.056,77.056,NoButton,Move,959,279
77.072,77.072,NoButton,Move,898,274
77.089,77.089,NoButton,Move,853,268
77.106,77.106,NoButton,Move,820,261
77.122,77.122,NoButton,Move,802,256
77.139,77.139,NoButton,Move,790,251
77.155,77.155,NoButton,Move,786,250
77.171,77.171,NoButton,Move,787,250
77.355,77.355,NoButton,Move,781,250
77.362,77.362,NoButton,Move,767,250
77.372,77.372,NoButton,Move,752,250
77.388,77.388,NoButton,Move,714,250
77.405,77.405,NoButton,Move,669,250
77.421,77.421,NoButton,Move,574,259
77.44,77.44,NoButton,Move,507,266
77.45700000000001,77.45700000000001,NoButton,Move,453,274
77.474,77.474,NoButton,Move,416,278
77.492,77.492,NoButton,Move,392,281
77.508,77.508,NoButton,Move,376,281
77.526,77.526,NoButton,Move,370,281
77.542,77.542,NoButton,Move,368,281
77.558,77.558,NoButton,Move,368,282
77.717,77.717,NoButton,Move,365,279
77.72500000000001,77.72500000000001,NoButton,Move,359,275
77.742,77.742,NoButton,Move,347,262
77.759,77.759,NoButton,Move,332,246
77.774,77.774,NoButton,Move,318,229
77.79,77.79,NoButton,Move,310,221
77.804,77.804,NoButton,Move,292,204
77.821,77.821,NoButton,Move,279,194
77.837,77.837,NoButton,Move,270,187
77.854,77.854,NoButton,Move,265,184
77.87,77.87,NoButton,Move,264,183
78.147,78.147,NoButton,Move,265,183
78.153,78.153,NoButton,Move,269,183
78.16,78.16,NoButton,Move,276,183
78.17,78.17,NoButton,Move,289,183
78.186,78.186,NoButton,Move,306,183
78.202,78.202,NoButton,Move,417,182
78.218,78.218,NoButton,Move,467,182
78.234,78.234,NoButton,Move,573,182
78.25,78.25,NoButton,Move,644,182
78.267,78.267,NoButton,Move,673,184
78.284,78.284,NoButton,Move,697,186
78.301,78.301,NoButton,Move,716,187
78.317,78.317,NoButton,Move,721,188
78.333,78.333,NoButton,Move,723,188
78.55,78.55,NoButton,Move,729,187
78.557,78.557,NoButton,Move,742,185
78.567,78.567,NoButton,Move,758,182
78.58200000000001,78.58200000000001,NoButton,Move,793,180
78.598,78.598,NoButton,Move,836,179
78.615,78.615,NoButton,Move,902,179
78.634,78.634,NoButton,Move,1001,179
78.651,78.651,NoButton,Move,1077,179
78.669,78.669,NoButton,Move,1115,180
78.686,78.686,NoButton,Move,1140,180
78.703,78.703,NoButton,Move,1153,180
78.71900000000001,78.71900000000001,NoButton,Move,1163,181
78.736,78.736,NoButton,Move,1166,181
78.753,78.753,NoButton,Move,1166,181
78.979,78.979,NoButton,Move,1165,185
78.986,78.986,NoButton,Move,1159,212
78.993,78.993,NoButton,Move,1145,270
79.003,79.003,NoButton,Move,1133,316
79.02,79.02,NoButton,Move,1104,414
79.035,79.035,NoButton,Move,1079,490
79.051,79.051,NoButton,Move,1063,534
79.067,79.067,NoButton,Move,1052,559
79.083,79.083,NoButton,Move,1040,587
79.10000000000001,79.10000000000001,NoButton,Move,1032,604
79.117,79.117,NoButton,Move,1029,610
79.133,79.133,NoButton,Move,1028,612
79.149,79.149,NoButton,Move,1028,611
79.166,79.166,NoButton,Move,1029,602
79.34100000000001,79.34100000000001,NoButton,Move,1029,602
79.349,79.349,NoButton,Move,1027,615
79.366,79.366,NoButton,Move,1015,654
79.382,79.382,NoButton,Move,1001,705
79.399,79.399,NoButton,Move,972,811
79.415,79.415,NoButton,Move,963,819
79.43,79.43,NoButton,Move,933,819
79.44500000000002,79.44500000000002,NoButton,Move,922,819
79.462,79.462,NoButton,Move,913,819
79.479,79.479,NoButton,Move,906,819
79.493,79.493,NoButton,Move,903,819
79.511,79.511,NoButton,Move,903,819
79.528,79.528,NoButton,Move,903,818
79.712,79.712,NoButton,Move,895,818
79.71900000000001,79.71900000000001,NoButton,Move,886,815
79.727,79.727,NoButton,Move,874,813
79.747,79.747,NoButton,Move,847,810
79.761,79.761,NoButton,Move,813,809
79.778,79.778,NoButton,Move,759,808
79.797,79.797,NoButton,Move,687,809
79.814,79.814,NoButton,Move,621,816
79.83,79.83,NoButton,Move,584,819
79.848,79.848,NoButton,Move,561,819
79.865,79.865,NoButton,Move,548,819
79.883,79.883,NoButton,Move,540,819
79.898,79.898,NoButton,Move,537,819
80.108,80.108,NoButton,Move,536,819
80.115,80.115,NoButton,Move,529,819
80.131,80.131,NoButton,Move,520,819
80.15,80.15,NoButton,Move,467,817
80.164,80.164,NoButton,Move,401,817
80.18,80.18,NoButton,Move,352,817
80.19500000000002,80.19500000000002,NoButton,Move,279,817
80.211,80.211,NoButton,Move,194,819
80.22800000000001,80.22800000000001,NoButton,Move,150,819
80.246,80.246,NoButton,Move,117,819
80.262,80.262,NoButton,Move,99,819
80.279,80.279,NoButton,Move,86,819
80.295,80.295,NoButton,Move,82,819
80.311,80.311,NoButton,Move,81,819
80.529,80.529,NoButton,Move,73,819
80.535,80.535,NoButton,Move,64,819
80.546,80.546,NoButton,Move,54,818
80.561,80.561,NoButton,Move,28,816
80.581,80.581,NoButton,Move,0,815
80.59400000000001,80.59400000000001,NoButton,Move,0,815
80.614,80.614,NoButton,Move,0,815
80.631,80.631,NoButton,Move,0,815
80.648,80.648,NoButton,Move,0,815
80.665,80.665,NoButton,Move,0,815
80.681,80.681,NoButton,Move,0,815
80.697,80.697,NoButton,Move,0,815
80.95700000000001,80.95700000000001,NoButton,Move,0,813
80.965,80.965,NoButton,Move,0,812
80.98100000000001,80.98100000000001,NoButton,Move,0,808
81.002,81.002,NoButton,Move,0,806
81.015,81.015,NoButton,Move,0,801
81.029,81.029,NoButton,Move,0,797
81.045,81.045,NoButton,Move,0,797
81.062,81.062,NoButton,Move,0,794
81.137,81.137,NoButton,Move,0,793
81.687,81.687,NoButton,Move,268,783
81.705,81.705,NoButton,Move,373,783
81.711,81.711,NoButton,Move,426,783
81.735,81.735,NoButton,Move,532,796
81.752,81.752,NoButton,Move,591,808
81.769,81.769,NoButton,Move,636,819
81.778,81.778,NoButton,Move,665,819
81.802,81.802,NoButton,Move,682,819
81.818,81.818,NoButton,Move,694,819
82.068,82.068,NoButton,Move,681,819
82.078,82.078,NoButton,Move,671,819
82.09400000000001,82.09400000000001,NoButton,Move,652,819
82.102,82.102,NoButton,Move,645,819
82.112,82.112,NoButton,Move,640,819
82.129,82.129,NoButton,Move,633,819
82.145,82.145,NoButton,Move,630,819
82.2,82.2,NoButton,Move,624,819
82.20100000000001,82.20100000000001,NoButton,Move,623,819
82.212,82.212,NoButton,Move,623,819
82.23,82.23,NoButton,Move,627,819
82.416,82.416,NoButton,Move,627,819
82.423,82.423,NoButton,Move,627,819
82.43,82.43,NoButton,Move,627,819
82.447,82.447,NoButton,Move,627,819
82.46300000000001,82.46300000000001,NoButton,Move,627,819
82.479,82.479,NoButton,Move,625,819
82.501,82.501,NoButton,Move,620,819
82.518,82.518,NoButton,Move,619,819
82.534,82.534,NoButton,Move,617,819
82.551,82.551,NoButton,Move,616,819
82.568,82.568,NoButton,Move,616,819
82.586,82.586,NoButton,Move,616,819
82.602,82.602,NoButton,Move,617,818
82.744,82.744,NoButton,Move,617,817
82.76,82.76,NoButton,Move,617,794
82.769,82.769,NoButton,Move,619,777
82.789,82.789,NoButton,Move,623,757
82.805,82.805,NoButton,Move,633,693
82.821,82.821,NoButton,Move,656,579
82.839,82.839,NoButton,Move,666,538
82.855,82.855,NoButton,Move,676,507
82.87,82.87,NoButton,Move,681,498
82.886,82.886,NoButton,Move,686,491
82.903,82.903,NoButton,Move,689,489
82.92,82.92,NoButton,Move,691,488
82.937,82.937,NoButton,Move,692,488
82.953,82.953,NoButton,Move,694,491
82.97,82.97,NoButton,Move,695,501
82.987,82.987,NoButton,Move,696,529
83.002,83.002,NoButton,Move,698,591
83.02,83.02,NoButton,Move,704,644
83.037,83.037,NoButton,Move,716,711
83.053,83.053,NoButton,Move,728,754
83.07000000000002,83.07000000000002,NoButton,Move,737,783
83.087,83.087,NoButton,Move,746,810
83.10300000000001,83.10300000000001,NoButton,Move,751,819
83.119,83.119,NoButton,Move,755,819
83.136,83.136,NoButton,Move,756,819
83.154,83.154,NoButton,Move,758,819
83.34700000000001,83.34700000000001,NoButton,Move,758,819
83.354,83.354,NoButton,Move,765,815
83.37,83.37,NoButton,Move,776,810
83.387,83.387,NoButton,Move,830,790
83.404,83.404,NoButton,Move,909,774
83.419,83.419,NoButton,Move,929,772
83.435,83.435,NoButton,Move,1010,768
83.45100000000001,83.45100000000001,NoButton,Move,1081,768
83.467,83.467,NoButton,Move,1117,768
83.485,83.485,NoButton,Move,1140,768
83.501,83.501,NoButton,Move,1153,770
83.518,83.518,NoButton,Move,1164,770
83.534,83.534,NoButton,Move,1167,770
83.551,83.551,NoButton,Move,1169,770
83.567,83.567,NoButton,Move,1169,771
83.717,83.717,NoButton,Move,1169,771
83.72500000000001,83.72500000000001,NoButton,Move,1171,760
83.734,83.734,NoButton,Move,1180,747
83.752,83.752,NoButton,Move,1197,720
83.768,83.768,NoButton,Move,1219,695
83.784,83.784,NoButton,Move,1247,659
83.802,83.802,NoButton,Move,1267,634
83.819,83.819,NoButton,Move,1281,618
83.836,83.836,NoButton,Move,1290,606
83.85300000000001,83.85300000000001,NoButton,Move,1294,602
83.87,83.87,NoButton,Move,1295,600
83.887,83.887,NoButton,Move,1295,600
83.95700000000001,83.95700000000001,Left,Pressed,1295,600
84.238,84.238,NoButton,Move,1295,600
84.243,84.243,NoButton,Move,1295,596
84.253,84.253,NoButton,Move,1295,588
84.27,84.27,NoButton,Move,1295,566
84.287,84.287,NoButton,Move,1295,555
84.303,84.303,NoButton,Move,1295,540
84.65,84.65,NoButton,Move,1294,540
84.656,84.656,NoButton,Move,1289,540
84.674,84.674,NoButton,Move,1272,540
84.691,84.691,NoButton,Move,1251,540
84.708,84.708,NoButton,Move,1223,540
84.72200000000001,84.72200000000001,NoButton,Move,1152,538
84.738,84.738,NoButton,Move,1114,538
84.753,84.753,NoButton,Move,1044,538
84.771,84.771,NoButton,Move,997,543
84.787,84.787,NoButton,Move,951,548
84.802,84.802,NoButton,Move,939,550
84.819,84.819,NoButton,Move,923,551
84.836,84.836,NoButton,Move,917,551
84.85300000000001,84.85300000000001,NoButton,Move,916,551
85.037,85.037,NoButton,Move,914,551
85.042,85.042,NoButton,Move,903,549
85.053,85.053,NoButton,Move,890,545
85.069,85.069,NoButton,Move,855,536
85.086,85.086,NoButton,Move,811,526
85.10300000000001,85.10300000000001,NoButton,Move,719,504
85.122,85.122,NoButton,Move,662,493
85.139,85.139,NoButton,Move,615,485
85.156,85.156,NoButton,Move,583,480
85.175,85.175,NoButton,Move,563,476
85.19,85.19,NoButton,Move,549,474
85.206,85.206,NoButton,Move,543,472
85.224,85.224,NoButton,Move,543,472
85.424,85.424,NoButton,Move,542,472
85.431,85.431,NoButton,Move,537,470
85.442,85.442,NoButton,Move,531,467
85.45700000000001,85.45700000000001,NoButton,Move,514,455
85.474,85.474,NoButton,Move,483,426
85.49,85.49,NoButton,Move,430,373
85.509,85.509,NoButton,Move,379,318
85.527,85.527,NoButton,Move,348,281
85.543,85.543,NoButton,Move,326,256
85.562,85.562,NoButton,Move,304,235
85.57900000000001,85.57900000000001,NoButton,Move,296,228
85.59400000000001,85.59400000000001,NoButton,Move,290,223
85.611,85.611,NoButton,Move,289,222
85.779,85.779,NoButton,Move,289,221
85.785,85.785,NoButton,Move,289,206
85.794,85.794,NoButton,Move,296,188
85.811,85.811,NoButton,Move,317,142
85.827,85.827,NoButton,Move,355,77
85.84400000000001,85.84400000000001,NoButton,Move,381,47
85.864,85.864,NoButton,Move,424,1
86.156,86.156,NoButton,Move,563,8
86.158,86.158,NoButton,Move,563,8
86.165,86.165,NoButton,Move,593,22
86.184,86.184,NoButton,Move,684,63
86.199,86.199,NoButton,Move,741,89
86.217,86.217,NoButton,Move,816,120
86.233,86.233,NoButton,Move,883,152
86.25,86.25,NoButton,Move,924,171
86.267,86.267,NoButton,Move,966,191
86.284,86.284,NoButton,Move,976,196
86.3,86.3,NoButton,Move,991,203
86.317,86.317,NoButton,Move,998,205
86.496,86.496,NoButton,Move,1000,205
86.502,86.502,NoButton,Move,1006,204
86.518,86.518,NoButton,Move,1015,204
86.534,86.534,NoButton,Move,1041,202
86.55,86.55,NoButton,Move,1073,201
86.566,86.566,NoButton,Move,1138,198
86.583,86.583,NoButton,Move,1202,196
86.599,86.599,NoButton,Move,1239,195
86.616,86.616,NoButton,Move,1251,194
86.634,86.634,NoButton,Move,1269,193
86.65,86.65,NoButton,Move,1277,192
86.666,86.666,NoButton,Move,1280,191
86.682,86.682,NoButton,Move,1281,191
86.85900000000001,86.85900000000001,NoButton,Move,1275,195
86.864,86.864,NoButton,Move,1269,203
86.872,86.872,NoButton,Move,1262,213
86.881,86.881,NoButton,Move,1255,227
86.899,86.899,NoButton,Move,1238,261
86.916,86.916,NoButton,Move,1225,289
86.931,86.931,NoButton,Move,1219,301
86.947,86.947,NoButton,Move,1203,331
86.96300000000001,86.96300000000001,NoButton,Move,1189,358
86.98,86.98,NoButton,Move,1183,367
86.994,86.994,NoButton,Move,1179,375
87.011,87.011,NoButton,Move,1178,378
87.028,87.028,NoButton,Move,1177,378
87.045,87.045,NoButton,Move,1177,379
87.238,87.238,NoButton,Move,1177,379
87.244,87.244,NoButton,Move,1174,383
87.253,87.253,NoButton,Move,1168,389
87.263,87.263,NoButton,Move,1161,396
87.279,87.279,NoButton,Move,1139,420
87.295,87.295,NoButton,Move,1096,456
87.31,87.31,NoButton,Move,1070,474
87.32600000000001,87.32600000000001,NoButton,Move,1007,509
87.342,87.342,NoButton,Move,943,538
87.358,87.358,NoButton,Move,902,551
87.375,87.375,NoButton,Move,871,560
87.392,87.392,NoButton,Move,855,563
87.409,87.409,NoButton,Move,843,565
87.425,87.425,NoButton,Move,839,566
87.441,87.441,NoButton,Move,838,566
87.642,87.642,NoButton,Move,837,566
87.647,87.647,NoButton,Move,833,566
87.657,87.657,NoButton,Move,828,565
87.674,87.674,NoButton,Move,812,563
87.691,87.691,NoButton,Move,785,561
87.708,87.708,NoButton,Move,710,559
87.727,87.727,NoButton,Move,616,559
87.743,87.743,NoButton,Move,548,563
87.761,87.761,NoButton,Move,491,570
87.779,87.779,NoButton,Move,452,574
87.795,87.795,NoButton,Move,430,577
87.812,87.812,NoButton,Move,416,578
88.054,88.054,NoButton,Move,412,578
88.06,88.06,NoButton,Move,408,578
88.067,88.067,NoButton,Move,401,578
88.078,88.078,NoButton,Move,392,578
88.095,88.095,NoButton,Move,367,576
88.112,88.112,NoButton,Move,337,575
88.126,88.126,NoButton,Move,275,572
88.142,88.142,NoButton,Move,261,572
88.158,88.158,NoButton,Move,201,572
88.174,88.174,NoButton,Move,170,572
88.191,88.191,NoButton,Move,142,572
88.206,88.206,NoButton,Move,133,572
88.223,88.223,NoButton,Move,129,572
88.392,88.392,NoButton,Move,127,571
88.397,88.397,NoButton,Move,125,567
88.407,88.407,NoButton,Move,122,558
88.423,88.423,NoButton,Move,118,524
88.441,88.441,NoButton,Move,114,465
88.458,88.458,NoButton,Move,112,329
88.477,88.477,NoButton,Move,112,277
88.494,88.494,NoButton,Move,113,225
88.511,88.511,NoButton,Move,114,194
88.529,88.529,NoButton,Move,116,176
88.545,88.545,NoButton,Move,116,169
88.562,88.562,NoButton,Move,117,168
88.578,88.578,NoButton,Move,119,168
88.779,88.779,NoButton,Move,122,167
88.785,88.785,NoButton,Move,129,165
88.795,88.795,NoButton,Move,142,161
88.812,88.812,NoButton,Move,175,154
88.831,88.831,NoButton,Move,259,140
88.845,88.845,NoButton,Move,351,134
88.865,88.865,NoButton,Move,408,134
88.881,88.881,NoButton,Move,457,134
88.898,88.898,NoButton,Move,504,138
88.915,88.915,NoButton,Move,526,141
88.931,88.931,NoButton,Move,538,142
88.949,88.949,NoButton,Move,543,142
89.117,89.117,NoButton,Move,544,142
89.123,89.123,NoButton,Move,550,142
89.133,89.133,NoButton,Move,561,138
89.15,89.15,NoButton,Move,594,131
89.166,89.166,NoButton,Move,634,125
89.183,89.183,NoButton,Move,727,116
89.202,89.202,NoButton,Move,798,116
89.218,89.218,NoButton,Move,858,116
89.236,89.236,NoButton,Move,913,119
89.253,89.253,NoButton,Move,938,121
89.271,89.271,NoButton,Move,951,123
89.287,89.287,NoButton,Move,961,123
89.512,89.512,NoButton,Move,962,123
89.52,89.52,NoButton,Move,971,117
89.537,89.537,NoButton,Move,993,105
89.554,89.554,NoButton,Move,1022,93
89.571,89.571,NoButton,Move,1077,72
89.586,89.586,NoButton,Move,1112,62
89.601,89.601,NoButton,Move,1119,60
89.617,89.617,NoButton,Move,1147,52
89.633,89.633,NoButton,Move,1157,49
89.65,89.65,NoButton,Move,1164,48
89.667,89.667,NoButton,Move,1166,47
89.682,89.682,NoButton,Move,1167,47
89.85000000000001,89.85000000000001,NoButton,Move,1164,55
89.857,89.857,NoButton,Move,1159,66
89.866,89.866,NoButton,Move,1154,84
89.882,89.882,NoButton,Move,1144,115
89.899,89.899,NoButton,Move,1136,144
89.916,89.916,NoButton,Move,1128,167
89.935,89.935,NoButton,Move,1114,206
89.952,89.952,NoButton,Move,1106,224
89.968,89.968,NoButton,Move,1101,237
89.986,89.986,NoButton,Move,1097,246
90.004,90.004,NoButton,Move,1096,249
90.021,90.021,NoButton,Move,1095,250
90.037,90.037,NoButton,Move,1095,251
90.22,90.22,NoButton,Move,1090,251
90.227,90.227,NoButton,Move,1085,254
90.23700000000001,90.23700000000001,NoButton,Move,1077,257
90.254,90.254,NoButton,Move,1054,268
90.272,90.272,NoButton,Move,1028,280
90.288,90.288,NoButton,Move,1015,285
90.306,90.306,NoButton,Move,944,307
90.322,90.322,NoButton,Move,882,315
90.34,90.34,NoButton,Move,820,320
90.355,90.355,NoButton,Move,786,321
90.373,90.373,NoButton,Move,765,322
90.39,90.39,NoButton,Move,754,323
90.407,90.407,NoButton,Move,748,323
90.423,90.423,NoButton,Move,746,325
90.691,90.691,NoButton,Move,745,325
90.697,90.697,NoButton,Move,741,325
90.706,90.706,NoButton,Move,733,323
90.723,90.723,NoButton,Move,713,320
90.74,90.74,NoButton,Move,683,315
90.757,90.757,NoButton,Move,594,309
90.776,90.776,NoButton,Move,505,309
90.792,90.792,NoButton,Move,445,313
90.81,90.81,NoButton,Move,375,326
90.827,90.827,NoButton,Move,333,336
90.845,90.845,NoButton,Move,301,342
90.86200000000001,90.86200000000001,NoButton,Move,275,348
90.878,90.878,NoButton,Move,266,350
90.895,90.895,NoButton,Move,260,351
90.91,90.91,NoButton,Move,259,352
91.119,91.119,NoButton,Move,251,353
91.126,91.126,NoButton,Move,240,357
91.134,91.134,NoButton,Move,229,360
91.144,91.144,NoButton,Move,218,364
91.161,91.161,NoButton,Move,195,372
91.175,91.175,NoButton,Move,179,378
91.191,91.191,NoButton,Move,173,379
91.208,91.208,NoButton,Move,164,383
91.22200000000001,91.22200000000001,NoButton,Move,150,386
91.24,91.24,NoButton,Move,145,388
91.257,91.257,NoButton,Move,144,388
91.273,91.273,NoButton,Move,144,389
91.449,91.449,NoButton,Move,144,389
91.455,91.455,NoButton,Move,144,395
91.46300000000001,91.46300000000001,NoButton,Move,144,404
91.473,91.473,NoButton,Move,144,416
91.49,91.49,NoButton,Move,149,444
91.505,91.505,NoButton,Move,157,476
91.521,91.521,NoButton,Move,164,506
91.538,91.538,NoButton,Move,174,546
91.553,91.553,NoButton,Move,181,578
91.569,91.569,NoButton,Move,187,598
91.586,91.586,NoButton,Move,190,613
91.60300000000001,91.60300000000001,NoButton,Move,192,619
91.62,91.62,NoButton,Move,192,621
91.636,91.636,NoButton,Move,193,621
91.787,91.787,NoButton,Move,195,621
91.794,91.794,NoButton,Move,203,620
91.803,91.803,NoButton,Move,213,618
91.819,91.819,NoButton,Move,246,613
91.836,91.836,NoButton,Move,287,608
91.85300000000001,91.85300000000001,NoButton,Move,381,599
91.873,91.873,NoButton,Move,492,595
91.89,91.89,NoButton,Move,601,595
91.906,91.906,NoButton,Move,661,600
91.924,91.924,NoButton,Move,702,606
91.942,91.942,NoButton,Move,726,611
91.958,91.958,NoButton,Move,739,614
91.974,91.974,NoButton,Move,747,616
91.99,91.99,NoButton,Move,749,617
92.167,92.167,NoButton,Move,750,617
92.173,92.173,NoButton,Move,762,613
92.18,92.18,NoButton,Move,776,609
92.19,92.19,NoButton,Move,794,605
92.20700000000001,92.20700000000001,NoButton,Move,839,600
92.223,92.223,NoButton,Move,943,593
92.238,92.238,NoButton,Move,968,593
92.255,92.255,NoButton,Move,1060,593
92.271,92.271,NoButton,Move,1085,593
92.287,92.287,NoButton,Move,1111,594
92.304,92.304,NoButton,Move,1130,595
92.321,92.321,NoButton,Move,1137,596
92.336,92.336,NoButton,Move,1138,596
92.35300000000001,92.35300000000001,NoButton,Move,1139,597
92.497,92.497,NoButton,Move,1137,593
92.502,92.502,NoButton,Move,1135,585
92.519,92.519,NoButton,Move,1133,570
92.537,92.537,NoButton,Move,1131,483
92.553,92.553,NoButton,Move,1131,328
92.568,92.568,NoButton,Move,1142,219
92.584,92.584,NoButton,Move,1146,197
92.601,92.601,NoButton,Move,1150,173
92.617,92.617,NoButton,Move,1155,150
92.634,92.634,NoButton,Move,1160,134
92.65,92.65,NoButton,Move,1163,128
92.666,92.666,NoButton,Move,1165,127
92.683,92.683,NoButton,Move,1168,127
92.85900000000001,92.85900000000001,NoButton,Move,1164,127
92.864,92.864,NoButton,Move,1159,127
92.872,92.872,NoButton,Move,1150,127
92.883,92.883,NoButton,Move,1140,127
92.9,92.9,NoButton,Move,1117,129
92.917,92.917,NoButton,Move,1065,136
92.93,92.93,NoButton,Move,1021,142
92.947,92.947,NoButton,Move,917,158
92.96300000000001,92.96300000000001,NoButton,Move,838,172
92.979,92.979,NoButton,Move,748,185
92.996,92.996,NoButton,Move,725,187
93.013,93.013,NoButton,Move,705,189
93.028,93.028,NoButton,Move,692,190
93.045,93.045,NoButton,Move,688,191
93.061,93.061,NoButton,Move,689,191
93.22,93.22,NoButton,Move,687,191
93.22800000000001,93.22800000000001,NoButton,Move,680,191
93.246,93.246,NoButton,Move,658,190
93.262,93.262,NoButton,Move,623,190
93.278,93.278,NoButton,Move,561,190
93.292,93.292,NoButton,Move,516,194
93.308,93.308,NoButton,Move,453,205
93.324,93.324,NoButton,Move,398,216
93.339,93.339,NoButton,Move,359,223
93.357,93.357,NoButton,Move,337,226
93.373,93.373,NoButton,Move,322,228
93.39,93.39,NoButton,Move,319,229
93.407,93.407,NoButton,Move,317,229
93.584,93.584,NoButton,Move,317,230
93.59,93.59,NoButton,Move,317,239
93.60600000000001,93.60600000000001,NoButton,Move,316,251
93.623,93.623,NoButton,Move,313,282
93.64,93.64,NoButton,Move,308,346
93.655,93.655,NoButton,Move,307,375
93.671,93.671,NoButton,Move,305,412
93.688,93.688,NoButton,Move,303,450
93.703,93.703,NoButton,Move,301,467
93.721,93.721,NoButton,Move,301,479
93.738,93.738,NoButton,Move,301,489
93.754,93.754,NoButton,Move,301,493
93.771,93.771,NoButton,Move,301,494
93.787,93.787,NoButton,Move,302,494
93.971,93.971,NoButton,Move,302,495
93.977,93.977,NoButton,Move,306,498
93.98700000000001,93.98700000000001,NoButton,Move,310,501
94.004,94.004,NoButton,Move,324,508
94.021,94.021,NoButton,Move,355,518
94.038,94.038,NoButton,Move,411,529
94.056,94.056,NoButton,Move,521,537
94.07300000000001,94.07300000000001,NoButton,Move,624,541
94.09,94.09,NoButton,Move,730,547
94.107,94.107,NoButton,Move,796,551
94.125,94.125,NoButton,Move,846,555
94.141,94.141,NoButton,Move,861,556
94.158,94.158,NoButton,Move,879,557
94.174,94.174,NoButton,Move,888,557
94.343,94.343,NoButton,Move,888,557
94.349,94.349,NoButton,Move,894,551
94.35900000000001,94.35900000000001,NoButton,Move,904,544
94.374,94.374,NoButton,Move,931,526
94.391,94.391,NoButton,Move,962,511
94.408,94.408,NoButton,Move,1033,479
94.428,94.428,NoButton,Move,1103,454
94.44500000000002,94.44500000000002,NoButton,Move,1149,442
94.462,94.462,NoButton,Move,1193,430
94.47800000000001,94.47800000000001,NoButton,Move,1211,426
94.496,94.496,NoButton,Move,1223,424
94.512,94.512,NoButton,Move,1231,422
94.529,94.529,NoButton,Move,1235,421
94.546,94.546,NoButton,Move,1236,421
94.562,94.562,NoButton,Move,1237,421
94.746,94.746,NoButton,Move,1237,420
94.753,94.753,NoButton,Move,1240,417
94.763,94.763,NoButton,Move,1243,414
94.781,94.781,NoButton,Move,1247,409
94.795,94.795,NoButton,Move,1250,401
94.812,94.812,NoButton,Move,1254,387
94.831,94.831,NoButton,Move,1254,357
94.848,94.848,NoButton,Move,1246,322
94.865,94.865,NoButton,Move,1234,293
94.883,94.883,NoButton,Move,1223,273
94.9,94.9,NoButton,Move,1216,262
94.916,94.916,NoButton,Move,1212,254
94.933,94.933,NoButton,Move,1209,251
94.949,94.949,NoButton,Move,1209,250
94.983,94.983,NoButton,Move,1209,252
94.991,94.991,NoButton,Move,1210,254
95.15,95.15,NoButton,Move,1209,254
95.156,95.156,NoButton,Move,1203,254
95.166,95.166,NoButton,Move,1197,253
95.183,95.183,NoButton,Move,1182,250
95.19800000000001,95.19800000000001,NoButton,Move,1159,246
95.215,95.215,NoButton,Move,1114,242
95.235,95.235,NoButton,Move,1011,237
95.252,95.252,NoButton,Move,942,237
95.269,95.269,NoButton,Move,856,242
95.286,95.286,NoButton,Move,811,246
95.304,95.304,NoButton,Move,795,247
95.321,95.321,NoButton,Move,773,248
95.337,95.337,NoButton,Move,765,248
95.529,95.529,NoButton,Move,756,247
95.535,95.535,NoButton,Move,743,246
95.544,95.544,NoButton,Move,727,244
95.554,95.554,NoButton,Move,707,243
95.57000000000002,95.57000000000002,NoButton,Move,664,243
95.586,95.586,NoButton,Move,598,243
95.601,95.601,NoButton,Move,578,245
95.617,95.617,NoButton,Move,487,262
95.633,95.633,NoButton,Move,417,276
95.65,95.65,NoButton,Move,396,281
95.666,95.666,NoButton,Move,374,284
95.683,95.683,NoButton,Move,359,285
95.699,95.699,NoButton,Move,352,285
95.916,95.916,NoButton,Move,345,285
95.922,95.922,NoButton,Move,332,287
95.933,95.933,NoButton,Move,322,290
95.949,95.949,NoButton,Move,288,300
95.96600000000001,95.96600000000001,NoButton,Move,255,313
95.982,95.982,NoButton,Move,229,325
96.001,96.001,NoButton,Move,198,337
96.019,96.019,NoButton,Move,181,345
96.036,96.036,NoButton,Move,171,349
96.053,96.053,NoButton,Move,167,351
96.069,96.069,NoButton,Move,167,351
96.236,96.236,NoButton,Move,167,351
96.243,96.243,NoButton,Move,167,356
96.252,96.252,NoButton,Move,169,362
96.269,96.269,NoButton,Move,175,382
96.286,96.286,NoButton,Move,183,407
96.302,96.302,NoButton,Move,195,444
96.321,96.321,NoButton,Move,204,479
96.339,96.339,NoButton,Move,212,515
96.35600000000001,96.35600000000001,NoButton,Move,215,534
96.372,96.372,NoButton,Move,217,546
96.39,96.39,NoButton,Move,218,556
96.406,96.406,NoButton,Move,219,560
96.422,96.422,NoButton,Move,219,561
96.607,96.607,NoButton,Move,220,561
96.613,96.613,NoButton,Move,227,559
96.622,96.622,NoButton,Move,235,556
96.639,96.639,NoButton,Move,263,550
96.657,96.657,NoButton,Move,313,540
96.673,96.673,NoButton,Move,399,530
96.692,96.692,NoButton,Move,468,529
96.71000000000001,96.71000000000001,NoButton,Move,529,529
96.726,96.726,NoButton,Move,601,529
96.743,96.743,NoButton,Move,631,531
96.76,96.76,NoButton,Move,649,533
96.777,96.777,NoButton,Move,661,534
96.794,96.794,NoButton,Move,666,535
96.93,96.93,NoButton,Move,662,535
96.936,96.936,NoButton,Move,659,531
96.944,96.944,NoButton,Move,655,527
96.961,96.961,NoButton,Move,650,521
96.97800000000001,96.97800000000001,NoButton,Move,633,471
96.995,96.995,NoButton,Move,597,323
97.016,97.016,NoButton,Move,578,199
97.032,97.032,NoButton,Move,565,52
97.049,97.049,NoButton,Move,560,17
97.067,97.067,NoButton,Move,557,3
97.309,97.309,NoButton,Move,547,7
97.311,97.311,NoButton,Move,547,7
97.317,97.317,NoButton,Move,545,15
97.334,97.334,NoButton,Move,544,24
97.35000000000001,97.35000000000001,NoButton,Move,541,60
97.367,97.367,NoButton,Move,541,77
97.384,97.384,NoButton,Move,541,110
97.401,97.401,NoButton,Move,541,143
97.417,97.417,NoButton,Move,541,157
97.434,97.434,NoButton,Move,541,167
97.45100000000001,97.45100000000001,NoButton,Move,541,172
97.468,97.468,NoButton,Move,541,173
97.48400000000001,97.48400000000001,NoButton,Move,541,173
97.60600000000001,97.60600000000001,NoButton,Move,539,180
97.61200000000001,97.61200000000001,NoButton,Move,535,191
97.619,97.619,NoButton,Move,531,203
97.634,97.634,NoButton,Move,526,216
97.651,97.651,NoButton,Move,518,243
97.663,97.663,NoButton,Move,512,266
97.678,97.678,NoButton,Move,505,290
97.694,97.694,NoButton,Move,497,318
97.709,97.709,NoButton,Move,491,338
97.72500000000001,97.72500000000001,NoButton,Move,486,350
97.743,97.743,NoButton,Move,483,359
97.76,97.76,NoButton,Move,482,364
97.776,97.776,NoButton,Move,482,364
97.936,97.936,NoButton,Move,480,364
97.942,97.942,NoButton,Move,476,364
97.958,97.958,NoButton,Move,469,364
97.976,97.976,NoButton,Move,448,357
97.992,97.992,NoButton,Move,403,327
98.007,98.007,NoButton,Move,372,301
98.024,98.024,NoButton,Move,300,235
98.039,98.039,NoButton,Move,250,193
98.056,98.056,NoButton,Move,215,167
98.07300000000001,98.07300000000001,NoButton,Move,181,148
98.089,98.089,NoButton,Move,164,142
98.10600000000001,98.10600000000001,NoButton,Move,147,138
98.123,98.123,NoButton,Move,140,137
98.139,98.139,NoButton,Move,134,137
98.155,98.155,NoButton,Move,132,137
98.315,98.315,NoButton,Move,132,137
98.321,98.321,NoButton,Move,127,137
98.33,98.33,NoButton,Move,121,137
98.339,98.339,NoButton,Move,116,136
98.35600000000001,98.35600000000001,NoButton,Move,105,133
98.372,98.372,NoButton,Move,91,128
98.387,98.387,NoButton,Move,85,124
98.403,98.403,NoButton,Move,67,115
98.419,98.419,NoButton,Move,55,109
98.435,98.435,NoButton,Move,45,103
98.452,98.452,NoButton,Move,41,101
98.468,98.468,NoButton,Move,40,100
98.485,98.485,NoButton,Move,40,100
98.577,98.577,NoButton,Move,40,100
98.58500000000001,98.58500000000001,NoButton,Move,40,100
98.602,98.602,NoButton,Move,41,100
98.619,98.619,NoButton,Move,43,98
98.635,98.635,NoButton,Move,44,98
98.652,98.652,NoButton,Move,46,97
98.669,98.669,NoButton,Move,48,96
98.686,98.686,NoButton,Move,48,96
98.703,98.703,NoButton,Move,49,96
98.774,98.774,Left,Pressed,49,96
