record timestamp,client timestamp,button,state,x,y
2.528,2.528,NoButton,Move,654,317
2.535,2.535,NoButton,Move,652,317
2.548,2.548,NoButton,Move,650,317
2.563,2.563,NoButton,Move,643,315
2.583,2.583,NoButton,Move,634,312
2.6,2.6,NoButton,Move,620,309
2.615,2.615,NoButton,Move,574,298
2.632,2.632,NoButton,Move,498,279
2.649,2.649,NoButton,Move,446,267
2.666,2.666,NoButton,Move,372,252
2.682,2.682,NoButton,Move,322,243
2.698,2.698,NoButton,Move,276,232
2.714,2.714,NoButton,Move,256,227
2.731,2.731,NoButton,Move,247,224
2.748,2.748,NoButton,Move,242,222
2.765,2.765,NoButton,Move,241,222
2.956,2.956,NoButton,Move,240,222
2.964,2.964,NoButton,Move,236,222
2.981,2.981,NoButton,Move,226,222
2.997,2.997,NoButton,Move,216,221
3.015,3.015,NoButton,Move,205,219
3.028,3.028,NoButton,Move,199,217
3.044,3.044,NoButton,Move,185,214
3.059,3.059,NoButton,Move,168,211
3.077,3.077,NoButton,Move,159,209
3.094,3.094,NoButton,Move,152,208
3.11,3.11,NoButton,Move,149,208
3.125,3.125,NoButton,Move,148,208
3.336,3.336,NoButton,Move,148,208
3.342,3.342,NoButton,Move,153,208
3.359,3.359,NoButton,Move,160,208
3.376,3.376,NoButton,Move,182,208
3.391,3.391,NoButton,Move,248,222
3.407,3.407,NoButton,Move,267,228
3.423,3.423,NoButton,Move,339,249
3.44,3.44,NoButton,Move,384,266
3.456,3.456,NoButton,Move,432,283
3.473,3.473,NoButton,Move,453,291
3.489,3.489,NoButton,Move,465,296
3.504,3.504,NoButton,Move,474,300
3.521,3.521,NoButton,Move,477,302
3.539,3.539,NoButton,Move,478,302
3.555,3.555,NoButton,Move,478,303
3.737,3.737,NoButton,Move,482,303
3.744,3.744,NoButton,Move,488,304
3.754,3.754,NoButton,Move,498,306
3.771,3.771,NoButton,Move,528,314
3.7880000000000003,3.7880000000000003,NoButton,Move,564,323
3.8040000000000003,3.8040000000000003,NoButton,Move,616,337
3.823,3.823,NoButton,Move,659,350
3.84,3.84,NoButton,Move,692,358
3.857,3.857,NoButton,Move,708,363
3.874,3.874,NoButton,Move,721,367
3.89,3.89,NoButton,Move,726,368
3.907,3.907,NoButton,Move,727,369
3.924,3.924,NoButton,Move,728,369
4.117,4.117,NoButton,Move,728,369
4.123,4.123,NoButton,Move,735,369
4.131,4.131,NoButton,Move,745,367
4.14,4.14,NoButton,Move,754,365
4.158,4.158,NoButton,Move,781,364
4.172,4.172,NoButton,Move,797,364
4.188,4.188,NoButton,Move,857,363
4.204,4.204,NoButton,Move,896,363
4.222,4.222,NoButton,Move,926,363
4.237,4.237,NoButton,Move,943,363
4.254,4.254,NoButton,Move,956,363
4.271,4.271,NoButton,Move,961,363
4.288,4.288,NoButton,Move,963,363
4.303,4.303,NoButton,Move,964,363
4.321,4.321,NoButton,Move,964,364
4.498,4.498,NoButton,Move,967,364
4.505,4.505,NoButton,Move,982,359
4.521,4.521,NoButton,Move,999,353
4.537,4.537,NoButton,Move,1063,343
4.554,4.554,NoButton,Move,1101,343
4.5680000000000005,4.5680000000000005,NoButton,Move,1139,340
4.586,4.586,NoButton,Move,1182,340
4.601,4.601,NoButton,Move,1215,340
4.618,4.618,NoButton,Move,1241,340
4.634,4.634,NoButton,Move,1245,340
4.852,4.852,NoButton,Move,1245,340
4.8580000000000005,4.8580000000000005,NoButton,Move,1252,336
4.868,4.868,NoButton,Move,1259,331
4.884,4.884,NoButton,Move,1274,319
4.901,4.901,NoButton,Move,1288,309
4.917,4.917,NoButton,Move,1298,301
4.938,4.938,NoButton,Move,1309,294
4.955,4.955,NoButton,Move,1316,289
4.971,4.971,NoButton,Move,1319,286
4.988,4.988,NoButton,Move,1320,286
5.005,5.005,NoButton,Move,1320,286
5.19,5.19,NoButton,Move,1319,284
5.197,5.197,NoButton,Move,1316,280
5.206,5.206,NoButton,Move,1312,272
5.22,5.22,NoButton,Move,1304,252
5.237,5.237,NoButton,Move,1293,219
5.254,5.254,NoButton,Move,1285,193
5.275,5.275,NoButton,Move,1280,178
5.292,5.292,NoButton,Move,1276,167
5.308,5.308,NoButton,Move,1275,162
5.325,5.325,NoButton,Move,1275,161
5.3420000000000005,5.3420000000000005,NoButton,Move,1275,161
5.386,5.386,NoButton,Move,1276,161
5.553,5.553,NoButton,Move,1274,162
5.558,5.558,NoButton,Move,1271,165
5.566,5.566,NoButton,Move,1267,168
5.575,5.575,NoButton,Move,1263,173
5.593,5.593,NoButton,Move,1258,180
5.61,5.61,NoButton,Move,1223,222
5.6240000000000006,5.6240000000000006,NoButton,Move,1210,239
5.64,5.64,NoButton,Move,1191,263
5.657,5.657,NoButton,Move,1166,293
5.674,5.674,NoButton,Move,1154,310
5.691,5.691,NoButton,Move,1145,321
5.707,5.707,NoButton,Move,1139,330
5.723,5.723,NoButton,Move,1136,333
5.739,5.739,NoButton,Move,1136,334
5.915,5.915,NoButton,Move,1136,335
5.922,5.922,NoButton,Move,1132,343
5.939,5.939,NoButton,Move,1129,351
5.955,5.955,NoButton,Move,1118,368
5.972,5.972,NoButton,Move,1102,393
5.987,5.987,NoButton,Move,1095,406
6.003,6.003,NoButton,Move,1083,424
6.019,6.019,NoButton,Move,1072,439
6.0360000000000005,6.0360000000000005,NoButton,Move,1067,447
6.0520000000000005,6.0520000000000005,NoButton,Move,1064,452
6.067,6.067,NoButton,Move,1063,456
6.085,6.085,NoButton,Move,1063,457
6.319,6.319,NoButton,Move,1058,463
6.3260000000000005,6.3260000000000005,NoButton,Move,1049,474
6.335,6.335,NoButton,Move,1039,486
6.352,6.352,NoButton,Move,1018,510
6.368,6.368,NoButton,Move,992,537
6.385,6.385,NoButton,Move,956,573
6.404,6.404,NoButton,Move,921,606
6.421,6.421,NoButton,Move,896,629
6.438,6.438,NoButton,Move,872,649
6.457,6.457,NoButton,Move,864,655
6.473,6.473,NoButton,Move,858,659
6.489,6.489,NoButton,Move,857,660
6.689,6.689,NoButton,Move,856,660
6.696,6.696,NoButton,Move,851,660
6.706,6.706,NoButton,Move,844,659
6.722,6.722,NoButton,Move,828,657
6.738,6.738,NoButton,Move,804,652
6.756,6.756,NoButton,Move,760,645
6.775,6.775,NoButton,Move,699,636
6.792,6.792,NoButton,Move,659,634
6.808,6.808,NoButton,Move,617,632
6.825,6.825,NoButton,Move,596,631
6.844,6.844,NoButton,Move,586,631
6.86,6.86,NoButton,Move,578,630
6.877,6.877,NoButton,Move,576,630
6.893,6.893,NoButton,Move,575,630
7.0600000000000005,7.0600000000000005,NoButton,Move,574,630
7.066,7.066,NoButton,Move,568,630
7.0760000000000005,7.0760000000000005,NoButton,Move,559,630
7.093,7.093,NoButton,Move,540,630
7.109,7.109,NoButton,Move,516,630
7.126,7.126,NoButton,Move,482,629
7.147,7.147,NoButton,Move,447,629
7.163,7.163,NoButton,Move,396,629
7.18,7.18,NoButton,Move,370,631
7.197,7.197,NoButton,Move,345,635
7.215,7.215,NoButton,Move,334,636
7.232,7.232,NoButton,Move,327,637
7.248,7.248,NoButton,Move,325,638
7.473,7.473,NoButton,Move,325,637
7.479,7.479,NoButton,Move,327,628
7.488,7.488,NoButton,Move,331,616
7.498,7.498,NoButton,Move,336,601
7.515000000000001,7.515000000000001,NoButton,Move,345,573
7.531000000000001,7.531000000000001,NoButton,Move,353,546
7.545,7.545,NoButton,Move,359,523
7.5600000000000005,7.5600000000000005,NoButton,Move,364,507
7.577,7.577,NoButton,Move,369,488
7.594,7.594,NoButton,Move,371,479
7.61,7.61,NoButton,Move,372,476
7.626,7.626,NoButton,Move,372,476
7.642,7.642,NoButton,Move,373,476
7.659,7.659,NoButton,Move,375,476
7.852,7.852,NoButton,Move,375,473
7.8580000000000005,7.8580000000000005,NoButton,Move,375,456
7.8660000000000005,7.8660000000000005,NoButton,Move,377,441
7.877,7.877,NoButton,Move,380,422
7.894,7.894,NoButton,Move,388,387
7.909,7.909,NoButton,Move,394,362
7.924,7.924,NoButton,Move,395,356
7.94,7.94,NoButton,Move,397,351
7.956,7.956,NoButton,Move,399,342
7.973,7.973,NoButton,Move,399,339
7.989,7.989,NoButton,Move,400,339
8.182,8.182,NoButton,Move,400,339
8.188,8.188,NoButton,Move,405,340
8.205,8.205,NoButton,Move,413,344
8.223,8.223,NoButton,Move,445,363
8.238,8.238,NoButton,Move,490,389
8.254,8.254,NoButton,Move,515,404
8.27,8.27,NoButton,Move,547,425
8.286,8.286,NoButton,Move,578,446
8.303,8.303,NoButton,Move,593,456
8.319,8.319,NoButton,Move,602,462
8.335,8.335,NoButton,Move,608,468
8.528,8.528,NoButton,Move,609,468
8.535,8.535,NoButton,Move,614,468
8.552,8.552,NoButton,Move,623,468
8.568,8.568,NoButton,Move,662,474
8.586,8.586,NoButton,Move,706,485
8.6,8.6,NoButton,Move,739,495
8.616,8.616,NoButton,Move,798,517
8.632,8.632,NoButton,Move,833,532
8.649,8.649,NoButton,Move,860,544
8.664,8.664,NoButton,Move,876,552
8.899,8.899,NoButton,Move,881,552
8.905,8.905,NoButton,Move,890,554
8.915000000000003,8.915000000000003,NoButton,Move,901,557
8.931000000000001,8.931000000000001,NoButton,Move,924,564
8.948,8.948,NoButton,Move,946,571
8.965,8.965,NoButton,Move,961,577
8.984,8.984,NoButton,Move,981,584
9,9,NoButton,Move,999,592
9.018,9.018,NoButton,Move,1005,595
9.035,9.035,NoButton,Move,1008,597
9.434000000000001,9.434000000000001,NoButton,Move,1006,597
9.442,9.442,NoButton,Move,999,597
9.452,9.452,NoButton,Move,992,598
9.474,9.474,NoButton,Move,972,605
9.486,9.486,NoButton,Move,951,616
9.503,9.503,NoButton,Move,919,634
9.52,9.52,NoButton,Move,877,667
9.536,9.536,NoButton,Move,837,708
9.553,9.553,NoButton,Move,814,735
9.571,9.571,NoButton,Move,797,755
9.588000000000001,9.588000000000001,NoButton,Move,787,766
9.605,9.605,NoButton,Move,780,773
9.622,9.622,NoButton,Move,778,775
9.637,9.637,NoButton,Move,777,775
9.655,9.655,NoButton,Move,778,774
9.671,9.671,NoButton,Move,781,773
9.687,9.687,NoButton,Move,792,768
9.703,9.703,NoButton,Move,820,766
9.721,9.721,NoButton,Move,841,766
9.737,9.737,NoButton,Move,894,776
9.752,9.752,NoButton,Move,925,786
9.77,9.77,NoButton,Move,963,800
9.787,9.787,NoButton,Move,988,808
9.805,9.805,NoButton,Move,1011,815
9.821,9.821,NoButton,Move,1021,817
9.839,9.839,NoButton,Move,1028,819
9.855,9.855,NoButton,Move,1031,819
9.872,9.872,NoButton,Move,1032,819
9.888,9.888,NoButton,Move,1032,819
10.076,10.076,NoButton,Move,1032,818
10.087,10.087,NoButton,Move,1032,810
10.105,10.105,NoButton,Move,1037,780
10.122,10.122,NoButton,Move,1045,753
10.137,10.137,NoButton,Move,1057,716
10.159,10.159,NoButton,Move,1088,651
10.177,10.177,NoButton,Move,1099,636
10.194,10.194,NoButton,Move,1107,627
10.211,10.211,NoButton,Move,1113,621
10.229000000000001,10.229000000000001,NoButton,Move,1117,619
10.246,10.246,NoButton,Move,1118,618
10.263,10.263,NoButton,Move,1118,618
10.278,10.278,NoButton,Move,1118,619
10.296,10.296,NoButton,Move,1116,630
10.312,10.312,NoButton,Move,1109,655
10.329,10.329,NoButton,Move,1101,695
10.346,10.346,NoButton,Move,1095,745
10.363,10.363,NoButton,Move,1094,775
10.38,10.38,NoButton,Move,1094,796
10.397,10.397,NoButton,Move,1094,817
10.413,10.413,NoButton,Move,1101,819
10.429,10.429,NoButton,Move,1115,819
10.447000000000001,10.447000000000001,NoButton,Move,1127,819
10.463000000000001,10.463000000000001,NoButton,Move,1140,819
10.48,10.48,NoButton,Move,1153,819
10.496,10.496,NoButton,Move,1158,819
10.513,10.513,NoButton,Move,1160,819
10.528,10.528,NoButton,Move,1161,819
10.546,10.546,NoButton,Move,1159,819
10.561,10.561,NoButton,Move,1150,819
10.581,10.581,NoButton,Move,1129,817
10.595,10.595,NoButton,Move,1097,802
10.613,10.613,NoButton,Move,1025,758
10.629,10.629,NoButton,Move,969,725
10.646,10.646,NoButton,Move,882,687
10.662,10.662,NoButton,Move,776,660
10.679,10.679,NoButton,Move,718,655
10.696,10.696,NoButton,Move,652,650
10.712,10.712,NoButton,Move,613,646
10.728,10.728,NoButton,Move,588,641
10.745000000000001,10.745000000000001,NoButton,Move,567,635
10.762,10.762,NoButton,Move,561,632
10.779,10.779,NoButton,Move,557,629
10.796,10.796,NoButton,Move,557,629
10.968,10.968,NoButton,Move,555,629
10.973,10.973,NoButton,Move,549,629
10.982000000000001,10.982000000000001,NoButton,Move,542,632
10.996,10.996,NoButton,Move,534,634
11.012,11.012,NoButton,Move,519,637
11.025,11.025,NoButton,Move,501,640
11.040000000000003,11.040000000000003,NoButton,Move,457,647
11.056000000000001,11.056000000000001,NoButton,Move,436,649
11.072000000000001,11.072000000000001,NoButton,Move,402,654
11.089,11.089,NoButton,Move,373,659
11.105,11.105,NoButton,Move,353,663
11.122,11.122,NoButton,Move,339,667
11.138,11.138,NoButton,Move,333,668
11.155,11.155,NoButton,Move,332,669
11.172,11.172,NoButton,Move,336,670
11.364,11.364,NoButton,Move,336,665
11.370000000000001,11.370000000000001,NoButton,Move,334,649
11.377,11.377,NoButton,Move,332,626
11.388,11.388,NoButton,Move,331,605
11.405,11.405,NoButton,Move,328,530
11.421,11.421,NoButton,Move,326,417
11.436,11.436,NoButton,Move,326,372
11.451,11.451,NoButton,Move,326,359
11.468,11.468,NoButton,Move,326,332
11.483,11.483,NoButton,Move,328,303
11.5,11.5,NoButton,Move,332,296
11.517,11.517,NoButton,Move,338,293
11.669,11.669,NoButton,Move,338,293
11.674,11.674,NoButton,Move,336,293
11.684000000000001,11.684000000000001,NoButton,Move,334,296
11.700000000000001,11.700000000000001,NoButton,Move,329,302
11.717,11.717,NoButton,Move,323,311
11.733,11.733,NoButton,Move,309,336
11.753,11.753,NoButton,Move,293,368
11.769,11.769,NoButton,Move,281,397
11.788,11.788,NoButton,Move,273,423
11.805,11.805,NoButton,Move,268,446
11.822000000000001,11.822000000000001,NoButton,Move,268,461
11.839,11.839,NoButton,Move,271,469
11.856,11.856,NoButton,Move,283,475
11.872,11.872,NoButton,Move,303,477
11.888,11.888,NoButton,Move,330,477
11.906,11.906,NoButton,Move,391,475
11.922,11.922,NoButton,Move,437,470
11.939,11.939,NoButton,Move,474,467
11.955,11.955,NoButton,Move,494,465
11.973,11.973,NoButton,Move,510,463
11.989,11.989,NoButton,Move,521,462
12.005,12.005,NoButton,Move,527,461
12.022,12.022,NoButton,Move,531,461
12.039,12.039,NoButton,Move,532,461
12.055,12.055,NoButton,Move,534,463
12.072000000000001,12.072000000000001,NoButton,Move,534,468
12.377,12.377,NoButton,Move,524,468
12.382,12.382,NoButton,Move,512,469
12.391,12.391,NoButton,Move,500,471
12.405000000000001,12.405000000000001,NoButton,Move,489,474
12.423,12.423,NoButton,Move,463,481
12.443,12.443,NoButton,Move,421,491
12.462,12.462,NoButton,Move,351,504
12.478,12.478,NoButton,Move,320,506
12.495000000000001,12.495000000000001,NoButton,Move,288,506
12.512,12.512,NoButton,Move,274,502
12.529,12.529,NoButton,Move,266,498
12.548,12.548,NoButton,Move,260,495
12.564,12.564,NoButton,Move,259,494
12.58,12.58,NoButton,Move,260,494
12.597,12.597,NoButton,Move,271,494
12.613,12.613,NoButton,Move,300,494
12.63,12.63,NoButton,Move,338,501
12.647,12.647,NoButton,Move,390,510
12.663,12.663,NoButton,Move,454,520
12.68,12.68,NoButton,Move,526,528
12.697000000000001,12.697000000000001,NoButton,Move,609,533
12.714,12.714,NoButton,Move,661,535
12.73,12.73,NoButton,Move,692,536
12.747,12.747,NoButton,Move,719,536
12.764000000000001,12.764000000000001,NoButton,Move,732,536
12.780000000000001,12.780000000000001,NoButton,Move,738,536
12.796000000000001,12.796000000000001,NoButton,Move,748,537
12.813,12.813,NoButton,Move,750,539
13.02,13.02,NoButton,Move,750,539
13.026,13.026,NoButton,Move,755,537
13.034,13.034,NoButton,Move,762,533
13.046000000000001,13.046000000000001,NoButton,Move,771,530
13.062,13.062,NoButton,Move,803,520
13.076,13.076,NoButton,Move,887,506
13.09,13.09,NoButton,Move,944,501
13.108,13.108,NoButton,Move,982,499
13.124,13.124,NoButton,Move,1048,497
13.14,13.14,NoButton,Move,1083,497
13.156,13.156,NoButton,Move,1110,497
13.174,13.174,NoButton,Move,1126,497
13.19,13.19,NoButton,Move,1136,497
13.207,13.207,NoButton,Move,1139,497
13.222,13.222,NoButton,Move,1140,497
13.399,13.399,NoButton,Move,1141,497
13.406,13.406,NoButton,Move,1146,495
13.424,13.424,NoButton,Move,1160,491
13.44,13.44,NoButton,Move,1178,487
13.456,13.456,NoButton,Move,1206,484
13.471,13.471,NoButton,Move,1232,481
13.485,13.485,NoButton,Move,1246,480
13.502,13.502,NoButton,Move,1259,479
13.518,13.518,NoButton,Move,1270,479
13.535,13.535,NoButton,Move,1274,479
13.551,13.551,NoButton,Move,1276,479
13.745000000000001,13.745000000000001,NoButton,Move,1276,478
13.751,13.751,NoButton,Move,1275,473
13.769,13.769,NoButton,Move,1272,455
13.786,13.786,NoButton,Move,1270,434
13.803,13.803,NoButton,Move,1268,413
13.816,13.816,NoButton,Move,1267,405
13.832,13.832,NoButton,Move,1266,381
13.849,13.849,NoButton,Move,1265,356
13.866,13.866,NoButton,Move,1264,338
13.883,13.883,NoButton,Move,1264,323
13.899,13.899,NoButton,Move,1263,309
13.916,13.916,NoButton,Move,1263,295
13.932,13.932,NoButton,Move,1262,286
13.949,13.949,NoButton,Move,1262,279
13.966000000000001,13.966000000000001,NoButton,Move,1262,277
14.290000000000003,14.290000000000003,NoButton,Move,1262,277
14.295,14.295,NoButton,Move,1259,277
14.303,14.303,NoButton,Move,1255,278
14.315,14.315,NoButton,Move,1249,280
14.332,14.332,NoButton,Move,1234,286
14.345,14.345,NoButton,Move,1202,298
14.361,14.361,NoButton,Move,1192,301
14.377,14.377,NoButton,Move,1159,312
14.394,14.394,NoButton,Move,1139,317
14.41,14.41,NoButton,Move,1129,319
14.426,14.426,NoButton,Move,1122,321
14.443,14.443,NoButton,Move,1119,321
14.46,14.46,NoButton,Move,1119,321
14.476,14.476,NoButton,Move,1119,320
14.493,14.493,NoButton,Move,1127,311
14.511000000000001,14.511000000000001,NoButton,Move,1150,288
14.526,14.526,NoButton,Move,1160,279
14.542,14.542,NoButton,Move,1183,262
14.559000000000001,14.559000000000001,NoButton,Move,1195,252
14.576,14.576,NoButton,Move,1209,245
14.593,14.593,NoButton,Move,1214,242
14.61,14.61,NoButton,Move,1216,241
14.626,14.626,NoButton,Move,1216,241
14.643,14.643,NoButton,Move,1217,241
14.66,14.66,NoButton,Move,1216,242
14.677,14.677,NoButton,Move,1209,252
14.692,14.692,NoButton,Move,1196,268
14.709,14.709,NoButton,Move,1180,290
14.726,14.726,NoButton,Move,1157,325
14.743,14.743,NoButton,Move,1147,346
14.758,14.758,NoButton,Move,1136,365
14.775,14.775,NoButton,Move,1130,376
14.792,14.792,NoButton,Move,1127,384
14.809000000000001,14.809000000000001,NoButton,Move,1125,388
14.826,14.826,NoButton,Move,1125,390
14.843,14.843,NoButton,Move,1125,391
14.859,14.859,NoButton,Move,1127,391
14.875,14.875,NoButton,Move,1140,391
14.892,14.892,NoButton,Move,1162,388
14.91,14.91,NoButton,Move,1190,383
14.927,14.927,NoButton,Move,1213,380
14.943,14.943,NoButton,Move,1235,376
14.96,14.96,NoButton,Move,1244,376
14.975,14.975,NoButton,Move,1250,375
14.993,14.993,NoButton,Move,1252,375
15.01,15.01,NoButton,Move,1253,378
15.026,15.026,NoButton,Move,1242,391
15.043000000000001,15.043000000000001,NoButton,Move,1216,418
15.058,15.058,NoButton,Move,1187,450
15.076,15.076,NoButton,Move,1162,473
15.093,15.093,NoButton,Move,1133,498
15.109,15.109,NoButton,Move,1106,517
15.126,15.126,NoButton,Move,1090,527
15.144,15.144,NoButton,Move,1065,538
15.16,15.16,NoButton,Move,1043,543
15.177,15.177,NoButton,Move,1018,546
15.193,15.193,NoButton,Move,978,547
15.21,15.21,NoButton,Move,936,547
15.227,15.227,NoButton,Move,892,538
15.243,15.243,NoButton,Move,838,519
15.26,15.26,NoButton,Move,781,490
15.275,15.275,NoButton,Move,725,450
15.292,15.292,NoButton,Move,688,418
15.31,15.31,NoButton,Move,652,384
15.326,15.326,NoButton,Move,643,376
15.343,15.343,NoButton,Move,636,370
15.36,15.36,NoButton,Move,634,368
15.376,15.376,NoButton,Move,634,368
15.4,15.4,NoButton,Move,636,369
15.608,15.608,NoButton,Move,635,369
15.614,15.614,NoButton,Move,630,369
15.626,15.626,NoButton,Move,623,369
15.644,15.644,NoButton,Move,602,371
15.66,15.66,NoButton,Move,576,372
15.677,15.677,NoButton,Move,492,377
15.693,15.693,NoButton,Move,436,379
15.712,15.712,NoButton,Move,387,381
15.727,15.727,NoButton,Move,335,382
15.746,15.746,NoButton,Move,323,382
15.761000000000001,15.761000000000001,NoButton,Move,309,382
15.779,15.779,NoButton,Move,304,381
15.794,15.794,NoButton,Move,303,381
15.81,15.81,NoButton,Move,308,379
15.827,15.827,NoButton,Move,313,378
16.002,16.002,NoButton,Move,313,378
16.009,16.009,NoButton,Move,312,372
16.016000000000002,16.016000000000002,NoButton,Move,308,359
16.028,16.028,NoButton,Move,298,328
16.045,16.045,NoButton,Move,288,279
16.059,16.059,NoButton,Move,279,232
16.074,16.074,NoButton,Move,277,221
16.089,16.089,NoButton,Move,274,211
16.106,16.106,NoButton,Move,270,186
16.123,16.123,NoButton,Move,269,181
16.139,16.139,NoButton,Move,268,180
16.156,16.156,NoButton,Move,268,179
16.198,16.198,NoButton,Move,268,180
16.416,16.416,NoButton,Move,268,181
16.422,16.422,NoButton,Move,268,187
16.43,16.43,NoButton,Move,269,196
16.439,16.439,NoButton,Move,271,212
16.457,16.457,NoButton,Move,278,256
16.473,16.473,NoButton,Move,286,313
16.488,16.488,NoButton,Move,289,344
16.504,16.504,NoButton,Move,292,389
16.52,16.52,NoButton,Move,293,437
16.537,16.537,NoButton,Move,293,450
16.553,16.553,NoButton,Move,293,469
16.569,16.569,NoButton,Move,293,476
16.585,16.585,NoButton,Move,293,478
16.601,16.601,NoButton,Move,293,479
16.786,16.786,NoButton,Move,293,482
16.792,16.792,NoButton,Move,294,490
16.803,16.803,NoButton,Move,297,499
16.819,16.819,NoButton,Move,306,521
16.835,16.835,NoButton,Move,315,543
16.853,16.853,NoButton,Move,326,569
16.872,16.872,NoButton,Move,333,589
16.889,16.889,NoButton,Move,337,600
16.905,16.905,NoButton,Move,340,607
16.922,16.922,NoButton,Move,341,610
16.94,16.94,NoButton,Move,342,611
16.957,16.957,NoButton,Move,342,611
17.108,17.108,NoButton,Move,343,611
17.114,17.114,NoButton,Move,347,611
17.124,17.124,NoButton,Move,352,611
17.14,17.14,NoButton,Move,367,611
17.156,17.156,NoButton,Move,387,612
17.174,17.174,NoButton,Move,435,615
17.193,17.193,NoButton,Move,495,622
17.21,17.21,NoButton,Move,565,632
17.227,17.227,NoButton,Move,629,645
17.245,17.245,NoButton,Move,670,654
17.262,17.262,NoButton,Move,710,664
17.278,17.278,NoButton,Move,730,670
17.295,17.295,NoButton,Move,742,674
17.311,17.311,NoButton,Move,753,679
17.685,17.685,NoButton,Move,754,679
17.691,17.691,NoButton,Move,760,679
17.699,17.699,NoButton,Move,767,679
17.711000000000002,17.711000000000002,NoButton,Move,777,679
17.728,17.728,NoButton,Move,802,679
17.742,17.742,NoButton,Move,867,692
17.756,17.756,NoButton,Move,902,702
17.773,17.773,NoButton,Move,951,718
17.789,17.789,NoButton,Move,985,730
17.806,17.806,NoButton,Move,1005,736
17.823,17.823,NoButton,Move,1019,739
17.839,17.839,NoButton,Move,1024,741
17.856,17.856,NoButton,Move,1026,741
17.872,17.872,NoButton,Move,1026,741
18.079,18.079,NoButton,Move,1027,741
18.089,18.089,NoButton,Move,1033,738
18.105,18.105,NoButton,Move,1048,731
18.122,18.122,NoButton,Move,1067,724
18.139,18.139,NoButton,Move,1096,718
18.152,18.152,NoButton,Move,1118,714
18.168,18.168,NoButton,Move,1145,711
18.183,18.183,NoButton,Move,1173,709
18.2,18.2,NoButton,Move,1185,709
18.217,18.217,NoButton,Move,1194,708
18.233,18.233,NoButton,Move,1198,708
18.249,18.249,NoButton,Move,1199,708
18.266,18.266,NoButton,Move,1199,708
18.444,18.444,NoButton,Move,1199,705
18.449,18.449,NoButton,Move,1199,693
18.466,18.466,NoButton,Move,1199,679
18.482,18.482,NoButton,Move,1202,650
18.499,18.499,NoButton,Move,1205,603
18.515,18.515,NoButton,Move,1208,563
18.531,18.531,NoButton,Move,1209,552
18.548,18.548,NoButton,Move,1210,535
18.563,18.563,NoButton,Move,1210,528
18.579,18.579,NoButton,Move,1210,525
18.596,18.596,NoButton,Move,1210,525
18.645,18.645,NoButton,Move,1210,525
18.936,18.936,NoButton,Move,1210,524
18.942,18.942,NoButton,Move,1208,522
18.95,18.95,NoButton,Move,1205,520
18.962,18.962,NoButton,Move,1202,516
18.978,18.978,NoButton,Move,1195,509
18.992,18.992,NoButton,Move,1186,498
19.008,19.008,NoButton,Move,1183,493
19.024,19.024,NoButton,Move,1179,487
19.041,19.041,NoButton,Move,1178,482
19.056,19.056,NoButton,Move,1177,478
19.073,19.073,NoButton,Move,1177,476
19.09,19.09,NoButton,Move,1177,475
19.14,19.14,NoButton,Move,1177,476
19.317,19.317,NoButton,Move,1177,476
19.324,19.324,NoButton,Move,1174,476
19.34,19.34,NoButton,Move,1171,475
19.357,19.357,NoButton,Move,1163,471
19.373,19.373,NoButton,Move,1142,458
19.388,19.388,NoButton,Move,1125,449
19.404,19.404,NoButton,Move,1094,435
19.42,19.42,NoButton,Move,1051,420
19.437,19.437,NoButton,Move,1025,414
19.453,19.453,NoButton,Move,997,409
19.471,19.471,NoButton,Move,984,408
19.487000000000002,19.487000000000002,NoButton,Move,974,407
19.504,19.504,NoButton,Move,969,407
19.521,19.521,NoButton,Move,968,407
19.537,19.537,NoButton,Move,968,407
19.729,19.729,NoButton,Move,961,407
19.734,19.734,NoButton,Move,954,407
19.744,19.744,NoButton,Move,946,407
19.753,19.753,NoButton,Move,934,407
19.77,19.77,NoButton,Move,921,408
19.786,19.786,NoButton,Move,877,417
19.8,19.8,NoButton,Move,819,432
19.816,19.816,NoButton,Move,789,441
19.832,19.832,NoButton,Move,750,454
19.849,19.849,NoButton,Move,719,465
19.865000000000002,19.865000000000002,NoButton,Move,690,475
19.883,19.883,NoButton,Move,680,477
19.900000000000002,19.900000000000002,NoButton,Move,674,479
19.915,19.915,NoButton,Move,673,479
20.158,20.158,NoButton,Move,668,479
20.163,20.163,NoButton,Move,659,479
20.172,20.172,NoButton,Move,647,479
20.183,20.183,NoButton,Move,632,479
20.199,20.199,NoButton,Move,596,477
20.215,20.215,NoButton,Move,561,473
20.23,20.23,NoButton,Move,525,471
20.245,20.245,NoButton,Move,482,468
20.262,20.262,NoButton,Move,452,467
20.279,20.279,NoButton,Move,435,467
20.294,20.294,NoButton,Move,423,467
20.311,20.311,NoButton,Move,420,467
20.537,20.537,NoButton,Move,420,468
20.543,20.543,NoButton,Move,419,474
20.551000000000002,20.551000000000002,NoButton,Move,417,480
20.56,20.56,NoButton,Move,413,485
20.578,20.578,NoButton,Move,407,497
20.594,20.594,NoButton,Move,401,510
20.608,20.608,NoButton,Move,398,515
20.624,20.624,NoButton,Move,390,528
20.64,20.64,NoButton,Move,384,537
20.658,20.658,NoButton,Move,378,544
20.673,20.673,NoButton,Move,375,548
20.875,20.875,NoButton,Move,375,548
20.881,20.881,NoButton,Move,372,548
20.89,20.89,NoButton,Move,368,548
20.906,20.906,NoButton,Move,355,548
20.923,20.923,NoButton,Move,340,547
20.94,20.94,NoButton,Move,317,547
20.96,20.96,NoButton,Move,296,546
20.977,20.977,NoButton,Move,273,546
20.993000000000002,20.993000000000002,NoButton,Move,263,546
21.01,21.01,NoButton,Move,257,546
21.027,21.027,NoButton,Move,255,546
21.23,21.23,NoButton,Move,255,545
21.235,21.235,NoButton,Move,255,537
21.245,21.245,NoButton,Move,255,528
21.261,21.261,NoButton,Move,255,503
21.277,21.277,NoButton,Move,255,463
21.294,21.294,NoButton,Move,255,428
21.315,21.315,NoButton,Move,255,414
21.332,21.332,NoButton,Move,255,395
21.348,21.348,NoButton,Move,255,387
21.366,21.366,NoButton,Move,255,384
21.384,21.384,NoButton,Move,255,383
21.399,21.399,NoButton,Move,255,383
21.416,21.416,NoButton,Move,256,383
21.599,21.599,NoButton,Move,258,383
21.606,21.606,NoButton,Move,261,383
21.614,21.614,NoButton,Move,266,382
21.633,21.633,NoButton,Move,277,382
21.652,21.652,NoButton,Move,290,382
21.666,21.666,NoButton,Move,331,382
21.685,21.685,NoButton,Move,375,389
21.702,21.702,NoButton,Move,407,395
21.719,21.719,NoButton,Move,447,404
21.736,21.736,NoButton,Move,472,410
21.754,21.754,NoButton,Move,495,415
21.771,21.771,NoButton,Move,506,416
21.786,21.786,NoButton,Move,513,418
21.803,21.803,NoButton,Move,516,418
21.82,21.82,NoButton,Move,517,419
21.837,21.837,NoButton,Move,518,419
21.996000000000002,21.996000000000002,NoButton,Move,519,419
22.001,22.001,NoButton,Move,524,419
22.01,22.01,NoButton,Move,531,419
22.02,22.02,NoButton,Move,539,419
22.037,22.037,NoButton,Move,558,419
22.052,22.052,NoButton,Move,581,421
22.066,22.066,NoButton,Move,617,430
22.084,22.084,NoButton,Move,655,439
22.101,22.101,NoButton,Move,689,448
22.117,22.117,NoButton,Move,727,459
22.133,22.133,NoButton,Move,744,464
22.150000000000002,22.150000000000002,NoButton,Move,754,466
22.166,22.166,NoButton,Move,762,468
22.182000000000002,22.182000000000002,NoButton,Move,765,468
22.199,22.199,NoButton,Move,766,469
22.441,22.441,NoButton,Move,767,469
22.448,22.448,NoButton,Move,772,469
22.465,22.465,NoButton,Move,783,469
22.482,22.482,NoButton,Move,798,469
22.498,22.498,NoButton,Move,812,472
22.513,22.513,NoButton,Move,837,477
22.529,22.529,NoButton,Move,854,480
22.545,22.545,NoButton,Move,886,488
22.562,22.562,NoButton,Move,915,494
22.577,22.577,NoButton,Move,933,498
22.594,22.594,NoButton,Move,950,502
22.611,22.611,NoButton,Move,958,504
22.628,22.628,NoButton,Move,963,505
22.645,22.645,NoButton,Move,964,506
22.869,22.869,NoButton,Move,964,504
22.877,22.877,NoButton,Move,964,496
22.894000000000002,22.894000000000002,NoButton,Move,964,474
22.91,22.91,NoButton,Move,965,440
22.928,22.928,NoButton,Move,968,399
22.942,22.942,NoButton,Move,975,350
22.958000000000002,22.958000000000002,NoButton,Move,977,340
22.973,22.973,NoButton,Move,985,304
22.990000000000002,22.990000000000002,NoButton,Move,994,283
23.007,23.007,NoButton,Move,1003,271
23.023,23.023,NoButton,Move,1007,267
23.04,23.04,NoButton,Move,1012,264
23.056,23.056,NoButton,Move,1015,264
23.249,23.249,NoButton,Move,1015,264
23.255,23.255,NoButton,Move,1021,264
23.262,23.262,NoButton,Move,1029,265
23.273,23.273,NoButton,Move,1037,267
23.29,23.29,NoButton,Move,1057,274
23.306,23.306,NoButton,Move,1090,286
23.32,23.32,NoButton,Move,1114,296
23.336000000000002,23.336000000000002,NoButton,Move,1161,315
23.353,23.353,NoButton,Move,1190,327
23.37,23.37,NoButton,Move,1212,337
23.386,23.386,NoButton,Move,1226,344
23.402,23.402,NoButton,Move,1237,349
23.418,23.418,NoButton,Move,1240,350
23.584,23.584,NoButton,Move,1240,348
23.593,23.593,NoButton,Move,1240,338
23.601,23.601,NoButton,Move,1243,327
23.62,23.62,NoButton,Move,1251,297
23.636,23.636,NoButton,Move,1264,260
23.653000000000002,23.653000000000002,NoButton,Move,1281,207
23.669,23.669,NoButton,Move,1288,182
23.687,23.687,NoButton,Move,1296,161
23.704,23.704,NoButton,Move,1301,145
23.72,23.72,NoButton,Move,1303,139
23.737000000000002,23.737000000000002,NoButton,Move,1304,137
23.754,23.754,NoButton,Move,1305,137
23.771,23.771,NoButton,Move,1306,137
23.788,23.788,NoButton,Move,1306,137
23.949,23.949,NoButton,Move,1306,138
23.954,23.954,NoButton,Move,1306,146
23.971,23.971,NoButton,Move,1306,155
23.989,23.989,NoButton,Move,1306,188
24.004,24.004,NoButton,Move,1306,201
24.021,24.021,NoButton,Move,1303,253
24.036,24.036,NoButton,Move,1300,287
24.052,24.052,NoButton,Move,1294,325
24.07,24.07,NoButton,Move,1290,348
24.087,24.087,NoButton,Move,1286,371
24.103,24.103,NoButton,Move,1284,387
24.118000000000002,24.118000000000002,NoButton,Move,1284,396
24.135,24.135,NoButton,Move,1284,405
24.153000000000002,24.153000000000002,NoButton,Move,1284,408
24.344,24.344,NoButton,Move,1284,410
24.352,24.352,NoButton,Move,1284,419
24.369,24.369,NoButton,Move,1284,447
24.385,24.385,NoButton,Move,1284,476
24.402,24.402,NoButton,Move,1285,507
24.416,24.416,NoButton,Move,1286,537
24.432000000000002,24.432000000000002,NoButton,Move,1286,573
24.448,24.448,NoButton,Move,1286,599
24.466,24.466,NoButton,Move,1286,611
24.482,24.482,NoButton,Move,1285,621
24.499,24.499,NoButton,Move,1285,624
24.514,24.514,NoButton,Move,1285,625
24.53,24.53,NoButton,Move,1285,625
24.732,24.732,NoButton,Move,1279,625
24.737000000000002,24.737000000000002,NoButton,Move,1273,625
24.747,24.747,NoButton,Move,1264,625
24.763,24.763,NoButton,Move,1234,625
24.78,24.78,NoButton,Move,1189,625
24.798,24.798,NoButton,Move,1082,625
24.817,24.817,NoButton,Move,957,625
24.834,24.834,NoButton,Move,875,625
24.851,24.851,NoButton,Move,814,630
24.87,24.87,NoButton,Move,794,631
24.885,24.885,NoButton,Move,769,632
24.902,24.902,NoButton,Move,757,632
24.918,24.918,NoButton,Move,757,632
25.151,25.151,NoButton,Move,755,632
25.157,25.157,NoButton,Move,748,632
25.167,25.167,NoButton,Move,739,632
25.187,25.187,NoButton,Move,714,632
25.204,25.204,NoButton,Move,681,633
25.22,25.22,NoButton,Move,633,638
25.237000000000002,25.237000000000002,NoButton,Move,561,650
25.254,25.254,NoButton,Move,517,659
25.271,25.271,NoButton,Move,491,666
25.289,25.289,NoButton,Move,478,670
25.305,25.305,NoButton,Move,468,672
25.322,25.322,NoButton,Move,466,673
25.339000000000002,25.339000000000002,NoButton,Move,466,674
25.853,25.853,NoButton,Move,455,673
25.858,25.858,NoButton,Move,445,672
25.871000000000002,25.871000000000002,NoButton,Move,436,670
25.892,25.892,NoButton,Move,410,666
25.905,25.905,NoButton,Move,386,665
25.922,25.922,NoButton,Move,364,664
25.939,25.939,NoButton,Move,325,664
25.955000000000005,25.955000000000005,NoButton,Move,292,664
25.974,25.974,NoButton,Move,272,667
25.990000000000002,25.990000000000002,NoButton,Move,248,672
26.007,26.007,NoButton,Move,238,676
26.023,26.023,NoButton,Move,229,679
26.04,26.04,NoButton,Move,226,681
26.056,26.056,NoButton,Move,225,682
26.215,26.215,NoButton,Move,225,680
26.222,26.222,NoButton,Move,225,666
26.239,26.239,NoButton,Move,225,629
26.256,26.256,NoButton,Move,225,584
26.273,26.273,NoButton,Move,226,539
26.288,26.288,NoButton,Move,227,523
26.303,26.303,NoButton,Move,228,503
26.32,26.32,NoButton,Move,228,476
26.336000000000002,26.336000000000002,NoButton,Move,228,465
26.353,26.353,NoButton,Move,228,461
26.369,26.369,NoButton,Move,228,460
26.593,26.593,NoButton,Move,228,459
26.601,26.601,NoButton,Move,228,452
26.619,26.619,NoButton,Move,228,429
26.635,26.635,NoButton,Move,228,391
26.652,26.652,NoButton,Move,228,353
26.667,26.667,NoButton,Move,228,346
26.682000000000002,26.682000000000002,NoButton,Move,229,331
26.697,26.697,NoButton,Move,230,322
26.714000000000002,26.714000000000002,NoButton,Move,230,319
26.73,26.73,NoButton,Move,230,318
26.747,26.747,NoButton,Move,231,318
26.764,26.764,NoButton,Move,231,318
26.941,26.941,NoButton,Move,233,318
26.946,26.946,NoButton,Move,238,317
26.963,26.963,NoButton,Move,244,316
26.979,26.979,NoButton,Move,262,314
26.996000000000002,26.996000000000002,NoButton,Move,317,313
27.012,27.012,NoButton,Move,329,313
27.029,27.029,NoButton,Move,398,315
27.045,27.045,NoButton,Move,433,322
27.061,27.061,NoButton,Move,460,329
27.078,27.078,NoButton,Move,479,334
27.094,27.094,NoButton,Move,494,338
27.11,27.11,NoButton,Move,501,340
27.128,27.128,NoButton,Move,504,341
27.144000000000002,27.144000000000002,NoButton,Move,504,342
27.32,27.32,NoButton,Move,507,341
27.327,27.327,NoButton,Move,515,338
27.343,27.343,NoButton,Move,543,331
27.36,27.36,NoButton,Move,576,327
27.376,27.376,NoButton,Move,639,323
27.391,27.391,NoButton,Move,669,323
27.407,27.407,NoButton,Move,712,323
27.424,27.424,NoButton,Move,755,324
27.441,27.441,NoButton,Move,779,327
27.458000000000002,27.458000000000002,NoButton,Move,794,328
27.474,27.474,NoButton,Move,808,328
27.490000000000002,27.490000000000002,NoButton,Move,815,328
27.507,27.507,NoButton,Move,818,328
27.523,27.523,NoButton,Move,820,328
27.741,27.741,NoButton,Move,821,328
27.747,27.747,NoButton,Move,827,326
27.757,27.757,NoButton,Move,834,323
27.773,27.773,NoButton,Move,860,315
27.789,27.789,NoButton,Move,886,310
27.806,27.806,NoButton,Move,911,307
27.826,27.826,NoButton,Move,962,299
27.843,27.843,NoButton,Move,999,295
27.859,27.859,NoButton,Move,1019,293
27.876,27.876,NoButton,Move,1032,293
27.893,27.893,NoButton,Move,1044,292
27.911,27.911,NoButton,Move,1050,292
27.928,27.928,NoButton,Move,1053,292
27.943,27.943,NoButton,Move,1055,292
27.96,27.96,NoButton,Move,1056,292
27.976,27.976,NoButton,Move,1058,292
27.993000000000002,27.993000000000002,NoButton,Move,1060,292
28.011,28.011,NoButton,Move,1062,292
29.045,29.045,NoButton,Move,1061,292
29.05,29.05,NoButton,Move,1056,292
29.060000000000002,29.060000000000002,NoButton,Move,1049,292
29.077,29.077,NoButton,Move,1029,296
29.094,29.094,NoButton,Move,979,306
29.111,29.111,NoButton,Move,911,322
29.128,29.128,NoButton,Move,843,338
29.144000000000002,29.144000000000002,NoButton,Move,804,347
29.161,29.161,NoButton,Move,773,354
29.178,29.178,NoButton,Move,755,358
29.195,29.195,NoButton,Move,742,361
29.213,29.213,NoButton,Move,738,362
29.229,29.229,NoButton,Move,738,363
29.446,29.446,NoButton,Move,736,363
29.453,29.453,NoButton,Move,731,363
29.463,29.463,NoButton,Move,723,363
29.479,29.479,NoButton,Move,700,363
29.498,29.498,NoButton,Move,667,366
29.514,29.514,NoButton,Move,593,374
29.532,29.532,NoButton,Move,526,383
29.549,29.549,NoButton,Move,488,390
29.566,29.566,NoButton,Move,461,395
29.582,29.582,NoButton,Move,447,398
29.6,29.6,NoButton,Move,437,401
29.875,29.875,NoButton,Move,437,400
29.881,29.881,NoButton,Move,437,396
29.889,29.889,NoButton,Move,436,388
29.899,29.899,NoButton,Move,434,378
29.916,29.916,NoButton,Move,431,351
29.932000000000002,29.932000000000002,NoButton,Move,426,302
29.948,29.948,NoButton,Move,419,219
29.963,29.963,NoButton,Move,418,196
29.98,29.98,NoButton,Move,418,144
29.996000000000002,29.996000000000002,NoButton,Move,418,127
30.012,30.012,NoButton,Move,417,106
30.029,30.029,NoButton,Move,417,98
30.045,30.045,NoButton,Move,417,97
30.279,30.279,NoButton,Move,417,97
30.284,30.284,NoButton,Move,412,97
30.294,30.294,NoButton,Move,406,97
30.312,30.312,NoButton,Move,390,99
30.328,30.328,NoButton,Move,374,103
30.348,30.348,NoButton,Move,357,109
30.363,30.363,NoButton,Move,328,119
30.381,30.381,NoButton,Move,303,129
30.398,30.398,NoButton,Move,288,137
30.416,30.416,NoButton,Move,274,146
30.433,30.433,NoButton,Move,263,156
30.449,30.449,NoButton,Move,258,161
30.465,30.465,NoButton,Move,254,166
30.482,30.482,NoButton,Move,252,169
30.499000000000002,30.499000000000002,NoButton,Move,251,173
30.515,30.515,NoButton,Move,251,175
30.532,30.532,NoButton,Move,251,184
30.549,30.549,NoButton,Move,256,200
30.565,30.565,NoButton,Move,270,235
30.582,30.582,NoButton,Move,284,263
30.599,30.599,NoButton,Move,294,279
30.616,30.616,NoButton,Move,305,296
30.633,30.633,NoButton,Move,309,303
30.648,30.648,NoButton,Move,312,308
30.664,30.664,NoButton,Move,314,310
30.855,30.855,NoButton,Move,314,312
30.861,30.861,NoButton,Move,311,320
30.869,30.869,NoButton,Move,307,330
30.882,30.882,NoButton,Move,302,343
30.899,30.899,NoButton,Move,295,364
30.912,30.912,NoButton,Move,287,384
30.927,30.927,NoButton,Move,280,400
30.943,30.943,NoButton,Move,272,419
30.959,30.959,NoButton,Move,267,431
30.976,30.976,NoButton,Move,263,439
30.992,30.992,NoButton,Move,262,443
31.219,31.219,NoButton,Move,262,446
31.225,31.225,NoButton,Move,262,454
31.243000000000002,31.243000000000002,NoButton,Move,265,471
31.258,31.258,NoButton,Move,268,483
31.276,31.276,NoButton,Move,277,514
31.29,31.29,NoButton,Move,280,522
31.306,31.306,NoButton,Move,287,543
31.321,31.321,NoButton,Move,295,566
31.338,31.338,NoButton,Move,300,575
31.356,31.356,NoButton,Move,304,582
31.372,31.372,NoButton,Move,307,584
31.578,31.578,NoButton,Move,308,584
31.586000000000002,31.586000000000002,NoButton,Move,311,584
31.595000000000002,31.595000000000002,NoButton,Move,315,584
31.605,31.605,NoButton,Move,319,585
31.622,31.622,NoButton,Move,331,588
31.636,31.636,NoButton,Move,337,589
31.651,31.651,NoButton,Move,360,596
31.666,31.666,NoButton,Move,385,604
31.683,31.683,NoButton,Move,401,609
31.699,31.699,NoButton,Move,420,615
31.716,31.716,NoButton,Move,436,621
31.733,31.733,NoButton,Move,452,627
31.75,31.75,NoButton,Move,472,636
31.766,31.766,NoButton,Move,484,641
31.782,31.782,NoButton,Move,500,647
31.8,31.8,NoButton,Move,509,650
32.01,32.01,NoButton,Move,510,650
32.016,32.016,NoButton,Move,513,650
32.032000000000004,32.032000000000004,NoButton,Move,518,650
32.05,32.05,NoButton,Move,541,654
32.065,32.065,NoButton,Move,559,658
32.081,32.081,NoButton,Move,569,660
32.097,32.097,NoButton,Move,603,667
32.114,32.114,NoButton,Move,635,675
32.13,32.13,NoButton,Move,655,679
32.147,32.147,NoButton,Move,676,683
32.163000000000004,32.163000000000004,NoButton,Move,692,686
32.18,32.18,NoButton,Move,704,688
32.196,32.196,NoButton,Move,711,689
32.213,32.213,NoButton,Move,717,690
32.230000000000004,32.230000000000004,NoButton,Move,719,690
32.406,32.406,NoButton,Move,719,690
32.410000000000004,32.410000000000004,NoButton,Move,725,687
32.42,32.42,NoButton,Move,732,684
32.43,32.43,NoButton,Move,740,681
32.446,32.446,NoButton,Move,750,679
32.463,32.463,NoButton,Move,782,673
32.477000000000004,32.477000000000004,NoButton,Move,812,669
32.494,32.494,NoButton,Move,848,663
32.51,32.51,NoButton,Move,854,662
32.526,32.526,NoButton,Move,880,657
32.543,32.543,NoButton,Move,899,652
32.559,32.559,NoButton,Move,914,647
32.576,32.576,NoButton,Move,927,643
32.592,32.592,NoButton,Move,937,639
32.609,32.609,NoButton,Move,952,635
32.626,32.626,NoButton,Move,953,635
32.643,32.643,NoButton,Move,965,635
32.826,32.826,NoButton,Move,965,635
32.832,32.832,NoButton,Move,968,633
32.843,32.843,NoButton,Move,973,631
32.859,32.859,NoButton,Move,988,624
32.877,32.877,NoButton,Move,1006,619
32.894,32.894,NoButton,Move,1037,612
32.911,32.911,NoButton,Move,1066,608
32.928,32.928,NoButton,Move,1112,605
32.945,32.945,NoButton,Move,1147,605
32.963,32.963,NoButton,Move,1178,606
32.978,32.978,NoButton,Move,1195,609
32.995,32.995,NoButton,Move,1212,612
33.011,33.011,NoButton,Move,1224,616
33.028,33.028,NoButton,Move,1240,622
33.044000000000004,33.044000000000004,NoButton,Move,1244,625
33.061,33.061,NoButton,Move,1258,634
33.078,33.078,NoButton,Move,1267,641
33.096,33.096,NoButton,Move,1272,646
33.113,33.113,NoButton,Move,1277,654
33.127,33.127,NoButton,Move,1278,663
33.144,33.144,NoButton,Move,1266,680
33.163000000000004,33.163000000000004,NoButton,Move,1236,702
33.178,33.178,NoButton,Move,1216,714
33.195,33.195,NoButton,Move,1167,735
33.213,33.213,NoButton,Move,1112,747
33.229,33.229,NoButton,Move,1089,749
33.246,33.246,NoButton,Move,1075,749
33.262,33.262,NoButton,Move,1057,744
33.279,33.279,NoButton,Move,1052,730
33.297000000000004,33.297000000000004,NoButton,Move,1051,694
33.312,33.312,NoButton,Move,1053,649
33.328,33.328,NoButton,Move,1065,609
33.346,33.346,NoButton,Move,1090,544
33.362,33.362,NoButton,Move,1106,517
33.379,33.379,NoButton,Move,1126,485
33.395,33.395,NoButton,Move,1143,461
33.411,33.411,NoButton,Move,1149,453
33.429,33.429,NoButton,Move,1157,444
33.446,33.446,NoButton,Move,1162,439
33.463,33.463,NoButton,Move,1164,436
33.479,33.479,NoButton,Move,1165,436
33.496,33.496,NoButton,Move,1165,436
33.513,33.513,NoButton,Move,1166,436
33.771,33.771,NoButton,Move,1168,435
33.778,33.778,NoButton,Move,1174,431
33.794000000000004,33.794000000000004,NoButton,Move,1180,428
33.811,33.811,NoButton,Move,1193,423
33.828,33.828,NoButton,Move,1223,415
33.843,33.843,NoButton,Move,1236,411
33.86,33.86,NoButton,Move,1263,406
33.875,33.875,NoButton,Move,1280,403
33.892,33.892,NoButton,Move,1297,399
33.909,33.909,NoButton,Move,1304,398
33.926,33.926,NoButton,Move,1310,397
33.943,33.943,NoButton,Move,1314,395
33.959,33.959,NoButton,Move,1315,395
33.975,33.975,NoButton,Move,1316,395
33.992,33.992,NoButton,Move,1316,395
34.351,34.351,NoButton,Move,1316,395
34.358000000000004,34.358000000000004,NoButton,Move,1316,389
34.364,34.364,NoButton,Move,1316,378
34.376,34.376,NoButton,Move,1316,366
34.393,34.393,NoButton,Move,1317,329
34.406,34.406,NoButton,Move,1318,298
34.421,34.421,NoButton,Move,1319,271
34.438,34.438,NoButton,Move,1320,267
34.455,34.455,NoButton,Move,1320,256
34.471,34.471,NoButton,Move,1320,251
34.488,34.488,NoButton,Move,1320,249
34.504,34.504,NoButton,Move,1320,248
34.730000000000004,34.730000000000004,NoButton,Move,1320,250
34.736000000000004,34.736000000000004,NoButton,Move,1320,259
34.743,34.743,NoButton,Move,1319,266
34.754,34.754,NoButton,Move,1319,276
34.77,34.77,NoButton,Move,1319,287
34.787,34.787,NoButton,Move,1318,334
34.802,34.802,NoButton,Move,1318,359
34.818,34.818,NoButton,Move,1317,411
34.834,34.834,NoButton,Move,1313,446
34.85,34.85,NoButton,Move,1311,483
34.867,34.867,NoButton,Move,1308,500
34.884,34.884,NoButton,Move,1307,511
34.901,34.901,NoButton,Move,1306,519
34.917,34.917,NoButton,Move,1306,523
34.933,34.933,NoButton,Move,1306,524
34.949,34.949,NoButton,Move,1306,524
35.15,35.15,NoButton,Move,1305,524
35.157,35.157,NoButton,Move,1301,524
35.167,35.167,NoButton,Move,1297,524
35.183,35.183,NoButton,Move,1267,528
35.2,35.2,NoButton,Move,1190,533
35.216,35.216,NoButton,Move,1119,535
35.235,35.235,NoButton,Move,1010,541
35.253,35.253,NoButton,Move,946,546
35.269,35.269,NoButton,Move,905,550
35.286,35.286,NoButton,Move,881,552
35.304,35.304,NoButton,Move,865,553
35.321,35.321,NoButton,Move,861,554
35.337,35.337,NoButton,Move,860,554
35.645,35.645,NoButton,Move,859,554
35.652,35.652,NoButton,Move,848,554
35.658,35.658,NoButton,Move,836,554
35.669000000000004,35.669000000000004,NoButton,Move,821,555
35.687,35.687,NoButton,Move,778,557
35.7,35.7,NoButton,Move,704,559
35.716,35.716,NoButton,Move,647,563
35.733000000000004,35.733000000000004,NoButton,Move,541,571
35.749,35.749,NoButton,Move,477,577
35.764,35.764,NoButton,Move,453,579
35.782,35.782,NoButton,Move,428,581
35.799,35.799,NoButton,Move,414,582
35.815,35.815,NoButton,Move,408,583
36.922000000000004,36.922000000000004,NoButton,Move,400,583
36.931,36.931,NoButton,Move,387,583
36.935,36.935,NoButton,Move,369,583
36.949,36.949,NoButton,Move,352,584
36.964,36.964,NoButton,Move,312,587
36.978,36.978,NoButton,Move,288,589
36.994,36.994,NoButton,Move,190,601
37.01,37.01,NoButton,Move,133,610
37.027,37.027,NoButton,Move,86,617
37.044000000000004,37.044000000000004,NoButton,Move,59,623
37.059,37.059,NoButton,Move,46,625
37.076,37.076,NoButton,Move,38,626
37.092,37.092,NoButton,Move,37,627
37.318,37.318,NoButton,Move,37,627
37.324,37.324,NoButton,Move,37,621
37.332,37.332,NoButton,Move,37,611
37.343,37.343,NoButton,Move,37,597
37.359,37.359,NoButton,Move,44,567
37.376,37.376,NoButton,Move,59,510
37.391,37.391,NoButton,Move,81,456
37.406,37.406,NoButton,Move,87,446
37.422000000000004,37.422000000000004,NoButton,Move,101,423
37.439,37.439,NoButton,Move,112,409
37.456,37.456,NoButton,Move,119,399
37.472,37.472,NoButton,Move,123,395
37.489000000000004,37.489000000000004,NoButton,Move,124,394
37.504,37.504,NoButton,Move,124,394
37.52,37.52,NoButton,Move,125,394
37.722,37.722,NoButton,Move,125,394
37.728,37.728,NoButton,Move,131,392
37.738,37.738,NoButton,Move,139,388
37.755,37.755,NoButton,Move,158,379
37.771,37.771,NoButton,Move,185,372
37.787,37.787,NoButton,Move,232,364
37.807,37.807,NoButton,Move,301,360
37.824,37.824,NoButton,Move,364,360
37.841,37.841,NoButton,Move,407,362
37.858000000000004,37.858000000000004,NoButton,Move,453,369
37.876,37.876,NoButton,Move,479,372
37.892,37.892,NoButton,Move,499,374
37.909,37.909,NoButton,Move,508,375
37.925000000000004,37.925000000000004,NoButton,Move,515,376
37.942,37.942,NoButton,Move,518,376
38.151,38.151,NoButton,Move,518,376
38.156,38.156,NoButton,Move,523,376
38.164,38.164,NoButton,Move,529,375
38.175000000000004,38.175000000000004,NoButton,Move,537,373
38.192,38.192,NoButton,Move,554,371
38.208,38.208,NoButton,Move,570,370
38.223,38.223,NoButton,Move,594,370
38.239000000000004,38.239000000000004,NoButton,Move,601,370
38.255,38.255,NoButton,Move,625,370
38.271,38.271,NoButton,Move,643,370
38.287,38.287,NoButton,Move,652,370
38.304,38.304,NoButton,Move,659,370
38.321,38.321,NoButton,Move,663,370
38.338,38.338,NoButton,Move,665,370
38.354,38.354,NoButton,Move,665,370
38.371,38.371,NoButton,Move,666,370
38.388,38.388,NoButton,Move,666,370
38.405,38.405,NoButton,Move,666,370
38.429,38.429,NoButton,Move,667,370
38.462,38.462,NoButton,Move,667,370
38.487,38.487,NoButton,Move,667,370
38.494,38.494,NoButton,Move,668,370
38.505,38.505,NoButton,Move,669,369
38.521,38.521,NoButton,Move,675,368
38.536,38.536,NoButton,Move,686,365
38.553,38.553,NoButton,Move,697,363
38.57,38.57,NoButton,Move,720,360
38.588,38.588,NoButton,Move,735,358
38.604,38.604,NoButton,Move,749,357
38.621,38.621,NoButton,Move,757,357
38.638,38.638,NoButton,Move,763,356
38.654,38.654,NoButton,Move,766,356
38.671,38.671,NoButton,Move,767,356
38.687,38.687,NoButton,Move,768,356
38.705,38.705,NoButton,Move,767,356
38.721,38.721,NoButton,Move,752,358
38.738,38.738,NoButton,Move,725,368
38.755,38.755,NoButton,Move,686,385
38.771,38.771,NoButton,Move,640,409
38.788000000000004,38.788000000000004,NoButton,Move,592,435
38.804,38.804,NoButton,Move,564,452
38.821,38.821,NoButton,Move,546,463
38.837,38.837,NoButton,Move,536,468
38.854,38.854,NoButton,Move,530,473
39.041000000000004,39.041000000000004,NoButton,Move,530,471
39.045,39.045,NoButton,Move,530,459
39.055,39.055,NoButton,Move,530,445
39.071,39.071,NoButton,Move,530,430
39.087,39.087,NoButton,Move,529,407
39.108000000000004,39.108000000000004,NoButton,Move,528,359
39.126,39.126,NoButton,Move,527,325
39.143,39.143,NoButton,Move,527,304
39.16000000000001,39.16000000000001,NoButton,Move,527,282
39.178,39.178,NoButton,Move,527,271
39.194,39.194,NoButton,Move,527,263
39.211,39.211,NoButton,Move,527,259
39.228,39.228,NoButton,Move,528,259
39.244,39.244,NoButton,Move,530,259
39.436,39.436,NoButton,Move,523,259
39.443,39.443,NoButton,Move,517,259
39.45,39.45,NoButton,Move,513,259
39.459,39.459,NoButton,Move,506,259
39.477000000000004,39.477000000000004,NoButton,Move,492,259
39.491,39.491,NoButton,Move,478,259
39.506,39.506,NoButton,Move,471,260
39.522,39.522,NoButton,Move,450,264
39.539,39.539,NoButton,Move,429,268
39.555,39.555,NoButton,Move,413,270
39.572,39.572,NoButton,Move,407,270
39.59,39.59,NoButton,Move,403,270
39.605000000000004,39.605000000000004,NoButton,Move,402,270
39.791000000000004,39.791000000000004,NoButton,Move,403,270
39.797000000000004,39.797000000000004,NoButton,Move,408,270
39.806,39.806,NoButton,Move,417,270
39.823,39.823,NoButton,Move,439,270
39.839,39.839,NoButton,Move,478,270
39.856,39.856,NoButton,Move,536,270
39.876,39.876,NoButton,Move,599,275
39.893,39.893,NoButton,Move,657,283
39.91000000000001,39.91000000000001,NoButton,Move,690,287
39.926,39.926,NoButton,Move,713,291
39.944,39.944,NoButton,Move,730,294
39.961,39.961,NoButton,Move,742,295
39.977000000000004,39.977000000000004,NoButton,Move,746,296
40.203,40.203,NoButton,Move,746,296
40.211,40.211,NoButton,Move,752,295
40.227000000000004,40.227000000000004,NoButton,Move,767,293
40.244,40.244,NoButton,Move,789,293
40.261,40.261,NoButton,Move,821,293
40.274,40.274,NoButton,Move,855,293
40.291000000000004,40.291000000000004,NoButton,Move,875,293
40.307,40.307,NoButton,Move,915,297
40.323,40.323,NoButton,Move,938,300
40.34,40.34,NoButton,Move,960,302
40.356,40.356,NoButton,Move,971,303
40.374,40.374,NoButton,Move,981,304
40.39,40.39,NoButton,Move,985,305
40.406,40.406,NoButton,Move,988,305
40.423,40.423,NoButton,Move,989,305
40.439,40.439,NoButton,Move,990,305
40.689,40.689,NoButton,Move,991,305
40.696,40.696,NoButton,Move,996,305
40.706,40.706,NoButton,Move,1003,305
40.725,40.725,NoButton,Move,1019,305
40.741,40.741,NoButton,Move,1039,305
40.758,40.758,NoButton,Move,1080,305
40.775,40.775,NoButton,Move,1115,305
40.791000000000004,40.791000000000004,NoButton,Move,1166,311
40.81,40.81,NoButton,Move,1225,319
40.827,40.827,NoButton,Move,1254,326
40.842,40.842,NoButton,Move,1283,334
40.859,40.859,NoButton,Move,1299,340
40.876,40.876,NoButton,Move,1309,345
40.892,40.892,NoButton,Move,1313,347
41.052,41.052,NoButton,Move,1308,347
41.057,41.057,NoButton,Move,1303,347
41.066,41.066,NoButton,Move,1295,347
41.076,41.076,NoButton,Move,1287,347
41.092,41.092,NoButton,Move,1276,347
41.109,41.109,NoButton,Move,1240,353
41.124,41.124,NoButton,Move,1214,359
41.141,41.141,NoButton,Move,1157,372
41.156,41.156,NoButton,Move,1105,386
41.173,41.173,NoButton,Move,1087,392
41.189,41.189,NoButton,Move,1066,398
41.206,41.206,NoButton,Move,1052,401
41.222,41.222,NoButton,Move,1046,402
41.239000000000004,41.239000000000004,NoButton,Move,1044,403
41.522,41.522,NoButton,Move,1044,403
41.528,41.528,NoButton,Move,1039,403
41.538000000000004,41.538000000000004,NoButton,Move,1032,401
41.557,41.557,NoButton,Move,1010,396
41.573,41.573,NoButton,Move,965,385
41.59,41.59,NoButton,Move,918,373
41.607,41.607,NoButton,Move,883,364
41.623,41.623,NoButton,Move,858,356
41.641,41.641,NoButton,Move,833,348
41.659,41.659,NoButton,Move,823,343
41.675000000000004,41.675000000000004,NoButton,Move,817,341
41.692,41.692,NoButton,Move,815,340
41.708,41.708,NoButton,Move,815,339
41.901,41.901,NoButton,Move,814,339
41.907,41.907,NoButton,Move,808,339
41.915,41.915,NoButton,Move,801,339
41.925000000000004,41.925000000000004,NoButton,Move,789,339
41.941,41.941,NoButton,Move,760,339
41.956,41.956,NoButton,Move,741,339
41.972,41.972,NoButton,Move,662,339
41.988,41.988,NoButton,Move,609,341
42.004,42.004,NoButton,Move,563,346
42.022,42.022,NoButton,Move,521,350
42.038000000000004,42.038000000000004,NoButton,Move,510,351
42.054,42.054,NoButton,Move,494,352
42.071,42.071,NoButton,Move,489,352
42.087,42.087,NoButton,Move,488,352
42.264,42.264,NoButton,Move,487,352
42.27,42.27,NoButton,Move,481,352
42.287,42.287,NoButton,Move,475,352
42.304,42.304,NoButton,Move,463,352
42.321,42.321,NoButton,Move,443,352
42.335,42.335,NoButton,Move,438,352
42.352000000000004,42.352000000000004,NoButton,Move,423,351
42.368,42.368,NoButton,Move,412,351
42.384,42.384,NoButton,Move,402,351
42.401,42.401,NoButton,Move,398,351
42.417,42.417,NoButton,Move,397,351
42.618,42.618,NoButton,Move,398,351
42.625,42.625,NoButton,Move,402,351
42.634,42.634,NoButton,Move,409,349
42.65,42.65,NoButton,Move,429,345
42.667,42.667,NoButton,Move,456,340
42.684,42.684,NoButton,Move,517,332
42.703,42.703,NoButton,Move,588,328
42.721,42.721,NoButton,Move,639,327
42.737,42.737,NoButton,Move,696,325
42.754,42.754,NoButton,Move,726,324
42.772,42.772,NoButton,Move,753,322
42.788000000000004,42.788000000000004,NoButton,Move,765,320
42.805,42.805,NoButton,Move,774,319
42.821,42.821,NoButton,Move,776,319
42.838,42.838,NoButton,Move,777,318
43.013,43.013,NoButton,Move,778,318
43.02,43.02,NoButton,Move,784,314
43.038000000000004,43.038000000000004,NoButton,Move,807,304
43.054,43.054,NoButton,Move,838,293
43.071,43.071,NoButton,Move,904,272
43.086,43.086,NoButton,Move,968,255
43.102000000000004,43.102000000000004,NoButton,Move,996,249
43.118,43.118,NoButton,Move,1017,245
43.135,43.135,NoButton,Move,1046,239
43.151,43.151,NoButton,Move,1056,238
43.167,43.167,NoButton,Move,1063,236
43.184,43.184,NoButton,Move,1066,236
43.2,43.2,NoButton,Move,1066,236
43.376,43.376,NoButton,Move,1066,236
43.382,43.382,NoButton,Move,1072,229
43.4,43.4,NoButton,Move,1080,223
43.416000000000004,43.416000000000004,NoButton,Move,1098,205
43.434,43.434,NoButton,Move,1145,172
43.448,43.448,NoButton,Move,1172,157
43.464,43.464,NoButton,Move,1207,138
43.480000000000004,43.480000000000004,NoButton,Move,1247,120
43.497,43.497,NoButton,Move,1258,115
43.514,43.514,NoButton,Move,1273,109
43.53,43.53,NoButton,Move,1281,107
43.545,43.545,NoButton,Move,1283,106
43.562,43.562,NoButton,Move,1283,106
43.722,43.722,NoButton,Move,1283,107
43.728,43.728,NoButton,Move,1283,117
43.746,43.746,NoButton,Move,1282,127
43.762,43.762,NoButton,Move,1279,153
43.779,43.779,NoButton,Move,1275,212
43.794000000000004,43.794000000000004,NoButton,Move,1272,240
43.81,43.81,NoButton,Move,1269,283
43.827,43.827,NoButton,Move,1262,330
43.843,43.843,NoButton,Move,1259,356
43.86,43.86,NoButton,Move,1256,373
43.876,43.876,NoButton,Move,1254,386
43.893,43.893,NoButton,Move,1253,392
43.91000000000001,43.91000000000001,NoButton,Move,1253,395
43.926,43.926,NoButton,Move,1253,396
43.942,43.942,NoButton,Move,1254,397
44.151,44.151,NoButton,Move,1254,397
44.157,44.157,NoButton,Move,1254,405
44.165,44.165,NoButton,Move,1252,415
44.176,44.176,NoButton,Move,1251,428
44.193,44.193,NoButton,Move,1250,458
44.209,44.209,NoButton,Move,1249,499
44.223,44.223,NoButton,Move,1247,524
44.239000000000004,44.239000000000004,NoButton,Move,1244,553
44.255,44.255,NoButton,Move,1241,572
44.272,44.272,NoButton,Move,1239,584
44.288000000000004,44.288000000000004,NoButton,Move,1238,589
44.305,44.305,NoButton,Move,1237,591
44.321,44.321,NoButton,Move,1237,592
44.338,44.338,NoButton,Move,1237,592
44.505,44.505,NoButton,Move,1236,592
44.512,44.512,NoButton,Move,1229,592
44.522,44.522,NoButton,Move,1217,592
44.538000000000004,44.538000000000004,NoButton,Move,1184,594
44.554,44.554,NoButton,Move,1136,599
44.571,44.571,NoButton,Move,1035,609
44.591,44.591,NoButton,Move,915,622
44.607,44.607,NoButton,Move,843,629
44.624,44.624,NoButton,Move,792,632
44.641,44.641,NoButton,Move,778,633
44.658,44.658,NoButton,Move,758,633
44.675000000000004,44.675000000000004,NoButton,Move,751,633
44.691,44.691,NoButton,Move,751,633
44.934,44.934,NoButton,Move,740,632
44.94,44.94,NoButton,Move,721,631
44.948,44.948,NoButton,Move,696,629
44.959,44.959,NoButton,Move,669,627
44.975,44.975,NoButton,Move,601,627
44.991,44.991,NoButton,Move,504,627
45.006,45.006,NoButton,Move,417,640
45.022,45.022,NoButton,Move,368,650
45.039,45.039,NoButton,Move,319,660
45.055,45.055,NoButton,Move,291,665
45.07,45.07,NoButton,Move,278,667
45.087,45.087,NoButton,Move,270,668
45.103,45.103,NoButton,Move,269,669
45.387,45.387,NoButton,Move,259,669
45.394,45.394,NoButton,Move,241,669
45.404,45.404,NoButton,Move,225,669
45.423,45.423,NoButton,Move,185,669
45.437,45.437,NoButton,Move,148,671
45.454,45.454,NoButton,Move,120,675
45.472,45.472,NoButton,Move,90,678
45.489000000000004,45.489000000000004,NoButton,Move,76,681
45.506,45.506,NoButton,Move,66,683
45.524,45.524,NoButton,Move,64,684
45.725,45.725,NoButton,Move,64,683
45.731,45.731,NoButton,Move,67,674
45.739000000000004,45.739000000000004,NoButton,Move,73,662
45.757,45.757,NoButton,Move,90,636
45.774,45.774,NoButton,Move,112,609
45.79,45.79,NoButton,Move,145,568
45.811,45.811,NoButton,Move,171,537
45.827,45.827,NoButton,Move,198,505
45.844,45.844,NoButton,Move,210,491
45.861000000000004,45.861000000000004,NoButton,Move,224,478
45.878,45.878,NoButton,Move,230,473
45.896,45.896,NoButton,Move,235,469
45.913000000000004,45.913000000000004,NoButton,Move,238,467
45.929,45.929,NoButton,Move,239,466
45.946,45.946,NoButton,Move,240,466
46.138,46.138,NoButton,Move,241,466
46.143,46.143,NoButton,Move,249,462
46.152,46.152,NoButton,Move,260,457
46.162,46.162,NoButton,Move,272,453
46.179,46.179,NoButton,Move,301,443
46.195,46.195,NoButton,Move,371,420
46.21,46.21,NoButton,Move,408,410
46.225,46.225,NoButton,Move,459,398
46.242000000000004,46.242000000000004,NoButton,Move,527,386
46.259,46.259,NoButton,Move,572,381
46.274,46.274,NoButton,Move,594,379
46.292,46.292,NoButton,Move,609,379
46.309,46.309,NoButton,Move,621,379
46.325,46.325,NoButton,Move,623,379
46.509,46.509,NoButton,Move,624,379
46.515,46.515,NoButton,Move,630,379
46.525,46.525,NoButton,Move,637,378
46.541000000000004,46.541000000000004,NoButton,Move,658,376
46.557,46.557,NoButton,Move,685,374
46.573,46.573,NoButton,Move,729,373
46.594,46.594,NoButton,Move,793,373
46.61,46.61,NoButton,Move,856,376
46.628,46.628,NoButton,Move,898,385
46.645,46.645,NoButton,Move,943,396
46.662,46.662,NoButton,Move,965,403
46.679,46.679,NoButton,Move,988,410
46.695,46.695,NoButton,Move,992,411
46.962,46.962,NoButton,Move,993,411
46.967,46.967,NoButton,Move,1000,411
46.979,46.979,NoButton,Move,1009,409
46.996,46.996,NoButton,Move,1034,406
47.013,47.013,NoButton,Move,1063,403
47.03,47.03,NoButton,Move,1109,403
47.047000000000004,47.047000000000004,NoButton,Move,1169,403
47.064,47.064,NoButton,Move,1205,404
47.081,47.081,NoButton,Move,1248,411
47.099000000000004,47.099000000000004,NoButton,Move,1269,416
47.116,47.116,NoButton,Move,1280,418
47.131,47.131,NoButton,Move,1288,421
47.391,47.391,NoButton,Move,1289,421
47.397,47.397,NoButton,Move,1295,419
47.405,47.405,NoButton,Move,1303,417
47.415,47.415,NoButton,Move,1310,415
47.431000000000004,47.431000000000004,NoButton,Move,1328,410
47.449,47.449,NoButton,Move,1344,407
47.463,47.463,NoButton,Move,1365,404
47.478,47.478,NoButton,Move,1377,402
47.495,47.495,NoButton,Move,1387,401
47.511,47.511,NoButton,Move,1396,401
47.527,47.527,NoButton,Move,1399,401
47.86,47.86,NoButton,Move,1398,401
47.866,47.866,NoButton,Move,1394,401
47.877,47.877,NoButton,Move,1386,401
47.899,47.899,NoButton,Move,1352,406
47.911,47.911,NoButton,Move,1336,409
47.928000000000004,47.928000000000004,NoButton,Move,1262,418
47.945,47.945,NoButton,Move,1208,423
47.962,47.962,NoButton,Move,1158,425
47.979,47.979,NoButton,Move,1105,425
47.995000000000005,47.995000000000005,NoButton,Move,1092,425
48.014,48.014,NoButton,Move,1075,424
48.03,48.03,NoButton,Move,1069,424
48.28,48.28,NoButton,Move,1069,423
48.286,48.286,NoButton,Move,1070,414
48.297000000000004,48.297000000000004,NoButton,Move,1073,404
48.313,48.313,NoButton,Move,1081,380
48.329,48.329,NoButton,Move,1090,355
48.346,48.346,NoButton,Move,1105,321
48.365,48.365,NoButton,Move,1119,291
48.383,48.383,NoButton,Move,1129,270
48.399,48.399,NoButton,Move,1136,257
48.417,48.417,NoButton,Move,1141,248
48.434,48.434,NoButton,Move,1143,244
48.451,48.451,NoButton,Move,1144,243
48.467,48.467,NoButton,Move,1145,243
48.682,48.682,NoButton,Move,1145,244
48.689,48.689,NoButton,Move,1145,253
48.699,48.699,NoButton,Move,1145,270
48.717,48.717,NoButton,Move,1145,303
48.734,48.734,NoButton,Move,1151,341
48.75,48.75,NoButton,Move,1159,397
48.767,48.767,NoButton,Move,1164,443
48.78500000000001,48.78500000000001,NoButton,Move,1165,471
48.802,48.802,NoButton,Move,1167,487
48.818,48.818,NoButton,Move,1167,498
48.836,48.836,NoButton,Move,1167,502
48.852000000000004,48.852000000000004,NoButton,Move,1167,503
49.077,49.077,NoButton,Move,1166,503
49.084,49.084,NoButton,Move,1165,506
49.093,49.093,NoButton,Move,1162,510
49.102000000000004,49.102000000000004,NoButton,Move,1159,514
49.119,49.119,NoButton,Move,1147,527
49.133,49.133,NoButton,Move,1132,540
49.149,49.149,NoButton,Move,1093,574
49.165,49.165,NoButton,Move,1039,612
49.181000000000004,49.181000000000004,NoButton,Move,998,636
49.198,49.198,NoButton,Move,956,661
49.215,49.215,NoButton,Move,937,669
49.231,49.231,NoButton,Move,926,673
49.249,49.249,NoButton,Move,919,676
49.265,49.265,NoButton,Move,916,676
49.457,49.457,NoButton,Move,909,676
49.464,49.464,NoButton,Move,900,676
49.482,49.482,NoButton,Move,887,675
49.499,49.499,NoButton,Move,838,673
49.515,49.515,NoButton,Move,816,672
49.53,49.53,NoButton,Move,720,664
49.545,49.545,NoButton,Move,614,652
49.561,49.561,NoButton,Move,549,643
49.577,49.577,NoButton,Move,498,635
49.594,49.594,NoButton,Move,470,630
49.611000000000004,49.611000000000004,NoButton,Move,454,626
49.627,49.627,NoButton,Move,443,622
49.646,49.646,NoButton,Move,440,616
49.661,49.661,NoButton,Move,440,614
49.896,49.896,NoButton,Move,436,614
49.901,49.901,NoButton,Move,421,609
49.912,49.912,NoButton,Move,409,606
49.928000000000004,49.928000000000004,NoButton,Move,369,596
49.945,49.945,NoButton,Move,323,587
49.962,49.962,NoButton,Move,255,576
49.981,49.981,NoButton,Move,174,565
49.998,49.998,NoButton,Move,134,561
50.015,50.015,NoButton,Move,109,556
50.033,50.033,NoButton,Move,97,553
50.050000000000004,50.050000000000004,NoButton,Move,90,551
50.065,50.065,NoButton,Move,87,550
50.082,50.082,NoButton,Move,88,550
50.308,50.308,NoButton,Move,88,549
50.315,50.315,NoButton,Move,88,543
50.322,50.322,NoButton,Move,88,533
50.332,50.332,NoButton,Move,88,523
50.349000000000004,50.349000000000004,NoButton,Move,91,503
50.364000000000004,50.364000000000004,NoButton,Move,95,486
50.38,50.38,NoButton,Move,96,481
50.395,50.395,NoButton,Move,101,458
50.412,50.412,NoButton,Move,104,446
50.429,50.429,NoButton,Move,107,436
50.445,50.445,NoButton,Move,108,431
50.462,50.462,NoButton,Move,109,429
50.479,50.479,NoButton,Move,109,429
50.494,50.494,NoButton,Move,110,429
50.512,50.512,NoButton,Move,110,429
50.704,50.704,NoButton,Move,110,428
50.71,50.71,NoButton,Move,110,416
50.719,50.719,NoButton,Move,110,401
50.728,50.728,NoButton,Move,110,385
50.745000000000005,50.745000000000005,NoButton,Move,115,353
50.761,50.761,NoButton,Move,120,324
50.776,50.776,NoButton,Move,123,310
50.792,50.792,NoButton,Move,124,306
50.807,50.807,NoButton,Move,127,293
50.825,50.825,NoButton,Move,128,289
50.841,50.841,NoButton,Move,129,289
50.857,50.857,NoButton,Move,129,289
51.082,51.082,NoButton,Move,131,289
51.09,51.09,NoButton,Move,136,288
51.107,51.107,NoButton,Move,151,287
51.123,51.123,NoButton,Move,168,287
51.14,51.14,NoButton,Move,186,290
51.155,51.155,NoButton,Move,219,299
51.17,51.17,NoButton,Move,261,316
51.185,51.185,NoButton,Move,307,337
51.202,51.202,NoButton,Move,336,351
51.219,51.219,NoButton,Move,365,365
51.236000000000004,51.236000000000004,NoButton,Move,382,372
51.252,51.252,NoButton,Move,394,378
51.268,51.268,NoButton,Move,403,383
51.284,51.284,NoButton,Move,406,384
51.487,51.487,NoButton,Move,408,383
51.493,51.493,NoButton,Move,413,381
51.502,51.502,NoButton,Move,420,378
51.518,51.518,NoButton,Move,438,373
51.53500000000001,51.53500000000001,NoButton,Move,468,367
51.551,51.551,NoButton,Move,516,362
51.571,51.571,NoButton,Move,570,359
51.589,51.589,NoButton,Move,602,359
51.605000000000004,51.605000000000004,NoButton,Move,641,359
51.622,51.622,NoButton,Move,663,360
51.64,51.64,NoButton,Move,683,361
51.656,51.656,NoButton,Move,692,362
51.673,51.673,NoButton,Move,701,362
51.69,51.69,NoButton,Move,705,362
51.705,51.705,NoButton,Move,707,362
51.922000000000004,51.922000000000004,NoButton,Move,708,361
51.928000000000004,51.928000000000004,NoButton,Move,714,359
51.939,51.939,NoButton,Move,719,357
51.959,51.959,NoButton,Move,732,353
51.973,51.973,NoButton,Move,757,348
51.989000000000004,51.989000000000004,NoButton,Move,798,343
52.008,52.008,NoButton,Move,828,341
52.025,52.025,NoButton,Move,868,341
52.042,52.042,NoButton,Move,894,341
52.06,52.06,NoButton,Move,919,342
52.078,52.078,NoButton,Move,930,344
52.094,52.094,NoButton,Move,940,345
52.11,52.11,NoButton,Move,944,345
52.127,52.127,NoButton,Move,945,345
52.484,52.484,NoButton,Move,945,345
52.492000000000004,52.492000000000004,NoButton,Move,950,345
52.499,52.499,NoButton,Move,956,345
52.51,52.51,NoButton,Move,964,345
52.525,52.525,NoButton,Move,979,345
52.54,52.54,NoButton,Move,995,345
52.555,52.555,NoButton,Move,1010,347
52.571,52.571,NoButton,Move,1035,352
52.588,52.588,NoButton,Move,1049,355
52.605000000000004,52.605000000000004,NoButton,Move,1057,358
52.621,52.621,NoButton,Move,1064,359
52.638,52.638,NoButton,Move,1066,360
53.004,53.004,NoButton,Move,1066,359
53.009,53.009,NoButton,Move,1068,348
53.021,53.021,NoButton,Move,1072,338
53.039,53.039,NoButton,Move,1082,319
53.055,53.055,NoButton,Move,1094,301
53.072,53.072,NoButton,Move,1104,288
53.089,53.089,NoButton,Move,1119,272
53.106,53.106,NoButton,Move,1134,257
53.125,53.125,NoButton,Move,1144,248
53.14,53.14,NoButton,Move,1149,244
53.157,53.157,NoButton,Move,1153,242
53.174,53.174,NoButton,Move,1155,240
53.19,53.19,NoButton,Move,1156,240
53.207,53.207,NoButton,Move,1156,240
53.424,53.424,NoButton,Move,1156,240
53.43,53.43,NoButton,Move,1159,233
53.441,53.441,NoButton,Move,1165,224
53.456,53.456,NoButton,Move,1176,207
53.473,53.473,NoButton,Move,1189,191
53.492000000000004,53.492000000000004,NoButton,Move,1206,170
53.509,53.509,NoButton,Move,1220,157
53.525,53.525,NoButton,Move,1229,149
53.543,53.543,NoButton,Move,1237,143
53.56,53.56,NoButton,Move,1241,141
53.577,53.577,NoButton,Move,1242,140
53.593,53.593,NoButton,Move,1243,140
53.778,53.778,NoButton,Move,1243,142
53.784,53.784,NoButton,Move,1242,148
53.794000000000004,53.794000000000004,NoButton,Move,1241,158
53.81,53.81,NoButton,Move,1236,186
53.827,53.827,NoButton,Move,1233,228
53.844,53.844,NoButton,Move,1228,291
53.864000000000004,53.864000000000004,NoButton,Move,1222,374
53.881,53.881,NoButton,Move,1219,419
53.897,53.897,NoButton,Move,1216,466
53.916000000000004,53.916000000000004,NoButton,Move,1215,485
53.932,53.932,NoButton,Move,1214,506
53.949,53.949,NoButton,Move,1214,514
53.965,53.965,NoButton,Move,1214,520
53.981,53.981,NoButton,Move,1214,522
54.207,54.207,NoButton,Move,1214,524
54.214,54.214,NoButton,Move,1214,530
54.221,54.221,NoButton,Move,1214,539
54.232,54.232,NoButton,Move,1213,548
54.249,54.249,NoButton,Move,1212,571
54.262,54.262,NoButton,Move,1208,619
54.278,54.278,NoButton,Move,1206,644
54.294000000000004,54.294000000000004,NoButton,Move,1202,672
54.31,54.31,NoButton,Move,1198,692
54.325,54.325,NoButton,Move,1193,709
54.342,54.342,NoButton,Move,1192,716
54.36,54.36,NoButton,Move,1190,721
54.377,54.377,NoButton,Move,1189,723
54.567,54.567,NoButton,Move,1188,723
54.576,54.576,NoButton,Move,1185,723
54.594,54.594,NoButton,Move,1174,725
54.61,54.61,NoButton,Move,1153,728
54.626,54.626,NoButton,Move,1111,735
54.641,54.641,NoButton,Move,1075,740
54.656,54.656,NoButton,Move,1013,747
54.672000000000004,54.672000000000004,NoButton,Move,935,759
54.688,54.688,NoButton,Move,892,768
54.704,54.704,NoButton,Move,862,775
54.721,54.721,NoButton,Move,847,778
54.738,54.738,NoButton,Move,837,781
54.754,54.754,NoButton,Move,834,782
55.031,55.031,NoButton,Move,833,782
55.037,55.037,NoButton,Move,830,782
55.046,55.046,NoButton,Move,825,782
55.054,55.054,NoButton,Move,818,782
55.072,55.072,NoButton,Move,795,780
55.088,55.088,NoButton,Move,760,776
55.103,55.103,NoButton,Move,696,769
55.119,55.119,NoButton,Move,595,757
55.134,55.134,NoButton,Move,489,748
55.152,55.152,NoButton,Move,430,746
55.169000000000004,55.169000000000004,NoButton,Move,391,745
55.185,55.185,NoButton,Move,378,744
55.202,55.202,NoButton,Move,361,744
55.218,55.218,NoButton,Move,355,744
55.234,55.234,NoButton,Move,355,742
55.534,55.534,NoButton,Move,353,742
55.539,55.539,NoButton,Move,347,742
55.551,55.551,NoButton,Move,339,742
55.568,55.568,NoButton,Move,318,742
55.585,55.585,NoButton,Move,280,742
55.602000000000004,55.602000000000004,NoButton,Move,239,741
55.619,55.619,NoButton,Move,195,741
55.636,55.636,NoButton,Move,172,741
55.655,55.655,NoButton,Move,161,741
55.671,55.671,NoButton,Move,153,740
55.688,55.688,NoButton,Move,151,740
55.704,55.704,NoButton,Move,151,740
55.721,55.721,NoButton,Move,151,740
55.737,55.737,NoButton,Move,154,740
55.938,55.938,NoButton,Move,154,739
55.944,55.944,NoButton,Move,154,731
55.954,55.954,NoButton,Move,154,723
55.97,55.97,NoButton,Move,158,704
55.987,55.987,NoButton,Move,163,675
56.004,56.004,NoButton,Move,168,644
56.023,56.023,NoButton,Move,172,607
56.039,56.039,NoButton,Move,173,587
56.057,56.057,NoButton,Move,174,574
56.074,56.074,NoButton,Move,174,564
56.091,56.091,NoButton,Move,174,559
56.109,56.109,NoButton,Move,174,558
56.124,56.124,NoButton,Move,174,558
56.142,56.142,NoButton,Move,174,558
56.158,56.158,NoButton,Move,175,562
56.341,56.341,NoButton,Move,175,561
56.347,56.347,NoButton,Move,175,552
56.358000000000004,56.358000000000004,NoButton,Move,175,541
56.374,56.374,NoButton,Move,175,512
56.391,56.391,NoButton,Move,175,438
56.407,56.407,NoButton,Move,177,369
56.426,56.426,NoButton,Move,179,342
56.444,56.444,NoButton,Move,180,318
56.461,56.461,NoButton,Move,181,300
56.479,56.479,NoButton,Move,181,292
56.495000000000005,56.495000000000005,NoButton,Move,181,290
56.512,56.512,NoButton,Move,181,290
56.529,56.529,NoButton,Move,182,290
56.545,56.545,NoButton,Move,182,290
56.729,56.729,NoButton,Move,182,290
56.735,56.735,NoButton,Move,182,280
56.745000000000005,56.745000000000005,NoButton,Move,182,267
56.762,56.762,NoButton,Move,184,232
56.778,56.778,NoButton,Move,192,198
56.798,56.798,NoButton,Move,196,178
56.815,56.815,NoButton,Move,200,168
56.831,56.831,NoButton,Move,204,153
56.848,56.848,NoButton,Move,208,146
56.866,56.866,NoButton,Move,209,144
56.882,56.882,NoButton,Move,210,144
57.133,57.133,NoButton,Move,210,144
57.138,57.138,NoButton,Move,215,144
57.15,57.15,NoButton,Move,221,143
57.166000000000004,57.166000000000004,NoButton,Move,236,140
57.183,57.183,NoButton,Move,257,138
57.202,57.202,NoButton,Move,306,135
57.218,57.218,NoButton,Move,365,135
57.235,57.235,NoButton,Move,429,138
57.252,57.252,NoButton,Move,475,147
57.271,57.271,NoButton,Move,525,157
57.287,57.287,NoButton,Move,552,165
57.303000000000004,57.303000000000004,NoButton,Move,566,169
57.529,57.529,NoButton,Move,567,169
57.53500000000001,57.53500000000001,NoButton,Move,572,167
57.543,57.543,NoButton,Move,580,165
57.554,57.554,NoButton,Move,590,163
57.57,57.57,NoButton,Move,613,161
57.587,57.587,NoButton,Move,663,159
57.6,57.6,NoButton,Move,726,159
57.617000000000004,57.617000000000004,NoButton,Move,758,159
57.633,57.633,NoButton,Move,803,161
57.649,57.649,NoButton,Move,851,166
57.666000000000004,57.666000000000004,NoButton,Move,875,171
57.682,57.682,NoButton,Move,892,174
57.699,57.699,NoButton,Move,905,177
57.715,57.715,NoButton,Move,910,179
57.949,57.949,NoButton,Move,911,179
57.954,57.954,NoButton,Move,916,179
57.966,57.966,NoButton,Move,923,178
57.982,57.982,NoButton,Move,941,177
57.998000000000005,57.998000000000005,NoButton,Move,972,177
58.017,58.017,NoButton,Move,1018,178
58.034,58.034,NoButton,Move,1069,187
58.051,58.051,NoButton,Move,1117,199
58.068,58.068,NoButton,Move,1147,206
58.086,58.086,NoButton,Move,1167,212
58.101,58.101,NoButton,Move,1186,217
58.118,58.118,NoButton,Move,1194,218
58.136,58.136,NoButton,Move,1199,219
58.152,58.152,NoButton,Move,1201,219
58.353,58.353,NoButton,Move,1202,219
58.359,58.359,NoButton,Move,1207,217
58.369,58.369,NoButton,Move,1214,215
58.386,58.386,NoButton,Move,1232,211
58.402,58.402,NoButton,Move,1255,208
58.419000000000004,58.419000000000004,NoButton,Move,1301,203
58.438,58.438,NoButton,Move,1334,201
58.455,58.455,NoButton,Move,1373,201
58.473,58.473,NoButton,Move,1391,201
58.49,58.49,NoButton,Move,1404,201
58.507,58.507,NoButton,Move,1413,201
58.523,58.523,NoButton,Move,1417,201
58.539,58.539,NoButton,Move,1417,201
58.723,58.723,NoButton,Move,1417,206
58.730000000000004,58.730000000000004,NoButton,Move,1417,218
58.74,58.74,NoButton,Move,1416,231
58.756,58.756,NoButton,Move,1414,260
58.773,58.773,NoButton,Move,1408,290
58.792,58.792,NoButton,Move,1398,331
58.809000000000005,58.809000000000005,NoButton,Move,1385,368
58.826,58.826,NoButton,Move,1369,407
58.842,58.842,NoButton,Move,1359,428
58.861000000000004,58.861000000000004,NoButton,Move,1353,442
58.877,58.877,NoButton,Move,1349,453
58.893,58.893,NoButton,Move,1347,458
58.911,58.911,NoButton,Move,1347,460
58.927,58.927,NoButton,Move,1347,462
58.943,58.943,NoButton,Move,1347,462
59.342,59.342,NoButton,Move,1347,462
59.348,59.348,NoButton,Move,1346,468
59.359,59.36,NoButton,Move,1345,475
59.381,59.381,NoButton,Move,1341,490
59.393,59.393,NoButton,Move,1334,507
59.411,59.411,NoButton,Move,1319,534
59.427,59.427,NoButton,Move,1293,577
59.445,59.445,NoButton,Move,1274,605
59.462,59.462,NoButton,Move,1251,636
59.479,59.479,NoButton,Move,1238,652
59.496,59.496,NoButton,Move,1229,663
59.512,59.512,NoButton,Move,1224,670
59.528,59.528,NoButton,Move,1221,672
59.712,59.712,NoButton,Move,1211,671
59.719,59.719,NoButton,Move,1201,669
59.729,59.729,NoButton,Move,1188,665
59.746,59.746,NoButton,Move,1146,656
59.762,59.762,NoButton,Move,1091,646
59.778,59.778,NoButton,Move,1015,636
59.797000000000004,59.797000000000004,NoButton,Move,919,625
59.815,59.815,NoButton,Move,869,622
59.832,59.832,NoButton,Move,841,621
59.849000000000004,59.849000000000004,NoButton,Move,827,620
60.314,60.314,NoButton,Move,819,619
60.32,60.32,NoButton,Move,802,618
60.333,60.333,NoButton,Move,788,616
60.348,60.348,NoButton,Move,751,613
60.366,60.366,NoButton,Move,704,611
60.382,60.382,NoButton,Move,599,611
60.4,60.4,NoButton,Move,519,611
60.417,60.417,NoButton,Move,463,619
60.435,60.435,NoButton,Move,424,628
60.451,60.451,NoButton,Move,407,632
60.71,60.71,NoButton,Move,407,628
60.716,60.716,NoButton,Move,405,612
60.724000000000004,60.724000000000004,NoButton,Move,403,595
60.734,60.734,NoButton,Move,402,572
60.751000000000005,60.751000000000005,NoButton,Move,402,526
60.768,60.768,NoButton,Move,402,484
60.782,60.782,NoButton,Move,402,468
60.798,60.798,NoButton,Move,402,406
60.814,60.814,NoButton,Move,402,391
60.831,60.831,NoButton,Move,403,374
60.847,60.847,NoButton,Move,403,368
60.863,60.863,NoButton,Move,403,366
61.057,61.057,NoButton,Move,403,366
61.061,61.061,NoButton,Move,397,366
61.069,61.069,NoButton,Move,389,367
61.08,61.08,NoButton,Move,380,369
61.096,61.096,NoButton,Move,368,371
61.113,61.113,NoButton,Move,295,380
61.128,61.128,NoButton,Move,250,385
61.144,61.144,NoButton,Move,183,389
61.161,61.161,NoButton,Move,125,394
61.176,61.176,NoButton,Move,88,395
61.192,61.192,NoButton,Move,69,395
61.209,61.209,NoButton,Move,57,395
61.226,61.226,NoButton,Move,54,395
61.427,61.427,NoButton,Move,54,395
61.433,61.433,NoButton,Move,54,386
61.443,61.443,NoButton,Move,54,376
61.46,61.46,NoButton,Move,55,343
61.476,61.476,NoButton,Move,65,301
61.493,61.493,NoButton,Move,80,241
61.513,61.513,NoButton,Move,87,212
61.529,61.529,NoButton,Move,94,184
61.546,61.546,NoButton,Move,99,165
61.563,61.563,NoButton,Move,101,159
61.58,61.58,NoButton,Move,101,158
61.597,61.597,NoButton,Move,102,158
61.613,61.613,NoButton,Move,103,158
61.798,61.798,NoButton,Move,104,160
61.804,61.804,NoButton,Move,109,165
61.814,61.814,NoButton,Move,115,172
61.829,61.829,NoButton,Move,131,189
61.846,61.846,NoButton,Move,164,226
61.863,61.863,NoButton,Move,199,267
61.88,61.88,NoButton,Move,222,298
61.9,61.9,NoButton,Move,237,322
61.917,61.917,NoButton,Move,252,345
61.934000000000005,61.934000000000005,NoButton,Move,256,353
61.95,61.95,NoButton,Move,260,358
62.136,62.136,NoButton,Move,260,358
62.143,62.143,NoButton,Move,260,363
62.151,62.151,NoButton,Move,260,373
62.167,62.167,NoButton,Move,260,397
62.184000000000005,62.184000000000005,NoButton,Move,260,425
62.201,62.201,NoButton,Move,265,482
62.22,62.22,NoButton,Move,267,516
62.237,62.237,NoButton,Move,268,538
62.255,62.255,NoButton,Move,268,551
62.272,62.272,NoButton,Move,268,560
62.29,62.29,NoButton,Move,268,564
62.306000000000004,62.306000000000004,NoButton,Move,268,565
62.323,62.323,NoButton,Move,269,565
62.498000000000005,62.498000000000005,NoButton,Move,269,567
62.505,62.505,NoButton,Move,269,577
62.513,62.513,NoButton,Move,269,589
62.522,62.522,NoButton,Move,268,602
62.539,62.539,NoButton,Move,268,634
62.555,62.555,NoButton,Move,268,683
62.57,62.57,NoButton,Move,268,713
62.587,62.587,NoButton,Move,268,750
62.603,62.603,NoButton,Move,268,774
62.619,62.619,NoButton,Move,268,787
62.635,62.635,NoButton,Move,268,796
62.653,62.653,NoButton,Move,268,799
62.668,62.668,NoButton,Move,268,800
62.845,62.845,NoButton,Move,270,800
62.851,62.851,NoButton,Move,275,799
62.859,62.859,NoButton,Move,283,798
62.869,62.869,NoButton,Move,292,796
62.885,62.885,NoButton,Move,305,794
62.902,62.902,NoButton,Move,364,788
62.917,62.917,NoButton,Move,394,787
62.932,62.932,NoButton,Move,454,787
62.949,62.949,NoButton,Move,489,788
62.966,62.966,NoButton,Move,528,794
62.982,62.982,NoButton,Move,534,796
63.298,63.298,NoButton,Move,534,796
63.303000000000004,63.303000000000004,NoButton,Move,541,792
63.315000000000005,63.315000000000005,NoButton,Move,550,787
63.331,63.331,NoButton,Move,571,781
63.347,63.347,NoButton,Move,594,778
63.367000000000004,63.367000000000004,NoButton,Move,631,776
63.384,63.384,NoButton,Move,684,776
63.401,63.401,NoButton,Move,713,780
63.417,63.417,NoButton,Move,733,785
63.435,63.435,NoButton,Move,745,788
63.451,63.451,NoButton,Move,754,791
63.468,63.468,NoButton,Move,758,793
63.693,63.693,NoButton,Move,758,793
63.7,63.7,NoButton,Move,758,791
63.709,63.709,NoButton,Move,758,789
63.717,63.717,NoButton,Move,759,787
63.734,63.734,NoButton,Move,762,783
63.749,63.749,NoButton,Move,765,777
63.764,63.764,NoButton,Move,768,773
63.781,63.781,NoButton,Move,774,765
63.795,63.795,NoButton,Move,781,758
63.812000000000005,63.812000000000005,NoButton,Move,790,750
63.829,63.829,NoButton,Move,802,738
63.846,63.846,NoButton,Move,814,727
63.862,63.862,NoButton,Move,830,714
63.879,63.879,NoButton,Move,849,701
63.895,63.895,NoButton,Move,862,694
63.912,63.912,NoButton,Move,877,687
63.928000000000004,63.928000000000004,NoButton,Move,884,685
63.945,63.945,NoButton,Move,889,683
63.962,63.962,NoButton,Move,891,683
63.978,63.978,NoButton,Move,892,683
63.995000000000005,63.995000000000005,NoButton,Move,893,683
64.012,64.012,NoButton,Move,893,683
64.028,64.028,NoButton,Move,897,683
64.045,64.045,NoButton,Move,903,682
64.062,64.062,NoButton,Move,918,682
64.07900000000001,64.07900000000001,NoButton,Move,931,682
64.095,64.095,NoButton,Move,947,682
64.112,64.112,NoButton,Move,957,682
64.129,64.129,NoButton,Move,964,683
64.146,64.146,NoButton,Move,968,684
64.162,64.162,NoButton,Move,968,685
64.178,64.178,NoButton,Move,965,686
64.21600000000001,64.21600000000001,NoButton,Move,962,686
64.633,64.633,NoButton,Move,961,686
64.639,64.639,NoButton,Move,959,686
64.648,64.648,NoButton,Move,958,686
64.662,64.662,NoButton,Move,955,686
64.679,64.679,NoButton,Move,941,687
64.699,64.699,NoButton,Move,921,689
64.717,64.717,NoButton,Move,905,691
64.735,64.735,NoButton,Move,894,693
64.751,64.751,NoButton,Move,885,694
64.769,64.769,NoButton,Move,881,695
64.787,64.787,NoButton,Move,879,695
64.803,64.803,NoButton,Move,879,696
64.821,64.821,NoButton,Move,879,696
64.836,64.836,NoButton,Move,879,696
64.852,64.852,NoButton,Move,879,697
64.868,64.868,NoButton,Move,881,701
64.885,64.885,NoButton,Move,889,710
64.902,64.902,NoButton,Move,895,719
64.918,64.918,NoButton,Move,899,726
64.935,64.935,NoButton,Move,903,732
64.952,64.952,NoButton,Move,905,736
64.968,64.968,NoButton,Move,906,737
64.986,64.986,NoButton,Move,907,739
65.002,65.002,NoButton,Move,907,740
65.019,65.019,NoButton,Move,907,741
65.036,65.036,NoButton,Move,907,741
65.226,65.226,NoButton,Move,908,741
65.232,65.232,NoButton,Move,909,741
65.24,65.24,NoButton,Move,912,741
65.252,65.252,NoButton,Move,915,741
65.325,65.325,NoButton,Move,976,739
65.32900000000001,65.32900000000001,NoButton,Move,982,740
65.337,65.337,NoButton,Move,987,741
65.346,65.346,NoButton,Move,990,742
65.363,65.363,NoButton,Move,996,745
65.379,65.379,NoButton,Move,1000,746
65.396,65.396,NoButton,Move,1001,747
65.412,65.412,NoButton,Move,1002,748
65.429,65.429,NoButton,Move,1003,748
65.644,65.644,NoButton,Move,1003,748
65.669,65.669,NoButton,Move,1003,748
65.71900000000001,65.71900000000001,NoButton,Move,1003,748
65.802,65.802,NoButton,Move,1003,748
65.851,65.851,NoButton,Move,1004,748
65.859,65.859,NoButton,Move,1004,746
65.867,65.867,NoButton,Move,1004,743
65.882,65.882,NoButton,Move,1005,737
65.898,65.898,NoButton,Move,1006,710
65.917,65.917,NoButton,Move,1006,641
65.939,65.939,NoButton,Move,1004,585
65.95400000000001,65.95400000000001,NoButton,Move,998,525
65.971,65.971,NoButton,Move,994,468
65.988,65.988,NoButton,Move,993,415
66.005,66.005,NoButton,Move,993,364
66.022,66.022,NoButton,Move,996,329
66.039,66.039,NoButton,Move,1001,301
66.055,66.055,NoButton,Move,1003,287
66.071,66.071,NoButton,Move,1005,277
66.089,66.089,NoButton,Move,1006,273
66.105,66.105,NoButton,Move,1006,272
66.138,66.138,NoButton,Move,1006,273
66.147,66.147,NoButton,Move,1003,281
66.155,66.155,NoButton,Move,998,291
66.172,66.172,NoButton,Move,993,304
66.188,66.188,NoButton,Move,979,343
66.20400000000001,66.20400000000001,NoButton,Move,955,420
66.221,66.221,NoButton,Move,938,476
66.238,66.238,NoButton,Move,915,528
66.254,66.254,NoButton,Move,896,562
66.271,66.271,NoButton,Move,870,596
66.288,66.288,NoButton,Move,851,613
66.305,66.305,NoButton,Move,834,624
66.322,66.322,NoButton,Move,820,627
66.337,66.337,NoButton,Move,810,628
66.354,66.354,NoButton,Move,802,626
66.371,66.371,NoButton,Move,790,615
66.388,66.388,NoButton,Move,776,597
66.404,66.404,NoButton,Move,759,573
66.421,66.421,NoButton,Move,745,555
66.437,66.437,NoButton,Move,730,536
66.45400000000001,66.45400000000001,NoButton,Move,719,522
66.47200000000001,66.47200000000001,NoButton,Move,712,511
66.488,66.488,NoButton,Move,708,507
66.505,66.505,NoButton,Move,705,503
66.521,66.521,NoButton,Move,704,502
66.751,66.751,NoButton,Move,703,502
66.757,66.757,NoButton,Move,695,502
66.772,66.772,NoButton,Move,687,500
66.788,66.788,NoButton,Move,665,498
66.806,66.806,NoButton,Move,635,495
66.821,66.821,NoButton,Move,581,492
66.837,66.837,NoButton,Move,504,490
66.853,66.853,NoButton,Move,454,490
66.87,66.87,NoButton,Move,410,490
67.138,67.138,NoButton,Move,410,490
67.144,67.144,NoButton,Move,407,490
67.155,67.155,NoButton,Move,403,489
67.171,67.171,NoButton,Move,390,484
67.188,67.188,NoButton,Move,355,466
67.20400000000001,67.20400000000001,NoButton,Move,300,431
67.223,67.223,NoButton,Move,246,395
67.241,67.241,NoButton,Move,216,374
67.258,67.258,NoButton,Move,197,360
67.274,67.274,NoButton,Move,187,352
67.291,67.291,NoButton,Move,181,347
67.308,67.308,NoButton,Move,179,345
67.325,67.325,NoButton,Move,179,344
67.342,67.342,NoButton,Move,182,342
67.359,67.359,NoButton,Move,193,341
67.374,67.374,NoButton,Move,213,339
67.391,67.391,NoButton,Move,246,336
67.408,67.408,NoButton,Move,293,334
67.425,67.425,NoButton,Move,321,333
67.442,67.442,NoButton,Move,354,330
67.458,67.458,NoButton,Move,388,327
67.476,67.476,NoButton,Move,409,324
67.492,67.492,NoButton,Move,424,322
67.508,67.508,NoButton,Move,427,322
67.525,67.525,NoButton,Move,438,321
67.542,67.542,NoButton,Move,441,321
67.559,67.559,NoButton,Move,443,321
67.575,67.575,NoButton,Move,444,322
67.592,67.592,NoButton,Move,445,330
67.807,67.807,NoButton,Move,446,330
67.812,67.812,NoButton,Move,451,330
67.825,67.825,NoButton,Move,458,330
67.846,67.846,NoButton,Move,478,330
67.859,67.859,NoButton,Move,503,333
67.875,67.875,NoButton,Move,541,340
67.892,67.892,NoButton,Move,592,352
67.909,67.909,NoButton,Move,645,365
67.928,67.928,NoButton,Move,674,375
67.943,67.943,NoButton,Move,705,387
67.96000000000001,67.96000000000001,NoButton,Move,722,394
67.977,67.977,NoButton,Move,734,400
67.994,67.994,NoButton,Move,745,404
68.009,68.009,NoButton,Move,749,407
68.211,68.211,NoButton,Move,750,407
68.217,68.217,NoButton,Move,756,406
68.226,68.226,NoButton,Move,764,405
68.243,68.243,NoButton,Move,787,403
68.26,68.26,NoButton,Move,826,403
68.277,68.277,NoButton,Move,884,403
68.296,68.296,NoButton,Move,939,409
68.312,68.312,NoButton,Move,972,416
68.32900000000001,68.32900000000001,NoButton,Move,994,421
68.346,68.346,NoButton,Move,1015,425
68.362,68.362,NoButton,Move,1024,426
68.379,68.379,NoButton,Move,1030,428
68.396,68.397,NoButton,Move,1032,428
68.413,68.413,NoButton,Move,1033,428
68.647,68.647,NoButton,Move,1034,428
68.653,68.653,NoButton,Move,1042,425
68.664,68.664,NoButton,Move,1051,420
68.682,68.682,NoButton,Move,1074,410
68.699,68.699,NoButton,Move,1098,398
68.71600000000001,68.71600000000001,NoButton,Move,1141,380
68.733,68.733,NoButton,Move,1161,371
68.75,68.75,NoButton,Move,1173,365
68.766,68.766,NoButton,Move,1181,361
68.785,68.785,NoButton,Move,1185,360
68.801,68.801,NoButton,Move,1186,360
69.018,69.018,NoButton,Move,1186,360
69.024,69.024,NoButton,Move,1186,354
69.034,69.034,NoButton,Move,1186,347
69.051,69.051,NoButton,Move,1187,329
69.067,69.067,NoButton,Move,1190,313
69.084,69.084,NoButton,Move,1192,302
69.104,69.104,NoButton,Move,1194,288
69.12,69.12,NoButton,Move,1196,280
69.137,69.137,NoButton,Move,1197,276
69.156,69.156,NoButton,Move,1197,275
69.171,69.171,NoButton,Move,1198,274
69.188,69.188,NoButton,Move,1198,274
69.406,69.406,NoButton,Move,1198,275
69.412,69.412,NoButton,Move,1198,286
69.421,69.421,NoButton,Move,1196,297
69.438,69.438,NoButton,Move,1194,322
69.455,69.455,NoButton,Move,1194,354
69.471,69.471,NoButton,Move,1194,404
69.49,69.49,NoButton,Move,1194,473
69.508,69.508,NoButton,Move,1195,540
69.525,69.525,NoButton,Move,1197,577
69.543,69.543,NoButton,Move,1198,606
69.558,69.558,NoButton,Move,1198,624
69.57600000000001,69.57600000000001,NoButton,Move,1198,636
69.592,69.592,NoButton,Move,1198,641
69.609,69.609,NoButton,Move,1198,642
69.818,69.818,NoButton,Move,1197,642
69.82300000000001,69.82300000000001,NoButton,Move,1193,642
69.83200000000001,69.83200000000001,NoButton,Move,1187,642
69.843,69.843,NoButton,Move,1181,642
69.858,69.858,NoButton,Move,1158,640
69.876,69.876,NoButton,Move,1105,637
69.889,69.889,NoButton,Move,1007,632
69.905,69.905,NoButton,Move,985,632
69.921,69.921,NoButton,Move,899,632
69.939,69.939,NoButton,Move,857,632
69.95400000000001,69.95400000000001,NoButton,Move,843,632
69.971,69.971,NoButton,Move,825,632
69.988,69.988,NoButton,Move,818,632
70.004,70.004,NoButton,Move,817,631
70.23,70.23,NoButton,Move,816,631
70.238,70.238,NoButton,Move,810,631
70.254,70.254,NoButton,Move,792,631
70.271,70.271,NoButton,Move,759,631
70.288,70.288,NoButton,Move,695,629
70.302,70.302,NoButton,Move,623,629
70.317,70.317,NoButton,Move,577,629
70.333,70.333,NoButton,Move,519,635
70.35000000000001,70.35000000000001,NoButton,Move,479,640
70.367,70.367,NoButton,Move,459,642
70.383,70.383,NoButton,Move,445,643
70.4,70.4,NoButton,Move,440,644
70.691,70.691,NoButton,Move,440,644
70.69800000000001,70.69800000000001,NoButton,Move,435,644
70.705,70.705,NoButton,Move,429,644
70.717,70.717,NoButton,Move,418,644
70.733,70.733,NoButton,Move,389,648
70.75,70.75,NoButton,Move,315,653
70.763,70.763,NoButton,Move,219,661
70.78,70.78,NoButton,Move,172,666
70.795,70.795,NoButton,Move,113,671
70.812,70.812,NoButton,Move,87,673
70.82900000000001,70.82900000000001,NoButton,Move,61,674
70.845,70.845,NoButton,Move,45,674
70.862,70.862,NoButton,Move,39,674
70.877,70.877,NoButton,Move,39,673
71.128,71.128,NoButton,Move,39,672
71.134,71.134,NoButton,Move,36,668
71.144,71.144,NoButton,Move,33,663
71.161,71.161,NoButton,Move,21,643
71.18,71.18,NoButton,Move,2,614
71.194,71.194,NoButton,Move,0,584
71.21300000000001,71.21300000000001,NoButton,Move,0,566
71.23,71.23,NoButton,Move,0,553
71.247,71.247,NoButton,Move,0,543
71.264,71.264,NoButton,Move,0,538
71.282,71.282,NoButton,Move,0,535
71.298,71.298,NoButton,Move,0,534
71.315,71.315,NoButton,Move,0,532
71.33200000000001,71.33200000000001,NoButton,Move,0,528
71.348,71.348,NoButton,Move,8,518
71.365,71.365,NoButton,Move,23,505
71.381,71.381,NoButton,Move,43,492
71.398,71.398,NoButton,Move,68,481
71.414,71.414,NoButton,Move,95,475
71.431,71.431,NoButton,Move,142,471
71.44800000000001,71.44800000000001,NoButton,Move,172,471
71.465,71.465,NoButton,Move,201,471
71.482,71.482,NoButton,Move,219,471
71.497,71.497,NoButton,Move,237,471
71.513,71.513,NoButton,Move,247,471
71.531,71.531,NoButton,Move,254,472
71.548,71.548,NoButton,Move,256,473
71.564,71.564,NoButton,Move,257,473
71.804,71.804,NoButton,Move,259,473
71.81,71.81,NoButton,Move,263,471
71.819,71.819,NoButton,Move,268,470
71.83200000000001,71.83200000000001,NoButton,Move,275,470
71.848,71.848,NoButton,Move,291,469
71.861,71.861,NoButton,Move,341,469
71.875,71.875,NoButton,Move,365,469
71.891,71.891,NoButton,Move,421,476
71.907,71.907,NoButton,Move,478,488
71.925,71.925,NoButton,Move,515,498
71.94,71.94,NoButton,Move,555,507
71.958,71.958,NoButton,Move,575,512
71.973,71.973,NoButton,Move,588,515
71.991,71.991,NoButton,Move,599,518
72.008,72.008,NoButton,Move,605,519
72.024,72.024,NoButton,Move,607,520
72.456,72.456,NoButton,Move,608,520
72.461,72.461,NoButton,Move,615,520
72.473,72.473,NoButton,Move,625,520
72.491,72.491,NoButton,Move,646,520
72.507,72.507,NoButton,Move,675,521
72.523,72.523,NoButton,Move,721,529
72.54,72.54,NoButton,Move,784,540
72.558,72.558,NoButton,Move,824,548
72.575,72.575,NoButton,Move,868,556
72.593,72.593,NoButton,Move,890,559
72.609,72.609,NoButton,Move,905,560
72.626,72.626,NoButton,Move,916,561
72.642,72.642,NoButton,Move,921,561
72.658,72.658,NoButton,Move,922,561
72.868,72.868,NoButton,Move,923,560
72.873,72.873,NoButton,Move,927,557
72.881,72.881,NoButton,Move,932,553
72.892,72.892,NoButton,Move,938,549
72.908,72.908,NoButton,Move,946,545
72.925,72.925,NoButton,Move,990,526
72.94,72.94,NoButton,Move,1023,515
72.955,72.955,NoButton,Move,1059,504
72.97200000000001,72.97200000000001,NoButton,Move,1089,496
72.989,72.989,NoButton,Move,1110,490
73.005,73.005,NoButton,Move,1130,484
73.021,73.021,NoButton,Move,1139,481
73.038,73.038,NoButton,Move,1145,480
73.28,73.28,NoButton,Move,1145,479
73.286,73.286,NoButton,Move,1144,472
73.293,73.293,NoButton,Move,1142,463
73.304,73.304,NoButton,Move,1140,451
73.32000000000002,73.32000000000002,NoButton,Move,1138,438
73.337,73.337,NoButton,Move,1132,388
73.352,73.352,NoButton,Move,1130,358
73.367,73.367,NoButton,Move,1129,344
73.384,73.384,NoButton,Move,1128,331
73.399,73.399,NoButton,Move,1128,322
73.417,73.417,NoButton,Move,1128,319
73.433,73.433,NoButton,Move,1128,319
73.459,73.459,NoButton,Move,1129,319
73.708,73.708,NoButton,Move,1129,317
73.71600000000001,73.71600000000001,NoButton,Move,1129,310
73.733,73.733,NoButton,Move,1133,291
73.749,73.749,NoButton,Move,1140,270
73.765,73.765,NoButton,Move,1149,242
73.78,73.78,NoButton,Move,1156,222
73.796,73.796,NoButton,Move,1165,199
73.811,73.811,NoButton,Move,1170,187
73.827,73.827,NoButton,Move,1174,179
73.845,73.845,NoButton,Move,1175,175
73.862,73.862,NoButton,Move,1176,175
73.878,73.878,NoButton,Move,1176,175
74.22800000000001,74.22800000000001,NoButton,Move,1176,174
74.233,74.233,NoButton,Move,1176,172
74.243,74.243,NoButton,Move,1176,171
74.26,74.26,NoButton,Move,1178,164
74.277,74.277,NoButton,Move,1181,153
74.293,74.293,NoButton,Move,1184,143
74.313,74.313,NoButton,Move,1186,137
74.33,74.33,NoButton,Move,1187,131
74.34700000000001,74.34700000000001,NoButton,Move,1187,129
74.363,74.363,NoButton,Move,1188,128
74.407,74.407,NoButton,Move,1188,128
74.414,74.414,NoButton,Move,1188,130
74.58,74.58,NoButton,Move,1187,130
74.58800000000001,74.58800000000001,NoButton,Move,1184,130
74.596,74.596,NoButton,Move,1180,131
74.613,74.613,NoButton,Move,1172,135
74.632,74.632,NoButton,Move,1157,143
74.649,74.649,NoButton,Move,1130,158
74.666,74.666,NoButton,Move,1084,182
74.682,74.682,NoButton,Move,1030,211
74.699,74.699,NoButton,Move,994,230
74.71600000000001,74.71600000000001,NoButton,Move,967,244
74.733,74.733,NoButton,Move,950,252
74.751,74.751,NoButton,Move,938,258
74.767,74.767,NoButton,Move,933,260
74.783,74.783,NoButton,Move,932,260
74.801,74.801,NoButton,Move,932,262
74.817,74.817,NoButton,Move,932,262
75.068,75.068,NoButton,Move,932,263
75.074,75.074,NoButton,Move,930,267
75.084,75.084,NoButton,Move,929,271
75.10000000000001,75.10000000000001,NoButton,Move,925,280
75.117,75.117,NoButton,Move,921,292
75.133,75.133,NoButton,Move,913,316
75.154,75.154,NoButton,Move,906,341
75.171,75.171,NoButton,Move,902,358
75.187,75.187,NoButton,Move,899,376
75.20400000000001,75.20400000000001,NoButton,Move,896,389
75.22200000000001,75.22200000000001,NoButton,Move,894,398
75.239,75.239,NoButton,Move,894,403
75.255,75.255,NoButton,Move,893,407
75.272,75.272,NoButton,Move,892,409
75.289,75.289,NoButton,Move,892,410
75.304,75.304,NoButton,Move,892,410
75.513,75.513,NoButton,Move,892,410
75.52,75.52,NoButton,Move,888,410
75.527,75.527,NoButton,Move,884,413
75.538,75.538,NoButton,Move,878,415
75.554,75.554,NoButton,Move,863,422
75.568,75.568,NoButton,Move,846,430
75.58500000000001,75.58500000000001,NoButton,Move,829,439
75.60000000000001,75.60000000000001,NoButton,Move,802,453
75.617,75.617,NoButton,Move,767,471
75.633,75.633,NoButton,Move,747,482
75.649,75.649,NoButton,Move,734,488
75.667,75.667,NoButton,Move,723,494
75.684,75.684,NoButton,Move,718,496
75.7,75.7,NoButton,Move,717,497
75.71600000000001,75.71600000000001,NoButton,Move,717,498
76.32900000000001,76.32900000000001,NoButton,Move,716,498
76.33500000000001,76.33500000000001,NoButton,Move,712,498
76.349,76.349,NoButton,Move,707,498
76.366,76.366,NoButton,Move,692,498
76.384,76.384,NoButton,Move,667,499
76.4,76.4,NoButton,Move,598,506
76.416,76.416,NoButton,Move,509,518
76.434,76.434,NoButton,Move,444,530
76.45,76.45,NoButton,Move,391,541
76.467,76.467,NoButton,Move,362,547
76.483,76.483,NoButton,Move,348,550
76.499,76.499,NoButton,Move,339,553
76.516,76.516,NoButton,Move,337,553
76.709,76.709,NoButton,Move,329,554
76.714,76.714,NoButton,Move,323,556
76.723,76.723,NoButton,Move,315,559
76.733,76.733,NoButton,Move,309,561
76.749,76.749,NoButton,Move,301,564
76.766,76.766,NoButton,Move,298,566
76.78,76.78,NoButton,Move,296,566
76.796,76.796,NoButton,Move,295,568
76.813,76.813,NoButton,Move,292,571
76.82900000000001,76.82900000000001,NoButton,Move,292,573
77.062,77.062,NoButton,Move,292,571
77.068,77.068,NoButton,Move,292,564
77.078,77.078,NoButton,Move,294,556
77.09400000000001,77.09400000000001,NoButton,Move,299,530
77.11,77.11,NoButton,Move,308,498
77.128,77.128,NoButton,Move,313,480
77.147,77.147,NoButton,Move,320,461
77.164,77.164,NoButton,Move,323,454
77.182,77.182,NoButton,Move,326,449
77.19800000000001,77.19800000000001,NoButton,Move,328,446
77.215,77.215,NoButton,Move,329,445
77.233,77.233,NoButton,Move,329,445
77.249,77.249,NoButton,Move,330,445
77.648,77.648,NoButton,Move,330,448
77.653,77.653,NoButton,Move,330,459
77.666,77.666,NoButton,Move,330,470
77.683,77.683,NoButton,Move,334,499
77.699,77.699,NoButton,Move,337,527
77.71600000000001,77.71600000000001,NoButton,Move,340,550
77.733,77.733,NoButton,Move,344,592
77.75,77.75,NoButton,Move,345,616
77.769,77.769,NoButton,Move,345,632
77.785,77.785,NoButton,Move,345,644
77.802,77.802,NoButton,Move,345,648
77.818,77.818,NoButton,Move,345,650
78.035,78.035,NoButton,Move,345,648
78.042,78.042,NoButton,Move,345,642
78.051,78.051,NoButton,Move,345,632
78.07000000000002,78.07000000000002,NoButton,Move,347,610
78.087,78.087,NoButton,Move,351,573
78.101,78.101,NoButton,Move,354,538
78.12,78.12,NoButton,Move,355,528
78.137,78.137,NoButton,Move,356,513
78.154,78.154,NoButton,Move,357,507
78.172,78.172,NoButton,Move,357,505
78.188,78.188,NoButton,Move,357,505
78.215,78.215,NoButton,Move,357,505
78.47200000000001,78.47200000000001,NoButton,Move,359,505
78.479,78.479,NoButton,Move,364,504
78.489,78.489,NoButton,Move,370,503
78.505,78.505,NoButton,Move,383,501
78.52,78.52,NoButton,Move,408,499
78.538,78.538,NoButton,Move,433,497
78.557,78.557,NoButton,Move,469,497
78.57300000000001,78.57300000000001,NoButton,Move,501,497
78.59,78.59,NoButton,Move,532,499
78.607,78.607,NoButton,Move,548,501
78.624,78.624,NoButton,Move,568,505
78.641,78.641,NoButton,Move,590,509
78.658,78.658,NoButton,Move,595,511
78.674,78.674,NoButton,Move,608,515
78.691,78.691,NoButton,Move,615,519
78.708,78.708,NoButton,Move,620,523
78.724,78.724,NoButton,Move,625,527
78.94800000000001,78.94800000000001,NoButton,Move,626,527
78.955,78.955,NoButton,Move,630,527
78.96300000000001,78.96300000000001,NoButton,Move,637,527
78.97500000000001,78.97500000000001,NoButton,Move,644,527
78.992,78.992,NoButton,Move,658,528
79.005,79.005,NoButton,Move,683,534
79.02,79.02,NoButton,Move,700,537
79.036,79.036,NoButton,Move,733,544
79.053,79.053,NoButton,Move,752,548
79.069,79.069,NoButton,Move,764,552
79.086,79.086,NoButton,Move,775,554
79.10300000000001,79.10300000000001,NoButton,Move,779,556
79.118,79.118,NoButton,Move,781,556
79.135,79.135,NoButton,Move,781,556
79.321,79.321,NoButton,Move,782,555
79.327,79.327,NoButton,Move,787,552
79.336,79.336,NoButton,Move,792,547
79.35300000000001,79.35300000000001,NoButton,Move,804,540
79.37,79.37,NoButton,Move,818,534
79.387,79.387,NoButton,Move,843,524
79.406,79.406,NoButton,Move,860,519
79.424,79.424,NoButton,Move,878,513
79.44,79.44,NoButton,Move,887,511
79.458,79.458,NoButton,Move,895,509
79.47500000000001,79.47500000000001,NoButton,Move,899,508
79.492,79.492,NoButton,Move,901,508
79.508,79.508,NoButton,Move,903,508
79.783,79.783,NoButton,Move,907,508
79.79,79.79,NoButton,Move,913,507
79.796,79.796,NoButton,Move,919,507
79.808,79.808,NoButton,Move,925,507
79.825,79.825,NoButton,Move,942,507
79.839,79.839,NoButton,Move,954,507
79.854,79.854,NoButton,Move,960,508
79.87,79.87,NoButton,Move,974,510
79.886,79.886,NoButton,Move,983,511
79.904,79.904,NoButton,Move,991,512
79.92,79.92,NoButton,Move,994,513
79.936,79.936,NoButton,Move,995,513
80.138,80.138,NoButton,Move,995,513
80.143,80.143,NoButton,Move,999,510
80.153,80.153,NoButton,Move,1003,507
80.17,80.17,NoButton,Move,1017,501
80.186,80.186,NoButton,Move,1036,493
80.203,80.203,NoButton,Move,1065,485
80.223,80.223,NoButton,Move,1085,481
80.239,80.239,NoButton,Move,1107,478
80.256,80.256,NoButton,Move,1118,478
80.275,80.275,NoButton,Move,1126,478
80.291,80.291,NoButton,Move,1130,478
80.307,80.307,NoButton,Move,1131,478
80.32300000000001,80.32300000000001,NoButton,Move,1132,478
80.813,80.813,NoButton,Move,1132,478
80.819,80.819,NoButton,Move,1129,479
80.82600000000001,80.82600000000001,NoButton,Move,1127,481
80.84100000000001,80.84100000000001,NoButton,Move,1123,484
80.857,80.857,NoButton,Move,1114,491
80.87,80.87,NoButton,Move,1100,502
80.884,80.884,NoButton,Move,1089,510
80.901,80.901,NoButton,Move,1068,527
80.918,80.918,NoButton,Move,1053,541
80.934,80.934,NoButton,Move,1037,555
80.95100000000001,80.95100000000001,NoButton,Move,1029,562
80.967,80.967,NoButton,Move,1023,568
80.983,80.983,NoButton,Move,1020,570
81,81,NoButton,Move,1020,571
81.20100000000001,81.20100000000001,NoButton,Move,1019,571
81.20700000000001,81.20700000000001,NoButton,Move,1016,571
81.217,81.217,NoButton,Move,1012,570
81.233,81.233,NoButton,Move,1002,568
81.25,81.25,NoButton,Move,990,564
81.265,81.265,NoButton,Move,964,555
81.285,81.285,NoButton,Move,898,529
81.302,81.302,NoButton,Move,850,509
81.319,81.319,NoButton,Move,809,493
81.337,81.337,NoButton,Move,768,481
81.354,81.354,NoButton,Move,757,479
81.371,81.371,NoButton,Move,743,476
81.388,81.388,NoButton,Move,736,475
81.404,81.404,NoButton,Move,735,475
81.42,81.42,NoButton,Move,735,475
81.586,81.586,NoButton,Move,727,475
81.593,81.593,NoButton,Move,719,475
81.604,81.604,NoButton,Move,707,475
81.621,81.621,NoButton,Move,683,475
81.638,81.638,NoButton,Move,658,475
81.655,81.655,NoButton,Move,637,474
81.672,81.672,NoButton,Move,599,474
81.689,81.689,NoButton,Move,577,474
81.705,81.705,NoButton,Move,557,474
81.72200000000001,81.72200000000001,NoButton,Move,549,474
81.739,81.739,NoButton,Move,543,474
81.756,81.756,NoButton,Move,542,474
81.967,81.967,NoButton,Move,541,474
81.97200000000001,81.97200000000001,NoButton,Move,538,474
81.991,81.991,NoButton,Move,527,470
82.007,82.007,NoButton,Move,509,463
82.024,82.024,NoButton,Move,487,455
82.039,82.039,NoButton,Move,476,451
82.054,82.054,NoButton,Move,439,437
82.07000000000002,82.07000000000002,NoButton,Move,416,430
82.086,82.086,NoButton,Move,401,426
82.10300000000001,82.10300000000001,NoButton,Move,389,423
82.121,82.121,NoButton,Move,384,422
82.138,82.138,NoButton,Move,382,422
82.154,82.154,NoButton,Move,382,422
82.363,82.363,NoButton,Move,382,421
82.369,82.369,NoButton,Move,385,419
82.377,82.377,NoButton,Move,391,415
82.388,82.388,NoButton,Move,397,411
82.404,82.404,NoButton,Move,421,399
82.421,82.421,NoButton,Move,450,387
82.435,82.435,NoButton,Move,508,368
82.45,82.45,NoButton,Move,557,359
82.467,82.467,NoButton,Move,568,358
82.484,82.484,NoButton,Move,605,354
82.5,82.5,NoButton,Move,625,354
82.517,82.517,NoButton,Move,636,353
82.532,82.532,NoButton,Move,645,353
82.549,82.549,NoButton,Move,648,353
82.566,82.566,NoButton,Move,648,353
82.583,82.583,NoButton,Move,646,353
82.71600000000001,82.71600000000001,NoButton,Move,648,352
82.72200000000001,82.72200000000001,NoButton,Move,655,349
82.733,82.733,NoButton,Move,664,346
82.75,82.75,NoButton,Move,687,337
82.769,82.769,NoButton,Move,716,329
82.783,82.783,NoButton,Move,773,317
82.802,82.802,NoButton,Move,833,309
82.82000000000002,82.82000000000002,NoButton,Move,867,307
82.836,82.836,NoButton,Move,890,307
82.852,82.852,NoButton,Move,914,307
82.871,82.871,NoButton,Move,930,307
82.888,82.888,NoButton,Move,938,307
82.904,82.904,NoButton,Move,948,307
82.921,82.921,NoButton,Move,952,307
82.938,82.938,NoButton,Move,961,307
82.953,82.953,NoButton,Move,964,307
83.121,83.121,NoButton,Move,965,307
83.127,83.127,NoButton,Move,972,301
83.138,83.138,NoButton,Move,982,294
83.153,83.153,NoButton,Move,1008,278
83.17,83.17,NoButton,Move,1048,256
83.187,83.187,NoButton,Move,1081,238
83.206,83.206,NoButton,Move,1104,227
83.223,83.223,NoButton,Move,1115,222
83.24,83.24,NoButton,Move,1123,218
83.259,83.259,NoButton,Move,1126,218
83.275,83.275,NoButton,Move,1126,218
83.291,83.291,NoButton,Move,1120,221
83.467,83.467,NoButton,Move,1119,223
83.473,83.473,NoButton,Move,1116,230
83.482,83.482,NoButton,Move,1113,239
83.491,83.491,NoButton,Move,1111,254
83.508,83.508,NoButton,Move,1107,289
83.525,83.525,NoButton,Move,1104,349
83.54,83.54,NoButton,Move,1101,406
83.556,83.556,NoButton,Move,1098,452
83.572,83.572,NoButton,Move,1097,476
83.587,83.587,NoButton,Move,1095,500
83.604,83.604,NoButton,Move,1093,515
83.622,83.622,NoButton,Move,1092,526
83.638,83.638,NoButton,Move,1092,531
83.655,83.655,NoButton,Move,1091,533
83.671,83.671,NoButton,Move,1091,533
83.869,83.869,NoButton,Move,1091,533
83.876,83.876,NoButton,Move,1091,543
83.887,83.887,NoButton,Move,1090,555
83.906,83.906,NoButton,Move,1088,580
83.922,83.922,NoButton,Move,1085,607
83.939,83.939,NoButton,Move,1081,631
83.955,83.955,NoButton,Move,1073,671
83.973,83.973,NoButton,Move,1066,690
83.99,83.99,NoButton,Move,1061,702
84.007,84.007,NoButton,Move,1057,711
84.022,84.022,NoButton,Move,1054,715
84.039,84.039,NoButton,Move,1054,716
84.057,84.057,NoButton,Move,1054,716
84.072,84.072,NoButton,Move,1054,717
84.251,84.251,NoButton,Move,1052,717
84.256,84.256,NoButton,Move,1047,716
84.265,84.265,NoButton,Move,1040,715
84.274,84.274,NoButton,Move,1030,714
84.29,84.29,NoButton,Move,1002,709
84.306,84.306,NoButton,Move,923,698
84.322,84.322,NoButton,Move,874,690
84.339,84.339,NoButton,Move,766,679
84.355,84.355,NoButton,Move,701,674
84.371,84.371,NoButton,Move,676,672
84.388,84.388,NoButton,Move,651,669
84.405,84.405,NoButton,Move,634,668
84.421,84.421,NoButton,Move,629,666
84.437,84.437,NoButton,Move,630,664
84.654,84.654,NoButton,Move,627,664
84.659,84.659,NoButton,Move,620,664
84.671,84.671,NoButton,Move,612,663
84.69,84.69,NoButton,Move,586,661
84.70400000000001,84.70400000000001,NoButton,Move,552,660
84.72200000000001,84.72200000000001,NoButton,Move,475,660
84.739,84.739,NoButton,Move,425,661
84.757,84.757,NoButton,Move,383,666
84.773,84.773,NoButton,Move,354,669
84.791,84.791,NoButton,Move,336,671
84.807,84.807,NoButton,Move,322,672
84.824,84.824,NoButton,Move,317,673
84.84100000000001,84.84100000000001,NoButton,Move,317,674
84.857,84.857,NoButton,Move,317,674
85.025,85.025,NoButton,Move,317,673
85.031,85.031,NoButton,Move,317,665
85.042,85.042,NoButton,Move,317,655
85.06,85.06,NoButton,Move,317,627
85.074,85.074,NoButton,Move,319,593
85.09100000000001,85.09100000000001,NoButton,Move,326,548
85.11,85.11,NoButton,Move,331,525
85.127,85.127,NoButton,Move,334,507
85.144,85.144,NoButton,Move,336,494
85.162,85.162,NoButton,Move,337,490
85.178,85.178,NoButton,Move,338,490
85.19500000000002,85.19500000000002,NoButton,Move,340,492
85.38,85.38,NoButton,Move,341,492
85.385,85.385,NoButton,Move,346,492
85.395,85.395,NoButton,Move,352,492
85.411,85.411,NoButton,Move,369,492
85.429,85.429,NoButton,Move,393,492
85.44500000000002,85.44500000000002,NoButton,Move,444,492
85.465,85.465,NoButton,Move,508,494
85.482,85.482,NoButton,Move,569,496
85.499,85.499,NoButton,Move,613,498
85.516,85.516,NoButton,Move,658,500
85.533,85.533,NoButton,Move,679,502
85.551,85.551,NoButton,Move,695,503
85.566,85.566,NoButton,Move,699,503
85.583,85.583,NoButton,Move,701,503
85.60000000000001,85.60000000000001,NoButton,Move,701,503
85.767,85.767,NoButton,Move,701,503
85.774,85.774,NoButton,Move,708,497
85.783,85.783,NoButton,Move,716,491
85.8,85.8,NoButton,Move,741,479
85.816,85.816,NoButton,Move,771,467
85.833,85.833,NoButton,Move,845,446
85.852,85.852,NoButton,Move,901,436
85.869,85.869,NoButton,Move,973,429
85.886,85.886,NoButton,Move,1018,427
85.903,85.903,NoButton,Move,1047,426
85.919,85.919,NoButton,Move,1065,425
85.936,85.936,NoButton,Move,1078,425
85.95400000000001,85.95400000000001,NoButton,Move,1083,425
85.97,85.97,NoButton,Move,1084,425
86.171,86.171,NoButton,Move,1088,424
86.177,86.177,NoButton,Move,1095,420
86.187,86.187,NoButton,Move,1106,417
86.20400000000001,86.20400000000001,NoButton,Move,1133,412
86.22,86.22,NoButton,Move,1167,408
86.239,86.239,NoButton,Move,1222,404
86.256,86.256,NoButton,Move,1292,402
86.273,86.273,NoButton,Move,1332,402
86.29,86.29,NoButton,Move,1357,402
86.307,86.307,NoButton,Move,1374,402
86.325,86.325,NoButton,Move,1385,402
86.34100000000001,86.34100000000001,NoButton,Move,1389,402
86.357,86.357,NoButton,Move,1390,402
86.572,86.572,NoButton,Move,1390,403
86.58,86.58,NoButton,Move,1388,409
86.59,86.59,NoButton,Move,1386,417
86.608,86.608,NoButton,Move,1382,431
86.625,86.625,NoButton,Move,1378,450
86.642,86.642,NoButton,Move,1375,468
86.659,86.659,NoButton,Move,1366,498
86.675,86.675,NoButton,Move,1361,513
86.694,86.694,NoButton,Move,1357,523
86.71000000000001,86.71000000000001,NoButton,Move,1354,530
86.727,86.727,NoButton,Move,1352,534
86.743,86.743,NoButton,Move,1351,536
86.76,86.76,NoButton,Move,1351,537
86.777,86.777,NoButton,Move,1351,537
86.952,86.952,NoButton,Move,1344,536
86.959,86.959,NoButton,Move,1339,533
86.977,86.977,NoButton,Move,1322,523
86.994,86.994,NoButton,Move,1301,516
87.01,87.01,NoButton,Move,1280,511
87.026,87.026,NoButton,Move,1269,511
87.042,87.042,NoButton,Move,1211,510
87.057,87.057,NoButton,Move,1183,511
87.072,87.072,NoButton,Move,1160,516
87.09,87.09,NoButton,Move,1138,523
87.107,87.107,NoButton,Move,1129,525
87.123,87.123,NoButton,Move,1123,527
87.35000000000001,87.35000000000001,NoButton,Move,1122,526
87.35600000000001,87.35600000000001,NoButton,Move,1119,524
87.363,87.363,NoButton,Move,1115,521
87.373,87.373,NoButton,Move,1109,515
87.389,87.389,NoButton,Move,1093,502
87.406,87.406,NoButton,Move,1066,472
87.422,87.422,NoButton,Move,1031,434
87.437,87.437,NoButton,Move,1011,408
87.453,87.453,NoButton,Move,983,379
87.47,87.47,NoButton,Move,963,361
87.487,87.487,NoButton,Move,950,351
87.504,87.504,NoButton,Move,940,344
87.52,87.52,NoButton,Move,936,342
87.536,87.536,NoButton,Move,935,341
87.77,87.77,NoButton,Move,928,341
87.775,87.775,NoButton,Move,917,339
87.786,87.786,NoButton,Move,905,338
87.806,87.806,NoButton,Move,883,336
87.82000000000002,87.82000000000002,NoButton,Move,862,334
87.839,87.839,NoButton,Move,842,334
87.85600000000001,87.85600000000001,NoButton,Move,816,334
87.872,87.872,NoButton,Move,791,334
87.89,87.89,NoButton,Move,781,334
87.907,87.907,NoButton,Move,773,335
87.924,87.924,NoButton,Move,770,336
88.223,88.223,NoButton,Move,765,336
88.22800000000001,88.22800000000001,NoButton,Move,758,336
88.24,88.24,NoButton,Move,749,336
88.258,88.258,NoButton,Move,727,334
88.275,88.275,NoButton,Move,701,334
88.292,88.292,NoButton,Move,660,334
88.309,88.309,NoButton,Move,623,334
88.32600000000001,88.32600000000001,NoButton,Move,581,334
88.343,88.343,NoButton,Move,570,334
88.35900000000001,88.35900000000001,NoButton,Move,554,334
88.377,88.377,NoButton,Move,546,334
88.627,88.627,NoButton,Move,536,334
88.633,88.633,NoButton,Move,527,334
88.644,88.644,NoButton,Move,521,334
88.66,88.66,NoButton,Move,504,334
88.676,88.676,NoButton,Move,491,333
88.693,88.693,NoButton,Move,479,331
88.712,88.712,NoButton,Move,464,329
88.73,88.73,NoButton,Move,453,328
88.746,88.746,NoButton,Move,443,327
88.765,88.765,NoButton,Move,437,327
88.78,88.78,NoButton,Move,435,327
88.99,88.99,NoButton,Move,431,327
88.995,88.995,NoButton,Move,426,326
89.003,89.003,NoButton,Move,419,325
89.013,89.013,NoButton,Move,410,324
89.03,89.03,NoButton,Move,391,323
89.048,89.048,NoButton,Move,373,321
89.061,89.061,NoButton,Move,359,321
89.078,89.078,NoButton,Move,346,321
89.09400000000001,89.09400000000001,NoButton,Move,325,321
89.11,89.11,NoButton,Move,314,321
89.127,89.127,NoButton,Move,304,321
89.143,89.143,NoButton,Move,300,322
89.159,89.159,NoButton,Move,299,322
89.175,89.175,NoButton,Move,298,323
89.385,89.385,NoButton,Move,300,322
89.392,89.392,NoButton,Move,305,319
89.399,89.399,NoButton,Move,311,316
89.409,89.409,NoButton,Move,320,313
89.427,89.427,NoButton,Move,343,307
89.443,89.443,NoButton,Move,385,299
89.458,89.458,NoButton,Move,418,296
89.473,89.473,NoButton,Move,483,293
89.49,89.49,NoButton,Move,531,293
89.506,89.506,NoButton,Move,584,294
89.523,89.523,NoButton,Move,613,298
89.539,89.539,NoButton,Move,630,300
89.555,89.555,NoButton,Move,644,301
89.572,89.572,NoButton,Move,649,302
89.589,89.589,NoButton,Move,651,303
89.781,89.781,NoButton,Move,653,302
89.787,89.787,NoButton,Move,664,298
89.794,89.794,NoButton,Move,674,294
89.805,89.805,NoButton,Move,685,290
89.821,89.821,NoButton,Move,712,284
89.837,89.837,NoButton,Move,757,277
89.85300000000001,89.85300000000001,NoButton,Move,821,270
89.868,89.868,NoButton,Move,854,269
89.884,89.884,NoButton,Move,914,269
89.902,89.902,NoButton,Move,949,269
89.919,89.919,NoButton,Move,974,271
89.935,89.935,NoButton,Move,988,272
89.952,89.952,NoButton,Move,999,274
89.968,89.968,NoButton,Move,1004,275
89.985,89.985,NoButton,Move,1005,276
90.001,90.001,NoButton,Move,1005,276
90.21000000000001,90.21000000000001,NoButton,Move,1005,280
90.217,90.217,NoButton,Move,1005,288
90.23400000000001,90.23400000000001,NoButton,Move,1005,311
90.25,90.25,NoButton,Move,1005,340
90.268,90.268,NoButton,Move,1005,371
90.283,90.283,NoButton,Move,1005,435
90.297,90.297,NoButton,Move,1003,465
90.314,90.314,NoButton,Move,1000,501
90.33,90.33,NoButton,Move,997,524
90.34700000000001,90.34700000000001,NoButton,Move,996,538
90.363,90.363,NoButton,Move,994,548
90.38,90.38,NoButton,Move,994,551
90.396,90.396,NoButton,Move,994,553
90.614,90.614,NoButton,Move,994,553
90.62,90.62,NoButton,Move,992,560
90.63,90.63,NoButton,Move,990,572
90.646,90.646,NoButton,Move,987,603
90.663,90.663,NoButton,Move,985,637
90.68,90.68,NoButton,Move,984,698
90.699,90.699,NoButton,Move,983,719
90.715,90.715,NoButton,Move,982,740
90.733,90.733,NoButton,Move,981,757
90.75,90.75,NoButton,Move,980,763
90.768,90.768,NoButton,Move,980,766
90.783,90.783,NoButton,Move,980,766
91.009,91.009,NoButton,Move,979,766
91.016,91.016,NoButton,Move,973,766
91.023,91.023,NoButton,Move,965,766
91.034,91.034,NoButton,Move,957,766
91.05,91.05,NoButton,Move,946,765
91.066,91.066,NoButton,Move,887,764
91.08,91.08,NoButton,Move,824,764
91.09700000000001,91.09700000000001,NoButton,Move,794,764
91.114,91.114,NoButton,Move,774,769
91.131,91.131,NoButton,Move,752,774
91.147,91.147,NoButton,Move,736,778
91.163,91.163,NoButton,Move,731,780
91.18,91.18,NoButton,Move,729,781
91.196,91.196,NoButton,Move,729,781
91.496,91.496,NoButton,Move,729,780
91.501,91.501,NoButton,Move,729,773
91.512,91.512,NoButton,Move,728,763
91.531,91.531,NoButton,Move,727,721
91.547,91.547,NoButton,Move,727,672
91.564,91.564,NoButton,Move,727,645
91.58,91.58,NoButton,Move,728,621
91.598,91.598,NoButton,Move,731,602
91.615,91.615,NoButton,Move,733,595
91.633,91.633,NoButton,Move,734,592
91.648,91.648,NoButton,Move,734,592
91.683,91.683,NoButton,Move,734,592
91.908,91.908,NoButton,Move,735,589
91.913,91.913,NoButton,Move,739,584
91.922,91.922,NoButton,Move,744,578
91.932,91.932,NoButton,Move,750,572
91.949,91.949,NoButton,Move,764,561
91.96600000000001,91.96600000000001,NoButton,Move,801,537
91.98,91.98,NoButton,Move,847,515
91.996,91.996,NoButton,Move,873,505
92.012,92.012,NoButton,Move,927,488
92.028,92.028,NoButton,Move,978,475
92.045,92.045,NoButton,Move,1009,471
92.061,92.061,NoButton,Move,1031,468
92.07900000000001,92.07900000000001,NoButton,Move,1049,466
92.09400000000001,92.09400000000001,NoButton,Move,1055,465
92.11,92.11,NoButton,Move,1056,465
92.127,92.127,NoButton,Move,1057,465
92.331,92.331,Left,Pressed,1057,465
92.697,92.697,Left,Pressed,1057,465
93.08500000000001,93.08500000000001,NoButton,Move,1058,465
93.093,93.093,NoButton,Move,1068,458
93.10000000000001,93.10000000000001,NoButton,Move,1081,451
93.111,93.111,NoButton,Move,1096,443
93.127,93.127,NoButton,Move,1135,422
93.149,93.149,NoButton,Move,1176,403
93.17,93.17,NoButton,Move,1256,364
93.187,93.187,NoButton,Move,1268,357
93.20400000000001,93.20400000000001,NoButton,Move,1285,348
93.221,93.221,NoButton,Move,1292,343
93.239,93.239,NoButton,Move,1293,342
93.255,93.255,NoButton,Move,1294,342
93.275,93.275,NoButton,Move,1292,342
93.432,93.432,NoButton,Move,1290,340
93.438,93.438,NoButton,Move,1288,337
93.455,93.455,NoButton,Move,1285,331
93.471,93.471,NoButton,Move,1282,314
93.488,93.488,NoButton,Move,1282,287
93.503,93.503,NoButton,Move,1282,263
93.518,93.518,NoButton,Move,1282,244
93.534,93.534,NoButton,Move,1282,229
93.551,93.551,NoButton,Move,1282,218
93.568,93.568,NoButton,Move,1282,214
93.58500000000001,93.58500000000001,NoButton,Move,1283,213
93.601,93.601,NoButton,Move,1284,213
93.618,93.618,NoButton,Move,1284,213
93.67,93.67,Left,Pressed,1284,213
93.96600000000001,93.96600000000001,NoButton,Move,1279,213
93.973,93.973,NoButton,Move,1271,216
93.985,93.985,NoButton,Move,1258,218
94.002,94.002,NoButton,Move,1231,227
94.018,94.018,NoButton,Move,1195,239
94.036,94.036,NoButton,Move,1108,270
94.053,94.053,NoButton,Move,1037,302
94.07000000000002,94.07000000000002,NoButton,Move,951,341
94.086,94.086,NoButton,Move,910,360
94.104,94.104,NoButton,Move,887,370
94.121,94.121,NoButton,Move,876,374
94.137,94.137,NoButton,Move,868,377
94.154,94.154,NoButton,Move,864,378
94.17,94.17,NoButton,Move,863,378
94.187,94.187,NoButton,Move,863,378
94.206,94.206,Left,Pressed,863,378
94.206,94.206,NoButton,Move,863,378
94.504,94.504,NoButton,Move,862,378
94.51,94.51,NoButton,Move,857,378
94.521,94.521,NoButton,Move,850,382
94.54,94.54,NoButton,Move,825,391
94.556,94.556,NoButton,Move,775,410
94.572,94.572,NoButton,Move,686,442
94.59,94.59,NoButton,Move,589,482
94.60600000000001,94.60600000000001,NoButton,Move,527,503
94.623,94.623,NoButton,Move,501,513
94.642,94.642,NoButton,Move,474,522
94.659,94.659,NoButton,Move,455,527
94.674,94.674,NoButton,Move,450,528
94.842,94.842,NoButton,Move,449,528
94.849,94.849,NoButton,Move,448,528
94.858,94.858,NoButton,Move,445,528
94.874,94.874,NoButton,Move,439,528
94.891,94.891,NoButton,Move,426,526
94.908,94.908,NoButton,Move,406,517
94.927,94.927,NoButton,Move,376,506
94.944,94.944,NoButton,Move,348,496
94.961,94.961,NoButton,Move,331,489
94.97800000000001,94.97800000000001,NoButton,Move,313,483
94.996,94.996,NoButton,Move,304,481
95.013,95.013,NoButton,Move,298,478
95.029,95.029,NoButton,Move,294,476
95.045,95.045,NoButton,Move,292,476
95.061,95.061,NoButton,Move,292,476
95.115,95.115,Left,Pressed,292,476
95.395,95.395,NoButton,Move,292,474
95.4,95.4,NoButton,Move,293,462
95.412,95.412,NoButton,Move,298,444
95.43,95.43,NoButton,Move,310,399
95.446,95.446,NoButton,Move,323,352
95.46300000000001,95.46300000000001,NoButton,Move,343,284
95.48,95.48,NoButton,Move,349,256
95.497,95.497,NoButton,Move,355,235
95.515,95.515,NoButton,Move,358,220
95.532,95.532,NoButton,Move,359,215
95.548,95.548,NoButton,Move,359,215
95.765,95.765,NoButton,Move,359,214
95.771,95.771,NoButton,Move,360,211
95.782,95.782,NoButton,Move,364,208
95.797,95.797,NoButton,Move,372,202
95.815,95.815,NoButton,Move,387,194
95.831,95.831,NoButton,Move,411,185
95.85000000000001,95.85000000000001,NoButton,Move,444,177
95.868,95.868,NoButton,Move,483,173
95.885,95.885,NoButton,Move,519,170
95.901,95.901,NoButton,Move,543,168
95.92,95.92,NoButton,Move,559,166
95.936,95.936,NoButton,Move,570,164
95.953,95.953,NoButton,Move,574,164
95.96900000000001,95.96900000000001,NoButton,Move,575,163
95.985,95.985,NoButton,Move,575,163
96.003,96.003,NoButton,Move,575,163
96.153,96.153,NoButton,Move,575,164
96.159,96.159,NoButton,Move,575,170
96.169,96.169,NoButton,Move,574,176
96.186,96.186,NoButton,Move,573,192
96.202,96.202,NoButton,Move,571,215
96.217,96.217,NoButton,Move,567,255
96.23700000000001,96.23700000000001,NoButton,Move,563,312
96.256,96.256,NoButton,Move,561,347
96.272,96.272,NoButton,Move,558,389
96.29,96.29,NoButton,Move,557,408
96.307,96.307,NoButton,Move,557,418
96.324,96.324,NoButton,Move,556,426
96.34,96.34,NoButton,Move,556,428
96.35600000000001,96.35600000000001,NoButton,Move,556,429
96.60600000000001,96.60600000000001,NoButton,Move,556,429
96.61200000000001,96.61200000000001,NoButton,Move,556,435
96.622,96.622,NoButton,Move,555,442
96.64,96.64,NoButton,Move,554,458
96.655,96.655,NoButton,Move,552,480
96.674,96.674,NoButton,Move,548,525
96.69,96.69,NoButton,Move,545,555
96.708,96.708,NoButton,Move,543,576
96.72500000000001,96.72500000000001,NoButton,Move,541,596
96.744,96.744,NoButton,Move,539,604
96.758,96.758,NoButton,Move,538,611
96.775,96.775,NoButton,Move,538,614
96.793,96.793,NoButton,Move,537,615
96.809,96.809,NoButton,Move,537,615
97.035,97.035,NoButton,Move,537,618
97.043,97.043,NoButton,Move,537,625
97.059,97.059,NoButton,Move,537,640
97.07600000000001,97.07600000000001,NoButton,Move,537,658
97.093,97.093,NoButton,Move,537,678
97.10600000000001,97.10600000000001,NoButton,Move,537,723
97.123,97.123,NoButton,Move,537,742
97.139,97.139,NoButton,Move,537,766
97.156,97.156,NoButton,Move,537,781
97.172,97.172,NoButton,Move,537,793
97.189,97.189,NoButton,Move,537,798
97.205,97.205,NoButton,Move,537,800
97.221,97.221,NoButton,Move,537,800
97.23700000000001,97.23700000000001,NoButton,Move,536,800
97.439,97.439,NoButton,Move,537,800
97.44500000000002,97.44500000000002,NoButton,Move,541,799
97.455,97.455,NoButton,Move,545,797
97.471,97.471,NoButton,Move,557,794
97.488,97.488,NoButton,Move,582,789
97.504,97.504,NoButton,Move,630,783
97.524,97.524,NoButton,Move,688,781
97.542,97.542,NoButton,Move,731,781
97.558,97.558,NoButton,Move,792,782
97.57600000000001,97.57600000000001,NoButton,Move,822,785
97.592,97.592,NoButton,Move,850,788
97.60900000000001,97.60900000000001,NoButton,Move,863,789
97.626,97.626,NoButton,Move,874,789
97.642,97.642,NoButton,Move,878,789
97.659,97.659,NoButton,Move,879,789
97.884,97.884,NoButton,Move,880,789
97.891,97.891,NoButton,Move,887,788
97.898,97.898,NoButton,Move,893,787
97.909,97.909,NoButton,Move,902,785
97.926,97.926,NoButton,Move,923,781
97.94,97.94,NoButton,Move,949,779
97.955,97.955,NoButton,Move,974,778
97.971,97.971,NoButton,Move,1029,778
97.988,97.988,NoButton,Move,1062,778
98.005,98.005,NoButton,Move,1098,780
98.021,98.021,NoButton,Move,1116,783
98.037,98.037,NoButton,Move,1126,784
98.054,98.054,NoButton,Move,1135,785
98.07000000000002,98.07000000000002,NoButton,Move,1139,786
98.087,98.087,NoButton,Move,1141,786
98.104,98.104,NoButton,Move,1141,786
98.12,98.12,NoButton,Move,1141,787
98.312,98.312,NoButton,Move,1141,786
98.32000000000002,98.32000000000002,NoButton,Move,1141,780
98.337,98.337,NoButton,Move,1144,762
98.354,98.354,NoButton,Move,1156,700
98.371,98.371,NoButton,Move,1171,616
98.385,98.385,NoButton,Move,1189,520
98.4,98.4,NoButton,Move,1198,471
98.417,98.417,NoButton,Move,1204,432
98.433,98.433,NoButton,Move,1207,415
98.45,98.45,NoButton,Move,1212,393
98.467,98.467,NoButton,Move,1213,385
98.482,98.482,NoButton,Move,1214,383
98.499,98.499,NoButton,Move,1214,383
98.516,98.516,NoButton,Move,1216,384
98.532,98.532,NoButton,Move,1216,387
98.71600000000001,98.71600000000001,NoButton,Move,1218,386
98.723,98.723,NoButton,Move,1222,382
98.732,98.732,NoButton,Move,1228,378
98.749,98.749,NoButton,Move,1242,367
98.765,98.765,NoButton,Move,1261,348
98.783,98.783,NoButton,Move,1290,326
98.801,98.801,NoButton,Move,1307,315
98.819,98.819,NoButton,Move,1326,305
98.83500000000001,98.83500000000001,NoButton,Move,1333,302
98.854,98.854,NoButton,Move,1340,299
98.869,98.869,NoButton,Move,1341,299
98.887,98.887,NoButton,Move,1341,299
99.104,99.104,NoButton,Move,1341,301
99.11,99.11,NoButton,Move,1341,306
99.12,99.12,NoButton,Move,1339,314
99.136,99.136,NoButton,Move,1336,334
99.153,99.153,NoButton,Move,1334,355
99.17,99.17,NoButton,Move,1332,375
99.189,99.189,NoButton,Move,1328,421
99.206,99.206,NoButton,Move,1324,457
99.223,99.223,NoButton,Move,1321,489
99.241,99.241,NoButton,Move,1320,499
99.258,99.258,NoButton,Move,1318,512
99.274,99.274,NoButton,Move,1318,518
99.29,99.29,NoButton,Move,1318,519
99.306,99.306,NoButton,Move,1318,520
99.516,99.516,NoButton,Move,1317,520
99.522,99.522,NoButton,Move,1315,520
99.529,99.529,NoButton,Move,1312,522
99.541,99.541,NoButton,Move,1307,524
99.557,99.557,NoButton,Move,1294,532
99.572,99.572,NoButton,Move,1255,552
99.587,99.587,NoButton,Move,1246,555
99.60300000000001,99.60300000000001,NoButton,Move,1209,573
99.62,99.62,NoButton,Move,1185,585
99.637,99.637,NoButton,Move,1169,593
99.653,99.653,NoButton,Move,1157,598
99.669,99.669,NoButton,Move,1152,601
99.686,99.686,NoButton,Move,1150,601
99.92,99.92,NoButton,Move,1150,601
99.926,99.926,NoButton,Move,1147,603
99.936,99.936,NoButton,Move,1142,605
99.952,99.952,NoButton,Move,1128,613
99.96900000000001,99.96900000000001,NoButton,Move,1096,630
99.985,99.985,NoButton,Move,1064,645
100.005,100.005,NoButton,Move,1020,666
100.022,100.022,NoButton,Move,984,682
100.039,100.039,NoButton,Move,965,691
100.057,100.057,NoButton,Move,953,697
100.07300000000001,100.07300000000001,NoButton,Move,944,701
100.09,100.09,NoButton,Move,940,703
100.10600000000001,100.10600000000001,NoButton,Move,939,704
100.123,100.123,NoButton,Move,939,705
100.32900000000001,100.32900000000001,NoButton,Move,932,705
100.337,100.337,NoButton,Move,923,704
100.345,100.345,NoButton,Move,909,702
100.35600000000001,100.35600000000001,NoButton,Move,894,699
100.372,100.372,NoButton,Move,853,693
100.387,100.387,NoButton,Move,834,690
100.403,100.403,NoButton,Move,773,681
100.418,100.418,NoButton,Move,697,674
100.435,100.435,NoButton,Move,651,674
100.45100000000001,100.45100000000001,NoButton,Move,617,674
100.467,100.467,NoButton,Move,588,674
100.48400000000001,100.48400000000001,NoButton,Move,578,674
100.501,100.501,NoButton,Move,570,674
100.517,100.517,NoButton,Move,568,673
100.794,100.794,NoButton,Move,565,673
100.8,100.8,NoButton,Move,555,673
100.807,100.807,NoButton,Move,544,673
100.818,100.818,NoButton,Move,529,674
100.834,100.834,NoButton,Move,514,676
100.851,100.851,NoButton,Move,464,684
100.86500000000001,100.86500000000001,NoButton,Move,432,691
100.882,100.882,NoButton,Move,391,700
100.898,100.898,NoButton,Move,347,712
100.914,100.914,NoButton,Move,327,717
100.931,100.931,NoButton,Move,316,719
100.947,100.947,NoButton,Move,307,721
100.964,100.964,NoButton,Move,304,722
100.98,100.98,NoButton,Move,304,722
100.997,100.997,NoButton,Move,304,723
101.206,101.206,NoButton,Move,303,720
101.212,101.212,NoButton,Move,302,715
101.23,101.23,NoButton,Move,297,699
101.246,101.246,NoButton,Move,290,672
101.263,101.263,NoButton,Move,274,602
101.278,101.278,NoButton,Move,262,554
101.293,101.293,NoButton,Move,248,491
101.31,101.31,NoButton,Move,238,443
101.327,101.327,NoButton,Move,234,427
101.343,101.343,NoButton,Move,228,402
101.358,101.358,NoButton,Move,225,392
101.375,101.375,NoButton,Move,224,389
101.393,101.393,NoButton,Move,223,389
101.418,101.418,NoButton,Move,223,389
101.617,101.617,NoButton,Move,222,389
101.625,101.625,NoButton,Move,216,389
101.642,101.642,NoButton,Move,202,393
101.659,101.659,NoButton,Move,180,402
101.674,101.674,NoButton,Move,144,418
101.69,101.69,NoButton,Move,107,434
101.706,101.706,NoButton,Move,87,444
101.721,101.721,NoButton,Move,59,456
101.73700000000001,101.73700000000001,NoButton,Move,44,462
101.753,101.753,NoButton,Move,33,466
101.769,101.769,NoButton,Move,29,467
101.786,101.786,NoButton,Move,28,468
102.013,102.013,NoButton,Move,28,468
102.019,102.019,NoButton,Move,30,468
102.037,102.037,NoButton,Move,36,472
102.053,102.053,NoButton,Move,40,473
102.069,102.069,NoButton,Move,63,481
102.08500000000001,102.08500000000001,NoButton,Move,74,484
102.101,102.101,NoButton,Move,96,488
102.11800000000001,102.11800000000001,NoButton,Move,112,489
102.134,102.134,NoButton,Move,137,489
102.152,102.152,NoButton,Move,150,489
102.167,102.167,NoButton,Move,164,486
102.184,102.184,NoButton,Move,171,484
102.2,102.2,NoButton,Move,179,482
102.217,102.217,NoButton,Move,184,481
102.23400000000001,102.23400000000001,NoButton,Move,186,480
102.25,102.25,NoButton,Move,187,480
102.266,102.266,NoButton,Move,187,480
102.714,102.714,NoButton,Move,187,480
102.71900000000001,102.71900000000001,NoButton,Move,183,483
102.73400000000001,102.73400000000001,NoButton,Move,178,487
102.749,102.749,NoButton,Move,162,501
102.766,102.766,NoButton,Move,144,517
102.784,102.784,NoButton,Move,112,546
102.802,102.802,NoButton,Move,84,571
102.817,102.817,NoButton,Move,53,597
102.83500000000001,102.83500000000001,NoButton,Move,44,604
102.851,102.851,NoButton,Move,33,615
102.867,102.867,NoButton,Move,28,620
102.884,102.884,NoButton,Move,26,622
103.101,103.101,NoButton,Move,26,621
103.107,103.107,NoButton,Move,26,617
103.11800000000001,103.11800000000001,NoButton,Move,26,611
103.134,103.134,NoButton,Move,26,594
103.15,103.15,NoButton,Move,26,553
103.167,103.167,NoButton,Move,26,502
103.186,103.186,NoButton,Move,28,466
103.202,103.202,NoButton,Move,32,441
103.22,103.22,NoButton,Move,35,427
103.239,103.239,NoButton,Move,38,416
103.255,103.255,NoButton,Move,40,412
103.272,103.272,NoButton,Move,41,411
103.289,103.289,NoButton,Move,41,410
103.306,103.306,NoButton,Move,41,410
103.321,103.321,NoButton,Move,37,409
103.339,103.339,NoButton,Move,26,406
103.354,103.354,NoButton,Move,23,404
103.371,103.371,NoButton,Move,13,400
103.388,103.388,NoButton,Move,1,391
103.404,103.404,NoButton,Move,0,387
103.42,103.42,NoButton,Move,0,383
103.438,103.438,NoButton,Move,0,381
103.455,103.455,NoButton,Move,0,381
103.471,103.471,NoButton,Move,0,382
103.489,103.489,NoButton,Move,6,396
103.506,103.506,NoButton,Move,18,428
103.522,103.522,NoButton,Move,36,473
103.538,103.538,NoButton,Move,51,510
103.555,103.555,NoButton,Move,64,538
103.571,103.571,NoButton,Move,69,552
103.58800000000001,103.58800000000001,NoButton,Move,74,563
103.604,103.604,NoButton,Move,76,566
103.621,103.621,NoButton,Move,77,567
103.638,103.638,NoButton,Move,77,567
103.76,103.76,NoButton,Move,77,567
103.768,103.768,NoButton,Move,77,564
103.774,103.774,NoButton,Move,77,556
103.789,103.789,NoButton,Move,77,535
103.804,103.804,NoButton,Move,79,471
103.818,103.818,NoButton,Move,87,382
103.834,103.834,NoButton,Move,96,315
103.849,103.849,NoButton,Move,101,275
103.864,103.864,NoButton,Move,104,255
103.881,103.881,NoButton,Move,106,240
103.897,103.897,NoButton,Move,107,231
103.915,103.915,NoButton,Move,108,228
103.931,103.931,NoButton,Move,108,228
103.973,103.973,NoButton,Move,108,228
103.98,103.98,NoButton,Move,108,229
103.997,103.997,NoButton,Move,108,229
104.014,104.014,NoButton,Move,108,230
104.03,104.03,NoButton,Move,107,237
104.048,104.048,NoButton,Move,101,272
104.063,104.063,NoButton,Move,97,298
104.081,104.081,NoButton,Move,94,333
104.09700000000001,104.09700000000001,NoButton,Move,94,355
104.114,104.114,NoButton,Move,94,376
104.131,104.131,NoButton,Move,95,392
104.148,104.148,NoButton,Move,98,404
104.164,104.164,NoButton,Move,100,410
104.181,104.181,NoButton,Move,103,415
104.197,104.197,NoButton,Move,105,418
104.214,104.214,NoButton,Move,105,419
104.23100000000001,104.23100000000001,NoButton,Move,106,419
104.248,104.248,NoButton,Move,106,418
104.413,104.413,NoButton,Move,107,418
104.418,104.418,NoButton,Move,113,418
104.431,104.431,NoButton,Move,121,416
104.446,104.446,NoButton,Move,144,412
104.464,104.464,NoButton,Move,172,409
104.482,104.482,NoButton,Move,230,408
104.498,104.498,NoButton,Move,285,408
104.516,104.516,NoButton,Move,303,410
104.533,104.533,NoButton,Move,334,415
104.55,104.55,NoButton,Move,347,417
104.566,104.566,NoButton,Move,356,419
104.58200000000001,104.58200000000001,NoButton,Move,361,420
104.599,104.599,NoButton,Move,362,420
104.61500000000001,104.61500000000001,NoButton,Move,362,421
104.775,104.775,NoButton,Move,363,420
104.78,104.78,NoButton,Move,368,418
104.788,104.788,NoButton,Move,375,415
104.799,104.799,NoButton,Move,382,412
104.816,104.816,NoButton,Move,404,406
104.83200000000001,104.83200000000001,NoButton,Move,452,396
104.84700000000001,104.84700000000001,NoButton,Move,479,394
104.863,104.863,NoButton,Move,524,391
104.879,104.879,NoButton,Move,575,390
104.896,104.896,NoButton,Move,605,390
104.912,104.912,NoButton,Move,630,390
104.929,104.929,NoButton,Move,641,390
104.94500000000002,104.94500000000002,NoButton,Move,648,390
104.962,104.962,NoButton,Move,652,390
104.97800000000001,104.97800000000001,NoButton,Move,653,390
105.146,105.146,NoButton,Move,654,389
105.151,105.151,NoButton,Move,666,382
105.162,105.162,NoButton,Move,677,375
105.179,105.179,NoButton,Move,708,364
105.194,105.194,NoButton,Move,744,356
105.211,105.211,NoButton,Move,801,347
105.23,105.23,NoButton,Move,874,341
105.248,105.248,NoButton,Move,922,341
105.265,105.265,NoButton,Move,971,341
105.283,105.283,NoButton,Move,996,342
105.299,105.299,NoButton,Move,1008,344
105.316,105.316,NoButton,Move,1017,345
105.333,105.333,NoButton,Move,1021,345
105.349,105.349,NoButton,Move,1021,345
105.366,105.366,NoButton,Move,1021,347
105.616,105.616,NoButton,Move,1022,346
105.621,105.621,NoButton,Move,1026,342
105.631,105.631,NoButton,Move,1031,335
105.651,105.651,NoButton,Move,1050,317
105.667,105.667,NoButton,Move,1086,286
105.684,105.684,NoButton,Move,1130,253
105.7,105.7,NoButton,Move,1165,235
105.718,105.718,NoButton,Move,1204,217
105.735,105.735,NoButton,Move,1224,211
105.752,105.752,NoButton,Move,1237,207
105.769,105.769,NoButton,Move,1246,205
105.785,105.785,NoButton,Move,1250,204
105.802,105.802,NoButton,Move,1251,204
105.97800000000001,105.97800000000001,NoButton,Move,1253,202
105.98400000000001,105.98400000000001,NoButton,Move,1261,197
105.992,105.992,NoButton,Move,1273,191
106.002,106.002,NoButton,Move,1284,186
106.019,106.019,NoButton,Move,1311,176
106.036,106.036,NoButton,Move,1344,166
106.049,106.049,NoButton,Move,1364,161
106.065,106.065,NoButton,Move,1377,159
106.08200000000001,106.08200000000001,NoButton,Move,1395,156
106.099,106.099,NoButton,Move,1403,155
106.116,106.116,NoButton,Move,1406,155
106.132,106.132,NoButton,Move,1407,155
106.148,106.148,NoButton,Move,1407,155
106.399,106.399,NoButton,Move,1406,153
106.405,106.405,NoButton,Move,1403,149
106.415,106.415,NoButton,Move,1399,143
106.431,106.431,NoButton,Move,1386,129
106.44800000000001,106.44800000000001,NoButton,Move,1375,118
106.467,106.467,NoButton,Move,1363,104
106.48400000000001,106.48400000000001,NoButton,Move,1357,97
106.5,106.5,NoButton,Move,1354,92
106.517,106.517,NoButton,Move,1352,90
106.534,106.534,NoButton,Move,1351,89
106.552,106.552,NoButton,Move,1351,89
106.605,106.605,Left,Pressed,1351,89
106.934,106.934,NoButton,Move,1351,89
106.94,106.94,NoButton,Move,1347,90
106.952,106.952,NoButton,Move,1341,92
106.97,106.97,NoButton,Move,1327,98
106.986,106.986,NoButton,Move,1304,108
107.003,107.003,NoButton,Move,1223,145
107.02,107.02,NoButton,Move,1161,173
107.037,107.037,NoButton,Move,1085,208
107.054,107.054,NoButton,Move,1046,227
107.072,107.072,NoButton,Move,1023,237
107.08800000000001,107.08800000000001,NoButton,Move,1012,241
107.104,107.104,NoButton,Move,1005,243
107.314,107.314,NoButton,Move,1004,243
107.32000000000002,107.32000000000002,NoButton,Move,997,243
107.327,107.327,NoButton,Move,987,245
107.33800000000001,107.33800000000001,NoButton,Move,978,249
107.354,107.354,NoButton,Move,963,254
107.37100000000001,107.37100000000001,NoButton,Move,857,303
107.385,107.385,NoButton,Move,772,350
107.401,107.401,NoButton,Move,753,361
107.418,107.418,NoButton,Move,702,390
107.434,107.434,NoButton,Move,668,406
107.45100000000001,107.45100000000001,NoButton,Move,652,414
107.46600000000001,107.46600000000001,NoButton,Move,640,419
107.48400000000001,107.48400000000001,NoButton,Move,637,421
107.5,107.5,NoButton,Move,637,422
107.709,107.709,NoButton,Move,636,422
107.715,107.715,NoButton,Move,631,422
107.723,107.723,NoButton,Move,623,422
107.733,107.733,NoButton,Move,615,423
107.75,107.75,NoButton,Move,592,426
107.767,107.767,NoButton,Move,567,431
107.781,107.781,NoButton,Move,542,436
107.797,107.797,NoButton,Move,490,448
107.814,107.814,NoButton,Move,455,459
107.83,107.83,NoButton,Move,420,472
107.84700000000001,107.84700000000001,NoButton,Move,411,476
107.86200000000001,107.86200000000001,NoButton,Move,399,481
107.88,107.88,NoButton,Move,395,483
107.895,107.895,NoButton,Move,394,483
108.078,108.078,NoButton,Move,394,483
108.086,108.086,NoButton,Move,394,475
108.096,108.096,NoButton,Move,393,463
108.114,108.114,NoButton,Move,391,427
108.13,108.13,NoButton,Move,387,320
108.147,108.147,NoButton,Move,382,173
108.164,108.164,NoButton,Move,382,78
108.181,108.181,NoButton,Move,382,45
108.19800000000001,108.19800000000001,NoButton,Move,382,20
108.21600000000001,108.21600000000001,NoButton,Move,383,1
108.45100000000001,108.45100000000001,NoButton,Move,381,7
108.453,108.453,NoButton,Move,381,7
108.46600000000001,108.46600000000001,NoButton,Move,380,17
108.483,108.483,NoButton,Move,378,38
108.5,108.5,NoButton,Move,376,65
108.517,108.517,NoButton,Move,375,123
108.532,108.532,NoButton,Move,375,205
108.549,108.549,NoButton,Move,375,256
108.565,108.565,NoButton,Move,375,279
108.58200000000001,108.58200000000001,NoButton,Move,375,292
108.598,108.598,NoButton,Move,376,301
108.61500000000001,108.61500000000001,NoButton,Move,376,305
108.632,108.632,NoButton,Move,376,306
108.649,108.649,NoButton,Move,376,306
108.669,108.669,NoButton,Move,376,304
108.828,108.828,NoButton,Move,376,304
108.834,108.834,NoButton,Move,376,311
108.849,108.849,NoButton,Move,376,321
108.866,108.866,NoButton,Move,376,347
108.882,108.882,NoButton,Move,377,375
108.899,108.899,NoButton,Move,380,426
108.915,108.915,NoButton,Move,380,461
108.932,108.932,NoButton,Move,380,483
108.949,108.949,NoButton,Move,380,499
108.965,108.965,NoButton,Move,380,511
108.982,108.982,NoButton,Move,379,517
108.999,108.999,NoButton,Move,378,520
109.015,109.015,NoButton,Move,378,520
109.182,109.182,NoButton,Move,374,521
109.189,109.189,NoButton,Move,364,524
109.19800000000001,109.19800000000001,NoButton,Move,351,528
109.215,109.215,NoButton,Move,324,540
109.233,109.233,NoButton,Move,296,555
109.249,109.249,NoButton,Move,256,576
109.269,109.269,NoButton,Move,223,594
109.286,109.286,NoButton,Move,201,605
109.302,109.302,NoButton,Move,190,611
109.32000000000002,109.32000000000002,NoButton,Move,182,614
109.33800000000001,109.33800000000001,NoButton,Move,180,615
109.354,109.354,NoButton,Move,180,615
109.539,109.539,NoButton,Move,180,613
109.545,109.545,NoButton,Move,180,605
109.554,109.554,NoButton,Move,178,593
109.571,109.571,NoButton,Move,171,528
109.587,109.587,NoButton,Move,164,427
109.60300000000001,109.60300000000001,NoButton,Move,162,352
109.623,109.623,NoButton,Move,161,328
109.64,109.64,NoButton,Move,161,310
109.658,109.658,NoButton,Move,161,298
109.675,109.675,NoButton,Move,161,295
109.692,109.692,NoButton,Move,161,295
109.71900000000001,109.71900000000001,NoButton,Move,161,295
109.91,109.91,NoButton,Move,162,295
109.916,109.916,NoButton,Move,170,295
109.926,109.926,NoButton,Move,178,295
109.942,109.942,NoButton,Move,205,295
109.959,109.959,NoButton,Move,238,301
109.976,109.976,NoButton,Move,321,316
109.995,109.995,NoButton,Move,381,327
110.012,110.012,NoButton,Move,455,342
110.029,110.029,NoButton,Move,500,351
110.047,110.047,NoButton,Move,531,357
110.063,110.063,NoButton,Move,549,360
110.081,110.081,NoButton,Move,563,362
110.098,110.098,NoButton,Move,568,363
110.113,110.113,NoButton,Move,570,363
110.305,110.305,NoButton,Move,570,363
110.312,110.312,NoButton,Move,575,359
110.33,110.33,NoButton,Move,593,350
110.346,110.346,NoButton,Move,618,343
110.364,110.364,NoButton,Move,666,336
110.378,110.378,NoButton,Move,767,332
110.393,110.393,NoButton,Move,786,332
110.409,110.409,NoButton,Move,861,332
110.425,110.425,NoButton,Move,906,332
110.441,110.441,NoButton,Move,943,333
110.45700000000001,110.45700000000001,NoButton,Move,976,335
110.474,110.474,NoButton,Move,988,335
110.491,110.491,NoButton,Move,999,335
110.509,110.509,NoButton,Move,1003,335
110.525,110.525,NoButton,Move,1004,335
110.674,110.674,NoButton,Move,1003,338
110.683,110.683,NoButton,Move,998,354
110.693,110.693,NoButton,Move,992,371
110.71000000000001,110.71000000000001,NoButton,Move,984,408
110.727,110.727,NoButton,Move,978,447
110.741,110.741,NoButton,Move,973,480
110.761,110.761,NoButton,Move,965,534
110.777,110.777,NoButton,Move,963,547
110.795,110.795,NoButton,Move,960,565
110.812,110.812,NoButton,Move,959,573
110.828,110.828,NoButton,Move,959,575
110.846,110.846,NoButton,Move,959,576
110.863,110.863,NoButton,Move,959,577
111.113,111.113,NoButton,Move,958,577
111.11800000000001,111.11800000000001,NoButton,Move,955,577
111.129,111.129,NoButton,Move,951,579
111.146,111.146,NoButton,Move,938,585
111.165,111.165,NoButton,Move,913,598
111.178,111.178,NoButton,Move,866,622
111.19800000000001,111.19800000000001,NoButton,Move,811,651
111.215,111.215,NoButton,Move,772,672
111.232,111.232,NoButton,Move,742,688
111.25,111.25,NoButton,Move,723,697
111.266,111.266,NoButton,Move,710,703
111.283,111.283,NoButton,Move,706,705
111.3,111.3,NoButton,Move,705,705
111.317,111.317,NoButton,Move,705,705
111.492,111.492,NoButton,Move,699,705
111.498,111.498,NoButton,Move,690,705
111.506,111.506,NoButton,Move,682,705
111.516,111.516,NoButton,Move,675,704
111.532,111.532,NoButton,Move,653,702
111.55,111.55,NoButton,Move,632,700
111.564,111.564,NoButton,Move,599,697
111.58,111.58,NoButton,Move,581,695
111.59700000000001,111.59700000000001,NoButton,Move,545,695
111.613,111.613,NoButton,Move,526,694
111.63,111.63,NoButton,Move,516,694
111.646,111.646,NoButton,Move,507,694
111.661,111.661,NoButton,Move,505,694
111.679,111.679,NoButton,Move,504,694
111.863,111.863,NoButton,Move,499,693
111.86800000000001,111.86800000000001,NoButton,Move,494,690
111.879,111.879,NoButton,Move,491,687
111.896,111.896,NoButton,Move,485,677
111.912,111.912,NoButton,Move,479,659
111.929,111.929,NoButton,Move,471,623
111.94800000000001,111.94800000000001,NoButton,Move,464,553
111.96600000000001,111.96600000000001,NoButton,Move,460,503
111.982,111.982,NoButton,Move,458,486
112.001,112.001,NoButton,Move,455,463
112.017,112.017,NoButton,Move,454,453
112.033,112.033,NoButton,Move,453,450
112.05,112.05,NoButton,Move,453,450
112.067,112.067,NoButton,Move,453,450
112.083,112.083,NoButton,Move,453,452
112.226,112.226,NoButton,Move,455,452
112.23100000000001,112.23100000000001,NoButton,Move,460,452
112.239,112.239,NoButton,Move,468,452
112.24900000000001,112.24900000000001,NoButton,Move,477,452
112.266,112.266,NoButton,Move,509,451
112.283,112.283,NoButton,Move,591,450
112.297,112.297,NoButton,Move,677,450
112.313,112.313,NoButton,Move,695,450
112.33,112.33,NoButton,Move,771,450
112.34700000000001,112.34700000000001,NoButton,Move,814,454
112.363,112.363,NoButton,Move,845,458
112.379,112.379,NoButton,Move,868,462
112.397,112.397,NoButton,Move,873,462
112.412,112.412,NoButton,Move,877,463
112.429,112.429,NoButton,Move,878,463
112.646,112.646,NoButton,Move,880,462
112.653,112.653,NoButton,Move,889,458
112.663,112.663,NoButton,Move,899,455
112.681,112.681,NoButton,Move,926,447
112.696,112.696,NoButton,Move,977,439
112.712,112.712,NoButton,Move,1040,432
112.73100000000001,112.73100000000001,NoButton,Move,1133,429
112.748,112.748,NoButton,Move,1191,428
112.765,112.765,NoButton,Move,1226,428
112.783,112.783,NoButton,Move,1246,428
112.799,112.799,NoButton,Move,1259,428
112.817,112.817,NoButton,Move,1264,428
112.83200000000001,112.83200000000001,NoButton,Move,1265,428
113.05,113.05,NoButton,Move,1267,428
113.056,113.056,NoButton,Move,1275,423
113.065,113.065,NoButton,Move,1286,418
113.08200000000001,113.08200000000001,NoButton,Move,1309,411
113.098,113.098,NoButton,Move,1337,404
113.116,113.116,NoButton,Move,1378,398
113.136,113.136,NoButton,Move,1433,392
113.152,113.152,NoButton,Move,1439,392
113.169,113.169,NoButton,Move,1439,392
113.188,113.188,NoButton,Move,1439,392
113.203,113.203,NoButton,Move,1439,393
113.437,113.437,NoButton,Move,1438,393
113.443,113.443,NoButton,Move,1434,393
113.45400000000001,113.45400000000001,NoButton,Move,1429,393
113.46900000000001,113.46900000000001,NoButton,Move,1414,394
113.48700000000001,113.48700000000001,NoButton,Move,1376,402
113.503,113.503,NoButton,Move,1315,415
113.523,113.523,NoButton,Move,1245,431
113.54,113.54,NoButton,Move,1194,443
113.556,113.556,NoButton,Move,1139,456
113.574,113.574,NoButton,Move,1112,461
113.592,113.592,NoButton,Move,1098,463
113.607,113.607,NoButton,Move,1092,465
113.62400000000001,113.62400000000001,NoButton,Move,1086,465
113.641,113.641,NoButton,Move,1086,466
113.658,113.658,NoButton,Move,1088,466
113.883,113.883,NoButton,Move,1088,464
113.89,113.89,NoButton,Move,1089,458
113.907,113.907,NoButton,Move,1101,423
113.925,113.925,NoButton,Move,1118,368
113.941,113.941,NoButton,Move,1137,300
113.955,113.955,NoButton,Move,1149,251
113.971,113.971,NoButton,Move,1152,241
113.986,113.986,NoButton,Move,1159,218
114.003,114.003,NoButton,Move,1166,199
114.02,114.02,NoButton,Move,1170,191
114.036,114.036,NoButton,Move,1172,189
114.053,114.053,NoButton,Move,1172,188
114.069,114.069,NoButton,Move,1173,188
114.095,114.095,NoButton,Move,1173,189
114.10300000000001,114.10300000000001,NoButton,Move,1173,191
114.22,114.22,NoButton,Move,1173,191
114.226,114.226,NoButton,Move,1173,198
114.235,114.235,NoButton,Move,1173,209
114.252,114.252,NoButton,Move,1173,233
114.269,114.269,NoButton,Move,1173,257
114.285,114.285,NoButton,Move,1174,292
114.306,114.306,NoButton,Move,1176,335
114.32300000000001,114.32300000000001,NoButton,Move,1176,372
114.339,114.339,NoButton,Move,1175,402
114.35600000000001,114.35600000000001,NoButton,Move,1172,428
114.37400000000001,114.37400000000001,NoButton,Move,1170,444
114.39,114.39,NoButton,Move,1169,455
114.407,114.407,NoButton,Move,1169,463
114.424,114.424,NoButton,Move,1169,466
114.599,114.599,NoButton,Move,1169,467
114.607,114.607,NoButton,Move,1169,474
114.623,114.623,NoButton,Move,1170,490
114.64,114.64,NoButton,Move,1175,511
114.657,114.657,NoButton,Move,1181,530
114.672,114.672,NoButton,Move,1186,547
114.687,114.687,NoButton,Move,1190,566
114.702,114.702,NoButton,Move,1193,577
114.72,114.72,NoButton,Move,1194,586
114.73700000000001,114.73700000000001,NoButton,Move,1195,590
114.751,114.751,NoButton,Move,1195,591
114.768,114.768,NoButton,Move,1195,592
114.786,114.786,NoButton,Move,1195,592
114.938,114.938,NoButton,Move,1195,592
114.943,114.943,NoButton,Move,1189,592
114.953,114.953,NoButton,Move,1183,593
114.96900000000001,114.96900000000001,NoButton,Move,1164,596
114.986,114.986,NoButton,Move,1138,601
115.002,115.002,NoButton,Move,1096,611
115.023,115.023,NoButton,Move,1006,634
115.04,115.04,NoButton,Move,954,647
115.057,115.057,NoButton,Move,912,658
115.074,115.074,NoButton,Move,880,664
115.092,115.092,NoButton,Move,861,667
115.108,115.108,NoButton,Move,848,667
115.125,115.125,NoButton,Move,844,667
115.349,115.349,NoButton,Move,843,667
115.358,115.358,NoButton,Move,838,667
115.37400000000001,115.37400000000001,NoButton,Move,823,671
115.392,115.392,NoButton,Move,799,677
115.408,115.408,NoButton,Move,735,695
115.422,115.422,NoButton,Move,653,723
115.438,115.438,NoButton,Move,635,730
115.453,115.453,NoButton,Move,564,753
115.47,115.47,NoButton,Move,524,767
115.48700000000001,115.48700000000001,NoButton,Move,494,776
115.504,115.504,NoButton,Move,477,780
115.52,115.52,NoButton,Move,465,783
115.536,115.536,NoButton,Move,461,783
115.552,115.552,NoButton,Move,460,784
115.568,115.568,NoButton,Move,462,784
115.753,115.753,NoButton,Move,457,784
115.759,115.759,NoButton,Move,453,784
115.768,115.768,NoButton,Move,449,784
115.785,115.785,NoButton,Move,436,784
115.802,115.802,NoButton,Move,421,783
115.819,115.819,NoButton,Move,393,781
115.83800000000001,115.83800000000001,NoButton,Move,350,779
115.85600000000001,115.85600000000001,NoButton,Move,318,778
115.872,115.872,NoButton,Move,283,778
115.889,115.889,NoButton,Move,266,778
115.907,115.907,NoButton,Move,256,778
115.924,115.924,NoButton,Move,248,779
115.941,115.941,NoButton,Move,246,779
115.95700000000001,115.95700000000001,NoButton,Move,245,779
116.149,116.149,NoButton,Move,245,779
116.156,116.156,NoButton,Move,245,773
116.162,116.162,NoButton,Move,245,767
116.173,116.173,NoButton,Move,246,761
116.19,116.19,NoButton,Move,247,748
116.206,116.206,NoButton,Move,248,737
116.221,116.221,NoButton,Move,250,709
116.23700000000001,116.23700000000001,NoButton,Move,251,698
116.254,116.254,NoButton,Move,252,684
116.27,116.27,NoButton,Move,252,675
116.287,116.287,NoButton,Move,252,667
116.303,116.303,NoButton,Move,252,663
116.32000000000002,116.32000000000002,NoButton,Move,252,661
116.336,116.336,NoButton,Move,252,661
116.378,116.378,NoButton,Move,252,661
116.386,116.386,NoButton,Move,253,661
116.402,116.402,NoButton,Move,255,661
116.419,116.419,NoButton,Move,269,666
116.437,116.437,NoButton,Move,301,675
116.453,116.453,NoButton,Move,344,685
116.46900000000001,116.46900000000001,NoButton,Move,406,698
116.486,116.486,NoButton,Move,479,711
116.503,116.503,NoButton,Move,523,720
116.52,116.52,NoButton,Move,551,724
116.536,116.536,NoButton,Move,566,726
116.553,116.553,NoButton,Move,576,728
116.569,116.569,NoButton,Move,580,728
116.792,116.792,NoButton,Move,581,728
116.798,116.798,NoButton,Move,590,723
116.805,116.805,NoButton,Move,601,720
116.818,116.818,NoButton,Move,615,717
116.836,116.836,NoButton,Move,648,713
116.849,116.849,NoButton,Move,701,710
116.864,116.864,NoButton,Move,772,709
116.88,116.88,NoButton,Move,808,707
116.896,116.896,NoButton,Move,870,707
116.913,116.913,NoButton,Move,893,707
116.929,116.929,NoButton,Move,925,705
116.94500000000002,116.94500000000002,NoButton,Move,938,703
116.962,116.962,NoButton,Move,946,701
117.13,117.13,NoButton,Move,947,701
117.136,117.136,NoButton,Move,952,699
117.146,117.146,NoButton,Move,960,696
117.162,117.162,NoButton,Move,978,689
117.179,117.179,NoButton,Move,996,685
117.196,117.196,NoButton,Move,1015,681
117.214,117.214,NoButton,Move,1049,675
117.232,117.232,NoButton,Move,1071,671
117.24900000000001,117.24900000000001,NoButton,Move,1085,669
117.266,117.266,NoButton,Move,1096,668
117.283,117.283,NoButton,Move,1102,666
117.3,117.3,NoButton,Move,1105,666
117.316,117.316,NoButton,Move,1105,666
117.333,117.333,NoButton,Move,1106,666
117.35000000000001,117.35000000000001,NoButton,Move,1106,666
117.723,117.723,NoButton,Move,1106,668
117.73100000000001,117.73100000000001,NoButton,Move,1106,678
117.73700000000001,117.73700000000001,NoButton,Move,1106,689
117.75,117.75,NoButton,Move,1107,699
117.766,117.766,NoButton,Move,1113,723
117.779,117.779,NoButton,Move,1121,745
117.794,117.794,NoButton,Move,1125,755
117.81,117.81,NoButton,Move,1137,788
117.828,117.828,NoButton,Move,1148,814
117.842,117.842,NoButton,Move,1152,819
117.86,117.86,NoButton,Move,1155,819
117.87700000000001,117.87700000000001,NoButton,Move,1157,819
117.894,117.894,NoButton,Move,1157,819
117.91,117.91,NoButton,Move,1155,819
117.927,117.927,NoButton,Move,1148,819
117.943,117.943,NoButton,Move,1132,819
117.96000000000001,117.96000000000001,NoButton,Move,1099,819
117.977,117.977,NoButton,Move,1020,818
117.99300000000001,117.99300000000001,NoButton,Move,984,818
118.01,118.01,NoButton,Move,878,819
118.026,118.026,NoButton,Move,847,819
118.043,118.043,NoButton,Move,790,819
118.06,118.06,NoButton,Move,779,819
118.077,118.077,NoButton,Move,764,819
118.093,118.093,NoButton,Move,758,819
118.11,118.11,NoButton,Move,757,819
118.12700000000001,118.12700000000001,NoButton,Move,757,819
118.3,118.3,NoButton,Move,749,819
118.308,118.308,NoButton,Move,738,819
118.314,118.314,NoButton,Move,726,819
118.327,118.327,NoButton,Move,712,819
118.343,118.343,NoButton,Move,684,819
118.357,118.357,NoButton,Move,652,819
118.372,118.372,NoButton,Move,620,819
118.388,118.388,NoButton,Move,572,819
118.405,118.405,NoButton,Move,522,819
118.421,118.421,NoButton,Move,509,819
118.438,118.438,NoButton,Move,490,819
118.453,118.453,NoButton,Move,482,819
118.647,118.647,NoButton,Move,480,819
118.651,118.651,NoButton,Move,474,819
118.66,118.66,NoButton,Move,469,819
118.669,118.669,NoButton,Move,460,819
118.686,118.686,NoButton,Move,447,818
118.703,118.703,NoButton,Move,402,818
118.718,118.718,NoButton,Move,371,816
118.73400000000001,118.73400000000001,NoButton,Move,303,815
118.751,118.751,NoButton,Move,259,814
118.766,118.766,NoButton,Move,226,810
118.784,118.784,NoButton,Move,208,808
118.801,118.801,NoButton,Move,195,806
118.817,118.817,NoButton,Move,189,802
118.83200000000001,118.83200000000001,NoButton,Move,189,799
119.001,119.001,NoButton,Move,189,799
119.006,119.006,NoButton,Move,187,799
119.017,119.017,NoButton,Move,186,799
119.033,119.033,NoButton,Move,185,799
119.05,119.05,NoButton,Move,182,796
119.066,119.066,NoButton,Move,176,785
119.086,119.086,NoButton,Move,164,755
119.10300000000001,119.10300000000001,NoButton,Move,147,680
119.12100000000001,119.12100000000001,NoButton,Move,140,590
119.137,119.137,NoButton,Move,140,549
119.155,119.155,NoButton,Move,140,508
119.171,119.171,NoButton,Move,140,489
119.188,119.188,NoButton,Move,143,476
119.20400000000001,119.20400000000001,NoButton,Move,144,472
119.221,119.221,NoButton,Move,145,471
119.23700000000001,119.23700000000001,NoButton,Move,146,471
119.255,119.255,NoButton,Move,148,473
119.271,119.271,NoButton,Move,152,478
119.288,119.288,NoButton,Move,156,483
119.304,119.304,NoButton,Move,161,488
119.32000000000002,119.32000000000002,NoButton,Move,164,491
119.33800000000001,119.33800000000001,NoButton,Move,178,499
119.354,119.354,NoButton,Move,190,505
119.37100000000001,119.37100000000001,NoButton,Move,211,511
119.387,119.387,NoButton,Move,225,515
119.403,119.403,NoButton,Move,235,517
119.421,119.421,NoButton,Move,266,519
119.438,119.438,NoButton,Move,284,519
119.45400000000001,119.45400000000001,NoButton,Move,303,510
119.471,119.471,NoButton,Move,324,496
119.48700000000001,119.48700000000001,NoButton,Move,339,487
119.504,119.504,NoButton,Move,349,479
119.685,119.685,NoButton,Move,350,478
119.69,119.69,NoButton,Move,359,469
119.70400000000001,119.70400000000001,NoButton,Move,370,459
119.72,119.72,NoButton,Move,397,440
119.73700000000001,119.73700000000001,NoButton,Move,434,420
119.753,119.753,NoButton,Move,497,395
119.771,119.771,NoButton,Move,540,381
119.787,119.787,NoButton,Move,555,377
119.806,119.806,NoButton,Move,574,373
119.821,119.821,NoButton,Move,582,371
119.83800000000001,119.83800000000001,NoButton,Move,584,371
119.855,119.855,NoButton,Move,584,371
120.057,120.057,Left,Pressed,584,371
120.441,120.441,Left,Pressed,584,371
120.732,120.732,NoButton,Move,585,371
120.738,120.738,NoButton,Move,589,370
120.755,120.755,NoButton,Move,600,366
120.772,120.772,NoButton,Move,619,361
120.792,120.792,NoButton,Move,666,353
120.805,120.805,NoButton,Move,722,350
120.82000000000002,120.82000000000002,NoButton,Move,752,350
120.836,120.836,NoButton,Move,807,350
120.85300000000001,120.85300000000001,NoButton,Move,826,350
120.869,120.869,NoButton,Move,847,352
120.886,120.886,NoButton,Move,864,354
120.902,120.902,NoButton,Move,870,355
120.919,120.919,NoButton,Move,872,356
120.934,120.934,NoButton,Move,873,356
120.953,120.953,Left,Pressed,873,356
121.218,121.218,NoButton,Move,865,356
121.224,121.224,NoButton,Move,853,356
121.236,121.236,NoButton,Move,842,356
121.25200000000001,121.25200000000001,NoButton,Move,811,356
121.27,121.27,NoButton,Move,774,364
121.289,121.289,NoButton,Move,685,390
121.305,121.305,NoButton,Move,584,429
121.322,121.322,NoButton,Move,491,474
121.339,121.339,NoButton,Move,459,488
121.35600000000001,121.35600000000001,NoButton,Move,422,505
121.372,121.372,NoButton,Move,402,514
121.388,121.388,NoButton,Move,387,519
121.405,121.405,NoButton,Move,382,520
121.421,121.421,NoButton,Move,380,521
121.438,121.438,NoButton,Move,379,521
121.458,121.458,Left,Pressed,379,521
121.577,121.577,NoButton,Move,379,521
121.57900000000001,121.57900000000001,NoButton,Move,380,521
121.73,121.73,NoButton,Move,377,521
121.735,121.735,NoButton,Move,375,521
121.744,121.744,NoButton,Move,373,521
121.755,121.755,NoButton,Move,369,521
121.776,121.776,NoButton,Move,361,521
121.794,121.794,NoButton,Move,344,515
121.814,121.814,NoButton,Move,311,498
121.833,121.833,NoButton,Move,288,478
121.85000000000001,121.85000000000001,NoButton,Move,261,454
121.866,121.866,NoButton,Move,244,437
121.883,121.883,NoButton,Move,222,415
121.899,121.899,NoButton,Move,217,410
121.915,121.915,NoButton,Move,212,406
121.932,121.932,NoButton,Move,209,405
121.949,121.949,NoButton,Move,208,404
121.96600000000001,121.96600000000001,NoButton,Move,208,404
121.985,121.985,Left,Pressed,208,404
121.985,121.985,NoButton,Move,207,404
122.087,122.087,NoButton,Move,208,404
122.08800000000001,122.08800000000001,NoButton,Move,209,404
122.212,122.212,NoButton,Move,210,404
122.221,122.221,NoButton,Move,217,400
122.233,122.233,NoButton,Move,224,393
122.253,122.253,NoButton,Move,244,372
122.27,122.27,NoButton,Move,281,330
122.285,122.285,NoButton,Move,304,305
122.301,122.301,NoButton,Move,335,270
122.318,122.318,NoButton,Move,344,260
122.334,122.334,NoButton,Move,354,248
122.351,122.351,NoButton,Move,359,244
122.36800000000001,122.36800000000001,NoButton,Move,359,244
122.512,122.512,NoButton,Move,359,246
122.518,122.518,NoButton,Move,359,260
122.534,122.534,NoButton,Move,358,271
122.551,122.551,NoButton,Move,356,301
122.567,122.567,NoButton,Move,352,351
122.584,122.584,NoButton,Move,350,385
122.599,122.599,NoButton,Move,345,451
122.616,122.616,NoButton,Move,342,510
122.632,122.632,NoButton,Move,341,543
122.65,122.65,NoButton,Move,340,566
122.666,122.666,NoButton,Move,340,580
122.682,122.682,NoButton,Move,340,590
122.699,122.699,NoButton,Move,340,594
122.715,122.715,NoButton,Move,340,595
122.858,122.858,NoButton,Move,340,595
122.86500000000001,122.86500000000001,NoButton,Move,340,602
122.872,122.872,NoButton,Move,340,610
122.883,122.883,NoButton,Move,340,619
122.899,122.899,NoButton,Move,343,639
122.916,122.916,NoButton,Move,347,655
122.931,122.931,NoButton,Move,350,665
122.946,122.946,NoButton,Move,351,668
122.96300000000001,122.96300000000001,NoButton,Move,355,680
122.979,122.979,NoButton,Move,357,686
122.994,122.994,NoButton,Move,357,688
123.011,123.011,NoButton,Move,357,688
123.028,123.028,NoButton,Move,357,689
123.18,123.18,NoButton,Move,359,689
123.185,123.185,NoButton,Move,364,689
123.194,123.194,NoButton,Move,369,689
123.212,123.212,NoButton,Move,389,687
123.229,123.229,NoButton,Move,433,683
123.24600000000001,123.24600000000001,NoButton,Move,520,678
123.265,123.265,NoButton,Move,622,678
123.282,123.282,NoButton,Move,683,678
123.3,123.3,NoButton,Move,731,686
123.317,123.317,NoButton,Move,779,697
123.334,123.334,NoButton,Move,790,701
123.35000000000001,123.35000000000001,NoButton,Move,805,704
123.366,123.366,NoButton,Move,811,705
123.384,123.384,NoButton,Move,813,705
123.558,123.558,NoButton,Move,815,705
123.565,123.565,NoButton,Move,821,703
123.572,123.572,NoButton,Move,829,702
123.583,123.583,NoButton,Move,839,701
123.599,123.599,NoButton,Move,865,701
123.613,123.613,NoButton,Move,908,700
123.629,123.629,NoButton,Move,938,700
123.645,123.645,NoButton,Move,1002,700
123.663,123.663,NoButton,Move,1044,701
123.68,123.68,NoButton,Move,1091,706
123.69500000000002,123.69500000000002,NoButton,Move,1114,711
123.712,123.712,NoButton,Move,1135,715
123.729,123.729,NoButton,Move,1144,716
123.745,123.745,NoButton,Move,1148,717
123.947,123.947,NoButton,Move,1148,717
123.953,123.953,NoButton,Move,1155,717
123.96300000000001,123.96300000000001,NoButton,Move,1164,716
123.979,123.979,NoButton,Move,1184,715
123.99600000000001,123.99600000000001,NoButton,Move,1209,715
124.015,124.015,NoButton,Move,1249,718
124.03,124.03,NoButton,Move,1305,725
124.048,124.048,NoButton,Move,1337,728
124.065,124.065,NoButton,Move,1361,730
124.083,124.083,NoButton,Move,1385,731
124.10000000000001,124.10000000000001,NoButton,Move,1395,732
124.117,124.117,NoButton,Move,1403,732
124.133,124.133,NoButton,Move,1406,732
124.15,124.15,NoButton,Move,1407,732
124.166,124.166,NoButton,Move,1408,734
124.523,124.523,NoButton,Move,1407,734
124.529,124.529,NoButton,Move,1403,735
124.537,124.537,NoButton,Move,1397,738
124.55,124.55,NoButton,Move,1389,741
124.567,124.567,NoButton,Move,1371,750
124.57900000000001,124.57900000000001,NoButton,Move,1322,771
124.59400000000001,124.59400000000001,NoButton,Move,1269,795
124.611,124.611,NoButton,Move,1217,818
124.626,124.626,NoButton,Move,1173,819
124.644,124.644,NoButton,Move,1143,819
124.661,124.661,NoButton,Move,1124,819
124.677,124.677,NoButton,Move,1110,819
124.692,124.692,NoButton,Move,1106,819
124.709,124.709,NoButton,Move,1105,819
124.869,124.869,NoButton,Move,1104,819
124.876,124.876,NoButton,Move,1097,819
124.893,124.893,NoButton,Move,1080,819
124.91,124.91,NoButton,Move,1057,819
124.925,124.925,NoButton,Move,1028,819
124.941,124.941,NoButton,Move,999,819
124.958,124.958,NoButton,Move,935,819
124.973,124.973,NoButton,Move,871,819
124.99000000000001,124.99000000000001,NoButton,Move,834,819
125.007,125.007,NoButton,Move,810,819
125.022,125.022,NoButton,Move,797,819
125.04,125.04,NoButton,Move,786,819
125.055,125.055,NoButton,Move,783,819
125.257,125.257,NoButton,Move,781,819
125.263,125.263,NoButton,Move,773,819
125.273,125.273,NoButton,Move,762,819
125.289,125.289,NoButton,Move,717,819
125.306,125.306,NoButton,Move,637,819
125.32300000000001,125.32300000000001,NoButton,Move,540,819
125.342,125.342,NoButton,Move,481,819
125.35900000000001,125.35900000000001,NoButton,Move,438,819
125.376,125.376,NoButton,Move,409,819
125.394,125.394,NoButton,Move,393,819
125.41,125.41,NoButton,Move,381,819
125.427,125.427,NoButton,Move,377,819
125.644,125.644,NoButton,Move,377,819
125.65,125.65,NoButton,Move,375,818
125.662,125.662,NoButton,Move,372,814
125.677,125.677,NoButton,Move,361,797
125.694,125.694,NoButton,Move,322,732
125.71000000000001,125.71000000000001,NoButton,Move,279,639
125.73,125.73,NoButton,Move,251,559
125.74600000000001,125.74600000000001,NoButton,Move,232,499
125.763,125.763,NoButton,Move,227,484
125.781,125.781,NoButton,Move,221,463
125.798,125.798,NoButton,Move,218,455
125.815,125.815,NoButton,Move,217,454
125.831,125.831,NoButton,Move,217,453
125.86500000000001,125.86500000000001,NoButton,Move,217,454
125.873,125.873,NoButton,Move,217,455
125.881,125.881,NoButton,Move,217,456
125.897,125.897,NoButton,Move,217,458
125.914,125.914,NoButton,Move,219,462
125.931,125.931,NoButton,Move,230,472
125.947,125.947,NoButton,Move,244,478
125.964,125.964,NoButton,Move,276,486
125.98100000000001,125.98100000000001,NoButton,Move,323,492
125.998,125.998,NoButton,Move,381,496
126.014,126.014,NoButton,Move,451,497
126.031,126.031,NoButton,Move,517,497
126.048,126.048,NoButton,Move,558,494
126.064,126.064,NoButton,Move,590,490
126.08,126.08,NoButton,Move,618,484
126.096,126.096,NoButton,Move,630,479
126.27,126.27,NoButton,Move,630,479
126.276,126.276,NoButton,Move,635,477
126.284,126.284,NoButton,Move,642,474
126.297,126.297,NoButton,Move,651,471
126.314,126.314,NoButton,Move,674,463
126.327,126.327,NoButton,Move,723,450
126.342,126.342,NoButton,Move,742,447
126.358,126.358,NoButton,Move,825,431
126.373,126.373,NoButton,Move,898,423
126.389,126.389,NoButton,Move,942,419
126.407,126.407,NoButton,Move,974,416
126.423,126.423,NoButton,Move,1006,413
126.439,126.439,NoButton,Move,1011,412
126.458,126.458,NoButton,Move,1018,411
126.474,126.474,NoButton,Move,1020,411
126.65,126.65,NoButton,Move,1021,410
126.656,126.656,NoButton,Move,1030,404
126.664,126.664,NoButton,Move,1037,400
126.674,126.674,NoButton,Move,1049,397
126.691,126.691,NoButton,Move,1077,390
126.70700000000001,126.70700000000001,NoButton,Move,1113,384
126.72200000000001,126.72200000000001,NoButton,Move,1147,380
126.738,126.738,NoButton,Move,1213,374
126.754,126.754,NoButton,Move,1256,373
126.771,126.771,NoButton,Move,1284,373
126.787,126.787,NoButton,Move,1310,372
126.803,126.803,NoButton,Move,1320,371
126.82000000000002,126.82000000000002,NoButton,Move,1328,371
126.837,126.837,NoButton,Move,1331,371
126.854,126.854,NoButton,Move,1332,371
126.87,126.87,NoButton,Move,1332,371
127.037,127.037,NoButton,Move,1332,370
127.043,127.043,NoButton,Move,1332,363
127.054,127.054,NoButton,Move,1332,353
127.07000000000002,127.07000000000002,NoButton,Move,1332,321
127.086,127.086,NoButton,Move,1332,265
127.10300000000001,127.10300000000001,NoButton,Move,1332,213
127.12100000000001,127.12100000000001,NoButton,Move,1332,195
127.138,127.138,NoButton,Move,1332,169
127.156,127.156,NoButton,Move,1332,160
127.173,127.173,NoButton,Move,1332,157
127.191,127.191,NoButton,Move,1332,156
127.392,127.392,NoButton,Move,1332,156
127.398,127.398,NoButton,Move,1331,165
127.407,127.407,NoButton,Move,1328,174
127.423,127.423,NoButton,Move,1324,193
127.44,127.44,NoButton,Move,1320,218
127.45700000000001,127.45700000000001,NoButton,Move,1313,258
127.477,127.477,NoButton,Move,1301,311
127.49300000000001,127.49300000000001,NoButton,Move,1292,348
127.511,127.511,NoButton,Move,1282,391
127.529,127.529,NoButton,Move,1275,415
127.545,127.545,NoButton,Move,1270,435
127.561,127.561,NoButton,Move,1268,443
127.57900000000001,127.57900000000001,NoButton,Move,1267,449
127.59400000000001,127.59400000000001,NoButton,Move,1267,449
127.77,127.77,NoButton,Move,1267,450
127.777,127.777,NoButton,Move,1267,457
127.795,127.795,NoButton,Move,1266,483
127.812,127.812,NoButton,Move,1266,517
127.828,127.828,NoButton,Move,1266,556
127.842,127.842,NoButton,Move,1268,594
127.85900000000001,127.85900000000001,NoButton,Move,1273,662
127.873,127.873,NoButton,Move,1274,700
127.891,127.891,NoButton,Move,1274,724
127.908,127.908,NoButton,Move,1274,736
127.925,127.925,NoButton,Move,1274,745
127.941,127.941,NoButton,Move,1274,748
127.95700000000001,127.95700000000001,NoButton,Move,1274,749
128.13400000000001,128.13400000000001,NoButton,Move,1264,749
128.138,128.138,NoButton,Move,1248,749
128.147,128.147,NoButton,Move,1234,749
128.156,128.156,NoButton,Move,1214,749
128.173,128.173,NoButton,Move,1174,751
128.191,128.191,NoButton,Move,1101,760
128.206,128.206,NoButton,Move,1080,764
128.222,128.222,NoButton,Move,998,782
128.238,128.238,NoButton,Move,955,794
128.255,128.255,NoButton,Move,940,800
128.27,128.27,NoButton,Move,920,807
128.287,128.287,NoButton,Move,914,809
128.546,128.546,NoButton,Move,914,809
128.552,128.552,NoButton,Move,911,809
128.559,128.559,NoButton,Move,904,809
128.571,128.571,NoButton,Move,895,809
128.587,128.587,NoButton,Move,842,803
128.604,128.604,NoButton,Move,754,795
128.618,128.618,NoButton,Move,650,794
128.633,128.633,NoButton,Move,593,794
128.65,128.65,NoButton,Move,487,794
128.666,128.666,NoButton,Move,450,796
128.683,128.683,NoButton,Move,410,797
128.7,128.7,NoButton,Move,385,797
128.716,128.716,NoButton,Move,370,798
128.733,128.733,NoButton,Move,365,798
128.749,128.749,NoButton,Move,365,798
128.766,128.766,NoButton,Move,365,799
128.782,128.782,NoButton,Move,369,799
128.799,128.799,NoButton,Move,373,799
129.046,129.046,NoButton,Move,363,799
129.053,129.053,NoButton,Move,348,799
129.065,129.065,NoButton,Move,334,799
129.083,129.083,NoButton,Move,300,799
129.099,129.099,NoButton,Move,264,801
129.116,129.116,NoButton,Move,210,808
129.133,129.133,NoButton,Move,143,818
129.151,129.151,NoButton,Move,106,819
129.168,129.168,NoButton,Move,94,819
129.183,129.183,NoButton,Move,75,819
129.2,129.2,NoButton,Move,68,819
129.218,129.218,NoButton,Move,66,819
129.461,129.461,NoButton,Move,64,819
129.467,129.467,NoButton,Move,55,819
129.486,129.486,NoButton,Move,28,817
129.501,129.501,NoButton,Move,0,815
129.518,129.518,NoButton,Move,0,815
129.53300000000002,129.53300000000002,NoButton,Move,0,819
129.548,129.548,NoButton,Move,0,819
129.56300000000002,129.56300000000002,NoButton,Move,0,819
129.579,129.579,NoButton,Move,0,819
129.596,129.596,NoButton,Move,0,819
129.615,129.615,NoButton,Move,0,819
129.63,129.63,NoButton,Move,0,819
129.816,129.816,NoButton,Move,0,817
129.821,129.821,NoButton,Move,6,809
129.831,129.831,NoButton,Move,14,797
129.847,129.847,NoButton,Move,28,773
129.864,129.864,NoButton,Move,41,749
129.881,129.881,NoButton,Move,50,729
129.9,129.9,NoButton,Move,58,709
129.917,129.917,NoButton,Move,62,698
129.933,129.933,NoButton,Move,65,688
129.952,129.952,NoButton,Move,66,684
129.969,129.969,NoButton,Move,66,681
129.984,129.984,NoButton,Move,66,680
130.001,130.001,NoButton,Move,64,679
130.019,130.019,NoButton,Move,63,679
130.034,130.034,NoButton,Move,63,679
130.052,130.052,NoButton,Move,63,682
130.067,130.067,NoButton,Move,63,685
130.085,130.085,NoButton,Move,70,691
130.101,130.101,NoButton,Move,89,701
130.118,130.118,NoButton,Move,118,712
130.135,130.135,NoButton,Move,192,731
130.151,130.151,NoButton,Move,255,743
130.168,130.168,NoButton,Move,325,749
130.185,130.185,NoButton,Move,396,752
130.202,130.202,NoButton,Move,456,752
130.217,130.217,NoButton,Move,490,751
130.234,130.234,NoButton,Move,502,748
130.445,130.445,NoButton,Move,508,736
130.449,130.449,NoButton,Move,515,724
130.455,130.455,NoButton,Move,524,714
130.467,130.467,NoButton,Move,534,701
130.485,130.485,NoButton,Move,562,669
130.502,130.502,NoButton,Move,603,628
130.516,130.516,NoButton,Move,660,581
130.532,130.53300000000002,NoButton,Move,689,560
130.549,130.549,NoButton,Move,713,548
130.564,130.564,NoButton,Move,734,539
130.58,130.58,NoButton,Move,742,536
130.598,130.598,NoButton,Move,748,534
130.788,130.788,NoButton,Move,748,534
130.794,130.794,NoButton,Move,754,525
130.80100000000002,130.80100000000002,NoButton,Move,763,513
130.814,130.814,NoButton,Move,775,499
130.831,130.831,NoButton,Move,807,468
130.845,130.845,NoButton,Move,860,424
130.859,130.859,NoButton,Move,897,398
130.875,130.875,NoButton,Move,945,369
130.891,130.891,NoButton,Move,998,344
130.90800000000002,130.90800000000002,NoButton,Move,1022,335
130.925,130.925,NoButton,Move,1035,330
130.941,130.941,NoButton,Move,1044,327
130.959,130.959,NoButton,Move,1049,326
130.975,130.975,NoButton,Move,1050,326
130.991,130.991,NoButton,Move,1050,326
131.159,131.159,NoButton,Move,1050,325
131.16400000000002,131.16400000000002,NoButton,Move,1055,314
131.175,131.175,NoButton,Move,1063,302
131.191,131.191,NoButton,Move,1086,277
131.208,131.208,NoButton,Move,1132,236
131.225,131.225,NoButton,Move,1186,201
131.243,131.243,NoButton,Move,1250,169
131.26,131.26,NoButton,Move,1269,163
131.278,131.278,NoButton,Move,1300,154
131.29500000000002,131.29500000000002,NoButton,Move,1309,152
131.31300000000002,131.31300000000002,NoButton,Move,1315,151
131.329,131.329,NoButton,Move,1317,151
131.345,131.345,NoButton,Move,1317,151
131.52100000000002,131.52100000000002,NoButton,Move,1308,150
131.528,131.528,NoButton,Move,1292,147
131.535,131.535,NoButton,Move,1279,146
131.54500000000002,131.54500000000002,NoButton,Move,1262,144
131.562,131.562,NoButton,Move,1220,143
131.578,131.578,NoButton,Move,1145,146
131.593,131.593,NoButton,Move,1094,156
131.609,131.609,NoButton,Move,1017,176
131.625,131.625,NoButton,Move,934,200
131.642,131.642,NoButton,Move,911,207
131.659,131.659,NoButton,Move,889,214
131.675,131.675,NoButton,Move,875,218
131.691,131.691,NoButton,Move,870,219
131.9,131.9,NoButton,Move,870,219
131.907,131.907,NoButton,Move,864,219
131.915,131.915,NoButton,Move,855,219
131.925,131.925,NoButton,Move,843,218
131.941,131.941,NoButton,Move,812,216
131.958,131.958,NoButton,Move,743,216
131.972,131.972,NoButton,Move,689,216
131.988,131.988,NoButton,Move,576,229
132.005,132.005,NoButton,Move,499,244
132.02100000000002,132.02100000000002,NoButton,Move,440,258
132.038,132.038,NoButton,Move,405,265
132.054,132.054,NoButton,Move,387,270
132.071,132.071,NoButton,Move,375,272
132.087,132.087,NoButton,Move,373,273
132.329,132.329,NoButton,Move,372,273
132.337,132.337,NoButton,Move,364,274
132.353,132.353,NoButton,Move,341,281
132.371,132.371,NoButton,Move,309,293
132.387,132.387,NoButton,Move,255,313
132.401,132.401,NoButton,Move,227,326
132.417,132.417,NoButton,Move,200,338
132.433,132.433,NoButton,Move,175,347
132.45,132.45,NoButton,Move,164,351
132.466,132.466,NoButton,Move,153,353
132.65,132.65,NoButton,Move,153,353
132.656,132.656,NoButton,Move,153,348
132.66400000000002,132.66400000000002,NoButton,Move,153,342
132.68200000000002,132.68200000000002,NoButton,Move,153,314
132.698,132.698,NoButton,Move,153,277
132.716,132.716,NoButton,Move,153,246
132.735,132.735,NoButton,Move,153,214
132.752,132.752,NoButton,Move,153,198
132.769,132.769,NoButton,Move,154,187
132.786,132.786,NoButton,Move,154,184
132.805,132.805,NoButton,Move,154,183
132.821,132.821,NoButton,Move,154,183
132.837,132.837,NoButton,Move,154,183
132.853,132.853,NoButton,Move,155,191
132.87,132.87,NoButton,Move,156,207
132.887,132.887,NoButton,Move,157,246
132.903,132.903,NoButton,Move,160,292
132.92000000000002,132.92000000000002,NoButton,Move,168,347
132.937,132.937,NoButton,Move,175,387
132.954,132.954,NoButton,Move,186,453
132.971,132.971,NoButton,Move,188,473
132.987,132.987,NoButton,Move,190,495
133.004,133.004,NoButton,Move,190,505
133.02,133.02,NoButton,Move,190,513
133.037,133.037,NoButton,Move,190,516
133.053,133.053,NoButton,Move,190,517
133.07,133.07,NoButton,Move,190,517
133.252,133.252,NoButton,Move,190,524
133.258,133.258,NoButton,Move,189,537
133.27,133.27,NoButton,Move,189,550
133.292,133.292,NoButton,Move,189,586
133.303,133.303,NoButton,Move,192,631
133.31900000000002,133.31900000000002,NoButton,Move,204,697
133.338,133.338,NoButton,Move,214,752
133.354,133.354,NoButton,Move,221,785
133.371,133.371,NoButton,Move,223,801
133.388,133.388,NoButton,Move,225,812
133.405,133.405,NoButton,Move,226,816
133.421,133.421,NoButton,Move,227,813
133.623,133.623,NoButton,Move,228,813
133.629,133.629,NoButton,Move,233,811
133.639,133.639,NoButton,Move,240,807
133.655,133.655,NoButton,Move,261,800
133.672,133.672,NoButton,Move,292,793
133.689,133.689,NoButton,Move,369,783
133.708,133.708,NoButton,Move,460,779
133.725,133.725,NoButton,Move,558,779
133.742,133.742,NoButton,Move,622,788
133.759,133.759,NoButton,Move,674,799
133.776,133.776,NoButton,Move,708,805
133.794,133.794,NoButton,Move,730,809
133.809,133.809,NoButton,Move,739,810
134.002,134.002,NoButton,Move,740,810
134.008,134.008,NoButton,Move,747,805
134.017,134.017,NoButton,Move,755,799
134.02700000000002,134.02700000000002,NoButton,Move,765,793
134.043,134.043,NoButton,Move,790,782
134.059,134.059,NoButton,Move,816,772
134.074,134.074,NoButton,Move,868,757
134.09,134.09,NoButton,Move,896,749
134.106,134.106,NoButton,Move,934,742
134.123,134.123,NoButton,Move,977,736
134.139,134.139,NoButton,Move,1002,734
134.155,134.155,NoButton,Move,1025,732
134.172,134.172,NoButton,Move,1034,731
134.189,134.189,NoButton,Move,1041,731
134.205,134.205,NoButton,Move,1044,731
134.39000000000004,134.39000000000004,NoButton,Move,1044,728
134.39600000000002,134.39600000000002,NoButton,Move,1044,715
134.406,134.406,NoButton,Move,1044,698
134.422,134.422,NoButton,Move,1052,652
134.439,134.439,NoButton,Move,1072,545
134.455,134.455,NoButton,Move,1083,500
134.474,134.474,NoButton,Move,1089,478
134.492,134.492,NoButton,Move,1097,450
134.508,134.508,NoButton,Move,1102,438
134.52700000000002,134.52700000000002,NoButton,Move,1104,435
134.542,134.542,NoButton,Move,1104,434
134.559,134.559,NoButton,Move,1105,434
134.577,134.577,NoButton,Move,1105,434
134.593,134.593,NoButton,Move,1105,437
134.61,134.61,NoButton,Move,1099,449
134.626,134.626,NoButton,Move,1096,455
134.643,134.643,NoButton,Move,1090,468
134.65800000000002,134.65800000000002,NoButton,Move,1079,492
134.67600000000002,134.67600000000002,NoButton,Move,1076,501
134.69400000000002,134.69400000000002,NoButton,Move,1069,522
134.71,134.71,NoButton,Move,1065,532
134.725,134.725,NoButton,Move,1061,539
134.743,134.743,NoButton,Move,1060,542
134.76,134.76,NoButton,Move,1060,538
134.776,134.776,NoButton,Move,1074,504
134.793,134.793,NoButton,Move,1100,452
134.81,134.81,NoButton,Move,1117,421
134.825,134.825,NoButton,Move,1129,401
134.843,134.843,NoButton,Move,1141,382
134.859,134.859,NoButton,Move,1146,377
134.876,134.876,NoButton,Move,1149,373
134.893,134.893,NoButton,Move,1150,371
134.91,134.91,NoButton,Move,1151,371
135.173,135.173,NoButton,Move,1151,371
135.179,135.179,NoButton,Move,1148,367
135.19400000000002,135.19400000000002,NoButton,Move,1143,362
135.21,135.21,NoButton,Move,1131,351
135.227,135.227,NoButton,Move,1097,323
135.244,135.244,NoButton,Move,1053,290
135.259,135.259,NoButton,Move,1022,269
135.276,135.276,NoButton,Move,998,253
135.292,135.292,NoButton,Move,976,238
135.31,135.31,NoButton,Move,968,232
135.327,135.327,NoButton,Move,963,228
135.344,135.344,NoButton,Move,962,227
135.359,135.359,NoButton,Move,961,226
135.536,135.536,NoButton,Move,954,226
135.542,135.542,NoButton,Move,943,226
135.559,135.559,NoButton,Move,920,226
135.576,135.576,NoButton,Move,888,228
135.592,135.592,NoButton,Move,849,235
135.608,135.608,NoButton,Move,767,253
135.623,135.623,NoButton,Move,729,262
135.64000000000004,135.64000000000004,NoButton,Move,682,274
135.656,135.656,NoButton,Move,655,280
135.673,135.673,NoButton,Move,641,283
135.689,135.689,NoButton,Move,632,284
135.91400000000002,135.91400000000002,NoButton,Move,631,284
135.921,135.921,NoButton,Move,625,284
135.928,135.928,NoButton,Move,617,284
135.939,135.939,NoButton,Move,606,284
135.955,135.955,NoButton,Move,584,286
135.972,135.972,NoButton,Move,481,304
135.986,135.986,NoButton,Move,449,312
136.002,136.002,NoButton,Move,382,329
136.018,136.018,NoButton,Move,364,333
136.035,136.035,NoButton,Move,345,337
136.052,136.052,NoButton,Move,333,339
136.068,136.068,NoButton,Move,330,340
136.269,136.269,NoButton,Move,325,341
136.275,136.275,NoButton,Move,319,343
136.285,136.285,NoButton,Move,314,344
136.30100000000002,136.30100000000002,NoButton,Move,300,348
136.318,136.318,NoButton,Move,285,351
136.334,136.334,NoButton,Move,272,352
136.354,136.354,NoButton,Move,255,354
136.371,136.371,NoButton,Move,242,355
136.388,136.388,NoButton,Move,233,356
136.404,136.404,NoButton,Move,229,356
136.421,136.421,NoButton,Move,228,357
136.589,136.589,NoButton,Move,228,355
136.597,136.597,NoButton,Move,226,350
136.606,136.606,NoButton,Move,224,342
136.624,136.624,NoButton,Move,223,330
136.642,136.642,NoButton,Move,223,305
136.657,136.657,NoButton,Move,224,230
136.674,136.674,NoButton,Move,228,207
136.691,136.691,NoButton,Move,230,189
136.708,136.708,NoButton,Move,231,176
136.726,136.726,NoButton,Move,232,173
136.743,136.743,NoButton,Move,232,172
136.895,136.895,NoButton,Move,231,174
136.90200000000002,136.90200000000002,NoButton,Move,228,179
136.91,136.91,NoButton,Move,225,183
136.925,136.925,NoButton,Move,221,189
136.942,136.942,NoButton,Move,215,201
136.959,136.959,NoButton,Move,210,211
136.98,136.98,NoButton,Move,199,237
136.997,136.997,NoButton,Move,192,261
137.013,137.013,NoButton,Move,190,275
137.031,137.031,NoButton,Move,189,284
137.049,137.049,NoButton,Move,188,292
137.06300000000002,137.06300000000002,NoButton,Move,188,295
137.208,137.208,NoButton,Move,188,298
137.214,137.214,NoButton,Move,188,306
137.232,137.232,NoButton,Move,188,332
137.247,137.247,NoButton,Move,188,346
137.264,137.264,NoButton,Move,191,413
137.28,137.28,NoButton,Move,195,447
137.296,137.296,NoButton,Move,199,492
137.312,137.312,NoButton,Move,202,525
137.328,137.328,NoButton,Move,204,542
137.344,137.344,NoButton,Move,205,555
137.361,137.361,NoButton,Move,207,561
137.379,137.379,NoButton,Move,210,562
137.39600000000002,137.39600000000002,NoButton,Move,218,562
137.412,137.412,NoButton,Move,245,555
137.427,137.427,NoButton,Move,291,543
137.445,137.445,NoButton,Move,428,519
137.462,137.462,NoButton,Move,472,514
137.478,137.478,NoButton,Move,540,510
137.495,137.495,NoButton,Move,597,509
137.512,137.512,NoButton,Move,662,509
137.529,137.529,NoButton,Move,679,509
137.736,137.736,NoButton,Move,679,509
137.743,137.743,NoButton,Move,686,505
137.75,137.75,NoButton,Move,695,500
137.762,137.762,NoButton,Move,704,496
137.779,137.779,NoButton,Move,729,488
137.792,137.792,NoButton,Move,773,474
137.809,137.809,NoButton,Move,839,458
137.824,137.824,NoButton,Move,871,452
137.841,137.841,NoButton,Move,910,447
137.857,137.857,NoButton,Move,939,444
137.873,137.873,NoButton,Move,956,442
137.89000000000004,137.89000000000004,NoButton,Move,971,441
137.906,137.906,NoButton,Move,974,441
138.06300000000002,138.06300000000002,NoButton,Move,974,440
138.072,138.072,NoButton,Move,974,432
138.089,138.089,NoButton,Move,974,403
138.107,138.107,NoButton,Move,975,361
138.123,138.123,NoButton,Move,977,301
138.137,138.137,NoButton,Move,977,287
138.15200000000002,138.15200000000002,NoButton,Move,977,256
138.168,138.168,NoButton,Move,977,240
138.184,138.184,NoButton,Move,976,230
138.201,138.201,NoButton,Move,976,226
138.218,138.218,NoButton,Move,975,226
138.428,138.428,NoButton,Move,972,225
138.433,138.433,NoButton,Move,966,224
138.45000000000002,138.45000000000002,NoButton,Move,960,223
138.466,138.466,NoButton,Move,930,222
138.484,138.484,NoButton,Move,918,222
138.5,138.5,NoButton,Move,852,226
138.516,138.516,NoButton,Move,798,242
138.532,138.532,NoButton,Move,749,259
138.548,138.548,NoButton,Move,698,276
138.56300000000002,138.56300000000002,NoButton,Move,686,279
138.581,138.581,NoButton,Move,668,283
138.598,138.598,NoButton,Move,664,283
138.806,138.806,NoButton,Move,657,283
138.812,138.812,NoButton,Move,649,283
138.82,138.82,NoButton,Move,638,283
138.831,138.831,NoButton,Move,625,283
138.847,138.847,NoButton,Move,599,283
138.862,138.862,NoButton,Move,570,283
138.878,138.878,NoButton,Move,542,282
138.894,138.894,NoButton,Move,501,278
138.91,138.91,NoButton,Move,434,270
138.927,138.927,NoButton,Move,407,264
138.94400000000002,138.94400000000002,NoButton,Move,387,258
138.96,138.96,NoButton,Move,372,254
138.976,138.976,NoButton,Move,362,250
138.993,138.993,NoButton,Move,358,249
139.01,139.01,NoButton,Move,357,249
139.201,139.201,NoButton,Move,352,249
139.208,139.208,NoButton,Move,343,249
139.216,139.216,NoButton,Move,330,249
139.228,139.228,NoButton,Move,316,249
139.244,139.244,NoButton,Move,286,249
139.258,139.258,NoButton,Move,270,251
139.275,139.275,NoButton,Move,229,258
139.291,139.291,NoButton,Move,210,262
139.306,139.306,NoButton,Move,189,267
139.322,139.322,NoButton,Move,174,270
139.339,139.339,NoButton,Move,167,272
139.356,139.356,NoButton,Move,166,273
139.517,139.517,NoButton,Move,166,273
139.523,139.523,NoButton,Move,166,281
139.54,139.54,NoButton,Move,166,301
139.556,139.556,NoButton,Move,167,314
139.573,139.573,NoButton,Move,172,361
139.587,139.587,NoButton,Move,178,421
139.603,139.603,NoButton,Move,181,450
139.619,139.619,NoButton,Move,185,483
139.636,139.636,NoButton,Move,187,508
139.65200000000002,139.65200000000002,NoButton,Move,191,532
139.668,139.668,NoButton,Move,192,543
139.686,139.686,NoButton,Move,194,551
139.703,139.703,NoButton,Move,195,555
139.871,139.871,NoButton,Move,195,554
139.877,139.877,NoButton,Move,195,548
139.887,139.887,NoButton,Move,196,542
139.903,139.903,NoButton,Move,205,519
139.92000000000002,139.92000000000002,NoButton,Move,219,496
139.937,139.937,NoButton,Move,243,463
139.956,139.956,NoButton,Move,265,438
139.973,139.973,NoButton,Move,291,417
139.99,139.99,NoButton,Move,307,410
140.007,140.007,NoButton,Move,317,407
140.025,140.025,NoButton,Move,326,405
140.041,140.041,NoButton,Move,331,405
140.058,140.058,NoButton,Move,334,407
140.074,140.074,NoButton,Move,334,415
140.091,140.091,NoButton,Move,334,429
140.107,140.107,NoButton,Move,334,457
140.124,140.124,NoButton,Move,334,492
140.141,140.141,NoButton,Move,334,537
140.157,140.157,NoButton,Move,340,589
140.175,140.175,NoButton,Move,346,624
140.191,140.191,NoButton,Move,348,637
140.208,140.208,NoButton,Move,350,647
140.223,140.223,NoButton,Move,351,650
140.24,140.24,NoButton,Move,352,651
140.258,140.258,NoButton,Move,352,651
140.275,140.275,NoButton,Move,352,651
140.292,140.292,NoButton,Move,352,651
140.308,140.308,NoButton,Move,353,651
140.497,140.497,NoButton,Move,353,651
140.503,140.503,NoButton,Move,364,647
140.511,140.511,NoButton,Move,376,642
140.523,140.523,NoButton,Move,391,636
140.541,140.541,NoButton,Move,427,624
140.554,140.554,NoButton,Move,494,612
140.568,140.568,NoButton,Move,545,608
140.584,140.584,NoButton,Move,656,608
140.602,140.602,NoButton,Move,715,619
140.618,140.618,NoButton,Move,760,631
140.635,140.635,NoButton,Move,773,637
140.649,140.649,NoButton,Move,791,644
140.667,140.667,NoButton,Move,798,649
140.885,140.885,NoButton,Move,799,649
140.89000000000004,140.89000000000004,NoButton,Move,803,646
140.901,140.901,NoButton,Move,811,641
140.917,140.917,NoButton,Move,827,632
140.934,140.934,NoButton,Move,858,621
140.95000000000002,140.95000000000002,NoButton,Move,913,604
140.97,140.97,NoButton,Move,941,599
140.987,140.987,NoButton,Move,961,597
141.004,141.004,NoButton,Move,973,596
141.02100000000002,141.02100000000002,NoButton,Move,981,596
141.038,141.038,NoButton,Move,983,596
141.222,141.222,NoButton,Move,983,596
141.228,141.228,NoButton,Move,988,591
141.238,141.238,NoButton,Move,994,586
141.254,141.254,NoButton,Move,1005,576
141.27,141.27,NoButton,Move,1021,563
141.287,141.287,NoButton,Move,1048,543
141.306,141.306,NoButton,Move,1073,524
141.32500000000002,141.32500000000002,NoButton,Move,1086,512
141.342,141.342,NoButton,Move,1095,503
141.359,141.359,NoButton,Move,1101,495
141.376,141.376,NoButton,Move,1104,491
141.392,141.392,NoButton,Move,1105,489
141.41,141.41,NoButton,Move,1105,488
141.42600000000002,141.42600000000002,NoButton,Move,1105,488
141.442,141.442,NoButton,Move,1099,487
141.46,141.46,NoButton,Move,1067,482
141.475,141.475,NoButton,Move,1049,481
141.492,141.492,NoButton,Move,1002,477
141.509,141.509,NoButton,Move,913,466
141.526,141.526,NoButton,Move,849,455
141.542,141.542,NoButton,Move,809,445
141.55700000000002,141.55700000000002,NoButton,Move,763,433
141.57500000000002,141.57500000000002,NoButton,Move,744,427
141.593,141.593,NoButton,Move,726,420
141.609,141.609,NoButton,Move,718,414
141.626,141.626,NoButton,Move,713,403
141.643,141.643,NoButton,Move,715,376
141.659,141.659,NoButton,Move,730,357
141.67600000000002,141.67600000000002,NoButton,Move,753,339
141.693,141.693,NoButton,Move,767,333
141.93200000000002,141.93200000000002,NoButton,Move,766,333
141.937,141.937,NoButton,Move,761,330
141.945,141.945,NoButton,Move,756,324
141.958,141.958,NoButton,Move,750,318
141.974,141.974,NoButton,Move,733,303
141.988,141.988,NoButton,Move,694,267
142.003,142.003,NoButton,Move,670,248
142.019,142.019,NoButton,Move,635,216
142.036,142.036,NoButton,Move,598,185
142.052,142.052,NoButton,Move,581,170
142.068,142.068,NoButton,Move,570,160
142.086,142.086,NoButton,Move,562,151
142.102,142.102,NoButton,Move,559,147
142.118,142.118,NoButton,Move,559,146
142.284,142.284,NoButton,Move,559,146
142.291,142.291,NoButton,Move,554,146
142.30100000000002,142.30100000000002,NoButton,Move,546,146
142.318,142.318,NoButton,Move,524,145
142.335,142.335,NoButton,Move,498,145
142.351,142.351,NoButton,Move,442,145
142.37,142.37,NoButton,Move,401,153
142.387,142.387,NoButton,Move,348,165
142.404,142.404,NoButton,Move,326,171
142.422,142.422,NoButton,Move,314,174
142.44,142.44,NoButton,Move,307,176
142.456,142.456,NoButton,Move,305,176
142.625,142.625,Left,Pressed,305,176
142.879,142.879,NoButton,Move,299,176
142.886,142.886,NoButton,Move,294,176
142.894,142.894,NoButton,Move,288,176
142.906,142.906,NoButton,Move,284,176
142.922,142.922,NoButton,Move,273,176
142.935,142.935,NoButton,Move,261,173
142.951,142.951,NoButton,Move,249,167
142.967,142.967,NoButton,Move,219,150
142.983,142.983,NoButton,Move,198,135
143.001,143.001,NoButton,Move,179,123
143.017,143.017,NoButton,Move,163,115
143.034,143.034,NoButton,Move,155,112
143.05,143.05,NoButton,Move,149,111
143.066,143.066,NoButton,Move,146,111
143.083,143.083,NoButton,Move,144,111
143.099,143.099,NoButton,Move,144,111
143.115,143.115,NoButton,Move,144,111
143.16400000000002,143.16400000000002,NoButton,Move,143,111
143.173,143.173,NoButton,Move,143,111
143.181,143.181,NoButton,Move,142,112
143.20000000000002,143.20000000000002,NoButton,Move,139,113
143.216,143.216,NoButton,Move,135,114
143.233,143.233,NoButton,Move,129,115
143.249,143.249,NoButton,Move,128,115
143.266,143.266,NoButton,Move,120,115
143.28300000000002,143.28300000000002,NoButton,Move,116,115
143.3,143.3,NoButton,Move,113,115
143.317,143.317,NoButton,Move,109,114
143.333,143.333,NoButton,Move,107,114
143.35,143.35,NoButton,Move,105,113
143.366,143.366,NoButton,Move,104,113
143.383,143.383,NoButton,Move,103,113
143.4,143.4,NoButton,Move,102,113
143.416,143.416,NoButton,Move,101,113
143.433,143.433,NoButton,Move,100,113
143.449,143.449,NoButton,Move,100,113
143.466,143.466,NoButton,Move,99,112
143.483,143.483,NoButton,Move,99,112
143.5,143.5,NoButton,Move,98,111
143.516,143.516,NoButton,Move,98,111
143.53300000000002,143.53300000000002,NoButton,Move,98,110
143.55,143.55,NoButton,Move,98,110
143.565,143.565,NoButton,Move,98,109
143.583,143.583,NoButton,Move,97,106
143.6,143.6,NoButton,Move,97,103
143.615,143.615,NoButton,Move,97,97
143.632,143.632,NoButton,Move,97,93
143.65,143.65,NoButton,Move,98,90
143.666,143.666,NoButton,Move,98,88
143.683,143.683,NoButton,Move,98,88
143.719,143.719,NoButton,Move,99,88
143.812,143.812,NoButton,Move,99,88
143.818,143.818,NoButton,Move,99,88
143.834,143.834,NoButton,Move,99,88
143.85,143.85,NoButton,Move,99,90
143.866,143.866,NoButton,Move,98,93
143.882,143.882,NoButton,Move,97,96
143.899,143.899,NoButton,Move,95,99
143.916,143.916,NoButton,Move,94,101
143.93200000000002,143.93200000000002,NoButton,Move,94,101
143.949,143.949,NoButton,Move,93,102
143.964,143.964,NoButton,Move,93,102
144.034,144.034,Left,Pressed,93,102
