record timestamp,client timestamp,button,state,x,y
0.009,0.009,NoButton,Drag,704,704
0.144,0.144,NoButton,Drag,704,705
0.148,0.148,NoButton,Drag,704,705
0.158,0.158,NoButton,Drag,704,705
0.175,0.175,NoButton,Drag,705,707
0.192,0.192,NoButton,Drag,706,707
0.667,0.667,NoButton,Drag,706,707
0.67,0.67,NoButton,Drag,707,709
0.677,0.677,NoButton,Drag,707,711
0.691,0.691,NoButton,Drag,706,710
0.693,0.693,Left,Pressed,706,710
0.694,0.694,NoButton,Drag,706,710
0.698,0.698,NoButton,Drag,706,710
0.706,0.706,NoButton,Drag,706,710
0.718,0.718,NoButton,Drag,707,710
0.722,0.722,NoButton,Drag,707,710
0.726,0.726,NoButton,Drag,707,711
0.73,0.73,NoButton,Drag,707,712
0.734,0.734,NoButton,Drag,707,713
0.738,0.738,NoButton,Drag,706,715
0.742,0.742,NoButton,Drag,705,718
0.746,0.746,NoButton,Drag,702,721
0.75,0.75,NoButton,Drag,698,726
0.754,0.754,NoButton,Drag,693,732
0.758,0.758,NoButton,Drag,687,741
0.762,0.762,NoButton,Drag,676,753
0.765,0.765,NoButton,Drag,664,768
0.77,0.77,NoButton,Drag,649,787
0.773,0.773,NoButton,Drag,632,805
0.777,0.777,NoButton,Drag,613,826
0.781,0.781,NoButton,Drag,592,849
0.786,0.786,NoButton,Drag,574,870
0.789,0.789,NoButton,Drag,553,892
0.794,0.794,NoButton,Drag,530,899
0.798,0.798,NoButton,Drag,506,899
0.801,0.801,NoButton,Drag,480,899
0.806,0.806,NoButton,Drag,454,899
0.809,0.809,NoButton,Drag,426,899
0.813,0.813,NoButton,Drag,398,899
0.818,0.818,NoButton,Drag,367,899
0.821,0.821,NoButton,Drag,334,899
0.825,0.825,NoButton,Drag,301,899
0.829,0.829,NoButton,Drag,264,899
0.833,0.833,NoButton,Drag,226,899
0.837,0.837,NoButton,Drag,192,899
0.842,0.842,NoButton,Drag,159,899
0.846,0.846,NoButton,Drag,132,899
0.85,0.85,NoButton,Drag,112,899
0.854,0.854,NoButton,Drag,91,899
0.857,0.857,NoButton,Drag,75,899
0.862,0.862,NoButton,Drag,60,899
0.865,0.865,NoButton,Drag,47,899
0.87,0.87,NoButton,Drag,39,899
0.874,0.874,NoButton,Drag,32,899
0.878,0.878,NoButton,Drag,28,899
0.882,0.882,NoButton,Drag,26,899
0.886,0.886,NoButton,Drag,26,899
0.889,0.889,NoButton,Drag,31,899
0.894,0.894,NoButton,Drag,37,899
0.898,0.898,NoButton,Drag,48,899
0.902,0.902,Left,Released,48,899
0.903,0.903,NoButton,Drag,60,899
0.912,0.912,NoButton,Drag,89,899
0.929,0.929,NoButton,Drag,178,899
0.945,0.945,NoButton,Drag,239,899
0.962,0.962,NoButton,Drag,314,899
0.978,0.978,NoButton,Drag,421,899
0.995,0.995,NoButton,Drag,472,899
2.232,2.232,NoButton,Drag,473,899
2.235,2.235,NoButton,Drag,471,896
2.246,2.246,NoButton,Drag,445,853
2.263,2.263,NoButton,Drag,390,804
2.28,2.28,NoButton,Drag,333,764
2.297,2.297,NoButton,Drag,267,724
2.313,2.313,NoButton,Drag,203,690
2.329,2.329,NoButton,Drag,147,676
2.346,2.346,NoButton,Drag,96,681
2.363,2.363,NoButton,Drag,75,699
2.38,2.38,NoButton,Drag,68,738
2.396,2.396,NoButton,Drag,68,792
2.414,2.414,NoButton,Drag,69,882
2.43,2.43,NoButton,Drag,74,899
2.436,2.436,Left,Pressed,74,899
2.44,2.44,NoButton,Drag,80,899
2.444,2.444,NoButton,Drag,81,899
2.448,2.448,NoButton,Drag,82,899
2.452,2.452,NoButton,Drag,82,899
2.456,2.456,NoButton,Drag,83,899
2.462,2.462,NoButton,Drag,83,899
2.464,2.464,NoButton,Drag,83,899
2.468,2.468,NoButton,Drag,83,899
2.472,2.472,NoButton,Drag,83,899
2.476,2.476,NoButton,Drag,82,899
2.48,2.48,NoButton,Drag,79,899
2.484,2.484,NoButton,Drag,74,899
2.488,2.488,NoButton,Drag,67,899
2.492,2.492,NoButton,Drag,57,899
2.496,2.496,Left,Released,57,899
2.497,2.497,NoButton,Drag,46,899
2.5,2.5,NoButton,Drag,36,899
2.516,2.516,NoButton,Drag,0,899
2.532,2.532,NoButton,Drag,0,899
2.549,2.549,NoButton,Drag,0,899
2.566,2.566,NoButton,Drag,0,899
2.582,2.582,NoButton,Drag,0,899
2.599,2.599,NoButton,Drag,0,899
2.616,2.616,NoButton,Drag,0,877
2.632,2.632,NoButton,Drag,0,821
2.65,2.65,NoButton,Drag,0,763
2.666,2.666,NoButton,Drag,0,694
2.683,2.683,NoButton,Drag,0,632
2.699,2.699,NoButton,Drag,5,588
2.716,2.716,NoButton,Drag,46,548
2.732,2.732,NoButton,Drag,115,510
2.75,2.75,NoButton,Drag,223,467
2.767,2.767,NoButton,Drag,390,410
2.783,2.783,NoButton,Drag,655,338
2.8,2.8,NoButton,Drag,1190,187
2.817,2.817,NoButton,Drag,1439,43
2.833,2.833,NoButton,Drag,1439,0
2.852,2.852,NoButton,Drag,1439,0
2.868,2.868,NoButton,Drag,1439,0
2.885,2.885,NoButton,Drag,1439,0
2.901,2.901,NoButton,Drag,1439,0
2.919,2.919,NoButton,Drag,1439,0
2.935,2.935,NoButton,Drag,1439,0
2.953,2.953,NoButton,Drag,1438,0
2.968,2.968,NoButton,Drag,1435,0
2.985,2.985,NoButton,Drag,1431,3
3.002,3.002,NoButton,Drag,1424,12
3.019,3.019,NoButton,Drag,1415,33
3.035,3.035,NoButton,Drag,1404,72
3.052,3.052,NoButton,Drag,1398,125
3.069,3.069,NoButton,Drag,1397,184
3.086,3.086,NoButton,Drag,1390,263
3.103,3.103,NoButton,Drag,1370,327
3.12,3.12,NoButton,Drag,1339,391
3.137,3.137,NoButton,Drag,1306,441
3.153,3.153,NoButton,Drag,1266,475
3.17,3.17,NoButton,Drag,1197,508
3.187,3.187,NoButton,Drag,1131,523
3.203,3.203,NoButton,Drag,1052,526
3.221,3.221,NoButton,Drag,953,518
3.237,3.237,NoButton,Drag,860,492
3.254,3.254,NoButton,Drag,753,456
3.27,3.27,NoButton,Drag,685,435
3.287,3.287,NoButton,Drag,646,422
3.304,3.304,NoButton,Drag,632,417
3.321,3.321,NoButton,Drag,631,416
3.346,3.346,NoButton,Drag,631,415
3.354,3.354,NoButton,Drag,631,415
3.37,3.37,NoButton,Drag,630,414
3.387,3.387,NoButton,Drag,629,412
3.404,3.404,NoButton,Drag,625,406
3.421,3.421,NoButton,Drag,615,398
3.437,3.437,NoButton,Drag,596,389
3.454,3.454,NoButton,Drag,563,380
3.471,3.471,NoButton,Drag,529,377
3.488,3.488,NoButton,Drag,489,382
3.505,3.505,NoButton,Drag,453,397
3.521,3.521,NoButton,Drag,423,424
3.538,3.538,NoButton,Drag,409,447
3.554,3.554,NoButton,Drag,397,468
3.571,3.571,NoButton,Drag,383,498
3.587,3.587,NoButton,Drag,367,540
3.604,3.604,NoButton,Drag,347,587
3.62,3.62,NoButton,Drag,335,610
3.638,3.638,NoButton,Drag,326,623
3.655,3.655,NoButton,Drag,317,633
3.672,3.672,NoButton,Drag,311,641
3.687,3.687,NoButton,Drag,309,644
3.705,3.705,NoButton,Drag,303,651
3.721,3.721,NoButton,Drag,297,662
3.737,3.737,NoButton,Drag,289,674
3.755,3.755,NoButton,Drag,283,684
3.771,3.771,NoButton,Drag,277,692
3.788,3.788,NoButton,Drag,269,702
3.804,3.804,NoButton,Drag,261,708
3.822,3.822,NoButton,Drag,251,712
3.838,3.838,NoButton,Drag,236,712
3.854,3.854,NoButton,Drag,218,708
3.871,3.871,NoButton,Drag,204,700
3.888,3.888,NoButton,Drag,199,695
3.904,3.904,NoButton,Drag,199,691
3.921,3.921,NoButton,Drag,202,686
3.938,3.938,NoButton,Drag,206,681
3.955,3.955,NoButton,Drag,212,675
3.971,3.971,NoButton,Drag,221,668
3.988,3.988,NoButton,Drag,233,659
4.005,4.005,NoButton,Drag,244,649
4.021,4.021,NoButton,Drag,257,635
4.038,4.038,NoButton,Drag,271,618
4.055,4.055,NoButton,Drag,283,602
4.071,4.071,NoButton,Drag,295,586
4.087,4.087,NoButton,Drag,305,573
4.104,4.104,NoButton,Drag,312,560
4.121,4.121,NoButton,Drag,315,552
4.138,4.138,NoButton,Drag,315,548
4.154,4.154,NoButton,Drag,315,547
4.171,4.171,NoButton,Drag,314,546
4.188,4.188,NoButton,Drag,312,546
4.205,4.205,NoButton,Drag,311,547
4.221,4.221,NoButton,Drag,310,548
4.238,4.238,NoButton,Drag,313,552
4.254,4.254,NoButton,Drag,320,562
4.272,4.272,NoButton,Drag,325,583
4.289,4.289,NoButton,Drag,331,595
4.305,4.305,NoButton,Drag,331,596
4.426,4.426,NoButton,Drag,336,597
4.43,4.43,NoButton,Drag,361,597
4.438,4.438,NoButton,Drag,433,597
4.454,4.454,NoButton,Drag,452,600
4.472,4.472,NoButton,Drag,448,602
4.488,4.488,NoButton,Drag,448,602
4.504,4.504,NoButton,Drag,448,603
4.522,4.522,NoButton,Drag,449,603
4.538,4.538,NoButton,Drag,448,602
4.556,4.556,NoButton,Drag,443,602
4.572,4.572,NoButton,Drag,437,603
4.588,4.588,NoButton,Drag,436,604
4.606,4.606,NoButton,Drag,436,604
4.621,4.621,NoButton,Drag,436,604
4.638,4.638,NoButton,Drag,438,606
4.655,4.655,NoButton,Drag,441,609
4.671,4.671,NoButton,Drag,443,610
4.688,4.688,NoButton,Drag,448,613
4.704,4.704,NoButton,Drag,468,628
4.721,4.721,NoButton,Drag,501,668
4.739,4.739,NoButton,Drag,540,706
4.755,4.755,NoButton,Drag,600,746
4.771,4.771,NoButton,Drag,664,783
4.788,4.788,NoButton,Drag,719,806
4.805,4.805,NoButton,Drag,749,808
4.822,4.822,NoButton,Drag,767,802
4.838,4.838,NoButton,Drag,782,789
4.855,4.855,NoButton,Drag,787,779
4.871,4.871,NoButton,Drag,787,772
4.888,4.888,NoButton,Drag,784,757
4.905,4.905,NoButton,Drag,772,742
4.921,4.921,NoButton,Drag,747,721
4.938,4.938,NoButton,Drag,709,703
4.955,4.955,NoButton,Drag,671,684
4.971,4.971,NoButton,Drag,635,665
4.988,4.988,NoButton,Drag,593,641
5.004,5.004,NoButton,Drag,556,625
5.022,5.022,NoButton,Drag,524,609
5.038,5.038,NoButton,Drag,493,594
5.055,5.055,NoButton,Drag,461,577
5.071,5.071,NoButton,Drag,422,559
5.085,5.085,NoButton,Drag,373,539
5.102,5.102,NoButton,Drag,320,519
5.118,5.118,NoButton,Drag,269,502
5.135,5.135,NoButton,Drag,219,485
5.152,5.152,NoButton,Drag,164,468
5.168,5.168,NoButton,Drag,132,456
5.186,5.186,NoButton,Drag,105,447
5.202,5.202,NoButton,Drag,83,440
5.219,5.219,NoButton,Drag,69,436
5.236,5.236,NoButton,Drag,59,434
5.252,5.252,NoButton,Drag,55,434
5.269,5.269,NoButton,Drag,52,435
5.286,5.286,NoButton,Drag,46,441
5.302,5.302,NoButton,Drag,40,451
5.32,5.32,NoButton,Drag,34,461
5.334,5.334,NoButton,Drag,31,469
5.351,5.351,NoButton,Drag,30,475
5.367,5.367,NoButton,Drag,28,479
5.384,5.384,NoButton,Drag,28,483
5.4,5.4,NoButton,Drag,27,487
5.418,5.418,NoButton,Drag,27,494
5.434,5.434,NoButton,Drag,29,501
5.451,5.451,NoButton,Drag,34,511
5.468,5.468,NoButton,Drag,41,522
5.484,5.484,NoButton,Drag,47,537
5.501,5.501,NoButton,Drag,54,552
5.518,5.518,NoButton,Drag,63,570
5.535,5.535,NoButton,Drag,70,580
5.552,5.552,NoButton,Drag,74,587
5.568,5.568,NoButton,Drag,76,589
5.584,5.584,NoButton,Drag,77,590
5.6,5.6,NoButton,Drag,78,590
5.617,5.617,NoButton,Drag,81,589
5.633,5.633,NoButton,Drag,83,587
5.65,5.65,NoButton,Drag,87,585
5.667,5.667,NoButton,Drag,89,583
5.683,5.683,NoButton,Drag,92,582
5.7,5.7,NoButton,Drag,94,581
5.717,5.717,NoButton,Drag,97,579
5.734,5.734,NoButton,Drag,104,572
5.75,5.75,NoButton,Drag,114,565
5.767,5.767,NoButton,Drag,127,556
5.784,5.784,NoButton,Drag,140,547
5.801,5.801,NoButton,Drag,154,538
5.817,5.817,NoButton,Drag,163,531
5.833,5.833,NoButton,Drag,170,525
5.85,5.85,NoButton,Drag,173,523
5.867,5.867,NoButton,Drag,173,523
5.904,5.904,NoButton,Drag,173,523
5.912,5.912,NoButton,Drag,173,523
5.92,5.92,NoButton,Drag,174,522
5.933,5.933,NoButton,Drag,174,522
5.95,5.95,NoButton,Drag,174,521
5.967,5.967,NoButton,Drag,174,521
5.988,5.988,NoButton,Drag,174,521
5.997,5.997,NoButton,Drag,174,521
6.001,6.001,Right,Pressed,174,521
6.003,6.003,NoButton,Drag,173,521
6.004,6.004,NoButton,Drag,173,521
6.007,6.007,NoButton,Drag,173,521
6.011,6.011,NoButton,Drag,172,521
6.015,6.015,NoButton,Drag,172,521
6.024,6.024,NoButton,Drag,172,521
6.027,6.027,NoButton,Drag,172,521
6.036,6.036,NoButton,Drag,171,521
6.06,6.06,NoButton,Drag,171,521
6.16,6.16,NoButton,Drag,171,521
6.188,6.188,NoButton,Drag,171,522
6.196,6.196,NoButton,Drag,171,522
6.204,6.204,NoButton,Drag,171,522
6.208,6.208,NoButton,Drag,171,522
6.212,6.212,Right,Released,171,522
6.213,6.213,NoButton,Drag,171,523
6.217,6.217,NoButton,Drag,171,523
6.234,6.234,NoButton,Drag,171,524
6.25,6.25,NoButton,Drag,169,525
6.266,6.266,NoButton,Drag,167,525
6.284,6.284,NoButton,Drag,165,525
6.301,6.301,NoButton,Drag,163,525
6.317,6.317,NoButton,Drag,159,524
6.333,6.333,NoButton,Drag,155,523
6.35,6.35,NoButton,Drag,151,522
6.367,6.367,NoButton,Drag,144,520
6.383,6.383,NoButton,Drag,140,519
6.4,6.4,NoButton,Drag,134,516
6.416,6.416,NoButton,Drag,131,516
6.434,6.434,NoButton,Drag,131,515
6.45,6.45,NoButton,Drag,130,515
6.462,6.462,NoButton,Drag,130,515
6.466,6.466,Right,Pressed,130,515
6.466,6.466,NoButton,Drag,130,515
6.478,6.478,NoButton,Drag,130,515
6.494,6.494,NoButton,Drag,129,515
6.498,6.498,NoButton,Drag,129,515
6.506,6.506,NoButton,Drag,129,515
6.518,6.518,NoButton,Drag,129,515
6.522,6.522,NoButton,Drag,129,515
6.526,6.526,NoButton,Drag,128,515
6.538,6.538,NoButton,Drag,128,515
6.542,6.542,NoButton,Drag,128,515
6.546,6.546,NoButton,Drag,128,515
6.554,6.554,NoButton,Drag,128,514
6.57,6.57,NoButton,Drag,128,514
6.622,6.622,NoButton,Drag,128,514
6.642,6.642,NoButton,Drag,128,514
6.646,6.646,Right,Released,128,514
6.658,6.658,NoButton,Drag,128,514
6.662,6.662,NoButton,Drag,128,514
6.666,6.666,NoButton,Drag,128,514
6.681,6.681,NoButton,Drag,129,514
6.697,6.697,NoButton,Drag,131,514
6.713,6.713,NoButton,Drag,135,516
6.73,6.73,NoButton,Drag,144,523
6.748,6.748,NoButton,Drag,158,537
6.764,6.764,NoButton,Drag,180,557
6.78,6.78,NoButton,Drag,208,584
6.797,6.797,NoButton,Drag,241,611
6.814,6.814,NoButton,Drag,279,638
6.83,6.83,NoButton,Drag,296,649
6.848,6.848,NoButton,Drag,300,653
6.878,6.878,NoButton,Drag,301,653
6.89,6.89,NoButton,Drag,301,653
6.899,6.899,NoButton,Drag,301,653
6.915,6.915,NoButton,Drag,302,651
6.932,6.932,NoButton,Drag,302,648
6.949,6.949,NoButton,Drag,302,644
6.965,6.965,NoButton,Drag,302,638
6.982,6.982,NoButton,Drag,302,629
6.998,6.998,NoButton,Drag,301,622
7.014,7.014,NoButton,Drag,299,613
7.031,7.031,NoButton,Drag,295,605
7.049,7.049,NoButton,Drag,287,595
7.065,7.065,NoButton,Drag,278,585
7.081,7.081,NoButton,Drag,269,574
7.099,7.099,NoButton,Drag,259,564
7.116,7.116,NoButton,Drag,243,548
7.133,7.133,NoButton,Drag,228,535
7.149,7.149,NoButton,Drag,213,523
7.165,7.165,NoButton,Drag,200,513
7.183,7.183,NoButton,Drag,190,505
7.199,7.199,NoButton,Drag,182,498
7.215,7.215,NoButton,Drag,176,490
7.232,7.232,NoButton,Drag,171,482
7.249,7.249,NoButton,Drag,169,477
7.266,7.266,NoButton,Drag,169,476
7.283,7.283,NoButton,Drag,168,474
7.299,7.299,NoButton,Drag,167,473
7.316,7.316,NoButton,Drag,167,472
7.332,7.332,NoButton,Drag,166,472
7.35,7.35,NoButton,Drag,166,472
7.367,7.367,NoButton,Drag,166,472
7.383,7.383,NoButton,Drag,165,473
7.4,7.4,NoButton,Drag,163,474
7.416,7.416,NoButton,Drag,160,477
7.433,7.433,NoButton,Drag,157,480
7.449,7.449,NoButton,Drag,154,483
7.467,7.467,NoButton,Drag,152,485
7.483,7.483,NoButton,Drag,151,486
7.5,7.5,NoButton,Drag,149,487
7.516,7.516,NoButton,Drag,147,490
7.533,7.533,NoButton,Drag,145,491
7.549,7.549,NoButton,Drag,142,494
7.559,7.559,NoButton,Drag,141,495
7.567,7.567,Right,Pressed,141,495
7.567,7.567,NoButton,Drag,138,497
7.569,7.569,NoButton,Drag,138,498
7.574,7.574,NoButton,Drag,137,498
7.577,7.577,NoButton,Drag,137,499
7.581,7.581,NoButton,Drag,136,499
7.586,7.586,NoButton,Drag,136,500
7.589,7.589,NoButton,Drag,135,500
7.594,7.594,NoButton,Drag,135,500
7.597,7.597,NoButton,Drag,134,500
7.601,7.601,NoButton,Drag,134,501
7.605,7.605,NoButton,Drag,134,501
7.613,7.613,NoButton,Drag,134,501
7.626,7.626,NoButton,Drag,134,501
7.638,7.638,NoButton,Drag,133,501
7.658,7.658,NoButton,Drag,133,501
7.75,7.75,Right,Released,133,501
7.814,7.814,NoButton,Drag,133,501
7.818,7.818,NoButton,Drag,134,501
7.833,7.833,NoButton,Drag,134,501
7.85,7.85,NoButton,Drag,134,501
7.898,7.898,NoButton,Drag,134,501
7.91,7.91,NoButton,Drag,134,501
7.917,7.917,NoButton,Drag,135,501
7.933,7.933,NoButton,Drag,136,501
7.95,7.95,NoButton,Drag,138,501
7.966,7.966,NoButton,Drag,141,502
7.983,7.983,NoButton,Drag,144,504
7.991,7.991,NoButton,Drag,145,504
8,8,Left,Pressed,145,504
8,8,NoButton,Drag,146,505
8.002,8.002,NoButton,Drag,146,506
8.006,8.006,NoButton,Drag,147,506
8.013,8.013,NoButton,Drag,147,506
8.14,8.14,NoButton,Drag,147,506
8.151,8.151,NoButton,Drag,147,506
8.16,8.16,NoButton,Drag,148,506
8.163,8.163,NoButton,Drag,148,506
8.167,8.167,NoButton,Drag,148,506
8.171,8.171,NoButton,Drag,149,506
8.175,8.175,NoButton,Drag,149,506
8.179,8.179,NoButton,Drag,150,506
8.183,8.183,NoButton,Drag,151,506
8.187,8.187,NoButton,Drag,151,506
8.191,8.191,NoButton,Drag,152,506
8.195,8.195,NoButton,Drag,153,506
8.199,8.199,NoButton,Drag,154,506
8.203,8.203,NoButton,Drag,155,506
8.207,8.207,NoButton,Drag,155,506
8.211,8.211,NoButton,Drag,156,506
8.216,8.216,NoButton,Drag,157,506
8.22,8.22,Left,Released,157,506
8.221,8.221,NoButton,Drag,158,506
8.233,8.233,NoButton,Drag,161,506
8.25,8.25,NoButton,Drag,166,505
8.267,8.267,NoButton,Drag,171,505
8.283,8.283,NoButton,Drag,176,505
8.3,8.3,NoButton,Drag,182,505
8.318,8.318,NoButton,Drag,185,505
8.334,8.334,NoButton,Drag,187,505
8.351,8.351,NoButton,Drag,189,506
8.368,8.368,NoButton,Drag,190,506
8.384,8.384,NoButton,Drag,190,506
8.401,8.401,NoButton,Drag,191,506
8.418,8.418,NoButton,Drag,191,507
8.435,8.435,NoButton,Drag,192,508
8.452,8.452,NoButton,Drag,193,510
8.46,8.46,NoButton,Drag,193,510
8.469,8.469,Left,Pressed,193,510
8.469,8.469,NoButton,Drag,194,513
8.471,8.471,NoButton,Drag,194,514
8.475,8.475,NoButton,Drag,194,514
8.479,8.479,NoButton,Drag,195,515
8.484,8.484,NoButton,Drag,195,515
8.487,8.487,NoButton,Drag,195,516
8.491,8.491,NoButton,Drag,195,516
8.495,8.495,NoButton,Drag,196,517
8.499,8.499,NoButton,Drag,196,517
8.503,8.503,NoButton,Drag,196,517
8.507,8.507,NoButton,Drag,196,518
8.511,8.511,NoButton,Drag,197,518
8.515,8.515,NoButton,Drag,197,518
8.519,8.519,NoButton,Drag,197,518
8.523,8.523,NoButton,Drag,197,519
8.527,8.527,NoButton,Drag,197,519
8.588,8.588,NoButton,Drag,197,519
8.616,8.616,NoButton,Drag,197,519
8.624,8.624,NoButton,Drag,197,519
8.632,8.632,Left,Released,197,519
8.633,8.633,NoButton,Drag,197,520
8.637,8.637,NoButton,Drag,197,520
8.654,8.654,NoButton,Drag,197,521
8.671,8.671,NoButton,Drag,196,523
8.687,8.687,NoButton,Drag,193,525
8.704,8.704,NoButton,Drag,188,529
8.721,8.721,NoButton,Drag,184,531
8.737,8.737,NoButton,Drag,181,532
8.755,8.755,NoButton,Drag,179,532
8.771,8.771,NoButton,Drag,179,532
8.854,8.854,NoButton,Drag,179,532
8.862,8.862,NoButton,Drag,179,533
8.874,8.874,NoButton,Drag,177,534
8.892,8.892,NoButton,Drag,175,535
8.908,8.908,NoButton,Drag,172,537
8.925,8.925,NoButton,Drag,167,541
8.941,8.941,NoButton,Drag,162,545
8.958,8.958,NoButton,Drag,157,548
8.975,8.975,NoButton,Drag,153,550
8.992,8.992,NoButton,Drag,151,551
9.008,9.008,NoButton,Drag,149,552
9.025,9.025,NoButton,Drag,147,552
9.041,9.041,NoButton,Drag,144,553
9.058,9.058,NoButton,Drag,141,553
9.075,9.075,NoButton,Drag,139,553
9.093,9.093,NoButton,Drag,138,553
9.11,9.11,NoButton,Drag,136,553
9.126,9.126,NoButton,Drag,134,552
9.143,9.143,NoButton,Drag,134,551
9.16,9.16,NoButton,Drag,133,550
9.177,9.177,NoButton,Drag,132,548
9.193,9.193,NoButton,Drag,131,546
9.21,9.21,NoButton,Drag,129,544
9.228,9.228,NoButton,Drag,128,541
9.243,9.243,NoButton,Drag,127,540
9.26,9.26,NoButton,Drag,127,539
9.277,9.277,NoButton,Drag,127,536
9.293,9.293,NoButton,Drag,128,532
9.311,9.311,NoButton,Drag,129,527
9.327,9.327,NoButton,Drag,131,521
9.344,9.344,NoButton,Drag,133,514
9.363,9.363,NoButton,Drag,136,508
9.379,9.379,NoButton,Drag,138,503
9.396,9.396,NoButton,Drag,140,498
9.412,9.412,NoButton,Drag,140,496
9.43,9.43,NoButton,Drag,140,496
9.445,9.445,Right,Pressed,140,496
9.452,9.452,NoButton,Drag,140,496
9.476,9.476,NoButton,Drag,140,496
9.488,9.488,NoButton,Drag,140,495
9.492,9.492,NoButton,Drag,140,495
9.52,9.52,NoButton,Drag,140,495
9.54,9.54,NoButton,Drag,140,495
9.624,9.624,Right,Released,140,495
9.76,9.76,NoButton,Drag,140,495
9.768,9.768,NoButton,Drag,140,495
9.788,9.788,NoButton,Drag,140,495
9.8,9.8,NoButton,Drag,140,496
9.815,9.815,NoButton,Drag,140,496
9.833,9.833,NoButton,Drag,140,498
9.849,9.849,NoButton,Drag,140,500
9.866,9.866,NoButton,Drag,140,505
9.882,9.882,NoButton,Drag,140,508
9.899,9.899,NoButton,Drag,140,511
9.917,9.917,NoButton,Drag,140,514
9.933,9.933,NoButton,Drag,141,515
9.95,9.95,NoButton,Drag,141,515
9.966,9.966,NoButton,Drag,141,516
10.047,10.047,Left,Pressed,141,516
10.102,10.102,NoButton,Drag,141,515
10.106,10.106,Right,Pressed,141,515
10.114,10.114,NoButton,Drag,141,515
10.13,10.13,NoButton,Drag,142,515
10.182,10.182,Right,Released,142,515
10.19,10.19,NoButton,Drag,142,515
10.244,10.244,NoButton,Drag,142,515
10.254,10.254,NoButton,Drag,142,515
10.266,10.266,NoButton,Drag,143,515
10.27,10.27,NoButton,Drag,143,515
10.274,10.274,NoButton,Drag,143,515
10.278,10.278,NoButton,Drag,144,515
10.282,10.282,NoButton,Drag,144,515
10.286,10.286,NoButton,Drag,145,515
10.29,10.29,NoButton,Drag,145,515
10.294,10.294,NoButton,Drag,146,515
10.297,10.297,NoButton,Drag,147,515
10.302,10.302,NoButton,Drag,148,515
10.305,10.305,NoButton,Drag,150,515
10.31,10.31,NoButton,Drag,151,515
10.314,10.314,NoButton,Drag,153,515
10.318,10.318,NoButton,Drag,155,515
10.322,10.322,NoButton,Drag,158,515
10.325,10.325,NoButton,Drag,161,514
10.329,10.329,NoButton,Drag,163,514
10.333,10.333,NoButton,Drag,166,514
10.337,10.337,NoButton,Drag,169,514
10.342,10.342,NoButton,Drag,172,514
10.346,10.346,NoButton,Drag,175,514
10.35,10.35,NoButton,Drag,177,514
10.354,10.354,NoButton,Drag,180,514
10.358,10.358,NoButton,Drag,182,514
10.362,10.362,NoButton,Drag,185,514
10.366,10.366,NoButton,Drag,187,514
10.369,10.369,NoButton,Drag,189,514
10.373,10.373,NoButton,Drag,191,514
10.378,10.378,NoButton,Drag,193,514
10.382,10.382,NoButton,Drag,195,515
10.386,10.386,NoButton,Drag,197,515
10.389,10.389,NoButton,Drag,198,515
10.393,10.393,NoButton,Drag,200,516
10.398,10.398,NoButton,Drag,201,516
10.401,10.401,NoButton,Drag,202,516
10.406,10.406,NoButton,Drag,203,516
10.41,10.41,NoButton,Drag,204,516
10.414,10.414,NoButton,Drag,205,516
10.418,10.418,NoButton,Drag,206,516
10.422,10.422,NoButton,Drag,207,516
10.426,10.426,NoButton,Drag,207,516
10.43,10.43,NoButton,Drag,207,516
10.432,10.432,NoButton,Drag,208,516
10.436,10.436,NoButton,Drag,208,516
10.46,10.46,NoButton,Drag,208,516
10.476,10.476,NoButton,Drag,208,516
10.484,10.484,NoButton,Drag,209,516
10.496,10.496,NoButton,Drag,209,516
10.5,10.5,NoButton,Drag,209,517
10.504,10.504,NoButton,Drag,209,517
10.656,10.656,NoButton,Drag,209,517
10.692,10.692,NoButton,Drag,209,517
10.696,10.696,NoButton,Drag,209,517
10.7,10.7,NoButton,Drag,209,518
10.704,10.704,NoButton,Drag,209,518
10.708,10.708,Left,Released,209,518
10.709,10.709,NoButton,Drag,209,518
10.718,10.718,NoButton,Drag,209,519
10.735,10.735,NoButton,Drag,208,520
10.751,10.751,NoButton,Drag,204,522
10.768,10.768,NoButton,Drag,204,523
10.785,10.785,NoButton,Drag,204,523
11.328,11.328,NoButton,Drag,205,522
11.33,11.33,NoButton,Drag,206,519
11.334,11.334,NoButton,Drag,207,518
11.352,11.352,NoButton,Drag,214,509
11.369,11.369,NoButton,Drag,230,499
11.386,11.386,NoButton,Drag,260,494
11.402,11.402,NoButton,Drag,295,494
11.42,11.42,NoButton,Drag,340,504
11.436,11.436,NoButton,Drag,392,518
11.453,11.453,NoButton,Drag,452,539
11.469,11.469,NoButton,Drag,514,567
11.486,11.486,NoButton,Drag,588,603
11.502,11.502,NoButton,Drag,638,626
11.519,11.519,NoButton,Drag,675,638
11.536,11.536,NoButton,Drag,700,642
11.552,11.552,NoButton,Drag,705,642
11.57,11.57,NoButton,Drag,705,642
11.587,11.587,NoButton,Drag,704,641
11.603,11.603,NoButton,Drag,697,633
11.621,11.621,NoButton,Drag,655,605
11.638,11.638,NoButton,Drag,593,574
11.654,11.654,NoButton,Drag,537,549
11.671,11.671,NoButton,Drag,494,536
11.688,11.688,NoButton,Drag,465,531
11.704,11.704,NoButton,Drag,447,531
11.722,11.722,NoButton,Drag,430,531
11.738,11.738,NoButton,Drag,415,532
11.755,11.755,NoButton,Drag,405,533
11.771,11.771,NoButton,Drag,401,534
11.796,11.796,NoButton,Drag,401,534
11.805,11.805,NoButton,Drag,401,534
11.822,11.822,NoButton,Drag,400,533
11.839,11.839,NoButton,Drag,400,529
11.855,11.855,NoButton,Drag,400,522
11.874,11.874,NoButton,Drag,401,512
11.891,11.891,NoButton,Drag,401,504
11.907,11.907,NoButton,Drag,399,499
11.924,11.924,NoButton,Drag,394,495
11.941,11.941,NoButton,Drag,388,492
11.958,11.958,NoButton,Drag,379,490
11.974,11.974,NoButton,Drag,368,488
11.991,11.991,NoButton,Drag,359,487
12.008,12.008,NoButton,Drag,352,488
12.024,12.024,NoButton,Drag,350,489
12.041,12.041,NoButton,Drag,348,491
12.058,12.058,NoButton,Drag,346,494
12.074,12.074,NoButton,Drag,345,495
12.091,12.091,NoButton,Drag,345,496
12.108,12.108,NoButton,Drag,348,498
12.125,12.125,NoButton,Drag,350,500
12.142,12.142,NoButton,Drag,357,503
12.158,12.158,NoButton,Drag,365,506
12.175,12.175,NoButton,Drag,379,511
12.192,12.192,NoButton,Drag,394,516
12.208,12.208,NoButton,Drag,414,522
12.226,12.226,NoButton,Drag,443,530
12.242,12.242,NoButton,Drag,468,537
12.258,12.258,NoButton,Drag,493,542
12.275,12.275,NoButton,Drag,524,546
12.292,12.292,NoButton,Drag,558,546
12.308,12.308,NoButton,Drag,600,543
12.325,12.325,NoButton,Drag,642,534
12.342,12.342,NoButton,Drag,674,523
12.36,12.36,NoButton,Drag,685,516
12.376,12.376,NoButton,Drag,689,512
12.393,12.393,NoButton,Drag,689,509
12.409,12.409,NoButton,Drag,687,504
12.426,12.426,NoButton,Drag,673,491
12.443,12.443,NoButton,Drag,651,476
12.46,12.46,NoButton,Drag,617,461
12.477,12.477,NoButton,Drag,580,449
12.493,12.493,NoButton,Drag,544,444
12.509,12.509,NoButton,Drag,513,444
12.526,12.526,NoButton,Drag,484,448
12.543,12.543,NoButton,Drag,466,453
12.56,12.56,NoButton,Drag,454,459
12.576,12.576,NoButton,Drag,442,464
12.593,12.593,NoButton,Drag,430,469
12.61,12.61,NoButton,Drag,416,475
12.626,12.626,NoButton,Drag,406,478
12.644,12.644,NoButton,Drag,395,481
12.66,12.66,NoButton,Drag,381,485
12.676,12.676,NoButton,Drag,368,488
12.693,12.693,NoButton,Drag,357,490
12.711,12.711,NoButton,Drag,351,490
12.727,12.727,NoButton,Drag,349,490
12.743,12.743,NoButton,Drag,343,489
12.76,12.76,NoButton,Drag,327,486
12.777,12.777,NoButton,Drag,312,483
12.793,12.793,NoButton,Drag,296,481
12.811,12.811,NoButton,Drag,283,478
12.827,12.827,NoButton,Drag,272,477
12.843,12.843,NoButton,Drag,264,477
12.86,12.86,NoButton,Drag,250,478
12.876,12.876,NoButton,Drag,236,481
12.894,12.894,NoButton,Drag,225,484
12.91,12.91,NoButton,Drag,219,486
12.927,12.927,NoButton,Drag,216,487
12.943,12.943,NoButton,Drag,215,488
12.96,12.96,NoButton,Drag,214,489
12.977,12.977,NoButton,Drag,212,491
12.994,12.994,NoButton,Drag,210,493
13.011,13.011,NoButton,Drag,209,494
13.028,13.028,NoButton,Drag,209,495
13.044,13.044,NoButton,Drag,208,495
13.06,13.06,NoButton,Drag,207,497
13.078,13.078,NoButton,Drag,203,500
13.094,13.094,NoButton,Drag,196,505
13.11,13.11,NoButton,Drag,189,510
13.127,13.127,NoButton,Drag,180,514
13.144,13.144,NoButton,Drag,163,520
13.16,13.16,NoButton,Drag,148,524
13.177,13.177,NoButton,Drag,134,528
13.194,13.194,NoButton,Drag,126,530
13.211,13.211,NoButton,Drag,124,530
13.236,13.236,NoButton,Drag,124,530
13.248,13.248,NoButton,Drag,124,530
13.26,13.26,NoButton,Drag,124,529
13.277,13.277,NoButton,Drag,125,527
13.294,13.294,NoButton,Drag,127,525
13.311,13.311,NoButton,Drag,128,523
13.327,13.327,NoButton,Drag,128,522
13.344,13.344,NoButton,Drag,129,521
13.361,13.361,NoButton,Drag,130,520
13.377,13.377,NoButton,Drag,132,519
13.394,13.394,NoButton,Drag,134,518
13.41,13.41,NoButton,Drag,134,517
13.427,13.427,NoButton,Drag,135,517
13.444,13.444,NoButton,Drag,136,516
13.46,13.46,NoButton,Drag,136,516
13.478,13.478,NoButton,Drag,136,516
13.482,13.482,Left,Pressed,136,516
13.534,13.534,NoButton,Drag,137,516
13.562,13.562,Left,Released,137,516
13.578,13.578,NoButton,Drag,137,516
13.594,13.594,NoButton,Drag,137,519
13.61,13.61,NoButton,Drag,139,525
13.628,13.628,NoButton,Drag,141,533
13.643,13.643,NoButton,Drag,146,547
13.66,13.66,NoButton,Drag,155,569
13.677,13.677,NoButton,Drag,165,600
13.694,13.694,NoButton,Drag,185,661
13.71,13.71,NoButton,Drag,207,736
13.728,13.728,NoButton,Drag,238,824
13.744,13.744,NoButton,Drag,282,899
13.76,13.76,NoButton,Drag,334,899
13.777,13.777,NoButton,Drag,399,899
13.794,13.794,NoButton,Drag,511,899
13.81,13.81,NoButton,Drag,628,899
13.827,13.827,NoButton,Drag,763,899
13.842,13.842,NoButton,Drag,912,899
13.858,13.858,NoButton,Drag,1085,899
13.874,13.874,NoButton,Drag,1300,899
13.891,13.891,NoButton,Drag,1439,899
13.908,13.908,NoButton,Drag,1439,899
13.925,13.925,NoButton,Drag,1439,899
13.941,13.941,NoButton,Drag,1439,899
13.957,13.957,NoButton,Drag,1439,899
13.974,13.974,NoButton,Drag,1439,899
13.989,13.989,NoButton,Drag,1439,899
14.006,14.006,NoButton,Drag,1439,899
14.022,14.022,NoButton,Drag,1439,899
14.039,14.039,NoButton,Drag,1439,899
14.056,14.056,NoButton,Drag,1439,899
14.072,14.072,NoButton,Drag,1439,899
14.089,14.089,NoButton,Drag,1439,899
14.105,14.105,NoButton,Drag,1439,899
14.132,14.132,NoButton,Drag,1397,895
14.139,14.139,NoButton,Drag,1387,896
14.156,14.156,NoButton,Drag,1311,899
14.172,14.172,NoButton,Drag,1250,899
14.189,14.189,NoButton,Drag,1215,899
14.206,14.206,NoButton,Drag,1202,899
14.222,14.222,NoButton,Drag,1203,899
14.239,14.239,NoButton,Drag,1226,899
14.256,14.256,NoButton,Drag,1280,899
14.273,14.273,NoButton,Drag,1334,899
14.29,14.29,NoButton,Drag,1396,899
14.306,14.306,NoButton,Drag,1411,899
14.504,14.504,NoButton,Drag,1439,898
14.507,14.507,NoButton,Drag,1439,898
14.522,14.522,NoButton,Drag,1439,887
14.539,14.539,NoButton,Drag,1439,855
14.555,14.555,NoButton,Drag,1439,822
14.572,14.572,NoButton,Drag,1439,799
14.589,14.589,NoButton,Drag,1439,788
14.606,14.606,NoButton,Drag,1439,783
14.623,14.623,NoButton,Drag,1439,782
14.639,14.639,NoButton,Drag,1439,782
14.671,14.671,NoButton,Drag,1439,782
14.674,14.674,NoButton,Drag,1439,782
14.689,14.689,NoButton,Drag,1439,781
14.706,14.706,NoButton,Drag,1439,780
14.722,14.722,NoButton,Drag,1439,778
14.739,14.739,NoButton,Drag,1439,778
14.755,14.755,NoButton,Drag,1439,779
14.773,14.773,NoButton,Drag,1439,778
14.789,14.789,NoButton,Drag,1439,772
14.806,14.806,NoButton,Drag,1439,763
14.822,14.822,NoButton,Drag,1439,746
14.839,14.839,NoButton,Drag,1439,721
14.856,14.856,NoButton,Drag,1439,693
14.873,14.873,NoButton,Drag,1439,666
14.889,14.889,NoButton,Drag,1439,641
14.906,14.906,NoButton,Drag,1439,616
14.923,14.923,NoButton,Drag,1439,599
14.939,14.939,NoButton,Drag,1439,586
14.956,14.956,NoButton,Drag,1439,576
14.973,14.973,NoButton,Drag,1439,569
14.99,14.99,NoButton,Drag,1439,559
15.006,15.006,NoButton,Drag,1439,552
15.023,15.023,NoButton,Drag,1439,542
15.04,15.04,NoButton,Drag,1439,526
15.056,15.056,NoButton,Drag,1439,508
15.074,15.074,NoButton,Drag,1439,481
15.09,15.09,NoButton,Drag,1439,451
15.107,15.107,NoButton,Drag,1439,415
15.123,15.123,NoButton,Drag,1439,368
15.14,15.14,NoButton,Drag,1439,308
15.157,15.157,NoButton,Drag,1439,255
15.173,15.173,NoButton,Drag,1439,200
15.19,15.19,NoButton,Drag,1437,142
15.206,15.206,NoButton,Drag,1420,76
15.224,15.224,NoButton,Drag,1379,0
15.24,15.24,NoButton,Drag,1338,0
15.257,15.257,NoButton,Drag,1294,0
15.274,15.274,NoButton,Drag,1249,0
15.291,15.291,NoButton,Drag,1198,0
15.307,15.307,NoButton,Drag,1137,0
15.324,15.324,NoButton,Drag,1055,0
15.34,15.34,NoButton,Drag,994,0
15.357,15.357,NoButton,Drag,928,0
15.374,15.374,NoButton,Drag,832,0
15.39,15.39,NoButton,Drag,725,0
15.407,15.407,NoButton,Drag,585,0
15.424,15.424,NoButton,Drag,384,0
15.44,15.44,NoButton,Drag,224,0
15.457,15.457,NoButton,Drag,82,0
15.474,15.474,NoButton,Drag,0,6
15.49,15.49,NoButton,Drag,0,36
15.507,15.507,NoButton,Drag,0,76
15.524,15.524,NoButton,Drag,0,136
15.54,15.54,NoButton,Drag,0,184
15.557,15.557,NoButton,Drag,0,227
15.574,15.574,NoButton,Drag,0,258
15.59,15.59,NoButton,Drag,1,286
15.607,15.607,NoButton,Drag,5,301
15.624,15.624,NoButton,Drag,11,309
15.64,15.64,NoButton,Drag,17,312
15.658,15.658,NoButton,Drag,25,310
15.674,15.674,NoButton,Drag,31,305
15.69,15.69,NoButton,Drag,36,298
15.707,15.707,NoButton,Drag,42,286
15.724,15.724,NoButton,Drag,47,270
15.74,15.74,NoButton,Drag,49,250
15.757,15.757,NoButton,Drag,49,231
15.774,15.774,NoButton,Drag,46,202
15.791,15.791,NoButton,Drag,39,172
15.807,15.807,NoButton,Drag,30,135
15.824,15.824,NoButton,Drag,21,98
15.841,15.841,NoButton,Drag,16,62
15.857,15.857,NoButton,Drag,15,29
15.874,15.874,NoButton,Drag,19,0
15.89,15.89,NoButton,Drag,26,0
15.907,15.907,NoButton,Drag,33,0
15.924,15.924,NoButton,Drag,37,0
15.941,15.941,NoButton,Drag,37,0
15.957,15.957,NoButton,Drag,38,0
15.974,15.974,NoButton,Drag,46,9
15.99,15.99,NoButton,Drag,71,32
16.007,16.007,NoButton,Drag,129,70
16.024,16.024,NoButton,Drag,214,120
16.041,16.041,NoButton,Drag,309,175
16.057,16.057,NoButton,Drag,394,222
16.074,16.074,NoButton,Drag,488,273
16.091,16.091,NoButton,Drag,529,305
16.107,16.107,NoButton,Drag,552,329
16.124,16.124,NoButton,Drag,562,347
16.14,16.14,NoButton,Drag,564,361
16.157,16.157,NoButton,Drag,557,377
16.174,16.174,NoButton,Drag,549,387
16.19,16.19,NoButton,Drag,539,396
16.208,16.208,NoButton,Drag,530,403
16.224,16.224,NoButton,Drag,526,406
16.241,16.241,NoButton,Drag,525,407
16.272,16.272,NoButton,Drag,525,407
16.288,16.288,NoButton,Drag,525,407
16.328,16.328,NoButton,Drag,525,407
16.332,16.332,NoButton,Drag,526,407
16.341,16.341,NoButton,Drag,528,408
16.357,16.357,NoButton,Drag,540,411
16.374,16.374,NoButton,Drag,560,416
16.39,16.39,NoButton,Drag,579,422
16.407,16.407,NoButton,Drag,596,426
16.424,16.424,NoButton,Drag,611,430
16.44,16.44,NoButton,Drag,618,432
16.457,16.457,NoButton,Drag,620,432
16.474,16.474,NoButton,Drag,620,433
16.492,16.492,NoButton,Drag,620,433
16.508,16.508,NoButton,Drag,620,433
16.524,16.524,NoButton,Drag,618,435
16.541,16.541,NoButton,Drag,617,435
16.557,16.557,NoButton,Drag,617,437
16.575,16.575,NoButton,Drag,615,439
16.591,16.591,NoButton,Drag,613,442
16.607,16.607,NoButton,Drag,611,444
16.624,16.624,NoButton,Drag,607,447
16.64,16.64,NoButton,Drag,604,449
16.657,16.657,NoButton,Drag,602,450
16.674,16.674,NoButton,Drag,601,451
16.691,16.691,NoButton,Drag,600,454
16.707,16.707,NoButton,Drag,601,456
16.724,16.724,NoButton,Drag,603,458
16.74,16.74,NoButton,Drag,605,459
16.757,16.757,NoButton,Drag,606,459
16.814,16.814,NoButton,Drag,606,459
16.818,16.818,NoButton,Drag,606,459
16.825,16.825,NoButton,Drag,606,459
16.841,16.841,NoButton,Drag,607,459
16.858,16.858,NoButton,Drag,608,459
16.874,16.874,NoButton,Drag,609,460
17.083,17.083,NoButton,Drag,609,459
17.094,17.094,NoButton,Drag,608,459
17.109,17.109,NoButton,Drag,608,459
17.125,17.125,NoButton,Drag,608,458
17.142,17.142,NoButton,Drag,608,458
17.159,17.159,NoButton,Drag,608,458
17.194,17.194,NoButton,Drag,608,458
17.198,17.198,NoButton,Drag,609,458
17.209,17.209,NoButton,Drag,610,459
17.225,17.225,NoButton,Drag,615,464
17.239,17.239,NoButton,Drag,621,470
17.242,17.242,Left,Pressed,621,470
17.242,17.242,NoButton,Drag,624,474
17.246,17.246,NoButton,Drag,626,475
17.25,17.25,NoButton,Drag,626,476
17.253,17.253,NoButton,Drag,627,477
17.258,17.258,NoButton,Drag,628,478
17.262,17.262,NoButton,Drag,628,478
17.266,17.266,NoButton,Drag,628,478
17.314,17.314,NoButton,Drag,628,478
17.404,17.404,NoButton,Drag,628,478
17.408,17.408,Left,Released,628,478
17.409,17.409,NoButton,Drag,629,478
17.412,17.412,NoButton,Drag,629,477
17.423,17.423,NoButton,Drag,629,476
17.439,17.439,NoButton,Drag,630,475
17.456,17.456,NoButton,Drag,630,473
17.472,17.472,NoButton,Drag,631,472
17.49,17.49,NoButton,Drag,630,472
17.507,17.507,NoButton,Drag,630,472
17.528,17.528,NoButton,Drag,630,472
17.54,17.54,NoButton,Drag,630,471
17.6,17.6,NoButton,Drag,630,471
17.636,17.636,NoButton,Drag,630,471
17.644,17.644,NoButton,Drag,629,471
17.664,17.664,NoButton,Drag,629,470
17.692,17.692,NoButton,Drag,629,470
17.7,17.7,NoButton,Drag,629,470
17.712,17.712,NoButton,Drag,628,470
17.736,17.736,NoButton,Drag,628,470
17.744,17.744,NoButton,Drag,628,469
17.797,17.797,Left,Pressed,628,469
17.902,17.902,Left,Released,628,469
17.934,17.934,NoButton,Drag,628,469
17.942,17.942,NoButton,Drag,628,469
17.95,17.95,NoButton,Drag,628,469
17.957,17.957,NoButton,Drag,628,468
17.974,17.974,NoButton,Drag,628,468
17.99,17.99,NoButton,Drag,628,467
18.03,18.03,NoButton,Drag,628,467
18.078,18.078,NoButton,Drag,627,467
18.09,18.09,NoButton,Drag,627,467
18.094,18.094,NoButton,Drag,627,467
18.11,18.11,NoButton,Drag,626,467
18.126,18.126,NoButton,Drag,626,467
18.144,18.144,NoButton,Drag,626,466
18.16,18.16,NoButton,Drag,626,464
18.176,18.176,NoButton,Drag,629,459
18.193,18.193,NoButton,Drag,634,453
18.21,18.21,NoButton,Drag,641,441
18.226,18.226,NoButton,Drag,647,431
18.244,18.244,NoButton,Drag,654,421
18.26,18.26,NoButton,Drag,662,409
18.276,18.276,NoButton,Drag,670,398
18.293,18.293,NoButton,Drag,676,387
18.31,18.31,NoButton,Drag,683,374
18.327,18.327,NoButton,Drag,686,366
18.344,18.344,NoButton,Drag,688,360
18.363,18.363,NoButton,Drag,690,354
18.379,18.379,NoButton,Drag,690,351
18.396,18.396,NoButton,Drag,690,348
18.413,18.413,NoButton,Drag,690,346
18.43,18.43,NoButton,Drag,690,343
18.446,18.446,NoButton,Drag,690,341
18.463,18.463,NoButton,Drag,689,340
18.48,18.48,NoButton,Drag,689,337
18.496,18.496,NoButton,Drag,688,336
18.513,18.513,NoButton,Drag,687,334
18.531,18.531,NoButton,Drag,687,331
18.546,18.546,NoButton,Drag,686,326
18.563,18.563,NoButton,Drag,684,319
18.58,18.58,NoButton,Drag,682,309
18.597,18.597,NoButton,Drag,679,300
18.615,18.615,NoButton,Drag,677,291
18.631,18.631,NoButton,Drag,675,282
18.648,18.648,NoButton,Drag,672,272
18.665,18.665,NoButton,Drag,670,266
18.681,18.681,NoButton,Drag,670,262
18.699,18.699,NoButton,Drag,669,260
18.715,18.715,NoButton,Drag,669,260
18.765,18.765,Left,Pressed,669,260
18.836,18.836,Left,Released,669,260
18.932,18.932,NoButton,Drag,668,260
18.94,18.94,NoButton,Drag,668,260
18.949,18.949,NoButton,Drag,668,261
18.966,18.966,NoButton,Drag,668,261
18.982,18.982,NoButton,Drag,668,261
19.012,19.012,NoButton,Drag,668,261
19.016,19.016,NoButton,Drag,668,261
19.033,19.033,NoButton,Drag,670,261
19.049,19.049,NoButton,Drag,675,261
19.066,19.066,NoButton,Drag,687,264
19.083,19.083,NoButton,Drag,704,272
19.1,19.1,NoButton,Drag,726,287
19.116,19.116,NoButton,Drag,753,312
19.133,19.133,NoButton,Drag,789,356
19.149,19.149,NoButton,Drag,832,417
19.167,19.167,NoButton,Drag,881,496
19.184,19.184,NoButton,Drag,918,552
19.199,19.199,NoButton,Drag,951,599
19.217,19.217,NoButton,Drag,979,636
19.233,19.233,NoButton,Drag,1003,666
19.25,19.25,NoButton,Drag,1027,700
19.266,19.266,NoButton,Drag,1042,721
19.284,19.284,NoButton,Drag,1054,736
19.3,19.3,NoButton,Drag,1066,748
19.317,19.317,NoButton,Drag,1078,756
19.333,19.333,NoButton,Drag,1088,760
19.35,19.35,NoButton,Drag,1098,761
19.367,19.367,NoButton,Drag,1104,759
19.384,19.384,NoButton,Drag,1110,754
19.401,19.401,NoButton,Drag,1116,749
19.418,19.418,NoButton,Drag,1122,743
19.434,19.434,NoButton,Drag,1127,736
19.451,19.451,NoButton,Drag,1130,729
19.468,19.468,NoButton,Drag,1132,721
19.485,19.485,NoButton,Drag,1136,714
19.501,19.501,NoButton,Drag,1139,709
19.518,19.518,NoButton,Drag,1143,707
19.535,19.535,NoButton,Drag,1144,707
19.552,19.552,NoButton,Drag,1147,709
19.569,19.569,NoButton,Drag,1155,715
19.585,19.585,NoButton,Drag,1164,724
19.604,19.604,NoButton,Drag,1177,737
19.62,19.62,NoButton,Drag,1186,746
19.636,19.636,NoButton,Drag,1188,749
19.653,19.653,NoButton,Drag,1188,749
19.67,19.67,NoButton,Drag,1189,750
19.736,19.736,NoButton,Drag,1189,750
19.74,19.74,Left,Pressed,1189,750
19.752,19.752,NoButton,Drag,1189,750
19.836,19.836,Left,Released,1189,750
19.844,19.844,NoButton,Drag,1189,750
19.854,19.854,NoButton,Drag,1189,749
19.871,19.871,NoButton,Drag,1188,749
19.888,19.888,NoButton,Drag,1186,746
19.904,19.904,NoButton,Drag,1184,744
19.922,19.922,NoButton,Drag,1180,742
19.937,19.937,NoButton,Drag,1178,740
19.955,19.955,NoButton,Drag,1175,738
19.971,19.971,NoButton,Drag,1173,737
19.988,19.988,NoButton,Drag,1170,736
20.005,20.005,NoButton,Drag,1164,736
20.022,20.022,NoButton,Drag,1158,737
20.039,20.039,NoButton,Drag,1151,739
20.055,20.055,NoButton,Drag,1143,745
20.072,20.072,NoButton,Drag,1127,751
20.088,20.088,NoButton,Drag,1119,753
20.105,20.105,NoButton,Drag,1103,754
20.122,20.122,NoButton,Drag,1094,749
20.139,20.139,NoButton,Drag,1086,741
20.155,20.155,NoButton,Drag,1082,727
20.172,20.172,NoButton,Drag,1078,700
20.189,20.189,NoButton,Drag,1077,672
20.205,20.205,NoButton,Drag,1077,641
20.222,20.222,NoButton,Drag,1083,602
20.238,20.238,NoButton,Drag,1089,576
20.255,20.255,NoButton,Drag,1095,553
20.273,20.273,NoButton,Drag,1100,536
20.288,20.288,NoButton,Drag,1104,521
20.305,20.305,NoButton,Drag,1107,510
20.322,20.322,NoButton,Drag,1109,501
20.339,20.339,NoButton,Drag,1111,496
20.357,20.357,NoButton,Drag,1112,494
20.374,20.374,NoButton,Drag,1112,494
20.482,20.482,NoButton,Drag,1112,493
20.49,20.49,NoButton,Drag,1112,493
20.494,20.494,NoButton,Drag,1112,493
20.507,20.507,NoButton,Drag,1112,492
20.524,20.524,NoButton,Drag,1111,491
20.54,20.54,NoButton,Drag,1110,489
20.557,20.557,NoButton,Drag,1107,487
20.574,20.574,NoButton,Drag,1100,478
20.59,20.59,NoButton,Drag,1093,468
20.608,20.608,NoButton,Drag,1085,457
20.624,20.624,NoButton,Drag,1080,446
20.64,20.64,NoButton,Drag,1077,435
20.658,20.658,NoButton,Drag,1074,422
20.674,20.674,NoButton,Drag,1074,415
20.691,20.691,NoButton,Drag,1074,410
20.707,20.707,NoButton,Drag,1074,409
20.736,20.736,Left,Pressed,1074,409
20.852,20.852,Left,Released,1074,409
20.909,20.909,NoButton,Drag,1074,409
20.924,20.924,NoButton,Drag,1074,409
20.932,20.932,NoButton,Drag,1074,409
20.941,20.941,NoButton,Drag,1075,410
20.958,20.958,NoButton,Drag,1076,412
20.975,20.975,NoButton,Drag,1079,414
20.991,20.991,NoButton,Drag,1082,416
21.008,21.008,NoButton,Drag,1085,420
21.025,21.025,NoButton,Drag,1087,422
21.042,21.042,NoButton,Drag,1089,424
21.059,21.059,NoButton,Drag,1093,427
21.075,21.075,NoButton,Drag,1097,432
21.077,21.077,Left,Pressed,1097,432
21.077,21.077,NoButton,Drag,1098,433
21.08,21.08,NoButton,Drag,1099,434
21.084,21.084,NoButton,Drag,1100,436
21.088,21.088,NoButton,Drag,1100,436
21.092,21.092,NoButton,Drag,1101,437
21.096,21.096,NoButton,Drag,1102,438
21.1,21.1,NoButton,Drag,1102,439
21.104,21.104,NoButton,Drag,1102,439
21.108,21.108,NoButton,Drag,1103,439
21.209,21.209,Left,Released,1103,439
21.216,21.216,NoButton,Drag,1102,439
21.224,21.224,NoButton,Drag,1102,439
21.239,21.239,NoButton,Drag,1102,438
21.256,21.256,NoButton,Drag,1101,436
21.273,21.273,NoButton,Drag,1100,435
21.289,21.289,NoButton,Drag,1099,434
21.306,21.306,NoButton,Drag,1098,433
21.323,21.323,NoButton,Drag,1098,433
21.34,21.34,NoButton,Drag,1097,433
21.36,21.36,NoButton,Drag,1095,434
21.376,21.376,NoButton,Drag,1091,434
21.393,21.393,NoButton,Drag,1085,436
21.409,21.409,NoButton,Drag,1077,439
21.426,21.426,NoButton,Drag,1057,444
21.443,21.443,NoButton,Drag,1032,447
21.46,21.46,NoButton,Drag,992,448
21.476,21.476,NoButton,Drag,943,443
21.493,21.493,NoButton,Drag,891,432
21.509,21.509,NoButton,Drag,844,416
21.527,21.527,NoButton,Drag,796,390
21.544,21.544,NoButton,Drag,766,362
21.56,21.56,NoButton,Drag,739,334
21.577,21.577,NoButton,Drag,721,306
21.593,21.593,NoButton,Drag,713,279
21.616,21.616,NoButton,Drag,710,235
21.632,21.632,NoButton,Drag,715,208
21.648,21.648,NoButton,Drag,724,187
21.665,21.665,NoButton,Drag,735,169
21.683,21.683,NoButton,Drag,746,151
21.699,21.699,NoButton,Drag,753,140
21.715,21.715,NoButton,Drag,759,130
21.732,21.732,NoButton,Drag,763,124
21.749,21.749,NoButton,Drag,765,120
21.766,21.766,NoButton,Drag,766,120
21.802,21.802,NoButton,Drag,766,119
21.83,21.83,NoButton,Drag,766,119
21.894,21.894,NoButton,Drag,766,119
21.898,21.898,NoButton,Drag,765,119
21.906,21.906,NoButton,Drag,765,119
21.918,21.918,NoButton,Drag,763,118
21.935,21.935,NoButton,Drag,759,115
21.952,21.952,NoButton,Drag,749,110
21.969,21.969,NoButton,Drag,739,104
21.985,21.985,NoButton,Drag,729,99
22.002,22.002,NoButton,Drag,721,95
22.02,22.02,NoButton,Drag,719,94
22.084,22.084,Left,Pressed,719,94
22.112,22.112,NoButton,Drag,719,94
22.192,22.192,NoButton,Drag,719,94
22.2,22.2,Left,Released,719,94
22.288,22.288,Left,Pressed,719,94
22.308,22.308,NoButton,Drag,719,95
22.392,22.392,NoButton,Drag,719,95
22.4,22.4,Left,Released,719,95
22.408,22.408,NoButton,Drag,719,95
22.416,22.416,NoButton,Drag,719,95
22.425,22.425,NoButton,Drag,719,96
22.44,22.44,NoButton,Drag,718,98
22.457,22.457,NoButton,Drag,717,101
22.474,22.474,NoButton,Drag,715,108
22.491,22.491,NoButton,Drag,714,122
22.507,22.507,NoButton,Drag,715,154
22.524,22.524,NoButton,Drag,719,191
22.541,22.541,NoButton,Drag,723,239
22.558,22.558,NoButton,Drag,727,310
22.574,22.574,NoButton,Drag,736,380
22.591,22.591,NoButton,Drag,751,460
22.61,22.61,NoButton,Drag,776,573
22.627,22.627,NoButton,Drag,801,668
22.645,22.645,NoButton,Drag,826,753
22.661,22.661,NoButton,Drag,853,834
22.678,22.678,NoButton,Drag,891,899
22.694,22.694,NoButton,Drag,939,899
22.712,22.712,NoButton,Drag,970,899
22.728,22.728,NoButton,Drag,990,899
22.745,22.745,NoButton,Drag,999,899
22.762,22.762,NoButton,Drag,1001,899
22.778,22.778,NoButton,Drag,1002,899
22.794,22.794,NoButton,Drag,1002,892
22.811,22.811,NoButton,Drag,1002,878
22.828,22.828,NoButton,Drag,997,858
22.845,22.845,NoButton,Drag,990,836
22.862,22.862,NoButton,Drag,982,807
22.88,22.88,NoButton,Drag,978,787
22.896,22.896,NoButton,Drag,978,771
22.912,22.912,NoButton,Drag,980,757
22.929,22.929,NoButton,Drag,983,747
22.946,22.946,NoButton,Drag,985,737
22.962,22.962,NoButton,Drag,987,734
22.979,22.979,NoButton,Drag,989,732
22.996,22.996,NoButton,Drag,990,731
23.038,23.038,NoButton,Drag,991,731
23.046,23.046,NoButton,Drag,991,731
23.062,23.062,NoButton,Drag,991,731
23.066,23.066,NoButton,Drag,991,731
23.08,23.08,NoButton,Drag,991,733
23.096,23.096,NoButton,Drag,990,735
23.114,23.114,NoButton,Drag,987,737
23.131,23.131,NoButton,Drag,985,741
23.147,23.147,NoButton,Drag,981,747
23.164,23.164,NoButton,Drag,977,754
23.18,23.18,NoButton,Drag,973,761
23.197,23.197,NoButton,Drag,970,766
23.215,23.215,NoButton,Drag,968,769
23.231,23.231,NoButton,Drag,968,769
23.241,23.241,Left,Pressed,968,769
23.242,23.242,NoButton,Drag,968,769
23.332,23.332,NoButton,Drag,968,769
23.336,23.336,NoButton,Drag,968,769
23.344,23.344,NoButton,Drag,967,768
23.352,23.352,NoButton,Drag,967,768
23.356,23.356,Left,Released,967,768
23.357,23.357,NoButton,Drag,967,768
23.38,23.38,NoButton,Drag,967,768
23.4,23.4,NoButton,Drag,967,767
23.412,23.412,NoButton,Drag,967,767
23.429,23.429,NoButton,Drag,966,766
23.445,23.445,NoButton,Drag,965,765
23.463,23.463,NoButton,Drag,963,765
23.479,23.479,NoButton,Drag,959,765
23.495,23.495,NoButton,Drag,949,765
23.512,23.512,NoButton,Drag,920,765
23.529,23.529,NoButton,Drag,877,765
23.546,23.546,NoButton,Drag,821,764
23.563,23.563,NoButton,Drag,754,759
23.579,23.579,NoButton,Drag,684,753
23.596,23.596,NoButton,Drag,609,738
23.608,23.608,NoButton,Drag,570,725
23.624,23.624,NoButton,Drag,528,707
23.641,23.641,NoButton,Drag,495,682
23.659,23.659,NoButton,Drag,464,653
23.674,23.674,NoButton,Drag,426,600
23.692,23.692,NoButton,Drag,400,542
23.708,23.708,NoButton,Drag,376,472
23.724,23.724,NoButton,Drag,350,396
23.741,23.741,NoButton,Drag,324,322
23.759,23.759,NoButton,Drag,292,235
23.775,23.775,NoButton,Drag,273,174
23.792,23.792,NoButton,Drag,262,126
23.808,23.808,NoButton,Drag,259,92
23.825,23.825,NoButton,Drag,259,70
23.842,23.842,NoButton,Drag,262,53
23.858,23.858,NoButton,Drag,264,46
23.873,23.873,NoButton,Drag,264,43
23.982,23.982,NoButton,Drag,264,43
23.994,23.994,NoButton,Drag,264,43
23.999,23.999,Left,Pressed,264,43
24.01,24.01,NoButton,Drag,264,43
24.03,24.03,NoButton,Drag,265,43
24.042,24.042,NoButton,Drag,265,43
24.062,24.062,NoButton,Drag,265,43
24.074,24.074,NoButton,Drag,265,43
24.078,24.078,NoButton,Drag,265,44
24.082,24.082,NoButton,Drag,265,44
24.086,24.086,NoButton,Drag,265,44
24.09,24.09,NoButton,Drag,265,44
24.094,24.094,NoButton,Drag,266,45
24.098,24.098,Left,Released,266,45
24.099,24.099,NoButton,Drag,266,45
24.105,24.105,NoButton,Drag,266,46
24.122,24.122,NoButton,Drag,266,50
24.138,24.138,NoButton,Drag,266,55
24.156,24.156,NoButton,Drag,266,62
24.172,24.172,NoButton,Drag,265,69
24.189,24.189,NoButton,Drag,263,78
24.205,24.205,NoButton,Drag,261,87
24.222,24.222,NoButton,Drag,259,97
24.239,24.239,NoButton,Drag,259,101
24.255,24.255,NoButton,Drag,258,103
24.273,24.273,NoButton,Drag,258,103
24.281,24.281,Left,Pressed,258,103
24.36,24.36,NoButton,Drag,258,104
24.372,24.372,Left,Released,258,104
24.376,24.376,NoButton,Drag,258,104
24.384,24.384,NoButton,Drag,258,104
24.392,24.392,NoButton,Drag,257,104
24.404,24.404,NoButton,Drag,257,105
24.422,24.422,NoButton,Drag,256,106
24.439,24.439,NoButton,Drag,255,108
24.455,24.455,NoButton,Drag,255,110
24.471,24.471,NoButton,Drag,254,112
24.488,24.488,NoButton,Drag,254,117
24.505,24.505,NoButton,Drag,254,121
24.522,24.522,NoButton,Drag,254,125
24.539,24.539,NoButton,Drag,254,126
24.544,24.544,NoButton,Drag,255,127
24.556,24.556,Left,Pressed,255,127
24.556,24.556,NoButton,Drag,255,127
24.62,24.62,Left,Released,255,127
24.676,24.676,NoButton,Drag,255,127
24.688,24.688,NoButton,Drag,255,127
24.74,24.74,NoButton,Drag,255,127
24.744,24.744,NoButton,Drag,255,127
24.755,24.755,NoButton,Drag,255,128
24.772,24.772,NoButton,Drag,260,132
24.789,24.789,NoButton,Drag,273,139
24.805,24.805,NoButton,Drag,294,145
24.822,24.822,NoButton,Drag,332,157
24.839,24.839,NoButton,Drag,377,167
24.856,24.856,NoButton,Drag,440,176
24.874,24.874,NoButton,Drag,534,185
24.89,24.89,NoButton,Drag,612,198
24.907,24.907,NoButton,Drag,685,217
24.924,24.924,NoButton,Drag,754,243
24.941,24.941,NoButton,Drag,817,272
24.957,24.957,NoButton,Drag,862,302
24.974,24.974,NoButton,Drag,896,335
24.99,24.99,NoButton,Drag,911,361
25.007,25.007,NoButton,Drag,922,394
25.024,25.024,NoButton,Drag,931,430
25.041,25.041,NoButton,Drag,942,470
25.058,25.058,NoButton,Drag,957,518
25.074,25.074,NoButton,Drag,966,548
25.091,25.091,NoButton,Drag,971,569
25.108,25.108,NoButton,Drag,974,580
25.124,25.124,NoButton,Drag,976,586
25.142,25.142,NoButton,Drag,978,591
25.158,25.158,NoButton,Drag,980,595
25.162,25.162,Left,Pressed,980,595
25.163,25.163,NoButton,Drag,981,596
25.165,25.165,NoButton,Drag,982,596
25.169,25.169,NoButton,Drag,982,597
25.173,25.173,NoButton,Drag,983,597
25.251,25.251,NoButton,Drag,983,598
25.254,25.254,Left,Released,983,598
25.255,25.255,NoButton,Drag,983,598
25.26,25.26,NoButton,Drag,984,598
25.277,25.277,NoButton,Drag,987,599
25.293,25.293,NoButton,Drag,993,602
25.31,25.31,NoButton,Drag,1002,605
25.326,25.326,NoButton,Drag,1009,607
25.343,25.343,NoButton,Drag,1020,611
25.361,25.361,NoButton,Drag,1032,618
25.377,25.377,NoButton,Drag,1048,629
25.394,25.394,NoButton,Drag,1061,635
25.411,25.411,NoButton,Drag,1074,641
25.427,25.427,NoButton,Drag,1090,646
25.444,25.444,NoButton,Drag,1107,652
25.46,25.46,NoButton,Drag,1125,659
25.478,25.478,NoButton,Drag,1137,664
25.495,25.495,NoButton,Drag,1146,669
25.51,25.51,NoButton,Drag,1155,675
25.527,25.527,NoButton,Drag,1165,683
25.544,25.544,NoButton,Drag,1178,698
25.552,25.552,NoButton,Drag,1181,702
25.561,25.561,Left,Pressed,1181,702
25.561,25.561,NoButton,Drag,1189,712
25.563,25.563,NoButton,Drag,1191,716
25.567,25.567,NoButton,Drag,1193,718
25.571,25.571,NoButton,Drag,1194,721
25.576,25.576,NoButton,Drag,1196,723
25.58,25.58,NoButton,Drag,1197,724
25.583,25.583,NoButton,Drag,1198,726
25.587,25.587,NoButton,Drag,1199,728
25.591,25.591,NoButton,Drag,1200,729
25.595,25.595,NoButton,Drag,1200,731
25.6,25.6,NoButton,Drag,1201,732
25.604,25.604,NoButton,Drag,1202,733
25.607,25.607,NoButton,Drag,1203,733
25.611,25.611,NoButton,Drag,1203,734
25.636,25.636,Left,Released,1203,734
25.672,25.672,NoButton,Drag,1203,734
25.72,25.72,NoButton,Drag,1203,734
25.724,25.724,NoButton,Drag,1203,735
25.728,25.728,NoButton,Drag,1203,736
25.745,25.745,NoButton,Drag,1207,743
25.762,25.762,NoButton,Drag,1214,753
25.772,25.772,NoButton,Drag,1217,757
25.778,25.778,Left,Pressed,1217,757
25.778,25.778,NoButton,Drag,1221,762
25.779,25.779,NoButton,Drag,1223,765
25.784,25.784,NoButton,Drag,1225,767
25.788,25.788,NoButton,Drag,1228,770
25.792,25.792,NoButton,Drag,1231,773
25.796,25.796,NoButton,Drag,1234,776
25.8,25.8,NoButton,Drag,1237,779
25.804,25.804,NoButton,Drag,1240,781
25.808,25.808,NoButton,Drag,1243,783
25.812,25.812,NoButton,Drag,1246,785
25.816,25.816,Left,Released,1246,785
25.817,25.817,NoButton,Drag,1250,787
25.825,25.825,NoButton,Drag,1256,791
25.842,25.842,NoButton,Drag,1268,795
25.859,25.859,NoButton,Drag,1278,796
25.875,25.875,NoButton,Drag,1285,796
25.892,25.892,NoButton,Drag,1290,795
25.909,25.909,NoButton,Drag,1290,794
25.926,25.926,NoButton,Drag,1290,794
25.942,25.942,NoButton,Drag,1290,794
25.978,25.978,NoButton,Drag,1290,793
25.983,25.983,Left,Pressed,1290,793
25.986,25.986,NoButton,Drag,1291,793
25.99,25.99,NoButton,Drag,1291,793
25.994,25.994,NoButton,Drag,1291,793
25.998,25.998,NoButton,Drag,1291,794
26.002,26.002,NoButton,Drag,1291,794
26.01,26.01,NoButton,Drag,1292,794
26.014,26.014,NoButton,Drag,1292,794
26.026,26.026,NoButton,Drag,1292,795
26.086,26.086,Left,Released,1292,795
26.095,26.095,NoButton,Drag,1292,794
26.107,26.107,NoButton,Drag,1292,794
26.124,26.124,NoButton,Drag,1289,793
26.141,26.141,NoButton,Drag,1286,791
26.158,26.158,NoButton,Drag,1275,787
26.174,26.174,NoButton,Drag,1259,783
26.19,26.19,NoButton,Drag,1244,783
26.207,26.207,NoButton,Drag,1225,783
26.219,26.219,NoButton,Drag,1212,783
26.224,26.224,Left,Pressed,1212,783
26.224,26.224,NoButton,Drag,1196,783
26.226,26.226,NoButton,Drag,1187,783
26.23,26.23,NoButton,Drag,1177,783
26.234,26.234,NoButton,Drag,1169,782
26.238,26.238,NoButton,Drag,1159,779
26.241,26.241,NoButton,Drag,1148,776
26.245,26.245,NoButton,Drag,1138,774
26.249,26.249,NoButton,Drag,1128,771
26.253,26.253,NoButton,Drag,1117,768
26.257,26.257,NoButton,Drag,1107,765
26.262,26.262,NoButton,Drag,1098,761
26.266,26.266,NoButton,Drag,1089,758
26.269,26.269,NoButton,Drag,1080,755
26.274,26.274,NoButton,Drag,1073,752
26.277,26.277,NoButton,Drag,1065,748
26.281,26.281,NoButton,Drag,1058,745
26.286,26.286,Left,Released,1058,745
26.287,26.287,NoButton,Drag,1052,741
26.294,26.294,NoButton,Drag,1038,733
26.31,26.31,NoButton,Drag,1015,718
26.326,26.326,NoButton,Drag,997,702
26.343,26.343,NoButton,Drag,981,687
26.359,26.359,NoButton,Drag,964,671
26.377,26.377,NoButton,Drag,940,654
26.393,26.393,NoButton,Drag,913,636
26.41,26.41,NoButton,Drag,866,612
26.426,26.426,NoButton,Drag,817,594
26.443,26.443,NoButton,Drag,764,575
26.46,26.46,NoButton,Drag,695,551
26.476,26.476,NoButton,Drag,618,527
26.494,26.494,NoButton,Drag,520,489
26.51,26.51,NoButton,Drag,440,454
26.514,26.514,Left,Pressed,440,454
26.514,26.514,NoButton,Drag,419,445
26.517,26.517,NoButton,Drag,398,437
26.521,26.521,NoButton,Drag,380,429
26.525,26.525,NoButton,Drag,361,422
26.529,26.529,NoButton,Drag,343,416
26.533,26.533,NoButton,Drag,328,410
26.537,26.537,NoButton,Drag,314,405
26.539,26.539,NoButton,Drag,301,399
26.543,26.543,NoButton,Drag,289,395
26.547,26.547,NoButton,Drag,278,391
26.551,26.551,NoButton,Drag,267,386
26.555,26.555,NoButton,Drag,256,382
26.559,26.559,NoButton,Drag,247,379
26.563,26.563,NoButton,Drag,240,376
26.567,26.567,NoButton,Drag,233,373
26.571,26.571,NoButton,Drag,227,372
26.575,26.575,NoButton,Drag,221,370
26.579,26.579,NoButton,Drag,215,368
26.584,26.584,Left,Released,215,368
26.584,26.584,NoButton,Drag,211,367
26.596,26.596,NoButton,Drag,200,364
26.612,26.612,NoButton,Drag,193,363
26.63,26.63,NoButton,Drag,189,364
26.646,26.646,NoButton,Drag,186,365
26.662,26.662,NoButton,Drag,182,369
26.679,26.679,NoButton,Drag,175,376
26.696,26.696,NoButton,Drag,164,394
26.713,26.713,NoButton,Drag,153,412
26.73,26.73,NoButton,Drag,144,429
26.74,26.74,NoButton,Drag,140,436
26.746,26.746,Left,Pressed,140,436
26.746,26.746,NoButton,Drag,136,443
26.747,26.747,NoButton,Drag,135,446
26.751,26.751,NoButton,Drag,134,449
26.755,26.755,NoButton,Drag,133,452
26.759,26.759,NoButton,Drag,132,454
26.763,26.763,NoButton,Drag,131,456
26.767,26.767,NoButton,Drag,131,458
26.771,26.771,NoButton,Drag,130,460
26.775,26.775,NoButton,Drag,130,462
26.779,26.779,NoButton,Drag,129,463
26.783,26.783,NoButton,Drag,129,465
26.787,26.787,NoButton,Drag,129,466
26.792,26.792,Left,Released,129,466
26.792,26.792,NoButton,Drag,129,467
26.797,26.797,NoButton,Drag,129,468
26.813,26.813,NoButton,Drag,129,471
26.831,26.831,NoButton,Drag,129,473
26.847,26.847,NoButton,Drag,130,474
26.864,26.864,NoButton,Drag,131,475
26.88,26.88,NoButton,Drag,132,476
26.898,26.898,NoButton,Drag,134,479
26.915,26.915,NoButton,Drag,136,485
26.931,26.931,NoButton,Drag,139,496
26.945,26.945,NoButton,Drag,143,507
26.948,26.948,Left,Pressed,143,507
26.948,26.948,NoButton,Drag,145,514
26.951,26.951,NoButton,Drag,145,517
26.955,26.955,NoButton,Drag,146,520
26.959,26.959,NoButton,Drag,147,523
26.963,26.963,NoButton,Drag,148,525
26.967,26.967,NoButton,Drag,149,528
26.971,26.971,NoButton,Drag,150,530
26.975,26.975,NoButton,Drag,150,532
26.979,26.979,NoButton,Drag,152,535
26.983,26.983,NoButton,Drag,153,537
26.987,26.987,NoButton,Drag,154,538
26.991,26.991,NoButton,Drag,155,541
26.996,26.996,NoButton,Drag,156,542
27,27,NoButton,Drag,157,543
27.003,27.003,NoButton,Drag,158,545
27.007,27.007,NoButton,Drag,159,546
27.011,27.011,NoButton,Drag,160,547
27.015,27.015,NoButton,Drag,160,548
27.019,27.019,NoButton,Drag,161,549
27.023,27.023,NoButton,Drag,162,549
27.027,27.027,NoButton,Drag,162,550
27.031,27.031,NoButton,Drag,163,550
27.04,27.04,Left,Released,163,550
27.041,27.041,NoButton,Drag,163,550
27.064,27.064,NoButton,Drag,163,550
27.076,27.076,NoButton,Drag,163,550
27.081,27.081,NoButton,Drag,163,549
27.098,27.098,NoButton,Drag,163,548
27.114,27.114,NoButton,Drag,163,547
27.131,27.131,NoButton,Drag,163,546
27.149,27.149,NoButton,Drag,163,546
27.194,27.194,NoButton,Drag,163,546
27.202,27.202,NoButton,Drag,164,546
27.216,27.216,NoButton,Drag,164,546
27.218,27.218,Left,Pressed,164,546
27.219,27.219,NoButton,Drag,164,546
27.221,27.221,NoButton,Drag,165,546
27.229,27.229,NoButton,Drag,165,546
27.233,27.233,NoButton,Drag,165,546
27.241,27.241,NoButton,Drag,165,546
27.249,27.249,NoButton,Drag,166,546
27.265,27.265,NoButton,Drag,166,546
27.285,27.285,NoButton,Drag,166,546
27.297,27.297,NoButton,Drag,166,546
27.305,27.305,NoButton,Drag,166,545
27.31,27.31,Left,Released,166,545
27.311,27.311,NoButton,Drag,166,545
27.316,27.316,NoButton,Drag,166,545
27.331,27.331,NoButton,Drag,167,544
27.349,27.349,NoButton,Drag,168,541
27.365,27.365,NoButton,Drag,170,537
27.382,27.382,NoButton,Drag,176,529
27.399,27.399,NoButton,Drag,186,520
27.415,27.415,NoButton,Drag,202,510
27.432,27.432,NoButton,Drag,226,502
27.449,27.449,NoButton,Drag,252,495
27.465,27.465,NoButton,Drag,277,487
27.482,27.482,NoButton,Drag,306,478
27.498,27.498,NoButton,Drag,323,471
27.515,27.515,NoButton,Drag,332,466
27.533,27.533,NoButton,Drag,337,463
27.549,27.549,NoButton,Drag,340,461
27.566,27.566,NoButton,Drag,341,460
27.582,27.582,NoButton,Drag,342,460
27.599,27.599,NoButton,Drag,344,460
27.606,27.606,NoButton,Drag,345,461
27.616,27.616,Left,Pressed,345,461
27.616,27.616,NoButton,Drag,350,462
27.617,27.617,NoButton,Drag,352,463
27.621,27.621,NoButton,Drag,355,464
27.625,27.625,NoButton,Drag,358,465
27.629,27.629,NoButton,Drag,361,467
27.633,27.633,NoButton,Drag,364,468
27.637,27.637,NoButton,Drag,368,469
27.641,27.641,NoButton,Drag,372,470
27.645,27.645,NoButton,Drag,376,471
27.649,27.649,NoButton,Drag,380,472
27.653,27.653,NoButton,Drag,385,473
27.658,27.658,NoButton,Drag,390,474
27.662,27.662,NoButton,Drag,395,475
27.665,27.665,NoButton,Drag,400,475
27.668,27.668,NoButton,Drag,404,476
27.671,27.671,NoButton,Drag,409,476
27.675,27.675,NoButton,Drag,414,476
27.679,27.679,NoButton,Drag,419,476
27.683,27.683,NoButton,Drag,423,476
27.688,27.688,Left,Released,423,476
27.688,27.688,NoButton,Drag,428,476
27.699,27.699,NoButton,Drag,438,476
27.715,27.715,NoButton,Drag,470,477
27.732,27.732,NoButton,Drag,498,479
27.749,27.749,NoButton,Drag,524,479
27.765,27.765,NoButton,Drag,549,479
27.783,27.783,NoButton,Drag,573,481
27.799,27.799,NoButton,Drag,606,488
27.816,27.816,NoButton,Drag,656,504
27.832,27.832,NoButton,Drag,688,514
27.833,27.833,Left,Pressed,688,514
27.833,27.833,NoButton,Drag,699,518
27.835,27.835,NoButton,Drag,709,521
27.839,27.839,NoButton,Drag,719,524
27.843,27.843,NoButton,Drag,729,527
27.847,27.847,NoButton,Drag,738,530
27.851,27.851,NoButton,Drag,747,531
27.855,27.855,NoButton,Drag,756,533
27.859,27.859,NoButton,Drag,766,535
27.863,27.863,NoButton,Drag,775,537
27.867,27.867,NoButton,Drag,784,539
27.871,27.871,NoButton,Drag,794,540
27.875,27.875,NoButton,Drag,804,540
27.879,27.879,NoButton,Drag,814,541
27.883,27.883,NoButton,Drag,825,541
27.888,27.888,NoButton,Drag,837,541
27.891,27.891,NoButton,Drag,848,541
27.896,27.896,Left,Released,848,541
27.896,27.896,NoButton,Drag,861,541
27.899,27.899,NoButton,Drag,872,541
27.916,27.916,NoButton,Drag,917,541
27.933,27.933,NoButton,Drag,955,541
27.949,27.949,NoButton,Drag,985,541
27.966,27.966,NoButton,Drag,1009,541
27.983,27.983,NoButton,Drag,1031,545
28,28,NoButton,Drag,1051,551
28.016,28.016,NoButton,Drag,1060,556
28.033,28.033,Left,Pressed,1060,556
28.033,28.033,NoButton,Drag,1073,562
28.035,28.035,NoButton,Drag,1075,563
28.039,28.039,NoButton,Drag,1077,565
28.043,28.043,NoButton,Drag,1079,565
28.047,28.047,NoButton,Drag,1081,566
28.051,28.051,NoButton,Drag,1083,567
28.055,28.055,NoButton,Drag,1084,568
28.059,28.059,NoButton,Drag,1086,568
28.063,28.063,NoButton,Drag,1088,569
28.067,28.067,NoButton,Drag,1090,569
28.071,28.071,NoButton,Drag,1092,570
28.075,28.075,NoButton,Drag,1094,570
28.08,28.08,Left,Released,1094,570
28.08,28.08,NoButton,Drag,1096,571
28.083,28.083,NoButton,Drag,1098,571
28.099,28.099,NoButton,Drag,1102,572
28.116,28.116,NoButton,Drag,1111,572
28.133,28.133,NoButton,Drag,1117,572
28.149,28.149,NoButton,Drag,1124,572
28.166,28.166,NoButton,Drag,1131,573
28.182,28.182,NoButton,Drag,1139,574
28.2,28.2,NoButton,Drag,1148,577
28.216,28.216,NoButton,Drag,1157,579
28.234,28.234,NoButton,Drag,1167,584
28.249,28.249,NoButton,Drag,1183,589
28.266,28.266,NoButton,Drag,1198,593
28.283,28.283,NoButton,Drag,1214,596
28.3,28.3,NoButton,Drag,1228,597
28.317,28.317,NoButton,Drag,1246,597
28.333,28.333,NoButton,Drag,1263,597
28.35,28.35,NoButton,Drag,1281,595
28.366,28.366,NoButton,Drag,1291,594
28.383,28.383,NoButton,Drag,1298,594
28.4,28.4,NoButton,Drag,1304,596
28.41,28.41,NoButton,Drag,1307,598
28.416,28.416,Left,Pressed,1307,598
28.417,28.417,NoButton,Drag,1309,600
28.417,28.417,NoButton,Drag,1310,600
28.421,28.421,NoButton,Drag,1311,601
28.425,28.425,NoButton,Drag,1312,601
28.429,28.429,NoButton,Drag,1313,602
28.433,28.433,NoButton,Drag,1314,602
28.437,28.437,NoButton,Drag,1315,603
28.441,28.441,NoButton,Drag,1316,604
28.445,28.445,NoButton,Drag,1317,604
28.449,28.449,NoButton,Drag,1318,605
28.453,28.453,NoButton,Drag,1319,605
28.457,28.457,NoButton,Drag,1319,606
28.461,28.461,NoButton,Drag,1320,606
28.465,28.465,NoButton,Drag,1321,606
28.469,28.469,NoButton,Drag,1322,606
28.473,28.473,NoButton,Drag,1322,607
28.477,28.477,NoButton,Drag,1323,607
28.481,28.481,NoButton,Drag,1324,607
28.485,28.485,NoButton,Drag,1324,607
28.489,28.489,NoButton,Drag,1325,607
28.494,28.494,Left,Released,1325,607
28.494,28.494,NoButton,Drag,1325,607
28.499,28.499,NoButton,Drag,1326,607
28.517,28.517,NoButton,Drag,1327,607
28.533,28.533,NoButton,Drag,1327,607
28.55,28.55,NoButton,Drag,1328,606
28.566,28.566,NoButton,Drag,1328,605
28.583,28.583,NoButton,Drag,1328,605
28.6,28.6,NoButton,Drag,1329,606
28.614,28.614,NoButton,Drag,1332,609
28.616,28.616,Left,Pressed,1332,609
28.616,28.616,NoButton,Drag,1334,611
28.617,28.617,NoButton,Drag,1336,613
28.621,28.621,NoButton,Drag,1337,614
28.625,28.625,NoButton,Drag,1339,615
28.629,28.629,NoButton,Drag,1341,617
28.633,28.633,NoButton,Drag,1343,618
28.637,28.637,NoButton,Drag,1344,619
28.641,28.641,NoButton,Drag,1346,620
28.645,28.645,NoButton,Drag,1347,621
28.649,28.649,NoButton,Drag,1348,621
28.653,28.653,NoButton,Drag,1350,622
28.657,28.657,NoButton,Drag,1351,622
28.661,28.661,NoButton,Drag,1352,622
28.665,28.665,NoButton,Drag,1354,623
28.669,28.669,NoButton,Drag,1354,623
28.673,28.673,NoButton,Drag,1355,623
28.681,28.681,NoButton,Drag,1355,623
28.694,28.694,Left,Released,1355,623
28.714,28.714,NoButton,Drag,1355,623
28.722,28.722,NoButton,Drag,1355,622
28.734,28.734,NoButton,Drag,1355,622
28.749,28.749,NoButton,Drag,1355,620
28.766,28.766,NoButton,Drag,1355,619
28.783,28.783,NoButton,Drag,1355,619
28.818,28.818,NoButton,Drag,1355,619
28.823,28.823,Left,Pressed,1355,619
28.824,28.824,NoButton,Drag,1355,619
28.824,28.824,NoButton,Drag,1356,619
28.828,28.828,NoButton,Drag,1356,620
28.832,28.832,NoButton,Drag,1356,620
28.836,28.836,NoButton,Drag,1356,620
28.856,28.856,NoButton,Drag,1357,620
28.885,28.885,Left,Released,1357,620
28.892,28.892,NoButton,Drag,1357,620
28.9,28.9,NoButton,Drag,1356,620
28.916,28.916,NoButton,Drag,1354,619
28.932,28.932,NoButton,Drag,1343,613
28.95,28.95,NoButton,Drag,1317,602
28.967,28.967,NoButton,Drag,1275,587
28.982,28.982,NoButton,Drag,1235,574
28.999,28.999,NoButton,Drag,1197,558
29.016,29.016,NoButton,Drag,1156,539
29.032,29.032,NoButton,Drag,1129,525
29.05,29.05,NoButton,Drag,1104,512
29.066,29.066,NoButton,Drag,1077,495
29.083,29.083,NoButton,Drag,1046,475
29.1,29.1,NoButton,Drag,986,437
29.119,29.119,NoButton,Drag,930,399
29.136,29.136,NoButton,Drag,853,345
29.152,29.152,NoButton,Drag,794,294
29.17,29.17,NoButton,Drag,755,246
29.186,29.186,NoButton,Drag,730,200
29.203,29.203,NoButton,Drag,712,153
29.219,29.219,NoButton,Drag,702,107
29.236,29.236,NoButton,Drag,703,56
29.254,29.254,NoButton,Drag,714,24
29.269,29.269,NoButton,Drag,732,0
29.287,29.287,NoButton,Drag,755,0
29.303,29.303,NoButton,Drag,776,0
29.32,29.32,NoButton,Drag,794,0
29.336,29.336,NoButton,Drag,801,0
29.354,29.354,NoButton,Drag,805,0
29.37,29.37,NoButton,Drag,808,0
29.389,29.389,NoButton,Drag,811,1
29.405,29.405,NoButton,Drag,818,8
29.422,29.422,NoButton,Drag,830,21
29.439,29.439,NoButton,Drag,844,35
29.456,29.456,NoButton,Drag,861,49
29.472,29.472,NoButton,Drag,886,63
29.489,29.489,NoButton,Drag,912,76
29.505,29.505,NoButton,Drag,937,87
29.522,29.522,NoButton,Drag,968,101
29.54,29.54,NoButton,Drag,993,112
29.556,29.556,NoButton,Drag,1016,122
29.573,29.573,NoButton,Drag,1037,128
29.589,29.589,NoButton,Drag,1053,133
29.606,29.606,NoButton,Drag,1067,135
29.624,29.624,NoButton,Drag,1070,134
29.641,29.641,NoButton,Drag,1071,132
29.657,29.657,NoButton,Drag,1072,129
29.674,29.674,NoButton,Drag,1072,122
29.69,29.69,NoButton,Drag,1071,118
29.707,29.707,NoButton,Drag,1070,113
29.724,29.724,NoButton,Drag,1067,108
29.74,29.74,NoButton,Drag,1065,106
29.757,29.757,NoButton,Drag,1063,105
29.774,29.774,NoButton,Drag,1061,104
29.79,29.79,NoButton,Drag,1060,104
29.807,29.807,NoButton,Drag,1059,104
29.824,29.824,NoButton,Drag,1055,104
29.841,29.841,NoButton,Drag,1052,105
29.857,29.857,NoButton,Drag,1051,105
29.906,29.906,Left,Pressed,1051,105
29.918,29.918,NoButton,Drag,1051,106
30.004,30.004,Left,Released,1051,106
30.04,30.04,NoButton,Drag,1051,106
30.044,30.044,NoButton,Drag,1051,106
30.058,30.058,NoButton,Drag,1050,107
30.075,30.075,NoButton,Drag,1047,110
30.091,30.091,NoButton,Drag,1040,118
30.108,30.108,NoButton,Drag,1032,130
30.109,30.109,Left,Pressed,1032,130
30.11,30.11,NoButton,Drag,1030,134
30.112,30.112,NoButton,Drag,1027,138
30.115,30.115,NoButton,Drag,1025,141
30.119,30.119,NoButton,Drag,1022,145
30.123,30.123,NoButton,Drag,1018,149
30.128,30.128,NoButton,Drag,1014,153
30.132,30.132,NoButton,Drag,1011,157
30.135,30.135,NoButton,Drag,1007,161
30.139,30.139,NoButton,Drag,1004,166
30.143,30.143,NoButton,Drag,999,170
30.148,30.148,NoButton,Drag,995,175
30.151,30.151,NoButton,Drag,990,180
30.155,30.155,NoButton,Drag,985,186
30.159,30.159,NoButton,Drag,980,192
30.163,30.163,NoButton,Drag,975,197
30.167,30.167,NoButton,Drag,968,204
30.172,30.172,NoButton,Drag,962,210
30.175,30.175,NoButton,Drag,955,216
30.179,30.179,NoButton,Drag,948,223
30.183,30.183,NoButton,Drag,939,230
30.187,30.187,NoButton,Drag,932,237
30.191,30.191,NoButton,Drag,924,244
30.195,30.195,NoButton,Drag,914,251
30.199,30.199,NoButton,Drag,904,259
30.203,30.203,NoButton,Drag,893,267
30.207,30.207,NoButton,Drag,881,275
30.211,30.211,NoButton,Drag,868,284
30.216,30.216,Left,Released,868,284
30.216,30.216,NoButton,Drag,856,292
30.225,30.225,NoButton,Drag,828,311
30.242,30.242,NoButton,Drag,767,349
30.259,30.259,NoButton,Drag,692,390
30.275,30.275,NoButton,Drag,612,433
30.292,30.292,NoButton,Drag,509,486
30.308,30.308,NoButton,Drag,429,525
30.325,30.325,NoButton,Drag,349,564
30.342,30.342,NoButton,Drag,288,589
30.359,30.359,NoButton,Drag,258,599
30.376,30.376,NoButton,Drag,248,602
30.38,30.38,Left,Pressed,248,602
30.387,30.387,NoButton,Drag,248,602
30.391,30.391,NoButton,Drag,248,602
30.395,30.395,NoButton,Drag,248,601
30.399,30.399,NoButton,Drag,248,600
30.403,30.403,NoButton,Drag,248,598
30.407,30.407,NoButton,Drag,249,596
30.411,30.411,NoButton,Drag,250,594
30.415,30.415,NoButton,Drag,252,591
30.42,30.42,Left,Released,252,591
30.42,30.42,NoButton,Drag,254,587
30.426,30.426,NoButton,Drag,257,583
30.443,30.443,NoButton,Drag,271,569
30.459,30.459,NoButton,Drag,288,554
30.476,30.476,NoButton,Drag,309,535
30.493,30.493,NoButton,Drag,322,520
30.51,30.51,NoButton,Drag,332,509
30.526,30.526,NoButton,Drag,341,500
30.543,30.543,NoButton,Drag,349,493
30.56,30.56,NoButton,Drag,359,488
30.576,30.576,NoButton,Drag,372,485
30.593,30.593,NoButton,Drag,386,482
30.61,30.61,NoButton,Drag,409,477
30.626,30.626,NoButton,Drag,428,472
30.643,30.643,NoButton,Drag,445,466
30.66,30.66,NoButton,Drag,459,457
30.676,30.676,NoButton,Drag,468,448
30.693,30.693,NoButton,Drag,472,440
30.71,30.71,NoButton,Drag,474,429
30.726,30.726,NoButton,Drag,474,419
30.743,30.743,NoButton,Drag,472,410
30.76,30.76,NoButton,Drag,472,405
30.777,30.777,NoButton,Drag,473,404
30.794,30.794,NoButton,Drag,473,404
30.802,30.802,NoButton,Drag,473,404
30.81,30.81,Left,Pressed,473,404
30.81,30.81,NoButton,Drag,474,404
30.813,30.813,NoButton,Drag,474,404
30.817,30.817,NoButton,Drag,474,404
30.821,30.821,NoButton,Drag,474,404
30.894,30.894,Left,Released,474,404
30.898,30.898,NoButton,Drag,474,404
30.958,30.958,NoButton,Drag,474,404
30.962,30.962,NoButton,Drag,474,403
30.977,30.977,NoButton,Drag,474,403
30.994,30.994,NoButton,Drag,474,402
31.042,31.042,NoButton,Drag,474,402
31.05,31.05,Left,Pressed,474,402
31.058,31.058,NoButton,Drag,474,402
31.077,31.077,NoButton,Drag,474,402
31.082,31.082,NoButton,Drag,475,402
31.093,31.093,NoButton,Drag,475,402
31.102,31.102,NoButton,Drag,475,402
31.106,31.106,NoButton,Drag,475,402
31.11,31.11,NoButton,Drag,475,402
31.113,31.113,NoButton,Drag,475,402
31.118,31.118,NoButton,Drag,475,401
31.121,31.121,NoButton,Drag,476,401
31.126,31.126,Left,Released,476,401
31.126,31.126,NoButton,Drag,476,401
31.129,31.129,NoButton,Drag,476,401
31.145,31.145,NoButton,Drag,476,400
31.161,31.161,NoButton,Drag,476,400
31.178,31.178,NoButton,Drag,475,399
31.195,31.195,NoButton,Drag,473,398
31.212,31.212,NoButton,Drag,470,397
31.228,31.228,NoButton,Drag,465,397
31.245,31.245,NoButton,Drag,461,397
31.262,31.262,NoButton,Drag,454,398
31.278,31.278,NoButton,Drag,444,398
31.295,31.295,NoButton,Drag,430,396
31.312,31.312,NoButton,Drag,404,388
31.328,31.328,NoButton,Drag,379,375
31.346,31.346,NoButton,Drag,346,353
31.362,31.362,NoButton,Drag,307,324
31.379,31.379,NoButton,Drag,276,294
31.396,31.396,NoButton,Drag,247,257
31.412,31.412,NoButton,Drag,235,231
31.429,31.429,NoButton,Drag,229,206
31.446,31.446,NoButton,Drag,227,184
31.462,31.462,NoButton,Drag,229,167
31.479,31.479,NoButton,Drag,234,154
31.496,31.496,NoButton,Drag,241,144
31.512,31.512,NoButton,Drag,244,141
31.529,31.529,NoButton,Drag,244,141
31.546,31.546,NoButton,Drag,244,141
31.562,31.562,NoButton,Drag,246,142
31.579,31.579,NoButton,Drag,248,145
31.596,31.596,NoButton,Drag,252,151
31.613,31.613,NoButton,Drag,259,157
31.63,31.63,NoButton,Drag,269,164
31.647,31.647,NoButton,Drag,281,173
31.664,31.664,NoButton,Drag,297,183
31.681,31.681,NoButton,Drag,307,189
31.698,31.698,NoButton,Drag,318,197
31.714,31.714,NoButton,Drag,325,204
31.731,31.731,NoButton,Drag,331,209
31.747,31.747,NoButton,Drag,334,212
31.765,31.765,NoButton,Drag,336,214
31.781,31.781,NoButton,Drag,336,214
31.87,31.87,Left,Pressed,336,214
31.89,31.89,NoButton,Drag,336,214
31.91,31.91,NoButton,Drag,336,214
31.914,31.914,NoButton,Drag,336,214
31.917,31.917,NoButton,Drag,336,214
31.922,31.922,NoButton,Drag,336,213
31.925,31.925,NoButton,Drag,336,212
31.929,31.929,NoButton,Drag,336,212
31.934,31.934,Left,Released,336,212
31.935,31.935,NoButton,Drag,336,212
31.948,31.948,NoButton,Drag,336,211
31.965,31.965,NoButton,Drag,335,210
31.982,31.982,NoButton,Drag,335,209
32.05,32.05,Left,Pressed,335,209
32.058,32.058,NoButton,Drag,335,210
32.142,32.142,Left,Released,335,210
32.146,32.146,NoButton,Drag,335,210
32.166,32.166,NoButton,Drag,335,210
32.17,32.17,NoButton,Drag,335,210
32.183,32.183,NoButton,Drag,335,212
32.199,32.199,NoButton,Drag,333,216
32.217,32.217,NoButton,Drag,327,225
32.233,32.233,NoButton,Drag,317,244
32.25,32.25,NoButton,Drag,303,287
32.266,32.266,NoButton,Drag,290,331
32.283,32.283,NoButton,Drag,273,380
32.3,32.3,NoButton,Drag,251,442
32.308,32.308,NoButton,Drag,247,455
32.316,32.316,Left,Pressed,247,455
32.317,32.317,NoButton,Drag,236,491
32.319,32.319,NoButton,Drag,233,503
32.323,32.323,NoButton,Drag,229,513
32.327,32.327,NoButton,Drag,226,524
32.331,32.331,NoButton,Drag,224,535
32.335,32.335,NoButton,Drag,221,545
32.339,32.339,NoButton,Drag,219,553
32.343,32.343,NoButton,Drag,217,561
32.347,32.347,NoButton,Drag,216,569
32.351,32.351,NoButton,Drag,215,575
32.355,32.355,NoButton,Drag,215,581
32.36,32.36,NoButton,Drag,214,585
32.363,32.363,NoButton,Drag,214,590
32.367,32.367,NoButton,Drag,214,594
32.371,32.371,NoButton,Drag,214,598
32.375,32.375,NoButton,Drag,214,600
32.379,32.379,NoButton,Drag,214,602
32.383,32.383,NoButton,Drag,214,604
32.387,32.387,NoButton,Drag,215,605
32.391,32.391,NoButton,Drag,215,606
32.395,32.395,NoButton,Drag,215,607
32.399,32.399,NoButton,Drag,216,607
32.411,32.411,NoButton,Drag,216,607
32.415,32.415,NoButton,Drag,216,607
32.419,32.419,NoButton,Drag,216,607
32.423,32.423,NoButton,Drag,217,607
32.428,32.428,Left,Released,217,607
32.429,32.429,NoButton,Drag,217,605
32.434,32.434,NoButton,Drag,218,604
32.451,32.451,NoButton,Drag,224,595
32.467,32.467,NoButton,Drag,232,583
32.484,32.484,NoButton,Drag,247,565
32.5,32.5,NoButton,Drag,260,551
32.517,32.517,NoButton,Drag,274,539
32.535,32.535,NoButton,Drag,289,528
32.551,32.551,NoButton,Drag,306,522
32.567,32.567,NoButton,Drag,321,520
32.584,32.584,NoButton,Drag,340,519
32.601,32.601,NoButton,Drag,353,521
32.617,32.617,NoButton,Drag,364,524
32.633,32.633,NoButton,Drag,369,526
32.649,32.649,NoButton,Drag,370,527
32.665,32.665,NoButton,Drag,371,527
32.683,32.683,NoButton,Drag,371,527
32.7,32.7,NoButton,Drag,371,527
32.716,32.716,NoButton,Drag,371,527
32.733,32.733,NoButton,Drag,372,527
32.75,32.75,NoButton,Drag,371,525
32.766,32.766,NoButton,Drag,370,523
32.783,32.783,NoButton,Drag,368,522
32.799,32.799,NoButton,Drag,367,521
32.816,32.816,NoButton,Drag,367,521
32.833,32.833,NoButton,Drag,365,521
32.849,32.849,NoButton,Drag,362,521
32.866,32.866,NoButton,Drag,357,523
32.882,32.882,NoButton,Drag,354,523
32.9,32.9,NoButton,Drag,351,523
32.916,32.916,NoButton,Drag,349,523
32.932,32.932,NoButton,Drag,345,522
32.95,32.95,NoButton,Drag,337,520
32.966,32.966,NoButton,Drag,333,518
32.983,32.983,NoButton,Drag,332,518
33.034,33.034,Left,Pressed,332,518
33.122,33.122,NoButton,Drag,332,517
33.126,33.126,Left,Released,332,517
33.138,33.138,NoButton,Drag,332,517
33.15,33.15,NoButton,Drag,332,517
33.166,33.166,NoButton,Drag,332,517
33.183,33.183,NoButton,Drag,331,516
33.199,33.199,NoButton,Drag,331,515
33.258,33.258,Left,Pressed,331,515
33.27,33.27,NoButton,Drag,331,515
33.286,33.286,NoButton,Drag,331,515
33.294,33.294,NoButton,Drag,331,515
33.298,33.298,NoButton,Drag,332,515
33.306,33.306,NoButton,Drag,332,515
33.31,33.31,NoButton,Drag,332,515
33.314,33.314,NoButton,Drag,332,514
33.317,33.317,NoButton,Drag,331,514
33.321,33.321,NoButton,Drag,331,514
33.325,33.325,NoButton,Drag,331,513
33.33,33.33,NoButton,Drag,331,513
33.333,33.333,NoButton,Drag,331,512
33.337,33.337,NoButton,Drag,331,512
33.342,33.342,Left,Released,331,512
33.343,33.343,NoButton,Drag,330,511
33.351,33.351,NoButton,Drag,330,510
33.367,33.367,NoButton,Drag,332,503
33.384,33.384,NoButton,Drag,338,492
33.4,33.4,NoButton,Drag,355,474
33.418,33.418,NoButton,Drag,390,438
33.434,33.434,NoButton,Drag,435,403
33.451,33.451,NoButton,Drag,490,365
33.468,33.468,NoButton,Drag,568,316
33.484,33.484,NoButton,Drag,625,278
33.501,33.501,NoButton,Drag,671,242
33.518,33.518,NoButton,Drag,703,211
33.534,33.534,NoButton,Drag,726,189
33.551,33.551,NoButton,Drag,737,176
33.568,33.568,NoButton,Drag,742,168
33.585,33.585,NoButton,Drag,744,166
33.616,33.616,NoButton,Drag,744,165
33.624,33.624,NoButton,Drag,745,165
33.635,33.635,NoButton,Drag,745,166
33.653,33.653,NoButton,Drag,748,167
33.669,33.669,NoButton,Drag,754,169
33.685,33.685,NoButton,Drag,762,171
33.702,33.702,NoButton,Drag,771,174
33.719,33.719,NoButton,Drag,780,177
33.736,33.736,NoButton,Drag,786,179
33.752,33.752,NoButton,Drag,788,179
33.776,33.776,NoButton,Drag,789,180
33.785,33.785,NoButton,Drag,789,180
33.802,33.802,NoButton,Drag,789,181
33.808,33.808,NoButton,Drag,789,182
33.819,33.819,Left,Pressed,789,182
33.819,33.819,NoButton,Drag,789,182
33.88,33.88,Left,Released,789,182
34.01,34.01,Left,Pressed,789,182
34.066,34.066,Left,Released,789,182
34.07,34.07,NoButton,Drag,789,182
34.074,34.074,NoButton,Drag,789,183
34.09,34.09,NoButton,Drag,785,184
34.106,34.106,NoButton,Drag,774,188
34.123,34.123,NoButton,Drag,744,195
34.141,34.141,NoButton,Drag,691,206
34.157,34.157,NoButton,Drag,619,221
34.174,34.174,NoButton,Drag,507,239
34.191,34.191,NoButton,Drag,395,247
34.207,34.207,NoButton,Drag,284,249
34.225,34.225,NoButton,Drag,193,249
34.241,34.241,NoButton,Drag,135,249
34.258,34.258,NoButton,Drag,111,248
34.289,34.289,NoButton,Drag,112,248
34.294,34.294,NoButton,Drag,112,248
34.308,34.308,NoButton,Drag,114,248
34.325,34.325,NoButton,Drag,119,247
34.341,34.341,NoButton,Drag,126,247
34.358,34.358,NoButton,Drag,133,247
34.376,34.376,NoButton,Drag,140,249
34.393,34.393,NoButton,Drag,149,252
34.409,34.409,NoButton,Drag,160,255
34.426,34.426,NoButton,Drag,175,259
34.442,34.442,NoButton,Drag,185,259
34.46,34.46,NoButton,Drag,193,259
34.477,34.477,NoButton,Drag,199,258
34.493,34.493,NoButton,Drag,203,257
34.51,34.51,NoButton,Drag,207,255
34.526,34.526,NoButton,Drag,213,253
34.544,34.544,NoButton,Drag,221,250
34.56,34.56,NoButton,Drag,233,248
34.577,34.577,NoButton,Drag,248,245
34.593,34.593,NoButton,Drag,263,241
34.61,34.61,NoButton,Drag,273,239
34.626,34.626,NoButton,Drag,277,238
34.643,34.643,NoButton,Drag,279,238
34.66,34.66,NoButton,Drag,279,237
34.68,34.68,NoButton,Drag,280,237
34.708,34.708,NoButton,Drag,280,237
34.712,34.712,NoButton,Drag,280,238
34.727,34.727,NoButton,Drag,281,238
34.743,34.743,NoButton,Drag,283,239
34.759,34.759,NoButton,Drag,287,240
34.776,34.776,NoButton,Drag,293,242
34.794,34.794,NoButton,Drag,297,243
34.81,34.81,NoButton,Drag,298,244
34.816,34.816,NoButton,Drag,298,244
34.826,34.826,Left,Pressed,298,244
34.827,34.827,NoButton,Drag,299,244
34.828,34.828,NoButton,Drag,299,244
34.836,34.836,NoButton,Drag,299,244
34.917,34.917,Left,Released,299,244
34.997,34.997,NoButton,Drag,299,244
35,35,NoButton,Drag,299,244
35.01,35.01,NoButton,Drag,299,245
35.027,35.027,NoButton,Drag,301,247
35.043,35.043,NoButton,Drag,304,250
35.053,35.053,NoButton,Drag,305,252
35.06,35.06,Left,Pressed,305,252
35.06,35.06,NoButton,Drag,306,253
35.064,35.064,NoButton,Drag,306,254
35.068,35.068,NoButton,Drag,306,254
35.072,35.072,NoButton,Drag,307,255
35.075,35.075,NoButton,Drag,307,255
35.08,35.08,NoButton,Drag,307,255
35.084,35.084,NoButton,Drag,307,256
35.088,35.088,NoButton,Drag,308,256
35.092,35.092,NoButton,Drag,308,256
35.095,35.095,NoButton,Drag,308,257
35.099,35.099,NoButton,Drag,309,257
35.103,35.103,NoButton,Drag,309,258
35.107,35.107,NoButton,Drag,310,259
35.112,35.112,NoButton,Drag,310,260
35.115,35.115,NoButton,Drag,311,262
35.119,35.119,NoButton,Drag,312,263
35.123,35.123,NoButton,Drag,313,265
35.127,35.127,NoButton,Drag,315,266
35.132,35.132,NoButton,Drag,316,268
35.136,35.136,NoButton,Drag,318,270
35.14,35.14,Left,Released,318,270
35.141,35.141,NoButton,Drag,320,273
35.144,35.144,NoButton,Drag,322,275
35.16,35.16,NoButton,Drag,335,288
35.177,35.177,NoButton,Drag,353,304
35.194,35.194,NoButton,Drag,386,324
35.21,35.21,NoButton,Drag,428,344
35.228,35.228,NoButton,Drag,482,363
35.244,35.244,NoButton,Drag,541,384
35.26,35.26,NoButton,Drag,608,403
35.277,35.277,NoButton,Drag,680,424
35.294,35.294,NoButton,Drag,765,449
35.311,35.311,NoButton,Drag,819,463
35.327,35.327,NoButton,Drag,870,475
35.345,35.345,NoButton,Drag,918,485
35.361,35.361,NoButton,Drag,964,494
35.379,35.379,NoButton,Drag,1017,504
35.396,35.396,NoButton,Drag,1052,511
35.412,35.412,NoButton,Drag,1080,518
35.429,35.429,NoButton,Drag,1106,524
35.445,35.445,NoButton,Drag,1124,530
35.462,35.462,NoButton,Drag,1134,533
35.479,35.479,NoButton,Drag,1136,534
35.506,35.506,NoButton,Drag,1136,534
35.554,35.554,NoButton,Drag,1136,534
35.558,35.558,NoButton,Drag,1136,534
35.562,35.562,NoButton,Drag,1135,534
35.579,35.579,NoButton,Drag,1132,534
35.596,35.596,NoButton,Drag,1129,535
35.612,35.612,NoButton,Drag,1127,536
35.632,35.632,NoButton,Drag,1126,538
35.649,35.649,NoButton,Drag,1125,541
35.666,35.666,NoButton,Drag,1125,547
35.682,35.682,NoButton,Drag,1129,554
35.699,35.699,NoButton,Drag,1137,562
35.716,35.716,NoButton,Drag,1147,569
35.733,35.733,NoButton,Drag,1158,574
35.749,35.749,NoButton,Drag,1172,579
35.767,35.767,NoButton,Drag,1182,581
35.783,35.783,NoButton,Drag,1192,584
35.799,35.799,NoButton,Drag,1201,586
35.816,35.816,NoButton,Drag,1207,587
35.834,35.834,NoButton,Drag,1207,587
35.856,35.856,NoButton,Drag,1207,588
35.872,35.872,NoButton,Drag,1207,588
35.884,35.884,NoButton,Drag,1207,588
35.9,35.9,NoButton,Drag,1208,589
35.918,35.918,Left,Pressed,1208,589
35.918,35.918,NoButton,Drag,1208,590
35.919,35.919,NoButton,Drag,1209,590
35.932,35.932,NoButton,Drag,1209,590
35.94,35.94,NoButton,Drag,1209,590
35.952,35.952,NoButton,Drag,1209,590
35.992,35.992,Left,Released,1209,590
36.04,36.04,NoButton,Drag,1209,590
36.044,36.044,NoButton,Drag,1209,590
36.053,36.053,NoButton,Drag,1209,589
36.07,36.07,NoButton,Drag,1208,589
36.128,36.128,Left,Pressed,1208,589
36.18,36.18,Left,Released,1208,589
36.2,36.2,NoButton,Drag,1208,589
36.204,36.204,NoButton,Drag,1208,589
36.208,36.208,NoButton,Drag,1207,589
36.221,36.221,NoButton,Drag,1203,589
36.238,36.238,NoButton,Drag,1187,587
36.254,36.254,NoButton,Drag,1149,580
36.271,36.271,NoButton,Drag,1084,569
36.288,36.288,NoButton,Drag,960,540
36.304,36.304,NoButton,Drag,839,508
36.321,36.321,NoButton,Drag,708,463
36.338,36.338,NoButton,Drag,581,412
36.355,36.355,NoButton,Drag,504,375
36.371,36.371,NoButton,Drag,453,350
36.388,36.388,NoButton,Drag,434,338
36.407,36.407,NoButton,Drag,433,336
36.423,36.423,NoButton,Drag,434,335
36.439,36.439,NoButton,Drag,435,334
36.457,36.457,NoButton,Drag,435,333
36.474,36.474,NoButton,Drag,436,332
36.49,36.49,NoButton,Drag,436,332
36.507,36.507,NoButton,Drag,438,331
36.524,36.524,NoButton,Drag,440,329
36.54,36.54,NoButton,Drag,443,327
36.557,36.557,NoButton,Drag,447,325
36.574,36.574,NoButton,Drag,454,320
36.59,36.59,NoButton,Drag,461,317
36.607,36.607,NoButton,Drag,469,313
36.624,36.624,NoButton,Drag,477,308
36.642,36.642,NoButton,Drag,483,303
36.66,36.66,NoButton,Drag,486,300
36.676,36.676,NoButton,Drag,486,298
36.693,36.693,NoButton,Drag,486,296
36.709,36.709,NoButton,Drag,486,294
36.726,36.726,NoButton,Drag,486,294
36.77,36.77,Left,Pressed,486,294
36.842,36.842,NoButton,Drag,486,293
36.858,36.858,NoButton,Drag,486,293
36.861,36.861,NoButton,Drag,486,293
36.88,36.88,Left,Released,486,293
36.896,36.896,NoButton,Drag,486,293
36.899,36.899,NoButton,Drag,486,293
36.908,36.908,NoButton,Drag,487,293
36.924,36.924,NoButton,Drag,488,292
36.942,36.942,NoButton,Drag,490,290
36.958,36.958,NoButton,Drag,491,289
36.975,36.975,NoButton,Drag,493,288
36.991,36.991,NoButton,Drag,497,286
37.008,37.008,NoButton,Drag,505,284
37.024,37.024,NoButton,Drag,513,282
37.042,37.042,NoButton,Drag,521,280
37.058,37.058,NoButton,Drag,527,278
37.075,37.075,NoButton,Drag,531,277
37.092,37.092,NoButton,Drag,532,277
37.128,37.128,NoButton,Drag,533,277
37.144,37.144,Left,Pressed,533,277
37.147,37.147,NoButton,Drag,533,277
37.22,37.22,NoButton,Drag,533,277
37.228,37.228,Left,Released,533,277
37.28,37.28,NoButton,Drag,533,277
37.284,37.284,NoButton,Drag,533,277
37.288,37.288,NoButton,Drag,533,278
37.302,37.302,NoButton,Drag,531,278
37.319,37.319,NoButton,Drag,527,282
37.335,37.335,NoButton,Drag,521,286
37.352,37.352,NoButton,Drag,512,295
37.37,37.37,NoButton,Drag,504,304
37.384,37.384,NoButton,Drag,497,315
37.4,37.4,NoButton,Drag,487,327
37.418,37.418,NoButton,Drag,476,340
37.434,37.434,NoButton,Drag,464,353
37.451,37.451,NoButton,Drag,449,366
37.467,37.467,NoButton,Drag,435,379
37.485,37.485,NoButton,Drag,414,396
37.501,37.501,NoButton,Drag,397,409
37.517,37.517,NoButton,Drag,380,421
37.534,37.534,NoButton,Drag,357,432
37.552,37.552,NoButton,Drag,337,438
37.568,37.568,NoButton,Drag,322,442
37.584,37.584,NoButton,Drag,312,445
37.602,37.602,NoButton,Drag,305,446
37.618,37.618,NoButton,Drag,302,448
37.63,37.63,NoButton,Drag,301,449
37.646,37.646,NoButton,Drag,300,451
37.663,37.663,NoButton,Drag,297,456
37.681,37.681,NoButton,Drag,292,465
37.696,37.696,NoButton,Drag,286,478
37.713,37.713,NoButton,Drag,278,494
37.73,37.73,NoButton,Drag,264,516
37.747,37.747,NoButton,Drag,251,532
37.764,37.764,NoButton,Drag,236,548
37.781,37.781,NoButton,Drag,219,561
37.796,37.796,NoButton,Drag,203,573
37.813,37.813,NoButton,Drag,189,581
37.83,37.83,NoButton,Drag,172,586
37.848,37.848,NoButton,Drag,161,588
37.864,37.864,NoButton,Drag,151,589
37.878,37.878,NoButton,Drag,146,589
37.894,37.894,NoButton,Drag,146,589
37.918,37.918,NoButton,Drag,145,589
37.928,37.928,NoButton,Drag,145,589
37.945,37.945,NoButton,Drag,146,587
37.962,37.962,NoButton,Drag,149,583
37.979,37.979,NoButton,Drag,151,580
37.982,37.982,Left,Pressed,151,580
37.983,37.983,NoButton,Drag,151,580
37.986,37.986,NoButton,Drag,151,580
37.989,37.989,NoButton,Drag,152,580
37.993,37.993,NoButton,Drag,152,579
37.997,37.997,NoButton,Drag,152,579
38.001,38.001,NoButton,Drag,152,579
38.01,38.01,NoButton,Drag,153,579
38.014,38.014,NoButton,Drag,153,579
38.018,38.018,NoButton,Drag,153,579
38.022,38.022,NoButton,Drag,153,579
38.026,38.026,NoButton,Drag,154,579
38.03,38.03,NoButton,Drag,154,579
38.034,38.034,NoButton,Drag,154,579
38.056,38.056,NoButton,Drag,154,579
38.06,38.06,NoButton,Drag,154,578
38.072,38.072,NoButton,Drag,154,578
38.076,38.076,NoButton,Drag,154,578
38.084,38.084,NoButton,Drag,154,577
38.092,38.092,NoButton,Drag,154,577
38.096,38.096,NoButton,Drag,154,577
38.1,38.1,Left,Released,154,577
38.104,38.104,NoButton,Drag,153,577
38.11,38.11,NoButton,Drag,153,576
38.126,38.126,NoButton,Drag,152,575
38.144,38.144,NoButton,Drag,150,573
38.16,38.16,NoButton,Drag,149,573
38.212,38.212,NoButton,Drag,149,573
38.223,38.223,NoButton,Drag,149,573
38.232,38.232,NoButton,Drag,148,573
38.243,38.243,NoButton,Drag,148,574
38.261,38.261,NoButton,Drag,147,575
38.272,38.272,NoButton,Drag,147,575
38.278,38.278,Left,Pressed,147,575
38.278,38.278,NoButton,Drag,146,576
38.279,38.279,NoButton,Drag,146,576
38.283,38.283,NoButton,Drag,146,576
38.287,38.287,NoButton,Drag,146,576
38.291,38.291,NoButton,Drag,146,577
38.295,38.295,NoButton,Drag,146,577
38.303,38.303,NoButton,Drag,146,577
38.311,38.311,NoButton,Drag,146,577
38.315,38.315,NoButton,Drag,146,578
38.404,38.404,Left,Released,146,578
38.416,38.416,NoButton,Drag,145,578
38.424,38.424,NoButton,Drag,145,578
38.428,38.428,NoButton,Drag,145,577
38.443,38.443,NoButton,Drag,145,577
38.459,38.459,NoButton,Drag,144,575
38.476,38.476,NoButton,Drag,143,574
38.493,38.493,NoButton,Drag,143,573
38.51,38.51,NoButton,Drag,143,573
38.552,38.552,NoButton,Drag,143,572
38.568,38.568,NoButton,Drag,144,572
38.576,38.576,NoButton,Drag,144,572
38.593,38.593,NoButton,Drag,145,571
38.61,38.61,NoButton,Drag,147,568
38.627,38.627,NoButton,Drag,158,560
38.644,38.644,NoButton,Drag,180,550
38.66,38.66,NoButton,Drag,217,536
38.677,38.677,NoButton,Drag,263,520
38.693,38.693,NoButton,Drag,318,501
38.71,38.71,NoButton,Drag,379,480
38.727,38.727,NoButton,Drag,421,469
38.743,38.743,NoButton,Drag,453,466
38.761,38.761,NoButton,Drag,478,466
38.777,38.777,NoButton,Drag,492,466
38.794,38.794,NoButton,Drag,503,467
38.811,38.811,NoButton,Drag,506,468
38.83,38.83,NoButton,Drag,506,468
38.844,38.844,NoButton,Drag,507,468
38.861,38.861,NoButton,Drag,513,466
38.877,38.877,NoButton,Drag,524,462
38.891,38.891,NoButton,Drag,539,457
38.908,38.908,NoButton,Drag,553,453
38.924,38.924,NoButton,Drag,567,450
38.941,38.941,NoButton,Drag,580,445
38.957,38.957,NoButton,Drag,593,441
38.974,38.974,NoButton,Drag,610,437
38.991,38.991,NoButton,Drag,624,433
39.008,39.008,NoButton,Drag,637,431
39.024,39.024,NoButton,Drag,651,431
39.041,39.041,NoButton,Drag,667,431
39.058,39.058,NoButton,Drag,684,435
39.074,39.074,NoButton,Drag,694,437
39.092,39.092,NoButton,Drag,702,439
39.108,39.108,NoButton,Drag,706,442
39.125,39.125,NoButton,Drag,709,444
39.14,39.14,NoButton,Drag,711,447
39.158,39.158,NoButton,Drag,713,449
39.174,39.174,NoButton,Drag,714,451
39.191,39.191,NoButton,Drag,715,452
39.207,39.207,NoButton,Drag,716,453
39.224,39.224,NoButton,Drag,717,454
39.241,39.241,NoButton,Drag,719,454
39.257,39.257,NoButton,Drag,723,454
39.274,39.274,NoButton,Drag,728,454
39.291,39.291,NoButton,Drag,732,453
39.308,39.308,NoButton,Drag,737,450
39.324,39.324,NoButton,Drag,742,447
39.341,39.341,NoButton,Drag,747,444
39.359,39.359,NoButton,Drag,750,441
39.374,39.374,NoButton,Drag,753,439
39.391,39.391,NoButton,Drag,755,438
39.408,39.408,NoButton,Drag,757,436
39.424,39.424,NoButton,Drag,758,436
39.44,39.44,NoButton,Drag,759,436
39.457,39.457,NoButton,Drag,760,436
39.474,39.474,NoButton,Drag,761,435
39.491,39.491,NoButton,Drag,763,435
39.508,39.508,NoButton,Drag,765,435
39.524,39.524,NoButton,Drag,766,435
39.541,39.541,NoButton,Drag,766,435
39.553,39.553,NoButton,Drag,767,435
39.558,39.558,Left,Pressed,767,435
39.559,39.559,NoButton,Drag,767,435
39.56,39.56,NoButton,Drag,767,435
39.572,39.572,NoButton,Drag,767,435
39.576,39.576,NoButton,Drag,768,435
39.58,39.58,NoButton,Drag,768,435
39.632,39.632,Left,Released,768,435
39.676,39.676,NoButton,Drag,768,435
39.68,39.68,NoButton,Drag,768,435
39.691,39.691,NoButton,Drag,768,435
39.707,39.707,NoButton,Drag,769,434
39.724,39.724,NoButton,Drag,769,434
39.764,39.764,NoButton,Drag,769,434
39.772,39.772,Left,Pressed,769,434
39.773,39.773,NoButton,Drag,769,434
39.814,39.814,NoButton,Drag,769,434
39.849,39.849,NoButton,Drag,769,434
39.854,39.854,Left,Released,769,434
39.855,39.855,NoButton,Drag,769,433
39.858,39.858,NoButton,Drag,768,433
39.874,39.874,NoButton,Drag,762,431
39.891,39.891,NoButton,Drag,743,426
39.907,39.907,NoButton,Drag,717,419
39.924,39.924,NoButton,Drag,690,412
39.94,39.94,NoButton,Drag,670,403
39.957,39.957,NoButton,Drag,659,392
39.974,39.974,NoButton,Drag,652,381
39.991,39.991,NoButton,Drag,650,373
40.007,40.007,NoButton,Drag,651,365
40.024,40.024,NoButton,Drag,654,357
40.041,40.041,NoButton,Drag,659,350
40.057,40.057,NoButton,Drag,663,344
40.074,40.074,NoButton,Drag,664,338
40.092,40.092,NoButton,Drag,664,335
40.108,40.108,NoButton,Drag,664,334
40.125,40.125,NoButton,Drag,663,332
40.142,40.142,NoButton,Drag,662,329
40.158,40.158,NoButton,Drag,661,326
40.176,40.176,NoButton,Drag,661,324
40.191,40.191,NoButton,Drag,661,318
40.209,40.209,NoButton,Drag,660,312
40.225,40.225,NoButton,Drag,660,307
40.242,40.242,NoButton,Drag,660,301
40.259,40.259,NoButton,Drag,660,297
40.276,40.276,NoButton,Drag,661,296
40.292,40.292,NoButton,Drag,662,296
40.298,40.298,NoButton,Drag,662,296
40.309,40.309,Left,Pressed,662,296
40.31,40.31,NoButton,Drag,663,296
40.314,40.314,NoButton,Drag,663,297
40.317,40.317,NoButton,Drag,664,297
40.321,40.321,NoButton,Drag,664,297
40.325,40.325,NoButton,Drag,664,297
40.33,40.33,NoButton,Drag,664,297
40.334,40.334,NoButton,Drag,665,298
40.346,40.346,NoButton,Drag,665,298
40.404,40.404,Left,Released,665,298
40.428,40.428,NoButton,Drag,665,298
40.432,40.432,NoButton,Drag,664,298
40.438,40.438,NoButton,Drag,664,298
40.455,40.455,NoButton,Drag,659,298
40.471,40.471,NoButton,Drag,649,298
40.488,40.488,NoButton,Drag,631,298
40.504,40.504,NoButton,Drag,617,299
40.522,40.522,NoButton,Drag,604,303
40.538,40.538,NoButton,Drag,595,306
40.555,40.555,NoButton,Drag,590,310
40.571,40.571,NoButton,Drag,589,312
40.588,40.588,NoButton,Drag,590,313
40.605,40.605,NoButton,Drag,592,314
40.622,40.622,NoButton,Drag,597,316
40.637,40.637,NoButton,Drag,608,319
40.654,40.654,NoButton,Drag,625,323
40.671,40.671,NoButton,Drag,645,332
40.687,40.687,NoButton,Drag,668,346
40.704,40.704,NoButton,Drag,703,374
40.721,40.721,NoButton,Drag,734,403
40.737,40.737,NoButton,Drag,768,439
40.755,40.755,NoButton,Drag,807,483
40.771,40.771,NoButton,Drag,861,532
40.788,40.788,NoButton,Drag,936,586
40.804,40.804,NoButton,Drag,992,622
40.822,40.822,NoButton,Drag,1051,654
40.837,40.837,NoButton,Drag,1111,681
40.854,40.854,NoButton,Drag,1162,701
40.871,40.871,NoButton,Drag,1208,719
40.888,40.888,NoButton,Drag,1248,738
40.904,40.904,NoButton,Drag,1265,752
40.922,40.922,NoButton,Drag,1277,766
40.938,40.938,NoButton,Drag,1288,785
40.954,40.954,NoButton,Drag,1294,802
40.972,40.972,NoButton,Drag,1299,817
40.988,40.988,NoButton,Drag,1303,828
41.005,41.005,NoButton,Drag,1310,836
41.021,41.021,NoButton,Drag,1320,841
41.038,41.038,NoButton,Drag,1330,843
41.055,41.055,NoButton,Drag,1336,841
41.071,41.071,NoButton,Drag,1338,841
41.089,41.089,NoButton,Drag,1338,840
41.17,41.17,NoButton,Drag,1339,840
41.173,41.173,NoButton,Drag,1339,840
41.188,41.188,NoButton,Drag,1340,840
41.205,41.205,NoButton,Drag,1345,841
41.222,41.222,NoButton,Drag,1353,841
41.238,41.238,NoButton,Drag,1359,841
41.256,41.256,NoButton,Drag,1362,840
41.272,41.272,NoButton,Drag,1364,838
41.288,41.288,NoButton,Drag,1367,836
41.305,41.305,NoButton,Drag,1371,834
41.322,41.322,NoButton,Drag,1379,831
41.339,41.339,NoButton,Drag,1388,829
41.356,41.356,NoButton,Drag,1396,827
41.372,41.372,NoButton,Drag,1402,827
41.388,41.388,NoButton,Drag,1404,827
41.405,41.405,NoButton,Drag,1405,827
41.406,41.406,Left,Pressed,1405,827
41.409,41.409,NoButton,Drag,1405,827
41.421,41.421,NoButton,Drag,1405,827
41.446,41.446,NoButton,Drag,1405,827
41.461,41.461,NoButton,Drag,1406,827
41.508,41.508,Left,Released,1406,827
41.512,41.512,NoButton,Drag,1406,827
41.532,41.532,NoButton,Drag,1406,827
41.539,41.539,NoButton,Drag,1406,827
41.556,41.556,NoButton,Drag,1402,826
41.572,41.572,NoButton,Drag,1393,825
41.589,41.589,NoButton,Drag,1378,825
41.606,41.606,NoButton,Drag,1359,825
41.622,41.622,NoButton,Drag,1339,825
41.639,41.639,NoButton,Drag,1316,825
41.656,41.656,NoButton,Drag,1287,827
41.674,41.674,NoButton,Drag,1265,828
41.69,41.69,NoButton,Drag,1242,828
41.707,41.707,NoButton,Drag,1212,827
41.723,41.723,NoButton,Drag,1175,821
41.74,41.74,NoButton,Drag,1119,805
41.756,41.756,NoButton,Drag,1069,789
41.773,41.773,NoButton,Drag,1017,769
41.79,41.79,NoButton,Drag,971,749
41.806,41.806,NoButton,Drag,939,731
41.824,41.824,NoButton,Drag,910,711
41.84,41.84,NoButton,Drag,898,700
41.856,41.856,NoButton,Drag,889,689
41.874,41.874,NoButton,Drag,883,680
41.887,41.887,NoButton,Drag,881,674
41.903,41.903,NoButton,Drag,879,665
41.92,41.92,NoButton,Drag,876,653
41.936,41.936,NoButton,Drag,874,641
41.953,41.953,NoButton,Drag,870,626
41.97,41.97,NoButton,Drag,864,608
41.987,41.987,NoButton,Drag,857,588
42.001,42.001,NoButton,Drag,847,564
42.019,42.019,NoButton,Drag,837,538
42.035,42.035,NoButton,Drag,827,510
42.052,42.052,NoButton,Drag,812,475
42.068,42.068,NoButton,Drag,800,448
42.085,42.085,NoButton,Drag,789,424
42.102,42.102,NoButton,Drag,779,406
42.119,42.119,NoButton,Drag,777,398
42.135,42.135,NoButton,Drag,777,396
42.15,42.15,NoButton,Drag,776,395
42.152,42.152,Left,Pressed,776,395
42.202,42.202,NoButton,Drag,776,396
42.205,42.205,NoButton,Drag,776,396
42.209,42.209,NoButton,Drag,776,396
42.214,42.214,Left,Released,776,396
42.215,42.215,NoButton,Drag,775,397
42.218,42.218,NoButton,Drag,775,398
42.234,42.234,NoButton,Drag,773,401
42.25,42.25,NoButton,Drag,770,405
42.268,42.268,NoButton,Drag,767,410
42.284,42.284,NoButton,Drag,763,416
42.301,42.301,NoButton,Drag,759,422
42.318,42.318,NoButton,Drag,753,432
42.334,42.334,NoButton,Drag,750,441
42.351,42.351,NoButton,Drag,748,449
42.368,42.368,NoButton,Drag,746,456
42.385,42.385,NoButton,Drag,746,461
42.401,42.401,NoButton,Drag,746,464
42.418,42.418,NoButton,Drag,746,466
42.434,42.434,NoButton,Drag,746,467
42.442,42.442,NoButton,Drag,746,467
42.451,42.451,Left,Pressed,746,467
42.451,42.451,NoButton,Drag,746,467
42.53,42.53,Left,Released,746,467
42.55,42.55,NoButton,Drag,746,467
42.562,42.562,NoButton,Drag,746,467
42.57,42.57,NoButton,Drag,746,467
42.583,42.583,NoButton,Drag,746,466
42.6,42.6,NoButton,Drag,745,465
42.617,42.617,NoButton,Drag,745,464
42.634,42.634,NoButton,Drag,744,462
42.651,42.651,NoButton,Drag,742,460
42.667,42.667,NoButton,Drag,741,458
42.684,42.684,NoButton,Drag,735,452
42.7,42.7,NoButton,Drag,730,447
42.718,42.718,NoButton,Drag,728,445
42.735,42.735,NoButton,Drag,728,443
42.744,42.744,NoButton,Drag,727,443
42.751,42.751,Left,Pressed,727,443
42.752,42.752,NoButton,Drag,727,442
42.755,42.755,NoButton,Drag,727,442
42.764,42.764,NoButton,Drag,727,442
42.768,42.768,NoButton,Drag,726,441
42.792,42.792,NoButton,Drag,726,441
42.799,42.799,NoButton,Drag,726,441
42.812,42.812,NoButton,Drag,726,441
42.815,42.815,NoButton,Drag,726,441
42.824,42.824,NoButton,Drag,726,441
42.828,42.828,NoButton,Drag,726,440
42.848,42.848,NoButton,Drag,725,440
42.852,42.852,Left,Released,725,440
42.853,42.853,NoButton,Drag,725,440
42.859,42.859,NoButton,Drag,725,440
42.87,42.87,NoButton,Drag,725,439
42.887,42.887,NoButton,Drag,724,439
42.904,42.904,NoButton,Drag,724,437
42.92,42.92,NoButton,Drag,725,436
42.938,42.938,NoButton,Drag,725,436
43.008,43.008,NoButton,Drag,725,436
43.028,43.028,NoButton,Drag,725,436
43.037,43.037,NoButton,Drag,725,435
43.054,43.054,NoButton,Drag,725,435
43.071,43.071,NoButton,Drag,725,433
43.087,43.087,NoButton,Drag,723,430
43.104,43.104,NoButton,Drag,710,420
43.121,43.121,NoButton,Drag,686,407
43.138,43.138,NoButton,Drag,639,387
43.155,43.155,NoButton,Drag,566,354
43.171,43.171,NoButton,Drag,483,317
43.188,43.188,NoButton,Drag,356,268
43.204,43.204,NoButton,Drag,262,233
43.221,43.221,NoButton,Drag,189,203
43.238,43.238,NoButton,Drag,137,185
43.255,43.255,NoButton,Drag,123,182
43.272,43.272,NoButton,Drag,122,181
43.315,43.315,NoButton,Drag,122,182
43.318,43.318,NoButton,Drag,122,182
43.322,43.322,NoButton,Drag,122,182
43.339,43.339,NoButton,Drag,125,186
43.355,43.355,NoButton,Drag,130,193
43.372,43.372,NoButton,Drag,135,200
43.389,43.389,NoButton,Drag,139,208
43.405,43.405,NoButton,Drag,143,217
43.422,43.422,NoButton,Drag,149,229
43.439,43.439,NoButton,Drag,158,239
43.456,43.456,NoButton,Drag,169,248
43.473,43.473,NoButton,Drag,183,256
43.489,43.489,NoButton,Drag,201,261
43.506,43.506,NoButton,Drag,221,266
43.523,43.523,NoButton,Drag,235,270
43.539,43.539,NoButton,Drag,249,275
43.556,43.556,NoButton,Drag,261,281
43.573,43.573,NoButton,Drag,271,289
43.589,43.589,NoButton,Drag,280,297
43.606,43.606,NoButton,Drag,288,304
43.622,43.622,NoButton,Drag,291,306
43.642,43.642,NoButton,Drag,291,307
43.66,43.66,NoButton,Drag,290,307
43.676,43.676,NoButton,Drag,288,308
43.693,43.693,NoButton,Drag,286,308
43.709,43.709,NoButton,Drag,284,308
43.726,43.726,NoButton,Drag,282,308
43.744,43.744,NoButton,Drag,280,308
43.76,43.76,NoButton,Drag,278,308
43.776,43.776,NoButton,Drag,275,309
43.794,43.794,NoButton,Drag,274,310
43.81,43.81,NoButton,Drag,273,311
43.821,43.821,NoButton,Drag,273,312
43.826,43.826,Left,Pressed,273,312
43.826,43.826,NoButton,Drag,273,313
43.827,43.827,NoButton,Drag,273,313
43.831,43.831,NoButton,Drag,273,314
43.835,43.835,NoButton,Drag,273,314
43.839,43.839,NoButton,Drag,273,315
43.843,43.843,NoButton,Drag,273,315
43.847,43.847,NoButton,Drag,273,315
43.851,43.851,NoButton,Drag,273,315
43.864,43.864,NoButton,Drag,274,316
43.9,43.9,NoButton,Drag,274,316
43.908,43.908,NoButton,Drag,274,316
43.912,43.912,NoButton,Drag,274,316
43.916,43.916,NoButton,Drag,275,315
43.92,43.92,NoButton,Drag,275,315
43.924,43.924,NoButton,Drag,275,314
43.928,43.928,NoButton,Drag,276,314
43.932,43.932,NoButton,Drag,276,313
43.936,43.936,NoButton,Drag,277,313
43.94,43.94,NoButton,Drag,277,312
43.944,43.944,NoButton,Drag,278,312
43.948,43.948,NoButton,Drag,278,311
43.952,43.952,NoButton,Drag,279,311
43.956,43.956,NoButton,Drag,279,311
43.96,43.96,Left,Released,279,311
43.961,43.961,NoButton,Drag,279,310
43.969,43.969,NoButton,Drag,279,310
43.982,43.982,NoButton,Drag,280,309
43.998,43.998,NoButton,Drag,280,308
44.017,44.017,NoButton,Drag,279,306
44.035,44.035,NoButton,Drag,279,304
44.051,44.051,NoButton,Drag,282,300
44.068,44.068,NoButton,Drag,291,291
44.084,44.084,NoButton,Drag,304,281
44.101,44.101,NoButton,Drag,330,272
44.118,44.118,NoButton,Drag,376,264
44.136,44.136,NoButton,Drag,430,263
44.152,44.152,NoButton,Drag,492,266
44.168,44.168,NoButton,Drag,535,278
44.185,44.185,NoButton,Drag,566,295
44.203,44.203,NoButton,Drag,595,323
44.219,44.219,NoButton,Drag,623,361
44.235,44.235,NoButton,Drag,657,417
44.252,44.252,NoButton,Drag,707,509
44.269,44.269,NoButton,Drag,753,585
44.286,44.286,NoButton,Drag,797,658
44.302,44.302,NoButton,Drag,836,723
44.319,44.319,NoButton,Drag,867,774
44.336,44.336,NoButton,Drag,885,809
44.352,44.352,NoButton,Drag,894,826
44.369,44.369,NoButton,Drag,898,834
44.387,44.387,NoButton,Drag,899,835
44.406,44.406,NoButton,Drag,899,835
44.42,44.42,NoButton,Drag,899,833
44.437,44.437,NoButton,Drag,899,828
44.454,44.454,NoButton,Drag,900,825
44.47,44.47,NoButton,Drag,901,823
44.488,44.488,NoButton,Drag,905,823
44.504,44.504,NoButton,Drag,915,823
44.52,44.52,NoButton,Drag,934,825
44.537,44.537,NoButton,Drag,963,829
44.554,44.554,NoButton,Drag,997,830
44.571,44.571,NoButton,Drag,1015,828
44.588,44.588,NoButton,Drag,1024,822
44.604,44.604,NoButton,Drag,1028,816
44.621,44.621,NoButton,Drag,1029,810
44.637,44.637,NoButton,Drag,1029,803
44.654,44.654,NoButton,Drag,1030,797
44.671,44.671,NoButton,Drag,1031,793
44.688,44.688,NoButton,Drag,1032,789
44.705,44.705,NoButton,Drag,1032,785
44.721,44.721,NoButton,Drag,1032,782
44.738,44.738,NoButton,Drag,1032,780
44.755,44.755,NoButton,Drag,1030,778
44.772,44.772,NoButton,Drag,1028,776
44.788,44.788,NoButton,Drag,1022,773
44.805,44.805,NoButton,Drag,1015,771
44.822,44.822,NoButton,Drag,1007,770
44.838,44.838,NoButton,Drag,1004,770
44.856,44.856,NoButton,Drag,1004,770
44.886,44.886,NoButton,Drag,1004,770
44.906,44.906,NoButton,Drag,1003,769
44.914,44.914,NoButton,Drag,1003,769
44.922,44.922,NoButton,Drag,1003,768
44.938,44.938,NoButton,Drag,1002,768
44.956,44.956,NoButton,Drag,1001,766
44.972,44.972,NoButton,Drag,1000,766
45.037,45.037,Left,Pressed,1000,766
45.057,45.057,NoButton,Drag,1000,766
45.132,45.132,Left,Released,1000,766
45.228,45.228,NoButton,Drag,1000,766
45.24,45.24,NoButton,Drag,1000,766
45.248,45.248,NoButton,Drag,1000,766
45.255,45.255,NoButton,Drag,999,766
45.272,45.272,NoButton,Drag,997,765
45.288,45.288,NoButton,Drag,993,764
45.306,45.306,NoButton,Drag,984,762
45.322,45.322,NoButton,Drag,966,757
45.339,45.339,NoButton,Drag,939,749
45.355,45.355,NoButton,Drag,899,738
45.372,45.372,NoButton,Drag,840,721
45.389,45.389,NoButton,Drag,787,705
45.406,45.406,NoButton,Drag,733,692
45.423,45.423,NoButton,Drag,682,683
45.44,45.44,NoButton,Drag,639,681
45.457,45.457,NoButton,Drag,622,685
45.474,45.474,NoButton,Drag,615,689
45.49,45.49,NoButton,Drag,614,694
45.506,45.506,NoButton,Drag,614,700
45.524,45.524,NoButton,Drag,616,703
45.541,45.541,NoButton,Drag,617,704
45.626,45.626,NoButton,Drag,618,705
45.639,45.639,Left,Pressed,618,705
45.639,45.639,NoButton,Drag,618,705
45.65,45.65,NoButton,Drag,618,705
45.654,45.654,NoButton,Drag,618,705
45.662,45.662,NoButton,Drag,619,705
45.674,45.674,NoButton,Drag,619,705
45.747,45.747,NoButton,Drag,619,704
45.751,45.751,Left,Released,619,704
45.79,45.79,NoButton,Drag,619,704
45.798,45.798,NoButton,Drag,619,704
45.804,45.804,NoButton,Drag,620,704
45.821,45.821,NoButton,Drag,622,703
45.837,45.837,NoButton,Drag,624,701
45.853,45.853,NoButton,Drag,627,700
45.87,45.87,NoButton,Drag,631,698
45.887,45.887,NoButton,Drag,634,697
45.905,45.905,NoButton,Drag,637,696
45.921,45.921,NoButton,Drag,639,695
45.937,45.937,NoButton,Drag,641,695
45.951,45.951,NoButton,Drag,642,695
45.955,45.955,Left,Pressed,642,695
46.052,46.052,Left,Released,642,695
46.062,46.062,NoButton,Drag,642,695
46.1,46.1,NoButton,Drag,642,695
46.112,46.112,NoButton,Drag,642,694
46.12,46.12,NoButton,Drag,642,694
46.137,46.137,NoButton,Drag,641,693
46.153,46.153,NoButton,Drag,640,692
46.169,46.169,NoButton,Drag,639,690
46.187,46.187,NoButton,Drag,638,688
46.203,46.203,NoButton,Drag,637,686
46.219,46.219,NoButton,Drag,636,685
46.236,46.236,NoButton,Drag,634,685
46.254,46.254,NoButton,Drag,632,684
46.27,46.27,NoButton,Drag,626,685
46.286,46.286,NoButton,Drag,613,685
46.303,46.303,NoButton,Drag,595,685
46.32,46.32,NoButton,Drag,558,680
46.336,46.336,NoButton,Drag,516,670
46.354,46.354,NoButton,Drag,467,654
46.37,46.37,NoButton,Drag,418,636
46.386,46.386,NoButton,Drag,374,618
46.402,46.402,NoButton,Drag,332,598
46.419,46.419,NoButton,Drag,299,579
46.435,46.435,NoButton,Drag,270,562
46.452,46.452,NoButton,Drag,237,540
46.469,46.469,NoButton,Drag,221,527
46.485,46.485,NoButton,Drag,214,519
46.502,46.502,NoButton,Drag,213,516
46.519,46.519,NoButton,Drag,213,515
46.536,46.536,NoButton,Drag,213,514
46.628,46.628,NoButton,Drag,213,514
46.632,46.632,NoButton,Drag,213,514
46.636,46.636,NoButton,Drag,212,513
46.652,46.652,NoButton,Drag,212,512
46.669,46.669,NoButton,Drag,210,510
46.685,46.685,NoButton,Drag,207,506
46.702,46.702,NoButton,Drag,198,496
46.719,46.719,NoButton,Drag,185,484
46.735,46.735,NoButton,Drag,170,471
46.752,46.752,NoButton,Drag,155,459
46.769,46.769,NoButton,Drag,142,449
46.785,46.785,NoButton,Drag,136,442
46.802,46.802,NoButton,Drag,134,439
46.819,46.819,NoButton,Drag,134,438
46.836,46.836,NoButton,Drag,134,438
46.852,46.852,NoButton,Drag,135,438
46.866,46.866,Left,Pressed,135,438
46.894,46.894,NoButton,Drag,135,438
46.97,46.97,NoButton,Drag,135,437
46.974,46.974,Left,Released,135,437
46.982,46.982,NoButton,Drag,135,437
46.99,46.99,NoButton,Drag,135,437
47.002,47.002,NoButton,Drag,134,437
47.019,47.019,NoButton,Drag,134,436
47.038,47.038,NoButton,Drag,134,436
47.052,47.052,NoButton,Drag,134,435
47.069,47.069,NoButton,Drag,133,434
47.085,47.085,NoButton,Drag,132,433
47.102,47.102,NoButton,Drag,132,432
47.119,47.119,NoButton,Drag,131,431
47.135,47.135,NoButton,Drag,131,430
47.153,47.153,NoButton,Drag,130,428
47.17,47.17,NoButton,Drag,130,424
47.187,47.187,NoButton,Drag,132,418
47.204,47.204,NoButton,Drag,141,409
47.22,47.22,NoButton,Drag,171,396
47.238,47.238,NoButton,Drag,221,388
47.255,47.255,NoButton,Drag,301,389
47.271,47.271,NoButton,Drag,405,398
47.288,47.288,NoButton,Drag,545,429
47.304,47.304,NoButton,Drag,647,467
47.32,47.32,NoButton,Drag,735,509
47.337,47.337,NoButton,Drag,816,549
47.355,47.355,NoButton,Drag,894,589
47.371,47.371,NoButton,Drag,955,626
47.387,47.387,NoButton,Drag,998,659
47.404,47.404,NoButton,Drag,1038,694
47.423,47.423,NoButton,Drag,1062,715
47.439,47.439,NoButton,Drag,1086,733
47.456,47.456,NoButton,Drag,1108,748
47.473,47.473,NoButton,Drag,1116,752
47.49,47.49,NoButton,Drag,1117,752
47.507,47.507,NoButton,Drag,1118,752
47.523,47.523,NoButton,Drag,1117,749
47.54,47.54,NoButton,Drag,1108,737
47.557,47.557,NoButton,Drag,1095,723
47.574,47.574,NoButton,Drag,1078,707
47.59,47.59,NoButton,Drag,1063,693
47.607,47.607,NoButton,Drag,1051,682
47.624,47.624,NoButton,Drag,1041,673
47.641,47.641,NoButton,Drag,1035,668
47.658,47.658,NoButton,Drag,1032,666
47.675,47.675,NoButton,Drag,1026,665
47.692,47.692,NoButton,Drag,1019,664
47.708,47.708,NoButton,Drag,1015,664
47.725,47.725,NoButton,Drag,1014,664
47.742,47.742,NoButton,Drag,1013,664
47.758,47.758,NoButton,Drag,1013,664
47.799,47.799,Left,Pressed,1013,664
47.907,47.907,Left,Released,1013,664
47.938,47.938,NoButton,Drag,1013,664
47.942,47.942,NoButton,Drag,1013,665
47.959,47.959,NoButton,Drag,1015,666
47.976,47.976,NoButton,Drag,1017,667
47.993,47.993,NoButton,Drag,1018,668
48.009,48.009,NoButton,Drag,1019,669
48.066,48.066,NoButton,Drag,1019,669
48.074,48.074,NoButton,Drag,1019,670
48.082,48.082,NoButton,Drag,1019,670
48.093,48.093,NoButton,Drag,1018,670
48.109,48.109,NoButton,Drag,1016,671
48.126,48.126,NoButton,Drag,1011,673
48.143,48.143,NoButton,Drag,1008,674
48.159,48.159,NoButton,Drag,1007,674
48.176,48.176,NoButton,Drag,1006,675
48.193,48.193,NoButton,Drag,1006,676
48.209,48.209,NoButton,Drag,1010,680
48.226,48.226,NoButton,Drag,1025,685
48.242,48.242,NoButton,Drag,1043,689
48.259,48.259,NoButton,Drag,1058,694
48.276,48.276,NoButton,Drag,1066,695
48.293,48.293,NoButton,Drag,1068,696
48.295,48.295,Left,Pressed,1068,696
48.295,48.295,NoButton,Drag,1068,696
48.326,48.326,NoButton,Drag,1068,696
48.334,48.334,NoButton,Drag,1068,696
48.338,48.338,NoButton,Drag,1068,695
48.342,48.342,NoButton,Drag,1068,695
48.346,48.346,NoButton,Drag,1067,695
48.35,48.35,NoButton,Drag,1067,694
48.354,48.354,NoButton,Drag,1067,694
48.355,48.355,NoButton,Drag,1067,694
48.362,48.362,NoButton,Drag,1067,693
48.364,48.364,NoButton,Drag,1066,693
48.368,48.368,NoButton,Drag,1066,693
48.372,48.372,NoButton,Drag,1065,693
48.376,48.376,NoButton,Drag,1065,692
48.38,48.38,Left,Released,1065,692
48.381,48.381,NoButton,Drag,1065,692
48.394,48.394,NoButton,Drag,1064,691
48.41,48.41,NoButton,Drag,1064,690
48.427,48.427,NoButton,Drag,1063,689
48.444,48.444,NoButton,Drag,1059,688
48.46,48.46,NoButton,Drag,1055,686
48.478,48.478,NoButton,Drag,1047,683
48.494,48.494,NoButton,Drag,1036,680
48.511,48.511,NoButton,Drag,1028,679
48.528,48.528,NoButton,Drag,1024,678
48.573,48.573,Left,Pressed,1024,678
48.656,48.656,NoButton,Drag,1024,678
48.676,48.676,Left,Released,1024,678
48.712,48.712,NoButton,Drag,1024,678
48.724,48.724,NoButton,Drag,1023,678
48.74,48.74,NoButton,Drag,1023,678
48.757,48.757,NoButton,Drag,1022,678
48.774,48.774,NoButton,Drag,1022,677
48.79,48.79,NoButton,Drag,1020,677
48.807,48.807,NoButton,Drag,1018,678
48.824,48.824,NoButton,Drag,1016,678
48.84,48.84,NoButton,Drag,1015,678
48.857,48.857,NoButton,Drag,1013,678
48.874,48.874,NoButton,Drag,1013,678
48.89,48.89,NoButton,Drag,1012,678
48.907,48.907,NoButton,Drag,1009,677
48.924,48.924,NoButton,Drag,998,674
48.941,48.941,NoButton,Drag,977,669
48.958,48.958,NoButton,Drag,925,651
48.974,48.974,NoButton,Drag,861,624
48.991,48.991,NoButton,Drag,784,587
49.008,49.008,NoButton,Drag,703,547
49.024,49.024,NoButton,Drag,620,502
49.041,49.041,NoButton,Drag,540,457
49.058,49.058,NoButton,Drag,469,402
49.075,49.075,NoButton,Drag,438,371
49.092,49.092,NoButton,Drag,424,349
49.108,49.108,NoButton,Drag,420,334
49.125,49.125,NoButton,Drag,419,324
49.141,49.141,NoButton,Drag,419,317
49.158,49.158,NoButton,Drag,420,315
49.175,49.175,NoButton,Drag,420,314
49.238,49.238,NoButton,Drag,420,314
49.294,49.294,NoButton,Drag,421,314
49.302,49.302,NoButton,Drag,421,314
49.31,49.31,NoButton,Drag,421,314
49.326,49.326,NoButton,Drag,421,312
49.342,49.342,NoButton,Drag,419,307
49.359,49.359,NoButton,Drag,412,299
49.376,49.376,NoButton,Drag,398,284
49.393,49.393,NoButton,Drag,381,267
49.409,49.409,NoButton,Drag,361,247
49.426,49.426,NoButton,Drag,338,226
49.443,49.443,NoButton,Drag,321,210
49.46,49.46,NoButton,Drag,308,198
49.476,49.476,NoButton,Drag,297,186
49.493,49.493,NoButton,Drag,289,178
49.51,49.51,NoButton,Drag,288,175
49.527,49.527,NoButton,Drag,288,175
49.544,49.544,NoButton,Drag,288,174
49.62,49.62,NoButton,Drag,287,174
49.632,49.632,NoButton,Drag,287,174
49.644,49.644,NoButton,Drag,287,174
49.66,49.66,NoButton,Drag,288,173
49.676,49.676,NoButton,Drag,289,172
49.694,49.694,NoButton,Drag,290,171
49.71,49.71,NoButton,Drag,292,170
49.727,49.727,NoButton,Drag,295,168
49.743,49.743,NoButton,Drag,297,167
49.76,49.76,NoButton,Drag,298,165
49.778,49.778,NoButton,Drag,299,164
49.793,49.793,NoButton,Drag,299,164
49.81,49.81,NoButton,Drag,299,163
49.828,49.828,NoButton,Drag,299,163
49.844,49.844,NoButton,Drag,300,163
49.861,49.861,NoButton,Drag,300,163
49.861,49.861,Left,Pressed,300,163
49.868,49.868,NoButton,Drag,300,163
49.884,49.884,NoButton,Drag,300,163
49.892,49.892,NoButton,Drag,301,163
49.912,49.912,NoButton,Drag,301,163
49.944,49.944,Left,Released,301,163
50.049,50.049,NoButton,Drag,301,163
50.052,50.052,NoButton,Drag,301,163
50.062,50.062,NoButton,Drag,301,164
50.078,50.078,NoButton,Drag,301,169
50.094,50.094,NoButton,Drag,305,179
50.111,50.111,NoButton,Drag,310,188
50.128,50.128,NoButton,Drag,315,200
50.145,50.145,NoButton,Drag,325,214
50.159,50.159,NoButton,Drag,338,234
50.177,50.177,NoButton,Drag,357,263
50.193,50.193,NoButton,Drag,385,303
50.209,50.209,NoButton,Drag,419,359
50.227,50.227,NoButton,Drag,465,440
50.243,50.243,NoButton,Drag,503,507
50.26,50.26,NoButton,Drag,538,577
50.276,50.276,NoButton,Drag,573,646
50.293,50.293,NoButton,Drag,607,710
50.31,50.31,NoButton,Drag,643,773
50.326,50.326,NoButton,Drag,663,804
50.343,50.343,NoButton,Drag,677,822
50.36,50.36,NoButton,Drag,685,830
50.377,50.377,NoButton,Drag,689,831
50.394,50.394,NoButton,Drag,691,829
50.41,50.41,NoButton,Drag,693,821
50.427,50.427,NoButton,Drag,694,808
50.444,50.444,NoButton,Drag,694,791
50.461,50.461,NoButton,Drag,689,775
50.477,50.477,NoButton,Drag,685,760
50.494,50.494,NoButton,Drag,682,744
50.511,50.511,NoButton,Drag,681,734
50.528,50.528,NoButton,Drag,680,726
50.544,50.544,NoButton,Drag,678,722
50.561,50.561,NoButton,Drag,677,718
50.578,50.578,NoButton,Drag,676,715
50.594,50.594,NoButton,Drag,676,712
50.612,50.612,NoButton,Drag,675,708
50.628,50.628,NoButton,Drag,674,701
50.641,50.641,NoButton,Drag,672,695
50.657,50.657,NoButton,Drag,670,684
50.674,50.674,NoButton,Drag,668,667
50.69,50.69,NoButton,Drag,666,652
50.708,50.708,NoButton,Drag,665,631
50.724,50.724,NoButton,Drag,666,617
50.741,50.741,NoButton,Drag,667,605
50.758,50.758,NoButton,Drag,668,597
50.774,50.774,NoButton,Drag,670,591
50.792,50.792,NoButton,Drag,670,590
50.808,50.808,NoButton,Drag,670,589
50.849,50.849,NoButton,Drag,670,589
50.948,50.948,NoButton,Drag,671,589
50.956,50.956,NoButton,Drag,671,589
50.972,50.972,NoButton,Drag,672,589
50.989,50.989,NoButton,Drag,673,590
51.02,51.02,NoButton,Drag,673,590
51.028,51.028,NoButton,Drag,673,589
51.039,51.039,NoButton,Drag,673,589
51.056,51.056,NoButton,Drag,675,587
51.073,51.073,NoButton,Drag,677,585
51.09,51.09,NoButton,Drag,678,583
51.106,51.106,NoButton,Drag,681,581
51.123,51.123,NoButton,Drag,682,580
51.14,51.14,NoButton,Drag,683,579
51.164,51.164,NoButton,Drag,683,579
51.173,51.173,Left,Pressed,683,579
51.184,51.184,NoButton,Drag,683,579
51.188,51.188,NoButton,Drag,683,579
51.204,51.204,NoButton,Drag,684,579
51.22,51.22,NoButton,Drag,684,579
51.224,51.224,NoButton,Drag,684,579
51.242,51.242,NoButton,Drag,684,579
51.246,51.246,NoButton,Drag,684,578
51.258,51.258,Left,Released,684,578
51.383,51.383,Left,Pressed,684,578
51.454,51.454,Left,Released,684,578
51.486,51.486,NoButton,Drag,684,578
51.49,51.49,NoButton,Drag,684,578
51.506,51.506,NoButton,Drag,687,577
51.524,51.524,NoButton,Drag,700,575
51.54,51.54,NoButton,Drag,726,573
51.556,51.556,NoButton,Drag,766,573
51.574,51.574,NoButton,Drag,843,573
51.59,51.59,NoButton,Drag,912,575
51.607,51.607,NoButton,Drag,990,582
51.624,51.624,NoButton,Drag,1063,591
51.64,51.64,NoButton,Drag,1127,600
51.659,51.659,NoButton,Drag,1196,614
51.675,51.675,NoButton,Drag,1247,624
51.692,51.692,NoButton,Drag,1290,631
51.709,51.709,NoButton,Drag,1331,634
51.726,51.726,NoButton,Drag,1375,636
51.743,51.743,NoButton,Drag,1399,636
51.758,51.758,NoButton,Drag,1415,635
51.775,51.775,NoButton,Drag,1421,633
51.792,51.792,NoButton,Drag,1422,633
51.809,51.809,NoButton,Drag,1420,630
51.826,51.826,NoButton,Drag,1412,624
51.843,51.843,NoButton,Drag,1393,615
51.859,51.859,NoButton,Drag,1368,607
51.876,51.876,NoButton,Drag,1340,600
51.892,51.892,NoButton,Drag,1322,595
51.911,51.911,NoButton,Drag,1310,592
51.928,51.928,NoButton,Drag,1299,590
51.945,51.945,NoButton,Drag,1294,590
51.962,51.962,NoButton,Drag,1292,590
51.979,51.979,NoButton,Drag,1291,590
51.995,51.995,NoButton,Drag,1291,591
52.012,52.012,NoButton,Drag,1289,592
52.028,52.028,NoButton,Drag,1287,593
52.045,52.045,NoButton,Drag,1284,594
52.062,52.062,NoButton,Drag,1279,595
52.078,52.078,NoButton,Drag,1275,595
52.095,52.095,NoButton,Drag,1272,595
52.112,52.112,NoButton,Drag,1268,594
52.129,52.129,NoButton,Drag,1268,594
52.145,52.145,NoButton,Drag,1267,594
52.16,52.16,NoButton,Drag,1265,593
52.176,52.176,NoButton,Drag,1260,592
52.194,52.194,NoButton,Drag,1252,589
52.211,52.211,NoButton,Drag,1246,588
52.227,52.227,NoButton,Drag,1245,588
52.243,52.243,NoButton,Drag,1244,588
52.273,52.273,Left,Pressed,1244,588
52.364,52.364,NoButton,Drag,1244,588
52.366,52.366,Left,Released,1244,588
52.515,52.515,Left,Pressed,1244,588
52.587,52.587,Left,Released,1244,588
52.595,52.595,NoButton,Drag,1244,587
52.602,52.602,NoButton,Drag,1244,587
52.609,52.609,NoButton,Drag,1243,587
52.626,52.626,NoButton,Drag,1239,586
52.642,52.642,NoButton,Drag,1216,583
52.655,52.655,NoButton,Drag,1193,581
52.673,52.673,NoButton,Drag,1148,578
52.689,52.689,NoButton,Drag,1085,575
52.706,52.706,NoButton,Drag,978,572
52.722,52.722,NoButton,Drag,867,571
52.74,52.74,NoButton,Drag,748,568
52.756,52.756,NoButton,Drag,637,562
52.772,52.772,NoButton,Drag,546,556
52.789,52.789,NoButton,Drag,479,551
52.806,52.806,NoButton,Drag,422,545
52.822,52.822,NoButton,Drag,394,540
52.84,52.84,NoButton,Drag,378,535
52.857,52.857,NoButton,Drag,374,533
52.873,52.873,NoButton,Drag,373,533
52.89,52.89,NoButton,Drag,373,532
52.914,52.914,NoButton,Drag,373,532
52.934,52.934,NoButton,Drag,373,532
52.942,52.942,NoButton,Drag,372,532
52.955,52.955,NoButton,Drag,372,531
52.971,52.971,NoButton,Drag,372,531
52.988,52.988,NoButton,Drag,372,529
53.005,53.005,NoButton,Drag,371,527
53.022,53.022,NoButton,Drag,371,522
53.038,53.038,NoButton,Drag,369,515
53.055,53.055,NoButton,Drag,366,506
53.071,53.071,NoButton,Drag,363,496
53.088,53.088,NoButton,Drag,358,481
53.105,53.105,NoButton,Drag,353,470
53.121,53.121,NoButton,Drag,349,461
53.139,53.139,NoButton,Drag,346,454
53.152,53.152,NoButton,Drag,345,453
53.185,53.185,Left,Pressed,345,453
53.296,53.296,Left,Released,345,453
53.38,53.38,NoButton,Drag,345,453
53.384,53.384,NoButton,Drag,345,453
53.388,53.388,NoButton,Drag,345,453
53.4,53.4,NoButton,Drag,344,453
53.416,53.416,NoButton,Drag,342,454
53.434,53.434,NoButton,Drag,340,454
53.45,53.45,NoButton,Drag,337,455
53.466,53.466,NoButton,Drag,334,456
53.483,53.483,NoButton,Drag,331,457
53.5,53.5,NoButton,Drag,327,457
53.518,53.518,NoButton,Drag,325,457
53.533,53.533,NoButton,Drag,325,457
53.558,53.558,NoButton,Drag,325,457
53.567,53.567,NoButton,Drag,325,457
53.584,53.584,NoButton,Drag,331,457
53.6,53.6,NoButton,Drag,353,461
53.617,53.617,NoButton,Drag,396,474
53.634,53.634,NoButton,Drag,465,498
53.651,53.651,NoButton,Drag,579,545
53.668,53.668,NoButton,Drag,684,587
53.685,53.685,NoButton,Drag,786,626
53.701,53.701,NoButton,Drag,871,662
53.718,53.718,NoButton,Drag,958,701
53.734,53.734,NoButton,Drag,1004,720
53.752,53.752,NoButton,Drag,1028,734
53.768,53.768,NoButton,Drag,1042,742
53.784,53.784,NoButton,Drag,1049,748
53.801,53.801,NoButton,Drag,1056,753
53.818,53.818,NoButton,Drag,1066,757
53.835,53.835,NoButton,Drag,1074,759
53.852,53.852,NoButton,Drag,1083,759
53.869,53.869,NoButton,Drag,1092,757
53.885,53.885,NoButton,Drag,1099,754
53.902,53.902,NoButton,Drag,1103,749
53.919,53.919,NoButton,Drag,1105,745
53.936,53.936,NoButton,Drag,1105,739
53.953,53.953,NoButton,Drag,1104,733
53.969,53.969,NoButton,Drag,1103,727
53.986,53.986,NoButton,Drag,1103,722
54.002,54.002,NoButton,Drag,1103,719
54.019,54.019,NoButton,Drag,1103,716
54.036,54.036,NoButton,Drag,1104,715
54.053,54.053,NoButton,Drag,1105,714
54.069,54.069,NoButton,Drag,1106,713
54.086,54.086,NoButton,Drag,1108,712
54.104,54.104,NoButton,Drag,1109,711
54.12,54.12,NoButton,Drag,1110,710
54.136,54.136,NoButton,Drag,1110,710
54.154,54.154,NoButton,Drag,1110,709
54.17,54.17,NoButton,Drag,1111,708
54.187,54.187,NoButton,Drag,1111,707
54.204,54.204,NoButton,Drag,1111,705
54.22,54.22,NoButton,Drag,1112,704
54.238,54.238,NoButton,Drag,1112,702
54.255,54.255,NoButton,Drag,1113,699
54.271,54.271,NoButton,Drag,1114,696
54.287,54.287,NoButton,Drag,1115,694
54.304,54.304,NoButton,Drag,1115,691
54.322,54.322,NoButton,Drag,1116,689
54.337,54.337,NoButton,Drag,1117,687
54.355,54.355,NoButton,Drag,1117,686
54.372,54.372,NoButton,Drag,1118,685
54.416,54.416,NoButton,Drag,1118,685
54.424,54.424,Left,Pressed,1118,685
54.444,54.444,NoButton,Drag,1118,685
54.476,54.476,NoButton,Drag,1118,685
54.488,54.488,NoButton,Drag,1118,685
54.528,54.528,Left,Released,1118,685
54.544,54.544,NoButton,Drag,1118,685
54.548,54.548,NoButton,Drag,1118,686
54.555,54.555,NoButton,Drag,1118,686
54.571,54.571,NoButton,Drag,1114,687
54.588,54.588,NoButton,Drag,1105,688
54.604,54.604,NoButton,Drag,1093,688
54.622,54.622,NoButton,Drag,1077,688
54.639,54.639,NoButton,Drag,1060,684
54.654,54.654,NoButton,Drag,1041,679
54.671,54.671,NoButton,Drag,1022,674
54.688,54.688,NoButton,Drag,997,665
54.705,54.705,NoButton,Drag,978,657
54.722,54.722,NoButton,Drag,968,652
54.739,54.739,NoButton,Drag,968,651
54.754,54.754,NoButton,Drag,968,651
54.771,54.771,NoButton,Drag,969,651
54.789,54.789,NoButton,Drag,970,651
54.826,54.826,NoButton,Drag,969,651
54.83,54.83,NoButton,Drag,969,651
54.839,54.839,NoButton,Drag,967,651
54.855,54.855,NoButton,Drag,959,649
54.872,54.872,NoButton,Drag,938,644
54.889,54.889,NoButton,Drag,902,634
54.906,54.906,NoButton,Drag,840,615
54.924,54.924,NoButton,Drag,787,598
54.94,54.94,NoButton,Drag,739,582
54.957,54.957,NoButton,Drag,707,571
54.974,54.974,NoButton,Drag,683,564
54.99,54.99,NoButton,Drag,676,561
55.006,55.006,NoButton,Drag,675,560
55.024,55.024,NoButton,Drag,675,560
55.04,55.04,NoButton,Drag,675,559
55.057,55.057,NoButton,Drag,675,559
55.074,55.074,NoButton,Drag,674,558
55.09,55.09,NoButton,Drag,674,556
55.107,55.107,NoButton,Drag,672,553
55.124,55.124,NoButton,Drag,667,546
55.141,55.141,NoButton,Drag,661,537
55.158,55.158,NoButton,Drag,652,523
55.174,55.174,NoButton,Drag,647,512
55.192,55.192,NoButton,Drag,645,503
55.208,55.208,NoButton,Drag,644,496
55.224,55.224,NoButton,Drag,644,490
55.241,55.241,NoButton,Drag,644,484
55.258,55.258,NoButton,Drag,647,471
55.275,55.275,NoButton,Drag,648,460
55.292,55.292,NoButton,Drag,648,449
55.308,55.308,NoButton,Drag,648,439
55.325,55.325,NoButton,Drag,649,432
55.342,55.342,NoButton,Drag,649,430
55.357,55.357,NoButton,Drag,649,429
55.359,55.359,Left,Pressed,649,429
55.408,55.408,NoButton,Drag,650,429
55.436,55.436,NoButton,Drag,650,429
55.44,55.44,Left,Released,650,429
55.441,55.441,NoButton,Drag,650,430
55.448,55.448,NoButton,Drag,650,430
55.462,55.462,NoButton,Drag,651,431
55.479,55.479,NoButton,Drag,651,433
55.495,55.495,NoButton,Drag,651,434
55.512,55.512,NoButton,Drag,652,436
55.528,55.528,NoButton,Drag,652,438
55.545,55.545,NoButton,Drag,653,441
55.562,55.562,NoButton,Drag,654,444
55.578,55.578,NoButton,Drag,655,447
55.595,55.595,NoButton,Drag,656,450
55.612,55.612,NoButton,Drag,659,453
55.629,55.629,NoButton,Drag,660,455
55.645,55.645,NoButton,Drag,661,457
55.662,55.662,NoButton,Drag,661,457
55.676,55.676,Left,Pressed,661,457
55.807,55.807,Left,Released,661,457
55.898,55.898,NoButton,Drag,661,457
55.91,55.91,NoButton,Drag,661,457
55.916,55.916,NoButton,Drag,661,457
55.933,55.933,NoButton,Drag,660,456
55.95,55.95,NoButton,Drag,659,456
55.966,55.966,NoButton,Drag,655,455
55.983,55.983,NoButton,Drag,650,454
56,56,NoButton,Drag,639,452
56.016,56.016,NoButton,Drag,624,447
56.033,56.033,NoButton,Drag,603,438
56.05,56.05,NoButton,Drag,572,422
56.066,56.066,NoButton,Drag,541,407
56.083,56.083,NoButton,Drag,514,391
56.101,56.101,NoButton,Drag,490,378
56.117,56.117,NoButton,Drag,475,368
56.134,56.134,NoButton,Drag,468,360
56.15,56.15,NoButton,Drag,467,359
56.169,56.169,NoButton,Drag,468,357
56.185,56.185,NoButton,Drag,469,354
56.202,56.202,NoButton,Drag,472,350
56.219,56.219,NoButton,Drag,476,345
56.235,56.235,NoButton,Drag,479,338
56.252,56.252,NoButton,Drag,483,325
56.269,56.269,NoButton,Drag,484,298
56.286,56.286,NoButton,Drag,475,248
56.302,56.302,NoButton,Drag,461,196
56.32,56.32,NoButton,Drag,444,147
56.336,56.336,NoButton,Drag,431,100
56.353,56.353,NoButton,Drag,425,61
56.369,56.369,NoButton,Drag,426,31
56.386,56.386,NoButton,Drag,432,7
56.403,56.403,NoButton,Drag,436,0
56.419,56.419,NoButton,Drag,439,0
56.439,56.439,NoButton,Drag,439,0
56.455,56.455,NoButton,Drag,439,0
56.471,56.471,NoButton,Drag,440,3
56.488,56.488,NoButton,Drag,439,14
56.506,56.506,NoButton,Drag,437,24
56.522,56.522,NoButton,Drag,434,35
56.538,56.538,NoButton,Drag,431,47
56.555,56.555,NoButton,Drag,428,57
56.572,56.572,NoButton,Drag,425,67
56.588,56.588,NoButton,Drag,422,76
56.606,56.606,NoButton,Drag,420,85
56.622,56.622,NoButton,Drag,418,93
56.639,56.639,NoButton,Drag,417,98
56.656,56.656,NoButton,Drag,416,103
56.673,56.673,NoButton,Drag,416,104
56.689,56.689,NoButton,Drag,416,106
56.706,56.706,NoButton,Drag,417,107
56.723,56.723,NoButton,Drag,420,108
56.74,56.74,NoButton,Drag,425,109
56.756,56.756,NoButton,Drag,432,109
56.773,56.773,NoButton,Drag,434,108
56.79,56.79,NoButton,Drag,436,107
56.807,56.807,NoButton,Drag,436,106
56.823,56.823,NoButton,Drag,437,105
56.828,56.828,NoButton,Drag,437,105
56.84,56.84,Left,Pressed,437,105
56.84,56.84,NoButton,Drag,438,105
56.848,56.848,NoButton,Drag,438,104
56.86,56.86,NoButton,Drag,438,104
56.872,56.872,NoButton,Drag,438,104
56.876,56.876,NoButton,Drag,438,104
56.88,56.88,NoButton,Drag,438,103
56.888,56.888,NoButton,Drag,438,103
56.904,56.904,Left,Released,438,103
56.905,56.905,NoButton,Drag,438,103
56.94,56.94,NoButton,Drag,438,103
56.948,56.948,NoButton,Drag,439,103
56.96,56.96,NoButton,Drag,439,103
56.974,56.974,NoButton,Drag,439,103
56.99,56.99,NoButton,Drag,440,103
57.006,57.006,NoButton,Drag,442,106
57.024,57.024,NoButton,Drag,445,109
57.034,57.034,NoButton,Drag,446,112
57.04,57.04,Left,Pressed,446,112
57.041,57.041,NoButton,Drag,448,114
57.041,57.041,NoButton,Drag,449,115
57.045,57.045,NoButton,Drag,449,115
57.049,57.049,NoButton,Drag,450,116
57.053,57.053,NoButton,Drag,450,117
57.057,57.057,NoButton,Drag,451,117
57.061,57.061,NoButton,Drag,452,118
57.065,57.065,NoButton,Drag,452,118
57.069,57.069,NoButton,Drag,453,119
57.073,57.073,NoButton,Drag,453,119
57.077,57.077,NoButton,Drag,453,120
57.081,57.081,NoButton,Drag,454,120
57.085,57.085,NoButton,Drag,454,120
57.089,57.089,NoButton,Drag,455,121
57.093,57.093,NoButton,Drag,455,121
57.097,57.097,NoButton,Drag,455,121
57.101,57.101,NoButton,Drag,456,121
57.109,57.109,NoButton,Drag,456,122
57.113,57.113,NoButton,Drag,457,122
57.118,57.118,Left,Released,457,122
57.119,57.119,NoButton,Drag,457,122
57.124,57.124,NoButton,Drag,457,122
57.14,57.14,NoButton,Drag,458,123
57.33,57.33,NoButton,Drag,458,123
57.338,57.338,NoButton,Drag,458,123
57.342,57.342,NoButton,Drag,458,123
57.357,57.357,NoButton,Drag,459,125
57.374,57.374,NoButton,Drag,465,132
57.392,57.392,NoButton,Drag,476,142
57.407,57.407,NoButton,Drag,492,157
57.423,57.423,NoButton,Drag,518,183
57.441,57.441,NoButton,Drag,549,213
57.457,57.457,NoButton,Drag,590,253
57.474,57.474,NoButton,Drag,650,309
57.491,57.491,NoButton,Drag,694,350
57.507,57.507,NoButton,Drag,728,381
57.524,57.524,NoButton,Drag,751,401
57.541,57.541,NoButton,Drag,764,412
57.557,57.557,NoButton,Drag,768,415
57.58,57.58,NoButton,Drag,768,415
57.591,57.591,NoButton,Drag,769,415
57.608,57.608,NoButton,Drag,771,409
57.624,57.624,NoButton,Drag,774,403
57.641,57.641,NoButton,Drag,777,396
57.657,57.657,NoButton,Drag,784,387
57.674,57.674,NoButton,Drag,793,380
57.691,57.691,NoButton,Drag,803,375
57.708,57.708,NoButton,Drag,810,370
57.724,57.724,NoButton,Drag,812,369
57.742,57.742,NoButton,Drag,812,369
57.758,57.758,NoButton,Drag,812,368
57.775,57.775,NoButton,Drag,811,367
57.792,57.792,NoButton,Drag,807,366
57.808,57.808,NoButton,Drag,795,364
57.825,57.825,NoButton,Drag,779,362
57.842,57.842,NoButton,Drag,765,361
57.859,57.859,NoButton,Drag,753,360
57.875,57.875,NoButton,Drag,746,360
57.892,57.892,NoButton,Drag,741,361
57.906,57.906,NoButton,Drag,739,362
57.922,57.922,NoButton,Drag,738,362
57.936,57.936,Left,Pressed,738,362
57.955,57.955,NoButton,Drag,738,362
58.064,58.064,NoButton,Drag,738,362
58.076,58.076,Left,Released,738,362
58.112,58.112,NoButton,Drag,738,362
58.116,58.116,NoButton,Drag,738,362
58.12,58.12,NoButton,Drag,739,362
58.137,58.137,NoButton,Drag,741,362
58.154,58.154,NoButton,Drag,747,362
58.171,58.171,NoButton,Drag,752,364
58.188,58.188,NoButton,Drag,757,365
58.205,58.205,NoButton,Drag,761,366
58.221,58.221,NoButton,Drag,762,366
58.238,58.238,NoButton,Drag,762,367
58.29,58.29,NoButton,Drag,762,367
58.378,58.378,Left,Pressed,762,367
58.49,58.49,Left,Released,762,367
58.546,58.546,NoButton,Drag,762,367
58.554,58.554,NoButton,Drag,762,367
58.558,58.558,NoButton,Drag,762,366
58.57,58.57,NoButton,Drag,762,366
58.678,58.678,NoButton,Drag,762,367
58.682,58.682,NoButton,Drag,762,367
58.688,58.688,NoButton,Drag,763,368
58.705,58.705,NoButton,Drag,771,374
58.722,58.722,NoButton,Drag,802,395
58.739,58.739,NoButton,Drag,851,421
58.755,58.755,NoButton,Drag,917,451
58.772,58.772,NoButton,Drag,1005,492
58.788,58.788,NoButton,Drag,1071,523
58.806,58.806,NoButton,Drag,1139,555
58.822,58.822,NoButton,Drag,1205,591
58.839,58.839,NoButton,Drag,1267,624
58.855,58.855,NoButton,Drag,1326,655
58.872,58.872,NoButton,Drag,1391,688
58.89,58.89,NoButton,Drag,1436,710
58.906,58.906,NoButton,Drag,1439,727
58.922,58.922,NoButton,Drag,1439,740
58.94,58.94,NoButton,Drag,1439,751
58.957,58.957,NoButton,Drag,1439,755
58.974,58.974,NoButton,Drag,1439,755
58.996,58.996,NoButton,Drag,1439,755
59.008,59.008,NoButton,Drag,1439,755
59.024,59.024,NoButton,Drag,1436,754
59.041,59.041,NoButton,Drag,1429,752
59.057,59.057,NoButton,Drag,1417,749
59.075,59.075,NoButton,Drag,1401,745
59.091,59.091,NoButton,Drag,1382,741
59.108,59.108,NoButton,Drag,1351,738
59.124,59.124,NoButton,Drag,1329,736
59.141,59.141,NoButton,Drag,1311,736
59.159,59.159,NoButton,Drag,1301,736
59.174,59.174,NoButton,Drag,1297,736
59.194,59.194,NoButton,Drag,1297,736
59.211,59.211,NoButton,Drag,1296,735
59.228,59.228,NoButton,Drag,1296,735
59.244,59.244,NoButton,Drag,1296,735
59.26,59.26,NoButton,Drag,1296,734
59.278,59.278,NoButton,Drag,1296,733
59.294,59.294,NoButton,Drag,1295,731
59.31,59.31,NoButton,Drag,1294,727
59.327,59.327,NoButton,Drag,1293,722
59.345,59.345,NoButton,Drag,1289,716
59.361,59.361,NoButton,Drag,1286,709
59.377,59.377,NoButton,Drag,1285,704
59.394,59.394,NoButton,Drag,1283,701
59.412,59.412,NoButton,Drag,1283,701
59.423,59.423,NoButton,Drag,1283,700
59.428,59.428,Left,Pressed,1283,700
59.53,59.53,Left,Released,1283,700
59.554,59.554,NoButton,Drag,1283,700
59.562,59.562,NoButton,Drag,1283,700
59.566,59.566,NoButton,Drag,1283,700
59.58,59.58,NoButton,Drag,1283,699
59.638,59.638,Left,Pressed,1283,699
59.678,59.678,NoButton,Drag,1283,699
59.686,59.686,NoButton,Drag,1282,699
59.69,59.69,NoButton,Drag,1282,699
59.694,59.694,NoButton,Drag,1282,699
59.698,59.698,NoButton,Drag,1281,698
59.702,59.702,NoButton,Drag,1281,698
59.706,59.706,NoButton,Drag,1280,698
59.71,59.71,NoButton,Drag,1279,698
59.714,59.714,Left,Released,1279,698
59.715,59.715,NoButton,Drag,1278,697
59.73,59.73,NoButton,Drag,1272,695
59.748,59.748,NoButton,Drag,1261,691
59.764,59.764,NoButton,Drag,1245,684
59.781,59.781,NoButton,Drag,1221,676
59.797,59.797,NoButton,Drag,1187,664
59.814,59.814,NoButton,Drag,1136,645
59.831,59.831,NoButton,Drag,1087,627
59.848,59.848,NoButton,Drag,1031,605
59.864,59.864,NoButton,Drag,966,579
59.88,59.88,NoButton,Drag,918,559
59.898,59.898,NoButton,Drag,876,539
59.915,59.915,NoButton,Drag,846,522
59.932,59.932,NoButton,Drag,820,504
59.949,59.949,NoButton,Drag,805,492
59.965,59.965,NoButton,Drag,793,481
59.982,59.982,NoButton,Drag,784,473
59.999,59.999,NoButton,Drag,780,468
60.016,60.016,NoButton,Drag,779,466
60.032,60.032,NoButton,Drag,779,465
60.109,60.109,NoButton,Drag,779,465
60.112,60.112,NoButton,Drag,779,465
60.116,60.116,NoButton,Drag,779,464
60.133,60.133,NoButton,Drag,779,463
60.15,60.15,NoButton,Drag,779,461
60.168,60.168,NoButton,Drag,781,458
60.185,60.185,NoButton,Drag,784,455
60.202,60.202,NoButton,Drag,786,451
60.218,60.218,NoButton,Drag,788,447
60.235,60.235,NoButton,Drag,790,441
60.252,60.252,NoButton,Drag,790,433
60.268,60.268,NoButton,Drag,790,425
60.285,60.285,NoButton,Drag,787,417
60.302,60.302,NoButton,Drag,786,411
60.318,60.318,NoButton,Drag,785,409
60.336,60.336,NoButton,Drag,784,407
60.352,60.352,NoButton,Drag,784,407
60.369,60.369,NoButton,Drag,784,407
60.439,60.439,Left,Pressed,784,407
60.594,60.594,Left,Released,784,407
60.634,60.634,NoButton,Drag,784,407
60.638,60.638,NoButton,Drag,784,407
60.65,60.65,NoButton,Drag,783,406
60.668,60.668,NoButton,Drag,782,405
60.684,60.684,NoButton,Drag,781,404
60.701,60.701,NoButton,Drag,780,404
60.739,60.739,Left,Pressed,780,404
60.847,60.847,Left,Released,780,404
60.855,60.855,NoButton,Drag,780,404
60.867,60.867,NoButton,Drag,780,404
60.884,60.884,NoButton,Drag,780,404
60.9,60.9,NoButton,Drag,779,403
60.92,60.92,NoButton,Drag,776,402
60.936,60.936,NoButton,Drag,775,401
60.954,60.954,NoButton,Drag,774,401
60.99,60.99,NoButton,Drag,774,401
61.085,61.085,Left,Pressed,774,401
61.12,61.12,Left,Released,774,401
61.16,61.16,NoButton,Drag,774,401
61.164,61.164,NoButton,Drag,774,401
61.172,61.172,NoButton,Drag,773,401
61.189,61.189,NoButton,Drag,769,401
61.206,61.206,NoButton,Drag,758,401
61.222,61.222,NoButton,Drag,740,399
61.239,61.239,NoButton,Drag,717,398
61.256,61.256,NoButton,Drag,674,393
61.272,61.272,NoButton,Drag,629,385
61.289,61.289,NoButton,Drag,580,375
61.307,61.307,NoButton,Drag,528,361
61.323,61.323,NoButton,Drag,476,348
61.339,61.339,NoButton,Drag,430,338
61.356,61.356,NoButton,Drag,393,328
61.374,61.374,NoButton,Drag,380,325
61.391,61.391,NoButton,Drag,379,325
61.44,61.44,NoButton,Drag,379,325
61.444,61.444,NoButton,Drag,378,325
61.458,61.458,NoButton,Drag,377,324
61.475,61.475,NoButton,Drag,375,324
61.491,61.491,NoButton,Drag,372,323
61.508,61.508,NoButton,Drag,369,322
61.525,61.525,NoButton,Drag,367,321
61.542,61.542,NoButton,Drag,365,320
61.559,61.559,NoButton,Drag,362,318
61.575,61.575,NoButton,Drag,359,316
61.591,61.591,NoButton,Drag,355,314
61.608,61.608,NoButton,Drag,352,312
61.626,61.626,NoButton,Drag,351,311
61.699,61.699,Left,Pressed,351,311
61.718,61.718,NoButton,Drag,351,311
61.73,61.73,NoButton,Drag,351,312
61.754,61.754,NoButton,Drag,351,312
61.758,61.758,NoButton,Drag,351,312
61.766,61.766,NoButton,Drag,351,312
61.782,61.782,NoButton,Drag,351,313
61.798,61.798,NoButton,Drag,351,313
61.806,61.806,NoButton,Drag,351,313
61.81,61.81,NoButton,Drag,351,314
61.814,61.814,NoButton,Drag,351,314
61.818,61.818,NoButton,Drag,351,314
61.822,61.822,NoButton,Drag,351,315
61.826,61.826,NoButton,Drag,351,315
61.83,61.83,Left,Released,351,315
61.831,61.831,NoButton,Drag,350,316
61.845,61.845,NoButton,Drag,349,318
61.86,61.86,NoButton,Drag,347,321
61.877,61.877,NoButton,Drag,344,324
61.894,61.894,NoButton,Drag,339,328
61.911,61.911,NoButton,Drag,333,330
61.928,61.928,NoButton,Drag,326,331
61.945,61.945,NoButton,Drag,321,333
61.961,61.961,NoButton,Drag,319,334
61.978,61.978,NoButton,Drag,318,334
61.987,61.987,Left,Pressed,318,334
61.987,61.987,NoButton,Drag,318,335
62.054,62.054,NoButton,Drag,318,335
62.106,62.106,Left,Released,318,335
62.114,62.114,NoButton,Drag,318,335
62.13,62.13,NoButton,Drag,317,335
62.142,62.142,NoButton,Drag,317,335
62.162,62.162,NoButton,Drag,317,335
62.172,62.172,NoButton,Drag,317,335
62.18,62.18,NoButton,Drag,316,334
62.212,62.212,NoButton,Drag,316,334
62.252,62.252,NoButton,Drag,316,334
62.256,62.256,NoButton,Drag,317,334
62.264,62.264,NoButton,Drag,318,334
62.28,62.28,NoButton,Drag,320,335
62.297,62.297,NoButton,Drag,322,335
62.314,62.314,NoButton,Drag,325,336
62.331,62.331,NoButton,Drag,333,338
62.347,62.347,NoButton,Drag,359,345
62.364,62.364,NoButton,Drag,436,368
62.382,62.382,NoButton,Drag,535,397
62.397,62.397,NoButton,Drag,646,426
62.415,62.415,NoButton,Drag,766,458
62.433,62.433,NoButton,Drag,952,511
62.45,62.45,NoButton,Drag,1104,551
62.465,62.465,NoButton,Drag,1241,583
62.483,62.483,NoButton,Drag,1338,603
62.499,62.499,NoButton,Drag,1394,615
62.516,62.516,NoButton,Drag,1425,622
62.532,62.532,NoButton,Drag,1434,624
62.549,62.549,NoButton,Drag,1436,624
62.6,62.6,NoButton,Drag,1435,624
62.608,62.608,NoButton,Drag,1435,624
62.616,62.616,NoButton,Drag,1435,624
62.634,62.634,NoButton,Drag,1434,623
62.65,62.65,NoButton,Drag,1434,622
62.667,62.667,NoButton,Drag,1433,620
62.684,62.684,NoButton,Drag,1433,618
62.701,62.701,NoButton,Drag,1432,616
62.718,62.718,NoButton,Drag,1429,614
62.735,62.735,NoButton,Drag,1422,609
62.751,62.751,NoButton,Drag,1405,603
62.767,62.767,NoButton,Drag,1391,600
62.784,62.784,NoButton,Drag,1379,600
62.801,62.801,NoButton,Drag,1369,601
62.817,62.817,NoButton,Drag,1361,604
62.834,62.834,NoButton,Drag,1349,608
62.851,62.851,NoButton,Drag,1338,611
62.868,62.868,NoButton,Drag,1331,613
62.885,62.885,NoButton,Drag,1329,615
62.902,62.902,NoButton,Drag,1329,615
62.918,62.918,NoButton,Drag,1329,615
62.95,62.95,NoButton,Drag,1329,615
62.955,62.955,NoButton,Drag,1329,615
62.971,62.971,NoButton,Drag,1330,613
62.988,62.988,NoButton,Drag,1331,611
63.005,63.005,NoButton,Drag,1333,609
63.022,63.022,NoButton,Drag,1334,606
63.038,63.038,NoButton,Drag,1334,604
63.055,63.055,NoButton,Drag,1334,602
63.071,63.071,NoButton,Drag,1333,601
63.088,63.088,NoButton,Drag,1332,600
63.105,63.105,NoButton,Drag,1330,599
63.122,63.122,NoButton,Drag,1323,597
63.138,63.138,NoButton,Drag,1314,597
63.155,63.155,NoButton,Drag,1308,597
63.172,63.172,NoButton,Drag,1304,597
63.222,63.222,NoButton,Drag,1304,597
63.226,63.226,NoButton,Drag,1304,597
63.231,63.231,Left,Pressed,1304,597
63.238,63.238,NoButton,Drag,1304,597
63.344,63.344,NoButton,Drag,1304,597
63.368,63.368,Left,Released,1304,597
63.4,63.4,NoButton,Drag,1303,597
63.453,63.453,Left,Pressed,1303,597
63.56,63.56,NoButton,Drag,1303,597
63.564,63.564,NoButton,Drag,1303,597
63.568,63.568,NoButton,Drag,1303,597
63.571,63.571,NoButton,Drag,1302,597
63.576,63.576,Left,Released,1302,597
63.577,63.577,NoButton,Drag,1302,598
63.59,63.59,NoButton,Drag,1299,598
63.607,63.607,NoButton,Drag,1292,597
63.624,63.624,NoButton,Drag,1275,589
63.64,63.64,NoButton,Drag,1260,579
63.657,63.657,NoButton,Drag,1250,566
63.673,63.673,NoButton,Drag,1244,551
63.689,63.689,NoButton,Drag,1243,531
63.706,63.706,NoButton,Drag,1245,510
63.723,63.723,NoButton,Drag,1252,488
63.74,63.74,NoButton,Drag,1263,465
63.756,63.756,NoButton,Drag,1274,449
63.774,63.774,NoButton,Drag,1283,434
63.79,63.79,NoButton,Drag,1289,424
63.808,63.808,NoButton,Drag,1292,417
63.823,63.823,NoButton,Drag,1293,412
63.84,63.84,NoButton,Drag,1293,408
63.858,63.858,NoButton,Drag,1293,406
63.874,63.874,NoButton,Drag,1293,404
63.89,63.89,NoButton,Drag,1294,402
63.907,63.907,NoButton,Drag,1295,399
63.92,63.92,NoButton,Drag,1297,396
63.937,63.937,NoButton,Drag,1300,391
63.953,63.953,NoButton,Drag,1303,381
63.97,63.97,NoButton,Drag,1306,363
63.987,63.987,NoButton,Drag,1307,346
64.004,64.004,NoButton,Drag,1307,327
64.02,64.02,NoButton,Drag,1307,309
64.037,64.037,NoButton,Drag,1307,290
64.054,64.054,NoButton,Drag,1309,271
64.071,64.071,NoButton,Drag,1310,257
64.087,64.087,NoButton,Drag,1310,247
64.104,64.104,NoButton,Drag,1310,238
64.121,64.121,NoButton,Drag,1310,233
64.138,64.138,NoButton,Drag,1310,232
64.154,64.154,NoButton,Drag,1309,232
64.223,64.223,Left,Pressed,1309,232
64.306,64.306,NoButton,Drag,1310,232
64.31,64.31,NoButton,Drag,1310,232
64.314,64.314,NoButton,Drag,1310,232
64.318,64.318,Left,Released,1310,232
64.319,64.319,NoButton,Drag,1311,232
64.334,64.334,NoButton,Drag,1312,231
64.35,64.35,NoButton,Drag,1313,230
64.368,64.368,NoButton,Drag,1314,229
64.384,64.384,NoButton,Drag,1316,228
64.401,64.401,NoButton,Drag,1319,226
64.417,64.417,NoButton,Drag,1324,224
64.435,64.435,NoButton,Drag,1333,221
64.451,64.451,NoButton,Drag,1339,220
64.467,64.467,NoButton,Drag,1344,219
64.485,64.485,NoButton,Drag,1347,218
64.502,64.502,NoButton,Drag,1349,217
64.518,64.518,NoButton,Drag,1352,216
64.535,64.535,NoButton,Drag,1355,215
64.551,64.551,NoButton,Drag,1357,214
64.568,64.568,NoButton,Drag,1358,214
64.573,64.573,Left,Pressed,1358,214
64.574,64.574,NoButton,Drag,1358,214
64.673,64.673,Left,Released,1358,214
64.716,64.716,NoButton,Drag,1358,214
64.72,64.72,NoButton,Drag,1358,214
64.73,64.73,NoButton,Drag,1357,215
64.747,64.747,NoButton,Drag,1354,218
64.764,64.764,NoButton,Drag,1347,223
64.78,64.78,NoButton,Drag,1338,230
64.798,64.798,NoButton,Drag,1327,239
64.815,64.815,NoButton,Drag,1309,250
64.831,64.831,NoButton,Drag,1286,264
64.848,64.848,NoButton,Drag,1251,284
64.864,64.864,NoButton,Drag,1211,302
64.882,64.882,NoButton,Drag,1160,323
64.898,64.898,NoButton,Drag,1096,346
64.914,64.914,NoButton,Drag,1022,369
64.931,64.931,NoButton,Drag,946,390
64.947,64.947,NoButton,Drag,871,407
64.964,64.964,NoButton,Drag,776,425
64.981,64.981,NoButton,Drag,701,432
64.998,64.998,NoButton,Drag,632,437
65.014,65.014,NoButton,Drag,574,439
65.031,65.031,NoButton,Drag,528,440
65.048,65.048,NoButton,Drag,484,438
65.065,65.065,NoButton,Drag,459,432
65.081,65.081,NoButton,Drag,439,427
65.098,65.098,NoButton,Drag,426,421
65.114,65.114,NoButton,Drag,414,415
65.132,65.132,NoButton,Drag,404,409
65.148,65.148,NoButton,Drag,392,402
65.165,65.165,NoButton,Drag,381,395
65.181,65.181,NoButton,Drag,371,387
65.198,65.198,NoButton,Drag,361,377
65.214,65.214,NoButton,Drag,354,369
65.231,65.231,NoButton,Drag,347,360
65.248,65.248,NoButton,Drag,341,351
65.265,65.265,NoButton,Drag,335,344
65.281,65.281,NoButton,Drag,332,340
65.298,65.298,NoButton,Drag,331,337
65.316,65.316,NoButton,Drag,330,336
65.332,65.332,NoButton,Drag,330,335
65.467,65.467,Left,Pressed,330,335
65.47,65.47,NoButton,Drag,330,335
65.478,65.478,NoButton,Drag,329,335
65.482,65.482,NoButton,Drag,329,334
65.486,65.486,NoButton,Drag,329,334
65.49,65.49,NoButton,Drag,328,334
65.494,65.494,NoButton,Drag,328,334
65.499,65.499,Left,Released,328,334
65.499,65.499,NoButton,Drag,327,333
65.515,65.515,NoButton,Drag,325,332
65.532,65.532,NoButton,Drag,324,331
65.549,65.549,NoButton,Drag,323,330
65.566,65.566,NoButton,Drag,322,329
65.586,65.586,NoButton,Drag,322,329
65.599,65.599,NoButton,Drag,322,329
65.616,65.616,NoButton,Drag,320,328
65.632,65.632,NoButton,Drag,318,327
65.65,65.65,NoButton,Drag,316,327
65.666,65.666,NoButton,Drag,314,326
65.683,65.683,NoButton,Drag,314,325
65.7,65.7,NoButton,Drag,314,325
65.752,65.752,NoButton,Drag,314,325
65.756,65.756,Left,Pressed,314,325
65.764,65.764,NoButton,Drag,314,325
65.768,65.768,NoButton,Drag,314,324
65.772,65.772,NoButton,Drag,313,324
65.776,65.776,NoButton,Drag,313,324
65.78,65.78,NoButton,Drag,313,324
65.784,65.784,NoButton,Drag,312,323
65.788,65.788,NoButton,Drag,311,323
65.792,65.792,Left,Released,311,323
65.793,65.793,NoButton,Drag,311,322
65.8,65.8,NoButton,Drag,309,321
65.818,65.818,NoButton,Drag,304,318
65.834,65.834,NoButton,Drag,303,317
65.851,65.851,NoButton,Drag,301,316
65.868,65.868,NoButton,Drag,300,315
65.884,65.884,NoButton,Drag,300,315
66.089,66.089,Left,Pressed,300,315
66.176,66.176,NoButton,Drag,300,315
66.188,66.188,NoButton,Drag,299,315
66.19,66.19,Left,Released,299,315
66.2,66.2,NoButton,Drag,299,315
66.218,66.218,NoButton,Drag,299,315
66.238,66.238,NoButton,Drag,299,315
66.242,66.242,NoButton,Drag,299,316
66.257,66.257,NoButton,Drag,299,316
66.274,66.274,NoButton,Drag,302,319
66.29,66.29,NoButton,Drag,307,322
66.307,66.307,NoButton,Drag,311,325
66.324,66.324,NoButton,Drag,318,330
66.341,66.341,NoButton,Drag,323,335
66.358,66.358,NoButton,Drag,331,340
66.374,66.374,NoButton,Drag,346,346
66.39,66.39,NoButton,Drag,361,350
66.408,66.408,NoButton,Drag,372,355
66.425,66.425,NoButton,Drag,382,361
66.441,66.441,NoButton,Drag,391,366
66.458,66.458,NoButton,Drag,405,374
66.476,66.476,NoButton,Drag,420,384
66.492,66.492,NoButton,Drag,435,395
66.509,66.509,NoButton,Drag,449,409
66.525,66.525,NoButton,Drag,458,423
66.542,66.542,NoButton,Drag,463,435
66.558,66.558,NoButton,Drag,463,442
66.576,66.576,NoButton,Drag,463,447
66.592,66.592,NoButton,Drag,462,450
66.609,66.609,NoButton,Drag,461,452
66.625,66.625,NoButton,Drag,458,453
66.642,66.642,NoButton,Drag,453,453
66.659,66.659,NoButton,Drag,447,452
66.676,66.676,NoButton,Drag,444,451
66.693,66.693,NoButton,Drag,442,451
66.71,66.71,NoButton,Drag,441,451
66.726,66.726,NoButton,Drag,440,451
66.743,66.743,NoButton,Drag,439,451
66.759,66.759,NoButton,Drag,436,451
66.777,66.777,NoButton,Drag,434,451
66.788,66.788,NoButton,Drag,433,451
66.793,66.793,Left,Pressed,433,451
66.793,66.793,NoButton,Drag,433,451
66.795,66.795,NoButton,Drag,432,451
66.799,66.799,NoButton,Drag,432,452
66.868,66.868,NoButton,Drag,432,451
66.888,66.888,NoButton,Drag,432,451
66.892,66.892,Left,Released,432,451
66.893,66.893,NoButton,Drag,431,451
66.896,66.896,NoButton,Drag,431,451
66.911,66.911,NoButton,Drag,429,451
66.927,66.927,NoButton,Drag,427,451
66.944,66.944,NoButton,Drag,423,449
66.96,66.96,NoButton,Drag,422,449
66.978,66.978,NoButton,Drag,419,448
66.994,66.994,NoButton,Drag,416,447
67.01,67.01,NoButton,Drag,414,447
67.028,67.028,NoButton,Drag,413,447
67.061,67.061,Left,Pressed,413,447
67.132,67.132,NoButton,Drag,413,447
67.144,67.144,Left,Released,413,447
67.152,67.152,NoButton,Drag,413,447
67.16,67.16,NoButton,Drag,413,446
67.178,67.178,NoButton,Drag,412,446
67.192,67.192,NoButton,Drag,412,446
67.209,67.209,NoButton,Drag,412,446
67.262,67.262,NoButton,Drag,412,445
67.292,67.292,NoButton,Drag,412,445
67.296,67.296,NoButton,Drag,413,445
67.308,67.308,NoButton,Drag,416,445
67.325,67.325,NoButton,Drag,427,445
67.342,67.342,NoButton,Drag,442,446
67.359,67.359,NoButton,Drag,464,449
67.375,67.375,NoButton,Drag,483,452
67.392,67.392,NoButton,Drag,502,457
67.41,67.41,NoButton,Drag,518,462
67.423,67.423,NoButton,Drag,529,469
67.44,67.44,NoButton,Drag,536,479
67.456,67.456,NoButton,Drag,539,491
67.473,67.473,NoButton,Drag,539,509
67.49,67.49,NoButton,Drag,531,536
67.507,67.507,NoButton,Drag,519,562
67.524,67.524,NoButton,Drag,503,589
67.541,67.541,NoButton,Drag,486,613
67.557,67.557,NoButton,Drag,469,633
67.574,67.574,NoButton,Drag,449,652
67.59,67.59,NoButton,Drag,438,665
67.607,67.607,NoButton,Drag,431,675
67.624,67.624,NoButton,Drag,427,681
67.641,67.641,NoButton,Drag,425,684
67.658,67.658,NoButton,Drag,424,686
67.698,67.698,NoButton,Drag,425,685
67.702,67.702,NoButton,Drag,425,684
67.706,67.706,NoButton,Drag,426,684
67.722,67.722,NoButton,Drag,430,682
67.739,67.739,NoButton,Drag,435,681
67.756,67.756,NoButton,Drag,440,680
67.772,67.772,NoButton,Drag,448,681
67.79,67.79,NoButton,Drag,455,684
67.806,67.806,NoButton,Drag,464,686
67.823,67.823,NoButton,Drag,469,688
67.84,67.84,NoButton,Drag,471,688
67.856,67.856,NoButton,Drag,472,687
67.873,67.873,NoButton,Drag,473,686
67.89,67.89,NoButton,Drag,475,683
67.907,67.907,NoButton,Drag,479,677
67.919,67.919,NoButton,Drag,482,674
67.937,67.937,NoButton,Drag,485,669
67.953,67.953,NoButton,Drag,488,665
67.97,67.97,NoButton,Drag,491,662
67.987,67.987,NoButton,Drag,495,659
68.003,68.003,NoButton,Drag,500,656
68.02,68.02,NoButton,Drag,510,654
68.036,68.036,NoButton,Drag,519,652
68.053,68.053,NoButton,Drag,524,650
68.07,68.07,NoButton,Drag,528,649
68.087,68.087,NoButton,Drag,529,649
68.116,68.116,NoButton,Drag,529,649
68.124,68.124,NoButton,Drag,529,649
68.137,68.137,NoButton,Drag,530,649
68.145,68.145,Left,Pressed,530,649
68.145,68.145,NoButton,Drag,530,649
68.16,68.16,NoButton,Drag,530,649
68.164,68.164,NoButton,Drag,530,649
68.176,68.176,NoButton,Drag,531,649
68.2,68.2,NoButton,Drag,531,649
68.209,68.209,Left,Released,531,649
68.209,68.209,NoButton,Drag,531,649
68.219,68.219,NoButton,Drag,531,649
68.235,68.235,NoButton,Drag,530,650
68.252,68.252,NoButton,Drag,527,652
68.269,68.269,NoButton,Drag,523,653
68.285,68.285,NoButton,Drag,519,654
68.302,68.302,NoButton,Drag,516,655
68.319,68.319,NoButton,Drag,514,656
68.336,68.336,NoButton,Drag,512,659
68.352,68.352,NoButton,Drag,510,661
68.37,68.37,NoButton,Drag,508,663
68.386,68.386,NoButton,Drag,507,664
68.403,68.403,NoButton,Drag,507,665
68.506,68.506,NoButton,Drag,506,664
68.514,68.514,NoButton,Drag,506,664
68.519,68.519,NoButton,Drag,506,663
68.536,68.536,NoButton,Drag,506,662
68.552,68.552,NoButton,Drag,506,661
68.569,68.569,NoButton,Drag,505,660
68.586,68.586,NoButton,Drag,505,659
68.602,68.602,NoButton,Drag,505,659
68.646,68.646,NoButton,Drag,505,659
68.654,68.654,Left,Pressed,505,659
68.655,68.655,NoButton,Drag,506,659
68.662,68.662,NoButton,Drag,506,659
68.67,68.67,NoButton,Drag,506,659
68.682,68.682,NoButton,Drag,506,659
68.782,68.782,Left,Released,506,659
68.802,68.802,NoButton,Drag,506,659
68.81,68.81,NoButton,Drag,506,658
68.814,68.814,NoButton,Drag,506,658
68.822,68.822,NoButton,Drag,506,658
68.837,68.837,NoButton,Drag,506,657
68.854,68.854,NoButton,Drag,505,656
68.871,68.871,NoButton,Drag,505,655
68.888,68.888,NoButton,Drag,504,653
68.904,68.904,NoButton,Drag,504,652
68.921,68.921,NoButton,Drag,503,650
68.936,68.936,NoButton,Drag,503,649
68.952,68.952,NoButton,Drag,503,648
68.97,68.97,NoButton,Drag,503,647
68.986,68.986,NoButton,Drag,503,647
69.006,69.006,NoButton,Drag,503,647
69.019,69.019,NoButton,Drag,505,646
69.036,69.036,NoButton,Drag,514,643
69.053,69.053,NoButton,Drag,529,640
69.07,69.07,NoButton,Drag,552,634
69.087,69.087,NoButton,Drag,575,623
69.103,69.103,NoButton,Drag,603,606
69.119,69.119,NoButton,Drag,650,580
69.136,69.136,NoButton,Drag,730,526
69.154,69.154,NoButton,Drag,797,462
69.17,69.17,NoButton,Drag,853,397
69.187,69.187,NoButton,Drag,894,346
69.203,69.203,NoButton,Drag,919,311
69.221,69.221,NoButton,Drag,936,278
69.238,69.238,NoButton,Drag,943,258
69.254,69.254,NoButton,Drag,944,243
69.271,69.271,NoButton,Drag,944,232
69.287,69.287,NoButton,Drag,944,224
69.304,69.304,NoButton,Drag,944,219
69.32,69.32,NoButton,Drag,944,217
69.338,69.338,NoButton,Drag,944,217
69.36,69.36,NoButton,Drag,944,216
69.371,69.371,NoButton,Drag,944,216
69.388,69.388,NoButton,Drag,946,215
69.404,69.404,NoButton,Drag,948,213
69.421,69.421,NoButton,Drag,952,211
69.438,69.438,NoButton,Drag,960,207
69.454,69.454,NoButton,Drag,972,204
69.471,69.471,NoButton,Drag,987,199
69.487,69.487,NoButton,Drag,1003,193
69.504,69.504,NoButton,Drag,1024,185
69.521,69.521,NoButton,Drag,1040,177
69.538,69.538,NoButton,Drag,1053,168
69.554,69.554,NoButton,Drag,1066,160
69.571,69.571,NoButton,Drag,1077,153
69.588,69.588,NoButton,Drag,1087,145
69.604,69.604,NoButton,Drag,1092,140
69.621,69.621,NoButton,Drag,1093,137
69.638,69.638,NoButton,Drag,1094,136
69.655,69.655,NoButton,Drag,1094,136
69.686,69.686,NoButton,Drag,1093,136
69.69,69.69,NoButton,Drag,1093,136
69.705,69.705,NoButton,Drag,1092,137
69.722,69.722,NoButton,Drag,1087,138
69.738,69.738,NoButton,Drag,1081,138
69.755,69.755,NoButton,Drag,1074,138
69.773,69.773,NoButton,Drag,1065,136
69.789,69.789,NoButton,Drag,1057,134
69.806,69.806,NoButton,Drag,1047,131
69.823,69.823,NoButton,Drag,1044,130
69.84,69.84,NoButton,Drag,1042,129
69.856,69.856,NoButton,Drag,1042,128
69.873,69.873,NoButton,Drag,1041,127
69.889,69.889,NoButton,Drag,1041,127
69.906,69.906,NoButton,Drag,1040,126
69.922,69.922,NoButton,Drag,1040,125
69.939,69.939,NoButton,Drag,1040,125
69.957,69.957,NoButton,Drag,1039,124
69.973,69.973,NoButton,Drag,1038,123
69.99,69.99,NoButton,Drag,1038,122
70.006,70.006,NoButton,Drag,1036,119
70.024,70.024,NoButton,Drag,1035,117
70.04,70.04,NoButton,Drag,1033,114
70.057,70.057,NoButton,Drag,1032,110
70.074,70.074,NoButton,Drag,1031,106
70.09,70.09,NoButton,Drag,1031,104
70.107,70.107,NoButton,Drag,1031,104
70.124,70.124,NoButton,Drag,1031,104
70.126,70.126,Left,Pressed,1031,104
70.166,70.166,NoButton,Drag,1031,104
70.169,70.169,NoButton,Drag,1030,103
70.206,70.206,NoButton,Drag,1031,103
70.22,70.22,Left,Released,1031,103
70.228,70.228,NoButton,Drag,1031,104
70.248,70.248,NoButton,Drag,1031,104
70.344,70.344,NoButton,Drag,1031,104
70.352,70.352,NoButton,Drag,1031,104
70.357,70.357,NoButton,Drag,1031,105
70.36,70.36,Left,Pressed,1031,105
70.444,70.444,NoButton,Drag,1031,105
70.452,70.452,Left,Released,1031,105
70.453,70.453,NoButton,Drag,1031,105
70.458,70.458,NoButton,Drag,1031,106
70.475,70.475,NoButton,Drag,1030,109
70.491,70.491,NoButton,Drag,1026,114
70.508,70.508,NoButton,Drag,1013,124
70.525,70.525,NoButton,Drag,995,138
70.542,70.542,NoButton,Drag,969,156
70.559,70.559,NoButton,Drag,931,182
70.575,70.575,NoButton,Drag,882,217
70.592,70.592,NoButton,Drag,801,265
70.609,70.609,NoButton,Drag,727,305
70.625,70.625,NoButton,Drag,654,343
70.642,70.642,NoButton,Drag,587,380
70.659,70.659,NoButton,Drag,531,410
70.675,70.675,NoButton,Drag,481,437
70.692,70.692,NoButton,Drag,436,462
70.709,70.709,NoButton,Drag,410,477
70.726,70.726,NoButton,Drag,391,490
70.743,70.743,NoButton,Drag,375,499
70.759,70.759,NoButton,Drag,362,508
70.776,70.776,NoButton,Drag,350,515
70.792,70.792,NoButton,Drag,344,519
70.809,70.809,NoButton,Drag,341,522
70.826,70.826,NoButton,Drag,338,525
70.842,70.842,NoButton,Drag,336,527
70.859,70.859,NoButton,Drag,333,529
70.877,70.877,NoButton,Drag,331,530
70.893,70.893,NoButton,Drag,329,532
70.909,70.909,NoButton,Drag,327,533
70.927,70.927,NoButton,Drag,325,535
70.944,70.944,NoButton,Drag,322,537
70.961,70.961,NoButton,Drag,317,541
70.977,70.977,NoButton,Drag,311,545
70.994,70.994,NoButton,Drag,304,549
71.011,71.011,NoButton,Drag,300,552
71.028,71.028,NoButton,Drag,295,557
71.045,71.045,NoButton,Drag,290,562
71.061,71.061,NoButton,Drag,285,569
71.077,71.077,NoButton,Drag,280,577
71.094,71.094,NoButton,Drag,275,585
71.111,71.111,NoButton,Drag,272,593
71.128,71.128,NoButton,Drag,270,599
71.145,71.145,NoButton,Drag,267,606
71.161,71.161,NoButton,Drag,264,613
71.178,71.178,NoButton,Drag,258,622
71.195,71.195,NoButton,Drag,253,630
71.212,71.212,NoButton,Drag,244,639
71.229,71.229,NoButton,Drag,235,647
71.245,71.245,NoButton,Drag,225,655
71.261,71.261,NoButton,Drag,216,661
71.278,71.278,NoButton,Drag,210,666
71.295,71.295,NoButton,Drag,207,666
71.312,71.312,NoButton,Drag,205,667
71.329,71.329,NoButton,Drag,205,666
71.345,71.345,NoButton,Drag,204,666
71.362,71.362,NoButton,Drag,204,665
71.378,71.378,NoButton,Drag,203,665
71.436,71.436,Left,Pressed,203,665
71.541,71.541,NoButton,Drag,203,665
71.549,71.549,Left,Released,203,665
71.552,71.552,NoButton,Drag,203,664
71.56,71.56,NoButton,Drag,204,664
71.564,71.564,NoButton,Drag,204,664
71.58,71.58,NoButton,Drag,204,664
71.636,71.636,NoButton,Drag,204,664
71.644,71.644,NoButton,Drag,204,664
71.648,71.648,Left,Pressed,204,664
71.652,71.652,NoButton,Drag,204,664
71.668,71.668,NoButton,Drag,205,664
71.7,71.7,NoButton,Drag,205,664
71.708,71.708,NoButton,Drag,205,664
71.72,71.72,NoButton,Drag,205,664
71.752,71.752,NoButton,Drag,205,664
71.756,71.756,Left,Released,205,664
71.757,71.757,NoButton,Drag,205,664
71.764,71.764,NoButton,Drag,205,665
71.78,71.78,NoButton,Drag,205,665
71.796,71.796,NoButton,Drag,205,666
71.812,71.812,NoButton,Drag,204,668
71.83,71.83,NoButton,Drag,201,671
71.846,71.846,NoButton,Drag,199,675
71.863,71.863,NoButton,Drag,197,680
71.879,71.879,NoButton,Drag,194,685
71.896,71.896,NoButton,Drag,191,690
71.913,71.913,NoButton,Drag,190,692
71.983,71.983,Left,Pressed,190,692
71.984,71.984,NoButton,Drag,190,692
72.006,72.006,NoButton,Drag,190,692
72.009,72.009,NoButton,Drag,191,692
72.013,72.013,NoButton,Drag,191,692
72.017,72.017,NoButton,Drag,191,691
72.021,72.021,NoButton,Drag,191,691
72.025,72.025,NoButton,Drag,192,691
72.029,72.029,NoButton,Drag,192,690
72.034,72.034,NoButton,Drag,192,690
72.037,72.037,NoButton,Drag,192,690
72.041,72.041,NoButton,Drag,192,689
72.045,72.045,NoButton,Drag,193,689
72.049,72.049,NoButton,Drag,193,688
72.053,72.053,NoButton,Drag,193,688
72.058,72.058,NoButton,Drag,194,687
72.061,72.061,NoButton,Drag,194,687
72.066,72.066,Left,Released,194,687
72.067,72.067,NoButton,Drag,194,686
72.077,72.077,NoButton,Drag,195,686
72.094,72.094,NoButton,Drag,196,684
72.111,72.111,NoButton,Drag,196,682
72.128,72.128,NoButton,Drag,197,681
72.145,72.145,NoButton,Drag,197,679
72.161,72.161,NoButton,Drag,198,678
72.177,72.177,NoButton,Drag,198,676
72.193,72.193,NoButton,Drag,200,674
72.21,72.21,NoButton,Drag,204,670
72.226,72.226,NoButton,Drag,212,666
72.243,72.243,NoButton,Drag,228,661
72.26,72.26,NoButton,Drag,252,653
72.277,72.277,NoButton,Drag,284,644
72.294,72.294,NoButton,Drag,336,626
72.31,72.31,NoButton,Drag,384,607
72.327,72.327,NoButton,Drag,436,584
72.344,72.344,NoButton,Drag,484,556
72.36,72.36,NoButton,Drag,517,531
72.377,72.377,NoButton,Drag,532,515
72.394,72.394,NoButton,Drag,537,502
72.411,72.411,NoButton,Drag,536,493
72.427,72.427,NoButton,Drag,531,485
72.441,72.441,NoButton,Drag,522,480
72.457,72.457,NoButton,Drag,501,474
72.474,72.474,NoButton,Drag,453,468
72.49,72.49,NoButton,Drag,407,468
72.507,72.507,NoButton,Drag,365,467
72.524,72.524,NoButton,Drag,327,467
72.54,72.54,NoButton,Drag,283,467
72.557,72.557,NoButton,Drag,257,466
72.575,72.575,NoButton,Drag,235,461
72.591,72.591,NoButton,Drag,217,456
72.607,72.607,NoButton,Drag,204,451
72.624,72.624,NoButton,Drag,193,444
72.641,72.641,NoButton,Drag,186,437
72.658,72.658,NoButton,Drag,180,429
72.674,72.674,NoButton,Drag,173,422
72.69,72.69,NoButton,Drag,164,414
72.706,72.706,NoButton,Drag,154,406
72.722,72.722,NoButton,Drag,144,399
72.739,72.739,NoButton,Drag,137,395
72.757,72.757,NoButton,Drag,136,394
72.856,72.856,NoButton,Drag,136,394
72.868,72.868,NoButton,Drag,136,395
72.873,72.873,NoButton,Drag,136,395
72.891,72.891,NoButton,Drag,135,397
72.907,72.907,NoButton,Drag,134,401
72.923,72.923,NoButton,Drag,132,405
72.939,72.939,NoButton,Drag,127,410
72.955,72.955,NoButton,Drag,121,414
72.972,72.972,NoButton,Drag,114,418
72.988,72.988,NoButton,Drag,107,419
73.006,73.006,NoButton,Drag,102,421
73.022,73.022,NoButton,Drag,98,420
73.039,73.039,NoButton,Drag,97,420
73.064,73.064,NoButton,Drag,97,420
73.072,73.072,NoButton,Drag,97,420
73.089,73.089,NoButton,Drag,97,420
73.134,73.134,NoButton,Drag,97,419
73.138,73.138,Left,Pressed,97,419
73.15,73.15,NoButton,Drag,97,419
73.162,73.162,NoButton,Drag,97,419
73.174,73.174,NoButton,Drag,96,419
73.178,73.178,NoButton,Drag,96,419
73.194,73.194,NoButton,Drag,96,418
73.206,73.206,Left,Released,96,418
73.207,73.207,NoButton,Drag,96,418
73.221,73.221,NoButton,Drag,96,418
73.238,73.238,NoButton,Drag,96,417
73.258,73.258,NoButton,Drag,95,416
73.274,73.274,NoButton,Drag,95,415
73.292,73.292,NoButton,Drag,95,414
73.363,73.363,Left,Pressed,95,414
73.414,73.414,Left,Released,95,414
73.462,73.462,NoButton,Drag,95,414
73.47,73.47,NoButton,Drag,95,414
73.474,73.474,NoButton,Drag,95,413
73.49,73.49,NoButton,Drag,96,412
73.507,73.507,NoButton,Drag,100,411
73.524,73.524,NoButton,Drag,114,411
73.54,73.54,NoButton,Drag,144,419
73.557,73.557,NoButton,Drag,199,441
73.574,73.574,NoButton,Drag,294,486
73.59,73.59,NoButton,Drag,379,528
73.607,73.607,NoButton,Drag,475,575
73.624,73.624,NoButton,Drag,607,628
73.64,73.64,NoButton,Drag,753,682
73.658,73.658,NoButton,Drag,941,749
73.674,73.674,NoButton,Drag,1058,795
73.69,73.69,NoButton,Drag,1143,833
73.707,73.707,NoButton,Drag,1224,866
73.723,73.723,NoButton,Drag,1289,890
73.74,73.74,NoButton,Drag,1333,899
73.756,73.756,NoButton,Drag,1359,899
73.774,73.774,NoButton,Drag,1364,899
73.792,73.792,NoButton,Drag,1365,899
73.808,73.808,NoButton,Drag,1365,898
73.824,73.824,NoButton,Drag,1360,892
73.841,73.841,NoButton,Drag,1349,881
73.857,73.857,NoButton,Drag,1337,868
73.874,73.874,NoButton,Drag,1329,859
73.891,73.891,NoButton,Drag,1325,851
73.907,73.907,NoButton,Drag,1323,843
73.924,73.924,NoButton,Drag,1320,832
73.941,73.941,NoButton,Drag,1318,823
73.957,73.957,NoButton,Drag,1316,814
73.974,73.974,NoButton,Drag,1315,806
73.991,73.991,NoButton,Drag,1315,800
74.008,74.008,NoButton,Drag,1315,795
74.025,74.025,NoButton,Drag,1316,792
74.041,74.041,NoButton,Drag,1317,789
74.058,74.058,NoButton,Drag,1317,788
74.075,74.075,NoButton,Drag,1317,788
74.091,74.091,NoButton,Drag,1318,786
74.108,74.108,NoButton,Drag,1321,785
74.124,74.124,NoButton,Drag,1326,783
74.142,74.142,NoButton,Drag,1332,782
74.158,74.158,NoButton,Drag,1339,780
74.176,74.176,NoButton,Drag,1346,777
74.192,74.192,NoButton,Drag,1349,775
74.21,74.21,NoButton,Drag,1351,774
74.227,74.227,NoButton,Drag,1352,774
74.256,74.256,NoButton,Drag,1352,774
74.264,74.264,NoButton,Drag,1352,774
74.266,74.266,Left,Pressed,1352,774
74.272,74.272,NoButton,Drag,1352,774
74.29,74.29,NoButton,Drag,1353,774
74.382,74.382,Left,Released,1353,774
74.391,74.391,NoButton,Drag,1353,774
74.414,74.414,NoButton,Drag,1353,774
74.427,74.427,NoButton,Drag,1352,775
74.443,74.443,NoButton,Drag,1350,775
74.461,74.461,NoButton,Drag,1346,776
74.477,74.477,NoButton,Drag,1340,776
74.493,74.493,NoButton,Drag,1330,776
74.51,74.51,NoButton,Drag,1308,770
74.527,74.527,NoButton,Drag,1281,764
74.544,74.544,NoButton,Drag,1241,751
74.56,74.56,NoButton,Drag,1190,734
74.577,74.577,NoButton,Drag,1122,711
74.594,74.594,NoButton,Drag,1017,677
74.611,74.611,NoButton,Drag,931,650
74.628,74.628,NoButton,Drag,851,627
74.644,74.644,NoButton,Drag,779,605
74.661,74.661,NoButton,Drag,711,586
74.677,74.677,NoButton,Drag,656,568
74.694,74.694,NoButton,Drag,596,550
74.712,74.712,NoButton,Drag,558,541
74.728,74.728,NoButton,Drag,537,536
74.745,74.745,NoButton,Drag,524,533
74.761,74.761,NoButton,Drag,518,532
74.778,74.778,NoButton,Drag,518,532
74.852,74.852,NoButton,Drag,517,532
74.856,74.856,NoButton,Drag,517,532
74.861,74.861,NoButton,Drag,517,532
74.879,74.879,NoButton,Drag,515,532
74.895,74.895,NoButton,Drag,512,532
74.911,74.911,NoButton,Drag,507,532
74.928,74.928,NoButton,Drag,503,533
74.945,74.945,NoButton,Drag,500,533
74.962,74.962,NoButton,Drag,500,533
74.992,74.992,Left,Pressed,500,533
74.996,74.996,NoButton,Drag,500,533
75,75,NoButton,Drag,499,533
75.004,75.004,NoButton,Drag,499,533
75.008,75.008,NoButton,Drag,499,533
75.012,75.012,NoButton,Drag,498,534
75.016,75.016,NoButton,Drag,498,534
75.02,75.02,NoButton,Drag,497,534
75.024,75.024,NoButton,Drag,496,534
75.028,75.028,NoButton,Drag,495,534
75.032,75.032,NoButton,Drag,494,535
75.036,75.036,NoButton,Drag,493,535
75.04,75.04,NoButton,Drag,492,535
75.044,75.044,NoButton,Drag,492,535
75.048,75.048,NoButton,Drag,491,535
75.052,75.052,NoButton,Drag,490,534
75.056,75.056,NoButton,Drag,490,534
75.06,75.06,NoButton,Drag,489,534
75.063,75.063,NoButton,Drag,489,534
75.067,75.067,NoButton,Drag,489,534
75.072,75.072,NoButton,Drag,489,534
75.076,75.076,Left,Released,489,534
75.12,75.12,NoButton,Drag,488,534
75.128,75.128,NoButton,Drag,488,534
75.14,75.14,NoButton,Drag,488,534
75.145,75.145,NoButton,Drag,488,534
75.162,75.162,NoButton,Drag,487,533
75.178,75.178,NoButton,Drag,486,533
75.196,75.196,NoButton,Drag,485,533
75.213,75.213,NoButton,Drag,485,533
75.253,75.253,Left,Pressed,485,533
75.348,75.348,NoButton,Drag,484,532
75.356,75.356,NoButton,Drag,484,532
75.36,75.36,NoButton,Drag,484,532
75.368,75.368,NoButton,Drag,484,532
75.386,75.386,Left,Released,484,532
75.397,75.397,NoButton,Drag,484,531
75.41,75.41,NoButton,Drag,483,531
75.427,75.427,NoButton,Drag,482,530
75.444,75.444,NoButton,Drag,481,529
75.461,75.461,NoButton,Drag,480,528
75.477,75.477,NoButton,Drag,479,527
75.493,75.493,NoButton,Drag,478,526
75.51,75.51,NoButton,Drag,478,525
75.527,75.527,NoButton,Drag,478,524
75.544,75.544,NoButton,Drag,478,522
75.56,75.56,NoButton,Drag,480,519
75.577,75.577,NoButton,Drag,482,516
75.594,75.594,NoButton,Drag,485,510
75.61,75.61,NoButton,Drag,489,504
75.627,75.627,NoButton,Drag,496,495
75.644,75.644,NoButton,Drag,506,485
75.661,75.661,NoButton,Drag,518,473
75.677,75.677,NoButton,Drag,532,458
75.694,75.694,NoButton,Drag,552,438
75.711,75.711,NoButton,Drag,565,419
75.727,75.727,NoButton,Drag,578,401
75.745,75.745,NoButton,Drag,592,381
75.761,75.761,NoButton,Drag,605,360
75.778,75.778,NoButton,Drag,619,338
75.794,75.794,NoButton,Drag,630,321
75.812,75.812,NoButton,Drag,640,306
75.828,75.828,NoButton,Drag,650,292
75.845,75.845,NoButton,Drag,659,279
75.861,75.861,NoButton,Drag,668,268
75.878,75.878,NoButton,Drag,679,256
75.894,75.894,NoButton,Drag,686,248
75.911,75.911,NoButton,Drag,691,244
75.928,75.928,NoButton,Drag,695,239
75.945,75.945,NoButton,Drag,698,235
75.961,75.961,NoButton,Drag,702,231
75.978,75.978,NoButton,Drag,707,226
75.996,75.996,NoButton,Drag,709,223
76.011,76.011,NoButton,Drag,712,220
76.029,76.029,NoButton,Drag,715,218
76.045,76.045,NoButton,Drag,716,217
76.063,76.063,NoButton,Drag,716,217
76.12,76.12,NoButton,Drag,716,217
76.124,76.124,NoButton,Drag,717,217
76.129,76.129,NoButton,Drag,717,216
76.146,76.146,NoButton,Drag,719,214
76.162,76.162,NoButton,Drag,723,211
76.179,76.179,NoButton,Drag,728,206
76.196,76.196,NoButton,Drag,733,200
76.212,76.212,NoButton,Drag,738,192
76.23,76.23,NoButton,Drag,743,186
76.245,76.245,NoButton,Drag,747,180
76.263,76.263,NoButton,Drag,751,174
76.279,76.279,NoButton,Drag,754,169
76.296,76.296,NoButton,Drag,758,164
76.313,76.313,NoButton,Drag,760,161
76.33,76.33,NoButton,Drag,760,161
76.345,76.345,NoButton,Drag,760,161
76.347,76.347,Left,Pressed,760,161
76.352,76.352,NoButton,Drag,761,161
76.42,76.42,Left,Released,761,161
76.456,76.456,NoButton,Drag,761,161
76.46,76.46,NoButton,Drag,760,161
76.464,76.464,NoButton,Drag,760,162
76.479,76.479,NoButton,Drag,758,164
76.495,76.495,NoButton,Drag,755,168
76.512,76.512,NoButton,Drag,750,175
76.528,76.528,NoButton,Drag,745,182
76.545,76.545,NoButton,Drag,738,191
76.562,76.562,NoButton,Drag,727,204
76.579,76.579,NoButton,Drag,709,222
76.596,76.596,NoButton,Drag,695,238
76.612,76.612,NoButton,Drag,680,253
76.629,76.629,NoButton,Drag,667,264
76.645,76.645,NoButton,Drag,661,270
76.663,76.663,NoButton,Drag,660,272
76.69,76.69,NoButton,Drag,659,272
76.698,76.698,NoButton,Drag,659,272
76.712,76.712,NoButton,Drag,661,269
76.729,76.729,NoButton,Drag,665,262
76.746,76.746,NoButton,Drag,670,250
76.763,76.763,NoButton,Drag,674,238
76.779,76.779,NoButton,Drag,678,226
76.796,76.796,NoButton,Drag,681,215
76.813,76.813,NoButton,Drag,683,207
76.83,76.83,NoButton,Drag,685,198
76.846,76.846,NoButton,Drag,686,194
76.863,76.863,NoButton,Drag,686,192
76.88,76.88,NoButton,Drag,687,191
76.934,76.934,NoButton,Drag,687,191
76.954,76.954,Left,Pressed,687,191
77.034,77.034,Left,Released,687,191
77.066,77.066,NoButton,Drag,687,191
77.07,77.07,NoButton,Drag,687,191
77.08,77.08,NoButton,Drag,687,193
77.097,77.097,NoButton,Drag,686,196
77.114,77.114,NoButton,Drag,682,201
77.13,77.13,NoButton,Drag,677,208
77.148,77.148,NoButton,Drag,670,218
77.164,77.164,NoButton,Drag,659,235
77.181,77.181,NoButton,Drag,647,250
77.194,77.194,NoButton,Drag,634,263
77.21,77.21,NoButton,Drag,615,283
77.227,77.227,NoButton,Drag,595,301
77.243,77.243,NoButton,Drag,578,315
77.26,77.26,NoButton,Drag,560,328
77.278,77.278,NoButton,Drag,549,336
77.293,77.293,NoButton,Drag,540,342
77.311,77.311,NoButton,Drag,532,346
77.327,77.327,NoButton,Drag,526,349
77.344,77.344,NoButton,Drag,521,352
77.36,77.36,NoButton,Drag,518,354
77.377,77.377,NoButton,Drag,516,357
77.394,77.394,NoButton,Drag,516,358
77.411,77.411,NoButton,Drag,516,358
77.508,77.508,NoButton,Drag,516,358
77.524,77.524,NoButton,Drag,516,357
77.536,77.536,NoButton,Drag,516,357
77.543,77.543,NoButton,Drag,516,357
77.559,77.559,NoButton,Drag,516,357
77.576,77.576,NoButton,Drag,517,356
77.593,77.593,NoButton,Drag,518,355
77.61,77.61,NoButton,Drag,520,354
77.627,77.627,NoButton,Drag,522,353
77.643,77.643,NoButton,Drag,525,351
77.66,77.66,NoButton,Drag,528,350
77.676,77.676,NoButton,Drag,529,349
77.712,77.712,NoButton,Drag,529,349
77.725,77.725,Left,Pressed,529,349
77.733,77.733,NoButton,Drag,529,349
77.746,77.746,NoButton,Drag,530,349
77.794,77.794,NoButton,Drag,530,349
77.822,77.822,NoButton,Drag,530,349
77.826,77.826,NoButton,Drag,530,349
77.83,77.83,NoButton,Drag,531,349
77.834,77.834,NoButton,Drag,531,349
77.838,77.838,NoButton,Drag,532,349
77.842,77.842,NoButton,Drag,533,349
77.846,77.846,NoButton,Drag,533,349
77.85,77.85,NoButton,Drag,535,349
77.853,77.853,NoButton,Drag,537,349
77.858,77.858,NoButton,Drag,539,349
77.862,77.862,NoButton,Drag,542,349
77.867,77.867,NoButton,Drag,546,349
77.87,77.87,NoButton,Drag,550,349
77.874,77.874,NoButton,Drag,555,349
77.882,77.882,NoButton,Drag,560,349
77.883,77.883,NoButton,Drag,567,348
77.886,77.886,NoButton,Drag,574,348
77.89,77.89,NoButton,Drag,582,347
77.894,77.894,NoButton,Drag,591,346
77.898,77.898,NoButton,Drag,600,345
77.902,77.902,NoButton,Drag,612,344
77.906,77.906,NoButton,Drag,624,343
77.91,77.91,NoButton,Drag,637,342
77.914,77.914,NoButton,Drag,649,340
77.918,77.918,NoButton,Drag,662,338
77.922,77.922,NoButton,Drag,677,336
77.926,77.926,NoButton,Drag,692,334
77.93,77.93,NoButton,Drag,707,332
77.934,77.934,NoButton,Drag,723,330
77.938,77.938,NoButton,Drag,740,329
77.942,77.942,NoButton,Drag,757,327
77.946,77.946,NoButton,Drag,776,325
77.95,77.95,NoButton,Drag,794,322
77.954,77.954,NoButton,Drag,813,320
77.958,77.958,NoButton,Drag,831,318
77.962,77.962,NoButton,Drag,850,315
77.965,77.965,NoButton,Drag,869,312
77.969,77.969,NoButton,Drag,887,309
77.973,77.973,NoButton,Drag,906,306
77.978,77.978,NoButton,Drag,926,303
77.981,77.981,NoButton,Drag,945,300
77.985,77.985,NoButton,Drag,964,298
77.989,77.989,NoButton,Drag,983,295
77.994,77.994,NoButton,Drag,1003,293
77.998,77.998,NoButton,Drag,1021,290
78.001,78.001,NoButton,Drag,1040,287
78.005,78.005,NoButton,Drag,1058,285
78.009,78.009,NoButton,Drag,1075,284
78.013,78.013,NoButton,Drag,1091,282
78.017,78.017,NoButton,Drag,1106,279
78.021,78.021,NoButton,Drag,1120,277
78.025,78.025,NoButton,Drag,1132,275
78.029,78.029,NoButton,Drag,1143,273
78.033,78.033,NoButton,Drag,1153,272
78.037,78.037,NoButton,Drag,1162,270
78.041,78.041,NoButton,Drag,1172,269
78.045,78.045,NoButton,Drag,1182,269
78.049,78.049,NoButton,Drag,1190,268
78.053,78.053,NoButton,Drag,1198,268
78.057,78.057,NoButton,Drag,1206,267
78.061,78.061,NoButton,Drag,1213,267
78.065,78.065,NoButton,Drag,1218,267
78.069,78.069,NoButton,Drag,1224,267
78.073,78.073,NoButton,Drag,1228,267
78.078,78.078,NoButton,Drag,1233,267
78.081,78.081,NoButton,Drag,1237,267
78.085,78.085,NoButton,Drag,1241,267
78.089,78.089,NoButton,Drag,1244,267
78.093,78.093,NoButton,Drag,1246,267
78.097,78.097,NoButton,Drag,1248,267
78.101,78.101,NoButton,Drag,1250,267
78.105,78.105,NoButton,Drag,1252,267
78.109,78.109,NoButton,Drag,1253,267
78.113,78.113,NoButton,Drag,1254,267
78.117,78.117,NoButton,Drag,1255,267
78.157,78.157,NoButton,Drag,1255,267
78.169,78.169,NoButton,Drag,1255,267
78.177,78.177,NoButton,Drag,1255,266
78.181,78.181,NoButton,Drag,1255,266
78.19,78.19,NoButton,Drag,1255,266
78.193,78.193,NoButton,Drag,1254,265
78.202,78.202,NoButton,Drag,1254,265
78.205,78.205,NoButton,Drag,1254,265
78.274,78.274,NoButton,Drag,1254,265
78.278,78.278,NoButton,Drag,1254,264
78.281,78.281,NoButton,Drag,1254,264
78.285,78.285,NoButton,Drag,1254,264
78.289,78.289,NoButton,Drag,1254,263
78.293,78.293,NoButton,Drag,1255,263
78.297,78.297,NoButton,Drag,1255,263
78.301,78.301,NoButton,Drag,1255,263
78.305,78.305,NoButton,Drag,1255,262
78.309,78.309,NoButton,Drag,1256,262
78.314,78.314,NoButton,Drag,1256,261
78.317,78.317,NoButton,Drag,1256,261
78.319,78.319,NoButton,Drag,1257,260
78.323,78.323,NoButton,Drag,1257,259
78.327,78.327,NoButton,Drag,1258,259
78.331,78.331,NoButton,Drag,1258,258
78.335,78.335,NoButton,Drag,1259,258
78.339,78.339,NoButton,Drag,1260,257
78.343,78.343,NoButton,Drag,1260,255
78.347,78.347,NoButton,Drag,1261,254
78.351,78.351,NoButton,Drag,1262,253
78.355,78.355,NoButton,Drag,1264,252
78.359,78.359,NoButton,Drag,1265,251
78.363,78.363,NoButton,Drag,1266,249
78.367,78.367,NoButton,Drag,1267,247
78.371,78.371,NoButton,Drag,1269,245
78.375,78.375,NoButton,Drag,1270,243
78.379,78.379,NoButton,Drag,1272,241
78.383,78.383,NoButton,Drag,1274,239
78.387,78.387,NoButton,Drag,1275,237
78.391,78.391,NoButton,Drag,1277,234
78.396,78.396,NoButton,Drag,1279,232
78.399,78.399,NoButton,Drag,1280,229
78.403,78.403,NoButton,Drag,1282,227
78.407,78.407,NoButton,Drag,1284,224
78.411,78.411,NoButton,Drag,1285,222
78.415,78.415,NoButton,Drag,1287,220
78.419,78.419,NoButton,Drag,1288,218
78.423,78.423,NoButton,Drag,1289,216
78.427,78.427,NoButton,Drag,1290,214
78.431,78.431,NoButton,Drag,1291,213
78.435,78.435,NoButton,Drag,1291,211
78.439,78.439,NoButton,Drag,1292,209
78.443,78.443,NoButton,Drag,1292,207
78.448,78.448,Left,Released,1292,207
78.449,78.449,NoButton,Drag,1293,206
78.464,78.464,NoButton,Drag,1294,199
78.481,78.481,NoButton,Drag,1295,195
78.498,78.498,NoButton,Drag,1295,193
78.515,78.515,NoButton,Drag,1295,193
78.531,78.531,NoButton,Drag,1295,193
78.548,78.548,NoButton,Drag,1290,193
78.564,78.564,NoButton,Drag,1274,199
78.582,78.582,NoButton,Drag,1248,212
78.598,78.598,NoButton,Drag,1212,231
78.614,78.614,NoButton,Drag,1171,258
78.631,78.631,NoButton,Drag,1112,294
78.648,78.648,NoButton,Drag,1013,345
78.665,78.665,NoButton,Drag,932,384
78.682,78.682,NoButton,Drag,850,421
78.699,78.699,NoButton,Drag,777,450
78.715,78.715,NoButton,Drag,724,469
78.731,78.731,NoButton,Drag,693,478
78.748,78.748,NoButton,Drag,679,481
78.766,78.766,NoButton,Drag,678,481
78.792,78.792,NoButton,Drag,678,481
78.804,78.804,NoButton,Drag,678,481
78.815,78.815,NoButton,Drag,678,481
78.832,78.832,NoButton,Drag,678,480
78.848,78.848,NoButton,Drag,678,479
78.866,78.866,NoButton,Drag,678,478
78.882,78.882,NoButton,Drag,677,477
78.898,78.898,NoButton,Drag,676,474
78.916,78.916,NoButton,Drag,674,471
78.932,78.932,NoButton,Drag,671,465
78.949,78.949,NoButton,Drag,666,457
78.965,78.965,NoButton,Drag,659,448
78.982,78.982,NoButton,Drag,646,436
78.999,78.999,NoButton,Drag,636,429
79.015,79.015,NoButton,Drag,627,424
79.033,79.033,NoButton,Drag,621,422
79.049,79.049,NoButton,Drag,618,420
79.065,79.065,NoButton,Drag,617,420
79.083,79.083,NoButton,Drag,617,420
79.099,79.099,NoButton,Drag,615,419
79.116,79.116,NoButton,Drag,614,418
79.133,79.133,NoButton,Drag,611,416
79.149,79.149,NoButton,Drag,608,414
79.166,79.166,NoButton,Drag,605,411
79.183,79.183,NoButton,Drag,600,406
79.199,79.199,NoButton,Drag,595,401
79.216,79.216,NoButton,Drag,589,394
79.232,79.232,NoButton,Drag,583,387
79.249,79.249,NoButton,Drag,579,380
79.266,79.266,NoButton,Drag,574,372
79.282,79.282,NoButton,Drag,572,369
79.3,79.3,NoButton,Drag,570,367
79.316,79.316,NoButton,Drag,569,365
79.332,79.332,NoButton,Drag,569,364
79.35,79.35,NoButton,Drag,568,364
79.403,79.403,Left,Pressed,568,364
79.418,79.418,NoButton,Drag,569,364
79.426,79.426,NoButton,Drag,569,364
79.431,79.431,NoButton,Drag,569,364
79.434,79.434,NoButton,Drag,569,364
79.438,79.438,NoButton,Drag,570,364
79.442,79.442,NoButton,Drag,570,364
79.446,79.446,NoButton,Drag,570,364
79.45,79.45,NoButton,Drag,571,364
79.454,79.454,NoButton,Drag,571,364
79.458,79.458,NoButton,Drag,572,365
79.462,79.462,NoButton,Drag,573,365
79.463,79.463,NoButton,Drag,575,366
79.47,79.47,NoButton,Drag,576,367
79.472,79.472,NoButton,Drag,578,368
79.475,79.475,NoButton,Drag,581,370
79.479,79.479,NoButton,Drag,584,371
79.484,79.484,NoButton,Drag,588,374
79.487,79.487,NoButton,Drag,592,376
79.491,79.491,NoButton,Drag,598,378
79.495,79.495,NoButton,Drag,603,381
79.5,79.5,NoButton,Drag,608,384
79.503,79.503,NoButton,Drag,614,388
79.507,79.507,NoButton,Drag,621,392
79.511,79.511,NoButton,Drag,627,396
79.516,79.516,NoButton,Drag,633,400
79.52,79.52,NoButton,Drag,640,405
79.523,79.523,NoButton,Drag,647,411
79.527,79.527,NoButton,Drag,655,416
79.531,79.531,NoButton,Drag,664,422
79.536,79.536,NoButton,Drag,674,429
79.539,79.539,NoButton,Drag,684,436
79.544,79.544,NoButton,Drag,696,444
79.548,79.548,NoButton,Drag,709,452
79.551,79.551,NoButton,Drag,722,460
79.556,79.556,NoButton,Drag,737,469
79.559,79.559,NoButton,Drag,754,479
79.563,79.563,NoButton,Drag,771,490
79.567,79.567,NoButton,Drag,789,500
79.571,79.571,NoButton,Drag,807,510
79.575,79.575,NoButton,Drag,826,521
79.579,79.579,NoButton,Drag,845,532
79.584,79.584,NoButton,Drag,865,543
79.587,79.587,NoButton,Drag,885,553
79.591,79.591,NoButton,Drag,906,565
79.595,79.595,NoButton,Drag,927,575
79.6,79.6,NoButton,Drag,947,586
79.603,79.603,NoButton,Drag,968,597
79.607,79.607,NoButton,Drag,988,608
79.611,79.611,NoButton,Drag,1009,619
79.615,79.615,NoButton,Drag,1032,631
79.619,79.619,NoButton,Drag,1055,643
79.623,79.623,NoButton,Drag,1077,653
79.627,79.627,NoButton,Drag,1099,664
79.631,79.631,NoButton,Drag,1122,676
79.635,79.635,NoButton,Drag,1144,687
79.639,79.639,NoButton,Drag,1169,699
79.643,79.643,NoButton,Drag,1193,711
79.647,79.647,NoButton,Drag,1217,722
79.651,79.651,NoButton,Drag,1238,732
79.655,79.655,NoButton,Drag,1260,743
79.659,79.659,NoButton,Drag,1281,753
79.663,79.663,NoButton,Drag,1302,762
79.667,79.667,NoButton,Drag,1323,771
79.671,79.671,NoButton,Drag,1342,780
79.675,79.675,NoButton,Drag,1361,787
79.679,79.679,NoButton,Drag,1379,794
79.683,79.683,NoButton,Drag,1394,800
79.687,79.687,NoButton,Drag,1410,805
79.691,79.691,NoButton,Drag,1423,810
79.695,79.695,NoButton,Drag,1436,814
79.7,79.7,NoButton,Drag,1439,818
79.703,79.703,NoButton,Drag,1439,820
79.707,79.707,NoButton,Drag,1439,822
79.711,79.711,NoButton,Drag,1439,824
79.715,79.715,NoButton,Drag,1439,826
79.719,79.719,NoButton,Drag,1439,827
79.723,79.723,NoButton,Drag,1439,828
79.727,79.727,NoButton,Drag,1439,829
79.731,79.731,NoButton,Drag,1439,829
79.735,79.735,NoButton,Drag,1439,830
79.739,79.739,NoButton,Drag,1439,830
79.752,79.752,NoButton,Drag,1439,830
79.76,79.76,NoButton,Drag,1439,830
79.763,79.763,NoButton,Drag,1439,830
79.852,79.852,NoButton,Drag,1439,830
79.86,79.86,NoButton,Drag,1439,830
79.864,79.864,NoButton,Drag,1439,829
79.868,79.868,NoButton,Drag,1439,829
79.872,79.872,NoButton,Drag,1438,829
79.876,79.876,NoButton,Drag,1438,828
79.88,79.88,NoButton,Drag,1437,828
79.884,79.884,NoButton,Drag,1436,827
79.888,79.888,Left,Released,1436,827
79.889,79.889,NoButton,Drag,1435,826
79.903,79.903,NoButton,Drag,1430,823
79.919,79.919,NoButton,Drag,1418,818
79.935,79.935,NoButton,Drag,1402,814
79.953,79.953,NoButton,Drag,1384,809
79.971,79.971,NoButton,Drag,1370,806
79.988,79.988,NoButton,Drag,1358,804
80.005,80.005,NoButton,Drag,1353,802
80.022,80.022,NoButton,Drag,1351,801
80.026,80.026,Left,Pressed,1351,801
80.04,80.04,NoButton,Drag,1351,801
80.107,80.107,NoButton,Drag,1351,801
80.138,80.138,NoButton,Drag,1351,801
80.146,80.146,NoButton,Drag,1351,800
80.154,80.154,NoButton,Drag,1351,800
80.158,80.158,NoButton,Drag,1351,800
80.162,80.162,NoButton,Drag,1350,800
80.166,80.166,Left,Released,1350,800
80.174,80.174,NoButton,Drag,1350,799
80.189,80.189,NoButton,Drag,1350,799
80.206,80.206,NoButton,Drag,1350,798
80.222,80.222,NoButton,Drag,1350,798
80.24,80.24,NoButton,Drag,1349,797
80.326,80.326,NoButton,Drag,1349,797
80.334,80.334,NoButton,Drag,1350,797
80.34,80.34,NoButton,Drag,1350,797
80.357,80.357,NoButton,Drag,1353,797
80.373,80.373,NoButton,Drag,1360,797
80.389,80.389,NoButton,Drag,1370,799
80.406,80.406,NoButton,Drag,1386,800
80.424,80.424,NoButton,Drag,1399,802
80.44,80.44,NoButton,Drag,1411,803
80.456,80.456,NoButton,Drag,1419,805
80.474,80.474,NoButton,Drag,1425,807
80.491,80.491,NoButton,Drag,1425,807
80.574,80.574,NoButton,Drag,1425,807
80.593,80.593,Left,Pressed,1425,807
80.7,80.7,NoButton,Drag,1426,807
80.713,80.713,NoButton,Drag,1426,806
80.716,80.716,NoButton,Drag,1426,806
80.72,80.72,NoButton,Drag,1425,805
80.724,80.724,NoButton,Drag,1425,805
80.728,80.728,NoButton,Drag,1424,804
80.732,80.732,NoButton,Drag,1424,804
80.736,80.736,NoButton,Drag,1423,803
80.74,80.74,NoButton,Drag,1422,802
80.744,80.744,NoButton,Drag,1421,800
80.749,80.749,NoButton,Drag,1419,799
80.752,80.752,NoButton,Drag,1416,797
80.755,80.755,NoButton,Drag,1414,795
80.76,80.76,NoButton,Drag,1411,793
80.764,80.764,NoButton,Drag,1407,791
80.767,80.767,NoButton,Drag,1404,789
80.771,80.771,NoButton,Drag,1400,787
80.776,80.776,NoButton,Drag,1397,784
80.78,80.78,NoButton,Drag,1393,781
80.783,80.783,NoButton,Drag,1389,779
80.787,80.787,NoButton,Drag,1385,777
80.792,80.792,NoButton,Drag,1382,775
80.796,80.796,NoButton,Drag,1378,773
80.799,80.799,NoButton,Drag,1375,771
80.803,80.803,NoButton,Drag,1372,769
80.807,80.807,NoButton,Drag,1370,768
80.812,80.812,NoButton,Drag,1367,766
80.815,80.815,NoButton,Drag,1364,764
80.819,80.819,NoButton,Drag,1362,763
80.823,80.823,NoButton,Drag,1360,762
80.827,80.827,NoButton,Drag,1358,761
80.831,80.831,NoButton,Drag,1356,760
80.835,80.835,NoButton,Drag,1354,759
80.839,80.839,NoButton,Drag,1353,758
80.844,80.844,NoButton,Drag,1351,757
80.848,80.848,NoButton,Drag,1349,756
80.851,80.851,NoButton,Drag,1347,755
80.855,80.855,NoButton,Drag,1345,754
80.859,80.859,NoButton,Drag,1344,754
80.864,80.864,NoButton,Drag,1342,753
80.867,80.867,NoButton,Drag,1341,752
80.871,80.871,NoButton,Drag,1340,752
80.876,80.876,NoButton,Drag,1339,752
80.879,80.879,NoButton,Drag,1339,752
80.883,80.883,NoButton,Drag,1339,752
80.887,80.887,NoButton,Drag,1338,751
80.896,80.896,NoButton,Drag,1337,751
80.92,80.92,Left,Released,1337,751
80.948,80.948,NoButton,Drag,1337,751
80.952,80.952,NoButton,Drag,1337,751
80.964,80.964,NoButton,Drag,1336,750
80.98,80.98,NoButton,Drag,1335,750
80.997,80.997,NoButton,Drag,1333,749
81.014,81.014,NoButton,Drag,1330,749
81.031,81.031,NoButton,Drag,1324,749
81.047,81.047,NoButton,Drag,1317,751
81.064,81.064,NoButton,Drag,1301,753
81.081,81.081,NoButton,Drag,1284,754
81.097,81.097,NoButton,Drag,1262,755
81.114,81.114,NoButton,Drag,1236,755
81.131,81.131,NoButton,Drag,1201,755
81.148,81.148,NoButton,Drag,1146,748
81.164,81.164,NoButton,Drag,1096,741
81.181,81.181,NoButton,Drag,1046,730
81.197,81.197,NoButton,Drag,1001,719
81.214,81.214,NoButton,Drag,949,708
81.231,81.231,NoButton,Drag,912,699
81.248,81.248,NoButton,Drag,879,692
81.264,81.264,NoButton,Drag,851,685
81.281,81.281,NoButton,Drag,830,680
81.298,81.298,NoButton,Drag,814,676
81.314,81.314,NoButton,Drag,805,673
81.331,81.331,NoButton,Drag,798,671
81.348,81.348,NoButton,Drag,795,671
81.365,81.365,NoButton,Drag,791,671
81.381,81.381,NoButton,Drag,786,671
81.398,81.398,NoButton,Drag,780,671
81.415,81.415,NoButton,Drag,776,671
81.431,81.431,NoButton,Drag,771,671
81.449,81.449,NoButton,Drag,763,671
81.465,81.465,NoButton,Drag,750,669
81.481,81.481,NoButton,Drag,735,666
81.498,81.498,NoButton,Drag,719,662
81.516,81.516,NoButton,Drag,707,658
81.532,81.532,NoButton,Drag,695,652
81.549,81.549,NoButton,Drag,683,646
81.565,81.565,NoButton,Drag,673,641
81.582,81.582,NoButton,Drag,664,636
81.598,81.598,NoButton,Drag,662,634
81.616,81.616,NoButton,Drag,662,634
81.695,81.695,Left,Pressed,662,634
81.758,81.758,NoButton,Drag,662,633
81.762,81.762,NoButton,Drag,662,633
81.766,81.766,NoButton,Drag,663,632
81.77,81.77,NoButton,Drag,663,632
81.772,81.772,NoButton,Drag,665,631
81.776,81.776,NoButton,Drag,666,630
81.78,81.78,NoButton,Drag,668,628
81.784,81.784,NoButton,Drag,670,627
81.788,81.788,NoButton,Drag,673,625
81.792,81.792,NoButton,Drag,676,623
81.796,81.796,NoButton,Drag,680,620
81.8,81.8,NoButton,Drag,684,618
81.803,81.803,NoButton,Drag,689,615
81.808,81.808,NoButton,Drag,694,612
81.811,81.811,NoButton,Drag,700,609
81.816,81.816,NoButton,Drag,706,605
81.819,81.819,NoButton,Drag,713,602
81.823,81.823,NoButton,Drag,721,598
81.827,81.827,NoButton,Drag,730,595
81.832,81.832,NoButton,Drag,740,591
81.836,81.836,NoButton,Drag,751,587
81.839,81.839,NoButton,Drag,763,583
81.843,81.843,NoButton,Drag,778,577
81.847,81.847,NoButton,Drag,792,572
81.852,81.852,NoButton,Drag,807,565
81.855,81.855,NoButton,Drag,824,559
81.86,81.86,NoButton,Drag,840,553
81.863,81.863,NoButton,Drag,858,547
81.869,81.869,NoButton,Drag,877,541
81.871,81.871,NoButton,Drag,896,535
81.876,81.876,NoButton,Drag,915,528
81.879,81.879,NoButton,Drag,933,522
81.883,81.883,NoButton,Drag,950,515
81.888,81.888,NoButton,Drag,967,508
81.891,81.891,NoButton,Drag,981,502
81.895,81.895,NoButton,Drag,995,497
81.899,81.899,NoButton,Drag,1010,492
81.903,81.903,NoButton,Drag,1022,486
81.907,81.907,NoButton,Drag,1034,481
81.911,81.911,NoButton,Drag,1045,476
81.916,81.916,NoButton,Drag,1054,471
81.919,81.919,NoButton,Drag,1063,466
81.924,81.924,NoButton,Drag,1071,461
81.927,81.927,NoButton,Drag,1078,457
81.932,81.932,NoButton,Drag,1085,452
81.936,81.936,NoButton,Drag,1092,447
81.94,81.94,NoButton,Drag,1098,443
81.944,81.944,NoButton,Drag,1103,440
81.947,81.947,NoButton,Drag,1108,435
81.952,81.952,NoButton,Drag,1113,431
81.956,81.956,NoButton,Drag,1117,427
81.959,81.959,NoButton,Drag,1121,423
81.963,81.963,NoButton,Drag,1125,420
81.967,81.967,NoButton,Drag,1130,416
81.971,81.971,NoButton,Drag,1133,413
81.975,81.975,NoButton,Drag,1137,409
81.979,81.979,NoButton,Drag,1141,406
81.983,81.983,NoButton,Drag,1145,403
81.987,81.987,NoButton,Drag,1149,401
81.991,81.991,NoButton,Drag,1152,398
81.995,81.995,NoButton,Drag,1156,396
81.999,81.999,NoButton,Drag,1159,394
82.003,82.003,NoButton,Drag,1163,392
82.007,82.007,NoButton,Drag,1166,390
82.011,82.011,NoButton,Drag,1169,388
82.016,82.016,NoButton,Drag,1171,386
82.019,82.019,NoButton,Drag,1174,385
82.023,82.023,NoButton,Drag,1177,383
82.027,82.027,NoButton,Drag,1179,382
82.032,82.032,NoButton,Drag,1181,381
82.035,82.035,NoButton,Drag,1183,379
82.039,82.039,NoButton,Drag,1185,378
82.043,82.043,NoButton,Drag,1187,377
82.047,82.047,NoButton,Drag,1189,376
82.051,82.051,NoButton,Drag,1190,375
82.055,82.055,NoButton,Drag,1192,374
82.059,82.059,NoButton,Drag,1194,373
82.063,82.063,NoButton,Drag,1195,372
82.067,82.067,NoButton,Drag,1197,371
82.071,82.071,NoButton,Drag,1199,369
82.075,82.075,NoButton,Drag,1201,368
82.079,82.079,NoButton,Drag,1203,367
82.083,82.083,NoButton,Drag,1206,366
82.087,82.087,NoButton,Drag,1208,364
82.091,82.091,NoButton,Drag,1211,363
82.095,82.095,NoButton,Drag,1214,361
82.099,82.099,NoButton,Drag,1216,359
82.103,82.103,NoButton,Drag,1219,357
82.107,82.107,NoButton,Drag,1221,355
82.111,82.111,NoButton,Drag,1223,354
82.116,82.116,NoButton,Drag,1226,352
82.119,82.119,NoButton,Drag,1228,350
82.123,82.123,NoButton,Drag,1231,348
82.127,82.127,NoButton,Drag,1233,346
82.132,82.132,NoButton,Drag,1235,344
82.135,82.135,NoButton,Drag,1237,342
82.139,82.139,NoButton,Drag,1239,340
82.143,82.143,NoButton,Drag,1241,339
82.147,82.147,NoButton,Drag,1243,337
82.151,82.151,NoButton,Drag,1245,334
82.155,82.155,NoButton,Drag,1247,332
82.159,82.159,NoButton,Drag,1249,330
82.163,82.163,NoButton,Drag,1251,328
82.168,82.168,NoButton,Drag,1254,325
82.171,82.171,NoButton,Drag,1256,323
82.175,82.175,NoButton,Drag,1258,321
82.179,82.179,NoButton,Drag,1260,318
82.183,82.183,NoButton,Drag,1262,316
82.187,82.187,NoButton,Drag,1264,314
82.191,82.191,NoButton,Drag,1266,311
82.195,82.195,NoButton,Drag,1268,309
82.199,82.199,NoButton,Drag,1270,306
82.203,82.203,NoButton,Drag,1272,302
82.207,82.207,NoButton,Drag,1274,299
82.211,82.211,NoButton,Drag,1277,295
82.216,82.216,NoButton,Drag,1279,291
82.22,82.22,NoButton,Drag,1282,288
82.223,82.223,NoButton,Drag,1284,283
82.227,82.227,NoButton,Drag,1286,279
82.232,82.232,NoButton,Drag,1289,275
82.235,82.235,NoButton,Drag,1292,270
82.239,82.239,NoButton,Drag,1294,266
82.243,82.243,NoButton,Drag,1296,261
82.247,82.247,NoButton,Drag,1297,257
82.251,82.251,NoButton,Drag,1299,253
82.255,82.255,NoButton,Drag,1300,248
82.259,82.259,NoButton,Drag,1302,244
82.263,82.263,NoButton,Drag,1303,240
82.267,82.267,NoButton,Drag,1304,237
82.271,82.271,NoButton,Drag,1305,233
82.275,82.275,NoButton,Drag,1307,229
82.279,82.279,NoButton,Drag,1308,225
82.283,82.283,NoButton,Drag,1308,222
82.287,82.287,NoButton,Drag,1309,219
82.291,82.291,NoButton,Drag,1310,217
82.295,82.295,NoButton,Drag,1310,214
82.299,82.299,NoButton,Drag,1311,212
82.303,82.303,NoButton,Drag,1312,209
82.307,82.307,NoButton,Drag,1312,207
82.311,82.311,NoButton,Drag,1312,205
82.316,82.316,NoButton,Drag,1313,204
82.319,82.319,NoButton,Drag,1313,202
82.323,82.323,NoButton,Drag,1313,201
82.327,82.327,NoButton,Drag,1313,200
82.332,82.332,NoButton,Drag,1313,200
82.335,82.335,NoButton,Drag,1313,199
82.358,82.358,Left,Released,1313,199
82.37,82.37,NoButton,Drag,1313,199
82.384,82.384,NoButton,Drag,1312,199
82.401,82.401,NoButton,Drag,1307,205
82.417,82.417,NoButton,Drag,1297,219
82.435,82.435,NoButton,Drag,1275,244
82.451,82.451,NoButton,Drag,1249,272
82.467,82.467,NoButton,Drag,1216,304
82.484,82.484,NoButton,Drag,1164,343
82.501,82.501,NoButton,Drag,1097,388
82.517,82.517,NoButton,Drag,1015,440
82.534,82.534,NoButton,Drag,901,508
82.552,82.552,NoButton,Drag,807,559
82.568,82.568,NoButton,Drag,721,604
82.585,82.585,NoButton,Drag,638,645
82.601,82.601,NoButton,Drag,565,670
82.618,82.618,NoButton,Drag,505,688
82.635,82.635,NoButton,Drag,475,696
82.651,82.651,NoButton,Drag,454,700
82.668,82.668,NoButton,Drag,442,703
82.684,82.684,NoButton,Drag,434,706
82.701,82.701,NoButton,Drag,429,709
82.718,82.718,NoButton,Drag,423,714
82.735,82.735,NoButton,Drag,417,721
82.751,82.751,NoButton,Drag,410,731
82.768,82.768,NoButton,Drag,401,740
82.785,82.785,NoButton,Drag,391,749
82.801,82.801,NoButton,Drag,382,757
82.819,82.819,NoButton,Drag,375,761
82.835,82.835,NoButton,Drag,375,762
82.87,82.87,NoButton,Drag,374,762
82.885,82.885,NoButton,Drag,375,761
82.902,82.902,NoButton,Drag,378,757
82.918,82.918,NoButton,Drag,382,753
82.935,82.935,NoButton,Drag,388,749
82.952,82.952,NoButton,Drag,395,744
82.969,82.969,NoButton,Drag,399,741
82.985,82.985,NoButton,Drag,404,738
83.002,83.002,NoButton,Drag,410,735
83.019,83.019,NoButton,Drag,418,732
83.035,83.035,NoButton,Drag,427,729
83.052,83.052,NoButton,Drag,437,725
83.068,83.068,NoButton,Drag,445,723
83.086,83.086,NoButton,Drag,450,720
83.101,83.101,NoButton,Drag,453,718
83.119,83.119,NoButton,Drag,453,718
83.135,83.135,NoButton,Drag,453,718
83.14,83.14,Left,Pressed,453,718
83.141,83.141,NoButton,Drag,454,718
83.152,83.152,NoButton,Drag,454,718
83.156,83.156,NoButton,Drag,454,718
83.16,83.16,NoButton,Drag,454,718
83.208,83.208,NoButton,Drag,455,718
83.244,83.244,NoButton,Drag,455,718
83.248,83.248,NoButton,Drag,455,718
83.252,83.252,NoButton,Drag,455,718
83.256,83.256,NoButton,Drag,456,717
83.26,83.26,NoButton,Drag,456,717
83.263,83.263,NoButton,Drag,457,716
83.268,83.268,NoButton,Drag,458,716
83.271,83.271,NoButton,Drag,459,715
83.276,83.276,NoButton,Drag,460,714
83.279,83.279,NoButton,Drag,462,713
83.284,83.284,NoButton,Drag,464,711
83.288,83.288,NoButton,Drag,466,710
83.292,83.292,NoButton,Drag,469,708
83.295,83.295,NoButton,Drag,472,705
83.299,83.299,NoButton,Drag,476,703
83.303,83.303,NoButton,Drag,480,700
83.307,83.307,NoButton,Drag,484,698
83.311,83.311,NoButton,Drag,488,694
83.315,83.315,NoButton,Drag,494,691
83.319,83.319,NoButton,Drag,500,688
83.323,83.323,NoButton,Drag,506,684
83.327,83.327,NoButton,Drag,513,680
83.331,83.331,NoButton,Drag,520,677
83.336,83.336,NoButton,Drag,527,673
83.34,83.34,NoButton,Drag,534,669
83.343,83.343,NoButton,Drag,544,665
83.347,83.347,NoButton,Drag,553,661
83.351,83.351,NoButton,Drag,563,657
83.356,83.356,NoButton,Drag,573,652
83.359,83.359,NoButton,Drag,584,649
83.363,83.363,NoButton,Drag,594,645
83.368,83.368,NoButton,Drag,605,641
83.372,83.372,NoButton,Drag,617,636
83.375,83.375,NoButton,Drag,628,632
83.38,83.38,NoButton,Drag,640,627
83.384,83.384,NoButton,Drag,652,622
83.387,83.387,NoButton,Drag,664,618
83.392,83.392,NoButton,Drag,676,613
83.395,83.395,NoButton,Drag,688,609
83.399,83.399,NoButton,Drag,699,604
83.403,83.403,NoButton,Drag,711,599
83.407,83.407,NoButton,Drag,723,593
83.411,83.411,NoButton,Drag,735,587
83.415,83.415,NoButton,Drag,747,581
83.419,83.419,NoButton,Drag,757,576
83.423,83.423,NoButton,Drag,769,570
83.427,83.427,NoButton,Drag,780,565
83.431,83.431,NoButton,Drag,789,559
83.435,83.435,NoButton,Drag,802,552
83.437,83.437,NoButton,Drag,814,545
83.441,83.441,NoButton,Drag,825,538
83.445,83.445,NoButton,Drag,836,532
83.449,83.449,NoButton,Drag,847,525
83.453,83.453,NoButton,Drag,859,518
83.458,83.458,NoButton,Drag,871,511
83.461,83.461,NoButton,Drag,884,502
83.466,83.466,NoButton,Drag,896,495
83.469,83.469,NoButton,Drag,909,486
83.473,83.473,NoButton,Drag,920,479
83.477,83.477,NoButton,Drag,932,471
83.481,83.481,NoButton,Drag,945,463
83.486,83.486,NoButton,Drag,957,455
83.49,83.49,NoButton,Drag,970,446
83.493,83.493,NoButton,Drag,982,438
83.497,83.497,NoButton,Drag,994,431
83.501,83.501,NoButton,Drag,1006,423
83.506,83.506,NoButton,Drag,1018,415
83.509,83.509,NoButton,Drag,1032,405
83.513,83.513,NoButton,Drag,1043,398
83.518,83.518,NoButton,Drag,1055,390
83.521,83.521,NoButton,Drag,1067,382
83.525,83.525,NoButton,Drag,1079,375
83.529,83.529,NoButton,Drag,1091,367
83.533,83.533,NoButton,Drag,1103,359
83.538,83.538,NoButton,Drag,1115,350
83.541,83.541,NoButton,Drag,1126,342
83.545,83.545,NoButton,Drag,1136,335
83.549,83.549,NoButton,Drag,1147,328
83.553,83.553,NoButton,Drag,1156,322
83.557,83.557,NoButton,Drag,1166,315
83.561,83.561,NoButton,Drag,1176,308
83.565,83.565,NoButton,Drag,1185,302
83.57,83.57,NoButton,Drag,1193,296
83.573,83.573,NoButton,Drag,1202,290
83.577,83.577,NoButton,Drag,1210,284
83.581,83.581,NoButton,Drag,1218,278
83.585,83.585,NoButton,Drag,1225,271
83.59,83.59,NoButton,Drag,1233,265
83.593,83.593,NoButton,Drag,1240,260
83.597,83.597,NoButton,Drag,1247,255
83.601,83.601,NoButton,Drag,1254,250
83.606,83.606,NoButton,Drag,1261,245
83.609,83.609,NoButton,Drag,1268,240
83.613,83.613,NoButton,Drag,1273,235
83.617,83.617,NoButton,Drag,1278,232
83.621,83.621,NoButton,Drag,1283,227
83.625,83.625,NoButton,Drag,1287,224
83.63,83.63,NoButton,Drag,1291,220
83.633,83.633,NoButton,Drag,1295,217
83.637,83.637,NoButton,Drag,1299,214
83.641,83.641,NoButton,Drag,1302,212
83.645,83.645,NoButton,Drag,1305,209
83.649,83.649,NoButton,Drag,1307,206
83.653,83.653,NoButton,Drag,1308,205
83.657,83.657,NoButton,Drag,1310,203
83.661,83.661,NoButton,Drag,1312,201
83.665,83.665,NoButton,Drag,1313,200
83.669,83.669,NoButton,Drag,1314,199
83.673,83.673,NoButton,Drag,1314,197
83.677,83.677,NoButton,Drag,1315,197
83.681,83.681,NoButton,Drag,1316,196
83.685,83.685,NoButton,Drag,1316,196
83.69,83.69,NoButton,Drag,1316,196
83.693,83.693,NoButton,Drag,1317,195
83.714,83.714,NoButton,Drag,1317,195
83.75,83.75,NoButton,Drag,1317,195
83.762,83.762,NoButton,Drag,1317,195
83.77,83.77,NoButton,Drag,1317,195
83.774,83.774,NoButton,Drag,1317,195
83.778,83.778,NoButton,Drag,1317,194
83.786,83.786,NoButton,Drag,1317,194
83.79,83.79,NoButton,Drag,1317,194
83.793,83.793,NoButton,Drag,1318,194
83.797,83.797,NoButton,Drag,1318,194
83.801,83.801,NoButton,Drag,1318,193
83.806,83.806,NoButton,Drag,1318,193
83.809,83.809,NoButton,Drag,1318,193
83.813,83.813,NoButton,Drag,1319,193
83.817,83.817,NoButton,Drag,1319,192
83.823,83.823,Left,Released,1319,192
83.824,83.824,NoButton,Drag,1319,192
83.83,83.83,NoButton,Drag,1320,192
83.878,83.878,NoButton,Drag,1320,192
83.886,83.886,NoButton,Drag,1319,192
83.892,83.892,NoButton,Drag,1318,192
83.908,83.908,NoButton,Drag,1311,197
83.925,83.925,NoButton,Drag,1295,211
83.941,83.941,NoButton,Drag,1263,238
83.958,83.958,NoButton,Drag,1189,286
83.975,83.975,NoButton,Drag,1109,333
83.991,83.991,NoButton,Drag,1016,391
84.008,84.008,NoButton,Drag,900,456
84.025,84.025,NoButton,Drag,749,545
84.042,84.042,NoButton,Drag,651,601
84.058,84.058,NoButton,Drag,564,646
84.076,84.076,NoButton,Drag,471,695
84.092,84.092,NoButton,Drag,419,718
84.108,84.108,NoButton,Drag,386,731
84.125,84.125,NoButton,Drag,369,738
84.142,84.142,NoButton,Drag,360,742
84.158,84.158,NoButton,Drag,356,743
84.175,84.175,NoButton,Drag,355,743
84.192,84.192,NoButton,Drag,353,744
84.208,84.208,NoButton,Drag,351,744
84.225,84.225,NoButton,Drag,346,744
84.241,84.241,NoButton,Drag,339,743
84.259,84.259,NoButton,Drag,335,742
84.276,84.276,NoButton,Drag,334,742
84.292,84.292,NoButton,Drag,333,741
84.309,84.309,NoButton,Drag,333,741
84.325,84.325,NoButton,Drag,334,738
84.342,84.342,NoButton,Drag,339,733
84.359,84.359,NoButton,Drag,346,725
84.375,84.375,NoButton,Drag,358,716
84.393,84.393,NoButton,Drag,374,702
84.409,84.409,NoButton,Drag,385,691
84.426,84.426,NoButton,Drag,396,682
84.442,84.442,NoButton,Drag,407,672
84.459,84.459,NoButton,Drag,414,664
84.475,84.475,NoButton,Drag,420,659
84.493,84.493,NoButton,Drag,423,656
84.509,84.509,NoButton,Drag,423,656
84.544,84.544,Left,Pressed,423,656
84.558,84.558,NoButton,Drag,423,655
84.598,84.598,NoButton,Drag,424,655
84.61,84.61,NoButton,Drag,424,656
84.613,84.613,NoButton,Drag,424,656
84.618,84.618,NoButton,Drag,425,656
84.622,84.622,NoButton,Drag,425,656
84.626,84.626,NoButton,Drag,426,657
84.63,84.63,NoButton,Drag,427,658
84.633,84.633,NoButton,Drag,428,659
84.637,84.637,NoButton,Drag,430,660
84.641,84.641,NoButton,Drag,433,661
84.645,84.645,NoButton,Drag,436,662
84.649,84.649,NoButton,Drag,440,664
84.653,84.653,NoButton,Drag,446,666
84.657,84.657,NoButton,Drag,452,668
84.662,84.662,NoButton,Drag,460,671
84.666,84.666,NoButton,Drag,470,674
84.67,84.67,NoButton,Drag,480,678
84.673,84.673,NoButton,Drag,490,681
84.677,84.677,NoButton,Drag,502,685
84.681,84.681,NoButton,Drag,514,688
84.686,84.686,NoButton,Drag,525,692
84.69,84.69,NoButton,Drag,537,697
84.693,84.693,NoButton,Drag,552,701
84.697,84.697,NoButton,Drag,566,707
84.702,84.702,NoButton,Drag,579,711
84.706,84.706,NoButton,Drag,593,715
84.709,84.709,NoButton,Drag,608,719
84.714,84.714,NoButton,Drag,623,723
84.718,84.718,NoButton,Drag,640,729
84.722,84.722,NoButton,Drag,658,735
84.725,84.725,NoButton,Drag,677,742
84.729,84.729,NoButton,Drag,696,748
84.733,84.733,NoButton,Drag,715,753
84.737,84.737,NoButton,Drag,734,759
84.741,84.741,NoButton,Drag,753,764
84.745,84.745,NoButton,Drag,773,770
84.75,84.75,NoButton,Drag,796,776
84.753,84.753,NoButton,Drag,818,781
84.757,84.757,NoButton,Drag,838,786
84.762,84.762,NoButton,Drag,859,791
84.765,84.765,NoButton,Drag,880,795
84.769,84.769,NoButton,Drag,900,799
84.773,84.773,NoButton,Drag,920,802
84.778,84.778,NoButton,Drag,939,806
84.782,84.782,NoButton,Drag,959,808
84.785,84.785,NoButton,Drag,978,810
84.79,84.79,NoButton,Drag,997,811
84.793,84.793,NoButton,Drag,1016,812
84.798,84.798,NoButton,Drag,1034,813
84.802,84.802,NoButton,Drag,1053,813
84.805,84.805,NoButton,Drag,1071,814
84.81,84.81,NoButton,Drag,1089,814
84.813,84.813,NoButton,Drag,1106,815
84.817,84.817,NoButton,Drag,1122,815
84.822,84.822,NoButton,Drag,1137,815
84.825,84.825,NoButton,Drag,1151,816
84.83,84.83,NoButton,Drag,1163,816
84.834,84.834,NoButton,Drag,1174,816
84.838,84.838,NoButton,Drag,1185,816
84.841,84.841,NoButton,Drag,1194,816
84.846,84.846,NoButton,Drag,1202,816
84.849,84.849,NoButton,Drag,1210,816
84.854,84.854,NoButton,Drag,1215,816
84.857,84.857,NoButton,Drag,1220,815
84.862,84.862,NoButton,Drag,1224,815
84.865,84.865,NoButton,Drag,1227,814
84.869,84.869,NoButton,Drag,1230,814
84.873,84.873,NoButton,Drag,1233,813
84.878,84.878,NoButton,Drag,1235,812
84.881,84.881,NoButton,Drag,1237,812
84.885,84.885,NoButton,Drag,1238,811
84.889,84.889,NoButton,Drag,1239,811
84.893,84.893,NoButton,Drag,1240,811
84.897,84.897,NoButton,Drag,1241,810
84.901,84.901,NoButton,Drag,1241,810
84.905,84.905,NoButton,Drag,1241,810
84.922,84.922,NoButton,Drag,1241,810
84.929,84.929,NoButton,Drag,1241,809
84.933,84.933,NoButton,Drag,1242,809
84.938,84.938,NoButton,Drag,1242,809
84.942,84.942,NoButton,Drag,1242,809
84.945,84.945,NoButton,Drag,1242,809
84.949,84.949,NoButton,Drag,1242,808
84.953,84.953,NoButton,Drag,1242,808
84.957,84.957,NoButton,Drag,1242,808
84.961,84.961,NoButton,Drag,1242,807
84.966,84.966,NoButton,Drag,1242,807
84.97,84.97,NoButton,Drag,1242,806
84.973,84.973,NoButton,Drag,1242,806
84.977,84.977,NoButton,Drag,1242,805
84.981,84.981,NoButton,Drag,1242,804
84.985,84.985,NoButton,Drag,1242,804
84.989,84.989,NoButton,Drag,1242,804
84.993,84.993,NoButton,Drag,1242,803
84.997,84.997,NoButton,Drag,1243,802
85.001,85.001,NoButton,Drag,1243,801
85.005,85.005,NoButton,Drag,1244,800
85.01,85.01,NoButton,Drag,1245,799
85.013,85.013,NoButton,Drag,1245,798
85.017,85.017,NoButton,Drag,1245,797
85.022,85.022,NoButton,Drag,1246,796
85.025,85.025,NoButton,Drag,1247,794
85.03,85.03,NoButton,Drag,1248,793
85.033,85.033,NoButton,Drag,1248,791
85.037,85.037,NoButton,Drag,1249,790
85.041,85.041,NoButton,Drag,1250,788
85.045,85.045,NoButton,Drag,1251,786
85.049,85.049,NoButton,Drag,1251,784
85.053,85.053,NoButton,Drag,1252,783
85.057,85.057,NoButton,Drag,1253,781
85.062,85.062,NoButton,Drag,1253,778
85.065,85.065,NoButton,Drag,1254,776
85.069,85.069,NoButton,Drag,1254,774
85.073,85.073,NoButton,Drag,1254,772
85.077,85.077,NoButton,Drag,1255,769
85.081,85.081,NoButton,Drag,1255,767
85.085,85.085,NoButton,Drag,1255,765
85.089,85.089,NoButton,Drag,1255,762
85.093,85.093,NoButton,Drag,1254,760
85.097,85.097,NoButton,Drag,1254,757
85.101,85.101,NoButton,Drag,1253,755
85.105,85.105,NoButton,Drag,1253,753
85.109,85.109,NoButton,Drag,1252,750
85.114,85.114,NoButton,Drag,1251,748
85.118,85.118,NoButton,Drag,1249,746
85.122,85.122,NoButton,Drag,1248,744
85.125,85.125,NoButton,Drag,1247,742
85.13,85.13,NoButton,Drag,1246,740
85.133,85.133,NoButton,Drag,1245,740
85.137,85.137,NoButton,Drag,1245,739
85.141,85.141,NoButton,Drag,1245,739
85.145,85.145,NoButton,Drag,1245,739
85.149,85.149,NoButton,Drag,1245,738
85.212,85.212,Left,Released,1245,738
85.213,85.213,NoButton,Drag,1244,738
85.216,85.216,NoButton,Drag,1244,738
85.228,85.228,NoButton,Drag,1242,739
85.245,85.245,NoButton,Drag,1231,743
85.261,85.261,NoButton,Drag,1204,750
85.278,85.278,NoButton,Drag,1158,763
85.295,85.295,NoButton,Drag,1092,783
85.311,85.311,NoButton,Drag,1013,804
85.328,85.328,NoButton,Drag,879,833
85.346,85.346,NoButton,Drag,736,852
85.361,85.361,NoButton,Drag,585,862
85.379,85.379,NoButton,Drag,451,865
85.395,85.395,NoButton,Drag,362,863
85.412,85.412,NoButton,Drag,302,852
85.429,85.429,NoButton,Drag,283,844
85.445,85.445,NoButton,Drag,276,838
85.462,85.462,NoButton,Drag,275,832
85.479,85.479,NoButton,Drag,276,826
85.496,85.496,NoButton,Drag,281,818
85.512,85.512,NoButton,Drag,286,811
85.529,85.529,NoButton,Drag,289,805
85.546,85.546,NoButton,Drag,292,802
85.563,85.563,NoButton,Drag,296,798
85.579,85.579,NoButton,Drag,301,794
85.596,85.596,NoButton,Drag,308,790
85.613,85.613,NoButton,Drag,313,786
85.63,85.63,NoButton,Drag,317,783
85.646,85.646,NoButton,Drag,320,780
85.663,85.663,NoButton,Drag,323,777
85.679,85.679,NoButton,Drag,325,775
85.697,85.697,NoButton,Drag,327,772
85.714,85.714,NoButton,Drag,328,771
85.731,85.731,NoButton,Drag,329,769
85.748,85.748,NoButton,Drag,331,766
85.764,85.764,NoButton,Drag,333,762
85.782,85.782,NoButton,Drag,338,754
85.798,85.798,NoButton,Drag,344,743
85.814,85.814,NoButton,Drag,351,732
85.831,85.831,NoButton,Drag,357,722
85.848,85.848,NoButton,Drag,361,711
85.865,85.865,NoButton,Drag,365,702
85.881,85.881,NoButton,Drag,369,695
85.898,85.898,NoButton,Drag,374,687
85.915,85.915,NoButton,Drag,378,683
85.931,85.931,NoButton,Drag,380,681
85.949,85.949,NoButton,Drag,380,680
86.01,86.01,NoButton,Drag,380,680
86.063,86.063,NoButton,Drag,381,680
86.106,86.106,NoButton,Drag,381,680
86.114,86.114,NoButton,Drag,381,680
86.118,86.118,NoButton,Drag,381,680
86.133,86.133,NoButton,Drag,381,679
86.149,86.149,NoButton,Drag,381,678
86.165,86.165,NoButton,Drag,382,677
86.182,86.182,NoButton,Drag,382,676
86.199,86.199,NoButton,Drag,382,675
86.216,86.216,NoButton,Drag,383,675
86.219,86.219,Left,Pressed,383,675
86.222,86.222,NoButton,Drag,383,675
86.23,86.23,NoButton,Drag,383,675
86.235,86.235,NoButton,Drag,383,675
86.238,86.238,NoButton,Drag,384,675
86.242,86.242,NoButton,Drag,384,675
86.246,86.246,NoButton,Drag,384,675
86.25,86.25,NoButton,Drag,385,675
86.254,86.254,NoButton,Drag,385,675
86.258,86.258,NoButton,Drag,386,675
86.262,86.262,NoButton,Drag,387,676
86.266,86.266,NoButton,Drag,388,676
86.27,86.27,NoButton,Drag,389,676
86.274,86.274,NoButton,Drag,391,677
86.278,86.278,NoButton,Drag,393,678
86.282,86.282,NoButton,Drag,396,678
86.286,86.286,NoButton,Drag,400,679
86.289,86.289,NoButton,Drag,404,680
86.293,86.293,NoButton,Drag,409,681
86.297,86.297,NoButton,Drag,415,682
86.301,86.301,NoButton,Drag,421,684
86.306,86.306,NoButton,Drag,428,685
86.309,86.309,NoButton,Drag,436,687
86.313,86.313,NoButton,Drag,444,689
86.317,86.317,NoButton,Drag,454,690
86.321,86.321,NoButton,Drag,465,693
86.325,86.325,NoButton,Drag,474,694
86.327,86.327,NoButton,Drag,484,696
86.332,86.332,NoButton,Drag,495,698
86.335,86.335,NoButton,Drag,507,700
86.339,86.339,NoButton,Drag,518,703
86.343,86.343,NoButton,Drag,531,705
86.35,86.35,NoButton,Drag,544,708
86.352,86.352,NoButton,Drag,556,710
86.356,86.356,NoButton,Drag,568,713
86.359,86.359,NoButton,Drag,581,716
86.363,86.363,NoButton,Drag,595,719
86.367,86.367,NoButton,Drag,609,721
86.371,86.371,NoButton,Drag,622,724
86.375,86.375,NoButton,Drag,637,727
86.379,86.379,NoButton,Drag,652,729
86.383,86.383,NoButton,Drag,668,733
86.387,86.387,NoButton,Drag,684,736
86.393,86.393,NoButton,Drag,702,739
86.395,86.395,NoButton,Drag,718,742
86.4,86.4,NoButton,Drag,734,745
86.403,86.403,NoButton,Drag,751,748
86.407,86.407,NoButton,Drag,767,750
86.411,86.411,NoButton,Drag,784,753
86.415,86.415,NoButton,Drag,801,756
86.419,86.419,NoButton,Drag,819,758
86.423,86.423,NoButton,Drag,834,760
86.427,86.427,NoButton,Drag,848,762
86.431,86.431,NoButton,Drag,863,764
86.435,86.435,NoButton,Drag,876,766
86.439,86.439,NoButton,Drag,889,768
86.443,86.443,NoButton,Drag,901,770
86.447,86.447,NoButton,Drag,912,771
86.451,86.451,NoButton,Drag,923,773
86.455,86.455,NoButton,Drag,933,773
86.459,86.459,NoButton,Drag,942,774
86.463,86.463,NoButton,Drag,951,774
86.467,86.467,NoButton,Drag,960,774
86.471,86.471,NoButton,Drag,968,774
86.475,86.475,NoButton,Drag,975,774
86.479,86.479,NoButton,Drag,982,774
86.483,86.483,NoButton,Drag,988,774
86.487,86.487,NoButton,Drag,994,774
86.491,86.491,NoButton,Drag,1000,774
86.495,86.495,NoButton,Drag,1005,774
86.5,86.5,NoButton,Drag,1010,774
86.503,86.503,NoButton,Drag,1014,774
86.507,86.507,NoButton,Drag,1018,773
86.511,86.511,NoButton,Drag,1021,773
86.515,86.515,NoButton,Drag,1024,773
86.519,86.519,NoButton,Drag,1027,772
86.523,86.523,NoButton,Drag,1029,772
86.527,86.527,NoButton,Drag,1031,771
86.531,86.531,NoButton,Drag,1033,771
86.535,86.535,NoButton,Drag,1035,771
86.539,86.539,NoButton,Drag,1036,770
86.543,86.543,NoButton,Drag,1037,770
86.547,86.547,NoButton,Drag,1038,770
86.551,86.551,NoButton,Drag,1039,769
86.555,86.555,NoButton,Drag,1040,769
86.559,86.559,NoButton,Drag,1042,768
86.563,86.563,NoButton,Drag,1043,768
86.567,86.567,NoButton,Drag,1044,768
86.571,86.571,NoButton,Drag,1046,767
86.575,86.575,NoButton,Drag,1047,766
86.579,86.579,NoButton,Drag,1049,766
86.583,86.583,NoButton,Drag,1051,765
86.587,86.587,NoButton,Drag,1053,764
86.591,86.591,NoButton,Drag,1056,764
86.595,86.595,NoButton,Drag,1058,763
86.6,86.6,NoButton,Drag,1061,762
86.603,86.603,NoButton,Drag,1063,762
86.607,86.607,NoButton,Drag,1065,761
86.611,86.611,NoButton,Drag,1069,760
86.616,86.616,NoButton,Drag,1071,760
86.619,86.619,NoButton,Drag,1074,759
86.623,86.623,NoButton,Drag,1077,758
86.627,86.627,NoButton,Drag,1081,757
86.631,86.631,NoButton,Drag,1084,756
86.635,86.635,NoButton,Drag,1087,755
86.639,86.639,NoButton,Drag,1090,754
86.643,86.643,NoButton,Drag,1094,753
86.648,86.648,NoButton,Drag,1098,752
86.651,86.651,NoButton,Drag,1101,751
86.655,86.655,NoButton,Drag,1106,749
86.659,86.659,NoButton,Drag,1110,748
86.663,86.663,NoButton,Drag,1115,747
86.667,86.667,NoButton,Drag,1119,746
86.671,86.671,NoButton,Drag,1124,745
86.675,86.675,NoButton,Drag,1129,744
86.679,86.679,NoButton,Drag,1134,743
86.683,86.683,NoButton,Drag,1139,741
86.687,86.687,NoButton,Drag,1144,740
86.691,86.691,NoButton,Drag,1149,739
86.695,86.695,NoButton,Drag,1155,737
86.7,86.7,NoButton,Drag,1160,736
86.703,86.703,NoButton,Drag,1164,735
86.707,86.707,NoButton,Drag,1168,734
86.711,86.711,NoButton,Drag,1172,733
86.715,86.715,NoButton,Drag,1177,732
86.719,86.719,NoButton,Drag,1180,732
86.723,86.723,NoButton,Drag,1183,731
86.727,86.727,NoButton,Drag,1186,730
86.731,86.731,NoButton,Drag,1189,730
86.735,86.735,NoButton,Drag,1192,729
86.739,86.739,NoButton,Drag,1194,729
86.743,86.743,NoButton,Drag,1197,729
86.747,86.747,NoButton,Drag,1199,728
86.751,86.751,NoButton,Drag,1202,728
86.755,86.755,NoButton,Drag,1204,727
86.759,86.759,NoButton,Drag,1206,727
86.763,86.763,NoButton,Drag,1209,727
86.767,86.767,NoButton,Drag,1211,727
86.771,86.771,NoButton,Drag,1213,727
86.775,86.775,NoButton,Drag,1215,727
86.779,86.779,NoButton,Drag,1217,726
86.783,86.783,NoButton,Drag,1219,726
86.787,86.787,NoButton,Drag,1222,726
86.791,86.791,NoButton,Drag,1224,726
86.795,86.795,NoButton,Drag,1226,726
86.8,86.8,NoButton,Drag,1228,726
86.803,86.803,NoButton,Drag,1230,726
86.807,86.807,NoButton,Drag,1232,726
86.811,86.811,NoButton,Drag,1234,726
86.815,86.815,NoButton,Drag,1236,726
86.819,86.819,NoButton,Drag,1238,726
86.823,86.823,NoButton,Drag,1239,726
86.827,86.827,NoButton,Drag,1241,726
86.831,86.831,NoButton,Drag,1243,726
86.835,86.835,NoButton,Drag,1245,726
86.839,86.839,NoButton,Drag,1247,726
86.843,86.843,NoButton,Drag,1249,726
86.847,86.847,NoButton,Drag,1251,726
86.851,86.851,NoButton,Drag,1253,726
86.855,86.855,NoButton,Drag,1255,726
86.859,86.859,NoButton,Drag,1257,726
86.863,86.863,NoButton,Drag,1259,726
86.867,86.867,NoButton,Drag,1260,725
86.871,86.871,NoButton,Drag,1262,725
86.875,86.875,NoButton,Drag,1264,725
86.879,86.879,NoButton,Drag,1265,725
86.883,86.883,NoButton,Drag,1267,725
86.887,86.887,NoButton,Drag,1268,725
86.891,86.891,NoButton,Drag,1270,724
86.895,86.895,NoButton,Drag,1271,724
86.897,86.897,NoButton,Drag,1273,724
86.901,86.901,NoButton,Drag,1275,724
86.905,86.905,NoButton,Drag,1277,724
86.91,86.91,Left,Released,1277,724
86.91,86.91,NoButton,Drag,1278,724
86.918,86.918,NoButton,Drag,1282,724
86.935,86.935,NoButton,Drag,1289,723
86.952,86.952,NoButton,Drag,1294,723
86.969,86.969,NoButton,Drag,1297,723
86.985,86.985,NoButton,Drag,1298,723
87.034,87.034,NoButton,Drag,1297,723
87.038,87.038,NoButton,Drag,1297,723
87.052,87.052,NoButton,Drag,1292,725
87.068,87.068,NoButton,Drag,1274,729
87.085,87.085,NoButton,Drag,1229,740
87.102,87.102,NoButton,Drag,1134,767
87.119,87.119,NoButton,Drag,1021,798
87.135,87.135,NoButton,Drag,867,837
87.152,87.152,NoButton,Drag,682,877
87.169,87.169,NoButton,Drag,455,899
87.185,87.185,NoButton,Drag,222,899
87.202,87.202,NoButton,Drag,0,899
87.218,87.218,NoButton,Drag,0,898
87.236,87.236,NoButton,Drag,0,890
87.252,87.252,NoButton,Drag,0,882
87.269,87.269,NoButton,Drag,0,865
87.285,87.285,NoButton,Drag,0,841
87.302,87.302,NoButton,Drag,0,807
87.319,87.319,NoButton,Drag,0,788
87.336,87.336,NoButton,Drag,0,772
87.352,87.352,NoButton,Drag,0,761
87.368,87.368,NoButton,Drag,0,755
87.385,87.385,NoButton,Drag,0,752
87.402,87.402,NoButton,Drag,0,748
87.419,87.419,NoButton,Drag,0,746
87.436,87.436,NoButton,Drag,1,745
87.452,87.452,NoButton,Drag,4,743
87.468,87.468,NoButton,Drag,6,741
87.485,87.485,NoButton,Drag,9,740
87.503,87.503,NoButton,Drag,12,737
87.519,87.519,NoButton,Drag,15,734
87.536,87.536,NoButton,Drag,19,729
87.552,87.552,NoButton,Drag,21,724
87.569,87.569,NoButton,Drag,23,718
87.586,87.586,NoButton,Drag,22,711
87.602,87.602,NoButton,Drag,20,703
87.619,87.619,NoButton,Drag,18,694
87.636,87.636,NoButton,Drag,17,687
87.653,87.653,NoButton,Drag,17,682
87.67,87.67,NoButton,Drag,20,677
87.686,87.686,NoButton,Drag,25,674
87.703,87.703,NoButton,Drag,33,668
87.72,87.72,NoButton,Drag,40,663
87.738,87.738,NoButton,Drag,50,656
87.754,87.754,NoButton,Drag,60,649
87.771,87.771,NoButton,Drag,70,643
87.787,87.787,NoButton,Drag,77,637
87.804,87.804,NoButton,Drag,82,631
87.821,87.821,NoButton,Drag,84,627
87.838,87.838,NoButton,Drag,86,623
87.855,87.855,NoButton,Drag,88,620
87.871,87.871,NoButton,Drag,88,617
87.887,87.887,NoButton,Drag,90,613
87.904,87.904,NoButton,Drag,92,609
87.921,87.921,NoButton,Drag,93,605
87.937,87.937,NoButton,Drag,94,602
87.954,87.954,NoButton,Drag,95,598
87.972,87.972,NoButton,Drag,96,594
87.988,87.988,NoButton,Drag,98,591
88.005,88.005,NoButton,Drag,99,588
88.021,88.021,NoButton,Drag,100,586
88.038,88.038,NoButton,Drag,101,585
88.054,88.054,NoButton,Drag,101,584
88.071,88.071,NoButton,Drag,101,583
88.089,88.089,NoButton,Drag,102,582
88.105,88.105,NoButton,Drag,102,580
88.121,88.121,NoButton,Drag,102,579
88.138,88.138,NoButton,Drag,103,578
88.156,88.156,NoButton,Drag,103,578
88.178,88.178,Left,Pressed,103,578
88.198,88.198,NoButton,Drag,103,577
88.202,88.202,NoButton,Drag,104,577
88.205,88.205,NoButton,Drag,104,577
88.209,88.209,NoButton,Drag,104,577
88.213,88.213,NoButton,Drag,104,577
88.217,88.217,NoButton,Drag,105,577
88.222,88.222,NoButton,Drag,105,577
88.225,88.225,NoButton,Drag,106,577
88.229,88.229,NoButton,Drag,107,577
88.233,88.233,NoButton,Drag,108,577
88.238,88.238,NoButton,Drag,109,577
88.241,88.241,NoButton,Drag,112,577
88.245,88.245,NoButton,Drag,114,577
88.249,88.249,NoButton,Drag,116,577
88.253,88.253,NoButton,Drag,119,576
88.257,88.257,NoButton,Drag,123,576
88.261,88.261,NoButton,Drag,127,576
88.265,88.265,NoButton,Drag,132,576
88.269,88.269,NoButton,Drag,138,576
88.273,88.273,NoButton,Drag,144,576
88.277,88.277,NoButton,Drag,152,575
88.281,88.281,NoButton,Drag,160,574
88.285,88.285,NoButton,Drag,170,573
88.289,88.289,NoButton,Drag,181,572
88.293,88.293,NoButton,Drag,193,571
88.297,88.297,NoButton,Drag,205,570
88.301,88.301,NoButton,Drag,219,569
88.305,88.305,NoButton,Drag,232,567
88.309,88.309,NoButton,Drag,246,565
88.313,88.313,NoButton,Drag,260,564
88.317,88.317,NoButton,Drag,275,563
88.321,88.321,NoButton,Drag,289,561
88.325,88.325,NoButton,Drag,302,558
88.329,88.329,NoButton,Drag,317,556
88.333,88.333,NoButton,Drag,330,554
88.338,88.338,NoButton,Drag,345,552
88.341,88.341,NoButton,Drag,360,550
88.345,88.345,NoButton,Drag,375,548
88.349,88.349,NoButton,Drag,389,546
88.354,88.354,NoButton,Drag,404,544
88.358,88.358,NoButton,Drag,418,542
88.361,88.361,NoButton,Drag,431,540
88.365,88.365,NoButton,Drag,445,537
88.369,88.369,NoButton,Drag,459,534
88.373,88.373,NoButton,Drag,473,533
88.377,88.377,NoButton,Drag,484,532
88.381,88.381,NoButton,Drag,497,530
88.385,88.385,NoButton,Drag,510,529
88.389,88.389,NoButton,Drag,522,527
88.393,88.393,NoButton,Drag,533,526
88.397,88.397,NoButton,Drag,544,525
88.401,88.401,NoButton,Drag,556,524
88.405,88.405,NoButton,Drag,565,524
88.409,88.409,NoButton,Drag,576,523
88.413,88.413,NoButton,Drag,587,523
88.417,88.417,NoButton,Drag,597,523
88.421,88.421,NoButton,Drag,608,523
88.425,88.425,NoButton,Drag,619,523
88.429,88.429,NoButton,Drag,629,523
88.433,88.433,NoButton,Drag,638,523
88.438,88.438,NoButton,Drag,649,523
88.441,88.441,NoButton,Drag,659,524
88.445,88.445,NoButton,Drag,669,525
88.449,88.449,NoButton,Drag,678,525
88.453,88.453,NoButton,Drag,689,527
88.457,88.457,NoButton,Drag,699,527
88.461,88.461,NoButton,Drag,708,528
88.465,88.465,NoButton,Drag,718,530
88.469,88.469,NoButton,Drag,729,531
88.473,88.473,NoButton,Drag,740,532
88.477,88.477,NoButton,Drag,752,533
88.481,88.481,NoButton,Drag,765,535
88.485,88.485,NoButton,Drag,777,536
88.489,88.489,NoButton,Drag,789,538
88.493,88.493,NoButton,Drag,803,539
88.497,88.497,NoButton,Drag,817,540
88.501,88.501,NoButton,Drag,831,541
88.505,88.505,NoButton,Drag,843,543
88.509,88.509,NoButton,Drag,856,543
88.513,88.513,NoButton,Drag,869,544
88.517,88.517,NoButton,Drag,882,545
88.521,88.521,NoButton,Drag,894,545
88.525,88.525,NoButton,Drag,906,546
88.529,88.529,NoButton,Drag,917,546
88.533,88.533,NoButton,Drag,928,546
88.535,88.535,NoButton,Drag,941,547
88.539,88.539,NoButton,Drag,953,547
88.543,88.543,NoButton,Drag,964,547
88.547,88.547,NoButton,Drag,975,547
88.551,88.551,NoButton,Drag,985,547
88.555,88.555,NoButton,Drag,996,547
88.559,88.559,NoButton,Drag,1006,547
88.563,88.563,NoButton,Drag,1017,547
88.567,88.567,NoButton,Drag,1026,547
88.571,88.571,NoButton,Drag,1036,547
88.575,88.575,NoButton,Drag,1046,547
88.579,88.579,NoButton,Drag,1056,547
88.583,88.583,NoButton,Drag,1066,547
88.588,88.588,NoButton,Drag,1075,547
88.591,88.591,NoButton,Drag,1083,548
88.595,88.595,NoButton,Drag,1089,548
88.599,88.599,NoButton,Drag,1095,548
88.603,88.603,NoButton,Drag,1100,548
88.607,88.607,NoButton,Drag,1105,548
88.611,88.611,NoButton,Drag,1108,547
88.615,88.615,NoButton,Drag,1112,547
88.619,88.619,NoButton,Drag,1115,547
88.623,88.623,NoButton,Drag,1118,547
88.627,88.627,NoButton,Drag,1120,547
88.631,88.631,NoButton,Drag,1122,547
88.635,88.635,NoButton,Drag,1123,547
88.639,88.639,NoButton,Drag,1125,547
88.643,88.643,NoButton,Drag,1126,547
88.647,88.647,NoButton,Drag,1127,547
88.651,88.651,NoButton,Drag,1128,546
88.655,88.655,NoButton,Drag,1129,546
88.659,88.659,NoButton,Drag,1130,546
88.663,88.663,NoButton,Drag,1131,546
88.667,88.667,NoButton,Drag,1133,546
88.672,88.672,NoButton,Drag,1134,546
88.675,88.675,NoButton,Drag,1135,546
88.679,88.679,NoButton,Drag,1136,546
88.683,88.683,NoButton,Drag,1137,546
88.688,88.688,NoButton,Drag,1138,546
88.691,88.691,NoButton,Drag,1139,546
88.695,88.695,NoButton,Drag,1140,545
88.699,88.699,NoButton,Drag,1142,545
88.703,88.703,NoButton,Drag,1143,545
88.707,88.707,NoButton,Drag,1145,545
88.711,88.711,NoButton,Drag,1146,545
88.715,88.715,NoButton,Drag,1147,544
88.719,88.719,NoButton,Drag,1149,544
88.723,88.723,NoButton,Drag,1152,543
88.727,88.727,NoButton,Drag,1153,543
88.731,88.731,NoButton,Drag,1155,543
88.735,88.735,NoButton,Drag,1157,543
88.739,88.739,NoButton,Drag,1159,542
88.743,88.743,NoButton,Drag,1163,542
88.747,88.747,NoButton,Drag,1165,542
88.751,88.751,NoButton,Drag,1168,541
88.755,88.755,NoButton,Drag,1171,541
88.759,88.759,NoButton,Drag,1174,541
88.763,88.763,NoButton,Drag,1178,540
88.767,88.767,NoButton,Drag,1181,539
88.772,88.772,NoButton,Drag,1184,539
88.775,88.775,NoButton,Drag,1188,538
88.779,88.779,NoButton,Drag,1192,537
88.783,88.783,NoButton,Drag,1197,536
88.788,88.788,NoButton,Drag,1201,536
88.791,88.791,NoButton,Drag,1205,535
88.795,88.795,NoButton,Drag,1210,533
88.799,88.799,NoButton,Drag,1215,532
88.803,88.803,NoButton,Drag,1219,532
88.807,88.807,NoButton,Drag,1224,531
88.811,88.811,NoButton,Drag,1230,530
88.815,88.815,NoButton,Drag,1235,528
88.819,88.819,NoButton,Drag,1240,527
88.823,88.823,NoButton,Drag,1244,526
88.827,88.827,NoButton,Drag,1248,525
88.831,88.831,NoButton,Drag,1252,524
88.835,88.835,NoButton,Drag,1255,523
88.839,88.839,NoButton,Drag,1260,522
88.843,88.843,NoButton,Drag,1264,520
88.847,88.847,NoButton,Drag,1268,520
88.851,88.851,NoButton,Drag,1272,519
88.855,88.855,NoButton,Drag,1277,518
88.859,88.859,NoButton,Drag,1280,517
88.863,88.863,NoButton,Drag,1284,516
88.867,88.867,NoButton,Drag,1288,515
88.871,88.871,NoButton,Drag,1291,515
88.875,88.875,NoButton,Drag,1295,514
88.879,88.879,NoButton,Drag,1297,513
88.883,88.883,NoButton,Drag,1300,512
88.888,88.888,NoButton,Drag,1302,512
88.891,88.891,NoButton,Drag,1305,511
88.895,88.895,NoButton,Drag,1307,510
88.899,88.899,NoButton,Drag,1311,510
88.903,88.903,NoButton,Drag,1313,509
88.907,88.907,NoButton,Drag,1316,509
88.911,88.911,NoButton,Drag,1318,508
88.915,88.915,NoButton,Drag,1320,507
88.919,88.919,NoButton,Drag,1322,506
88.923,88.923,NoButton,Drag,1324,506
88.927,88.927,NoButton,Drag,1325,506
88.931,88.931,NoButton,Drag,1326,505
88.935,88.935,NoButton,Drag,1327,504
88.939,88.939,NoButton,Drag,1328,504
88.944,88.944,Left,Released,1328,504
88.944,88.944,NoButton,Drag,1328,504
88.957,88.957,NoButton,Drag,1329,503
88.98,88.98,NoButton,Drag,1329,503
88.996,88.996,NoButton,Drag,1329,503
89.007,89.007,NoButton,Drag,1327,503
89.024,89.024,NoButton,Drag,1309,509
89.04,89.04,NoButton,Drag,1268,524
89.057,89.057,NoButton,Drag,1196,556
89.074,89.074,NoButton,Drag,1105,596
89.09,89.09,NoButton,Drag,998,640
89.106,89.106,NoButton,Drag,880,680
89.124,89.124,NoButton,Drag,854,684
89.154,89.154,NoButton,Drag,850,685
89.178,89.178,NoButton,Drag,848,685
89.19,89.19,NoButton,Drag,812,687
89.207,89.207,NoButton,Drag,690,695
89.224,89.224,NoButton,Drag,541,696
89.24,89.24,NoButton,Drag,403,688
89.257,89.257,NoButton,Drag,305,662
89.274,89.274,NoButton,Drag,210,616
89.29,89.29,NoButton,Drag,170,585
89.307,89.307,NoButton,Drag,148,558
89.324,89.324,NoButton,Drag,138,532
89.341,89.341,NoButton,Drag,134,502
89.358,89.358,NoButton,Drag,134,464
89.374,89.374,NoButton,Drag,138,434
89.39,89.39,NoButton,Drag,142,409
89.407,89.407,NoButton,Drag,148,385
89.424,89.424,NoButton,Drag,154,366
89.44,89.44,NoButton,Drag,160,348
89.458,89.458,NoButton,Drag,167,328
89.474,89.474,NoButton,Drag,174,312
89.49,89.49,NoButton,Drag,184,297
89.507,89.507,NoButton,Drag,195,282
89.524,89.524,NoButton,Drag,211,266
89.541,89.541,NoButton,Drag,229,252
89.557,89.557,NoButton,Drag,247,238
89.574,89.574,NoButton,Drag,270,224
89.59,89.59,NoButton,Drag,287,214
89.608,89.608,NoButton,Drag,307,207
89.624,89.624,NoButton,Drag,324,202
89.641,89.641,NoButton,Drag,335,198
89.658,89.658,NoButton,Drag,340,198
89.674,89.674,NoButton,Drag,340,198
89.696,89.696,NoButton,Drag,340,198
89.708,89.708,NoButton,Drag,340,198
89.724,89.724,NoButton,Drag,339,199
89.741,89.741,NoButton,Drag,338,201
89.757,89.757,NoButton,Drag,336,202
89.774,89.774,NoButton,Drag,332,205
89.791,89.791,NoButton,Drag,329,207
89.808,89.808,NoButton,Drag,325,210
89.825,89.825,NoButton,Drag,322,213
89.841,89.841,NoButton,Drag,318,217
89.859,89.859,NoButton,Drag,314,220
89.874,89.874,NoButton,Drag,311,224
89.891,89.891,NoButton,Drag,306,228
89.908,89.908,NoButton,Drag,303,231
89.925,89.925,NoButton,Drag,302,232
89.964,89.964,Left,Pressed,302,232
90.024,90.024,NoButton,Drag,302,232
90.044,90.044,NoButton,Drag,302,232
90.052,90.052,NoButton,Drag,303,232
90.056,90.056,NoButton,Drag,303,232
90.06,90.06,NoButton,Drag,303,232
90.064,90.064,NoButton,Drag,303,233
90.068,90.068,NoButton,Drag,304,233
90.072,90.072,NoButton,Drag,304,233
90.076,90.076,NoButton,Drag,305,233
90.08,90.08,NoButton,Drag,306,234
90.084,90.084,NoButton,Drag,308,234
90.088,90.088,NoButton,Drag,309,235
90.092,90.092,NoButton,Drag,312,235
90.096,90.096,NoButton,Drag,315,236
90.1,90.1,NoButton,Drag,318,237
90.103,90.103,NoButton,Drag,321,238
90.108,90.108,NoButton,Drag,326,239
90.111,90.111,NoButton,Drag,330,241
90.115,90.115,NoButton,Drag,334,242
90.119,90.119,NoButton,Drag,340,244
90.124,90.124,NoButton,Drag,346,246
90.127,90.127,NoButton,Drag,351,248
90.131,90.131,NoButton,Drag,358,250
90.135,90.135,NoButton,Drag,365,253
90.139,90.139,NoButton,Drag,373,255
90.144,90.144,NoButton,Drag,381,257
90.147,90.147,NoButton,Drag,389,260
90.151,90.151,NoButton,Drag,398,263
90.156,90.156,NoButton,Drag,408,266
90.159,90.159,NoButton,Drag,418,269
90.163,90.163,NoButton,Drag,430,274
90.167,90.167,NoButton,Drag,442,278
90.171,90.171,NoButton,Drag,454,281
90.176,90.176,NoButton,Drag,467,286
90.179,90.179,NoButton,Drag,478,290
90.184,90.184,NoButton,Drag,492,293
90.188,90.188,NoButton,Drag,508,298
90.192,90.192,NoButton,Drag,524,302
90.195,90.195,NoButton,Drag,539,306
90.199,90.199,NoButton,Drag,555,310
90.203,90.203,NoButton,Drag,572,314
90.207,90.207,NoButton,Drag,589,319
90.211,90.211,NoButton,Drag,606,322
90.215,90.215,NoButton,Drag,624,327
90.219,90.219,NoButton,Drag,643,330
90.223,90.223,NoButton,Drag,660,333
90.227,90.227,NoButton,Drag,679,337
90.231,90.231,NoButton,Drag,698,339
90.235,90.235,NoButton,Drag,717,342
90.239,90.239,NoButton,Drag,737,345
90.243,90.243,NoButton,Drag,756,347
90.247,90.247,NoButton,Drag,777,349
90.251,90.251,NoButton,Drag,797,351
90.255,90.255,NoButton,Drag,817,354
90.257,90.257,NoButton,Drag,838,357
90.262,90.262,NoButton,Drag,858,358
90.265,90.265,NoButton,Drag,878,360
90.269,90.269,NoButton,Drag,897,361
90.273,90.273,NoButton,Drag,917,363
90.277,90.277,NoButton,Drag,936,364
90.281,90.281,NoButton,Drag,955,366
90.285,90.285,NoButton,Drag,975,367
90.289,90.289,NoButton,Drag,994,368
90.293,90.293,NoButton,Drag,1012,369
90.297,90.297,NoButton,Drag,1032,369
90.301,90.301,NoButton,Drag,1050,370
90.305,90.305,NoButton,Drag,1068,371
90.309,90.309,NoButton,Drag,1086,372
90.313,90.313,NoButton,Drag,1106,372
90.317,90.317,NoButton,Drag,1124,373
90.321,90.321,NoButton,Drag,1142,373
90.325,90.325,NoButton,Drag,1160,373
90.329,90.329,NoButton,Drag,1177,374
90.333,90.333,NoButton,Drag,1193,374
90.337,90.337,NoButton,Drag,1209,375
90.342,90.342,NoButton,Drag,1225,375
90.345,90.345,NoButton,Drag,1239,375
90.349,90.349,NoButton,Drag,1254,375
90.353,90.353,NoButton,Drag,1269,375
90.357,90.357,NoButton,Drag,1283,375
90.361,90.361,NoButton,Drag,1297,375
90.365,90.365,NoButton,Drag,1310,375
90.369,90.369,NoButton,Drag,1324,375
90.373,90.373,NoButton,Drag,1337,375
90.377,90.377,NoButton,Drag,1350,374
90.381,90.381,NoButton,Drag,1362,373
90.385,90.385,NoButton,Drag,1373,373
90.389,90.389,NoButton,Drag,1385,372
90.393,90.393,NoButton,Drag,1396,370
90.397,90.397,NoButton,Drag,1407,369
90.401,90.401,NoButton,Drag,1417,367
90.405,90.405,NoButton,Drag,1427,366
90.409,90.409,NoButton,Drag,1435,364
90.413,90.413,NoButton,Drag,1439,363
90.417,90.417,NoButton,Drag,1439,361
90.421,90.421,NoButton,Drag,1439,360
90.425,90.425,NoButton,Drag,1439,358
90.429,90.429,NoButton,Drag,1439,357
90.433,90.433,NoButton,Drag,1439,356
90.437,90.437,NoButton,Drag,1439,355
90.442,90.442,NoButton,Drag,1439,354
90.445,90.445,NoButton,Drag,1439,353
90.449,90.449,NoButton,Drag,1439,353
90.453,90.453,NoButton,Drag,1439,353
90.457,90.457,NoButton,Drag,1439,352
90.462,90.462,NoButton,Drag,1439,352
90.465,90.465,NoButton,Drag,1439,352
90.469,90.469,NoButton,Drag,1439,351
90.473,90.473,NoButton,Drag,1439,351
90.477,90.477,NoButton,Drag,1439,351
90.506,90.506,NoButton,Drag,1439,351
90.63,90.63,NoButton,Drag,1439,351
90.634,90.634,NoButton,Drag,1438,352
90.638,90.638,NoButton,Drag,1438,352
90.642,90.642,NoButton,Drag,1437,353
90.646,90.646,NoButton,Drag,1436,354
90.65,90.65,NoButton,Drag,1435,354
90.654,90.654,NoButton,Drag,1434,355
90.658,90.658,NoButton,Drag,1433,356
90.662,90.662,NoButton,Drag,1431,358
90.665,90.665,NoButton,Drag,1430,359
90.669,90.669,NoButton,Drag,1428,360
90.673,90.673,NoButton,Drag,1427,362
90.678,90.678,NoButton,Drag,1425,364
90.682,90.682,NoButton,Drag,1424,366
90.686,90.686,NoButton,Drag,1422,368
90.69,90.69,NoButton,Drag,1420,370
90.694,90.694,NoButton,Drag,1418,372
90.698,90.698,NoButton,Drag,1416,375
90.701,90.701,NoButton,Drag,1415,377
90.705,90.705,NoButton,Drag,1413,379
90.709,90.709,NoButton,Drag,1412,381
90.713,90.713,NoButton,Drag,1410,383
90.717,90.717,NoButton,Drag,1408,386
90.721,90.721,NoButton,Drag,1407,388
90.725,90.725,NoButton,Drag,1405,390
90.73,90.73,NoButton,Drag,1404,392
90.734,90.734,NoButton,Drag,1403,394
90.738,90.738,NoButton,Drag,1402,395
90.741,90.741,NoButton,Drag,1401,397
90.745,90.745,NoButton,Drag,1400,398
90.749,90.749,NoButton,Drag,1400,399
90.753,90.753,NoButton,Drag,1399,400
90.757,90.757,NoButton,Drag,1399,402
90.761,90.761,NoButton,Drag,1398,403
90.766,90.766,NoButton,Drag,1398,404
90.769,90.769,NoButton,Drag,1398,405
90.773,90.773,NoButton,Drag,1398,406
90.777,90.777,NoButton,Drag,1397,406
90.782,90.782,NoButton,Drag,1397,407
90.785,90.785,NoButton,Drag,1397,407
90.789,90.789,NoButton,Drag,1397,408
90.793,90.793,NoButton,Drag,1397,408
90.797,90.797,NoButton,Drag,1396,408
90.801,90.801,NoButton,Drag,1396,408
90.81,90.81,NoButton,Drag,1396,409
90.817,90.817,NoButton,Drag,1396,409
90.821,90.821,NoButton,Drag,1395,409
90.825,90.825,NoButton,Drag,1395,409
90.827,90.827,NoButton,Drag,1395,410
90.832,90.832,NoButton,Drag,1394,410
90.835,90.835,NoButton,Drag,1393,410
90.839,90.839,NoButton,Drag,1393,411
90.843,90.843,NoButton,Drag,1392,411
90.847,90.847,NoButton,Drag,1392,411
90.851,90.851,NoButton,Drag,1391,411
90.855,90.855,NoButton,Drag,1390,412
90.859,90.859,NoButton,Drag,1389,412
90.863,90.863,NoButton,Drag,1387,413
90.867,90.867,NoButton,Drag,1385,413
90.871,90.871,NoButton,Drag,1383,414
90.875,90.875,NoButton,Drag,1381,414
90.879,90.879,NoButton,Drag,1379,415
90.883,90.883,NoButton,Drag,1375,416
90.887,90.887,NoButton,Drag,1372,417
90.891,90.891,NoButton,Drag,1369,418
90.895,90.895,NoButton,Drag,1364,419
90.899,90.899,NoButton,Drag,1360,420
90.903,90.903,NoButton,Drag,1356,421
90.907,90.907,NoButton,Drag,1351,422
90.911,90.911,NoButton,Drag,1346,423
90.915,90.915,NoButton,Drag,1341,424
90.919,90.919,NoButton,Drag,1335,426
90.923,90.923,NoButton,Drag,1330,427
90.927,90.927,NoButton,Drag,1325,428
90.932,90.932,NoButton,Drag,1320,429
90.935,90.935,NoButton,Drag,1316,430
90.941,90.941,NoButton,Drag,1313,431
90.943,90.943,NoButton,Drag,1309,432
90.947,90.947,NoButton,Drag,1306,433
90.951,90.951,NoButton,Drag,1304,433
90.955,90.955,NoButton,Drag,1302,434
90.959,90.959,NoButton,Drag,1300,434
90.963,90.963,NoButton,Drag,1299,435
90.967,90.967,NoButton,Drag,1297,435
90.971,90.971,NoButton,Drag,1297,435
90.975,90.975,NoButton,Drag,1297,436
90.984,90.984,NoButton,Drag,1296,436
90.996,90.996,NoButton,Drag,1296,436
90.999,90.999,NoButton,Drag,1296,436
91.003,91.003,NoButton,Drag,1296,435
91.007,91.007,NoButton,Drag,1295,435
91.011,91.011,NoButton,Drag,1295,434
91.015,91.015,NoButton,Drag,1295,434
91.019,91.019,NoButton,Drag,1295,433
91.023,91.023,NoButton,Drag,1295,433
91.027,91.027,NoButton,Drag,1294,432
91.032,91.032,NoButton,Drag,1294,431
91.035,91.035,NoButton,Drag,1294,431
91.039,91.039,NoButton,Drag,1294,430
91.044,91.044,Left,Released,1294,430
91.044,91.044,NoButton,Drag,1294,429
91.051,91.051,NoButton,Drag,1294,428
91.067,91.067,NoButton,Drag,1293,423
91.084,91.084,NoButton,Drag,1290,418
91.101,91.101,NoButton,Drag,1286,415
91.117,91.117,NoButton,Drag,1279,410
91.134,91.134,NoButton,Drag,1266,404
91.151,91.151,NoButton,Drag,1247,399
91.167,91.167,NoButton,Drag,1219,391
91.184,91.184,NoButton,Drag,1167,376
91.2,91.2,NoButton,Drag,1108,357
91.217,91.217,NoButton,Drag,1038,335
91.234,91.234,NoButton,Drag,959,306
91.25,91.25,NoButton,Drag,877,272
91.267,91.267,NoButton,Drag,800,238
91.284,91.284,NoButton,Drag,725,207
91.301,91.301,NoButton,Drag,679,186
91.317,91.317,NoButton,Drag,648,166
91.335,91.335,NoButton,Drag,622,150
91.35,91.35,NoButton,Drag,603,136
91.367,91.367,NoButton,Drag,588,125
91.384,91.384,NoButton,Drag,575,117
91.401,91.401,NoButton,Drag,568,114
91.417,91.417,NoButton,Drag,560,112
91.434,91.434,NoButton,Drag,552,111
91.451,91.451,NoButton,Drag,549,111
91.467,91.467,NoButton,Drag,547,112
91.485,91.485,NoButton,Drag,544,114
91.501,91.501,NoButton,Drag,537,118
91.518,91.518,NoButton,Drag,525,126
91.534,91.534,NoButton,Drag,513,133
91.551,91.551,NoButton,Drag,500,139
91.568,91.568,NoButton,Drag,490,144
91.584,91.584,NoButton,Drag,486,147
91.601,91.601,NoButton,Drag,484,150
91.618,91.618,NoButton,Drag,483,152
91.635,91.635,NoButton,Drag,482,153
91.652,91.652,NoButton,Drag,482,154
91.668,91.668,NoButton,Drag,481,155
91.685,91.685,NoButton,Drag,481,156
91.701,91.701,NoButton,Drag,480,156
91.718,91.718,NoButton,Drag,479,158
91.735,91.735,NoButton,Drag,479,158
91.738,91.738,Left,Pressed,479,158
91.746,91.746,NoButton,Drag,479,158
91.834,91.834,NoButton,Drag,479,158
91.838,91.838,NoButton,Drag,479,159
91.842,91.842,NoButton,Drag,479,159
91.846,91.846,NoButton,Drag,478,159
91.85,91.85,NoButton,Drag,478,159
91.854,91.854,NoButton,Drag,478,160
91.858,91.858,NoButton,Drag,478,160
91.861,91.861,NoButton,Drag,478,160
91.866,91.866,NoButton,Drag,477,161
91.869,91.869,NoButton,Drag,477,161
91.873,91.873,NoButton,Drag,477,162
91.878,91.878,NoButton,Drag,476,162
91.881,91.881,NoButton,Drag,476,163
91.885,91.885,NoButton,Drag,475,164
91.889,91.889,NoButton,Drag,474,165
91.894,91.894,NoButton,Drag,473,165
91.898,91.898,NoButton,Drag,472,166
91.901,91.901,NoButton,Drag,471,167
91.905,91.905,NoButton,Drag,470,168
91.91,91.91,NoButton,Drag,469,169
91.913,91.913,NoButton,Drag,467,170
91.917,91.917,NoButton,Drag,465,171
91.922,91.922,NoButton,Drag,463,172
91.925,91.925,NoButton,Drag,461,173
91.93,91.93,Left,Released,461,173
91.931,91.931,NoButton,Drag,459,173
91.934,91.934,NoButton,Drag,456,174
91.951,91.951,NoButton,Drag,448,176
91.968,91.968,NoButton,Drag,442,177
91.985,91.985,NoButton,Drag,439,178
92.001,92.001,NoButton,Drag,439,178
92.019,92.019,NoButton,Drag,438,177
92.034,92.034,NoButton,Drag,437,176
92.052,92.052,NoButton,Drag,436,175
92.068,92.068,NoButton,Drag,436,175
92.084,92.084,NoButton,Drag,436,175
92.165,92.165,Left,Pressed,436,175
92.176,92.176,NoButton,Drag,436,175
92.18,92.18,NoButton,Drag,436,175
92.184,92.184,NoButton,Drag,436,175
92.188,92.188,NoButton,Drag,436,176
92.192,92.192,NoButton,Drag,437,176
92.196,92.196,NoButton,Drag,437,176
92.2,92.2,NoButton,Drag,437,176
92.205,92.205,NoButton,Drag,437,176
92.208,92.208,NoButton,Drag,438,177
92.212,92.212,NoButton,Drag,439,177
92.216,92.216,NoButton,Drag,439,177
92.22,92.22,NoButton,Drag,440,177
92.224,92.224,NoButton,Drag,441,178
92.228,92.228,NoButton,Drag,442,178
92.232,92.232,NoButton,Drag,443,179
92.236,92.236,NoButton,Drag,445,179
92.24,92.24,NoButton,Drag,447,180
92.244,92.244,NoButton,Drag,449,180
92.248,92.248,NoButton,Drag,452,181
92.252,92.252,NoButton,Drag,455,182
92.256,92.256,NoButton,Drag,458,183
92.26,92.26,NoButton,Drag,462,185
92.264,92.264,NoButton,Drag,466,186
92.268,92.268,NoButton,Drag,470,187
92.272,92.272,NoButton,Drag,475,188
92.275,92.275,NoButton,Drag,481,191
92.279,92.279,NoButton,Drag,487,192
92.283,92.283,NoButton,Drag,493,194
92.287,92.287,NoButton,Drag,499,196
92.292,92.292,NoButton,Drag,506,198
92.295,92.295,NoButton,Drag,514,201
92.299,92.299,NoButton,Drag,523,204
92.303,92.303,NoButton,Drag,531,206
92.307,92.307,NoButton,Drag,539,209
92.311,92.311,NoButton,Drag,548,212
92.316,92.316,NoButton,Drag,558,215
92.319,92.319,NoButton,Drag,568,218
92.324,92.324,NoButton,Drag,580,221
92.327,92.327,NoButton,Drag,591,225
92.331,92.331,NoButton,Drag,601,229
92.335,92.335,NoButton,Drag,613,232
92.34,92.34,NoButton,Drag,625,237
92.343,92.343,NoButton,Drag,636,240
92.347,92.347,NoButton,Drag,647,244
92.351,92.351,NoButton,Drag,659,248
92.355,92.355,NoButton,Drag,670,251
92.36,92.36,NoButton,Drag,682,256
92.363,92.363,NoButton,Drag,694,260
92.367,92.367,NoButton,Drag,707,265
92.371,92.371,NoButton,Drag,718,268
92.375,92.375,NoButton,Drag,730,273
92.379,92.379,NoButton,Drag,741,276
92.383,92.383,NoButton,Drag,753,280
92.387,92.387,NoButton,Drag,765,285
92.391,92.391,NoButton,Drag,778,288
92.395,92.395,NoButton,Drag,790,292
92.399,92.399,NoButton,Drag,801,296
92.403,92.403,NoButton,Drag,813,300
92.407,92.407,NoButton,Drag,827,305
92.411,92.411,NoButton,Drag,840,309
92.415,92.415,NoButton,Drag,855,315
92.419,92.419,NoButton,Drag,872,320
92.421,92.421,NoButton,Drag,889,327
92.425,92.425,NoButton,Drag,906,332
92.429,92.429,NoButton,Drag,924,338
92.433,92.433,NoButton,Drag,941,344
92.437,92.437,NoButton,Drag,959,349
92.441,92.441,NoButton,Drag,976,354
92.447,92.447,NoButton,Drag,991,359
92.449,92.449,NoButton,Drag,1005,363
92.453,92.453,NoButton,Drag,1017,367
92.457,92.457,NoButton,Drag,1029,371
92.461,92.461,NoButton,Drag,1040,374
92.465,92.465,NoButton,Drag,1051,377
92.469,92.469,NoButton,Drag,1058,379
92.473,92.473,NoButton,Drag,1066,380
92.477,92.477,NoButton,Drag,1073,382
92.481,92.481,NoButton,Drag,1078,384
92.485,92.485,NoButton,Drag,1083,385
92.49,92.49,NoButton,Drag,1088,386
92.493,92.493,NoButton,Drag,1093,388
92.497,92.497,NoButton,Drag,1098,389
92.501,92.501,NoButton,Drag,1102,390
92.506,92.506,NoButton,Drag,1106,391
92.509,92.509,NoButton,Drag,1109,392
92.513,92.513,NoButton,Drag,1112,393
92.517,92.517,NoButton,Drag,1116,394
92.521,92.521,NoButton,Drag,1120,396
92.525,92.525,NoButton,Drag,1123,396
92.529,92.529,NoButton,Drag,1126,397
92.533,92.533,NoButton,Drag,1129,398
92.537,92.537,NoButton,Drag,1132,400
92.541,92.541,NoButton,Drag,1135,401
92.545,92.545,NoButton,Drag,1138,402
92.549,92.549,NoButton,Drag,1141,404
92.553,92.553,NoButton,Drag,1143,405
92.557,92.557,NoButton,Drag,1145,406
92.561,92.561,NoButton,Drag,1148,407
92.565,92.565,NoButton,Drag,1150,409
92.569,92.569,NoButton,Drag,1153,410
92.573,92.573,NoButton,Drag,1155,411
92.577,92.577,NoButton,Drag,1157,412
92.581,92.581,NoButton,Drag,1159,413
92.585,92.585,NoButton,Drag,1162,415
92.59,92.59,NoButton,Drag,1164,416
92.593,92.593,NoButton,Drag,1166,417
92.597,92.597,NoButton,Drag,1168,418
92.601,92.601,NoButton,Drag,1171,419
92.605,92.605,NoButton,Drag,1173,421
92.609,92.609,NoButton,Drag,1175,422
92.613,92.613,NoButton,Drag,1179,424
92.617,92.617,NoButton,Drag,1181,425
92.621,92.621,NoButton,Drag,1184,426
92.625,92.625,NoButton,Drag,1187,428
92.629,92.629,NoButton,Drag,1191,429
92.633,92.633,NoButton,Drag,1194,431
92.637,92.637,NoButton,Drag,1198,433
92.641,92.641,NoButton,Drag,1201,434
92.645,92.645,NoButton,Drag,1204,435
92.649,92.649,NoButton,Drag,1207,436
92.653,92.653,NoButton,Drag,1210,437
92.657,92.657,NoButton,Drag,1213,438
92.661,92.661,NoButton,Drag,1215,439
92.665,92.665,NoButton,Drag,1217,439
92.669,92.669,NoButton,Drag,1219,440
92.673,92.673,NoButton,Drag,1221,440
92.677,92.677,NoButton,Drag,1222,441
92.681,92.681,NoButton,Drag,1223,441
92.685,92.685,NoButton,Drag,1224,441
92.706,92.706,NoButton,Drag,1224,441
92.753,92.753,NoButton,Drag,1225,441
92.758,92.758,NoButton,Drag,1225,441
92.762,92.762,NoButton,Drag,1226,441
92.765,92.765,NoButton,Drag,1226,442
92.769,92.769,NoButton,Drag,1227,442
92.773,92.773,NoButton,Drag,1228,442
92.777,92.777,NoButton,Drag,1229,442
92.781,92.781,NoButton,Drag,1230,442
92.785,92.785,NoButton,Drag,1232,442
92.79,92.79,NoButton,Drag,1233,442
92.793,92.793,NoButton,Drag,1235,442
92.797,92.797,NoButton,Drag,1237,442
92.801,92.801,NoButton,Drag,1239,442
92.805,92.805,NoButton,Drag,1241,442
92.809,92.809,NoButton,Drag,1244,442
92.813,92.813,NoButton,Drag,1246,442
92.817,92.817,NoButton,Drag,1249,442
92.821,92.821,NoButton,Drag,1252,442
92.825,92.825,NoButton,Drag,1255,442
92.829,92.829,NoButton,Drag,1258,442
92.833,92.833,NoButton,Drag,1261,442
92.837,92.837,NoButton,Drag,1263,442
92.841,92.841,NoButton,Drag,1265,442
92.845,92.845,NoButton,Drag,1267,442
92.849,92.849,NoButton,Drag,1270,441
92.853,92.853,NoButton,Drag,1271,441
92.857,92.857,NoButton,Drag,1273,441
92.861,92.861,NoButton,Drag,1274,441
92.865,92.865,NoButton,Drag,1275,441
92.869,92.869,NoButton,Drag,1275,440
92.873,92.873,NoButton,Drag,1276,440
92.877,92.877,NoButton,Drag,1276,440
92.881,92.881,NoButton,Drag,1277,440
92.885,92.885,NoButton,Drag,1278,440
92.89,92.89,NoButton,Drag,1278,440
92.893,92.893,NoButton,Drag,1279,440
92.897,92.897,NoButton,Drag,1279,440
92.901,92.901,NoButton,Drag,1280,439
92.905,92.905,NoButton,Drag,1281,439
92.909,92.909,NoButton,Drag,1282,439
92.913,92.913,NoButton,Drag,1283,439
92.917,92.917,NoButton,Drag,1284,439
92.921,92.921,NoButton,Drag,1286,439
92.925,92.925,NoButton,Drag,1287,439
92.929,92.929,NoButton,Drag,1289,439
92.933,92.933,NoButton,Drag,1291,439
92.937,92.937,NoButton,Drag,1292,439
92.941,92.941,NoButton,Drag,1294,439
92.945,92.945,NoButton,Drag,1296,439
92.949,92.949,NoButton,Drag,1297,439
92.953,92.953,NoButton,Drag,1299,439
92.957,92.957,NoButton,Drag,1300,439
92.961,92.961,NoButton,Drag,1301,439
92.965,92.965,NoButton,Drag,1302,439
92.969,92.969,NoButton,Drag,1303,439
92.973,92.973,NoButton,Drag,1304,439
92.977,92.977,NoButton,Drag,1305,439
92.981,92.981,NoButton,Drag,1306,439
92.985,92.985,NoButton,Drag,1307,439
92.99,92.99,NoButton,Drag,1307,439
92.993,92.993,NoButton,Drag,1308,439
93.02,93.02,Left,Released,1308,439
93.041,93.041,NoButton,Drag,1307,438
93.043,93.043,NoButton,Drag,1307,438
93.058,93.058,NoButton,Drag,1305,437
93.075,93.075,NoButton,Drag,1295,435
93.091,93.091,NoButton,Drag,1270,433
93.108,93.108,NoButton,Drag,1202,432
93.126,93.126,NoButton,Drag,1111,429
93.142,93.142,NoButton,Drag,992,427
93.158,93.158,NoButton,Drag,865,426
93.175,93.175,NoButton,Drag,744,423
93.192,93.192,NoButton,Drag,621,410
93.208,93.208,NoButton,Drag,540,394
93.225,93.225,NoButton,Drag,466,378
93.242,93.242,NoButton,Drag,410,361
93.259,93.259,NoButton,Drag,371,347
93.275,93.275,NoButton,Drag,350,337
93.292,93.292,NoButton,Drag,335,328
93.309,93.309,NoButton,Drag,322,319
93.325,93.325,NoButton,Drag,314,313
93.342,93.342,NoButton,Drag,311,312
93.359,93.359,NoButton,Drag,309,311
93.375,93.375,NoButton,Drag,307,309
93.392,93.392,NoButton,Drag,304,307
93.408,93.408,NoButton,Drag,299,303
93.425,93.425,NoButton,Drag,294,300
93.442,93.442,NoButton,Drag,291,298
93.459,93.459,NoButton,Drag,290,297
93.475,93.475,NoButton,Drag,288,296
93.492,93.492,NoButton,Drag,281,294
93.508,93.508,NoButton,Drag,272,291
93.526,93.526,NoButton,Drag,261,288
93.542,93.542,NoButton,Drag,248,285
93.558,93.558,NoButton,Drag,230,281
93.575,93.575,NoButton,Drag,205,274
93.592,93.592,NoButton,Drag,184,268
93.609,93.609,NoButton,Drag,160,262
93.626,93.626,NoButton,Drag,148,257
93.642,93.642,NoButton,Drag,141,254
93.659,93.659,NoButton,Drag,138,252
93.675,93.675,NoButton,Drag,137,252
93.831,93.831,Left,Pressed,137,252
93.835,93.835,NoButton,Drag,137,251
93.862,93.862,NoButton,Drag,137,252
93.866,93.866,NoButton,Drag,138,252
93.87,93.87,NoButton,Drag,138,252
93.874,93.874,NoButton,Drag,138,253
93.878,93.878,NoButton,Drag,138,253
93.882,93.882,NoButton,Drag,139,254
93.886,93.886,NoButton,Drag,139,254
93.89,93.89,NoButton,Drag,140,255
93.894,93.894,NoButton,Drag,140,255
93.898,93.898,NoButton,Drag,141,256
93.902,93.902,NoButton,Drag,142,257
93.906,93.906,NoButton,Drag,143,259
93.909,93.909,NoButton,Drag,145,260
93.914,93.914,NoButton,Drag,147,262
93.918,93.918,NoButton,Drag,148,263
93.921,93.921,NoButton,Drag,151,265
93.925,93.925,NoButton,Drag,154,267
93.929,93.929,NoButton,Drag,157,269
93.933,93.933,NoButton,Drag,161,271
93.937,93.937,NoButton,Drag,166,274
93.941,93.941,NoButton,Drag,171,276
93.945,93.945,NoButton,Drag,177,279
93.949,93.949,NoButton,Drag,183,282
93.954,93.954,NoButton,Drag,191,286
93.957,93.957,NoButton,Drag,199,289
93.961,93.961,NoButton,Drag,208,293
93.965,93.965,NoButton,Drag,217,297
93.97,93.97,NoButton,Drag,226,300
93.973,93.973,NoButton,Drag,236,304
93.977,93.977,NoButton,Drag,246,308
93.982,93.982,NoButton,Drag,258,312
93.986,93.986,NoButton,Drag,270,317
93.99,93.99,NoButton,Drag,282,321
93.993,93.993,NoButton,Drag,293,325
93.997,93.997,NoButton,Drag,306,329
94.001,94.001,NoButton,Drag,318,334
94.005,94.005,NoButton,Drag,331,339
94.009,94.009,NoButton,Drag,343,343
94.013,94.013,NoButton,Drag,356,348
94.018,94.018,NoButton,Drag,370,353
94.021,94.021,NoButton,Drag,382,358
94.025,94.025,NoButton,Drag,395,363
94.029,94.029,NoButton,Drag,408,368
94.033,94.033,NoButton,Drag,421,373
94.037,94.037,NoButton,Drag,434,378
94.041,94.041,NoButton,Drag,448,383
94.045,94.045,NoButton,Drag,463,389
94.049,94.049,NoButton,Drag,476,394
94.053,94.053,NoButton,Drag,491,400
94.057,94.057,NoButton,Drag,505,405
94.061,94.061,NoButton,Drag,521,411
94.065,94.065,NoButton,Drag,536,416
94.07,94.07,NoButton,Drag,553,422
94.073,94.073,NoButton,Drag,569,428
94.077,94.077,NoButton,Drag,584,433
94.081,94.081,NoButton,Drag,600,438
94.085,94.085,NoButton,Drag,614,443
94.09,94.09,NoButton,Drag,628,448
94.093,94.093,NoButton,Drag,642,452
94.097,94.097,NoButton,Drag,657,458
94.101,94.101,NoButton,Drag,671,463
94.105,94.105,NoButton,Drag,684,466
94.109,94.109,NoButton,Drag,697,470
94.113,94.113,NoButton,Drag,713,475
94.117,94.117,NoButton,Drag,727,479
94.121,94.121,NoButton,Drag,740,483
94.125,94.125,NoButton,Drag,756,488
94.129,94.129,NoButton,Drag,771,492
94.133,94.133,NoButton,Drag,783,495
94.137,94.137,NoButton,Drag,798,499
94.141,94.141,NoButton,Drag,813,504
94.145,94.145,NoButton,Drag,827,508
94.149,94.149,NoButton,Drag,842,512
94.153,94.153,NoButton,Drag,856,516
94.155,94.155,NoButton,Drag,869,519
94.159,94.159,NoButton,Drag,880,522
94.163,94.163,NoButton,Drag,891,525
94.167,94.167,NoButton,Drag,902,528
94.171,94.171,NoButton,Drag,911,530
94.175,94.175,NoButton,Drag,921,532
94.179,94.179,NoButton,Drag,930,535
94.183,94.183,NoButton,Drag,939,536
94.187,94.187,NoButton,Drag,947,537
94.191,94.191,NoButton,Drag,955,538
94.195,94.195,NoButton,Drag,963,539
94.199,94.199,NoButton,Drag,970,540
94.203,94.203,NoButton,Drag,977,541
94.207,94.207,NoButton,Drag,984,542
94.211,94.211,NoButton,Drag,990,543
94.215,94.215,NoButton,Drag,996,544
94.22,94.22,NoButton,Drag,1001,544
94.225,94.225,NoButton,Drag,1006,545
94.227,94.227,NoButton,Drag,1011,545
94.231,94.231,NoButton,Drag,1016,545
94.235,94.235,NoButton,Drag,1020,545
94.239,94.239,NoButton,Drag,1024,546
94.243,94.243,NoButton,Drag,1028,546
94.247,94.247,NoButton,Drag,1031,546
94.251,94.251,NoButton,Drag,1034,546
94.255,94.255,NoButton,Drag,1037,546
94.259,94.259,NoButton,Drag,1040,546
94.263,94.263,NoButton,Drag,1043,546
94.267,94.267,NoButton,Drag,1045,546
94.271,94.271,NoButton,Drag,1048,546
94.275,94.275,NoButton,Drag,1051,546
94.279,94.279,NoButton,Drag,1054,546
94.283,94.283,NoButton,Drag,1056,546
94.287,94.287,NoButton,Drag,1058,546
94.291,94.291,NoButton,Drag,1061,546
94.295,94.295,NoButton,Drag,1063,546
94.299,94.299,NoButton,Drag,1066,546
94.303,94.303,NoButton,Drag,1068,546
94.307,94.307,NoButton,Drag,1071,546
94.311,94.311,NoButton,Drag,1073,545
94.315,94.315,NoButton,Drag,1076,545
94.32,94.32,NoButton,Drag,1079,545
94.323,94.323,NoButton,Drag,1082,545
94.327,94.327,NoButton,Drag,1086,545
94.331,94.331,NoButton,Drag,1089,544
94.335,94.335,NoButton,Drag,1093,544
94.339,94.339,NoButton,Drag,1097,544
94.343,94.343,NoButton,Drag,1100,544
94.347,94.347,NoButton,Drag,1104,544
94.351,94.351,NoButton,Drag,1108,544
94.355,94.355,NoButton,Drag,1111,543
94.359,94.359,NoButton,Drag,1115,542
94.363,94.363,NoButton,Drag,1118,542
94.367,94.367,NoButton,Drag,1121,541
94.371,94.371,NoButton,Drag,1125,540
94.375,94.375,NoButton,Drag,1129,539
94.379,94.379,NoButton,Drag,1132,538
94.383,94.383,NoButton,Drag,1135,538
94.387,94.387,NoButton,Drag,1139,537
94.391,94.391,NoButton,Drag,1142,536
94.395,94.395,NoButton,Drag,1145,535
94.399,94.399,NoButton,Drag,1148,534
94.403,94.403,NoButton,Drag,1152,533
94.407,94.407,NoButton,Drag,1155,531
94.411,94.411,NoButton,Drag,1158,530
94.415,94.415,NoButton,Drag,1162,529
94.42,94.42,NoButton,Drag,1166,527
94.423,94.423,NoButton,Drag,1169,525
94.427,94.427,NoButton,Drag,1173,523
94.431,94.431,NoButton,Drag,1178,521
94.435,94.435,NoButton,Drag,1182,519
94.439,94.439,NoButton,Drag,1186,517
94.443,94.443,NoButton,Drag,1190,514
94.447,94.447,NoButton,Drag,1195,512
94.451,94.451,NoButton,Drag,1198,510
94.455,94.455,NoButton,Drag,1202,507
94.459,94.459,NoButton,Drag,1206,505
94.463,94.463,NoButton,Drag,1210,502
94.467,94.467,NoButton,Drag,1213,500
94.471,94.471,NoButton,Drag,1217,498
94.475,94.475,NoButton,Drag,1220,495
94.481,94.481,NoButton,Drag,1222,493
94.483,94.483,NoButton,Drag,1225,491
94.487,94.487,NoButton,Drag,1228,489
94.491,94.491,NoButton,Drag,1230,487
94.495,94.495,NoButton,Drag,1232,485
94.501,94.501,NoButton,Drag,1235,483
94.506,94.506,NoButton,Drag,1237,482
94.507,94.507,NoButton,Drag,1239,480
94.511,94.511,NoButton,Drag,1241,479
94.515,94.515,NoButton,Drag,1242,478
94.52,94.52,NoButton,Drag,1244,477
94.523,94.523,NoButton,Drag,1245,476
94.527,94.527,NoButton,Drag,1247,475
94.531,94.531,NoButton,Drag,1248,474
94.535,94.535,NoButton,Drag,1250,473
94.539,94.539,NoButton,Drag,1251,472
94.543,94.543,NoButton,Drag,1253,471
94.547,94.547,NoButton,Drag,1254,470
94.551,94.551,NoButton,Drag,1255,469
94.555,94.555,NoButton,Drag,1256,469
94.559,94.559,NoButton,Drag,1257,468
94.563,94.563,NoButton,Drag,1258,467
94.567,94.567,NoButton,Drag,1258,467
94.571,94.571,NoButton,Drag,1259,467
94.575,94.575,NoButton,Drag,1260,466
94.579,94.579,NoButton,Drag,1261,466
94.583,94.583,NoButton,Drag,1262,466
94.587,94.587,NoButton,Drag,1263,465
94.591,94.591,NoButton,Drag,1263,465
94.595,94.595,NoButton,Drag,1264,465
94.599,94.599,NoButton,Drag,1265,465
94.603,94.603,NoButton,Drag,1266,465
94.607,94.607,NoButton,Drag,1268,464
94.611,94.611,NoButton,Drag,1269,464
94.615,94.615,NoButton,Drag,1270,463
94.62,94.62,NoButton,Drag,1272,463
94.623,94.623,NoButton,Drag,1274,463
94.627,94.627,NoButton,Drag,1276,462
94.631,94.631,NoButton,Drag,1278,461
94.635,94.635,NoButton,Drag,1280,461
94.639,94.639,NoButton,Drag,1283,461
94.643,94.643,NoButton,Drag,1286,460
94.647,94.647,NoButton,Drag,1289,459
94.651,94.651,NoButton,Drag,1292,459
94.655,94.655,NoButton,Drag,1296,459
94.659,94.659,NoButton,Drag,1300,458
94.663,94.663,NoButton,Drag,1305,457
94.667,94.667,NoButton,Drag,1308,456
94.672,94.672,NoButton,Drag,1313,456
94.675,94.675,NoButton,Drag,1316,455
94.679,94.679,NoButton,Drag,1321,454
94.683,94.683,NoButton,Drag,1324,453
94.687,94.687,NoButton,Drag,1327,452
94.691,94.691,NoButton,Drag,1330,452
94.695,94.695,NoButton,Drag,1333,451
94.699,94.699,NoButton,Drag,1335,450
94.703,94.703,NoButton,Drag,1338,450
94.707,94.707,NoButton,Drag,1340,449
94.711,94.711,NoButton,Drag,1341,449
94.715,94.715,NoButton,Drag,1343,448
94.717,94.717,NoButton,Drag,1344,448
94.721,94.721,NoButton,Drag,1344,448
94.79,94.79,Left,Released,1344,448
94.834,94.834,NoButton,Drag,1345,448
94.838,94.838,NoButton,Drag,1345,448
94.842,94.842,NoButton,Drag,1344,448
94.855,94.855,NoButton,Drag,1341,450
94.871,94.871,NoButton,Drag,1332,454
94.889,94.889,NoButton,Drag,1308,463
94.905,94.905,NoButton,Drag,1257,480
94.922,94.922,NoButton,Drag,1158,510
94.939,94.939,NoButton,Drag,1044,532
94.956,94.956,NoButton,Drag,897,543
94.972,94.972,NoButton,Drag,723,550
94.989,94.989,NoButton,Drag,530,554
95.005,95.005,NoButton,Drag,365,552
95.022,95.022,NoButton,Drag,218,530
95.038,95.038,NoButton,Drag,139,510
95.055,95.055,NoButton,Drag,77,487
95.072,95.072,NoButton,Drag,25,469
95.089,95.089,NoButton,Drag,0,450
95.105,95.105,NoButton,Drag,0,434
95.122,95.122,NoButton,Drag,0,417
95.139,95.139,NoButton,Drag,0,407
95.156,95.156,NoButton,Drag,0,398
95.172,95.172,NoButton,Drag,0,389
95.189,95.189,NoButton,Drag,0,381
95.206,95.206,NoButton,Drag,0,372
95.224,95.224,NoButton,Drag,0,366
95.24,95.24,NoButton,Drag,0,359
95.257,95.257,NoButton,Drag,0,351
95.274,95.274,NoButton,Drag,0,341
95.29,95.29,NoButton,Drag,0,330
95.307,95.307,NoButton,Drag,1,320
95.324,95.324,NoButton,Drag,14,307
95.34,95.34,NoButton,Drag,30,296
95.357,95.357,NoButton,Drag,52,285
95.374,95.374,NoButton,Drag,75,274
95.39,95.39,NoButton,Drag,98,266
95.406,95.406,NoButton,Drag,118,258
95.424,95.424,NoButton,Drag,135,251
95.44,95.44,NoButton,Drag,141,248
95.457,95.457,NoButton,Drag,143,246
95.474,95.474,NoButton,Drag,143,246
95.491,95.491,NoButton,Drag,143,246
95.508,95.508,NoButton,Drag,143,245
95.524,95.524,NoButton,Drag,142,244
95.541,95.541,NoButton,Drag,142,244
95.557,95.557,NoButton,Drag,140,243
95.574,95.574,NoButton,Drag,137,240
95.591,95.591,NoButton,Drag,130,236
95.607,95.607,NoButton,Drag,122,231
95.624,95.624,NoButton,Drag,113,224
95.64,95.64,NoButton,Drag,111,221
95.657,95.657,NoButton,Drag,110,219
95.674,95.674,NoButton,Drag,110,217
95.691,95.691,NoButton,Drag,110,215
95.707,95.707,NoButton,Drag,110,211
95.724,95.724,NoButton,Drag,110,209
95.742,95.742,NoButton,Drag,110,206
95.758,95.758,NoButton,Drag,111,205
95.774,95.774,NoButton,Drag,112,204
95.791,95.791,NoButton,Drag,113,202
95.808,95.808,NoButton,Drag,114,201
95.824,95.824,NoButton,Drag,115,200
95.842,95.842,NoButton,Drag,115,199
95.858,95.858,NoButton,Drag,116,199
95.874,95.874,NoButton,Drag,118,199
95.892,95.892,Left,Pressed,118,199
95.892,95.892,NoButton,Drag,118,199
95.902,95.902,NoButton,Drag,119,199
95.906,95.906,NoButton,Drag,119,199
95.91,95.91,NoButton,Drag,119,199
95.914,95.914,NoButton,Drag,120,199
95.917,95.917,NoButton,Drag,121,199
95.922,95.922,NoButton,Drag,122,200
95.925,95.925,NoButton,Drag,123,201
95.929,95.929,NoButton,Drag,124,202
95.933,95.933,NoButton,Drag,124,203
95.938,95.938,NoButton,Drag,126,204
95.941,95.941,NoButton,Drag,127,205
95.945,95.945,NoButton,Drag,128,206
95.949,95.949,NoButton,Drag,130,208
95.953,95.953,NoButton,Drag,131,209
95.957,95.957,NoButton,Drag,133,211
95.961,95.961,NoButton,Drag,136,213
95.965,95.965,NoButton,Drag,138,215
95.969,95.969,NoButton,Drag,142,218
95.973,95.973,NoButton,Drag,145,221
95.977,95.977,NoButton,Drag,149,224
95.981,95.981,NoButton,Drag,154,228
95.985,95.985,NoButton,Drag,159,232
95.989,95.989,NoButton,Drag,164,235
95.993,95.993,NoButton,Drag,171,240
95.997,95.997,NoButton,Drag,177,245
96.001,96.001,NoButton,Drag,183,250
96.006,96.006,NoButton,Drag,190,255
96.009,96.009,NoButton,Drag,198,260
96.013,96.013,NoButton,Drag,206,265
96.017,96.017,NoButton,Drag,215,271
96.021,96.021,NoButton,Drag,225,278
96.025,96.025,NoButton,Drag,236,285
96.029,96.029,NoButton,Drag,247,292
96.033,96.033,NoButton,Drag,260,299
96.037,96.037,NoButton,Drag,272,307
96.041,96.041,NoButton,Drag,286,314
96.045,96.045,NoButton,Drag,299,322
96.049,96.049,NoButton,Drag,314,329
96.053,96.053,NoButton,Drag,328,337
96.057,96.057,NoButton,Drag,343,345
96.061,96.061,NoButton,Drag,360,353
96.065,96.065,NoButton,Drag,377,362
96.069,96.069,NoButton,Drag,394,371
96.073,96.073,NoButton,Drag,411,379
96.077,96.077,NoButton,Drag,429,389
96.081,96.081,NoButton,Drag,446,397
96.085,96.085,NoButton,Drag,463,406
96.089,96.089,NoButton,Drag,481,415
96.093,96.093,NoButton,Drag,501,424
96.097,96.097,NoButton,Drag,518,433
96.101,96.101,NoButton,Drag,536,442
96.106,96.106,NoButton,Drag,554,451
96.109,96.109,NoButton,Drag,572,460
96.113,96.113,NoButton,Drag,591,469
96.117,96.117,NoButton,Drag,610,479
96.122,96.122,NoButton,Drag,628,489
96.125,96.125,NoButton,Drag,646,499
96.129,96.129,NoButton,Drag,665,508
96.133,96.133,NoButton,Drag,684,517
96.137,96.137,NoButton,Drag,703,526
96.141,96.141,NoButton,Drag,720,536
96.145,96.145,NoButton,Drag,740,547
96.149,96.149,NoButton,Drag,757,556
96.153,96.153,NoButton,Drag,775,565
96.157,96.157,NoButton,Drag,794,574
96.161,96.161,NoButton,Drag,812,584
96.165,96.165,NoButton,Drag,829,593
96.169,96.169,NoButton,Drag,848,603
96.173,96.173,NoButton,Drag,867,613
96.177,96.177,NoButton,Drag,883,622
96.181,96.181,NoButton,Drag,900,631
96.185,96.185,NoButton,Drag,917,640
96.189,96.189,NoButton,Drag,935,650
96.193,96.193,NoButton,Drag,951,659
96.197,96.197,NoButton,Drag,967,666
96.201,96.201,NoButton,Drag,984,675
96.206,96.206,NoButton,Drag,999,683
96.209,96.209,NoButton,Drag,1016,691
96.213,96.213,NoButton,Drag,1033,700
96.217,96.217,NoButton,Drag,1050,709
96.221,96.221,NoButton,Drag,1064,716
96.225,96.225,NoButton,Drag,1081,724
96.229,96.229,NoButton,Drag,1098,732
96.233,96.233,NoButton,Drag,1114,739
96.237,96.237,NoButton,Drag,1132,747
96.241,96.241,NoButton,Drag,1151,755
96.245,96.245,NoButton,Drag,1169,763
96.249,96.249,NoButton,Drag,1186,771
96.253,96.253,NoButton,Drag,1202,778
96.257,96.257,NoButton,Drag,1219,785
96.261,96.261,NoButton,Drag,1234,791
96.265,96.265,NoButton,Drag,1248,798
96.269,96.269,NoButton,Drag,1263,804
96.273,96.273,NoButton,Drag,1277,809
96.277,96.277,NoButton,Drag,1290,814
96.281,96.281,NoButton,Drag,1302,819
96.285,96.285,NoButton,Drag,1314,823
96.289,96.289,NoButton,Drag,1324,827
96.293,96.293,NoButton,Drag,1334,830
96.297,96.297,NoButton,Drag,1343,832
96.301,96.301,NoButton,Drag,1351,835
96.306,96.306,NoButton,Drag,1357,837
96.309,96.309,NoButton,Drag,1364,838
96.313,96.313,NoButton,Drag,1370,840
96.317,96.317,NoButton,Drag,1376,842
96.321,96.321,NoButton,Drag,1381,844
96.325,96.325,NoButton,Drag,1387,846
96.329,96.329,NoButton,Drag,1391,847
96.333,96.333,NoButton,Drag,1395,849
96.337,96.337,NoButton,Drag,1399,850
96.341,96.341,NoButton,Drag,1402,851
96.345,96.345,NoButton,Drag,1404,852
96.349,96.349,NoButton,Drag,1406,852
96.353,96.353,NoButton,Drag,1407,853
96.357,96.357,NoButton,Drag,1408,853
96.43,96.43,NoButton,Drag,1408,853
96.438,96.438,NoButton,Drag,1408,853
96.44,96.44,NoButton,Drag,1408,853
96.448,96.448,NoButton,Drag,1408,852
96.451,96.451,NoButton,Drag,1408,852
96.456,96.456,NoButton,Drag,1408,852
96.459,96.459,NoButton,Drag,1407,851
96.463,96.463,NoButton,Drag,1407,851
96.467,96.467,NoButton,Drag,1407,850
96.472,96.472,NoButton,Drag,1407,850
96.475,96.475,NoButton,Drag,1406,850
96.479,96.479,NoButton,Drag,1406,849
96.483,96.483,NoButton,Drag,1406,848
96.487,96.487,NoButton,Drag,1405,848
96.491,96.491,NoButton,Drag,1405,848
96.495,96.495,NoButton,Drag,1404,847
96.499,96.499,NoButton,Drag,1404,846
96.503,96.503,NoButton,Drag,1403,845
96.507,96.507,NoButton,Drag,1402,845
96.511,96.511,NoButton,Drag,1401,844
96.515,96.515,NoButton,Drag,1400,842
96.519,96.519,NoButton,Drag,1398,841
96.523,96.523,NoButton,Drag,1396,840
96.527,96.527,NoButton,Drag,1395,838
96.531,96.531,NoButton,Drag,1393,837
96.535,96.535,NoButton,Drag,1391,836
96.539,96.539,NoButton,Drag,1389,834
96.543,96.543,NoButton,Drag,1387,832
96.547,96.547,NoButton,Drag,1385,830
96.551,96.551,NoButton,Drag,1383,829
96.556,96.556,NoButton,Drag,1381,827
96.559,96.559,NoButton,Drag,1379,825
96.563,96.563,NoButton,Drag,1378,824
96.567,96.567,NoButton,Drag,1376,823
96.572,96.572,NoButton,Drag,1374,821
96.575,96.575,NoButton,Drag,1372,819
96.579,96.579,NoButton,Drag,1371,818
96.583,96.583,NoButton,Drag,1369,816
96.587,96.587,NoButton,Drag,1368,814
96.591,96.591,NoButton,Drag,1367,814
96.595,96.595,NoButton,Drag,1366,813
96.599,96.599,NoButton,Drag,1365,812
96.603,96.603,NoButton,Drag,1364,810
96.607,96.607,NoButton,Drag,1363,809
96.611,96.611,NoButton,Drag,1362,808
96.615,96.615,NoButton,Drag,1361,807
96.619,96.619,NoButton,Drag,1361,806
96.623,96.623,NoButton,Drag,1361,805
96.627,96.627,NoButton,Drag,1360,804
96.631,96.631,NoButton,Drag,1359,803
96.635,96.635,NoButton,Drag,1358,802
96.639,96.639,NoButton,Drag,1357,800
96.643,96.643,NoButton,Drag,1356,799
96.647,96.647,NoButton,Drag,1355,798
96.651,96.651,NoButton,Drag,1354,796
96.656,96.656,NoButton,Drag,1353,795
96.659,96.659,NoButton,Drag,1351,794
96.663,96.663,NoButton,Drag,1350,792
96.667,96.667,NoButton,Drag,1349,792
96.671,96.671,NoButton,Drag,1349,791
96.675,96.675,NoButton,Drag,1348,790
96.679,96.679,NoButton,Drag,1347,789
96.683,96.683,NoButton,Drag,1346,787
96.687,96.687,NoButton,Drag,1345,787
96.691,96.691,NoButton,Drag,1344,786
96.695,96.695,NoButton,Drag,1343,785
96.699,96.699,NoButton,Drag,1342,783
96.703,96.703,NoButton,Drag,1341,782
96.707,96.707,NoButton,Drag,1339,781
96.711,96.711,NoButton,Drag,1338,779
96.715,96.715,NoButton,Drag,1336,778
96.719,96.719,NoButton,Drag,1334,776
96.723,96.723,NoButton,Drag,1333,774
96.727,96.727,NoButton,Drag,1331,772
96.731,96.731,NoButton,Drag,1329,770
96.735,96.735,NoButton,Drag,1327,769
96.739,96.739,NoButton,Drag,1326,767
96.743,96.743,NoButton,Drag,1324,765
96.747,96.747,NoButton,Drag,1322,763
96.751,96.751,NoButton,Drag,1321,761
96.756,96.756,NoButton,Drag,1319,759
96.759,96.759,NoButton,Drag,1317,758
96.763,96.763,NoButton,Drag,1315,756
96.767,96.767,NoButton,Drag,1314,754
96.772,96.772,NoButton,Drag,1313,752
96.775,96.775,NoButton,Drag,1311,751
96.779,96.779,NoButton,Drag,1310,748
96.783,96.783,NoButton,Drag,1308,747
96.787,96.787,NoButton,Drag,1307,745
96.791,96.791,NoButton,Drag,1306,743
96.795,96.795,NoButton,Drag,1304,741
96.799,96.799,NoButton,Drag,1303,740
96.803,96.803,NoButton,Drag,1302,739
96.807,96.807,NoButton,Drag,1301,737
96.811,96.811,NoButton,Drag,1300,737
96.815,96.815,NoButton,Drag,1300,736
96.819,96.819,NoButton,Drag,1300,735
96.823,96.823,NoButton,Drag,1299,735
96.827,96.827,NoButton,Drag,1299,734
96.831,96.831,NoButton,Drag,1299,734
96.835,96.835,NoButton,Drag,1299,734
96.839,96.839,NoButton,Drag,1299,733
96.843,96.843,NoButton,Drag,1298,733
96.847,96.847,NoButton,Drag,1298,733
96.852,96.852,Left,Released,1298,733
96.856,96.856,NoButton,Drag,1298,733
96.863,96.863,NoButton,Drag,1297,732
96.874,96.874,NoButton,Drag,1297,732
96.891,96.891,NoButton,Drag,1296,732
96.907,96.907,NoButton,Drag,1296,732
96.924,96.924,NoButton,Drag,1293,732
96.941,96.941,NoButton,Drag,1289,735
96.957,96.957,NoButton,Drag,1279,743
96.974,96.974,NoButton,Drag,1264,757
96.991,96.991,NoButton,Drag,1244,776
97.007,97.007,NoButton,Drag,1202,809
97.024,97.024,NoButton,Drag,1152,839
97.04,97.04,NoButton,Drag,1082,872
97.058,97.058,NoButton,Drag,1004,899
97.074,97.074,NoButton,Drag,889,899
97.091,97.091,NoButton,Drag,784,899
97.107,97.107,NoButton,Drag,689,899
97.124,97.124,NoButton,Drag,619,899
97.141,97.141,NoButton,Drag,574,899
97.157,97.157,NoButton,Drag,546,899
97.174,97.174,NoButton,Drag,522,895
97.191,97.191,NoButton,Drag,510,889
97.207,97.207,NoButton,Drag,500,883
97.225,97.225,NoButton,Drag,494,878
97.241,97.241,NoButton,Drag,492,876
97.257,97.257,NoButton,Drag,491,874
97.274,97.274,NoButton,Drag,490,871
97.291,97.291,NoButton,Drag,489,870
97.307,97.307,NoButton,Drag,489,870
97.325,97.325,NoButton,Drag,489,869
97.341,97.341,NoButton,Drag,489,868
97.358,97.358,NoButton,Drag,489,865
97.374,97.374,NoButton,Drag,489,862
97.391,97.391,NoButton,Drag,488,859
97.407,97.407,NoButton,Drag,487,857
97.425,97.425,NoButton,Drag,484,854
97.441,97.441,NoButton,Drag,477,849
97.458,97.458,NoButton,Drag,461,844
97.474,97.474,NoButton,Drag,436,839
97.492,97.492,NoButton,Drag,401,834
97.508,97.508,NoButton,Drag,367,828
97.524,97.524,NoButton,Drag,332,821
97.541,97.541,NoButton,Drag,295,812
97.558,97.558,NoButton,Drag,262,803
97.575,97.575,NoButton,Drag,235,796
97.591,97.591,NoButton,Drag,211,789
97.608,97.608,NoButton,Drag,195,784
97.625,97.625,NoButton,Drag,187,780
97.641,97.641,NoButton,Drag,186,779
97.678,97.678,NoButton,Drag,186,779
97.692,97.692,NoButton,Drag,188,779
97.708,97.708,NoButton,Drag,192,779
97.724,97.724,NoButton,Drag,198,779
97.741,97.741,NoButton,Drag,204,781
97.758,97.758,NoButton,Drag,214,784
97.774,97.774,NoButton,Drag,221,788
97.792,97.792,NoButton,Drag,227,791
97.808,97.808,NoButton,Drag,228,792
97.859,97.859,NoButton,Drag,228,792
97.866,97.866,NoButton,Drag,228,792
97.874,97.874,NoButton,Drag,228,793
97.892,97.892,NoButton,Drag,228,795
97.908,97.908,NoButton,Drag,228,798
97.924,97.924,NoButton,Drag,225,802
97.941,97.941,NoButton,Drag,224,806
97.958,97.958,NoButton,Drag,221,810
97.974,97.974,NoButton,Drag,219,812
97.991,97.991,NoButton,Drag,217,814
98.008,98.008,NoButton,Drag,213,815
98.024,98.024,NoButton,Drag,210,816
98.041,98.041,NoButton,Drag,208,816
98.058,98.058,NoButton,Drag,207,817
98.075,98.075,NoButton,Drag,206,817
98.092,98.092,NoButton,Drag,205,816
98.108,98.108,NoButton,Drag,204,816
98.124,98.124,NoButton,Drag,202,814
98.142,98.142,NoButton,Drag,200,814
98.158,98.158,NoButton,Drag,200,813
98.184,98.184,NoButton,Drag,200,813
98.191,98.191,NoButton,Drag,200,813
98.209,98.209,NoButton,Drag,200,813
98.228,98.228,NoButton,Drag,199,812
98.246,98.246,NoButton,Drag,199,812
98.284,98.284,NoButton,Drag,199,812
98.296,98.296,NoButton,Drag,198,812
98.312,98.312,NoButton,Drag,198,812
98.328,98.328,NoButton,Drag,197,812
98.346,98.346,NoButton,Drag,196,813
98.372,98.372,NoButton,Drag,196,813
98.378,98.378,NoButton,Drag,196,813
98.395,98.395,NoButton,Drag,196,814
98.404,98.404,NoButton,Drag,196,815
98.411,98.411,Left,Pressed,196,815
98.412,98.412,NoButton,Drag,197,816
98.419,98.419,NoButton,Drag,197,816
98.584,98.584,NoButton,Drag,197,816
98.588,98.588,NoButton,Drag,197,815
98.592,98.592,NoButton,Drag,197,815
98.596,98.596,NoButton,Drag,198,814
98.6,98.6,NoButton,Drag,198,814
98.604,98.604,NoButton,Drag,199,813
98.608,98.608,NoButton,Drag,199,812
98.612,98.612,NoButton,Drag,200,812
98.616,98.616,NoButton,Drag,201,811
98.62,98.62,NoButton,Drag,202,810
98.623,98.623,NoButton,Drag,204,809
98.627,98.627,NoButton,Drag,206,808
98.629,98.629,NoButton,Drag,209,807
98.633,98.633,NoButton,Drag,212,806
98.637,98.637,NoButton,Drag,215,804
98.641,98.641,NoButton,Drag,220,803
98.645,98.645,NoButton,Drag,225,801
98.649,98.649,NoButton,Drag,230,799
98.653,98.653,NoButton,Drag,237,798
98.657,98.657,NoButton,Drag,245,795
98.661,98.661,NoButton,Drag,253,792
98.665,98.665,NoButton,Drag,261,790
98.67,98.67,NoButton,Drag,270,788
98.673,98.673,NoButton,Drag,280,785
98.677,98.677,NoButton,Drag,291,781
98.681,98.681,NoButton,Drag,301,778
98.686,98.686,NoButton,Drag,313,775
98.689,98.689,NoButton,Drag,325,771
98.693,98.693,NoButton,Drag,338,766
98.697,98.697,NoButton,Drag,351,763
98.701,98.701,NoButton,Drag,363,759
98.706,98.706,NoButton,Drag,379,754
98.709,98.709,NoButton,Drag,393,750
98.713,98.713,NoButton,Drag,406,746
98.717,98.717,NoButton,Drag,421,741
98.722,98.722,NoButton,Drag,436,736
98.725,98.725,NoButton,Drag,450,732
98.729,98.729,NoButton,Drag,465,728
98.733,98.733,NoButton,Drag,478,723
98.738,98.738,NoButton,Drag,490,718
98.742,98.742,NoButton,Drag,503,714
98.745,98.745,NoButton,Drag,516,709
98.749,98.749,NoButton,Drag,531,705
98.753,98.753,NoButton,Drag,543,700
98.757,98.757,NoButton,Drag,555,696
98.761,98.761,NoButton,Drag,568,691
98.765,98.765,NoButton,Drag,580,687
98.77,98.77,NoButton,Drag,592,682
98.773,98.773,NoButton,Drag,605,677
98.777,98.777,NoButton,Drag,617,672
98.782,98.782,NoButton,Drag,629,667
98.786,98.786,NoButton,Drag,642,662
98.789,98.789,NoButton,Drag,656,656
98.793,98.793,NoButton,Drag,669,650
98.797,98.797,NoButton,Drag,682,644
98.801,98.801,NoButton,Drag,695,639
98.805,98.805,NoButton,Drag,707,633
98.809,98.809,NoButton,Drag,720,628
98.813,98.813,NoButton,Drag,733,622
98.817,98.817,NoButton,Drag,746,616
98.821,98.821,NoButton,Drag,759,610
98.825,98.825,NoButton,Drag,771,604
98.829,98.829,NoButton,Drag,785,598
98.833,98.833,NoButton,Drag,795,592
98.837,98.837,NoButton,Drag,806,586
98.841,98.841,NoButton,Drag,819,580
98.845,98.845,NoButton,Drag,831,574
98.849,98.849,NoButton,Drag,843,569
98.853,98.853,NoButton,Drag,855,563
98.857,98.857,NoButton,Drag,867,558
98.861,98.861,NoButton,Drag,878,553
98.865,98.865,NoButton,Drag,889,547
98.869,98.869,NoButton,Drag,899,542
98.873,98.873,NoButton,Drag,910,536
98.877,98.877,NoButton,Drag,920,532
98.881,98.881,NoButton,Drag,931,527
98.886,98.886,NoButton,Drag,941,521
98.889,98.889,NoButton,Drag,951,517
98.893,98.893,NoButton,Drag,962,513
98.897,98.897,NoButton,Drag,972,508
98.901,98.901,NoButton,Drag,982,502
98.905,98.905,NoButton,Drag,991,498
98.909,98.909,NoButton,Drag,1000,493
98.913,98.913,NoButton,Drag,1008,489
98.917,98.917,NoButton,Drag,1015,484
98.921,98.921,NoButton,Drag,1022,480
98.925,98.925,NoButton,Drag,1029,476
98.929,98.929,NoButton,Drag,1037,472
98.933,98.933,NoButton,Drag,1043,468
98.937,98.937,NoButton,Drag,1050,465
98.941,98.941,NoButton,Drag,1057,462
98.945,98.945,NoButton,Drag,1063,459
98.949,98.949,NoButton,Drag,1068,456
98.953,98.953,NoButton,Drag,1073,454
98.957,98.957,NoButton,Drag,1077,451
98.961,98.961,NoButton,Drag,1081,449
98.965,98.965,NoButton,Drag,1086,446
98.969,98.969,NoButton,Drag,1091,443
98.973,98.973,NoButton,Drag,1095,441
98.977,98.977,NoButton,Drag,1099,438
98.981,98.981,NoButton,Drag,1103,436
98.986,98.986,NoButton,Drag,1106,433
98.989,98.989,NoButton,Drag,1110,431
98.993,98.993,NoButton,Drag,1114,428
98.997,98.997,NoButton,Drag,1118,426
99.001,99.001,NoButton,Drag,1121,424
99.005,99.005,NoButton,Drag,1124,422
99.009,99.009,NoButton,Drag,1127,420
99.013,99.013,NoButton,Drag,1130,418
99.017,99.017,NoButton,Drag,1133,416
99.021,99.021,NoButton,Drag,1136,414
99.025,99.025,NoButton,Drag,1138,412
99.029,99.029,NoButton,Drag,1140,410
99.033,99.033,NoButton,Drag,1143,409
99.037,99.037,NoButton,Drag,1145,407
99.041,99.041,NoButton,Drag,1147,406
99.045,99.045,NoButton,Drag,1149,404
99.049,99.049,NoButton,Drag,1151,403
99.053,99.053,NoButton,Drag,1153,401
99.057,99.057,NoButton,Drag,1155,400
99.061,99.061,NoButton,Drag,1156,399
99.065,99.065,NoButton,Drag,1158,398
99.07,99.07,NoButton,Drag,1159,397
99.073,99.073,NoButton,Drag,1160,396
99.077,99.077,NoButton,Drag,1161,395
99.081,99.081,NoButton,Drag,1163,394
99.086,99.086,NoButton,Drag,1164,393
99.089,99.089,NoButton,Drag,1164,393
99.093,99.093,NoButton,Drag,1166,392
99.097,99.097,NoButton,Drag,1167,391
99.101,99.101,NoButton,Drag,1168,390
99.105,99.105,NoButton,Drag,1170,389
99.109,99.109,NoButton,Drag,1171,387
99.113,99.113,NoButton,Drag,1173,386
99.117,99.117,NoButton,Drag,1174,385
99.121,99.121,NoButton,Drag,1177,383
99.125,99.125,NoButton,Drag,1179,382
99.129,99.129,NoButton,Drag,1181,381
99.133,99.133,NoButton,Drag,1183,379
99.137,99.137,NoButton,Drag,1185,378
99.141,99.141,NoButton,Drag,1187,377
99.145,99.145,NoButton,Drag,1190,375
99.149,99.149,NoButton,Drag,1192,374
99.153,99.153,NoButton,Drag,1194,372
99.157,99.157,NoButton,Drag,1196,370
99.161,99.161,NoButton,Drag,1199,368
99.165,99.165,NoButton,Drag,1201,366
99.17,99.17,NoButton,Drag,1204,363
99.173,99.173,NoButton,Drag,1206,361
99.177,99.177,NoButton,Drag,1209,359
99.181,99.181,NoButton,Drag,1211,356
99.186,99.186,NoButton,Drag,1213,354
99.189,99.189,NoButton,Drag,1216,351
99.193,99.193,NoButton,Drag,1218,348
99.197,99.197,NoButton,Drag,1221,345
99.201,99.201,NoButton,Drag,1223,343
99.203,99.203,NoButton,Drag,1226,340
99.207,99.207,NoButton,Drag,1228,337
99.211,99.211,NoButton,Drag,1230,334
99.215,99.215,NoButton,Drag,1233,330
99.219,99.219,NoButton,Drag,1235,327
99.225,99.225,NoButton,Drag,1237,323
99.227,99.227,NoButton,Drag,1240,319
99.231,99.231,NoButton,Drag,1242,316
99.236,99.236,NoButton,Drag,1244,312
99.239,99.239,NoButton,Drag,1246,308
99.243,99.243,NoButton,Drag,1248,304
99.247,99.247,NoButton,Drag,1251,300
99.251,99.251,NoButton,Drag,1254,297
99.255,99.255,NoButton,Drag,1256,293
99.259,99.259,NoButton,Drag,1259,289
99.263,99.263,NoButton,Drag,1261,285
99.267,99.267,NoButton,Drag,1264,281
99.271,99.271,NoButton,Drag,1266,277
99.275,99.275,NoButton,Drag,1269,273
99.281,99.281,NoButton,Drag,1272,270
99.283,99.283,NoButton,Drag,1275,265
99.287,99.287,NoButton,Drag,1278,261
99.291,99.291,NoButton,Drag,1281,257
99.297,99.297,NoButton,Drag,1283,253
99.299,99.299,NoButton,Drag,1286,249
99.303,99.303,NoButton,Drag,1288,245
99.307,99.307,NoButton,Drag,1291,241
99.311,99.311,NoButton,Drag,1293,236
99.315,99.315,NoButton,Drag,1295,232
99.32,99.32,NoButton,Drag,1297,229
99.323,99.323,NoButton,Drag,1299,225
99.327,99.327,NoButton,Drag,1300,222
99.331,99.331,NoButton,Drag,1302,219
99.336,99.336,NoButton,Drag,1304,216
99.339,99.339,NoButton,Drag,1305,213
99.343,99.343,NoButton,Drag,1307,210
99.347,99.347,NoButton,Drag,1308,208
99.351,99.351,NoButton,Drag,1309,205
99.355,99.355,NoButton,Drag,1310,203
99.359,99.359,NoButton,Drag,1311,201
99.363,99.363,NoButton,Drag,1312,199
99.367,99.367,NoButton,Drag,1313,197
99.371,99.371,NoButton,Drag,1314,195
99.375,99.375,NoButton,Drag,1314,194
99.379,99.379,NoButton,Drag,1315,193
99.383,99.383,NoButton,Drag,1315,191
99.387,99.387,NoButton,Drag,1315,191
99.391,99.391,NoButton,Drag,1315,190
99.395,99.395,NoButton,Drag,1316,190
99.428,99.428,NoButton,Drag,1316,190
99.452,99.452,Left,Released,1316,190
99.468,99.468,NoButton,Drag,1315,190
99.472,99.472,NoButton,Drag,1315,191
99.488,99.488,NoButton,Drag,1312,197
99.504,99.504,NoButton,Drag,1307,208
99.521,99.521,NoButton,Drag,1298,225
99.538,99.538,NoButton,Drag,1283,249
99.555,99.555,NoButton,Drag,1260,280
99.571,99.571,NoButton,Drag,1227,319
99.588,99.588,NoButton,Drag,1156,383
99.604,99.604,NoButton,Drag,1071,438
99.621,99.621,NoButton,Drag,967,512
99.639,99.639,NoButton,Drag,838,597
99.655,99.655,NoButton,Drag,705,679
99.671,99.671,NoButton,Drag,579,745
99.688,99.688,NoButton,Drag,434,818
99.705,99.705,NoButton,Drag,340,864
99.722,99.722,NoButton,Drag,256,899
99.738,99.738,NoButton,Drag,174,899
99.755,99.755,NoButton,Drag,101,899
99.772,99.772,NoButton,Drag,32,899
99.788,99.788,NoButton,Drag,0,899
99.805,99.805,NoButton,Drag,0,899
99.821,99.821,NoButton,Drag,0,899
99.838,99.838,NoButton,Drag,0,899
99.854,99.854,NoButton,Drag,0,899
99.871,99.871,NoButton,Drag,0,899
99.888,99.888,NoButton,Drag,0,899
99.905,99.905,NoButton,Drag,0,899
99.921,99.921,NoButton,Drag,0,898
99.938,99.938,NoButton,Drag,0,897
99.955,99.955,NoButton,Drag,0,894
99.971,99.971,NoButton,Drag,0,888
99.989,99.989,NoButton,Drag,0,878
100.005,100.005,NoButton,Drag,0,868
100.021,100.021,NoButton,Drag,0,857
100.038,100.038,NoButton,Drag,0,844
100.055,100.055,NoButton,Drag,3,836
100.071,100.071,NoButton,Drag,7,830
100.089,100.089,NoButton,Drag,11,824
100.105,100.105,NoButton,Drag,14,820
100.122,100.122,NoButton,Drag,16,817
100.138,100.138,NoButton,Drag,16,816
100.155,100.155,NoButton,Drag,16,816
100.171,100.171,NoButton,Drag,17,816
100.188,100.188,NoButton,Drag,17,816
100.205,100.205,NoButton,Drag,17,816
100.222,100.222,NoButton,Drag,17,815
100.29,100.29,NoButton,Drag,17,815
100.298,100.298,NoButton,Drag,18,815
100.305,100.305,NoButton,Drag,18,815
100.322,100.322,NoButton,Drag,19,815
100.338,100.338,NoButton,Drag,20,815
100.355,100.355,NoButton,Drag,22,815
100.372,100.372,NoButton,Drag,27,816
100.388,100.388,NoButton,Drag,31,817
100.405,100.405,NoButton,Drag,32,818
100.444,100.444,NoButton,Drag,33,818
100.455,100.455,NoButton,Drag,33,818
100.472,100.472,NoButton,Drag,34,818
100.488,100.488,NoButton,Drag,36,820
100.506,100.506,NoButton,Drag,40,821
100.522,100.522,NoButton,Drag,44,822
100.539,100.539,NoButton,Drag,46,823
100.555,100.555,NoButton,Drag,47,823
100.572,100.572,NoButton,Drag,49,823
100.588,100.588,NoButton,Drag,49,823
100.605,100.605,NoButton,Drag,50,823
100.622,100.622,NoButton,Drag,49,823
100.66,100.66,Left,Pressed,49,823
100.676,100.676,NoButton,Drag,50,823
100.68,100.68,NoButton,Drag,50,823
100.683,100.683,NoButton,Drag,50,823
100.688,100.688,NoButton,Drag,50,823
100.691,100.691,NoButton,Drag,51,823
100.696,100.696,NoButton,Drag,51,823
100.699,100.699,NoButton,Drag,51,823
100.703,100.703,NoButton,Drag,51,823
100.707,100.707,NoButton,Drag,52,823
100.715,100.715,NoButton,Drag,52,823
100.719,100.719,NoButton,Drag,52,824
100.723,100.723,NoButton,Drag,53,824
100.728,100.728,NoButton,Drag,53,824
100.731,100.731,NoButton,Drag,54,824
100.735,100.735,NoButton,Drag,54,825
100.739,100.739,NoButton,Drag,55,825
100.743,100.743,NoButton,Drag,57,825
100.747,100.747,NoButton,Drag,58,826
100.751,100.751,NoButton,Drag,60,827
100.755,100.755,NoButton,Drag,62,827
100.759,100.759,NoButton,Drag,64,827
100.763,100.763,NoButton,Drag,67,828
100.767,100.767,NoButton,Drag,70,828
100.771,100.771,NoButton,Drag,73,829
100.775,100.775,NoButton,Drag,77,830
100.779,100.779,NoButton,Drag,82,831
100.783,100.783,NoButton,Drag,87,831
100.787,100.787,NoButton,Drag,93,832
100.791,100.791,NoButton,Drag,98,833
100.795,100.795,NoButton,Drag,105,834
100.799,100.799,NoButton,Drag,112,835
100.803,100.803,NoButton,Drag,119,836
100.807,100.807,NoButton,Drag,127,837
100.811,100.811,NoButton,Drag,135,837
100.815,100.815,NoButton,Drag,143,839
100.819,100.819,NoButton,Drag,152,840
100.823,100.823,NoButton,Drag,161,841
100.828,100.828,NoButton,Drag,171,842
100.831,100.831,NoButton,Drag,181,843
100.835,100.835,NoButton,Drag,191,844
100.839,100.839,NoButton,Drag,200,845
100.843,100.843,NoButton,Drag,210,847
100.847,100.847,NoButton,Drag,222,847
100.851,100.851,NoButton,Drag,234,848
100.855,100.855,NoButton,Drag,244,848
100.859,100.859,NoButton,Drag,256,850
100.863,100.863,NoButton,Drag,268,850
100.867,100.867,NoButton,Drag,280,851
100.871,100.871,NoButton,Drag,292,851
100.875,100.875,NoButton,Drag,305,853
100.879,100.879,NoButton,Drag,319,854
100.883,100.883,NoButton,Drag,331,855
100.887,100.887,NoButton,Drag,344,857
100.891,100.891,NoButton,Drag,357,857
100.895,100.895,NoButton,Drag,370,858
100.899,100.899,NoButton,Drag,383,858
100.903,100.903,NoButton,Drag,396,859
100.907,100.907,NoButton,Drag,410,859
100.911,100.911,NoButton,Drag,422,859
100.915,100.915,NoButton,Drag,435,860
100.917,100.917,NoButton,Drag,449,860
100.921,100.921,NoButton,Drag,463,860
100.925,100.925,NoButton,Drag,476,860
100.93,100.93,NoButton,Drag,490,860
100.933,100.933,NoButton,Drag,504,860
100.937,100.937,NoButton,Drag,518,860
100.941,100.941,NoButton,Drag,532,860
100.945,100.945,NoButton,Drag,546,860
100.949,100.949,NoButton,Drag,559,860
100.953,100.953,NoButton,Drag,574,860
100.957,100.957,NoButton,Drag,589,860
100.962,100.962,NoButton,Drag,605,860
100.965,100.965,NoButton,Drag,619,860
100.969,100.969,NoButton,Drag,635,860
100.973,100.973,NoButton,Drag,650,860
100.978,100.978,NoButton,Drag,665,860
100.981,100.981,NoButton,Drag,680,860
100.985,100.985,NoButton,Drag,696,860
100.989,100.989,NoButton,Drag,710,860
100.993,100.993,NoButton,Drag,724,860
100.997,100.997,NoButton,Drag,738,860
101.001,101.001,NoButton,Drag,752,860
101.005,101.005,NoButton,Drag,764,859
101.009,101.009,NoButton,Drag,775,859
101.013,101.013,NoButton,Drag,787,857
101.017,101.017,NoButton,Drag,799,856
101.021,101.021,NoButton,Drag,808,855
101.025,101.025,NoButton,Drag,819,854
101.029,101.029,NoButton,Drag,830,853
101.033,101.033,NoButton,Drag,840,851
101.037,101.037,NoButton,Drag,851,850
101.041,101.041,NoButton,Drag,862,848
101.045,101.045,NoButton,Drag,872,847
101.049,101.049,NoButton,Drag,882,845
101.053,101.053,NoButton,Drag,894,843
101.057,101.057,NoButton,Drag,905,842
101.061,101.061,NoButton,Drag,915,840
101.065,101.065,NoButton,Drag,926,838
101.069,101.069,NoButton,Drag,937,836
101.073,101.073,NoButton,Drag,946,835
101.078,101.078,NoButton,Drag,957,832
101.081,101.081,NoButton,Drag,967,830
101.085,101.085,NoButton,Drag,977,828
101.089,101.089,NoButton,Drag,986,826
101.093,101.093,NoButton,Drag,995,824
101.097,101.097,NoButton,Drag,1004,822
101.101,101.101,NoButton,Drag,1012,820
101.105,101.105,NoButton,Drag,1019,818
101.109,101.109,NoButton,Drag,1026,816
101.114,101.114,NoButton,Drag,1033,815
101.117,101.117,NoButton,Drag,1039,813
101.121,101.121,NoButton,Drag,1046,811
101.125,101.125,NoButton,Drag,1052,809
101.129,101.129,NoButton,Drag,1058,807
101.133,101.133,NoButton,Drag,1063,805
101.137,101.137,NoButton,Drag,1069,803
101.141,101.141,NoButton,Drag,1074,802
101.145,101.145,NoButton,Drag,1079,800
101.149,101.149,NoButton,Drag,1084,798
101.153,101.153,NoButton,Drag,1090,796
101.157,101.157,NoButton,Drag,1095,794
101.161,101.161,NoButton,Drag,1100,793
101.165,101.165,NoButton,Drag,1105,791
101.169,101.169,NoButton,Drag,1109,789
101.173,101.173,NoButton,Drag,1113,788
101.178,101.178,NoButton,Drag,1118,786
101.181,101.181,NoButton,Drag,1122,784
101.185,101.185,NoButton,Drag,1126,783
101.189,101.189,NoButton,Drag,1129,781
101.193,101.193,NoButton,Drag,1133,780
101.197,101.197,NoButton,Drag,1136,778
101.201,101.201,NoButton,Drag,1139,777
101.205,101.205,NoButton,Drag,1141,776
101.209,101.209,NoButton,Drag,1144,775
101.213,101.213,NoButton,Drag,1145,774
101.217,101.217,NoButton,Drag,1147,773
101.221,101.221,NoButton,Drag,1148,772
101.225,101.225,NoButton,Drag,1149,771
101.229,101.229,NoButton,Drag,1150,771
101.233,101.233,NoButton,Drag,1152,770
101.237,101.237,NoButton,Drag,1153,770
101.241,101.241,NoButton,Drag,1153,769
101.245,101.245,NoButton,Drag,1154,768
101.249,101.249,NoButton,Drag,1155,768
101.253,101.253,NoButton,Drag,1156,767
101.257,101.257,NoButton,Drag,1157,767
101.261,101.261,NoButton,Drag,1158,766
101.265,101.265,NoButton,Drag,1158,766
101.269,101.269,NoButton,Drag,1159,765
101.273,101.273,NoButton,Drag,1161,764
101.278,101.278,NoButton,Drag,1162,764
101.281,101.281,NoButton,Drag,1163,763
101.285,101.285,NoButton,Drag,1164,763
101.289,101.289,NoButton,Drag,1165,762
101.293,101.293,NoButton,Drag,1166,761
101.297,101.297,NoButton,Drag,1168,761
101.301,101.301,NoButton,Drag,1169,760
101.305,101.305,NoButton,Drag,1170,759
101.309,101.309,NoButton,Drag,1171,759
101.313,101.313,NoButton,Drag,1172,758
101.317,101.317,NoButton,Drag,1174,758
101.321,101.321,NoButton,Drag,1175,757
101.325,101.325,NoButton,Drag,1176,756
101.329,101.329,NoButton,Drag,1177,755
101.333,101.333,NoButton,Drag,1178,755
101.337,101.337,NoButton,Drag,1179,754
101.341,101.341,NoButton,Drag,1180,753
101.345,101.345,NoButton,Drag,1182,752
101.349,101.349,NoButton,Drag,1183,751
101.353,101.353,NoButton,Drag,1184,751
101.357,101.357,NoButton,Drag,1185,750
101.361,101.361,NoButton,Drag,1187,749
101.365,101.365,NoButton,Drag,1188,748
101.369,101.369,NoButton,Drag,1190,747
101.373,101.373,NoButton,Drag,1192,746
101.378,101.378,NoButton,Drag,1194,745
101.381,101.381,NoButton,Drag,1196,744
101.385,101.385,NoButton,Drag,1198,743
101.389,101.389,NoButton,Drag,1202,742
101.393,101.393,NoButton,Drag,1205,741
101.398,101.398,NoButton,Drag,1207,740
101.401,101.401,NoButton,Drag,1210,739
101.405,101.405,NoButton,Drag,1214,737
101.409,101.409,NoButton,Drag,1216,736
101.413,101.413,NoButton,Drag,1219,734
101.417,101.417,NoButton,Drag,1222,733
101.421,101.421,NoButton,Drag,1224,731
101.425,101.425,NoButton,Drag,1228,729
101.429,101.429,NoButton,Drag,1231,728
101.433,101.433,NoButton,Drag,1233,726
101.437,101.437,NoButton,Drag,1236,724
101.441,101.441,NoButton,Drag,1239,723
101.445,101.445,NoButton,Drag,1242,721
101.449,101.449,NoButton,Drag,1245,719
101.453,101.453,NoButton,Drag,1249,718
101.457,101.457,NoButton,Drag,1253,716
101.461,101.461,NoButton,Drag,1256,715
101.465,101.465,NoButton,Drag,1259,713
101.469,101.469,NoButton,Drag,1262,712
101.473,101.473,NoButton,Drag,1264,710
101.478,101.478,NoButton,Drag,1267,709
101.481,101.481,NoButton,Drag,1269,708
101.485,101.485,NoButton,Drag,1271,707
101.489,101.489,NoButton,Drag,1273,706
101.493,101.493,NoButton,Drag,1275,705
101.495,101.495,NoButton,Drag,1277,705
101.499,101.499,NoButton,Drag,1279,704
101.503,101.503,NoButton,Drag,1281,703
101.507,101.507,NoButton,Drag,1283,703
101.511,101.511,NoButton,Drag,1285,702
101.515,101.515,NoButton,Drag,1287,702
101.519,101.519,NoButton,Drag,1289,701
101.523,101.523,NoButton,Drag,1291,701
101.528,101.528,NoButton,Drag,1292,700
101.531,101.531,NoButton,Drag,1294,700
101.535,101.535,NoButton,Drag,1296,700
101.539,101.539,NoButton,Drag,1297,699
101.543,101.543,NoButton,Drag,1299,699
101.547,101.547,NoButton,Drag,1301,699
101.551,101.551,NoButton,Drag,1302,698
101.555,101.555,NoButton,Drag,1303,698
101.559,101.559,NoButton,Drag,1305,698
101.563,101.563,NoButton,Drag,1306,698
101.567,101.567,NoButton,Drag,1307,698
101.571,101.571,NoButton,Drag,1308,698
101.575,101.575,NoButton,Drag,1309,698
101.579,101.579,NoButton,Drag,1310,698
101.583,101.583,NoButton,Drag,1310,698
101.587,101.587,NoButton,Drag,1311,698
101.591,101.591,NoButton,Drag,1312,698
101.595,101.595,NoButton,Drag,1312,698
101.603,101.603,NoButton,Drag,1313,698
101.608,101.608,Left,Released,1313,698
101.668,101.668,NoButton,Drag,1313,698
101.676,101.676,NoButton,Drag,1313,699
101.68,101.68,NoButton,Drag,1313,699
101.697,101.697,NoButton,Drag,1309,703
101.714,101.714,NoButton,Drag,1300,711
101.73,101.73,NoButton,Drag,1277,724
101.746,101.746,NoButton,Drag,1225,747
101.763,101.763,NoButton,Drag,1147,783
101.779,101.779,NoButton,Drag,1056,824
101.796,101.796,NoButton,Drag,916,877
101.813,101.813,NoButton,Drag,797,899
101.83,101.83,NoButton,Drag,669,899
101.847,101.847,NoButton,Drag,541,899
101.863,101.863,NoButton,Drag,439,894
101.88,101.88,NoButton,Drag,349,860
101.896,101.896,NoButton,Drag,309,831
101.913,101.913,NoButton,Drag,289,804
101.93,101.93,NoButton,Drag,282,776
101.947,101.947,NoButton,Drag,282,743
101.963,101.963,NoButton,Drag,291,708
101.98,101.98,NoButton,Drag,309,662
101.996,101.996,NoButton,Drag,328,624
102.014,102.014,NoButton,Drag,345,590
102.03,102.03,NoButton,Drag,359,563
102.046,102.046,NoButton,Drag,369,539
102.063,102.063,NoButton,Drag,377,523
102.08,102.08,NoButton,Drag,385,506
102.096,102.096,NoButton,Drag,389,496
102.113,102.113,NoButton,Drag,393,488
102.13,102.13,NoButton,Drag,397,481
102.146,102.146,NoButton,Drag,400,478
102.163,102.163,NoButton,Drag,403,474
102.18,102.18,NoButton,Drag,408,470
102.196,102.196,NoButton,Drag,416,466
102.213,102.213,NoButton,Drag,424,460
102.23,102.23,NoButton,Drag,437,451
102.246,102.246,NoButton,Drag,451,440
102.263,102.263,NoButton,Drag,467,426
102.28,102.28,NoButton,Drag,484,409
102.297,102.297,NoButton,Drag,504,390
102.313,102.313,NoButton,Drag,528,370
102.33,102.33,NoButton,Drag,553,345
102.347,102.347,NoButton,Drag,568,327
102.364,102.364,NoButton,Drag,582,310
102.379,102.379,NoButton,Drag,594,294
102.397,102.397,NoButton,Drag,606,279
102.413,102.413,NoButton,Drag,615,266
102.43,102.43,NoButton,Drag,625,254
102.446,102.446,NoButton,Drag,630,248
102.464,102.464,NoButton,Drag,633,244
102.481,102.481,NoButton,Drag,633,243
102.57,102.57,NoButton,Drag,634,243
102.744,102.744,NoButton,Drag,634,243
102.748,102.748,NoButton,Drag,634,243
102.763,102.763,NoButton,Drag,634,242
102.78,102.78,NoButton,Drag,633,240
102.797,102.797,NoButton,Drag,633,238
102.814,102.814,NoButton,Drag,633,237
102.83,102.83,NoButton,Drag,632,235
102.847,102.847,NoButton,Drag,631,229
102.864,102.864,NoButton,Drag,627,220
102.881,102.881,NoButton,Drag,624,211
102.897,102.897,NoButton,Drag,623,202
102.913,102.913,NoButton,Drag,621,192
102.931,102.931,NoButton,Drag,619,184
102.947,102.947,NoButton,Drag,619,177
102.963,102.963,NoButton,Drag,619,174
102.981,102.981,NoButton,Drag,619,173
103.013,103.013,Left,Pressed,619,173
103.048,103.048,NoButton,Drag,619,173
103.137,103.137,Left,Released,619,173
103.144,103.144,NoButton,Drag,619,173
103.148,103.148,NoButton,Drag,619,173
103.164,103.164,NoButton,Drag,619,174
103.18,103.18,NoButton,Drag,616,178
103.197,103.197,NoButton,Drag,611,184
103.214,103.214,NoButton,Drag,605,195
103.23,103.23,NoButton,Drag,595,218
103.247,103.247,NoButton,Drag,583,243
103.264,103.264,NoButton,Drag,569,273
103.281,103.281,NoButton,Drag,558,303
103.297,103.297,NoButton,Drag,544,333
103.314,103.314,NoButton,Drag,536,360
103.33,103.33,NoButton,Drag,521,395
103.347,103.347,NoButton,Drag,507,426
103.364,103.364,NoButton,Drag,486,471
103.38,103.38,NoButton,Drag,457,538
103.397,103.397,NoButton,Drag,419,623
103.414,103.414,NoButton,Drag,354,784
103.43,103.43,NoButton,Drag,287,899
103.448,103.448,NoButton,Drag,206,899
103.464,103.464,NoButton,Drag,99,899
103.481,103.481,NoButton,Drag,0,899
103.497,103.497,NoButton,Drag,0,899
103.514,103.514,NoButton,Drag,0,899
103.53,103.53,NoButton,Drag,0,899
103.548,103.548,NoButton,Drag,0,899
103.564,103.564,NoButton,Drag,0,899
103.581,103.581,NoButton,Drag,0,899
103.597,103.597,NoButton,Drag,0,899
103.614,103.614,NoButton,Drag,0,899
103.63,103.63,NoButton,Drag,0,899
103.647,103.647,NoButton,Drag,0,899
103.664,103.664,NoButton,Drag,0,899
103.681,103.681,NoButton,Drag,0,899
103.697,103.697,NoButton,Drag,0,890
103.714,103.714,NoButton,Drag,0,849
103.73,103.73,NoButton,Drag,0,786
103.747,103.747,NoButton,Drag,0,696
103.764,103.764,NoButton,Drag,9,589
103.781,103.781,NoButton,Drag,22,472
103.797,103.797,NoButton,Drag,35,344
103.814,103.814,NoButton,Drag,44,166
103.831,103.831,NoButton,Drag,56,30
103.847,103.847,NoButton,Drag,78,0
103.864,103.864,NoButton,Drag,121,0
103.881,103.881,NoButton,Drag,161,0
103.897,103.897,NoButton,Drag,202,0
103.914,103.914,NoButton,Drag,244,0
103.931,103.931,NoButton,Drag,294,0
103.947,103.947,NoButton,Drag,367,0
103.964,103.964,NoButton,Drag,454,0
103.981,103.981,NoButton,Drag,510,0
103.997,103.997,NoButton,Drag,558,0
104.014,104.014,NoButton,Drag,597,0
104.031,104.031,NoButton,Drag,624,0
104.047,104.047,NoButton,Drag,640,0
104.064,104.064,NoButton,Drag,652,6
104.08,104.08,NoButton,Drag,661,20
104.097,104.097,NoButton,Drag,672,49
104.115,104.115,NoButton,Drag,687,93
104.131,104.131,NoButton,Drag,704,144
104.147,104.147,NoButton,Drag,724,203
104.164,104.164,NoButton,Drag,747,270
104.18,104.18,NoButton,Drag,758,303
104.198,104.198,NoButton,Drag,763,317
104.215,104.215,NoButton,Drag,764,321
104.256,104.256,NoButton,Drag,764,321
104.26,104.26,NoButton,Drag,764,320
104.264,104.264,NoButton,Drag,764,319
104.28,104.28,NoButton,Drag,760,308
104.298,104.298,NoButton,Drag,752,291
104.314,104.314,NoButton,Drag,742,270
104.331,104.331,NoButton,Drag,734,251
104.347,104.347,NoButton,Drag,730,235
104.364,104.364,NoButton,Drag,728,221
104.381,104.381,NoButton,Drag,728,214
104.397,104.397,NoButton,Drag,729,209
104.414,104.414,NoButton,Drag,730,206
104.43,104.43,NoButton,Drag,730,206
104.448,104.448,NoButton,Drag,730,205
104.465,104.465,NoButton,Drag,730,205
104.482,104.482,NoButton,Drag,730,204
104.497,104.497,NoButton,Drag,730,203
104.514,104.514,NoButton,Drag,730,201
104.531,104.531,NoButton,Drag,731,199
104.548,104.548,NoButton,Drag,731,197
104.564,104.564,NoButton,Drag,731,196
104.595,104.595,Left,Pressed,731,196
104.678,104.678,Left,Released,731,196
104.698,104.698,NoButton,Drag,731,197
104.717,104.717,NoButton,Drag,731,199
104.731,104.731,NoButton,Drag,726,204
104.747,104.747,NoButton,Drag,722,208
104.764,104.764,NoButton,Drag,715,213
104.781,104.781,NoButton,Drag,707,218
104.798,104.798,NoButton,Drag,690,226
104.814,104.814,NoButton,Drag,668,232
104.832,104.832,NoButton,Drag,636,239
104.847,104.847,NoButton,Drag,603,243
104.864,104.864,NoButton,Drag,579,244
104.881,104.881,NoButton,Drag,567,244
104.898,104.898,NoButton,Drag,566,244
104.914,104.914,NoButton,Drag,566,243
104.931,104.931,NoButton,Drag,571,239
104.948,104.948,NoButton,Drag,589,231
104.964,104.964,NoButton,Drag,637,214
104.982,104.982,NoButton,Drag,686,198
104.997,104.997,NoButton,Drag,734,184
105.014,105.014,NoButton,Drag,765,176
105.031,105.031,NoButton,Drag,771,174
105.048,105.048,NoButton,Drag,771,174
105.065,105.065,NoButton,Drag,765,172
105.082,105.082,NoButton,Drag,735,167
105.097,105.097,NoButton,Drag,672,161
105.114,105.114,NoButton,Drag,598,158
105.131,105.131,NoButton,Drag,523,155
105.148,105.148,NoButton,Drag,457,149
105.164,105.164,NoButton,Drag,425,146
105.181,105.181,NoButton,Drag,414,143
105.198,105.198,NoButton,Drag,414,143
105.228,105.228,NoButton,Drag,414,143
105.234,105.234,NoButton,Drag,415,142
105.25,105.25,NoButton,Drag,423,137
105.266,105.266,NoButton,Drag,442,128
105.283,105.283,NoButton,Drag,471,120
105.3,105.3,NoButton,Drag,503,111
105.316,105.316,NoButton,Drag,519,104
105.333,105.333,NoButton,Drag,524,100
105.35,105.35,NoButton,Drag,523,98
105.366,105.366,NoButton,Drag,518,96
105.383,105.383,NoButton,Drag,503,92
105.4,105.4,NoButton,Drag,466,88
105.417,105.417,NoButton,Drag,429,88
105.433,105.433,NoButton,Drag,394,88
105.45,105.45,NoButton,Drag,375,89
105.466,105.466,NoButton,Drag,370,90
105.483,105.483,NoButton,Drag,370,91
105.502,105.502,NoButton,Drag,386,94
105.519,105.519,NoButton,Drag,445,104
105.535,105.535,NoButton,Drag,589,113
105.551,105.551,NoButton,Drag,739,118
105.568,105.568,NoButton,Drag,886,123
105.585,105.585,NoButton,Drag,1021,127
105.601,105.601,NoButton,Drag,1105,128
105.619,105.619,NoButton,Drag,1147,129
105.635,105.635,NoButton,Drag,1149,129
105.652,105.652,NoButton,Drag,1148,129
105.669,105.669,NoButton,Drag,1135,130
105.685,105.685,NoButton,Drag,1087,131
105.702,105.702,NoButton,Drag,996,132
105.719,105.719,NoButton,Drag,920,132
105.735,105.735,NoButton,Drag,840,132
105.752,105.752,NoButton,Drag,746,132
105.769,105.769,NoButton,Drag,665,132
105.786,105.786,NoButton,Drag,603,130
105.802,105.802,NoButton,Drag,587,128
105.819,105.819,NoButton,Drag,587,128
105.842,105.842,NoButton,Drag,587,128
105.853,105.853,NoButton,Drag,587,128
105.869,105.869,NoButton,Drag,593,125
105.886,105.886,NoButton,Drag,612,120
105.902,105.902,NoButton,Drag,631,115
105.919,105.919,NoButton,Drag,649,111
105.935,105.935,NoButton,Drag,666,110
105.952,105.952,NoButton,Drag,680,110
105.97,105.97,NoButton,Drag,686,110
105.986,105.986,NoButton,Drag,686,110
106.003,106.003,NoButton,Drag,678,109
106.02,106.02,NoButton,Drag,655,107
106.037,106.037,NoButton,Drag,613,106
106.053,106.053,NoButton,Drag,565,106
106.069,106.069,NoButton,Drag,523,108
106.086,106.086,NoButton,Drag,473,109
106.103,106.103,NoButton,Drag,442,111
106.119,106.119,NoButton,Drag,425,112
106.137,106.137,NoButton,Drag,420,113
106.164,106.164,NoButton,Drag,420,113
106.17,106.17,NoButton,Drag,421,113
106.186,106.186,NoButton,Drag,441,112
106.203,106.203,NoButton,Drag,499,111
106.219,106.219,NoButton,Drag,592,111
106.236,106.236,NoButton,Drag,740,112
106.253,106.253,NoButton,Drag,856,113
106.269,106.269,NoButton,Drag,949,113
106.286,106.286,NoButton,Drag,1014,113
106.303,106.303,NoButton,Drag,1047,111
106.319,106.319,NoButton,Drag,1054,109
106.337,106.337,NoButton,Drag,1054,109
106.354,106.354,NoButton,Drag,1043,111
106.37,106.37,NoButton,Drag,1003,114
106.386,106.386,NoButton,Drag,933,117
106.403,106.403,NoButton,Drag,848,122
106.42,106.42,NoButton,Drag,726,127
106.436,106.436,NoButton,Drag,633,127
106.453,106.453,NoButton,Drag,554,127
106.47,106.47,NoButton,Drag,485,127
106.487,106.487,NoButton,Drag,442,127
106.504,106.504,NoButton,Drag,419,125
106.52,106.52,NoButton,Drag,413,124
106.537,106.537,NoButton,Drag,413,124
106.56,106.56,NoButton,Drag,413,124
106.571,106.571,NoButton,Drag,412,124
106.587,106.587,NoButton,Drag,410,124
106.604,106.604,NoButton,Drag,405,123
106.62,106.62,NoButton,Drag,398,122
106.637,106.637,NoButton,Drag,387,120
106.654,106.654,NoButton,Drag,375,119
106.67,106.67,NoButton,Drag,366,118
106.688,106.688,NoButton,Drag,362,117
106.738,106.738,NoButton,Drag,362,117
106.742,106.742,NoButton,Drag,362,117
106.755,106.755,NoButton,Drag,366,116
106.771,106.771,NoButton,Drag,379,116
106.788,106.788,NoButton,Drag,411,118
106.805,106.805,NoButton,Drag,461,124
106.821,106.821,NoButton,Drag,525,132
106.838,106.838,NoButton,Drag,618,143
106.855,106.855,NoButton,Drag,694,149
106.872,106.872,NoButton,Drag,771,153
106.888,106.888,NoButton,Drag,836,156
106.904,106.904,NoButton,Drag,884,158
106.921,106.921,NoButton,Drag,916,159
106.938,106.938,NoButton,Drag,931,159
106.974,106.974,NoButton,Drag,932,159
106.982,106.982,NoButton,Drag,931,159
106.988,106.988,NoButton,Drag,930,160
107.005,107.005,NoButton,Drag,920,161
107.022,107.022,NoButton,Drag,888,161
107.039,107.039,NoButton,Drag,846,161
107.055,107.055,NoButton,Drag,788,160
107.072,107.072,NoButton,Drag,718,156
107.088,107.088,NoButton,Drag,644,151
107.105,107.105,NoButton,Drag,575,145
107.122,107.122,NoButton,Drag,504,134
107.139,107.139,NoButton,Drag,463,124
107.156,107.156,NoButton,Drag,439,118
107.172,107.172,NoButton,Drag,432,116
107.21,107.21,NoButton,Drag,432,115
107.226,107.226,NoButton,Drag,432,115
107.24,107.24,NoButton,Drag,432,115
107.256,107.256,NoButton,Drag,432,115
107.273,107.273,NoButton,Drag,432,114
107.289,107.289,NoButton,Drag,432,114
107.306,107.306,NoButton,Drag,432,113
107.322,107.322,NoButton,Drag,432,113
107.38,107.38,NoButton,Drag,432,113
107.384,107.384,NoButton,Drag,432,114
107.39,107.39,NoButton,Drag,432,114
107.406,107.406,NoButton,Drag,432,118
107.423,107.423,NoButton,Drag,429,123
107.439,107.439,NoButton,Drag,422,130
107.456,107.456,NoButton,Drag,413,140
107.474,107.474,NoButton,Drag,408,146
107.49,107.49,NoButton,Drag,404,150
107.506,107.506,NoButton,Drag,402,151
107.564,107.564,NoButton,Drag,402,151
107.572,107.572,NoButton,Drag,402,151
107.58,107.58,NoButton,Drag,402,150
107.59,107.59,NoButton,Drag,402,150
107.607,107.607,NoButton,Drag,402,150
107.621,107.621,NoButton,Drag,402,150
107.624,107.624,Left,Pressed,402,150
107.716,107.716,NoButton,Drag,402,149
107.72,107.72,Left,Released,402,149
107.728,107.728,NoButton,Drag,402,149
107.74,107.74,NoButton,Drag,402,149
107.754,107.754,NoButton,Drag,403,148
107.771,107.771,NoButton,Drag,404,146
107.787,107.787,NoButton,Drag,405,144
107.804,107.804,NoButton,Drag,408,142
107.82,107.82,NoButton,Drag,411,141
107.837,107.837,NoButton,Drag,419,140
107.853,107.853,NoButton,Drag,432,142
107.87,107.87,NoButton,Drag,457,148
107.887,107.887,NoButton,Drag,487,155
107.904,107.904,NoButton,Drag,523,163
107.92,107.92,NoButton,Drag,558,168
107.937,107.937,NoButton,Drag,581,171
107.954,107.954,NoButton,Drag,596,172
107.971,107.971,NoButton,Drag,600,172
107.998,107.998,NoButton,Drag,600,172
108.006,108.006,NoButton,Drag,600,172
108.021,108.021,NoButton,Drag,600,171
108.037,108.037,NoButton,Drag,599,170
108.053,108.053,NoButton,Drag,598,169
108.07,108.07,NoButton,Drag,597,168
108.087,108.087,NoButton,Drag,596,167
108.104,108.104,NoButton,Drag,595,167
108.12,108.12,NoButton,Drag,593,166
108.136,108.136,NoButton,Drag,588,165
108.153,108.153,NoButton,Drag,579,162
108.17,108.17,NoButton,Drag,565,159
108.188,108.188,NoButton,Drag,556,157
108.204,108.204,NoButton,Drag,550,155
108.221,108.221,NoButton,Drag,550,155
108.242,108.242,NoButton,Drag,550,154
108.298,108.298,NoButton,Drag,550,154
108.484,108.484,NoButton,Drag,550,154
108.488,108.488,NoButton,Drag,550,154
108.504,108.504,NoButton,Drag,549,153
108.52,108.52,NoButton,Drag,549,152
108.537,108.537,NoButton,Drag,548,152
108.554,108.554,NoButton,Drag,548,151
108.571,108.571,NoButton,Drag,548,150
108.588,108.588,NoButton,Drag,548,150
108.628,108.628,NoButton,Drag,548,150
108.636,108.636,Left,Pressed,548,150
108.637,108.637,NoButton,Drag,548,150
108.64,108.64,NoButton,Drag,548,150
108.644,108.644,NoButton,Drag,549,150
108.652,108.652,NoButton,Drag,549,150
108.664,108.664,NoButton,Drag,549,150
108.705,108.705,NoButton,Drag,549,150
108.772,108.772,Left,Released,549,150
108.8,108.8,NoButton,Drag,549,150
108.808,108.808,NoButton,Drag,549,150
108.821,108.821,NoButton,Drag,549,150
108.856,108.856,NoButton,Drag,548,150
108.872,108.872,NoButton,Drag,548,150
108.888,108.888,NoButton,Drag,548,150
108.905,108.905,NoButton,Drag,548,150
108.921,108.921,NoButton,Drag,549,151
108.938,108.938,NoButton,Drag,554,154
108.954,108.954,NoButton,Drag,569,158
108.968,108.968,NoButton,Drag,591,163
108.985,108.985,NoButton,Drag,618,169
109.002,109.002,NoButton,Drag,660,174
109.018,109.018,NoButton,Drag,694,175
109.035,109.035,NoButton,Drag,728,177
109.052,109.052,NoButton,Drag,761,178
109.069,109.069,NoButton,Drag,788,179
109.085,109.085,NoButton,Drag,814,180
109.102,109.102,NoButton,Drag,842,180
109.118,109.118,NoButton,Drag,861,181
109.135,109.135,NoButton,Drag,879,184
109.152,109.152,NoButton,Drag,893,186
109.169,109.169,NoButton,Drag,902,187
109.185,109.185,NoButton,Drag,903,187
109.222,109.222,NoButton,Drag,903,187
109.226,109.226,NoButton,Drag,903,187
109.234,109.234,NoButton,Drag,899,187
109.251,109.251,NoButton,Drag,879,187
109.267,109.267,NoButton,Drag,837,185
109.285,109.285,NoButton,Drag,773,184
109.302,109.302,NoButton,Drag,673,182
109.318,109.318,NoButton,Drag,576,181
109.334,109.334,NoButton,Drag,479,179
109.352,109.352,NoButton,Drag,386,177
109.369,109.369,NoButton,Drag,308,176
109.385,109.385,NoButton,Drag,255,176
109.401,109.401,NoButton,Drag,227,175
109.418,109.418,NoButton,Drag,217,175
109.438,109.438,NoButton,Drag,217,175
109.458,109.458,NoButton,Drag,218,175
109.468,109.468,NoButton,Drag,220,175
109.484,109.484,NoButton,Drag,231,175
109.502,109.502,NoButton,Drag,265,175
109.518,109.518,NoButton,Drag,297,175
109.535,109.535,NoButton,Drag,332,176
109.551,109.551,NoButton,Drag,370,180
109.568,109.568,NoButton,Drag,423,187
109.585,109.585,NoButton,Drag,457,192
109.602,109.602,NoButton,Drag,482,197
109.618,109.618,NoButton,Drag,495,200
109.635,109.635,NoButton,Drag,497,200
109.652,109.652,NoButton,Drag,498,201
109.668,109.668,NoButton,Drag,494,202
109.685,109.685,NoButton,Drag,478,203
109.702,109.702,NoButton,Drag,447,203
109.719,109.719,NoButton,Drag,410,203
109.735,109.735,NoButton,Drag,376,203
109.754,109.754,NoButton,Drag,344,203
109.77,109.77,NoButton,Drag,329,203
109.787,109.787,NoButton,Drag,325,204
109.803,109.803,NoButton,Drag,325,204
109.819,109.819,NoButton,Drag,330,205
109.836,109.836,NoButton,Drag,362,208
109.853,109.853,NoButton,Drag,408,211
109.87,109.87,NoButton,Drag,458,213
109.887,109.887,NoButton,Drag,503,215
109.903,109.903,NoButton,Drag,536,216
109.92,109.92,NoButton,Drag,553,216
109.944,109.944,NoButton,Drag,553,215
109.953,109.953,NoButton,Drag,552,215
109.97,109.97,NoButton,Drag,547,215
109.987,109.987,NoButton,Drag,527,213
110.004,110.004,NoButton,Drag,480,212
110.021,110.021,NoButton,Drag,443,211
110.038,110.038,NoButton,Drag,407,211
110.055,110.055,NoButton,Drag,379,211
110.071,110.071,NoButton,Drag,363,211
110.088,110.088,NoButton,Drag,359,211
110.11,110.11,NoButton,Drag,359,211
110.121,110.121,NoButton,Drag,362,211
110.137,110.137,NoButton,Drag,382,211
110.155,110.155,NoButton,Drag,443,213
110.171,110.171,NoButton,Drag,510,214
110.188,110.188,NoButton,Drag,580,216
110.206,110.206,NoButton,Drag,653,219
110.221,110.221,NoButton,Drag,727,222
110.238,110.238,NoButton,Drag,835,228
110.255,110.255,NoButton,Drag,915,232
110.272,110.272,NoButton,Drag,970,234
110.288,110.288,NoButton,Drag,1002,236
110.305,110.305,NoButton,Drag,1017,237
110.321,110.321,NoButton,Drag,1023,238
110.338,110.338,NoButton,Drag,1024,238
110.356,110.356,NoButton,Drag,1024,238
110.398,110.398,NoButton,Drag,1024,238
110.402,110.402,NoButton,Drag,1024,238
110.406,110.406,NoButton,Drag,1023,238
110.422,110.422,NoButton,Drag,1016,238
110.438,110.438,NoButton,Drag,994,238
110.455,110.455,NoButton,Drag,949,234
110.471,110.471,NoButton,Drag,882,230
110.488,110.488,NoButton,Drag,808,227
110.505,110.505,NoButton,Drag,734,224
110.522,110.522,NoButton,Drag,639,223
110.538,110.538,NoButton,Drag,559,221
110.555,110.555,NoButton,Drag,482,217
110.571,110.571,NoButton,Drag,428,213
110.589,110.589,NoButton,Drag,397,209
110.605,110.605,NoButton,Drag,387,207
110.623,110.623,NoButton,Drag,387,207
110.662,110.662,NoButton,Drag,387,207
110.666,110.666,NoButton,Drag,388,207
110.673,110.673,NoButton,Drag,389,207
110.689,110.689,NoButton,Drag,403,207
110.706,110.706,NoButton,Drag,449,209
110.722,110.722,NoButton,Drag,501,215
110.738,110.738,NoButton,Drag,557,222
110.755,110.755,NoButton,Drag,612,229
110.772,110.772,NoButton,Drag,672,235
110.788,110.788,NoButton,Drag,702,238
110.805,110.805,NoButton,Drag,718,239
110.822,110.822,NoButton,Drag,722,239
110.839,110.839,NoButton,Drag,722,239
110.855,110.855,NoButton,Drag,716,240
110.872,110.872,NoButton,Drag,678,240
110.889,110.889,NoButton,Drag,616,240
110.905,110.905,NoButton,Drag,549,240
110.922,110.922,NoButton,Drag,494,239
110.939,110.939,NoButton,Drag,448,239
110.955,110.955,NoButton,Drag,410,239
110.97,110.97,NoButton,Drag,382,238
110.987,110.987,NoButton,Drag,368,238
111.004,111.004,NoButton,Drag,367,238
111.021,111.021,NoButton,Drag,367,237
111.038,111.038,NoButton,Drag,376,237
111.053,111.053,NoButton,Drag,402,236
111.071,111.071,NoButton,Drag,438,236
111.087,111.087,NoButton,Drag,469,236
111.104,111.104,NoButton,Drag,486,235
111.12,111.12,NoButton,Drag,487,235
111.137,111.137,NoButton,Drag,487,235
111.154,111.154,NoButton,Drag,483,235
111.171,111.171,NoButton,Drag,471,235
111.187,111.187,NoButton,Drag,449,235
111.204,111.204,NoButton,Drag,419,235
111.22,111.22,NoButton,Drag,395,234
111.235,111.235,NoButton,Drag,384,234
111.251,111.251,NoButton,Drag,376,234
111.27,111.27,NoButton,Drag,376,234
111.285,111.285,NoButton,Drag,378,234
111.302,111.302,NoButton,Drag,403,235
111.318,111.318,NoButton,Drag,451,238
111.335,111.335,NoButton,Drag,521,239
111.352,111.352,NoButton,Drag,598,244
111.369,111.369,NoButton,Drag,677,248
111.385,111.385,NoButton,Drag,752,251
111.402,111.402,NoButton,Drag,815,253
111.418,111.418,NoButton,Drag,840,253
111.435,111.435,NoButton,Drag,846,254
111.478,111.478,NoButton,Drag,846,253
111.49,111.49,NoButton,Drag,846,253
111.501,111.501,NoButton,Drag,845,253
111.517,111.517,NoButton,Drag,844,253
111.534,111.534,NoButton,Drag,843,253
111.551,111.551,NoButton,Drag,839,253
111.567,111.567,NoButton,Drag,831,253
111.584,111.584,NoButton,Drag,819,253
111.601,111.601,NoButton,Drag,804,254
111.617,111.617,NoButton,Drag,788,254
111.634,111.634,NoButton,Drag,770,255
111.65,111.65,NoButton,Drag,757,256
111.668,111.668,NoButton,Drag,744,257
111.684,111.684,NoButton,Drag,735,259
111.701,111.701,NoButton,Drag,731,259
111.722,111.722,NoButton,Drag,731,259
111.733,111.733,NoButton,Drag,732,259
111.75,111.75,NoButton,Drag,749,260
111.766,111.766,NoButton,Drag,789,260
111.783,111.783,NoButton,Drag,833,261
111.8,111.8,NoButton,Drag,865,260
111.817,111.817,NoButton,Drag,877,258
111.833,111.833,NoButton,Drag,880,257
111.86,111.86,NoButton,Drag,880,257
111.876,111.876,NoButton,Drag,880,257
111.883,111.883,NoButton,Drag,880,257
111.901,111.901,NoButton,Drag,877,256
111.918,111.918,NoButton,Drag,874,256
111.934,111.934,NoButton,Drag,872,255
111.951,111.951,NoButton,Drag,872,255
111.988,111.988,NoButton,Drag,871,255
111.996,111.996,NoButton,Drag,871,255
112.065,112.065,Left,Pressed,871,255
112.136,112.136,Left,Released,871,255
112.14,112.14,NoButton,Drag,871,254
112.144,112.144,NoButton,Drag,871,254
112.151,112.151,NoButton,Drag,871,254
112.168,112.168,NoButton,Drag,870,254
112.185,112.185,NoButton,Drag,867,252
112.202,112.202,NoButton,Drag,863,249
112.219,112.219,NoButton,Drag,857,245
112.235,112.235,NoButton,Drag,849,240
112.251,112.251,NoButton,Drag,843,236
112.268,112.268,NoButton,Drag,840,234
112.285,112.285,NoButton,Drag,839,233
112.357,112.357,Left,Pressed,839,233
112.47,112.47,Left,Released,839,233
112.498,112.498,NoButton,Drag,839,233
112.503,112.503,NoButton,Drag,839,234
112.524,112.524,NoButton,Drag,839,236
112.54,112.54,NoButton,Drag,843,240
112.557,112.557,NoButton,Drag,854,245
112.574,112.574,NoButton,Drag,887,252
112.59,112.59,NoButton,Drag,925,257
112.607,112.607,NoButton,Drag,968,259
112.624,112.624,NoButton,Drag,1013,260
112.64,112.64,NoButton,Drag,1052,260
112.658,112.658,NoButton,Drag,1092,259
112.674,112.674,NoButton,Drag,1110,257
112.69,112.69,NoButton,Drag,1114,256
112.71,112.71,NoButton,Drag,1114,256
112.724,112.724,NoButton,Drag,1113,256
112.743,112.743,NoButton,Drag,1102,256
112.76,112.76,NoButton,Drag,1077,256
112.777,112.777,NoButton,Drag,1038,257
112.794,112.794,NoButton,Drag,979,257
112.81,112.81,NoButton,Drag,927,257
112.827,112.827,NoButton,Drag,870,256
112.844,112.844,NoButton,Drag,819,252
112.86,112.86,NoButton,Drag,787,249
112.877,112.877,NoButton,Drag,774,246
112.893,112.893,NoButton,Drag,772,246
112.91,112.91,NoButton,Drag,775,245
112.927,112.927,NoButton,Drag,788,244
112.944,112.944,NoButton,Drag,817,244
112.961,112.961,NoButton,Drag,846,244
112.977,112.977,NoButton,Drag,864,244
112.995,112.995,NoButton,Drag,870,244
113.012,113.012,NoButton,Drag,870,244
113.028,113.028,NoButton,Drag,865,244
113.045,113.045,NoButton,Drag,846,244
113.062,113.062,NoButton,Drag,802,244
113.078,113.078,NoButton,Drag,743,244
113.095,113.095,NoButton,Drag,679,244
113.112,113.112,NoButton,Drag,607,244
113.129,113.129,NoButton,Drag,556,242
113.145,113.145,NoButton,Drag,520,241
113.163,113.163,NoButton,Drag,497,241
113.18,113.18,NoButton,Drag,492,241
113.208,113.208,NoButton,Drag,491,241
113.212,113.212,NoButton,Drag,491,241
113.23,113.23,NoButton,Drag,497,241
113.246,113.246,NoButton,Drag,515,242
113.263,113.263,NoButton,Drag,540,245
113.28,113.28,NoButton,Drag,568,247
113.296,113.296,NoButton,Drag,579,248
113.313,113.313,NoButton,Drag,580,248
113.33,113.33,NoButton,Drag,580,249
113.347,113.347,NoButton,Drag,577,249
113.363,113.363,NoButton,Drag,567,250
113.379,113.379,NoButton,Drag,548,250
113.396,113.396,NoButton,Drag,515,252
113.413,113.413,NoButton,Drag,482,255
113.43,113.43,NoButton,Drag,449,258
113.447,113.447,NoButton,Drag,426,262
113.463,113.463,NoButton,Drag,415,264
113.481,113.481,NoButton,Drag,413,265
113.496,113.496,NoButton,Drag,414,266
113.514,113.514,NoButton,Drag,422,266
113.53,113.53,NoButton,Drag,452,268
113.546,113.546,NoButton,Drag,490,269
113.564,113.564,NoButton,Drag,540,272
113.581,113.581,NoButton,Drag,594,276
113.597,113.597,NoButton,Drag,638,281
113.613,113.613,NoButton,Drag,661,283
113.631,113.631,NoButton,Drag,667,285
113.647,113.647,NoButton,Drag,667,285
113.664,113.664,NoButton,Drag,660,286
113.68,113.68,NoButton,Drag,637,286
113.697,113.697,NoButton,Drag,588,286
113.713,113.713,NoButton,Drag,519,286
113.731,113.731,NoButton,Drag,433,285
113.748,113.748,NoButton,Drag,381,283
113.764,113.764,NoButton,Drag,348,283
113.781,113.781,NoButton,Drag,336,284
113.798,113.798,NoButton,Drag,335,284
113.814,113.814,NoButton,Drag,338,285
113.831,113.831,NoButton,Drag,356,290
113.848,113.848,NoButton,Drag,401,300
113.864,113.864,NoButton,Drag,469,311
113.881,113.881,NoButton,Drag,533,325
113.898,113.898,NoButton,Drag,593,340
113.914,113.914,NoButton,Drag,618,345
113.931,113.931,NoButton,Drag,628,347
113.948,113.948,NoButton,Drag,629,348
113.965,113.965,NoButton,Drag,628,347
113.982,113.982,NoButton,Drag,619,347
113.997,113.997,NoButton,Drag,590,345
114.014,114.014,NoButton,Drag,544,342
114.031,114.031,NoButton,Drag,490,342
114.048,114.048,NoButton,Drag,443,341
114.064,114.064,NoButton,Drag,411,340
114.081,114.081,NoButton,Drag,395,340
114.099,114.099,NoButton,Drag,392,340
114.115,114.115,NoButton,Drag,393,342
114.131,114.131,NoButton,Drag,399,344
114.149,114.149,NoButton,Drag,446,355
114.165,114.165,NoButton,Drag,499,365
114.181,114.181,NoButton,Drag,552,374
114.198,114.198,NoButton,Drag,593,382
114.215,114.215,NoButton,Drag,603,385
114.231,114.231,NoButton,Drag,603,386
114.248,114.248,NoButton,Drag,599,389
114.264,114.264,NoButton,Drag,585,391
114.281,114.281,NoButton,Drag,553,393
114.299,114.299,NoButton,Drag,506,395
114.314,114.314,NoButton,Drag,444,395
114.331,114.331,NoButton,Drag,410,396
114.348,114.348,NoButton,Drag,394,396
114.365,114.365,NoButton,Drag,393,396
114.381,114.381,NoButton,Drag,395,397
114.399,114.399,NoButton,Drag,418,397
114.415,114.415,NoButton,Drag,463,397
114.432,114.432,NoButton,Drag,530,395
114.449,114.449,NoButton,Drag,579,391
114.465,114.465,NoButton,Drag,616,387
114.482,114.482,NoButton,Drag,643,382
114.499,114.499,NoButton,Drag,650,379
114.515,114.515,NoButton,Drag,650,378
114.532,114.532,NoButton,Drag,646,377
114.549,114.549,NoButton,Drag,631,373
114.565,114.565,NoButton,Drag,599,368
114.582,114.582,NoButton,Drag,542,361
114.599,114.599,NoButton,Drag,494,355
114.616,114.616,NoButton,Drag,452,348
114.633,114.633,NoButton,Drag,422,341
114.649,114.649,NoButton,Drag,404,337
114.666,114.666,NoButton,Drag,400,335
114.695,114.695,NoButton,Drag,400,335
114.699,114.699,NoButton,Drag,401,334
114.716,114.716,NoButton,Drag,410,333
114.733,114.733,NoButton,Drag,437,332
114.749,114.749,NoButton,Drag,472,332
114.766,114.766,NoButton,Drag,510,333
114.782,114.782,NoButton,Drag,533,333
114.799,114.799,NoButton,Drag,548,336
114.816,114.816,NoButton,Drag,553,337
114.833,114.833,NoButton,Drag,554,337
114.849,114.849,NoButton,Drag,552,338
114.866,114.866,NoButton,Drag,540,338
114.882,114.882,NoButton,Drag,518,338
114.899,114.899,NoButton,Drag,492,338
114.916,114.916,NoButton,Drag,477,339
114.933,114.933,NoButton,Drag,475,340
114.949,114.949,NoButton,Drag,475,341
114.966,114.966,NoButton,Drag,490,346
114.983,114.983,NoButton,Drag,523,353
114.999,114.999,NoButton,Drag,581,358
115.016,115.016,NoButton,Drag,675,362
115.033,115.033,NoButton,Drag,761,366
115.049,115.049,NoButton,Drag,847,367
115.067,115.067,NoButton,Drag,921,368
115.083,115.083,NoButton,Drag,969,367
115.099,115.099,NoButton,Drag,990,365
115.116,115.116,NoButton,Drag,995,364
115.14,115.14,NoButton,Drag,995,364
115.149,115.149,NoButton,Drag,995,364
115.166,115.166,NoButton,Drag,986,364
115.183,115.183,NoButton,Drag,958,363
115.2,115.2,NoButton,Drag,896,363
115.217,115.217,NoButton,Drag,832,363
115.234,115.234,NoButton,Drag,761,364
115.251,115.251,NoButton,Drag,684,364
115.267,115.267,NoButton,Drag,603,364
115.283,115.283,NoButton,Drag,518,363
115.3,115.3,NoButton,Drag,424,360
115.317,115.317,NoButton,Drag,371,352
115.334,115.334,NoButton,Drag,339,348
115.35,115.35,NoButton,Drag,320,344
115.367,115.367,NoButton,Drag,311,342
115.383,115.383,NoButton,Drag,311,341
115.424,115.424,NoButton,Drag,311,341
115.428,115.428,NoButton,Drag,312,341
115.434,115.434,NoButton,Drag,313,341
115.45,115.45,NoButton,Drag,326,341
115.467,115.467,NoButton,Drag,358,342
115.484,115.484,NoButton,Drag,415,345
115.5,115.5,NoButton,Drag,463,349
115.517,115.517,NoButton,Drag,505,354
115.534,115.534,NoButton,Drag,552,358
115.55,115.55,NoButton,Drag,582,360
115.567,115.567,NoButton,Drag,607,363
115.584,115.584,NoButton,Drag,629,366
115.601,115.601,NoButton,Drag,644,369
115.617,115.617,NoButton,Drag,656,371
115.634,115.634,NoButton,Drag,669,373
115.651,115.651,NoButton,Drag,687,375
115.668,115.668,NoButton,Drag,717,376
115.684,115.684,NoButton,Drag,756,377
115.701,115.701,NoButton,Drag,800,377
115.717,115.717,NoButton,Drag,846,376
115.734,115.734,NoButton,Drag,901,376
115.75,115.75,NoButton,Drag,937,375
115.768,115.768,NoButton,Drag,961,374
115.784,115.784,NoButton,Drag,969,373
115.801,115.801,NoButton,Drag,969,373
115.817,115.817,NoButton,Drag,969,373
115.834,115.834,NoButton,Drag,954,372
115.851,115.851,NoButton,Drag,910,371
115.867,115.867,NoButton,Drag,840,370
115.884,115.884,NoButton,Drag,762,369
115.901,115.901,NoButton,Drag,676,368
115.918,115.918,NoButton,Drag,565,368
115.934,115.934,NoButton,Drag,471,366
115.951,115.951,NoButton,Drag,391,365
115.968,115.968,NoButton,Drag,331,364
115.981,115.981,NoButton,Drag,299,362
115.998,115.998,NoButton,Drag,264,358
116.014,116.014,NoButton,Drag,248,354
116.031,116.031,NoButton,Drag,238,352
116.048,116.048,NoButton,Drag,232,351
116.065,116.065,NoButton,Drag,232,350
116.112,116.112,NoButton,Drag,232,350
116.118,116.118,NoButton,Drag,233,350
116.132,116.132,NoButton,Drag,240,351
116.148,116.148,NoButton,Drag,260,352
116.165,116.165,NoButton,Drag,297,356
116.182,116.182,NoButton,Drag,340,361
116.199,116.199,NoButton,Drag,388,367
116.214,116.214,NoButton,Drag,441,371
116.229,116.229,NoButton,Drag,496,374
116.247,116.247,NoButton,Drag,544,376
116.263,116.263,NoButton,Drag,581,379
116.28,116.28,NoButton,Drag,614,379
116.296,116.296,NoButton,Drag,633,379
116.314,116.314,NoButton,Drag,647,380
116.33,116.33,NoButton,Drag,656,381
116.347,116.347,NoButton,Drag,661,381
116.364,116.364,NoButton,Drag,661,381
116.4,116.4,NoButton,Drag,661,381
116.404,116.404,NoButton,Drag,661,381
116.414,116.414,NoButton,Drag,660,381
116.431,116.431,NoButton,Drag,650,381
116.447,116.447,NoButton,Drag,627,380
116.464,116.464,NoButton,Drag,592,375
116.48,116.48,NoButton,Drag,550,367
116.496,116.496,NoButton,Drag,524,361
116.512,116.512,NoButton,Drag,499,355
116.53,116.53,NoButton,Drag,481,350
116.546,116.546,NoButton,Drag,471,347
116.562,116.562,NoButton,Drag,469,346
116.58,116.58,NoButton,Drag,469,345
116.595,116.595,NoButton,Drag,469,345
116.612,116.612,NoButton,Drag,469,345
116.651,116.651,NoButton,Drag,469,345
116.666,116.666,NoButton,Drag,469,344
116.682,116.682,NoButton,Drag,469,344
116.696,116.696,NoButton,Drag,469,344
116.712,116.712,NoButton,Drag,468,344
116.729,116.729,NoButton,Drag,467,343
116.748,116.748,NoButton,Drag,466,343
116.764,116.764,NoButton,Drag,465,344
116.781,116.781,NoButton,Drag,463,346
116.798,116.798,NoButton,Drag,459,350
116.814,116.814,NoButton,Drag,457,353
116.831,116.831,NoButton,Drag,454,355
116.848,116.848,NoButton,Drag,453,356
116.865,116.865,NoButton,Drag,452,357
116.881,116.881,NoButton,Drag,452,357
116.898,116.898,NoButton,Drag,451,357
116.914,116.914,NoButton,Drag,451,357
116.931,116.931,NoButton,Drag,450,357
116.954,116.954,Left,Pressed,450,357
117.039,117.039,Left,Released,450,357
117.04,117.04,NoButton,Drag,450,357
117.055,117.055,NoButton,Drag,450,356
117.069,117.069,NoButton,Drag,450,356
117.087,117.087,NoButton,Drag,450,356
117.122,117.122,NoButton,Drag,450,356
117.126,117.126,NoButton,Drag,451,356
117.137,117.137,NoButton,Drag,451,358
117.153,117.153,NoButton,Drag,457,362
117.17,117.17,NoButton,Drag,471,372
117.187,117.187,NoButton,Drag,491,384
117.203,117.203,NoButton,Drag,516,394
117.22,117.22,NoButton,Drag,555,404
117.238,117.238,NoButton,Drag,593,406
117.255,117.255,NoButton,Drag,632,407
117.271,117.271,NoButton,Drag,669,407
117.288,117.288,NoButton,Drag,708,405
117.305,117.305,NoButton,Drag,734,404
117.322,117.322,NoButton,Drag,756,402
117.338,117.338,NoButton,Drag,775,401
117.356,117.356,NoButton,Drag,795,400
117.372,117.372,NoButton,Drag,810,400
117.388,117.388,NoButton,Drag,824,400
117.406,117.406,NoButton,Drag,831,400
117.422,117.422,NoButton,Drag,833,400
117.438,117.438,NoButton,Drag,833,400
117.455,117.455,NoButton,Drag,832,400
117.472,117.472,NoButton,Drag,815,401
117.488,117.488,NoButton,Drag,772,400
117.507,117.507,NoButton,Drag,703,397
117.524,117.524,NoButton,Drag,610,395
117.54,117.54,NoButton,Drag,534,393
117.557,117.557,NoButton,Drag,455,393
117.574,117.574,NoButton,Drag,369,392
117.591,117.591,NoButton,Drag,294,392
117.607,117.607,NoButton,Drag,248,392
117.624,117.624,NoButton,Drag,236,392
117.64,117.64,NoButton,Drag,236,392
117.657,117.657,NoButton,Drag,252,392
117.674,117.674,NoButton,Drag,288,393
117.69,117.69,NoButton,Drag,339,394
117.707,117.707,NoButton,Drag,388,394
117.724,117.724,NoButton,Drag,436,395
117.741,117.741,NoButton,Drag,468,395
117.759,117.759,NoButton,Drag,500,398
117.776,117.776,NoButton,Drag,518,400
117.793,117.793,NoButton,Drag,531,403
117.809,117.809,NoButton,Drag,541,406
117.825,117.825,NoButton,Drag,552,408
117.842,117.842,NoButton,Drag,571,411
117.859,117.859,NoButton,Drag,591,414
117.876,117.876,NoButton,Drag,620,414
117.892,117.892,NoButton,Drag,648,414
117.909,117.909,NoButton,Drag,674,414
117.926,117.926,NoButton,Drag,699,411
117.943,117.943,NoButton,Drag,711,410
117.959,117.959,NoButton,Drag,714,410
117.986,117.986,NoButton,Drag,714,410
117.994,117.994,NoButton,Drag,714,410
118.01,118.01,NoButton,Drag,707,410
118.026,118.026,NoButton,Drag,682,413
118.043,118.043,NoButton,Drag,634,413
118.06,118.06,NoButton,Drag,568,414
118.076,118.076,NoButton,Drag,493,415
118.093,118.093,NoButton,Drag,413,415
118.11,118.11,NoButton,Drag,307,415
118.127,118.127,NoButton,Drag,235,414
118.143,118.143,NoButton,Drag,182,413
118.16,118.16,NoButton,Drag,157,411
118.177,118.177,NoButton,Drag,151,411
118.194,118.194,NoButton,Drag,151,411
118.21,118.21,NoButton,Drag,152,410
118.227,118.227,NoButton,Drag,161,410
118.243,118.243,NoButton,Drag,182,410
118.261,118.261,NoButton,Drag,214,412
118.277,118.277,NoButton,Drag,247,417
118.293,118.293,NoButton,Drag,284,423
118.31,118.31,NoButton,Drag,330,429
118.327,118.327,NoButton,Drag,367,433
118.344,118.344,NoButton,Drag,395,436
118.36,118.36,NoButton,Drag,427,436
118.377,118.377,NoButton,Drag,446,437
118.393,118.393,NoButton,Drag,461,437
118.41,118.41,NoButton,Drag,469,436
118.428,118.428,NoButton,Drag,473,435
118.444,118.444,NoButton,Drag,473,435
118.461,118.461,NoButton,Drag,473,433
118.477,118.477,NoButton,Drag,472,432
118.494,118.494,NoButton,Drag,471,431
118.511,118.511,NoButton,Drag,470,431
118.676,118.676,Scroll,Up,470,431
118.704,118.704,Scroll,Up,470,431
118.914,118.914,NoButton,Drag,470,431
118.93,118.93,NoButton,Drag,470,431
118.968,118.968,NoButton,Drag,470,430
118.979,118.979,NoButton,Drag,470,430
118.997,118.997,NoButton,Drag,469,430
119.038,119.038,NoButton,Drag,469,430
119.042,119.042,NoButton,Drag,469,430
119.066,119.066,NoButton,Drag,469,429
119.102,119.102,Scroll,Up,469,429
119.134,119.134,Scroll,Up,469,429
119.162,119.162,Scroll,Up,469,429
119.326,119.326,NoButton,Drag,469,429
119.342,119.342,NoButton,Drag,469,429
119.347,119.347,NoButton,Drag,469,429
119.364,119.364,NoButton,Drag,469,428
119.408,119.408,NoButton,Drag,469,428
119.532,119.532,Scroll,Down,469,428
119.56,119.56,Scroll,Down,469,428
119.592,119.592,Scroll,Down,469,428
119.62,119.62,NoButton,Drag,469,428
119.668,119.668,Scroll,Down,469,428
119.724,119.724,NoButton,Drag,468,428
119.732,119.732,NoButton,Drag,468,427
119.746,119.746,NoButton,Drag,468,427
119.764,119.764,NoButton,Drag,468,426
119.779,119.779,NoButton,Drag,468,425
119.797,119.797,NoButton,Drag,467,424
119.813,119.813,NoButton,Drag,467,424
119.856,119.856,NoButton,Drag,467,424
119.872,119.872,NoButton,Drag,467,424
120.062,120.062,NoButton,Drag,467,423
120.066,120.066,NoButton,Drag,467,423
120.081,120.081,NoButton,Drag,467,422
120.099,120.099,NoButton,Drag,467,419
120.115,120.115,NoButton,Drag,469,414
120.132,120.132,NoButton,Drag,472,409
120.148,120.148,NoButton,Drag,478,400
120.166,120.166,NoButton,Drag,488,390
120.181,120.181,NoButton,Drag,499,381
120.198,120.198,NoButton,Drag,512,371
120.215,120.215,NoButton,Drag,523,362
120.232,120.232,NoButton,Drag,531,354
120.249,120.249,NoButton,Drag,538,346
120.266,120.266,NoButton,Drag,543,338
120.283,120.283,NoButton,Drag,543,332
120.299,120.299,NoButton,Drag,542,325
120.316,120.316,NoButton,Drag,538,319
120.333,120.333,NoButton,Drag,528,310
120.349,120.349,NoButton,Drag,510,301
120.366,120.366,NoButton,Drag,483,290
120.383,120.383,NoButton,Drag,462,283
120.399,120.399,NoButton,Drag,444,278
120.417,120.417,NoButton,Drag,431,275
120.433,120.433,NoButton,Drag,422,273
120.449,120.449,NoButton,Drag,418,271
120.466,120.466,NoButton,Drag,417,271
120.49,120.49,NoButton,Drag,417,271
120.506,120.506,NoButton,Drag,417,271
120.518,120.518,NoButton,Drag,418,270
120.534,120.534,NoButton,Drag,421,268
120.552,120.552,NoButton,Drag,427,265
120.568,120.568,NoButton,Drag,436,261
120.585,120.585,NoButton,Drag,450,257
120.601,120.601,NoButton,Drag,474,250
120.618,120.618,NoButton,Drag,523,242
120.635,120.635,NoButton,Drag,574,234
120.651,120.651,NoButton,Drag,623,227
120.668,120.668,NoButton,Drag,678,218
120.685,120.685,NoButton,Drag,718,212
120.702,120.702,NoButton,Drag,755,208
120.719,120.719,NoButton,Drag,792,204
120.735,120.735,NoButton,Drag,825,201
120.751,120.751,NoButton,Drag,847,197
120.768,120.768,NoButton,Drag,864,195
120.784,120.784,NoButton,Drag,873,193
120.801,120.801,NoButton,Drag,881,192
120.818,120.818,NoButton,Drag,890,192
120.835,120.835,NoButton,Drag,900,192
120.851,120.851,NoButton,Drag,910,191
120.868,120.868,NoButton,Drag,921,189
120.885,120.885,NoButton,Drag,929,187
120.901,120.901,NoButton,Drag,932,185
120.918,120.918,NoButton,Drag,935,184
120.935,120.935,NoButton,Drag,937,181
120.951,120.951,NoButton,Drag,940,179
120.968,120.968,NoButton,Drag,941,176
120.984,120.984,NoButton,Drag,942,173
121,121,NoButton,Drag,942,171
121.018,121.018,NoButton,Drag,942,169
121.035,121.035,NoButton,Drag,942,166
121.051,121.051,NoButton,Drag,942,164
121.067,121.067,NoButton,Drag,943,162
121.084,121.084,NoButton,Drag,943,159
121.101,121.101,NoButton,Drag,943,158
121.118,121.118,NoButton,Drag,943,158
121.134,121.134,NoButton,Drag,943,158
121.151,121.151,NoButton,Drag,944,156
121.167,121.167,NoButton,Drag,945,154
121.184,121.184,NoButton,Drag,946,149
121.201,121.201,NoButton,Drag,948,144
121.218,121.218,NoButton,Drag,951,138
121.234,121.234,NoButton,Drag,954,132
121.251,121.251,NoButton,Drag,955,128
121.268,121.268,NoButton,Drag,956,126
121.285,121.285,NoButton,Drag,956,126
121.314,121.314,NoButton,Drag,957,126
121.318,121.318,NoButton,Drag,957,126
121.331,121.331,NoButton,Drag,957,126
121.335,121.335,Left,Pressed,957,126
121.354,121.354,NoButton,Drag,957,126
121.414,121.414,NoButton,Drag,958,127
121.43,121.43,Left,Released,958,127
121.45,121.45,NoButton,Drag,958,127
121.454,121.454,NoButton,Drag,958,127
121.468,121.468,NoButton,Drag,957,129
121.486,121.486,NoButton,Drag,955,132
121.501,121.501,NoButton,Drag,948,138
121.518,121.518,NoButton,Drag,926,147
121.534,121.534,NoButton,Drag,893,159
121.552,121.552,NoButton,Drag,843,177
121.568,121.568,NoButton,Drag,783,194
121.585,121.585,NoButton,Drag,719,207
121.601,121.601,NoButton,Drag,663,218
121.618,121.618,NoButton,Drag,607,225
121.635,121.635,NoButton,Drag,578,226
121.652,121.652,NoButton,Drag,561,226
121.669,121.669,NoButton,Drag,552,225
121.685,121.685,NoButton,Drag,551,225
121.702,121.702,NoButton,Drag,551,225
121.718,121.718,NoButton,Drag,551,225
121.736,121.736,NoButton,Drag,550,224
121.752,121.752,NoButton,Drag,548,222
121.77,121.77,NoButton,Drag,544,221
121.786,121.786,NoButton,Drag,539,219
121.803,121.803,NoButton,Drag,534,218
121.82,121.82,NoButton,Drag,529,217
121.836,121.836,NoButton,Drag,525,216
121.854,121.854,NoButton,Drag,517,213
121.871,121.871,NoButton,Drag,501,210
121.887,121.887,NoButton,Drag,483,206
121.903,121.903,NoButton,Drag,464,203
121.92,121.92,NoButton,Drag,442,199
121.937,121.937,NoButton,Drag,427,197
121.953,121.953,NoButton,Drag,416,195
121.97,121.97,NoButton,Drag,411,195
121.987,121.987,NoButton,Drag,410,195
122.016,122.016,NoButton,Drag,411,194
122.021,122.021,NoButton,Drag,411,194
122.038,122.038,NoButton,Drag,419,192
122.054,122.054,NoButton,Drag,436,189
122.071,122.071,NoButton,Drag,465,187
122.088,122.088,NoButton,Drag,509,185
122.104,122.104,NoButton,Drag,554,185
122.121,122.121,NoButton,Drag,609,184
122.138,122.138,NoButton,Drag,664,184
122.154,122.154,NoButton,Drag,710,183
122.172,122.172,NoButton,Drag,754,182
122.188,122.188,NoButton,Drag,778,182
122.205,122.205,NoButton,Drag,794,182
122.221,122.221,NoButton,Drag,803,182
122.238,122.238,NoButton,Drag,809,183
122.255,122.255,NoButton,Drag,812,184
122.271,122.271,NoButton,Drag,813,185
122.288,122.288,NoButton,Drag,817,186
122.305,122.305,NoButton,Drag,820,187
122.321,122.321,NoButton,Drag,825,187
122.338,122.338,NoButton,Drag,835,187
122.355,122.355,NoButton,Drag,860,187
122.372,122.372,NoButton,Drag,885,187
122.388,122.388,NoButton,Drag,910,187
122.405,122.405,NoButton,Drag,927,184
122.422,122.422,NoButton,Drag,940,182
122.438,122.438,NoButton,Drag,942,181
122.486,122.486,NoButton,Drag,941,181
122.49,122.49,NoButton,Drag,940,181
122.505,122.505,NoButton,Drag,934,183
122.522,122.522,NoButton,Drag,905,188
122.538,122.538,NoButton,Drag,861,192
122.556,122.556,NoButton,Drag,796,196
122.572,122.572,NoButton,Drag,718,200
122.589,122.589,NoButton,Drag,622,205
122.605,122.605,NoButton,Drag,515,212
122.622,122.622,NoButton,Drag,387,219
122.639,122.639,NoButton,Drag,308,221
122.655,122.655,NoButton,Drag,249,222
122.672,122.672,NoButton,Drag,212,222
122.689,122.689,NoButton,Drag,194,222
122.706,122.706,NoButton,Drag,190,222
122.734,122.734,NoButton,Drag,190,222
122.742,122.742,NoButton,Drag,190,222
122.756,122.756,NoButton,Drag,193,221
122.772,122.772,NoButton,Drag,203,219
122.789,122.789,NoButton,Drag,222,218
122.805,122.805,NoButton,Drag,246,218
122.822,122.822,NoButton,Drag,284,218
122.839,122.839,NoButton,Drag,324,219
122.856,122.856,NoButton,Drag,375,221
122.872,122.872,NoButton,Drag,435,223
122.889,122.889,NoButton,Drag,492,223
122.905,122.905,NoButton,Drag,548,223
122.922,122.922,NoButton,Drag,615,223
122.939,122.939,NoButton,Drag,656,221
122.956,122.956,NoButton,Drag,695,221
122.972,122.972,NoButton,Drag,713,221
122.989,122.989,NoButton,Drag,723,221
123.006,123.006,NoButton,Drag,727,221
123.101,123.101,NoButton,Drag,727,222
123.104,123.104,NoButton,Drag,726,222
123.108,123.108,NoButton,Drag,724,222
123.124,123.124,NoButton,Drag,713,223
123.14,123.14,NoButton,Drag,685,224
123.157,123.157,NoButton,Drag,636,225
123.174,123.174,NoButton,Drag,568,227
123.19,123.19,NoButton,Drag,493,230
123.208,123.208,NoButton,Drag,390,233
123.224,123.224,NoButton,Drag,309,235
123.241,123.241,NoButton,Drag,246,237
123.258,123.258,NoButton,Drag,203,238
123.275,123.275,NoButton,Drag,181,238
123.292,123.292,NoButton,Drag,176,238
123.324,123.324,NoButton,Drag,176,238
123.332,123.332,NoButton,Drag,176,238
123.341,123.341,NoButton,Drag,177,238
123.358,123.358,NoButton,Drag,183,237
123.374,123.374,NoButton,Drag,195,236
123.391,123.391,NoButton,Drag,214,238
123.408,123.408,NoButton,Drag,245,242
123.424,123.424,NoButton,Drag,280,246
123.441,123.441,NoButton,Drag,318,251
123.458,123.458,NoButton,Drag,360,256
123.476,123.476,NoButton,Drag,419,262
123.492,123.492,NoButton,Drag,471,264
123.508,123.508,NoButton,Drag,526,265
123.525,123.525,NoButton,Drag,577,266
123.542,123.542,NoButton,Drag,626,266
123.559,123.559,NoButton,Drag,650,266
123.576,123.576,NoButton,Drag,665,265
123.591,123.591,NoButton,Drag,674,264
123.609,123.609,NoButton,Drag,678,264
123.625,123.625,NoButton,Drag,679,264
123.65,123.65,NoButton,Drag,680,264
123.658,123.658,NoButton,Drag,680,264
123.675,123.675,NoButton,Drag,681,264
123.692,123.692,NoButton,Drag,683,265
123.709,123.709,NoButton,Drag,685,266
123.726,123.726,NoButton,Drag,686,266
123.818,123.818,NoButton,Drag,686,266
123.822,123.822,NoButton,Drag,687,267
123.826,123.826,NoButton,Drag,687,267
123.84,123.84,NoButton,Drag,692,268
123.858,123.858,NoButton,Drag,705,269
123.874,123.874,NoButton,Drag,734,269
123.891,123.891,NoButton,Drag,767,269
123.907,123.907,NoButton,Drag,801,263
123.924,123.924,NoButton,Drag,829,257
123.941,123.941,NoButton,Drag,848,252
123.958,123.958,NoButton,Drag,856,250
123.975,123.975,NoButton,Drag,856,249
123.994,123.994,NoButton,Drag,857,249
124.007,124.007,NoButton,Drag,856,249
124.027,124.027,NoButton,Drag,855,249
124.044,124.044,NoButton,Drag,855,249
124.152,124.152,NoButton,Drag,855,248
124.156,124.156,NoButton,Drag,855,248
124.16,124.16,NoButton,Drag,855,248
124.176,124.176,NoButton,Drag,857,248
124.193,124.193,NoButton,Drag,859,248
124.211,124.211,NoButton,Drag,863,248
124.226,124.226,NoButton,Drag,867,250
124.245,124.245,NoButton,Drag,875,254
124.261,124.261,NoButton,Drag,883,256
124.279,124.279,NoButton,Drag,891,258
124.295,124.295,NoButton,Drag,897,260
124.312,124.312,NoButton,Drag,901,261
124.329,124.329,NoButton,Drag,901,261
124.417,124.417,Left,Pressed,901,261
124.424,124.424,NoButton,Drag,901,261
124.5,124.5,NoButton,Drag,901,261
124.508,124.508,NoButton,Drag,901,261
124.512,124.512,Left,Released,901,261
124.513,124.513,NoButton,Drag,901,260
124.526,124.526,NoButton,Drag,900,260
124.543,124.543,NoButton,Drag,899,259
124.558,124.558,NoButton,Drag,896,259
124.574,124.574,NoButton,Drag,889,259
124.591,124.591,NoButton,Drag,875,262
124.608,124.608,NoButton,Drag,842,269
124.624,124.624,NoButton,Drag,801,280
124.641,124.641,NoButton,Drag,742,293
124.658,124.658,NoButton,Drag,655,311
124.674,124.674,NoButton,Drag,578,327
124.691,124.691,NoButton,Drag,502,338
124.708,124.708,NoButton,Drag,425,344
124.725,124.725,NoButton,Drag,354,346
124.741,124.741,NoButton,Drag,299,347
124.758,124.758,NoButton,Drag,260,348
124.776,124.776,NoButton,Drag,249,347
124.794,124.794,NoButton,Drag,248,347
124.81,124.81,NoButton,Drag,248,347
124.83,124.83,NoButton,Drag,248,347
124.843,124.843,NoButton,Drag,249,346
124.861,124.861,NoButton,Drag,266,346
124.877,124.877,NoButton,Drag,300,346
124.894,124.894,NoButton,Drag,359,346
124.91,124.91,NoButton,Drag,417,346
124.927,124.927,NoButton,Drag,487,346
124.943,124.943,NoButton,Drag,560,344
124.961,124.961,NoButton,Drag,623,338
124.977,124.977,NoButton,Drag,677,331
124.995,124.995,NoButton,Drag,728,321
125.012,125.012,NoButton,Drag,757,316
125.028,125.028,NoButton,Drag,776,311
125.045,125.045,NoButton,Drag,790,308
125.062,125.062,NoButton,Drag,802,306
125.078,125.078,NoButton,Drag,810,305
125.095,125.095,NoButton,Drag,816,305
125.112,125.112,NoButton,Drag,821,305
125.129,125.129,NoButton,Drag,824,305
125.145,125.145,NoButton,Drag,825,305
125.212,125.212,NoButton,Drag,824,305
125.216,125.216,NoButton,Drag,823,305
125.23,125.23,NoButton,Drag,818,306
125.247,125.247,NoButton,Drag,800,308
125.262,125.262,NoButton,Drag,765,311
125.279,125.279,NoButton,Drag,723,315
125.296,125.296,NoButton,Drag,685,320
125.313,125.313,NoButton,Drag,669,324
125.329,125.329,NoButton,Drag,666,324
125.347,125.347,NoButton,Drag,665,325
125.363,125.363,NoButton,Drag,668,325
125.38,125.38,NoButton,Drag,686,323
125.396,125.396,NoButton,Drag,707,320
125.413,125.413,NoButton,Drag,725,315
125.429,125.429,NoButton,Drag,739,311
125.447,125.447,NoButton,Drag,752,307
125.463,125.463,NoButton,Drag,763,303
125.48,125.48,NoButton,Drag,769,301
125.496,125.496,NoButton,Drag,769,300
125.588,125.588,NoButton,Drag,769,300
125.592,125.592,Left,Pressed,769,300
125.608,125.608,NoButton,Drag,769,300
125.696,125.696,Left,Released,769,300
125.782,125.782,NoButton,Drag,770,300
125.786,125.786,NoButton,Drag,770,300
125.799,125.799,NoButton,Drag,771,299
125.816,125.816,NoButton,Drag,774,297
125.832,125.832,NoButton,Drag,777,296
125.849,125.849,NoButton,Drag,783,294
125.866,125.866,NoButton,Drag,791,292
125.882,125.882,NoButton,Drag,798,290
125.9,125.9,NoButton,Drag,803,289
125.916,125.916,NoButton,Drag,806,288
125.933,125.933,NoButton,Drag,807,288
125.958,125.958,NoButton,Drag,807,288
126.026,126.026,NoButton,Drag,807,288
126.05,126.05,NoButton,Drag,807,288
126.058,126.058,NoButton,Drag,807,288
126.066,126.066,NoButton,Drag,807,288
126.083,126.083,NoButton,Drag,807,290
126.101,126.101,NoButton,Drag,803,293
126.116,126.116,NoButton,Drag,793,297
126.133,126.133,NoButton,Drag,769,304
126.15,126.15,NoButton,Drag,711,320
126.167,126.167,NoButton,Drag,644,336
126.183,126.183,NoButton,Drag,569,353
126.201,126.201,NoButton,Drag,495,368
126.217,126.217,NoButton,Drag,432,376
126.234,126.234,NoButton,Drag,395,380
126.251,126.251,NoButton,Drag,382,381
126.269,126.269,NoButton,Drag,382,381
126.284,126.284,NoButton,Drag,383,381
126.301,126.301,NoButton,Drag,399,377
126.318,126.318,NoButton,Drag,458,369
126.335,126.335,NoButton,Drag,527,365
126.351,126.351,NoButton,Drag,592,360
126.368,126.368,NoButton,Drag,658,352
126.385,126.385,NoButton,Drag,696,347
126.402,126.402,NoButton,Drag,721,343
126.419,126.419,NoButton,Drag,738,340
126.435,126.435,NoButton,Drag,747,340
126.452,126.452,NoButton,Drag,750,340
126.469,126.469,NoButton,Drag,750,340
126.485,126.485,NoButton,Drag,750,340
126.528,126.528,NoButton,Drag,750,341
126.536,126.536,NoButton,Drag,750,341
126.553,126.553,NoButton,Drag,746,342
126.569,126.569,NoButton,Drag,731,345
126.586,126.586,NoButton,Drag,694,348
126.603,126.603,NoButton,Drag,635,351
126.619,126.619,NoButton,Drag,560,354
126.636,126.636,NoButton,Drag,461,354
126.653,126.653,NoButton,Drag,384,354
126.67,126.67,NoButton,Drag,332,354
126.687,126.687,NoButton,Drag,306,354
126.703,126.703,NoButton,Drag,300,354
126.732,126.732,NoButton,Drag,300,354
126.736,126.736,NoButton,Drag,301,354
126.753,126.753,NoButton,Drag,307,354
126.77,126.77,NoButton,Drag,325,355
126.787,126.787,NoButton,Drag,358,357
126.803,126.803,NoButton,Drag,394,361
126.82,126.82,NoButton,Drag,432,366
126.837,126.837,NoButton,Drag,459,369
126.853,126.853,NoButton,Drag,477,372
126.87,126.87,NoButton,Drag,489,376
126.887,126.887,NoButton,Drag,498,379
126.904,126.904,NoButton,Drag,506,383
126.921,126.921,NoButton,Drag,516,389
126.937,126.937,NoButton,Drag,525,395
126.953,126.953,NoButton,Drag,534,400
126.97,126.97,NoButton,Drag,550,405
126.987,126.987,NoButton,Drag,564,409
127.003,127.003,NoButton,Drag,578,412
127.021,127.021,NoButton,Drag,586,414
127.038,127.038,NoButton,Drag,589,415
127.054,127.054,NoButton,Drag,589,415
127.071,127.071,NoButton,Drag,589,415
127.087,127.087,NoButton,Drag,583,417
127.104,127.104,NoButton,Drag,563,419
127.12,127.12,NoButton,Drag,526,421
127.137,127.137,NoButton,Drag,482,423
127.154,127.154,NoButton,Drag,427,426
127.17,127.17,NoButton,Drag,389,427
127.188,127.188,NoButton,Drag,357,427
127.205,127.205,NoButton,Drag,341,427
127.221,127.221,NoButton,Drag,336,427
127.262,127.262,NoButton,Drag,336,427
127.266,127.266,NoButton,Drag,337,427
127.272,127.272,NoButton,Drag,338,427
127.288,127.288,NoButton,Drag,346,426
127.306,127.306,NoButton,Drag,368,426
127.321,127.321,NoButton,Drag,403,427
127.338,127.338,NoButton,Drag,448,428
127.354,127.354,NoButton,Drag,483,428
127.371,127.371,NoButton,Drag,520,427
127.388,127.388,NoButton,Drag,559,422
127.405,127.405,NoButton,Drag,599,416
127.421,127.421,NoButton,Drag,639,409
127.438,127.438,NoButton,Drag,688,402
127.455,127.455,NoButton,Drag,727,397
127.472,127.472,NoButton,Drag,765,391
127.489,127.489,NoButton,Drag,799,384
127.505,127.505,NoButton,Drag,834,377
127.522,127.522,NoButton,Drag,857,373
127.539,127.539,NoButton,Drag,871,370
127.555,127.555,NoButton,Drag,878,367
127.572,127.572,NoButton,Drag,882,367
127.589,127.589,NoButton,Drag,882,367
127.644,127.644,NoButton,Drag,882,367
127.648,127.648,NoButton,Drag,882,368
127.655,127.655,NoButton,Drag,880,368
127.672,127.672,NoButton,Drag,869,373
127.688,127.688,NoButton,Drag,837,381
127.706,127.706,NoButton,Drag,774,391
127.722,127.722,NoButton,Drag,681,408
127.739,127.739,NoButton,Drag,567,426
127.755,127.755,NoButton,Drag,448,444
127.772,127.772,NoButton,Drag,323,463
127.789,127.789,NoButton,Drag,254,471
127.806,127.806,NoButton,Drag,215,476
127.822,127.822,NoButton,Drag,200,477
127.84,127.84,NoButton,Drag,198,477
127.856,127.856,NoButton,Drag,198,477
127.872,127.872,NoButton,Drag,199,476
127.89,127.89,NoButton,Drag,204,475
127.906,127.906,NoButton,Drag,215,472
127.923,127.923,NoButton,Drag,234,471
127.939,127.939,NoButton,Drag,263,471
127.956,127.956,NoButton,Drag,307,471
127.973,127.973,NoButton,Drag,345,471
127.989,127.989,NoButton,Drag,385,470
128.006,128.006,NoButton,Drag,433,468
128.023,128.023,NoButton,Drag,484,467
128.039,128.039,NoButton,Drag,535,465
128.056,128.056,NoButton,Drag,593,461
128.073,128.073,NoButton,Drag,629,457
128.089,128.089,NoButton,Drag,659,454
128.107,128.107,NoButton,Drag,689,452
128.123,128.123,NoButton,Drag,708,450
128.14,128.14,NoButton,Drag,722,449
128.157,128.157,NoButton,Drag,732,447
128.173,128.173,NoButton,Drag,739,446
128.19,128.19,NoButton,Drag,746,445
128.206,128.206,NoButton,Drag,750,443
128.224,128.224,NoButton,Drag,755,443
128.24,128.24,NoButton,Drag,761,442
128.253,128.253,NoButton,Drag,767,441
128.269,128.269,NoButton,Drag,776,440
128.286,128.286,NoButton,Drag,791,440
128.302,128.302,NoButton,Drag,806,439
128.319,128.319,NoButton,Drag,821,438
128.336,128.336,NoButton,Drag,838,435
128.353,128.353,NoButton,Drag,854,433
128.369,128.369,NoButton,Drag,866,430
128.386,128.386,NoButton,Drag,873,428
128.403,128.403,NoButton,Drag,874,428
128.422,128.422,NoButton,Drag,873,428
128.437,128.437,NoButton,Drag,870,428
128.453,128.453,NoButton,Drag,853,431
128.47,128.47,NoButton,Drag,792,442
128.486,128.486,NoButton,Drag,718,460
128.502,128.502,NoButton,Drag,622,485
128.518,128.518,NoButton,Drag,514,514
128.535,128.535,NoButton,Drag,398,548
128.551,128.551,NoButton,Drag,289,580
128.568,128.568,NoButton,Drag,193,612
128.586,128.586,NoButton,Drag,87,649
128.602,128.602,NoButton,Drag,13,670
128.618,128.618,NoButton,Drag,0,682
128.635,128.635,NoButton,Drag,0,686
128.652,128.652,NoButton,Drag,0,686
128.668,128.668,NoButton,Drag,0,686
128.685,128.685,NoButton,Drag,3,685
128.702,128.702,NoButton,Drag,21,681
128.719,128.719,NoButton,Drag,62,674
128.735,128.735,NoButton,Drag,120,667
128.751,128.751,NoButton,Drag,186,661
128.768,128.768,NoButton,Drag,264,654
128.784,128.784,NoButton,Drag,324,647
128.801,128.801,NoButton,Drag,382,642
128.817,128.817,NoButton,Drag,429,637
128.835,128.835,NoButton,Drag,469,633
128.851,128.851,NoButton,Drag,501,630
128.868,128.868,NoButton,Drag,532,625
128.884,128.884,NoButton,Drag,550,623
128.901,128.901,NoButton,Drag,568,621
128.918,128.918,NoButton,Drag,586,620
128.935,128.935,NoButton,Drag,607,618
128.952,128.952,NoButton,Drag,636,615
128.968,128.968,NoButton,Drag,661,610
128.985,128.985,NoButton,Drag,687,605
129,129,NoButton,Drag,714,598
129.017,129.017,NoButton,Drag,739,591
129.034,129.034,NoButton,Drag,766,585
129.051,129.051,NoButton,Drag,793,577
129.067,129.067,NoButton,Drag,817,570
129.084,129.084,NoButton,Drag,839,563
129.101,129.101,NoButton,Drag,854,560
129.117,129.117,NoButton,Drag,862,557
129.134,129.134,NoButton,Drag,865,556
129.185,129.185,NoButton,Drag,865,557
129.188,129.188,NoButton,Drag,863,557
129.201,129.201,NoButton,Drag,858,558
129.218,129.218,NoButton,Drag,838,564
129.234,129.234,NoButton,Drag,781,577
129.251,129.251,NoButton,Drag,712,592
129.269,129.269,NoButton,Drag,628,613
129.285,129.285,NoButton,Drag,525,633
129.301,129.301,NoButton,Drag,421,654
129.319,129.319,NoButton,Drag,311,674
129.335,129.335,NoButton,Drag,238,679
129.352,129.352,NoButton,Drag,195,679
129.369,129.369,NoButton,Drag,177,679
129.385,129.385,NoButton,Drag,176,678
129.402,129.402,NoButton,Drag,176,677
129.418,129.418,NoButton,Drag,178,674
129.435,129.435,NoButton,Drag,181,672
129.452,129.452,NoButton,Drag,185,669
129.469,129.469,NoButton,Drag,191,665
129.485,129.485,NoButton,Drag,202,662
129.502,129.502,NoButton,Drag,233,658
129.518,129.518,NoButton,Drag,276,655
129.536,129.536,NoButton,Drag,329,649
129.552,129.552,NoButton,Drag,393,644
129.568,129.568,NoButton,Drag,461,635
129.585,129.585,NoButton,Drag,524,623
129.602,129.602,NoButton,Drag,588,608
129.619,129.619,NoButton,Drag,622,599
129.635,129.635,NoButton,Drag,644,593
129.652,129.652,NoButton,Drag,656,590
129.669,129.669,NoButton,Drag,661,588
129.685,129.685,NoButton,Drag,664,586
129.702,129.702,NoButton,Drag,667,584
129.718,129.718,NoButton,Drag,671,582
129.736,129.736,NoButton,Drag,678,579
129.752,129.752,NoButton,Drag,688,575
129.771,129.771,NoButton,Drag,708,569
129.788,129.788,NoButton,Drag,730,561
129.804,129.804,NoButton,Drag,769,545
129.821,129.821,NoButton,Drag,801,532
129.837,129.837,NoButton,Drag,824,519
129.854,129.854,NoButton,Drag,841,509
129.87,129.87,NoButton,Drag,852,501
129.887,129.887,NoButton,Drag,858,497
129.905,129.905,NoButton,Drag,860,495
129.956,129.956,NoButton,Drag,860,495
129.96,129.96,NoButton,Drag,859,495
129.971,129.971,NoButton,Drag,859,495
129.988,129.988,NoButton,Drag,858,496
130.012,130.012,NoButton,Drag,858,496
130.08,130.08,NoButton,Drag,858,496
130.088,130.088,NoButton,Drag,858,496
130.092,130.092,NoButton,Drag,858,497
130.106,130.106,NoButton,Drag,856,497
130.122,130.122,NoButton,Drag,853,499
130.138,130.138,NoButton,Drag,847,501
130.155,130.155,NoButton,Drag,837,504
130.172,130.172,NoButton,Drag,822,512
130.189,130.189,NoButton,Drag,805,517
130.206,130.206,NoButton,Drag,790,522
130.222,130.222,NoButton,Drag,780,525
130.239,130.239,NoButton,Drag,773,527
130.256,130.256,NoButton,Drag,771,527
130.273,130.273,NoButton,Drag,771,527
130.364,130.364,NoButton,Drag,771,527
130.386,130.386,Left,Pressed,771,527
130.398,130.398,NoButton,Drag,771,527
130.414,130.414,NoButton,Drag,771,526
130.426,130.426,NoButton,Drag,771,526
130.438,130.438,NoButton,Drag,771,526
130.446,130.446,Left,Released,771,526
130.447,130.447,NoButton,Drag,771,526
130.459,130.459,NoButton,Drag,771,525
130.475,130.475,NoButton,Drag,771,525
130.491,130.491,NoButton,Drag,771,525
130.508,130.508,NoButton,Drag,771,524
130.525,130.525,NoButton,Drag,771,523
130.542,130.542,NoButton,Drag,772,521
130.559,130.559,NoButton,Drag,772,520
130.575,130.575,NoButton,Drag,772,519
130.592,130.592,NoButton,Drag,772,518
130.609,130.609,NoButton,Drag,772,517
130.626,130.626,NoButton,Drag,773,517
130.642,130.642,NoButton,Drag,773,516
130.659,130.659,NoButton,Drag,773,515
130.676,130.676,NoButton,Drag,773,515
130.692,130.692,NoButton,Drag,773,515
130.827,130.827,Left,Pressed,773,515
130.924,130.924,Left,Released,773,515
130.958,130.958,NoButton,Drag,773,515
130.96,130.96,NoButton,Drag,772,515
130.967,130.967,NoButton,Drag,771,516
130.983,130.983,NoButton,Drag,766,518
131,131,NoButton,Drag,748,524
131.019,131.019,NoButton,Drag,725,531
131.036,131.036,NoButton,Drag,681,544
131.053,131.053,NoButton,Drag,637,559
131.07,131.07,NoButton,Drag,589,573
131.086,131.086,NoButton,Drag,546,584
131.103,131.103,NoButton,Drag,521,591
131.12,131.12,NoButton,Drag,507,594
131.136,131.136,NoButton,Drag,505,594
131.176,131.176,NoButton,Drag,505,594
131.216,131.216,NoButton,Drag,505,594
131.224,131.224,NoButton,Drag,505,594
131.236,131.236,NoButton,Drag,504,593
131.256,131.256,NoButton,Drag,504,592
131.274,131.274,NoButton,Drag,502,591
131.291,131.291,NoButton,Drag,501,590
131.306,131.306,NoButton,Drag,501,590
131.328,131.328,NoButton,Drag,501,590
131.34,131.34,NoButton,Drag,502,589
131.357,131.357,NoButton,Drag,507,588
131.374,131.374,NoButton,Drag,521,587
131.391,131.391,NoButton,Drag,543,587
131.407,131.407,NoButton,Drag,569,586
131.424,131.424,NoButton,Drag,611,583
131.44,131.44,NoButton,Drag,646,581
131.457,131.457,NoButton,Drag,678,578
131.474,131.474,NoButton,Drag,703,574
131.491,131.491,NoButton,Drag,722,570
131.508,131.508,NoButton,Drag,742,568
131.525,131.525,NoButton,Drag,751,567
131.542,131.542,NoButton,Drag,761,567
131.558,131.558,NoButton,Drag,767,567
131.576,131.576,NoButton,Drag,770,567
131.592,131.592,NoButton,Drag,774,567
131.609,131.609,NoButton,Drag,778,567
131.625,131.625,NoButton,Drag,781,568
131.643,131.643,NoButton,Drag,782,568
131.66,131.66,NoButton,Drag,782,568
131.682,131.682,NoButton,Drag,782,568
131.692,131.692,NoButton,Drag,782,569
131.709,131.709,NoButton,Drag,778,571
131.726,131.726,NoButton,Drag,764,577
131.742,131.742,NoButton,Drag,739,585
131.762,131.762,NoButton,Drag,686,602
131.778,131.778,NoButton,Drag,635,618
131.796,131.796,NoButton,Drag,580,636
131.811,131.811,NoButton,Drag,523,654
131.828,131.828,NoButton,Drag,473,669
131.845,131.845,NoButton,Drag,430,681
131.862,131.862,NoButton,Drag,390,690
131.879,131.879,NoButton,Drag,371,694
131.896,131.896,NoButton,Drag,362,696
131.912,131.912,NoButton,Drag,360,696
131.93,131.93,NoButton,Drag,360,696
131.946,131.946,NoButton,Drag,360,696
131.962,131.962,NoButton,Drag,360,695
131.979,131.979,NoButton,Drag,360,694
131.998,131.998,NoButton,Drag,360,693
132.014,132.014,NoButton,Drag,360,693
132.031,132.031,NoButton,Drag,360,693
132.049,132.049,NoButton,Drag,359,693
132.064,132.064,NoButton,Drag,358,692
132.081,132.081,NoButton,Drag,356,692
132.098,132.098,NoButton,Drag,350,690
132.115,132.115,NoButton,Drag,343,689
132.131,132.131,NoButton,Drag,334,688
132.148,132.148,NoButton,Drag,322,685
132.165,132.165,NoButton,Drag,311,684
132.182,132.182,NoButton,Drag,299,682
132.198,132.198,NoButton,Drag,286,680
132.215,132.215,NoButton,Drag,273,677
132.232,132.232,NoButton,Drag,257,674
132.248,132.248,NoButton,Drag,248,672
132.266,132.266,NoButton,Drag,243,671
132.284,132.284,NoButton,Drag,241,671
132.302,132.302,NoButton,Drag,241,671
132.36,132.36,NoButton,Drag,240,671
132.376,132.376,Scroll,Up,240,671
132.38,132.38,NoButton,Drag,240,671
132.384,132.384,NoButton,Drag,240,671
132.401,132.401,NoButton,Drag,240,672
132.419,132.419,NoButton,Drag,240,672
132.428,132.428,Scroll,Up,240,672
132.528,132.528,NoButton,Drag,240,672
132.56,132.56,NoButton,Drag,240,672
132.579,132.579,NoButton,Drag,239,672
132.612,132.612,NoButton,Drag,239,672
132.624,132.624,NoButton,Drag,239,671
132.633,132.633,NoButton,Drag,239,671
132.65,132.65,NoButton,Drag,239,670
132.667,132.667,NoButton,Drag,239,670
132.684,132.684,NoButton,Drag,239,668
132.7,132.7,NoButton,Drag,239,668
132.717,132.717,NoButton,Drag,238,667
132.734,132.734,NoButton,Drag,238,666
132.75,132.75,NoButton,Drag,238,666
132.83,132.83,Scroll,Up,238,666
132.866,132.866,Scroll,Up,238,666
132.899,132.899,Scroll,Up,238,666
132.934,132.934,Scroll,Up,238,666
132.966,132.966,Scroll,Up,238,666
133.035,133.035,NoButton,Drag,238,666
133.316,133.316,NoButton,Drag,238,666
133.328,133.328,NoButton,Drag,238,666
133.335,133.335,NoButton,Drag,238,665
133.352,133.352,NoButton,Drag,238,663
133.369,133.369,NoButton,Drag,238,660
133.385,133.385,NoButton,Drag,238,654
133.402,133.402,NoButton,Drag,238,646
133.419,133.419,NoButton,Drag,238,636
133.435,133.435,NoButton,Drag,238,626
133.452,133.452,NoButton,Drag,238,616
133.47,133.47,NoButton,Drag,238,610
133.485,133.485,NoButton,Drag,239,607
133.502,133.502,NoButton,Drag,240,605
133.519,133.519,NoButton,Drag,240,605
133.712,133.712,Scroll,Down,240,605
133.732,133.732,Scroll,Down,240,605
133.756,133.756,Scroll,Down,240,605
133.784,133.784,Scroll,Down,240,605
133.834,133.834,Scroll,Down,240,605
133.935,133.935,NoButton,Drag,240,605
134.086,134.086,NoButton,Drag,240,605
134.09,134.09,NoButton,Drag,240,605
134.106,134.106,NoButton,Drag,239,604
134.123,134.123,NoButton,Drag,239,603
134.14,134.14,NoButton,Drag,239,600
134.157,134.157,NoButton,Drag,240,596
134.174,134.174,NoButton,Drag,244,590
134.19,134.19,NoButton,Drag,250,585
134.206,134.206,NoButton,Drag,259,578
134.224,134.224,NoButton,Drag,273,570
134.24,134.24,NoButton,Drag,294,560
134.258,134.258,NoButton,Drag,315,550
134.274,134.274,NoButton,Drag,341,534
134.29,134.29,NoButton,Drag,360,522
134.307,134.307,NoButton,Drag,375,509
134.324,134.324,NoButton,Drag,386,496
134.34,134.34,NoButton,Drag,394,485
134.357,134.357,NoButton,Drag,400,474
134.374,134.374,NoButton,Drag,405,464
134.39,134.39,NoButton,Drag,409,456
134.407,134.407,NoButton,Drag,414,450
134.424,134.424,NoButton,Drag,423,443
134.44,134.44,NoButton,Drag,433,438
134.457,134.457,NoButton,Drag,446,434
134.474,134.474,NoButton,Drag,462,430
134.491,134.491,NoButton,Drag,481,425
134.508,134.508,NoButton,Drag,506,421
134.525,134.525,NoButton,Drag,528,416
134.542,134.542,NoButton,Drag,550,410
134.559,134.559,NoButton,Drag,572,405
134.575,134.575,NoButton,Drag,592,399
134.592,134.592,NoButton,Drag,619,393
134.609,134.609,NoButton,Drag,641,386
134.626,134.626,NoButton,Drag,663,380
134.643,134.643,NoButton,Drag,683,374
134.659,134.659,NoButton,Drag,698,370
134.675,134.675,NoButton,Drag,706,368
134.693,134.693,NoButton,Drag,707,368
134.71,134.71,NoButton,Drag,705,369
134.726,134.726,NoButton,Drag,696,375
134.743,134.743,NoButton,Drag,663,390
134.759,134.759,NoButton,Drag,592,423
134.775,134.775,NoButton,Drag,502,458
134.792,134.792,NoButton,Drag,453,474
135.01,135.01,NoButton,Drag,450,475
135.022,135.022,NoButton,Drag,449,474
135.026,135.026,NoButton,Drag,446,471
135.042,135.042,NoButton,Drag,422,451
135.059,135.059,NoButton,Drag,418,448
135.076,135.076,NoButton,Drag,418,441
135.092,135.092,NoButton,Drag,421,432
135.108,135.108,NoButton,Drag,430,424
135.125,135.125,NoButton,Drag,445,416
135.142,135.142,NoButton,Drag,466,405
135.159,135.159,NoButton,Drag,484,395
135.176,135.176,NoButton,Drag,503,386
135.193,135.193,NoButton,Drag,527,379
135.209,135.209,NoButton,Drag,548,373
135.226,135.226,NoButton,Drag,575,365
135.242,135.242,NoButton,Drag,599,359
135.258,135.258,NoButton,Drag,626,352
135.276,135.276,NoButton,Drag,654,345
135.292,135.292,NoButton,Drag,679,339
135.309,135.309,NoButton,Drag,699,334
135.325,135.325,NoButton,Drag,711,331
135.342,135.342,NoButton,Drag,715,330
135.387,135.387,NoButton,Drag,715,330
135.398,135.398,NoButton,Drag,715,330
135.409,135.409,NoButton,Drag,714,330
135.426,135.426,NoButton,Drag,709,333
135.442,135.442,NoButton,Drag,701,335
135.459,135.459,NoButton,Drag,691,338
135.476,135.476,NoButton,Drag,681,339
135.492,135.492,NoButton,Drag,672,342
135.51,135.51,NoButton,Drag,662,343
135.526,135.526,NoButton,Drag,656,343
135.543,135.543,NoButton,Drag,648,343
135.56,135.56,NoButton,Drag,640,343
135.576,135.576,NoButton,Drag,630,343
135.594,135.594,NoButton,Drag,625,342
135.611,135.611,NoButton,Drag,624,341
135.628,135.628,NoButton,Drag,623,340
135.732,135.732,Left,Pressed,623,340
135.74,135.74,NoButton,Drag,623,340
135.756,135.756,NoButton,Drag,623,340
135.788,135.788,NoButton,Drag,623,340
135.82,135.82,Left,Released,623,340
135.84,135.84,NoButton,Drag,623,340
135.844,135.844,NoButton,Drag,622,339
135.944,135.944,NoButton,Drag,622,340
135.948,135.948,NoButton,Drag,622,340
135.96,135.96,NoButton,Drag,622,341
135.976,135.976,NoButton,Drag,623,344
135.993,135.993,NoButton,Drag,624,347
136.01,136.01,NoButton,Drag,625,351
136.027,136.027,NoButton,Drag,626,356
136.044,136.044,NoButton,Drag,629,363
136.06,136.06,NoButton,Drag,630,367
136.077,136.077,NoButton,Drag,630,368
136.128,136.128,NoButton,Drag,630,368
136.162,136.162,NoButton,Drag,631,368
136.167,136.167,Left,Pressed,631,368
136.271,136.271,Left,Released,631,368
136.274,136.274,NoButton,Drag,631,368
136.286,136.286,NoButton,Drag,631,368
136.296,136.296,NoButton,Drag,631,368
136.313,136.313,NoButton,Drag,632,368
136.331,136.331,NoButton,Drag,634,368
136.347,136.347,NoButton,Drag,640,370
136.364,136.364,NoButton,Drag,650,374
136.38,136.38,NoButton,Drag,663,380
136.397,136.397,NoButton,Drag,677,389
136.414,136.414,NoButton,Drag,696,401
136.43,136.43,NoButton,Drag,713,413
136.448,136.448,NoButton,Drag,728,424
136.464,136.464,NoButton,Drag,744,434
136.482,136.482,NoButton,Drag,758,444
136.497,136.497,NoButton,Drag,771,454
136.514,136.514,NoButton,Drag,784,462
136.533,136.533,NoButton,Drag,789,464
136.55,136.55,NoButton,Drag,789,464
136.566,136.566,NoButton,Drag,789,464
136.583,136.583,NoButton,Drag,790,464
136.6,136.6,NoButton,Drag,791,463
136.617,136.617,NoButton,Drag,791,461
136.633,136.633,NoButton,Drag,792,459
136.65,136.65,NoButton,Drag,793,456
136.666,136.666,NoButton,Drag,793,454
136.684,136.684,NoButton,Drag,793,450
136.7,136.7,NoButton,Drag,793,448
136.717,136.717,NoButton,Drag,792,445
136.734,136.734,NoButton,Drag,791,442
136.75,136.75,NoButton,Drag,791,441
136.768,136.768,NoButton,Drag,790,439
136.785,136.785,NoButton,Drag,789,439
136.801,136.801,NoButton,Drag,789,438
136.869,136.869,Left,Pressed,789,438
136.968,136.968,Left,Released,789,438
137,137,NoButton,Drag,789,438
137.004,137.004,NoButton,Drag,789,438
137.019,137.019,NoButton,Drag,787,440
137.036,137.036,NoButton,Drag,782,443
137.052,137.052,NoButton,Drag,772,447
137.069,137.069,NoButton,Drag,756,453
137.085,137.085,NoButton,Drag,733,460
137.103,137.103,NoButton,Drag,702,470
137.119,137.119,NoButton,Drag,661,483
137.135,137.135,NoButton,Drag,618,497
137.152,137.152,NoButton,Drag,571,508
137.169,137.169,NoButton,Drag,544,514
137.185,137.185,NoButton,Drag,521,520
137.203,137.203,NoButton,Drag,505,523
137.219,137.219,NoButton,Drag,494,526
137.236,137.236,NoButton,Drag,486,528
137.253,137.253,NoButton,Drag,483,528
137.269,137.269,NoButton,Drag,482,528
137.285,137.285,NoButton,Drag,482,528
137.31,137.31,NoButton,Drag,482,528
137.32,137.32,NoButton,Drag,481,528
137.335,137.335,NoButton,Drag,479,528
137.352,137.352,NoButton,Drag,475,529
137.369,137.369,NoButton,Drag,467,530
137.386,137.386,NoButton,Drag,458,531
137.403,137.403,NoButton,Drag,453,532
137.419,137.419,NoButton,Drag,450,533
137.437,137.437,NoButton,Drag,448,534
137.453,137.453,NoButton,Drag,448,535
137.469,137.469,NoButton,Drag,446,537
137.486,137.486,NoButton,Drag,444,541
137.503,137.503,NoButton,Drag,443,544
137.521,137.521,NoButton,Drag,442,547
137.537,137.537,NoButton,Drag,442,550
137.554,137.554,NoButton,Drag,442,553
137.57,137.57,NoButton,Drag,441,555
137.588,137.588,NoButton,Drag,441,557
137.605,137.605,NoButton,Drag,441,559
137.621,137.621,NoButton,Drag,442,561
137.637,137.637,NoButton,Drag,443,565
137.654,137.654,NoButton,Drag,444,569
137.671,137.671,NoButton,Drag,444,572
137.688,137.688,NoButton,Drag,445,575
137.704,137.704,NoButton,Drag,445,577
137.722,137.722,NoButton,Drag,446,579
137.739,137.739,NoButton,Drag,446,579
137.803,137.803,Left,Pressed,446,579
137.888,137.888,Left,Released,446,579
137.932,137.932,NoButton,Drag,446,579
137.936,137.936,NoButton,Drag,446,579
137.94,137.94,NoButton,Drag,446,578
137.955,137.955,NoButton,Drag,447,577
137.972,137.972,NoButton,Drag,450,575
137.989,137.989,NoButton,Drag,453,572
138.006,138.006,NoButton,Drag,459,568
138.023,138.023,NoButton,Drag,469,564
138.038,138.038,NoButton,Drag,482,559
138.055,138.055,NoButton,Drag,503,552
138.072,138.072,NoButton,Drag,536,543
138.089,138.089,NoButton,Drag,572,533
138.106,138.106,NoButton,Drag,609,521
138.123,138.123,NoButton,Drag,644,509
138.139,138.139,NoButton,Drag,675,496
138.155,138.155,NoButton,Drag,701,484
138.172,138.172,NoButton,Drag,729,471
138.19,138.19,NoButton,Drag,748,461
138.206,138.206,NoButton,Drag,762,453
138.223,138.223,NoButton,Drag,772,446
138.239,138.239,NoButton,Drag,781,441
138.256,138.256,NoButton,Drag,789,435
138.274,138.274,NoButton,Drag,793,431
138.29,138.29,NoButton,Drag,796,428
138.307,138.307,NoButton,Drag,798,425
138.324,138.324,NoButton,Drag,799,423
138.34,138.34,NoButton,Drag,800,423
138.38,138.38,NoButton,Drag,800,423
138.392,138.392,NoButton,Drag,800,422
138.408,138.408,NoButton,Drag,800,422
138.424,138.424,NoButton,Drag,799,422
138.441,138.441,NoButton,Drag,797,423
138.457,138.457,NoButton,Drag,795,424
138.474,138.474,NoButton,Drag,789,426
138.491,138.491,NoButton,Drag,783,427
138.508,138.508,NoButton,Drag,780,429
138.524,138.524,NoButton,Drag,778,430
138.541,138.541,NoButton,Drag,777,430
138.65,138.65,NoButton,Drag,777,430
138.654,138.654,NoButton,Drag,777,430
138.662,138.662,NoButton,Drag,777,430
138.675,138.675,NoButton,Drag,777,430
138.692,138.692,NoButton,Drag,777,431
138.754,138.754,NoButton,Drag,777,430
138.758,138.758,NoButton,Drag,776,430
138.762,138.762,NoButton,Drag,776,430
138.774,138.774,NoButton,Drag,776,429
138.791,138.791,NoButton,Drag,776,428
138.808,138.808,NoButton,Drag,776,428
138.825,138.825,NoButton,Drag,776,428
138.841,138.841,NoButton,Drag,776,427
138.843,138.843,Left,Pressed,776,427
138.934,138.934,Left,Released,776,427
